2025-04-12 17:18:05.122 | INFO     | __main__:<module>:46 - Using device: cuda
Token indices sequence length is longer than the specified maximum sequence length for this model (1146 > 512). Running this sequence through the model will result in indexing errors
2025-04-12 17:18:11.918 | INFO     | __main__:CV_run:327 - Number of classes: 184
2025-04-12 17:18:11.918 | INFO     | __main__:CV_run:328 - label type: arch
2025-04-12 17:18:11.933 | INFO     | __main__:CV_run:357 - Starting fold 1
Some weights of RobertaForSequenceClassification were not initialized from the model checkpoint at roberta-base and are newly initialized: ['classifier.dense.bias', 'classifier.dense.weight', 'classifier.out_proj.bias', 'classifier.out_proj.weight']
You should probably TRAIN this model on a down-stream task to be able to use it for predictions and inference.
2025-04-12 17:18:14.525 | INFO     | __main__:CV_run:409 - Starting fine-tuning with cross-entropy loss
trim: 384
Average length of input_ids: 1185.8372996600292
Length of full_dataset: 4118
Train mode: fine-tune
Fine-tune type: cross-entropy
lr: 5e-05
batch size: 256

  0%|          | 0/650 [00:00<?, ?it/s]
  0%|          | 1/650 [00:08<1:27:18,  8.07s/it]
  0%|          | 2/650 [00:08<40:50,  3.78s/it]  
  0%|          | 3/650 [00:09<26:02,  2.41s/it]
  1%|          | 4/650 [00:10<19:05,  1.77s/it]
  1%|          | 5/650 [00:11<15:13,  1.42s/it]
  1%|          | 6/650 [00:11<12:53,  1.20s/it]
  1%|          | 7/650 [00:12<11:25,  1.07s/it]
  1%|          | 8/650 [00:13<10:27,  1.02it/s]
  1%|▏         | 9/650 [00:14<09:48,  1.09it/s]
  2%|▏         | 10/650 [00:15<09:22,  1.14it/s]
  2%|▏         | 11/650 [00:15<09:03,  1.18it/s]
  2%|▏         | 12/650 [00:16<08:49,  1.20it/s]
  2%|▏         | 13/650 [00:17<08:27,  1.25it/s]
                                                

  2%|▏         | 13/650 [00:17<08:27,  1.25it/s]{'loss': 5.1529, 'grad_norm': 2.676250457763672, 'learning_rate': 4.9e-05, 'epoch': 1.0}


  0%|          | 0/26 [00:00<?, ?it/s][A

 19%|█▉        | 5/26 [00:00<00:00, 38.61it/s][A

 35%|███▍      | 9/26 [00:00<00:00, 33.89it/s][A

 50%|█████     | 13/26 [00:00<00:00, 32.44it/s][A

 65%|██████▌   | 17/26 [00:00<00:00, 31.76it/s][A

 81%|████████  | 21/26 [00:00<00:00, 31.35it/s][A

 96%|█████████▌| 25/26 [00:00<00:00, 31.13it/s][A
                                                

                                               
[A
  2%|▏         | 13/650 [00:19<08:27,  1.25it/s]

100%|██████████| 26/26 [00:00<00:00, 31.13it/s][A

                                               [A{'eval_loss': 4.920851230621338, 'eval_macro_recall': 0.1006809163059163, 'eval_macro_precision': 0.05819466891979754, 'eval_macro_f1': 0.05993832015978028, 'eval_accuracy': 0.11286407766990292, 'eval_micro_recall': 0.11286407766990292, 'eval_micro_precision': 0.11286407766990292, 'eval_micro_f1': 0.11286407766990293, 'eval_runtime': 1.4287, 'eval_samples_per_second': 576.764, 'eval_steps_per_second': 18.199, 'epoch': 1.0}

  2%|▏         | 14/650 [00:22<22:55,  2.16s/it]
  2%|▏         | 15/650 [00:23<18:29,  1.75s/it]
  2%|▏         | 16/650 [00:24<15:22,  1.46s/it]
  3%|▎         | 17/650 [00:25<13:13,  1.25s/it]
  3%|▎         | 18/650 [00:25<11:43,  1.11s/it]
  3%|▎         | 19/650 [00:26<10:38,  1.01s/it]
  3%|▎         | 20/650 [00:27<09:54,  1.06it/s]
  3%|▎         | 21/650 [00:28<09:23,  1.12it/s]
  3%|▎         | 22/650 [00:29<09:01,  1.16it/s]
  4%|▎         | 23/650 [00:29<08:45,  1.19it/s]
  4%|▎         | 24/650 [00:30<08:34,  1.22it/s]
  4%|▍         | 25/650 [00:31<08:27,  1.23it/s]
  4%|▍         | 26/650 [00:32<08:12,  1.27it/s]
                                                

  4%|▍         | 26/650 [00:32<08:12,  1.27it/s]{'loss': 4.6895, 'grad_norm': 3.2158308029174805, 'learning_rate': 4.8e-05, 'epoch': 2.0}


  0%|          | 0/26 [00:00<?, ?it/s][A

 19%|█▉        | 5/26 [00:00<00:00, 38.63it/s][A

 35%|███▍      | 9/26 [00:00<00:00, 33.97it/s][A

 50%|█████     | 13/26 [00:00<00:00, 32.53it/s][A

 65%|██████▌   | 17/26 [00:00<00:00, 31.81it/s][A

 81%|████████  | 21/26 [00:00<00:00, 31.45it/s][A

 96%|█████████▌| 25/26 [00:00<00:00, 31.23it/s][A
                                                

                                               
[A
  4%|▍         | 26/650 [00:33<08:12,  1.27it/s]

100%|██████████| 26/26 [00:00<00:00, 31.23it/s][A

                                               [A{'eval_loss': 4.342744827270508, 'eval_macro_recall': 0.21930465367965368, 'eval_macro_precision': 0.13060439257423137, 'eval_macro_f1': 0.14069093221202003, 'eval_accuracy': 0.220873786407767, 'eval_micro_recall': 0.220873786407767, 'eval_micro_precision': 0.220873786407767, 'eval_micro_f1': 0.220873786407767, 'eval_runtime': 1.1117, 'eval_samples_per_second': 741.229, 'eval_steps_per_second': 23.388, 'epoch': 2.0}

  4%|▍         | 27/650 [00:36<20:40,  1.99s/it]
  4%|▍         | 28/650 [00:37<16:53,  1.63s/it]
  4%|▍         | 29/650 [00:38<14:14,  1.38s/it]
  5%|▍         | 30/650 [00:39<12:23,  1.20s/it]
  5%|▍         | 31/650 [00:40<11:05,  1.08s/it]
  5%|▍         | 32/650 [00:40<10:10,  1.01it/s]
  5%|▌         | 33/650 [00:41<09:32,  1.08it/s]
  5%|▌         | 34/650 [00:42<09:04,  1.13it/s]
  5%|▌         | 35/650 [00:43<08:46,  1.17it/s]
  6%|▌         | 36/650 [00:43<08:32,  1.20it/s]
  6%|▌         | 37/650 [00:44<08:23,  1.22it/s]
  6%|▌         | 38/650 [00:45<08:16,  1.23it/s]
  6%|▌         | 39/650 [00:46<08:01,  1.27it/s]
                                                

  6%|▌         | 39/650 [00:46<08:01,  1.27it/s]{'loss': 4.143, 'grad_norm': 3.009329319000244, 'learning_rate': 4.7e-05, 'epoch': 3.0}


  0%|          | 0/26 [00:00<?, ?it/s][A

 19%|█▉        | 5/26 [00:00<00:00, 38.51it/s][A

 35%|███▍      | 9/26 [00:00<00:00, 33.80it/s][A

 50%|█████     | 13/26 [00:00<00:00, 32.39it/s][A

 65%|██████▌   | 17/26 [00:00<00:00, 31.74it/s][A

 81%|████████  | 21/26 [00:00<00:00, 31.40it/s][A

 96%|█████████▌| 25/26 [00:00<00:00, 31.19it/s][A
                                                

                                               
[A
  6%|▌         | 39/650 [00:47<08:01,  1.27it/s]

100%|██████████| 26/26 [00:00<00:00, 31.19it/s][A

                                               [A{'eval_loss': 3.831756353378296, 'eval_macro_recall': 0.30552624458874456, 'eval_macro_precision': 0.21649497631013406, 'eval_macro_f1': 0.22457312718349537, 'eval_accuracy': 0.3106796116504854, 'eval_micro_recall': 0.3106796116504854, 'eval_micro_precision': 0.3106796116504854, 'eval_micro_f1': 0.3106796116504854, 'eval_runtime': 1.1108, 'eval_samples_per_second': 741.804, 'eval_steps_per_second': 23.406, 'epoch': 3.0}

  6%|▌         | 40/650 [00:51<20:14,  1.99s/it]
  6%|▋         | 41/650 [00:51<16:32,  1.63s/it]
  6%|▋         | 42/650 [00:52<13:58,  1.38s/it]
  7%|▋         | 43/650 [00:53<12:08,  1.20s/it]
  7%|▋         | 44/650 [00:54<10:52,  1.08s/it]
  7%|▋         | 45/650 [00:55<09:59,  1.01it/s]
  7%|▋         | 46/650 [00:55<09:21,  1.08it/s]
  7%|▋         | 47/650 [00:56<08:54,  1.13it/s]
  7%|▋         | 48/650 [00:57<08:36,  1.17it/s]
  8%|▊         | 49/650 [00:58<08:22,  1.19it/s]
  8%|▊         | 50/650 [00:58<08:13,  1.22it/s]
  8%|▊         | 51/650 [00:59<08:06,  1.23it/s]
  8%|▊         | 52/650 [01:00<07:53,  1.26it/s]
                                                

  8%|▊         | 52/650 [01:00<07:53,  1.26it/s]{'loss': 3.6784, 'grad_norm': 3.155613660812378, 'learning_rate': 4.600000000000001e-05, 'epoch': 4.0}


  0%|          | 0/26 [00:00<?, ?it/s][A

 19%|█▉        | 5/26 [00:00<00:00, 38.55it/s][A

 35%|███▍      | 9/26 [00:00<00:00, 33.77it/s][A

 50%|█████     | 13/26 [00:00<00:00, 32.36it/s][A

 65%|██████▌   | 17/26 [00:00<00:00, 31.65it/s][A

 81%|████████  | 21/26 [00:00<00:00, 31.32it/s][A

 96%|█████████▌| 25/26 [00:00<00:00, 31.09it/s][A
                                                

                                               
[A
  8%|▊         | 52/650 [01:01<07:53,  1.26it/s]

100%|██████████| 26/26 [00:00<00:00, 31.09it/s][A

                                               [A{'eval_loss': 3.3774936199188232, 'eval_macro_recall': 0.37752299783549786, 'eval_macro_precision': 0.2948258404476001, 'eval_macro_f1': 0.302464536286015, 'eval_accuracy': 0.40048543689320387, 'eval_micro_recall': 0.40048543689320387, 'eval_micro_precision': 0.40048543689320387, 'eval_micro_f1': 0.40048543689320387, 'eval_runtime': 1.1019, 'eval_samples_per_second': 747.797, 'eval_steps_per_second': 23.596, 'epoch': 4.0}

  8%|▊         | 53/650 [01:05<19:53,  2.00s/it]
  8%|▊         | 54/650 [01:06<16:15,  1.64s/it]
  8%|▊         | 55/650 [01:06<13:42,  1.38s/it]
  9%|▊         | 56/650 [01:07<11:56,  1.21s/it]
  9%|▉         | 57/650 [01:08<10:41,  1.08s/it]
  9%|▉         | 58/650 [01:09<09:48,  1.01it/s]
  9%|▉         | 59/650 [01:10<09:11,  1.07it/s]
  9%|▉         | 60/650 [01:10<08:45,  1.12it/s]
  9%|▉         | 61/650 [01:11<08:26,  1.16it/s]
 10%|▉         | 62/650 [01:12<08:13,  1.19it/s]
 10%|▉         | 63/650 [01:13<08:03,  1.21it/s]
 10%|▉         | 64/650 [01:14<07:56,  1.23it/s]
 10%|█         | 65/650 [01:14<07:44,  1.26it/s]
                                                

 10%|█         | 65/650 [01:14<07:44,  1.26it/s]{'loss': 3.271, 'grad_norm': 3.0311436653137207, 'learning_rate': 4.5e-05, 'epoch': 5.0}


  0%|          | 0/26 [00:00<?, ?it/s][A

 19%|█▉        | 5/26 [00:00<00:00, 38.49it/s][A

 35%|███▍      | 9/26 [00:00<00:00, 33.83it/s][A

 50%|█████     | 13/26 [00:00<00:00, 32.35it/s][A

 65%|██████▌   | 17/26 [00:00<00:00, 31.73it/s][A

 81%|████████  | 21/26 [00:00<00:00, 31.35it/s][A

 96%|█████████▌| 25/26 [00:00<00:00, 31.08it/s][A
                                                

                                               
[A
 10%|█         | 65/650 [01:15<07:44,  1.26it/s]

100%|██████████| 26/26 [00:00<00:00, 31.08it/s][A

                                               [A{'eval_loss': 3.003901481628418, 'eval_macro_recall': 0.403808170995671, 'eval_macro_precision': 0.3156106400568633, 'eval_macro_f1': 0.32395309714373033, 'eval_accuracy': 0.42354368932038833, 'eval_micro_recall': 0.42354368932038833, 'eval_micro_precision': 0.42354368932038833, 'eval_micro_f1': 0.4235436893203884, 'eval_runtime': 1.0973, 'eval_samples_per_second': 750.928, 'eval_steps_per_second': 23.694, 'epoch': 5.0}

 10%|█         | 66/650 [01:19<19:23,  1.99s/it]
 10%|█         | 67/650 [01:20<15:51,  1.63s/it]
 10%|█         | 68/650 [01:21<13:22,  1.38s/it]
 11%|█         | 69/650 [01:21<11:38,  1.20s/it]
 11%|█         | 70/650 [01:22<10:25,  1.08s/it]
 11%|█         | 71/650 [01:23<09:34,  1.01it/s]
 11%|█         | 72/650 [01:24<08:58,  1.07it/s]
 11%|█         | 73/650 [01:25<08:33,  1.12it/s]
 11%|█▏        | 74/650 [01:25<08:15,  1.16it/s]
 12%|█▏        | 75/650 [01:26<08:03,  1.19it/s]
 12%|█▏        | 76/650 [01:27<07:54,  1.21it/s]
 12%|█▏        | 77/650 [01:28<07:47,  1.23it/s]
 12%|█▏        | 78/650 [01:29<07:34,  1.26it/s]
                                                

 12%|█▏        | 78/650 [01:29<07:34,  1.26it/s]{'loss': 2.9372, 'grad_norm': 3.4666879177093506, 'learning_rate': 4.4000000000000006e-05, 'epoch': 6.0}


  0%|          | 0/26 [00:00<?, ?it/s][A

 19%|█▉        | 5/26 [00:00<00:00, 38.41it/s][A

 35%|███▍      | 9/26 [00:00<00:00, 33.74it/s][A

 50%|█████     | 13/26 [00:00<00:00, 32.29it/s][A

 65%|██████▌   | 17/26 [00:00<00:00, 31.56it/s][A

 81%|████████  | 21/26 [00:00<00:00, 31.24it/s][A

 96%|█████████▌| 25/26 [00:00<00:00, 31.08it/s][A
                                                

                                               
[A
 12%|█▏        | 78/650 [01:30<07:34,  1.26it/s]

100%|██████████| 26/26 [00:00<00:00, 31.08it/s][A

                                               [A{'eval_loss': 2.6973984241485596, 'eval_macro_recall': 0.4332589285714286, 'eval_macro_precision': 0.3493472751402043, 'eval_macro_f1': 0.3561552103257646, 'eval_accuracy': 0.4526699029126214, 'eval_micro_recall': 0.4526699029126214, 'eval_micro_precision': 0.4526699029126214, 'eval_micro_f1': 0.4526699029126214, 'eval_runtime': 1.1392, 'eval_samples_per_second': 723.286, 'eval_steps_per_second': 22.822, 'epoch': 6.0}

 12%|█▏        | 79/650 [01:33<19:08,  2.01s/it]
 12%|█▏        | 80/650 [01:34<15:37,  1.65s/it]
 12%|█▏        | 81/650 [01:35<13:10,  1.39s/it]
 13%|█▎        | 82/650 [01:36<11:26,  1.21s/it]
 13%|█▎        | 83/650 [01:37<10:15,  1.09s/it]
 13%|█▎        | 84/650 [01:37<09:24,  1.00it/s]
 13%|█▎        | 85/650 [01:38<08:48,  1.07it/s]
 13%|█▎        | 86/650 [01:39<08:23,  1.12it/s]
 13%|█▎        | 87/650 [01:40<08:05,  1.16it/s]
 14%|█▎        | 88/650 [01:40<07:52,  1.19it/s]
 14%|█▎        | 89/650 [01:41<07:44,  1.21it/s]
 14%|█▍        | 90/650 [01:42<07:37,  1.22it/s]
 14%|█▍        | 91/650 [01:43<07:24,  1.26it/s]
                                                

 14%|█▍        | 91/650 [01:43<07:24,  1.26it/s]{'loss': 2.6457, 'grad_norm': 3.499613046646118, 'learning_rate': 4.3e-05, 'epoch': 7.0}


  0%|          | 0/26 [00:00<?, ?it/s][A

 19%|█▉        | 5/26 [00:00<00:00, 38.05it/s][A

 35%|███▍      | 9/26 [00:00<00:00, 33.55it/s][A

 50%|█████     | 13/26 [00:00<00:00, 32.07it/s][A

 65%|██████▌   | 17/26 [00:00<00:00, 31.47it/s][A

 81%|████████  | 21/26 [00:00<00:00, 31.17it/s][A

 96%|█████████▌| 25/26 [00:00<00:00, 30.93it/s][A
                                                

                                               
[A
 14%|█▍        | 91/650 [01:44<07:24,  1.26it/s]

100%|██████████| 26/26 [00:00<00:00, 30.93it/s][A

                                               [A{'eval_loss': 2.441956043243408, 'eval_macro_recall': 0.47368777056277056, 'eval_macro_precision': 0.3964485009939555, 'eval_macro_f1': 0.3970858159060038, 'eval_accuracy': 0.4975728155339806, 'eval_micro_recall': 0.4975728155339806, 'eval_micro_precision': 0.4975728155339806, 'eval_micro_f1': 0.4975728155339806, 'eval_runtime': 1.1524, 'eval_samples_per_second': 715.031, 'eval_steps_per_second': 22.562, 'epoch': 7.0}

 14%|█▍        | 92/650 [01:48<18:34,  2.00s/it]
 14%|█▍        | 93/650 [01:48<15:11,  1.64s/it]
 14%|█▍        | 94/650 [01:49<12:48,  1.38s/it]
 15%|█▍        | 95/650 [01:50<11:09,  1.21s/it]
 15%|█▍        | 96/650 [01:51<10:00,  1.08s/it]
 15%|█▍        | 97/650 [01:52<09:10,  1.00it/s]
 15%|█▌        | 98/650 [01:52<08:36,  1.07it/s]
 15%|█▌        | 99/650 [01:53<08:12,  1.12it/s]
 15%|█▌        | 100/650 [01:54<07:55,  1.16it/s]
 16%|█▌        | 101/650 [01:55<07:43,  1.18it/s]
 16%|█▌        | 102/650 [01:56<07:34,  1.20it/s]
 16%|█▌        | 103/650 [01:56<07:28,  1.22it/s]
 16%|█▌        | 104/650 [01:57<07:14,  1.26it/s]
                                                 

 16%|█▌        | 104/650 [01:57<07:14,  1.26it/s]{'loss': 2.397, 'grad_norm': 3.420660972595215, 'learning_rate': 4.2e-05, 'epoch': 8.0}


  0%|          | 0/26 [00:00<?, ?it/s][A

 19%|█▉        | 5/26 [00:00<00:00, 38.39it/s][A

 35%|███▍      | 9/26 [00:00<00:00, 33.70it/s][A

 50%|█████     | 13/26 [00:00<00:00, 32.26it/s][A

 65%|██████▌   | 17/26 [00:00<00:00, 31.56it/s][A

 81%|████████  | 21/26 [00:00<00:00, 31.24it/s][A

 96%|█████████▌| 25/26 [00:00<00:00, 30.97it/s][A
                                                 

                                               
[A
 16%|█▌        | 104/650 [01:58<07:14,  1.26it/s]

100%|██████████| 26/26 [00:00<00:00, 30.97it/s][A

                                               [A{'eval_loss': 2.2283899784088135, 'eval_macro_recall': 0.4913622835497835, 'eval_macro_precision': 0.4270821145456703, 'eval_macro_f1': 0.4264610707183522, 'eval_accuracy': 0.5097087378640777, 'eval_micro_recall': 0.5097087378640777, 'eval_micro_precision': 0.5097087378640777, 'eval_micro_f1': 0.5097087378640777, 'eval_runtime': 1.136, 'eval_samples_per_second': 725.357, 'eval_steps_per_second': 22.887, 'epoch': 8.0}

 16%|█▌        | 105/650 [02:02<18:01,  1.98s/it]
 16%|█▋        | 106/650 [02:03<14:44,  1.63s/it]
 16%|█▋        | 107/650 [02:03<12:28,  1.38s/it]
 17%|█▋        | 108/650 [02:04<10:52,  1.20s/it]
 17%|█▋        | 109/650 [02:05<09:44,  1.08s/it]
 17%|█▋        | 110/650 [02:06<08:57,  1.01it/s]
 17%|█▋        | 111/650 [02:07<08:23,  1.07it/s]
 17%|█▋        | 112/650 [02:07<08:00,  1.12it/s]
 17%|█▋        | 113/650 [02:08<07:44,  1.16it/s]
 18%|█▊        | 114/650 [02:09<07:31,  1.19it/s]
 18%|█▊        | 115/650 [02:10<07:23,  1.21it/s]
 18%|█▊        | 116/650 [02:11<07:17,  1.22it/s]
 18%|█▊        | 117/650 [02:11<07:04,  1.25it/s]
                                                 

 18%|█▊        | 117/650 [02:11<07:04,  1.25it/s]{'loss': 2.1884, 'grad_norm': 2.920625686645508, 'learning_rate': 4.1e-05, 'epoch': 9.0}


  0%|          | 0/26 [00:00<?, ?it/s][A

 19%|█▉        | 5/26 [00:00<00:00, 38.21it/s][A

 35%|███▍      | 9/26 [00:00<00:00, 33.61it/s][A

 50%|█████     | 13/26 [00:00<00:00, 32.19it/s][A

 65%|██████▌   | 17/26 [00:00<00:00, 31.54it/s][A

 81%|████████  | 21/26 [00:00<00:00, 31.17it/s][A

 96%|█████████▌| 25/26 [00:00<00:00, 30.94it/s][A
                                                 

                                               
[A
 18%|█▊        | 117/650 [02:13<07:04,  1.25it/s]

100%|██████████| 26/26 [00:00<00:00, 30.94it/s][A

                                               [A{'eval_loss': 2.041795492172241, 'eval_macro_recall': 0.5309253246753246, 'eval_macro_precision': 0.4697516183311637, 'eval_macro_f1': 0.4700414122443114, 'eval_accuracy': 0.558252427184466, 'eval_micro_recall': 0.558252427184466, 'eval_micro_precision': 0.558252427184466, 'eval_micro_f1': 0.558252427184466, 'eval_runtime': 1.1219, 'eval_samples_per_second': 734.443, 'eval_steps_per_second': 23.174, 'epoch': 9.0}

 18%|█▊        | 118/650 [02:16<17:42,  2.00s/it]
 18%|█▊        | 119/650 [02:17<14:29,  1.64s/it]
 18%|█▊        | 120/650 [02:18<12:13,  1.38s/it]
 19%|█▊        | 121/650 [02:19<10:39,  1.21s/it]
 19%|█▉        | 122/650 [02:19<09:32,  1.08s/it]
 19%|█▉        | 123/650 [02:20<08:45,  1.00it/s]
 19%|█▉        | 124/650 [02:21<08:13,  1.07it/s]
 19%|█▉        | 125/650 [02:22<07:50,  1.12it/s]
 19%|█▉        | 126/650 [02:23<07:33,  1.16it/s]
 20%|█▉        | 127/650 [02:23<07:21,  1.18it/s]
 20%|█▉        | 128/650 [02:24<07:13,  1.20it/s]
 20%|█▉        | 129/650 [02:25<07:07,  1.22it/s]
 20%|██        | 130/650 [02:26<06:55,  1.25it/s]
                                                 

 20%|██        | 130/650 [02:26<06:55,  1.25it/s]{'loss': 2.0059, 'grad_norm': 3.23004412651062, 'learning_rate': 4e-05, 'epoch': 10.0}


  0%|          | 0/26 [00:00<?, ?it/s][A

 19%|█▉        | 5/26 [00:00<00:00, 38.17it/s][A

 35%|███▍      | 9/26 [00:00<00:00, 33.55it/s][A

 50%|█████     | 13/26 [00:00<00:00, 32.16it/s][A

 65%|██████▌   | 17/26 [00:00<00:00, 31.50it/s][A

 81%|████████  | 21/26 [00:00<00:00, 31.12it/s][A

 96%|█████████▌| 25/26 [00:00<00:00, 30.91it/s][A
                                                 

                                               
[A
 20%|██        | 130/650 [02:27<06:55,  1.25it/s]

100%|██████████| 26/26 [00:00<00:00, 30.91it/s][A

                                               [A{'eval_loss': 1.8637268543243408, 'eval_macro_recall': 0.5624450675587039, 'eval_macro_precision': 0.5094144143150104, 'eval_macro_f1': 0.5066202257613565, 'eval_accuracy': 0.5934466019417476, 'eval_micro_recall': 0.5934466019417476, 'eval_micro_precision': 0.5934466019417476, 'eval_micro_f1': 0.5934466019417476, 'eval_runtime': 1.1423, 'eval_samples_per_second': 721.338, 'eval_steps_per_second': 22.761, 'epoch': 10.0}

 20%|██        | 131/650 [02:31<17:25,  2.01s/it]
 20%|██        | 132/650 [02:31<14:14,  1.65s/it]
 20%|██        | 133/650 [02:32<12:00,  1.39s/it]
 21%|██        | 134/650 [02:33<10:26,  1.21s/it]
 21%|██        | 135/650 [02:34<09:20,  1.09s/it]
 21%|██        | 136/650 [02:34<08:35,  1.00s/it]
 21%|██        | 137/650 [02:35<08:02,  1.06it/s]
 21%|██        | 138/650 [02:36<07:39,  1.11it/s]
 21%|██▏       | 139/650 [02:37<07:22,  1.15it/s]
 22%|██▏       | 140/650 [02:38<07:11,  1.18it/s]
 22%|██▏       | 141/650 [02:38<07:03,  1.20it/s]
 22%|██▏       | 142/650 [02:39<06:57,  1.22it/s]
 22%|██▏       | 143/650 [02:40<06:43,  1.26it/s]
                                                 

 22%|██▏       | 143/650 [02:40<06:43,  1.26it/s]{'loss': 1.844, 'grad_norm': 3.1077799797058105, 'learning_rate': 3.9000000000000006e-05, 'epoch': 11.0}


  0%|          | 0/26 [00:00<?, ?it/s][A

 19%|█▉        | 5/26 [00:00<00:00, 38.19it/s][A

 35%|███▍      | 9/26 [00:00<00:00, 33.55it/s][A

 50%|█████     | 13/26 [00:00<00:00, 32.08it/s][A

 65%|██████▌   | 17/26 [00:00<00:00, 31.40it/s][A

 81%|████████  | 21/26 [00:00<00:00, 31.03it/s][A

 96%|█████████▌| 25/26 [00:00<00:00, 30.79it/s][A
                                                 

                                               
[A
 22%|██▏       | 143/650 [02:41<06:43,  1.26it/s]

100%|██████████| 26/26 [00:00<00:00, 30.79it/s][A

                                               [A{'eval_loss': 1.7327110767364502, 'eval_macro_recall': 0.5785988947920766, 'eval_macro_precision': 0.5278559992558818, 'eval_macro_f1': 0.521248802404577, 'eval_accuracy': 0.6055825242718447, 'eval_micro_recall': 0.6055825242718447, 'eval_micro_precision': 0.6055825242718447, 'eval_micro_f1': 0.6055825242718447, 'eval_runtime': 1.1115, 'eval_samples_per_second': 741.343, 'eval_steps_per_second': 23.392, 'epoch': 11.0}

 22%|██▏       | 144/650 [02:45<16:49,  2.00s/it]
 22%|██▏       | 145/650 [02:46<13:45,  1.64s/it]
 22%|██▏       | 146/650 [02:46<11:37,  1.38s/it]
 23%|██▎       | 147/650 [02:47<10:07,  1.21s/it]
 23%|██▎       | 148/650 [02:48<09:04,  1.08s/it]
 23%|██▎       | 149/650 [02:49<08:20,  1.00it/s]
 23%|██▎       | 150/650 [02:50<07:49,  1.07it/s]
 23%|██▎       | 151/650 [02:50<07:26,  1.12it/s]
 23%|██▎       | 152/650 [02:51<07:11,  1.15it/s]
 24%|██▎       | 153/650 [02:52<07:00,  1.18it/s]
 24%|██▎       | 154/650 [02:53<06:52,  1.20it/s]
 24%|██▍       | 155/650 [02:54<06:46,  1.22it/s]
 24%|██▍       | 156/650 [02:54<06:34,  1.25it/s]
                                                 

 24%|██▍       | 156/650 [02:54<06:34,  1.25it/s]{'loss': 1.7027, 'grad_norm': 3.448836088180542, 'learning_rate': 3.8e-05, 'epoch': 12.0}


  0%|          | 0/26 [00:00<?, ?it/s][A

 19%|█▉        | 5/26 [00:00<00:00, 37.91it/s][A

 35%|███▍      | 9/26 [00:00<00:00, 33.43it/s][A

 50%|█████     | 13/26 [00:00<00:00, 32.02it/s][A

 65%|██████▌   | 17/26 [00:00<00:00, 31.36it/s][A

 81%|████████  | 21/26 [00:00<00:00, 31.00it/s][A

 96%|█████████▌| 25/26 [00:00<00:00, 30.80it/s][A
                                                 

                                               
[A
 24%|██▍       | 156/650 [02:56<06:34,  1.25it/s]

100%|██████████| 26/26 [00:00<00:00, 30.80it/s][A

                                               [A{'eval_loss': 1.6146796941757202, 'eval_macro_recall': 0.57589818640955, 'eval_macro_precision': 0.5269876745729019, 'eval_macro_f1': 0.5216399038912584, 'eval_accuracy': 0.6031553398058253, 'eval_micro_recall': 0.6031553398058253, 'eval_micro_precision': 0.6031553398058253, 'eval_micro_f1': 0.6031553398058253, 'eval_runtime': 1.1299, 'eval_samples_per_second': 729.247, 'eval_steps_per_second': 23.01, 'epoch': 12.0}

 24%|██▍       | 157/650 [02:59<16:22,  1.99s/it]
 24%|██▍       | 158/650 [03:00<13:24,  1.63s/it]
 24%|██▍       | 159/650 [03:01<11:18,  1.38s/it]
 25%|██▍       | 160/650 [03:01<09:51,  1.21s/it]
 25%|██▍       | 161/650 [03:02<08:49,  1.08s/it]
 25%|██▍       | 162/650 [03:03<08:07,  1.00it/s]
 25%|██▌       | 163/650 [03:04<07:36,  1.07it/s]
 25%|██▌       | 164/650 [03:05<07:15,  1.12it/s]
 25%|██▌       | 165/650 [03:05<07:00,  1.15it/s]
 26%|██▌       | 166/650 [03:06<06:49,  1.18it/s]
 26%|██▌       | 167/650 [03:07<06:41,  1.20it/s]
 26%|██▌       | 168/650 [03:08<06:35,  1.22it/s]
 26%|██▌       | 169/650 [03:09<06:27,  1.24it/s]
                                                 

 26%|██▌       | 169/650 [03:09<06:27,  1.24it/s]{'loss': 1.5909, 'grad_norm': 4.467599868774414, 'learning_rate': 3.7e-05, 'epoch': 13.0}


  0%|          | 0/26 [00:00<?, ?it/s][A

 19%|█▉        | 5/26 [00:00<00:00, 38.13it/s][A

 35%|███▍      | 9/26 [00:00<00:00, 33.47it/s][A

 50%|█████     | 13/26 [00:00<00:00, 32.07it/s][A

 65%|██████▌   | 17/26 [00:00<00:00, 31.39it/s][A

 81%|████████  | 21/26 [00:00<00:00, 31.04it/s][A

 96%|█████████▌| 25/26 [00:00<00:00, 30.80it/s][A
                                                 

                                               
[A
 26%|██▌       | 169/650 [03:10<06:27,  1.24it/s]

100%|██████████| 26/26 [00:00<00:00, 30.80it/s][A

                                               [A{'eval_loss': 1.4974815845489502, 'eval_macro_recall': 0.5871634363111636, 'eval_macro_precision': 0.5322115354350437, 'eval_macro_f1': 0.5329698737228465, 'eval_accuracy': 0.6177184466019418, 'eval_micro_recall': 0.6177184466019418, 'eval_micro_precision': 0.6177184466019418, 'eval_micro_f1': 0.6177184466019418, 'eval_runtime': 1.1306, 'eval_samples_per_second': 728.805, 'eval_steps_per_second': 22.996, 'epoch': 13.0}

 26%|██▌       | 170/650 [03:13<16:07,  2.02s/it]
 26%|██▋       | 171/650 [03:14<13:10,  1.65s/it]
 26%|██▋       | 172/650 [03:15<11:06,  1.39s/it]
 27%|██▋       | 173/650 [03:16<09:39,  1.22s/it]
 27%|██▋       | 174/650 [03:17<08:39,  1.09s/it]
 27%|██▋       | 175/650 [03:17<07:56,  1.00s/it]
 27%|██▋       | 176/650 [03:18<07:26,  1.06it/s]
 27%|██▋       | 177/650 [03:19<07:05,  1.11it/s]
 27%|██▋       | 178/650 [03:20<06:50,  1.15it/s]
 28%|██▊       | 179/650 [03:21<06:39,  1.18it/s]
 28%|██▊       | 180/650 [03:21<06:31,  1.20it/s]
 28%|██▊       | 181/650 [03:22<06:25,  1.22it/s]
 28%|██▊       | 182/650 [03:23<06:14,  1.25it/s]
                                                 

 28%|██▊       | 182/650 [03:23<06:14,  1.25it/s]{'loss': 1.4784, 'grad_norm': 3.4037373065948486, 'learning_rate': 3.6e-05, 'epoch': 14.0}


  0%|          | 0/26 [00:00<?, ?it/s][A

 19%|█▉        | 5/26 [00:00<00:00, 38.17it/s][A

 35%|███▍      | 9/26 [00:00<00:00, 33.55it/s][A

 50%|█████     | 13/26 [00:00<00:00, 32.12it/s][A

 65%|██████▌   | 17/26 [00:00<00:00, 31.47it/s][A

 81%|████████  | 21/26 [00:00<00:00, 31.11it/s][A

 96%|█████████▌| 25/26 [00:00<00:00, 30.89it/s][A
                                                 

                                               
[A
 28%|██▊       | 182/650 [03:24<06:14,  1.25it/s]

100%|██████████| 26/26 [00:00<00:00, 30.89it/s][A

                                               [A{'eval_loss': 1.41673743724823, 'eval_macro_recall': 0.5944907680703135, 'eval_macro_precision': 0.5366371812451589, 'eval_macro_f1': 0.5393500089286192, 'eval_accuracy': 0.6262135922330098, 'eval_micro_recall': 0.6262135922330098, 'eval_micro_precision': 0.6262135922330098, 'eval_micro_f1': 0.6262135922330098, 'eval_runtime': 1.1194, 'eval_samples_per_second': 736.134, 'eval_steps_per_second': 23.228, 'epoch': 14.0}

 28%|██▊       | 183/650 [03:28<15:37,  2.01s/it]
 28%|██▊       | 184/650 [03:29<12:46,  1.64s/it]
 28%|██▊       | 185/650 [03:29<10:46,  1.39s/it]
 29%|██▊       | 186/650 [03:30<09:22,  1.21s/it]
 29%|██▉       | 187/650 [03:31<08:23,  1.09s/it]
 29%|██▉       | 188/650 [03:32<07:42,  1.00s/it]
 29%|██▉       | 189/650 [03:33<07:13,  1.06it/s]
 29%|██▉       | 190/650 [03:33<06:52,  1.11it/s]
 29%|██▉       | 191/650 [03:34<06:37,  1.15it/s]
 30%|██▉       | 192/650 [03:35<06:27,  1.18it/s]
 30%|██▉       | 193/650 [03:36<06:20,  1.20it/s]
 30%|██▉       | 194/650 [03:37<06:14,  1.22it/s]
 30%|███       | 195/650 [03:37<06:07,  1.24it/s]
                                                 

 30%|███       | 195/650 [03:37<06:07,  1.24it/s]{'loss': 1.3824, 'grad_norm': 2.779362678527832, 'learning_rate': 3.5e-05, 'epoch': 15.0}


  0%|          | 0/26 [00:00<?, ?it/s][A

 19%|█▉        | 5/26 [00:00<00:00, 38.30it/s][A

 35%|███▍      | 9/26 [00:00<00:00, 33.62it/s][A

 50%|█████     | 13/26 [00:00<00:00, 32.19it/s][A

 65%|██████▌   | 17/26 [00:00<00:00, 31.49it/s][A

 81%|████████  | 21/26 [00:00<00:00, 31.16it/s][A

 96%|█████████▌| 25/26 [00:00<00:00, 30.91it/s][A
                                                 

                                               
[A
 30%|███       | 195/650 [03:39<06:07,  1.24it/s]

100%|██████████| 26/26 [00:00<00:00, 30.91it/s][A

                                               [A{'eval_loss': 1.33897864818573, 'eval_macro_recall': 0.6178470992391446, 'eval_macro_precision': 0.570095186401025, 'eval_macro_f1': 0.5682255388920532, 'eval_accuracy': 0.6432038834951457, 'eval_micro_recall': 0.6432038834951457, 'eval_micro_precision': 0.6432038834951457, 'eval_micro_f1': 0.6432038834951457, 'eval_runtime': 1.1334, 'eval_samples_per_second': 726.992, 'eval_steps_per_second': 22.939, 'epoch': 15.0}

 30%|███       | 196/650 [03:42<15:00,  1.98s/it]
 30%|███       | 197/650 [03:43<12:17,  1.63s/it]
 30%|███       | 198/650 [03:44<10:23,  1.38s/it]
 31%|███       | 199/650 [03:45<09:03,  1.20s/it]
 31%|███       | 200/650 [03:45<08:07,  1.08s/it]
 31%|███       | 201/650 [03:46<07:27,  1.00it/s]
 31%|███       | 202/650 [03:47<06:59,  1.07it/s]
 31%|███       | 203/650 [03:48<06:40,  1.12it/s]
 31%|███▏      | 204/650 [03:48<06:26,  1.15it/s]
 32%|███▏      | 205/650 [03:49<06:16,  1.18it/s]
 32%|███▏      | 206/650 [03:50<06:09,  1.20it/s]
 32%|███▏      | 207/650 [03:51<06:03,  1.22it/s]
 32%|███▏      | 208/650 [03:52<05:53,  1.25it/s]
                                                 

 32%|███▏      | 208/650 [03:52<05:53,  1.25it/s]{'loss': 1.2962, 'grad_norm': 3.4785048961639404, 'learning_rate': 3.4000000000000007e-05, 'epoch': 16.0}


  0%|          | 0/26 [00:00<?, ?it/s][A

 19%|█▉        | 5/26 [00:00<00:00, 37.93it/s][A

 35%|███▍      | 9/26 [00:00<00:00, 33.45it/s][A

 50%|█████     | 13/26 [00:00<00:00, 32.01it/s][A

 65%|██████▌   | 17/26 [00:00<00:00, 31.36it/s][A

 81%|████████  | 21/26 [00:00<00:00, 31.00it/s][A

 96%|█████████▌| 25/26 [00:00<00:00, 30.76it/s][A
                                                 

                                               
[A
 32%|███▏      | 208/650 [03:53<05:53,  1.25it/s]

100%|██████████| 26/26 [00:00<00:00, 30.76it/s][A

                                               [A{'eval_loss': 1.277219295501709, 'eval_macro_recall': 0.6275693214613669, 'eval_macro_precision': 0.5792427087019564, 'eval_macro_f1': 0.5799754640743742, 'eval_accuracy': 0.6577669902912622, 'eval_micro_recall': 0.6577669902912622, 'eval_micro_precision': 0.6577669902912622, 'eval_micro_f1': 0.6577669902912622, 'eval_runtime': 1.1215, 'eval_samples_per_second': 734.706, 'eval_steps_per_second': 23.182, 'epoch': 16.0}

 32%|███▏      | 209/650 [03:56<14:44,  2.01s/it]
 32%|███▏      | 210/650 [03:57<12:03,  1.64s/it]
 32%|███▏      | 211/650 [03:58<10:10,  1.39s/it]
 33%|███▎      | 212/650 [03:59<08:51,  1.21s/it]
 33%|███▎      | 213/650 [04:00<07:55,  1.09s/it]
 33%|███▎      | 214/650 [04:00<07:16,  1.00s/it]
 33%|███▎      | 215/650 [04:01<06:49,  1.06it/s]
 33%|███▎      | 216/650 [04:02<06:30,  1.11it/s]
 33%|███▎      | 217/650 [04:03<06:16,  1.15it/s]
 34%|███▎      | 218/650 [04:04<06:06,  1.18it/s]
 34%|███▎      | 219/650 [04:04<05:59,  1.20it/s]
 34%|███▍      | 220/650 [04:05<05:53,  1.21it/s]
 34%|███▍      | 221/650 [04:06<05:43,  1.25it/s]
                                                 

 34%|███▍      | 221/650 [04:06<05:43,  1.25it/s]{'loss': 1.2235, 'grad_norm': 2.461252450942993, 'learning_rate': 3.3e-05, 'epoch': 17.0}


  0%|          | 0/26 [00:00<?, ?it/s][A

 19%|█▉        | 5/26 [00:00<00:00, 38.11it/s][A

 35%|███▍      | 9/26 [00:00<00:00, 33.54it/s][A

 50%|█████     | 13/26 [00:00<00:00, 32.13it/s][A

 65%|██████▌   | 17/26 [00:00<00:00, 31.48it/s][A

 81%|████████  | 21/26 [00:00<00:00, 31.11it/s][A

 96%|█████████▌| 25/26 [00:00<00:00, 30.90it/s][A
                                                 

                                               
[A
 34%|███▍      | 221/650 [04:07<05:43,  1.25it/s]

100%|██████████| 26/26 [00:00<00:00, 30.90it/s][A

                                               [A{'eval_loss': 1.2223634719848633, 'eval_macro_recall': 0.6299773301193755, 'eval_macro_precision': 0.5794220804117134, 'eval_macro_f1': 0.5800423723188572, 'eval_accuracy': 0.6577669902912622, 'eval_micro_recall': 0.6577669902912622, 'eval_micro_precision': 0.6577669902912622, 'eval_micro_f1': 0.6577669902912622, 'eval_runtime': 1.136, 'eval_samples_per_second': 725.372, 'eval_steps_per_second': 22.888, 'epoch': 17.0}

 34%|███▍      | 222/650 [04:11<14:24,  2.02s/it]
 34%|███▍      | 223/650 [04:12<11:45,  1.65s/it]
 34%|███▍      | 224/650 [04:12<09:55,  1.40s/it]
 35%|███▍      | 225/650 [04:13<08:37,  1.22s/it]
 35%|███▍      | 226/650 [04:14<07:42,  1.09s/it]
 35%|███▍      | 227/650 [04:15<07:04,  1.00s/it]
 35%|███▌      | 228/650 [04:16<06:37,  1.06it/s]
 35%|███▌      | 229/650 [04:16<06:18,  1.11it/s]
 35%|███▌      | 230/650 [04:17<06:05,  1.15it/s]
 36%|███▌      | 231/650 [04:18<05:55,  1.18it/s]
 36%|███▌      | 232/650 [04:19<05:48,  1.20it/s]
 36%|███▌      | 233/650 [04:20<05:43,  1.21it/s]
 36%|███▌      | 234/650 [04:20<05:34,  1.24it/s]
                                                 

 36%|███▌      | 234/650 [04:20<05:34,  1.24it/s]{'loss': 1.1569, 'grad_norm': 2.490694522857666, 'learning_rate': 3.2000000000000005e-05, 'epoch': 18.0}


  0%|          | 0/26 [00:00<?, ?it/s][A

 19%|█▉        | 5/26 [00:00<00:00, 38.09it/s][A

 35%|███▍      | 9/26 [00:00<00:00, 33.50it/s][A

 50%|█████     | 13/26 [00:00<00:00, 32.09it/s][A

 65%|██████▌   | 17/26 [00:00<00:00, 31.42it/s][A

 81%|████████  | 21/26 [00:00<00:00, 31.07it/s][A

 96%|█████████▌| 25/26 [00:00<00:00, 30.87it/s][A
                                                 

                                               
[A
 36%|███▌      | 234/650 [04:22<05:34,  1.24it/s]

100%|██████████| 26/26 [00:00<00:00, 30.87it/s][A

                                               [A{'eval_loss': 1.1740586757659912, 'eval_macro_recall': 0.6410591302636757, 'eval_macro_precision': 0.5949065554328712, 'eval_macro_f1': 0.5956804858458313, 'eval_accuracy': 0.6686893203883495, 'eval_micro_recall': 0.6686893203883495, 'eval_micro_precision': 0.6686893203883495, 'eval_micro_f1': 0.6686893203883495, 'eval_runtime': 1.1433, 'eval_samples_per_second': 720.744, 'eval_steps_per_second': 22.742, 'epoch': 18.0}

 36%|███▌      | 235/650 [04:25<13:51,  2.00s/it]
 36%|███▋      | 236/650 [04:26<11:19,  1.64s/it]
 36%|███▋      | 237/650 [04:27<09:33,  1.39s/it]
 37%|███▋      | 238/650 [04:28<08:19,  1.21s/it]
 37%|███▋      | 239/650 [04:28<07:26,  1.09s/it]
 37%|███▋      | 240/650 [04:29<06:50,  1.00s/it]
 37%|███▋      | 241/650 [04:30<06:24,  1.06it/s]
 37%|███▋      | 242/650 [04:31<06:06,  1.11it/s]
 37%|███▋      | 243/650 [04:32<05:53,  1.15it/s]
 38%|███▊      | 244/650 [04:32<05:44,  1.18it/s]
 38%|███▊      | 245/650 [04:33<05:37,  1.20it/s]
 38%|███▊      | 246/650 [04:34<05:32,  1.21it/s]
 38%|███▊      | 247/650 [04:35<05:21,  1.25it/s]
                                                 

 38%|███▊      | 247/650 [04:35<05:21,  1.25it/s]{'loss': 1.1051, 'grad_norm': 3.4215242862701416, 'learning_rate': 3.1e-05, 'epoch': 19.0}


  0%|          | 0/26 [00:00<?, ?it/s][A

 19%|█▉        | 5/26 [00:00<00:00, 38.18it/s][A

 35%|███▍      | 9/26 [00:00<00:00, 33.53it/s][A

 50%|█████     | 13/26 [00:00<00:00, 32.11it/s][A

 65%|██████▌   | 17/26 [00:00<00:00, 31.47it/s][A

 81%|████████  | 21/26 [00:00<00:00, 31.09it/s][A

 96%|█████████▌| 25/26 [00:00<00:00, 30.91it/s][A
                                                 

                                               
[A
 38%|███▊      | 247/650 [04:36<05:21,  1.25it/s]

100%|██████████| 26/26 [00:00<00:00, 30.91it/s][A

                                               [A{'eval_loss': 1.1438319683074951, 'eval_macro_recall': 0.6485108799029254, 'eval_macro_precision': 0.613849942554023, 'eval_macro_f1': 0.6053390648390488, 'eval_accuracy': 0.6783980582524272, 'eval_micro_recall': 0.6783980582524272, 'eval_micro_precision': 0.6783980582524272, 'eval_micro_f1': 0.6783980582524272, 'eval_runtime': 1.114, 'eval_samples_per_second': 739.698, 'eval_steps_per_second': 23.34, 'epoch': 19.0}

 38%|███▊      | 248/650 [04:39<13:11,  1.97s/it]
 38%|███▊      | 249/650 [04:40<10:49,  1.62s/it]
 38%|███▊      | 250/650 [04:41<09:09,  1.37s/it]
 39%|███▊      | 251/650 [04:42<07:59,  1.20s/it]
 39%|███▉      | 252/650 [04:43<07:09,  1.08s/it]
 39%|███▉      | 253/650 [04:43<06:35,  1.00it/s]
 39%|███▉      | 254/650 [04:44<06:11,  1.07it/s]
 39%|███▉      | 255/650 [04:45<05:53,  1.12it/s]
 39%|███▉      | 256/650 [04:46<05:41,  1.15it/s]
 40%|███▉      | 257/650 [04:47<05:32,  1.18it/s]
 40%|███▉      | 258/650 [04:47<05:26,  1.20it/s]
 40%|███▉      | 259/650 [04:48<05:21,  1.21it/s]
 40%|████      | 260/650 [04:49<05:11,  1.25it/s]
                                                 

 40%|████      | 260/650 [04:49<05:11,  1.25it/s]{'loss': 1.0612, 'grad_norm': 2.8673527240753174, 'learning_rate': 3e-05, 'epoch': 20.0}


  0%|          | 0/26 [00:00<?, ?it/s][A

 19%|█▉        | 5/26 [00:00<00:00, 38.02it/s][A

 35%|███▍      | 9/26 [00:00<00:00, 33.36it/s][A

 50%|█████     | 13/26 [00:00<00:00, 31.96it/s][A

 65%|██████▌   | 17/26 [00:00<00:00, 31.27it/s][A

 81%|████████  | 21/26 [00:00<00:00, 30.90it/s][A

 96%|█████████▌| 25/26 [00:00<00:00, 30.68it/s][A
                                                 

                                               
[A
 40%|████      | 260/650 [04:50<05:11,  1.25it/s]

100%|██████████| 26/26 [00:00<00:00, 30.68it/s][A

                                               [A{'eval_loss': 1.0925743579864502, 'eval_macro_recall': 0.649778015545061, 'eval_macro_precision': 0.607142687511026, 'eval_macro_f1': 0.6008382343362211, 'eval_accuracy': 0.6723300970873787, 'eval_micro_recall': 0.6723300970873787, 'eval_micro_precision': 0.6723300970873787, 'eval_micro_f1': 0.6723300970873787, 'eval_runtime': 1.1505, 'eval_samples_per_second': 716.196, 'eval_steps_per_second': 22.598, 'epoch': 20.0}

 40%|████      | 261/650 [04:54<12:54,  1.99s/it]
 40%|████      | 262/650 [04:55<10:34,  1.64s/it]
 40%|████      | 263/650 [04:55<08:55,  1.38s/it]
 41%|████      | 264/650 [04:56<07:46,  1.21s/it]
 41%|████      | 265/650 [04:57<06:58,  1.09s/it]
 41%|████      | 266/650 [04:58<06:23,  1.00it/s]
 41%|████      | 267/650 [04:59<05:59,  1.06it/s]
 41%|████      | 268/650 [04:59<05:43,  1.11it/s]
 41%|████▏     | 269/650 [05:00<05:31,  1.15it/s]
 42%|████▏     | 270/650 [05:01<05:22,  1.18it/s]
 42%|████▏     | 271/650 [05:02<05:16,  1.20it/s]
 42%|████▏     | 272/650 [05:03<05:11,  1.21it/s]
 42%|████▏     | 273/650 [05:03<05:04,  1.24it/s]
                                                 

 42%|████▏     | 273/650 [05:03<05:04,  1.24it/s]{'loss': 1.0091, 'grad_norm': 2.1672019958496094, 'learning_rate': 2.9e-05, 'epoch': 21.0}


  0%|          | 0/26 [00:00<?, ?it/s][A

 19%|█▉        | 5/26 [00:00<00:00, 38.05it/s][A

 35%|███▍      | 9/26 [00:00<00:00, 33.44it/s][A

 50%|█████     | 13/26 [00:00<00:00, 31.99it/s][A

 65%|██████▌   | 17/26 [00:00<00:00, 31.33it/s][A

 81%|████████  | 21/26 [00:00<00:00, 30.96it/s][A

 96%|█████████▌| 25/26 [00:00<00:00, 30.73it/s][A
                                                 

                                               
[A
 42%|████▏     | 273/650 [05:05<05:04,  1.24it/s]

100%|██████████| 26/26 [00:00<00:00, 30.73it/s][A

                                               [A{'eval_loss': 1.067495346069336, 'eval_macro_recall': 0.643361168503214, 'eval_macro_precision': 0.6036749595693583, 'eval_macro_f1': 0.6014099024959233, 'eval_accuracy': 0.6759708737864077, 'eval_micro_recall': 0.6759708737864077, 'eval_micro_precision': 0.6759708737864077, 'eval_micro_f1': 0.6759708737864077, 'eval_runtime': 1.1385, 'eval_samples_per_second': 723.736, 'eval_steps_per_second': 22.836, 'epoch': 21.0}

 42%|████▏     | 274/650 [05:08<12:36,  2.01s/it]
 42%|████▏     | 275/650 [05:09<10:18,  1.65s/it]
 42%|████▏     | 276/650 [05:10<08:40,  1.39s/it]
 43%|████▎     | 277/650 [05:11<07:33,  1.22s/it]
 43%|████▎     | 278/650 [05:11<06:45,  1.09s/it]
 43%|████▎     | 279/650 [05:12<06:12,  1.00s/it]
 43%|████▎     | 280/650 [05:13<05:48,  1.06it/s]
 43%|████▎     | 281/650 [05:14<05:31,  1.11it/s]
 43%|████▎     | 282/650 [05:15<05:20,  1.15it/s]
 44%|████▎     | 283/650 [05:15<05:11,  1.18it/s]
 44%|████▎     | 284/650 [05:16<05:05,  1.20it/s]
 44%|████▍     | 285/650 [05:17<05:00,  1.21it/s]
 44%|████▍     | 286/650 [05:18<04:51,  1.25it/s]
                                                 

 44%|████▍     | 286/650 [05:18<04:51,  1.25it/s]{'loss': 0.9733, 'grad_norm': 2.607783317565918, 'learning_rate': 2.8000000000000003e-05, 'epoch': 22.0}


  0%|          | 0/26 [00:00<?, ?it/s][A

 19%|█▉        | 5/26 [00:00<00:00, 37.84it/s][A

 35%|███▍      | 9/26 [00:00<00:00, 33.43it/s][A

 50%|█████     | 13/26 [00:00<00:00, 32.00it/s][A

 65%|██████▌   | 17/26 [00:00<00:00, 31.35it/s][A

 81%|████████  | 21/26 [00:00<00:00, 30.98it/s][A

 96%|█████████▌| 25/26 [00:00<00:00, 30.74it/s][A
                                                 

                                               
[A
 44%|████▍     | 286/650 [05:19<04:51,  1.25it/s]

100%|██████████| 26/26 [00:00<00:00, 30.74it/s][A

                                               [A{'eval_loss': 1.0485419034957886, 'eval_macro_recall': 0.6636511216056671, 'eval_macro_precision': 0.6184102932290628, 'eval_macro_f1': 0.6210448387502734, 'eval_accuracy': 0.6953883495145631, 'eval_micro_recall': 0.6953883495145631, 'eval_micro_precision': 0.6953883495145631, 'eval_micro_f1': 0.6953883495145631, 'eval_runtime': 1.1507, 'eval_samples_per_second': 716.078, 'eval_steps_per_second': 22.595, 'epoch': 22.0}

 44%|████▍     | 287/650 [05:22<11:59,  1.98s/it]
 44%|████▍     | 288/650 [05:23<09:49,  1.63s/it]
 44%|████▍     | 289/650 [05:24<08:17,  1.38s/it]
 45%|████▍     | 290/650 [05:25<07:13,  1.21s/it]
 45%|████▍     | 291/650 [05:26<06:29,  1.08s/it]
 45%|████▍     | 292/650 [05:26<05:57,  1.00it/s]
 45%|████▌     | 293/650 [05:27<05:35,  1.07it/s]
 45%|████▌     | 294/650 [05:28<05:19,  1.11it/s]
 45%|████▌     | 295/650 [05:29<05:08,  1.15it/s]
 46%|████▌     | 296/650 [05:30<04:59,  1.18it/s]
 46%|████▌     | 297/650 [05:30<04:54,  1.20it/s]
 46%|████▌     | 298/650 [05:31<04:49,  1.21it/s]
 46%|████▌     | 299/650 [05:32<04:40,  1.25it/s]
                                                 

 46%|████▌     | 299/650 [05:32<04:40,  1.25it/s]{'loss': 0.9378, 'grad_norm': 2.88175368309021, 'learning_rate': 2.7000000000000002e-05, 'epoch': 23.0}


  0%|          | 0/26 [00:00<?, ?it/s][A

 19%|█▉        | 5/26 [00:00<00:00, 38.06it/s][A

 35%|███▍      | 9/26 [00:00<00:00, 33.50it/s][A

 50%|█████     | 13/26 [00:00<00:00, 32.08it/s][A

 65%|██████▌   | 17/26 [00:00<00:00, 31.43it/s][A

 81%|████████  | 21/26 [00:00<00:00, 31.04it/s][A

 96%|█████████▌| 25/26 [00:00<00:00, 30.84it/s][A
                                                 

                                               
[A
 46%|████▌     | 299/650 [05:33<04:40,  1.25it/s]

100%|██████████| 26/26 [00:00<00:00, 30.84it/s][A

                                               [A{'eval_loss': 1.0304553508758545, 'eval_macro_recall': 0.6691613783943329, 'eval_macro_precision': 0.6402196130889313, 'eval_macro_f1': 0.6330054105357291, 'eval_accuracy': 0.6990291262135923, 'eval_micro_recall': 0.6990291262135923, 'eval_micro_precision': 0.6990291262135923, 'eval_micro_f1': 0.6990291262135923, 'eval_runtime': 1.1459, 'eval_samples_per_second': 719.116, 'eval_steps_per_second': 22.691, 'epoch': 23.0}

 46%|████▌     | 300/650 [05:37<11:41,  2.00s/it]
 46%|████▋     | 301/650 [05:38<09:32,  1.64s/it]
 46%|████▋     | 302/650 [05:38<08:03,  1.39s/it]
 47%|████▋     | 303/650 [05:39<07:00,  1.21s/it]
 47%|████▋     | 304/650 [05:40<06:16,  1.09s/it]
 47%|████▋     | 305/650 [05:41<05:46,  1.00s/it]
 47%|████▋     | 306/650 [05:42<05:23,  1.06it/s]
 47%|████▋     | 307/650 [05:42<05:08,  1.11it/s]
 47%|████▋     | 308/650 [05:43<04:57,  1.15it/s]
 48%|████▊     | 309/650 [05:44<04:49,  1.18it/s]
 48%|████▊     | 310/650 [05:45<04:43,  1.20it/s]
 48%|████▊     | 311/650 [05:46<04:39,  1.21it/s]
 48%|████▊     | 312/650 [05:46<04:30,  1.25it/s]
                                                 

 48%|████▊     | 312/650 [05:46<04:30,  1.25it/s]{'loss': 0.9044, 'grad_norm': 2.400736093521118, 'learning_rate': 2.6000000000000002e-05, 'epoch': 24.0}


  0%|          | 0/26 [00:00<?, ?it/s][A

 19%|█▉        | 5/26 [00:00<00:00, 38.17it/s][A

 35%|███▍      | 9/26 [00:00<00:00, 33.54it/s][A

 50%|█████     | 13/26 [00:00<00:00, 32.12it/s][A

 65%|██████▌   | 17/26 [00:00<00:00, 31.47it/s][A

 81%|████████  | 21/26 [00:00<00:00, 31.09it/s][A

 96%|█████████▌| 25/26 [00:00<00:00, 30.86it/s][A
                                                 

                                               
[A
 48%|████▊     | 312/650 [05:48<04:30,  1.25it/s]

100%|██████████| 26/26 [00:00<00:00, 30.86it/s][A

                                               [A{'eval_loss': 1.0107004642486572, 'eval_macro_recall': 0.6705008690804146, 'eval_macro_precision': 0.6425614789251153, 'eval_macro_f1': 0.6367396631564861, 'eval_accuracy': 0.7002427184466019, 'eval_micro_recall': 0.7002427184466019, 'eval_micro_precision': 0.7002427184466019, 'eval_micro_f1': 0.7002427184466019, 'eval_runtime': 1.1434, 'eval_samples_per_second': 720.638, 'eval_steps_per_second': 22.739, 'epoch': 24.0}

 48%|████▊     | 313/650 [05:51<11:18,  2.01s/it]
 48%|████▊     | 314/650 [05:52<09:14,  1.65s/it]
 48%|████▊     | 315/650 [05:53<07:47,  1.40s/it]
 49%|████▊     | 316/650 [05:54<06:46,  1.22s/it]
 49%|████▉     | 317/650 [05:54<06:03,  1.09s/it]
 49%|████▉     | 318/650 [05:55<05:33,  1.01s/it]
 49%|████▉     | 319/650 [05:56<05:12,  1.06it/s]
 49%|████▉     | 320/650 [05:57<04:57,  1.11it/s]
 49%|████▉     | 321/650 [05:58<04:46,  1.15it/s]
 50%|████▉     | 322/650 [05:58<04:38,  1.18it/s]
 50%|████▉     | 323/650 [05:59<04:32,  1.20it/s]
 50%|████▉     | 324/650 [06:00<04:28,  1.21it/s]
 50%|█████     | 325/650 [06:01<04:20,  1.25it/s]
                                                 

 50%|█████     | 325/650 [06:01<04:20,  1.25it/s]{'loss': 0.878, 'grad_norm': 2.6230568885803223, 'learning_rate': 2.5e-05, 'epoch': 25.0}


  0%|          | 0/26 [00:00<?, ?it/s][A

 19%|█▉        | 5/26 [00:00<00:00, 38.21it/s][A

 35%|███▍      | 9/26 [00:00<00:00, 33.55it/s][A

 50%|█████     | 13/26 [00:00<00:00, 32.12it/s][A

 65%|██████▌   | 17/26 [00:00<00:00, 31.47it/s][A

 81%|████████  | 21/26 [00:00<00:00, 31.10it/s][A

 96%|█████████▌| 25/26 [00:00<00:00, 30.83it/s][A
                                                 

                                               
[A
 50%|█████     | 325/650 [06:02<04:20,  1.25it/s]

100%|██████████| 26/26 [00:00<00:00, 30.83it/s][A

                                               [A{'eval_loss': 0.9991591572761536, 'eval_macro_recall': 0.6654165436835892, 'eval_macro_precision': 0.6348110853792672, 'eval_macro_f1': 0.6270920618464692, 'eval_accuracy': 0.6953883495145631, 'eval_micro_recall': 0.6953883495145631, 'eval_micro_precision': 0.6953883495145631, 'eval_micro_f1': 0.6953883495145631, 'eval_runtime': 1.1132, 'eval_samples_per_second': 740.196, 'eval_steps_per_second': 23.356, 'epoch': 25.0}

 50%|█████     | 326/650 [06:06<10:46,  2.00s/it]
 50%|█████     | 327/650 [06:06<08:48,  1.64s/it]
 50%|█████     | 328/650 [06:07<07:26,  1.39s/it]
 51%|█████     | 329/650 [06:08<06:28,  1.21s/it]
 51%|█████     | 330/650 [06:09<05:47,  1.09s/it]
 51%|█████     | 331/650 [06:10<05:19,  1.00s/it]
 51%|█████     | 332/650 [06:10<04:59,  1.06it/s]
 51%|█████     | 333/650 [06:11<04:45,  1.11it/s]
 51%|█████▏    | 334/650 [06:12<04:34,  1.15it/s]
 52%|█████▏    | 335/650 [06:13<04:27,  1.18it/s]
 52%|█████▏    | 336/650 [06:14<04:21,  1.20it/s]
 52%|█████▏    | 337/650 [06:14<04:17,  1.21it/s]
 52%|█████▏    | 338/650 [06:15<04:09,  1.25it/s]
                                                 

 52%|█████▏    | 338/650 [06:15<04:09,  1.25it/s]{'loss': 0.858, 'grad_norm': 2.8542001247406006, 'learning_rate': 2.4e-05, 'epoch': 26.0}


  0%|          | 0/26 [00:00<?, ?it/s][A

 19%|█▉        | 5/26 [00:00<00:00, 38.06it/s][A

 35%|███▍      | 9/26 [00:00<00:00, 33.44it/s][A

 50%|█████     | 13/26 [00:00<00:00, 32.03it/s][A

 65%|██████▌   | 17/26 [00:00<00:00, 31.35it/s][A

 81%|████████  | 21/26 [00:00<00:00, 30.97it/s][A

 96%|█████████▌| 25/26 [00:00<00:00, 30.76it/s][A
                                                 

                                               
[A
 52%|█████▏    | 338/650 [06:16<04:09,  1.25it/s]

100%|██████████| 26/26 [00:00<00:00, 30.76it/s][A

                                               [A{'eval_loss': 0.9850475788116455, 'eval_macro_recall': 0.660235471599108, 'eval_macro_precision': 0.6201599852168034, 'eval_macro_f1': 0.6179241422793272, 'eval_accuracy': 0.6868932038834952, 'eval_micro_recall': 0.6868932038834952, 'eval_micro_precision': 0.6868932038834952, 'eval_micro_f1': 0.6868932038834952, 'eval_runtime': 1.1544, 'eval_samples_per_second': 713.764, 'eval_steps_per_second': 22.522, 'epoch': 26.0}

 52%|█████▏    | 339/650 [06:20<10:20,  1.99s/it]
 52%|█████▏    | 340/650 [06:21<08:27,  1.64s/it]
 52%|█████▏    | 341/650 [06:21<07:07,  1.38s/it]
 53%|█████▎    | 342/650 [06:22<06:12,  1.21s/it]
 53%|█████▎    | 343/650 [06:23<05:33,  1.09s/it]
 53%|█████▎    | 344/650 [06:24<05:06,  1.00s/it]
 53%|█████▎    | 345/650 [06:25<04:47,  1.06it/s]
 53%|█████▎    | 346/650 [06:25<04:33,  1.11it/s]
 53%|█████▎    | 347/650 [06:26<04:23,  1.15it/s]
 54%|█████▎    | 348/650 [06:27<04:16,  1.18it/s]
 54%|█████▎    | 349/650 [06:28<04:11,  1.20it/s]
 54%|█████▍    | 350/650 [06:29<04:07,  1.21it/s]
 54%|█████▍    | 351/650 [06:29<03:59,  1.25it/s]
                                                 

 54%|█████▍    | 351/650 [06:29<03:59,  1.25it/s]{'loss': 0.8373, 'grad_norm': 3.1243553161621094, 'learning_rate': 2.3000000000000003e-05, 'epoch': 27.0}


  0%|          | 0/26 [00:00<?, ?it/s][A

 19%|█▉        | 5/26 [00:00<00:00, 37.91it/s][A

 35%|███▍      | 9/26 [00:00<00:00, 33.39it/s][A

 50%|█████     | 13/26 [00:00<00:00, 31.99it/s][A

 65%|██████▌   | 17/26 [00:00<00:00, 31.34it/s][A

 81%|████████  | 21/26 [00:00<00:00, 30.97it/s][A

 96%|█████████▌| 25/26 [00:00<00:00, 30.75it/s][A
                                                 

                                               
[A
 54%|█████▍    | 351/650 [06:31<03:59,  1.25it/s]

100%|██████████| 26/26 [00:00<00:00, 30.75it/s][A

                                               [A{'eval_loss': 0.9773257374763489, 'eval_macro_recall': 0.6679012117932572, 'eval_macro_precision': 0.641155845417209, 'eval_macro_f1': 0.6310058740513639, 'eval_accuracy': 0.6978155339805825, 'eval_micro_recall': 0.6978155339805825, 'eval_micro_precision': 0.6978155339805825, 'eval_micro_f1': 0.6978155339805825, 'eval_runtime': 1.128, 'eval_samples_per_second': 730.491, 'eval_steps_per_second': 23.049, 'epoch': 27.0}

 54%|█████▍    | 352/650 [06:34<10:03,  2.03s/it]
 54%|█████▍    | 353/650 [06:35<08:12,  1.66s/it]
 54%|█████▍    | 354/650 [06:36<06:54,  1.40s/it]
 55%|█████▍    | 355/650 [06:37<05:59,  1.22s/it]
 55%|█████▍    | 356/650 [06:37<05:21,  1.09s/it]
 55%|█████▍    | 357/650 [06:38<04:54,  1.01s/it]
 55%|█████▌    | 358/650 [06:39<04:35,  1.06it/s]
 55%|█████▌    | 359/650 [06:40<04:22,  1.11it/s]
 55%|█████▌    | 360/650 [06:41<04:12,  1.15it/s]
 56%|█████▌    | 361/650 [06:42<04:05,  1.18it/s]
 56%|█████▌    | 362/650 [06:42<04:00,  1.20it/s]
 56%|█████▌    | 363/650 [06:43<03:56,  1.21it/s]
 56%|█████▌    | 364/650 [06:44<03:49,  1.25it/s]
                                                 

 56%|█████▌    | 364/650 [06:44<03:49,  1.25it/s]{'loss': 0.8131, 'grad_norm': 2.910411834716797, 'learning_rate': 2.2000000000000003e-05, 'epoch': 28.0}


  0%|          | 0/26 [00:00<?, ?it/s][A

 19%|█▉        | 5/26 [00:00<00:00, 38.01it/s][A

 35%|███▍      | 9/26 [00:00<00:00, 33.45it/s][A

 50%|█████     | 13/26 [00:00<00:00, 32.00it/s][A

 65%|██████▌   | 17/26 [00:00<00:00, 31.32it/s][A

 81%|████████  | 21/26 [00:00<00:00, 30.97it/s][A

 96%|█████████▌| 25/26 [00:00<00:00, 30.74it/s][A
                                                 

                                               
[A
 56%|█████▌    | 364/650 [06:45<03:49,  1.25it/s]

100%|██████████| 26/26 [00:00<00:00, 30.74it/s][A

                                               [A{'eval_loss': 0.9690454006195068, 'eval_macro_recall': 0.6725571461366916, 'eval_macro_precision': 0.6441685997083724, 'eval_macro_f1': 0.6356327962056443, 'eval_accuracy': 0.7038834951456311, 'eval_micro_recall': 0.7038834951456311, 'eval_micro_precision': 0.7038834951456311, 'eval_micro_f1': 0.7038834951456311, 'eval_runtime': 1.1228, 'eval_samples_per_second': 733.884, 'eval_steps_per_second': 23.157, 'epoch': 28.0}

 56%|█████▌    | 365/650 [06:49<09:29,  2.00s/it]
 56%|█████▋    | 366/650 [06:49<07:45,  1.64s/it]
 56%|█████▋    | 367/650 [06:50<06:32,  1.39s/it]
 57%|█████▋    | 368/650 [06:51<05:41,  1.21s/it]
 57%|█████▋    | 369/650 [06:52<05:05,  1.09s/it]
 57%|█████▋    | 370/650 [06:53<04:40,  1.00s/it]
 57%|█████▋    | 371/650 [06:53<04:22,  1.06it/s]
 57%|█████▋    | 372/650 [06:54<04:09,  1.11it/s]
 57%|█████▋    | 373/650 [06:55<04:00,  1.15it/s]
 58%|█████▊    | 374/650 [06:56<03:54,  1.18it/s]
 58%|█████▊    | 375/650 [06:57<03:49,  1.20it/s]
 58%|█████▊    | 376/650 [06:57<03:45,  1.21it/s]
 58%|█████▊    | 377/650 [06:58<03:38,  1.25it/s]
                                                 

 58%|█████▊    | 377/650 [06:58<03:38,  1.25it/s]{'loss': 0.7958, 'grad_norm': 2.0356996059417725, 'learning_rate': 2.1e-05, 'epoch': 29.0}


  0%|          | 0/26 [00:00<?, ?it/s][A

 19%|█▉        | 5/26 [00:00<00:00, 38.10it/s][A

 35%|███▍      | 9/26 [00:00<00:00, 33.56it/s][A

 50%|█████     | 13/26 [00:00<00:00, 32.15it/s][A

 65%|██████▌   | 17/26 [00:00<00:00, 31.48it/s][A

 81%|████████  | 21/26 [00:00<00:00, 31.11it/s][A

 96%|█████████▌| 25/26 [00:00<00:00, 30.87it/s][A
                                                 

                                               
[A
 58%|█████▊    | 377/650 [06:59<03:38,  1.25it/s]

100%|██████████| 26/26 [00:00<00:00, 30.87it/s][A

                                               [A{'eval_loss': 0.9620035290718079, 'eval_macro_recall': 0.6712787370457826, 'eval_macro_precision': 0.6390107682721319, 'eval_macro_f1': 0.6318997295354168, 'eval_accuracy': 0.7014563106796117, 'eval_micro_recall': 0.7014563106796117, 'eval_micro_precision': 0.7014563106796117, 'eval_micro_f1': 0.7014563106796117, 'eval_runtime': 1.1389, 'eval_samples_per_second': 723.525, 'eval_steps_per_second': 22.83, 'epoch': 29.0}

 58%|█████▊    | 378/650 [07:03<09:05,  2.01s/it]
 58%|█████▊    | 379/650 [07:04<07:25,  1.64s/it]
 58%|█████▊    | 380/650 [07:05<06:15,  1.39s/it]
 59%|█████▊    | 381/650 [07:05<05:26,  1.21s/it]
 59%|█████▉    | 382/650 [07:06<04:52,  1.09s/it]
 59%|█████▉    | 383/650 [07:07<04:27,  1.00s/it]
 59%|█████▉    | 384/650 [07:08<04:10,  1.06it/s]
 59%|█████▉    | 385/650 [07:09<03:58,  1.11it/s]
 59%|█████▉    | 386/650 [07:09<03:49,  1.15it/s]
 60%|█████▉    | 387/650 [07:10<03:43,  1.18it/s]
 60%|█████▉    | 388/650 [07:11<03:38,  1.20it/s]
 60%|█████▉    | 389/650 [07:12<03:35,  1.21it/s]
 60%|██████    | 390/650 [07:13<03:29,  1.24it/s]
                                                 

 60%|██████    | 390/650 [07:13<03:29,  1.24it/s]{'loss': 0.7793, 'grad_norm': 2.4275877475738525, 'learning_rate': 2e-05, 'epoch': 30.0}


  0%|          | 0/26 [00:00<?, ?it/s][A

 19%|█▉        | 5/26 [00:00<00:00, 38.18it/s][A

 35%|███▍      | 9/26 [00:00<00:00, 33.56it/s][A

 50%|█████     | 13/26 [00:00<00:00, 32.18it/s][A

 65%|██████▌   | 17/26 [00:00<00:00, 31.48it/s][A

 81%|████████  | 21/26 [00:00<00:00, 31.11it/s][A

 96%|█████████▌| 25/26 [00:00<00:00, 30.89it/s][A
                                                 

                                               
[A
 60%|██████    | 390/650 [07:14<03:29,  1.24it/s]

100%|██████████| 26/26 [00:00<00:00, 30.89it/s][A

                                               [A{'eval_loss': 0.9517958760261536, 'eval_macro_recall': 0.664726563455377, 'eval_macro_precision': 0.6378021852598125, 'eval_macro_f1': 0.6290412850117691, 'eval_accuracy': 0.6990291262135923, 'eval_micro_recall': 0.6990291262135923, 'eval_micro_precision': 0.6990291262135923, 'eval_micro_f1': 0.6990291262135923, 'eval_runtime': 1.1388, 'eval_samples_per_second': 723.558, 'eval_steps_per_second': 22.831, 'epoch': 30.0}

 60%|██████    | 391/650 [07:17<08:40,  2.01s/it]
 60%|██████    | 392/650 [07:18<07:04,  1.65s/it]
 60%|██████    | 393/650 [07:19<05:58,  1.39s/it]
 61%|██████    | 394/650 [07:20<05:11,  1.22s/it]
 61%|██████    | 395/650 [07:21<04:38,  1.09s/it]
 61%|██████    | 396/650 [07:21<04:15,  1.00s/it]
 61%|██████    | 397/650 [07:22<03:58,  1.06it/s]
 61%|██████    | 398/650 [07:23<03:46,  1.11it/s]
 61%|██████▏   | 399/650 [07:24<03:38,  1.15it/s]
 62%|██████▏   | 400/650 [07:25<03:32,  1.18it/s]
 62%|██████▏   | 401/650 [07:25<03:28,  1.20it/s]
 62%|██████▏   | 402/650 [07:26<03:24,  1.21it/s]
 62%|██████▏   | 403/650 [07:27<03:17,  1.25it/s]
                                                 

 62%|██████▏   | 403/650 [07:27<03:17,  1.25it/s]{'loss': 0.7635, 'grad_norm': 2.3463523387908936, 'learning_rate': 1.9e-05, 'epoch': 31.0}


  0%|          | 0/26 [00:00<?, ?it/s][A

 19%|█▉        | 5/26 [00:00<00:00, 37.80it/s][A

 35%|███▍      | 9/26 [00:00<00:00, 33.29it/s][A

 50%|█████     | 13/26 [00:00<00:00, 31.91it/s][A

 65%|██████▌   | 17/26 [00:00<00:00, 31.24it/s][A

 81%|████████  | 21/26 [00:00<00:00, 30.89it/s][A

 96%|█████████▌| 25/26 [00:00<00:00, 30.69it/s][A
                                                 

                                               
[A
 62%|██████▏   | 403/650 [07:28<03:17,  1.25it/s]

100%|██████████| 26/26 [00:00<00:00, 30.69it/s][A

                                               [A{'eval_loss': 0.9418124556541443, 'eval_macro_recall': 0.6786715011291282, 'eval_macro_precision': 0.6506720680449494, 'eval_macro_f1': 0.6432158493962301, 'eval_accuracy': 0.7111650485436893, 'eval_micro_recall': 0.7111650485436893, 'eval_micro_precision': 0.7111650485436893, 'eval_micro_f1': 0.7111650485436893, 'eval_runtime': 1.1494, 'eval_samples_per_second': 716.901, 'eval_steps_per_second': 22.621, 'epoch': 31.0}

 62%|██████▏   | 404/650 [07:32<08:14,  2.01s/it]
 62%|██████▏   | 405/650 [07:33<06:43,  1.65s/it]
 62%|██████▏   | 406/650 [07:33<05:40,  1.39s/it]
 63%|██████▎   | 407/650 [07:34<04:55,  1.22s/it]
 63%|██████▎   | 408/650 [07:35<04:24,  1.09s/it]
 63%|██████▎   | 409/650 [07:36<04:01,  1.00s/it]
 63%|██████▎   | 410/650 [07:37<03:46,  1.06it/s]
 63%|██████▎   | 411/650 [07:37<03:35,  1.11it/s]
 63%|██████▎   | 412/650 [07:38<03:27,  1.15it/s]
 64%|██████▎   | 413/650 [07:39<03:21,  1.18it/s]
 64%|██████▎   | 414/650 [07:40<03:17,  1.20it/s]
 64%|██████▍   | 415/650 [07:41<03:13,  1.21it/s]
 64%|██████▍   | 416/650 [07:41<03:07,  1.25it/s]
                                                 

 64%|██████▍   | 416/650 [07:41<03:07,  1.25it/s]{'loss': 0.7462, 'grad_norm': 2.4988014698028564, 'learning_rate': 1.8e-05, 'epoch': 32.0}


  0%|          | 0/26 [00:00<?, ?it/s][A

 19%|█▉        | 5/26 [00:00<00:00, 37.94it/s][A

 35%|███▍      | 9/26 [00:00<00:00, 33.33it/s][A

 50%|█████     | 13/26 [00:00<00:00, 31.92it/s][A

 65%|██████▌   | 17/26 [00:00<00:00, 31.25it/s][A

 81%|████████  | 21/26 [00:00<00:00, 30.90it/s][A

 96%|█████████▌| 25/26 [00:00<00:00, 30.71it/s][A
                                                 

                                               
[A
 64%|██████▍   | 416/650 [07:43<03:07,  1.25it/s]

100%|██████████| 26/26 [00:00<00:00, 30.71it/s][A

                                               [A{'eval_loss': 0.9429786205291748, 'eval_macro_recall': 0.6838193214613669, 'eval_macro_precision': 0.6561737450550146, 'eval_macro_f1': 0.651194826732551, 'eval_accuracy': 0.7135922330097088, 'eval_micro_recall': 0.7135922330097088, 'eval_micro_precision': 0.7135922330097088, 'eval_micro_f1': 0.7135922330097088, 'eval_runtime': 1.1403, 'eval_samples_per_second': 722.619, 'eval_steps_per_second': 22.801, 'epoch': 32.0}

 64%|██████▍   | 417/650 [07:46<07:47,  2.01s/it]
 64%|██████▍   | 418/650 [07:47<06:21,  1.64s/it]
 64%|██████▍   | 419/650 [07:48<05:21,  1.39s/it]
 65%|██████▍   | 420/650 [07:49<04:39,  1.21s/it]
 65%|██████▍   | 421/650 [07:49<04:09,  1.09s/it]
 65%|██████▍   | 422/650 [07:50<03:48,  1.00s/it]
 65%|██████▌   | 423/650 [07:51<03:34,  1.06it/s]
 65%|██████▌   | 424/650 [07:52<03:23,  1.11it/s]
 65%|██████▌   | 425/650 [07:53<03:15,  1.15it/s]
 66%|██████▌   | 426/650 [07:53<03:10,  1.18it/s]
 66%|██████▌   | 427/650 [07:54<03:06,  1.20it/s]
 66%|██████▌   | 428/650 [07:55<03:03,  1.21it/s]
 66%|██████▌   | 429/650 [07:56<02:56,  1.25it/s]
                                                 

 66%|██████▌   | 429/650 [07:56<02:56,  1.25it/s]{'loss': 0.7376, 'grad_norm': 2.343414068222046, 'learning_rate': 1.7000000000000003e-05, 'epoch': 33.0}


  0%|          | 0/26 [00:00<?, ?it/s][A

 19%|█▉        | 5/26 [00:00<00:00, 37.82it/s][A

 35%|███▍      | 9/26 [00:00<00:00, 33.33it/s][A

 50%|█████     | 13/26 [00:00<00:00, 31.94it/s][A

 65%|██████▌   | 17/26 [00:00<00:00, 31.29it/s][A

 81%|████████  | 21/26 [00:00<00:00, 30.93it/s][A

 96%|█████████▌| 25/26 [00:00<00:00, 30.72it/s][A
                                                 

                                               
[A
 66%|██████▌   | 429/650 [07:57<02:56,  1.25it/s]

100%|██████████| 26/26 [00:00<00:00, 30.72it/s][A

                                               [A{'eval_loss': 0.9421120285987854, 'eval_macro_recall': 0.6755357962744326, 'eval_macro_precision': 0.646726017038517, 'eval_macro_f1': 0.6394037548482481, 'eval_accuracy': 0.7075242718446602, 'eval_micro_recall': 0.7075242718446602, 'eval_micro_precision': 0.7075242718446602, 'eval_micro_f1': 0.7075242718446602, 'eval_runtime': 1.1343, 'eval_samples_per_second': 726.424, 'eval_steps_per_second': 22.921, 'epoch': 33.0}

 66%|██████▌   | 430/650 [08:01<07:23,  2.01s/it]
 66%|██████▋   | 431/650 [08:01<06:01,  1.65s/it]
 66%|██████▋   | 432/650 [08:02<05:04,  1.40s/it]
 67%|██████▋   | 433/650 [08:03<04:24,  1.22s/it]
 67%|██████▋   | 434/650 [08:04<03:55,  1.09s/it]
 67%|██████▋   | 435/650 [08:05<03:35,  1.00s/it]
 67%|██████▋   | 436/650 [08:05<03:21,  1.06it/s]
 67%|██████▋   | 437/650 [08:06<03:11,  1.11it/s]
 67%|██████▋   | 438/650 [08:07<03:04,  1.15it/s]
 68%|██████▊   | 439/650 [08:08<02:59,  1.18it/s]
 68%|██████▊   | 440/650 [08:09<02:55,  1.20it/s]
 68%|██████▊   | 441/650 [08:09<02:52,  1.21it/s]
 68%|██████▊   | 442/650 [08:10<02:47,  1.24it/s]
                                                 

 68%|██████▊   | 442/650 [08:10<02:47,  1.24it/s]{'loss': 0.7237, 'grad_norm': 2.7252933979034424, 'learning_rate': 1.6000000000000003e-05, 'epoch': 34.0}


  0%|          | 0/26 [00:00<?, ?it/s][A

 19%|█▉        | 5/26 [00:00<00:00, 38.31it/s][A

 35%|███▍      | 9/26 [00:00<00:00, 33.61it/s][A

 50%|█████     | 13/26 [00:00<00:00, 32.16it/s][A

 65%|██████▌   | 17/26 [00:00<00:00, 31.48it/s][A

 81%|████████  | 21/26 [00:00<00:00, 31.11it/s][A

 96%|█████████▌| 25/26 [00:00<00:00, 30.87it/s][A
                                                 

                                               
[A
 68%|██████▊   | 442/650 [08:11<02:47,  1.24it/s]

100%|██████████| 26/26 [00:00<00:00, 30.87it/s][A

                                               [A{'eval_loss': 0.936294436454773, 'eval_macro_recall': 0.6947277154663518, 'eval_macro_precision': 0.6636969722196995, 'eval_macro_f1': 0.661582410874181, 'eval_accuracy': 0.720873786407767, 'eval_micro_recall': 0.720873786407767, 'eval_micro_precision': 0.720873786407767, 'eval_micro_f1': 0.720873786407767, 'eval_runtime': 1.1393, 'eval_samples_per_second': 723.255, 'eval_steps_per_second': 22.821, 'epoch': 34.0}

 68%|██████▊   | 443/650 [08:15<06:54,  2.00s/it]
 68%|██████▊   | 444/650 [08:16<05:38,  1.64s/it]
 68%|██████▊   | 445/650 [08:17<04:44,  1.39s/it]
 69%|██████▊   | 446/650 [08:17<04:07,  1.21s/it]
 69%|██████▉   | 447/650 [08:18<03:40,  1.09s/it]
 69%|██████▉   | 448/650 [08:19<03:22,  1.00s/it]
 69%|██████▉   | 449/650 [08:20<03:09,  1.06it/s]
 69%|██████▉   | 450/650 [08:21<02:59,  1.11it/s]
 69%|██████▉   | 451/650 [08:21<02:53,  1.15it/s]
 70%|██████▉   | 452/650 [08:22<02:48,  1.18it/s]
 70%|██████▉   | 453/650 [08:23<02:44,  1.20it/s]
 70%|██████▉   | 454/650 [08:24<02:41,  1.21it/s]
 70%|███████   | 455/650 [08:24<02:37,  1.24it/s]
                                                 

 70%|███████   | 455/650 [08:25<02:37,  1.24it/s]{'loss': 0.7139, 'grad_norm': 2.3241400718688965, 'learning_rate': 1.5e-05, 'epoch': 35.0}


  0%|          | 0/26 [00:00<?, ?it/s][A

 19%|█▉        | 5/26 [00:00<00:00, 37.98it/s][A

 35%|███▍      | 9/26 [00:00<00:00, 33.35it/s][A

 50%|█████     | 13/26 [00:00<00:00, 31.96it/s][A

 65%|██████▌   | 17/26 [00:00<00:00, 31.31it/s][A

 81%|████████  | 21/26 [00:00<00:00, 30.95it/s][A

 96%|█████████▌| 25/26 [00:00<00:00, 30.73it/s][A
                                                 

                                               
[A
 70%|███████   | 455/650 [08:26<02:37,  1.24it/s]

100%|██████████| 26/26 [00:00<00:00, 30.73it/s][A

                                               [A{'eval_loss': 0.9352295398712158, 'eval_macro_recall': 0.6933230437491801, 'eval_macro_precision': 0.6649867493617493, 'eval_macro_f1': 0.6573520118911081, 'eval_accuracy': 0.7160194174757282, 'eval_micro_recall': 0.7160194174757282, 'eval_micro_precision': 0.7160194174757282, 'eval_micro_f1': 0.7160194174757283, 'eval_runtime': 1.1377, 'eval_samples_per_second': 724.241, 'eval_steps_per_second': 22.852, 'epoch': 35.0}

 70%|███████   | 456/650 [08:29<06:30,  2.01s/it]
 70%|███████   | 457/650 [08:30<05:18,  1.65s/it]
 70%|███████   | 458/650 [08:31<04:27,  1.40s/it]
 71%|███████   | 459/650 [08:32<03:52,  1.22s/it]
 71%|███████   | 460/650 [08:33<03:27,  1.09s/it]
 71%|███████   | 461/650 [08:33<03:09,  1.00s/it]
 71%|███████   | 462/650 [08:34<02:57,  1.06it/s]
 71%|███████   | 463/650 [08:35<02:48,  1.11it/s]
 71%|███████▏  | 464/650 [08:36<02:41,  1.15it/s]
 72%|███████▏  | 465/650 [08:37<02:36,  1.18it/s]
 72%|███████▏  | 466/650 [08:37<02:33,  1.20it/s]
 72%|███████▏  | 467/650 [08:38<02:31,  1.21it/s]
 72%|███████▏  | 468/650 [08:39<02:26,  1.24it/s]
                                                 

 72%|███████▏  | 468/650 [08:39<02:26,  1.24it/s]{'loss': 0.7032, 'grad_norm': 3.2384936809539795, 'learning_rate': 1.4000000000000001e-05, 'epoch': 36.0}


  0%|          | 0/26 [00:00<?, ?it/s][A

 19%|█▉        | 5/26 [00:00<00:00, 37.95it/s][A

 35%|███▍      | 9/26 [00:00<00:00, 33.40it/s][A

 50%|█████     | 13/26 [00:00<00:00, 32.01it/s][A

 65%|██████▌   | 17/26 [00:00<00:00, 31.32it/s][A

 81%|████████  | 21/26 [00:00<00:00, 30.93it/s][A

 96%|█████████▌| 25/26 [00:00<00:00, 30.72it/s][A
                                                 

                                               
[A
 72%|███████▏  | 468/650 [08:40<02:26,  1.24it/s]

100%|██████████| 26/26 [00:00<00:00, 30.72it/s][A

                                               [A{'eval_loss': 0.9322412014007568, 'eval_macro_recall': 0.6830428987208648, 'eval_macro_precision': 0.6539271149440641, 'eval_macro_f1': 0.6482849015088883, 'eval_accuracy': 0.7160194174757282, 'eval_micro_recall': 0.7160194174757282, 'eval_micro_precision': 0.7160194174757282, 'eval_micro_f1': 0.7160194174757283, 'eval_runtime': 1.1146, 'eval_samples_per_second': 739.296, 'eval_steps_per_second': 23.327, 'epoch': 36.0}

 72%|███████▏  | 469/650 [08:44<06:01,  2.00s/it]
 72%|███████▏  | 470/650 [08:44<04:54,  1.64s/it]
 72%|███████▏  | 471/650 [08:45<04:07,  1.39s/it]
 73%|███████▎  | 472/650 [08:46<03:35,  1.21s/it]
 73%|███████▎  | 473/650 [08:47<03:12,  1.09s/it]
 73%|███████▎  | 474/650 [08:48<02:56,  1.00s/it]
 73%|███████▎  | 475/650 [08:48<02:44,  1.06it/s]
 73%|███████▎  | 476/650 [08:49<02:36,  1.11it/s]
 73%|███████▎  | 477/650 [08:50<02:30,  1.15it/s]
 74%|███████▎  | 478/650 [08:51<02:26,  1.18it/s]
 74%|███████▎  | 479/650 [08:52<02:22,  1.20it/s]
 74%|███████▍  | 480/650 [08:52<02:20,  1.21it/s]
 74%|███████▍  | 481/650 [08:53<02:15,  1.25it/s]
                                                 

 74%|███████▍  | 481/650 [08:53<02:15,  1.25it/s]{'loss': 0.6936, 'grad_norm': 2.317023515701294, 'learning_rate': 1.3000000000000001e-05, 'epoch': 37.0}


  0%|          | 0/26 [00:00<?, ?it/s][A

 19%|█▉        | 5/26 [00:00<00:00, 38.12it/s][A

 35%|███▍      | 9/26 [00:00<00:00, 33.54it/s][A

 50%|█████     | 13/26 [00:00<00:00, 32.09it/s][A

 65%|██████▌   | 17/26 [00:00<00:00, 31.45it/s][A

 81%|████████  | 21/26 [00:00<00:00, 31.08it/s][A

 96%|█████████▌| 25/26 [00:00<00:00, 30.86it/s][A
                                                 

                                               
[A
 74%|███████▍  | 481/650 [08:54<02:15,  1.25it/s]

100%|██████████| 26/26 [00:00<00:00, 30.86it/s][A

                                               [A{'eval_loss': 0.9229893088340759, 'eval_macro_recall': 0.6895911222615768, 'eval_macro_precision': 0.6589087206984934, 'eval_macro_f1': 0.6549029502575546, 'eval_accuracy': 0.7184466019417476, 'eval_micro_recall': 0.7184466019417476, 'eval_micro_precision': 0.7184466019417476, 'eval_micro_f1': 0.7184466019417476, 'eval_runtime': 1.1349, 'eval_samples_per_second': 726.079, 'eval_steps_per_second': 22.91, 'epoch': 37.0}

 74%|███████▍  | 482/650 [08:58<05:35,  2.00s/it]
 74%|███████▍  | 483/650 [08:59<04:33,  1.64s/it]
 74%|███████▍  | 484/650 [09:00<03:50,  1.39s/it]
 75%|███████▍  | 485/650 [09:00<03:19,  1.21s/it]
 75%|███████▍  | 486/650 [09:01<02:58,  1.09s/it]
 75%|███████▍  | 487/650 [09:02<02:43,  1.00s/it]
 75%|███████▌  | 488/650 [09:03<02:32,  1.06it/s]
 75%|███████▌  | 489/650 [09:04<02:24,  1.11it/s]
 75%|███████▌  | 490/650 [09:04<02:19,  1.15it/s]
 76%|███████▌  | 491/650 [09:05<02:14,  1.18it/s]
 76%|███████▌  | 492/650 [09:06<02:11,  1.20it/s]
 76%|███████▌  | 493/650 [09:07<02:09,  1.21it/s]
 76%|███████▌  | 494/650 [09:08<02:04,  1.25it/s]
                                                 

 76%|███████▌  | 494/650 [09:08<02:04,  1.25it/s]{'loss': 0.6859, 'grad_norm': 2.208115816116333, 'learning_rate': 1.2e-05, 'epoch': 38.0}


  0%|          | 0/26 [00:00<?, ?it/s][A

 19%|█▉        | 5/26 [00:00<00:00, 38.14it/s][A

 35%|███▍      | 9/26 [00:00<00:00, 33.54it/s][A

 50%|█████     | 13/26 [00:00<00:00, 32.13it/s][A

 65%|██████▌   | 17/26 [00:00<00:00, 31.46it/s][A

 81%|████████  | 21/26 [00:00<00:00, 31.07it/s][A

 96%|█████████▌| 25/26 [00:00<00:00, 30.85it/s][A
                                                 

                                               
[A
 76%|███████▌  | 494/650 [09:09<02:04,  1.25it/s]

100%|██████████| 26/26 [00:00<00:00, 30.85it/s][A

                                               [A{'eval_loss': 0.925382137298584, 'eval_macro_recall': 0.685780729001068, 'eval_macro_precision': 0.6558670143415906, 'eval_macro_f1': 0.6513845281478968, 'eval_accuracy': 0.7196601941747572, 'eval_micro_recall': 0.7196601941747572, 'eval_micro_precision': 0.7196601941747572, 'eval_micro_f1': 0.7196601941747572, 'eval_runtime': 1.1229, 'eval_samples_per_second': 733.82, 'eval_steps_per_second': 23.155, 'epoch': 38.0}

 76%|███████▌  | 495/650 [09:13<05:21,  2.07s/it]
 76%|███████▋  | 496/650 [09:13<04:20,  1.69s/it]
 76%|███████▋  | 497/650 [09:14<03:37,  1.42s/it]
 77%|███████▋  | 498/650 [09:15<03:07,  1.24s/it]
 77%|███████▋  | 499/650 [09:16<02:47,  1.11s/it]
 77%|███████▋  | 500/650 [09:17<02:32,  1.01s/it]
 77%|███████▋  | 501/650 [09:17<02:21,  1.05it/s]
 77%|███████▋  | 502/650 [09:18<02:13,  1.11it/s]
 77%|███████▋  | 503/650 [09:19<02:08,  1.15it/s]
 78%|███████▊  | 504/650 [09:20<02:04,  1.17it/s]
 78%|███████▊  | 505/650 [09:21<02:01,  1.20it/s]
 78%|███████▊  | 506/650 [09:21<01:58,  1.21it/s]
 78%|███████▊  | 507/650 [09:22<01:54,  1.24it/s]
                                                 

 78%|███████▊  | 507/650 [09:22<01:54,  1.24it/s]{'loss': 0.6755, 'grad_norm': 1.9437410831451416, 'learning_rate': 1.1000000000000001e-05, 'epoch': 39.0}


  0%|          | 0/26 [00:00<?, ?it/s][A

 19%|█▉        | 5/26 [00:00<00:00, 37.90it/s][A

 35%|███▍      | 9/26 [00:00<00:00, 33.33it/s][A

 50%|█████     | 13/26 [00:00<00:00, 31.94it/s][A

 65%|██████▌   | 17/26 [00:00<00:00, 31.30it/s][A

 81%|████████  | 21/26 [00:00<00:00, 30.95it/s][A

 96%|█████████▌| 25/26 [00:00<00:00, 30.73it/s][A
                                                 

                                               
[A
 78%|███████▊  | 507/650 [09:23<01:54,  1.24it/s]

100%|██████████| 26/26 [00:00<00:00, 30.73it/s][A

                                               [A{'eval_loss': 0.9243741631507874, 'eval_macro_recall': 0.6881233643945508, 'eval_macro_precision': 0.6686225105716631, 'eval_macro_f1': 0.6559179905833512, 'eval_accuracy': 0.7148058252427184, 'eval_micro_recall': 0.7148058252427184, 'eval_micro_precision': 0.7148058252427184, 'eval_micro_f1': 0.7148058252427183, 'eval_runtime': 1.2009, 'eval_samples_per_second': 686.148, 'eval_steps_per_second': 21.65, 'epoch': 39.0}

 78%|███████▊  | 508/650 [09:27<04:56,  2.09s/it]
 78%|███████▊  | 509/650 [09:28<03:59,  1.70s/it]
 78%|███████▊  | 510/650 [09:29<03:20,  1.43s/it]
 79%|███████▊  | 511/650 [09:30<02:52,  1.24s/it]
 79%|███████▉  | 512/650 [09:30<02:32,  1.11s/it]
 79%|███████▉  | 513/650 [09:31<02:19,  1.02s/it]
 79%|███████▉  | 514/650 [09:32<02:09,  1.05it/s]
 79%|███████▉  | 515/650 [09:33<02:02,  1.10it/s]
 79%|███████▉  | 516/650 [09:34<01:57,  1.14it/s]
 80%|███████▉  | 517/650 [09:34<01:53,  1.17it/s]
 80%|███████▉  | 518/650 [09:35<01:50,  1.19it/s]
 80%|███████▉  | 519/650 [09:36<01:48,  1.21it/s]
 80%|████████  | 520/650 [09:37<01:45,  1.23it/s]
                                                 

 80%|████████  | 520/650 [09:37<01:45,  1.23it/s]{'loss': 0.6713, 'grad_norm': 2.310823917388916, 'learning_rate': 1e-05, 'epoch': 40.0}


  0%|          | 0/26 [00:00<?, ?it/s][A

 19%|█▉        | 5/26 [00:00<00:00, 38.15it/s][A

 35%|███▍      | 9/26 [00:00<00:00, 33.50it/s][A

 50%|█████     | 13/26 [00:00<00:00, 32.10it/s][A

 65%|██████▌   | 17/26 [00:00<00:00, 31.44it/s][A

 81%|████████  | 21/26 [00:00<00:00, 31.07it/s][A

 96%|█████████▌| 25/26 [00:00<00:00, 30.85it/s][A
                                                 

                                               
[A
 80%|████████  | 520/650 [09:38<01:45,  1.23it/s]

100%|██████████| 26/26 [00:00<00:00, 30.85it/s][A

                                               [A{'eval_loss': 0.9183568954467773, 'eval_macro_recall': 0.6955735726922168, 'eval_macro_precision': 0.6683591675117099, 'eval_macro_f1': 0.6612861143206694, 'eval_accuracy': 0.7220873786407767, 'eval_micro_recall': 0.7220873786407767, 'eval_micro_precision': 0.7220873786407767, 'eval_micro_f1': 0.7220873786407768, 'eval_runtime': 1.1425, 'eval_samples_per_second': 721.206, 'eval_steps_per_second': 22.757, 'epoch': 40.0}

 80%|████████  | 521/650 [09:42<04:27,  2.07s/it]
 80%|████████  | 522/650 [09:43<03:36,  1.69s/it]
 80%|████████  | 523/650 [09:43<03:00,  1.42s/it]
 81%|████████  | 524/650 [09:44<02:35,  1.24s/it]
 81%|████████  | 525/650 [09:45<02:18,  1.10s/it]
 81%|████████  | 526/650 [09:46<02:05,  1.01s/it]
 81%|████████  | 527/650 [09:47<01:56,  1.05it/s]
 81%|████████  | 528/650 [09:47<01:50,  1.11it/s]
 81%|████████▏ | 529/650 [09:48<01:45,  1.15it/s]
 82%|████████▏ | 530/650 [09:49<01:42,  1.17it/s]
 82%|████████▏ | 531/650 [09:50<01:39,  1.19it/s]
 82%|████████▏ | 532/650 [09:51<01:37,  1.21it/s]
 82%|████████▏ | 533/650 [09:51<01:33,  1.25it/s]
                                                 

 82%|████████▏ | 533/650 [09:51<01:33,  1.25it/s]{'loss': 0.6645, 'grad_norm': 1.9744994640350342, 'learning_rate': 9e-06, 'epoch': 41.0}


  0%|          | 0/26 [00:00<?, ?it/s][A

 19%|█▉        | 5/26 [00:00<00:00, 38.06it/s][A

 35%|███▍      | 9/26 [00:00<00:00, 33.45it/s][A

 50%|█████     | 13/26 [00:00<00:00, 32.07it/s][A

 65%|██████▌   | 17/26 [00:00<00:00, 31.42it/s][A

 81%|████████  | 21/26 [00:00<00:00, 31.08it/s][A

 96%|█████████▌| 25/26 [00:00<00:00, 30.86it/s][A
                                                 

                                               
[A
 82%|████████▏ | 533/650 [09:53<01:33,  1.25it/s]

100%|██████████| 26/26 [00:00<00:00, 30.86it/s][A

                                               [A{'eval_loss': 0.9181755781173706, 'eval_macro_recall': 0.686471250030572, 'eval_macro_precision': 0.65712129991791, 'eval_macro_f1': 0.651791513604995, 'eval_accuracy': 0.7148058252427184, 'eval_micro_recall': 0.7148058252427184, 'eval_micro_precision': 0.7148058252427184, 'eval_micro_f1': 0.7148058252427183, 'eval_runtime': 1.1396, 'eval_samples_per_second': 723.045, 'eval_steps_per_second': 22.815, 'epoch': 41.0}

 82%|████████▏ | 534/650 [09:56<04:02,  2.09s/it]
 82%|████████▏ | 535/650 [09:57<03:15,  1.70s/it]
 82%|████████▏ | 536/650 [09:58<02:43,  1.43s/it]
 83%|████████▎ | 537/650 [09:59<02:20,  1.24s/it]
 83%|████████▎ | 538/650 [10:00<02:04,  1.11s/it]
 83%|████████▎ | 539/650 [10:00<01:52,  1.02s/it]
 83%|████████▎ | 540/650 [10:01<01:44,  1.05it/s]
 83%|████████▎ | 541/650 [10:02<01:38,  1.10it/s]
 83%|████████▎ | 542/650 [10:03<01:34,  1.14it/s]
 84%|████████▎ | 543/650 [10:04<01:31,  1.17it/s]
 84%|████████▎ | 544/650 [10:04<01:28,  1.19it/s]
 84%|████████▍ | 545/650 [10:05<01:26,  1.21it/s]
 84%|████████▍ | 546/650 [10:06<01:24,  1.24it/s]
                                                 

 84%|████████▍ | 546/650 [10:06<01:24,  1.24it/s]{'loss': 0.6603, 'grad_norm': 2.2420690059661865, 'learning_rate': 8.000000000000001e-06, 'epoch': 42.0}


  0%|          | 0/26 [00:00<?, ?it/s][A

 19%|█▉        | 5/26 [00:00<00:00, 38.25it/s][A

 35%|███▍      | 9/26 [00:00<00:00, 33.52it/s][A

 50%|█████     | 13/26 [00:00<00:00, 32.13it/s][A

 65%|██████▌   | 17/26 [00:00<00:00, 31.45it/s][A

 81%|████████  | 21/26 [00:00<00:00, 31.09it/s][A

 96%|█████████▌| 25/26 [00:00<00:00, 30.84it/s][A
                                                 

                                               
[A
 84%|████████▍ | 546/650 [10:07<01:24,  1.24it/s]

100%|██████████| 26/26 [00:00<00:00, 30.84it/s][A

                                               [A{'eval_loss': 0.9165225625038147, 'eval_macro_recall': 0.6916073568615941, 'eval_macro_precision': 0.6615935696444172, 'eval_macro_f1': 0.6584995272573473, 'eval_accuracy': 0.7184466019417476, 'eval_micro_recall': 0.7184466019417476, 'eval_micro_precision': 0.7184466019417476, 'eval_micro_f1': 0.7184466019417476, 'eval_runtime': 1.1284, 'eval_samples_per_second': 730.21, 'eval_steps_per_second': 23.041, 'epoch': 42.0}

 84%|████████▍ | 547/650 [10:11<03:36,  2.11s/it]
 84%|████████▍ | 548/650 [10:12<02:54,  1.71s/it]
 84%|████████▍ | 549/650 [10:13<02:25,  1.44s/it]
 85%|████████▍ | 550/650 [10:14<02:04,  1.25s/it]
 85%|████████▍ | 551/650 [10:14<01:50,  1.11s/it]
 85%|████████▍ | 552/650 [10:15<01:39,  1.02s/it]
 85%|████████▌ | 553/650 [10:16<01:32,  1.05it/s]
 85%|████████▌ | 554/650 [10:17<01:27,  1.10it/s]
 85%|████████▌ | 555/650 [10:18<01:23,  1.14it/s]
 86%|████████▌ | 556/650 [10:18<01:20,  1.17it/s]
 86%|████████▌ | 557/650 [10:19<01:17,  1.20it/s]
 86%|████████▌ | 558/650 [10:20<01:16,  1.21it/s]
 86%|████████▌ | 559/650 [10:21<01:13,  1.24it/s]
                                                 

 86%|████████▌ | 559/650 [10:21<01:13,  1.24it/s]{'loss': 0.6526, 'grad_norm': 1.6848573684692383, 'learning_rate': 7.000000000000001e-06, 'epoch': 43.0}


  0%|          | 0/26 [00:00<?, ?it/s][A

 19%|█▉        | 5/26 [00:00<00:00, 37.81it/s][A

 35%|███▍      | 9/26 [00:00<00:00, 33.34it/s][A

 50%|█████     | 13/26 [00:00<00:00, 31.96it/s][A

 65%|██████▌   | 17/26 [00:00<00:00, 31.12it/s][A

 81%|████████  | 21/26 [00:00<00:00, 30.83it/s][A

 96%|█████████▌| 25/26 [00:00<00:00, 30.66it/s][A
                                                 

                                               
[A
 86%|████████▌ | 559/650 [10:22<01:13,  1.24it/s]

100%|██████████| 26/26 [00:00<00:00, 30.66it/s][A

                                               [A{'eval_loss': 0.9138617515563965, 'eval_macro_recall': 0.6922218553574485, 'eval_macro_precision': 0.6716362890091703, 'eval_macro_f1': 0.6601903785237739, 'eval_accuracy': 0.7184466019417476, 'eval_micro_recall': 0.7184466019417476, 'eval_micro_precision': 0.7184466019417476, 'eval_micro_f1': 0.7184466019417476, 'eval_runtime': 1.1246, 'eval_samples_per_second': 732.68, 'eval_steps_per_second': 23.119, 'epoch': 43.0}

 86%|████████▌ | 560/650 [10:26<03:08,  2.09s/it]
 86%|████████▋ | 561/650 [10:27<02:31,  1.70s/it]
 86%|████████▋ | 562/650 [10:27<02:06,  1.43s/it]
 87%|████████▋ | 563/650 [10:28<01:48,  1.24s/it]
 87%|████████▋ | 564/650 [10:29<01:35,  1.11s/it]
 87%|████████▋ | 565/650 [10:30<01:26,  1.02s/it]
 87%|████████▋ | 566/650 [10:31<01:19,  1.05it/s]
 87%|████████▋ | 567/650 [10:31<01:15,  1.10it/s]
 87%|████████▋ | 568/650 [10:32<01:11,  1.14it/s]
 88%|████████▊ | 569/650 [10:33<01:08,  1.17it/s]
 88%|████████▊ | 570/650 [10:34<01:06,  1.19it/s]
 88%|████████▊ | 571/650 [10:35<01:05,  1.21it/s]
 88%|████████▊ | 572/650 [10:35<01:02,  1.25it/s]
                                                 

 88%|████████▊ | 572/650 [10:35<01:02,  1.25it/s]{'loss': 0.6492, 'grad_norm': 2.1056599617004395, 'learning_rate': 6e-06, 'epoch': 44.0}


  0%|          | 0/26 [00:00<?, ?it/s][A

 19%|█▉        | 5/26 [00:00<00:00, 38.05it/s][A

 35%|███▍      | 9/26 [00:00<00:00, 33.47it/s][A

 50%|█████     | 13/26 [00:00<00:00, 32.10it/s][A

 65%|██████▌   | 17/26 [00:00<00:00, 31.42it/s][A

 81%|████████  | 21/26 [00:00<00:00, 31.07it/s][A

 96%|█████████▌| 25/26 [00:00<00:00, 30.84it/s][A
                                                 

                                               
[A
 88%|████████▊ | 572/650 [10:37<01:02,  1.25it/s]

100%|██████████| 26/26 [00:00<00:00, 30.84it/s][A

                                               [A{'eval_loss': 0.9153043627738953, 'eval_macro_recall': 0.6937688018196493, 'eval_macro_precision': 0.662346865312967, 'eval_macro_f1': 0.6602573731124666, 'eval_accuracy': 0.7220873786407767, 'eval_micro_recall': 0.7220873786407767, 'eval_micro_precision': 0.7220873786407767, 'eval_micro_f1': 0.7220873786407768, 'eval_runtime': 1.1396, 'eval_samples_per_second': 723.054, 'eval_steps_per_second': 22.815, 'epoch': 44.0}

 88%|████████▊ | 573/650 [10:40<02:40,  2.08s/it]
 88%|████████▊ | 574/650 [10:41<02:08,  1.70s/it]
 88%|████████▊ | 575/650 [10:42<01:47,  1.43s/it]
 89%|████████▊ | 576/650 [10:43<01:31,  1.24s/it]
 89%|████████▉ | 577/650 [10:44<01:20,  1.11s/it]
 89%|████████▉ | 578/650 [10:44<01:13,  1.01s/it]
 89%|████████▉ | 579/650 [10:45<01:07,  1.05it/s]
 89%|████████▉ | 580/650 [10:46<01:03,  1.10it/s]
 89%|████████▉ | 581/650 [10:47<01:00,  1.14it/s]
 90%|████████▉ | 582/650 [10:48<00:57,  1.17it/s]
 90%|████████▉ | 583/650 [10:48<00:55,  1.20it/s]
 90%|████████▉ | 584/650 [10:49<00:54,  1.21it/s]
 90%|█████████ | 585/650 [10:50<00:52,  1.25it/s]
                                                 

 90%|█████████ | 585/650 [10:50<00:52,  1.25it/s]{'loss': 0.6456, 'grad_norm': 2.146514654159546, 'learning_rate': 5e-06, 'epoch': 45.0}


  0%|          | 0/26 [00:00<?, ?it/s][A

 19%|█▉        | 5/26 [00:00<00:00, 37.93it/s][A

 35%|███▍      | 9/26 [00:00<00:00, 33.36it/s][A

 50%|█████     | 13/26 [00:00<00:00, 31.96it/s][A

 65%|██████▌   | 17/26 [00:00<00:00, 31.30it/s][A

 81%|████████  | 21/26 [00:00<00:00, 30.95it/s][A

 96%|█████████▌| 25/26 [00:00<00:00, 30.74it/s][A
                                                 

                                               
[A
 90%|█████████ | 585/650 [10:51<00:52,  1.25it/s]

100%|██████████| 26/26 [00:00<00:00, 30.74it/s][A

                                               [A{'eval_loss': 0.912139892578125, 'eval_macro_recall': 0.6946319531065294, 'eval_macro_precision': 0.6590035043424874, 'eval_macro_f1': 0.6595655178041974, 'eval_accuracy': 0.7245145631067961, 'eval_micro_recall': 0.7245145631067961, 'eval_micro_precision': 0.7245145631067961, 'eval_micro_f1': 0.7245145631067961, 'eval_runtime': 1.1368, 'eval_samples_per_second': 724.815, 'eval_steps_per_second': 22.87, 'epoch': 45.0}

 90%|█████████ | 586/650 [10:55<02:13,  2.08s/it]
 90%|█████████ | 587/650 [10:56<01:47,  1.70s/it]
 90%|█████████ | 588/650 [10:57<01:28,  1.43s/it]
 91%|█████████ | 589/650 [10:57<01:15,  1.24s/it]
 91%|█████████ | 590/650 [10:58<01:06,  1.11s/it]
 91%|█████████ | 591/650 [10:59<00:59,  1.02s/it]
 91%|█████████ | 592/650 [11:00<00:55,  1.05it/s]
 91%|█████████ | 593/650 [11:01<00:51,  1.10it/s]
 91%|█████████▏| 594/650 [11:01<00:48,  1.14it/s]
 92%|█████████▏| 595/650 [11:02<00:46,  1.17it/s]
 92%|█████████▏| 596/650 [11:03<00:45,  1.20it/s]
 92%|█████████▏| 597/650 [11:04<00:43,  1.21it/s]
 92%|█████████▏| 598/650 [11:05<00:41,  1.25it/s]
                                                 

 92%|█████████▏| 598/650 [11:05<00:41,  1.25it/s]{'loss': 0.6388, 'grad_norm': 2.172806978225708, 'learning_rate': 4.000000000000001e-06, 'epoch': 46.0}


  0%|          | 0/26 [00:00<?, ?it/s][A

 19%|█▉        | 5/26 [00:00<00:00, 38.18it/s][A

 35%|███▍      | 9/26 [00:00<00:00, 33.55it/s][A

 50%|█████     | 13/26 [00:00<00:00, 32.16it/s][A

 65%|██████▌   | 17/26 [00:00<00:00, 31.48it/s][A

 81%|████████  | 21/26 [00:00<00:00, 31.15it/s][A

 96%|█████████▌| 25/26 [00:00<00:00, 30.90it/s][A
                                                 

                                               
[A
 92%|█████████▏| 598/650 [11:06<00:41,  1.25it/s]

100%|██████████| 26/26 [00:00<00:00, 30.90it/s][A

                                               [A{'eval_loss': 0.9127503633499146, 'eval_macro_recall': 0.6951812311981803, 'eval_macro_precision': 0.6662814900103036, 'eval_macro_f1': 0.6612674741225676, 'eval_accuracy': 0.7233009708737864, 'eval_micro_recall': 0.7233009708737864, 'eval_micro_precision': 0.7233009708737864, 'eval_micro_f1': 0.7233009708737864, 'eval_runtime': 1.1223, 'eval_samples_per_second': 734.181, 'eval_steps_per_second': 23.166, 'epoch': 46.0}

 92%|█████████▏| 599/650 [11:09<01:42,  2.02s/it]
 92%|█████████▏| 600/650 [11:10<01:22,  1.65s/it]
 92%|█████████▏| 601/650 [11:11<01:08,  1.39s/it]
 93%|█████████▎| 602/650 [11:12<00:58,  1.22s/it]
 93%|█████████▎| 603/650 [11:13<00:51,  1.09s/it]
 93%|█████████▎| 604/650 [11:13<00:46,  1.00s/it]
 93%|█████████▎| 605/650 [11:14<00:42,  1.06it/s]
 93%|█████████▎| 606/650 [11:15<00:39,  1.11it/s]
 93%|█████████▎| 607/650 [11:16<00:37,  1.15it/s]
 94%|█████████▎| 608/650 [11:17<00:35,  1.18it/s]
 94%|█████████▎| 609/650 [11:17<00:34,  1.20it/s]
 94%|█████████▍| 610/650 [11:18<00:32,  1.21it/s]
 94%|█████████▍| 611/650 [11:19<00:31,  1.25it/s]
                                                 

 94%|█████████▍| 611/650 [11:19<00:31,  1.25it/s]{'loss': 0.638, 'grad_norm': 1.9778095483779907, 'learning_rate': 3e-06, 'epoch': 47.0}


  0%|          | 0/26 [00:00<?, ?it/s][A

 19%|█▉        | 5/26 [00:00<00:00, 38.13it/s][A

 35%|███▍      | 9/26 [00:00<00:00, 33.52it/s][A

 50%|█████     | 13/26 [00:00<00:00, 32.12it/s][A

 65%|██████▌   | 17/26 [00:00<00:00, 31.46it/s][A

 81%|████████  | 21/26 [00:00<00:00, 31.09it/s][A

 96%|█████████▌| 25/26 [00:00<00:00, 30.86it/s][A
                                                 

                                               
[A
 94%|█████████▍| 611/650 [11:20<00:31,  1.25it/s]

100%|██████████| 26/26 [00:00<00:00, 30.86it/s][A

                                               [A{'eval_loss': 0.9135059118270874, 'eval_macro_recall': 0.6937912213335942, 'eval_macro_precision': 0.6573646378731125, 'eval_macro_f1': 0.6570912657536742, 'eval_accuracy': 0.7233009708737864, 'eval_micro_recall': 0.7233009708737864, 'eval_micro_precision': 0.7233009708737864, 'eval_micro_f1': 0.7233009708737864, 'eval_runtime': 1.1108, 'eval_samples_per_second': 741.822, 'eval_steps_per_second': 23.407, 'epoch': 47.0}

 94%|█████████▍| 612/650 [11:24<01:18,  2.05s/it]
 94%|█████████▍| 613/650 [11:25<01:02,  1.68s/it]
 94%|█████████▍| 614/650 [11:26<00:50,  1.41s/it]
 95%|█████████▍| 615/650 [11:26<00:43,  1.23s/it]
 95%|█████████▍| 616/650 [11:27<00:37,  1.10s/it]
 95%|█████████▍| 617/650 [11:28<00:33,  1.01s/it]
 95%|█████████▌| 618/650 [11:29<00:30,  1.06it/s]
 95%|█████████▌| 619/650 [11:30<00:27,  1.11it/s]
 95%|█████████▌| 620/650 [11:30<00:26,  1.15it/s]
 96%|█████████▌| 621/650 [11:31<00:24,  1.18it/s]
 96%|█████████▌| 622/650 [11:32<00:23,  1.20it/s]
 96%|█████████▌| 623/650 [11:33<00:22,  1.21it/s]
 96%|█████████▌| 624/650 [11:34<00:20,  1.25it/s]
                                                 

 96%|█████████▌| 624/650 [11:34<00:20,  1.25it/s]{'loss': 0.6336, 'grad_norm': 2.232917547225952, 'learning_rate': 2.0000000000000003e-06, 'epoch': 48.0}


  0%|          | 0/26 [00:00<?, ?it/s][A

 19%|█▉        | 5/26 [00:00<00:00, 38.14it/s][A

 35%|███▍      | 9/26 [00:00<00:00, 33.52it/s][A

 50%|█████     | 13/26 [00:00<00:00, 32.12it/s][A

 65%|██████▌   | 17/26 [00:00<00:00, 31.45it/s][A

 81%|████████  | 21/26 [00:00<00:00, 31.10it/s][A

 96%|█████████▌| 25/26 [00:00<00:00, 30.87it/s][A
                                                 

                                               
[A
 96%|█████████▌| 624/650 [11:35<00:20,  1.25it/s]

100%|██████████| 26/26 [00:00<00:00, 30.87it/s][A

                                               [A{'eval_loss': 0.9130619168281555, 'eval_macro_recall': 0.6928271822339619, 'eval_macro_precision': 0.6625351892301046, 'eval_macro_f1': 0.6594985587943303, 'eval_accuracy': 0.720873786407767, 'eval_micro_recall': 0.720873786407767, 'eval_micro_precision': 0.720873786407767, 'eval_micro_f1': 0.720873786407767, 'eval_runtime': 1.1266, 'eval_samples_per_second': 731.43, 'eval_steps_per_second': 23.079, 'epoch': 48.0}

 96%|█████████▌| 625/650 [11:39<00:52,  2.09s/it]
 96%|█████████▋| 626/650 [11:39<00:40,  1.70s/it]
 96%|█████████▋| 627/650 [11:40<00:32,  1.43s/it]
 97%|█████████▋| 628/650 [11:41<00:27,  1.24s/it]
 97%|█████████▋| 629/650 [11:42<00:23,  1.11s/it]
 97%|█████████▋| 630/650 [11:43<00:20,  1.02s/it]
 97%|█████████▋| 631/650 [11:43<00:18,  1.05it/s]
 97%|█████████▋| 632/650 [11:44<00:16,  1.10it/s]
 97%|█████████▋| 633/650 [11:45<00:14,  1.14it/s]
 98%|█████████▊| 634/650 [11:46<00:13,  1.17it/s]
 98%|█████████▊| 635/650 [11:47<00:12,  1.20it/s]
 98%|█████████▊| 636/650 [11:47<00:11,  1.21it/s]
 98%|█████████▊| 637/650 [11:48<00:10,  1.25it/s]
                                                 

 98%|█████████▊| 637/650 [11:48<00:10,  1.25it/s]{'loss': 0.6302, 'grad_norm': 1.587479829788208, 'learning_rate': 1.0000000000000002e-06, 'epoch': 49.0}


  0%|          | 0/26 [00:00<?, ?it/s][A

 19%|█▉        | 5/26 [00:00<00:00, 38.17it/s][A

 35%|███▍      | 9/26 [00:00<00:00, 33.59it/s][A

 50%|█████     | 13/26 [00:00<00:00, 32.15it/s][A

 65%|██████▌   | 17/26 [00:00<00:00, 31.46it/s][A

 81%|████████  | 21/26 [00:00<00:00, 31.10it/s][A

 96%|█████████▌| 25/26 [00:00<00:00, 30.88it/s][A
                                                 

                                               
[A
 98%|█████████▊| 637/650 [11:49<00:10,  1.25it/s]

100%|██████████| 26/26 [00:00<00:00, 30.88it/s][A

                                               [A{'eval_loss': 0.9124999046325684, 'eval_macro_recall': 0.6921209675446963, 'eval_macro_precision': 0.6614052457272797, 'eval_macro_f1': 0.6583741339410919, 'eval_accuracy': 0.7196601941747572, 'eval_micro_recall': 0.7196601941747572, 'eval_micro_precision': 0.7196601941747572, 'eval_micro_f1': 0.7196601941747572, 'eval_runtime': 1.1182, 'eval_samples_per_second': 736.871, 'eval_steps_per_second': 23.251, 'epoch': 49.0}

 98%|█████████▊| 638/650 [11:53<00:25,  2.09s/it]
 98%|█████████▊| 639/650 [11:54<00:18,  1.71s/it]
 98%|█████████▊| 640/650 [11:55<00:14,  1.43s/it]
 99%|█████████▊| 641/650 [11:56<00:11,  1.24s/it]
 99%|█████████▉| 642/650 [11:56<00:08,  1.11s/it]
 99%|█████████▉| 643/650 [11:57<00:07,  1.02s/it]
 99%|█████████▉| 644/650 [11:58<00:05,  1.05it/s]
 99%|█████████▉| 645/650 [11:59<00:04,  1.10it/s]
 99%|█████████▉| 646/650 [12:00<00:03,  1.14it/s]
100%|█████████▉| 647/650 [12:00<00:02,  1.17it/s]
100%|█████████▉| 648/650 [12:01<00:01,  1.20it/s]
100%|█████████▉| 649/650 [12:02<00:00,  1.21it/s]
100%|██████████| 650/650 [12:03<00:00,  1.24it/s]
                                                 

100%|██████████| 650/650 [12:03<00:00,  1.24it/s]{'loss': 0.6311, 'grad_norm': 2.060844898223877, 'learning_rate': 0.0, 'epoch': 50.0}


  0%|          | 0/26 [00:00<?, ?it/s][A

 19%|█▉        | 5/26 [00:00<00:00, 38.05it/s][A

 35%|███▍      | 9/26 [00:00<00:00, 33.39it/s][A

 50%|█████     | 13/26 [00:00<00:00, 32.00it/s][A

 65%|██████▌   | 17/26 [00:00<00:00, 31.32it/s][A

 81%|████████  | 21/26 [00:00<00:00, 30.97it/s][A

 96%|█████████▌| 25/26 [00:00<00:00, 30.71it/s][A
                                                 

                                               
[A
100%|██████████| 650/650 [12:04<00:00,  1.24it/s]

100%|██████████| 26/26 [00:00<00:00, 30.71it/s][A

                                               [A
                                                 

100%|██████████| 650/650 [12:07<00:00,  1.24it/s]
100%|██████████| 650/650 [12:07<00:00,  1.12s/it]
2025-04-12 17:30:28.055 | INFO     | __main__:fine_tune:231 - Training time: 727.78 seconds
{'eval_loss': 0.9138112664222717, 'eval_macro_recall': 0.6921209675446963, 'eval_macro_precision': 0.6626764321679576, 'eval_macro_f1': 0.658829909471643, 'eval_accuracy': 0.7196601941747572, 'eval_micro_recall': 0.7196601941747572, 'eval_micro_precision': 0.7196601941747572, 'eval_micro_f1': 0.7196601941747572, 'eval_runtime': 1.1041, 'eval_samples_per_second': 746.301, 'eval_steps_per_second': 23.548, 'epoch': 50.0}
{'train_runtime': 727.5176, 'train_samples_per_second': 226.386, 'train_steps_per_second': 0.893, 'train_loss': 1.3858940740732046, 'epoch': 50.0}

  0%|          | 0/26 [00:00<?, ?it/s]
 19%|█▉        | 5/26 [00:00<00:00, 38.09it/s]
 35%|███▍      | 9/26 [00:00<00:00, 33.53it/s]
 50%|█████     | 13/26 [00:00<00:00, 32.10it/s]
 65%|██████▌   | 17/26 [00:00<00:00, 31.47it/s]
 81%|████████  | 21/26 [00:00<00:00, 31.11it/s]
 96%|█████████▌| 25/26 [00:00<00:00, 30.91it/s]
100%|██████████| 26/26 [00:00<00:00, 29.70it/s]
2025-04-12 17:30:29.145 | INFO     | __main__:fine_tune:242 - Prediction time: 1.09 seconds
2025-04-12 17:30:29.148 | INFO     | __main__:CV_run:419 - Fold 1, Final Eval Metrics: loss: 0.91, macro_recall: 0.69, macro_precision: 0.66, macro_f1: 0.66, accuracy: 0.72, micro_recall: 0.72, micro_precision: 0.72, micro_f1: 0.72, runtime: 1.10, samples_per_second: 746.30, steps_per_second: 23.55
2025-04-12 17:30:29.148 | INFO     | __main__:CV_run:357 - Starting fold 2
Some weights of RobertaForSequenceClassification were not initialized from the model checkpoint at roberta-base and are newly initialized: ['classifier.dense.bias', 'classifier.dense.weight', 'classifier.out_proj.bias', 'classifier.out_proj.weight']
You should probably TRAIN this model on a down-stream task to be able to use it for predictions and inference.
2025-04-12 17:30:29.334 | INFO     | __main__:CV_run:409 - Starting fine-tuning with cross-entropy loss
Eval results: defaultdict(<class 'list'>, {'loss': [4.920851230621338, 4.342744827270508, 3.831756353378296, 3.3774936199188232, 3.003901481628418, 2.6973984241485596, 2.441956043243408, 2.2283899784088135, 2.041795492172241, 1.8637268543243408, 1.7327110767364502, 1.6146796941757202, 1.4974815845489502, 1.41673743724823, 1.33897864818573, 1.277219295501709, 1.2223634719848633, 1.1740586757659912, 1.1438319683074951, 1.0925743579864502, 1.067495346069336, 1.0485419034957886, 1.0304553508758545, 1.0107004642486572, 0.9991591572761536, 0.9850475788116455, 0.9773257374763489, 0.9690454006195068, 0.9620035290718079, 0.9517958760261536, 0.9418124556541443, 0.9429786205291748, 0.9421120285987854, 0.936294436454773, 0.9352295398712158, 0.9322412014007568, 0.9229893088340759, 0.925382137298584, 0.9243741631507874, 0.9183568954467773, 0.9181755781173706, 0.9165225625038147, 0.9138617515563965, 0.9153043627738953, 0.912139892578125, 0.9127503633499146, 0.9135059118270874, 0.9130619168281555, 0.9124999046325684, 0.9138112664222717], 'macro_recall': [0.1006809163059163, 0.21930465367965368, 0.30552624458874456, 0.37752299783549786, 0.403808170995671, 0.4332589285714286, 0.47368777056277056, 0.4913622835497835, 0.5309253246753246, 0.5624450675587039, 0.5785988947920766, 0.57589818640955, 0.5871634363111636, 0.5944907680703135, 0.6178470992391446, 0.6275693214613669, 0.6299773301193755, 0.6410591302636757, 0.6485108799029254, 0.649778015545061, 0.643361168503214, 0.6636511216056671, 0.6691613783943329, 0.6705008690804146, 0.6654165436835892, 0.660235471599108, 0.6679012117932572, 0.6725571461366916, 0.6712787370457826, 0.664726563455377, 0.6786715011291282, 0.6838193214613669, 0.6755357962744326, 0.6947277154663518, 0.6933230437491801, 0.6830428987208648, 0.6895911222615768, 0.685780729001068, 0.6881233643945508, 0.6955735726922168, 0.686471250030572, 0.6916073568615941, 0.6922218553574485, 0.6937688018196493, 0.6946319531065294, 0.6951812311981803, 0.6937912213335942, 0.6928271822339619, 0.6921209675446963, 0.6921209675446963], 'macro_precision': [0.05819466891979754, 0.13060439257423137, 0.21649497631013406, 0.2948258404476001, 0.3156106400568633, 0.3493472751402043, 0.3964485009939555, 0.4270821145456703, 0.4697516183311637, 0.5094144143150104, 0.5278559992558818, 0.5269876745729019, 0.5322115354350437, 0.5366371812451589, 0.570095186401025, 0.5792427087019564, 0.5794220804117134, 0.5949065554328712, 0.613849942554023, 0.607142687511026, 0.6036749595693583, 0.6184102932290628, 0.6402196130889313, 0.6425614789251153, 0.6348110853792672, 0.6201599852168034, 0.641155845417209, 0.6441685997083724, 0.6390107682721319, 0.6378021852598125, 0.6506720680449494, 0.6561737450550146, 0.646726017038517, 0.6636969722196995, 0.6649867493617493, 0.6539271149440641, 0.6589087206984934, 0.6558670143415906, 0.6686225105716631, 0.6683591675117099, 0.65712129991791, 0.6615935696444172, 0.6716362890091703, 0.662346865312967, 0.6590035043424874, 0.6662814900103036, 0.6573646378731125, 0.6625351892301046, 0.6614052457272797, 0.6626764321679576], 'macro_f1': [0.05993832015978028, 0.14069093221202003, 0.22457312718349537, 0.302464536286015, 0.32395309714373033, 0.3561552103257646, 0.3970858159060038, 0.4264610707183522, 0.4700414122443114, 0.5066202257613565, 0.521248802404577, 0.5216399038912584, 0.5329698737228465, 0.5393500089286192, 0.5682255388920532, 0.5799754640743742, 0.5800423723188572, 0.5956804858458313, 0.6053390648390488, 0.6008382343362211, 0.6014099024959233, 0.6210448387502734, 0.6330054105357291, 0.6367396631564861, 0.6270920618464692, 0.6179241422793272, 0.6310058740513639, 0.6356327962056443, 0.6318997295354168, 0.6290412850117691, 0.6432158493962301, 0.651194826732551, 0.6394037548482481, 0.661582410874181, 0.6573520118911081, 0.6482849015088883, 0.6549029502575546, 0.6513845281478968, 0.6559179905833512, 0.6612861143206694, 0.651791513604995, 0.6584995272573473, 0.6601903785237739, 0.6602573731124666, 0.6595655178041974, 0.6612674741225676, 0.6570912657536742, 0.6594985587943303, 0.6583741339410919, 0.658829909471643], 'accuracy': [0.11286407766990292, 0.220873786407767, 0.3106796116504854, 0.40048543689320387, 0.42354368932038833, 0.4526699029126214, 0.4975728155339806, 0.5097087378640777, 0.558252427184466, 0.5934466019417476, 0.6055825242718447, 0.6031553398058253, 0.6177184466019418, 0.6262135922330098, 0.6432038834951457, 0.6577669902912622, 0.6577669902912622, 0.6686893203883495, 0.6783980582524272, 0.6723300970873787, 0.6759708737864077, 0.6953883495145631, 0.6990291262135923, 0.7002427184466019, 0.6953883495145631, 0.6868932038834952, 0.6978155339805825, 0.7038834951456311, 0.7014563106796117, 0.6990291262135923, 0.7111650485436893, 0.7135922330097088, 0.7075242718446602, 0.720873786407767, 0.7160194174757282, 0.7160194174757282, 0.7184466019417476, 0.7196601941747572, 0.7148058252427184, 0.7220873786407767, 0.7148058252427184, 0.7184466019417476, 0.7184466019417476, 0.7220873786407767, 0.7245145631067961, 0.7233009708737864, 0.7233009708737864, 0.720873786407767, 0.7196601941747572, 0.7196601941747572], 'micro_recall': [0.11286407766990292, 0.220873786407767, 0.3106796116504854, 0.40048543689320387, 0.42354368932038833, 0.4526699029126214, 0.4975728155339806, 0.5097087378640777, 0.558252427184466, 0.5934466019417476, 0.6055825242718447, 0.6031553398058253, 0.6177184466019418, 0.6262135922330098, 0.6432038834951457, 0.6577669902912622, 0.6577669902912622, 0.6686893203883495, 0.6783980582524272, 0.6723300970873787, 0.6759708737864077, 0.6953883495145631, 0.6990291262135923, 0.7002427184466019, 0.6953883495145631, 0.6868932038834952, 0.6978155339805825, 0.7038834951456311, 0.7014563106796117, 0.6990291262135923, 0.7111650485436893, 0.7135922330097088, 0.7075242718446602, 0.720873786407767, 0.7160194174757282, 0.7160194174757282, 0.7184466019417476, 0.7196601941747572, 0.7148058252427184, 0.7220873786407767, 0.7148058252427184, 0.7184466019417476, 0.7184466019417476, 0.7220873786407767, 0.7245145631067961, 0.7233009708737864, 0.7233009708737864, 0.720873786407767, 0.7196601941747572, 0.7196601941747572], 'micro_precision': [0.11286407766990292, 0.220873786407767, 0.3106796116504854, 0.40048543689320387, 0.42354368932038833, 0.4526699029126214, 0.4975728155339806, 0.5097087378640777, 0.558252427184466, 0.5934466019417476, 0.6055825242718447, 0.6031553398058253, 0.6177184466019418, 0.6262135922330098, 0.6432038834951457, 0.6577669902912622, 0.6577669902912622, 0.6686893203883495, 0.6783980582524272, 0.6723300970873787, 0.6759708737864077, 0.6953883495145631, 0.6990291262135923, 0.7002427184466019, 0.6953883495145631, 0.6868932038834952, 0.6978155339805825, 0.7038834951456311, 0.7014563106796117, 0.6990291262135923, 0.7111650485436893, 0.7135922330097088, 0.7075242718446602, 0.720873786407767, 0.7160194174757282, 0.7160194174757282, 0.7184466019417476, 0.7196601941747572, 0.7148058252427184, 0.7220873786407767, 0.7148058252427184, 0.7184466019417476, 0.7184466019417476, 0.7220873786407767, 0.7245145631067961, 0.7233009708737864, 0.7233009708737864, 0.720873786407767, 0.7196601941747572, 0.7196601941747572], 'micro_f1': [0.11286407766990293, 0.220873786407767, 0.3106796116504854, 0.40048543689320387, 0.4235436893203884, 0.4526699029126214, 0.4975728155339806, 0.5097087378640777, 0.558252427184466, 0.5934466019417476, 0.6055825242718447, 0.6031553398058253, 0.6177184466019418, 0.6262135922330098, 0.6432038834951457, 0.6577669902912622, 0.6577669902912622, 0.6686893203883495, 0.6783980582524272, 0.6723300970873787, 0.6759708737864077, 0.6953883495145631, 0.6990291262135923, 0.7002427184466019, 0.6953883495145631, 0.6868932038834952, 0.6978155339805825, 0.7038834951456311, 0.7014563106796117, 0.6990291262135923, 0.7111650485436893, 0.7135922330097088, 0.7075242718446602, 0.720873786407767, 0.7160194174757283, 0.7160194174757283, 0.7184466019417476, 0.7196601941747572, 0.7148058252427183, 0.7220873786407768, 0.7148058252427183, 0.7184466019417476, 0.7184466019417476, 0.7220873786407768, 0.7245145631067961, 0.7233009708737864, 0.7233009708737864, 0.720873786407767, 0.7196601941747572, 0.7196601941747572], 'runtime': [1.4287, 1.1117, 1.1108, 1.1019, 1.0973, 1.1392, 1.1524, 1.136, 1.1219, 1.1423, 1.1115, 1.1299, 1.1306, 1.1194, 1.1334, 1.1215, 1.136, 1.1433, 1.114, 1.1505, 1.1385, 1.1507, 1.1459, 1.1434, 1.1132, 1.1544, 1.128, 1.1228, 1.1389, 1.1388, 1.1494, 1.1403, 1.1343, 1.1393, 1.1377, 1.1146, 1.1349, 1.1229, 1.2009, 1.1425, 1.1396, 1.1284, 1.1246, 1.1396, 1.1368, 1.1223, 1.1108, 1.1266, 1.1182, 1.1041], 'samples_per_second': [576.764, 741.229, 741.804, 747.797, 750.928, 723.286, 715.031, 725.357, 734.443, 721.338, 741.343, 729.247, 728.805, 736.134, 726.992, 734.706, 725.372, 720.744, 739.698, 716.196, 723.736, 716.078, 719.116, 720.638, 740.196, 713.764, 730.491, 733.884, 723.525, 723.558, 716.901, 722.619, 726.424, 723.255, 724.241, 739.296, 726.079, 733.82, 686.148, 721.206, 723.045, 730.21, 732.68, 723.054, 724.815, 734.181, 741.822, 731.43, 736.871, 746.301], 'steps_per_second': [18.199, 23.388, 23.406, 23.596, 23.694, 22.822, 22.562, 22.887, 23.174, 22.761, 23.392, 23.01, 22.996, 23.228, 22.939, 23.182, 22.888, 22.742, 23.34, 22.598, 22.836, 22.595, 22.691, 22.739, 23.356, 22.522, 23.049, 23.157, 22.83, 22.831, 22.621, 22.801, 22.921, 22.821, 22.852, 23.327, 22.91, 23.155, 21.65, 22.757, 22.815, 23.041, 23.119, 22.815, 22.87, 23.166, 23.407, 23.079, 23.251, 23.548]})

  0%|          | 0/650 [00:00<?, ?it/s]
  0%|          | 1/650 [00:01<14:07,  1.31s/it]
  0%|          | 2/650 [00:02<10:51,  1.01s/it]
  0%|          | 3/650 [00:02<09:49,  1.10it/s]
  1%|          | 4/650 [00:03<09:19,  1.15it/s]
  1%|          | 5/650 [00:04<09:03,  1.19it/s]
  1%|          | 6/650 [00:05<08:52,  1.21it/s]
  1%|          | 7/650 [00:06<08:45,  1.22it/s]
  1%|          | 8/650 [00:06<08:41,  1.23it/s]
  1%|▏         | 9/650 [00:07<08:37,  1.24it/s]
  2%|▏         | 10/650 [00:08<08:35,  1.24it/s]
  2%|▏         | 11/650 [00:09<08:32,  1.25it/s]
  2%|▏         | 12/650 [00:10<08:31,  1.25it/s]
  2%|▏         | 13/650 [00:10<08:19,  1.28it/s]
                                                

  2%|▏         | 13/650 [00:10<08:19,  1.28it/s]{'loss': 5.1361, 'grad_norm': 2.540065050125122, 'learning_rate': 4.9e-05, 'epoch': 1.0}


  0%|          | 0/26 [00:00<?, ?it/s][A

 19%|█▉        | 5/26 [00:00<00:00, 38.18it/s][A

 35%|███▍      | 9/26 [00:00<00:00, 33.55it/s][A

 50%|█████     | 13/26 [00:00<00:00, 32.11it/s][A

 65%|██████▌   | 17/26 [00:00<00:00, 31.45it/s][A

 81%|████████  | 21/26 [00:00<00:00, 18.21it/s][A

 96%|█████████▌| 25/26 [00:01<00:00, 21.07it/s][A

                                               
[A
                                                

100%|██████████| 26/26 [00:01<00:00, 21.07it/s][A
  2%|▏         | 13/650 [00:12<08:19,  1.28it/s]

                                               [A{'eval_loss': 4.8826985359191895, 'eval_macro_recall': 0.12252326217843458, 'eval_macro_precision': 0.05936183467828528, 'eval_macro_f1': 0.06049278596411435, 'eval_accuracy': 0.10922330097087378, 'eval_micro_recall': 0.10922330097087378, 'eval_micro_precision': 0.10922330097087378, 'eval_micro_f1': 0.10922330097087378, 'eval_runtime': 1.3939, 'eval_samples_per_second': 591.139, 'eval_steps_per_second': 18.652, 'epoch': 1.0}

  2%|▏         | 14/650 [00:16<22:59,  2.17s/it]
  2%|▏         | 15/650 [00:16<18:34,  1.76s/it]
  2%|▏         | 16/650 [00:17<15:30,  1.47s/it]
  3%|▎         | 17/650 [00:18<13:21,  1.27s/it]
  3%|▎         | 18/650 [00:19<11:51,  1.13s/it]
  3%|▎         | 19/650 [00:20<10:48,  1.03s/it]
  3%|▎         | 20/650 [00:20<10:04,  1.04it/s]
  3%|▎         | 21/650 [00:21<09:32,  1.10it/s]
  3%|▎         | 22/650 [00:22<09:10,  1.14it/s]
  4%|▎         | 23/650 [00:23<08:55,  1.17it/s]
  4%|▎         | 24/650 [00:24<08:44,  1.19it/s]
  4%|▍         | 25/650 [00:24<08:36,  1.21it/s]
  4%|▍         | 26/650 [00:25<08:21,  1.24it/s]
                                                

  4%|▍         | 26/650 [00:25<08:21,  1.24it/s]{'loss': 4.6175, 'grad_norm': 3.4804089069366455, 'learning_rate': 4.8e-05, 'epoch': 2.0}


  0%|          | 0/26 [00:00<?, ?it/s][A

 19%|█▉        | 5/26 [00:00<00:00, 38.18it/s][A

 35%|███▍      | 9/26 [00:00<00:00, 33.57it/s][A

 50%|█████     | 13/26 [00:00<00:00, 32.16it/s][A

 65%|██████▌   | 17/26 [00:00<00:00, 31.50it/s][A

 81%|████████  | 21/26 [00:00<00:00, 31.55it/s][A

 96%|█████████▌| 25/26 [00:00<00:00, 31.07it/s][A

                                               
[A
                                                

100%|██████████| 26/26 [00:00<00:00, 31.07it/s][A
  4%|▍         | 26/650 [00:26<08:21,  1.24it/s]

                                               [A{'eval_loss': 4.279391765594482, 'eval_macro_recall': 0.24740508533611982, 'eval_macro_precision': 0.15063206320307576, 'eval_macro_f1': 0.1600009343072634, 'eval_accuracy': 0.24393203883495146, 'eval_micro_recall': 0.24393203883495146, 'eval_micro_precision': 0.24393203883495146, 'eval_micro_f1': 0.24393203883495146, 'eval_runtime': 1.1226, 'eval_samples_per_second': 733.982, 'eval_steps_per_second': 23.16, 'epoch': 2.0}

  4%|▍         | 27/650 [00:30<22:01,  2.12s/it]
  4%|▍         | 28/650 [00:31<17:52,  1.72s/it]
  4%|▍         | 29/650 [00:32<14:58,  1.45s/it]
  5%|▍         | 30/650 [00:33<12:56,  1.25s/it]
  5%|▍         | 31/650 [00:34<11:30,  1.12s/it]
  5%|▍         | 32/650 [00:34<10:31,  1.02s/it]
  5%|▌         | 33/650 [00:35<09:49,  1.05it/s]
  5%|▌         | 34/650 [00:36<09:19,  1.10it/s]
  5%|▌         | 35/650 [00:37<08:58,  1.14it/s]
  6%|▌         | 36/650 [00:38<08:43,  1.17it/s]
  6%|▌         | 37/650 [00:38<08:32,  1.20it/s]
  6%|▌         | 38/650 [00:39<08:24,  1.21it/s]
  6%|▌         | 39/650 [00:40<08:09,  1.25it/s]
                                                

  6%|▌         | 39/650 [00:40<08:09,  1.25it/s]{'loss': 4.0692, 'grad_norm': 3.7319674491882324, 'learning_rate': 4.7e-05, 'epoch': 3.0}


  0%|          | 0/26 [00:00<?, ?it/s][A

 19%|█▉        | 5/26 [00:00<00:00, 38.11it/s][A

 35%|███▍      | 9/26 [00:00<00:00, 33.44it/s][A

 50%|█████     | 13/26 [00:00<00:00, 32.02it/s][A

 65%|██████▌   | 17/26 [00:00<00:00, 31.33it/s][A

 81%|████████  | 21/26 [00:00<00:00, 31.41it/s][A

 96%|█████████▌| 25/26 [00:00<00:00, 31.00it/s][A

                                               
[A
                                                

100%|██████████| 26/26 [00:00<00:00, 31.00it/s][A
  6%|▌         | 39/650 [00:41<08:09,  1.25it/s]

                                               [A{'eval_loss': 3.773921012878418, 'eval_macro_recall': 0.29479710902124695, 'eval_macro_precision': 0.19635477601518816, 'eval_macro_f1': 0.20107886715935513, 'eval_accuracy': 0.27548543689320387, 'eval_micro_recall': 0.27548543689320387, 'eval_micro_precision': 0.27548543689320387, 'eval_micro_f1': 0.27548543689320387, 'eval_runtime': 1.1131, 'eval_samples_per_second': 740.296, 'eval_steps_per_second': 23.359, 'epoch': 3.0}

  6%|▌         | 40/650 [00:45<21:21,  2.10s/it]
  6%|▋         | 41/650 [00:46<17:21,  1.71s/it]
  6%|▋         | 42/650 [00:47<14:33,  1.44s/it]
  7%|▋         | 43/650 [00:47<12:35,  1.25s/it]
  7%|▋         | 44/650 [00:48<11:13,  1.11s/it]
  7%|▋         | 45/650 [00:49<10:15,  1.02s/it]
  7%|▋         | 46/650 [00:50<09:34,  1.05it/s]
  7%|▋         | 47/650 [00:51<09:06,  1.10it/s]
  7%|▋         | 48/650 [00:51<08:46,  1.14it/s]
  8%|▊         | 49/650 [00:52<08:31,  1.17it/s]
  8%|▊         | 50/650 [00:53<08:21,  1.20it/s]
  8%|▊         | 51/650 [00:54<08:13,  1.21it/s]
  8%|▊         | 52/650 [00:55<07:59,  1.25it/s]
                                                

  8%|▊         | 52/650 [00:55<07:59,  1.25it/s]{'loss': 3.605, 'grad_norm': 3.489450693130493, 'learning_rate': 4.600000000000001e-05, 'epoch': 4.0}


  0%|          | 0/26 [00:00<?, ?it/s][A

 19%|█▉        | 5/26 [00:00<00:00, 38.26it/s][A

 35%|███▍      | 9/26 [00:00<00:00, 33.60it/s][A

 50%|█████     | 13/26 [00:00<00:00, 32.15it/s][A

 65%|██████▌   | 17/26 [00:00<00:00, 31.47it/s][A

 81%|████████  | 21/26 [00:00<00:00, 31.54it/s][A

 96%|█████████▌| 25/26 [00:00<00:00, 31.11it/s][A

                                               
[A
                                                

100%|██████████| 26/26 [00:00<00:00, 31.11it/s][A
  8%|▊         | 52/650 [00:56<07:59,  1.25it/s]

                                               [A{'eval_loss': 3.3592422008514404, 'eval_macro_recall': 0.354796113847838, 'eval_macro_precision': 0.23958829302548781, 'eval_macro_f1': 0.2577476412006753, 'eval_accuracy': 0.35072815533980584, 'eval_micro_recall': 0.35072815533980584, 'eval_micro_precision': 0.35072815533980584, 'eval_micro_f1': 0.35072815533980584, 'eval_runtime': 1.1104, 'eval_samples_per_second': 742.057, 'eval_steps_per_second': 23.414, 'epoch': 4.0}

  8%|▊         | 53/650 [01:00<20:45,  2.09s/it]
  8%|▊         | 54/650 [01:01<16:52,  1.70s/it]
  8%|▊         | 55/650 [01:01<14:10,  1.43s/it]
  9%|▊         | 56/650 [01:02<12:16,  1.24s/it]
  9%|▉         | 57/650 [01:03<10:57,  1.11s/it]
  9%|▉         | 58/650 [01:04<10:01,  1.02s/it]
  9%|▉         | 59/650 [01:05<09:21,  1.05it/s]
  9%|▉         | 60/650 [01:05<08:53,  1.11it/s]
  9%|▉         | 61/650 [01:06<08:33,  1.15it/s]
 10%|▉         | 62/650 [01:07<08:20,  1.18it/s]
 10%|▉         | 63/650 [01:08<08:10,  1.20it/s]
 10%|▉         | 64/650 [01:09<08:03,  1.21it/s]
 10%|█         | 65/650 [01:09<07:49,  1.24it/s]
                                                

 10%|█         | 65/650 [01:09<07:49,  1.24it/s]{'loss': 3.218, 'grad_norm': 3.167304039001465, 'learning_rate': 4.5e-05, 'epoch': 5.0}


  0%|          | 0/26 [00:00<?, ?it/s][A

 19%|█▉        | 5/26 [00:00<00:00, 37.95it/s][A

 35%|███▍      | 9/26 [00:00<00:00, 33.36it/s][A

 50%|█████     | 13/26 [00:00<00:00, 31.95it/s][A

 65%|██████▌   | 17/26 [00:00<00:00, 31.30it/s][A

 81%|████████  | 21/26 [00:00<00:00, 31.37it/s][A

 96%|█████████▌| 25/26 [00:00<00:00, 30.90it/s][A

                                               
[A
                                                

100%|██████████| 26/26 [00:00<00:00, 30.90it/s][A
 10%|█         | 65/650 [01:10<07:49,  1.24it/s]

                                               [A{'eval_loss': 3.0032994747161865, 'eval_macro_recall': 0.3882799671592775, 'eval_macro_precision': 0.27903350942471733, 'eval_macro_f1': 0.2953452485263251, 'eval_accuracy': 0.3871359223300971, 'eval_micro_recall': 0.3871359223300971, 'eval_micro_precision': 0.3871359223300971, 'eval_micro_f1': 0.3871359223300971, 'eval_runtime': 1.1214, 'eval_samples_per_second': 734.767, 'eval_steps_per_second': 23.184, 'epoch': 5.0}

 10%|█         | 66/650 [01:14<20:03,  2.06s/it]
 10%|█         | 67/650 [01:15<16:21,  1.68s/it]
 10%|█         | 68/650 [01:16<13:44,  1.42s/it]
 11%|█         | 69/650 [01:17<11:55,  1.23s/it]
 11%|█         | 70/650 [01:17<10:38,  1.10s/it]
 11%|█         | 71/650 [01:18<09:45,  1.01s/it]
 11%|█         | 72/650 [01:19<09:08,  1.05it/s]
 11%|█         | 73/650 [01:20<08:41,  1.11it/s]
 11%|█▏        | 74/650 [01:21<08:22,  1.15it/s]
 12%|█▏        | 75/650 [01:21<08:08,  1.18it/s]
 12%|█▏        | 76/650 [01:22<07:59,  1.20it/s]
 12%|█▏        | 77/650 [01:23<07:52,  1.21it/s]
 12%|█▏        | 78/650 [01:24<07:38,  1.25it/s]
                                                

 12%|█▏        | 78/650 [01:24<07:38,  1.25it/s]{'loss': 2.8846, 'grad_norm': 3.59138822555542, 'learning_rate': 4.4000000000000006e-05, 'epoch': 6.0}


  0%|          | 0/26 [00:00<?, ?it/s][A

 19%|█▉        | 5/26 [00:00<00:00, 38.20it/s][A

 35%|███▍      | 9/26 [00:00<00:00, 33.54it/s][A

 50%|█████     | 13/26 [00:00<00:00, 32.13it/s][A

 65%|██████▌   | 17/26 [00:00<00:00, 31.46it/s][A

 81%|████████  | 21/26 [00:00<00:00, 31.53it/s][A

 96%|█████████▌| 25/26 [00:00<00:00, 31.06it/s][A

                                               
[A
                                                

100%|██████████| 26/26 [00:00<00:00, 31.06it/s][A
 12%|█▏        | 78/650 [01:25<07:38,  1.25it/s]

                                               [A{'eval_loss': 2.704859972000122, 'eval_macro_recall': 0.4206896551724138, 'eval_macro_precision': 0.32362233695192216, 'eval_macro_f1': 0.33562519984003586, 'eval_accuracy': 0.4223300970873786, 'eval_micro_recall': 0.4223300970873786, 'eval_micro_precision': 0.4223300970873786, 'eval_micro_f1': 0.42233009708737856, 'eval_runtime': 1.1279, 'eval_samples_per_second': 730.569, 'eval_steps_per_second': 23.052, 'epoch': 6.0}

 12%|█▏        | 79/650 [01:29<20:08,  2.12s/it]
 12%|█▏        | 80/650 [01:30<16:21,  1.72s/it]
 12%|█▏        | 81/650 [01:31<13:41,  1.44s/it]
 13%|█▎        | 82/650 [01:31<11:50,  1.25s/it]
 13%|█▎        | 83/650 [01:32<10:32,  1.12s/it]
 13%|█▎        | 84/650 [01:33<09:37,  1.02s/it]
 13%|█▎        | 85/650 [01:34<08:59,  1.05it/s]
 13%|█▎        | 86/650 [01:35<08:31,  1.10it/s]
 13%|█▎        | 87/650 [01:35<08:12,  1.14it/s]
 14%|█▎        | 88/650 [01:36<07:58,  1.17it/s]
 14%|█▎        | 89/650 [01:37<07:48,  1.20it/s]
 14%|█▍        | 90/650 [01:38<07:41,  1.21it/s]
 14%|█▍        | 91/650 [01:39<07:29,  1.24it/s]
                                                

 14%|█▍        | 91/650 [01:39<07:29,  1.24it/s]{'loss': 2.5978, 'grad_norm': 3.8170294761657715, 'learning_rate': 4.3e-05, 'epoch': 7.0}


  0%|          | 0/26 [00:00<?, ?it/s][A

 19%|█▉        | 5/26 [00:00<00:00, 38.20it/s][A

 35%|███▍      | 9/26 [00:00<00:00, 33.60it/s][A

 50%|█████     | 13/26 [00:00<00:00, 32.15it/s][A

 65%|██████▌   | 17/26 [00:00<00:00, 31.47it/s][A

 81%|████████  | 21/26 [00:00<00:00, 31.54it/s][A

 96%|█████████▌| 25/26 [00:00<00:00, 31.13it/s][A

                                               
[A
                                                

100%|██████████| 26/26 [00:00<00:00, 31.13it/s][A
 14%|█▍        | 91/650 [01:40<07:29,  1.24it/s]

                                               [A{'eval_loss': 2.4515013694763184, 'eval_macro_recall': 0.4512588943623427, 'eval_macro_precision': 0.3488923666209882, 'eval_macro_f1': 0.36418501075374604, 'eval_accuracy': 0.4441747572815534, 'eval_micro_recall': 0.4441747572815534, 'eval_micro_precision': 0.4441747572815534, 'eval_micro_f1': 0.4441747572815534, 'eval_runtime': 1.1318, 'eval_samples_per_second': 728.026, 'eval_steps_per_second': 22.972, 'epoch': 7.0}

 14%|█▍        | 92/650 [01:44<19:13,  2.07s/it]
 14%|█▍        | 93/650 [01:44<15:39,  1.69s/it]
 14%|█▍        | 94/650 [01:45<13:09,  1.42s/it]
 15%|█▍        | 95/650 [01:46<11:25,  1.23s/it]
 15%|█▍        | 96/650 [01:47<10:11,  1.10s/it]
 15%|█▍        | 97/650 [01:48<09:20,  1.01s/it]
 15%|█▌        | 98/650 [01:48<08:44,  1.05it/s]
 15%|█▌        | 99/650 [01:49<08:18,  1.11it/s]
 15%|█▌        | 100/650 [01:50<07:59,  1.15it/s]
 16%|█▌        | 101/650 [01:51<07:46,  1.18it/s]
 16%|█▌        | 102/650 [01:52<07:37,  1.20it/s]
 16%|█▌        | 103/650 [01:52<07:31,  1.21it/s]
 16%|█▌        | 104/650 [01:53<07:18,  1.25it/s]
                                                 

 16%|█▌        | 104/650 [01:53<07:18,  1.25it/s]{'loss': 2.3588, 'grad_norm': 3.3344547748565674, 'learning_rate': 4.2e-05, 'epoch': 8.0}


  0%|          | 0/26 [00:00<?, ?it/s][A

 19%|█▉        | 5/26 [00:00<00:00, 38.13it/s][A

 35%|███▍      | 9/26 [00:00<00:00, 33.53it/s][A

 50%|█████     | 13/26 [00:00<00:00, 32.11it/s][A

 65%|██████▌   | 17/26 [00:00<00:00, 31.48it/s][A

 81%|████████  | 21/26 [00:00<00:00, 31.51it/s][A

 96%|█████████▌| 25/26 [00:00<00:00, 31.09it/s][A

                                               
[A
                                                 

100%|██████████| 26/26 [00:00<00:00, 31.09it/s][A
 16%|█▌        | 104/650 [01:54<07:18,  1.25it/s]

                                               [A{'eval_loss': 2.2427444458007812, 'eval_macro_recall': 0.48326491516146686, 'eval_macro_precision': 0.39069549030233686, 'eval_macro_f1': 0.40240553133414236, 'eval_accuracy': 0.4733009708737864, 'eval_micro_recall': 0.4733009708737864, 'eval_micro_precision': 0.4733009708737864, 'eval_micro_f1': 0.4733009708737864, 'eval_runtime': 1.1388, 'eval_samples_per_second': 723.569, 'eval_steps_per_second': 22.831, 'epoch': 8.0}

 16%|█▌        | 105/650 [01:58<18:43,  2.06s/it]
 16%|█▋        | 106/650 [01:59<15:15,  1.68s/it]
 16%|█▋        | 107/650 [02:00<12:49,  1.42s/it]
 17%|█▋        | 108/650 [02:00<11:07,  1.23s/it]
 17%|█▋        | 109/650 [02:01<09:56,  1.10s/it]
 17%|█▋        | 110/650 [02:02<09:06,  1.01s/it]
 17%|█▋        | 111/650 [02:03<08:30,  1.06it/s]
 17%|█▋        | 112/650 [02:04<08:05,  1.11it/s]
 17%|█▋        | 113/650 [02:04<07:48,  1.15it/s]
 18%|█▊        | 114/650 [02:05<07:35,  1.18it/s]
 18%|█▊        | 115/650 [02:06<07:27,  1.20it/s]
 18%|█▊        | 116/650 [02:07<07:20,  1.21it/s]
 18%|█▊        | 117/650 [02:08<07:07,  1.25it/s]
                                                 

 18%|█▊        | 117/650 [02:08<07:07,  1.25it/s]{'loss': 2.1499, 'grad_norm': 3.3554306030273438, 'learning_rate': 4.1e-05, 'epoch': 9.0}


  0%|          | 0/26 [00:00<?, ?it/s][A

 19%|█▉        | 5/26 [00:00<00:00, 37.95it/s][A

 35%|███▍      | 9/26 [00:00<00:00, 33.32it/s][A

 50%|█████     | 13/26 [00:00<00:00, 31.94it/s][A

 65%|██████▌   | 17/26 [00:00<00:00, 31.27it/s][A

 81%|████████  | 21/26 [00:00<00:00, 31.34it/s][A

 96%|█████████▌| 25/26 [00:00<00:00, 30.89it/s][A

                                               
[A
                                                 

100%|██████████| 26/26 [00:00<00:00, 30.89it/s][A
 18%|█▊        | 117/650 [02:09<07:07,  1.25it/s]

                                               [A{'eval_loss': 2.0631422996520996, 'eval_macro_recall': 0.49853514739229027, 'eval_macro_precision': 0.40361384824478136, 'eval_macro_f1': 0.41733058652234173, 'eval_accuracy': 0.4890776699029126, 'eval_micro_recall': 0.4890776699029126, 'eval_micro_precision': 0.4890776699029126, 'eval_micro_f1': 0.4890776699029126, 'eval_runtime': 1.1231, 'eval_samples_per_second': 733.681, 'eval_steps_per_second': 23.15, 'epoch': 9.0}

 18%|█▊        | 118/650 [02:13<18:17,  2.06s/it]
 18%|█▊        | 119/650 [02:13<14:54,  1.68s/it]
 18%|█▊        | 120/650 [02:14<12:31,  1.42s/it]
 19%|█▊        | 121/650 [02:15<10:52,  1.23s/it]
 19%|█▉        | 122/650 [02:16<09:41,  1.10s/it]
 19%|█▉        | 123/650 [02:17<08:53,  1.01s/it]
 19%|█▉        | 124/650 [02:17<08:18,  1.06it/s]
 19%|█▉        | 125/650 [02:18<07:53,  1.11it/s]
 19%|█▉        | 126/650 [02:19<07:36,  1.15it/s]
 20%|█▉        | 127/650 [02:20<07:24,  1.18it/s]
 20%|█▉        | 128/650 [02:21<07:15,  1.20it/s]
 20%|█▉        | 129/650 [02:21<07:09,  1.21it/s]
 20%|██        | 130/650 [02:22<06:56,  1.25it/s]
                                                 

 20%|██        | 130/650 [02:22<06:56,  1.25it/s]{'loss': 1.9652, 'grad_norm': 2.8948545455932617, 'learning_rate': 4e-05, 'epoch': 10.0}


  0%|          | 0/26 [00:00<?, ?it/s][A

 19%|█▉        | 5/26 [00:00<00:00, 38.30it/s][A

 35%|███▍      | 9/26 [00:00<00:00, 33.61it/s][A

 50%|█████     | 13/26 [00:00<00:00, 32.16it/s][A

 65%|██████▌   | 17/26 [00:00<00:00, 31.50it/s][A

 81%|████████  | 21/26 [00:00<00:00, 31.55it/s][A

 96%|█████████▌| 25/26 [00:00<00:00, 31.09it/s][A

                                               
[A
                                                 

100%|██████████| 26/26 [00:00<00:00, 31.09it/s][A
 20%|██        | 130/650 [02:23<06:56,  1.25it/s]

                                               [A{'eval_loss': 1.8880970478057861, 'eval_macro_recall': 0.5351473922902494, 'eval_macro_precision': 0.46167135477321114, 'eval_macro_f1': 0.46222812800038243, 'eval_accuracy': 0.5315533980582524, 'eval_micro_recall': 0.5315533980582524, 'eval_micro_precision': 0.5315533980582524, 'eval_micro_f1': 0.5315533980582524, 'eval_runtime': 1.1351, 'eval_samples_per_second': 725.945, 'eval_steps_per_second': 22.906, 'epoch': 10.0}

 20%|██        | 131/650 [02:27<17:51,  2.06s/it]
 20%|██        | 132/650 [02:28<14:32,  1.68s/it]
 20%|██        | 133/650 [02:29<12:13,  1.42s/it]
 21%|██        | 134/650 [02:30<10:36,  1.23s/it]
 21%|██        | 135/650 [02:30<09:27,  1.10s/it]
 21%|██        | 136/650 [02:31<08:40,  1.01s/it]
 21%|██        | 137/650 [02:32<08:06,  1.05it/s]
 21%|██        | 138/650 [02:33<07:42,  1.11it/s]
 21%|██▏       | 139/650 [02:34<07:25,  1.15it/s]
 22%|██▏       | 140/650 [02:34<07:13,  1.18it/s]
 22%|██▏       | 141/650 [02:35<07:04,  1.20it/s]
 22%|██▏       | 142/650 [02:36<06:58,  1.21it/s]
 22%|██▏       | 143/650 [02:37<06:46,  1.25it/s]
                                                 

 22%|██▏       | 143/650 [02:37<06:46,  1.25it/s]{'loss': 1.8085, 'grad_norm': 3.1286509037017822, 'learning_rate': 3.9000000000000006e-05, 'epoch': 11.0}


  0%|          | 0/26 [00:00<?, ?it/s][A

 19%|█▉        | 5/26 [00:00<00:00, 38.06it/s][A

 35%|███▍      | 9/26 [00:00<00:00, 33.41it/s][A

 50%|█████     | 13/26 [00:00<00:00, 31.98it/s][A

 65%|██████▌   | 17/26 [00:00<00:00, 31.32it/s][A

 81%|████████  | 21/26 [00:00<00:00, 31.39it/s][A

 96%|█████████▌| 25/26 [00:00<00:00, 30.94it/s][A

                                               
[A
                                                 

100%|██████████| 26/26 [00:00<00:00, 30.94it/s][A
 22%|██▏       | 143/650 [02:38<06:46,  1.25it/s]

                                               [A{'eval_loss': 1.7502856254577637, 'eval_macro_recall': 0.5473673469387755, 'eval_macro_precision': 0.4739841840698984, 'eval_macro_f1': 0.48077327311649776, 'eval_accuracy': 0.5485436893203883, 'eval_micro_recall': 0.5485436893203883, 'eval_micro_precision': 0.5485436893203883, 'eval_micro_f1': 0.5485436893203883, 'eval_runtime': 1.1286, 'eval_samples_per_second': 730.09, 'eval_steps_per_second': 23.037, 'epoch': 11.0}

 22%|██▏       | 144/650 [02:42<17:27,  2.07s/it]
 22%|██▏       | 145/650 [02:43<14:12,  1.69s/it]
 22%|██▏       | 146/650 [02:43<11:56,  1.42s/it]
 23%|██▎       | 147/650 [02:44<10:20,  1.23s/it]
 23%|██▎       | 148/650 [02:45<09:14,  1.10s/it]
 23%|██▎       | 149/650 [02:46<08:27,  1.01s/it]
 23%|██▎       | 150/650 [02:47<07:54,  1.05it/s]
 23%|██▎       | 151/650 [02:47<07:30,  1.11it/s]
 23%|██▎       | 152/650 [02:48<07:14,  1.15it/s]
 24%|██▎       | 153/650 [02:49<07:02,  1.18it/s]
 24%|██▎       | 154/650 [02:50<06:54,  1.20it/s]
 24%|██▍       | 155/650 [02:51<06:48,  1.21it/s]
 24%|██▍       | 156/650 [02:51<06:36,  1.25it/s]
                                                 

 24%|██▍       | 156/650 [02:51<06:36,  1.25it/s]{'loss': 1.673, 'grad_norm': 3.150881290435791, 'learning_rate': 3.8e-05, 'epoch': 12.0}


  0%|          | 0/26 [00:00<?, ?it/s][A

 19%|█▉        | 5/26 [00:00<00:00, 37.97it/s][A

 35%|███▍      | 9/26 [00:00<00:00, 33.37it/s][A

 50%|█████     | 13/26 [00:00<00:00, 31.96it/s][A

 65%|██████▌   | 17/26 [00:00<00:00, 31.27it/s][A

 81%|████████  | 21/26 [00:00<00:00, 31.34it/s][A

 96%|█████████▌| 25/26 [00:00<00:00, 30.91it/s][A

                                               
[A
                                                 

100%|██████████| 26/26 [00:00<00:00, 30.91it/s][A
 24%|██▍       | 156/650 [02:52<06:36,  1.25it/s]

                                               [A{'eval_loss': 1.640001654624939, 'eval_macro_recall': 0.5611972789115647, 'eval_macro_precision': 0.4930982066388081, 'eval_macro_f1': 0.49533296514107633, 'eval_accuracy': 0.5546116504854369, 'eval_micro_recall': 0.5546116504854369, 'eval_micro_precision': 0.5546116504854369, 'eval_micro_f1': 0.5546116504854369, 'eval_runtime': 1.1163, 'eval_samples_per_second': 738.181, 'eval_steps_per_second': 23.292, 'epoch': 12.0}

 24%|██▍       | 157/650 [02:56<16:53,  2.05s/it]
 24%|██▍       | 158/650 [02:57<13:45,  1.68s/it]
 24%|██▍       | 159/650 [02:58<11:34,  1.41s/it]
 25%|██▍       | 160/650 [02:59<10:02,  1.23s/it]
 25%|██▍       | 161/650 [02:59<08:58,  1.10s/it]
 25%|██▍       | 162/650 [03:00<08:12,  1.01s/it]
 25%|██▌       | 163/650 [03:01<07:41,  1.06it/s]
 25%|██▌       | 164/650 [03:02<07:18,  1.11it/s]
 25%|██▌       | 165/650 [03:03<07:02,  1.15it/s]
 26%|██▌       | 166/650 [03:03<06:51,  1.18it/s]
 26%|██▌       | 167/650 [03:04<06:43,  1.20it/s]
 26%|██▌       | 168/650 [03:05<06:37,  1.21it/s]
 26%|██▌       | 169/650 [03:06<06:25,  1.25it/s]
                                                 

 26%|██▌       | 169/650 [03:06<06:25,  1.25it/s]{'loss': 1.5514, 'grad_norm': 3.6742753982543945, 'learning_rate': 3.7e-05, 'epoch': 13.0}


  0%|          | 0/26 [00:00<?, ?it/s][A

 19%|█▉        | 5/26 [00:00<00:00, 37.97it/s][A

 35%|███▍      | 9/26 [00:00<00:00, 33.45it/s][A

 50%|█████     | 13/26 [00:00<00:00, 32.03it/s][A

 65%|██████▌   | 17/26 [00:00<00:00, 31.39it/s][A

 81%|████████  | 21/26 [00:00<00:00, 31.46it/s][A

 96%|█████████▌| 25/26 [00:00<00:00, 31.04it/s][A

                                               
[A
                                                 

100%|██████████| 26/26 [00:00<00:00, 31.04it/s][A
 26%|██▌       | 169/650 [03:07<06:25,  1.25it/s]

                                               [A{'eval_loss': 1.548698902130127, 'eval_macro_recall': 0.5920544217687075, 'eval_macro_precision': 0.5301587789820872, 'eval_macro_f1': 0.5315049908591247, 'eval_accuracy': 0.5910194174757282, 'eval_micro_recall': 0.5910194174757282, 'eval_micro_precision': 0.5910194174757282, 'eval_micro_f1': 0.5910194174757282, 'eval_runtime': 1.1239, 'eval_samples_per_second': 733.153, 'eval_steps_per_second': 23.133, 'epoch': 13.0}

 26%|██▌       | 170/650 [03:11<16:36,  2.08s/it]
 26%|██▋       | 171/650 [03:12<13:30,  1.69s/it]
 26%|██▋       | 172/650 [03:12<11:21,  1.43s/it]
 27%|██▋       | 173/650 [03:13<09:50,  1.24s/it]
 27%|██▋       | 174/650 [03:14<08:46,  1.11s/it]
 27%|██▋       | 175/650 [03:15<08:01,  1.01s/it]
 27%|██▋       | 176/650 [03:16<07:30,  1.05it/s]
 27%|██▋       | 177/650 [03:16<07:08,  1.10it/s]
 27%|██▋       | 178/650 [03:17<06:52,  1.15it/s]
 28%|██▊       | 179/650 [03:18<06:40,  1.18it/s]
 28%|██▊       | 180/650 [03:19<06:33,  1.20it/s]
 28%|██▊       | 181/650 [03:20<06:27,  1.21it/s]
 28%|██▊       | 182/650 [03:20<06:15,  1.25it/s]
                                                 

 28%|██▊       | 182/650 [03:20<06:15,  1.25it/s]{'loss': 1.4523, 'grad_norm': 2.9538252353668213, 'learning_rate': 3.6e-05, 'epoch': 14.0}


  0%|          | 0/26 [00:00<?, ?it/s][A

 19%|█▉        | 5/26 [00:00<00:00, 38.16it/s][A

 35%|███▍      | 9/26 [00:00<00:00, 33.56it/s][A

 50%|█████     | 13/26 [00:00<00:00, 32.11it/s][A

 65%|██████▌   | 17/26 [00:00<00:00, 31.47it/s][A

 81%|████████  | 21/26 [00:00<00:00, 31.54it/s][A

 96%|█████████▌| 25/26 [00:00<00:00, 31.12it/s][A

                                               
[A
                                                 

100%|██████████| 26/26 [00:00<00:00, 31.12it/s][A
 28%|██▊       | 182/650 [03:22<06:15,  1.25it/s]

                                               [A{'eval_loss': 1.4594395160675049, 'eval_macro_recall': 0.5903945578231292, 'eval_macro_precision': 0.5258281020566734, 'eval_macro_f1': 0.5276598369347443, 'eval_accuracy': 0.5837378640776699, 'eval_micro_recall': 0.5837378640776699, 'eval_micro_precision': 0.5837378640776699, 'eval_micro_f1': 0.5837378640776699, 'eval_runtime': 1.148, 'eval_samples_per_second': 717.74, 'eval_steps_per_second': 22.647, 'epoch': 14.0}

 28%|██▊       | 183/650 [03:25<15:59,  2.05s/it]
 28%|██▊       | 184/650 [03:26<13:01,  1.68s/it]
 28%|██▊       | 185/650 [03:27<10:57,  1.41s/it]
 29%|██▊       | 186/650 [03:28<09:30,  1.23s/it]
 29%|██▉       | 187/650 [03:29<08:29,  1.10s/it]
 29%|██▉       | 188/650 [03:29<07:46,  1.01s/it]
 29%|██▉       | 189/650 [03:30<07:16,  1.06it/s]
 29%|██▉       | 190/650 [03:31<06:55,  1.11it/s]
 29%|██▉       | 191/650 [03:32<06:39,  1.15it/s]
 30%|██▉       | 192/650 [03:33<06:29,  1.18it/s]
 30%|██▉       | 193/650 [03:33<06:21,  1.20it/s]
 30%|██▉       | 194/650 [03:34<06:15,  1.21it/s]
 30%|███       | 195/650 [03:35<06:04,  1.25it/s]
                                                 

 30%|███       | 195/650 [03:35<06:04,  1.25it/s]{'loss': 1.3521, 'grad_norm': 3.363898277282715, 'learning_rate': 3.5e-05, 'epoch': 15.0}


  0%|          | 0/26 [00:00<?, ?it/s][A

 19%|█▉        | 5/26 [00:00<00:00, 38.17it/s][A

 35%|███▍      | 9/26 [00:00<00:00, 33.56it/s][A

 50%|█████     | 13/26 [00:00<00:00, 32.13it/s][A

 65%|██████▌   | 17/26 [00:00<00:00, 31.44it/s][A

 81%|████████  | 21/26 [00:00<00:00, 31.53it/s][A

 96%|█████████▌| 25/26 [00:00<00:00, 31.10it/s][A

                                               
[A
                                                 

100%|██████████| 26/26 [00:00<00:00, 31.10it/s][A
 30%|███       | 195/650 [03:36<06:04,  1.25it/s]

                                               [A{'eval_loss': 1.3846826553344727, 'eval_macro_recall': 0.6035986394557823, 'eval_macro_precision': 0.5679448763158449, 'eval_macro_f1': 0.5509630412612977, 'eval_accuracy': 0.6104368932038835, 'eval_micro_recall': 0.6104368932038835, 'eval_micro_precision': 0.6104368932038835, 'eval_micro_f1': 0.6104368932038835, 'eval_runtime': 1.1202, 'eval_samples_per_second': 735.559, 'eval_steps_per_second': 23.209, 'epoch': 15.0}

 30%|███       | 196/650 [03:40<15:27,  2.04s/it]
 30%|███       | 197/650 [03:41<12:37,  1.67s/it]
 30%|███       | 198/650 [03:41<10:36,  1.41s/it]
 31%|███       | 199/650 [03:42<09:12,  1.23s/it]
 31%|███       | 200/650 [03:43<08:13,  1.10s/it]
 31%|███       | 201/650 [03:44<07:32,  1.01s/it]
 31%|███       | 202/650 [03:45<07:03,  1.06it/s]
 31%|███       | 203/650 [03:45<06:42,  1.11it/s]
 31%|███▏      | 204/650 [03:46<06:28,  1.15it/s]
 32%|███▏      | 205/650 [03:47<06:17,  1.18it/s]
 32%|███▏      | 206/650 [03:48<06:10,  1.20it/s]
 32%|███▏      | 207/650 [03:49<06:04,  1.21it/s]
 32%|███▏      | 208/650 [03:49<05:53,  1.25it/s]
                                                 

 32%|███▏      | 208/650 [03:49<05:53,  1.25it/s]{'loss': 1.276, 'grad_norm': 3.5747621059417725, 'learning_rate': 3.4000000000000007e-05, 'epoch': 16.0}


  0%|          | 0/26 [00:00<?, ?it/s][A

 19%|█▉        | 5/26 [00:00<00:00, 37.98it/s][A

 35%|███▍      | 9/26 [00:00<00:00, 33.35it/s][A

 50%|█████     | 13/26 [00:00<00:00, 31.98it/s][A

 65%|██████▌   | 17/26 [00:00<00:00, 31.34it/s][A

 81%|████████  | 21/26 [00:00<00:00, 31.39it/s][A

 96%|█████████▌| 25/26 [00:00<00:00, 30.95it/s][A

                                               
[A
                                                 

100%|██████████| 26/26 [00:00<00:00, 30.95it/s][A
 32%|███▏      | 208/650 [03:51<05:53,  1.25it/s]

                                               [A{'eval_loss': 1.2979985475540161, 'eval_macro_recall': 0.6181496598639455, 'eval_macro_precision': 0.5607368282673361, 'eval_macro_f1': 0.5602460090538908, 'eval_accuracy': 0.6225728155339806, 'eval_micro_recall': 0.6225728155339806, 'eval_micro_precision': 0.6225728155339806, 'eval_micro_f1': 0.6225728155339806, 'eval_runtime': 1.1258, 'eval_samples_per_second': 731.952, 'eval_steps_per_second': 23.096, 'epoch': 16.0}

 32%|███▏      | 209/650 [03:54<15:12,  2.07s/it]
 32%|███▏      | 210/650 [03:55<12:22,  1.69s/it]
 32%|███▏      | 211/650 [03:56<10:23,  1.42s/it]
 33%|███▎      | 212/650 [03:57<09:00,  1.23s/it]
 33%|███▎      | 213/650 [03:58<08:01,  1.10s/it]
 33%|███▎      | 214/650 [03:58<07:21,  1.01s/it]
 33%|███▎      | 215/650 [03:59<06:52,  1.05it/s]
 33%|███▎      | 216/650 [04:00<06:31,  1.11it/s]
 33%|███▎      | 217/650 [04:01<06:17,  1.15it/s]
 34%|███▎      | 218/650 [04:02<06:07,  1.18it/s]
 34%|███▎      | 219/650 [04:02<06:00,  1.20it/s]
 34%|███▍      | 220/650 [04:03<05:54,  1.21it/s]
 34%|███▍      | 221/650 [04:04<05:43,  1.25it/s]
                                                 

 34%|███▍      | 221/650 [04:04<05:43,  1.25it/s]{'loss': 1.2053, 'grad_norm': 2.894425868988037, 'learning_rate': 3.3e-05, 'epoch': 17.0}


  0%|          | 0/26 [00:00<?, ?it/s][A

 19%|█▉        | 5/26 [00:00<00:00, 38.28it/s][A

 35%|███▍      | 9/26 [00:00<00:00, 33.53it/s][A

 50%|█████     | 13/26 [00:00<00:00, 32.14it/s][A

 65%|██████▌   | 17/26 [00:00<00:00, 31.48it/s][A

 81%|████████  | 21/26 [00:00<00:00, 31.54it/s][A

 96%|█████████▌| 25/26 [00:00<00:00, 31.07it/s][A

                                               
[A
                                                 

100%|██████████| 26/26 [00:00<00:00, 31.07it/s][A
 34%|███▍      | 221/650 [04:05<05:43,  1.25it/s]

                                               [A{'eval_loss': 1.2529569864273071, 'eval_macro_recall': 0.6252222222222222, 'eval_macro_precision': 0.5670151022801313, 'eval_macro_f1': 0.5697833849312841, 'eval_accuracy': 0.633495145631068, 'eval_micro_recall': 0.633495145631068, 'eval_micro_precision': 0.633495145631068, 'eval_micro_f1': 0.633495145631068, 'eval_runtime': 1.1214, 'eval_samples_per_second': 734.776, 'eval_steps_per_second': 23.185, 'epoch': 17.0}

 34%|███▍      | 222/650 [04:09<14:38,  2.05s/it]
 34%|███▍      | 223/650 [04:10<11:55,  1.68s/it]
 34%|███▍      | 224/650 [04:11<10:01,  1.41s/it]
 35%|███▍      | 225/650 [04:11<08:42,  1.23s/it]
 35%|███▍      | 226/650 [04:12<07:46,  1.10s/it]
 35%|███▍      | 227/650 [04:13<07:07,  1.01s/it]
 35%|███▌      | 228/650 [04:14<06:39,  1.06it/s]
 35%|███▌      | 229/650 [04:15<06:20,  1.11it/s]
 35%|███▌      | 230/650 [04:15<06:06,  1.15it/s]
 36%|███▌      | 231/650 [04:16<05:56,  1.18it/s]
 36%|███▌      | 232/650 [04:17<05:48,  1.20it/s]
 36%|███▌      | 233/650 [04:18<05:43,  1.21it/s]
 36%|███▌      | 234/650 [04:18<05:33,  1.25it/s]
                                                 

 36%|███▌      | 234/650 [04:18<05:33,  1.25it/s]{'loss': 1.1403, 'grad_norm': 3.2713706493377686, 'learning_rate': 3.2000000000000005e-05, 'epoch': 18.0}


  0%|          | 0/26 [00:00<?, ?it/s][A

 19%|█▉        | 5/26 [00:00<00:00, 37.89it/s][A

 35%|███▍      | 9/26 [00:00<00:00, 33.40it/s][A

 50%|█████     | 13/26 [00:00<00:00, 31.98it/s][A

 65%|██████▌   | 17/26 [00:00<00:00, 31.33it/s][A

 81%|████████  | 21/26 [00:00<00:00, 31.40it/s][A

 96%|█████████▌| 25/26 [00:00<00:00, 30.95it/s][A

                                               
[A
                                                 

100%|██████████| 26/26 [00:00<00:00, 30.95it/s][A
 36%|███▌      | 234/650 [04:20<05:33,  1.25it/s]

                                               [A{'eval_loss': 1.202100396156311, 'eval_macro_recall': 0.6362018140589569, 'eval_macro_precision': 0.593478489764204, 'eval_macro_f1': 0.5872598182396502, 'eval_accuracy': 0.6468446601941747, 'eval_micro_recall': 0.6468446601941747, 'eval_micro_precision': 0.6468446601941747, 'eval_micro_f1': 0.6468446601941747, 'eval_runtime': 1.1456, 'eval_samples_per_second': 719.299, 'eval_steps_per_second': 22.696, 'epoch': 18.0}

 36%|███▌      | 235/650 [04:23<14:09,  2.05s/it]
 36%|███▋      | 236/650 [04:24<11:32,  1.67s/it]
 36%|███▋      | 237/650 [04:25<09:42,  1.41s/it]
 37%|███▋      | 238/650 [04:26<08:25,  1.23s/it]
 37%|███▋      | 239/650 [04:27<07:31,  1.10s/it]
 37%|███▋      | 240/650 [04:27<06:53,  1.01s/it]
 37%|███▋      | 241/650 [04:28<06:26,  1.06it/s]
 37%|███▋      | 242/650 [04:29<06:08,  1.11it/s]
 37%|███▋      | 243/650 [04:30<05:54,  1.15it/s]
 38%|███▊      | 244/650 [04:31<05:45,  1.18it/s]
 38%|███▊      | 245/650 [04:31<05:38,  1.20it/s]
 38%|███▊      | 246/650 [04:32<05:33,  1.21it/s]
 38%|███▊      | 247/650 [04:33<05:23,  1.24it/s]
                                                 

 38%|███▊      | 247/650 [04:33<05:23,  1.24it/s]{'loss': 1.0903, 'grad_norm': 2.652369737625122, 'learning_rate': 3.1e-05, 'epoch': 19.0}


  0%|          | 0/26 [00:00<?, ?it/s][A

 19%|█▉        | 5/26 [00:00<00:00, 37.84it/s][A

 35%|███▍      | 9/26 [00:00<00:00, 33.13it/s][A

 50%|█████     | 13/26 [00:00<00:00, 31.77it/s][A

 65%|██████▌   | 17/26 [00:00<00:00, 31.18it/s][A

 81%|████████  | 21/26 [00:00<00:00, 31.24it/s][A

 96%|█████████▌| 25/26 [00:00<00:00, 30.86it/s][A

                                               
[A
                                                 

100%|██████████| 26/26 [00:00<00:00, 30.86it/s][A
 38%|███▊      | 247/650 [04:34<05:23,  1.24it/s]

                                               [A{'eval_loss': 1.1856837272644043, 'eval_macro_recall': 0.6348321995464852, 'eval_macro_precision': 0.5997239671382895, 'eval_macro_f1': 0.5873502921633645, 'eval_accuracy': 0.6432038834951457, 'eval_micro_recall': 0.6432038834951457, 'eval_micro_precision': 0.6432038834951457, 'eval_micro_f1': 0.6432038834951457, 'eval_runtime': 1.1315, 'eval_samples_per_second': 728.231, 'eval_steps_per_second': 22.978, 'epoch': 19.0}

 38%|███▊      | 248/650 [04:38<13:34,  2.03s/it]
 38%|███▊      | 249/650 [04:39<11:04,  1.66s/it]
 38%|███▊      | 250/650 [04:39<09:19,  1.40s/it]
 39%|███▊      | 251/650 [04:40<08:06,  1.22s/it]
 39%|███▉      | 252/650 [04:41<07:15,  1.09s/it]
 39%|███▉      | 253/650 [04:42<06:39,  1.01s/it]
 39%|███▉      | 254/650 [04:43<06:13,  1.06it/s]
 39%|███▉      | 255/650 [04:43<05:55,  1.11it/s]
 39%|███▉      | 256/650 [04:44<05:42,  1.15it/s]
 40%|███▉      | 257/650 [04:45<05:33,  1.18it/s]
 40%|███▉      | 258/650 [04:46<05:26,  1.20it/s]
 40%|███▉      | 259/650 [04:47<05:22,  1.21it/s]
 40%|████      | 260/650 [04:47<05:15,  1.24it/s]
                                                 

 40%|████      | 260/650 [04:47<05:15,  1.24it/s]{'loss': 1.0388, 'grad_norm': 3.0691521167755127, 'learning_rate': 3e-05, 'epoch': 20.0}


  0%|          | 0/26 [00:00<?, ?it/s][A

 19%|█▉        | 5/26 [00:00<00:00, 37.86it/s][A

 35%|███▍      | 9/26 [00:00<00:00, 33.38it/s][A

 50%|█████     | 13/26 [00:00<00:00, 31.93it/s][A

 65%|██████▌   | 17/26 [00:00<00:00, 31.30it/s][A

 81%|████████  | 21/26 [00:00<00:00, 31.34it/s][A

 96%|█████████▌| 25/26 [00:00<00:00, 30.97it/s][A

                                               
[A
                                                 

100%|██████████| 26/26 [00:00<00:00, 30.97it/s][A
 40%|████      | 260/650 [04:49<05:15,  1.24it/s]

                                               [A{'eval_loss': 1.1441324949264526, 'eval_macro_recall': 0.639140589569161, 'eval_macro_precision': 0.6003257031395819, 'eval_macro_f1': 0.5862410245144084, 'eval_accuracy': 0.6407766990291263, 'eval_micro_recall': 0.6407766990291263, 'eval_micro_precision': 0.6407766990291263, 'eval_micro_f1': 0.6407766990291263, 'eval_runtime': 1.1223, 'eval_samples_per_second': 734.216, 'eval_steps_per_second': 23.167, 'epoch': 20.0}

 40%|████      | 261/650 [04:52<13:09,  2.03s/it]
 40%|████      | 262/650 [04:53<10:43,  1.66s/it]
 40%|████      | 263/650 [04:54<09:02,  1.40s/it]
 41%|████      | 264/650 [04:55<07:51,  1.22s/it]
 41%|████      | 265/650 [04:55<07:01,  1.09s/it]
 41%|████      | 266/650 [04:56<06:26,  1.01s/it]
 41%|████      | 267/650 [04:57<06:01,  1.06it/s]
 41%|████      | 268/650 [04:58<05:44,  1.11it/s]
 41%|████▏     | 269/650 [04:59<05:31,  1.15it/s]
 42%|████▏     | 270/650 [04:59<05:22,  1.18it/s]
 42%|████▏     | 271/650 [05:00<05:16,  1.20it/s]
 42%|████▏     | 272/650 [05:01<05:11,  1.21it/s]
 42%|████▏     | 273/650 [05:02<05:02,  1.25it/s]
                                                 

 42%|████▏     | 273/650 [05:02<05:02,  1.25it/s]{'loss': 1.0057, 'grad_norm': 2.913734197616577, 'learning_rate': 2.9e-05, 'epoch': 21.0}


  0%|          | 0/26 [00:00<?, ?it/s][A

 19%|█▉        | 5/26 [00:00<00:00, 37.76it/s][A

 35%|███▍      | 9/26 [00:00<00:00, 33.20it/s][A

 50%|█████     | 13/26 [00:00<00:00, 31.80it/s][A

 65%|██████▌   | 17/26 [00:00<00:00, 31.16it/s][A

 81%|████████  | 21/26 [00:00<00:00, 31.21it/s][A

 96%|█████████▌| 25/26 [00:00<00:00, 30.77it/s][A

                                               
[A
                                                 

100%|██████████| 26/26 [00:00<00:00, 30.77it/s][A
 42%|████▏     | 273/650 [05:03<05:02,  1.25it/s]

                                               [A{'eval_loss': 1.100759506225586, 'eval_macro_recall': 0.6402146464646464, 'eval_macro_precision': 0.5974564991815954, 'eval_macro_f1': 0.5932704031974896, 'eval_accuracy': 0.654126213592233, 'eval_micro_recall': 0.654126213592233, 'eval_micro_precision': 0.654126213592233, 'eval_micro_f1': 0.654126213592233, 'eval_runtime': 1.1387, 'eval_samples_per_second': 723.622, 'eval_steps_per_second': 22.833, 'epoch': 21.0}

 42%|████▏     | 274/650 [05:07<12:49,  2.05s/it]
 42%|████▏     | 275/650 [05:08<10:26,  1.67s/it]
 42%|████▏     | 276/650 [05:08<08:46,  1.41s/it]
 43%|████▎     | 277/650 [05:09<07:37,  1.23s/it]
 43%|████▎     | 278/650 [05:10<06:48,  1.10s/it]
 43%|████▎     | 279/650 [05:11<06:14,  1.01s/it]
 43%|████▎     | 280/650 [05:12<05:49,  1.06it/s]
 43%|████▎     | 281/650 [05:12<05:32,  1.11it/s]
 43%|████▎     | 282/650 [05:13<05:20,  1.15it/s]
 44%|████▎     | 283/650 [05:14<05:11,  1.18it/s]
 44%|████▎     | 284/650 [05:15<05:05,  1.20it/s]
 44%|████▍     | 285/650 [05:16<05:01,  1.21it/s]
 44%|████▍     | 286/650 [05:16<04:51,  1.25it/s]
                                                 

 44%|████▍     | 286/650 [05:16<04:51,  1.25it/s]{'loss': 0.965, 'grad_norm': 2.5462582111358643, 'learning_rate': 2.8000000000000003e-05, 'epoch': 22.0}


  0%|          | 0/26 [00:00<?, ?it/s][A

 19%|█▉        | 5/26 [00:00<00:00, 37.91it/s][A

 35%|███▍      | 9/26 [00:00<00:00, 33.16it/s][A

 50%|█████     | 13/26 [00:00<00:00, 31.78it/s][A

 65%|██████▌   | 17/26 [00:00<00:00, 31.08it/s][A

 81%|████████  | 21/26 [00:00<00:00, 31.14it/s][A

 96%|█████████▌| 25/26 [00:00<00:00, 30.78it/s][A

                                               
[A
                                                 

100%|██████████| 26/26 [00:00<00:00, 30.78it/s][A
 44%|████▍     | 286/650 [05:18<04:51,  1.25it/s]

                                               [A{'eval_loss': 1.0784136056900024, 'eval_macro_recall': 0.651061224489796, 'eval_macro_precision': 0.6139852120268887, 'eval_macro_f1': 0.6050357142607051, 'eval_accuracy': 0.6565533980582524, 'eval_micro_recall': 0.6565533980582524, 'eval_micro_precision': 0.6565533980582524, 'eval_micro_f1': 0.6565533980582524, 'eval_runtime': 1.1486, 'eval_samples_per_second': 717.376, 'eval_steps_per_second': 22.636, 'epoch': 22.0}

 44%|████▍     | 287/650 [05:21<12:23,  2.05s/it]
 44%|████▍     | 288/650 [05:22<10:05,  1.67s/it]
 44%|████▍     | 289/650 [05:23<08:29,  1.41s/it]
 45%|████▍     | 290/650 [05:24<07:21,  1.23s/it]
 45%|████▍     | 291/650 [05:24<06:34,  1.10s/it]
 45%|████▍     | 292/650 [05:25<06:01,  1.01s/it]
 45%|████▌     | 293/650 [05:26<05:37,  1.06it/s]
 45%|████▌     | 294/650 [05:27<05:21,  1.11it/s]
 45%|████▌     | 295/650 [05:28<05:09,  1.15it/s]
 46%|████▌     | 296/650 [05:28<05:01,  1.18it/s]
 46%|████▌     | 297/650 [05:29<04:55,  1.20it/s]
 46%|████▌     | 298/650 [05:30<04:50,  1.21it/s]
 46%|████▌     | 299/650 [05:31<04:41,  1.25it/s]
                                                 

 46%|████▌     | 299/650 [05:31<04:41,  1.25it/s]{'loss': 0.9336, 'grad_norm': 2.994821310043335, 'learning_rate': 2.7000000000000002e-05, 'epoch': 23.0}


  0%|          | 0/26 [00:00<?, ?it/s][A

 19%|█▉        | 5/26 [00:00<00:00, 37.76it/s][A

 35%|███▍      | 9/26 [00:00<00:00, 33.14it/s][A

 50%|█████     | 13/26 [00:00<00:00, 31.80it/s][A

 65%|██████▌   | 17/26 [00:00<00:00, 31.15it/s][A

 81%|████████  | 21/26 [00:00<00:00, 31.17it/s][A

 96%|█████████▌| 25/26 [00:00<00:00, 30.81it/s][A

                                               
[A
                                                 

100%|██████████| 26/26 [00:00<00:00, 30.81it/s][A
 46%|████▌     | 299/650 [05:32<04:41,  1.25it/s]

                                               [A{'eval_loss': 1.0587762594223022, 'eval_macro_recall': 0.6570544217687074, 'eval_macro_precision': 0.6327545591474077, 'eval_macro_f1': 0.6118733676793826, 'eval_accuracy': 0.6674757281553398, 'eval_micro_recall': 0.6674757281553398, 'eval_micro_precision': 0.6674757281553398, 'eval_micro_f1': 0.6674757281553398, 'eval_runtime': 1.1484, 'eval_samples_per_second': 717.496, 'eval_steps_per_second': 22.639, 'epoch': 23.0}

 46%|████▌     | 300/650 [05:36<12:03,  2.07s/it]
 46%|████▋     | 301/650 [05:37<09:48,  1.69s/it]
 46%|████▋     | 302/650 [05:37<08:13,  1.42s/it]
 47%|████▋     | 303/650 [05:38<07:08,  1.23s/it]
 47%|████▋     | 304/650 [05:39<06:21,  1.10s/it]
 47%|████▋     | 305/650 [05:40<05:49,  1.01s/it]
 47%|████▋     | 306/650 [05:41<05:26,  1.05it/s]
 47%|████▋     | 307/650 [05:41<05:09,  1.11it/s]
 47%|████▋     | 308/650 [05:42<04:58,  1.15it/s]
 48%|████▊     | 309/650 [05:43<04:49,  1.18it/s]
 48%|████▊     | 310/650 [05:44<04:44,  1.20it/s]
 48%|████▊     | 311/650 [05:45<04:39,  1.21it/s]
 48%|████▊     | 312/650 [05:45<04:31,  1.25it/s]
                                                 

 48%|████▊     | 312/650 [05:45<04:31,  1.25it/s]{'loss': 0.9021, 'grad_norm': 2.730729579925537, 'learning_rate': 2.6000000000000002e-05, 'epoch': 24.0}


  0%|          | 0/26 [00:00<?, ?it/s][A

 19%|█▉        | 5/26 [00:00<00:00, 37.88it/s][A

 35%|███▍      | 9/26 [00:00<00:00, 33.30it/s][A

 50%|█████     | 13/26 [00:00<00:00, 31.87it/s][A

 65%|██████▌   | 17/26 [00:00<00:00, 31.15it/s][A

 81%|████████  | 21/26 [00:00<00:00, 31.22it/s][A

 96%|█████████▌| 25/26 [00:00<00:00, 30.83it/s][A

                                               
[A
                                                 

100%|██████████| 26/26 [00:00<00:00, 30.83it/s][A
 48%|████▊     | 312/650 [05:47<04:31,  1.25it/s]

                                               [A{'eval_loss': 1.0431026220321655, 'eval_macro_recall': 0.6585147392290249, 'eval_macro_precision': 0.6265587803819695, 'eval_macro_f1': 0.6134949789098619, 'eval_accuracy': 0.6662621359223301, 'eval_micro_recall': 0.6662621359223301, 'eval_micro_precision': 0.6662621359223301, 'eval_micro_f1': 0.6662621359223301, 'eval_runtime': 1.1412, 'eval_samples_per_second': 722.068, 'eval_steps_per_second': 22.784, 'epoch': 24.0}

 48%|████▊     | 313/650 [05:50<11:22,  2.02s/it]
 48%|████▊     | 314/650 [05:51<09:16,  1.66s/it]
 48%|████▊     | 315/650 [05:52<07:48,  1.40s/it]
 49%|████▊     | 316/650 [05:53<06:46,  1.22s/it]
 49%|████▉     | 317/650 [05:53<06:03,  1.09s/it]
 49%|████▉     | 318/650 [05:54<05:33,  1.00s/it]
 49%|████▉     | 319/650 [05:55<05:11,  1.06it/s]
 49%|████▉     | 320/650 [05:56<04:56,  1.11it/s]
 49%|████▉     | 321/650 [05:57<04:46,  1.15it/s]
 50%|████▉     | 322/650 [05:57<04:38,  1.18it/s]
 50%|████▉     | 323/650 [05:58<04:32,  1.20it/s]
 50%|████▉     | 324/650 [05:59<04:28,  1.21it/s]
 50%|█████     | 325/650 [06:00<04:21,  1.24it/s]
                                                 

 50%|█████     | 325/650 [06:00<04:21,  1.24it/s]{'loss': 0.8774, 'grad_norm': 2.0097804069519043, 'learning_rate': 2.5e-05, 'epoch': 25.0}


  0%|          | 0/26 [00:00<?, ?it/s][A

 19%|█▉        | 5/26 [00:00<00:00, 37.69it/s][A

 35%|███▍      | 9/26 [00:00<00:00, 33.09it/s][A

 50%|█████     | 13/26 [00:00<00:00, 31.69it/s][A

 65%|██████▌   | 17/26 [00:00<00:00, 31.08it/s][A

 81%|████████  | 21/26 [00:00<00:00, 31.16it/s][A

 96%|█████████▌| 25/26 [00:00<00:00, 30.80it/s][A

                                               
[A
                                                 

100%|██████████| 26/26 [00:00<00:00, 30.80it/s][A
 50%|█████     | 325/650 [06:01<04:21,  1.24it/s]

                                               [A{'eval_loss': 1.024106502532959, 'eval_macro_recall': 0.6687528344671202, 'eval_macro_precision': 0.6388968811234318, 'eval_macro_f1': 0.6239475001648914, 'eval_accuracy': 0.6759708737864077, 'eval_micro_recall': 0.6759708737864077, 'eval_micro_precision': 0.6759708737864077, 'eval_micro_f1': 0.6759708737864077, 'eval_runtime': 1.1791, 'eval_samples_per_second': 698.857, 'eval_steps_per_second': 22.051, 'epoch': 25.0}

 50%|█████     | 326/650 [06:05<11:08,  2.06s/it]
 50%|█████     | 327/650 [06:06<09:03,  1.68s/it]
 50%|█████     | 328/650 [06:06<07:36,  1.42s/it]
 51%|█████     | 329/650 [06:07<06:35,  1.23s/it]
 51%|█████     | 330/650 [06:08<05:52,  1.10s/it]
 51%|█████     | 331/650 [06:09<05:22,  1.01s/it]
 51%|█████     | 332/650 [06:10<05:01,  1.05it/s]
 51%|█████     | 333/650 [06:10<04:46,  1.11it/s]
 51%|█████▏    | 334/650 [06:11<04:35,  1.15it/s]
 52%|█████▏    | 335/650 [06:12<04:27,  1.18it/s]
 52%|█████▏    | 336/650 [06:13<04:22,  1.20it/s]
 52%|█████▏    | 337/650 [06:14<04:17,  1.21it/s]
 52%|█████▏    | 338/650 [06:14<04:10,  1.25it/s]
                                                 

 52%|█████▏    | 338/650 [06:14<04:10,  1.25it/s]{'loss': 0.8564, 'grad_norm': 3.034787893295288, 'learning_rate': 2.4e-05, 'epoch': 26.0}


  0%|          | 0/26 [00:00<?, ?it/s][A

 19%|█▉        | 5/26 [00:00<00:00, 37.63it/s][A

 35%|███▍      | 9/26 [00:00<00:00, 32.96it/s][A

 50%|█████     | 13/26 [00:00<00:00, 31.70it/s][A

 65%|██████▌   | 17/26 [00:00<00:00, 31.14it/s][A

 81%|████████  | 21/26 [00:00<00:00, 31.23it/s][A

 96%|█████████▌| 25/26 [00:00<00:00, 30.86it/s][A

                                               
[A
                                                 

100%|██████████| 26/26 [00:00<00:00, 30.86it/s][A
 52%|█████▏    | 338/650 [06:16<04:10,  1.25it/s]

                                               [A{'eval_loss': 1.0273268222808838, 'eval_macro_recall': 0.665467120181406, 'eval_macro_precision': 0.6333281342773739, 'eval_macro_f1': 0.620044187417881, 'eval_accuracy': 0.6686893203883495, 'eval_micro_recall': 0.6686893203883495, 'eval_micro_precision': 0.6686893203883495, 'eval_micro_f1': 0.6686893203883495, 'eval_runtime': 1.16, 'eval_samples_per_second': 710.328, 'eval_steps_per_second': 22.413, 'epoch': 26.0}

 52%|█████▏    | 339/650 [06:20<11:01,  2.13s/it]
 52%|█████▏    | 340/650 [06:20<08:56,  1.73s/it]
 52%|█████▏    | 341/650 [06:21<07:28,  1.45s/it]
 53%|█████▎    | 342/650 [06:22<06:27,  1.26s/it]
 53%|█████▎    | 343/650 [06:23<05:43,  1.12s/it]
 53%|█████▎    | 344/650 [06:24<05:14,  1.03s/it]
 53%|█████▎    | 345/650 [06:24<04:52,  1.04it/s]
 53%|█████▎    | 346/650 [06:25<04:36,  1.10it/s]
 53%|█████▎    | 347/650 [06:26<04:25,  1.14it/s]
 54%|█████▎    | 348/650 [06:27<04:17,  1.17it/s]
 54%|█████▎    | 349/650 [06:28<04:12,  1.19it/s]
 54%|█████▍    | 350/650 [06:28<04:07,  1.21it/s]
 54%|█████▍    | 351/650 [06:29<04:00,  1.25it/s]
                                                 

 54%|█████▍    | 351/650 [06:29<04:00,  1.25it/s]{'loss': 0.8404, 'grad_norm': 2.118652582168579, 'learning_rate': 2.3000000000000003e-05, 'epoch': 27.0}


  0%|          | 0/26 [00:00<?, ?it/s][A

 19%|█▉        | 5/26 [00:00<00:00, 38.06it/s][A

 35%|███▍      | 9/26 [00:00<00:00, 33.37it/s][A

 50%|█████     | 13/26 [00:00<00:00, 32.01it/s][A

 65%|██████▌   | 17/26 [00:00<00:00, 31.36it/s][A

 81%|████████  | 21/26 [00:00<00:00, 31.43it/s][A

 96%|█████████▌| 25/26 [00:00<00:00, 31.00it/s][A

                                               
[A
                                                 

100%|██████████| 26/26 [00:00<00:00, 31.00it/s][A
 54%|█████▍    | 351/650 [06:30<04:00,  1.25it/s]

                                               [A{'eval_loss': 0.9887920618057251, 'eval_macro_recall': 0.6770226757369614, 'eval_macro_precision': 0.6379380631955734, 'eval_macro_f1': 0.628759947667776, 'eval_accuracy': 0.6808252427184466, 'eval_micro_recall': 0.6808252427184466, 'eval_micro_precision': 0.6808252427184466, 'eval_micro_f1': 0.6808252427184466, 'eval_runtime': 1.1217, 'eval_samples_per_second': 734.594, 'eval_steps_per_second': 23.179, 'epoch': 27.0}

 54%|█████▍    | 352/650 [06:34<10:14,  2.06s/it]
 54%|█████▍    | 353/650 [06:35<08:19,  1.68s/it]
 54%|█████▍    | 354/650 [06:36<06:59,  1.42s/it]
 55%|█████▍    | 355/650 [06:37<06:03,  1.23s/it]
 55%|█████▍    | 356/650 [06:37<05:24,  1.10s/it]
 55%|█████▍    | 357/650 [06:38<04:56,  1.01s/it]
 55%|█████▌    | 358/650 [06:39<04:36,  1.05it/s]
 55%|█████▌    | 359/650 [06:40<04:22,  1.11it/s]
 55%|█████▌    | 360/650 [06:41<04:12,  1.15it/s]
 56%|█████▌    | 361/650 [06:41<04:05,  1.18it/s]
 56%|█████▌    | 362/650 [06:42<04:00,  1.20it/s]
 56%|█████▌    | 363/650 [06:43<03:56,  1.21it/s]
 56%|█████▌    | 364/650 [06:44<03:51,  1.24it/s]
                                                 

 56%|█████▌    | 364/650 [06:44<03:51,  1.24it/s]{'loss': 0.8312, 'grad_norm': 2.4758999347686768, 'learning_rate': 2.2000000000000003e-05, 'epoch': 28.0}


  0%|          | 0/26 [00:00<?, ?it/s][A

 19%|█▉        | 5/26 [00:00<00:00, 38.27it/s][A

 35%|███▍      | 9/26 [00:00<00:00, 33.63it/s][A

 50%|█████     | 13/26 [00:00<00:00, 32.19it/s][A

 65%|██████▌   | 17/26 [00:00<00:00, 31.50it/s][A

 81%|████████  | 21/26 [00:00<00:00, 31.55it/s][A

 96%|█████████▌| 25/26 [00:00<00:00, 31.14it/s][A

                                               
[A
                                                 

100%|██████████| 26/26 [00:01<00:00, 31.14it/s][A
 56%|█████▌    | 364/650 [06:45<03:51,  1.24it/s]

                                               [A{'eval_loss': 0.9710103869438171, 'eval_macro_recall': 0.6860861678004535, 'eval_macro_precision': 0.647417180152134, 'eval_macro_f1': 0.6392384973096702, 'eval_accuracy': 0.6929611650485437, 'eval_micro_recall': 0.6929611650485437, 'eval_micro_precision': 0.6929611650485437, 'eval_micro_f1': 0.6929611650485437, 'eval_runtime': 1.1376, 'eval_samples_per_second': 724.305, 'eval_steps_per_second': 22.854, 'epoch': 28.0}

 56%|█████▌    | 365/650 [06:49<09:53,  2.08s/it]
 56%|█████▋    | 366/650 [06:50<08:02,  1.70s/it]
 56%|█████▋    | 367/650 [06:50<06:44,  1.43s/it]
 57%|█████▋    | 368/650 [06:51<05:49,  1.24s/it]
 57%|█████▋    | 369/650 [06:52<05:11,  1.11s/it]
 57%|█████▋    | 370/650 [06:53<04:44,  1.01s/it]
 57%|█████▋    | 371/650 [06:54<04:25,  1.05it/s]
 57%|█████▋    | 372/650 [06:54<04:11,  1.11it/s]
 57%|█████▋    | 373/650 [06:55<04:01,  1.15it/s]
 58%|█████▊    | 374/650 [06:56<03:54,  1.18it/s]
 58%|█████▊    | 375/650 [06:57<03:49,  1.20it/s]
 58%|█████▊    | 376/650 [06:58<03:45,  1.21it/s]
 58%|█████▊    | 377/650 [06:58<03:38,  1.25it/s]
                                                 

 58%|█████▊    | 377/650 [06:58<03:38,  1.25it/s]{'loss': 0.7966, 'grad_norm': 2.3453292846679688, 'learning_rate': 2.1e-05, 'epoch': 29.0}


  0%|          | 0/26 [00:00<?, ?it/s][A

 19%|█▉        | 5/26 [00:00<00:00, 38.27it/s][A

 35%|███▍      | 9/26 [00:00<00:00, 33.56it/s][A

 50%|█████     | 13/26 [00:00<00:00, 32.15it/s][A

 65%|██████▌   | 17/26 [00:00<00:00, 31.47it/s][A

 81%|████████  | 21/26 [00:00<00:00, 31.56it/s][A

 96%|█████████▌| 25/26 [00:00<00:00, 31.08it/s][A

                                               
[A
                                                 

100%|██████████| 26/26 [00:00<00:00, 31.08it/s][A
 58%|█████▊    | 377/650 [07:00<03:38,  1.25it/s]

                                               [A{'eval_loss': 0.9707798361778259, 'eval_macro_recall': 0.6839750566893423, 'eval_macro_precision': 0.6551350408211226, 'eval_macro_f1': 0.6412289193992519, 'eval_accuracy': 0.6881067961165048, 'eval_micro_recall': 0.6881067961165048, 'eval_micro_precision': 0.6881067961165048, 'eval_micro_f1': 0.6881067961165048, 'eval_runtime': 1.1273, 'eval_samples_per_second': 730.973, 'eval_steps_per_second': 23.065, 'epoch': 29.0}

 58%|█████▊    | 378/650 [07:03<09:22,  2.07s/it]
 58%|█████▊    | 379/650 [07:04<07:37,  1.69s/it]
 58%|█████▊    | 380/650 [07:05<06:23,  1.42s/it]
 59%|█████▊    | 381/650 [07:06<05:32,  1.23s/it]
 59%|█████▉    | 382/650 [07:06<04:55,  1.10s/it]
 59%|█████▉    | 383/650 [07:07<04:30,  1.01s/it]
 59%|█████▉    | 384/650 [07:08<04:12,  1.05it/s]
 59%|█████▉    | 385/650 [07:09<03:59,  1.11it/s]
 59%|█████▉    | 386/650 [07:10<03:50,  1.15it/s]
 60%|█████▉    | 387/650 [07:10<03:43,  1.18it/s]
 60%|█████▉    | 388/650 [07:11<03:39,  1.20it/s]
 60%|█████▉    | 389/650 [07:12<03:35,  1.21it/s]
 60%|██████    | 390/650 [07:13<03:28,  1.25it/s]
                                                 

 60%|██████    | 390/650 [07:13<03:28,  1.25it/s]{'loss': 0.7822, 'grad_norm': 2.342172622680664, 'learning_rate': 2e-05, 'epoch': 30.0}


  0%|          | 0/26 [00:00<?, ?it/s][A

 19%|█▉        | 5/26 [00:00<00:00, 37.89it/s][A

 35%|███▍      | 9/26 [00:00<00:00, 33.34it/s][A

 50%|█████     | 13/26 [00:00<00:00, 31.98it/s][A

 65%|██████▌   | 17/26 [00:00<00:00, 31.30it/s][A

 81%|████████  | 21/26 [00:00<00:00, 31.35it/s][A

 96%|█████████▌| 25/26 [00:00<00:00, 30.95it/s][A

                                               
[A
                                                 

100%|██████████| 26/26 [00:00<00:00, 30.95it/s][A
 60%|██████    | 390/650 [07:14<03:28,  1.25it/s]

                                               [A{'eval_loss': 0.9603525996208191, 'eval_macro_recall': 0.6799433106575964, 'eval_macro_precision': 0.6409773739266136, 'eval_macro_f1': 0.6365759786891684, 'eval_accuracy': 0.6808252427184466, 'eval_micro_recall': 0.6808252427184466, 'eval_micro_precision': 0.6808252427184466, 'eval_micro_f1': 0.6808252427184466, 'eval_runtime': 1.1282, 'eval_samples_per_second': 730.382, 'eval_steps_per_second': 23.046, 'epoch': 30.0}

 60%|██████    | 391/650 [07:18<08:50,  2.05s/it]
 60%|██████    | 392/650 [07:19<07:11,  1.67s/it]
 60%|██████    | 393/650 [07:19<06:02,  1.41s/it]
 61%|██████    | 394/650 [07:20<05:14,  1.23s/it]
 61%|██████    | 395/650 [07:21<04:40,  1.10s/it]
 61%|██████    | 396/650 [07:22<04:16,  1.01s/it]
 61%|██████    | 397/650 [07:23<03:59,  1.06it/s]
 61%|██████    | 398/650 [07:23<03:47,  1.11it/s]
 61%|██████▏   | 399/650 [07:24<03:38,  1.15it/s]
 62%|██████▏   | 400/650 [07:25<03:32,  1.18it/s]
 62%|██████▏   | 401/650 [07:26<03:27,  1.20it/s]
 62%|██████▏   | 402/650 [07:27<03:24,  1.21it/s]
 62%|██████▏   | 403/650 [07:27<03:17,  1.25it/s]
                                                 

 62%|██████▏   | 403/650 [07:27<03:17,  1.25it/s]{'loss': 0.7703, 'grad_norm': 1.767459511756897, 'learning_rate': 1.9e-05, 'epoch': 31.0}


  0%|          | 0/26 [00:00<?, ?it/s][A

 19%|█▉        | 5/26 [00:00<00:00, 38.29it/s][A

 35%|███▍      | 9/26 [00:00<00:00, 33.63it/s][A

 50%|█████     | 13/26 [00:00<00:00, 32.18it/s][A

 65%|██████▌   | 17/26 [00:00<00:00, 31.50it/s][A

 81%|████████  | 21/26 [00:00<00:00, 31.53it/s][A

 96%|█████████▌| 25/26 [00:00<00:00, 31.11it/s][A

                                               
[A
                                                 

100%|██████████| 26/26 [00:00<00:00, 31.11it/s][A
 62%|██████▏   | 403/650 [07:29<03:17,  1.25it/s]

                                               [A{'eval_loss': 0.9579375982284546, 'eval_macro_recall': 0.6875238095238095, 'eval_macro_precision': 0.6554720142069682, 'eval_macro_f1': 0.6446822482120677, 'eval_accuracy': 0.6881067961165048, 'eval_micro_recall': 0.6881067961165048, 'eval_micro_precision': 0.6881067961165048, 'eval_micro_f1': 0.6881067961165048, 'eval_runtime': 1.1311, 'eval_samples_per_second': 728.473, 'eval_steps_per_second': 22.986, 'epoch': 31.0}

 62%|██████▏   | 404/650 [07:32<08:20,  2.04s/it]
 62%|██████▏   | 405/650 [07:33<06:47,  1.66s/it]
 62%|██████▏   | 406/650 [07:34<05:42,  1.40s/it]
 63%|██████▎   | 407/650 [07:35<04:57,  1.22s/it]
 63%|██████▎   | 408/650 [07:35<04:25,  1.10s/it]
 63%|██████▎   | 409/650 [07:36<04:02,  1.01s/it]
 63%|██████▎   | 410/650 [07:37<03:46,  1.06it/s]
 63%|██████▎   | 411/650 [07:38<03:35,  1.11it/s]
 63%|██████▎   | 412/650 [07:39<03:27,  1.15it/s]
 64%|██████▎   | 413/650 [07:39<03:21,  1.18it/s]
 64%|██████▎   | 414/650 [07:40<03:17,  1.20it/s]
 64%|██████▍   | 415/650 [07:41<03:13,  1.21it/s]
 64%|██████▍   | 416/650 [07:42<03:06,  1.25it/s]
                                                 

 64%|██████▍   | 416/650 [07:42<03:06,  1.25it/s]{'loss': 0.7582, 'grad_norm': 2.195178985595703, 'learning_rate': 1.8e-05, 'epoch': 32.0}


  0%|          | 0/26 [00:00<?, ?it/s][A

 19%|█▉        | 5/26 [00:00<00:00, 38.14it/s][A

 35%|███▍      | 9/26 [00:00<00:00, 33.49it/s][A

 50%|█████     | 13/26 [00:00<00:00, 32.10it/s][A

 65%|██████▌   | 17/26 [00:00<00:00, 31.44it/s][A

 81%|████████  | 21/26 [00:00<00:00, 31.53it/s][A

 96%|█████████▌| 25/26 [00:00<00:00, 31.11it/s][A

                                               
[A
                                                 

100%|██████████| 26/26 [00:00<00:00, 31.11it/s][A
 64%|██████▍   | 416/650 [07:43<03:06,  1.25it/s]

                                               [A{'eval_loss': 0.9394587278366089, 'eval_macro_recall': 0.6925578231292516, 'eval_macro_precision': 0.6617207890792359, 'eval_macro_f1': 0.6517969590917344, 'eval_accuracy': 0.6953883495145631, 'eval_micro_recall': 0.6953883495145631, 'eval_micro_precision': 0.6953883495145631, 'eval_micro_f1': 0.6953883495145631, 'eval_runtime': 1.1353, 'eval_samples_per_second': 725.829, 'eval_steps_per_second': 22.902, 'epoch': 32.0}

 64%|██████▍   | 417/650 [07:47<07:53,  2.03s/it]
 64%|██████▍   | 418/650 [07:47<06:25,  1.66s/it]
 64%|██████▍   | 419/650 [07:48<05:24,  1.40s/it]
 65%|██████▍   | 420/650 [07:49<04:41,  1.22s/it]
 65%|██████▍   | 421/650 [07:50<04:10,  1.09s/it]
 65%|██████▍   | 422/650 [07:51<03:49,  1.01s/it]
 65%|██████▌   | 423/650 [07:51<03:34,  1.06it/s]
 65%|██████▌   | 424/650 [07:52<03:23,  1.11it/s]
 65%|██████▌   | 425/650 [07:53<03:15,  1.15it/s]
 66%|██████▌   | 426/650 [07:54<03:10,  1.18it/s]
 66%|██████▌   | 427/650 [07:55<03:06,  1.20it/s]
 66%|██████▌   | 428/650 [07:55<03:03,  1.21it/s]
 66%|██████▌   | 429/650 [07:56<02:57,  1.25it/s]
                                                 

 66%|██████▌   | 429/650 [07:56<02:57,  1.25it/s]{'loss': 0.7406, 'grad_norm': 2.7206263542175293, 'learning_rate': 1.7000000000000003e-05, 'epoch': 33.0}


  0%|          | 0/26 [00:00<?, ?it/s][A

 19%|█▉        | 5/26 [00:00<00:00, 37.92it/s][A

 35%|███▍      | 9/26 [00:00<00:00, 33.22it/s][A

 50%|█████     | 13/26 [00:00<00:00, 31.85it/s][A

 65%|██████▌   | 17/26 [00:00<00:00, 31.17it/s][A

 81%|████████  | 21/26 [00:00<00:00, 31.35it/s][A

 96%|█████████▌| 25/26 [00:00<00:00, 30.89it/s][A

                                               
[A
                                                 

100%|██████████| 26/26 [00:00<00:00, 30.89it/s][A
 66%|██████▌   | 429/650 [07:57<02:57,  1.25it/s]

                                               [A{'eval_loss': 0.9335158467292786, 'eval_macro_recall': 0.6891927437641723, 'eval_macro_precision': 0.6638036222124892, 'eval_macro_f1': 0.6510594696903795, 'eval_accuracy': 0.6953883495145631, 'eval_micro_recall': 0.6953883495145631, 'eval_micro_precision': 0.6953883495145631, 'eval_micro_f1': 0.6953883495145631, 'eval_runtime': 1.1198, 'eval_samples_per_second': 735.845, 'eval_steps_per_second': 23.218, 'epoch': 33.0}

 66%|██████▌   | 430/650 [08:01<07:28,  2.04s/it]
 66%|██████▋   | 431/650 [08:02<06:04,  1.67s/it]
 66%|██████▋   | 432/650 [08:03<05:06,  1.41s/it]
 67%|██████▋   | 433/650 [08:04<04:25,  1.22s/it]
 67%|██████▋   | 434/650 [08:04<03:56,  1.10s/it]
 67%|██████▋   | 435/650 [08:05<03:36,  1.01s/it]
 67%|██████▋   | 436/650 [08:06<03:22,  1.06it/s]
 67%|██████▋   | 437/650 [08:07<03:11,  1.11it/s]
 67%|██████▋   | 438/650 [08:08<03:04,  1.15it/s]
 68%|██████▊   | 439/650 [08:08<02:59,  1.18it/s]
 68%|██████▊   | 440/650 [08:09<02:55,  1.20it/s]
 68%|██████▊   | 441/650 [08:10<02:52,  1.21it/s]
 68%|██████▊   | 442/650 [08:11<02:47,  1.24it/s]
                                                 

 68%|██████▊   | 442/650 [08:11<02:47,  1.24it/s]{'loss': 0.7295, 'grad_norm': 1.7532799243927002, 'learning_rate': 1.6000000000000003e-05, 'epoch': 34.0}


  0%|          | 0/26 [00:00<?, ?it/s][A

 19%|█▉        | 5/26 [00:00<00:00, 38.20it/s][A

 35%|███▍      | 9/26 [00:00<00:00, 33.51it/s][A

 50%|█████     | 13/26 [00:00<00:00, 32.10it/s][A

 65%|██████▌   | 17/26 [00:00<00:00, 31.43it/s][A

 81%|████████  | 21/26 [00:00<00:00, 31.52it/s][A

 96%|█████████▌| 25/26 [00:00<00:00, 31.10it/s][A

                                               
[A
                                                 

100%|██████████| 26/26 [00:00<00:00, 31.10it/s][A
 68%|██████▊   | 442/650 [08:12<02:47,  1.24it/s]

                                               [A{'eval_loss': 0.9206030368804932, 'eval_macro_recall': 0.6922721088435375, 'eval_macro_precision': 0.6676871751674708, 'eval_macro_f1': 0.6564858971132687, 'eval_accuracy': 0.6966019417475728, 'eval_micro_recall': 0.6966019417475728, 'eval_micro_precision': 0.6966019417475728, 'eval_micro_f1': 0.6966019417475728, 'eval_runtime': 1.1355, 'eval_samples_per_second': 725.651, 'eval_steps_per_second': 22.897, 'epoch': 34.0}

 68%|██████▊   | 443/650 [08:16<07:19,  2.12s/it]
 68%|██████▊   | 444/650 [08:17<05:55,  1.72s/it]
 68%|██████▊   | 445/650 [08:18<04:56,  1.45s/it]
 69%|██████▊   | 446/650 [08:18<04:15,  1.25s/it]
 69%|██████▉   | 447/650 [08:19<03:46,  1.12s/it]
 69%|██████▉   | 448/650 [08:20<03:26,  1.02s/it]
 69%|██████▉   | 449/650 [08:21<03:11,  1.05it/s]
 69%|██████▉   | 450/650 [08:22<03:01,  1.10it/s]
 69%|██████▉   | 451/650 [08:22<02:54,  1.14it/s]
 70%|██████▉   | 452/650 [08:23<02:49,  1.17it/s]
 70%|██████▉   | 453/650 [08:24<02:44,  1.19it/s]
 70%|██████▉   | 454/650 [08:25<02:41,  1.21it/s]
 70%|███████   | 455/650 [08:25<02:36,  1.24it/s]
                                                 

 70%|███████   | 455/650 [08:25<02:36,  1.24it/s]{'loss': 0.7249, 'grad_norm': 2.7127277851104736, 'learning_rate': 1.5e-05, 'epoch': 35.0}


  0%|          | 0/26 [00:00<?, ?it/s][A

 19%|█▉        | 5/26 [00:00<00:00, 37.78it/s][A

 35%|███▍      | 9/26 [00:00<00:00, 33.30it/s][A

 50%|█████     | 13/26 [00:00<00:00, 31.97it/s][A

 65%|██████▌   | 17/26 [00:00<00:00, 31.39it/s][A

 81%|████████  | 21/26 [00:00<00:00, 31.47it/s][A

 96%|█████████▌| 25/26 [00:00<00:00, 31.05it/s][A

                                               
[A
                                                 

100%|██████████| 26/26 [00:00<00:00, 31.05it/s][A
 70%|███████   | 455/650 [08:27<02:36,  1.24it/s]

                                               [A{'eval_loss': 0.9260129332542419, 'eval_macro_recall': 0.6913514739229025, 'eval_macro_precision': 0.6598007362096031, 'eval_macro_f1': 0.6532102709260988, 'eval_accuracy': 0.7002427184466019, 'eval_micro_recall': 0.7002427184466019, 'eval_micro_precision': 0.7002427184466019, 'eval_micro_f1': 0.7002427184466019, 'eval_runtime': 1.1313, 'eval_samples_per_second': 728.368, 'eval_steps_per_second': 22.982, 'epoch': 35.0}

 70%|███████   | 456/650 [08:31<06:56,  2.15s/it]
 70%|███████   | 457/650 [08:32<05:36,  1.74s/it]
 70%|███████   | 458/650 [08:32<04:40,  1.46s/it]
 71%|███████   | 459/650 [08:33<04:00,  1.26s/it]
 71%|███████   | 460/650 [08:34<03:33,  1.12s/it]
 71%|███████   | 461/650 [08:35<03:13,  1.03s/it]
 71%|███████   | 462/650 [08:36<03:00,  1.04it/s]
 71%|███████   | 463/650 [08:36<02:50,  1.10it/s]
 71%|███████▏  | 464/650 [08:37<02:43,  1.14it/s]
 72%|███████▏  | 465/650 [08:38<02:37,  1.17it/s]
 72%|███████▏  | 466/650 [08:39<02:34,  1.19it/s]
 72%|███████▏  | 467/650 [08:40<02:31,  1.21it/s]
 72%|███████▏  | 468/650 [08:40<02:25,  1.25it/s]
                                                 

 72%|███████▏  | 468/650 [08:40<02:25,  1.25it/s]{'loss': 0.711, 'grad_norm': 2.594754457473755, 'learning_rate': 1.4000000000000001e-05, 'epoch': 36.0}


  0%|          | 0/26 [00:00<?, ?it/s][A

 19%|█▉        | 5/26 [00:00<00:00, 38.25it/s][A

 35%|███▍      | 9/26 [00:00<00:00, 33.53it/s][A

 50%|█████     | 13/26 [00:00<00:00, 32.16it/s][A

 65%|██████▌   | 17/26 [00:00<00:00, 31.49it/s][A

 81%|████████  | 21/26 [00:00<00:00, 31.55it/s][A

 96%|█████████▌| 25/26 [00:00<00:00, 31.13it/s][A

                                               
[A
                                                 

100%|██████████| 26/26 [00:00<00:00, 31.13it/s][A
 72%|███████▏  | 468/650 [08:42<02:25,  1.25it/s]

                                               [A{'eval_loss': 0.9160858392715454, 'eval_macro_recall': 0.6910022675736962, 'eval_macro_precision': 0.6745371268031366, 'eval_macro_f1': 0.6542243380423332, 'eval_accuracy': 0.6978155339805825, 'eval_micro_recall': 0.6978155339805825, 'eval_micro_precision': 0.6978155339805825, 'eval_micro_f1': 0.6978155339805825, 'eval_runtime': 1.1336, 'eval_samples_per_second': 726.885, 'eval_steps_per_second': 22.936, 'epoch': 36.0}

 72%|███████▏  | 469/650 [08:45<06:15,  2.07s/it]
 72%|███████▏  | 470/650 [08:46<05:04,  1.69s/it]
 72%|███████▏  | 471/650 [08:47<04:15,  1.43s/it]
 73%|███████▎  | 472/650 [08:48<03:40,  1.24s/it]
 73%|███████▎  | 473/650 [08:49<03:15,  1.11s/it]
 73%|███████▎  | 474/650 [08:49<02:58,  1.02s/it]
 73%|███████▎  | 475/650 [08:50<02:46,  1.05it/s]
 73%|███████▎  | 476/650 [08:51<02:37,  1.11it/s]
 73%|███████▎  | 477/650 [08:52<02:31,  1.14it/s]
 74%|███████▎  | 478/650 [08:53<02:26,  1.17it/s]
 74%|███████▎  | 479/650 [08:53<02:23,  1.20it/s]
 74%|███████▍  | 480/650 [08:54<02:20,  1.21it/s]
 74%|███████▍  | 481/650 [08:55<02:15,  1.25it/s]
                                                 

 74%|███████▍  | 481/650 [08:55<02:15,  1.25it/s]{'loss': 0.6994, 'grad_norm': 2.1388704776763916, 'learning_rate': 1.3000000000000001e-05, 'epoch': 37.0}


  0%|          | 0/26 [00:00<?, ?it/s][A

 19%|█▉        | 5/26 [00:00<00:00, 38.31it/s][A

 35%|███▍      | 9/26 [00:00<00:00, 33.61it/s][A

 50%|█████     | 13/26 [00:00<00:00, 32.14it/s][A

 65%|██████▌   | 17/26 [00:00<00:00, 31.51it/s][A

 81%|████████  | 21/26 [00:00<00:00, 31.54it/s][A

 96%|█████████▌| 25/26 [00:00<00:00, 31.11it/s][A

                                               
[A
                                                 

100%|██████████| 26/26 [00:01<00:00, 31.11it/s][A
 74%|███████▍  | 481/650 [08:56<02:15,  1.25it/s]

                                               [A{'eval_loss': 0.9209417104721069, 'eval_macro_recall': 0.6963287981859411, 'eval_macro_precision': 0.6810881472112998, 'eval_macro_f1': 0.6608237753635752, 'eval_accuracy': 0.7026699029126213, 'eval_micro_recall': 0.7026699029126213, 'eval_micro_precision': 0.7026699029126213, 'eval_micro_f1': 0.7026699029126213, 'eval_runtime': 1.126, 'eval_samples_per_second': 731.824, 'eval_steps_per_second': 23.092, 'epoch': 37.0}

 74%|███████▍  | 482/650 [09:00<05:47,  2.07s/it]
 74%|███████▍  | 483/650 [09:01<04:42,  1.69s/it]
 74%|███████▍  | 484/650 [09:02<03:56,  1.42s/it]
 75%|███████▍  | 485/650 [09:02<03:23,  1.24s/it]
 75%|███████▍  | 486/650 [09:03<03:01,  1.10s/it]
 75%|███████▍  | 487/650 [09:04<02:45,  1.01s/it]
 75%|███████▌  | 488/650 [09:05<02:33,  1.05it/s]
 75%|███████▌  | 489/650 [09:06<02:25,  1.11it/s]
 75%|███████▌  | 490/650 [09:06<02:19,  1.15it/s]
 76%|███████▌  | 491/650 [09:07<02:15,  1.17it/s]
 76%|███████▌  | 492/650 [09:08<02:12,  1.20it/s]
 76%|███████▌  | 493/650 [09:09<02:09,  1.21it/s]
 76%|███████▌  | 494/650 [09:09<02:05,  1.24it/s]
                                                 

 76%|███████▌  | 494/650 [09:09<02:05,  1.24it/s]{'loss': 0.6928, 'grad_norm': 2.3649964332580566, 'learning_rate': 1.2e-05, 'epoch': 38.0}


  0%|          | 0/26 [00:00<?, ?it/s][A

 19%|█▉        | 5/26 [00:00<00:00, 38.21it/s][A

 35%|███▍      | 9/26 [00:00<00:00, 33.52it/s][A

 50%|█████     | 13/26 [00:00<00:00, 32.12it/s][A

 65%|██████▌   | 17/26 [00:00<00:00, 31.47it/s][A

 81%|████████  | 21/26 [00:00<00:00, 31.53it/s][A

 96%|█████████▌| 25/26 [00:00<00:00, 31.09it/s][A

                                               
[A
                                                 

100%|██████████| 26/26 [00:01<00:00, 31.09it/s][A
 76%|███████▌  | 494/650 [09:11<02:05,  1.24it/s]

                                               [A{'eval_loss': 0.9047057628631592, 'eval_macro_recall': 0.6979070294784582, 'eval_macro_precision': 0.6796521434391616, 'eval_macro_f1': 0.664622879021937, 'eval_accuracy': 0.7026699029126213, 'eval_micro_recall': 0.7026699029126213, 'eval_micro_precision': 0.7026699029126213, 'eval_micro_f1': 0.7026699029126213, 'eval_runtime': 1.1697, 'eval_samples_per_second': 704.466, 'eval_steps_per_second': 22.228, 'epoch': 38.0}

 76%|███████▌  | 495/650 [09:15<05:22,  2.08s/it]
 76%|███████▋  | 496/650 [09:15<04:20,  1.69s/it]
 76%|███████▋  | 497/650 [09:16<03:38,  1.43s/it]
 77%|███████▋  | 498/650 [09:17<03:08,  1.24s/it]
 77%|███████▋  | 499/650 [09:18<02:46,  1.11s/it]
 77%|███████▋  | 500/650 [09:19<02:32,  1.01s/it]
 77%|███████▋  | 501/650 [09:19<02:21,  1.05it/s]
 77%|███████▋  | 502/650 [09:20<02:13,  1.11it/s]
 77%|███████▋  | 503/650 [09:21<02:08,  1.15it/s]
 78%|███████▊  | 504/650 [09:22<02:04,  1.18it/s]
 78%|███████▊  | 505/650 [09:23<02:01,  1.20it/s]
 78%|███████▊  | 506/650 [09:23<01:58,  1.21it/s]
 78%|███████▊  | 507/650 [09:24<01:54,  1.25it/s]
                                                 

 78%|███████▊  | 507/650 [09:24<01:54,  1.25it/s]{'loss': 0.6877, 'grad_norm': 2.091099977493286, 'learning_rate': 1.1000000000000001e-05, 'epoch': 39.0}


  0%|          | 0/26 [00:00<?, ?it/s][A

 15%|█▌        | 4/26 [00:00<00:00, 39.74it/s][A

 31%|███       | 8/26 [00:00<00:00, 33.62it/s][A

 46%|████▌     | 12/26 [00:00<00:00, 32.13it/s][A

 62%|██████▏   | 16/26 [00:00<00:00, 31.46it/s][A

 77%|███████▋  | 20/26 [00:00<00:00, 31.11it/s][A

 92%|█████████▏| 24/26 [00:00<00:00, 31.23it/s][A

                                               
[A
                                                 

100%|██████████| 26/26 [00:00<00:00, 31.23it/s][A
 78%|███████▊  | 507/650 [09:25<01:54,  1.25it/s]

                                               [A{'eval_loss': 0.907231867313385, 'eval_macro_recall': 0.7044240362811791, 'eval_macro_precision': 0.6774067968156638, 'eval_macro_f1': 0.667817018397508, 'eval_accuracy': 0.7111650485436893, 'eval_micro_recall': 0.7111650485436893, 'eval_micro_precision': 0.7111650485436893, 'eval_micro_f1': 0.7111650485436893, 'eval_runtime': 1.143, 'eval_samples_per_second': 720.924, 'eval_steps_per_second': 22.748, 'epoch': 39.0}

 78%|███████▊  | 508/650 [09:29<04:47,  2.02s/it]
 78%|███████▊  | 509/650 [09:30<03:53,  1.65s/it]
 78%|███████▊  | 510/650 [09:31<03:15,  1.40s/it]
 79%|███████▊  | 511/650 [09:31<02:49,  1.22s/it]
 79%|███████▉  | 512/650 [09:32<02:30,  1.09s/it]
 79%|███████▉  | 513/650 [09:33<02:17,  1.00s/it]
 79%|███████▉  | 514/650 [09:34<02:08,  1.06it/s]
 79%|███████▉  | 515/650 [09:35<02:01,  1.11it/s]
 79%|███████▉  | 516/650 [09:35<01:56,  1.15it/s]
 80%|███████▉  | 517/650 [09:36<01:52,  1.18it/s]
 80%|███████▉  | 518/650 [09:37<01:50,  1.20it/s]
 80%|███████▉  | 519/650 [09:38<01:47,  1.21it/s]
 80%|████████  | 520/650 [09:38<01:44,  1.25it/s]
                                                 

 80%|████████  | 520/650 [09:38<01:44,  1.25it/s]{'loss': 0.6782, 'grad_norm': 1.6509093046188354, 'learning_rate': 1e-05, 'epoch': 40.0}


  0%|          | 0/26 [00:00<?, ?it/s][A

 19%|█▉        | 5/26 [00:00<00:00, 37.80it/s][A

 35%|███▍      | 9/26 [00:00<00:00, 33.21it/s][A

 50%|█████     | 13/26 [00:00<00:00, 31.86it/s][A

 65%|██████▌   | 17/26 [00:00<00:00, 31.23it/s][A

 81%|████████  | 21/26 [00:00<00:00, 31.31it/s][A

 96%|█████████▌| 25/26 [00:00<00:00, 30.95it/s][A

                                               
[A
                                                 

100%|██████████| 26/26 [00:00<00:00, 30.95it/s][A
 80%|████████  | 520/650 [09:40<01:44,  1.25it/s]

                                               [A{'eval_loss': 0.9083050489425659, 'eval_macro_recall': 0.7020272108843536, 'eval_macro_precision': 0.6781281389655773, 'eval_macro_f1': 0.6660927607886861, 'eval_accuracy': 0.7075242718446602, 'eval_micro_recall': 0.7075242718446602, 'eval_micro_precision': 0.7075242718446602, 'eval_micro_f1': 0.7075242718446602, 'eval_runtime': 1.1438, 'eval_samples_per_second': 720.427, 'eval_steps_per_second': 22.732, 'epoch': 40.0}

 80%|████████  | 521/650 [09:43<04:22,  2.03s/it]
 80%|████████  | 522/650 [09:44<03:32,  1.66s/it]
 80%|████████  | 523/650 [09:45<02:58,  1.40s/it]
 81%|████████  | 524/650 [09:46<02:33,  1.22s/it]
 81%|████████  | 525/650 [09:47<02:16,  1.10s/it]
 81%|████████  | 526/650 [09:47<02:04,  1.01s/it]
 81%|████████  | 527/650 [09:48<01:56,  1.06it/s]
 81%|████████  | 528/650 [09:49<01:49,  1.11it/s]
 81%|████████▏ | 529/650 [09:50<01:45,  1.15it/s]
 82%|████████▏ | 530/650 [09:51<01:41,  1.18it/s]
 82%|████████▏ | 531/650 [09:51<01:39,  1.20it/s]
 82%|████████▏ | 532/650 [09:52<01:37,  1.21it/s]
 82%|████████▏ | 533/650 [09:53<01:33,  1.25it/s]
                                                 

 82%|████████▏ | 533/650 [09:53<01:33,  1.25it/s]{'loss': 0.6703, 'grad_norm': 2.071885585784912, 'learning_rate': 9e-06, 'epoch': 41.0}


  0%|          | 0/26 [00:00<?, ?it/s][A

 19%|█▉        | 5/26 [00:00<00:00, 38.13it/s][A

 35%|███▍      | 9/26 [00:00<00:00, 33.42it/s][A

 50%|█████     | 13/26 [00:00<00:00, 32.02it/s][A

 65%|██████▌   | 17/26 [00:00<00:00, 31.34it/s][A

 81%|████████  | 21/26 [00:00<00:00, 31.40it/s][A

 96%|█████████▌| 25/26 [00:00<00:00, 30.99it/s][A

                                               
[A
                                                 

100%|██████████| 26/26 [00:00<00:00, 30.99it/s][A
 82%|████████▏ | 533/650 [09:54<01:33,  1.25it/s]

                                               [A{'eval_loss': 0.9035982489585876, 'eval_macro_recall': 0.7014081632653061, 'eval_macro_precision': 0.6824786614589571, 'eval_macro_f1': 0.6675903025117917, 'eval_accuracy': 0.7075242718446602, 'eval_micro_recall': 0.7075242718446602, 'eval_micro_precision': 0.7075242718446602, 'eval_micro_f1': 0.7075242718446602, 'eval_runtime': 1.1354, 'eval_samples_per_second': 725.748, 'eval_steps_per_second': 22.9, 'epoch': 41.0}

 82%|████████▏ | 534/650 [09:58<03:53,  2.01s/it]
 82%|████████▏ | 535/650 [09:59<03:09,  1.65s/it]
 82%|████████▏ | 536/650 [09:59<02:38,  1.39s/it]
 83%|████████▎ | 537/650 [10:00<02:17,  1.21s/it]
 83%|████████▎ | 538/650 [10:01<02:02,  1.09s/it]
 83%|████████▎ | 539/650 [10:02<01:51,  1.00s/it]
 83%|████████▎ | 540/650 [10:03<01:43,  1.06it/s]
 83%|████████▎ | 541/650 [10:03<01:38,  1.11it/s]
 83%|████████▎ | 542/650 [10:04<01:33,  1.15it/s]
 84%|████████▎ | 543/650 [10:05<01:30,  1.18it/s]
 84%|████████▎ | 544/650 [10:06<01:28,  1.20it/s]
 84%|████████▍ | 545/650 [10:07<01:26,  1.21it/s]
 84%|████████▍ | 546/650 [10:07<01:23,  1.25it/s]
                                                 

 84%|████████▍ | 546/650 [10:07<01:23,  1.25it/s]{'loss': 0.6658, 'grad_norm': 1.9486359357833862, 'learning_rate': 8.000000000000001e-06, 'epoch': 42.0}


  0%|          | 0/26 [00:00<?, ?it/s][A

 19%|█▉        | 5/26 [00:00<00:00, 38.11it/s][A

 35%|███▍      | 9/26 [00:00<00:00, 33.44it/s][A

 50%|█████     | 13/26 [00:00<00:00, 32.06it/s][A

 65%|██████▌   | 17/26 [00:00<00:00, 31.40it/s][A

 81%|████████  | 21/26 [00:00<00:00, 31.51it/s][A

 96%|█████████▌| 25/26 [00:00<00:00, 31.09it/s][A

                                               
[A
                                                 

100%|██████████| 26/26 [00:00<00:00, 31.09it/s][A
 84%|████████▍ | 546/650 [10:08<01:23,  1.25it/s]

                                               [A{'eval_loss': 0.9001851677894592, 'eval_macro_recall': 0.7027891156462586, 'eval_macro_precision': 0.686066216760798, 'eval_macro_f1': 0.6688438127246119, 'eval_accuracy': 0.7075242718446602, 'eval_micro_recall': 0.7075242718446602, 'eval_micro_precision': 0.7075242718446602, 'eval_micro_f1': 0.7075242718446602, 'eval_runtime': 1.1398, 'eval_samples_per_second': 722.947, 'eval_steps_per_second': 22.811, 'epoch': 42.0}

 84%|████████▍ | 547/650 [10:12<03:31,  2.06s/it]
 84%|████████▍ | 548/650 [10:13<02:51,  1.68s/it]
 84%|████████▍ | 549/650 [10:14<02:22,  1.42s/it]
 85%|████████▍ | 550/650 [10:15<02:03,  1.23s/it]
 85%|████████▍ | 551/650 [10:15<01:49,  1.10s/it]
 85%|████████▍ | 552/650 [10:16<01:39,  1.01s/it]
 85%|████████▌ | 553/650 [10:17<01:31,  1.06it/s]
 85%|████████▌ | 554/650 [10:18<01:26,  1.11it/s]
 85%|████████▌ | 555/650 [10:19<01:22,  1.15it/s]
 86%|████████▌ | 556/650 [10:19<01:20,  1.17it/s]
 86%|████████▌ | 557/650 [10:20<01:17,  1.20it/s]
 86%|████████▌ | 558/650 [10:21<01:15,  1.21it/s]
 86%|████████▌ | 559/650 [10:22<01:24,  1.08it/s]
                                                 

 86%|████████▌ | 559/650 [10:25<01:24,  1.08it/s]{'loss': 0.6602, 'grad_norm': 2.6855382919311523, 'learning_rate': 7.000000000000001e-06, 'epoch': 43.0}


  0%|          | 0/26 [00:00<?, ?it/s][A

 19%|█▉        | 5/26 [00:00<00:00, 38.28it/s][A

 35%|███▍      | 9/26 [00:00<00:00, 33.59it/s][A

 50%|█████     | 13/26 [00:00<00:00, 32.18it/s][A

 65%|██████▌   | 17/26 [00:00<00:00, 31.51it/s][A

 81%|████████  | 21/26 [00:00<00:00, 31.56it/s][A

 96%|█████████▌| 25/26 [00:00<00:00, 31.19it/s][A

                                               
[A
                                                 

100%|██████████| 26/26 [00:00<00:00, 31.19it/s][A
 86%|████████▌ | 559/650 [10:26<01:24,  1.08it/s]

                                               [A{'eval_loss': 0.8995543718338013, 'eval_macro_recall': 0.7036621315192745, 'eval_macro_precision': 0.6889031893120563, 'eval_macro_f1': 0.6694305980951214, 'eval_accuracy': 0.7075242718446602, 'eval_micro_recall': 0.7075242718446602, 'eval_micro_precision': 0.7075242718446602, 'eval_micro_f1': 0.7075242718446602, 'eval_runtime': 1.1063, 'eval_samples_per_second': 744.813, 'eval_steps_per_second': 23.501, 'epoch': 43.0}

 86%|████████▌ | 560/650 [10:30<04:21,  2.91s/it]
 86%|████████▋ | 561/650 [10:31<03:22,  2.28s/it]
 86%|████████▋ | 562/650 [10:31<02:41,  1.84s/it]
 87%|████████▋ | 563/650 [10:32<02:12,  1.53s/it]
 87%|████████▋ | 564/650 [10:33<01:52,  1.31s/it]
 87%|████████▋ | 565/650 [10:34<01:38,  1.16s/it]
 87%|████████▋ | 566/650 [10:35<01:28,  1.05s/it]
 87%|████████▋ | 567/650 [10:35<01:20,  1.03it/s]
 87%|████████▋ | 568/650 [10:36<01:15,  1.08it/s]
 88%|████████▊ | 569/650 [10:37<01:11,  1.13it/s]
 88%|████████▊ | 570/650 [10:38<01:08,  1.16it/s]
 88%|████████▊ | 571/650 [10:39<01:06,  1.19it/s]
 88%|████████▊ | 572/650 [10:39<01:03,  1.23it/s]
                                                 

 88%|████████▊ | 572/650 [10:39<01:03,  1.23it/s]{'loss': 0.6532, 'grad_norm': 2.1873040199279785, 'learning_rate': 6e-06, 'epoch': 44.0}


  0%|          | 0/26 [00:00<?, ?it/s][A

 15%|█▌        | 4/26 [00:00<00:00, 39.89it/s][A

 31%|███       | 8/26 [00:00<00:00, 33.43it/s][A

 46%|████▌     | 12/26 [00:00<00:00, 31.86it/s][A

 62%|██████▏   | 16/26 [00:00<00:00, 31.22it/s][A

 77%|███████▋  | 20/26 [00:00<00:00, 30.87it/s][A

 92%|█████████▏| 24/26 [00:00<00:00, 31.01it/s][A

                                               
[A
                                                 

100%|██████████| 26/26 [00:00<00:00, 31.01it/s][A
 88%|████████▊ | 572/650 [10:41<01:03,  1.23it/s]

                                               [A{'eval_loss': 0.8960439562797546, 'eval_macro_recall': 0.7055034013605442, 'eval_macro_precision': 0.6861448365537035, 'eval_macro_f1': 0.6716960228826506, 'eval_accuracy': 0.712378640776699, 'eval_micro_recall': 0.712378640776699, 'eval_micro_precision': 0.712378640776699, 'eval_micro_f1': 0.712378640776699, 'eval_runtime': 1.1208, 'eval_samples_per_second': 735.175, 'eval_steps_per_second': 23.197, 'epoch': 44.0}

 88%|████████▊ | 573/650 [10:45<02:48,  2.19s/it]
 88%|████████▊ | 574/650 [10:46<02:14,  1.77s/it]
 88%|████████▊ | 575/650 [10:46<01:50,  1.48s/it]
 89%|████████▊ | 576/650 [10:47<01:34,  1.27s/it]
 89%|████████▉ | 577/650 [10:48<01:22,  1.13s/it]
 89%|████████▉ | 578/650 [10:49<01:14,  1.03s/it]
 89%|████████▉ | 579/650 [10:49<01:08,  1.04it/s]
 89%|████████▉ | 580/650 [10:50<01:03,  1.10it/s]
 89%|████████▉ | 581/650 [10:51<01:00,  1.14it/s]
 90%|████████▉ | 582/650 [10:52<00:58,  1.17it/s]
 90%|████████▉ | 583/650 [10:53<00:56,  1.19it/s]
 90%|████████▉ | 584/650 [10:53<00:54,  1.21it/s]
 90%|█████████ | 585/650 [10:54<00:52,  1.25it/s]
                                                 

 90%|█████████ | 585/650 [10:54<00:52,  1.25it/s]{'loss': 0.6507, 'grad_norm': 2.2928414344787598, 'learning_rate': 5e-06, 'epoch': 45.0}


  0%|          | 0/26 [00:00<?, ?it/s][A

 19%|█▉        | 5/26 [00:00<00:00, 38.29it/s][A

 35%|███▍      | 9/26 [00:00<00:00, 33.59it/s][A

 50%|█████     | 13/26 [00:00<00:00, 32.19it/s][A

 65%|██████▌   | 17/26 [00:00<00:00, 31.50it/s][A

 81%|████████  | 21/26 [00:00<00:00, 31.58it/s][A

 96%|█████████▌| 25/26 [00:00<00:00, 31.08it/s][A

                                               
[A
                                                 

100%|██████████| 26/26 [00:00<00:00, 31.08it/s][A
 90%|█████████ | 585/650 [10:55<00:52,  1.25it/s]

                                               [A{'eval_loss': 0.9043725728988647, 'eval_macro_recall': 0.7015192743764173, 'eval_macro_precision': 0.6789762115279355, 'eval_macro_f1': 0.6660284754254179, 'eval_accuracy': 0.7063106796116505, 'eval_micro_recall': 0.7063106796116505, 'eval_micro_precision': 0.7063106796116505, 'eval_micro_f1': 0.7063106796116505, 'eval_runtime': 1.1062, 'eval_samples_per_second': 744.921, 'eval_steps_per_second': 23.505, 'epoch': 45.0}

 90%|█████████ | 586/650 [10:59<02:13,  2.08s/it]
 90%|█████████ | 587/650 [11:00<01:46,  1.70s/it]
 90%|█████████ | 588/650 [11:01<01:28,  1.43s/it]
 91%|█████████ | 589/650 [11:02<01:15,  1.24s/it]
 91%|█████████ | 590/650 [11:02<01:06,  1.11s/it]
 91%|█████████ | 591/650 [11:03<00:59,  1.01s/it]
 91%|█████████ | 592/650 [11:04<00:55,  1.05it/s]
 91%|█████████ | 593/650 [11:05<00:51,  1.11it/s]
 91%|█████████▏| 594/650 [11:06<00:48,  1.14it/s]
 92%|█████████▏| 595/650 [11:06<00:46,  1.18it/s]
 92%|█████████▏| 596/650 [11:07<00:45,  1.20it/s]
 92%|█████████▏| 597/650 [11:08<00:43,  1.21it/s]
 92%|█████████▏| 598/650 [11:09<00:41,  1.24it/s]
                                                 

 92%|█████████▏| 598/650 [11:09<00:41,  1.24it/s]{'loss': 0.6482, 'grad_norm': 2.1076126098632812, 'learning_rate': 4.000000000000001e-06, 'epoch': 46.0}


  0%|          | 0/26 [00:00<?, ?it/s][A

 19%|█▉        | 5/26 [00:00<00:00, 37.96it/s][A

 35%|███▍      | 9/26 [00:00<00:00, 33.29it/s][A

 50%|█████     | 13/26 [00:00<00:00, 31.82it/s][A

 65%|██████▌   | 17/26 [00:00<00:00, 31.29it/s][A

 81%|████████  | 21/26 [00:00<00:00, 31.41it/s][A

 96%|█████████▌| 25/26 [00:00<00:00, 30.97it/s][A

                                               
[A
                                                 

100%|██████████| 26/26 [00:03<00:00, 30.97it/s][A
 92%|█████████▏| 598/650 [11:13<00:41,  1.24it/s]

                                               [A{'eval_loss': 0.8988348245620728, 'eval_macro_recall': 0.7030748299319729, 'eval_macro_precision': 0.6848778337152721, 'eval_macro_f1': 0.6694988277179728, 'eval_accuracy': 0.7087378640776699, 'eval_micro_recall': 0.7087378640776699, 'eval_micro_precision': 0.7087378640776699, 'eval_micro_f1': 0.7087378640776699, 'eval_runtime': 1.1859, 'eval_samples_per_second': 694.838, 'eval_steps_per_second': 21.925, 'epoch': 46.0}

 92%|█████████▏| 599/650 [11:17<02:27,  2.90s/it]
 92%|█████████▏| 600/650 [11:17<01:53,  2.27s/it]
 92%|█████████▏| 601/650 [11:18<01:29,  1.83s/it]
 93%|█████████▎| 602/650 [11:19<01:12,  1.52s/it]
 93%|█████████▎| 603/650 [11:20<01:01,  1.30s/it]
 93%|█████████▎| 604/650 [11:21<00:53,  1.15s/it]
 93%|█████████▎| 605/650 [11:21<00:47,  1.05s/it]
 93%|█████████▎| 606/650 [11:22<00:42,  1.03it/s]
 93%|█████████▎| 607/650 [11:23<00:39,  1.08it/s]
 94%|█████████▎| 608/650 [11:24<00:37,  1.13it/s]
 94%|█████████▎| 609/650 [11:25<00:35,  1.16it/s]
 94%|█████████▍| 610/650 [11:25<00:33,  1.19it/s]
 94%|█████████▍| 611/650 [11:26<00:31,  1.22it/s]
                                                 

 94%|█████████▍| 611/650 [11:26<00:31,  1.22it/s]{'loss': 0.6446, 'grad_norm': 1.9425842761993408, 'learning_rate': 3e-06, 'epoch': 47.0}


  0%|          | 0/26 [00:00<?, ?it/s][A

 19%|█▉        | 5/26 [00:00<00:00, 38.05it/s][A

 35%|███▍      | 9/26 [00:00<00:00, 33.51it/s][A

 50%|█████     | 13/26 [00:00<00:00, 32.10it/s][A

 65%|██████▌   | 17/26 [00:00<00:00, 31.46it/s][A

 81%|████████  | 21/26 [00:00<00:00, 31.52it/s][A

 96%|█████████▌| 25/26 [00:00<00:00, 31.11it/s][A

                                               
[A
                                                 

100%|██████████| 26/26 [00:00<00:00, 31.11it/s][A
 94%|█████████▍| 611/650 [11:28<00:31,  1.22it/s]

                                               [A{'eval_loss': 0.8974242210388184, 'eval_macro_recall': 0.7034716553287983, 'eval_macro_precision': 0.6902759435419533, 'eval_macro_f1': 0.6697728701530059, 'eval_accuracy': 0.7087378640776699, 'eval_micro_recall': 0.7087378640776699, 'eval_micro_precision': 0.7087378640776699, 'eval_micro_f1': 0.7087378640776699, 'eval_runtime': 1.197, 'eval_samples_per_second': 688.376, 'eval_steps_per_second': 21.721, 'epoch': 47.0}

 94%|█████████▍| 612/650 [11:31<01:21,  2.15s/it]
 94%|█████████▍| 613/650 [11:32<01:04,  1.75s/it]
 94%|█████████▍| 614/650 [11:33<00:52,  1.46s/it]
 95%|█████████▍| 615/650 [11:34<00:44,  1.26s/it]
 95%|█████████▍| 616/650 [11:35<00:38,  1.12s/it]
 95%|█████████▍| 617/650 [11:35<00:33,  1.03s/it]
 95%|█████████▌| 618/650 [11:36<00:30,  1.04it/s]
 95%|█████████▌| 619/650 [11:37<00:28,  1.10it/s]
 95%|█████████▌| 620/650 [11:38<00:26,  1.14it/s]
 96%|█████████▌| 621/650 [11:39<00:24,  1.17it/s]
 96%|█████████▌| 622/650 [11:39<00:23,  1.19it/s]
 96%|█████████▌| 623/650 [11:40<00:22,  1.21it/s]
 96%|█████████▌| 624/650 [11:41<00:20,  1.24it/s]
                                                 

 96%|█████████▌| 624/650 [11:41<00:20,  1.24it/s]{'loss': 0.6442, 'grad_norm': 2.062955856323242, 'learning_rate': 2.0000000000000003e-06, 'epoch': 48.0}


  0%|          | 0/26 [00:00<?, ?it/s][A

 19%|█▉        | 5/26 [00:00<00:00, 38.11it/s][A

 35%|███▍      | 9/26 [00:00<00:00, 33.53it/s][A

 50%|█████     | 13/26 [00:00<00:00, 32.13it/s][A

 65%|██████▌   | 17/26 [00:00<00:00, 31.47it/s][A

 81%|████████  | 21/26 [00:00<00:00, 31.54it/s][A

 96%|█████████▌| 25/26 [00:00<00:00, 31.10it/s][A

                                               
[A
                                                 

100%|██████████| 26/26 [00:00<00:00, 31.10it/s][A
 96%|█████████▌| 624/650 [11:42<00:20,  1.24it/s]

                                               [A{'eval_loss': 0.8992958664894104, 'eval_macro_recall': 0.7028049886621316, 'eval_macro_precision': 0.6848748684265925, 'eval_macro_f1': 0.6686310022415671, 'eval_accuracy': 0.7075242718446602, 'eval_micro_recall': 0.7075242718446602, 'eval_micro_precision': 0.7075242718446602, 'eval_micro_f1': 0.7075242718446602, 'eval_runtime': 1.1281, 'eval_samples_per_second': 730.459, 'eval_steps_per_second': 23.048, 'epoch': 48.0}

 96%|█████████▌| 625/650 [11:46<00:53,  2.15s/it]
 96%|█████████▋| 626/650 [11:47<00:41,  1.75s/it]
 96%|█████████▋| 627/650 [11:48<00:33,  1.46s/it]
 97%|█████████▋| 628/650 [11:49<00:27,  1.26s/it]
 97%|█████████▋| 629/650 [11:50<00:23,  1.12s/it]
 97%|█████████▋| 630/650 [11:50<00:20,  1.03s/it]
 97%|█████████▋| 631/650 [11:51<00:18,  1.04it/s]
 97%|█████████▋| 632/650 [11:52<00:16,  1.10it/s]
 97%|█████████▋| 633/650 [11:53<00:14,  1.14it/s]
 98%|█████████▊| 634/650 [11:54<00:13,  1.17it/s]
 98%|█████████▊| 635/650 [11:54<00:12,  1.19it/s]
 98%|█████████▊| 636/650 [11:55<00:11,  1.21it/s]
 98%|█████████▊| 637/650 [11:56<00:10,  1.24it/s]
                                                 

 98%|█████████▊| 637/650 [11:56<00:10,  1.24it/s]{'loss': 0.6426, 'grad_norm': 1.9996330738067627, 'learning_rate': 1.0000000000000002e-06, 'epoch': 49.0}


  0%|          | 0/26 [00:00<?, ?it/s][A

 19%|█▉        | 5/26 [00:00<00:00, 37.64it/s][A

 35%|███▍      | 9/26 [00:00<00:00, 33.29it/s][A

 50%|█████     | 13/26 [00:00<00:00, 32.00it/s][A

 65%|██████▌   | 17/26 [00:00<00:00, 31.39it/s][A

 81%|████████  | 21/26 [00:00<00:00, 31.51it/s][A

 96%|█████████▌| 25/26 [00:00<00:00, 31.08it/s][A

                                               
[A
                                                 

100%|██████████| 26/26 [00:00<00:00, 31.08it/s][A
 98%|█████████▊| 637/650 [11:57<00:10,  1.24it/s]

                                               [A
                                                 

 98%|█████████▊| 637/650 [12:01<00:10,  1.24it/s]
 98%|█████████▊| 637/650 [12:01<00:14,  1.13s/it]
2025-04-12 17:42:31.384 | INFO     | __main__:fine_tune:231 - Training time: 721.78 seconds
{'eval_loss': 0.8988375067710876, 'eval_macro_recall': 0.7030748299319729, 'eval_macro_precision': 0.6863417031791414, 'eval_macro_f1': 0.669110678003419, 'eval_accuracy': 0.7075242718446602, 'eval_micro_recall': 0.7075242718446602, 'eval_micro_precision': 0.7075242718446602, 'eval_micro_f1': 0.7075242718446602, 'eval_runtime': 1.1601, 'eval_samples_per_second': 710.313, 'eval_steps_per_second': 22.413, 'epoch': 49.0}
{'train_runtime': 721.2598, 'train_samples_per_second': 228.35, 'train_steps_per_second': 0.901, 'train_loss': 1.3888345805217557, 'epoch': 49.0}

  0%|          | 0/26 [00:00<?, ?it/s]
 19%|█▉        | 5/26 [00:00<00:00, 38.25it/s]
 35%|███▍      | 9/26 [00:00<00:00, 33.59it/s]
 50%|█████     | 13/26 [00:00<00:00, 32.16it/s]
 65%|██████▌   | 17/26 [00:00<00:00, 31.49it/s]
 81%|████████  | 21/26 [00:00<00:00, 31.55it/s]
 96%|█████████▌| 25/26 [00:00<00:00, 31.11it/s]
100%|██████████| 26/26 [00:00<00:00, 30.09it/s]
2025-04-12 17:42:32.457 | INFO     | __main__:fine_tune:242 - Prediction time: 1.07 seconds
2025-04-12 17:42:32.460 | INFO     | __main__:CV_run:419 - Fold 2, Final Eval Metrics: loss: 0.90, macro_recall: 0.70, macro_precision: 0.69, macro_f1: 0.67, accuracy: 0.71, micro_recall: 0.71, micro_precision: 0.71, micro_f1: 0.71, runtime: 1.16, samples_per_second: 710.31, steps_per_second: 22.41
2025-04-12 17:42:32.460 | INFO     | __main__:CV_run:357 - Starting fold 3
Some weights of RobertaForSequenceClassification were not initialized from the model checkpoint at roberta-base and are newly initialized: ['classifier.dense.bias', 'classifier.dense.weight', 'classifier.out_proj.bias', 'classifier.out_proj.weight']
You should probably TRAIN this model on a down-stream task to be able to use it for predictions and inference.
2025-04-12 17:42:32.635 | INFO     | __main__:CV_run:409 - Starting fine-tuning with cross-entropy loss
Eval results: defaultdict(<class 'list'>, {'loss': [4.8826985359191895, 4.279391765594482, 3.773921012878418, 3.3592422008514404, 3.0032994747161865, 2.704859972000122, 2.4515013694763184, 2.2427444458007812, 2.0631422996520996, 1.8880970478057861, 1.7502856254577637, 1.640001654624939, 1.548698902130127, 1.4594395160675049, 1.3846826553344727, 1.2979985475540161, 1.2529569864273071, 1.202100396156311, 1.1856837272644043, 1.1441324949264526, 1.100759506225586, 1.0784136056900024, 1.0587762594223022, 1.0431026220321655, 1.024106502532959, 1.0273268222808838, 0.9887920618057251, 0.9710103869438171, 0.9707798361778259, 0.9603525996208191, 0.9579375982284546, 0.9394587278366089, 0.9335158467292786, 0.9206030368804932, 0.9260129332542419, 0.9160858392715454, 0.9209417104721069, 0.9047057628631592, 0.907231867313385, 0.9083050489425659, 0.9035982489585876, 0.9001851677894592, 0.8995543718338013, 0.8960439562797546, 0.9043725728988647, 0.8988348245620728, 0.8974242210388184, 0.8992958664894104, 0.8988375067710876], 'macro_recall': [0.12252326217843458, 0.24740508533611982, 0.29479710902124695, 0.354796113847838, 0.3882799671592775, 0.4206896551724138, 0.4512588943623427, 0.48326491516146686, 0.49853514739229027, 0.5351473922902494, 0.5473673469387755, 0.5611972789115647, 0.5920544217687075, 0.5903945578231292, 0.6035986394557823, 0.6181496598639455, 0.6252222222222222, 0.6362018140589569, 0.6348321995464852, 0.639140589569161, 0.6402146464646464, 0.651061224489796, 0.6570544217687074, 0.6585147392290249, 0.6687528344671202, 0.665467120181406, 0.6770226757369614, 0.6860861678004535, 0.6839750566893423, 0.6799433106575964, 0.6875238095238095, 0.6925578231292516, 0.6891927437641723, 0.6922721088435375, 0.6913514739229025, 0.6910022675736962, 0.6963287981859411, 0.6979070294784582, 0.7044240362811791, 0.7020272108843536, 0.7014081632653061, 0.7027891156462586, 0.7036621315192745, 0.7055034013605442, 0.7015192743764173, 0.7030748299319729, 0.7034716553287983, 0.7028049886621316, 0.7030748299319729], 'macro_precision': [0.05936183467828528, 0.15063206320307576, 0.19635477601518816, 0.23958829302548781, 0.27903350942471733, 0.32362233695192216, 0.3488923666209882, 0.39069549030233686, 0.40361384824478136, 0.46167135477321114, 0.4739841840698984, 0.4930982066388081, 0.5301587789820872, 0.5258281020566734, 0.5679448763158449, 0.5607368282673361, 0.5670151022801313, 0.593478489764204, 0.5997239671382895, 0.6003257031395819, 0.5974564991815954, 0.6139852120268887, 0.6327545591474077, 0.6265587803819695, 0.6388968811234318, 0.6333281342773739, 0.6379380631955734, 0.647417180152134, 0.6551350408211226, 0.6409773739266136, 0.6554720142069682, 0.6617207890792359, 0.6638036222124892, 0.6676871751674708, 0.6598007362096031, 0.6745371268031366, 0.6810881472112998, 0.6796521434391616, 0.6774067968156638, 0.6781281389655773, 0.6824786614589571, 0.686066216760798, 0.6889031893120563, 0.6861448365537035, 0.6789762115279355, 0.6848778337152721, 0.6902759435419533, 0.6848748684265925, 0.6863417031791414], 'macro_f1': [0.06049278596411435, 0.1600009343072634, 0.20107886715935513, 0.2577476412006753, 0.2953452485263251, 0.33562519984003586, 0.36418501075374604, 0.40240553133414236, 0.41733058652234173, 0.46222812800038243, 0.48077327311649776, 0.49533296514107633, 0.5315049908591247, 0.5276598369347443, 0.5509630412612977, 0.5602460090538908, 0.5697833849312841, 0.5872598182396502, 0.5873502921633645, 0.5862410245144084, 0.5932704031974896, 0.6050357142607051, 0.6118733676793826, 0.6134949789098619, 0.6239475001648914, 0.620044187417881, 0.628759947667776, 0.6392384973096702, 0.6412289193992519, 0.6365759786891684, 0.6446822482120677, 0.6517969590917344, 0.6510594696903795, 0.6564858971132687, 0.6532102709260988, 0.6542243380423332, 0.6608237753635752, 0.664622879021937, 0.667817018397508, 0.6660927607886861, 0.6675903025117917, 0.6688438127246119, 0.6694305980951214, 0.6716960228826506, 0.6660284754254179, 0.6694988277179728, 0.6697728701530059, 0.6686310022415671, 0.669110678003419], 'accuracy': [0.10922330097087378, 0.24393203883495146, 0.27548543689320387, 0.35072815533980584, 0.3871359223300971, 0.4223300970873786, 0.4441747572815534, 0.4733009708737864, 0.4890776699029126, 0.5315533980582524, 0.5485436893203883, 0.5546116504854369, 0.5910194174757282, 0.5837378640776699, 0.6104368932038835, 0.6225728155339806, 0.633495145631068, 0.6468446601941747, 0.6432038834951457, 0.6407766990291263, 0.654126213592233, 0.6565533980582524, 0.6674757281553398, 0.6662621359223301, 0.6759708737864077, 0.6686893203883495, 0.6808252427184466, 0.6929611650485437, 0.6881067961165048, 0.6808252427184466, 0.6881067961165048, 0.6953883495145631, 0.6953883495145631, 0.6966019417475728, 0.7002427184466019, 0.6978155339805825, 0.7026699029126213, 0.7026699029126213, 0.7111650485436893, 0.7075242718446602, 0.7075242718446602, 0.7075242718446602, 0.7075242718446602, 0.712378640776699, 0.7063106796116505, 0.7087378640776699, 0.7087378640776699, 0.7075242718446602, 0.7075242718446602], 'micro_recall': [0.10922330097087378, 0.24393203883495146, 0.27548543689320387, 0.35072815533980584, 0.3871359223300971, 0.4223300970873786, 0.4441747572815534, 0.4733009708737864, 0.4890776699029126, 0.5315533980582524, 0.5485436893203883, 0.5546116504854369, 0.5910194174757282, 0.5837378640776699, 0.6104368932038835, 0.6225728155339806, 0.633495145631068, 0.6468446601941747, 0.6432038834951457, 0.6407766990291263, 0.654126213592233, 0.6565533980582524, 0.6674757281553398, 0.6662621359223301, 0.6759708737864077, 0.6686893203883495, 0.6808252427184466, 0.6929611650485437, 0.6881067961165048, 0.6808252427184466, 0.6881067961165048, 0.6953883495145631, 0.6953883495145631, 0.6966019417475728, 0.7002427184466019, 0.6978155339805825, 0.7026699029126213, 0.7026699029126213, 0.7111650485436893, 0.7075242718446602, 0.7075242718446602, 0.7075242718446602, 0.7075242718446602, 0.712378640776699, 0.7063106796116505, 0.7087378640776699, 0.7087378640776699, 0.7075242718446602, 0.7075242718446602], 'micro_precision': [0.10922330097087378, 0.24393203883495146, 0.27548543689320387, 0.35072815533980584, 0.3871359223300971, 0.4223300970873786, 0.4441747572815534, 0.4733009708737864, 0.4890776699029126, 0.5315533980582524, 0.5485436893203883, 0.5546116504854369, 0.5910194174757282, 0.5837378640776699, 0.6104368932038835, 0.6225728155339806, 0.633495145631068, 0.6468446601941747, 0.6432038834951457, 0.6407766990291263, 0.654126213592233, 0.6565533980582524, 0.6674757281553398, 0.6662621359223301, 0.6759708737864077, 0.6686893203883495, 0.6808252427184466, 0.6929611650485437, 0.6881067961165048, 0.6808252427184466, 0.6881067961165048, 0.6953883495145631, 0.6953883495145631, 0.6966019417475728, 0.7002427184466019, 0.6978155339805825, 0.7026699029126213, 0.7026699029126213, 0.7111650485436893, 0.7075242718446602, 0.7075242718446602, 0.7075242718446602, 0.7075242718446602, 0.712378640776699, 0.7063106796116505, 0.7087378640776699, 0.7087378640776699, 0.7075242718446602, 0.7075242718446602], 'micro_f1': [0.10922330097087378, 0.24393203883495146, 0.27548543689320387, 0.35072815533980584, 0.3871359223300971, 0.42233009708737856, 0.4441747572815534, 0.4733009708737864, 0.4890776699029126, 0.5315533980582524, 0.5485436893203883, 0.5546116504854369, 0.5910194174757282, 0.5837378640776699, 0.6104368932038835, 0.6225728155339806, 0.633495145631068, 0.6468446601941747, 0.6432038834951457, 0.6407766990291263, 0.654126213592233, 0.6565533980582524, 0.6674757281553398, 0.6662621359223301, 0.6759708737864077, 0.6686893203883495, 0.6808252427184466, 0.6929611650485437, 0.6881067961165048, 0.6808252427184466, 0.6881067961165048, 0.6953883495145631, 0.6953883495145631, 0.6966019417475728, 0.7002427184466019, 0.6978155339805825, 0.7026699029126213, 0.7026699029126213, 0.7111650485436893, 0.7075242718446602, 0.7075242718446602, 0.7075242718446602, 0.7075242718446602, 0.712378640776699, 0.7063106796116505, 0.7087378640776699, 0.7087378640776699, 0.7075242718446602, 0.7075242718446602], 'runtime': [1.3939, 1.1226, 1.1131, 1.1104, 1.1214, 1.1279, 1.1318, 1.1388, 1.1231, 1.1351, 1.1286, 1.1163, 1.1239, 1.148, 1.1202, 1.1258, 1.1214, 1.1456, 1.1315, 1.1223, 1.1387, 1.1486, 1.1484, 1.1412, 1.1791, 1.16, 1.1217, 1.1376, 1.1273, 1.1282, 1.1311, 1.1353, 1.1198, 1.1355, 1.1313, 1.1336, 1.126, 1.1697, 1.143, 1.1438, 1.1354, 1.1398, 1.1063, 1.1208, 1.1062, 1.1859, 1.197, 1.1281, 1.1601], 'samples_per_second': [591.139, 733.982, 740.296, 742.057, 734.767, 730.569, 728.026, 723.569, 733.681, 725.945, 730.09, 738.181, 733.153, 717.74, 735.559, 731.952, 734.776, 719.299, 728.231, 734.216, 723.622, 717.376, 717.496, 722.068, 698.857, 710.328, 734.594, 724.305, 730.973, 730.382, 728.473, 725.829, 735.845, 725.651, 728.368, 726.885, 731.824, 704.466, 720.924, 720.427, 725.748, 722.947, 744.813, 735.175, 744.921, 694.838, 688.376, 730.459, 710.313], 'steps_per_second': [18.652, 23.16, 23.359, 23.414, 23.184, 23.052, 22.972, 22.831, 23.15, 22.906, 23.037, 23.292, 23.133, 22.647, 23.209, 23.096, 23.185, 22.696, 22.978, 23.167, 22.833, 22.636, 22.639, 22.784, 22.051, 22.413, 23.179, 22.854, 23.065, 23.046, 22.986, 22.902, 23.218, 22.897, 22.982, 22.936, 23.092, 22.228, 22.748, 22.732, 22.9, 22.811, 23.501, 23.197, 23.505, 21.925, 21.721, 23.048, 22.413]})

  0%|          | 0/650 [00:00<?, ?it/s]
  0%|          | 1/650 [00:01<13:40,  1.26s/it]
  0%|          | 2/650 [00:02<10:42,  1.01it/s]
  0%|          | 3/650 [00:02<09:45,  1.10it/s]
  1%|          | 4/650 [00:03<09:17,  1.16it/s]
  1%|          | 5/650 [00:04<09:02,  1.19it/s]
  1%|          | 6/650 [00:05<08:51,  1.21it/s]
  1%|          | 7/650 [00:06<08:45,  1.22it/s]
  1%|          | 8/650 [00:06<08:40,  1.23it/s]
  1%|▏         | 9/650 [00:07<08:38,  1.24it/s]
  2%|▏         | 10/650 [00:08<08:35,  1.24it/s]
  2%|▏         | 11/650 [00:09<08:33,  1.24it/s]
  2%|▏         | 12/650 [00:10<08:31,  1.25it/s]
  2%|▏         | 13/650 [00:10<08:20,  1.27it/s]
                                                

  2%|▏         | 13/650 [00:10<08:20,  1.27it/s]{'loss': 5.1269, 'grad_norm': 2.7123517990112305, 'learning_rate': 4.9e-05, 'epoch': 1.0}


  0%|          | 0/26 [00:00<?, ?it/s][A

 19%|█▉        | 5/26 [00:00<00:00, 38.21it/s][A

 35%|███▍      | 9/26 [00:00<00:00, 33.52it/s][A

 50%|█████     | 13/26 [00:00<00:00, 32.15it/s][A

 65%|██████▌   | 17/26 [00:00<00:00, 31.47it/s][A

 81%|████████  | 21/26 [00:00<00:00, 31.14it/s][A

 96%|█████████▌| 25/26 [00:00<00:00, 30.91it/s][A

                                               
[A
                                                

100%|██████████| 26/26 [00:00<00:00, 30.91it/s][A
  2%|▏         | 13/650 [00:11<08:20,  1.27it/s]

                                               [A{'eval_loss': 4.812954902648926, 'eval_macro_recall': 0.1121647509578544, 'eval_macro_precision': 0.04997336695595541, 'eval_macro_f1': 0.05856337149440597, 'eval_accuracy': 0.125, 'eval_micro_recall': 0.125, 'eval_micro_precision': 0.125, 'eval_micro_f1': 0.125, 'eval_runtime': 1.1101, 'eval_samples_per_second': 742.283, 'eval_steps_per_second': 23.422, 'epoch': 1.0}

  2%|▏         | 14/650 [00:15<21:54,  2.07s/it]
  2%|▏         | 15/650 [00:16<17:49,  1.68s/it]
  2%|▏         | 16/650 [00:17<14:58,  1.42s/it]
  3%|▎         | 17/650 [00:18<12:58,  1.23s/it]
  3%|▎         | 18/650 [00:19<11:35,  1.10s/it]
  3%|▎         | 19/650 [00:19<10:36,  1.01s/it]
  3%|▎         | 20/650 [00:20<09:55,  1.06it/s]
  3%|▎         | 21/650 [00:21<09:27,  1.11it/s]
  3%|▎         | 22/650 [00:22<09:07,  1.15it/s]
  4%|▎         | 23/650 [00:23<08:53,  1.18it/s]
  4%|▎         | 24/650 [00:23<08:42,  1.20it/s]
  4%|▍         | 25/650 [00:24<08:35,  1.21it/s]
  4%|▍         | 26/650 [00:25<08:21,  1.25it/s]
                                                

  4%|▍         | 26/650 [00:25<08:21,  1.25it/s]{'loss': 4.5905, 'grad_norm': 3.7110636234283447, 'learning_rate': 4.8e-05, 'epoch': 2.0}


  0%|          | 0/26 [00:00<?, ?it/s][A

 19%|█▉        | 5/26 [00:00<00:00, 38.07it/s][A

 35%|███▍      | 9/26 [00:00<00:00, 33.46it/s][A

 50%|█████     | 13/26 [00:00<00:00, 32.08it/s][A

 65%|██████▌   | 17/26 [00:00<00:00, 31.40it/s][A

 81%|████████  | 21/26 [00:00<00:00, 31.03it/s][A

 96%|█████████▌| 25/26 [00:00<00:00, 30.82it/s][A

                                               
[A
                                                

100%|██████████| 26/26 [00:00<00:00, 30.82it/s][A
  4%|▍         | 26/650 [00:26<08:21,  1.25it/s]

                                               [A{'eval_loss': 4.209553241729736, 'eval_macro_recall': 0.2284573982849845, 'eval_macro_precision': 0.1546854454251274, 'eval_macro_f1': 0.15835929285675357, 'eval_accuracy': 0.2512135922330097, 'eval_micro_recall': 0.2512135922330097, 'eval_micro_precision': 0.2512135922330097, 'eval_micro_f1': 0.2512135922330097, 'eval_runtime': 1.1713, 'eval_samples_per_second': 703.471, 'eval_steps_per_second': 22.197, 'epoch': 2.0}

  4%|▍         | 27/650 [00:30<21:51,  2.11s/it]
  4%|▍         | 28/650 [00:31<17:45,  1.71s/it]
  4%|▍         | 29/650 [00:32<14:53,  1.44s/it]
  5%|▍         | 30/650 [00:32<12:53,  1.25s/it]
  5%|▍         | 31/650 [00:33<11:28,  1.11s/it]
  5%|▍         | 32/650 [00:34<10:29,  1.02s/it]
  5%|▌         | 33/650 [00:35<09:47,  1.05it/s]
  5%|▌         | 34/650 [00:36<09:18,  1.10it/s]
  5%|▌         | 35/650 [00:36<08:58,  1.14it/s]
  6%|▌         | 36/650 [00:37<08:43,  1.17it/s]
  6%|▌         | 37/650 [00:38<08:33,  1.19it/s]
  6%|▌         | 38/650 [00:39<08:25,  1.21it/s]
  6%|▌         | 39/650 [00:40<08:10,  1.25it/s]
                                                

  6%|▌         | 39/650 [00:40<08:10,  1.25it/s]{'loss': 4.055, 'grad_norm': 3.2239174842834473, 'learning_rate': 4.7e-05, 'epoch': 3.0}


  0%|          | 0/26 [00:00<?, ?it/s][A

 19%|█▉        | 5/26 [00:00<00:00, 38.07it/s][A

 35%|███▍      | 9/26 [00:00<00:00, 33.54it/s][A

 50%|█████     | 13/26 [00:00<00:00, 32.12it/s][A

 65%|██████▌   | 17/26 [00:00<00:00, 31.44it/s][A

 81%|████████  | 21/26 [00:00<00:00, 31.09it/s][A

 96%|█████████▌| 25/26 [00:00<00:00, 30.88it/s][A

                                               
[A
                                                

100%|██████████| 26/26 [00:00<00:00, 30.88it/s][A
  6%|▌         | 39/650 [00:41<08:10,  1.25it/s]

                                               [A{'eval_loss': 3.695359945297241, 'eval_macro_recall': 0.3171775223499361, 'eval_macro_precision': 0.24471841295898675, 'eval_macro_f1': 0.24204194312272773, 'eval_accuracy': 0.3325242718446602, 'eval_micro_recall': 0.3325242718446602, 'eval_micro_precision': 0.3325242718446602, 'eval_micro_f1': 0.3325242718446602, 'eval_runtime': 1.1383, 'eval_samples_per_second': 723.906, 'eval_steps_per_second': 22.842, 'epoch': 3.0}

  6%|▌         | 40/650 [00:45<21:29,  2.11s/it]
  6%|▋         | 41/650 [00:46<17:26,  1.72s/it]
  6%|▋         | 42/650 [00:46<14:37,  1.44s/it]
  7%|▋         | 43/650 [00:47<12:38,  1.25s/it]
  7%|▋         | 44/650 [00:48<11:15,  1.11s/it]
  7%|▋         | 45/650 [00:49<10:16,  1.02s/it]
  7%|▋         | 46/650 [00:50<09:36,  1.05it/s]
  7%|▋         | 47/650 [00:50<09:06,  1.10it/s]
  7%|▋         | 48/650 [00:51<08:46,  1.14it/s]
  8%|▊         | 49/650 [00:52<08:31,  1.17it/s]
  8%|▊         | 50/650 [00:53<08:21,  1.20it/s]
  8%|▊         | 51/650 [00:54<08:14,  1.21it/s]
  8%|▊         | 52/650 [00:54<08:00,  1.24it/s]
                                                

  8%|▊         | 52/650 [00:54<08:00,  1.24it/s]{'loss': 3.609, 'grad_norm': 3.3233582973480225, 'learning_rate': 4.600000000000001e-05, 'epoch': 4.0}


  0%|          | 0/26 [00:00<?, ?it/s][A

 19%|█▉        | 5/26 [00:00<00:00, 38.15it/s][A

 35%|███▍      | 9/26 [00:00<00:00, 33.54it/s][A

 50%|█████     | 13/26 [00:00<00:00, 32.14it/s][A

 65%|██████▌   | 17/26 [00:00<00:00, 31.49it/s][A

 81%|████████  | 21/26 [00:00<00:00, 31.10it/s][A

 96%|█████████▌| 25/26 [00:00<00:00, 30.89it/s][A

                                               
[A
                                                

100%|██████████| 26/26 [00:00<00:00, 30.89it/s][A
  8%|▊         | 52/650 [00:56<08:00,  1.24it/s]

                                               [A{'eval_loss': 3.267047166824341, 'eval_macro_recall': 0.3953065134099617, 'eval_macro_precision': 0.3009104557035874, 'eval_macro_f1': 0.30707894781620165, 'eval_accuracy': 0.4199029126213592, 'eval_micro_recall': 0.4199029126213592, 'eval_micro_precision': 0.4199029126213592, 'eval_micro_f1': 0.4199029126213592, 'eval_runtime': 1.1562, 'eval_samples_per_second': 712.673, 'eval_steps_per_second': 22.487, 'epoch': 4.0}

  8%|▊         | 53/650 [00:59<21:10,  2.13s/it]
  8%|▊         | 54/650 [01:00<17:09,  1.73s/it]
  8%|▊         | 55/650 [01:01<14:21,  1.45s/it]
  9%|▊         | 56/650 [01:02<12:24,  1.25s/it]
  9%|▉         | 57/650 [01:03<11:02,  1.12s/it]
  9%|▉         | 58/650 [01:03<10:05,  1.02s/it]
  9%|▉         | 59/650 [01:04<09:24,  1.05it/s]
  9%|▉         | 60/650 [01:05<08:55,  1.10it/s]
  9%|▉         | 61/650 [01:06<08:35,  1.14it/s]
 10%|▉         | 62/650 [01:07<08:20,  1.17it/s]
 10%|▉         | 63/650 [01:07<08:10,  1.20it/s]
 10%|▉         | 64/650 [01:08<08:03,  1.21it/s]
 10%|█         | 65/650 [01:09<07:48,  1.25it/s]
                                                

 10%|█         | 65/650 [01:09<07:48,  1.25it/s]{'loss': 3.2293, 'grad_norm': 3.2413036823272705, 'learning_rate': 4.5e-05, 'epoch': 5.0}


  0%|          | 0/26 [00:00<?, ?it/s][A

 19%|█▉        | 5/26 [00:00<00:00, 37.82it/s][A

 35%|███▍      | 9/26 [00:00<00:00, 33.32it/s][A

 50%|█████     | 13/26 [00:00<00:00, 31.98it/s][A

 65%|██████▌   | 17/26 [00:00<00:00, 31.31it/s][A

 81%|████████  | 21/26 [00:00<00:00, 30.96it/s][A

 96%|█████████▌| 25/26 [00:00<00:00, 30.78it/s][A

                                               
[A
                                                

100%|██████████| 26/26 [00:00<00:00, 30.78it/s][A
 10%|█         | 65/650 [01:10<07:48,  1.25it/s]

                                               [A{'eval_loss': 2.9192676544189453, 'eval_macro_recall': 0.4358571428571429, 'eval_macro_precision': 0.3447336561497538, 'eval_macro_f1': 0.3570378461583969, 'eval_accuracy': 0.4587378640776699, 'eval_micro_recall': 0.4587378640776699, 'eval_micro_precision': 0.4587378640776699, 'eval_micro_f1': 0.4587378640776699, 'eval_runtime': 1.1375, 'eval_samples_per_second': 724.374, 'eval_steps_per_second': 22.856, 'epoch': 5.0}

 10%|█         | 66/650 [01:14<20:31,  2.11s/it]
 10%|█         | 67/650 [01:15<16:40,  1.72s/it]
 10%|█         | 68/650 [01:16<13:58,  1.44s/it]
 11%|█         | 69/650 [01:17<12:04,  1.25s/it]
 11%|█         | 70/650 [01:17<10:45,  1.11s/it]
 11%|█         | 71/650 [01:18<09:49,  1.02s/it]
 11%|█         | 72/650 [01:19<09:10,  1.05it/s]
 11%|█         | 73/650 [01:20<08:42,  1.10it/s]
 11%|█▏        | 74/650 [01:21<08:23,  1.14it/s]
 12%|█▏        | 75/650 [01:21<08:10,  1.17it/s]
 12%|█▏        | 76/650 [01:22<08:00,  1.20it/s]
 12%|█▏        | 77/650 [01:23<07:53,  1.21it/s]
 12%|█▏        | 78/650 [01:24<07:40,  1.24it/s]
                                                

 12%|█▏        | 78/650 [01:24<07:40,  1.24it/s]{'loss': 2.9181, 'grad_norm': 3.6867289543151855, 'learning_rate': 4.4000000000000006e-05, 'epoch': 6.0}


  0%|          | 0/26 [00:00<?, ?it/s][A

 19%|█▉        | 5/26 [00:00<00:00, 38.00it/s][A

 35%|███▍      | 9/26 [00:00<00:00, 33.38it/s][A

 50%|█████     | 13/26 [00:00<00:00, 31.98it/s][A

 65%|██████▌   | 17/26 [00:00<00:00, 31.35it/s][A

 81%|████████  | 21/26 [00:00<00:00, 30.95it/s][A

 96%|█████████▌| 25/26 [00:00<00:00, 30.76it/s][A

                                               
[A
                                                

100%|██████████| 26/26 [00:00<00:00, 30.76it/s][A
 12%|█▏        | 78/650 [01:25<07:40,  1.24it/s]

                                               [A{'eval_loss': 2.622999429702759, 'eval_macro_recall': 0.4695873015873016, 'eval_macro_precision': 0.37442911303256127, 'eval_macro_f1': 0.3924738104088864, 'eval_accuracy': 0.5048543689320388, 'eval_micro_recall': 0.5048543689320388, 'eval_micro_precision': 0.5048543689320388, 'eval_micro_f1': 0.5048543689320388, 'eval_runtime': 1.1374, 'eval_samples_per_second': 724.489, 'eval_steps_per_second': 22.86, 'epoch': 6.0}

 12%|█▏        | 79/650 [01:29<19:39,  2.07s/it]
 12%|█▏        | 80/650 [01:30<16:00,  1.69s/it]
 12%|█▏        | 81/650 [01:30<13:27,  1.42s/it]
 13%|█▎        | 82/650 [01:31<11:40,  1.23s/it]
 13%|█▎        | 83/650 [01:32<10:24,  1.10s/it]
 13%|█▎        | 84/650 [01:33<09:31,  1.01s/it]
 13%|█▎        | 85/650 [01:34<08:54,  1.06it/s]
 13%|█▎        | 86/650 [01:34<08:29,  1.11it/s]
 13%|█▎        | 87/650 [01:35<08:10,  1.15it/s]
 14%|█▎        | 88/650 [01:36<07:57,  1.18it/s]
 14%|█▎        | 89/650 [01:37<07:48,  1.20it/s]
 14%|█▍        | 90/650 [01:38<07:41,  1.21it/s]
 14%|█▍        | 91/650 [01:38<07:27,  1.25it/s]
                                                

 14%|█▍        | 91/650 [01:38<07:27,  1.25it/s]{'loss': 2.6382, 'grad_norm': 3.901984453201294, 'learning_rate': 4.3e-05, 'epoch': 7.0}


  0%|          | 0/26 [00:00<?, ?it/s][A

 19%|█▉        | 5/26 [00:00<00:00, 38.04it/s][A

 35%|███▍      | 9/26 [00:00<00:00, 33.49it/s][A

 50%|█████     | 13/26 [00:00<00:00, 32.08it/s][A

 65%|██████▌   | 17/26 [00:00<00:00, 31.44it/s][A

 81%|████████  | 21/26 [00:00<00:00, 31.07it/s][A

 96%|█████████▌| 25/26 [00:00<00:00, 30.82it/s][A

                                               
[A
                                                

100%|██████████| 26/26 [00:00<00:00, 30.82it/s][A
 14%|█▍        | 91/650 [01:39<07:27,  1.25it/s]

                                               [A{'eval_loss': 2.3724021911621094, 'eval_macro_recall': 0.5217777777777778, 'eval_macro_precision': 0.44650187876679426, 'eval_macro_f1': 0.45275372643164025, 'eval_accuracy': 0.5509708737864077, 'eval_micro_recall': 0.5509708737864077, 'eval_micro_precision': 0.5509708737864077, 'eval_micro_f1': 0.5509708737864077, 'eval_runtime': 1.1294, 'eval_samples_per_second': 729.589, 'eval_steps_per_second': 23.021, 'epoch': 7.0}

 14%|█▍        | 92/650 [01:43<19:24,  2.09s/it]
 14%|█▍        | 93/650 [01:44<15:46,  1.70s/it]
 14%|█▍        | 94/650 [01:45<13:15,  1.43s/it]
 15%|█▍        | 95/650 [01:46<11:28,  1.24s/it]
 15%|█▍        | 96/650 [01:47<10:13,  1.11s/it]
 15%|█▍        | 97/650 [01:47<09:20,  1.01s/it]
 15%|█▌        | 98/650 [01:48<08:44,  1.05it/s]
 15%|█▌        | 99/650 [01:49<08:18,  1.11it/s]
 15%|█▌        | 100/650 [01:50<07:59,  1.15it/s]
 16%|█▌        | 101/650 [01:51<07:46,  1.18it/s]
 16%|█▌        | 102/650 [01:51<07:37,  1.20it/s]
 16%|█▌        | 103/650 [01:52<07:30,  1.21it/s]
 16%|█▌        | 104/650 [01:53<07:19,  1.24it/s]
                                                 

 16%|█▌        | 104/650 [01:53<07:19,  1.24it/s]{'loss': 2.3846, 'grad_norm': 3.7448842525482178, 'learning_rate': 4.2e-05, 'epoch': 8.0}


  0%|          | 0/26 [00:00<?, ?it/s][A

 19%|█▉        | 5/26 [00:00<00:00, 38.11it/s][A

 35%|███▍      | 9/26 [00:00<00:00, 33.41it/s][A

 50%|█████     | 13/26 [00:00<00:00, 31.99it/s][A

 65%|██████▌   | 17/26 [00:00<00:00, 31.32it/s][A

 81%|████████  | 21/26 [00:00<00:00, 30.95it/s][A

 96%|█████████▌| 25/26 [00:00<00:00, 30.74it/s][A

                                               
[A
                                                 

100%|██████████| 26/26 [00:00<00:00, 30.74it/s][A
 16%|█▌        | 104/650 [01:54<07:19,  1.24it/s]

                                               [A{'eval_loss': 2.1455955505371094, 'eval_macro_recall': 0.5345986394557823, 'eval_macro_precision': 0.4557576843165488, 'eval_macro_f1': 0.4653643560450132, 'eval_accuracy': 0.5679611650485437, 'eval_micro_recall': 0.5679611650485437, 'eval_micro_precision': 0.5679611650485437, 'eval_micro_f1': 0.5679611650485437, 'eval_runtime': 1.1746, 'eval_samples_per_second': 701.508, 'eval_steps_per_second': 22.135, 'epoch': 8.0}

 16%|█▌        | 105/650 [01:58<18:51,  2.08s/it]
 16%|█▋        | 106/650 [01:59<15:20,  1.69s/it]
 16%|█▋        | 107/650 [02:00<12:53,  1.42s/it]
 17%|█▋        | 108/650 [02:00<11:10,  1.24s/it]
 17%|█▋        | 109/650 [02:01<09:57,  1.11s/it]
 17%|█▋        | 110/650 [02:02<09:07,  1.01s/it]
 17%|█▋        | 111/650 [02:03<08:31,  1.05it/s]
 17%|█▋        | 112/650 [02:04<08:06,  1.11it/s]
 17%|█▋        | 113/650 [02:04<07:48,  1.15it/s]
 18%|█▊        | 114/650 [02:05<07:35,  1.18it/s]
 18%|█▊        | 115/650 [02:06<07:26,  1.20it/s]
 18%|█▊        | 116/650 [02:07<07:19,  1.21it/s]
 18%|█▊        | 117/650 [02:07<07:07,  1.25it/s]
                                                 

 18%|█▊        | 117/650 [02:07<07:07,  1.25it/s]{'loss': 2.1684, 'grad_norm': 4.007447242736816, 'learning_rate': 4.1e-05, 'epoch': 9.0}


  0%|          | 0/26 [00:00<?, ?it/s][A

 19%|█▉        | 5/26 [00:00<00:00, 37.86it/s][A

 35%|███▍      | 9/26 [00:00<00:00, 33.36it/s][A

 50%|█████     | 13/26 [00:00<00:00, 32.04it/s][A

 65%|██████▌   | 17/26 [00:00<00:00, 31.37it/s][A

 81%|████████  | 21/26 [00:00<00:00, 30.99it/s][A

 96%|█████████▌| 25/26 [00:00<00:00, 30.77it/s][A

                                               
[A
                                                 

100%|██████████| 26/26 [00:00<00:00, 30.77it/s][A
 18%|█▊        | 117/650 [02:09<07:07,  1.25it/s]

                                               [A{'eval_loss': 1.9562230110168457, 'eval_macro_recall': 0.5523038548752833, 'eval_macro_precision': 0.48201756143507585, 'eval_macro_f1': 0.488471353466469, 'eval_accuracy': 0.5837378640776699, 'eval_micro_recall': 0.5837378640776699, 'eval_micro_precision': 0.5837378640776699, 'eval_micro_f1': 0.5837378640776699, 'eval_runtime': 1.1508, 'eval_samples_per_second': 715.993, 'eval_steps_per_second': 22.592, 'epoch': 9.0}

 18%|█▊        | 118/650 [02:12<18:10,  2.05s/it]
 18%|█▊        | 119/650 [02:13<14:48,  1.67s/it]
 18%|█▊        | 120/650 [02:14<12:27,  1.41s/it]
 19%|█▊        | 121/650 [02:15<10:49,  1.23s/it]
 19%|█▉        | 122/650 [02:16<09:40,  1.10s/it]
 19%|█▉        | 123/650 [02:16<08:52,  1.01s/it]
 19%|█▉        | 124/650 [02:17<08:18,  1.06it/s]
 19%|█▉        | 125/650 [02:18<07:53,  1.11it/s]
 19%|█▉        | 126/650 [02:19<07:36,  1.15it/s]
 20%|█▉        | 127/650 [02:20<07:24,  1.18it/s]
 20%|█▉        | 128/650 [02:20<07:15,  1.20it/s]
 20%|█▉        | 129/650 [02:21<07:09,  1.21it/s]
 20%|██        | 130/650 [02:22<06:56,  1.25it/s]
                                                 

 20%|██        | 130/650 [02:22<06:56,  1.25it/s]{'loss': 1.9819, 'grad_norm': 3.493975877761841, 'learning_rate': 4e-05, 'epoch': 10.0}


  0%|          | 0/26 [00:00<?, ?it/s][A

 19%|█▉        | 5/26 [00:00<00:00, 38.09it/s][A

 35%|███▍      | 9/26 [00:00<00:00, 33.44it/s][A

 50%|█████     | 13/26 [00:00<00:00, 32.01it/s][A

 65%|██████▌   | 17/26 [00:00<00:00, 31.37it/s][A

 81%|████████  | 21/26 [00:00<00:00, 30.99it/s][A

 96%|█████████▌| 25/26 [00:00<00:00, 30.78it/s][A

                                               
[A
                                                 

100%|██████████| 26/26 [00:01<00:00, 30.78it/s][A
 20%|██        | 130/650 [02:23<06:56,  1.25it/s]

                                               [A{'eval_loss': 1.7970479726791382, 'eval_macro_recall': 0.5568286951144092, 'eval_macro_precision': 0.48069437319769026, 'eval_macro_f1': 0.494413268393451, 'eval_accuracy': 0.5910194174757282, 'eval_micro_recall': 0.5910194174757282, 'eval_micro_precision': 0.5910194174757282, 'eval_micro_f1': 0.5910194174757282, 'eval_runtime': 1.1407, 'eval_samples_per_second': 722.359, 'eval_steps_per_second': 22.793, 'epoch': 10.0}

 20%|██        | 131/650 [02:27<18:16,  2.11s/it]
 20%|██        | 132/650 [02:28<14:50,  1.72s/it]
 20%|██        | 133/650 [02:29<12:25,  1.44s/it]
 21%|██        | 134/650 [02:30<10:44,  1.25s/it]
 21%|██        | 135/650 [02:30<09:33,  1.11s/it]
 21%|██        | 136/650 [02:31<08:43,  1.02s/it]
 21%|██        | 137/650 [02:32<08:08,  1.05it/s]
 21%|██        | 138/650 [02:33<07:44,  1.10it/s]
 21%|██▏       | 139/650 [02:34<07:26,  1.14it/s]
 22%|██▏       | 140/650 [02:34<07:14,  1.17it/s]
 22%|██▏       | 141/650 [02:35<07:06,  1.19it/s]
 22%|██▏       | 142/650 [02:36<06:59,  1.21it/s]
 22%|██▏       | 143/650 [02:37<06:50,  1.23it/s]
                                                 

 22%|██▏       | 143/650 [02:37<06:50,  1.23it/s]{'loss': 1.8153, 'grad_norm': 3.018996238708496, 'learning_rate': 3.9000000000000006e-05, 'epoch': 11.0}


  0%|          | 0/26 [00:00<?, ?it/s][A

 19%|█▉        | 5/26 [00:00<00:00, 38.12it/s][A

 35%|███▍      | 9/26 [00:00<00:00, 33.47it/s][A

 50%|█████     | 13/26 [00:00<00:00, 32.11it/s][A

 65%|██████▌   | 17/26 [00:00<00:00, 31.45it/s][A

 81%|████████  | 21/26 [00:00<00:00, 31.06it/s][A

 96%|█████████▌| 25/26 [00:00<00:00, 30.83it/s][A

                                               
[A
                                                 

100%|██████████| 26/26 [00:00<00:00, 30.83it/s][A
 22%|██▏       | 143/650 [02:38<06:50,  1.23it/s]

                                               [A{'eval_loss': 1.643181324005127, 'eval_macro_recall': 0.567631622345908, 'eval_macro_precision': 0.5125368420954445, 'eval_macro_f1': 0.5143929941501811, 'eval_accuracy': 0.6031553398058253, 'eval_micro_recall': 0.6031553398058253, 'eval_micro_precision': 0.6031553398058253, 'eval_micro_f1': 0.6031553398058253, 'eval_runtime': 1.1263, 'eval_samples_per_second': 731.603, 'eval_steps_per_second': 23.085, 'epoch': 11.0}

 22%|██▏       | 144/650 [02:42<17:26,  2.07s/it]
 22%|██▏       | 145/650 [02:43<14:11,  1.69s/it]
 22%|██▏       | 146/650 [02:43<11:55,  1.42s/it]
 23%|██▎       | 147/650 [02:44<10:20,  1.23s/it]
 23%|██▎       | 148/650 [02:45<09:13,  1.10s/it]
 23%|██▎       | 149/650 [02:46<08:27,  1.01s/it]
 23%|██▎       | 150/650 [02:46<07:53,  1.05it/s]
 23%|██▎       | 151/650 [02:47<07:30,  1.11it/s]
 23%|██▎       | 152/650 [02:48<07:14,  1.15it/s]
 24%|██▎       | 153/650 [02:49<07:02,  1.18it/s]
 24%|██▎       | 154/650 [02:50<06:54,  1.20it/s]
 24%|██▍       | 155/650 [02:50<06:48,  1.21it/s]
 24%|██▍       | 156/650 [02:51<06:35,  1.25it/s]
                                                 

 24%|██▍       | 156/650 [02:51<06:35,  1.25it/s]{'loss': 1.6627, 'grad_norm': 2.969284772872925, 'learning_rate': 3.8e-05, 'epoch': 12.0}


  0%|          | 0/26 [00:00<?, ?it/s][A

 19%|█▉        | 5/26 [00:00<00:00, 38.11it/s][A

 35%|███▍      | 9/26 [00:00<00:00, 33.41it/s][A

 50%|█████     | 13/26 [00:00<00:00, 32.01it/s][A

 65%|██████▌   | 17/26 [00:00<00:00, 31.33it/s][A

 81%|████████  | 21/26 [00:00<00:00, 30.88it/s][A

 96%|█████████▌| 25/26 [00:00<00:00, 30.65it/s][A

                                               
[A
                                                 

100%|██████████| 26/26 [00:00<00:00, 30.65it/s][A
 24%|██▍       | 156/650 [02:52<06:35,  1.25it/s]

                                               [A{'eval_loss': 1.5198476314544678, 'eval_macro_recall': 0.5815112347969491, 'eval_macro_precision': 0.5335641754826994, 'eval_macro_f1': 0.5301997920993942, 'eval_accuracy': 0.6189320388349514, 'eval_micro_recall': 0.6189320388349514, 'eval_micro_precision': 0.6189320388349514, 'eval_micro_f1': 0.6189320388349514, 'eval_runtime': 1.1334, 'eval_samples_per_second': 727.021, 'eval_steps_per_second': 22.94, 'epoch': 12.0}

 24%|██▍       | 157/650 [02:56<17:06,  2.08s/it]
 24%|██▍       | 158/650 [02:57<13:55,  1.70s/it]
 24%|██▍       | 159/650 [02:58<11:41,  1.43s/it]
 25%|██▍       | 160/650 [02:59<10:07,  1.24s/it]
 25%|██▍       | 161/650 [03:00<09:01,  1.11s/it]
 25%|██▍       | 162/650 [03:00<08:15,  1.01s/it]
 25%|██▌       | 163/650 [03:01<07:42,  1.05it/s]
 25%|██▌       | 164/650 [03:02<07:19,  1.10it/s]
 25%|██▌       | 165/650 [03:03<07:04,  1.14it/s]
 26%|██▌       | 166/650 [03:04<06:52,  1.17it/s]
 26%|██▌       | 167/650 [03:04<06:43,  1.20it/s]
 26%|██▌       | 168/650 [03:05<06:37,  1.21it/s]
 26%|██▌       | 169/650 [03:06<06:28,  1.24it/s]
                                                 

 26%|██▌       | 169/650 [03:06<06:28,  1.24it/s]{'loss': 1.5365, 'grad_norm': 2.771559000015259, 'learning_rate': 3.7e-05, 'epoch': 13.0}


  0%|          | 0/26 [00:00<?, ?it/s][A

 19%|█▉        | 5/26 [00:00<00:00, 38.09it/s][A

 35%|███▍      | 9/26 [00:00<00:00, 33.55it/s][A

 50%|█████     | 13/26 [00:00<00:00, 32.12it/s][A

 65%|██████▌   | 17/26 [00:00<00:00, 31.49it/s][A

 81%|████████  | 21/26 [00:00<00:00, 31.11it/s][A

 96%|█████████▌| 25/26 [00:00<00:00, 30.88it/s][A

                                               
[A
                                                 

100%|██████████| 26/26 [00:00<00:00, 30.88it/s][A
 26%|██▌       | 169/650 [03:07<06:28,  1.24it/s]

                                               [A{'eval_loss': 1.4165441989898682, 'eval_macro_recall': 0.6005928674500103, 'eval_macro_precision': 0.5499454386588398, 'eval_macro_f1': 0.5498558549122017, 'eval_accuracy': 0.6432038834951457, 'eval_micro_recall': 0.6432038834951457, 'eval_micro_precision': 0.6432038834951457, 'eval_micro_f1': 0.6432038834951457, 'eval_runtime': 1.1465, 'eval_samples_per_second': 718.684, 'eval_steps_per_second': 22.677, 'epoch': 13.0}

 26%|██▌       | 170/650 [03:11<16:26,  2.05s/it]
 26%|██▋       | 171/650 [03:12<13:23,  1.68s/it]
 26%|██▋       | 172/650 [03:12<11:15,  1.41s/it]
 27%|██▋       | 173/650 [03:13<09:46,  1.23s/it]
 27%|██▋       | 174/650 [03:14<08:43,  1.10s/it]
 27%|██▋       | 175/650 [03:15<07:59,  1.01s/it]
 27%|██▋       | 176/650 [03:16<07:28,  1.06it/s]
 27%|██▋       | 177/650 [03:16<07:07,  1.11it/s]
 27%|██▋       | 178/650 [03:17<06:51,  1.15it/s]
 28%|██▊       | 179/650 [03:18<06:40,  1.18it/s]
 28%|██▊       | 180/650 [03:19<06:32,  1.20it/s]
 28%|██▊       | 181/650 [03:20<06:27,  1.21it/s]
 28%|██▊       | 182/650 [03:20<06:17,  1.24it/s]
                                                 

 28%|██▊       | 182/650 [03:20<06:17,  1.24it/s]{'loss': 1.4264, 'grad_norm': 3.405601978302002, 'learning_rate': 3.6e-05, 'epoch': 14.0}


  0%|          | 0/26 [00:00<?, ?it/s][A

 19%|█▉        | 5/26 [00:00<00:00, 38.04it/s][A

 35%|███▍      | 9/26 [00:00<00:00, 33.47it/s][A

 50%|█████     | 13/26 [00:00<00:00, 32.05it/s][A

 65%|██████▌   | 17/26 [00:00<00:00, 31.39it/s][A

 81%|████████  | 21/26 [00:00<00:00, 31.01it/s][A

 96%|█████████▌| 25/26 [00:00<00:00, 30.78it/s][A

                                               
[A
                                                 

100%|██████████| 26/26 [00:00<00:00, 30.78it/s][A
 28%|██▊       | 182/650 [03:22<06:17,  1.24it/s]

                                               [A{'eval_loss': 1.3275597095489502, 'eval_macro_recall': 0.6213345701917131, 'eval_macro_precision': 0.5871326912804135, 'eval_macro_f1': 0.5805053918687595, 'eval_accuracy': 0.6577669902912622, 'eval_micro_recall': 0.6577669902912622, 'eval_micro_precision': 0.6577669902912622, 'eval_micro_f1': 0.6577669902912622, 'eval_runtime': 1.131, 'eval_samples_per_second': 728.581, 'eval_steps_per_second': 22.989, 'epoch': 14.0}

 28%|██▊       | 183/650 [03:25<15:54,  2.04s/it]
 28%|██▊       | 184/650 [03:26<12:58,  1.67s/it]
 28%|██▊       | 185/650 [03:27<10:55,  1.41s/it]
 29%|██▊       | 186/650 [03:28<09:28,  1.23s/it]
 29%|██▉       | 187/650 [03:29<08:28,  1.10s/it]
 29%|██▉       | 188/650 [03:29<07:45,  1.01s/it]
 29%|██▉       | 189/650 [03:30<07:15,  1.06it/s]
 29%|██▉       | 190/650 [03:31<06:55,  1.11it/s]
 29%|██▉       | 191/650 [03:32<06:39,  1.15it/s]
 30%|██▉       | 192/650 [03:33<06:29,  1.18it/s]
 30%|██▉       | 193/650 [03:33<06:21,  1.20it/s]
 30%|██▉       | 194/650 [03:34<06:15,  1.21it/s]
 30%|███       | 195/650 [03:35<06:04,  1.25it/s]
                                                 

 30%|███       | 195/650 [03:35<06:04,  1.25it/s]{'loss': 1.3342, 'grad_norm': 3.334043025970459, 'learning_rate': 3.5e-05, 'epoch': 15.0}


  0%|          | 0/26 [00:00<?, ?it/s][A

 19%|█▉        | 5/26 [00:00<00:00, 38.25it/s][A

 35%|███▍      | 9/26 [00:00<00:00, 33.53it/s][A

 50%|█████     | 13/26 [00:00<00:00, 32.14it/s][A

 65%|██████▌   | 17/26 [00:00<00:00, 31.48it/s][A

 81%|████████  | 21/26 [00:00<00:00, 31.12it/s][A

 96%|█████████▌| 25/26 [00:00<00:00, 30.89it/s][A

                                               
[A
                                                 

100%|██████████| 26/26 [00:00<00:00, 30.89it/s][A
 30%|███       | 195/650 [03:36<06:04,  1.25it/s]

                                               [A{'eval_loss': 1.2616873979568481, 'eval_macro_recall': 0.6140667903525046, 'eval_macro_precision': 0.580779350917282, 'eval_macro_f1': 0.5748052171917717, 'eval_accuracy': 0.6504854368932039, 'eval_micro_recall': 0.6504854368932039, 'eval_micro_precision': 0.6504854368932039, 'eval_micro_f1': 0.6504854368932039, 'eval_runtime': 1.1364, 'eval_samples_per_second': 725.088, 'eval_steps_per_second': 22.879, 'epoch': 15.0}

 30%|███       | 196/650 [03:40<15:26,  2.04s/it]
 30%|███       | 197/650 [03:41<12:35,  1.67s/it]
 30%|███       | 198/650 [03:41<10:35,  1.41s/it]
 31%|███       | 199/650 [03:42<09:11,  1.22s/it]
 31%|███       | 200/650 [03:43<08:13,  1.10s/it]
 31%|███       | 201/650 [03:44<07:32,  1.01s/it]
 31%|███       | 202/650 [03:45<07:03,  1.06it/s]
 31%|███       | 203/650 [03:45<06:43,  1.11it/s]
 31%|███▏      | 204/650 [03:46<06:28,  1.15it/s]
 32%|███▏      | 205/650 [03:47<06:18,  1.18it/s]
 32%|███▏      | 206/650 [03:48<06:10,  1.20it/s]
 32%|███▏      | 207/650 [03:49<06:05,  1.21it/s]
 32%|███▏      | 208/650 [03:49<05:53,  1.25it/s]
                                                 

 32%|███▏      | 208/650 [03:49<05:53,  1.25it/s]{'loss': 1.2564, 'grad_norm': 3.0090479850769043, 'learning_rate': 3.4000000000000007e-05, 'epoch': 16.0}


  0%|          | 0/26 [00:00<?, ?it/s][A

 19%|█▉        | 5/26 [00:00<00:00, 38.25it/s][A

 35%|███▍      | 9/26 [00:00<00:00, 33.57it/s][A

 50%|█████     | 13/26 [00:00<00:00, 32.13it/s][A

 65%|██████▌   | 17/26 [00:00<00:00, 31.48it/s][A

 81%|████████  | 21/26 [00:00<00:00, 31.12it/s][A

 96%|█████████▌| 25/26 [00:00<00:00, 30.89it/s][A

                                               
[A
                                                 

100%|██████████| 26/26 [00:00<00:00, 30.89it/s][A
 32%|███▏      | 208/650 [03:51<05:53,  1.25it/s]

                                               [A{'eval_loss': 1.1987659931182861, 'eval_macro_recall': 0.6273059163059164, 'eval_macro_precision': 0.5988406817026896, 'eval_macro_f1': 0.5883420429822407, 'eval_accuracy': 0.6614077669902912, 'eval_micro_recall': 0.6614077669902912, 'eval_micro_precision': 0.6614077669902912, 'eval_micro_f1': 0.6614077669902912, 'eval_runtime': 1.1249, 'eval_samples_per_second': 732.53, 'eval_steps_per_second': 23.114, 'epoch': 16.0}

 32%|███▏      | 209/650 [03:54<15:06,  2.06s/it]
 32%|███▏      | 210/650 [03:55<12:19,  1.68s/it]
 32%|███▏      | 211/650 [03:56<10:21,  1.42s/it]
 33%|███▎      | 212/650 [03:57<08:59,  1.23s/it]
 33%|███▎      | 213/650 [03:58<08:01,  1.10s/it]
 33%|███▎      | 214/650 [03:58<07:20,  1.01s/it]
 33%|███▎      | 215/650 [03:59<06:51,  1.06it/s]
 33%|███▎      | 216/650 [04:00<06:31,  1.11it/s]
 33%|███▎      | 217/650 [04:01<06:17,  1.15it/s]
 34%|███▎      | 218/650 [04:02<06:07,  1.18it/s]
 34%|███▎      | 219/650 [04:02<06:00,  1.20it/s]
 34%|███▍      | 220/650 [04:03<05:55,  1.21it/s]
 34%|███▍      | 221/650 [04:04<05:44,  1.24it/s]
                                                 

 34%|███▍      | 221/650 [04:04<05:44,  1.24it/s]{'loss': 1.1904, 'grad_norm': 2.384951114654541, 'learning_rate': 3.3e-05, 'epoch': 17.0}


  0%|          | 0/26 [00:00<?, ?it/s][A

 19%|█▉        | 5/26 [00:00<00:00, 38.27it/s][A

 35%|███▍      | 9/26 [00:00<00:00, 33.57it/s][A

 50%|█████     | 13/26 [00:00<00:00, 32.19it/s][A

 65%|██████▌   | 17/26 [00:00<00:00, 31.48it/s][A

 81%|████████  | 21/26 [00:00<00:00, 31.13it/s][A

 96%|█████████▌| 25/26 [00:00<00:00, 30.89it/s][A

                                               
[A
                                                 

100%|██████████| 26/26 [00:00<00:00, 30.89it/s][A
 34%|███▍      | 221/650 [04:05<05:44,  1.24it/s]

                                               [A{'eval_loss': 1.1388460397720337, 'eval_macro_recall': 0.6358909503195218, 'eval_macro_precision': 0.6025374334054564, 'eval_macro_f1': 0.5972433413736256, 'eval_accuracy': 0.6735436893203883, 'eval_micro_recall': 0.6735436893203883, 'eval_micro_precision': 0.6735436893203883, 'eval_micro_f1': 0.6735436893203883, 'eval_runtime': 1.1212, 'eval_samples_per_second': 734.903, 'eval_steps_per_second': 23.189, 'epoch': 17.0}

 34%|███▍      | 222/650 [04:09<14:29,  2.03s/it]
 34%|███▍      | 223/650 [04:10<11:49,  1.66s/it]
 34%|███▍      | 224/650 [04:10<09:57,  1.40s/it]
 35%|███▍      | 225/650 [04:11<08:39,  1.22s/it]
 35%|███▍      | 226/650 [04:12<07:44,  1.10s/it]
 35%|███▍      | 227/650 [04:13<07:05,  1.01s/it]
 35%|███▌      | 228/650 [04:14<06:38,  1.06it/s]
 35%|███▌      | 229/650 [04:14<06:19,  1.11it/s]
 35%|███▌      | 230/650 [04:15<06:05,  1.15it/s]
 36%|███▌      | 231/650 [04:16<05:55,  1.18it/s]
 36%|███▌      | 232/650 [04:17<05:48,  1.20it/s]
 36%|███▌      | 233/650 [04:18<05:43,  1.21it/s]
 36%|███▌      | 234/650 [04:18<05:33,  1.25it/s]
                                                 

 36%|███▌      | 234/650 [04:18<05:33,  1.25it/s]{'loss': 1.1238, 'grad_norm': 2.971757411956787, 'learning_rate': 3.2000000000000005e-05, 'epoch': 18.0}


  0%|          | 0/26 [00:00<?, ?it/s][A

 19%|█▉        | 5/26 [00:00<00:00, 38.15it/s][A

 35%|███▍      | 9/26 [00:00<00:00, 33.58it/s][A

 50%|█████     | 13/26 [00:00<00:00, 32.16it/s][A

 65%|██████▌   | 17/26 [00:00<00:00, 31.48it/s][A

 81%|████████  | 21/26 [00:00<00:00, 31.10it/s][A

 96%|█████████▌| 25/26 [00:00<00:00, 30.90it/s][A

                                               
[A
                                                 

100%|██████████| 26/26 [00:00<00:00, 30.90it/s][A
 36%|███▌      | 234/650 [04:20<05:33,  1.25it/s]

                                               [A{'eval_loss': 1.090517520904541, 'eval_macro_recall': 0.652146980004123, 'eval_macro_precision': 0.6217255643270682, 'eval_macro_f1': 0.6147690188015593, 'eval_accuracy': 0.6905339805825242, 'eval_micro_recall': 0.6905339805825242, 'eval_micro_precision': 0.6905339805825242, 'eval_micro_f1': 0.6905339805825242, 'eval_runtime': 1.1381, 'eval_samples_per_second': 724.008, 'eval_steps_per_second': 22.845, 'epoch': 18.0}

 36%|███▌      | 235/650 [04:23<14:11,  2.05s/it]
 36%|███▋      | 236/650 [04:24<11:33,  1.68s/it]
 36%|███▋      | 237/650 [04:25<09:43,  1.41s/it]
 37%|███▋      | 238/650 [04:26<08:26,  1.23s/it]
 37%|███▋      | 239/650 [04:26<07:32,  1.10s/it]
 37%|███▋      | 240/650 [04:27<06:54,  1.01s/it]
 37%|███▋      | 241/650 [04:28<06:27,  1.06it/s]
 37%|███▋      | 242/650 [04:29<06:08,  1.11it/s]
 37%|███▋      | 243/650 [04:30<05:54,  1.15it/s]
 38%|███▊      | 244/650 [04:30<05:45,  1.18it/s]
 38%|███▊      | 245/650 [04:31<05:38,  1.20it/s]
 38%|███▊      | 246/650 [04:32<05:33,  1.21it/s]
 38%|███▊      | 247/650 [04:33<05:22,  1.25it/s]
                                                 

 38%|███▊      | 247/650 [04:33<05:22,  1.25it/s]{'loss': 1.0779, 'grad_norm': 3.277168035507202, 'learning_rate': 3.1e-05, 'epoch': 19.0}


  0%|          | 0/26 [00:00<?, ?it/s][A

 19%|█▉        | 5/26 [00:00<00:00, 37.98it/s][A

 35%|███▍      | 9/26 [00:00<00:00, 33.43it/s][A

 50%|█████     | 13/26 [00:00<00:00, 32.04it/s][A

 65%|██████▌   | 17/26 [00:00<00:00, 31.34it/s][A

 81%|████████  | 21/26 [00:00<00:00, 30.97it/s][A

 96%|█████████▌| 25/26 [00:00<00:00, 30.74it/s][A

                                               
[A
                                                 

100%|██████████| 26/26 [00:00<00:00, 30.74it/s][A
 38%|███▊      | 247/650 [04:34<05:22,  1.25it/s]

                                               [A{'eval_loss': 1.0668329000473022, 'eval_macro_recall': 0.6583830138115853, 'eval_macro_precision': 0.6300350009222189, 'eval_macro_f1': 0.6181408745245869, 'eval_accuracy': 0.6893203883495146, 'eval_micro_recall': 0.6893203883495146, 'eval_micro_precision': 0.6893203883495146, 'eval_micro_f1': 0.6893203883495146, 'eval_runtime': 1.1461, 'eval_samples_per_second': 718.991, 'eval_steps_per_second': 22.687, 'epoch': 19.0}

 38%|███▊      | 248/650 [04:38<13:42,  2.05s/it]
 38%|███▊      | 249/650 [04:39<11:10,  1.67s/it]
 38%|███▊      | 250/650 [04:39<09:24,  1.41s/it]
 39%|███▊      | 251/650 [04:40<08:09,  1.23s/it]
 39%|███▉      | 252/650 [04:41<07:17,  1.10s/it]
 39%|███▉      | 253/650 [04:42<06:40,  1.01s/it]
 39%|███▉      | 254/650 [04:43<06:14,  1.06it/s]
 39%|███▉      | 255/650 [04:43<05:56,  1.11it/s]
 39%|███▉      | 256/650 [04:44<05:43,  1.15it/s]
 40%|███▉      | 257/650 [04:45<05:33,  1.18it/s]
 40%|███▉      | 258/650 [04:46<05:27,  1.20it/s]
 40%|███▉      | 259/650 [04:47<05:22,  1.21it/s]
 40%|████      | 260/650 [04:47<05:14,  1.24it/s]
                                                 

 40%|████      | 260/650 [04:47<05:14,  1.24it/s]{'loss': 1.0342, 'grad_norm': 2.886972188949585, 'learning_rate': 3e-05, 'epoch': 20.0}


  0%|          | 0/26 [00:00<?, ?it/s][A

 19%|█▉        | 5/26 [00:00<00:00, 37.69it/s][A

 35%|███▍      | 9/26 [00:00<00:00, 33.26it/s][A

 50%|█████     | 13/26 [00:00<00:00, 31.97it/s][A

 65%|██████▌   | 17/26 [00:00<00:00, 31.31it/s][A

 81%|████████  | 21/26 [00:00<00:00, 30.94it/s][A

 96%|█████████▌| 25/26 [00:00<00:00, 30.67it/s][A

                                               
[A
                                                 

100%|██████████| 26/26 [00:00<00:00, 30.67it/s][A
 40%|████      | 260/650 [04:49<05:14,  1.24it/s]

                                               [A{'eval_loss': 1.0312097072601318, 'eval_macro_recall': 0.6570566893424036, 'eval_macro_precision': 0.623295069501346, 'eval_macro_f1': 0.6187748244469626, 'eval_accuracy': 0.6881067961165048, 'eval_micro_recall': 0.6881067961165048, 'eval_micro_precision': 0.6881067961165048, 'eval_micro_f1': 0.6881067961165048, 'eval_runtime': 1.1504, 'eval_samples_per_second': 716.275, 'eval_steps_per_second': 22.601, 'epoch': 20.0}

 40%|████      | 261/650 [04:52<13:27,  2.08s/it]
 40%|████      | 262/650 [04:53<10:56,  1.69s/it]
 40%|████      | 263/650 [04:54<09:11,  1.43s/it]
 41%|████      | 264/650 [04:55<07:57,  1.24s/it]
 41%|████      | 265/650 [04:56<07:05,  1.11s/it]
 41%|████      | 266/650 [04:56<06:29,  1.01s/it]
 41%|████      | 267/650 [04:57<06:03,  1.05it/s]
 41%|████      | 268/650 [04:58<05:45,  1.10it/s]
 41%|████▏     | 269/650 [04:59<05:32,  1.15it/s]
 42%|████▏     | 270/650 [05:00<05:23,  1.17it/s]
 42%|████▏     | 271/650 [05:00<05:17,  1.20it/s]
 42%|████▏     | 272/650 [05:01<05:12,  1.21it/s]
 42%|████▏     | 273/650 [05:02<05:02,  1.24it/s]
                                                 

 42%|████▏     | 273/650 [05:02<05:02,  1.24it/s]{'loss': 0.9877, 'grad_norm': 2.8997673988342285, 'learning_rate': 2.9e-05, 'epoch': 21.0}


  0%|          | 0/26 [00:00<?, ?it/s][A

 19%|█▉        | 5/26 [00:00<00:00, 38.22it/s][A

 35%|███▍      | 9/26 [00:00<00:00, 33.58it/s][A

 50%|█████     | 13/26 [00:00<00:00, 32.19it/s][A

 65%|██████▌   | 17/26 [00:00<00:00, 31.50it/s][A

 81%|████████  | 21/26 [00:00<00:00, 31.13it/s][A

 96%|█████████▌| 25/26 [00:00<00:00, 30.91it/s][A

                                               
[A
                                                 

100%|██████████| 26/26 [00:00<00:00, 30.91it/s][A
 42%|████▏     | 273/650 [05:03<05:02,  1.24it/s]

                                               [A{'eval_loss': 1.0039589405059814, 'eval_macro_recall': 0.6645209235209235, 'eval_macro_precision': 0.635936830087206, 'eval_macro_f1': 0.6307296016043686, 'eval_accuracy': 0.7014563106796117, 'eval_micro_recall': 0.7014563106796117, 'eval_micro_precision': 0.7014563106796117, 'eval_micro_f1': 0.7014563106796117, 'eval_runtime': 1.1443, 'eval_samples_per_second': 720.1, 'eval_steps_per_second': 22.722, 'epoch': 21.0}

 42%|████▏     | 274/650 [05:07<12:44,  2.03s/it]
 42%|████▏     | 275/650 [05:08<10:23,  1.66s/it]
 42%|████▏     | 276/650 [05:08<08:44,  1.40s/it]
 43%|████▎     | 277/650 [05:09<07:35,  1.22s/it]
 43%|████▎     | 278/650 [05:10<06:47,  1.10s/it]
 43%|████▎     | 279/650 [05:11<06:13,  1.01s/it]
 43%|████▎     | 280/650 [05:12<05:49,  1.06it/s]
 43%|████▎     | 281/650 [05:12<05:32,  1.11it/s]
 43%|████▎     | 282/650 [05:13<05:20,  1.15it/s]
 44%|████▎     | 283/650 [05:14<05:11,  1.18it/s]
 44%|████▎     | 284/650 [05:15<05:05,  1.20it/s]
 44%|████▍     | 285/650 [05:16<05:00,  1.21it/s]
 44%|████▍     | 286/650 [05:16<04:51,  1.25it/s]
                                                 

 44%|████▍     | 286/650 [05:16<04:51,  1.25it/s]{'loss': 0.9586, 'grad_norm': 2.848879098892212, 'learning_rate': 2.8000000000000003e-05, 'epoch': 22.0}


  0%|          | 0/26 [00:00<?, ?it/s][A

 19%|█▉        | 5/26 [00:00<00:00, 37.98it/s][A

 35%|███▍      | 9/26 [00:00<00:00, 33.40it/s][A

 50%|█████     | 13/26 [00:00<00:00, 32.05it/s][A

 65%|██████▌   | 17/26 [00:00<00:00, 31.36it/s][A

 81%|████████  | 21/26 [00:00<00:00, 31.01it/s][A

 96%|█████████▌| 25/26 [00:00<00:00, 30.71it/s][A

                                               
[A
                                                 

100%|██████████| 26/26 [00:00<00:00, 30.71it/s][A
 44%|████▍     | 286/650 [05:18<04:51,  1.25it/s]

                                               [A{'eval_loss': 0.9923261404037476, 'eval_macro_recall': 0.6608835291692434, 'eval_macro_precision': 0.6234038868399769, 'eval_macro_f1': 0.6218667969408349, 'eval_accuracy': 0.6893203883495146, 'eval_micro_recall': 0.6893203883495146, 'eval_micro_precision': 0.6893203883495146, 'eval_micro_f1': 0.6893203883495146, 'eval_runtime': 1.1629, 'eval_samples_per_second': 708.556, 'eval_steps_per_second': 22.357, 'epoch': 22.0}

 44%|████▍     | 287/650 [05:21<12:17,  2.03s/it]
 44%|████▍     | 288/650 [05:22<10:01,  1.66s/it]
 44%|████▍     | 289/650 [05:23<08:26,  1.40s/it]
 45%|████▍     | 290/650 [05:24<07:19,  1.22s/it]
 45%|████▍     | 291/650 [05:24<06:32,  1.09s/it]
 45%|████▍     | 292/650 [05:25<06:00,  1.01s/it]
 45%|████▌     | 293/650 [05:26<05:37,  1.06it/s]
 45%|████▌     | 294/650 [05:27<05:20,  1.11it/s]
 45%|████▌     | 295/650 [05:28<05:08,  1.15it/s]
 46%|████▌     | 296/650 [05:28<05:00,  1.18it/s]
 46%|████▌     | 297/650 [05:29<04:54,  1.20it/s]
 46%|████▌     | 298/650 [05:30<04:50,  1.21it/s]
 46%|████▌     | 299/650 [05:31<04:42,  1.24it/s]
                                                 

 46%|████▌     | 299/650 [05:31<04:42,  1.24it/s]{'loss': 0.9207, 'grad_norm': 2.304445743560791, 'learning_rate': 2.7000000000000002e-05, 'epoch': 23.0}


  0%|          | 0/26 [00:00<?, ?it/s][A

 19%|█▉        | 5/26 [00:00<00:00, 38.12it/s][A

 35%|███▍      | 9/26 [00:00<00:00, 33.35it/s][A

 50%|█████     | 13/26 [00:00<00:00, 31.94it/s][A

 65%|██████▌   | 17/26 [00:00<00:00, 31.23it/s][A

 81%|████████  | 21/26 [00:00<00:00, 30.92it/s][A

 96%|█████████▌| 25/26 [00:00<00:00, 30.65it/s][A

                                               
[A
                                                 

100%|██████████| 26/26 [00:00<00:00, 30.65it/s][A
 46%|████▌     | 299/650 [05:32<04:42,  1.24it/s]

                                               [A{'eval_loss': 0.9713354110717773, 'eval_macro_recall': 0.6658653885796741, 'eval_macro_precision': 0.6319587763948666, 'eval_macro_f1': 0.6293700316293859, 'eval_accuracy': 0.7002427184466019, 'eval_micro_recall': 0.7002427184466019, 'eval_micro_precision': 0.7002427184466019, 'eval_micro_f1': 0.7002427184466019, 'eval_runtime': 1.1381, 'eval_samples_per_second': 724.005, 'eval_steps_per_second': 22.845, 'epoch': 23.0}

 46%|████▌     | 300/650 [05:36<12:04,  2.07s/it]
 46%|████▋     | 301/650 [05:37<09:49,  1.69s/it]
 46%|████▋     | 302/650 [05:37<08:14,  1.42s/it]
 47%|████▋     | 303/650 [05:38<07:08,  1.24s/it]
 47%|████▋     | 304/650 [05:39<06:22,  1.10s/it]
 47%|████▋     | 305/650 [05:40<05:49,  1.01s/it]
 47%|████▋     | 306/650 [05:41<05:26,  1.05it/s]
 47%|████▋     | 307/650 [05:41<05:10,  1.10it/s]
 47%|████▋     | 308/650 [05:42<04:58,  1.14it/s]
 48%|████▊     | 309/650 [05:43<04:50,  1.17it/s]
 48%|████▊     | 310/650 [05:44<04:44,  1.20it/s]
 48%|████▊     | 311/650 [05:45<04:39,  1.21it/s]
 48%|████▊     | 312/650 [05:45<04:31,  1.24it/s]
                                                 

 48%|████▊     | 312/650 [05:45<04:31,  1.24it/s]{'loss': 0.8979, 'grad_norm': 2.5905001163482666, 'learning_rate': 2.6000000000000002e-05, 'epoch': 24.0}


  0%|          | 0/26 [00:00<?, ?it/s][A

 19%|█▉        | 5/26 [00:00<00:00, 38.28it/s][A

 35%|███▍      | 9/26 [00:00<00:00, 33.48it/s][A

 50%|█████     | 13/26 [00:00<00:00, 32.10it/s][A

 65%|██████▌   | 17/26 [00:00<00:00, 31.38it/s][A

 81%|████████  | 21/26 [00:00<00:00, 30.98it/s][A

 96%|█████████▌| 25/26 [00:00<00:00, 30.72it/s][A

                                               
[A
                                                 

100%|██████████| 26/26 [00:00<00:00, 30.72it/s][A
 48%|████▊     | 312/650 [05:47<04:31,  1.24it/s]

                                               [A{'eval_loss': 0.9452493786811829, 'eval_macro_recall': 0.6667528344671202, 'eval_macro_precision': 0.6349381303742205, 'eval_macro_f1': 0.6327978602752596, 'eval_accuracy': 0.7038834951456311, 'eval_micro_recall': 0.7038834951456311, 'eval_micro_precision': 0.7038834951456311, 'eval_micro_f1': 0.7038834951456311, 'eval_runtime': 1.1188, 'eval_samples_per_second': 736.472, 'eval_steps_per_second': 23.238, 'epoch': 24.0}

 48%|████▊     | 313/650 [05:50<11:18,  2.01s/it]
 48%|████▊     | 314/650 [05:51<09:13,  1.65s/it]
 48%|████▊     | 315/650 [05:52<07:46,  1.39s/it]
 49%|████▊     | 316/650 [05:53<06:45,  1.21s/it]
 49%|████▉     | 317/650 [05:53<06:03,  1.09s/it]
 49%|████▉     | 318/650 [05:54<05:32,  1.00s/it]
 49%|████▉     | 319/650 [05:55<05:11,  1.06it/s]
 49%|████▉     | 320/650 [05:56<04:56,  1.11it/s]
 49%|████▉     | 321/650 [05:57<04:46,  1.15it/s]
 50%|████▉     | 322/650 [05:57<04:38,  1.18it/s]
 50%|████▉     | 323/650 [05:58<04:32,  1.20it/s]
 50%|████▉     | 324/650 [05:59<04:28,  1.21it/s]
 50%|█████     | 325/650 [06:00<04:20,  1.25it/s]
                                                 

 50%|█████     | 325/650 [06:00<04:20,  1.25it/s]{'loss': 0.871, 'grad_norm': 2.569434642791748, 'learning_rate': 2.5e-05, 'epoch': 25.0}


  0%|          | 0/26 [00:00<?, ?it/s][A

 19%|█▉        | 5/26 [00:00<00:00, 37.82it/s][A

 35%|███▍      | 9/26 [00:00<00:00, 33.34it/s][A

 50%|█████     | 13/26 [00:00<00:00, 31.88it/s][A

 65%|██████▌   | 17/26 [00:00<00:00, 31.17it/s][A

 81%|████████  | 21/26 [00:00<00:00, 30.79it/s][A

 96%|█████████▌| 25/26 [00:00<00:00, 30.66it/s][A

                                               
[A
                                                 

100%|██████████| 26/26 [00:00<00:00, 30.66it/s][A
 50%|█████     | 325/650 [06:01<04:20,  1.25it/s]

                                               [A{'eval_loss': 0.940083920955658, 'eval_macro_recall': 0.6746848072562357, 'eval_macro_precision': 0.6358032493821967, 'eval_macro_f1': 0.6345774133675063, 'eval_accuracy': 0.7063106796116505, 'eval_micro_recall': 0.7063106796116505, 'eval_micro_precision': 0.7063106796116505, 'eval_micro_f1': 0.7063106796116505, 'eval_runtime': 1.1337, 'eval_samples_per_second': 726.794, 'eval_steps_per_second': 22.933, 'epoch': 25.0}

 50%|█████     | 326/650 [06:05<10:58,  2.03s/it]
 50%|█████     | 327/650 [06:05<08:56,  1.66s/it]
 50%|█████     | 328/650 [06:06<07:31,  1.40s/it]
 51%|█████     | 329/650 [06:07<06:32,  1.22s/it]
 51%|█████     | 330/650 [06:08<05:50,  1.10s/it]
 51%|█████     | 331/650 [06:09<05:21,  1.01s/it]
 51%|█████     | 332/650 [06:09<05:00,  1.06it/s]
 51%|█████     | 333/650 [06:10<04:45,  1.11it/s]
 51%|█████▏    | 334/650 [06:11<04:35,  1.15it/s]
 52%|█████▏    | 335/650 [06:12<04:27,  1.18it/s]
 52%|█████▏    | 336/650 [06:13<04:22,  1.20it/s]
 52%|█████▏    | 337/650 [06:13<04:18,  1.21it/s]
 52%|█████▏    | 338/650 [06:14<04:10,  1.24it/s]
                                                 

 52%|█████▏    | 338/650 [06:14<04:10,  1.24it/s]{'loss': 0.8466, 'grad_norm': 2.782374382019043, 'learning_rate': 2.4e-05, 'epoch': 26.0}


  0%|          | 0/26 [00:00<?, ?it/s][A

 19%|█▉        | 5/26 [00:00<00:00, 37.93it/s][A

 35%|███▍      | 9/26 [00:00<00:00, 33.29it/s][A

 50%|█████     | 13/26 [00:00<00:00, 31.84it/s][A

 65%|██████▌   | 17/26 [00:00<00:00, 31.13it/s][A

 81%|████████  | 21/26 [00:00<00:00, 30.81it/s][A

 96%|█████████▌| 25/26 [00:00<00:00, 30.57it/s][A

                                               
[A
                                                 

100%|██████████| 26/26 [00:00<00:00, 30.57it/s][A
 52%|█████▏    | 338/650 [06:15<04:10,  1.24it/s]

                                               [A{'eval_loss': 0.9227451682090759, 'eval_macro_recall': 0.6695419501133787, 'eval_macro_precision': 0.6422700999919044, 'eval_macro_f1': 0.6353591975079812, 'eval_accuracy': 0.6990291262135923, 'eval_micro_recall': 0.6990291262135923, 'eval_micro_precision': 0.6990291262135923, 'eval_micro_f1': 0.6990291262135923, 'eval_runtime': 1.1242, 'eval_samples_per_second': 732.994, 'eval_steps_per_second': 23.128, 'epoch': 26.0}

 52%|█████▏    | 339/650 [06:19<10:44,  2.07s/it]
 52%|█████▏    | 340/650 [06:20<08:44,  1.69s/it]
 52%|█████▏    | 341/650 [06:21<07:20,  1.42s/it]
 53%|█████▎    | 342/650 [06:22<06:20,  1.24s/it]
 53%|█████▎    | 343/650 [06:22<05:39,  1.11s/it]
 53%|█████▎    | 344/650 [06:23<05:10,  1.01s/it]
 53%|█████▎    | 345/650 [06:24<04:49,  1.05it/s]
 53%|█████▎    | 346/650 [06:25<04:34,  1.11it/s]
 53%|█████▎    | 347/650 [06:26<04:24,  1.15it/s]
 54%|█████▎    | 348/650 [06:26<04:17,  1.17it/s]
 54%|█████▎    | 349/650 [06:27<04:11,  1.20it/s]
 54%|█████▍    | 350/650 [06:28<04:07,  1.21it/s]
 54%|█████▍    | 351/650 [06:29<04:00,  1.25it/s]
                                                 

 54%|█████▍    | 351/650 [06:29<04:00,  1.25it/s]{'loss': 0.8327, 'grad_norm': 2.8317759037017822, 'learning_rate': 2.3000000000000003e-05, 'epoch': 27.0}


  0%|          | 0/26 [00:00<?, ?it/s][A

 19%|█▉        | 5/26 [00:00<00:00, 37.92it/s][A

 35%|███▍      | 9/26 [00:00<00:00, 33.43it/s][A

 50%|█████     | 13/26 [00:00<00:00, 32.01it/s][A

 65%|██████▌   | 17/26 [00:00<00:00, 31.40it/s][A

 81%|████████  | 21/26 [00:00<00:00, 31.00it/s][A

 96%|█████████▌| 25/26 [00:00<00:00, 30.76it/s][A

                                               
[A
                                                 

100%|██████████| 26/26 [00:00<00:00, 30.76it/s][A
 54%|█████▍    | 351/650 [06:30<04:00,  1.25it/s]

                                               [A{'eval_loss': 0.9049350619316101, 'eval_macro_recall': 0.6706643990929705, 'eval_macro_precision': 0.64263571850038, 'eval_macro_f1': 0.6371998411142151, 'eval_accuracy': 0.7111650485436893, 'eval_micro_recall': 0.7111650485436893, 'eval_micro_precision': 0.7111650485436893, 'eval_micro_f1': 0.7111650485436893, 'eval_runtime': 1.1334, 'eval_samples_per_second': 727.005, 'eval_steps_per_second': 22.939, 'epoch': 27.0}

 54%|█████▍    | 352/650 [06:34<10:27,  2.11s/it]
 54%|█████▍    | 353/650 [06:35<08:29,  1.71s/it]
 54%|█████▍    | 354/650 [06:36<07:06,  1.44s/it]
 55%|█████▍    | 355/650 [06:36<06:08,  1.25s/it]
 55%|█████▍    | 356/650 [06:37<05:27,  1.11s/it]
 55%|█████▍    | 357/650 [06:38<04:58,  1.02s/it]
 55%|█████▌    | 358/650 [06:39<04:38,  1.05it/s]
 55%|█████▌    | 359/650 [06:40<04:24,  1.10it/s]
 55%|█████▌    | 360/650 [06:40<04:13,  1.14it/s]
 56%|█████▌    | 361/650 [06:41<04:06,  1.17it/s]
 56%|█████▌    | 362/650 [06:42<04:00,  1.20it/s]
 56%|█████▌    | 363/650 [06:43<03:57,  1.21it/s]
 56%|█████▌    | 364/650 [06:44<03:49,  1.25it/s]
                                                 

 56%|█████▌    | 364/650 [06:44<03:49,  1.25it/s]{'loss': 0.8148, 'grad_norm': 2.345665216445923, 'learning_rate': 2.2000000000000003e-05, 'epoch': 28.0}


  0%|          | 0/26 [00:00<?, ?it/s][A

 19%|█▉        | 5/26 [00:00<00:00, 37.95it/s][A

 35%|███▍      | 9/26 [00:00<00:00, 33.38it/s][A

 50%|█████     | 13/26 [00:00<00:00, 32.00it/s][A

 65%|██████▌   | 17/26 [00:00<00:00, 31.33it/s][A

 81%|████████  | 21/26 [00:00<00:00, 30.96it/s][A

 96%|█████████▌| 25/26 [00:00<00:00, 30.74it/s][A

                                               
[A
                                                 

100%|██████████| 26/26 [00:00<00:00, 30.74it/s][A
 56%|█████▌    | 364/650 [06:45<03:49,  1.25it/s]

                                               [A{'eval_loss': 0.8942758440971375, 'eval_macro_recall': 0.6766507936507935, 'eval_macro_precision': 0.6499074417645846, 'eval_macro_f1': 0.6456752021382716, 'eval_accuracy': 0.7087378640776699, 'eval_micro_recall': 0.7087378640776699, 'eval_micro_precision': 0.7087378640776699, 'eval_micro_f1': 0.7087378640776699, 'eval_runtime': 1.1314, 'eval_samples_per_second': 728.29, 'eval_steps_per_second': 22.98, 'epoch': 28.0}

 56%|█████▌    | 365/650 [06:49<09:58,  2.10s/it]
 56%|█████▋    | 366/650 [06:49<08:05,  1.71s/it]
 56%|█████▋    | 367/650 [06:50<06:46,  1.44s/it]
 57%|█████▋    | 368/650 [06:51<05:50,  1.24s/it]
 57%|█████▋    | 369/650 [06:52<05:12,  1.11s/it]
 57%|█████▋    | 370/650 [06:53<04:45,  1.02s/it]
 57%|█████▋    | 371/650 [06:53<04:25,  1.05it/s]
 57%|█████▋    | 372/650 [06:54<04:12,  1.10it/s]
 57%|█████▋    | 373/650 [06:55<04:02,  1.14it/s]
 58%|█████▊    | 374/650 [06:56<03:55,  1.17it/s]
 58%|█████▊    | 375/650 [06:57<03:49,  1.20it/s]
 58%|█████▊    | 376/650 [06:57<03:46,  1.21it/s]
 58%|█████▊    | 377/650 [06:58<03:40,  1.24it/s]
                                                 

 58%|█████▊    | 377/650 [06:58<03:40,  1.24it/s]{'loss': 0.7896, 'grad_norm': 2.4873132705688477, 'learning_rate': 2.1e-05, 'epoch': 29.0}


  0%|          | 0/26 [00:00<?, ?it/s][A

 19%|█▉        | 5/26 [00:00<00:00, 37.98it/s][A

 35%|███▍      | 9/26 [00:00<00:00, 33.52it/s][A

 50%|█████     | 13/26 [00:00<00:00, 32.12it/s][A

 65%|██████▌   | 17/26 [00:00<00:00, 31.48it/s][A

 81%|████████  | 21/26 [00:00<00:00, 31.10it/s][A

 96%|█████████▌| 25/26 [00:00<00:00, 30.89it/s][A

                                               
[A
                                                 

100%|██████████| 26/26 [00:00<00:00, 30.89it/s][A
 58%|█████▊    | 377/650 [06:59<03:40,  1.24it/s]

                                               [A{'eval_loss': 0.8923707008361816, 'eval_macro_recall': 0.6885306122448979, 'eval_macro_precision': 0.6702978500196545, 'eval_macro_f1': 0.6578255813870144, 'eval_accuracy': 0.720873786407767, 'eval_micro_recall': 0.720873786407767, 'eval_micro_precision': 0.720873786407767, 'eval_micro_f1': 0.720873786407767, 'eval_runtime': 1.1248, 'eval_samples_per_second': 732.596, 'eval_steps_per_second': 23.116, 'epoch': 29.0}

 58%|█████▊    | 378/650 [07:03<09:22,  2.07s/it]
 58%|█████▊    | 379/650 [07:04<07:37,  1.69s/it]
 58%|█████▊    | 380/650 [07:05<06:23,  1.42s/it]
 59%|█████▊    | 381/650 [07:06<05:32,  1.23s/it]
 59%|█████▉    | 382/650 [07:06<04:55,  1.10s/it]
 59%|█████▉    | 383/650 [07:07<04:30,  1.01s/it]
 59%|█████▉    | 384/650 [07:08<04:12,  1.06it/s]
 59%|█████▉    | 385/650 [07:09<03:59,  1.11it/s]
 59%|█████▉    | 386/650 [07:10<03:50,  1.15it/s]
 60%|█████▉    | 387/650 [07:10<03:43,  1.18it/s]
 60%|█████▉    | 388/650 [07:11<03:38,  1.20it/s]
 60%|█████▉    | 389/650 [07:12<03:35,  1.21it/s]
 60%|██████    | 390/650 [07:13<03:29,  1.24it/s]
                                                 

 60%|██████    | 390/650 [07:13<03:29,  1.24it/s]{'loss': 0.7786, 'grad_norm': 2.164944887161255, 'learning_rate': 2e-05, 'epoch': 30.0}


  0%|          | 0/26 [00:00<?, ?it/s][A

 19%|█▉        | 5/26 [00:00<00:00, 38.33it/s][A

 35%|███▍      | 9/26 [00:00<00:00, 33.64it/s][A

 50%|█████     | 13/26 [00:00<00:00, 32.23it/s][A

 65%|██████▌   | 17/26 [00:00<00:00, 31.54it/s][A

 81%|████████  | 21/26 [00:00<00:00, 31.19it/s][A

 96%|█████████▌| 25/26 [00:00<00:00, 30.95it/s][A

                                               
[A
                                                 

100%|██████████| 26/26 [00:00<00:00, 30.95it/s][A
 60%|██████    | 390/650 [07:14<03:29,  1.24it/s]

                                               [A{'eval_loss': 0.8965474963188171, 'eval_macro_recall': 0.6944671201814058, 'eval_macro_precision': 0.6666681597433477, 'eval_macro_f1': 0.6584168993238855, 'eval_accuracy': 0.7257281553398058, 'eval_micro_recall': 0.7257281553398058, 'eval_micro_precision': 0.7257281553398058, 'eval_micro_f1': 0.7257281553398058, 'eval_runtime': 1.1058, 'eval_samples_per_second': 745.151, 'eval_steps_per_second': 23.512, 'epoch': 30.0}

 60%|██████    | 391/650 [07:18<08:49,  2.05s/it]
 60%|██████    | 392/650 [07:19<07:11,  1.67s/it]
 60%|██████    | 393/650 [07:19<06:02,  1.41s/it]
 61%|██████    | 394/650 [07:20<05:14,  1.23s/it]
 61%|██████    | 395/650 [07:21<04:39,  1.10s/it]
 61%|██████    | 396/650 [07:22<04:16,  1.01s/it]
 61%|██████    | 397/650 [07:22<03:59,  1.06it/s]
 61%|██████    | 398/650 [07:23<03:47,  1.11it/s]
 61%|██████▏   | 399/650 [07:24<03:38,  1.15it/s]
 62%|██████▏   | 400/650 [07:25<03:32,  1.18it/s]
 62%|██████▏   | 401/650 [07:26<03:27,  1.20it/s]
 62%|██████▏   | 402/650 [07:26<03:24,  1.21it/s]
 62%|██████▏   | 403/650 [07:27<03:17,  1.25it/s]
                                                 

 62%|██████▏   | 403/650 [07:27<03:17,  1.25it/s]{'loss': 0.7662, 'grad_norm': 2.8978421688079834, 'learning_rate': 1.9e-05, 'epoch': 31.0}


  0%|          | 0/26 [00:00<?, ?it/s][A

 19%|█▉        | 5/26 [00:00<00:00, 38.10it/s][A

 35%|███▍      | 9/26 [00:00<00:00, 33.53it/s][A

 50%|█████     | 13/26 [00:00<00:00, 32.15it/s][A

 65%|██████▌   | 17/26 [00:00<00:00, 31.50it/s][A

 81%|████████  | 21/26 [00:00<00:00, 31.14it/s][A

 96%|█████████▌| 25/26 [00:00<00:00, 30.92it/s][A

                                               
[A
                                                 

100%|██████████| 26/26 [00:00<00:00, 30.92it/s][A
 62%|██████▏   | 403/650 [07:28<03:17,  1.25it/s]

                                               [A{'eval_loss': 0.8773940205574036, 'eval_macro_recall': 0.6813446712018141, 'eval_macro_precision': 0.6669082387954568, 'eval_macro_f1': 0.6560002032576537, 'eval_accuracy': 0.7220873786407767, 'eval_micro_recall': 0.7220873786407767, 'eval_micro_precision': 0.7220873786407767, 'eval_micro_f1': 0.7220873786407768, 'eval_runtime': 1.1408, 'eval_samples_per_second': 722.275, 'eval_steps_per_second': 22.79, 'epoch': 31.0}

 62%|██████▏   | 404/650 [07:32<08:34,  2.09s/it]
 62%|██████▏   | 405/650 [07:33<06:57,  1.70s/it]
 62%|██████▏   | 406/650 [07:39<11:30,  2.83s/it]
 63%|██████▎   | 407/650 [07:43<13:37,  3.37s/it]
 63%|██████▎   | 408/650 [07:44<10:27,  2.59s/it]
 63%|██████▎   | 409/650 [07:45<08:15,  2.06s/it]
 63%|██████▎   | 410/650 [07:46<06:58,  1.74s/it]
 63%|██████▎   | 411/650 [07:47<05:54,  1.48s/it]
 63%|██████▎   | 412/650 [07:48<05:04,  1.28s/it]
 64%|██████▎   | 413/650 [07:48<04:28,  1.13s/it]
 64%|██████▎   | 414/650 [07:49<04:03,  1.03s/it]
 64%|██████▍   | 415/650 [07:50<03:46,  1.04it/s]
 64%|██████▍   | 416/650 [07:51<03:35,  1.09it/s]
                                                 

 64%|██████▍   | 416/650 [07:51<03:35,  1.09it/s]{'loss': 0.7574, 'grad_norm': 2.44993257522583, 'learning_rate': 1.8e-05, 'epoch': 32.0}


  0%|          | 0/26 [00:00<?, ?it/s][A

 15%|█▌        | 4/26 [00:00<00:00, 37.87it/s][A

 31%|███       | 8/26 [00:00<00:00, 33.00it/s][A

 46%|████▌     | 12/26 [00:00<00:00, 31.73it/s][A

 62%|██████▏   | 16/26 [00:00<00:00, 31.16it/s][A

 77%|███████▋  | 20/26 [00:00<00:00, 30.88it/s][A

 92%|█████████▏| 24/26 [00:00<00:00, 30.71it/s][A

                                               
[A
                                                 

100%|██████████| 26/26 [00:01<00:00, 30.71it/s][A
 64%|██████▍   | 416/650 [07:55<03:35,  1.09it/s]

                                               [A{'eval_loss': 0.8858328461647034, 'eval_macro_recall': 0.6824512471655327, 'eval_macro_precision': 0.6623114554618315, 'eval_macro_f1': 0.6519387597708695, 'eval_accuracy': 0.7087378640776699, 'eval_micro_recall': 0.7087378640776699, 'eval_micro_precision': 0.7087378640776699, 'eval_micro_f1': 0.7087378640776699, 'eval_runtime': 4.0088, 'eval_samples_per_second': 205.548, 'eval_steps_per_second': 6.486, 'epoch': 32.0}

 64%|██████▍   | 417/650 [08:00<13:01,  3.35s/it]
 64%|██████▍   | 418/650 [08:01<09:59,  2.59s/it]
 64%|██████▍   | 419/650 [08:01<07:53,  2.05s/it]
 65%|██████▍   | 420/650 [08:02<06:24,  1.67s/it]
 65%|██████▍   | 421/650 [08:03<05:22,  1.41s/it]
 65%|██████▍   | 422/650 [08:04<04:39,  1.23s/it]
 65%|██████▌   | 423/650 [08:05<04:09,  1.10s/it]
 65%|██████▌   | 424/650 [08:05<03:47,  1.01s/it]
 65%|██████▌   | 425/650 [08:06<03:32,  1.06it/s]
 66%|██████▌   | 426/650 [08:07<03:21,  1.11it/s]
 66%|██████▌   | 427/650 [08:08<03:14,  1.15it/s]
 66%|██████▌   | 428/650 [08:09<03:08,  1.18it/s]
 66%|██████▌   | 429/650 [08:09<03:01,  1.22it/s]
                                                 

 66%|██████▌   | 429/650 [08:09<03:01,  1.22it/s]{'loss': 0.7421, 'grad_norm': 2.062795877456665, 'learning_rate': 1.7000000000000003e-05, 'epoch': 33.0}


  0%|          | 0/26 [00:00<?, ?it/s][A

 19%|█▉        | 5/26 [00:00<00:00, 38.13it/s][A

 35%|███▍      | 9/26 [00:00<00:00, 33.59it/s][A

 50%|█████     | 13/26 [00:00<00:00, 32.17it/s][A

 65%|██████▌   | 17/26 [00:00<00:00, 31.48it/s][A

 81%|████████  | 21/26 [00:00<00:00, 31.10it/s][A

 96%|█████████▌| 25/26 [00:00<00:00, 30.89it/s][A

                                               
[A
                                                 

100%|██████████| 26/26 [00:00<00:00, 30.89it/s][A
 66%|██████▌   | 429/650 [08:10<03:01,  1.22it/s]

                                               [A{'eval_loss': 0.8745760321617126, 'eval_macro_recall': 0.6873628117913831, 'eval_macro_precision': 0.6717456086102701, 'eval_macro_f1': 0.658469545609926, 'eval_accuracy': 0.7184466019417476, 'eval_micro_recall': 0.7184466019417476, 'eval_micro_precision': 0.7184466019417476, 'eval_micro_f1': 0.7184466019417476, 'eval_runtime': 1.1212, 'eval_samples_per_second': 734.919, 'eval_steps_per_second': 23.189, 'epoch': 33.0}

 66%|██████▌   | 430/650 [08:14<07:18,  1.99s/it]
 66%|██████▋   | 431/650 [08:15<05:57,  1.63s/it]
 66%|██████▋   | 432/650 [08:16<05:01,  1.38s/it]
 67%|██████▋   | 433/650 [08:16<04:22,  1.21s/it]
 67%|██████▋   | 434/650 [08:17<03:54,  1.09s/it]
 67%|██████▋   | 435/650 [08:18<03:34,  1.00it/s]
 67%|██████▋   | 436/650 [08:19<03:21,  1.06it/s]
 67%|██████▋   | 437/650 [08:20<03:11,  1.12it/s]
 67%|██████▋   | 438/650 [08:20<03:03,  1.15it/s]
 68%|██████▊   | 439/650 [08:21<02:58,  1.18it/s]
 68%|██████▊   | 440/650 [08:22<02:54,  1.20it/s]
 68%|██████▊   | 441/650 [08:23<02:51,  1.22it/s]
 68%|██████▊   | 442/650 [08:24<02:46,  1.25it/s]
                                                 

 68%|██████▊   | 442/650 [08:24<02:46,  1.25it/s]{'loss': 0.7299, 'grad_norm': 2.317535877227783, 'learning_rate': 1.6000000000000003e-05, 'epoch': 34.0}


  0%|          | 0/26 [00:00<?, ?it/s][A

 19%|█▉        | 5/26 [00:00<00:00, 38.12it/s][A

 35%|███▍      | 9/26 [00:00<00:00, 33.59it/s][A

 50%|█████     | 13/26 [00:00<00:00, 32.15it/s][A

 65%|██████▌   | 17/26 [00:00<00:00, 31.50it/s][A

 81%|████████  | 21/26 [00:00<00:00, 31.12it/s][A

 96%|█████████▌| 25/26 [00:00<00:00, 30.91it/s][A

                                               
[A
                                                 

100%|██████████| 26/26 [00:00<00:00, 30.91it/s][A
 68%|██████▊   | 442/650 [08:25<02:46,  1.25it/s]

                                               [A{'eval_loss': 0.8859996795654297, 'eval_macro_recall': 0.6855124716553288, 'eval_macro_precision': 0.666116427432217, 'eval_macro_f1': 0.6561934290269424, 'eval_accuracy': 0.7160194174757282, 'eval_micro_recall': 0.7160194174757282, 'eval_micro_precision': 0.7160194174757282, 'eval_micro_f1': 0.7160194174757283, 'eval_runtime': 1.1226, 'eval_samples_per_second': 733.99, 'eval_steps_per_second': 23.16, 'epoch': 34.0}

 68%|██████▊   | 443/650 [08:28<06:50,  1.98s/it]
 68%|██████▊   | 444/650 [08:29<05:35,  1.63s/it]
 68%|██████▊   | 445/650 [08:30<04:42,  1.38s/it]
 69%|██████▊   | 446/650 [08:31<04:05,  1.20s/it]
 69%|██████▉   | 447/650 [08:31<03:39,  1.08s/it]
 69%|██████▉   | 448/650 [08:32<03:21,  1.00it/s]
 69%|██████▉   | 449/650 [08:33<03:08,  1.07it/s]
 69%|██████▉   | 450/650 [08:34<02:59,  1.12it/s]
 69%|██████▉   | 451/650 [08:35<02:52,  1.15it/s]
 70%|██████▉   | 452/650 [08:35<02:47,  1.18it/s]
 70%|██████▉   | 453/650 [08:36<02:43,  1.20it/s]
 70%|██████▉   | 454/650 [08:37<02:41,  1.22it/s]
 70%|███████   | 455/650 [08:38<02:35,  1.25it/s]
                                                 

 70%|███████   | 455/650 [08:38<02:35,  1.25it/s]{'loss': 0.7186, 'grad_norm': 2.3366918563842773, 'learning_rate': 1.5e-05, 'epoch': 35.0}


  0%|          | 0/26 [00:00<?, ?it/s][A

 19%|█▉        | 5/26 [00:00<00:00, 38.22it/s][A

 35%|███▍      | 9/26 [00:00<00:00, 33.57it/s][A

 50%|█████     | 13/26 [00:00<00:00, 32.16it/s][A

 65%|██████▌   | 17/26 [00:00<00:00, 31.47it/s][A

 81%|████████  | 21/26 [00:00<00:00, 31.08it/s][A

 96%|█████████▌| 25/26 [00:00<00:00, 30.89it/s][A

                                               
[A
                                                 

100%|██████████| 26/26 [00:00<00:00, 30.89it/s][A
 70%|███████   | 455/650 [08:39<02:35,  1.25it/s]

                                               [A{'eval_loss': 0.8750945329666138, 'eval_macro_recall': 0.684673469387755, 'eval_macro_precision': 0.6528960771893102, 'eval_macro_f1': 0.6492602233090512, 'eval_accuracy': 0.712378640776699, 'eval_micro_recall': 0.712378640776699, 'eval_micro_precision': 0.712378640776699, 'eval_micro_f1': 0.712378640776699, 'eval_runtime': 1.137, 'eval_samples_per_second': 724.731, 'eval_steps_per_second': 22.868, 'epoch': 35.0}

 70%|███████   | 456/650 [08:42<06:20,  1.96s/it]
 70%|███████   | 457/650 [08:43<05:11,  1.61s/it]
 70%|███████   | 458/650 [08:44<04:22,  1.37s/it]
 71%|███████   | 459/650 [08:45<03:48,  1.20s/it]
 71%|███████   | 460/650 [08:46<03:24,  1.08s/it]
 71%|███████   | 461/650 [08:46<03:07,  1.01it/s]
 71%|███████   | 462/650 [08:47<02:55,  1.07it/s]
 71%|███████   | 463/650 [08:48<02:47,  1.12it/s]
 71%|███████▏  | 464/650 [08:49<02:41,  1.15it/s]
 72%|███████▏  | 465/650 [08:50<02:36,  1.18it/s]
 72%|███████▏  | 466/650 [08:50<02:33,  1.20it/s]
 72%|███████▏  | 467/650 [08:51<02:30,  1.22it/s]
 72%|███████▏  | 468/650 [08:52<02:25,  1.25it/s]
                                                 

 72%|███████▏  | 468/650 [08:52<02:25,  1.25it/s]{'loss': 0.712, 'grad_norm': 2.5024681091308594, 'learning_rate': 1.4000000000000001e-05, 'epoch': 36.0}


  0%|          | 0/26 [00:00<?, ?it/s][A

 19%|█▉        | 5/26 [00:00<00:00, 38.03it/s][A

 35%|███▍      | 9/26 [00:00<00:00, 33.43it/s][A

 50%|█████     | 13/26 [00:00<00:00, 32.02it/s][A

 65%|██████▌   | 17/26 [00:00<00:00, 31.35it/s][A

 81%|████████  | 21/26 [00:00<00:00, 30.96it/s][A

 96%|█████████▌| 25/26 [00:00<00:00, 30.75it/s][A

                                               
[A
                                                 

100%|██████████| 26/26 [00:00<00:00, 30.75it/s][A
 72%|███████▏  | 468/650 [08:53<02:25,  1.25it/s]

                                               [A{'eval_loss': 0.8732394576072693, 'eval_macro_recall': 0.691641723356009, 'eval_macro_precision': 0.6648733847606028, 'eval_macro_f1': 0.6602744207169567, 'eval_accuracy': 0.720873786407767, 'eval_micro_recall': 0.720873786407767, 'eval_micro_precision': 0.720873786407767, 'eval_micro_f1': 0.720873786407767, 'eval_runtime': 1.1289, 'eval_samples_per_second': 729.912, 'eval_steps_per_second': 23.031, 'epoch': 36.0}

 72%|███████▏  | 469/650 [08:57<05:54,  1.96s/it]
 72%|███████▏  | 470/650 [08:57<04:50,  1.61s/it]
 72%|███████▏  | 471/650 [08:58<04:04,  1.37s/it]
 73%|███████▎  | 472/650 [08:59<03:32,  1.20s/it]
 73%|███████▎  | 473/650 [09:00<03:10,  1.08s/it]
 73%|███████▎  | 474/650 [09:01<02:54,  1.01it/s]
 73%|███████▎  | 475/650 [09:01<02:43,  1.07it/s]
 73%|███████▎  | 476/650 [09:02<02:35,  1.12it/s]
 73%|███████▎  | 477/650 [09:03<02:29,  1.15it/s]
 74%|███████▎  | 478/650 [09:04<02:25,  1.18it/s]
 74%|███████▎  | 479/650 [09:05<02:22,  1.20it/s]
 74%|███████▍  | 480/650 [09:05<02:19,  1.22it/s]
 74%|███████▍  | 481/650 [09:06<02:16,  1.23it/s]
                                                 

 74%|███████▍  | 481/650 [09:06<02:16,  1.23it/s]{'loss': 0.7019, 'grad_norm': 1.6932201385498047, 'learning_rate': 1.3000000000000001e-05, 'epoch': 37.0}


  0%|          | 0/26 [00:00<?, ?it/s][A

 19%|█▉        | 5/26 [00:00<00:00, 38.00it/s][A

 35%|███▍      | 9/26 [00:00<00:00, 33.45it/s][A

 50%|█████     | 13/26 [00:00<00:00, 31.99it/s][A

 65%|██████▌   | 17/26 [00:00<00:00, 31.34it/s][A

 81%|████████  | 21/26 [00:00<00:00, 30.99it/s][A

 96%|█████████▌| 25/26 [00:00<00:00, 30.78it/s][A

                                               
[A
                                                 

100%|██████████| 26/26 [00:00<00:00, 30.78it/s][A
 74%|███████▍  | 481/650 [09:07<02:16,  1.23it/s]

                                               [A{'eval_loss': 0.8772150278091431, 'eval_macro_recall': 0.6809909297052152, 'eval_macro_precision': 0.6539331028203208, 'eval_macro_f1': 0.6486787697475387, 'eval_accuracy': 0.7135922330097088, 'eval_micro_recall': 0.7135922330097088, 'eval_micro_precision': 0.7135922330097088, 'eval_micro_f1': 0.7135922330097088, 'eval_runtime': 1.0941, 'eval_samples_per_second': 753.106, 'eval_steps_per_second': 23.763, 'epoch': 37.0}

 74%|███████▍  | 482/650 [09:11<05:42,  2.04s/it]
 74%|███████▍  | 483/650 [09:12<04:38,  1.67s/it]
 74%|███████▍  | 484/650 [09:13<03:53,  1.40s/it]
 75%|███████▍  | 485/650 [09:14<03:21,  1.22s/it]
 75%|███████▍  | 486/650 [09:14<02:59,  1.10s/it]
 75%|███████▍  | 487/650 [09:15<02:43,  1.01s/it]
 75%|███████▌  | 488/650 [09:16<02:32,  1.06it/s]
 75%|███████▌  | 489/650 [09:17<02:25,  1.11it/s]
 75%|███████▌  | 490/650 [09:18<02:19,  1.15it/s]
 76%|███████▌  | 491/650 [09:18<02:14,  1.18it/s]
 76%|███████▌  | 492/650 [09:19<02:11,  1.20it/s]
 76%|███████▌  | 493/650 [09:20<02:09,  1.22it/s]
 76%|███████▌  | 494/650 [09:21<02:04,  1.25it/s]
                                                 

 76%|███████▌  | 494/650 [09:21<02:04,  1.25it/s]{'loss': 0.6924, 'grad_norm': 2.2109644412994385, 'learning_rate': 1.2e-05, 'epoch': 38.0}


  0%|          | 0/26 [00:00<?, ?it/s][A

 19%|█▉        | 5/26 [00:00<00:00, 37.96it/s][A

 35%|███▍      | 9/26 [00:00<00:00, 33.32it/s][A

 50%|█████     | 13/26 [00:00<00:00, 31.96it/s][A

 65%|██████▌   | 17/26 [00:00<00:00, 31.31it/s][A

 81%|████████  | 21/26 [00:00<00:00, 30.94it/s][A

 96%|█████████▌| 25/26 [00:00<00:00, 30.74it/s][A

                                               
[A
                                                 

100%|██████████| 26/26 [00:00<00:00, 30.74it/s][A
 76%|███████▌  | 494/650 [09:22<02:04,  1.25it/s]

                                               [A{'eval_loss': 0.8662090301513672, 'eval_macro_recall': 0.6884897959183672, 'eval_macro_precision': 0.6747608465052073, 'eval_macro_f1': 0.6604811546936655, 'eval_accuracy': 0.720873786407767, 'eval_micro_recall': 0.720873786407767, 'eval_micro_precision': 0.720873786407767, 'eval_micro_f1': 0.720873786407767, 'eval_runtime': 1.1484, 'eval_samples_per_second': 717.533, 'eval_steps_per_second': 22.641, 'epoch': 38.0}

 76%|███████▌  | 495/650 [09:25<05:06,  1.98s/it]
 76%|███████▋  | 496/650 [09:26<04:09,  1.62s/it]
 76%|███████▋  | 497/650 [09:27<03:30,  1.37s/it]
 77%|███████▋  | 498/650 [09:28<03:02,  1.20s/it]
 77%|███████▋  | 499/650 [09:29<02:43,  1.08s/it]
 77%|███████▋  | 500/650 [09:29<02:29,  1.00it/s]
 77%|███████▋  | 501/650 [09:30<02:19,  1.07it/s]
 77%|███████▋  | 502/650 [09:31<02:12,  1.12it/s]
 77%|███████▋  | 503/650 [09:32<02:07,  1.15it/s]
 78%|███████▊  | 504/650 [09:33<02:03,  1.18it/s]
 78%|███████▊  | 505/650 [09:33<02:00,  1.20it/s]
 78%|███████▊  | 506/650 [09:34<01:58,  1.22it/s]
 78%|███████▊  | 507/650 [09:35<01:54,  1.25it/s]
                                                 

 78%|███████▊  | 507/650 [09:35<01:54,  1.25it/s]{'loss': 0.6867, 'grad_norm': 2.269759178161621, 'learning_rate': 1.1000000000000001e-05, 'epoch': 39.0}


  0%|          | 0/26 [00:00<?, ?it/s][A

 19%|█▉        | 5/26 [00:00<00:00, 38.05it/s][A

 35%|███▍      | 9/26 [00:00<00:00, 33.38it/s][A

 50%|█████     | 13/26 [00:00<00:00, 32.02it/s][A

 65%|██████▌   | 17/26 [00:00<00:00, 31.30it/s][A

 81%|████████  | 21/26 [00:00<00:00, 30.92it/s][A

 96%|█████████▌| 25/26 [00:00<00:00, 30.65it/s][A

                                               
[A
                                                 

100%|██████████| 26/26 [00:00<00:00, 30.65it/s][A
 78%|███████▊  | 507/650 [09:36<01:54,  1.25it/s]

                                               [A{'eval_loss': 0.8622079491615295, 'eval_macro_recall': 0.684283446712018, 'eval_macro_precision': 0.6676629126929879, 'eval_macro_f1': 0.6579282421522907, 'eval_accuracy': 0.7184466019417476, 'eval_micro_recall': 0.7184466019417476, 'eval_micro_precision': 0.7184466019417476, 'eval_micro_f1': 0.7184466019417476, 'eval_runtime': 1.1299, 'eval_samples_per_second': 729.288, 'eval_steps_per_second': 23.012, 'epoch': 39.0}

 78%|███████▊  | 508/650 [09:40<04:41,  1.98s/it]
 78%|███████▊  | 509/650 [09:40<03:49,  1.63s/it]
 78%|███████▊  | 510/650 [09:41<03:12,  1.38s/it]
 79%|███████▊  | 511/650 [09:42<02:47,  1.21s/it]
 79%|███████▉  | 512/650 [09:43<02:29,  1.08s/it]
 79%|███████▉  | 513/650 [09:44<02:16,  1.00it/s]
 79%|███████▉  | 514/650 [09:44<02:07,  1.07it/s]
 79%|███████▉  | 515/650 [09:45<02:01,  1.11it/s]
 79%|███████▉  | 516/650 [09:46<01:56,  1.15it/s]
 80%|███████▉  | 517/650 [09:47<01:52,  1.18it/s]
 80%|███████▉  | 518/650 [09:48<01:50,  1.20it/s]
 80%|███████▉  | 519/650 [09:48<01:47,  1.21it/s]
 80%|████████  | 520/650 [09:49<01:43,  1.25it/s]
                                                 

 80%|████████  | 520/650 [09:49<01:43,  1.25it/s]{'loss': 0.6781, 'grad_norm': 2.0973334312438965, 'learning_rate': 1e-05, 'epoch': 40.0}


  0%|          | 0/26 [00:00<?, ?it/s][A

 19%|█▉        | 5/26 [00:00<00:00, 37.67it/s][A

 35%|███▍      | 9/26 [00:00<00:00, 33.15it/s][A

 50%|█████     | 13/26 [00:00<00:00, 31.75it/s][A

 65%|██████▌   | 17/26 [00:00<00:00, 31.06it/s][A

 81%|████████  | 21/26 [00:00<00:00, 30.71it/s][A

 96%|█████████▌| 25/26 [00:00<00:00, 30.48it/s][A

                                               
[A
                                                 

100%|██████████| 26/26 [00:00<00:00, 30.48it/s][A
 80%|████████  | 520/650 [09:50<01:43,  1.25it/s]

                                               [A{'eval_loss': 0.8567238450050354, 'eval_macro_recall': 0.6895986394557823, 'eval_macro_precision': 0.667548011720944, 'eval_macro_f1': 0.6582531839066884, 'eval_accuracy': 0.7220873786407767, 'eval_micro_recall': 0.7220873786407767, 'eval_micro_precision': 0.7220873786407767, 'eval_micro_f1': 0.7220873786407768, 'eval_runtime': 1.1354, 'eval_samples_per_second': 725.73, 'eval_steps_per_second': 22.899, 'epoch': 40.0}

 80%|████████  | 521/650 [09:54<04:17,  2.00s/it]
 80%|████████  | 522/650 [09:55<03:29,  1.64s/it]
 80%|████████  | 523/650 [09:56<02:56,  1.39s/it]
 81%|████████  | 524/650 [09:56<02:32,  1.21s/it]
 81%|████████  | 525/650 [09:57<02:15,  1.09s/it]
 81%|████████  | 526/650 [09:58<02:04,  1.00s/it]
 81%|████████  | 527/650 [09:59<01:55,  1.06it/s]
 81%|████████  | 528/650 [10:00<01:49,  1.11it/s]
 81%|████████▏ | 529/650 [10:00<01:45,  1.15it/s]
 82%|████████▏ | 530/650 [10:01<01:41,  1.18it/s]
 82%|████████▏ | 531/650 [10:02<01:39,  1.20it/s]
 82%|████████▏ | 532/650 [10:03<01:37,  1.21it/s]
 82%|████████▏ | 533/650 [10:04<01:33,  1.25it/s]
                                                 

 82%|████████▏ | 533/650 [10:04<01:33,  1.25it/s]{'loss': 0.6755, 'grad_norm': 2.0299689769744873, 'learning_rate': 9e-06, 'epoch': 41.0}


  0%|          | 0/26 [00:00<?, ?it/s][A

 19%|█▉        | 5/26 [00:00<00:00, 37.70it/s][A

 35%|███▍      | 9/26 [00:00<00:00, 33.20it/s][A

 50%|█████     | 13/26 [00:00<00:00, 31.81it/s][A

 65%|██████▌   | 17/26 [00:00<00:00, 31.14it/s][A

 81%|████████  | 21/26 [00:00<00:00, 30.74it/s][A

 96%|█████████▌| 25/26 [00:00<00:00, 30.55it/s][A

                                               
[A
                                                 

100%|██████████| 26/26 [00:00<00:00, 30.55it/s][A
 82%|████████▏ | 533/650 [10:05<01:33,  1.25it/s]

                                               [A{'eval_loss': 0.8674125075340271, 'eval_macro_recall': 0.6837120181405895, 'eval_macro_precision': 0.6551997092297843, 'eval_macro_f1': 0.6531371620838997, 'eval_accuracy': 0.7135922330097088, 'eval_micro_recall': 0.7135922330097088, 'eval_micro_precision': 0.7135922330097088, 'eval_micro_f1': 0.7135922330097088, 'eval_runtime': 1.1296, 'eval_samples_per_second': 729.456, 'eval_steps_per_second': 23.017, 'epoch': 41.0}

 82%|████████▏ | 534/650 [10:08<03:50,  1.98s/it]
 82%|████████▏ | 535/650 [10:09<03:07,  1.63s/it]
 82%|████████▏ | 536/650 [10:10<02:37,  1.38s/it]
 83%|████████▎ | 537/650 [10:11<02:16,  1.21s/it]
 83%|████████▎ | 538/650 [10:11<02:01,  1.08s/it]
 83%|████████▎ | 539/650 [10:12<01:50,  1.00it/s]
 83%|████████▎ | 540/650 [10:13<01:43,  1.06it/s]
 83%|████████▎ | 541/650 [10:14<01:37,  1.11it/s]
 83%|████████▎ | 542/650 [10:15<01:33,  1.15it/s]
 84%|████████▎ | 543/650 [10:15<01:30,  1.18it/s]
 84%|████████▎ | 544/650 [10:16<01:28,  1.20it/s]
 84%|████████▍ | 545/650 [10:17<01:26,  1.21it/s]
 84%|████████▍ | 546/650 [10:18<01:23,  1.24it/s]
                                                 

 84%|████████▍ | 546/650 [10:18<01:23,  1.24it/s]{'loss': 0.6751, 'grad_norm': 2.3076539039611816, 'learning_rate': 8.000000000000001e-06, 'epoch': 42.0}


  0%|          | 0/26 [00:00<?, ?it/s][A

 19%|█▉        | 5/26 [00:00<00:00, 38.08it/s][A

 35%|███▍      | 9/26 [00:00<00:00, 33.37it/s][A

 50%|█████     | 13/26 [00:00<00:00, 31.98it/s][A

 65%|██████▌   | 17/26 [00:00<00:00, 31.27it/s][A

 81%|████████  | 21/26 [00:00<00:00, 30.88it/s][A

 96%|█████████▌| 25/26 [00:00<00:00, 30.64it/s][A

                                               
[A
                                                 

100%|██████████| 26/26 [00:00<00:00, 30.64it/s][A
 84%|████████▍ | 546/650 [10:19<01:23,  1.24it/s]

                                               [A{'eval_loss': 0.8720728158950806, 'eval_macro_recall': 0.6863945578231293, 'eval_macro_precision': 0.6685533714405894, 'eval_macro_f1': 0.6546252618754052, 'eval_accuracy': 0.7148058252427184, 'eval_micro_recall': 0.7148058252427184, 'eval_micro_precision': 0.7148058252427184, 'eval_micro_f1': 0.7148058252427183, 'eval_runtime': 1.1326, 'eval_samples_per_second': 727.55, 'eval_steps_per_second': 22.957, 'epoch': 42.0}

 84%|████████▍ | 547/650 [10:23<03:24,  1.98s/it]
 84%|████████▍ | 548/650 [10:23<02:45,  1.63s/it]
 84%|████████▍ | 549/650 [10:24<02:19,  1.38s/it]
 85%|████████▍ | 550/650 [10:25<02:00,  1.21s/it]
 85%|████████▍ | 551/650 [10:26<01:47,  1.08s/it]
 85%|████████▍ | 552/650 [10:27<01:37,  1.00it/s]
 85%|████████▌ | 553/650 [10:27<01:31,  1.06it/s]
 85%|████████▌ | 554/650 [10:28<01:26,  1.11it/s]
 85%|████████▌ | 555/650 [10:29<01:22,  1.15it/s]
 86%|████████▌ | 556/650 [10:30<01:19,  1.18it/s]
 86%|████████▌ | 557/650 [10:31<01:17,  1.20it/s]
 86%|████████▌ | 558/650 [10:31<01:15,  1.21it/s]
 86%|████████▌ | 559/650 [10:32<01:12,  1.25it/s]
                                                 

 86%|████████▌ | 559/650 [10:32<01:12,  1.25it/s]{'loss': 0.6627, 'grad_norm': 2.05592942237854, 'learning_rate': 7.000000000000001e-06, 'epoch': 43.0}


  0%|          | 0/26 [00:00<?, ?it/s][A

 19%|█▉        | 5/26 [00:00<00:00, 37.65it/s][A

 35%|███▍      | 9/26 [00:00<00:00, 33.09it/s][A

 50%|█████     | 13/26 [00:00<00:00, 31.72it/s][A

 65%|██████▌   | 17/26 [00:00<00:00, 31.04it/s][A

 81%|████████  | 21/26 [00:00<00:00, 30.70it/s][A

 96%|█████████▌| 25/26 [00:00<00:00, 30.46it/s][A

                                               
[A
                                                 

100%|██████████| 26/26 [00:00<00:00, 30.46it/s][A
 86%|████████▌ | 559/650 [10:33<01:12,  1.25it/s]

                                               [A{'eval_loss': 0.8637555837631226, 'eval_macro_recall': 0.6880045351473921, 'eval_macro_precision': 0.6725128405429158, 'eval_macro_f1': 0.6619076998168435, 'eval_accuracy': 0.7220873786407767, 'eval_micro_recall': 0.7220873786407767, 'eval_micro_precision': 0.7220873786407767, 'eval_micro_f1': 0.7220873786407768, 'eval_runtime': 1.1351, 'eval_samples_per_second': 725.928, 'eval_steps_per_second': 22.905, 'epoch': 43.0}

 86%|████████▌ | 560/650 [10:37<02:58,  1.98s/it]
 86%|████████▋ | 561/650 [10:38<02:24,  1.63s/it]
 86%|████████▋ | 562/650 [10:38<02:01,  1.38s/it]
 87%|████████▋ | 563/650 [10:39<01:44,  1.21s/it]
 87%|████████▋ | 564/650 [10:40<01:33,  1.08s/it]
 87%|████████▋ | 565/650 [10:41<01:24,  1.00it/s]
 87%|████████▋ | 566/650 [10:42<01:18,  1.06it/s]
 87%|████████▋ | 567/650 [10:42<01:14,  1.11it/s]
 87%|████████▋ | 568/650 [10:43<01:11,  1.15it/s]
 88%|████████▊ | 569/650 [10:44<01:08,  1.18it/s]
 88%|████████▊ | 570/650 [10:45<01:06,  1.20it/s]
 88%|████████▊ | 571/650 [10:46<01:05,  1.21it/s]
 88%|████████▊ | 572/650 [10:46<01:02,  1.25it/s]
                                                 

 88%|████████▊ | 572/650 [10:46<01:02,  1.25it/s]{'loss': 0.6583, 'grad_norm': 2.192774772644043, 'learning_rate': 6e-06, 'epoch': 44.0}


  0%|          | 0/26 [00:00<?, ?it/s][A

 19%|█▉        | 5/26 [00:00<00:00, 37.82it/s][A

 35%|███▍      | 9/26 [00:00<00:00, 33.21it/s][A

 50%|█████     | 13/26 [00:00<00:00, 31.78it/s][A

 65%|██████▌   | 17/26 [00:00<00:00, 31.10it/s][A

 81%|████████  | 21/26 [00:00<00:00, 30.80it/s][A

 96%|█████████▌| 25/26 [00:00<00:00, 30.58it/s][A

                                               
[A
                                                 

100%|██████████| 26/26 [00:00<00:00, 30.58it/s][A
 88%|████████▊ | 572/650 [10:48<01:02,  1.25it/s]

                                               [A{'eval_loss': 0.8639819622039795, 'eval_macro_recall': 0.6759999999999999, 'eval_macro_precision': 0.6522920938710411, 'eval_macro_f1': 0.6473213386642841, 'eval_accuracy': 0.7087378640776699, 'eval_micro_recall': 0.7087378640776699, 'eval_micro_precision': 0.7087378640776699, 'eval_micro_f1': 0.7087378640776699, 'eval_runtime': 1.1401, 'eval_samples_per_second': 722.759, 'eval_steps_per_second': 22.806, 'epoch': 44.0}

 88%|████████▊ | 573/650 [10:51<02:32,  1.99s/it]
 88%|████████▊ | 574/650 [10:52<02:03,  1.63s/it]
 88%|████████▊ | 575/650 [10:53<01:43,  1.38s/it]
 89%|████████▊ | 576/650 [10:54<01:29,  1.21s/it]
 89%|████████▉ | 577/650 [10:54<01:19,  1.09s/it]
 89%|████████▉ | 578/650 [10:55<01:12,  1.00s/it]
 89%|████████▉ | 579/650 [10:56<01:06,  1.06it/s]
 89%|████████▉ | 580/650 [10:57<01:02,  1.11it/s]
 89%|████████▉ | 581/650 [10:58<00:59,  1.15it/s]
 90%|████████▉ | 582/650 [10:58<00:57,  1.18it/s]
 90%|████████▉ | 583/650 [10:59<00:55,  1.20it/s]
 90%|████████▉ | 584/650 [11:00<00:54,  1.21it/s]
 90%|█████████ | 585/650 [11:01<00:52,  1.24it/s]
                                                 

 90%|█████████ | 585/650 [11:01<00:52,  1.24it/s]{'loss': 0.6506, 'grad_norm': 2.064222812652588, 'learning_rate': 5e-06, 'epoch': 45.0}


  0%|          | 0/26 [00:00<?, ?it/s][A

 19%|█▉        | 5/26 [00:00<00:00, 37.82it/s][A

 35%|███▍      | 9/26 [00:00<00:00, 33.32it/s][A

 50%|█████     | 13/26 [00:00<00:00, 31.97it/s][A

 65%|██████▌   | 17/26 [00:00<00:00, 31.26it/s][A

 81%|████████  | 21/26 [00:00<00:00, 30.91it/s][A

 96%|█████████▌| 25/26 [00:00<00:00, 30.66it/s][A

                                               
[A
                                                 

100%|██████████| 26/26 [00:01<00:00, 30.66it/s][A
 90%|█████████ | 585/650 [11:02<00:52,  1.24it/s]

                                               [A
                                                 

 90%|█████████ | 585/650 [11:05<00:52,  1.24it/s]
 90%|█████████ | 585/650 [11:05<01:13,  1.14s/it]
2025-04-12 17:53:39.164 | INFO     | __main__:fine_tune:231 - Training time: 666.26 seconds
{'eval_loss': 0.8610866665840149, 'eval_macro_recall': 0.6870136054421768, 'eval_macro_precision': 0.6711309843039166, 'eval_macro_f1': 0.6591014150406339, 'eval_accuracy': 0.7184466019417476, 'eval_micro_recall': 0.7184466019417476, 'eval_micro_precision': 0.7184466019417476, 'eval_micro_f1': 0.7184466019417476, 'eval_runtime': 1.2238, 'eval_samples_per_second': 673.302, 'eval_steps_per_second': 21.245, 'epoch': 45.0}
{'train_runtime': 665.8741, 'train_samples_per_second': 247.344, 'train_steps_per_second': 0.976, 'train_loss': 1.4525622033665322, 'epoch': 45.0}

  0%|          | 0/26 [00:00<?, ?it/s]
 19%|█▉        | 5/26 [00:00<00:00, 38.11it/s]
 35%|███▍      | 9/26 [00:00<00:00, 33.55it/s]
 50%|█████     | 13/26 [00:00<00:00, 32.14it/s]
 65%|██████▌   | 17/26 [00:00<00:00, 31.47it/s]
 81%|████████  | 21/26 [00:00<00:00, 31.08it/s]
 96%|█████████▌| 25/26 [00:00<00:00, 30.89it/s]
100%|██████████| 26/26 [00:00<00:00, 29.75it/s]
2025-04-12 17:53:40.276 | INFO     | __main__:fine_tune:242 - Prediction time: 1.11 seconds
2025-04-12 17:53:40.279 | INFO     | __main__:CV_run:419 - Fold 3, Final Eval Metrics: loss: 0.86, macro_recall: 0.69, macro_precision: 0.67, macro_f1: 0.66, accuracy: 0.72, micro_recall: 0.72, micro_precision: 0.72, micro_f1: 0.72, runtime: 1.22, samples_per_second: 673.30, steps_per_second: 21.25
2025-04-12 17:53:40.303 | INFO     | __main__:CV_run:357 - Starting fold 4
Some weights of RobertaForSequenceClassification were not initialized from the model checkpoint at roberta-base and are newly initialized: ['classifier.dense.bias', 'classifier.dense.weight', 'classifier.out_proj.bias', 'classifier.out_proj.weight']
You should probably TRAIN this model on a down-stream task to be able to use it for predictions and inference.
2025-04-12 17:53:44.208 | INFO     | __main__:CV_run:409 - Starting fine-tuning with cross-entropy loss
Eval results: defaultdict(<class 'list'>, {'loss': [4.812954902648926, 4.209553241729736, 3.695359945297241, 3.267047166824341, 2.9192676544189453, 2.622999429702759, 2.3724021911621094, 2.1455955505371094, 1.9562230110168457, 1.7970479726791382, 1.643181324005127, 1.5198476314544678, 1.4165441989898682, 1.3275597095489502, 1.2616873979568481, 1.1987659931182861, 1.1388460397720337, 1.090517520904541, 1.0668329000473022, 1.0312097072601318, 1.0039589405059814, 0.9923261404037476, 0.9713354110717773, 0.9452493786811829, 0.940083920955658, 0.9227451682090759, 0.9049350619316101, 0.8942758440971375, 0.8923707008361816, 0.8965474963188171, 0.8773940205574036, 0.8858328461647034, 0.8745760321617126, 0.8859996795654297, 0.8750945329666138, 0.8732394576072693, 0.8772150278091431, 0.8662090301513672, 0.8622079491615295, 0.8567238450050354, 0.8674125075340271, 0.8720728158950806, 0.8637555837631226, 0.8639819622039795, 0.8610866665840149], 'macro_recall': [0.1121647509578544, 0.2284573982849845, 0.3171775223499361, 0.3953065134099617, 0.4358571428571429, 0.4695873015873016, 0.5217777777777778, 0.5345986394557823, 0.5523038548752833, 0.5568286951144092, 0.567631622345908, 0.5815112347969491, 0.6005928674500103, 0.6213345701917131, 0.6140667903525046, 0.6273059163059164, 0.6358909503195218, 0.652146980004123, 0.6583830138115853, 0.6570566893424036, 0.6645209235209235, 0.6608835291692434, 0.6658653885796741, 0.6667528344671202, 0.6746848072562357, 0.6695419501133787, 0.6706643990929705, 0.6766507936507935, 0.6885306122448979, 0.6944671201814058, 0.6813446712018141, 0.6824512471655327, 0.6873628117913831, 0.6855124716553288, 0.684673469387755, 0.691641723356009, 0.6809909297052152, 0.6884897959183672, 0.684283446712018, 0.6895986394557823, 0.6837120181405895, 0.6863945578231293, 0.6880045351473921, 0.6759999999999999, 0.6870136054421768], 'macro_precision': [0.04997336695595541, 0.1546854454251274, 0.24471841295898675, 0.3009104557035874, 0.3447336561497538, 0.37442911303256127, 0.44650187876679426, 0.4557576843165488, 0.48201756143507585, 0.48069437319769026, 0.5125368420954445, 0.5335641754826994, 0.5499454386588398, 0.5871326912804135, 0.580779350917282, 0.5988406817026896, 0.6025374334054564, 0.6217255643270682, 0.6300350009222189, 0.623295069501346, 0.635936830087206, 0.6234038868399769, 0.6319587763948666, 0.6349381303742205, 0.6358032493821967, 0.6422700999919044, 0.64263571850038, 0.6499074417645846, 0.6702978500196545, 0.6666681597433477, 0.6669082387954568, 0.6623114554618315, 0.6717456086102701, 0.666116427432217, 0.6528960771893102, 0.6648733847606028, 0.6539331028203208, 0.6747608465052073, 0.6676629126929879, 0.667548011720944, 0.6551997092297843, 0.6685533714405894, 0.6725128405429158, 0.6522920938710411, 0.6711309843039166], 'macro_f1': [0.05856337149440597, 0.15835929285675357, 0.24204194312272773, 0.30707894781620165, 0.3570378461583969, 0.3924738104088864, 0.45275372643164025, 0.4653643560450132, 0.488471353466469, 0.494413268393451, 0.5143929941501811, 0.5301997920993942, 0.5498558549122017, 0.5805053918687595, 0.5748052171917717, 0.5883420429822407, 0.5972433413736256, 0.6147690188015593, 0.6181408745245869, 0.6187748244469626, 0.6307296016043686, 0.6218667969408349, 0.6293700316293859, 0.6327978602752596, 0.6345774133675063, 0.6353591975079812, 0.6371998411142151, 0.6456752021382716, 0.6578255813870144, 0.6584168993238855, 0.6560002032576537, 0.6519387597708695, 0.658469545609926, 0.6561934290269424, 0.6492602233090512, 0.6602744207169567, 0.6486787697475387, 0.6604811546936655, 0.6579282421522907, 0.6582531839066884, 0.6531371620838997, 0.6546252618754052, 0.6619076998168435, 0.6473213386642841, 0.6591014150406339], 'accuracy': [0.125, 0.2512135922330097, 0.3325242718446602, 0.4199029126213592, 0.4587378640776699, 0.5048543689320388, 0.5509708737864077, 0.5679611650485437, 0.5837378640776699, 0.5910194174757282, 0.6031553398058253, 0.6189320388349514, 0.6432038834951457, 0.6577669902912622, 0.6504854368932039, 0.6614077669902912, 0.6735436893203883, 0.6905339805825242, 0.6893203883495146, 0.6881067961165048, 0.7014563106796117, 0.6893203883495146, 0.7002427184466019, 0.7038834951456311, 0.7063106796116505, 0.6990291262135923, 0.7111650485436893, 0.7087378640776699, 0.720873786407767, 0.7257281553398058, 0.7220873786407767, 0.7087378640776699, 0.7184466019417476, 0.7160194174757282, 0.712378640776699, 0.720873786407767, 0.7135922330097088, 0.720873786407767, 0.7184466019417476, 0.7220873786407767, 0.7135922330097088, 0.7148058252427184, 0.7220873786407767, 0.7087378640776699, 0.7184466019417476], 'micro_recall': [0.125, 0.2512135922330097, 0.3325242718446602, 0.4199029126213592, 0.4587378640776699, 0.5048543689320388, 0.5509708737864077, 0.5679611650485437, 0.5837378640776699, 0.5910194174757282, 0.6031553398058253, 0.6189320388349514, 0.6432038834951457, 0.6577669902912622, 0.6504854368932039, 0.6614077669902912, 0.6735436893203883, 0.6905339805825242, 0.6893203883495146, 0.6881067961165048, 0.7014563106796117, 0.6893203883495146, 0.7002427184466019, 0.7038834951456311, 0.7063106796116505, 0.6990291262135923, 0.7111650485436893, 0.7087378640776699, 0.720873786407767, 0.7257281553398058, 0.7220873786407767, 0.7087378640776699, 0.7184466019417476, 0.7160194174757282, 0.712378640776699, 0.720873786407767, 0.7135922330097088, 0.720873786407767, 0.7184466019417476, 0.7220873786407767, 0.7135922330097088, 0.7148058252427184, 0.7220873786407767, 0.7087378640776699, 0.7184466019417476], 'micro_precision': [0.125, 0.2512135922330097, 0.3325242718446602, 0.4199029126213592, 0.4587378640776699, 0.5048543689320388, 0.5509708737864077, 0.5679611650485437, 0.5837378640776699, 0.5910194174757282, 0.6031553398058253, 0.6189320388349514, 0.6432038834951457, 0.6577669902912622, 0.6504854368932039, 0.6614077669902912, 0.6735436893203883, 0.6905339805825242, 0.6893203883495146, 0.6881067961165048, 0.7014563106796117, 0.6893203883495146, 0.7002427184466019, 0.7038834951456311, 0.7063106796116505, 0.6990291262135923, 0.7111650485436893, 0.7087378640776699, 0.720873786407767, 0.7257281553398058, 0.7220873786407767, 0.7087378640776699, 0.7184466019417476, 0.7160194174757282, 0.712378640776699, 0.720873786407767, 0.7135922330097088, 0.720873786407767, 0.7184466019417476, 0.7220873786407767, 0.7135922330097088, 0.7148058252427184, 0.7220873786407767, 0.7087378640776699, 0.7184466019417476], 'micro_f1': [0.125, 0.2512135922330097, 0.3325242718446602, 0.4199029126213592, 0.4587378640776699, 0.5048543689320388, 0.5509708737864077, 0.5679611650485437, 0.5837378640776699, 0.5910194174757282, 0.6031553398058253, 0.6189320388349514, 0.6432038834951457, 0.6577669902912622, 0.6504854368932039, 0.6614077669902912, 0.6735436893203883, 0.6905339805825242, 0.6893203883495146, 0.6881067961165048, 0.7014563106796117, 0.6893203883495146, 0.7002427184466019, 0.7038834951456311, 0.7063106796116505, 0.6990291262135923, 0.7111650485436893, 0.7087378640776699, 0.720873786407767, 0.7257281553398058, 0.7220873786407768, 0.7087378640776699, 0.7184466019417476, 0.7160194174757283, 0.712378640776699, 0.720873786407767, 0.7135922330097088, 0.720873786407767, 0.7184466019417476, 0.7220873786407768, 0.7135922330097088, 0.7148058252427183, 0.7220873786407768, 0.7087378640776699, 0.7184466019417476], 'runtime': [1.1101, 1.1713, 1.1383, 1.1562, 1.1375, 1.1374, 1.1294, 1.1746, 1.1508, 1.1407, 1.1263, 1.1334, 1.1465, 1.131, 1.1364, 1.1249, 1.1212, 1.1381, 1.1461, 1.1504, 1.1443, 1.1629, 1.1381, 1.1188, 1.1337, 1.1242, 1.1334, 1.1314, 1.1248, 1.1058, 1.1408, 4.0088, 1.1212, 1.1226, 1.137, 1.1289, 1.0941, 1.1484, 1.1299, 1.1354, 1.1296, 1.1326, 1.1351, 1.1401, 1.2238], 'samples_per_second': [742.283, 703.471, 723.906, 712.673, 724.374, 724.489, 729.589, 701.508, 715.993, 722.359, 731.603, 727.021, 718.684, 728.581, 725.088, 732.53, 734.903, 724.008, 718.991, 716.275, 720.1, 708.556, 724.005, 736.472, 726.794, 732.994, 727.005, 728.29, 732.596, 745.151, 722.275, 205.548, 734.919, 733.99, 724.731, 729.912, 753.106, 717.533, 729.288, 725.73, 729.456, 727.55, 725.928, 722.759, 673.302], 'steps_per_second': [23.422, 22.197, 22.842, 22.487, 22.856, 22.86, 23.021, 22.135, 22.592, 22.793, 23.085, 22.94, 22.677, 22.989, 22.879, 23.114, 23.189, 22.845, 22.687, 22.601, 22.722, 22.357, 22.845, 23.238, 22.933, 23.128, 22.939, 22.98, 23.116, 23.512, 22.79, 6.486, 23.189, 23.16, 22.868, 23.031, 23.763, 22.641, 23.012, 22.899, 23.017, 22.957, 22.905, 22.806, 21.245]})

  0%|          | 0/650 [00:00<?, ?it/s]
  0%|          | 1/650 [00:01<13:18,  1.23s/it]
  0%|          | 2/650 [00:02<10:31,  1.03it/s]
  0%|          | 3/650 [00:02<09:38,  1.12it/s]
  1%|          | 4/650 [00:03<09:12,  1.17it/s]
  1%|          | 5/650 [00:04<08:57,  1.20it/s]
  1%|          | 6/650 [00:05<08:48,  1.22it/s]
  1%|          | 7/650 [00:06<08:42,  1.23it/s]
  1%|          | 8/650 [00:06<08:38,  1.24it/s]
  1%|▏         | 9/650 [00:07<08:35,  1.24it/s]
  2%|▏         | 10/650 [00:08<08:33,  1.25it/s]
  2%|▏         | 11/650 [00:09<08:30,  1.25it/s]
  2%|▏         | 12/650 [00:09<08:29,  1.25it/s]
  2%|▏         | 13/650 [00:11<09:20,  1.14it/s]
                                                

  2%|▏         | 13/650 [00:11<09:20,  1.14it/s]{'loss': 5.1498, 'grad_norm': 2.491672992706299, 'learning_rate': 4.9e-05, 'epoch': 1.0}


  0%|          | 0/26 [00:00<?, ?it/s][A

 19%|█▉        | 5/26 [00:00<00:00, 38.22it/s][A

 35%|███▍      | 9/26 [00:00<00:00, 33.53it/s][A

 50%|█████     | 13/26 [00:00<00:00, 32.14it/s][A

 65%|██████▌   | 17/26 [00:00<00:00, 31.44it/s][A

 81%|████████  | 21/26 [00:00<00:00, 31.09it/s][A

 96%|█████████▌| 25/26 [00:00<00:00, 30.84it/s][A

                                               
[A
                                                

100%|██████████| 26/26 [00:01<00:00, 30.84it/s][A
  2%|▏         | 13/650 [00:12<09:20,  1.14it/s]

                                               [A{'eval_loss': 4.887530326843262, 'eval_macro_recall': 0.09307992202729043, 'eval_macro_precision': 0.03501260047223415, 'eval_macro_f1': 0.037641477556036265, 'eval_accuracy': 0.07776427703523693, 'eval_micro_recall': 0.07776427703523693, 'eval_micro_precision': 0.07776427703523693, 'eval_micro_f1': 0.07776427703523693, 'eval_runtime': 1.1429, 'eval_samples_per_second': 720.076, 'eval_steps_per_second': 22.748, 'epoch': 1.0}

  2%|▏         | 14/650 [00:16<22:51,  2.16s/it]
  2%|▏         | 15/650 [00:16<18:28,  1.75s/it]
  2%|▏         | 16/650 [00:17<15:25,  1.46s/it]
  3%|▎         | 17/650 [00:18<13:17,  1.26s/it]
  3%|▎         | 18/650 [00:19<11:48,  1.12s/it]
  3%|▎         | 19/650 [00:20<10:46,  1.02s/it]
  3%|▎         | 20/650 [00:20<10:02,  1.05it/s]
  3%|▎         | 21/650 [00:21<09:31,  1.10it/s]
  3%|▎         | 22/650 [00:22<09:09,  1.14it/s]
  4%|▎         | 23/650 [00:23<08:53,  1.17it/s]
  4%|▎         | 24/650 [00:24<08:42,  1.20it/s]
  4%|▍         | 25/650 [00:24<08:35,  1.21it/s]
  4%|▍         | 26/650 [00:25<08:19,  1.25it/s]
                                                

  4%|▍         | 26/650 [00:25<08:19,  1.25it/s]{'loss': 4.6515, 'grad_norm': 2.9476823806762695, 'learning_rate': 4.8e-05, 'epoch': 2.0}


  0%|          | 0/26 [00:00<?, ?it/s][A

 19%|█▉        | 5/26 [00:00<00:00, 38.11it/s][A

 35%|███▍      | 9/26 [00:00<00:00, 33.57it/s][A

 50%|█████     | 13/26 [00:00<00:00, 32.16it/s][A

 65%|██████▌   | 17/26 [00:00<00:00, 31.53it/s][A

 81%|████████  | 21/26 [00:00<00:00, 31.13it/s][A

 96%|█████████▌| 25/26 [00:00<00:00, 30.94it/s][A

                                               
[A
                                                

100%|██████████| 26/26 [00:00<00:00, 30.94it/s][A
  4%|▍         | 26/650 [00:26<08:19,  1.25it/s]

                                               [A{'eval_loss': 4.29207181930542, 'eval_macro_recall': 0.22689362294625454, 'eval_macro_precision': 0.1354296486070794, 'eval_macro_f1': 0.1474974840130485, 'eval_accuracy': 0.21385176184690158, 'eval_micro_recall': 0.21385176184690158, 'eval_micro_precision': 0.21385176184690158, 'eval_micro_f1': 0.21385176184690158, 'eval_runtime': 1.1534, 'eval_samples_per_second': 713.518, 'eval_steps_per_second': 22.541, 'epoch': 2.0}

  4%|▍         | 27/650 [00:30<20:35,  1.98s/it]
  4%|▍         | 28/650 [00:31<16:52,  1.63s/it]
  4%|▍         | 29/650 [00:32<14:16,  1.38s/it]
  5%|▍         | 30/650 [00:32<12:27,  1.20s/it]
  5%|▍         | 31/650 [00:33<11:09,  1.08s/it]
  5%|▍         | 32/650 [00:34<10:15,  1.00it/s]
  5%|▌         | 33/650 [00:35<09:38,  1.07it/s]
  5%|▌         | 34/650 [00:35<09:11,  1.12it/s]
  5%|▌         | 35/650 [00:36<08:52,  1.15it/s]
  6%|▌         | 36/650 [00:37<08:39,  1.18it/s]
  6%|▌         | 37/650 [00:38<08:29,  1.20it/s]
  6%|▌         | 38/650 [00:39<08:22,  1.22it/s]
  6%|▌         | 39/650 [00:39<08:07,  1.25it/s]
                                                

  6%|▌         | 39/650 [00:39<08:07,  1.25it/s]{'loss': 4.1217, 'grad_norm': 3.8503925800323486, 'learning_rate': 4.7e-05, 'epoch': 3.0}


  0%|          | 0/26 [00:00<?, ?it/s][A

 19%|█▉        | 5/26 [00:00<00:00, 38.21it/s][A

 35%|███▍      | 9/26 [00:00<00:00, 33.52it/s][A

 50%|█████     | 13/26 [00:01<00:01, 10.34it/s][A

 62%|██████▏   | 16/26 [00:01<00:00, 11.81it/s][A

 77%|███████▋  | 20/26 [00:01<00:00, 15.34it/s][A

 92%|█████████▏| 24/26 [00:01<00:00, 18.58it/s][A

                                               
[A
                                                

100%|██████████| 26/26 [00:02<00:00, 18.58it/s][A
  6%|▌         | 39/650 [00:42<08:07,  1.25it/s]

                                               [A{'eval_loss': 3.789717435836792, 'eval_macro_recall': 0.3158122579175211, 'eval_macro_precision': 0.23334012239301255, 'eval_macro_f1': 0.23838298661620164, 'eval_accuracy': 0.30984204131227217, 'eval_micro_recall': 0.30984204131227217, 'eval_micro_precision': 0.30984204131227217, 'eval_micro_f1': 0.30984204131227217, 'eval_runtime': 2.455, 'eval_samples_per_second': 335.228, 'eval_steps_per_second': 10.59, 'epoch': 3.0}

  6%|▌         | 40/650 [00:46<26:22,  2.60s/it]
  6%|▋         | 41/650 [00:47<20:50,  2.05s/it]
  6%|▋         | 42/650 [00:48<16:59,  1.68s/it]
  7%|▋         | 43/650 [00:49<14:17,  1.41s/it]
  7%|▋         | 44/650 [00:49<12:23,  1.23s/it]
  7%|▋         | 45/650 [00:50<11:05,  1.10s/it]
  7%|▋         | 46/650 [00:51<10:09,  1.01s/it]
  7%|▋         | 47/650 [00:52<09:29,  1.06it/s]
  7%|▋         | 48/650 [00:53<09:02,  1.11it/s]
  8%|▊         | 49/650 [00:53<08:43,  1.15it/s]
  8%|▊         | 50/650 [00:54<08:29,  1.18it/s]
  8%|▊         | 51/650 [00:55<08:19,  1.20it/s]
  8%|▊         | 52/650 [00:56<08:03,  1.24it/s]
                                                

  8%|▊         | 52/650 [00:56<08:03,  1.24it/s]{'loss': 3.6725, 'grad_norm': 3.426370859146118, 'learning_rate': 4.600000000000001e-05, 'epoch': 4.0}


  0%|          | 0/26 [00:00<?, ?it/s][A

 19%|█▉        | 5/26 [00:00<00:00, 38.11it/s][A

 35%|███▍      | 9/26 [00:00<00:00, 33.49it/s][A

 50%|█████     | 13/26 [00:00<00:00, 32.07it/s][A

 65%|██████▌   | 17/26 [00:00<00:00, 31.41it/s][A

 81%|████████  | 21/26 [00:00<00:00, 31.03it/s][A

 96%|█████████▌| 25/26 [00:00<00:00, 30.80it/s][A

                                               
[A
                                                

100%|██████████| 26/26 [00:00<00:00, 30.80it/s][A
  8%|▊         | 52/650 [00:57<08:03,  1.24it/s]

                                               [A{'eval_loss': 3.379803419113159, 'eval_macro_recall': 0.36794258373205746, 'eval_macro_precision': 0.3003224983078031, 'eval_macro_f1': 0.297590772961346, 'eval_accuracy': 0.36330498177399756, 'eval_micro_recall': 0.36330498177399756, 'eval_micro_precision': 0.36330498177399756, 'eval_micro_f1': 0.3633049817739976, 'eval_runtime': 1.1012, 'eval_samples_per_second': 747.397, 'eval_steps_per_second': 23.612, 'epoch': 4.0}

  8%|▊         | 53/650 [01:01<20:11,  2.03s/it]
  8%|▊         | 54/650 [01:01<16:29,  1.66s/it]
  8%|▊         | 55/650 [01:02<13:54,  1.40s/it]
  9%|▊         | 56/650 [01:03<12:05,  1.22s/it]
  9%|▉         | 57/650 [01:04<10:48,  1.09s/it]
  9%|▉         | 58/650 [01:05<09:54,  1.00s/it]
  9%|▉         | 59/650 [01:05<09:17,  1.06it/s]
  9%|▉         | 60/650 [01:06<08:50,  1.11it/s]
  9%|▉         | 61/650 [01:07<08:31,  1.15it/s]
 10%|▉         | 62/650 [01:08<08:18,  1.18it/s]
 10%|▉         | 63/650 [01:09<08:09,  1.20it/s]
 10%|▉         | 64/650 [01:09<08:02,  1.22it/s]
 10%|█         | 65/650 [01:10<07:48,  1.25it/s]
                                                

 10%|█         | 65/650 [01:10<07:48,  1.25it/s]{'loss': 3.2965, 'grad_norm': 3.0606577396392822, 'learning_rate': 4.5e-05, 'epoch': 5.0}


  0%|          | 0/26 [00:00<?, ?it/s][A

 19%|█▉        | 5/26 [00:00<00:00, 38.04it/s][A

 35%|███▍      | 9/26 [00:00<00:00, 33.46it/s][A

 50%|█████     | 13/26 [00:00<00:00, 32.03it/s][A

 65%|██████▌   | 17/26 [00:00<00:00, 31.34it/s][A

 81%|████████  | 21/26 [00:00<00:00, 30.99it/s][A

 96%|█████████▌| 25/26 [00:00<00:00, 30.76it/s][A

                                               
[A
                                                

100%|██████████| 26/26 [00:00<00:00, 30.76it/s][A
 10%|█         | 65/650 [01:11<07:48,  1.25it/s]

                                               [A{'eval_loss': 3.036888599395752, 'eval_macro_recall': 0.42572150072150067, 'eval_macro_precision': 0.337182571778501, 'eval_macro_f1': 0.3494913512526447, 'eval_accuracy': 0.41798298906439857, 'eval_micro_recall': 0.41798298906439857, 'eval_micro_precision': 0.41798298906439857, 'eval_micro_f1': 0.41798298906439857, 'eval_runtime': 1.1142, 'eval_samples_per_second': 738.647, 'eval_steps_per_second': 23.335, 'epoch': 5.0}

 10%|█         | 66/650 [01:15<19:28,  2.00s/it]
 10%|█         | 67/650 [01:16<15:56,  1.64s/it]
 10%|█         | 68/650 [01:17<13:27,  1.39s/it]
 11%|█         | 69/650 [01:17<11:43,  1.21s/it]
 11%|█         | 70/650 [01:18<10:30,  1.09s/it]
 11%|█         | 71/650 [01:19<09:39,  1.00s/it]
 11%|█         | 72/650 [01:20<09:03,  1.06it/s]
 11%|█         | 73/650 [01:21<08:38,  1.11it/s]
 11%|█▏        | 74/650 [01:21<08:20,  1.15it/s]
 12%|█▏        | 75/650 [01:22<08:06,  1.18it/s]
 12%|█▏        | 76/650 [01:23<07:57,  1.20it/s]
 12%|█▏        | 77/650 [01:24<07:51,  1.22it/s]
 12%|█▏        | 78/650 [01:24<07:39,  1.25it/s]
                                                

 12%|█▏        | 78/650 [01:25<07:39,  1.25it/s]{'loss': 2.9736, 'grad_norm': 3.0185327529907227, 'learning_rate': 4.4000000000000006e-05, 'epoch': 6.0}


  0%|          | 0/26 [00:00<?, ?it/s][A

 19%|█▉        | 5/26 [00:00<00:00, 38.15it/s][A

 35%|███▍      | 9/26 [00:00<00:00, 33.56it/s][A

 50%|█████     | 13/26 [00:00<00:00, 32.15it/s][A

 65%|██████▌   | 17/26 [00:00<00:00, 31.52it/s][A

 81%|████████  | 21/26 [00:00<00:00, 31.12it/s][A

 96%|█████████▌| 25/26 [00:00<00:00, 30.91it/s][A

                                               
[A
                                                

100%|██████████| 26/26 [00:00<00:00, 30.91it/s][A
 12%|█▏        | 78/650 [01:26<07:39,  1.25it/s]

                                               [A{'eval_loss': 2.728764772415161, 'eval_macro_recall': 0.4662698412698413, 'eval_macro_precision': 0.38175936207387634, 'eval_macro_f1': 0.39272621493000237, 'eval_accuracy': 0.47023086269744835, 'eval_micro_recall': 0.47023086269744835, 'eval_micro_precision': 0.47023086269744835, 'eval_micro_f1': 0.47023086269744835, 'eval_runtime': 1.1147, 'eval_samples_per_second': 738.299, 'eval_steps_per_second': 23.324, 'epoch': 6.0}

 12%|█▏        | 79/650 [01:29<19:03,  2.00s/it]
 12%|█▏        | 80/650 [01:30<15:35,  1.64s/it]
 12%|█▏        | 81/650 [01:31<13:10,  1.39s/it]
 13%|█▎        | 82/650 [01:32<11:28,  1.21s/it]
 13%|█▎        | 83/650 [01:32<10:16,  1.09s/it]
 13%|█▎        | 84/650 [01:33<09:26,  1.00s/it]
 13%|█▎        | 85/650 [01:34<08:51,  1.06it/s]
 13%|█▎        | 86/650 [01:35<08:26,  1.11it/s]
 13%|█▎        | 87/650 [01:36<08:08,  1.15it/s]
 14%|█▎        | 88/650 [01:36<07:55,  1.18it/s]
 14%|█▎        | 89/650 [01:37<07:46,  1.20it/s]
 14%|█▍        | 90/650 [01:38<07:40,  1.22it/s]
 14%|█▍        | 91/650 [01:39<07:28,  1.25it/s]
                                                

 14%|█▍        | 91/650 [01:39<07:28,  1.25it/s]{'loss': 2.6839, 'grad_norm': 3.19100284576416, 'learning_rate': 4.3e-05, 'epoch': 7.0}


  0%|          | 0/26 [00:00<?, ?it/s][A

 19%|█▉        | 5/26 [00:00<00:00, 37.95it/s][A

 35%|███▍      | 9/26 [00:00<00:00, 33.35it/s][A

 50%|█████     | 13/26 [00:00<00:00, 31.99it/s][A

 65%|██████▌   | 17/26 [00:00<00:00, 31.34it/s][A

 81%|████████  | 21/26 [00:00<00:00, 30.95it/s][A

 96%|█████████▌| 25/26 [00:00<00:00, 30.76it/s][A

                                               
[A
                                                

100%|██████████| 26/26 [00:00<00:00, 30.76it/s][A
 14%|█▍        | 91/650 [01:40<07:28,  1.25it/s]

                                               [A{'eval_loss': 2.46069073677063, 'eval_macro_recall': 0.49153439153439155, 'eval_macro_precision': 0.41090807601795104, 'eval_macro_f1': 0.41841595214948346, 'eval_accuracy': 0.4945321992709599, 'eval_micro_recall': 0.4945321992709599, 'eval_micro_precision': 0.4945321992709599, 'eval_micro_f1': 0.4945321992709599, 'eval_runtime': 1.1203, 'eval_samples_per_second': 734.604, 'eval_steps_per_second': 23.207, 'epoch': 7.0}

 14%|█▍        | 92/650 [01:44<18:23,  1.98s/it]
 14%|█▍        | 93/650 [01:44<15:04,  1.62s/it]
 14%|█▍        | 94/650 [01:45<12:44,  1.38s/it]
 15%|█▍        | 95/650 [01:46<11:07,  1.20s/it]
 15%|█▍        | 96/650 [01:47<09:59,  1.08s/it]
 15%|█▍        | 97/650 [01:48<09:11,  1.00it/s]
 15%|█▌        | 98/650 [01:48<08:37,  1.07it/s]
 15%|█▌        | 99/650 [01:49<08:13,  1.12it/s]
 15%|█▌        | 100/650 [01:50<07:56,  1.15it/s]
 16%|█▌        | 101/650 [01:51<07:44,  1.18it/s]
 16%|█▌        | 102/650 [01:52<07:36,  1.20it/s]
 16%|█▌        | 103/650 [01:52<07:29,  1.22it/s]
 16%|█▌        | 104/650 [01:53<07:22,  1.24it/s]
                                                 

 16%|█▌        | 104/650 [01:53<07:22,  1.24it/s]{'loss': 2.4418, 'grad_norm': 4.002831935882568, 'learning_rate': 4.2e-05, 'epoch': 8.0}


  0%|          | 0/26 [00:00<?, ?it/s][A

 19%|█▉        | 5/26 [00:00<00:00, 38.03it/s][A

 35%|███▍      | 9/26 [00:00<00:00, 33.43it/s][A

 50%|█████     | 13/26 [00:00<00:00, 32.05it/s][A

 65%|██████▌   | 17/26 [00:00<00:00, 31.36it/s][A

 81%|████████  | 21/26 [00:00<00:00, 31.00it/s][A

 96%|█████████▌| 25/26 [00:00<00:00, 30.78it/s][A

                                               
[A
                                                 

100%|██████████| 26/26 [00:00<00:00, 30.78it/s][A
 16%|█▌        | 104/650 [01:54<07:22,  1.24it/s]

                                               [A{'eval_loss': 2.2629408836364746, 'eval_macro_recall': 0.5093567251461988, 'eval_macro_precision': 0.4328729638748106, 'eval_macro_f1': 0.4358979640519975, 'eval_accuracy': 0.5127582017010935, 'eval_micro_recall': 0.5127582017010935, 'eval_micro_precision': 0.5127582017010935, 'eval_micro_f1': 0.5127582017010935, 'eval_runtime': 1.1234, 'eval_samples_per_second': 732.584, 'eval_steps_per_second': 23.144, 'epoch': 8.0}

 16%|█▌        | 105/650 [01:58<18:17,  2.01s/it]
 16%|█▋        | 106/650 [01:59<14:56,  1.65s/it]
 16%|█▋        | 107/650 [02:00<12:36,  1.39s/it]
 17%|█▋        | 108/650 [02:00<10:58,  1.22s/it]
 17%|█▋        | 109/650 [02:01<09:50,  1.09s/it]
 17%|█▋        | 110/650 [02:02<09:01,  1.00s/it]
 17%|█▋        | 111/650 [02:03<08:27,  1.06it/s]
 17%|█▋        | 112/650 [02:04<08:03,  1.11it/s]
 17%|█▋        | 113/650 [02:04<07:46,  1.15it/s]
 18%|█▊        | 114/650 [02:05<07:34,  1.18it/s]
 18%|█▊        | 115/650 [02:06<07:26,  1.20it/s]
 18%|█▊        | 116/650 [02:07<07:19,  1.22it/s]
 18%|█▊        | 117/650 [02:07<07:07,  1.25it/s]
                                                 

 18%|█▊        | 117/650 [02:07<07:07,  1.25it/s]{'loss': 2.2314, 'grad_norm': 3.646651268005371, 'learning_rate': 4.1e-05, 'epoch': 9.0}


  0%|          | 0/26 [00:00<?, ?it/s][A

 19%|█▉        | 5/26 [00:00<00:00, 38.13it/s][A

 35%|███▍      | 9/26 [00:00<00:00, 33.61it/s][A

 50%|█████     | 13/26 [00:00<00:00, 32.17it/s][A

 65%|██████▌   | 17/26 [00:00<00:00, 31.52it/s][A

 81%|████████  | 21/26 [00:00<00:00, 31.14it/s][A

 96%|█████████▌| 25/26 [00:00<00:00, 30.91it/s][A

                                               
[A
                                                 

100%|██████████| 26/26 [00:00<00:00, 30.91it/s][A
 18%|█▊        | 117/650 [02:09<07:07,  1.25it/s]

                                               [A{'eval_loss': 2.067870616912842, 'eval_macro_recall': 0.5266542081949058, 'eval_macro_precision': 0.4725347241198783, 'eval_macro_f1': 0.4695546973367829, 'eval_accuracy': 0.5419198055893074, 'eval_micro_recall': 0.5419198055893074, 'eval_micro_precision': 0.5419198055893074, 'eval_micro_f1': 0.5419198055893074, 'eval_runtime': 1.128, 'eval_samples_per_second': 729.614, 'eval_steps_per_second': 23.05, 'epoch': 9.0}

 18%|█▊        | 118/650 [02:12<17:38,  1.99s/it]
 18%|█▊        | 119/650 [02:13<14:26,  1.63s/it]
 18%|█▊        | 120/650 [02:14<12:12,  1.38s/it]
 19%|█▊        | 121/650 [02:15<10:38,  1.21s/it]
 19%|█▉        | 122/650 [02:15<09:33,  1.09s/it]
 19%|█▉        | 123/650 [02:16<08:46,  1.00it/s]
 19%|█▉        | 124/650 [02:17<08:14,  1.06it/s]
 19%|█▉        | 125/650 [02:18<07:51,  1.11it/s]
 19%|█▉        | 126/650 [02:19<07:35,  1.15it/s]
 20%|█▉        | 127/650 [02:19<07:23,  1.18it/s]
 20%|█▉        | 128/650 [02:20<07:15,  1.20it/s]
 20%|█▉        | 129/650 [02:21<07:09,  1.21it/s]
 20%|██        | 130/650 [02:22<06:57,  1.25it/s]
                                                 

 20%|██        | 130/650 [02:22<06:57,  1.25it/s]{'loss': 2.052, 'grad_norm': 3.5299315452575684, 'learning_rate': 4e-05, 'epoch': 10.0}


  0%|          | 0/26 [00:00<?, ?it/s][A

 19%|█▉        | 5/26 [00:00<00:00, 38.26it/s][A

 35%|███▍      | 9/26 [00:00<00:00, 33.59it/s][A

 50%|█████     | 13/26 [00:00<00:00, 32.21it/s][A

 65%|██████▌   | 17/26 [00:00<00:00, 31.51it/s][A

 81%|████████  | 21/26 [00:00<00:00, 31.18it/s][A

 96%|█████████▌| 25/26 [00:00<00:00, 30.93it/s][A

                                               
[A
                                                 

100%|██████████| 26/26 [00:00<00:00, 30.93it/s][A
 20%|██        | 130/650 [02:23<06:57,  1.25it/s]

                                               [A{'eval_loss': 1.917764663696289, 'eval_macro_recall': 0.5528862126245847, 'eval_macro_precision': 0.5047351957847674, 'eval_macro_f1': 0.49490459375808116, 'eval_accuracy': 0.5625759416767923, 'eval_micro_recall': 0.5625759416767923, 'eval_micro_precision': 0.5625759416767923, 'eval_micro_f1': 0.5625759416767923, 'eval_runtime': 1.0941, 'eval_samples_per_second': 752.224, 'eval_steps_per_second': 23.764, 'epoch': 10.0}

 20%|██        | 131/650 [02:26<17:03,  1.97s/it]
 20%|██        | 132/650 [02:27<13:59,  1.62s/it]
 20%|██        | 133/650 [02:28<11:50,  1.37s/it]
 21%|██        | 134/650 [02:29<10:20,  1.20s/it]
 21%|██        | 135/650 [02:30<09:16,  1.08s/it]
 21%|██        | 136/650 [02:30<08:32,  1.00it/s]
 21%|██        | 137/650 [02:31<08:01,  1.07it/s]
 21%|██        | 138/650 [02:32<07:38,  1.12it/s]
 21%|██▏       | 139/650 [02:33<07:23,  1.15it/s]
 22%|██▏       | 140/650 [02:34<07:44,  1.10it/s]
 22%|██▏       | 141/650 [02:35<07:42,  1.10it/s]
 22%|██▏       | 142/650 [02:36<07:25,  1.14it/s]
 22%|██▏       | 143/650 [02:36<07:06,  1.19it/s]
                                                 

 22%|██▏       | 143/650 [02:36<07:06,  1.19it/s]{'loss': 1.8971, 'grad_norm': 4.212697982788086, 'learning_rate': 3.9000000000000006e-05, 'epoch': 11.0}


  0%|          | 0/26 [00:00<?, ?it/s][A

 19%|█▉        | 5/26 [00:00<00:00, 38.14it/s][A

 35%|███▍      | 9/26 [00:00<00:00, 33.40it/s][A

 50%|█████     | 13/26 [00:00<00:00, 31.95it/s][A

 65%|██████▌   | 17/26 [00:00<00:00, 31.33it/s][A

 81%|████████  | 21/26 [00:00<00:00, 30.94it/s][A

 96%|█████████▌| 25/26 [00:00<00:00, 30.71it/s][A

                                               
[A
                                                 

100%|██████████| 26/26 [00:00<00:00, 30.71it/s][A
 22%|██▏       | 143/650 [02:38<07:06,  1.19it/s]

                                               [A{'eval_loss': 1.77616548538208, 'eval_macro_recall': 0.5725429125138427, 'eval_macro_precision': 0.5251838264414764, 'eval_macro_f1': 0.5204897086907565, 'eval_accuracy': 0.5820170109356014, 'eval_micro_recall': 0.5820170109356014, 'eval_micro_precision': 0.5820170109356014, 'eval_micro_f1': 0.5820170109356014, 'eval_runtime': 1.2392, 'eval_samples_per_second': 664.159, 'eval_steps_per_second': 20.982, 'epoch': 11.0}

 22%|██▏       | 144/650 [02:41<17:40,  2.09s/it]
 22%|██▏       | 145/650 [02:42<14:21,  1.71s/it]
 22%|██▏       | 146/650 [02:43<12:02,  1.43s/it]
 23%|██▎       | 147/650 [02:44<10:26,  1.24s/it]
 23%|██▎       | 148/650 [02:45<09:17,  1.11s/it]
 23%|██▎       | 149/650 [02:45<08:29,  1.02s/it]
 23%|██▎       | 150/650 [02:46<07:55,  1.05it/s]
 23%|██▎       | 151/650 [02:47<07:32,  1.10it/s]
 23%|██▎       | 152/650 [02:48<07:14,  1.15it/s]
 24%|██▎       | 153/650 [02:49<07:03,  1.17it/s]
 24%|██▎       | 154/650 [02:49<06:54,  1.20it/s]
 24%|██▍       | 155/650 [02:50<06:48,  1.21it/s]
 24%|██▍       | 156/650 [02:51<06:37,  1.24it/s]
                                                 

 24%|██▍       | 156/650 [02:51<06:37,  1.24it/s]{'loss': 1.7568, 'grad_norm': 3.369344472885132, 'learning_rate': 3.8e-05, 'epoch': 12.0}


  0%|          | 0/26 [00:00<?, ?it/s][A

 19%|█▉        | 5/26 [00:00<00:00, 38.10it/s][A

 35%|███▍      | 9/26 [00:00<00:00, 33.36it/s][A

 50%|█████     | 13/26 [00:00<00:00, 31.94it/s][A

 65%|██████▌   | 17/26 [00:00<00:00, 31.26it/s][A

 81%|████████  | 21/26 [00:00<00:00, 30.91it/s][A

 96%|█████████▌| 25/26 [00:00<00:00, 30.68it/s][A

                                               
[A
                                                 

100%|██████████| 26/26 [00:00<00:00, 30.68it/s][A
 24%|██▍       | 156/650 [02:52<06:37,  1.24it/s]

                                               [A{'eval_loss': 1.658935308456421, 'eval_macro_recall': 0.5866348283499446, 'eval_macro_precision': 0.5335413103658208, 'eval_macro_f1': 0.5296648048394034, 'eval_accuracy': 0.5893074119076549, 'eval_micro_recall': 0.5893074119076549, 'eval_micro_precision': 0.5893074119076549, 'eval_micro_f1': 0.5893074119076549, 'eval_runtime': 1.1426, 'eval_samples_per_second': 720.262, 'eval_steps_per_second': 22.754, 'epoch': 12.0}

 24%|██▍       | 157/650 [02:56<16:26,  2.00s/it]
 24%|██▍       | 158/650 [02:57<13:26,  1.64s/it]
 24%|██▍       | 159/650 [02:57<11:21,  1.39s/it]
 25%|██▍       | 160/650 [02:58<09:54,  1.21s/it]
 25%|██▍       | 161/650 [02:59<08:52,  1.09s/it]
 25%|██▍       | 162/650 [03:00<08:08,  1.00s/it]
 25%|██▌       | 163/650 [03:01<07:38,  1.06it/s]
 25%|██▌       | 164/650 [03:01<07:16,  1.11it/s]
 25%|██▌       | 165/650 [03:02<07:00,  1.15it/s]
 26%|██▌       | 166/650 [03:03<06:50,  1.18it/s]
 26%|██▌       | 167/650 [03:04<06:42,  1.20it/s]
 26%|██▌       | 168/650 [03:05<06:37,  1.21it/s]
 26%|██▌       | 169/650 [03:05<06:26,  1.24it/s]
                                                 

 26%|██▌       | 169/650 [03:05<06:26,  1.24it/s]{'loss': 1.6282, 'grad_norm': 2.8294014930725098, 'learning_rate': 3.7e-05, 'epoch': 13.0}


  0%|          | 0/26 [00:00<?, ?it/s][A

 19%|█▉        | 5/26 [00:00<00:00, 37.73it/s][A

 35%|███▍      | 9/26 [00:00<00:00, 33.12it/s][A

 50%|█████     | 13/26 [00:00<00:00, 31.80it/s][A

 65%|██████▌   | 17/26 [00:00<00:00, 31.23it/s][A

 81%|████████  | 21/26 [00:00<00:00, 30.89it/s][A

 96%|█████████▌| 25/26 [00:00<00:00, 30.66it/s][A

                                               
[A
                                                 

100%|██████████| 26/26 [00:00<00:00, 30.66it/s][A
 26%|██▌       | 169/650 [03:06<06:26,  1.24it/s]

                                               [A{'eval_loss': 1.5442538261413574, 'eval_macro_recall': 0.6032738095238095, 'eval_macro_precision': 0.5492572078404391, 'eval_macro_f1': 0.5520886606383673, 'eval_accuracy': 0.6099635479951397, 'eval_micro_recall': 0.6099635479951397, 'eval_micro_precision': 0.6099635479951397, 'eval_micro_f1': 0.6099635479951397, 'eval_runtime': 1.1245, 'eval_samples_per_second': 731.869, 'eval_steps_per_second': 23.121, 'epoch': 13.0}

 26%|██▌       | 170/650 [03:10<15:49,  1.98s/it]
 26%|██▋       | 171/650 [03:11<12:57,  1.62s/it]
 26%|██▋       | 172/650 [03:12<10:57,  1.38s/it]
 27%|██▋       | 173/650 [03:12<09:34,  1.20s/it]
 27%|██▋       | 174/650 [03:13<08:35,  1.08s/it]
 27%|██▋       | 175/650 [03:14<07:54,  1.00it/s]
 27%|██▋       | 176/650 [03:15<07:24,  1.07it/s]
 27%|██▋       | 177/650 [03:16<07:04,  1.11it/s]
 27%|██▋       | 178/650 [03:16<06:49,  1.15it/s]
 28%|██▊       | 179/650 [03:17<06:39,  1.18it/s]
 28%|██▊       | 180/650 [03:18<06:32,  1.20it/s]
 28%|██▊       | 181/650 [03:19<06:26,  1.21it/s]
 28%|██▊       | 182/650 [03:20<06:16,  1.24it/s]
                                                 

 28%|██▊       | 182/650 [03:20<06:16,  1.24it/s]{'loss': 1.5201, 'grad_norm': 3.825223207473755, 'learning_rate': 3.6e-05, 'epoch': 14.0}


  0%|          | 0/26 [00:00<?, ?it/s][A

 19%|█▉        | 5/26 [00:00<00:00, 37.66it/s][A

 35%|███▍      | 9/26 [00:00<00:00, 33.17it/s][A

 50%|█████     | 13/26 [00:00<00:00, 31.75it/s][A

 65%|██████▌   | 17/26 [00:00<00:00, 31.11it/s][A

 81%|████████  | 21/26 [00:00<00:00, 30.75it/s][A

 96%|█████████▌| 25/26 [00:00<00:00, 30.60it/s][A

                                               
[A
                                                 

100%|██████████| 26/26 [00:00<00:00, 30.60it/s][A
 28%|██▊       | 182/650 [03:21<06:16,  1.24it/s]

                                               [A{'eval_loss': 1.462760090827942, 'eval_macro_recall': 0.6059246954595793, 'eval_macro_precision': 0.5754945112537002, 'eval_macro_f1': 0.5658388565841133, 'eval_accuracy': 0.6196840826245443, 'eval_micro_recall': 0.6196840826245443, 'eval_micro_precision': 0.6196840826245443, 'eval_micro_f1': 0.6196840826245443, 'eval_runtime': 1.16, 'eval_samples_per_second': 709.5, 'eval_steps_per_second': 22.414, 'epoch': 14.0}

 28%|██▊       | 183/650 [03:24<15:21,  1.97s/it]
 28%|██▊       | 184/650 [03:25<12:35,  1.62s/it]
 28%|██▊       | 185/650 [03:26<10:39,  1.38s/it]
 29%|██▊       | 186/650 [03:27<09:18,  1.20s/it]
 29%|██▉       | 187/650 [03:27<08:20,  1.08s/it]
 29%|██▉       | 188/650 [03:28<07:40,  1.00it/s]
 29%|██▉       | 189/650 [03:29<07:12,  1.07it/s]
 29%|██▉       | 190/650 [03:30<06:52,  1.12it/s]
 29%|██▉       | 191/650 [03:31<06:38,  1.15it/s]
 30%|██▉       | 192/650 [03:31<06:28,  1.18it/s]
 30%|██▉       | 193/650 [03:32<06:20,  1.20it/s]
 30%|██▉       | 194/650 [03:33<06:15,  1.21it/s]
 30%|███       | 195/650 [03:34<06:04,  1.25it/s]
                                                 

 30%|███       | 195/650 [03:34<06:04,  1.25it/s]{'loss': 1.419, 'grad_norm': 3.396322011947632, 'learning_rate': 3.5e-05, 'epoch': 15.0}


  0%|          | 0/26 [00:00<?, ?it/s][A

 19%|█▉        | 5/26 [00:00<00:00, 37.82it/s][A

 35%|███▍      | 9/26 [00:00<00:00, 33.28it/s][A

 50%|█████     | 13/26 [00:00<00:00, 31.88it/s][A

 65%|██████▌   | 17/26 [00:00<00:00, 31.27it/s][A

 81%|████████  | 21/26 [00:00<00:00, 30.90it/s][A

 96%|█████████▌| 25/26 [00:00<00:00, 30.69it/s][A

                                               
[A
                                                 

100%|██████████| 26/26 [00:00<00:00, 30.69it/s][A
 30%|███       | 195/650 [03:35<06:04,  1.25it/s]

                                               [A{'eval_loss': 1.3725188970565796, 'eval_macro_recall': 0.6393503137689184, 'eval_macro_precision': 0.6028166092672224, 'eval_macro_f1': 0.5963551025857527, 'eval_accuracy': 0.6452004860267315, 'eval_micro_recall': 0.6452004860267315, 'eval_micro_precision': 0.6452004860267315, 'eval_micro_f1': 0.6452004860267315, 'eval_runtime': 1.1363, 'eval_samples_per_second': 724.252, 'eval_steps_per_second': 22.88, 'epoch': 15.0}

 30%|███       | 196/650 [03:39<15:04,  1.99s/it]
 30%|███       | 197/650 [03:39<12:20,  1.64s/it]
 30%|███       | 198/650 [03:40<10:25,  1.38s/it]
 31%|███       | 199/650 [03:41<09:06,  1.21s/it]
 31%|███       | 200/650 [03:42<08:09,  1.09s/it]
 31%|███       | 201/650 [03:43<07:29,  1.00s/it]
 31%|███       | 202/650 [03:43<07:01,  1.06it/s]
 31%|███       | 203/650 [03:44<06:41,  1.11it/s]
 31%|███▏      | 204/650 [03:45<06:27,  1.15it/s]
 32%|███▏      | 205/650 [03:46<06:17,  1.18it/s]
 32%|███▏      | 206/650 [03:47<06:10,  1.20it/s]
 32%|███▏      | 207/650 [03:47<06:05,  1.21it/s]
 32%|███▏      | 208/650 [03:48<05:54,  1.25it/s]
                                                 

 32%|███▏      | 208/650 [03:48<05:54,  1.25it/s]{'loss': 1.3432, 'grad_norm': 4.626771926879883, 'learning_rate': 3.4000000000000007e-05, 'epoch': 16.0}


  0%|          | 0/26 [00:00<?, ?it/s][A

 19%|█▉        | 5/26 [00:00<00:00, 38.03it/s][A

 35%|███▍      | 9/26 [00:00<00:00, 33.34it/s][A

 50%|█████     | 13/26 [00:00<00:00, 31.87it/s][A

 65%|██████▌   | 17/26 [00:00<00:00, 31.19it/s][A

 81%|████████  | 21/26 [00:00<00:00, 30.83it/s][A

 96%|█████████▌| 25/26 [00:00<00:00, 30.59it/s][A

                                               
[A
                                                 

100%|██████████| 26/26 [00:00<00:00, 30.59it/s][A
 32%|███▏      | 208/650 [03:49<05:54,  1.25it/s]

                                               [A{'eval_loss': 1.304038405418396, 'eval_macro_recall': 0.643779992617202, 'eval_macro_precision': 0.6104507249856087, 'eval_macro_f1': 0.6046193057854224, 'eval_accuracy': 0.6512758201701093, 'eval_micro_recall': 0.6512758201701093, 'eval_micro_precision': 0.6512758201701093, 'eval_micro_f1': 0.6512758201701093, 'eval_runtime': 1.1419, 'eval_samples_per_second': 720.723, 'eval_steps_per_second': 22.769, 'epoch': 16.0}

 32%|███▏      | 209/650 [03:53<15:03,  2.05s/it]
 32%|███▏      | 210/650 [03:54<12:17,  1.68s/it]
 32%|███▏      | 211/650 [03:55<10:19,  1.41s/it]
 33%|███▎      | 212/650 [03:56<08:57,  1.23s/it]
 33%|███▎      | 213/650 [03:56<08:00,  1.10s/it]
 33%|███▎      | 214/650 [03:57<07:20,  1.01s/it]
 33%|███▎      | 215/650 [03:58<06:51,  1.06it/s]
 33%|███▎      | 216/650 [03:59<06:31,  1.11it/s]
 33%|███▎      | 217/650 [04:00<06:17,  1.15it/s]
 34%|███▎      | 218/650 [04:00<06:07,  1.18it/s]
 34%|███▎      | 219/650 [04:01<06:00,  1.20it/s]
 34%|███▍      | 220/650 [04:02<05:54,  1.21it/s]
 34%|███▍      | 221/650 [04:03<05:44,  1.24it/s]
                                                 

 34%|███▍      | 221/650 [04:03<05:44,  1.24it/s]{'loss': 1.2696, 'grad_norm': 3.5014379024505615, 'learning_rate': 3.3e-05, 'epoch': 17.0}


  0%|          | 0/26 [00:00<?, ?it/s][A

 19%|█▉        | 5/26 [00:00<00:00, 37.94it/s][A

 35%|███▍      | 9/26 [00:00<00:00, 33.32it/s][A

 50%|█████     | 13/26 [00:00<00:00, 31.83it/s][A

 65%|██████▌   | 17/26 [00:00<00:00, 31.18it/s][A

 81%|████████  | 21/26 [00:00<00:00, 30.80it/s][A

 96%|█████████▌| 25/26 [00:00<00:00, 30.55it/s][A

                                               
[A
                                                 

100%|██████████| 26/26 [00:00<00:00, 30.55it/s][A
 34%|███▍      | 221/650 [04:04<05:44,  1.24it/s]

                                               [A{'eval_loss': 1.2501839399337769, 'eval_macro_recall': 0.6416345536287734, 'eval_macro_precision': 0.6177690164684385, 'eval_macro_f1': 0.6074191952829554, 'eval_accuracy': 0.6573511543134872, 'eval_micro_recall': 0.6573511543134872, 'eval_micro_precision': 0.6573511543134872, 'eval_micro_f1': 0.6573511543134872, 'eval_runtime': 1.1328, 'eval_samples_per_second': 726.53, 'eval_steps_per_second': 22.952, 'epoch': 17.0}

 34%|███▍      | 222/650 [04:07<14:05,  1.97s/it]
 34%|███▍      | 223/650 [04:08<11:32,  1.62s/it]
 34%|███▍      | 224/650 [04:09<09:45,  1.37s/it]
 35%|███▍      | 225/650 [04:10<08:30,  1.20s/it]
 35%|███▍      | 226/650 [04:11<07:38,  1.08s/it]
 35%|███▍      | 227/650 [04:11<07:01,  1.00it/s]
 35%|███▌      | 228/650 [04:12<06:35,  1.07it/s]
 35%|███▌      | 229/650 [04:13<06:17,  1.11it/s]
 35%|███▌      | 230/650 [04:14<06:04,  1.15it/s]
 36%|███▌      | 231/650 [04:15<05:55,  1.18it/s]
 36%|███▌      | 232/650 [04:15<05:48,  1.20it/s]
 36%|███▌      | 233/650 [04:16<05:44,  1.21it/s]
 36%|███▌      | 234/650 [04:17<05:33,  1.25it/s]
                                                 

 36%|███▌      | 234/650 [04:17<05:33,  1.25it/s]{'loss': 1.2095, 'grad_norm': 3.4113192558288574, 'learning_rate': 3.2000000000000005e-05, 'epoch': 18.0}


  0%|          | 0/26 [00:00<?, ?it/s][A

 19%|█▉        | 5/26 [00:00<00:00, 37.71it/s][A

 35%|███▍      | 9/26 [00:00<00:00, 33.18it/s][A

 50%|█████     | 13/26 [00:00<00:00, 31.80it/s][A

 65%|██████▌   | 17/26 [00:00<00:00, 31.12it/s][A

 81%|████████  | 21/26 [00:00<00:00, 30.76it/s][A

 96%|█████████▌| 25/26 [00:00<00:00, 30.54it/s][A

                                               
[A
                                                 

100%|██████████| 26/26 [00:00<00:00, 30.54it/s][A
 36%|███▌      | 234/650 [04:18<05:33,  1.25it/s]

                                               [A{'eval_loss': 1.2153124809265137, 'eval_macro_recall': 0.6469332048811818, 'eval_macro_precision': 0.6316338801819483, 'eval_macro_f1': 0.6143825891125687, 'eval_accuracy': 0.6646415552855407, 'eval_micro_recall': 0.6646415552855407, 'eval_micro_precision': 0.6646415552855407, 'eval_micro_f1': 0.6646415552855407, 'eval_runtime': 1.1349, 'eval_samples_per_second': 725.203, 'eval_steps_per_second': 22.91, 'epoch': 18.0}

 36%|███▌      | 235/650 [04:22<14:08,  2.05s/it]
 36%|███▋      | 236/650 [04:23<11:31,  1.67s/it]
 36%|███▋      | 237/650 [04:23<09:41,  1.41s/it]
 37%|███▋      | 238/650 [04:24<08:25,  1.23s/it]
 37%|███▋      | 239/650 [04:25<07:31,  1.10s/it]
 37%|███▋      | 240/650 [04:26<06:53,  1.01s/it]
 37%|███▋      | 241/650 [04:27<06:27,  1.06it/s]
 37%|███▋      | 242/650 [04:27<06:08,  1.11it/s]
 37%|███▋      | 243/650 [04:28<05:55,  1.15it/s]
 38%|███▊      | 244/650 [04:29<05:45,  1.17it/s]
 38%|███▊      | 245/650 [04:30<05:39,  1.19it/s]
 38%|███▊      | 246/650 [04:31<05:33,  1.21it/s]
 38%|███▊      | 247/650 [04:31<05:23,  1.25it/s]
                                                 

 38%|███▊      | 247/650 [04:31<05:23,  1.25it/s]{'loss': 1.1582, 'grad_norm': 3.2777230739593506, 'learning_rate': 3.1e-05, 'epoch': 19.0}


  0%|          | 0/26 [00:00<?, ?it/s][A

 19%|█▉        | 5/26 [00:00<00:00, 37.83it/s][A

 35%|███▍      | 9/26 [00:00<00:00, 33.19it/s][A

 50%|█████     | 13/26 [00:00<00:00, 31.79it/s][A

 65%|██████▌   | 17/26 [00:00<00:00, 31.15it/s][A

 81%|████████  | 21/26 [00:00<00:00, 30.77it/s][A

 96%|█████████▌| 25/26 [00:00<00:00, 30.55it/s][A

                                               
[A
                                                 

100%|██████████| 26/26 [00:00<00:00, 30.55it/s][A
 38%|███▊      | 247/650 [04:33<05:23,  1.25it/s]

                                               [A{'eval_loss': 1.168516993522644, 'eval_macro_recall': 0.656040890633914, 'eval_macro_precision': 0.6359421637114415, 'eval_macro_f1': 0.6235508386613445, 'eval_accuracy': 0.6707168894289186, 'eval_micro_recall': 0.6707168894289186, 'eval_micro_precision': 0.6707168894289186, 'eval_micro_f1': 0.6707168894289186, 'eval_runtime': 1.1404, 'eval_samples_per_second': 721.707, 'eval_steps_per_second': 22.8, 'epoch': 19.0}

 38%|███▊      | 248/650 [04:36<13:26,  2.01s/it]
 38%|███▊      | 249/650 [04:37<10:59,  1.65s/it]
 38%|███▊      | 250/650 [04:38<09:16,  1.39s/it]
 39%|███▊      | 251/650 [04:39<08:04,  1.21s/it]
 39%|███▉      | 252/650 [04:39<07:13,  1.09s/it]
 39%|███▉      | 253/650 [04:40<06:38,  1.00s/it]
 39%|███▉      | 254/650 [04:41<06:13,  1.06it/s]
 39%|███▉      | 255/650 [04:42<05:55,  1.11it/s]
 39%|███▉      | 256/650 [04:43<05:42,  1.15it/s]
 40%|███▉      | 257/650 [04:43<05:33,  1.18it/s]
 40%|███▉      | 258/650 [04:44<05:26,  1.20it/s]
 40%|███▉      | 259/650 [04:45<05:22,  1.21it/s]
 40%|████      | 260/650 [04:46<05:13,  1.24it/s]
                                                 

 40%|████      | 260/650 [04:46<05:13,  1.24it/s]{'loss': 1.101, 'grad_norm': 2.7059261798858643, 'learning_rate': 3e-05, 'epoch': 20.0}


  0%|          | 0/26 [00:00<?, ?it/s][A

 19%|█▉        | 5/26 [00:00<00:00, 38.03it/s][A

 35%|███▍      | 9/26 [00:00<00:00, 33.31it/s][A

 50%|█████     | 13/26 [00:00<00:00, 31.95it/s][A

 65%|██████▌   | 17/26 [00:00<00:00, 31.25it/s][A

 81%|████████  | 21/26 [00:00<00:00, 30.85it/s][A

 96%|█████████▌| 25/26 [00:00<00:00, 30.65it/s][A

                                               
[A
                                                 

100%|██████████| 26/26 [00:00<00:00, 30.65it/s][A
 40%|████      | 260/650 [04:47<05:13,  1.24it/s]

                                               [A{'eval_loss': 1.127685308456421, 'eval_macro_recall': 0.6740817644887412, 'eval_macro_precision': 0.6548776744966077, 'eval_macro_f1': 0.6418000528543764, 'eval_accuracy': 0.6865127582017011, 'eval_micro_recall': 0.6865127582017011, 'eval_micro_precision': 0.6865127582017011, 'eval_micro_f1': 0.6865127582017011, 'eval_runtime': 1.1322, 'eval_samples_per_second': 726.898, 'eval_steps_per_second': 22.964, 'epoch': 20.0}

 40%|████      | 261/650 [04:51<13:03,  2.01s/it]
 40%|████      | 262/650 [04:51<10:39,  1.65s/it]
 40%|████      | 263/650 [04:52<08:59,  1.39s/it]
 41%|████      | 264/650 [04:53<07:49,  1.22s/it]
 41%|████      | 265/650 [04:54<07:00,  1.09s/it]
 41%|████      | 266/650 [04:55<06:25,  1.00s/it]
 41%|████      | 267/650 [04:55<06:01,  1.06it/s]
 41%|████      | 268/650 [04:56<05:44,  1.11it/s]
 41%|████▏     | 269/650 [04:57<05:32,  1.15it/s]
 42%|████▏     | 270/650 [04:58<05:23,  1.18it/s]
 42%|████▏     | 271/650 [04:59<05:17,  1.20it/s]
 42%|████▏     | 272/650 [04:59<05:12,  1.21it/s]
 42%|████▏     | 273/650 [05:00<05:02,  1.25it/s]
                                                 

 42%|████▏     | 273/650 [05:00<05:02,  1.25it/s]{'loss': 1.0539, 'grad_norm': 2.9777562618255615, 'learning_rate': 2.9e-05, 'epoch': 21.0}


  0%|          | 0/26 [00:00<?, ?it/s][A

 19%|█▉        | 5/26 [00:00<00:00, 37.84it/s][A

 35%|███▍      | 9/26 [00:00<00:00, 33.32it/s][A

 50%|█████     | 13/26 [00:00<00:00, 31.87it/s][A

 65%|██████▌   | 17/26 [00:00<00:00, 31.24it/s][A

 81%|████████  | 21/26 [00:00<00:00, 30.87it/s][A

 96%|█████████▌| 25/26 [00:00<00:00, 30.63it/s][A

                                               
[A
                                                 

100%|██████████| 26/26 [00:00<00:00, 30.63it/s][A
 42%|████▏     | 273/650 [05:01<05:02,  1.25it/s]

                                               [A{'eval_loss': 1.09437894821167, 'eval_macro_recall': 0.6838132152085641, 'eval_macro_precision': 0.6590725855944735, 'eval_macro_f1': 0.650463574113585, 'eval_accuracy': 0.6828675577156743, 'eval_micro_recall': 0.6828675577156743, 'eval_micro_precision': 0.6828675577156743, 'eval_micro_f1': 0.6828675577156743, 'eval_runtime': 1.1144, 'eval_samples_per_second': 738.502, 'eval_steps_per_second': 23.331, 'epoch': 21.0}

 42%|████▏     | 274/650 [05:05<12:14,  1.95s/it]
 42%|████▏     | 275/650 [05:06<10:02,  1.61s/it]
 42%|████▏     | 276/650 [05:06<08:30,  1.37s/it]
 43%|████▎     | 277/650 [05:07<07:26,  1.20s/it]
 43%|████▎     | 278/650 [05:08<06:40,  1.08s/it]
 43%|████▎     | 279/650 [05:09<06:08,  1.01it/s]
 43%|████▎     | 280/650 [05:10<05:46,  1.07it/s]
 43%|████▎     | 281/650 [05:10<05:30,  1.12it/s]
 43%|████▎     | 282/650 [05:11<05:19,  1.15it/s]
 44%|████▎     | 283/650 [05:12<05:11,  1.18it/s]
 44%|████▎     | 284/650 [05:13<05:05,  1.20it/s]
 44%|████▍     | 285/650 [05:14<05:00,  1.21it/s]
 44%|████▍     | 286/650 [05:14<04:51,  1.25it/s]
                                                 

 44%|████▍     | 286/650 [05:14<04:51,  1.25it/s]{'loss': 1.0175, 'grad_norm': 3.4173991680145264, 'learning_rate': 2.8000000000000003e-05, 'epoch': 22.0}


  0%|          | 0/26 [00:00<?, ?it/s][A

 19%|█▉        | 5/26 [00:00<00:00, 37.89it/s][A

 35%|███▍      | 9/26 [00:00<00:00, 33.22it/s][A

 50%|█████     | 13/26 [00:00<00:00, 31.76it/s][A

 65%|██████▌   | 17/26 [00:00<00:00, 31.06it/s][A

 81%|████████  | 21/26 [00:00<00:00, 30.72it/s][A

 96%|█████████▌| 25/26 [00:00<00:00, 30.52it/s][A

                                               
[A
                                                 

100%|██████████| 26/26 [00:00<00:00, 30.52it/s][A
 44%|████▍     | 286/650 [05:16<04:51,  1.25it/s]

                                               [A{'eval_loss': 1.0894688367843628, 'eval_macro_recall': 0.6823320413436693, 'eval_macro_precision': 0.6621754448107489, 'eval_macro_f1': 0.6515887509401354, 'eval_accuracy': 0.6865127582017011, 'eval_micro_recall': 0.6865127582017011, 'eval_micro_precision': 0.6865127582017011, 'eval_micro_f1': 0.6865127582017011, 'eval_runtime': 1.1229, 'eval_samples_per_second': 732.911, 'eval_steps_per_second': 23.154, 'epoch': 22.0}

 44%|████▍     | 287/650 [05:19<12:02,  1.99s/it]
 44%|████▍     | 288/650 [05:20<09:50,  1.63s/it]
 44%|████▍     | 289/650 [05:21<08:19,  1.38s/it]
 45%|████▍     | 290/650 [05:22<07:14,  1.21s/it]
 45%|████▍     | 291/650 [05:22<06:29,  1.09s/it]
 45%|████▍     | 292/650 [05:23<05:58,  1.00s/it]
 45%|████▌     | 293/650 [05:24<05:36,  1.06it/s]
 45%|████▌     | 294/650 [05:25<05:20,  1.11it/s]
 45%|████▌     | 295/650 [05:26<05:08,  1.15it/s]
 46%|████▌     | 296/650 [05:26<05:01,  1.18it/s]
 46%|████▌     | 297/650 [05:27<04:54,  1.20it/s]
 46%|████▌     | 298/650 [05:28<04:50,  1.21it/s]
 46%|████▌     | 299/650 [05:29<04:40,  1.25it/s]
                                                 

 46%|████▌     | 299/650 [05:29<04:40,  1.25it/s]{'loss': 0.993, 'grad_norm': 3.379695415496826, 'learning_rate': 2.7000000000000002e-05, 'epoch': 23.0}


  0%|          | 0/26 [00:00<?, ?it/s][A

 19%|█▉        | 5/26 [00:00<00:00, 37.76it/s][A

 35%|███▍      | 9/26 [00:00<00:00, 33.17it/s][A

 50%|█████     | 13/26 [00:00<00:00, 31.80it/s][A

 65%|██████▌   | 17/26 [00:00<00:00, 31.13it/s][A

 81%|████████  | 21/26 [00:00<00:00, 30.74it/s][A

 96%|█████████▌| 25/26 [00:00<00:00, 30.55it/s][A

                                               
[A
                                                 

100%|██████████| 26/26 [00:00<00:00, 30.55it/s][A
 46%|████▌     | 299/650 [05:30<04:40,  1.25it/s]

                                               [A{'eval_loss': 1.046180248260498, 'eval_macro_recall': 0.6894667186818351, 'eval_macro_precision': 0.669553429942712, 'eval_macro_f1': 0.6566852187598015, 'eval_accuracy': 0.6950182260024301, 'eval_micro_recall': 0.6950182260024301, 'eval_micro_precision': 0.6950182260024301, 'eval_micro_f1': 0.6950182260024301, 'eval_runtime': 1.1449, 'eval_samples_per_second': 718.839, 'eval_steps_per_second': 22.709, 'epoch': 23.0}

 46%|████▌     | 300/650 [05:33<11:29,  1.97s/it]
 46%|████▋     | 301/650 [05:34<09:24,  1.62s/it]
 46%|████▋     | 302/650 [05:35<07:57,  1.37s/it]
 47%|████▋     | 303/650 [05:36<06:56,  1.20s/it]
 47%|████▋     | 304/650 [05:37<06:13,  1.08s/it]
 47%|████▋     | 305/650 [05:37<05:43,  1.00it/s]
 47%|████▋     | 306/650 [05:38<05:22,  1.07it/s]
 47%|████▋     | 307/650 [05:39<05:07,  1.12it/s]
 47%|████▋     | 308/650 [05:40<04:56,  1.15it/s]
 48%|████▊     | 309/650 [05:41<04:49,  1.18it/s]
 48%|████▊     | 310/650 [05:41<04:43,  1.20it/s]
 48%|████▊     | 311/650 [05:42<04:39,  1.21it/s]
 48%|████▊     | 312/650 [05:43<04:30,  1.25it/s]
                                                 

 48%|████▊     | 312/650 [05:43<04:30,  1.25it/s]{'loss': 0.9613, 'grad_norm': 3.192770004272461, 'learning_rate': 2.6000000000000002e-05, 'epoch': 24.0}


  0%|          | 0/26 [00:00<?, ?it/s][A

 19%|█▉        | 5/26 [00:00<00:00, 38.05it/s][A

 35%|███▍      | 9/26 [00:00<00:00, 33.35it/s][A

 50%|█████     | 13/26 [00:00<00:00, 31.96it/s][A

 65%|██████▌   | 17/26 [00:00<00:00, 31.27it/s][A

 81%|████████  | 21/26 [00:00<00:00, 30.89it/s][A

 96%|█████████▌| 25/26 [00:00<00:00, 30.67it/s][A

                                               
[A
                                                 

100%|██████████| 26/26 [00:00<00:00, 30.67it/s][A
 48%|████▊     | 312/650 [05:44<04:30,  1.25it/s]

                                               [A{'eval_loss': 1.0337412357330322, 'eval_macro_recall': 0.6819716571161658, 'eval_macro_precision': 0.6658165694292861, 'eval_macro_f1': 0.6565394527754717, 'eval_accuracy': 0.692588092345079, 'eval_micro_recall': 0.692588092345079, 'eval_micro_precision': 0.692588092345079, 'eval_micro_f1': 0.692588092345079, 'eval_runtime': 1.1408, 'eval_samples_per_second': 721.417, 'eval_steps_per_second': 22.791, 'epoch': 24.0}

 48%|████▊     | 313/650 [05:48<11:15,  2.00s/it]
 48%|████▊     | 314/650 [05:49<09:11,  1.64s/it]
 48%|████▊     | 315/650 [05:49<07:45,  1.39s/it]
 49%|████▊     | 316/650 [05:50<06:44,  1.21s/it]
 49%|████▉     | 317/650 [05:51<06:02,  1.09s/it]
 49%|████▉     | 318/650 [05:52<05:33,  1.00s/it]
 49%|████▉     | 319/650 [05:53<05:12,  1.06it/s]
 49%|████▉     | 320/650 [05:53<04:57,  1.11it/s]
 49%|████▉     | 321/650 [05:54<04:46,  1.15it/s]
 50%|████▉     | 322/650 [05:55<04:38,  1.18it/s]
 50%|████▉     | 323/650 [05:56<04:32,  1.20it/s]
 50%|████▉     | 324/650 [05:57<04:28,  1.21it/s]
 50%|█████     | 325/650 [05:57<04:21,  1.24it/s]
                                                 

 50%|█████     | 325/650 [05:57<04:21,  1.24it/s]{'loss': 0.9256, 'grad_norm': 2.686169147491455, 'learning_rate': 2.5e-05, 'epoch': 25.0}


  0%|          | 0/26 [00:00<?, ?it/s][A

 19%|█▉        | 5/26 [00:00<00:00, 38.00it/s][A

 35%|███▍      | 9/26 [00:00<00:00, 33.39it/s][A

 50%|█████     | 13/26 [00:00<00:00, 31.94it/s][A

 65%|██████▌   | 17/26 [00:00<00:00, 31.26it/s][A

 81%|████████  | 21/26 [00:00<00:00, 30.91it/s][A

 96%|█████████▌| 25/26 [00:00<00:00, 30.67it/s][A

                                               
[A
                                                 

100%|██████████| 26/26 [00:00<00:00, 30.67it/s][A
 50%|█████     | 325/650 [05:59<04:21,  1.24it/s]

                                               [A{'eval_loss': 1.007248878479004, 'eval_macro_recall': 0.6848388926423609, 'eval_macro_precision': 0.6667232008822617, 'eval_macro_f1': 0.6605319935927584, 'eval_accuracy': 0.6950182260024301, 'eval_micro_recall': 0.6950182260024301, 'eval_micro_precision': 0.6950182260024301, 'eval_micro_f1': 0.6950182260024301, 'eval_runtime': 1.1329, 'eval_samples_per_second': 726.459, 'eval_steps_per_second': 22.95, 'epoch': 25.0}

 50%|█████     | 326/650 [06:02<10:54,  2.02s/it]
 50%|█████     | 327/650 [06:03<08:54,  1.65s/it]
 50%|█████     | 328/650 [06:04<07:30,  1.40s/it]
 51%|█████     | 329/650 [06:05<06:31,  1.22s/it]
 51%|█████     | 330/650 [06:05<05:49,  1.09s/it]
 51%|█████     | 331/650 [06:06<05:20,  1.00s/it]
 51%|█████     | 332/650 [06:07<05:00,  1.06it/s]
 51%|█████     | 333/650 [06:08<04:46,  1.11it/s]
 51%|█████▏    | 334/650 [06:09<04:35,  1.15it/s]
 52%|█████▏    | 335/650 [06:09<04:27,  1.18it/s]
 52%|█████▏    | 336/650 [06:10<04:22,  1.20it/s]
 52%|█████▏    | 337/650 [06:11<04:18,  1.21it/s]
 52%|█████▏    | 338/650 [06:12<04:14,  1.23it/s]
                                                 

 52%|█████▏    | 338/650 [06:12<04:14,  1.23it/s]{'loss': 0.8974, 'grad_norm': 3.085066795349121, 'learning_rate': 2.4e-05, 'epoch': 26.0}


  0%|          | 0/26 [00:00<?, ?it/s][A

 19%|█▉        | 5/26 [00:00<00:00, 38.12it/s][A

 35%|███▍      | 9/26 [00:00<00:00, 33.40it/s][A

 50%|█████     | 13/26 [00:00<00:00, 31.96it/s][A

 65%|██████▌   | 17/26 [00:00<00:00, 31.34it/s][A

 81%|████████  | 21/26 [00:00<00:00, 30.98it/s][A

 96%|█████████▌| 25/26 [00:00<00:00, 30.75it/s][A

                                               
[A
                                                 

100%|██████████| 26/26 [00:01<00:00, 30.75it/s][A
 52%|█████▏    | 338/650 [06:13<04:14,  1.23it/s]

                                               [A{'eval_loss': 1.006338119506836, 'eval_macro_recall': 0.6879930602473957, 'eval_macro_precision': 0.6766546876373466, 'eval_macro_f1': 0.6602178399208395, 'eval_accuracy': 0.6950182260024301, 'eval_micro_recall': 0.6950182260024301, 'eval_micro_precision': 0.6950182260024301, 'eval_micro_f1': 0.6950182260024301, 'eval_runtime': 1.1077, 'eval_samples_per_second': 743.006, 'eval_steps_per_second': 23.473, 'epoch': 26.0}

 52%|█████▏    | 339/650 [06:17<10:52,  2.10s/it]
 52%|█████▏    | 340/650 [06:18<08:49,  1.71s/it]
 52%|█████▏    | 341/650 [06:18<07:23,  1.44s/it]
 53%|█████▎    | 342/650 [06:19<06:23,  1.25s/it]
 53%|█████▎    | 343/650 [06:20<05:41,  1.11s/it]
 53%|█████▎    | 344/650 [06:21<05:11,  1.02s/it]
 53%|█████▎    | 345/650 [06:22<04:50,  1.05it/s]
 53%|█████▎    | 346/650 [06:22<04:35,  1.10it/s]
 53%|█████▎    | 347/650 [06:23<04:25,  1.14it/s]
 54%|█████▎    | 348/650 [06:24<04:17,  1.17it/s]
 54%|█████▎    | 349/650 [06:25<04:12,  1.19it/s]
 54%|█████▍    | 350/650 [06:26<04:08,  1.21it/s]
 54%|█████▍    | 351/650 [06:26<04:03,  1.23it/s]
                                                 

 54%|█████▍    | 351/650 [06:27<04:03,  1.23it/s]{'loss': 0.8798, 'grad_norm': 2.725839853286743, 'learning_rate': 2.3000000000000003e-05, 'epoch': 27.0}


  0%|          | 0/26 [00:00<?, ?it/s][A

 19%|█▉        | 5/26 [00:00<00:00, 37.80it/s][A

 35%|███▍      | 9/26 [00:00<00:00, 33.25it/s][A

 50%|█████     | 13/26 [00:00<00:00, 31.88it/s][A

 65%|██████▌   | 17/26 [00:00<00:00, 31.24it/s][A

 81%|████████  | 21/26 [00:00<00:00, 30.94it/s][A

 96%|█████████▌| 25/26 [00:00<00:00, 30.72it/s][A

                                               
[A
                                                 

100%|██████████| 26/26 [00:00<00:00, 30.72it/s][A
 54%|█████▍    | 351/650 [06:28<04:03,  1.23it/s]

                                               [A{'eval_loss': 0.9743121266365051, 'eval_macro_recall': 0.6819512215465973, 'eval_macro_precision': 0.663296793864842, 'eval_macro_f1': 0.6569992324008237, 'eval_accuracy': 0.701093560145808, 'eval_micro_recall': 0.701093560145808, 'eval_micro_precision': 0.701093560145808, 'eval_micro_f1': 0.701093560145808, 'eval_runtime': 1.1062, 'eval_samples_per_second': 743.979, 'eval_steps_per_second': 23.504, 'epoch': 27.0}

 54%|█████▍    | 352/650 [06:32<10:24,  2.09s/it]
 54%|█████▍    | 353/650 [06:32<08:26,  1.71s/it]
 54%|█████▍    | 354/650 [06:33<07:04,  1.43s/it]
 55%|█████▍    | 355/650 [06:34<06:07,  1.24s/it]
 55%|█████▍    | 356/650 [06:35<05:26,  1.11s/it]
 55%|█████▍    | 357/650 [06:36<04:57,  1.02s/it]
 55%|█████▌    | 358/650 [06:36<04:37,  1.05it/s]
 55%|█████▌    | 359/650 [06:37<04:23,  1.10it/s]
 55%|█████▌    | 360/650 [06:38<04:13,  1.14it/s]
 56%|█████▌    | 361/650 [06:39<04:06,  1.17it/s]
 56%|█████▌    | 362/650 [06:40<04:00,  1.20it/s]
 56%|█████▌    | 363/650 [06:40<03:56,  1.21it/s]
 56%|█████▌    | 364/650 [06:41<03:49,  1.24it/s]
                                                 

 56%|█████▌    | 364/650 [06:41<03:49,  1.24it/s]{'loss': 0.8521, 'grad_norm': 2.9897537231445312, 'learning_rate': 2.2000000000000003e-05, 'epoch': 28.0}


  0%|          | 0/26 [00:00<?, ?it/s][A

 19%|█▉        | 5/26 [00:00<00:00, 38.09it/s][A

 35%|███▍      | 9/26 [00:00<00:00, 33.38it/s][A

 50%|█████     | 13/26 [00:00<00:00, 32.02it/s][A

 65%|██████▌   | 17/26 [00:00<00:00, 31.35it/s][A

 81%|████████  | 21/26 [00:00<00:00, 30.94it/s][A

 96%|█████████▌| 25/26 [00:00<00:00, 30.72it/s][A

                                               
[A
                                                 

100%|██████████| 26/26 [00:00<00:00, 30.72it/s][A
 56%|█████▌    | 364/650 [06:42<03:49,  1.24it/s]

                                               [A{'eval_loss': 0.9782124757766724, 'eval_macro_recall': 0.6824441775308828, 'eval_macro_precision': 0.6592814239459126, 'eval_macro_f1': 0.6554052097735865, 'eval_accuracy': 0.692588092345079, 'eval_micro_recall': 0.692588092345079, 'eval_micro_precision': 0.692588092345079, 'eval_micro_f1': 0.692588092345079, 'eval_runtime': 1.1193, 'eval_samples_per_second': 735.31, 'eval_steps_per_second': 23.23, 'epoch': 28.0}

 56%|█████▌    | 365/650 [06:46<09:22,  1.97s/it]
 56%|█████▋    | 366/650 [06:47<07:40,  1.62s/it]
 56%|█████▋    | 367/650 [06:47<06:29,  1.37s/it]
 57%|█████▋    | 368/650 [06:48<05:38,  1.20s/it]
 57%|█████▋    | 369/650 [06:49<05:03,  1.08s/it]
 57%|█████▋    | 370/650 [06:50<04:39,  1.00it/s]
 57%|█████▋    | 371/650 [06:51<04:21,  1.07it/s]
 57%|█████▋    | 372/650 [06:51<04:09,  1.11it/s]
 57%|█████▋    | 373/650 [06:52<04:00,  1.15it/s]
 58%|█████▊    | 374/650 [06:53<03:53,  1.18it/s]
 58%|█████▊    | 375/650 [06:54<03:48,  1.20it/s]
 58%|█████▊    | 376/650 [06:55<03:45,  1.21it/s]
 58%|█████▊    | 377/650 [06:55<03:38,  1.25it/s]
                                                 

 58%|█████▊    | 377/650 [06:55<03:38,  1.25it/s]{'loss': 0.837, 'grad_norm': 2.631441354751587, 'learning_rate': 2.1e-05, 'epoch': 29.0}


  0%|          | 0/26 [00:00<?, ?it/s][A

 19%|█▉        | 5/26 [00:00<00:00, 38.32it/s][A

 35%|███▍      | 9/26 [00:00<00:00, 33.62it/s][A

 50%|█████     | 13/26 [00:00<00:00, 32.21it/s][A

 65%|██████▌   | 17/26 [00:00<00:00, 31.52it/s][A

 81%|████████  | 21/26 [00:00<00:00, 31.17it/s][A

 96%|█████████▌| 25/26 [00:00<00:00, 30.92it/s][A

                                               
[A
                                                 

100%|██████████| 26/26 [00:00<00:00, 30.92it/s][A
 58%|█████▊    | 377/650 [06:57<03:38,  1.25it/s]

                                               [A{'eval_loss': 0.9603931307792664, 'eval_macro_recall': 0.6888163217642987, 'eval_macro_precision': 0.6743799624624613, 'eval_macro_f1': 0.6618917073196054, 'eval_accuracy': 0.6962332928311057, 'eval_micro_recall': 0.6962332928311057, 'eval_micro_precision': 0.6962332928311057, 'eval_micro_f1': 0.6962332928311057, 'eval_runtime': 1.112, 'eval_samples_per_second': 740.085, 'eval_steps_per_second': 23.381, 'epoch': 29.0}

 58%|█████▊    | 378/650 [07:00<09:04,  2.00s/it]
 58%|█████▊    | 379/650 [07:01<07:24,  1.64s/it]
 58%|█████▊    | 380/650 [07:02<06:14,  1.39s/it]
 59%|█████▊    | 381/650 [07:03<05:25,  1.21s/it]
 59%|█████▉    | 382/650 [07:03<04:51,  1.09s/it]
 59%|█████▉    | 383/650 [07:04<04:27,  1.00s/it]
 59%|█████▉    | 384/650 [07:05<04:10,  1.06it/s]
 59%|█████▉    | 385/650 [07:06<03:58,  1.11it/s]
 59%|█████▉    | 386/650 [07:07<03:49,  1.15it/s]
 60%|█████▉    | 387/650 [07:07<03:43,  1.18it/s]
 60%|█████▉    | 388/650 [07:08<03:38,  1.20it/s]
 60%|█████▉    | 389/650 [07:09<03:35,  1.21it/s]
 60%|██████    | 390/650 [07:10<03:30,  1.24it/s]
                                                 

 60%|██████    | 390/650 [07:10<03:30,  1.24it/s]{'loss': 0.8164, 'grad_norm': 2.5995707511901855, 'learning_rate': 2e-05, 'epoch': 30.0}


  0%|          | 0/26 [00:00<?, ?it/s][A

 19%|█▉        | 5/26 [00:00<00:00, 38.20it/s][A

 35%|███▍      | 9/26 [00:00<00:00, 33.60it/s][A

 50%|█████     | 13/26 [00:00<00:00, 32.11it/s][A

 65%|██████▌   | 17/26 [00:00<00:00, 31.48it/s][A

 81%|████████  | 21/26 [00:00<00:00, 31.12it/s][A

 96%|█████████▌| 25/26 [00:00<00:00, 30.92it/s][A

                                               
[A
                                                 

100%|██████████| 26/26 [00:00<00:00, 30.92it/s][A
 60%|██████    | 390/650 [07:11<03:30,  1.24it/s]

                                               [A{'eval_loss': 0.9541119337081909, 'eval_macro_recall': 0.6883175609919796, 'eval_macro_precision': 0.6812338738764175, 'eval_macro_f1': 0.662354028910341, 'eval_accuracy': 0.6974483596597812, 'eval_micro_recall': 0.6974483596597812, 'eval_micro_precision': 0.6974483596597812, 'eval_micro_f1': 0.6974483596597812, 'eval_runtime': 1.1342, 'eval_samples_per_second': 725.593, 'eval_steps_per_second': 22.923, 'epoch': 30.0}

 60%|██████    | 391/650 [07:14<08:35,  1.99s/it]
 60%|██████    | 392/650 [07:15<07:01,  1.63s/it]
 60%|██████    | 393/650 [07:16<05:55,  1.38s/it]
 61%|██████    | 394/650 [07:17<05:09,  1.21s/it]
 61%|██████    | 395/650 [07:18<04:36,  1.08s/it]
 61%|██████    | 396/650 [07:18<04:13,  1.00it/s]
 61%|██████    | 397/650 [07:19<03:57,  1.06it/s]
 61%|██████    | 398/650 [07:20<03:46,  1.11it/s]
 61%|██████▏   | 399/650 [07:21<03:37,  1.15it/s]
 62%|██████▏   | 400/650 [07:22<03:31,  1.18it/s]
 62%|██████▏   | 401/650 [07:22<03:27,  1.20it/s]
 62%|██████▏   | 402/650 [07:23<03:24,  1.21it/s]
 62%|██████▏   | 403/650 [07:24<03:19,  1.24it/s]
                                                 

 62%|██████▏   | 403/650 [07:24<03:19,  1.24it/s]{'loss': 0.8046, 'grad_norm': 3.1812713146209717, 'learning_rate': 1.9e-05, 'epoch': 31.0}


  0%|          | 0/26 [00:00<?, ?it/s][A

 19%|█▉        | 5/26 [00:00<00:00, 37.99it/s][A

 35%|███▍      | 9/26 [00:00<00:00, 33.39it/s][A

 50%|█████     | 13/26 [00:00<00:00, 31.91it/s][A

 65%|██████▌   | 17/26 [00:00<00:00, 31.30it/s][A

 81%|████████  | 21/26 [00:00<00:00, 30.92it/s][A

 96%|█████████▌| 25/26 [00:00<00:00, 30.70it/s][A

                                               
[A
                                                 

100%|██████████| 26/26 [00:00<00:00, 30.70it/s][A
 62%|██████▏   | 403/650 [07:25<03:19,  1.24it/s]

                                               [A{'eval_loss': 0.9474447965621948, 'eval_macro_recall': 0.687674849235543, 'eval_macro_precision': 0.6710241500026027, 'eval_macro_f1': 0.660781587006833, 'eval_accuracy': 0.6962332928311057, 'eval_micro_recall': 0.6962332928311057, 'eval_micro_precision': 0.6962332928311057, 'eval_micro_f1': 0.6962332928311057, 'eval_runtime': 1.1388, 'eval_samples_per_second': 722.712, 'eval_steps_per_second': 22.832, 'epoch': 31.0}

 62%|██████▏   | 404/650 [07:29<08:11,  2.00s/it]
 62%|██████▏   | 405/650 [07:30<06:41,  1.64s/it]
 62%|██████▏   | 406/650 [07:30<05:38,  1.39s/it]
 63%|██████▎   | 407/650 [07:31<04:54,  1.21s/it]
 63%|██████▎   | 408/650 [07:32<04:23,  1.09s/it]
 63%|██████▎   | 409/650 [07:33<04:01,  1.00s/it]
 63%|██████▎   | 410/650 [07:34<03:45,  1.06it/s]
 63%|██████▎   | 411/650 [07:34<03:34,  1.11it/s]
 63%|██████▎   | 412/650 [07:35<03:26,  1.15it/s]
 64%|██████▎   | 413/650 [07:36<03:21,  1.18it/s]
 64%|██████▎   | 414/650 [07:37<03:16,  1.20it/s]
 64%|██████▍   | 415/650 [07:38<03:13,  1.21it/s]
 64%|██████▍   | 416/650 [07:38<03:07,  1.25it/s]
                                                 

 64%|██████▍   | 416/650 [07:38<03:07,  1.25it/s]{'loss': 0.7864, 'grad_norm': 2.4540822505950928, 'learning_rate': 1.8e-05, 'epoch': 32.0}


  0%|          | 0/26 [00:00<?, ?it/s][A

 19%|█▉        | 5/26 [00:00<00:00, 37.76it/s][A

 35%|███▍      | 9/26 [00:00<00:00, 33.14it/s][A

 50%|█████     | 13/26 [00:00<00:00, 31.74it/s][A

 65%|██████▌   | 17/26 [00:00<00:00, 31.09it/s][A

 81%|████████  | 21/26 [00:00<00:00, 30.73it/s][A

 96%|█████████▌| 25/26 [00:00<00:00, 30.57it/s][A

                                               
[A
                                                 

100%|██████████| 26/26 [00:00<00:00, 30.57it/s][A
 64%|██████▍   | 416/650 [07:40<03:07,  1.25it/s]

                                               [A{'eval_loss': 0.9341683387756348, 'eval_macro_recall': 0.6897275813460784, 'eval_macro_precision': 0.6836520061134702, 'eval_macro_f1': 0.6681914676837183, 'eval_accuracy': 0.7059538274605103, 'eval_micro_recall': 0.7059538274605103, 'eval_micro_precision': 0.7059538274605103, 'eval_micro_f1': 0.7059538274605103, 'eval_runtime': 1.1593, 'eval_samples_per_second': 709.913, 'eval_steps_per_second': 22.427, 'epoch': 32.0}

 64%|██████▍   | 417/650 [07:43<07:48,  2.01s/it]
 64%|██████▍   | 418/650 [07:44<06:22,  1.65s/it]
 64%|██████▍   | 419/650 [07:45<05:21,  1.39s/it]
 65%|██████▍   | 420/650 [07:46<04:39,  1.22s/it]
 65%|██████▍   | 421/650 [07:46<04:09,  1.09s/it]
 65%|██████▍   | 422/650 [07:47<03:48,  1.00s/it]
 65%|██████▌   | 423/650 [07:48<03:33,  1.06it/s]
 65%|██████▌   | 424/650 [07:49<03:23,  1.11it/s]
 65%|██████▌   | 425/650 [07:50<03:15,  1.15it/s]
 66%|██████▌   | 426/650 [07:50<03:10,  1.18it/s]
 66%|██████▌   | 427/650 [07:51<03:05,  1.20it/s]
 66%|██████▌   | 428/650 [07:52<03:03,  1.21it/s]
 66%|██████▌   | 429/650 [07:53<02:56,  1.25it/s]
                                                 

 66%|██████▌   | 429/650 [07:53<02:56,  1.25it/s]{'loss': 0.7735, 'grad_norm': 2.304173707962036, 'learning_rate': 1.7000000000000003e-05, 'epoch': 33.0}


  0%|          | 0/26 [00:00<?, ?it/s][A

 19%|█▉        | 5/26 [00:00<00:00, 37.94it/s][A

 35%|███▍      | 9/26 [00:00<00:00, 33.48it/s][A

 50%|█████     | 13/26 [00:00<00:00, 32.09it/s][A

 65%|██████▌   | 17/26 [00:00<00:00, 31.42it/s][A

 81%|████████  | 21/26 [00:00<00:00, 31.09it/s][A

 96%|█████████▌| 25/26 [00:00<00:00, 30.88it/s][A

                                               
[A
                                                 

100%|██████████| 26/26 [00:00<00:00, 30.88it/s][A
 66%|██████▌   | 429/650 [07:54<02:56,  1.25it/s]

                                               [A{'eval_loss': 0.9273460507392883, 'eval_macro_recall': 0.6959235209235209, 'eval_macro_precision': 0.6911822682776441, 'eval_macro_f1': 0.6766700107133862, 'eval_accuracy': 0.7095990279465371, 'eval_micro_recall': 0.7095990279465371, 'eval_micro_precision': 0.7095990279465371, 'eval_micro_f1': 0.7095990279465371, 'eval_runtime': 1.1341, 'eval_samples_per_second': 725.688, 'eval_steps_per_second': 22.926, 'epoch': 33.0}

 66%|██████▌   | 430/650 [07:58<07:17,  1.99s/it]
 66%|██████▋   | 431/650 [07:58<05:57,  1.63s/it]
 66%|██████▋   | 432/650 [07:59<05:01,  1.38s/it]
 67%|██████▋   | 433/650 [08:00<04:21,  1.21s/it]
 67%|██████▋   | 434/650 [08:01<03:54,  1.09s/it]
 67%|██████▋   | 435/650 [08:02<03:34,  1.00it/s]
 67%|██████▋   | 436/650 [08:02<03:21,  1.06it/s]
 67%|██████▋   | 437/650 [08:03<03:11,  1.11it/s]
 67%|██████▋   | 438/650 [08:04<03:04,  1.15it/s]
 68%|██████▊   | 439/650 [08:05<02:59,  1.18it/s]
 68%|██████▊   | 440/650 [08:06<02:54,  1.20it/s]
 68%|██████▊   | 441/650 [08:06<02:52,  1.21it/s]
 68%|██████▊   | 442/650 [08:07<02:48,  1.24it/s]
                                                 

 68%|██████▊   | 442/650 [08:07<02:48,  1.24it/s]{'loss': 0.7578, 'grad_norm': 2.8426578044891357, 'learning_rate': 1.6000000000000003e-05, 'epoch': 34.0}


  0%|          | 0/26 [00:00<?, ?it/s][A

 19%|█▉        | 5/26 [00:00<00:00, 38.12it/s][A

 35%|███▍      | 9/26 [00:00<00:00, 33.54it/s][A

 50%|█████     | 13/26 [00:00<00:00, 32.12it/s][A

 65%|██████▌   | 17/26 [00:00<00:00, 31.46it/s][A

 81%|████████  | 21/26 [00:00<00:00, 31.09it/s][A

 96%|█████████▌| 25/26 [00:00<00:00, 30.87it/s][A

                                               
[A
                                                 

100%|██████████| 26/26 [00:00<00:00, 30.87it/s][A
 68%|██████▊   | 442/650 [08:08<02:48,  1.24it/s]

                                               [A{'eval_loss': 0.9246415495872498, 'eval_macro_recall': 0.7009375338855107, 'eval_macro_precision': 0.6910782128312318, 'eval_macro_f1': 0.6787100363625627, 'eval_accuracy': 0.7132442284325637, 'eval_micro_recall': 0.7132442284325637, 'eval_micro_precision': 0.7132442284325637, 'eval_micro_f1': 0.7132442284325637, 'eval_runtime': 1.1343, 'eval_samples_per_second': 725.552, 'eval_steps_per_second': 22.921, 'epoch': 34.0}

 68%|██████▊   | 443/650 [08:12<06:54,  2.00s/it]
 68%|██████▊   | 444/650 [08:13<05:38,  1.64s/it]
 68%|██████▊   | 445/650 [08:13<04:45,  1.39s/it]
 69%|██████▊   | 446/650 [08:14<04:07,  1.21s/it]
 69%|██████▉   | 447/650 [08:15<03:40,  1.09s/it]
 69%|██████▉   | 448/650 [08:16<03:22,  1.00s/it]
 69%|██████▉   | 449/650 [08:17<03:09,  1.06it/s]
 69%|██████▉   | 450/650 [08:17<02:59,  1.11it/s]
 69%|██████▉   | 451/650 [08:18<02:53,  1.15it/s]
 70%|██████▉   | 452/650 [08:19<02:47,  1.18it/s]
 70%|██████▉   | 453/650 [08:20<02:44,  1.20it/s]
 70%|██████▉   | 454/650 [08:21<02:41,  1.21it/s]
 70%|███████   | 455/650 [08:21<02:36,  1.25it/s]
                                                 

 70%|███████   | 455/650 [08:21<02:36,  1.25it/s]{'loss': 0.7518, 'grad_norm': 2.620697259902954, 'learning_rate': 1.5e-05, 'epoch': 35.0}


  0%|          | 0/26 [00:00<?, ?it/s][A

 19%|█▉        | 5/26 [00:00<00:00, 38.12it/s][A

 35%|███▍      | 9/26 [00:00<00:00, 33.54it/s][A

 50%|█████     | 13/26 [00:00<00:00, 32.14it/s][A

 65%|██████▌   | 17/26 [00:00<00:00, 31.48it/s][A

 81%|████████  | 21/26 [00:00<00:00, 31.10it/s][A

 96%|█████████▌| 25/26 [00:00<00:00, 30.87it/s][A

                                               
[A
                                                 

100%|██████████| 26/26 [00:00<00:00, 30.87it/s][A
 70%|███████   | 455/650 [08:23<02:36,  1.25it/s]

                                               [A{'eval_loss': 0.9205854535102844, 'eval_macro_recall': 0.7005269457581597, 'eval_macro_precision': 0.6924276982847636, 'eval_macro_f1': 0.6777363489369882, 'eval_accuracy': 0.7083839611178615, 'eval_micro_recall': 0.7083839611178615, 'eval_micro_precision': 0.7083839611178615, 'eval_micro_f1': 0.7083839611178615, 'eval_runtime': 1.1133, 'eval_samples_per_second': 739.242, 'eval_steps_per_second': 23.354, 'epoch': 35.0}

 70%|███████   | 456/650 [08:26<06:24,  1.98s/it]
 70%|███████   | 457/650 [08:27<05:14,  1.63s/it]
 70%|███████   | 458/650 [08:28<04:24,  1.38s/it]
 71%|███████   | 459/650 [08:29<03:50,  1.21s/it]
 71%|███████   | 460/650 [08:29<03:26,  1.08s/it]
 71%|███████   | 461/650 [08:30<03:08,  1.00it/s]
 71%|███████   | 462/650 [08:31<02:56,  1.06it/s]
 71%|███████   | 463/650 [08:32<02:48,  1.11it/s]
 71%|███████▏  | 464/650 [08:33<02:41,  1.15it/s]
 72%|███████▏  | 465/650 [08:33<02:36,  1.18it/s]
 72%|███████▏  | 466/650 [08:34<02:33,  1.20it/s]
 72%|███████▏  | 467/650 [08:35<02:30,  1.21it/s]
 72%|███████▏  | 468/650 [08:36<02:26,  1.25it/s]
                                                 

 72%|███████▏  | 468/650 [08:36<02:26,  1.25it/s]{'loss': 0.7373, 'grad_norm': 2.6252269744873047, 'learning_rate': 1.4000000000000001e-05, 'epoch': 36.0}


  0%|          | 0/26 [00:00<?, ?it/s][A

 19%|█▉        | 5/26 [00:00<00:00, 37.87it/s][A

 35%|███▍      | 9/26 [00:00<00:00, 33.39it/s][A

 50%|█████     | 13/26 [00:00<00:00, 31.86it/s][A

 65%|██████▌   | 17/26 [00:00<00:00, 31.20it/s][A

 81%|████████  | 21/26 [00:00<00:00, 30.80it/s][A

 96%|█████████▌| 25/26 [00:00<00:00, 30.59it/s][A

                                               
[A
                                                 

100%|██████████| 26/26 [00:00<00:00, 30.59it/s][A
 72%|███████▏  | 468/650 [08:37<02:26,  1.25it/s]

                                               [A{'eval_loss': 0.9212464094161987, 'eval_macro_recall': 0.7030111186180551, 'eval_macro_precision': 0.701495151130738, 'eval_macro_f1': 0.6816429736885635, 'eval_accuracy': 0.7120291616038882, 'eval_micro_recall': 0.7120291616038882, 'eval_micro_precision': 0.7120291616038882, 'eval_micro_f1': 0.7120291616038883, 'eval_runtime': 1.1475, 'eval_samples_per_second': 717.218, 'eval_steps_per_second': 22.658, 'epoch': 36.0}

 72%|███████▏  | 469/650 [08:40<05:58,  1.98s/it]
 72%|███████▏  | 470/650 [08:41<04:52,  1.62s/it]
 72%|███████▏  | 471/650 [08:42<04:06,  1.38s/it]
 73%|███████▎  | 472/650 [08:43<03:34,  1.20s/it]
 73%|███████▎  | 473/650 [08:44<03:11,  1.08s/it]
 73%|███████▎  | 474/650 [08:44<02:55,  1.00it/s]
 73%|███████▎  | 475/650 [08:45<02:44,  1.07it/s]
 73%|███████▎  | 476/650 [08:46<02:35,  1.12it/s]
 73%|███████▎  | 477/650 [08:47<02:30,  1.15it/s]
 74%|███████▎  | 478/650 [08:48<02:25,  1.18it/s]
 74%|███████▎  | 479/650 [08:48<02:22,  1.20it/s]
 74%|███████▍  | 480/650 [08:49<02:20,  1.21it/s]
 74%|███████▍  | 481/650 [08:50<02:15,  1.25it/s]
                                                 

 74%|███████▍  | 481/650 [08:50<02:15,  1.25it/s]{'loss': 0.7283, 'grad_norm': 2.568169355392456, 'learning_rate': 1.3000000000000001e-05, 'epoch': 37.0}


  0%|          | 0/26 [00:00<?, ?it/s][A

 19%|█▉        | 5/26 [00:00<00:00, 37.88it/s][A

 35%|███▍      | 9/26 [00:00<00:00, 33.35it/s][A

 50%|█████     | 13/26 [00:00<00:00, 31.89it/s][A

 65%|██████▌   | 17/26 [00:00<00:00, 31.25it/s][A

 81%|████████  | 21/26 [00:00<00:00, 30.91it/s][A

 96%|█████████▌| 25/26 [00:00<00:00, 30.70it/s][A

                                               
[A
                                                 

100%|██████████| 26/26 [00:00<00:00, 30.70it/s][A
 74%|███████▍  | 481/650 [08:51<02:15,  1.25it/s]

                                               [A{'eval_loss': 0.9060847759246826, 'eval_macro_recall': 0.7065825471894837, 'eval_macro_precision': 0.701736945303168, 'eval_macro_f1': 0.6860308126054743, 'eval_accuracy': 0.7193195625759417, 'eval_micro_recall': 0.7193195625759417, 'eval_micro_precision': 0.7193195625759417, 'eval_micro_f1': 0.7193195625759418, 'eval_runtime': 1.1553, 'eval_samples_per_second': 712.375, 'eval_steps_per_second': 22.505, 'epoch': 37.0}

 74%|███████▍  | 482/650 [08:55<05:34,  1.99s/it]
 74%|███████▍  | 483/650 [08:56<04:33,  1.64s/it]
 74%|███████▍  | 484/650 [08:56<03:49,  1.39s/it]
 75%|███████▍  | 485/650 [08:57<03:19,  1.21s/it]
 75%|███████▍  | 486/650 [08:58<02:58,  1.09s/it]
 75%|███████▍  | 487/650 [08:59<02:43,  1.00s/it]
 75%|███████▌  | 488/650 [09:00<02:32,  1.06it/s]
 75%|███████▌  | 489/650 [09:00<02:24,  1.11it/s]
 75%|███████▌  | 490/650 [09:01<02:19,  1.15it/s]
 76%|███████▌  | 491/650 [09:02<02:14,  1.18it/s]
 76%|███████▌  | 492/650 [09:03<02:11,  1.20it/s]
 76%|███████▌  | 493/650 [09:04<02:09,  1.21it/s]
 76%|███████▌  | 494/650 [09:04<02:10,  1.20it/s]
                                                 

 76%|███████▌  | 494/650 [09:05<02:10,  1.20it/s]{'loss': 0.7151, 'grad_norm': 2.214754581451416, 'learning_rate': 1.2e-05, 'epoch': 38.0}


  0%|          | 0/26 [00:00<?, ?it/s][A

 19%|█▉        | 5/26 [00:00<00:00, 38.19it/s][A

 35%|███▍      | 9/26 [00:00<00:00, 33.58it/s][A

 50%|█████     | 13/26 [00:00<00:00, 32.17it/s][A

 65%|██████▌   | 17/26 [00:00<00:00, 31.49it/s][A

 81%|████████  | 21/26 [00:00<00:00, 31.08it/s][A

 96%|█████████▌| 25/26 [00:00<00:00, 30.88it/s][A

                                               
[A
                                                 

100%|██████████| 26/26 [00:01<00:00, 30.88it/s][A
 76%|███████▌  | 494/650 [09:06<02:10,  1.20it/s]

                                               [A{'eval_loss': 0.9084903001785278, 'eval_macro_recall': 0.7080895661820517, 'eval_macro_precision': 0.7018793687114874, 'eval_macro_f1': 0.6833449877826213, 'eval_accuracy': 0.7132442284325637, 'eval_micro_recall': 0.7132442284325637, 'eval_micro_precision': 0.7132442284325637, 'eval_micro_f1': 0.7132442284325637, 'eval_runtime': 1.1698, 'eval_samples_per_second': 703.568, 'eval_steps_per_second': 22.227, 'epoch': 38.0}

 76%|███████▌  | 495/650 [09:10<05:33,  2.15s/it]
 76%|███████▋  | 496/650 [09:10<04:28,  1.74s/it]
 76%|███████▋  | 497/650 [09:11<03:43,  1.46s/it]
 77%|███████▋  | 498/650 [09:12<03:12,  1.26s/it]
 77%|███████▋  | 499/650 [09:13<02:49,  1.12s/it]
 77%|███████▋  | 500/650 [09:14<02:33,  1.03s/it]
 77%|███████▋  | 501/650 [09:14<02:22,  1.04it/s]
 77%|███████▋  | 502/650 [09:15<02:14,  1.10it/s]
 77%|███████▋  | 503/650 [09:16<02:09,  1.14it/s]
 78%|███████▊  | 504/650 [09:17<02:04,  1.17it/s]
 78%|███████▊  | 505/650 [09:18<02:01,  1.19it/s]
 78%|███████▊  | 506/650 [09:18<01:59,  1.21it/s]
 78%|███████▊  | 507/650 [09:19<01:56,  1.22it/s]
                                                 

 78%|███████▊  | 507/650 [09:19<01:56,  1.22it/s]{'loss': 0.7067, 'grad_norm': 3.2635586261749268, 'learning_rate': 1.1000000000000001e-05, 'epoch': 39.0}


  0%|          | 0/26 [00:00<?, ?it/s][A

 19%|█▉        | 5/26 [00:00<00:00, 38.06it/s][A

 35%|███▍      | 9/26 [00:00<00:00, 33.37it/s][A

 50%|█████     | 13/26 [00:00<00:00, 31.90it/s][A

 65%|██████▌   | 17/26 [00:00<00:00, 31.25it/s][A

 81%|████████  | 21/26 [00:00<00:00, 30.85it/s][A

 96%|█████████▌| 25/26 [00:00<00:00, 30.63it/s][A

                                               
[A
                                                 

100%|██████████| 26/26 [00:00<00:00, 30.63it/s][A
 78%|███████▊  | 507/650 [09:20<01:56,  1.22it/s]

                                               [A{'eval_loss': 0.8989583849906921, 'eval_macro_recall': 0.707860187339956, 'eval_macro_precision': 0.7050950515514476, 'eval_macro_f1': 0.6889983338594405, 'eval_accuracy': 0.7217496962332929, 'eval_micro_recall': 0.7217496962332929, 'eval_micro_precision': 0.7217496962332929, 'eval_micro_f1': 0.7217496962332928, 'eval_runtime': 1.1184, 'eval_samples_per_second': 735.849, 'eval_steps_per_second': 23.247, 'epoch': 39.0}

 78%|███████▊  | 508/650 [09:24<04:49,  2.04s/it]
 78%|███████▊  | 509/650 [09:25<03:55,  1.67s/it]
 78%|███████▊  | 510/650 [09:26<03:16,  1.41s/it]
 79%|███████▊  | 511/650 [09:27<02:50,  1.22s/it]
 79%|███████▉  | 512/650 [09:27<02:31,  1.10s/it]
 79%|███████▉  | 513/650 [09:28<02:18,  1.01s/it]
 79%|███████▉  | 514/650 [09:29<02:08,  1.06it/s]
 79%|███████▉  | 515/650 [09:30<02:01,  1.11it/s]
 79%|███████▉  | 516/650 [09:31<01:56,  1.15it/s]
 80%|███████▉  | 517/650 [09:31<01:53,  1.18it/s]
 80%|███████▉  | 518/650 [09:32<01:50,  1.20it/s]
 80%|███████▉  | 519/650 [09:33<01:48,  1.21it/s]
 80%|████████  | 520/650 [09:34<01:44,  1.24it/s]
                                                 

 80%|████████  | 520/650 [09:34<01:44,  1.24it/s]{'loss': 0.6986, 'grad_norm': 2.2626872062683105, 'learning_rate': 1e-05, 'epoch': 40.0}


  0%|          | 0/26 [00:00<?, ?it/s][A

 19%|█▉        | 5/26 [00:00<00:00, 37.96it/s][A

 35%|███▍      | 9/26 [00:00<00:00, 33.34it/s][A

 50%|█████     | 13/26 [00:00<00:00, 31.91it/s][A

 65%|██████▌   | 17/26 [00:00<00:00, 31.29it/s][A

 81%|████████  | 21/26 [00:00<00:00, 30.88it/s][A

 96%|█████████▌| 25/26 [00:00<00:00, 30.66it/s][A

                                               
[A
                                                 

100%|██████████| 26/26 [00:00<00:00, 30.66it/s][A
 80%|████████  | 520/650 [09:35<01:44,  1.24it/s]

                                               [A{'eval_loss': 0.8956952691078186, 'eval_macro_recall': 0.7088786293988606, 'eval_macro_precision': 0.7037811168636158, 'eval_macro_f1': 0.6892563735494983, 'eval_accuracy': 0.7193195625759417, 'eval_micro_recall': 0.7193195625759417, 'eval_micro_precision': 0.7193195625759417, 'eval_micro_f1': 0.7193195625759418, 'eval_runtime': 1.1053, 'eval_samples_per_second': 744.585, 'eval_steps_per_second': 23.523, 'epoch': 40.0}

 80%|████████  | 521/650 [09:39<04:21,  2.03s/it]
 80%|████████  | 522/650 [09:39<03:32,  1.66s/it]
 80%|████████  | 523/650 [09:40<02:57,  1.40s/it]
 81%|████████  | 524/650 [09:41<02:33,  1.22s/it]
 81%|████████  | 525/650 [09:42<02:16,  1.09s/it]
 81%|████████  | 526/650 [09:43<02:04,  1.01s/it]
 81%|████████  | 527/650 [09:43<01:56,  1.06it/s]
 81%|████████  | 528/650 [09:44<01:49,  1.11it/s]
 81%|████████▏ | 529/650 [09:45<01:45,  1.15it/s]
 82%|████████▏ | 530/650 [09:46<01:41,  1.18it/s]
 82%|████████▏ | 531/650 [09:47<01:39,  1.20it/s]
 82%|████████▏ | 532/650 [09:47<01:37,  1.21it/s]
 82%|████████▏ | 533/650 [09:48<01:33,  1.25it/s]
                                                 

 82%|████████▏ | 533/650 [09:48<01:33,  1.25it/s]{'loss': 0.691, 'grad_norm': 2.5411605834960938, 'learning_rate': 9e-06, 'epoch': 41.0}


  0%|          | 0/26 [00:00<?, ?it/s][A

 19%|█▉        | 5/26 [00:00<00:00, 37.86it/s][A

 35%|███▍      | 9/26 [00:00<00:00, 33.23it/s][A

 50%|█████     | 13/26 [00:00<00:00, 31.81it/s][A

 65%|██████▌   | 17/26 [00:00<00:00, 31.13it/s][A

 81%|████████  | 21/26 [00:00<00:00, 30.75it/s][A

 96%|█████████▌| 25/26 [00:00<00:00, 30.55it/s][A

                                               
[A
                                                 

100%|██████████| 26/26 [00:00<00:00, 30.55it/s][A
 82%|████████▏ | 533/650 [09:49<01:33,  1.25it/s]

                                               [A{'eval_loss': 0.8931888937950134, 'eval_macro_recall': 0.7072982091768218, 'eval_macro_precision': 0.7024607398130897, 'eval_macro_f1': 0.6871886435915949, 'eval_accuracy': 0.7181044957472661, 'eval_micro_recall': 0.7181044957472661, 'eval_micro_precision': 0.7181044957472661, 'eval_micro_f1': 0.7181044957472661, 'eval_runtime': 1.1387, 'eval_samples_per_second': 722.777, 'eval_steps_per_second': 22.834, 'epoch': 41.0}

 82%|████████▏ | 534/650 [09:53<03:50,  1.99s/it]
 82%|████████▏ | 535/650 [09:54<03:07,  1.63s/it]
 82%|████████▏ | 536/650 [09:54<02:37,  1.38s/it]
 83%|████████▎ | 537/650 [09:55<02:16,  1.21s/it]
 83%|████████▎ | 538/650 [09:56<02:01,  1.08s/it]
 83%|████████▎ | 539/650 [09:57<01:50,  1.00it/s]
 83%|████████▎ | 540/650 [09:58<01:43,  1.06it/s]
 83%|████████▎ | 541/650 [09:58<01:37,  1.11it/s]
 83%|████████▎ | 542/650 [09:59<01:33,  1.15it/s]
 84%|████████▎ | 543/650 [10:00<01:30,  1.18it/s]
 84%|████████▎ | 544/650 [10:01<01:28,  1.20it/s]
 84%|████████▍ | 545/650 [10:02<01:26,  1.21it/s]
 84%|████████▍ | 546/650 [10:02<01:23,  1.25it/s]
                                                 

 84%|████████▍ | 546/650 [10:02<01:23,  1.25it/s]{'loss': 0.6893, 'grad_norm': 2.928386926651001, 'learning_rate': 8.000000000000001e-06, 'epoch': 42.0}


  0%|          | 0/26 [00:00<?, ?it/s][A

 15%|█▌        | 4/26 [00:00<00:00, 39.91it/s][A

 31%|███       | 8/26 [00:00<00:00, 33.54it/s][A

 46%|████▌     | 12/26 [00:00<00:00, 31.94it/s][A

 62%|██████▏   | 16/26 [00:00<00:00, 31.25it/s][A

 77%|███████▋  | 20/26 [00:00<00:00, 30.85it/s][A

 92%|█████████▏| 24/26 [00:00<00:00, 30.62it/s][A

                                               
[A
                                                 

100%|██████████| 26/26 [00:00<00:00, 30.62it/s][A
 84%|████████▍ | 546/650 [10:04<01:23,  1.25it/s]

                                               [A{'eval_loss': 0.8917961716651917, 'eval_macro_recall': 0.7113972090850704, 'eval_macro_precision': 0.7087346681968447, 'eval_macro_f1': 0.6903997067737564, 'eval_accuracy': 0.7181044957472661, 'eval_micro_recall': 0.7181044957472661, 'eval_micro_precision': 0.7181044957472661, 'eval_micro_f1': 0.7181044957472661, 'eval_runtime': 1.1221, 'eval_samples_per_second': 733.465, 'eval_steps_per_second': 23.171, 'epoch': 42.0}

 84%|████████▍ | 547/650 [10:07<03:27,  2.01s/it]
 84%|████████▍ | 548/650 [10:08<02:48,  1.65s/it]
 84%|████████▍ | 549/650 [10:09<02:20,  1.39s/it]
 85%|████████▍ | 550/650 [10:10<02:01,  1.22s/it]
 85%|████████▍ | 551/650 [10:10<01:47,  1.09s/it]
 85%|████████▍ | 552/650 [10:11<01:38,  1.00s/it]
 85%|████████▌ | 553/650 [10:12<01:31,  1.06it/s]
 85%|████████▌ | 554/650 [10:13<01:26,  1.11it/s]
 85%|████████▌ | 555/650 [10:14<01:22,  1.15it/s]
 86%|████████▌ | 556/650 [10:14<01:19,  1.18it/s]
 86%|████████▌ | 557/650 [10:15<01:17,  1.20it/s]
 86%|████████▌ | 558/650 [10:16<01:15,  1.21it/s]
 86%|████████▌ | 559/650 [10:17<01:12,  1.25it/s]
                                                 

 86%|████████▌ | 559/650 [10:17<01:12,  1.25it/s]{'loss': 0.6788, 'grad_norm': 2.836488962173462, 'learning_rate': 7.000000000000001e-06, 'epoch': 43.0}


  0%|          | 0/26 [00:00<?, ?it/s][A

 19%|█▉        | 5/26 [00:00<00:00, 37.94it/s][A

 35%|███▍      | 9/26 [00:00<00:00, 33.42it/s][A

 50%|█████     | 13/26 [00:00<00:00, 31.96it/s][A

 65%|██████▌   | 17/26 [00:00<00:00, 31.27it/s][A

 81%|████████  | 21/26 [00:00<00:00, 31.01it/s][A

 96%|█████████▌| 25/26 [00:00<00:00, 30.81it/s][A

                                               
[A
                                                 

100%|██████████| 26/26 [00:00<00:00, 30.81it/s][A
 86%|████████▌ | 559/650 [10:18<01:12,  1.25it/s]

                                               [A{'eval_loss': 0.8865820169448853, 'eval_macro_recall': 0.714335552052315, 'eval_macro_precision': 0.7098330720409133, 'eval_macro_f1': 0.6914298263009857, 'eval_accuracy': 0.7205346294046172, 'eval_micro_recall': 0.7205346294046172, 'eval_micro_precision': 0.7205346294046172, 'eval_micro_f1': 0.7205346294046172, 'eval_runtime': 1.1514, 'eval_samples_per_second': 714.754, 'eval_steps_per_second': 22.58, 'epoch': 43.0}

 86%|████████▌ | 560/650 [10:22<03:02,  2.02s/it]
 86%|████████▋ | 561/650 [10:22<02:27,  1.66s/it]
 86%|████████▋ | 562/650 [10:23<02:03,  1.40s/it]
 87%|████████▋ | 563/650 [10:24<01:46,  1.22s/it]
 87%|████████▋ | 564/650 [10:25<01:34,  1.09s/it]
 87%|████████▋ | 565/650 [10:26<01:25,  1.01s/it]
 87%|████████▋ | 566/650 [10:26<01:19,  1.06it/s]
 87%|████████▋ | 567/650 [10:27<01:14,  1.11it/s]
 87%|████████▋ | 568/650 [10:28<01:11,  1.15it/s]
 88%|████████▊ | 569/650 [10:29<01:08,  1.18it/s]
 88%|████████▊ | 570/650 [10:30<01:06,  1.20it/s]
 88%|████████▊ | 571/650 [10:31<01:05,  1.21it/s]
 88%|████████▊ | 572/650 [10:31<01:03,  1.23it/s]
                                                 

 88%|████████▊ | 572/650 [10:31<01:03,  1.23it/s]{'loss': 0.6718, 'grad_norm': 1.972960114479065, 'learning_rate': 6e-06, 'epoch': 44.0}


  0%|          | 0/26 [00:00<?, ?it/s][A

 19%|█▉        | 5/26 [00:00<00:00, 38.09it/s][A

 35%|███▍      | 9/26 [00:00<00:00, 33.49it/s][A

 50%|█████     | 13/26 [00:00<00:00, 32.09it/s][A

 65%|██████▌   | 17/26 [00:00<00:00, 31.40it/s][A

 81%|████████  | 21/26 [00:00<00:00, 31.05it/s][A

 96%|█████████▌| 25/26 [00:00<00:00, 30.82it/s][A

                                               
[A
                                                 

100%|██████████| 26/26 [00:00<00:00, 30.82it/s][A
 88%|████████▊ | 572/650 [10:33<01:03,  1.23it/s]

                                               [A{'eval_loss': 0.8879246115684509, 'eval_macro_recall': 0.7176661328395433, 'eval_macro_precision': 0.7148519933893143, 'eval_macro_f1': 0.6954898318060778, 'eval_accuracy': 0.7193195625759417, 'eval_micro_recall': 0.7193195625759417, 'eval_micro_precision': 0.7193195625759417, 'eval_micro_f1': 0.7193195625759418, 'eval_runtime': 1.1201, 'eval_samples_per_second': 734.738, 'eval_steps_per_second': 23.212, 'epoch': 44.0}

 88%|████████▊ | 573/650 [10:37<02:53,  2.26s/it]
 88%|████████▊ | 574/650 [10:38<02:18,  1.82s/it]
 88%|████████▊ | 575/650 [10:39<01:53,  1.51s/it]
 89%|████████▊ | 576/650 [10:39<01:36,  1.30s/it]
 89%|████████▉ | 577/650 [10:40<01:23,  1.15s/it]
 89%|████████▉ | 578/650 [10:41<01:15,  1.05s/it]
 89%|████████▉ | 579/650 [10:42<01:09,  1.03it/s]
 89%|████████▉ | 580/650 [10:43<01:04,  1.09it/s]
 89%|████████▉ | 581/650 [10:43<01:01,  1.13it/s]
 90%|████████▉ | 582/650 [10:44<00:58,  1.16it/s]
 90%|████████▉ | 583/650 [10:45<00:56,  1.19it/s]
 90%|████████▉ | 584/650 [10:46<00:54,  1.21it/s]
 90%|█████████ | 585/650 [10:46<00:52,  1.24it/s]
                                                 

 90%|█████████ | 585/650 [10:47<00:52,  1.24it/s]{'loss': 0.6631, 'grad_norm': 2.3538613319396973, 'learning_rate': 5e-06, 'epoch': 45.0}


  0%|          | 0/26 [00:00<?, ?it/s][A

 19%|█▉        | 5/26 [00:00<00:00, 38.02it/s][A

 35%|███▍      | 9/26 [00:00<00:00, 33.51it/s][A

 50%|█████     | 13/26 [00:00<00:00, 32.07it/s][A

 65%|██████▌   | 17/26 [00:00<00:00, 31.43it/s][A

 81%|████████  | 21/26 [00:00<00:00, 31.08it/s][A

 96%|█████████▌| 25/26 [00:00<00:00, 30.87it/s][A

                                               
[A
                                                 

100%|██████████| 26/26 [00:01<00:00, 30.87it/s][A
 90%|█████████ | 585/650 [10:48<00:52,  1.24it/s]

                                               [A{'eval_loss': 0.8889605402946472, 'eval_macro_recall': 0.7160283679069807, 'eval_macro_precision': 0.7100289904449241, 'eval_macro_f1': 0.6932125329969872, 'eval_accuracy': 0.7229647630619684, 'eval_micro_recall': 0.7229647630619684, 'eval_micro_precision': 0.7229647630619684, 'eval_micro_f1': 0.7229647630619684, 'eval_runtime': 1.3245, 'eval_samples_per_second': 621.381, 'eval_steps_per_second': 19.631, 'epoch': 45.0}

 90%|█████████ | 586/650 [10:52<02:20,  2.19s/it]
 90%|█████████ | 587/650 [10:53<01:51,  1.77s/it]
 90%|█████████ | 588/650 [10:53<01:31,  1.48s/it]
 91%|█████████ | 589/650 [10:54<01:17,  1.28s/it]
 91%|█████████ | 590/650 [10:55<01:08,  1.13s/it]
 91%|█████████ | 591/650 [10:56<01:01,  1.03s/it]
 91%|█████████ | 592/650 [10:57<00:55,  1.04it/s]
 91%|█████████ | 593/650 [10:57<00:52,  1.09it/s]
 91%|█████████▏| 594/650 [10:58<00:49,  1.13it/s]
 92%|█████████▏| 595/650 [10:59<00:47,  1.17it/s]
 92%|█████████▏| 596/650 [11:00<00:45,  1.19it/s]
 92%|█████████▏| 597/650 [11:01<00:43,  1.21it/s]
 92%|█████████▏| 598/650 [11:01<00:41,  1.24it/s]
                                                 

 92%|█████████▏| 598/650 [11:01<00:41,  1.24it/s]{'loss': 0.6639, 'grad_norm': 1.9970803260803223, 'learning_rate': 4.000000000000001e-06, 'epoch': 46.0}


  0%|          | 0/26 [00:00<?, ?it/s][A

 19%|█▉        | 5/26 [00:00<00:00, 38.14it/s][A

 35%|███▍      | 9/26 [00:00<00:00, 33.53it/s][A

 50%|█████     | 13/26 [00:00<00:00, 32.12it/s][A

 65%|██████▌   | 17/26 [00:00<00:00, 31.44it/s][A

 81%|████████  | 21/26 [00:00<00:00, 31.08it/s][A

 96%|█████████▌| 25/26 [00:00<00:00, 30.86it/s][A

                                               
[A
                                                 

100%|██████████| 26/26 [00:01<00:00, 30.86it/s][A
 92%|█████████▏| 598/650 [11:03<00:41,  1.24it/s]

                                               [A{'eval_loss': 0.89336097240448, 'eval_macro_recall': 0.7167715553553704, 'eval_macro_precision': 0.715165814375481, 'eval_macro_f1': 0.6967171369351172, 'eval_accuracy': 0.7217496962332929, 'eval_micro_recall': 0.7217496962332929, 'eval_micro_precision': 0.7217496962332929, 'eval_micro_f1': 0.7217496962332928, 'eval_runtime': 1.1537, 'eval_samples_per_second': 713.362, 'eval_steps_per_second': 22.536, 'epoch': 46.0}

 92%|█████████▏| 599/650 [11:07<01:56,  2.28s/it]
 92%|█████████▏| 600/650 [11:08<01:31,  1.84s/it]
 92%|█████████▏| 601/650 [11:09<01:14,  1.53s/it]
 93%|█████████▎| 602/650 [11:10<01:02,  1.31s/it]
 93%|█████████▎| 603/650 [11:10<00:54,  1.16s/it]
 93%|█████████▎| 604/650 [11:11<00:48,  1.05s/it]
 93%|█████████▎| 605/650 [11:12<00:43,  1.03it/s]
 93%|█████████▎| 606/650 [11:13<00:40,  1.08it/s]
 93%|█████████▎| 607/650 [11:14<00:38,  1.13it/s]
 94%|█████████▎| 608/650 [11:14<00:36,  1.16it/s]
 94%|█████████▎| 609/650 [11:15<00:34,  1.19it/s]
 94%|█████████▍| 610/650 [11:16<00:33,  1.21it/s]
 94%|█████████▍| 611/650 [11:17<00:31,  1.24it/s]
                                                 

 94%|█████████▍| 611/650 [11:17<00:31,  1.24it/s]{'loss': 0.6608, 'grad_norm': 2.1096882820129395, 'learning_rate': 3e-06, 'epoch': 47.0}


  0%|          | 0/26 [00:00<?, ?it/s][A

 15%|█▌        | 4/26 [00:00<00:00, 39.25it/s][A

 31%|███       | 8/26 [00:00<00:00, 33.46it/s][A

 46%|████▌     | 12/26 [00:00<00:00, 32.01it/s][A

 62%|██████▏   | 16/26 [00:00<00:00, 31.37it/s][A

 77%|███████▋  | 20/26 [00:00<00:00, 31.04it/s][A

 92%|█████████▏| 24/26 [00:00<00:00, 30.81it/s][A

                                               
[A
                                                 

100%|██████████| 26/26 [00:01<00:00, 30.81it/s][A
 94%|█████████▍| 611/650 [11:18<00:31,  1.24it/s]

                                               [A{'eval_loss': 0.8922013640403748, 'eval_macro_recall': 0.7080115773757393, 'eval_macro_precision': 0.7084683802137937, 'eval_macro_f1': 0.6885076040146016, 'eval_accuracy': 0.7193195625759417, 'eval_micro_recall': 0.7193195625759417, 'eval_micro_precision': 0.7193195625759417, 'eval_micro_f1': 0.7193195625759418, 'eval_runtime': 1.1191, 'eval_samples_per_second': 735.386, 'eval_steps_per_second': 23.232, 'epoch': 47.0}

 94%|█████████▍| 612/650 [11:22<01:25,  2.25s/it]
 94%|█████████▍| 613/650 [11:23<01:07,  1.82s/it]
 94%|█████████▍| 614/650 [11:24<00:54,  1.51s/it]
 95%|█████████▍| 615/650 [11:25<00:45,  1.30s/it]
 95%|█████████▍| 616/650 [11:26<00:39,  1.15s/it]
 95%|█████████▍| 617/650 [11:26<00:34,  1.04s/it]
 95%|█████████▌| 618/650 [11:27<00:31,  1.03it/s]
 95%|█████████▌| 619/650 [11:28<00:28,  1.09it/s]
 95%|█████████▌| 620/650 [11:29<00:26,  1.13it/s]
 96%|█████████▌| 621/650 [11:30<00:24,  1.17it/s]
 96%|█████████▌| 622/650 [11:30<00:23,  1.19it/s]
 96%|█████████▌| 623/650 [11:31<00:22,  1.21it/s]
 96%|█████████▌| 624/650 [11:32<00:20,  1.24it/s]
                                                 

 96%|█████████▌| 624/650 [11:32<00:20,  1.24it/s]{'loss': 0.6573, 'grad_norm': 1.9857755899429321, 'learning_rate': 2.0000000000000003e-06, 'epoch': 48.0}


  0%|          | 0/26 [00:00<?, ?it/s][A

 19%|█▉        | 5/26 [00:00<00:00, 38.25it/s][A

 35%|███▍      | 9/26 [00:00<00:00, 33.59it/s][A

 50%|█████     | 13/26 [00:00<00:00, 32.13it/s][A

 65%|██████▌   | 17/26 [00:00<00:00, 31.47it/s][A

 81%|████████  | 21/26 [00:00<00:00, 31.10it/s][A

 96%|█████████▌| 25/26 [00:00<00:00, 30.87it/s][A

                                               
[A
                                                 

100%|██████████| 26/26 [00:00<00:00, 30.87it/s][A
 96%|█████████▌| 624/650 [11:33<00:20,  1.24it/s]

                                               [A
                                                 

 96%|█████████▌| 624/650 [11:37<00:20,  1.24it/s]
 96%|█████████▌| 624/650 [11:37<00:29,  1.12s/it]
2025-04-12 18:05:27.472 | INFO     | __main__:fine_tune:231 - Training time: 699.98 seconds
{'eval_loss': 0.8874629139900208, 'eval_macro_recall': 0.7136749409870797, 'eval_macro_precision': 0.7124545564619108, 'eval_macro_f1': 0.6920429094285198, 'eval_accuracy': 0.7193195625759417, 'eval_micro_recall': 0.7193195625759417, 'eval_micro_precision': 0.7193195625759417, 'eval_micro_f1': 0.7193195625759418, 'eval_runtime': 1.1419, 'eval_samples_per_second': 720.707, 'eval_steps_per_second': 22.768, 'epoch': 48.0}
{'train_runtime': 697.2346, 'train_samples_per_second': 236.291, 'train_steps_per_second': 0.932, 'train_loss': 1.4509862477962787, 'epoch': 48.0}

  0%|          | 0/26 [00:00<?, ?it/s]
 19%|█▉        | 5/26 [00:00<00:00, 38.21it/s]
 35%|███▍      | 9/26 [00:00<00:00, 33.57it/s]
 50%|█████     | 13/26 [00:00<00:00, 32.09it/s]
 65%|██████▌   | 17/26 [00:00<00:00, 31.48it/s]
 81%|████████  | 21/26 [00:00<00:00, 31.10it/s]
 96%|█████████▌| 25/26 [00:00<00:00, 30.85it/s]
100%|██████████| 26/26 [00:00<00:00, 29.95it/s]
2025-04-12 18:05:28.559 | INFO     | __main__:fine_tune:242 - Prediction time: 1.09 seconds
2025-04-12 18:05:28.562 | INFO     | __main__:CV_run:419 - Fold 4, Final Eval Metrics: loss: 0.89, macro_recall: 0.71, macro_precision: 0.71, macro_f1: 0.69, accuracy: 0.72, micro_recall: 0.72, micro_precision: 0.72, micro_f1: 0.72, runtime: 1.14, samples_per_second: 720.71, steps_per_second: 22.77
2025-04-12 18:05:28.579 | INFO     | __main__:CV_run:357 - Starting fold 5
Some weights of RobertaForSequenceClassification were not initialized from the model checkpoint at roberta-base and are newly initialized: ['classifier.dense.bias', 'classifier.dense.weight', 'classifier.out_proj.bias', 'classifier.out_proj.weight']
You should probably TRAIN this model on a down-stream task to be able to use it for predictions and inference.
2025-04-12 18:05:31.222 | INFO     | __main__:CV_run:409 - Starting fine-tuning with cross-entropy loss
Eval results: defaultdict(<class 'list'>, {'loss': [4.887530326843262, 4.29207181930542, 3.789717435836792, 3.379803419113159, 3.036888599395752, 2.728764772415161, 2.46069073677063, 2.2629408836364746, 2.067870616912842, 1.917764663696289, 1.77616548538208, 1.658935308456421, 1.5442538261413574, 1.462760090827942, 1.3725188970565796, 1.304038405418396, 1.2501839399337769, 1.2153124809265137, 1.168516993522644, 1.127685308456421, 1.09437894821167, 1.0894688367843628, 1.046180248260498, 1.0337412357330322, 1.007248878479004, 1.006338119506836, 0.9743121266365051, 0.9782124757766724, 0.9603931307792664, 0.9541119337081909, 0.9474447965621948, 0.9341683387756348, 0.9273460507392883, 0.9246415495872498, 0.9205854535102844, 0.9212464094161987, 0.9060847759246826, 0.9084903001785278, 0.8989583849906921, 0.8956952691078186, 0.8931888937950134, 0.8917961716651917, 0.8865820169448853, 0.8879246115684509, 0.8889605402946472, 0.89336097240448, 0.8922013640403748, 0.8874629139900208], 'macro_recall': [0.09307992202729043, 0.22689362294625454, 0.3158122579175211, 0.36794258373205746, 0.42572150072150067, 0.4662698412698413, 0.49153439153439155, 0.5093567251461988, 0.5266542081949058, 0.5528862126245847, 0.5725429125138427, 0.5866348283499446, 0.6032738095238095, 0.6059246954595793, 0.6393503137689184, 0.643779992617202, 0.6416345536287734, 0.6469332048811818, 0.656040890633914, 0.6740817644887412, 0.6838132152085641, 0.6823320413436693, 0.6894667186818351, 0.6819716571161658, 0.6848388926423609, 0.6879930602473957, 0.6819512215465973, 0.6824441775308828, 0.6888163217642987, 0.6883175609919796, 0.687674849235543, 0.6897275813460784, 0.6959235209235209, 0.7009375338855107, 0.7005269457581597, 0.7030111186180551, 0.7065825471894837, 0.7080895661820517, 0.707860187339956, 0.7088786293988606, 0.7072982091768218, 0.7113972090850704, 0.714335552052315, 0.7176661328395433, 0.7160283679069807, 0.7167715553553704, 0.7080115773757393, 0.7136749409870797], 'macro_precision': [0.03501260047223415, 0.1354296486070794, 0.23334012239301255, 0.3003224983078031, 0.337182571778501, 0.38175936207387634, 0.41090807601795104, 0.4328729638748106, 0.4725347241198783, 0.5047351957847674, 0.5251838264414764, 0.5335413103658208, 0.5492572078404391, 0.5754945112537002, 0.6028166092672224, 0.6104507249856087, 0.6177690164684385, 0.6316338801819483, 0.6359421637114415, 0.6548776744966077, 0.6590725855944735, 0.6621754448107489, 0.669553429942712, 0.6658165694292861, 0.6667232008822617, 0.6766546876373466, 0.663296793864842, 0.6592814239459126, 0.6743799624624613, 0.6812338738764175, 0.6710241500026027, 0.6836520061134702, 0.6911822682776441, 0.6910782128312318, 0.6924276982847636, 0.701495151130738, 0.701736945303168, 0.7018793687114874, 0.7050950515514476, 0.7037811168636158, 0.7024607398130897, 0.7087346681968447, 0.7098330720409133, 0.7148519933893143, 0.7100289904449241, 0.715165814375481, 0.7084683802137937, 0.7124545564619108], 'macro_f1': [0.037641477556036265, 0.1474974840130485, 0.23838298661620164, 0.297590772961346, 0.3494913512526447, 0.39272621493000237, 0.41841595214948346, 0.4358979640519975, 0.4695546973367829, 0.49490459375808116, 0.5204897086907565, 0.5296648048394034, 0.5520886606383673, 0.5658388565841133, 0.5963551025857527, 0.6046193057854224, 0.6074191952829554, 0.6143825891125687, 0.6235508386613445, 0.6418000528543764, 0.650463574113585, 0.6515887509401354, 0.6566852187598015, 0.6565394527754717, 0.6605319935927584, 0.6602178399208395, 0.6569992324008237, 0.6554052097735865, 0.6618917073196054, 0.662354028910341, 0.660781587006833, 0.6681914676837183, 0.6766700107133862, 0.6787100363625627, 0.6777363489369882, 0.6816429736885635, 0.6860308126054743, 0.6833449877826213, 0.6889983338594405, 0.6892563735494983, 0.6871886435915949, 0.6903997067737564, 0.6914298263009857, 0.6954898318060778, 0.6932125329969872, 0.6967171369351172, 0.6885076040146016, 0.6920429094285198], 'accuracy': [0.07776427703523693, 0.21385176184690158, 0.30984204131227217, 0.36330498177399756, 0.41798298906439857, 0.47023086269744835, 0.4945321992709599, 0.5127582017010935, 0.5419198055893074, 0.5625759416767923, 0.5820170109356014, 0.5893074119076549, 0.6099635479951397, 0.6196840826245443, 0.6452004860267315, 0.6512758201701093, 0.6573511543134872, 0.6646415552855407, 0.6707168894289186, 0.6865127582017011, 0.6828675577156743, 0.6865127582017011, 0.6950182260024301, 0.692588092345079, 0.6950182260024301, 0.6950182260024301, 0.701093560145808, 0.692588092345079, 0.6962332928311057, 0.6974483596597812, 0.6962332928311057, 0.7059538274605103, 0.7095990279465371, 0.7132442284325637, 0.7083839611178615, 0.7120291616038882, 0.7193195625759417, 0.7132442284325637, 0.7217496962332929, 0.7193195625759417, 0.7181044957472661, 0.7181044957472661, 0.7205346294046172, 0.7193195625759417, 0.7229647630619684, 0.7217496962332929, 0.7193195625759417, 0.7193195625759417], 'micro_recall': [0.07776427703523693, 0.21385176184690158, 0.30984204131227217, 0.36330498177399756, 0.41798298906439857, 0.47023086269744835, 0.4945321992709599, 0.5127582017010935, 0.5419198055893074, 0.5625759416767923, 0.5820170109356014, 0.5893074119076549, 0.6099635479951397, 0.6196840826245443, 0.6452004860267315, 0.6512758201701093, 0.6573511543134872, 0.6646415552855407, 0.6707168894289186, 0.6865127582017011, 0.6828675577156743, 0.6865127582017011, 0.6950182260024301, 0.692588092345079, 0.6950182260024301, 0.6950182260024301, 0.701093560145808, 0.692588092345079, 0.6962332928311057, 0.6974483596597812, 0.6962332928311057, 0.7059538274605103, 0.7095990279465371, 0.7132442284325637, 0.7083839611178615, 0.7120291616038882, 0.7193195625759417, 0.7132442284325637, 0.7217496962332929, 0.7193195625759417, 0.7181044957472661, 0.7181044957472661, 0.7205346294046172, 0.7193195625759417, 0.7229647630619684, 0.7217496962332929, 0.7193195625759417, 0.7193195625759417], 'micro_precision': [0.07776427703523693, 0.21385176184690158, 0.30984204131227217, 0.36330498177399756, 0.41798298906439857, 0.47023086269744835, 0.4945321992709599, 0.5127582017010935, 0.5419198055893074, 0.5625759416767923, 0.5820170109356014, 0.5893074119076549, 0.6099635479951397, 0.6196840826245443, 0.6452004860267315, 0.6512758201701093, 0.6573511543134872, 0.6646415552855407, 0.6707168894289186, 0.6865127582017011, 0.6828675577156743, 0.6865127582017011, 0.6950182260024301, 0.692588092345079, 0.6950182260024301, 0.6950182260024301, 0.701093560145808, 0.692588092345079, 0.6962332928311057, 0.6974483596597812, 0.6962332928311057, 0.7059538274605103, 0.7095990279465371, 0.7132442284325637, 0.7083839611178615, 0.7120291616038882, 0.7193195625759417, 0.7132442284325637, 0.7217496962332929, 0.7193195625759417, 0.7181044957472661, 0.7181044957472661, 0.7205346294046172, 0.7193195625759417, 0.7229647630619684, 0.7217496962332929, 0.7193195625759417, 0.7193195625759417], 'micro_f1': [0.07776427703523693, 0.21385176184690158, 0.30984204131227217, 0.3633049817739976, 0.41798298906439857, 0.47023086269744835, 0.4945321992709599, 0.5127582017010935, 0.5419198055893074, 0.5625759416767923, 0.5820170109356014, 0.5893074119076549, 0.6099635479951397, 0.6196840826245443, 0.6452004860267315, 0.6512758201701093, 0.6573511543134872, 0.6646415552855407, 0.6707168894289186, 0.6865127582017011, 0.6828675577156743, 0.6865127582017011, 0.6950182260024301, 0.692588092345079, 0.6950182260024301, 0.6950182260024301, 0.701093560145808, 0.692588092345079, 0.6962332928311057, 0.6974483596597812, 0.6962332928311057, 0.7059538274605103, 0.7095990279465371, 0.7132442284325637, 0.7083839611178615, 0.7120291616038883, 0.7193195625759418, 0.7132442284325637, 0.7217496962332928, 0.7193195625759418, 0.7181044957472661, 0.7181044957472661, 0.7205346294046172, 0.7193195625759418, 0.7229647630619684, 0.7217496962332928, 0.7193195625759418, 0.7193195625759418], 'runtime': [1.1429, 1.1534, 2.455, 1.1012, 1.1142, 1.1147, 1.1203, 1.1234, 1.128, 1.0941, 1.2392, 1.1426, 1.1245, 1.16, 1.1363, 1.1419, 1.1328, 1.1349, 1.1404, 1.1322, 1.1144, 1.1229, 1.1449, 1.1408, 1.1329, 1.1077, 1.1062, 1.1193, 1.112, 1.1342, 1.1388, 1.1593, 1.1341, 1.1343, 1.1133, 1.1475, 1.1553, 1.1698, 1.1184, 1.1053, 1.1387, 1.1221, 1.1514, 1.1201, 1.3245, 1.1537, 1.1191, 1.1419], 'samples_per_second': [720.076, 713.518, 335.228, 747.397, 738.647, 738.299, 734.604, 732.584, 729.614, 752.224, 664.159, 720.262, 731.869, 709.5, 724.252, 720.723, 726.53, 725.203, 721.707, 726.898, 738.502, 732.911, 718.839, 721.417, 726.459, 743.006, 743.979, 735.31, 740.085, 725.593, 722.712, 709.913, 725.688, 725.552, 739.242, 717.218, 712.375, 703.568, 735.849, 744.585, 722.777, 733.465, 714.754, 734.738, 621.381, 713.362, 735.386, 720.707], 'steps_per_second': [22.748, 22.541, 10.59, 23.612, 23.335, 23.324, 23.207, 23.144, 23.05, 23.764, 20.982, 22.754, 23.121, 22.414, 22.88, 22.769, 22.952, 22.91, 22.8, 22.964, 23.331, 23.154, 22.709, 22.791, 22.95, 23.473, 23.504, 23.23, 23.381, 22.923, 22.832, 22.427, 22.926, 22.921, 23.354, 22.658, 22.505, 22.227, 23.247, 23.523, 22.834, 23.171, 22.58, 23.212, 19.631, 22.536, 23.232, 22.768]})

  0%|          | 0/650 [00:00<?, ?it/s]
  0%|          | 1/650 [00:01<14:24,  1.33s/it]
  0%|          | 2/650 [00:02<10:58,  1.02s/it]
  0%|          | 3/650 [00:02<09:51,  1.09it/s]
  1%|          | 4/650 [00:03<09:20,  1.15it/s]
  1%|          | 5/650 [00:04<09:02,  1.19it/s]
  1%|          | 6/650 [00:05<08:52,  1.21it/s]
  1%|          | 7/650 [00:06<08:44,  1.22it/s]
  1%|          | 8/650 [00:06<08:40,  1.23it/s]
  1%|▏         | 9/650 [00:07<08:36,  1.24it/s]
  2%|▏         | 10/650 [00:08<08:33,  1.25it/s]
  2%|▏         | 11/650 [00:09<08:32,  1.25it/s]
  2%|▏         | 12/650 [00:10<08:30,  1.25it/s]
  2%|▏         | 13/650 [00:10<08:18,  1.28it/s]
                                                

  2%|▏         | 13/650 [00:10<08:18,  1.28it/s]{'loss': 5.1492, 'grad_norm': 2.6488211154937744, 'learning_rate': 4.9e-05, 'epoch': 1.0}


  0%|          | 0/26 [00:00<?, ?it/s][A

 19%|█▉        | 5/26 [00:00<00:00, 38.06it/s][A

 35%|███▍      | 9/26 [00:00<00:00, 33.43it/s][A

 50%|█████     | 13/26 [00:00<00:00, 32.01it/s][A

 65%|██████▌   | 17/26 [00:00<00:00, 31.32it/s][A

 81%|████████  | 21/26 [00:00<00:00, 30.98it/s][A

 96%|█████████▌| 25/26 [00:00<00:00, 30.73it/s][A

                                               
[A
                                                

100%|██████████| 26/26 [00:00<00:00, 30.73it/s][A
  2%|▏         | 13/650 [00:11<08:18,  1.28it/s]

                                               [A{'eval_loss': 4.903155326843262, 'eval_macro_recall': 0.08888221604984611, 'eval_macro_precision': 0.04587940606674938, 'eval_macro_f1': 0.04363033843073406, 'eval_accuracy': 0.08262454434993925, 'eval_micro_recall': 0.08262454434993925, 'eval_micro_precision': 0.08262454434993925, 'eval_micro_f1': 0.08262454434993925, 'eval_runtime': 1.1007, 'eval_samples_per_second': 747.728, 'eval_steps_per_second': 23.622, 'epoch': 1.0}

  2%|▏         | 14/650 [00:15<20:57,  1.98s/it]
  2%|▏         | 15/650 [00:16<17:09,  1.62s/it]
  2%|▏         | 16/650 [00:17<14:30,  1.37s/it]
  3%|▎         | 17/650 [00:17<12:39,  1.20s/it]
  3%|▎         | 18/650 [00:18<11:21,  1.08s/it]
  3%|▎         | 19/650 [00:19<10:27,  1.01it/s]
  3%|▎         | 20/650 [00:20<09:49,  1.07it/s]
  3%|▎         | 21/650 [00:21<09:22,  1.12it/s]
  3%|▎         | 22/650 [00:21<09:02,  1.16it/s]
  4%|▎         | 23/650 [00:22<08:49,  1.18it/s]
  4%|▎         | 24/650 [00:23<08:40,  1.20it/s]
  4%|▍         | 25/650 [00:24<08:32,  1.22it/s]
  4%|▍         | 26/650 [00:25<08:20,  1.25it/s]
                                                

  4%|▍         | 26/650 [00:25<08:20,  1.25it/s]{'loss': 4.6568, 'grad_norm': 3.2164905071258545, 'learning_rate': 4.8e-05, 'epoch': 2.0}


  0%|          | 0/26 [00:00<?, ?it/s][A

 19%|█▉        | 5/26 [00:00<00:00, 38.03it/s][A

 35%|███▍      | 9/26 [00:00<00:00, 33.47it/s][A

 50%|█████     | 13/26 [00:00<00:00, 32.02it/s][A

 65%|██████▌   | 17/26 [00:00<00:00, 31.37it/s][A

 81%|████████  | 21/26 [00:00<00:00, 30.99it/s][A

 96%|█████████▌| 25/26 [00:00<00:00, 30.79it/s][A

                                               
[A
                                                

100%|██████████| 26/26 [00:00<00:00, 30.79it/s][A
  4%|▍         | 26/650 [00:26<08:20,  1.25it/s]

                                               [A{'eval_loss': 4.3236823081970215, 'eval_macro_recall': 0.19995641802000183, 'eval_macro_precision': 0.12337768810038875, 'eval_macro_f1': 0.12369793961245522, 'eval_accuracy': 0.20170109356014582, 'eval_micro_recall': 0.20170109356014582, 'eval_micro_precision': 0.20170109356014582, 'eval_micro_f1': 0.20170109356014582, 'eval_runtime': 1.1428, 'eval_samples_per_second': 720.171, 'eval_steps_per_second': 22.751, 'epoch': 2.0}

  4%|▍         | 27/650 [00:30<22:06,  2.13s/it]
  4%|▍         | 28/650 [00:31<17:55,  1.73s/it]
  4%|▍         | 29/650 [00:31<14:59,  1.45s/it]
  5%|▍         | 30/650 [00:32<12:56,  1.25s/it]
  5%|▍         | 31/650 [00:33<11:31,  1.12s/it]
  5%|▍         | 32/650 [00:34<10:30,  1.02s/it]
  5%|▌         | 33/650 [00:35<09:48,  1.05it/s]
  5%|▌         | 34/650 [00:35<09:18,  1.10it/s]
  5%|▌         | 35/650 [00:36<08:58,  1.14it/s]
  6%|▌         | 36/650 [00:37<08:42,  1.17it/s]
  6%|▌         | 37/650 [00:38<08:31,  1.20it/s]
  6%|▌         | 38/650 [00:39<08:24,  1.21it/s]
  6%|▌         | 39/650 [00:39<08:09,  1.25it/s]
                                                

  6%|▌         | 39/650 [00:39<08:09,  1.25it/s]{'loss': 4.1277, 'grad_norm': 3.6744284629821777, 'learning_rate': 4.7e-05, 'epoch': 3.0}


  0%|          | 0/26 [00:00<?, ?it/s][A

 19%|█▉        | 5/26 [00:00<00:00, 38.32it/s][A

 35%|███▍      | 9/26 [00:00<00:00, 33.62it/s][A

 50%|█████     | 13/26 [00:00<00:00, 32.16it/s][A

 65%|██████▌   | 17/26 [00:00<00:00, 31.48it/s][A

 81%|████████  | 21/26 [00:00<00:00, 31.12it/s][A

 96%|█████████▌| 25/26 [00:00<00:00, 30.92it/s][A

                                               
[A
                                                

100%|██████████| 26/26 [00:00<00:00, 30.92it/s][A
  6%|▌         | 39/650 [00:41<08:09,  1.25it/s]

                                               [A{'eval_loss': 3.824831008911133, 'eval_macro_recall': 0.26475823470043125, 'eval_macro_precision': 0.17036212956096364, 'eval_macro_f1': 0.18202053518553404, 'eval_accuracy': 0.26974483596597815, 'eval_micro_recall': 0.26974483596597815, 'eval_micro_precision': 0.26974483596597815, 'eval_micro_f1': 0.26974483596597815, 'eval_runtime': 1.1181, 'eval_samples_per_second': 736.08, 'eval_steps_per_second': 23.254, 'epoch': 3.0}

  6%|▌         | 40/650 [00:44<21:16,  2.09s/it]
  6%|▋         | 41/650 [00:45<17:17,  1.70s/it]
  6%|▋         | 42/650 [00:46<14:30,  1.43s/it]
  7%|▋         | 43/650 [00:47<12:33,  1.24s/it]
  7%|▋         | 44/650 [00:48<11:11,  1.11s/it]
  7%|▋         | 45/650 [00:48<10:15,  1.02s/it]
  7%|▋         | 46/650 [00:49<09:34,  1.05it/s]
  7%|▋         | 47/650 [00:50<09:05,  1.10it/s]
  7%|▋         | 48/650 [00:51<08:45,  1.15it/s]
  8%|▊         | 49/650 [00:52<08:31,  1.17it/s]
  8%|▊         | 50/650 [00:52<08:21,  1.20it/s]
  8%|▊         | 51/650 [00:53<08:14,  1.21it/s]
  8%|▊         | 52/650 [00:54<08:03,  1.24it/s]
                                                

  8%|▊         | 52/650 [00:54<08:03,  1.24it/s]{'loss': 3.6715, 'grad_norm': 3.1481311321258545, 'learning_rate': 4.600000000000001e-05, 'epoch': 4.0}


  0%|          | 0/26 [00:00<?, ?it/s][A

 19%|█▉        | 5/26 [00:00<00:00, 37.26it/s][A

 35%|███▍      | 9/26 [00:00<00:00, 33.09it/s][A

 50%|█████     | 13/26 [00:00<00:00, 31.80it/s][A

 65%|██████▌   | 17/26 [00:00<00:00, 31.19it/s][A

 81%|████████  | 21/26 [00:00<00:00, 30.87it/s][A

 96%|█████████▌| 25/26 [00:00<00:00, 30.64it/s][A

                                               
[A
                                                

100%|██████████| 26/26 [00:00<00:00, 30.64it/s][A
  8%|▊         | 52/650 [00:55<08:03,  1.24it/s]

                                               [A{'eval_loss': 3.3898181915283203, 'eval_macro_recall': 0.3439902743370951, 'eval_macro_precision': 0.23951663090446895, 'eval_macro_f1': 0.24939039959437775, 'eval_accuracy': 0.33171324422843257, 'eval_micro_recall': 0.33171324422843257, 'eval_micro_precision': 0.33171324422843257, 'eval_micro_f1': 0.33171324422843257, 'eval_runtime': 1.0797, 'eval_samples_per_second': 762.234, 'eval_steps_per_second': 24.08, 'epoch': 4.0}

  8%|▊         | 53/650 [00:59<20:52,  2.10s/it]
  8%|▊         | 54/650 [01:00<16:57,  1.71s/it]
  8%|▊         | 55/650 [01:01<14:13,  1.43s/it]
  9%|▊         | 56/650 [01:01<12:18,  1.24s/it]
  9%|▉         | 57/650 [01:02<10:58,  1.11s/it]
  9%|▉         | 58/650 [01:03<10:01,  1.02s/it]
  9%|▉         | 59/650 [01:04<09:22,  1.05it/s]
  9%|▉         | 60/650 [01:05<08:54,  1.10it/s]
  9%|▉         | 61/650 [01:05<08:34,  1.15it/s]
 10%|▉         | 62/650 [01:06<08:20,  1.18it/s]
 10%|▉         | 63/650 [01:07<08:10,  1.20it/s]
 10%|▉         | 64/650 [01:08<08:02,  1.21it/s]
 10%|█         | 65/650 [01:09<07:52,  1.24it/s]
                                                

 10%|█         | 65/650 [01:09<07:52,  1.24it/s]{'loss': 3.2826, 'grad_norm': 2.9818103313446045, 'learning_rate': 4.5e-05, 'epoch': 5.0}


  0%|          | 0/26 [00:00<?, ?it/s][A

 19%|█▉        | 5/26 [00:00<00:00, 38.13it/s][A

 35%|███▍      | 9/26 [00:00<00:00, 33.55it/s][A

 50%|█████     | 13/26 [00:00<00:00, 32.10it/s][A

 65%|██████▌   | 17/26 [00:00<00:00, 31.44it/s][A

 81%|████████  | 21/26 [00:00<00:00, 31.09it/s][A

 96%|█████████▌| 25/26 [00:00<00:00, 30.85it/s][A

                                               
[A
                                                

100%|██████████| 26/26 [00:00<00:00, 30.85it/s][A
 10%|█         | 65/650 [01:10<07:52,  1.24it/s]

                                               [A{'eval_loss': 3.0328495502471924, 'eval_macro_recall': 0.4069960546839159, 'eval_macro_precision': 0.2914904024649206, 'eval_macro_f1': 0.3030518314092309, 'eval_accuracy': 0.39246658566221143, 'eval_micro_recall': 0.39246658566221143, 'eval_micro_precision': 0.39246658566221143, 'eval_micro_f1': 0.39246658566221143, 'eval_runtime': 1.1405, 'eval_samples_per_second': 721.584, 'eval_steps_per_second': 22.796, 'epoch': 5.0}

 10%|█         | 66/650 [01:14<21:02,  2.16s/it]
 10%|█         | 67/650 [01:15<17:01,  1.75s/it]
 10%|█         | 68/650 [01:16<14:12,  1.47s/it]
 11%|█         | 69/650 [01:16<12:15,  1.27s/it]
 11%|█         | 70/650 [01:17<10:52,  1.13s/it]
 11%|█         | 71/650 [01:18<09:54,  1.03s/it]
 11%|█         | 72/650 [01:19<09:14,  1.04it/s]
 11%|█         | 73/650 [01:20<08:45,  1.10it/s]
 11%|█▏        | 74/650 [01:20<08:25,  1.14it/s]
 12%|█▏        | 75/650 [01:21<08:11,  1.17it/s]
 12%|█▏        | 76/650 [01:22<08:00,  1.19it/s]
 12%|█▏        | 77/650 [01:23<07:53,  1.21it/s]
 12%|█▏        | 78/650 [01:24<07:38,  1.25it/s]
                                                

 12%|█▏        | 78/650 [01:24<07:38,  1.25it/s]{'loss': 2.9538, 'grad_norm': 3.3261141777038574, 'learning_rate': 4.4000000000000006e-05, 'epoch': 6.0}


  0%|          | 0/26 [00:00<?, ?it/s][A

 19%|█▉        | 5/26 [00:00<00:00, 38.15it/s][A

 35%|███▍      | 9/26 [00:00<00:00, 33.51it/s][A

 50%|█████     | 13/26 [00:00<00:00, 32.12it/s][A

 65%|██████▌   | 17/26 [00:00<00:00, 31.43it/s][A

 81%|████████  | 21/26 [00:00<00:00, 31.06it/s][A

 96%|█████████▌| 25/26 [00:00<00:00, 30.88it/s][A

                                               
[A
                                                

100%|██████████| 26/26 [00:00<00:00, 30.88it/s][A
 12%|█▏        | 78/650 [01:25<07:38,  1.25it/s]

                                               [A{'eval_loss': 2.728062391281128, 'eval_macro_recall': 0.46173731535003215, 'eval_macro_precision': 0.3577960572760368, 'eval_macro_f1': 0.36730087507835885, 'eval_accuracy': 0.44835965978128794, 'eval_micro_recall': 0.44835965978128794, 'eval_micro_precision': 0.44835965978128794, 'eval_micro_f1': 0.44835965978128794, 'eval_runtime': 1.1513, 'eval_samples_per_second': 714.853, 'eval_steps_per_second': 22.583, 'epoch': 6.0}

 12%|█▏        | 79/650 [01:29<20:16,  2.13s/it]
 12%|█▏        | 80/650 [01:30<16:25,  1.73s/it]
 12%|█▏        | 81/650 [01:30<13:45,  1.45s/it]
 13%|█▎        | 82/650 [01:31<11:52,  1.26s/it]
 13%|█▎        | 83/650 [01:32<10:34,  1.12s/it]
 13%|█▎        | 84/650 [01:33<09:38,  1.02s/it]
 13%|█▎        | 85/650 [01:34<09:00,  1.05it/s]
 13%|█▎        | 86/650 [01:34<08:32,  1.10it/s]
 13%|█▎        | 87/650 [01:35<08:13,  1.14it/s]
 14%|█▎        | 88/650 [01:36<07:59,  1.17it/s]
 14%|█▎        | 89/650 [01:37<07:49,  1.19it/s]
 14%|█▍        | 90/650 [01:38<07:41,  1.21it/s]
 14%|█▍        | 91/650 [01:38<07:29,  1.24it/s]
                                                

 14%|█▍        | 91/650 [01:38<07:29,  1.24it/s]{'loss': 2.6697, 'grad_norm': 3.0901999473571777, 'learning_rate': 4.3e-05, 'epoch': 7.0}


  0%|          | 0/26 [00:00<?, ?it/s][A

 19%|█▉        | 5/26 [00:00<00:00, 38.36it/s][A

 35%|███▍      | 9/26 [00:00<00:00, 33.61it/s][A

 50%|█████     | 13/26 [00:00<00:00, 32.18it/s][A

 65%|██████▌   | 17/26 [00:00<00:00, 31.46it/s][A

 81%|████████  | 21/26 [00:00<00:00, 31.09it/s][A

 96%|█████████▌| 25/26 [00:00<00:00, 30.87it/s][A

                                               
[A
                                                

100%|██████████| 26/26 [00:00<00:00, 30.87it/s][A
 14%|█▍        | 91/650 [01:40<07:29,  1.24it/s]

                                               [A{'eval_loss': 2.4836580753326416, 'eval_macro_recall': 0.47733048903569136, 'eval_macro_precision': 0.39290043640541455, 'eval_macro_f1': 0.388779418939757, 'eval_accuracy': 0.4726609963547995, 'eval_micro_recall': 0.4726609963547995, 'eval_micro_precision': 0.4726609963547995, 'eval_micro_f1': 0.4726609963547995, 'eval_runtime': 1.13, 'eval_samples_per_second': 728.315, 'eval_steps_per_second': 23.009, 'epoch': 7.0}

 14%|█▍        | 92/650 [01:44<19:57,  2.15s/it]
 14%|█▍        | 93/650 [01:44<16:09,  1.74s/it]
 14%|█▍        | 94/650 [01:45<13:30,  1.46s/it]
 15%|█▍        | 95/650 [01:46<11:39,  1.26s/it]
 15%|█▍        | 96/650 [01:47<10:21,  1.12s/it]
 15%|█▍        | 97/650 [01:48<09:27,  1.03s/it]
 15%|█▌        | 98/650 [01:48<08:48,  1.04it/s]
 15%|█▌        | 99/650 [01:49<08:21,  1.10it/s]
 15%|█▌        | 100/650 [01:50<08:02,  1.14it/s]
 16%|█▌        | 101/650 [01:51<07:49,  1.17it/s]
 16%|█▌        | 102/650 [01:52<07:38,  1.19it/s]
 16%|█▌        | 103/650 [01:52<07:31,  1.21it/s]
 16%|█▌        | 104/650 [01:53<07:22,  1.23it/s]
                                                 

 16%|█▌        | 104/650 [01:53<07:22,  1.23it/s]{'loss': 2.4343, 'grad_norm': 3.3655149936676025, 'learning_rate': 4.2e-05, 'epoch': 8.0}


  0%|          | 0/26 [00:00<?, ?it/s][A

 19%|█▉        | 5/26 [00:00<00:00, 37.89it/s][A

 35%|███▍      | 9/26 [00:00<00:00, 33.42it/s][A

 50%|█████     | 13/26 [00:00<00:00, 32.08it/s][A

 65%|██████▌   | 17/26 [00:00<00:00, 31.46it/s][A

 81%|████████  | 21/26 [00:00<00:00, 31.09it/s][A

 96%|█████████▌| 25/26 [00:00<00:00, 30.86it/s][A

                                               
[A
                                                 

100%|██████████| 26/26 [00:00<00:00, 30.86it/s][A
 16%|█▌        | 104/650 [01:54<07:22,  1.23it/s]

                                               [A{'eval_loss': 2.276729106903076, 'eval_macro_recall': 0.504640333975594, 'eval_macro_precision': 0.4109857235227454, 'eval_macro_f1': 0.4178037431148311, 'eval_accuracy': 0.503037667071689, 'eval_micro_recall': 0.503037667071689, 'eval_micro_precision': 0.503037667071689, 'eval_micro_f1': 0.503037667071689, 'eval_runtime': 1.148, 'eval_samples_per_second': 716.898, 'eval_steps_per_second': 22.648, 'epoch': 8.0}

 16%|█▌        | 105/650 [01:58<19:35,  2.16s/it]
 16%|█▋        | 106/650 [01:59<15:51,  1.75s/it]
 16%|█▋        | 107/650 [02:00<13:14,  1.46s/it]
 17%|█▋        | 108/650 [02:01<11:25,  1.26s/it]
 17%|█▋        | 109/650 [02:02<10:08,  1.12s/it]
 17%|█▋        | 110/650 [02:02<09:14,  1.03s/it]
 17%|█▋        | 111/650 [02:03<08:36,  1.04it/s]
 17%|█▋        | 112/650 [02:04<08:10,  1.10it/s]
 17%|█▋        | 113/650 [02:05<07:51,  1.14it/s]
 18%|█▊        | 114/650 [02:06<07:38,  1.17it/s]
 18%|█▊        | 115/650 [02:06<07:28,  1.19it/s]
 18%|█▊        | 116/650 [02:07<07:22,  1.21it/s]
 18%|█▊        | 117/650 [02:08<07:08,  1.24it/s]
                                                 

 18%|█▊        | 117/650 [02:08<07:08,  1.24it/s]{'loss': 2.2273, 'grad_norm': 3.7483150959014893, 'learning_rate': 4.1e-05, 'epoch': 9.0}


  0%|          | 0/26 [00:00<?, ?it/s][A

 19%|█▉        | 5/26 [00:00<00:00, 38.24it/s][A

 35%|███▍      | 9/26 [00:00<00:00, 33.53it/s][A

 50%|█████     | 13/26 [00:00<00:00, 32.12it/s][A

 65%|██████▌   | 17/26 [00:00<00:00, 31.45it/s][A

 81%|████████  | 21/26 [00:00<00:00, 31.07it/s][A

 96%|█████████▌| 25/26 [00:00<00:00, 30.86it/s][A

                                               
[A
                                                 

100%|██████████| 26/26 [00:00<00:00, 30.86it/s][A
 18%|█▊        | 117/650 [02:09<07:08,  1.24it/s]

                                               [A{'eval_loss': 2.081998109817505, 'eval_macro_recall': 0.5391756124415084, 'eval_macro_precision': 0.45669762730843294, 'eval_macro_f1': 0.46207820163685204, 'eval_accuracy': 0.5467800729040098, 'eval_micro_recall': 0.5467800729040098, 'eval_micro_precision': 0.5467800729040098, 'eval_micro_f1': 0.5467800729040098, 'eval_runtime': 1.108, 'eval_samples_per_second': 742.773, 'eval_steps_per_second': 23.466, 'epoch': 9.0}

 18%|█▊        | 118/650 [02:13<19:01,  2.15s/it]
 18%|█▊        | 119/650 [02:14<15:24,  1.74s/it]
 18%|█▊        | 120/650 [02:15<12:53,  1.46s/it]
 19%|█▊        | 121/650 [02:16<11:07,  1.26s/it]
 19%|█▉        | 122/650 [02:16<09:52,  1.12s/it]
 19%|█▉        | 123/650 [02:17<09:00,  1.03s/it]
 19%|█▉        | 124/650 [02:18<08:24,  1.04it/s]
 19%|█▉        | 125/650 [02:19<07:58,  1.10it/s]
 19%|█▉        | 126/650 [02:20<07:39,  1.14it/s]
 20%|█▉        | 127/650 [02:20<07:27,  1.17it/s]
 20%|█▉        | 128/650 [02:21<07:17,  1.19it/s]
 20%|█▉        | 129/650 [02:22<07:10,  1.21it/s]
 20%|██        | 130/650 [02:23<06:58,  1.24it/s]
                                                 

 20%|██        | 130/650 [02:23<06:58,  1.24it/s]{'loss': 2.0421, 'grad_norm': 2.974271774291992, 'learning_rate': 4e-05, 'epoch': 10.0}


  0%|          | 0/26 [00:00<?, ?it/s][A

 19%|█▉        | 5/26 [00:00<00:00, 37.69it/s][A

 35%|███▍      | 9/26 [00:00<00:00, 33.34it/s][A

 50%|█████     | 13/26 [00:00<00:00, 32.01it/s][A

 65%|██████▌   | 17/26 [00:00<00:00, 31.36it/s][A

 81%|████████  | 21/26 [00:00<00:00, 31.02it/s][A

 96%|█████████▌| 25/26 [00:00<00:00, 30.82it/s][A

                                               
[A
                                                 

100%|██████████| 26/26 [00:00<00:00, 30.82it/s][A
 20%|██        | 130/650 [02:24<06:58,  1.24it/s]

                                               [A{'eval_loss': 1.9187281131744385, 'eval_macro_recall': 0.5458046609780713, 'eval_macro_precision': 0.47377071725121567, 'eval_macro_f1': 0.47187224256800014, 'eval_accuracy': 0.5504252733900364, 'eval_micro_recall': 0.5504252733900364, 'eval_micro_precision': 0.5504252733900364, 'eval_micro_f1': 0.5504252733900364, 'eval_runtime': 1.0923, 'eval_samples_per_second': 753.473, 'eval_steps_per_second': 23.804, 'epoch': 10.0}

 20%|██        | 131/650 [02:28<18:19,  2.12s/it]
 20%|██        | 132/650 [02:29<14:52,  1.72s/it]
 20%|██        | 133/650 [02:30<12:27,  1.45s/it]
 21%|██        | 134/650 [02:30<10:46,  1.25s/it]
 21%|██        | 135/650 [02:31<09:34,  1.12s/it]
 21%|██        | 136/650 [02:32<08:44,  1.02s/it]
 21%|██        | 137/650 [02:33<08:09,  1.05it/s]
 21%|██        | 138/650 [02:34<07:44,  1.10it/s]
 21%|██▏       | 139/650 [02:34<07:27,  1.14it/s]
 22%|██▏       | 140/650 [02:35<07:14,  1.17it/s]
 22%|██▏       | 141/650 [02:36<07:06,  1.19it/s]
 22%|██▏       | 142/650 [02:37<06:59,  1.21it/s]
 22%|██▏       | 143/650 [02:38<06:47,  1.25it/s]
                                                 

 22%|██▏       | 143/650 [02:38<06:47,  1.25it/s]{'loss': 1.8823, 'grad_norm': 3.257873058319092, 'learning_rate': 3.9000000000000006e-05, 'epoch': 11.0}


  0%|          | 0/26 [00:00<?, ?it/s][A

 19%|█▉        | 5/26 [00:00<00:00, 37.83it/s][A

 35%|███▍      | 9/26 [00:00<00:00, 33.42it/s][A

 50%|█████     | 13/26 [00:00<00:00, 31.96it/s][A

 65%|██████▌   | 17/26 [00:00<00:00, 31.31it/s][A

 81%|████████  | 21/26 [00:00<00:00, 30.94it/s][A

 96%|█████████▌| 25/26 [00:00<00:00, 30.72it/s][A

                                               
[A
                                                 

100%|██████████| 26/26 [00:00<00:00, 30.72it/s][A
 22%|██▏       | 143/650 [02:39<06:47,  1.25it/s]

                                               [A{'eval_loss': 1.7595757246017456, 'eval_macro_recall': 0.5900426644646298, 'eval_macro_precision': 0.5085129745072704, 'eval_macro_f1': 0.5151895271726359, 'eval_accuracy': 0.5905224787363305, 'eval_micro_recall': 0.5905224787363305, 'eval_micro_precision': 0.5905224787363305, 'eval_micro_f1': 0.5905224787363305, 'eval_runtime': 1.1387, 'eval_samples_per_second': 722.73, 'eval_steps_per_second': 22.832, 'epoch': 11.0}

 22%|██▏       | 144/650 [02:43<18:25,  2.18s/it]
 22%|██▏       | 145/650 [02:44<14:52,  1.77s/it]
 22%|██▏       | 146/650 [02:45<12:24,  1.48s/it]
 23%|██▎       | 147/650 [02:45<10:40,  1.27s/it]
 23%|██▎       | 148/650 [02:46<09:28,  1.13s/it]
 23%|██▎       | 149/650 [02:47<08:37,  1.03s/it]
 23%|██▎       | 150/650 [02:48<08:01,  1.04it/s]
 23%|██▎       | 151/650 [02:49<07:35,  1.09it/s]
 23%|██▎       | 152/650 [02:49<07:17,  1.14it/s]
 24%|██▎       | 153/650 [02:50<07:04,  1.17it/s]
 24%|██▎       | 154/650 [02:51<06:55,  1.19it/s]
 24%|██▍       | 155/650 [02:52<06:48,  1.21it/s]
 24%|██▍       | 156/650 [02:52<06:38,  1.24it/s]
                                                 

 24%|██▍       | 156/650 [02:52<06:38,  1.24it/s]{'loss': 1.7342, 'grad_norm': 3.952368974685669, 'learning_rate': 3.8e-05, 'epoch': 12.0}


  0%|          | 0/26 [00:00<?, ?it/s][A

 19%|█▉        | 5/26 [00:00<00:00, 38.24it/s][A

 35%|███▍      | 9/26 [00:00<00:00, 33.58it/s][A

 50%|█████     | 13/26 [00:00<00:00, 32.16it/s][A

 65%|██████▌   | 17/26 [00:00<00:00, 31.46it/s][A

 81%|████████  | 21/26 [00:00<00:00, 31.09it/s][A

 96%|█████████▌| 25/26 [00:00<00:00, 30.87it/s][A

                                               
[A
                                                 

100%|██████████| 26/26 [00:00<00:00, 30.87it/s][A
 24%|██▍       | 156/650 [02:54<06:38,  1.24it/s]

                                               [A{'eval_loss': 1.632152795791626, 'eval_macro_recall': 0.5968276906138178, 'eval_macro_precision': 0.5185034201601256, 'eval_macro_f1': 0.5262361972154559, 'eval_accuracy': 0.5941676792223572, 'eval_micro_recall': 0.5941676792223572, 'eval_micro_precision': 0.5941676792223572, 'eval_micro_f1': 0.5941676792223572, 'eval_runtime': 1.1438, 'eval_samples_per_second': 719.546, 'eval_steps_per_second': 22.732, 'epoch': 12.0}

 24%|██▍       | 157/650 [02:58<17:41,  2.15s/it]
 24%|██▍       | 158/650 [02:59<14:19,  1.75s/it]
 24%|██▍       | 159/650 [02:59<11:57,  1.46s/it]
 25%|██▍       | 160/650 [03:00<10:18,  1.26s/it]
 25%|██▍       | 161/650 [03:01<09:09,  1.12s/it]
 25%|██▍       | 162/650 [03:02<08:21,  1.03s/it]
 25%|██▌       | 163/650 [03:03<07:47,  1.04it/s]
 25%|██▌       | 164/650 [03:03<07:22,  1.10it/s]
 25%|██▌       | 165/650 [03:04<07:05,  1.14it/s]
 26%|██▌       | 166/650 [03:05<06:52,  1.17it/s]
 26%|██▌       | 167/650 [03:06<06:44,  1.19it/s]
 26%|██▌       | 168/650 [03:07<06:38,  1.21it/s]
 26%|██▌       | 169/650 [03:07<06:25,  1.25it/s]
                                                 

 26%|██▌       | 169/650 [03:07<06:25,  1.25it/s]{'loss': 1.6028, 'grad_norm': 3.0472159385681152, 'learning_rate': 3.7e-05, 'epoch': 13.0}


  0%|          | 0/26 [00:00<?, ?it/s][A

 19%|█▉        | 5/26 [00:00<00:00, 37.82it/s][A

 35%|███▍      | 9/26 [00:00<00:00, 33.36it/s][A

 50%|█████     | 13/26 [00:00<00:00, 31.97it/s][A

 65%|██████▌   | 17/26 [00:00<00:00, 31.31it/s][A

 81%|████████  | 21/26 [00:00<00:00, 30.95it/s][A

 96%|█████████▌| 25/26 [00:00<00:00, 30.71it/s][A

                                               
[A
                                                 

100%|██████████| 26/26 [00:00<00:00, 30.71it/s][A
 26%|██▌       | 169/650 [03:08<06:25,  1.25it/s]

                                               [A{'eval_loss': 1.5304348468780518, 'eval_macro_recall': 0.614925681255161, 'eval_macro_precision': 0.5564517686783308, 'eval_macro_f1': 0.5491669541194252, 'eval_accuracy': 0.6087484811664642, 'eval_micro_recall': 0.6087484811664642, 'eval_micro_precision': 0.6087484811664642, 'eval_micro_f1': 0.6087484811664642, 'eval_runtime': 1.1301, 'eval_samples_per_second': 728.222, 'eval_steps_per_second': 23.006, 'epoch': 13.0}

 26%|██▌       | 170/650 [03:13<17:05,  2.14s/it]
 26%|██▋       | 171/650 [03:13<13:50,  1.73s/it]
 26%|██▋       | 172/650 [03:14<11:34,  1.45s/it]
 27%|██▋       | 173/650 [03:15<09:59,  1.26s/it]
 27%|██▋       | 174/650 [03:16<08:53,  1.12s/it]
 27%|██▋       | 175/650 [03:17<08:06,  1.02s/it]
 27%|██▋       | 176/650 [03:17<07:33,  1.05it/s]
 27%|██▋       | 177/650 [03:18<07:09,  1.10it/s]
 27%|██▋       | 178/650 [03:19<06:53,  1.14it/s]
 28%|██▊       | 179/650 [03:20<06:41,  1.17it/s]
 28%|██▊       | 180/650 [03:21<06:33,  1.20it/s]
 28%|██▊       | 181/650 [03:21<06:26,  1.21it/s]
 28%|██▊       | 182/650 [03:22<06:14,  1.25it/s]
                                                 

 28%|██▊       | 182/650 [03:22<06:14,  1.25it/s]{'loss': 1.4891, 'grad_norm': 3.4679946899414062, 'learning_rate': 3.6e-05, 'epoch': 14.0}


  0%|          | 0/26 [00:00<?, ?it/s][A

 19%|█▉        | 5/26 [00:00<00:00, 37.96it/s][A

 35%|███▍      | 9/26 [00:00<00:00, 33.45it/s][A

 50%|█████     | 13/26 [00:00<00:00, 32.03it/s][A

 65%|██████▌   | 17/26 [00:00<00:00, 31.35it/s][A

 81%|████████  | 21/26 [00:00<00:00, 30.96it/s][A

 96%|█████████▌| 25/26 [00:00<00:00, 30.74it/s][A

                                               
[A
                                                 

100%|██████████| 26/26 [00:00<00:00, 30.74it/s][A
 28%|██▊       | 182/650 [03:23<06:14,  1.25it/s]

                                               [A{'eval_loss': 1.4335997104644775, 'eval_macro_recall': 0.6221235893201211, 'eval_macro_precision': 0.5633166087557719, 'eval_macro_f1': 0.5582760262854232, 'eval_accuracy': 0.6136087484811664, 'eval_micro_recall': 0.6136087484811664, 'eval_micro_precision': 0.6136087484811664, 'eval_micro_f1': 0.6136087484811664, 'eval_runtime': 1.1258, 'eval_samples_per_second': 731.013, 'eval_steps_per_second': 23.094, 'epoch': 14.0}

 28%|██▊       | 183/650 [03:27<16:41,  2.14s/it]
 28%|██▊       | 184/650 [03:28<13:31,  1.74s/it]
 28%|██▊       | 185/650 [03:29<11:18,  1.46s/it]
 29%|██▊       | 186/650 [03:30<09:45,  1.26s/it]
 29%|██▉       | 187/650 [03:31<08:39,  1.12s/it]
 29%|██▉       | 188/650 [03:31<07:53,  1.03s/it]
 29%|██▉       | 189/650 [03:32<07:21,  1.04it/s]
 29%|██▉       | 190/650 [03:33<06:58,  1.10it/s]
 29%|██▉       | 191/650 [03:34<06:42,  1.14it/s]
 30%|██▉       | 192/650 [03:35<06:31,  1.17it/s]
 30%|██▉       | 193/650 [03:35<06:22,  1.19it/s]
 30%|██▉       | 194/650 [03:36<06:16,  1.21it/s]
 30%|███       | 195/650 [03:37<06:04,  1.25it/s]
                                                 

 30%|███       | 195/650 [03:37<06:04,  1.25it/s]{'loss': 1.3814, 'grad_norm': 3.3422725200653076, 'learning_rate': 3.5e-05, 'epoch': 15.0}


  0%|          | 0/26 [00:00<?, ?it/s][A

 19%|█▉        | 5/26 [00:00<00:00, 37.87it/s][A

 35%|███▍      | 9/26 [00:00<00:00, 33.31it/s][A

 50%|█████     | 13/26 [00:00<00:00, 31.95it/s][A

 65%|██████▌   | 17/26 [00:00<00:00, 31.29it/s][A

 81%|████████  | 21/26 [00:00<00:00, 30.91it/s][A

 96%|█████████▌| 25/26 [00:00<00:00, 30.66it/s][A

                                               
[A
                                                 

100%|██████████| 26/26 [00:00<00:00, 30.66it/s][A
 30%|███       | 195/650 [03:38<06:04,  1.25it/s]

                                               [A{'eval_loss': 1.360349178314209, 'eval_macro_recall': 0.6359230204605927, 'eval_macro_precision': 0.5838451449000581, 'eval_macro_f1': 0.5749051650473356, 'eval_accuracy': 0.6257594167679222, 'eval_micro_recall': 0.6257594167679222, 'eval_micro_precision': 0.6257594167679222, 'eval_micro_f1': 0.6257594167679222, 'eval_runtime': 1.1403, 'eval_samples_per_second': 721.757, 'eval_steps_per_second': 22.802, 'epoch': 15.0}

 30%|███       | 196/650 [03:42<16:02,  2.12s/it]
 30%|███       | 197/650 [03:43<13:00,  1.72s/it]
 30%|███       | 198/650 [03:44<10:53,  1.45s/it]
 31%|███       | 199/650 [03:45<09:24,  1.25s/it]
 31%|███       | 200/650 [03:45<08:22,  1.12s/it]
 31%|███       | 201/650 [03:46<07:38,  1.02s/it]
 31%|███       | 202/650 [03:47<07:08,  1.05it/s]
 31%|███       | 203/650 [03:48<06:46,  1.10it/s]
 31%|███▏      | 204/650 [03:48<06:30,  1.14it/s]
 32%|███▏      | 205/650 [03:49<06:19,  1.17it/s]
 32%|███▏      | 206/650 [03:50<06:11,  1.19it/s]
 32%|███▏      | 207/650 [03:51<06:05,  1.21it/s]
 32%|███▏      | 208/650 [03:52<05:54,  1.25it/s]
                                                 

 32%|███▏      | 208/650 [03:52<05:54,  1.25it/s]{'loss': 1.3083, 'grad_norm': 3.383060932159424, 'learning_rate': 3.4000000000000007e-05, 'epoch': 16.0}


  0%|          | 0/26 [00:00<?, ?it/s][A

 19%|█▉        | 5/26 [00:00<00:00, 38.14it/s][A

 35%|███▍      | 9/26 [00:00<00:00, 33.39it/s][A

 50%|█████     | 13/26 [00:00<00:00, 31.97it/s][A

 65%|██████▌   | 17/26 [00:00<00:00, 31.32it/s][A

 81%|████████  | 21/26 [00:00<00:00, 30.97it/s][A

 96%|█████████▌| 25/26 [00:00<00:00, 30.77it/s][A

                                               
[A
                                                 

100%|██████████| 26/26 [00:00<00:00, 30.77it/s][A
 32%|███▏      | 208/650 [03:53<05:54,  1.25it/s]

                                               [A{'eval_loss': 1.278116226196289, 'eval_macro_recall': 0.6473988439306358, 'eval_macro_precision': 0.5931147001766107, 'eval_macro_f1': 0.5879085928734159, 'eval_accuracy': 0.6415552855407047, 'eval_micro_recall': 0.6415552855407047, 'eval_micro_precision': 0.6415552855407047, 'eval_micro_f1': 0.6415552855407047, 'eval_runtime': 1.1118, 'eval_samples_per_second': 740.256, 'eval_steps_per_second': 23.386, 'epoch': 16.0}

 32%|███▏      | 209/650 [03:57<16:12,  2.20s/it]
 32%|███▏      | 210/650 [03:58<13:04,  1.78s/it]
 32%|███▏      | 211/650 [03:59<10:53,  1.49s/it]
 33%|███▎      | 212/650 [04:00<09:21,  1.28s/it]
 33%|███▎      | 213/650 [04:00<08:16,  1.14s/it]
 33%|███▎      | 214/650 [04:01<07:31,  1.04s/it]
 33%|███▎      | 215/650 [04:02<06:59,  1.04it/s]
 33%|███▎      | 216/650 [04:03<06:36,  1.09it/s]
 33%|███▎      | 217/650 [04:04<06:21,  1.14it/s]
 34%|███▎      | 218/650 [04:04<06:10,  1.17it/s]
 34%|███▎      | 219/650 [04:05<06:02,  1.19it/s]
 34%|███▍      | 220/650 [04:06<05:56,  1.21it/s]
 34%|███▍      | 221/650 [04:07<05:46,  1.24it/s]
                                                 

 34%|███▍      | 221/650 [04:07<05:46,  1.24it/s]{'loss': 1.2363, 'grad_norm': 4.038351535797119, 'learning_rate': 3.3e-05, 'epoch': 17.0}


  0%|          | 0/26 [00:00<?, ?it/s][A

 19%|█▉        | 5/26 [00:00<00:00, 38.31it/s][A

 35%|███▍      | 9/26 [00:00<00:00, 33.58it/s][A

 50%|█████     | 13/26 [00:00<00:00, 32.10it/s][A

 65%|██████▌   | 17/26 [00:00<00:00, 31.44it/s][A

 81%|████████  | 21/26 [00:00<00:00, 31.09it/s][A

 96%|█████████▌| 25/26 [00:00<00:00, 30.89it/s][A

                                               
[A
                                                 

100%|██████████| 26/26 [00:00<00:00, 30.89it/s][A
 34%|███▍      | 221/650 [04:08<05:46,  1.24it/s]

                                               [A{'eval_loss': 1.24491548538208, 'eval_macro_recall': 0.6505849160473438, 'eval_macro_precision': 0.6054778027131236, 'eval_macro_f1': 0.5955760385215099, 'eval_accuracy': 0.6391251518833536, 'eval_micro_recall': 0.6391251518833536, 'eval_micro_precision': 0.6391251518833536, 'eval_micro_f1': 0.6391251518833536, 'eval_runtime': 1.0958, 'eval_samples_per_second': 751.082, 'eval_steps_per_second': 23.728, 'epoch': 17.0}

 34%|███▍      | 222/650 [04:12<14:49,  2.08s/it]
 34%|███▍      | 223/650 [04:13<12:03,  1.69s/it]
 34%|███▍      | 224/650 [04:13<10:07,  1.43s/it]
 35%|███▍      | 225/650 [04:14<08:46,  1.24s/it]
 35%|███▍      | 226/650 [04:15<07:49,  1.11s/it]
 35%|███▍      | 227/650 [04:16<07:08,  1.01s/it]
 35%|███▌      | 228/650 [04:17<06:40,  1.05it/s]
 35%|███▌      | 229/650 [04:17<06:20,  1.10it/s]
 35%|███▌      | 230/650 [04:18<06:06,  1.15it/s]
 36%|███▌      | 231/650 [04:19<05:56,  1.17it/s]
 36%|███▌      | 232/650 [04:20<05:49,  1.20it/s]
 36%|███▌      | 233/650 [04:21<05:44,  1.21it/s]
 36%|███▌      | 234/650 [04:21<05:36,  1.24it/s]
                                                 

 36%|███▌      | 234/650 [04:21<05:36,  1.24it/s]{'loss': 1.182, 'grad_norm': 3.0744199752807617, 'learning_rate': 3.2000000000000005e-05, 'epoch': 18.0}


  0%|          | 0/26 [00:00<?, ?it/s][A

 19%|█▉        | 5/26 [00:00<00:00, 38.11it/s][A

 35%|███▍      | 9/26 [00:00<00:00, 33.50it/s][A

 50%|█████     | 13/26 [00:00<00:00, 32.13it/s][A

 65%|██████▌   | 17/26 [00:00<00:00, 31.47it/s][A

 81%|████████  | 21/26 [00:00<00:00, 31.09it/s][A

 96%|█████████▌| 25/26 [00:00<00:00, 30.87it/s][A

                                               
[A
                                                 

100%|██████████| 26/26 [00:00<00:00, 30.87it/s][A
 36%|███▌      | 234/650 [04:22<05:36,  1.24it/s]

                                               [A{'eval_loss': 1.1984883546829224, 'eval_macro_recall': 0.6702541517570418, 'eval_macro_precision': 0.6167283871998523, 'eval_macro_f1': 0.6122664504431358, 'eval_accuracy': 0.6561360874848117, 'eval_micro_recall': 0.6561360874848117, 'eval_micro_precision': 0.6561360874848117, 'eval_micro_f1': 0.6561360874848117, 'eval_runtime': 1.1221, 'eval_samples_per_second': 733.432, 'eval_steps_per_second': 23.17, 'epoch': 18.0}

 36%|███▌      | 235/650 [04:27<15:05,  2.18s/it]
 36%|███▋      | 236/650 [04:27<12:11,  1.77s/it]
 36%|███▋      | 237/650 [04:28<10:10,  1.48s/it]
 37%|███▋      | 238/650 [04:29<08:45,  1.27s/it]
 37%|███▋      | 239/650 [04:30<07:45,  1.13s/it]
 37%|███▋      | 240/650 [04:31<07:03,  1.03s/it]
 37%|███▋      | 241/650 [04:31<06:33,  1.04it/s]
 37%|███▋      | 242/650 [04:32<06:12,  1.10it/s]
 37%|███▋      | 243/650 [04:33<05:58,  1.14it/s]
 38%|███▊      | 244/650 [04:34<05:47,  1.17it/s]
 38%|███▊      | 245/650 [04:35<05:40,  1.19it/s]
 38%|███▊      | 246/650 [04:35<05:34,  1.21it/s]
 38%|███▊      | 247/650 [04:36<05:25,  1.24it/s]
                                                 

 38%|███▊      | 247/650 [04:36<05:25,  1.24it/s]{'loss': 1.1255, 'grad_norm': 2.4979424476623535, 'learning_rate': 3.1e-05, 'epoch': 19.0}


  0%|          | 0/26 [00:00<?, ?it/s][A

 19%|█▉        | 5/26 [00:00<00:00, 38.09it/s][A

 35%|███▍      | 9/26 [00:00<00:00, 33.41it/s][A

 50%|█████     | 13/26 [00:00<00:00, 32.00it/s][A

 65%|██████▌   | 17/26 [00:00<00:00, 31.34it/s][A

 81%|████████  | 21/26 [00:00<00:00, 30.91it/s][A

 96%|█████████▌| 25/26 [00:00<00:00, 30.73it/s][A

                                               
[A
                                                 

100%|██████████| 26/26 [00:00<00:00, 30.73it/s][A
 38%|███▊      | 247/650 [04:37<05:25,  1.24it/s]

                                               [A{'eval_loss': 1.1619106531143188, 'eval_macro_recall': 0.6513648041104689, 'eval_macro_precision': 0.6100120817380432, 'eval_macro_f1': 0.5956451278556276, 'eval_accuracy': 0.6464155528554071, 'eval_micro_recall': 0.6464155528554071, 'eval_micro_precision': 0.6464155528554071, 'eval_micro_f1': 0.6464155528554071, 'eval_runtime': 1.1731, 'eval_samples_per_second': 701.564, 'eval_steps_per_second': 22.164, 'epoch': 19.0}

 38%|███▊      | 248/650 [04:41<13:53,  2.07s/it]
 38%|███▊      | 249/650 [04:42<11:17,  1.69s/it]
 38%|███▊      | 250/650 [04:43<09:29,  1.42s/it]
 39%|███▊      | 251/650 [04:44<08:13,  1.24s/it]
 39%|███▉      | 252/650 [04:44<07:19,  1.11s/it]
 39%|███▉      | 253/650 [04:45<06:42,  1.01s/it]
 39%|███▉      | 254/650 [04:46<06:15,  1.05it/s]
 39%|███▉      | 255/650 [04:47<05:57,  1.11it/s]
 39%|███▉      | 256/650 [04:48<05:43,  1.15it/s]
 40%|███▉      | 257/650 [04:48<05:34,  1.17it/s]
 40%|███▉      | 258/650 [04:49<05:27,  1.20it/s]
 40%|███▉      | 259/650 [04:50<05:22,  1.21it/s]
 40%|████      | 260/650 [04:51<05:14,  1.24it/s]
                                                 

 40%|████      | 260/650 [04:51<05:14,  1.24it/s]{'loss': 1.079, 'grad_norm': 3.218087673187256, 'learning_rate': 3e-05, 'epoch': 20.0}


  0%|          | 0/26 [00:00<?, ?it/s][A

 19%|█▉        | 5/26 [00:00<00:00, 38.09it/s][A

 35%|███▍      | 9/26 [00:00<00:00, 33.53it/s][A

 50%|█████     | 13/26 [00:00<00:00, 32.13it/s][A

 65%|██████▌   | 17/26 [00:00<00:00, 31.46it/s][A

 81%|████████  | 21/26 [00:00<00:00, 31.07it/s][A

 96%|█████████▌| 25/26 [00:00<00:00, 30.84it/s][A

                                               
[A
                                                 

100%|██████████| 26/26 [00:00<00:00, 30.84it/s][A
 40%|████      | 260/650 [04:52<05:14,  1.24it/s]

                                               [A{'eval_loss': 1.1212877035140991, 'eval_macro_recall': 0.6685062849802735, 'eval_macro_precision': 0.6092232464152147, 'eval_macro_f1': 0.6088976095060671, 'eval_accuracy': 0.6524908869987849, 'eval_micro_recall': 0.6524908869987849, 'eval_micro_precision': 0.6524908869987849, 'eval_micro_f1': 0.6524908869987849, 'eval_runtime': 1.1078, 'eval_samples_per_second': 742.927, 'eval_steps_per_second': 23.47, 'epoch': 20.0}

 40%|████      | 261/650 [04:56<13:29,  2.08s/it]
 40%|████      | 262/650 [04:57<10:58,  1.70s/it]
 40%|████      | 263/650 [04:57<09:12,  1.43s/it]
 41%|████      | 264/650 [04:58<07:58,  1.24s/it]
 41%|████      | 265/650 [04:59<07:06,  1.11s/it]
 41%|████      | 266/650 [05:00<06:29,  1.02s/it]
 41%|████      | 267/650 [05:01<06:04,  1.05it/s]
 41%|████      | 268/650 [05:01<05:45,  1.10it/s]
 41%|████▏     | 269/650 [05:02<05:32,  1.14it/s]
 42%|████▏     | 270/650 [05:03<05:23,  1.17it/s]
 42%|████▏     | 271/650 [05:04<05:17,  1.20it/s]
 42%|████▏     | 272/650 [05:05<05:11,  1.21it/s]
 42%|████▏     | 273/650 [05:05<05:02,  1.25it/s]
                                                 

 42%|████▏     | 273/650 [05:05<05:02,  1.25it/s]{'loss': 1.0406, 'grad_norm': 3.2389087677001953, 'learning_rate': 2.9e-05, 'epoch': 21.0}


  0%|          | 0/26 [00:00<?, ?it/s][A

 19%|█▉        | 5/26 [00:00<00:00, 38.00it/s][A

 35%|███▍      | 9/26 [00:00<00:00, 33.42it/s][A

 50%|█████     | 13/26 [00:00<00:00, 31.99it/s][A

 65%|██████▌   | 17/26 [00:00<00:00, 31.33it/s][A

 81%|████████  | 21/26 [00:00<00:00, 30.97it/s][A

 96%|█████████▌| 25/26 [00:00<00:00, 30.75it/s][A

                                               
[A
                                                 

100%|██████████| 26/26 [00:00<00:00, 30.75it/s][A
 42%|████▏     | 273/650 [05:07<05:02,  1.25it/s]

                                               [A{'eval_loss': 1.0994431972503662, 'eval_macro_recall': 0.6770621157904396, 'eval_macro_precision': 0.6306304084979885, 'eval_macro_f1': 0.6207452466787661, 'eval_accuracy': 0.6682867557715675, 'eval_micro_recall': 0.6682867557715675, 'eval_micro_precision': 0.6682867557715675, 'eval_micro_f1': 0.6682867557715675, 'eval_runtime': 1.1104, 'eval_samples_per_second': 741.185, 'eval_steps_per_second': 23.415, 'epoch': 21.0}

 42%|████▏     | 274/650 [05:10<12:59,  2.07s/it]
 42%|████▏     | 275/650 [05:11<10:33,  1.69s/it]
 42%|████▏     | 276/650 [05:12<08:51,  1.42s/it]
 43%|████▎     | 277/650 [05:13<07:40,  1.24s/it]
 43%|████▎     | 278/650 [05:14<06:50,  1.10s/it]
 43%|████▎     | 279/650 [05:14<06:15,  1.01s/it]
 43%|████▎     | 280/650 [05:15<05:50,  1.05it/s]
 43%|████▎     | 281/650 [05:16<05:33,  1.11it/s]
 43%|████▎     | 282/650 [05:17<05:21,  1.15it/s]
 44%|████▎     | 283/650 [05:18<05:12,  1.17it/s]
 44%|████▎     | 284/650 [05:18<05:05,  1.20it/s]
 44%|████▍     | 285/650 [05:19<05:01,  1.21it/s]
 44%|████▍     | 286/650 [05:20<04:51,  1.25it/s]
                                                 

 44%|████▍     | 286/650 [05:20<04:51,  1.25it/s]{'loss': 0.9996, 'grad_norm': 2.9593777656555176, 'learning_rate': 2.8000000000000003e-05, 'epoch': 22.0}


  0%|          | 0/26 [00:00<?, ?it/s][A

 19%|█▉        | 5/26 [00:00<00:00, 38.16it/s][A

 35%|███▍      | 9/26 [00:00<00:00, 33.55it/s][A

 50%|█████     | 13/26 [00:00<00:00, 32.13it/s][A

 65%|██████▌   | 17/26 [00:00<00:00, 31.44it/s][A

 81%|████████  | 21/26 [00:00<00:00, 31.07it/s][A

 96%|█████████▌| 25/26 [00:00<00:00, 30.85it/s][A

                                               
[A
                                                 

100%|██████████| 26/26 [00:00<00:00, 30.85it/s][A
 44%|████▍     | 286/650 [05:21<04:51,  1.25it/s]

                                               [A{'eval_loss': 1.073999285697937, 'eval_macro_recall': 0.6830993669143958, 'eval_macro_precision': 0.6197439155341498, 'eval_macro_f1': 0.6223436539716451, 'eval_accuracy': 0.6682867557715675, 'eval_micro_recall': 0.6682867557715675, 'eval_micro_precision': 0.6682867557715675, 'eval_micro_f1': 0.6682867557715675, 'eval_runtime': 1.1269, 'eval_samples_per_second': 730.344, 'eval_steps_per_second': 23.073, 'epoch': 22.0}

 44%|████▍     | 287/650 [05:25<12:32,  2.07s/it]
 44%|████▍     | 288/650 [05:26<10:11,  1.69s/it]
 44%|████▍     | 289/650 [05:27<08:33,  1.42s/it]
 45%|████▍     | 290/650 [05:27<07:24,  1.23s/it]
 45%|████▍     | 291/650 [05:28<06:36,  1.10s/it]
 45%|████▍     | 292/650 [05:29<06:02,  1.01s/it]
 45%|████▌     | 293/650 [05:30<05:39,  1.05it/s]
 45%|████▌     | 294/650 [05:31<05:21,  1.11it/s]
 45%|████▌     | 295/650 [05:31<05:09,  1.15it/s]
 46%|████▌     | 296/650 [05:32<05:01,  1.17it/s]
 46%|████▌     | 297/650 [05:33<04:54,  1.20it/s]
 46%|████▌     | 298/650 [05:34<04:50,  1.21it/s]
 46%|████▌     | 299/650 [05:35<04:40,  1.25it/s]
                                                 

 46%|████▌     | 299/650 [05:35<04:40,  1.25it/s]{'loss': 0.9646, 'grad_norm': 2.9700767993927, 'learning_rate': 2.7000000000000002e-05, 'epoch': 23.0}


  0%|          | 0/26 [00:00<?, ?it/s][A

 15%|█▌        | 4/26 [00:00<00:00, 39.68it/s][A

 31%|███       | 8/26 [00:00<00:00, 33.56it/s][A

 46%|████▌     | 12/26 [00:00<00:00, 32.09it/s][A

 62%|██████▏   | 16/26 [00:00<00:00, 31.40it/s][A

 77%|███████▋  | 20/26 [00:00<00:00, 31.07it/s][A

 92%|█████████▏| 24/26 [00:00<00:00, 30.85it/s][A

                                               
[A
                                                 

100%|██████████| 26/26 [00:00<00:00, 30.85it/s][A
 46%|████▌     | 299/650 [05:36<04:40,  1.25it/s]

                                               [A{'eval_loss': 1.0582774877548218, 'eval_macro_recall': 0.6956601523075512, 'eval_macro_precision': 0.6424969412496032, 'eval_macro_f1': 0.6435829216023922, 'eval_accuracy': 0.6780072904009721, 'eval_micro_recall': 0.6780072904009721, 'eval_micro_precision': 0.6780072904009721, 'eval_micro_f1': 0.6780072904009721, 'eval_runtime': 1.1302, 'eval_samples_per_second': 728.172, 'eval_steps_per_second': 23.004, 'epoch': 23.0}

 46%|████▌     | 300/650 [05:40<11:55,  2.04s/it]
 46%|████▋     | 301/650 [05:40<09:42,  1.67s/it]
 46%|████▋     | 302/650 [05:41<08:10,  1.41s/it]
 47%|████▋     | 303/650 [05:42<07:05,  1.23s/it]
 47%|████▋     | 304/650 [05:43<06:20,  1.10s/it]
 47%|████▋     | 305/650 [05:44<05:48,  1.01s/it]
 47%|████▋     | 306/650 [05:44<05:25,  1.06it/s]
 47%|████▋     | 307/650 [05:45<05:09,  1.11it/s]
 47%|████▋     | 308/650 [05:46<04:58,  1.15it/s]
 48%|████▊     | 309/650 [05:47<04:49,  1.18it/s]
 48%|████▊     | 310/650 [05:48<04:43,  1.20it/s]
 48%|████▊     | 311/650 [05:48<04:39,  1.21it/s]
 48%|████▊     | 312/650 [05:49<04:30,  1.25it/s]
                                                 

 48%|████▊     | 312/650 [05:49<04:30,  1.25it/s]{'loss': 0.9333, 'grad_norm': 2.317073106765747, 'learning_rate': 2.6000000000000002e-05, 'epoch': 24.0}


  0%|          | 0/26 [00:00<?, ?it/s][A

 19%|█▉        | 5/26 [00:00<00:00, 38.21it/s][A

 35%|███▍      | 9/26 [00:00<00:00, 33.64it/s][A

 50%|█████     | 13/26 [00:00<00:00, 32.19it/s][A

 65%|██████▌   | 17/26 [00:00<00:00, 31.50it/s][A

 81%|████████  | 21/26 [00:00<00:00, 31.10it/s][A

 96%|█████████▌| 25/26 [00:00<00:00, 30.88it/s][A

                                               
[A
                                                 

100%|██████████| 26/26 [00:00<00:00, 30.88it/s][A
 48%|████▊     | 312/650 [05:50<04:30,  1.25it/s]

                                               [A{'eval_loss': 1.0353846549987793, 'eval_macro_recall': 0.6909487108909075, 'eval_macro_precision': 0.6385087035185909, 'eval_macro_f1': 0.6343684794399732, 'eval_accuracy': 0.6743620899149453, 'eval_micro_recall': 0.6743620899149453, 'eval_micro_precision': 0.6743620899149453, 'eval_micro_f1': 0.6743620899149453, 'eval_runtime': 1.1177, 'eval_samples_per_second': 736.303, 'eval_steps_per_second': 23.261, 'epoch': 24.0}

 48%|████▊     | 313/650 [05:54<11:45,  2.09s/it]
 48%|████▊     | 314/650 [05:55<09:32,  1.70s/it]
 48%|████▊     | 315/650 [05:56<08:00,  1.43s/it]
 49%|████▊     | 316/650 [05:57<06:55,  1.24s/it]
 49%|████▉     | 317/650 [05:57<06:09,  1.11s/it]
 49%|████▉     | 318/650 [05:58<05:39,  1.02s/it]
 49%|████▉     | 319/650 [05:59<05:16,  1.05it/s]
 49%|████▉     | 320/650 [06:00<04:59,  1.10it/s]
 49%|████▉     | 321/650 [06:01<04:48,  1.14it/s]
 50%|████▉     | 322/650 [06:01<04:39,  1.17it/s]
 50%|████▉     | 323/650 [06:02<04:33,  1.20it/s]
 50%|████▉     | 324/650 [06:03<04:29,  1.21it/s]
 50%|█████     | 325/650 [06:04<04:21,  1.25it/s]
                                                 

 50%|█████     | 325/650 [06:04<04:21,  1.25it/s]{'loss': 0.9044, 'grad_norm': 2.143458366394043, 'learning_rate': 2.5e-05, 'epoch': 25.0}


  0%|          | 0/26 [00:00<?, ?it/s][A

 19%|█▉        | 5/26 [00:00<00:00, 38.17it/s][A

 35%|███▍      | 9/26 [00:00<00:00, 33.56it/s][A

 50%|█████     | 13/26 [00:00<00:00, 32.08it/s][A

 65%|██████▌   | 17/26 [00:00<00:00, 31.46it/s][A

 81%|████████  | 21/26 [00:00<00:00, 31.04it/s][A

 96%|█████████▌| 25/26 [00:00<00:00, 30.85it/s][A

                                               
[A
                                                 

100%|██████████| 26/26 [00:00<00:00, 30.85it/s][A
 50%|█████     | 325/650 [06:05<04:21,  1.25it/s]

                                               [A{'eval_loss': 1.0083467960357666, 'eval_macro_recall': 0.6923135150013762, 'eval_macro_precision': 0.6390675430947715, 'eval_macro_f1': 0.6371000938269593, 'eval_accuracy': 0.6767922235722965, 'eval_micro_recall': 0.6767922235722965, 'eval_micro_precision': 0.6767922235722965, 'eval_micro_f1': 0.6767922235722965, 'eval_runtime': 1.1294, 'eval_samples_per_second': 728.699, 'eval_steps_per_second': 23.021, 'epoch': 25.0}

 50%|█████     | 326/650 [06:09<11:54,  2.21s/it]
 50%|█████     | 327/650 [06:10<09:36,  1.78s/it]
 50%|█████     | 328/650 [06:11<07:59,  1.49s/it]
 51%|█████     | 329/650 [06:12<06:51,  1.28s/it]
 51%|█████     | 330/650 [06:12<06:04,  1.14s/it]
 51%|█████     | 331/650 [06:13<05:30,  1.04s/it]
 51%|█████     | 332/650 [06:14<05:07,  1.03it/s]
 51%|█████     | 333/650 [06:15<04:50,  1.09it/s]
 51%|█████▏    | 334/650 [06:16<04:38,  1.13it/s]
 52%|█████▏    | 335/650 [06:16<04:30,  1.17it/s]
 52%|█████▏    | 336/650 [06:17<04:23,  1.19it/s]
 52%|█████▏    | 337/650 [06:18<04:18,  1.21it/s]
 52%|█████▏    | 338/650 [06:19<04:10,  1.24it/s]
                                                 

 52%|█████▏    | 338/650 [06:19<04:10,  1.24it/s]{'loss': 0.8762, 'grad_norm': 2.2343828678131104, 'learning_rate': 2.4e-05, 'epoch': 26.0}


  0%|          | 0/26 [00:00<?, ?it/s][A

 19%|█▉        | 5/26 [00:00<00:00, 38.02it/s][A

 35%|███▍      | 9/26 [00:00<00:00, 33.43it/s][A

 50%|█████     | 13/26 [00:00<00:00, 32.01it/s][A

 65%|██████▌   | 17/26 [00:00<00:00, 31.35it/s][A

 81%|████████  | 21/26 [00:00<00:00, 30.97it/s][A

 96%|█████████▌| 25/26 [00:00<00:00, 30.75it/s][A

                                               
[A
                                                 

100%|██████████| 26/26 [00:01<00:00, 30.75it/s][A
 52%|█████▏    | 338/650 [06:21<04:10,  1.24it/s]

                                               [A{'eval_loss': 0.9962886571884155, 'eval_macro_recall': 0.6846155610606478, 'eval_macro_precision': 0.6422196259093841, 'eval_macro_f1': 0.6362501296311944, 'eval_accuracy': 0.675577156743621, 'eval_micro_recall': 0.675577156743621, 'eval_micro_precision': 0.675577156743621, 'eval_micro_f1': 0.675577156743621, 'eval_runtime': 1.7993, 'eval_samples_per_second': 457.405, 'eval_steps_per_second': 14.45, 'epoch': 26.0}

 52%|█████▏    | 339/650 [06:25<12:05,  2.33s/it]
 52%|█████▏    | 340/650 [06:25<09:40,  1.87s/it]
 52%|█████▏    | 341/650 [06:26<07:59,  1.55s/it]
 53%|█████▎    | 342/650 [06:27<06:48,  1.33s/it]
 53%|█████▎    | 343/650 [06:28<05:58,  1.17s/it]
 53%|█████▎    | 344/650 [06:29<05:23,  1.06s/it]
 53%|█████▎    | 345/650 [06:29<04:58,  1.02it/s]
 53%|█████▎    | 346/650 [06:30<04:41,  1.08it/s]
 53%|█████▎    | 347/650 [06:31<04:28,  1.13it/s]
 54%|█████▎    | 348/650 [06:32<04:20,  1.16it/s]
 54%|█████▎    | 349/650 [06:33<04:13,  1.19it/s]
 54%|█████▍    | 350/650 [06:33<04:09,  1.20it/s]
 54%|█████▍    | 351/650 [06:34<04:01,  1.24it/s]
                                                 

 54%|█████▍    | 351/650 [06:34<04:01,  1.24it/s]{'loss': 0.8581, 'grad_norm': 2.487130880355835, 'learning_rate': 2.3000000000000003e-05, 'epoch': 27.0}


  0%|          | 0/26 [00:00<?, ?it/s][A

 19%|█▉        | 5/26 [00:00<00:00, 38.18it/s][A

 35%|███▍      | 9/26 [00:00<00:00, 33.59it/s][A

 50%|█████     | 13/26 [00:00<00:00, 32.11it/s][A

 65%|██████▌   | 17/26 [00:00<00:00, 31.45it/s][A

 81%|████████  | 21/26 [00:00<00:00, 31.07it/s][A

 96%|█████████▌| 25/26 [00:00<00:00, 30.84it/s][A

                                               
[A
                                                 

100%|██████████| 26/26 [00:00<00:00, 30.84it/s][A
 54%|█████▍    | 351/650 [06:35<04:01,  1.24it/s]

                                               [A{'eval_loss': 0.9791756868362427, 'eval_macro_recall': 0.6989333883842554, 'eval_macro_precision': 0.6540924342374798, 'eval_macro_f1': 0.644681032477262, 'eval_accuracy': 0.6852976913730255, 'eval_micro_recall': 0.6852976913730255, 'eval_micro_precision': 0.6852976913730255, 'eval_micro_f1': 0.6852976913730255, 'eval_runtime': 1.1393, 'eval_samples_per_second': 722.366, 'eval_steps_per_second': 22.821, 'epoch': 27.0}

 54%|█████▍    | 352/650 [06:39<10:17,  2.07s/it]
 54%|█████▍    | 353/650 [06:40<08:21,  1.69s/it]
 54%|█████▍    | 354/650 [06:41<07:00,  1.42s/it]
 55%|█████▍    | 355/650 [06:42<06:04,  1.24s/it]
 55%|█████▍    | 356/650 [06:42<05:24,  1.10s/it]
 55%|█████▍    | 357/650 [06:43<04:57,  1.01s/it]
 55%|█████▌    | 358/650 [06:44<04:37,  1.05it/s]
 55%|█████▌    | 359/650 [06:45<04:23,  1.11it/s]
 55%|█████▌    | 360/650 [06:46<04:13,  1.15it/s]
 56%|█████▌    | 361/650 [06:46<04:05,  1.17it/s]
 56%|█████▌    | 362/650 [06:47<04:00,  1.20it/s]
 56%|█████▌    | 363/650 [06:48<03:56,  1.21it/s]
 56%|█████▌    | 364/650 [06:49<03:49,  1.25it/s]
                                                 

 56%|█████▌    | 364/650 [06:49<03:49,  1.25it/s]{'loss': 0.8341, 'grad_norm': 3.315929651260376, 'learning_rate': 2.2000000000000003e-05, 'epoch': 28.0}


  0%|          | 0/26 [00:00<?, ?it/s][A

 19%|█▉        | 5/26 [00:00<00:00, 38.12it/s][A

 35%|███▍      | 9/26 [00:00<00:00, 33.55it/s][A

 50%|█████     | 13/26 [00:00<00:00, 32.10it/s][A

 65%|██████▌   | 17/26 [00:00<00:00, 31.39it/s][A

 81%|████████  | 21/26 [00:00<00:00, 31.04it/s][A

 96%|█████████▌| 25/26 [00:00<00:00, 30.83it/s][A

                                               
[A
                                                 

100%|██████████| 26/26 [00:01<00:00, 30.83it/s][A
 56%|█████▌    | 364/650 [06:50<03:49,  1.25it/s]

                                               [A{'eval_loss': 0.9737541675567627, 'eval_macro_recall': 0.7055647307092394, 'eval_macro_precision': 0.6591828168610143, 'eval_macro_f1': 0.6541175697169004, 'eval_accuracy': 0.6865127582017011, 'eval_micro_recall': 0.6865127582017011, 'eval_micro_precision': 0.6865127582017011, 'eval_micro_f1': 0.6865127582017011, 'eval_runtime': 1.0978, 'eval_samples_per_second': 749.681, 'eval_steps_per_second': 23.684, 'epoch': 28.0}

 56%|█████▌    | 365/650 [06:54<10:07,  2.13s/it]
 56%|█████▋    | 366/650 [06:55<08:11,  1.73s/it]
 56%|█████▋    | 367/650 [06:56<06:50,  1.45s/it]
 57%|█████▋    | 368/650 [06:56<05:53,  1.25s/it]
 57%|█████▋    | 369/650 [06:57<05:14,  1.12s/it]
 57%|█████▋    | 370/650 [06:58<04:46,  1.02s/it]
 57%|█████▋    | 371/650 [06:59<04:26,  1.05it/s]
 57%|█████▋    | 372/650 [07:00<04:12,  1.10it/s]
 57%|█████▋    | 373/650 [07:00<04:02,  1.14it/s]
 58%|█████▊    | 374/650 [07:01<03:55,  1.17it/s]
 58%|█████▊    | 375/650 [07:02<03:50,  1.19it/s]
 58%|█████▊    | 376/650 [07:03<03:46,  1.21it/s]
 58%|█████▊    | 377/650 [07:04<03:38,  1.25it/s]
                                                 

 58%|█████▊    | 377/650 [07:04<03:38,  1.25it/s]{'loss': 0.8177, 'grad_norm': 2.814160108566284, 'learning_rate': 2.1e-05, 'epoch': 29.0}


  0%|          | 0/26 [00:00<?, ?it/s][A

 19%|█▉        | 5/26 [00:00<00:00, 38.15it/s][A

 35%|███▍      | 9/26 [00:00<00:00, 33.55it/s][A

 50%|█████     | 13/26 [00:00<00:00, 32.14it/s][A

 65%|██████▌   | 17/26 [00:00<00:00, 31.49it/s][A

 81%|████████  | 21/26 [00:00<00:00, 31.11it/s][A

 96%|█████████▌| 25/26 [00:00<00:00, 30.87it/s][A

                                               
[A
                                                 

100%|██████████| 26/26 [00:00<00:00, 30.87it/s][A
 58%|█████▊    | 377/650 [07:05<03:38,  1.25it/s]

                                               [A{'eval_loss': 0.9761905074119568, 'eval_macro_recall': 0.7010367923662723, 'eval_macro_precision': 0.6644156228928683, 'eval_macro_f1': 0.6540180345888307, 'eval_accuracy': 0.6792223572296476, 'eval_micro_recall': 0.6792223572296476, 'eval_micro_precision': 0.6792223572296476, 'eval_micro_f1': 0.6792223572296476, 'eval_runtime': 1.1183, 'eval_samples_per_second': 735.967, 'eval_steps_per_second': 23.25, 'epoch': 29.0}

 58%|█████▊    | 378/650 [07:09<09:27,  2.09s/it]
 58%|█████▊    | 379/650 [07:09<07:40,  1.70s/it]
 58%|█████▊    | 380/650 [07:10<06:25,  1.43s/it]
 59%|█████▊    | 381/650 [07:11<05:33,  1.24s/it]
 59%|█████▉    | 382/650 [07:12<04:56,  1.11s/it]
 59%|█████▉    | 383/650 [07:13<04:30,  1.01s/it]
 59%|█████▉    | 384/650 [07:13<04:12,  1.05it/s]
 59%|█████▉    | 385/650 [07:14<03:59,  1.10it/s]
 59%|█████▉    | 386/650 [07:15<03:50,  1.15it/s]
 60%|█████▉    | 387/650 [07:16<03:43,  1.17it/s]
 60%|█████▉    | 388/650 [07:17<03:38,  1.20it/s]
 60%|█████▉    | 389/650 [07:17<03:35,  1.21it/s]
 60%|██████    | 390/650 [07:18<03:28,  1.25it/s]
                                                 

 60%|██████    | 390/650 [07:18<03:28,  1.25it/s]{'loss': 0.798, 'grad_norm': 2.927255392074585, 'learning_rate': 2e-05, 'epoch': 30.0}


  0%|          | 0/26 [00:00<?, ?it/s][A

 19%|█▉        | 5/26 [00:00<00:00, 38.27it/s][A

 35%|███▍      | 9/26 [00:00<00:00, 33.58it/s][A

 50%|█████     | 13/26 [00:00<00:00, 32.12it/s][A

 65%|██████▌   | 17/26 [00:00<00:00, 31.47it/s][A

 81%|████████  | 21/26 [00:00<00:00, 31.08it/s][A

 96%|█████████▌| 25/26 [00:00<00:00, 30.86it/s][A

                                               
[A
                                                 

100%|██████████| 26/26 [00:00<00:00, 30.86it/s][A
 60%|██████    | 390/650 [07:19<03:28,  1.25it/s]

                                               [A{'eval_loss': 0.9585705399513245, 'eval_macro_recall': 0.7109482521332232, 'eval_macro_precision': 0.6789862391933384, 'eval_macro_f1': 0.668142974052618, 'eval_accuracy': 0.6986634264884569, 'eval_micro_recall': 0.6986634264884569, 'eval_micro_precision': 0.6986634264884569, 'eval_micro_f1': 0.6986634264884569, 'eval_runtime': 1.1136, 'eval_samples_per_second': 739.02, 'eval_steps_per_second': 23.347, 'epoch': 30.0}

 60%|██████    | 391/650 [07:23<09:06,  2.11s/it]
 60%|██████    | 392/650 [07:24<07:23,  1.72s/it]
 60%|██████    | 393/650 [07:25<06:10,  1.44s/it]
 61%|██████    | 394/650 [07:26<05:19,  1.25s/it]
 61%|██████    | 395/650 [07:27<04:44,  1.11s/it]
 61%|██████    | 396/650 [07:27<04:18,  1.02s/it]
 61%|██████    | 397/650 [07:28<04:01,  1.05it/s]
 61%|██████    | 398/650 [07:29<03:48,  1.10it/s]
 61%|██████▏   | 399/650 [07:30<03:39,  1.14it/s]
 62%|██████▏   | 400/650 [07:31<03:33,  1.17it/s]
 62%|██████▏   | 401/650 [07:31<03:28,  1.20it/s]
 62%|██████▏   | 402/650 [07:32<03:24,  1.21it/s]
 62%|██████▏   | 403/650 [07:33<03:18,  1.24it/s]
                                                 

 62%|██████▏   | 403/650 [07:33<03:18,  1.24it/s]{'loss': 0.7883, 'grad_norm': 2.552999258041382, 'learning_rate': 1.9e-05, 'epoch': 31.0}


  0%|          | 0/26 [00:00<?, ?it/s][A

 19%|█▉        | 5/26 [00:00<00:00, 37.98it/s][A

 35%|███▍      | 9/26 [00:00<00:00, 33.34it/s][A

 50%|█████     | 13/26 [00:00<00:00, 31.95it/s][A

 65%|██████▌   | 17/26 [00:00<00:00, 31.32it/s][A

 81%|████████  | 21/26 [00:00<00:00, 30.98it/s][A

 96%|█████████▌| 25/26 [00:00<00:00, 30.73it/s][A

                                               
[A
                                                 

100%|██████████| 26/26 [00:00<00:00, 30.73it/s][A
 62%|██████▏   | 403/650 [07:34<03:18,  1.24it/s]

                                               [A{'eval_loss': 0.9521223306655884, 'eval_macro_recall': 0.7183526011560694, 'eval_macro_precision': 0.687121763456791, 'eval_macro_f1': 0.6738495447687552, 'eval_accuracy': 0.6962332928311057, 'eval_micro_recall': 0.6962332928311057, 'eval_micro_precision': 0.6962332928311057, 'eval_micro_f1': 0.6962332928311057, 'eval_runtime': 1.1246, 'eval_samples_per_second': 731.836, 'eval_steps_per_second': 23.12, 'epoch': 31.0}

 62%|██████▏   | 404/650 [07:38<08:34,  2.09s/it]
 62%|██████▏   | 405/650 [07:39<06:57,  1.70s/it]
 62%|██████▏   | 406/650 [07:40<05:49,  1.43s/it]
 63%|██████▎   | 407/650 [07:40<05:01,  1.24s/it]
 63%|██████▎   | 408/650 [07:41<04:28,  1.11s/it]
 63%|██████▎   | 409/650 [07:42<04:04,  1.02s/it]
 63%|██████▎   | 410/650 [07:43<03:48,  1.05it/s]
 63%|██████▎   | 411/650 [07:44<03:36,  1.10it/s]
 63%|██████▎   | 412/650 [07:44<03:27,  1.14it/s]
 64%|██████▎   | 413/650 [07:45<03:21,  1.17it/s]
 64%|██████▎   | 414/650 [07:46<03:17,  1.20it/s]
 64%|██████▍   | 415/650 [07:47<03:13,  1.21it/s]
 64%|██████▍   | 416/650 [07:48<03:08,  1.24it/s]
                                                 

 64%|██████▍   | 416/650 [07:48<03:08,  1.24it/s]{'loss': 0.773, 'grad_norm': 2.211874485015869, 'learning_rate': 1.8e-05, 'epoch': 32.0}


  0%|          | 0/26 [00:00<?, ?it/s][A

 19%|█▉        | 5/26 [00:00<00:00, 38.23it/s][A

 35%|███▍      | 9/26 [00:00<00:00, 33.50it/s][A

 50%|█████     | 13/26 [00:00<00:00, 32.09it/s][A

 65%|██████▌   | 17/26 [00:00<00:00, 31.42it/s][A

 81%|████████  | 21/26 [00:00<00:00, 31.07it/s][A

 96%|█████████▌| 25/26 [00:00<00:00, 30.87it/s][A

                                               
[A
                                                 

100%|██████████| 26/26 [00:00<00:00, 30.87it/s][A
 64%|██████▍   | 416/650 [07:49<03:08,  1.24it/s]

                                               [A{'eval_loss': 0.944165050983429, 'eval_macro_recall': 0.7186462060739518, 'eval_macro_precision': 0.6868470521119547, 'eval_macro_f1': 0.6717909317468186, 'eval_accuracy': 0.6974483596597812, 'eval_micro_recall': 0.6974483596597812, 'eval_micro_precision': 0.6974483596597812, 'eval_micro_f1': 0.6974483596597812, 'eval_runtime': 1.1428, 'eval_samples_per_second': 720.187, 'eval_steps_per_second': 22.752, 'epoch': 32.0}

 64%|██████▍   | 417/650 [07:52<07:54,  2.04s/it]
 64%|██████▍   | 418/650 [07:53<06:26,  1.67s/it]
 64%|██████▍   | 419/650 [07:54<05:24,  1.41s/it]
 65%|██████▍   | 420/650 [07:55<04:41,  1.22s/it]
 65%|██████▍   | 421/650 [07:56<04:11,  1.10s/it]
 65%|██████▍   | 422/650 [07:56<03:49,  1.01s/it]
 65%|██████▌   | 423/650 [07:57<03:34,  1.06it/s]
 65%|██████▌   | 424/650 [07:58<03:23,  1.11it/s]
 65%|██████▌   | 425/650 [07:59<03:16,  1.15it/s]
 66%|██████▌   | 426/650 [08:00<03:10,  1.18it/s]
 66%|██████▌   | 427/650 [08:00<03:05,  1.20it/s]
 66%|██████▌   | 428/650 [08:01<03:02,  1.21it/s]
 66%|██████▌   | 429/650 [08:02<02:57,  1.25it/s]
                                                 

 66%|██████▌   | 429/650 [08:02<02:57,  1.25it/s]{'loss': 0.7575, 'grad_norm': 2.715242624282837, 'learning_rate': 1.7000000000000003e-05, 'epoch': 33.0}


  0%|          | 0/26 [00:00<?, ?it/s][A

 19%|█▉        | 5/26 [00:00<00:00, 38.16it/s][A

 35%|███▍      | 9/26 [00:00<00:00, 33.55it/s][A

 50%|█████     | 13/26 [00:00<00:00, 32.14it/s][A

 65%|██████▌   | 17/26 [00:00<00:00, 31.45it/s][A

 81%|████████  | 21/26 [00:00<00:00, 31.08it/s][A

 96%|█████████▌| 25/26 [00:00<00:00, 30.86it/s][A

                                               
[A
                                                 

100%|██████████| 26/26 [00:00<00:00, 30.86it/s][A
 66%|██████▌   | 429/650 [08:03<02:57,  1.25it/s]

                                               [A{'eval_loss': 0.9505569338798523, 'eval_macro_recall': 0.7162700497960615, 'eval_macro_precision': 0.6834441367870742, 'eval_macro_f1': 0.6707666325295489, 'eval_accuracy': 0.692588092345079, 'eval_micro_recall': 0.692588092345079, 'eval_micro_precision': 0.692588092345079, 'eval_micro_f1': 0.692588092345079, 'eval_runtime': 1.1128, 'eval_samples_per_second': 739.567, 'eval_steps_per_second': 23.364, 'epoch': 33.0}

 66%|██████▌   | 430/650 [08:07<07:29,  2.04s/it]
 66%|██████▋   | 431/650 [08:08<06:05,  1.67s/it]
 66%|██████▋   | 432/650 [08:09<05:07,  1.41s/it]
 67%|██████▋   | 433/650 [08:09<04:26,  1.23s/it]
 67%|██████▋   | 434/650 [08:10<03:57,  1.10s/it]
 67%|██████▋   | 435/650 [08:11<03:36,  1.01s/it]
 67%|██████▋   | 436/650 [08:12<03:22,  1.06it/s]
 67%|██████▋   | 437/650 [08:13<03:12,  1.11it/s]
 67%|██████▋   | 438/650 [08:13<03:04,  1.15it/s]
 68%|██████▊   | 439/650 [08:14<02:59,  1.18it/s]
 68%|██████▊   | 440/650 [08:15<02:55,  1.20it/s]
 68%|██████▊   | 441/650 [08:16<02:52,  1.21it/s]
 68%|██████▊   | 442/650 [08:16<02:47,  1.24it/s]
                                                 

 68%|██████▊   | 442/650 [08:17<02:47,  1.24it/s]{'loss': 0.7465, 'grad_norm': 3.204294204711914, 'learning_rate': 1.6000000000000003e-05, 'epoch': 34.0}


  0%|          | 0/26 [00:00<?, ?it/s][A

 19%|█▉        | 5/26 [00:00<00:00, 38.00it/s][A

 35%|███▍      | 9/26 [00:00<00:00, 33.40it/s][A

 50%|█████     | 13/26 [00:00<00:00, 31.98it/s][A

 65%|██████▌   | 17/26 [00:00<00:00, 31.29it/s][A

 81%|████████  | 21/26 [00:00<00:00, 30.94it/s][A

 96%|█████████▌| 25/26 [00:00<00:00, 30.73it/s][A

                                               
[A
                                                 

100%|██████████| 26/26 [00:01<00:00, 30.73it/s][A
 68%|██████▊   | 442/650 [08:18<02:47,  1.24it/s]

                                               [A{'eval_loss': 0.945710301399231, 'eval_macro_recall': 0.7221994928642328, 'eval_macro_precision': 0.696050878151041, 'eval_macro_f1': 0.6754506359380282, 'eval_accuracy': 0.6998784933171325, 'eval_micro_recall': 0.6998784933171325, 'eval_micro_precision': 0.6998784933171325, 'eval_micro_f1': 0.6998784933171325, 'eval_runtime': 1.1118, 'eval_samples_per_second': 740.266, 'eval_steps_per_second': 23.386, 'epoch': 34.0}

 68%|██████▊   | 443/650 [08:24<09:52,  2.86s/it]
 68%|██████▊   | 444/650 [08:25<07:41,  2.24s/it]
 68%|██████▊   | 445/650 [08:26<06:10,  1.81s/it]
 69%|██████▊   | 446/650 [08:27<05:07,  1.51s/it]
 69%|██████▉   | 447/650 [08:27<04:22,  1.29s/it]
 69%|██████▉   | 448/650 [08:28<03:51,  1.15s/it]
 69%|██████▉   | 449/650 [08:29<03:29,  1.04s/it]
 69%|██████▉   | 450/650 [08:30<03:13,  1.03it/s]
 69%|██████▉   | 451/650 [08:31<03:03,  1.09it/s]
 70%|██████▉   | 452/650 [08:31<02:54,  1.13it/s]
 70%|██████▉   | 453/650 [08:32<02:49,  1.17it/s]
 70%|██████▉   | 454/650 [08:33<02:44,  1.19it/s]
 70%|███████   | 455/650 [08:34<02:38,  1.23it/s]
                                                 

 70%|███████   | 455/650 [08:34<02:38,  1.23it/s]{'loss': 0.7391, 'grad_norm': 2.0637552738189697, 'learning_rate': 1.5e-05, 'epoch': 35.0}


  0%|          | 0/26 [00:00<?, ?it/s][A

 19%|█▉        | 5/26 [00:00<00:00, 38.00it/s][A

 35%|███▍      | 9/26 [00:00<00:00, 33.47it/s][A

 50%|█████     | 13/26 [00:00<00:00, 32.06it/s][A

 65%|██████▌   | 17/26 [00:00<00:00, 31.41it/s][A

 81%|████████  | 21/26 [00:00<00:00, 31.06it/s][A

 96%|█████████▌| 25/26 [00:00<00:00, 30.84it/s][A

                                               
[A
                                                 

100%|██████████| 26/26 [00:00<00:00, 30.84it/s][A
 70%|███████   | 455/650 [08:35<02:38,  1.23it/s]

                                               [A{'eval_loss': 0.9370992183685303, 'eval_macro_recall': 0.7158227610539749, 'eval_macro_precision': 0.6880065621587481, 'eval_macro_f1': 0.6728621360048193, 'eval_accuracy': 0.6962332928311057, 'eval_micro_recall': 0.6962332928311057, 'eval_micro_precision': 0.6962332928311057, 'eval_micro_f1': 0.6962332928311057, 'eval_runtime': 1.133, 'eval_samples_per_second': 726.382, 'eval_steps_per_second': 22.948, 'epoch': 35.0}

 70%|███████   | 456/650 [08:39<06:46,  2.10s/it]
 70%|███████   | 457/650 [08:40<05:29,  1.71s/it]
 70%|███████   | 458/650 [08:40<04:35,  1.44s/it]
 71%|███████   | 459/650 [08:41<03:57,  1.24s/it]
 71%|███████   | 460/650 [08:42<03:31,  1.11s/it]
 71%|███████   | 461/650 [08:43<03:12,  1.02s/it]
 71%|███████   | 462/650 [08:44<02:59,  1.05it/s]
 71%|███████   | 463/650 [08:44<02:49,  1.10it/s]
 71%|███████▏  | 464/650 [08:45<02:42,  1.14it/s]
 72%|███████▏  | 465/650 [08:46<02:37,  1.17it/s]
 72%|███████▏  | 466/650 [08:47<02:33,  1.20it/s]
 72%|███████▏  | 467/650 [08:48<02:30,  1.21it/s]
 72%|███████▏  | 468/650 [08:48<02:25,  1.25it/s]
                                                 

 72%|███████▏  | 468/650 [08:48<02:25,  1.25it/s]{'loss': 0.7295, 'grad_norm': 2.121154546737671, 'learning_rate': 1.4000000000000001e-05, 'epoch': 36.0}


  0%|          | 0/26 [00:00<?, ?it/s][A

 19%|█▉        | 5/26 [00:00<00:00, 37.77it/s][A

 35%|███▍      | 9/26 [00:00<00:00, 33.23it/s][A

 50%|█████     | 13/26 [00:00<00:00, 31.90it/s][A

 65%|██████▌   | 17/26 [00:00<00:00, 31.25it/s][A

 81%|████████  | 21/26 [00:00<00:00, 30.89it/s][A

 96%|█████████▌| 25/26 [00:00<00:00, 30.66it/s][A

                                               
[A
                                                 

100%|██████████| 26/26 [00:00<00:00, 30.66it/s][A
 72%|███████▏  | 468/650 [08:49<02:25,  1.25it/s]

                                               [A{'eval_loss': 0.9425738453865051, 'eval_macro_recall': 0.7146437538056035, 'eval_macro_precision': 0.6935806968095485, 'eval_macro_f1': 0.6741846441848077, 'eval_accuracy': 0.6962332928311057, 'eval_micro_recall': 0.6962332928311057, 'eval_micro_precision': 0.6962332928311057, 'eval_micro_f1': 0.6962332928311057, 'eval_runtime': 1.1194, 'eval_samples_per_second': 735.228, 'eval_steps_per_second': 23.227, 'epoch': 36.0}

 72%|███████▏  | 469/650 [08:53<06:13,  2.06s/it]
 72%|███████▏  | 470/650 [08:54<05:03,  1.68s/it]
 72%|███████▏  | 471/650 [08:55<04:13,  1.42s/it]
 73%|███████▎  | 472/650 [08:56<03:39,  1.23s/it]
 73%|███████▎  | 473/650 [08:57<03:15,  1.10s/it]
 73%|███████▎  | 474/650 [08:57<02:58,  1.01s/it]
 73%|███████▎  | 475/650 [08:58<02:46,  1.05it/s]
 73%|███████▎  | 476/650 [08:59<02:37,  1.10it/s]
 73%|███████▎  | 477/650 [09:00<02:31,  1.14it/s]
 74%|███████▎  | 478/650 [09:01<02:26,  1.17it/s]
 74%|███████▎  | 479/650 [09:01<02:23,  1.19it/s]
 74%|███████▍  | 480/650 [09:02<02:20,  1.21it/s]
 74%|███████▍  | 481/650 [09:03<02:15,  1.25it/s]
                                                 

 74%|███████▍  | 481/650 [09:03<02:15,  1.25it/s]{'loss': 0.7187, 'grad_norm': 2.5751736164093018, 'learning_rate': 1.3000000000000001e-05, 'epoch': 37.0}


  0%|          | 0/26 [00:00<?, ?it/s][A

 19%|█▉        | 5/26 [00:00<00:00, 38.23it/s][A

 35%|███▍      | 9/26 [00:00<00:00, 33.57it/s][A

 50%|█████     | 13/26 [00:00<00:00, 32.12it/s][A

 65%|██████▌   | 17/26 [00:00<00:00, 31.43it/s][A

 81%|████████  | 21/26 [00:00<00:00, 31.07it/s][A

 96%|█████████▌| 25/26 [00:00<00:00, 30.85it/s][A

                                               
[A
                                                 

100%|██████████| 26/26 [00:02<00:00, 30.85it/s][A
 74%|███████▍  | 481/650 [09:05<02:15,  1.25it/s]

                                               [A{'eval_loss': 0.9335210919380188, 'eval_macro_recall': 0.7183918040854458, 'eval_macro_precision': 0.7007542913082114, 'eval_macro_f1': 0.6749919356618653, 'eval_accuracy': 0.701093560145808, 'eval_micro_recall': 0.701093560145808, 'eval_micro_precision': 0.701093560145808, 'eval_micro_f1': 0.701093560145808, 'eval_runtime': 1.1353, 'eval_samples_per_second': 724.892, 'eval_steps_per_second': 22.901, 'epoch': 37.0}

 74%|███████▍  | 482/650 [09:10<07:38,  2.73s/it]
 74%|███████▍  | 483/650 [09:11<05:58,  2.15s/it]
 74%|███████▍  | 484/650 [09:12<04:49,  1.74s/it]
 75%|███████▍  | 485/650 [09:13<04:00,  1.46s/it]
 75%|███████▍  | 486/650 [09:13<03:26,  1.26s/it]
 75%|███████▍  | 487/650 [09:14<03:03,  1.12s/it]
 75%|███████▌  | 488/650 [09:15<02:46,  1.03s/it]
 75%|███████▌  | 489/650 [09:16<02:34,  1.04it/s]
 75%|███████▌  | 490/650 [09:17<02:25,  1.10it/s]
 76%|███████▌  | 491/650 [09:17<02:19,  1.14it/s]
 76%|███████▌  | 492/650 [09:18<02:14,  1.17it/s]
 76%|███████▌  | 493/650 [09:19<02:11,  1.19it/s]
 76%|███████▌  | 494/650 [09:20<02:06,  1.24it/s]
                                                 

 76%|███████▌  | 494/650 [09:20<02:06,  1.24it/s]{'loss': 0.7084, 'grad_norm': 3.530745506286621, 'learning_rate': 1.2e-05, 'epoch': 38.0}


  0%|          | 0/26 [00:00<?, ?it/s][A

 19%|█▉        | 5/26 [00:00<00:00, 37.99it/s][A

 35%|███▍      | 9/26 [00:00<00:00, 33.38it/s][A

 50%|█████     | 13/26 [00:00<00:00, 31.97it/s][A

 65%|██████▌   | 17/26 [00:00<00:00, 31.28it/s][A

 81%|████████  | 21/26 [00:00<00:00, 30.92it/s][A

 96%|█████████▌| 25/26 [00:00<00:00, 30.71it/s][A

                                               
[A
                                                 

100%|██████████| 26/26 [00:00<00:00, 30.71it/s][A
 76%|███████▌  | 494/650 [09:21<02:06,  1.24it/s]

                                               [A{'eval_loss': 0.9379209280014038, 'eval_macro_recall': 0.7179422215549383, 'eval_macro_precision': 0.6892987991446267, 'eval_macro_f1': 0.6718095775366844, 'eval_accuracy': 0.6986634264884569, 'eval_micro_recall': 0.6986634264884569, 'eval_micro_precision': 0.6986634264884569, 'eval_micro_f1': 0.6986634264884569, 'eval_runtime': 1.1464, 'eval_samples_per_second': 717.889, 'eval_steps_per_second': 22.679, 'epoch': 38.0}

 76%|███████▌  | 495/650 [09:25<05:17,  2.05s/it]
 76%|███████▋  | 496/650 [09:25<04:17,  1.67s/it]
 76%|███████▋  | 497/650 [09:26<03:36,  1.41s/it]
 77%|███████▋  | 498/650 [09:27<03:06,  1.23s/it]
 77%|███████▋  | 499/650 [09:28<02:46,  1.10s/it]
 77%|███████▋  | 500/650 [09:29<02:31,  1.01s/it]
 77%|███████▋  | 501/650 [09:29<02:20,  1.06it/s]
 77%|███████▋  | 502/650 [09:30<02:13,  1.11it/s]
 77%|███████▋  | 503/650 [09:31<02:08,  1.15it/s]
 78%|███████▊  | 504/650 [09:32<02:04,  1.18it/s]
 78%|███████▊  | 505/650 [09:33<02:00,  1.20it/s]
 78%|███████▊  | 506/650 [09:33<01:58,  1.21it/s]
 78%|███████▊  | 507/650 [09:34<01:55,  1.24it/s]
                                                 

 78%|███████▊  | 507/650 [09:34<01:55,  1.24it/s]{'loss': 0.7025, 'grad_norm': 2.251279592514038, 'learning_rate': 1.1000000000000001e-05, 'epoch': 39.0}


  0%|          | 0/26 [00:00<?, ?it/s][A

 19%|█▉        | 5/26 [00:00<00:00, 38.00it/s][A

 35%|███▍      | 9/26 [00:00<00:00, 33.41it/s][A

 50%|█████     | 13/26 [00:00<00:00, 31.97it/s][A

 65%|██████▌   | 17/26 [00:00<00:00, 31.30it/s][A

 81%|████████  | 21/26 [00:00<00:00, 30.94it/s][A

 96%|█████████▌| 25/26 [00:00<00:00, 30.73it/s][A

                                               
[A
                                                 

100%|██████████| 26/26 [00:00<00:00, 30.73it/s][A
 78%|███████▊  | 507/650 [09:35<01:55,  1.24it/s]

                                               [A{'eval_loss': 0.9362950325012207, 'eval_macro_recall': 0.7233555622283946, 'eval_macro_precision': 0.7041273071812272, 'eval_macro_f1': 0.6814767062029002, 'eval_accuracy': 0.7023086269744836, 'eval_micro_recall': 0.7023086269744836, 'eval_micro_precision': 0.7023086269744836, 'eval_micro_f1': 0.7023086269744836, 'eval_runtime': 1.1334, 'eval_samples_per_second': 726.114, 'eval_steps_per_second': 22.939, 'epoch': 39.0}

 78%|███████▊  | 508/650 [09:39<04:54,  2.08s/it]
 78%|███████▊  | 509/650 [09:40<03:58,  1.69s/it]
 78%|███████▊  | 510/650 [09:41<03:19,  1.43s/it]
 79%|███████▊  | 511/650 [09:42<02:52,  1.24s/it]
 79%|███████▉  | 512/650 [09:42<02:32,  1.11s/it]
 79%|███████▉  | 513/650 [09:43<02:18,  1.01s/it]
 79%|███████▉  | 514/650 [09:44<02:09,  1.05it/s]
 79%|███████▉  | 515/650 [09:45<02:02,  1.11it/s]
 79%|███████▉  | 516/650 [09:46<01:56,  1.15it/s]
 80%|███████▉  | 517/650 [09:46<01:53,  1.18it/s]
 80%|███████▉  | 518/650 [09:47<01:50,  1.20it/s]
 80%|███████▉  | 519/650 [09:48<01:47,  1.21it/s]
 80%|████████  | 520/650 [09:49<01:44,  1.24it/s]
                                                 

 80%|████████  | 520/650 [09:49<01:44,  1.24it/s]{'loss': 0.6955, 'grad_norm': 1.8092724084854126, 'learning_rate': 1e-05, 'epoch': 40.0}


  0%|          | 0/26 [00:00<?, ?it/s][A

 19%|█▉        | 5/26 [00:00<00:00, 38.06it/s][A

 35%|███▍      | 9/26 [00:00<00:00, 33.53it/s][A

 50%|█████     | 13/26 [00:00<00:00, 32.10it/s][A

 65%|██████▌   | 17/26 [00:00<00:00, 31.43it/s][A

 81%|████████  | 21/26 [00:00<00:00, 31.03it/s][A

 96%|█████████▌| 25/26 [00:00<00:00, 30.84it/s][A

                                               
[A
                                                 

100%|██████████| 26/26 [00:00<00:00, 30.84it/s][A
 80%|████████  | 520/650 [09:50<01:44,  1.24it/s]

                                               [A{'eval_loss': 0.9247008562088013, 'eval_macro_recall': 0.7150933363361109, 'eval_macro_precision': 0.6877923014676088, 'eval_macro_f1': 0.6711460293754178, 'eval_accuracy': 0.6962332928311057, 'eval_micro_recall': 0.6962332928311057, 'eval_micro_precision': 0.6962332928311057, 'eval_micro_f1': 0.6962332928311057, 'eval_runtime': 1.1493, 'eval_samples_per_second': 716.074, 'eval_steps_per_second': 22.622, 'epoch': 40.0}

 80%|████████  | 521/650 [09:54<04:29,  2.09s/it]
 80%|████████  | 522/650 [09:55<03:37,  1.70s/it]
 80%|████████  | 523/650 [09:55<03:01,  1.43s/it]
 81%|████████  | 524/650 [09:56<02:36,  1.24s/it]
 81%|████████  | 525/650 [09:57<02:18,  1.11s/it]
 81%|████████  | 526/650 [09:58<02:05,  1.01s/it]
 81%|████████  | 527/650 [09:59<01:56,  1.05it/s]
 81%|████████  | 528/650 [09:59<01:50,  1.10it/s]
 81%|████████▏ | 529/650 [10:00<01:45,  1.14it/s]
 82%|████████▏ | 530/650 [10:01<01:42,  1.17it/s]
 82%|████████▏ | 531/650 [10:02<01:39,  1.20it/s]
 82%|████████▏ | 532/650 [10:03<01:37,  1.21it/s]
 82%|████████▏ | 533/650 [10:03<01:34,  1.24it/s]
                                                 

 82%|████████▏ | 533/650 [10:03<01:34,  1.24it/s]{'loss': 0.6898, 'grad_norm': 2.142359733581543, 'learning_rate': 9e-06, 'epoch': 41.0}


  0%|          | 0/26 [00:00<?, ?it/s][A

 19%|█▉        | 5/26 [00:00<00:00, 38.16it/s][A

 35%|███▍      | 9/26 [00:00<00:00, 33.53it/s][A

 50%|█████     | 13/26 [00:00<00:00, 32.12it/s][A

 65%|██████▌   | 17/26 [00:00<00:00, 31.44it/s][A

 81%|████████  | 21/26 [00:00<00:00, 31.06it/s][A

 96%|█████████▌| 25/26 [00:00<00:00, 30.88it/s][A

                                               
[A
                                                 

100%|██████████| 26/26 [00:00<00:00, 30.88it/s][A
 82%|████████▏ | 533/650 [10:05<01:34,  1.24it/s]

                                               [A{'eval_loss': 0.9228203892707825, 'eval_macro_recall': 0.7236124665315417, 'eval_macro_precision': 0.7071138197053121, 'eval_macro_f1': 0.6831427099260274, 'eval_accuracy': 0.7035236938031592, 'eval_micro_recall': 0.7035236938031592, 'eval_micro_precision': 0.7035236938031592, 'eval_micro_f1': 0.7035236938031592, 'eval_runtime': 1.1328, 'eval_samples_per_second': 726.535, 'eval_steps_per_second': 22.952, 'epoch': 41.0}

 82%|████████▏ | 534/650 [10:09<04:08,  2.14s/it]
 82%|████████▏ | 535/650 [10:09<03:19,  1.74s/it]
 82%|████████▏ | 536/650 [10:10<02:46,  1.46s/it]
 83%|████████▎ | 537/650 [10:11<02:22,  1.26s/it]
 83%|████████▎ | 538/650 [10:12<02:05,  1.12s/it]
 83%|████████▎ | 539/650 [10:13<01:53,  1.03s/it]
 83%|████████▎ | 540/650 [10:13<01:45,  1.04it/s]
 83%|████████▎ | 541/650 [10:14<01:39,  1.10it/s]
 83%|████████▎ | 542/650 [10:15<01:34,  1.14it/s]
 84%|████████▎ | 543/650 [10:16<01:31,  1.17it/s]
 84%|████████▎ | 544/650 [10:17<01:28,  1.19it/s]
 84%|████████▍ | 545/650 [10:17<01:26,  1.21it/s]
 84%|████████▍ | 546/650 [10:18<01:23,  1.25it/s]
                                                 

 84%|████████▍ | 546/650 [10:18<01:23,  1.25it/s]{'loss': 0.6838, 'grad_norm': 2.3411777019500732, 'learning_rate': 8.000000000000001e-06, 'epoch': 42.0}


  0%|          | 0/26 [00:00<?, ?it/s][A

 15%|█▌        | 4/26 [00:00<00:00, 39.94it/s][A

 31%|███       | 8/26 [00:00<00:00, 33.51it/s][A

 46%|████▌     | 12/26 [00:00<00:00, 31.94it/s][A

 62%|██████▏   | 16/26 [00:00<00:00, 31.25it/s][A

 77%|███████▋  | 20/26 [00:00<00:00, 30.90it/s][A

 92%|█████████▏| 24/26 [00:00<00:00, 30.70it/s][A

                                               
[A
                                                 

100%|██████████| 26/26 [00:00<00:00, 30.70it/s][A
 84%|████████▍ | 546/650 [10:19<01:23,  1.25it/s]

                                               [A{'eval_loss': 0.9262793064117432, 'eval_macro_recall': 0.7191671045717288, 'eval_macro_precision': 0.7144080668839523, 'eval_macro_f1': 0.6836498381448184, 'eval_accuracy': 0.7047387606318347, 'eval_micro_recall': 0.7047387606318347, 'eval_micro_precision': 0.7047387606318347, 'eval_micro_f1': 0.7047387606318347, 'eval_runtime': 1.1442, 'eval_samples_per_second': 719.288, 'eval_steps_per_second': 22.724, 'epoch': 42.0}

 84%|████████▍ | 547/650 [10:23<03:32,  2.07s/it]
 84%|████████▍ | 548/650 [10:24<02:52,  1.69s/it]
 84%|████████▍ | 549/650 [10:25<02:23,  1.42s/it]
 85%|████████▍ | 550/650 [10:26<02:03,  1.23s/it]
 85%|████████▍ | 551/650 [10:26<01:49,  1.10s/it]
 85%|████████▍ | 552/650 [10:27<01:39,  1.01s/it]
 85%|████████▌ | 553/650 [10:28<01:31,  1.05it/s]
 85%|████████▌ | 554/650 [10:29<01:26,  1.11it/s]
 85%|████████▌ | 555/650 [10:30<01:22,  1.15it/s]
 86%|████████▌ | 556/650 [10:30<01:19,  1.18it/s]
 86%|████████▌ | 557/650 [10:31<01:17,  1.20it/s]
 86%|████████▌ | 558/650 [10:32<01:15,  1.21it/s]
 86%|████████▌ | 559/650 [10:33<01:13,  1.24it/s]
                                                 

 86%|████████▌ | 559/650 [10:33<01:13,  1.24it/s]{'loss': 0.6771, 'grad_norm': 2.623440742492676, 'learning_rate': 7.000000000000001e-06, 'epoch': 43.0}


  0%|          | 0/26 [00:00<?, ?it/s][A

 19%|█▉        | 5/26 [00:00<00:00, 38.04it/s][A

 35%|███▍      | 9/26 [00:00<00:00, 33.38it/s][A

 50%|█████     | 13/26 [00:00<00:00, 31.94it/s][A

 65%|██████▌   | 17/26 [00:00<00:00, 31.31it/s][A

 81%|████████  | 21/26 [00:00<00:00, 30.95it/s][A

 96%|█████████▌| 25/26 [00:00<00:00, 30.74it/s][A

                                               
[A
                                                 

100%|██████████| 26/26 [00:00<00:00, 30.74it/s][A
 86%|████████▌ | 559/650 [10:34<01:13,  1.24it/s]

                                               [A{'eval_loss': 0.9208027720451355, 'eval_macro_recall': 0.7223738207842254, 'eval_macro_precision': 0.7166066630854386, 'eval_macro_f1': 0.6845944501025121, 'eval_accuracy': 0.707168894289186, 'eval_micro_recall': 0.707168894289186, 'eval_micro_precision': 0.707168894289186, 'eval_micro_f1': 0.707168894289186, 'eval_runtime': 1.0916, 'eval_samples_per_second': 753.952, 'eval_steps_per_second': 23.819, 'epoch': 43.0}

 86%|████████▌ | 560/650 [10:38<03:01,  2.02s/it]
 86%|████████▋ | 561/650 [10:38<02:26,  1.65s/it]
 86%|████████▋ | 562/650 [10:39<02:02,  1.40s/it]
 87%|████████▋ | 563/650 [10:40<01:45,  1.22s/it]
 87%|████████▋ | 564/650 [10:41<01:33,  1.09s/it]
 87%|████████▋ | 565/650 [10:42<01:25,  1.00s/it]
 87%|████████▋ | 566/650 [10:42<01:19,  1.06it/s]
 87%|████████▋ | 567/650 [10:43<01:14,  1.11it/s]
 87%|████████▋ | 568/650 [10:44<01:11,  1.15it/s]
 88%|████████▊ | 569/650 [10:45<01:08,  1.18it/s]
 88%|████████▊ | 570/650 [10:46<01:06,  1.20it/s]
 88%|████████▊ | 571/650 [10:46<01:05,  1.21it/s]
 88%|████████▊ | 572/650 [10:47<01:02,  1.25it/s]
                                                 

 88%|████████▊ | 572/650 [10:47<01:02,  1.25it/s]{'loss': 0.6764, 'grad_norm': 2.3415398597717285, 'learning_rate': 6e-06, 'epoch': 44.0}


  0%|          | 0/26 [00:00<?, ?it/s][A

 19%|█▉        | 5/26 [00:00<00:00, 38.01it/s][A

 35%|███▍      | 9/26 [00:00<00:00, 33.46it/s][A

 50%|█████     | 13/26 [00:00<00:00, 32.02it/s][A

 65%|██████▌   | 17/26 [00:00<00:00, 31.35it/s][A

 81%|████████  | 21/26 [00:00<00:00, 30.95it/s][A

 96%|█████████▌| 25/26 [00:00<00:00, 30.74it/s][A

                                               
[A
                                                 

100%|██████████| 26/26 [00:00<00:00, 30.74it/s][A
 88%|████████▊ | 572/650 [10:48<01:02,  1.25it/s]

                                               [A{'eval_loss': 0.9198720455169678, 'eval_macro_recall': 0.7260897580261741, 'eval_macro_precision': 0.7048980200906685, 'eval_macro_f1': 0.6846498638473263, 'eval_accuracy': 0.707168894289186, 'eval_micro_recall': 0.707168894289186, 'eval_micro_precision': 0.707168894289186, 'eval_micro_f1': 0.707168894289186, 'eval_runtime': 1.1348, 'eval_samples_per_second': 725.267, 'eval_steps_per_second': 22.912, 'epoch': 44.0}

 88%|████████▊ | 573/650 [10:52<02:40,  2.08s/it]
 88%|████████▊ | 574/650 [10:53<02:08,  1.70s/it]
 88%|████████▊ | 575/650 [10:54<01:46,  1.43s/it]
 89%|████████▊ | 576/650 [10:55<01:31,  1.24s/it]
 89%|████████▉ | 577/650 [10:55<01:20,  1.11s/it]
 89%|████████▉ | 578/650 [10:56<01:12,  1.01s/it]
 89%|████████▉ | 579/650 [10:57<01:07,  1.05it/s]
 89%|████████▉ | 580/650 [10:58<01:03,  1.11it/s]
 89%|████████▉ | 581/650 [10:59<01:00,  1.14it/s]
 90%|████████▉ | 582/650 [10:59<00:57,  1.17it/s]
 90%|████████▉ | 583/650 [11:00<00:55,  1.20it/s]
 90%|████████▉ | 584/650 [11:01<00:54,  1.21it/s]
 90%|█████████ | 585/650 [11:02<00:52,  1.25it/s]
                                                 

 90%|█████████ | 585/650 [11:02<00:52,  1.25it/s]{'loss': 0.6674, 'grad_norm': 2.117943525314331, 'learning_rate': 5e-06, 'epoch': 45.0}


  0%|          | 0/26 [00:00<?, ?it/s][A

 19%|█▉        | 5/26 [00:00<00:00, 37.99it/s][A

 35%|███▍      | 9/26 [00:00<00:00, 33.43it/s][A

 50%|█████     | 13/26 [00:00<00:00, 32.00it/s][A

 65%|██████▌   | 17/26 [00:00<00:00, 31.34it/s][A

 81%|████████  | 21/26 [00:00<00:00, 30.95it/s][A

 96%|█████████▌| 25/26 [00:00<00:00, 30.72it/s][A

                                               
[A
                                                 

100%|██████████| 26/26 [00:00<00:00, 30.72it/s][A
 90%|█████████ | 585/650 [11:03<00:52,  1.25it/s]

                                               [A{'eval_loss': 0.9227423667907715, 'eval_macro_recall': 0.721410429647424, 'eval_macro_precision': 0.704191533257014, 'eval_macro_f1': 0.6815278187157605, 'eval_accuracy': 0.7035236938031592, 'eval_micro_recall': 0.7035236938031592, 'eval_micro_precision': 0.7035236938031592, 'eval_micro_f1': 0.7035236938031592, 'eval_runtime': 1.14, 'eval_samples_per_second': 721.961, 'eval_steps_per_second': 22.808, 'epoch': 45.0}

 90%|█████████ | 586/650 [11:07<02:11,  2.06s/it]
 90%|█████████ | 587/650 [11:08<01:45,  1.68s/it]
 90%|█████████ | 588/650 [11:08<01:27,  1.42s/it]
 91%|█████████ | 589/650 [11:09<01:15,  1.23s/it]
 91%|█████████ | 590/650 [11:10<01:06,  1.10s/it]
 91%|█████████ | 591/650 [11:11<00:59,  1.01s/it]
 91%|█████████ | 592/650 [11:12<00:54,  1.05it/s]
 91%|█████████ | 593/650 [11:12<00:51,  1.11it/s]
 91%|█████████▏| 594/650 [11:13<00:48,  1.15it/s]
 92%|█████████▏| 595/650 [11:14<00:46,  1.18it/s]
 92%|█████████▏| 596/650 [11:15<00:45,  1.20it/s]
 92%|█████████▏| 597/650 [11:16<00:43,  1.21it/s]
 92%|█████████▏| 598/650 [11:16<00:41,  1.25it/s]
                                                 

 92%|█████████▏| 598/650 [11:16<00:41,  1.25it/s]{'loss': 0.6664, 'grad_norm': 2.021437406539917, 'learning_rate': 4.000000000000001e-06, 'epoch': 46.0}


  0%|          | 0/26 [00:00<?, ?it/s][A

 19%|█▉        | 5/26 [00:00<00:00, 38.13it/s][A

 35%|███▍      | 9/26 [00:00<00:00, 33.49it/s][A

 50%|█████     | 13/26 [00:00<00:00, 32.00it/s][A

 65%|██████▌   | 17/26 [00:00<00:00, 31.36it/s][A

 81%|████████  | 21/26 [00:00<00:00, 31.01it/s][A

 96%|█████████▌| 25/26 [00:00<00:00, 30.80it/s][A

                                               
[A
                                                 

100%|██████████| 26/26 [00:00<00:00, 30.80it/s][A
 92%|█████████▏| 598/650 [11:17<00:41,  1.25it/s]

                                               [A{'eval_loss': 0.9198681712150574, 'eval_macro_recall': 0.7191441666875192, 'eval_macro_precision': 0.7025319773344524, 'eval_macro_f1': 0.6790423187669917, 'eval_accuracy': 0.7023086269744836, 'eval_micro_recall': 0.7023086269744836, 'eval_micro_precision': 0.7023086269744836, 'eval_micro_f1': 0.7023086269744836, 'eval_runtime': 1.1174, 'eval_samples_per_second': 736.536, 'eval_steps_per_second': 23.268, 'epoch': 46.0}

 92%|█████████▏| 599/650 [11:21<01:44,  2.04s/it]
 92%|█████████▏| 600/650 [11:22<01:23,  1.67s/it]
 92%|█████████▏| 601/650 [11:23<01:08,  1.41s/it]
 93%|█████████▎| 602/650 [11:24<00:58,  1.22s/it]
 93%|█████████▎| 603/650 [11:24<00:51,  1.10s/it]
 93%|█████████▎| 604/650 [11:25<00:46,  1.01s/it]
 93%|█████████▎| 605/650 [11:26<00:42,  1.06it/s]
 93%|█████████▎| 606/650 [11:27<00:39,  1.11it/s]
 93%|█████████▎| 607/650 [11:28<00:37,  1.15it/s]
 94%|█████████▎| 608/650 [11:28<00:35,  1.18it/s]
 94%|█████████▎| 609/650 [11:29<00:34,  1.20it/s]
 94%|█████████▍| 610/650 [11:30<00:32,  1.21it/s]
 94%|█████████▍| 611/650 [11:31<00:31,  1.24it/s]
                                                 

 94%|█████████▍| 611/650 [11:31<00:31,  1.24it/s]{'loss': 0.6659, 'grad_norm': 2.213524103164673, 'learning_rate': 3e-06, 'epoch': 47.0}


  0%|          | 0/26 [00:00<?, ?it/s][A

 19%|█▉        | 5/26 [00:00<00:00, 38.29it/s][A

 35%|███▍      | 9/26 [00:00<00:00, 33.59it/s][A

 50%|█████     | 13/26 [00:00<00:00, 32.16it/s][A

 65%|██████▌   | 17/26 [00:00<00:00, 31.48it/s][A

 81%|████████  | 21/26 [00:00<00:00, 31.09it/s][A

 96%|█████████▌| 25/26 [00:00<00:00, 30.88it/s][A

                                               
[A
                                                 

100%|██████████| 26/26 [00:00<00:00, 30.88it/s][A
 94%|█████████▍| 611/650 [11:32<00:31,  1.24it/s]

                                               [A{'eval_loss': 0.9185268878936768, 'eval_macro_recall': 0.7243556539799314, 'eval_macro_precision': 0.7086093697557754, 'eval_macro_f1': 0.6842283955577858, 'eval_accuracy': 0.707168894289186, 'eval_micro_recall': 0.707168894289186, 'eval_micro_precision': 0.707168894289186, 'eval_micro_f1': 0.707168894289186, 'eval_runtime': 1.1143, 'eval_samples_per_second': 738.609, 'eval_steps_per_second': 23.334, 'epoch': 47.0}

 94%|█████████▍| 612/650 [11:36<01:17,  2.04s/it]
 94%|█████████▍| 613/650 [11:36<01:01,  1.67s/it]
 94%|█████████▍| 614/650 [11:37<00:50,  1.41s/it]
 95%|█████████▍| 615/650 [11:38<00:42,  1.22s/it]
 95%|█████████▍| 616/650 [11:39<00:37,  1.10s/it]
 95%|█████████▍| 617/650 [11:40<00:33,  1.01s/it]
 95%|█████████▌| 618/650 [11:40<00:30,  1.06it/s]
 95%|█████████▌| 619/650 [11:41<00:27,  1.11it/s]
 95%|█████████▌| 620/650 [11:42<00:26,  1.15it/s]
 96%|█████████▌| 621/650 [11:43<00:24,  1.18it/s]
 96%|█████████▌| 622/650 [11:44<00:23,  1.20it/s]
 96%|█████████▌| 623/650 [11:44<00:22,  1.21it/s]
 96%|█████████▌| 624/650 [11:45<00:21,  1.24it/s]
                                                 

 96%|█████████▌| 624/650 [11:45<00:21,  1.24it/s]{'loss': 0.6579, 'grad_norm': 1.930745005607605, 'learning_rate': 2.0000000000000003e-06, 'epoch': 48.0}


  0%|          | 0/26 [00:00<?, ?it/s][A

 19%|█▉        | 5/26 [00:00<00:00, 37.89it/s][A

 35%|███▍      | 9/26 [00:00<00:00, 33.35it/s][A

 50%|█████     | 13/26 [00:00<00:00, 31.95it/s][A

 65%|██████▌   | 17/26 [00:00<00:00, 31.28it/s][A

 81%|████████  | 21/26 [00:00<00:00, 30.91it/s][A

 96%|█████████▌| 25/26 [00:00<00:00, 30.71it/s][A

                                               
[A
                                                 

100%|██████████| 26/26 [00:00<00:00, 30.71it/s][A
 96%|█████████▌| 624/650 [11:46<00:21,  1.24it/s]

                                               [A{'eval_loss': 0.9205567240715027, 'eval_macro_recall': 0.7224747474747474, 'eval_macro_precision': 0.7065472539653359, 'eval_macro_f1': 0.6830431443421119, 'eval_accuracy': 0.7059538274605103, 'eval_micro_recall': 0.7059538274605103, 'eval_micro_precision': 0.7059538274605103, 'eval_micro_f1': 0.7059538274605103, 'eval_runtime': 1.1216, 'eval_samples_per_second': 733.789, 'eval_steps_per_second': 23.182, 'epoch': 48.0}

 96%|█████████▌| 625/650 [11:50<00:50,  2.02s/it]
 96%|█████████▋| 626/650 [11:51<00:39,  1.66s/it]
 96%|█████████▋| 627/650 [11:52<00:32,  1.40s/it]
 97%|█████████▋| 628/650 [11:53<00:26,  1.22s/it]
 97%|█████████▋| 629/650 [11:53<00:22,  1.09s/it]
 97%|█████████▋| 630/650 [11:54<00:20,  1.01s/it]
 97%|█████████▋| 631/650 [11:55<00:17,  1.06it/s]
 97%|█████████▋| 632/650 [11:56<00:16,  1.11it/s]
 97%|█████████▋| 633/650 [11:57<00:14,  1.15it/s]
 98%|█████████▊| 634/650 [11:57<00:13,  1.18it/s]
 98%|█████████▊| 635/650 [11:58<00:12,  1.20it/s]
 98%|█████████▊| 636/650 [11:59<00:11,  1.21it/s]
 98%|█████████▊| 637/650 [12:00<00:10,  1.25it/s]
                                                 

 98%|█████████▊| 637/650 [12:00<00:10,  1.25it/s]{'loss': 0.6535, 'grad_norm': 1.791601300239563, 'learning_rate': 1.0000000000000002e-06, 'epoch': 49.0}


  0%|          | 0/26 [00:00<?, ?it/s][A

 19%|█▉        | 5/26 [00:00<00:00, 38.10it/s][A

 35%|███▍      | 9/26 [00:00<00:00, 33.46it/s][A

 50%|█████     | 13/26 [00:00<00:00, 32.04it/s][A

 65%|██████▌   | 17/26 [00:00<00:00, 31.40it/s][A

 81%|████████  | 21/26 [00:00<00:00, 31.05it/s][A

 96%|█████████▌| 25/26 [00:00<00:00, 30.84it/s][A

                                               
[A
                                                 

100%|██████████| 26/26 [00:00<00:00, 30.84it/s][A
 98%|█████████▊| 637/650 [12:01<00:10,  1.25it/s]

                                               [A{'eval_loss': 0.9209067225456238, 'eval_macro_recall': 0.7236124665315417, 'eval_macro_precision': 0.7078186383292059, 'eval_macro_f1': 0.6854606208925362, 'eval_accuracy': 0.7083839611178615, 'eval_micro_recall': 0.7083839611178615, 'eval_micro_precision': 0.7083839611178615, 'eval_micro_f1': 0.7083839611178615, 'eval_runtime': 1.1328, 'eval_samples_per_second': 726.539, 'eval_steps_per_second': 22.953, 'epoch': 49.0}

 98%|█████████▊| 638/650 [12:05<00:24,  2.02s/it]
 98%|█████████▊| 639/650 [12:05<00:18,  1.65s/it]
 98%|█████████▊| 640/650 [12:06<00:13,  1.39s/it]
 99%|█████████▊| 641/650 [12:07<00:10,  1.22s/it]
 99%|█████████▉| 642/650 [12:08<00:08,  1.09s/it]
 99%|█████████▉| 643/650 [12:09<00:07,  1.00s/it]
 99%|█████████▉| 644/650 [12:09<00:05,  1.06it/s]
 99%|█████████▉| 645/650 [12:10<00:04,  1.11it/s]
 99%|█████████▉| 646/650 [12:11<00:03,  1.15it/s]
100%|█████████▉| 647/650 [12:12<00:02,  1.18it/s]
100%|█████████▉| 648/650 [12:13<00:01,  1.20it/s]
100%|█████████▉| 649/650 [12:13<00:00,  1.21it/s]
100%|██████████| 650/650 [12:14<00:00,  1.25it/s]
                                                 

100%|██████████| 650/650 [12:14<00:00,  1.25it/s]{'loss': 0.6533, 'grad_norm': 1.8918832540512085, 'learning_rate': 0.0, 'epoch': 50.0}


  0%|          | 0/26 [00:00<?, ?it/s][A

 19%|█▉        | 5/26 [00:00<00:00, 38.03it/s][A

 35%|███▍      | 9/26 [00:00<00:00, 33.38it/s][A

 50%|█████     | 13/26 [00:00<00:00, 31.98it/s][A

 65%|██████▌   | 17/26 [00:00<00:00, 31.30it/s][A

 81%|████████  | 21/26 [00:00<00:00, 30.93it/s][A

 96%|█████████▌| 25/26 [00:00<00:00, 30.73it/s][A

                                               
[A
                                                 

100%|██████████| 26/26 [00:00<00:00, 30.73it/s][A
100%|██████████| 650/650 [12:15<00:00,  1.25it/s]

                                               [A
                                                 

100%|██████████| 650/650 [12:19<00:00,  1.25it/s]
100%|██████████| 650/650 [12:19<00:00,  1.14s/it]
2025-04-12 18:17:56.902 | INFO     | __main__:fine_tune:231 - Training time: 741.48 seconds
{'eval_loss': 0.9202682375907898, 'eval_macro_recall': 0.7239427720641592, 'eval_macro_precision': 0.7106927552206638, 'eval_macro_f1': 0.6863158350425481, 'eval_accuracy': 0.7083839611178615, 'eval_micro_recall': 0.7083839611178615, 'eval_micro_precision': 0.7083839611178615, 'eval_micro_f1': 0.7083839611178615, 'eval_runtime': 1.1242, 'eval_samples_per_second': 732.1, 'eval_steps_per_second': 23.128, 'epoch': 50.0}
{'train_runtime': 739.3055, 'train_samples_per_second': 222.844, 'train_steps_per_second': 0.879, 'train_loss': 1.4062678307753342, 'epoch': 50.0}

  0%|          | 0/26 [00:00<?, ?it/s]
 19%|█▉        | 5/26 [00:00<00:00, 37.92it/s]
 35%|███▍      | 9/26 [00:00<00:00, 33.35it/s]
 50%|█████     | 13/26 [00:00<00:00, 31.92it/s]
 65%|██████▌   | 17/26 [00:00<00:00, 31.28it/s]
 81%|████████  | 21/26 [00:00<00:00, 30.91it/s]
 96%|█████████▌| 25/26 [00:00<00:00, 30.69it/s]
100%|██████████| 26/26 [00:00<00:00, 29.63it/s]
2025-04-12 18:17:58.020 | INFO     | __main__:fine_tune:242 - Prediction time: 1.12 seconds
2025-04-12 18:17:58.023 | INFO     | __main__:CV_run:419 - Fold 5, Final Eval Metrics: loss: 0.92, macro_recall: 0.72, macro_precision: 0.71, macro_f1: 0.69, accuracy: 0.71, micro_recall: 0.71, micro_precision: 0.71, micro_f1: 0.71, runtime: 1.12, samples_per_second: 732.10, steps_per_second: 23.13
2025-04-12 18:17:58.023 | SUCCESS  | __main__:CV_run:430 - 5-Fold Cross Validation completed
Eval results: defaultdict(<class 'list'>, {'loss': [4.903155326843262, 4.3236823081970215, 3.824831008911133, 3.3898181915283203, 3.0328495502471924, 2.728062391281128, 2.4836580753326416, 2.276729106903076, 2.081998109817505, 1.9187281131744385, 1.7595757246017456, 1.632152795791626, 1.5304348468780518, 1.4335997104644775, 1.360349178314209, 1.278116226196289, 1.24491548538208, 1.1984883546829224, 1.1619106531143188, 1.1212877035140991, 1.0994431972503662, 1.073999285697937, 1.0582774877548218, 1.0353846549987793, 1.0083467960357666, 0.9962886571884155, 0.9791756868362427, 0.9737541675567627, 0.9761905074119568, 0.9585705399513245, 0.9521223306655884, 0.944165050983429, 0.9505569338798523, 0.945710301399231, 0.9370992183685303, 0.9425738453865051, 0.9335210919380188, 0.9379209280014038, 0.9362950325012207, 0.9247008562088013, 0.9228203892707825, 0.9262793064117432, 0.9208027720451355, 0.9198720455169678, 0.9227423667907715, 0.9198681712150574, 0.9185268878936768, 0.9205567240715027, 0.9209067225456238, 0.9202682375907898], 'macro_recall': [0.08888221604984611, 0.19995641802000183, 0.26475823470043125, 0.3439902743370951, 0.4069960546839159, 0.46173731535003215, 0.47733048903569136, 0.504640333975594, 0.5391756124415084, 0.5458046609780713, 0.5900426644646298, 0.5968276906138178, 0.614925681255161, 0.6221235893201211, 0.6359230204605927, 0.6473988439306358, 0.6505849160473438, 0.6702541517570418, 0.6513648041104689, 0.6685062849802735, 0.6770621157904396, 0.6830993669143958, 0.6956601523075512, 0.6909487108909075, 0.6923135150013762, 0.6846155610606478, 0.6989333883842554, 0.7055647307092394, 0.7010367923662723, 0.7109482521332232, 0.7183526011560694, 0.7186462060739518, 0.7162700497960615, 0.7221994928642328, 0.7158227610539749, 0.7146437538056035, 0.7183918040854458, 0.7179422215549383, 0.7233555622283946, 0.7150933363361109, 0.7236124665315417, 0.7191671045717288, 0.7223738207842254, 0.7260897580261741, 0.721410429647424, 0.7191441666875192, 0.7243556539799314, 0.7224747474747474, 0.7236124665315417, 0.7239427720641592], 'macro_precision': [0.04587940606674938, 0.12337768810038875, 0.17036212956096364, 0.23951663090446895, 0.2914904024649206, 0.3577960572760368, 0.39290043640541455, 0.4109857235227454, 0.45669762730843294, 0.47377071725121567, 0.5085129745072704, 0.5185034201601256, 0.5564517686783308, 0.5633166087557719, 0.5838451449000581, 0.5931147001766107, 0.6054778027131236, 0.6167283871998523, 0.6100120817380432, 0.6092232464152147, 0.6306304084979885, 0.6197439155341498, 0.6424969412496032, 0.6385087035185909, 0.6390675430947715, 0.6422196259093841, 0.6540924342374798, 0.6591828168610143, 0.6644156228928683, 0.6789862391933384, 0.687121763456791, 0.6868470521119547, 0.6834441367870742, 0.696050878151041, 0.6880065621587481, 0.6935806968095485, 0.7007542913082114, 0.6892987991446267, 0.7041273071812272, 0.6877923014676088, 0.7071138197053121, 0.7144080668839523, 0.7166066630854386, 0.7048980200906685, 0.704191533257014, 0.7025319773344524, 0.7086093697557754, 0.7065472539653359, 0.7078186383292059, 0.7106927552206638], 'macro_f1': [0.04363033843073406, 0.12369793961245522, 0.18202053518553404, 0.24939039959437775, 0.3030518314092309, 0.36730087507835885, 0.388779418939757, 0.4178037431148311, 0.46207820163685204, 0.47187224256800014, 0.5151895271726359, 0.5262361972154559, 0.5491669541194252, 0.5582760262854232, 0.5749051650473356, 0.5879085928734159, 0.5955760385215099, 0.6122664504431358, 0.5956451278556276, 0.6088976095060671, 0.6207452466787661, 0.6223436539716451, 0.6435829216023922, 0.6343684794399732, 0.6371000938269593, 0.6362501296311944, 0.644681032477262, 0.6541175697169004, 0.6540180345888307, 0.668142974052618, 0.6738495447687552, 0.6717909317468186, 0.6707666325295489, 0.6754506359380282, 0.6728621360048193, 0.6741846441848077, 0.6749919356618653, 0.6718095775366844, 0.6814767062029002, 0.6711460293754178, 0.6831427099260274, 0.6836498381448184, 0.6845944501025121, 0.6846498638473263, 0.6815278187157605, 0.6790423187669917, 0.6842283955577858, 0.6830431443421119, 0.6854606208925362, 0.6863158350425481], 'accuracy': [0.08262454434993925, 0.20170109356014582, 0.26974483596597815, 0.33171324422843257, 0.39246658566221143, 0.44835965978128794, 0.4726609963547995, 0.503037667071689, 0.5467800729040098, 0.5504252733900364, 0.5905224787363305, 0.5941676792223572, 0.6087484811664642, 0.6136087484811664, 0.6257594167679222, 0.6415552855407047, 0.6391251518833536, 0.6561360874848117, 0.6464155528554071, 0.6524908869987849, 0.6682867557715675, 0.6682867557715675, 0.6780072904009721, 0.6743620899149453, 0.6767922235722965, 0.675577156743621, 0.6852976913730255, 0.6865127582017011, 0.6792223572296476, 0.6986634264884569, 0.6962332928311057, 0.6974483596597812, 0.692588092345079, 0.6998784933171325, 0.6962332928311057, 0.6962332928311057, 0.701093560145808, 0.6986634264884569, 0.7023086269744836, 0.6962332928311057, 0.7035236938031592, 0.7047387606318347, 0.707168894289186, 0.707168894289186, 0.7035236938031592, 0.7023086269744836, 0.707168894289186, 0.7059538274605103, 0.7083839611178615, 0.7083839611178615], 'micro_recall': [0.08262454434993925, 0.20170109356014582, 0.26974483596597815, 0.33171324422843257, 0.39246658566221143, 0.44835965978128794, 0.4726609963547995, 0.503037667071689, 0.5467800729040098, 0.5504252733900364, 0.5905224787363305, 0.5941676792223572, 0.6087484811664642, 0.6136087484811664, 0.6257594167679222, 0.6415552855407047, 0.6391251518833536, 0.6561360874848117, 0.6464155528554071, 0.6524908869987849, 0.6682867557715675, 0.6682867557715675, 0.6780072904009721, 0.6743620899149453, 0.6767922235722965, 0.675577156743621, 0.6852976913730255, 0.6865127582017011, 0.6792223572296476, 0.6986634264884569, 0.6962332928311057, 0.6974483596597812, 0.692588092345079, 0.6998784933171325, 0.6962332928311057, 0.6962332928311057, 0.701093560145808, 0.6986634264884569, 0.7023086269744836, 0.6962332928311057, 0.7035236938031592, 0.7047387606318347, 0.707168894289186, 0.707168894289186, 0.7035236938031592, 0.7023086269744836, 0.707168894289186, 0.7059538274605103, 0.7083839611178615, 0.7083839611178615], 'micro_precision': [0.08262454434993925, 0.20170109356014582, 0.26974483596597815, 0.33171324422843257, 0.39246658566221143, 0.44835965978128794, 0.4726609963547995, 0.503037667071689, 0.5467800729040098, 0.5504252733900364, 0.5905224787363305, 0.5941676792223572, 0.6087484811664642, 0.6136087484811664, 0.6257594167679222, 0.6415552855407047, 0.6391251518833536, 0.6561360874848117, 0.6464155528554071, 0.6524908869987849, 0.6682867557715675, 0.6682867557715675, 0.6780072904009721, 0.6743620899149453, 0.6767922235722965, 0.675577156743621, 0.6852976913730255, 0.6865127582017011, 0.6792223572296476, 0.6986634264884569, 0.6962332928311057, 0.6974483596597812, 0.692588092345079, 0.6998784933171325, 0.6962332928311057, 0.6962332928311057, 0.701093560145808, 0.6986634264884569, 0.7023086269744836, 0.6962332928311057, 0.7035236938031592, 0.7047387606318347, 0.707168894289186, 0.707168894289186, 0.7035236938031592, 0.7023086269744836, 0.707168894289186, 0.7059538274605103, 0.7083839611178615, 0.7083839611178615], 'micro_f1': [0.08262454434993925, 0.20170109356014582, 0.26974483596597815, 0.33171324422843257, 0.39246658566221143, 0.44835965978128794, 0.4726609963547995, 0.503037667071689, 0.5467800729040098, 0.5504252733900364, 0.5905224787363305, 0.5941676792223572, 0.6087484811664642, 0.6136087484811664, 0.6257594167679222, 0.6415552855407047, 0.6391251518833536, 0.6561360874848117, 0.6464155528554071, 0.6524908869987849, 0.6682867557715675, 0.6682867557715675, 0.6780072904009721, 0.6743620899149453, 0.6767922235722965, 0.675577156743621, 0.6852976913730255, 0.6865127582017011, 0.6792223572296476, 0.6986634264884569, 0.6962332928311057, 0.6974483596597812, 0.692588092345079, 0.6998784933171325, 0.6962332928311057, 0.6962332928311057, 0.701093560145808, 0.6986634264884569, 0.7023086269744836, 0.6962332928311057, 0.7035236938031592, 0.7047387606318347, 0.707168894289186, 0.707168894289186, 0.7035236938031592, 0.7023086269744836, 0.707168894289186, 0.7059538274605103, 0.7083839611178615, 0.7083839611178615], 'runtime': [1.1007, 1.1428, 1.1181, 1.0797, 1.1405, 1.1513, 1.13, 1.148, 1.108, 1.0923, 1.1387, 1.1438, 1.1301, 1.1258, 1.1403, 1.1118, 1.0958, 1.1221, 1.1731, 1.1078, 1.1104, 1.1269, 1.1302, 1.1177, 1.1294, 1.7993, 1.1393, 1.0978, 1.1183, 1.1136, 1.1246, 1.1428, 1.1128, 1.1118, 1.133, 1.1194, 1.1353, 1.1464, 1.1334, 1.1493, 1.1328, 1.1442, 1.0916, 1.1348, 1.14, 1.1174, 1.1143, 1.1216, 1.1328, 1.1242], 'samples_per_second': [747.728, 720.171, 736.08, 762.234, 721.584, 714.853, 728.315, 716.898, 742.773, 753.473, 722.73, 719.546, 728.222, 731.013, 721.757, 740.256, 751.082, 733.432, 701.564, 742.927, 741.185, 730.344, 728.172, 736.303, 728.699, 457.405, 722.366, 749.681, 735.967, 739.02, 731.836, 720.187, 739.567, 740.266, 726.382, 735.228, 724.892, 717.889, 726.114, 716.074, 726.535, 719.288, 753.952, 725.267, 721.961, 736.536, 738.609, 733.789, 726.539, 732.1], 'steps_per_second': [23.622, 22.751, 23.254, 24.08, 22.796, 22.583, 23.009, 22.648, 23.466, 23.804, 22.832, 22.732, 23.006, 23.094, 22.802, 23.386, 23.728, 23.17, 22.164, 23.47, 23.415, 23.073, 23.004, 23.261, 23.021, 14.45, 22.821, 23.684, 23.25, 23.347, 23.12, 22.752, 23.364, 23.386, 22.948, 23.227, 22.901, 22.679, 22.939, 22.622, 22.952, 22.724, 23.819, 22.912, 22.808, 23.268, 23.334, 23.182, 22.953, 23.128]})
loss: 0.8963 (± 0.0210)
macro_recall: 0.7040 (± 0.0136)
macro_precision: 0.6887 (± 0.0202)
macro_f1: 0.6731 (± 0.0138)
accuracy: 0.7147 (± 0.0055)
micro_recall: 0.7147 (± 0.0055)
micro_precision: 0.7147 (± 0.0055)
micro_f1: 0.7147 (± 0.0055)
runtime: 1.1508 (± 0.0409)
samples_per_second: 716.5446 (± 24.7123)
steps_per_second: 22.6204 (± 0.7842)
