2025-04-12 15:45:10.528 | INFO     | __main__:<module>:46 - Using device: cuda
Token indices sequence length is longer than the specified maximum sequence length for this model (1146 > 512). Running this sequence through the model will result in indexing errors
2025-04-12 15:45:17.718 | INFO     | __main__:CV_run:327 - Number of classes: 81
2025-04-12 15:45:17.718 | INFO     | __main__:CV_run:328 - label type: model_type
2025-04-12 15:45:17.749 | INFO     | __main__:CV_run:357 - Starting fold 1
Some weights of RobertaForSequenceClassification were not initialized from the model checkpoint at roberta-base and are newly initialized: ['classifier.dense.bias', 'classifier.dense.weight', 'classifier.out_proj.bias', 'classifier.out_proj.weight']
You should probably TRAIN this model on a down-stream task to be able to use it for predictions and inference.
2025-04-12 15:45:20.946 | INFO     | __main__:CV_run:409 - Starting fine-tuning with cross-entropy loss
trim: 384
Average length of input_ids: 1185.8372996600292
Length of full_dataset: 4118
Train mode: fine-tune
Fine-tune type: cross-entropy
lr: 5e-05
batch size: 256

  0%|          | 0/650 [00:00<?, ?it/s]
  0%|          | 1/650 [00:07<1:18:47,  7.28s/it]
  0%|          | 2/650 [00:08<37:23,  3.46s/it]  
  0%|          | 3/650 [00:08<24:12,  2.24s/it]
  1%|          | 4/650 [00:09<18:00,  1.67s/it]
  1%|          | 5/650 [00:10<14:34,  1.36s/it]
  1%|          | 6/650 [00:11<12:30,  1.17s/it]
  1%|          | 7/650 [00:12<11:11,  1.04s/it]
  1%|          | 8/650 [00:12<10:19,  1.04it/s]
  1%|▏         | 9/650 [00:13<09:44,  1.10it/s]
  2%|▏         | 10/650 [00:14<09:19,  1.14it/s]
  2%|▏         | 11/650 [00:15<09:02,  1.18it/s]
  2%|▏         | 12/650 [00:16<08:50,  1.20it/s]
  2%|▏         | 13/650 [00:16<08:28,  1.25it/s]
                                                

  2%|▏         | 13/650 [00:16<08:28,  1.25it/s]{'loss': 3.9966, 'grad_norm': 3.1951467990875244, 'learning_rate': 4.9e-05, 'epoch': 1.0}


  0%|          | 0/26 [00:00<?, ?it/s][A

 15%|█▌        | 4/26 [00:00<00:00, 37.06it/s][A

 31%|███       | 8/26 [00:00<00:00, 32.97it/s][A

 46%|████▌     | 12/26 [00:00<00:00, 31.89it/s][A

 62%|██████▏   | 16/26 [00:00<00:00, 31.41it/s][A

 77%|███████▋  | 20/26 [00:00<00:00, 31.17it/s][A

 92%|█████████▏| 24/26 [00:00<00:00, 31.01it/s][A
                                                

                                               
[A
  2%|▏         | 13/650 [00:18<08:28,  1.25it/s]

100%|██████████| 26/26 [00:00<00:00, 31.01it/s][A

                                               [A{'eval_loss': 3.411578416824341, 'eval_macro_recall': 0.10015940134797248, 'eval_macro_precision': 0.07563342048299725, 'eval_macro_f1': 0.07381573010465521, 'eval_accuracy': 0.33859223300970875, 'eval_micro_recall': 0.33859223300970875, 'eval_micro_precision': 0.33859223300970875, 'eval_micro_f1': 0.33859223300970875, 'eval_runtime': 1.4552, 'eval_samples_per_second': 566.253, 'eval_steps_per_second': 17.867, 'epoch': 1.0}

  2%|▏         | 14/650 [00:21<22:06,  2.09s/it]
  2%|▏         | 15/650 [00:22<17:56,  1.70s/it]
  2%|▏         | 16/650 [00:23<15:02,  1.42s/it]
  3%|▎         | 17/650 [00:24<13:00,  1.23s/it]
  3%|▎         | 18/650 [00:24<11:36,  1.10s/it]
  3%|▎         | 19/650 [00:25<10:36,  1.01s/it]
  3%|▎         | 20/650 [00:26<09:55,  1.06it/s]
  3%|▎         | 21/650 [00:27<09:25,  1.11it/s]
  3%|▎         | 22/650 [00:28<09:04,  1.15it/s]
  4%|▎         | 23/650 [00:28<08:49,  1.18it/s]
  4%|▎         | 24/650 [00:29<08:38,  1.21it/s]
  4%|▍         | 25/650 [00:30<08:31,  1.22it/s]
  4%|▍         | 26/650 [00:31<08:16,  1.26it/s]
                                                

  4%|▍         | 26/650 [00:31<08:16,  1.26it/s]{'loss': 3.007, 'grad_norm': 3.819382667541504, 'learning_rate': 4.8e-05, 'epoch': 2.0}


  0%|          | 0/26 [00:00<?, ?it/s][A

 19%|█▉        | 5/26 [00:00<00:00, 38.27it/s][A

 35%|███▍      | 9/26 [00:00<00:00, 33.60it/s][A

 50%|█████     | 13/26 [00:00<00:00, 32.22it/s][A

 65%|██████▌   | 17/26 [00:00<00:00, 31.58it/s][A

 81%|████████  | 21/26 [00:00<00:00, 31.26it/s][A

 96%|█████████▌| 25/26 [00:00<00:00, 31.03it/s][A
                                                

                                               
[A
  4%|▍         | 26/650 [00:32<08:16,  1.26it/s]

100%|██████████| 26/26 [00:00<00:00, 31.03it/s][A

                                               [A{'eval_loss': 2.469190835952759, 'eval_macro_recall': 0.21875, 'eval_macro_precision': 0.15959095801369808, 'eval_macro_f1': 0.16752398299500015, 'eval_accuracy': 0.47815533980582525, 'eval_micro_recall': 0.47815533980582525, 'eval_micro_precision': 0.47815533980582525, 'eval_micro_f1': 0.47815533980582525, 'eval_runtime': 1.1261, 'eval_samples_per_second': 731.719, 'eval_steps_per_second': 23.088, 'epoch': 2.0}

  4%|▍         | 27/650 [00:35<20:05,  1.93s/it]
  4%|▍         | 28/650 [00:36<16:29,  1.59s/it]
  4%|▍         | 29/650 [00:37<14:00,  1.35s/it]
  5%|▍         | 30/650 [00:38<12:15,  1.19s/it]
  5%|▍         | 31/650 [00:39<11:00,  1.07s/it]
  5%|▍         | 32/650 [00:39<10:09,  1.01it/s]
  5%|▌         | 33/650 [00:40<09:33,  1.08it/s]
  5%|▌         | 34/650 [00:41<09:07,  1.13it/s]
  5%|▌         | 35/650 [00:42<08:49,  1.16it/s]
  6%|▌         | 36/650 [00:43<08:36,  1.19it/s]
  6%|▌         | 37/650 [00:43<08:27,  1.21it/s]
  6%|▌         | 38/650 [00:44<08:20,  1.22it/s]
  6%|▌         | 39/650 [00:45<08:06,  1.26it/s]
                                                

  6%|▌         | 39/650 [00:45<08:06,  1.26it/s]{'loss': 2.1807, 'grad_norm': 3.8672871589660645, 'learning_rate': 4.7e-05, 'epoch': 3.0}


  0%|          | 0/26 [00:00<?, ?it/s][A

 19%|█▉        | 5/26 [00:00<00:00, 38.00it/s][A

 35%|███▍      | 9/26 [00:00<00:00, 33.42it/s][A

 50%|█████     | 13/26 [00:00<00:00, 32.10it/s][A

 65%|██████▌   | 17/26 [00:00<00:00, 31.45it/s][A

 81%|████████  | 21/26 [00:00<00:00, 31.10it/s][A

 96%|█████████▌| 25/26 [00:00<00:00, 30.86it/s][A
                                                

                                               
[A
  6%|▌         | 39/650 [00:46<08:06,  1.26it/s]

100%|██████████| 26/26 [00:00<00:00, 30.86it/s][A

                                               [A{'eval_loss': 1.7300562858581543, 'eval_macro_recall': 0.5024592731829574, 'eval_macro_precision': 0.43520654572781103, 'eval_macro_f1': 0.4545477753000716, 'eval_accuracy': 0.7026699029126213, 'eval_micro_recall': 0.7026699029126213, 'eval_micro_precision': 0.7026699029126213, 'eval_micro_f1': 0.7026699029126213, 'eval_runtime': 1.1105, 'eval_samples_per_second': 742.03, 'eval_steps_per_second': 23.414, 'epoch': 3.0}

  6%|▌         | 40/650 [00:50<19:54,  1.96s/it]
  6%|▋         | 41/650 [00:50<16:20,  1.61s/it]
  6%|▋         | 42/650 [00:51<13:50,  1.37s/it]
  7%|▋         | 43/650 [00:52<12:05,  1.20s/it]
  7%|▋         | 44/650 [00:53<10:52,  1.08s/it]
  7%|▋         | 45/650 [00:53<10:00,  1.01it/s]
  7%|▋         | 46/650 [00:54<09:24,  1.07it/s]
  7%|▋         | 47/650 [00:55<08:58,  1.12it/s]
  7%|▋         | 48/650 [00:56<08:40,  1.16it/s]
  8%|▊         | 49/650 [00:57<08:28,  1.18it/s]
  8%|▊         | 50/650 [00:57<08:19,  1.20it/s]
  8%|▊         | 51/650 [00:58<08:12,  1.22it/s]
  8%|▊         | 52/650 [00:59<07:59,  1.25it/s]
                                                

  8%|▊         | 52/650 [00:59<07:59,  1.25it/s]{'loss': 1.559, 'grad_norm': 5.660452842712402, 'learning_rate': 4.600000000000001e-05, 'epoch': 4.0}


  0%|          | 0/26 [00:00<?, ?it/s][A

 19%|█▉        | 5/26 [00:00<00:00, 37.92it/s][A

 35%|███▍      | 9/26 [00:00<00:00, 33.39it/s][A

 50%|█████     | 13/26 [00:00<00:00, 32.07it/s][A

 65%|██████▌   | 17/26 [00:00<00:00, 31.39it/s][A

 81%|████████  | 21/26 [00:00<00:00, 31.06it/s][A

 96%|█████████▌| 25/26 [00:00<00:00, 30.83it/s][A
                                                

                                               
[A
  8%|▊         | 52/650 [01:00<07:59,  1.25it/s]

100%|██████████| 26/26 [00:00<00:00, 30.83it/s][A

                                               [A{'eval_loss': 1.2584038972854614, 'eval_macro_recall': 0.62065274536917, 'eval_macro_precision': 0.6107122640033087, 'eval_macro_f1': 0.5934944821978035, 'eval_accuracy': 0.808252427184466, 'eval_micro_recall': 0.808252427184466, 'eval_micro_precision': 0.808252427184466, 'eval_micro_f1': 0.808252427184466, 'eval_runtime': 1.1456, 'eval_samples_per_second': 719.297, 'eval_steps_per_second': 22.696, 'epoch': 4.0}

  8%|▊         | 53/650 [01:04<19:27,  1.96s/it]
  8%|▊         | 54/650 [01:04<15:58,  1.61s/it]
  8%|▊         | 55/650 [01:05<13:32,  1.36s/it]
  9%|▊         | 56/650 [01:06<11:49,  1.20s/it]
  9%|▉         | 57/650 [01:07<10:38,  1.08s/it]
  9%|▉         | 58/650 [01:08<09:47,  1.01it/s]
  9%|▉         | 59/650 [01:08<09:13,  1.07it/s]
  9%|▉         | 60/650 [01:09<08:47,  1.12it/s]
  9%|▉         | 61/650 [01:10<08:30,  1.15it/s]
 10%|▉         | 62/650 [01:11<08:18,  1.18it/s]
 10%|▉         | 63/650 [01:12<08:09,  1.20it/s]
 10%|▉         | 64/650 [01:12<08:02,  1.21it/s]
 10%|█         | 65/650 [01:13<07:47,  1.25it/s]
                                                

 10%|█         | 65/650 [01:13<07:47,  1.25it/s]{'loss': 1.1533, 'grad_norm': 3.71287202835083, 'learning_rate': 4.5e-05, 'epoch': 5.0}


  0%|          | 0/26 [00:00<?, ?it/s][A

 19%|█▉        | 5/26 [00:00<00:00, 38.19it/s][A

 35%|███▍      | 9/26 [00:00<00:00, 33.55it/s][A

 50%|█████     | 13/26 [00:00<00:00, 32.12it/s][A

 65%|██████▌   | 17/26 [00:00<00:00, 31.45it/s][A

 81%|████████  | 21/26 [00:00<00:00, 31.08it/s][A

 96%|█████████▌| 25/26 [00:00<00:00, 30.79it/s][A
                                                

                                               
[A
 10%|█         | 65/650 [01:14<07:47,  1.25it/s]

100%|██████████| 26/26 [00:00<00:00, 30.79it/s][A

                                               [A{'eval_loss': 0.932255744934082, 'eval_macro_recall': 0.7321726370524011, 'eval_macro_precision': 0.6994596370489538, 'eval_macro_f1': 0.7042229027272395, 'eval_accuracy': 0.875, 'eval_micro_recall': 0.875, 'eval_micro_precision': 0.875, 'eval_micro_f1': 0.875, 'eval_runtime': 1.1313, 'eval_samples_per_second': 728.342, 'eval_steps_per_second': 22.982, 'epoch': 5.0}

 10%|█         | 66/650 [01:18<18:40,  1.92s/it]
 10%|█         | 67/650 [01:19<15:22,  1.58s/it]
 10%|█         | 68/650 [01:19<13:05,  1.35s/it]
 11%|█         | 69/650 [01:20<11:27,  1.18s/it]
 11%|█         | 70/650 [01:21<10:20,  1.07s/it]
 11%|█         | 71/650 [01:22<09:32,  1.01it/s]
 11%|█         | 72/650 [01:23<08:59,  1.07it/s]
 11%|█         | 73/650 [01:23<08:35,  1.12it/s]
 11%|█▏        | 74/650 [01:24<08:18,  1.15it/s]
 12%|█▏        | 75/650 [01:25<08:06,  1.18it/s]
 12%|█▏        | 76/650 [01:26<07:58,  1.20it/s]
 12%|█▏        | 77/650 [01:27<07:52,  1.21it/s]
 12%|█▏        | 78/650 [01:27<07:38,  1.25it/s]
                                                

 12%|█▏        | 78/650 [01:27<07:38,  1.25it/s]{'loss': 0.8711, 'grad_norm': 3.5387563705444336, 'learning_rate': 4.4000000000000006e-05, 'epoch': 6.0}


  0%|          | 0/26 [00:00<?, ?it/s][A

 19%|█▉        | 5/26 [00:00<00:00, 37.98it/s][A

 35%|███▍      | 9/26 [00:00<00:00, 33.27it/s][A

 50%|█████     | 13/26 [00:00<00:00, 31.86it/s][A

 65%|██████▌   | 17/26 [00:00<00:00, 31.22it/s][A

 81%|████████  | 21/26 [00:00<00:00, 30.86it/s][A

 96%|█████████▌| 25/26 [00:00<00:00, 30.64it/s][A
                                                

                                               
[A
 12%|█▏        | 78/650 [01:29<07:38,  1.25it/s]

100%|██████████| 26/26 [00:00<00:00, 30.64it/s][A

                                               [A{'eval_loss': 0.7149184346199036, 'eval_macro_recall': 0.7689332886814738, 'eval_macro_precision': 0.7391418765389726, 'eval_macro_f1': 0.7383808920595367, 'eval_accuracy': 0.8992718446601942, 'eval_micro_recall': 0.8992718446601942, 'eval_micro_precision': 0.8992718446601942, 'eval_micro_f1': 0.8992718446601942, 'eval_runtime': 1.127, 'eval_samples_per_second': 731.166, 'eval_steps_per_second': 23.071, 'epoch': 6.0}

 12%|█▏        | 79/650 [01:32<18:23,  1.93s/it]
 12%|█▏        | 80/650 [01:33<15:08,  1.59s/it]
 12%|█▏        | 81/650 [01:34<12:52,  1.36s/it]
 13%|█▎        | 82/650 [01:34<11:16,  1.19s/it]
 13%|█▎        | 83/650 [01:35<10:09,  1.08s/it]
 13%|█▎        | 84/650 [01:36<09:22,  1.01it/s]
 13%|█▎        | 85/650 [01:37<08:49,  1.07it/s]
 13%|█▎        | 86/650 [01:38<08:26,  1.11it/s]
 13%|█▎        | 87/650 [01:38<08:10,  1.15it/s]
 14%|█▎        | 88/650 [01:39<07:58,  1.17it/s]
 14%|█▎        | 89/650 [01:40<07:49,  1.19it/s]
 14%|█▍        | 90/650 [01:41<07:43,  1.21it/s]
 14%|█▍        | 91/650 [01:42<07:29,  1.24it/s]
                                                

 14%|█▍        | 91/650 [01:42<07:29,  1.24it/s]{'loss': 0.6575, 'grad_norm': 3.5733304023742676, 'learning_rate': 4.3e-05, 'epoch': 7.0}


  0%|          | 0/26 [00:00<?, ?it/s][A

 19%|█▉        | 5/26 [00:00<00:00, 37.92it/s][A

 35%|███▍      | 9/26 [00:00<00:00, 33.34it/s][A

 50%|█████     | 13/26 [00:00<00:00, 31.92it/s][A

 65%|██████▌   | 17/26 [00:00<00:00, 31.22it/s][A

 81%|████████  | 21/26 [00:00<00:00, 30.84it/s][A

 96%|█████████▌| 25/26 [00:00<00:00, 30.65it/s][A
                                                

                                               
[A
 14%|█▍        | 91/650 [01:43<07:29,  1.24it/s]

100%|██████████| 26/26 [00:00<00:00, 30.65it/s][A

                                               [A{'eval_loss': 0.5403818488121033, 'eval_macro_recall': 0.8253451516722842, 'eval_macro_precision': 0.8221693747659992, 'eval_macro_f1': 0.8046803439744302, 'eval_accuracy': 0.9271844660194175, 'eval_micro_recall': 0.9271844660194175, 'eval_micro_precision': 0.9271844660194175, 'eval_micro_f1': 0.9271844660194175, 'eval_runtime': 1.1327, 'eval_samples_per_second': 727.435, 'eval_steps_per_second': 22.953, 'epoch': 7.0}

 14%|█▍        | 92/650 [01:46<17:44,  1.91s/it]
 14%|█▍        | 93/650 [01:47<14:39,  1.58s/it]
 14%|█▍        | 94/650 [01:48<12:28,  1.35s/it]
 15%|█▍        | 95/650 [01:48<10:56,  1.18s/it]
 15%|█▍        | 96/650 [01:49<09:53,  1.07s/it]
 15%|█▍        | 97/650 [01:50<09:08,  1.01it/s]
 15%|█▌        | 98/650 [01:51<08:36,  1.07it/s]
 15%|█▌        | 99/650 [01:52<08:13,  1.12it/s]
 15%|█▌        | 100/650 [01:52<07:57,  1.15it/s]
 16%|█▌        | 101/650 [01:53<07:46,  1.18it/s]
 16%|█▌        | 102/650 [01:54<07:38,  1.19it/s]
 16%|█▌        | 103/650 [01:55<07:33,  1.21it/s]
 16%|█▌        | 104/650 [01:56<07:19,  1.24it/s]
                                                 

 16%|█▌        | 104/650 [01:56<07:19,  1.24it/s]{'loss': 0.5149, 'grad_norm': 2.869753122329712, 'learning_rate': 4.2e-05, 'epoch': 8.0}


  0%|          | 0/26 [00:00<?, ?it/s][A

 19%|█▉        | 5/26 [00:00<00:00, 37.26it/s][A

 35%|███▍      | 9/26 [00:00<00:00, 33.02it/s][A

 50%|█████     | 13/26 [00:00<00:00, 31.70it/s][A

 65%|██████▌   | 17/26 [00:00<00:00, 31.07it/s][A

 81%|████████  | 21/26 [00:00<00:00, 30.74it/s][A

 96%|█████████▌| 25/26 [00:00<00:00, 30.52it/s][A
                                                 

                                               
[A
 16%|█▌        | 104/650 [01:57<07:19,  1.24it/s]

100%|██████████| 26/26 [00:00<00:00, 30.52it/s][A

                                               [A{'eval_loss': 0.4390208423137665, 'eval_macro_recall': 0.8560469060582491, 'eval_macro_precision': 0.8460107309215968, 'eval_macro_f1': 0.8389955116302042, 'eval_accuracy': 0.9368932038834952, 'eval_micro_recall': 0.9368932038834952, 'eval_micro_precision': 0.9368932038834952, 'eval_micro_f1': 0.9368932038834952, 'eval_runtime': 1.1261, 'eval_samples_per_second': 731.736, 'eval_steps_per_second': 23.089, 'epoch': 8.0}

 16%|█▌        | 105/650 [02:00<17:38,  1.94s/it]
 16%|█▋        | 106/650 [02:01<14:31,  1.60s/it]
 16%|█▋        | 107/650 [02:02<12:20,  1.36s/it]
 17%|█▋        | 108/650 [02:03<10:48,  1.20s/it]
 17%|█▋        | 109/650 [02:03<09:43,  1.08s/it]
 17%|█▋        | 110/650 [02:04<08:58,  1.00it/s]
 17%|█▋        | 111/650 [02:05<08:26,  1.06it/s]
 17%|█▋        | 112/650 [02:06<08:04,  1.11it/s]
 17%|█▋        | 113/650 [02:07<07:48,  1.15it/s]
 18%|█▊        | 114/650 [02:07<07:38,  1.17it/s]
 18%|█▊        | 115/650 [02:08<07:30,  1.19it/s]
 18%|█▊        | 116/650 [02:09<07:24,  1.20it/s]
 18%|█▊        | 117/650 [02:10<07:10,  1.24it/s]
                                                 

 18%|█▊        | 117/650 [02:10<07:10,  1.24it/s]{'loss': 0.4137, 'grad_norm': 2.875882148742676, 'learning_rate': 4.1e-05, 'epoch': 9.0}


  0%|          | 0/26 [00:00<?, ?it/s][A

 19%|█▉        | 5/26 [00:00<00:00, 37.68it/s][A

 35%|███▍      | 9/26 [00:00<00:00, 33.18it/s][A

 50%|█████     | 13/26 [00:00<00:00, 31.80it/s][A

 65%|██████▌   | 17/26 [00:00<00:00, 31.11it/s][A

 81%|████████  | 21/26 [00:00<00:00, 30.76it/s][A

 96%|█████████▌| 25/26 [00:00<00:00, 30.53it/s][A
                                                 

                                               
[A
 18%|█▊        | 117/650 [02:11<07:10,  1.24it/s]

100%|██████████| 26/26 [00:00<00:00, 30.53it/s][A

                                               [A{'eval_loss': 0.3750217854976654, 'eval_macro_recall': 0.8628890113214072, 'eval_macro_precision': 0.8771511089369748, 'eval_macro_f1': 0.8536147426468983, 'eval_accuracy': 0.9356796116504854, 'eval_micro_recall': 0.9356796116504854, 'eval_micro_precision': 0.9356796116504854, 'eval_micro_f1': 0.9356796116504854, 'eval_runtime': 1.1355, 'eval_samples_per_second': 725.66, 'eval_steps_per_second': 22.897, 'epoch': 9.0}

 18%|█▊        | 118/650 [02:14<17:10,  1.94s/it]
 18%|█▊        | 119/650 [02:15<14:08,  1.60s/it]
 18%|█▊        | 120/650 [02:16<12:01,  1.36s/it]
 19%|█▊        | 121/650 [02:17<10:32,  1.20s/it]
 19%|█▉        | 122/650 [02:18<09:30,  1.08s/it]
 19%|█▉        | 123/650 [02:18<08:46,  1.00it/s]
 19%|█▉        | 124/650 [02:19<08:15,  1.06it/s]
 19%|█▉        | 125/650 [02:20<07:53,  1.11it/s]
 19%|█▉        | 126/650 [02:21<07:38,  1.14it/s]
 20%|█▉        | 127/650 [02:22<07:27,  1.17it/s]
 20%|█▉        | 128/650 [02:23<07:19,  1.19it/s]
 20%|█▉        | 129/650 [02:23<07:13,  1.20it/s]
 20%|██        | 130/650 [02:24<07:01,  1.23it/s]
                                                 

 20%|██        | 130/650 [02:24<07:01,  1.23it/s]{'loss': 0.3241, 'grad_norm': 1.9140061140060425, 'learning_rate': 4e-05, 'epoch': 10.0}


  0%|          | 0/26 [00:00<?, ?it/s][A

 19%|█▉        | 5/26 [00:00<00:00, 37.58it/s][A

 35%|███▍      | 9/26 [00:00<00:00, 33.10it/s][A

 50%|█████     | 13/26 [00:00<00:00, 31.62it/s][A

 65%|██████▌   | 17/26 [00:00<00:00, 31.00it/s][A

 81%|████████  | 21/26 [00:00<00:00, 30.66it/s][A

 96%|█████████▌| 25/26 [00:00<00:00, 30.45it/s][A
                                                 

                                               
[A
 20%|██        | 130/650 [02:25<07:01,  1.23it/s]

100%|██████████| 26/26 [00:00<00:00, 30.45it/s][A

                                               [A{'eval_loss': 0.2802017331123352, 'eval_macro_recall': 0.917998660444214, 'eval_macro_precision': 0.9219256785470705, 'eval_macro_f1': 0.9130184892821734, 'eval_accuracy': 0.9611650485436893, 'eval_micro_recall': 0.9611650485436893, 'eval_micro_precision': 0.9611650485436893, 'eval_micro_f1': 0.9611650485436893, 'eval_runtime': 1.1504, 'eval_samples_per_second': 716.302, 'eval_steps_per_second': 22.602, 'epoch': 10.0}

 20%|██        | 131/650 [02:29<16:42,  1.93s/it]
 20%|██        | 132/650 [02:29<13:45,  1.59s/it]
 20%|██        | 133/650 [02:30<11:42,  1.36s/it]
 21%|██        | 134/650 [02:31<10:16,  1.19s/it]
 21%|██        | 135/650 [02:32<09:15,  1.08s/it]
 21%|██        | 136/650 [02:33<08:32,  1.00it/s]
 21%|██        | 137/650 [02:33<08:02,  1.06it/s]
 21%|██        | 138/650 [02:34<07:41,  1.11it/s]
 21%|██▏       | 139/650 [02:35<07:27,  1.14it/s]
 22%|██▏       | 140/650 [02:36<07:16,  1.17it/s]
 22%|██▏       | 141/650 [02:37<07:08,  1.19it/s]
 22%|██▏       | 142/650 [02:38<07:03,  1.20it/s]
 22%|██▏       | 143/650 [02:38<06:50,  1.24it/s]
                                                 

 22%|██▏       | 143/650 [02:38<06:50,  1.24it/s]{'loss': 0.2702, 'grad_norm': 1.7830982208251953, 'learning_rate': 3.9000000000000006e-05, 'epoch': 11.0}


  0%|          | 0/26 [00:00<?, ?it/s][A

 19%|█▉        | 5/26 [00:00<00:00, 37.57it/s][A

 35%|███▍      | 9/26 [00:00<00:00, 33.15it/s][A

 50%|█████     | 13/26 [00:00<00:00, 31.79it/s][A

 65%|██████▌   | 17/26 [00:00<00:00, 31.10it/s][A

 81%|████████  | 21/26 [00:00<00:00, 30.75it/s][A

 96%|█████████▌| 25/26 [00:00<00:00, 30.44it/s][A
                                                 

                                               
[A
 22%|██▏       | 143/650 [02:39<06:50,  1.24it/s]

100%|██████████| 26/26 [00:00<00:00, 30.44it/s][A

                                               [A{'eval_loss': 0.2603611648082733, 'eval_macro_recall': 0.9148814925244145, 'eval_macro_precision': 0.9197956235387263, 'eval_macro_f1': 0.9113879058721297, 'eval_accuracy': 0.9587378640776699, 'eval_micro_recall': 0.9587378640776699, 'eval_micro_precision': 0.9587378640776699, 'eval_micro_f1': 0.9587378640776699, 'eval_runtime': 1.1385, 'eval_samples_per_second': 723.773, 'eval_steps_per_second': 22.838, 'epoch': 11.0}

 22%|██▏       | 144/650 [02:43<16:28,  1.95s/it]
 22%|██▏       | 145/650 [02:44<13:32,  1.61s/it]
 22%|██▏       | 146/650 [02:45<11:30,  1.37s/it]
 23%|██▎       | 147/650 [02:45<10:04,  1.20s/it]
 23%|██▎       | 148/650 [02:46<09:04,  1.08s/it]
 23%|██▎       | 149/650 [02:47<08:21,  1.00s/it]
 23%|██▎       | 150/650 [02:48<07:52,  1.06it/s]
 23%|██▎       | 151/650 [02:49<07:31,  1.11it/s]
 23%|██▎       | 152/650 [02:49<07:16,  1.14it/s]
 24%|██▎       | 153/650 [02:50<07:05,  1.17it/s]
 24%|██▎       | 154/650 [02:51<06:57,  1.19it/s]
 24%|██▍       | 155/650 [02:52<06:52,  1.20it/s]
 24%|██▍       | 156/650 [02:53<06:39,  1.24it/s]
                                                 

 24%|██▍       | 156/650 [02:53<06:39,  1.24it/s]{'loss': 0.2237, 'grad_norm': 3.1851043701171875, 'learning_rate': 3.8e-05, 'epoch': 12.0}


  0%|          | 0/26 [00:00<?, ?it/s][A

 19%|█▉        | 5/26 [00:00<00:00, 37.91it/s][A

 35%|███▍      | 9/26 [00:00<00:00, 33.17it/s][A

 50%|█████     | 13/26 [00:00<00:00, 31.71it/s][A

 65%|██████▌   | 17/26 [00:00<00:00, 31.02it/s][A

 81%|████████  | 21/26 [00:00<00:00, 30.64it/s][A

 96%|█████████▌| 25/26 [00:00<00:00, 30.43it/s][A
                                                 

                                               
[A
 24%|██▍       | 156/650 [02:54<06:39,  1.24it/s]

100%|██████████| 26/26 [00:00<00:00, 30.43it/s][A

                                               [A{'eval_loss': 0.18975400924682617, 'eval_macro_recall': 0.9342565430539643, 'eval_macro_precision': 0.9318758161287872, 'eval_macro_f1': 0.9259399173000066, 'eval_accuracy': 0.9684466019417476, 'eval_micro_recall': 0.9684466019417476, 'eval_micro_precision': 0.9684466019417476, 'eval_micro_f1': 0.9684466019417476, 'eval_runtime': 1.1413, 'eval_samples_per_second': 721.991, 'eval_steps_per_second': 22.781, 'epoch': 12.0}

 24%|██▍       | 157/650 [02:57<15:54,  1.94s/it]
 24%|██▍       | 158/650 [02:58<13:06,  1.60s/it]
 24%|██▍       | 159/650 [02:59<11:08,  1.36s/it]
 25%|██▍       | 160/650 [03:00<09:46,  1.20s/it]
 25%|██▍       | 161/650 [03:00<08:49,  1.08s/it]
 25%|██▍       | 162/650 [03:01<08:09,  1.00s/it]
 25%|██▌       | 163/650 [03:02<07:39,  1.06it/s]
 25%|██▌       | 164/650 [03:03<07:18,  1.11it/s]
 25%|██▌       | 165/650 [03:04<07:04,  1.14it/s]
 26%|██▌       | 166/650 [03:04<06:53,  1.17it/s]
 26%|██▌       | 167/650 [03:05<06:46,  1.19it/s]
 26%|██▌       | 168/650 [03:06<06:40,  1.20it/s]
 26%|██▌       | 169/650 [03:07<06:36,  1.21it/s]
                                                 

 26%|██▌       | 169/650 [03:07<06:36,  1.21it/s]{'loss': 0.175, 'grad_norm': 0.9380396604537964, 'learning_rate': 3.7e-05, 'epoch': 13.0}


  0%|          | 0/26 [00:00<?, ?it/s][A

 19%|█▉        | 5/26 [00:00<00:00, 37.73it/s][A

 35%|███▍      | 9/26 [00:00<00:00, 33.11it/s][A

 50%|█████     | 13/26 [00:00<00:00, 31.73it/s][A

 65%|██████▌   | 17/26 [00:00<00:00, 31.07it/s][A

 81%|████████  | 21/26 [00:00<00:00, 30.66it/s][A

 96%|█████████▌| 25/26 [00:00<00:00, 30.42it/s][A
                                                 

                                               
[A
 26%|██▌       | 169/650 [03:08<06:36,  1.21it/s]

100%|██████████| 26/26 [00:00<00:00, 30.42it/s][A

                                               [A{'eval_loss': 0.16472899913787842, 'eval_macro_recall': 0.9514938567683577, 'eval_macro_precision': 0.9489420375535612, 'eval_macro_f1': 0.9460327853219382, 'eval_accuracy': 0.9805825242718447, 'eval_micro_recall': 0.9805825242718447, 'eval_micro_precision': 0.9805825242718447, 'eval_micro_f1': 0.9805825242718447, 'eval_runtime': 1.1252, 'eval_samples_per_second': 732.34, 'eval_steps_per_second': 23.108, 'epoch': 13.0}

 26%|██▌       | 170/650 [03:12<15:48,  1.98s/it]
 26%|██▋       | 171/650 [03:12<12:59,  1.63s/it]
 26%|██▋       | 172/650 [03:13<11:00,  1.38s/it]
 27%|██▋       | 173/650 [03:14<09:37,  1.21s/it]
 27%|██▋       | 174/650 [03:15<08:38,  1.09s/it]
 27%|██▋       | 175/650 [03:16<07:58,  1.01s/it]
 27%|██▋       | 176/650 [03:16<07:28,  1.06it/s]
 27%|██▋       | 177/650 [03:17<07:08,  1.10it/s]
 27%|██▋       | 178/650 [03:18<06:54,  1.14it/s]
 28%|██▊       | 179/650 [03:19<06:43,  1.17it/s]
 28%|██▊       | 180/650 [03:20<06:35,  1.19it/s]
 28%|██▊       | 181/650 [03:20<06:30,  1.20it/s]
 28%|██▊       | 182/650 [03:21<06:18,  1.24it/s]
                                                 

 28%|██▊       | 182/650 [03:21<06:18,  1.24it/s]{'loss': 0.1446, 'grad_norm': 1.0271644592285156, 'learning_rate': 3.6e-05, 'epoch': 14.0}


  0%|          | 0/26 [00:00<?, ?it/s][A

 15%|█▌        | 4/26 [00:00<00:00, 39.95it/s][A

 31%|███       | 8/26 [00:00<00:00, 33.34it/s][A

 46%|████▌     | 12/26 [00:00<00:00, 31.69it/s][A

 62%|██████▏   | 16/26 [00:00<00:00, 30.93it/s][A

 77%|███████▋  | 20/26 [00:00<00:00, 30.51it/s][A

 92%|█████████▏| 24/26 [00:00<00:00, 30.26it/s][A
                                                 

                                               
[A
 28%|██▊       | 182/650 [03:22<06:18,  1.24it/s]

100%|██████████| 26/26 [00:00<00:00, 30.26it/s][A

                                               [A{'eval_loss': 0.15144480764865875, 'eval_macro_recall': 0.9433484933598364, 'eval_macro_precision': 0.9472476288343951, 'eval_macro_f1': 0.9398912927394957, 'eval_accuracy': 0.9757281553398058, 'eval_micro_recall': 0.9757281553398058, 'eval_micro_precision': 0.9757281553398058, 'eval_micro_f1': 0.9757281553398058, 'eval_runtime': 1.1518, 'eval_samples_per_second': 715.397, 'eval_steps_per_second': 22.573, 'epoch': 14.0}

 28%|██▊       | 183/650 [03:26<15:08,  1.95s/it]
 28%|██▊       | 184/650 [03:27<12:29,  1.61s/it]
 28%|██▊       | 185/650 [03:27<10:36,  1.37s/it]
 29%|██▊       | 186/650 [03:28<09:17,  1.20s/it]
 29%|██▉       | 187/650 [03:29<08:22,  1.08s/it]
 29%|██▉       | 188/650 [03:30<07:43,  1.00s/it]
 29%|██▉       | 189/650 [03:31<07:15,  1.06it/s]
 29%|██▉       | 190/650 [03:31<06:55,  1.11it/s]
 29%|██▉       | 191/650 [03:32<06:41,  1.14it/s]
 30%|██▉       | 192/650 [03:33<06:32,  1.17it/s]
 30%|██▉       | 193/650 [03:34<06:24,  1.19it/s]
 30%|██▉       | 194/650 [03:35<06:19,  1.20it/s]
 30%|███       | 195/650 [03:35<06:09,  1.23it/s]
                                                 

 30%|███       | 195/650 [03:35<06:09,  1.23it/s]{'loss': 0.1202, 'grad_norm': 0.736341118812561, 'learning_rate': 3.5e-05, 'epoch': 15.0}


  0%|          | 0/26 [00:00<?, ?it/s][A

 19%|█▉        | 5/26 [00:00<00:00, 37.44it/s][A

 35%|███▍      | 9/26 [00:00<00:00, 32.87it/s][A

 50%|█████     | 13/26 [00:00<00:00, 31.49it/s][A

 65%|██████▌   | 17/26 [00:00<00:00, 30.82it/s][A

 81%|████████  | 21/26 [00:00<00:00, 30.42it/s][A

 96%|█████████▌| 25/26 [00:00<00:00, 30.20it/s][A
                                                 

                                               
[A
 30%|███       | 195/650 [03:37<06:09,  1.23it/s]

100%|██████████| 26/26 [00:00<00:00, 30.20it/s][A

                                               [A{'eval_loss': 0.1246919333934784, 'eval_macro_recall': 0.937944821303315, 'eval_macro_precision': 0.9474444909928781, 'eval_macro_f1': 0.9357383472998266, 'eval_accuracy': 0.9769417475728155, 'eval_micro_recall': 0.9769417475728155, 'eval_micro_precision': 0.9769417475728155, 'eval_micro_f1': 0.9769417475728155, 'eval_runtime': 1.1375, 'eval_samples_per_second': 724.421, 'eval_steps_per_second': 22.858, 'epoch': 15.0}

 30%|███       | 196/650 [03:40<14:39,  1.94s/it]
 30%|███       | 197/650 [03:41<12:04,  1.60s/it]
 30%|███       | 198/650 [03:42<10:15,  1.36s/it]
 31%|███       | 199/650 [03:42<08:59,  1.20s/it]
 31%|███       | 200/650 [03:43<08:06,  1.08s/it]
 31%|███       | 201/650 [03:44<07:28,  1.00it/s]
 31%|███       | 202/650 [03:45<07:02,  1.06it/s]
 31%|███       | 203/650 [03:46<06:43,  1.11it/s]
 31%|███▏      | 204/650 [03:47<06:30,  1.14it/s]
 32%|███▏      | 205/650 [03:47<06:21,  1.17it/s]
 32%|███▏      | 206/650 [03:48<06:14,  1.19it/s]
 32%|███▏      | 207/650 [03:49<06:09,  1.20it/s]
 32%|███▏      | 208/650 [03:50<05:58,  1.23it/s]
                                                 

 32%|███▏      | 208/650 [03:50<05:58,  1.23it/s]{'loss': 0.1027, 'grad_norm': 1.9401218891143799, 'learning_rate': 3.4000000000000007e-05, 'epoch': 16.0}


  0%|          | 0/26 [00:00<?, ?it/s][A

 19%|█▉        | 5/26 [00:00<00:00, 37.43it/s][A

 35%|███▍      | 9/26 [00:00<00:00, 32.91it/s][A

 50%|█████     | 13/26 [00:00<00:00, 31.46it/s][A

 65%|██████▌   | 17/26 [00:00<00:00, 30.80it/s][A

 81%|████████  | 21/26 [00:00<00:00, 30.44it/s][A

 96%|█████████▌| 25/26 [00:00<00:00, 30.19it/s][A
                                                 

                                               
[A
 32%|███▏      | 208/650 [03:51<05:58,  1.23it/s]

100%|██████████| 26/26 [00:00<00:00, 30.19it/s][A

                                               [A{'eval_loss': 0.12478474527597427, 'eval_macro_recall': 0.9495114764819199, 'eval_macro_precision': 0.9531389052294976, 'eval_macro_f1': 0.9461384064425551, 'eval_accuracy': 0.9805825242718447, 'eval_micro_recall': 0.9805825242718447, 'eval_micro_precision': 0.9805825242718447, 'eval_micro_f1': 0.9805825242718447, 'eval_runtime': 1.138, 'eval_samples_per_second': 724.078, 'eval_steps_per_second': 22.847, 'epoch': 16.0}

 32%|███▏      | 209/650 [03:54<14:17,  1.95s/it]
 32%|███▏      | 210/650 [03:55<11:45,  1.60s/it]
 32%|███▏      | 211/650 [03:56<09:59,  1.37s/it]
 33%|███▎      | 212/650 [03:57<08:45,  1.20s/it]
 33%|███▎      | 213/650 [03:58<07:52,  1.08s/it]
 33%|███▎      | 214/650 [03:58<07:15,  1.00it/s]
 33%|███▎      | 215/650 [03:59<06:49,  1.06it/s]
 33%|███▎      | 216/650 [04:00<06:31,  1.11it/s]
 33%|███▎      | 217/650 [04:01<06:18,  1.14it/s]
 34%|███▎      | 218/650 [04:02<06:09,  1.17it/s]
 34%|███▎      | 219/650 [04:02<06:02,  1.19it/s]
 34%|███▍      | 220/650 [04:03<05:57,  1.20it/s]
 34%|███▍      | 221/650 [04:04<05:49,  1.23it/s]
                                                 

 34%|███▍      | 221/650 [04:04<05:49,  1.23it/s]{'loss': 0.0885, 'grad_norm': 1.3901396989822388, 'learning_rate': 3.3e-05, 'epoch': 17.0}


  0%|          | 0/26 [00:00<?, ?it/s][A

 19%|█▉        | 5/26 [00:00<00:00, 37.66it/s][A

 35%|███▍      | 9/26 [00:00<00:00, 33.01it/s][A

 50%|█████     | 13/26 [00:00<00:00, 31.56it/s][A

 65%|██████▌   | 17/26 [00:00<00:00, 30.91it/s][A

 81%|████████  | 21/26 [00:00<00:00, 30.51it/s][A

 96%|█████████▌| 25/26 [00:00<00:00, 30.27it/s][A
                                                 

                                               
[A
 34%|███▍      | 221/650 [04:05<05:49,  1.23it/s]

100%|██████████| 26/26 [00:00<00:00, 30.27it/s][A

                                               [A{'eval_loss': 0.11120427399873734, 'eval_macro_recall': 0.9558798216806386, 'eval_macro_precision': 0.9635410350472957, 'eval_macro_f1': 0.9539162761001657, 'eval_accuracy': 0.9793689320388349, 'eval_micro_recall': 0.9793689320388349, 'eval_micro_precision': 0.9793689320388349, 'eval_micro_f1': 0.9793689320388349, 'eval_runtime': 1.1397, 'eval_samples_per_second': 722.981, 'eval_steps_per_second': 22.812, 'epoch': 17.0}

 34%|███▍      | 222/650 [04:09<14:03,  1.97s/it]
 34%|███▍      | 223/650 [04:09<11:33,  1.62s/it]
 34%|███▍      | 224/650 [04:10<09:47,  1.38s/it]
 35%|███▍      | 225/650 [04:11<08:33,  1.21s/it]
 35%|███▍      | 226/650 [04:12<07:41,  1.09s/it]
 35%|███▍      | 227/650 [04:13<07:05,  1.01s/it]
 35%|███▌      | 228/650 [04:14<06:39,  1.06it/s]
 35%|███▌      | 229/650 [04:14<06:21,  1.10it/s]
 35%|███▌      | 230/650 [04:15<06:08,  1.14it/s]
 36%|███▌      | 231/650 [04:16<05:59,  1.17it/s]
 36%|███▌      | 232/650 [04:17<05:52,  1.19it/s]
 36%|███▌      | 233/650 [04:18<05:47,  1.20it/s]
 36%|███▌      | 234/650 [04:18<05:36,  1.24it/s]
                                                 

 36%|███▌      | 234/650 [04:18<05:36,  1.24it/s]{'loss': 0.0756, 'grad_norm': 0.39506110548973083, 'learning_rate': 3.2000000000000005e-05, 'epoch': 18.0}


  0%|          | 0/26 [00:00<?, ?it/s][A

 19%|█▉        | 5/26 [00:00<00:00, 37.55it/s][A

 35%|███▍      | 9/26 [00:00<00:00, 32.94it/s][A

 50%|█████     | 13/26 [00:00<00:00, 31.52it/s][A

 65%|██████▌   | 17/26 [00:00<00:00, 30.83it/s][A

 81%|████████  | 21/26 [00:00<00:00, 30.47it/s][A

 96%|█████████▌| 25/26 [00:00<00:00, 30.25it/s][A
                                                 

                                               
[A
 36%|███▌      | 234/650 [04:20<05:36,  1.24it/s]

100%|██████████| 26/26 [00:00<00:00, 30.25it/s][A

                                               [A{'eval_loss': 0.09736977517604828, 'eval_macro_recall': 0.9697687105695273, 'eval_macro_precision': 0.9683851766513056, 'eval_macro_f1': 0.9648133103524633, 'eval_accuracy': 0.9842233009708737, 'eval_micro_recall': 0.9842233009708737, 'eval_micro_precision': 0.9842233009708737, 'eval_micro_f1': 0.9842233009708737, 'eval_runtime': 1.1723, 'eval_samples_per_second': 702.889, 'eval_steps_per_second': 22.179, 'epoch': 18.0}

 36%|███▌      | 235/650 [04:23<13:48,  2.00s/it]
 36%|███▋      | 236/650 [04:24<11:19,  1.64s/it]
 36%|███▋      | 237/650 [04:25<09:35,  1.39s/it]
 37%|███▋      | 238/650 [04:26<08:21,  1.22s/it]
 37%|███▋      | 239/650 [04:26<07:30,  1.10s/it]
 37%|███▋      | 240/650 [04:27<06:54,  1.01s/it]
 37%|███▋      | 241/650 [04:28<06:29,  1.05it/s]
 37%|███▋      | 242/650 [04:29<06:11,  1.10it/s]
 37%|███▋      | 243/650 [04:30<05:58,  1.14it/s]
 38%|███▊      | 244/650 [04:30<05:48,  1.16it/s]
 38%|███▊      | 245/650 [04:31<05:42,  1.18it/s]
 38%|███▊      | 246/650 [04:32<05:37,  1.20it/s]
 38%|███▊      | 247/650 [04:33<05:28,  1.23it/s]
                                                 

 38%|███▊      | 247/650 [04:33<05:28,  1.23it/s]{'loss': 0.0681, 'grad_norm': 0.530748188495636, 'learning_rate': 3.1e-05, 'epoch': 19.0}


  0%|          | 0/26 [00:00<?, ?it/s][A

 19%|█▉        | 5/26 [00:00<00:00, 37.63it/s][A

 35%|███▍      | 9/26 [00:00<00:00, 33.01it/s][A

 50%|█████     | 13/26 [00:00<00:00, 31.54it/s][A

 65%|██████▌   | 17/26 [00:00<00:00, 30.85it/s][A

 81%|████████  | 21/26 [00:00<00:00, 30.50it/s][A

 96%|█████████▌| 25/26 [00:00<00:00, 30.29it/s][A
                                                 

                                               
[A
 38%|███▊      | 247/650 [04:34<05:28,  1.23it/s]

100%|██████████| 26/26 [00:00<00:00, 30.29it/s][A

                                               [A{'eval_loss': 0.08469939231872559, 'eval_macro_recall': 0.9719616930256678, 'eval_macro_precision': 0.9709697631174712, 'eval_macro_f1': 0.9690739619815358, 'eval_accuracy': 0.9866504854368932, 'eval_micro_recall': 0.9866504854368932, 'eval_micro_precision': 0.9866504854368932, 'eval_micro_f1': 0.9866504854368932, 'eval_runtime': 1.1424, 'eval_samples_per_second': 721.313, 'eval_steps_per_second': 22.76, 'epoch': 19.0}

 38%|███▊      | 248/650 [04:37<13:07,  1.96s/it]
 38%|███▊      | 249/650 [04:38<10:47,  1.61s/it]
 38%|███▊      | 250/650 [04:39<09:08,  1.37s/it]
 39%|███▊      | 251/650 [04:40<08:00,  1.20s/it]
 39%|███▉      | 252/650 [04:41<07:11,  1.09s/it]
 39%|███▉      | 253/650 [04:41<06:38,  1.00s/it]
 39%|███▉      | 254/650 [04:42<06:14,  1.06it/s]
 39%|███▉      | 255/650 [04:43<05:57,  1.10it/s]
 39%|███▉      | 256/650 [04:44<05:45,  1.14it/s]
 40%|███▉      | 257/650 [04:45<05:36,  1.17it/s]
 40%|███▉      | 258/650 [04:46<05:30,  1.19it/s]
 40%|███▉      | 259/650 [04:46<05:29,  1.19it/s]
 40%|████      | 260/650 [04:47<05:24,  1.20it/s]
                                                 

 40%|████      | 260/650 [04:47<05:24,  1.20it/s]{'loss': 0.0603, 'grad_norm': 0.765112578868866, 'learning_rate': 3e-05, 'epoch': 20.0}


  0%|          | 0/26 [00:00<?, ?it/s][A

 15%|█▌        | 4/26 [00:00<00:00, 39.87it/s][A

 31%|███       | 8/26 [00:00<00:00, 33.16it/s][A

 46%|████▌     | 12/26 [00:00<00:00, 31.54it/s][A

 62%|██████▏   | 16/26 [00:00<00:00, 30.86it/s][A

 77%|███████▋  | 20/26 [00:00<00:00, 30.48it/s][A

 92%|█████████▏| 24/26 [00:00<00:00, 30.22it/s][A
                                                 

                                               
[A
 40%|████      | 260/650 [04:48<05:24,  1.20it/s]

100%|██████████| 26/26 [00:00<00:00, 30.22it/s][A

                                               [A{'eval_loss': 0.0842643678188324, 'eval_macro_recall': 0.9631897632011064, 'eval_macro_precision': 0.9698732718894009, 'eval_macro_f1': 0.9617431349138668, 'eval_accuracy': 0.9842233009708737, 'eval_micro_recall': 0.9842233009708737, 'eval_micro_precision': 0.9842233009708737, 'eval_micro_f1': 0.9842233009708737, 'eval_runtime': 1.1638, 'eval_samples_per_second': 708.006, 'eval_steps_per_second': 22.34, 'epoch': 20.0}

 40%|████      | 261/650 [04:52<12:45,  1.97s/it]
 40%|████      | 262/650 [04:53<10:29,  1.62s/it]
 40%|████      | 263/650 [04:53<08:53,  1.38s/it]
 41%|████      | 264/650 [04:54<07:46,  1.21s/it]
 41%|████      | 265/650 [04:55<06:59,  1.09s/it]
 41%|████      | 266/650 [04:56<06:27,  1.01s/it]
 41%|████      | 267/650 [04:57<06:03,  1.05it/s]
 41%|████      | 268/650 [04:57<05:46,  1.10it/s]
 41%|████▏     | 269/650 [04:58<05:34,  1.14it/s]
 42%|████▏     | 270/650 [04:59<05:26,  1.16it/s]
 42%|████▏     | 271/650 [05:00<05:20,  1.18it/s]
 42%|████▏     | 272/650 [05:01<05:15,  1.20it/s]
 42%|████▏     | 273/650 [05:01<05:06,  1.23it/s]
                                                 

 42%|████▏     | 273/650 [05:02<05:06,  1.23it/s]{'loss': 0.0539, 'grad_norm': 0.517244279384613, 'learning_rate': 2.9e-05, 'epoch': 21.0}


  0%|          | 0/26 [00:00<?, ?it/s][A

 19%|█▉        | 5/26 [00:00<00:00, 37.43it/s][A

 35%|███▍      | 9/26 [00:00<00:00, 32.87it/s][A

 50%|█████     | 13/26 [00:00<00:00, 31.46it/s][A

 65%|██████▌   | 17/26 [00:00<00:00, 30.82it/s][A

 81%|████████  | 21/26 [00:00<00:00, 30.45it/s][A

 96%|█████████▌| 25/26 [00:00<00:00, 30.21it/s][A
                                                 

                                               
[A
 42%|████▏     | 273/650 [05:03<05:06,  1.23it/s]

100%|██████████| 26/26 [00:00<00:00, 30.21it/s][A

                                               [A{'eval_loss': 0.08951209485530853, 'eval_macro_recall': 0.967575728113387, 'eval_macro_precision': 0.9709697631174712, 'eval_macro_f1': 0.9664423830341674, 'eval_accuracy': 0.9854368932038835, 'eval_micro_recall': 0.9854368932038835, 'eval_micro_precision': 0.9854368932038835, 'eval_micro_f1': 0.9854368932038835, 'eval_runtime': 1.1391, 'eval_samples_per_second': 723.384, 'eval_steps_per_second': 22.825, 'epoch': 21.0}

 42%|████▏     | 274/650 [05:06<12:16,  1.96s/it]
 42%|████▏     | 275/650 [05:07<10:05,  1.62s/it]
 42%|████▏     | 276/650 [05:08<08:34,  1.38s/it]
 43%|████▎     | 277/650 [05:09<07:29,  1.21s/it]
 43%|████▎     | 278/650 [05:09<06:44,  1.09s/it]
 43%|████▎     | 279/650 [05:10<06:12,  1.00s/it]
 43%|████▎     | 280/650 [05:11<05:49,  1.06it/s]
 43%|████▎     | 281/650 [05:12<05:34,  1.10it/s]
 43%|████▎     | 282/650 [05:13<05:22,  1.14it/s]
 44%|████▎     | 283/650 [05:13<05:14,  1.17it/s]
 44%|████▎     | 284/650 [05:14<05:09,  1.18it/s]
 44%|████▍     | 285/650 [05:15<05:05,  1.20it/s]
 44%|████▍     | 286/650 [05:16<04:55,  1.23it/s]
                                                 

 44%|████▍     | 286/650 [05:16<04:55,  1.23it/s]{'loss': 0.0514, 'grad_norm': 0.2686198353767395, 'learning_rate': 2.8000000000000003e-05, 'epoch': 22.0}


  0%|          | 0/26 [00:00<?, ?it/s][A

 15%|█▌        | 4/26 [00:00<00:00, 39.92it/s][A

 31%|███       | 8/26 [00:00<00:00, 33.18it/s][A

 46%|████▌     | 12/26 [00:00<00:00, 31.57it/s][A

 62%|██████▏   | 16/26 [00:00<00:00, 30.84it/s][A

 77%|███████▋  | 20/26 [00:00<00:00, 30.48it/s][A

 92%|█████████▏| 24/26 [00:00<00:00, 30.23it/s][A
                                                 

                                               
[A
 44%|████▍     | 286/650 [05:17<04:55,  1.23it/s]

100%|██████████| 26/26 [00:00<00:00, 30.23it/s][A

                                               [A{'eval_loss': 0.08067180961370468, 'eval_macro_recall': 0.9719616930256678, 'eval_macro_precision': 0.9723795375535612, 'eval_macro_f1': 0.9699415154806684, 'eval_accuracy': 0.9866504854368932, 'eval_micro_recall': 0.9866504854368932, 'eval_micro_precision': 0.9866504854368932, 'eval_micro_f1': 0.9866504854368932, 'eval_runtime': 1.1304, 'eval_samples_per_second': 728.922, 'eval_steps_per_second': 23.0, 'epoch': 22.0}

 44%|████▍     | 287/650 [05:20<11:51,  1.96s/it]
 44%|████▍     | 288/650 [05:21<09:45,  1.62s/it]
 44%|████▍     | 289/650 [05:22<08:16,  1.38s/it]
 45%|████▍     | 290/650 [05:23<07:14,  1.21s/it]
 45%|████▍     | 291/650 [05:24<06:30,  1.09s/it]
 45%|████▍     | 292/650 [05:25<05:59,  1.01s/it]
 45%|████▌     | 293/650 [05:25<05:37,  1.06it/s]
 45%|████▌     | 294/650 [05:26<05:22,  1.10it/s]
 45%|████▌     | 295/650 [05:27<05:11,  1.14it/s]
 46%|████▌     | 296/650 [05:28<05:03,  1.17it/s]
 46%|████▌     | 297/650 [05:29<04:57,  1.18it/s]
 46%|████▌     | 298/650 [05:29<04:54,  1.20it/s]
 46%|████▌     | 299/650 [05:30<04:45,  1.23it/s]
                                                 

 46%|████▌     | 299/650 [05:30<04:45,  1.23it/s]{'loss': 0.0435, 'grad_norm': 0.5791806578636169, 'learning_rate': 2.7000000000000002e-05, 'epoch': 23.0}


  0%|          | 0/26 [00:00<?, ?it/s][A

 19%|█▉        | 5/26 [00:00<00:00, 37.62it/s][A

 35%|███▍      | 9/26 [00:00<00:00, 33.04it/s][A

 50%|█████     | 13/26 [00:00<00:00, 31.54it/s][A

 65%|██████▌   | 17/26 [00:00<00:00, 30.83it/s][A

 81%|████████  | 21/26 [00:00<00:00, 30.43it/s][A

 96%|█████████▌| 25/26 [00:00<00:00, 30.20it/s][A
                                                 

                                               
[A
 46%|████▌     | 299/650 [05:31<04:45,  1.23it/s]

100%|██████████| 26/26 [00:00<00:00, 30.20it/s][A

                                               [A{'eval_loss': 0.07431996613740921, 'eval_macro_recall': 0.9719616930256678, 'eval_macro_precision': 0.9723795375535612, 'eval_macro_f1': 0.9699415154806684, 'eval_accuracy': 0.9866504854368932, 'eval_micro_recall': 0.9866504854368932, 'eval_micro_precision': 0.9866504854368932, 'eval_micro_f1': 0.9866504854368932, 'eval_runtime': 1.1366, 'eval_samples_per_second': 724.958, 'eval_steps_per_second': 22.875, 'epoch': 23.0}

 46%|████▌     | 300/650 [05:35<11:20,  1.94s/it]
 46%|████▋     | 301/650 [05:36<09:20,  1.61s/it]
 46%|████▋     | 302/650 [05:36<07:55,  1.37s/it]
 47%|████▋     | 303/650 [05:37<06:56,  1.20s/it]
 47%|████▋     | 304/650 [05:38<06:14,  1.08s/it]
 47%|████▋     | 305/650 [05:39<05:45,  1.00s/it]
 47%|████▋     | 306/650 [05:40<05:25,  1.06it/s]
 47%|████▋     | 307/650 [05:40<05:11,  1.10it/s]
 47%|████▋     | 308/650 [05:41<05:00,  1.14it/s]
 48%|████▊     | 309/650 [05:42<04:52,  1.17it/s]
 48%|████▊     | 310/650 [05:43<04:46,  1.18it/s]
 48%|████▊     | 311/650 [05:44<04:42,  1.20it/s]
 48%|████▊     | 312/650 [05:44<04:33,  1.23it/s]
                                                 

 48%|████▊     | 312/650 [05:44<04:33,  1.23it/s]{'loss': 0.04, 'grad_norm': 0.3929906487464905, 'learning_rate': 2.6000000000000002e-05, 'epoch': 24.0}


  0%|          | 0/26 [00:00<?, ?it/s][A

 15%|█▌        | 4/26 [00:00<00:00, 39.79it/s][A

 31%|███       | 8/26 [00:00<00:00, 33.25it/s][A

 46%|████▌     | 12/26 [00:00<00:00, 31.58it/s][A

 62%|██████▏   | 16/26 [00:00<00:00, 30.84it/s][A

 77%|███████▋  | 20/26 [00:00<00:00, 30.48it/s][A

 92%|█████████▏| 24/26 [00:00<00:00, 30.22it/s][A
                                                 

                                               
[A
 48%|████▊     | 312/650 [05:46<04:33,  1.23it/s]

100%|██████████| 26/26 [00:00<00:00, 30.22it/s][A

                                               [A{'eval_loss': 0.08043278008699417, 'eval_macro_recall': 0.9719616930256678, 'eval_macro_precision': 0.9723795375535612, 'eval_macro_f1': 0.9699415154806684, 'eval_accuracy': 0.9866504854368932, 'eval_micro_recall': 0.9866504854368932, 'eval_micro_precision': 0.9866504854368932, 'eval_micro_f1': 0.9866504854368932, 'eval_runtime': 1.1494, 'eval_samples_per_second': 716.904, 'eval_steps_per_second': 22.621, 'epoch': 24.0}

 48%|████▊     | 313/650 [05:49<11:08,  1.98s/it]
 48%|████▊     | 314/650 [05:50<09:08,  1.63s/it]
 48%|████▊     | 315/650 [05:51<07:44,  1.39s/it]
 49%|████▊     | 316/650 [05:52<06:45,  1.21s/it]
 49%|████▉     | 317/650 [05:52<06:04,  1.09s/it]
 49%|████▉     | 318/650 [05:53<05:34,  1.01s/it]
 49%|████▉     | 319/650 [05:54<05:13,  1.05it/s]
 49%|████▉     | 320/650 [05:55<04:59,  1.10it/s]
 49%|████▉     | 321/650 [05:56<04:48,  1.14it/s]
 50%|████▉     | 322/650 [05:56<04:41,  1.17it/s]
 50%|████▉     | 323/650 [05:57<04:35,  1.19it/s]
 50%|████▉     | 324/650 [05:58<04:31,  1.20it/s]
 50%|█████     | 325/650 [05:59<04:24,  1.23it/s]
                                                 

 50%|█████     | 325/650 [05:59<04:24,  1.23it/s]{'loss': 0.0402, 'grad_norm': 0.33545196056365967, 'learning_rate': 2.5e-05, 'epoch': 25.0}


  0%|          | 0/26 [00:00<?, ?it/s][A

 15%|█▌        | 4/26 [00:00<00:00, 39.43it/s][A

 31%|███       | 8/26 [00:00<00:00, 33.06it/s][A

 46%|████▌     | 12/26 [00:00<00:00, 31.45it/s][A

 62%|██████▏   | 16/26 [00:00<00:00, 30.77it/s][A

 77%|███████▋  | 20/26 [00:00<00:00, 30.44it/s][A

 92%|█████████▏| 24/26 [00:00<00:00, 30.20it/s][A
                                                 

                                               
[A
 50%|█████     | 325/650 [06:00<04:24,  1.23it/s]

100%|██████████| 26/26 [00:00<00:00, 30.20it/s][A

                                               [A{'eval_loss': 0.0783436968922615, 'eval_macro_recall': 0.9719616930256678, 'eval_macro_precision': 0.9723795375535612, 'eval_macro_f1': 0.9699415154806684, 'eval_accuracy': 0.9866504854368932, 'eval_micro_recall': 0.9866504854368932, 'eval_micro_precision': 0.9866504854368932, 'eval_micro_f1': 0.9866504854368932, 'eval_runtime': 1.163, 'eval_samples_per_second': 708.527, 'eval_steps_per_second': 22.356, 'epoch': 25.0}

 50%|█████     | 326/650 [06:03<10:34,  1.96s/it]
 50%|█████     | 327/650 [06:04<08:41,  1.61s/it]
 50%|█████     | 328/650 [06:05<07:22,  1.37s/it]
 51%|█████     | 329/650 [06:06<06:27,  1.21s/it]
 51%|█████     | 330/650 [06:07<05:48,  1.09s/it]
 51%|█████     | 331/650 [06:08<05:21,  1.01s/it]
 51%|█████     | 332/650 [06:08<05:01,  1.05it/s]
 51%|█████     | 333/650 [06:09<04:47,  1.10it/s]
 51%|█████▏    | 334/650 [06:10<04:37,  1.14it/s]
 52%|█████▏    | 335/650 [06:11<04:31,  1.16it/s]
 52%|█████▏    | 336/650 [06:12<04:25,  1.18it/s]
 52%|█████▏    | 337/650 [06:12<04:21,  1.20it/s]
 52%|█████▏    | 338/650 [06:13<04:14,  1.23it/s]
                                                 

 52%|█████▏    | 338/650 [06:13<04:14,  1.23it/s]{'loss': 0.0398, 'grad_norm': 2.446938991546631, 'learning_rate': 2.4e-05, 'epoch': 26.0}


  0%|          | 0/26 [00:00<?, ?it/s][A

 19%|█▉        | 5/26 [00:00<00:00, 37.47it/s][A

 35%|███▍      | 9/26 [00:00<00:00, 32.87it/s][A

 50%|█████     | 13/26 [00:00<00:00, 31.45it/s][A

 65%|██████▌   | 17/26 [00:00<00:00, 30.79it/s][A

 81%|████████  | 21/26 [00:00<00:00, 30.44it/s][A

 96%|█████████▌| 25/26 [00:00<00:00, 30.22it/s][A
                                                 

                                               
[A
 52%|█████▏    | 338/650 [06:14<04:14,  1.23it/s]

100%|██████████| 26/26 [00:00<00:00, 30.22it/s][A

                                               [A{'eval_loss': 0.07607720792293549, 'eval_macro_recall': 0.9719616930256678, 'eval_macro_precision': 0.9723795375535612, 'eval_macro_f1': 0.9699415154806684, 'eval_accuracy': 0.9866504854368932, 'eval_micro_recall': 0.9866504854368932, 'eval_micro_precision': 0.9866504854368932, 'eval_micro_f1': 0.9866504854368932, 'eval_runtime': 1.1488, 'eval_samples_per_second': 717.297, 'eval_steps_per_second': 22.633, 'epoch': 26.0}

 52%|█████▏    | 339/650 [06:18<10:14,  1.98s/it]
 52%|█████▏    | 340/650 [06:19<08:24,  1.63s/it]
 52%|█████▏    | 341/650 [06:19<07:07,  1.38s/it]
 53%|█████▎    | 342/650 [06:20<06:13,  1.21s/it]
 53%|█████▎    | 343/650 [06:21<05:35,  1.09s/it]
 53%|█████▎    | 344/650 [06:22<05:08,  1.01s/it]
 53%|█████▎    | 345/650 [06:23<04:49,  1.05it/s]
 53%|█████▎    | 346/650 [06:24<04:35,  1.10it/s]
 53%|█████▎    | 347/650 [06:24<04:26,  1.14it/s]
 54%|█████▎    | 348/650 [06:25<04:19,  1.16it/s]
 54%|█████▎    | 349/650 [06:26<04:14,  1.18it/s]
 54%|█████▍    | 350/650 [06:27<04:10,  1.20it/s]
 54%|█████▍    | 351/650 [06:28<04:02,  1.23it/s]
                                                 

 54%|█████▍    | 351/650 [06:28<04:02,  1.23it/s]{'loss': 0.0369, 'grad_norm': 0.36564698815345764, 'learning_rate': 2.3000000000000003e-05, 'epoch': 27.0}


  0%|          | 0/26 [00:00<?, ?it/s][A

 19%|█▉        | 5/26 [00:00<00:00, 37.56it/s][A

 35%|███▍      | 9/26 [00:00<00:00, 32.96it/s][A

 50%|█████     | 13/26 [00:00<00:00, 31.54it/s][A

 65%|██████▌   | 17/26 [00:00<00:00, 30.88it/s][A

 81%|████████  | 21/26 [00:00<00:00, 30.50it/s][A

 96%|█████████▌| 25/26 [00:00<00:00, 30.25it/s][A
                                                 

                                               
[A
 54%|█████▍    | 351/650 [06:29<04:02,  1.23it/s]

100%|██████████| 26/26 [00:00<00:00, 30.25it/s][A

                                               [A{'eval_loss': 0.08109965175390244, 'eval_macro_recall': 0.9700819937775474, 'eval_macro_precision': 0.9717529711375211, 'eval_macro_f1': 0.9686084454698062, 'eval_accuracy': 0.9854368932038835, 'eval_micro_recall': 0.9854368932038835, 'eval_micro_precision': 0.9854368932038835, 'eval_micro_f1': 0.9854368932038835, 'eval_runtime': 1.1289, 'eval_samples_per_second': 729.901, 'eval_steps_per_second': 23.031, 'epoch': 27.0}

 54%|█████▍    | 352/650 [06:32<09:47,  1.97s/it]
 54%|█████▍    | 353/650 [06:33<08:01,  1.62s/it]
 54%|█████▍    | 354/650 [06:34<06:48,  1.38s/it]
 55%|█████▍    | 355/650 [06:35<05:56,  1.21s/it]
 55%|█████▍    | 356/650 [06:35<05:20,  1.09s/it]
 55%|█████▍    | 357/650 [06:36<04:55,  1.01s/it]
 55%|█████▌    | 358/650 [06:37<04:37,  1.05it/s]
 55%|█████▌    | 359/650 [06:38<04:24,  1.10it/s]
 55%|█████▌    | 360/650 [06:39<04:15,  1.14it/s]
 56%|█████▌    | 361/650 [06:40<04:08,  1.16it/s]
 56%|█████▌    | 362/650 [06:40<04:03,  1.18it/s]
 56%|█████▌    | 363/650 [06:41<04:00,  1.19it/s]
 56%|█████▌    | 364/650 [06:42<03:52,  1.23it/s]
                                                 

 56%|█████▌    | 364/650 [06:42<03:52,  1.23it/s]{'loss': 0.0339, 'grad_norm': 0.16241362690925598, 'learning_rate': 2.2000000000000003e-05, 'epoch': 28.0}


  0%|          | 0/26 [00:00<?, ?it/s][A

 19%|█▉        | 5/26 [00:00<00:00, 37.48it/s][A

 35%|███▍      | 9/26 [00:00<00:00, 32.86it/s][A

 50%|█████     | 13/26 [00:00<00:00, 31.42it/s][A

 65%|██████▌   | 17/26 [00:00<00:00, 30.75it/s][A

 81%|████████  | 21/26 [00:00<00:00, 30.39it/s][A

 96%|█████████▌| 25/26 [00:00<00:00, 30.20it/s][A
                                                 

                                               
[A
 56%|█████▌    | 364/650 [06:43<03:52,  1.23it/s]

100%|██████████| 26/26 [00:00<00:00, 30.20it/s][A

                                               [A
                                                 

 56%|█████▌    | 364/650 [06:46<03:52,  1.23it/s]
 56%|█████▌    | 364/650 [06:46<05:19,  1.12s/it]
2025-04-12 15:52:13.479 | INFO     | __main__:fine_tune:231 - Training time: 406.40 seconds
{'eval_loss': 0.08512989431619644, 'eval_macro_recall': 0.9719616930256678, 'eval_macro_precision': 0.9723795375535612, 'eval_macro_f1': 0.9699415154806684, 'eval_accuracy': 0.9866504854368932, 'eval_micro_recall': 0.9866504854368932, 'eval_micro_precision': 0.9866504854368932, 'eval_micro_f1': 0.9866504854368932, 'eval_runtime': 1.1357, 'eval_samples_per_second': 725.526, 'eval_steps_per_second': 22.893, 'epoch': 28.0}
{'train_runtime': 406.1559, 'train_samples_per_second': 405.509, 'train_steps_per_second': 1.6, 'train_loss': 0.5838043179649574, 'epoch': 28.0}

  0%|          | 0/26 [00:00<?, ?it/s]
 15%|█▌        | 4/26 [00:00<00:00, 38.99it/s]
 31%|███       | 8/26 [00:00<00:00, 33.08it/s]
 46%|████▌     | 12/26 [00:00<00:00, 31.52it/s]
 62%|██████▏   | 16/26 [00:00<00:00, 30.88it/s]
 77%|███████▋  | 20/26 [00:00<00:00, 30.44it/s]
 92%|█████████▏| 24/26 [00:00<00:00, 30.18it/s]
100%|██████████| 26/26 [00:00<00:00, 29.15it/s]
2025-04-12 15:52:14.631 | INFO     | __main__:fine_tune:242 - Prediction time: 1.15 seconds
2025-04-12 15:52:14.634 | INFO     | __main__:CV_run:419 - Fold 1, Final Eval Metrics: loss: 0.09, macro_recall: 0.97, macro_precision: 0.97, macro_f1: 0.97, accuracy: 0.99, micro_recall: 0.99, micro_precision: 0.99, micro_f1: 0.99, runtime: 1.14, samples_per_second: 725.53, steps_per_second: 22.89
2025-04-12 15:52:14.634 | INFO     | __main__:CV_run:357 - Starting fold 2
Some weights of RobertaForSequenceClassification were not initialized from the model checkpoint at roberta-base and are newly initialized: ['classifier.dense.bias', 'classifier.dense.weight', 'classifier.out_proj.bias', 'classifier.out_proj.weight']
You should probably TRAIN this model on a down-stream task to be able to use it for predictions and inference.
2025-04-12 15:52:14.812 | INFO     | __main__:CV_run:409 - Starting fine-tuning with cross-entropy loss
Eval results: defaultdict(<class 'list'>, {'loss': [3.411578416824341, 2.469190835952759, 1.7300562858581543, 1.2584038972854614, 0.932255744934082, 0.7149184346199036, 0.5403818488121033, 0.4390208423137665, 0.3750217854976654, 0.2802017331123352, 0.2603611648082733, 0.18975400924682617, 0.16472899913787842, 0.15144480764865875, 0.1246919333934784, 0.12478474527597427, 0.11120427399873734, 0.09736977517604828, 0.08469939231872559, 0.0842643678188324, 0.08951209485530853, 0.08067180961370468, 0.07431996613740921, 0.08043278008699417, 0.0783436968922615, 0.07607720792293549, 0.08109965175390244, 0.08512989431619644], 'macro_recall': [0.10015940134797248, 0.21875, 0.5024592731829574, 0.62065274536917, 0.7321726370524011, 0.7689332886814738, 0.8253451516722842, 0.8560469060582491, 0.8628890113214072, 0.917998660444214, 0.9148814925244145, 0.9342565430539643, 0.9514938567683577, 0.9433484933598364, 0.937944821303315, 0.9495114764819199, 0.9558798216806386, 0.9697687105695273, 0.9719616930256678, 0.9631897632011064, 0.967575728113387, 0.9719616930256678, 0.9719616930256678, 0.9719616930256678, 0.9719616930256678, 0.9719616930256678, 0.9700819937775474, 0.9719616930256678], 'macro_precision': [0.07563342048299725, 0.15959095801369808, 0.43520654572781103, 0.6107122640033087, 0.6994596370489538, 0.7391418765389726, 0.8221693747659992, 0.8460107309215968, 0.8771511089369748, 0.9219256785470705, 0.9197956235387263, 0.9318758161287872, 0.9489420375535612, 0.9472476288343951, 0.9474444909928781, 0.9531389052294976, 0.9635410350472957, 0.9683851766513056, 0.9709697631174712, 0.9698732718894009, 0.9709697631174712, 0.9723795375535612, 0.9723795375535612, 0.9723795375535612, 0.9723795375535612, 0.9723795375535612, 0.9717529711375211, 0.9723795375535612], 'macro_f1': [0.07381573010465521, 0.16752398299500015, 0.4545477753000716, 0.5934944821978035, 0.7042229027272395, 0.7383808920595367, 0.8046803439744302, 0.8389955116302042, 0.8536147426468983, 0.9130184892821734, 0.9113879058721297, 0.9259399173000066, 0.9460327853219382, 0.9398912927394957, 0.9357383472998266, 0.9461384064425551, 0.9539162761001657, 0.9648133103524633, 0.9690739619815358, 0.9617431349138668, 0.9664423830341674, 0.9699415154806684, 0.9699415154806684, 0.9699415154806684, 0.9699415154806684, 0.9699415154806684, 0.9686084454698062, 0.9699415154806684], 'accuracy': [0.33859223300970875, 0.47815533980582525, 0.7026699029126213, 0.808252427184466, 0.875, 0.8992718446601942, 0.9271844660194175, 0.9368932038834952, 0.9356796116504854, 0.9611650485436893, 0.9587378640776699, 0.9684466019417476, 0.9805825242718447, 0.9757281553398058, 0.9769417475728155, 0.9805825242718447, 0.9793689320388349, 0.9842233009708737, 0.9866504854368932, 0.9842233009708737, 0.9854368932038835, 0.9866504854368932, 0.9866504854368932, 0.9866504854368932, 0.9866504854368932, 0.9866504854368932, 0.9854368932038835, 0.9866504854368932], 'micro_recall': [0.33859223300970875, 0.47815533980582525, 0.7026699029126213, 0.808252427184466, 0.875, 0.8992718446601942, 0.9271844660194175, 0.9368932038834952, 0.9356796116504854, 0.9611650485436893, 0.9587378640776699, 0.9684466019417476, 0.9805825242718447, 0.9757281553398058, 0.9769417475728155, 0.9805825242718447, 0.9793689320388349, 0.9842233009708737, 0.9866504854368932, 0.9842233009708737, 0.9854368932038835, 0.9866504854368932, 0.9866504854368932, 0.9866504854368932, 0.9866504854368932, 0.9866504854368932, 0.9854368932038835, 0.9866504854368932], 'micro_precision': [0.33859223300970875, 0.47815533980582525, 0.7026699029126213, 0.808252427184466, 0.875, 0.8992718446601942, 0.9271844660194175, 0.9368932038834952, 0.9356796116504854, 0.9611650485436893, 0.9587378640776699, 0.9684466019417476, 0.9805825242718447, 0.9757281553398058, 0.9769417475728155, 0.9805825242718447, 0.9793689320388349, 0.9842233009708737, 0.9866504854368932, 0.9842233009708737, 0.9854368932038835, 0.9866504854368932, 0.9866504854368932, 0.9866504854368932, 0.9866504854368932, 0.9866504854368932, 0.9854368932038835, 0.9866504854368932], 'micro_f1': [0.33859223300970875, 0.47815533980582525, 0.7026699029126213, 0.808252427184466, 0.875, 0.8992718446601942, 0.9271844660194175, 0.9368932038834952, 0.9356796116504854, 0.9611650485436893, 0.9587378640776699, 0.9684466019417476, 0.9805825242718447, 0.9757281553398058, 0.9769417475728155, 0.9805825242718447, 0.9793689320388349, 0.9842233009708737, 0.9866504854368932, 0.9842233009708737, 0.9854368932038835, 0.9866504854368932, 0.9866504854368932, 0.9866504854368932, 0.9866504854368932, 0.9866504854368932, 0.9854368932038835, 0.9866504854368932], 'runtime': [1.4552, 1.1261, 1.1105, 1.1456, 1.1313, 1.127, 1.1327, 1.1261, 1.1355, 1.1504, 1.1385, 1.1413, 1.1252, 1.1518, 1.1375, 1.138, 1.1397, 1.1723, 1.1424, 1.1638, 1.1391, 1.1304, 1.1366, 1.1494, 1.163, 1.1488, 1.1289, 1.1357], 'samples_per_second': [566.253, 731.719, 742.03, 719.297, 728.342, 731.166, 727.435, 731.736, 725.66, 716.302, 723.773, 721.991, 732.34, 715.397, 724.421, 724.078, 722.981, 702.889, 721.313, 708.006, 723.384, 728.922, 724.958, 716.904, 708.527, 717.297, 729.901, 725.526], 'steps_per_second': [17.867, 23.088, 23.414, 22.696, 22.982, 23.071, 22.953, 23.089, 22.897, 22.602, 22.838, 22.781, 23.108, 22.573, 22.858, 22.847, 22.812, 22.179, 22.76, 22.34, 22.825, 23.0, 22.875, 22.621, 22.356, 22.633, 23.031, 22.893]})

  0%|          | 0/650 [00:00<?, ?it/s]
  0%|          | 1/650 [00:01<14:11,  1.31s/it]
  0%|          | 2/650 [00:02<10:58,  1.02s/it]
  0%|          | 3/650 [00:02<09:56,  1.09it/s]
  1%|          | 4/650 [00:03<09:27,  1.14it/s]
  1%|          | 5/650 [00:04<09:10,  1.17it/s]
  1%|          | 6/650 [00:05<09:00,  1.19it/s]
  1%|          | 7/650 [00:06<08:53,  1.21it/s]
  1%|          | 8/650 [00:06<08:48,  1.21it/s]
  1%|▏         | 9/650 [00:07<08:45,  1.22it/s]
  2%|▏         | 10/650 [00:08<08:42,  1.23it/s]
  2%|▏         | 11/650 [00:09<08:40,  1.23it/s]
  2%|▏         | 12/650 [00:10<08:38,  1.23it/s]
  2%|▏         | 13/650 [00:10<08:27,  1.26it/s]
                                                

  2%|▏         | 13/650 [00:10<08:27,  1.26it/s]{'loss': 3.9799, 'grad_norm': 3.48101806640625, 'learning_rate': 4.9e-05, 'epoch': 1.0}


  0%|          | 0/26 [00:00<?, ?it/s][A

 15%|█▌        | 4/26 [00:00<00:00, 39.83it/s][A

 31%|███       | 8/26 [00:00<00:00, 33.22it/s][A

 46%|████▌     | 12/26 [00:00<00:00, 31.53it/s][A

 62%|██████▏   | 16/26 [00:00<00:00, 30.83it/s][A

 77%|███████▋  | 20/26 [00:00<00:00, 30.49it/s][A

 92%|█████████▏| 24/26 [00:01<00:00, 18.19it/s][A

                                               
[A
                                                

100%|██████████| 26/26 [00:01<00:00, 18.19it/s][A
  2%|▏         | 13/650 [00:12<08:27,  1.26it/s]

                                               [A{'eval_loss': 3.2386794090270996, 'eval_macro_recall': 0.11850450779727095, 'eval_macro_precision': 0.06977915550894412, 'eval_macro_f1': 0.07931888100705282, 'eval_accuracy': 0.4077669902912621, 'eval_micro_recall': 0.4077669902912621, 'eval_micro_precision': 0.4077669902912621, 'eval_micro_f1': 0.4077669902912621, 'eval_runtime': 1.4165, 'eval_samples_per_second': 581.727, 'eval_steps_per_second': 18.355, 'epoch': 1.0}

  2%|▏         | 14/650 [00:16<22:15,  2.10s/it]
  2%|▏         | 15/650 [00:16<18:06,  1.71s/it]
  2%|▏         | 16/650 [00:17<15:12,  1.44s/it]
  3%|▎         | 17/650 [00:18<13:11,  1.25s/it]
  3%|▎         | 18/650 [00:19<11:46,  1.12s/it]
  3%|▎         | 19/650 [00:20<10:47,  1.03s/it]
  3%|▎         | 20/650 [00:20<10:05,  1.04it/s]
  3%|▎         | 21/650 [00:21<09:36,  1.09it/s]
  3%|▎         | 22/650 [00:22<09:16,  1.13it/s]
  4%|▎         | 23/650 [00:23<09:01,  1.16it/s]
  4%|▎         | 24/650 [00:24<08:51,  1.18it/s]
  4%|▍         | 25/650 [00:25<08:43,  1.19it/s]
  4%|▍         | 26/650 [00:25<08:30,  1.22it/s]
                                                

  4%|▍         | 26/650 [00:25<08:30,  1.22it/s]{'loss': 2.8653, 'grad_norm': 3.8115599155426025, 'learning_rate': 4.8e-05, 'epoch': 2.0}


  0%|          | 0/26 [00:00<?, ?it/s][A

 15%|█▌        | 4/26 [00:00<00:00, 39.73it/s][A

 31%|███       | 8/26 [00:00<00:00, 33.10it/s][A

 46%|████▌     | 12/26 [00:00<00:00, 31.44it/s][A

 62%|██████▏   | 16/26 [00:00<00:00, 30.76it/s][A

 77%|███████▋  | 20/26 [00:00<00:00, 30.36it/s][A

 92%|█████████▏| 24/26 [00:00<00:00, 30.45it/s][A

                                               
[A
                                                

100%|██████████| 26/26 [00:00<00:00, 30.45it/s][A
  4%|▍         | 26/650 [00:26<08:30,  1.22it/s]

                                               [A{'eval_loss': 2.191425323486328, 'eval_macro_recall': 0.30837905776345625, 'eval_macro_precision': 0.24669119367037165, 'eval_macro_f1': 0.25378533674705406, 'eval_accuracy': 0.5800970873786407, 'eval_micro_recall': 0.5800970873786407, 'eval_micro_precision': 0.5800970873786407, 'eval_micro_f1': 0.5800970873786407, 'eval_runtime': 1.1305, 'eval_samples_per_second': 728.889, 'eval_steps_per_second': 22.999, 'epoch': 2.0}

  4%|▍         | 27/650 [00:30<20:45,  2.00s/it]
  4%|▍         | 28/650 [00:31<17:01,  1.64s/it]
  4%|▍         | 29/650 [00:32<14:25,  1.39s/it]
  5%|▍         | 30/650 [00:32<12:36,  1.22s/it]
  5%|▍         | 31/650 [00:33<11:19,  1.10s/it]
  5%|▍         | 32/650 [00:34<10:25,  1.01s/it]
  5%|▌         | 33/650 [00:35<09:46,  1.05it/s]
  5%|▌         | 34/650 [00:36<09:19,  1.10it/s]
  5%|▌         | 35/650 [00:37<09:00,  1.14it/s]
  6%|▌         | 36/650 [00:37<08:47,  1.16it/s]
  6%|▌         | 37/650 [00:38<08:37,  1.18it/s]
  6%|▌         | 38/650 [00:39<08:31,  1.20it/s]
  6%|▌         | 39/650 [00:40<08:21,  1.22it/s]
                                                

  6%|▌         | 39/650 [00:40<08:21,  1.22it/s]{'loss': 1.9853, 'grad_norm': 3.0495545864105225, 'learning_rate': 4.7e-05, 'epoch': 3.0}


  0%|          | 0/26 [00:00<?, ?it/s][A

 15%|█▌        | 4/26 [00:00<00:00, 39.93it/s][A

 31%|███       | 8/26 [00:00<00:00, 33.17it/s][A

 46%|████▌     | 12/26 [00:00<00:00, 31.49it/s][A

 62%|██████▏   | 16/26 [00:00<00:00, 30.78it/s][A

 77%|███████▋  | 20/26 [00:00<00:00, 30.40it/s][A

 92%|█████████▏| 24/26 [00:00<00:00, 30.51it/s][A

                                               
[A
                                                

100%|██████████| 26/26 [00:00<00:00, 30.51it/s][A
  6%|▌         | 39/650 [00:41<08:21,  1.22it/s]

                                               [A{'eval_loss': 1.5004693269729614, 'eval_macro_recall': 0.49522601145721445, 'eval_macro_precision': 0.45569627931782025, 'eval_macro_f1': 0.4510728649481703, 'eval_accuracy': 0.7160194174757282, 'eval_micro_recall': 0.7160194174757282, 'eval_micro_precision': 0.7160194174757282, 'eval_micro_f1': 0.7160194174757283, 'eval_runtime': 1.1299, 'eval_samples_per_second': 729.269, 'eval_steps_per_second': 23.011, 'epoch': 3.0}

  6%|▌         | 40/650 [00:45<20:34,  2.02s/it]
  6%|▋         | 41/650 [00:45<16:50,  1.66s/it]
  6%|▋         | 42/650 [00:46<14:14,  1.40s/it]
  7%|▋         | 43/650 [00:47<12:24,  1.23s/it]
  7%|▋         | 44/650 [00:48<11:07,  1.10s/it]
  7%|▋         | 45/650 [00:49<10:13,  1.01s/it]
  7%|▋         | 46/650 [00:49<09:35,  1.05it/s]
  7%|▋         | 47/650 [00:50<09:08,  1.10it/s]
  7%|▋         | 48/650 [00:51<08:49,  1.14it/s]
  8%|▊         | 49/650 [00:52<08:36,  1.16it/s]
  8%|▊         | 50/650 [00:53<08:28,  1.18it/s]
  8%|▊         | 51/650 [00:54<08:21,  1.19it/s]
  8%|▊         | 52/650 [00:54<08:06,  1.23it/s]
                                                

  8%|▊         | 52/650 [00:54<08:06,  1.23it/s]{'loss': 1.4125, 'grad_norm': 3.3716788291931152, 'learning_rate': 4.600000000000001e-05, 'epoch': 4.0}


  0%|          | 0/26 [00:00<?, ?it/s][A

 19%|█▉        | 5/26 [00:00<00:00, 37.52it/s][A

 35%|███▍      | 9/26 [00:00<00:00, 32.94it/s][A

 50%|█████     | 13/26 [00:00<00:00, 31.57it/s][A

 65%|██████▌   | 17/26 [00:00<00:00, 30.84it/s][A

 81%|████████  | 21/26 [00:00<00:00, 30.87it/s][A

 96%|█████████▌| 25/26 [00:00<00:00, 30.42it/s][A

                                               
[A
                                                

100%|██████████| 26/26 [00:00<00:00, 30.42it/s][A
  8%|▊         | 52/650 [00:55<08:06,  1.23it/s]

                                               [A{'eval_loss': 1.0784248113632202, 'eval_macro_recall': 0.6889894378804153, 'eval_macro_precision': 0.6500174023618827, 'eval_macro_f1': 0.6556000688859371, 'eval_accuracy': 0.8507281553398058, 'eval_micro_recall': 0.8507281553398058, 'eval_micro_precision': 0.8507281553398058, 'eval_micro_f1': 0.8507281553398058, 'eval_runtime': 1.1622, 'eval_samples_per_second': 709.028, 'eval_steps_per_second': 22.372, 'epoch': 4.0}

  8%|▊         | 53/650 [00:59<19:54,  2.00s/it]
  8%|▊         | 54/650 [01:00<16:19,  1.64s/it]
  8%|▊         | 55/650 [01:01<13:49,  1.39s/it]
  9%|▊         | 56/650 [01:01<12:04,  1.22s/it]
  9%|▉         | 57/650 [01:02<10:50,  1.10s/it]
  9%|▉         | 58/650 [01:03<09:58,  1.01s/it]
  9%|▉         | 59/650 [01:04<09:22,  1.05it/s]
  9%|▉         | 60/650 [01:05<08:57,  1.10it/s]
  9%|▉         | 61/650 [01:06<08:38,  1.14it/s]
 10%|▉         | 62/650 [01:06<08:25,  1.16it/s]
 10%|▉         | 63/650 [01:07<08:16,  1.18it/s]
 10%|▉         | 64/650 [01:08<08:09,  1.20it/s]
 10%|█         | 65/650 [01:09<07:56,  1.23it/s]
                                                

 10%|█         | 65/650 [01:09<07:56,  1.23it/s]{'loss': 1.0346, 'grad_norm': 3.3313751220703125, 'learning_rate': 4.5e-05, 'epoch': 5.0}


  0%|          | 0/26 [00:00<?, ?it/s][A

 15%|█▌        | 4/26 [00:00<00:00, 39.92it/s][A

 31%|███       | 8/26 [00:00<00:00, 32.94it/s][A

 46%|████▌     | 12/26 [00:00<00:00, 31.38it/s][A

 62%|██████▏   | 16/26 [00:00<00:00, 30.73it/s][A

 77%|███████▋  | 20/26 [00:00<00:00, 30.35it/s][A

 92%|█████████▏| 24/26 [00:00<00:00, 30.45it/s][A

                                               
[A
                                                

100%|██████████| 26/26 [00:00<00:00, 30.45it/s][A
 10%|█         | 65/650 [01:10<07:56,  1.23it/s]

                                               [A{'eval_loss': 0.7891300320625305, 'eval_macro_recall': 0.786061161306628, 'eval_macro_precision': 0.781736307700327, 'eval_macro_f1': 0.7708438511777724, 'eval_accuracy': 0.9077669902912622, 'eval_micro_recall': 0.9077669902912622, 'eval_micro_precision': 0.9077669902912622, 'eval_micro_f1': 0.9077669902912622, 'eval_runtime': 1.1551, 'eval_samples_per_second': 713.367, 'eval_steps_per_second': 22.509, 'epoch': 5.0}

 10%|█         | 66/650 [01:14<19:46,  2.03s/it]
 10%|█         | 67/650 [01:14<16:11,  1.67s/it]
 10%|█         | 68/650 [01:15<13:40,  1.41s/it]
 11%|█         | 69/650 [01:16<11:54,  1.23s/it]
 11%|█         | 70/650 [01:17<10:40,  1.10s/it]
 11%|█         | 71/650 [01:18<09:48,  1.02s/it]
 11%|█         | 72/650 [01:18<09:12,  1.05it/s]
 11%|█         | 73/650 [01:19<08:47,  1.09it/s]
 11%|█▏        | 74/650 [01:20<08:28,  1.13it/s]
 12%|█▏        | 75/650 [01:21<08:15,  1.16it/s]
 12%|█▏        | 76/650 [01:22<08:06,  1.18it/s]
 12%|█▏        | 77/650 [01:23<07:59,  1.20it/s]
 12%|█▏        | 78/650 [01:23<07:48,  1.22it/s]
                                                

 12%|█▏        | 78/650 [01:24<07:48,  1.22it/s]{'loss': 0.7807, 'grad_norm': 2.3978114128112793, 'learning_rate': 4.4000000000000006e-05, 'epoch': 6.0}


  0%|          | 0/26 [00:00<?, ?it/s][A

 19%|█▉        | 5/26 [00:00<00:00, 37.47it/s][A

 35%|███▍      | 9/26 [00:00<00:00, 32.93it/s][A

 50%|█████     | 13/26 [00:00<00:00, 31.52it/s][A

 65%|██████▌   | 17/26 [00:00<00:00, 30.87it/s][A

 81%|████████  | 21/26 [00:00<00:00, 30.93it/s][A

 96%|█████████▌| 25/26 [00:00<00:00, 30.49it/s][A

                                               
[A
                                                

100%|██████████| 26/26 [00:02<00:00, 30.49it/s][A
 12%|█▏        | 78/650 [01:27<07:48,  1.22it/s]

                                               [A{'eval_loss': 0.5970296263694763, 'eval_macro_recall': 0.8356939091426043, 'eval_macro_precision': 0.8322202145181468, 'eval_macro_f1': 0.8258054871266988, 'eval_accuracy': 0.9320388349514563, 'eval_micro_recall': 0.9320388349514563, 'eval_micro_precision': 0.9320388349514563, 'eval_micro_f1': 0.9320388349514563, 'eval_runtime': 1.2139, 'eval_samples_per_second': 678.816, 'eval_steps_per_second': 21.419, 'epoch': 6.0}

 12%|█▏        | 79/650 [01:31<27:04,  2.85s/it]
 12%|█▏        | 80/650 [01:32<21:14,  2.24s/it]
 12%|█▏        | 81/650 [01:33<17:08,  1.81s/it]
 13%|█▎        | 82/650 [01:33<14:16,  1.51s/it]
 13%|█▎        | 83/650 [01:34<12:16,  1.30s/it]
 13%|█▎        | 84/650 [01:35<10:51,  1.15s/it]
 13%|█▎        | 85/650 [01:36<09:52,  1.05s/it]
 13%|█▎        | 86/650 [01:37<09:11,  1.02it/s]
 13%|█▎        | 87/650 [01:37<08:41,  1.08it/s]
 14%|█▎        | 88/650 [01:38<08:21,  1.12it/s]
 14%|█▎        | 89/650 [01:39<08:06,  1.15it/s]
 14%|█▍        | 90/650 [01:40<07:56,  1.17it/s]
 14%|█▍        | 91/650 [01:41<07:51,  1.19it/s]
                                                

 14%|█▍        | 91/650 [01:41<07:51,  1.19it/s]{'loss': 0.599, 'grad_norm': 1.8032277822494507, 'learning_rate': 4.3e-05, 'epoch': 7.0}


  0%|          | 0/26 [00:00<?, ?it/s][A

 15%|█▌        | 4/26 [00:00<00:00, 38.88it/s][A

 31%|███       | 8/26 [00:00<00:00, 33.00it/s][A

 46%|████▌     | 12/26 [00:00<00:00, 31.44it/s][A

 62%|██████▏   | 16/26 [00:00<00:00, 30.78it/s][A

 77%|███████▋  | 20/26 [00:00<00:00, 30.43it/s][A

 92%|█████████▏| 24/26 [00:00<00:00, 30.52it/s][A

                                               
[A
                                                

100%|██████████| 26/26 [00:00<00:00, 30.52it/s][A
 14%|█▍        | 91/650 [01:42<07:51,  1.19it/s]

                                               [A{'eval_loss': 0.474025696516037, 'eval_macro_recall': 0.8494425665002843, 'eval_macro_precision': 0.850453835421621, 'eval_macro_f1': 0.8428812279933185, 'eval_accuracy': 0.9368932038834952, 'eval_micro_recall': 0.9368932038834952, 'eval_micro_precision': 0.9368932038834952, 'eval_micro_f1': 0.9368932038834952, 'eval_runtime': 1.2166, 'eval_samples_per_second': 677.319, 'eval_steps_per_second': 21.372, 'epoch': 7.0}

 14%|█▍        | 92/650 [01:46<19:35,  2.11s/it]
 14%|█▍        | 93/650 [01:47<15:56,  1.72s/it]
 14%|█▍        | 94/650 [01:47<13:23,  1.45s/it]
 15%|█▍        | 95/650 [01:48<11:36,  1.25s/it]
 15%|█▍        | 96/650 [01:49<10:20,  1.12s/it]
 15%|█▍        | 97/650 [01:50<09:28,  1.03s/it]
 15%|█▌        | 98/650 [01:51<08:51,  1.04it/s]
 15%|█▌        | 99/650 [01:51<08:25,  1.09it/s]
 15%|█▌        | 100/650 [01:52<08:07,  1.13it/s]
 16%|█▌        | 101/650 [01:53<07:54,  1.16it/s]
 16%|█▌        | 102/650 [01:54<07:45,  1.18it/s]
 16%|█▌        | 103/650 [01:55<07:38,  1.19it/s]
 16%|█▌        | 104/650 [01:55<07:26,  1.22it/s]
                                                 

 16%|█▌        | 104/650 [01:55<07:26,  1.22it/s]{'loss': 0.4696, 'grad_norm': 2.369468927383423, 'learning_rate': 4.2e-05, 'epoch': 8.0}


  0%|          | 0/26 [00:00<?, ?it/s][A

 19%|█▉        | 5/26 [00:00<00:00, 37.61it/s][A

 35%|███▍      | 9/26 [00:00<00:00, 33.01it/s][A

 50%|█████     | 13/26 [00:00<00:00, 31.53it/s][A

 65%|██████▌   | 17/26 [00:00<00:00, 30.87it/s][A

 81%|████████  | 21/26 [00:00<00:00, 30.87it/s][A

 96%|█████████▌| 25/26 [00:00<00:00, 30.48it/s][A

                                               
[A
                                                 

100%|██████████| 26/26 [00:00<00:00, 30.48it/s][A
 16%|█▌        | 104/650 [01:57<07:26,  1.22it/s]

                                               [A{'eval_loss': 0.35819873213768005, 'eval_macro_recall': 0.8807458772982878, 'eval_macro_precision': 0.8757027944230831, 'eval_macro_f1': 0.8732517135297033, 'eval_accuracy': 0.9563106796116505, 'eval_micro_recall': 0.9563106796116505, 'eval_micro_precision': 0.9563106796116505, 'eval_micro_f1': 0.9563106796116505, 'eval_runtime': 1.1309, 'eval_samples_per_second': 728.644, 'eval_steps_per_second': 22.991, 'epoch': 8.0}

 16%|█▌        | 105/650 [02:00<18:07,  2.00s/it]
 16%|█▋        | 106/650 [02:01<14:51,  1.64s/it]
 16%|█▋        | 107/650 [02:02<12:35,  1.39s/it]
 17%|█▋        | 108/650 [02:03<10:59,  1.22s/it]
 17%|█▋        | 109/650 [02:03<09:52,  1.10s/it]
 17%|█▋        | 110/650 [02:04<09:05,  1.01s/it]
 17%|█▋        | 111/650 [02:05<08:33,  1.05it/s]
 17%|█▋        | 112/650 [02:06<08:10,  1.10it/s]
 17%|█▋        | 113/650 [02:07<07:53,  1.13it/s]
 18%|█▊        | 114/650 [02:07<07:40,  1.16it/s]
 18%|█▊        | 115/650 [02:08<07:32,  1.18it/s]
 18%|█▊        | 116/650 [02:09<07:25,  1.20it/s]
 18%|█▊        | 117/650 [02:10<07:11,  1.24it/s]
                                                 

 18%|█▊        | 117/650 [02:10<07:11,  1.24it/s]{'loss': 0.36, 'grad_norm': 1.7028433084487915, 'learning_rate': 4.1e-05, 'epoch': 9.0}


  0%|          | 0/26 [00:00<?, ?it/s][A

 15%|█▌        | 4/26 [00:00<00:00, 39.98it/s][A

 31%|███       | 8/26 [00:00<00:00, 33.23it/s][A

 46%|████▌     | 12/26 [00:00<00:00, 31.51it/s][A

 62%|██████▏   | 16/26 [00:00<00:00, 30.83it/s][A

 77%|███████▋  | 20/26 [00:00<00:00, 30.45it/s][A

 92%|█████████▏| 24/26 [00:00<00:00, 30.52it/s][A

                                               
[A
                                                 

100%|██████████| 26/26 [00:00<00:00, 30.52it/s][A
 18%|█▊        | 117/650 [02:11<07:11,  1.24it/s]

                                               [A{'eval_loss': 0.283266544342041, 'eval_macro_recall': 0.8828356605800215, 'eval_macro_precision': 0.8763317341967598, 'eval_macro_f1': 0.8723946028041715, 'eval_accuracy': 0.9575242718446602, 'eval_micro_recall': 0.9575242718446602, 'eval_micro_precision': 0.9575242718446602, 'eval_micro_f1': 0.9575242718446602, 'eval_runtime': 1.1347, 'eval_samples_per_second': 726.169, 'eval_steps_per_second': 22.913, 'epoch': 9.0}

 18%|█▊        | 118/650 [02:15<17:56,  2.02s/it]
 18%|█▊        | 119/650 [02:15<14:41,  1.66s/it]
 18%|█▊        | 120/650 [02:16<12:24,  1.40s/it]
 19%|█▊        | 121/650 [02:17<10:49,  1.23s/it]
 19%|█▉        | 122/650 [02:18<09:42,  1.10s/it]
 19%|█▉        | 123/650 [02:19<08:55,  1.02s/it]
 19%|█▉        | 124/650 [02:20<08:22,  1.05it/s]
 19%|█▉        | 125/650 [02:20<07:59,  1.10it/s]
 19%|█▉        | 126/650 [02:21<07:42,  1.13it/s]
 20%|█▉        | 127/650 [02:22<07:30,  1.16it/s]
 20%|█▉        | 128/650 [02:23<07:22,  1.18it/s]
 20%|█▉        | 129/650 [02:24<07:16,  1.19it/s]
 20%|██        | 130/650 [02:24<07:03,  1.23it/s]
                                                 

 20%|██        | 130/650 [02:24<07:03,  1.23it/s]{'loss': 0.2718, 'grad_norm': 1.356642484664917, 'learning_rate': 4e-05, 'epoch': 10.0}


  0%|          | 0/26 [00:00<?, ?it/s][A

 19%|█▉        | 5/26 [00:00<00:00, 37.42it/s][A

 35%|███▍      | 9/26 [00:00<00:00, 32.84it/s][A

 50%|█████     | 13/26 [00:00<00:00, 31.42it/s][A

 65%|██████▌   | 17/26 [00:00<00:00, 30.80it/s][A

 81%|████████  | 21/26 [00:00<00:00, 30.83it/s][A

 96%|█████████▌| 25/26 [00:00<00:00, 30.33it/s][A

                                               
[A
                                                 

100%|██████████| 26/26 [00:00<00:00, 30.33it/s][A
 20%|██        | 130/650 [02:26<07:03,  1.23it/s]

                                               [A{'eval_loss': 0.23106162250041962, 'eval_macro_recall': 0.8887567132116004, 'eval_macro_precision': 0.8769831789852014, 'eval_macro_f1': 0.8797049940134547, 'eval_accuracy': 0.9599514563106796, 'eval_micro_recall': 0.9599514563106796, 'eval_micro_precision': 0.9599514563106796, 'eval_micro_f1': 0.9599514563106796, 'eval_runtime': 1.1374, 'eval_samples_per_second': 724.477, 'eval_steps_per_second': 22.86, 'epoch': 10.0}

 20%|██        | 131/650 [02:29<17:14,  1.99s/it]
 20%|██        | 132/650 [02:30<14:08,  1.64s/it]
 20%|██        | 133/650 [02:31<11:59,  1.39s/it]
 21%|██        | 134/650 [02:32<10:28,  1.22s/it]
 21%|██        | 135/650 [02:32<09:24,  1.10s/it]
 21%|██        | 136/650 [02:33<08:39,  1.01s/it]
 21%|██        | 137/650 [02:34<08:08,  1.05it/s]
 21%|██        | 138/650 [02:35<07:46,  1.10it/s]
 21%|██▏       | 139/650 [02:36<07:30,  1.13it/s]
 22%|██▏       | 140/650 [02:36<07:19,  1.16it/s]
 22%|██▏       | 141/650 [02:37<07:10,  1.18it/s]
 22%|██▏       | 142/650 [02:38<07:04,  1.20it/s]
 22%|██▏       | 143/650 [02:39<06:51,  1.23it/s]
                                                 

 22%|██▏       | 143/650 [02:39<06:51,  1.23it/s]{'loss': 0.2161, 'grad_norm': 1.366965889930725, 'learning_rate': 3.9000000000000006e-05, 'epoch': 11.0}


  0%|          | 0/26 [00:00<?, ?it/s][A

 19%|█▉        | 5/26 [00:00<00:00, 37.56it/s][A

 35%|███▍      | 9/26 [00:00<00:00, 32.96it/s][A

 50%|█████     | 13/26 [00:00<00:00, 31.53it/s][A

 65%|██████▌   | 17/26 [00:00<00:00, 30.83it/s][A

 81%|████████  | 21/26 [00:00<00:00, 30.89it/s][A

 96%|█████████▌| 25/26 [00:00<00:00, 30.50it/s][A

                                               
[A
                                                 

100%|██████████| 26/26 [00:00<00:00, 30.50it/s][A
 22%|██▏       | 143/650 [02:40<06:51,  1.23it/s]

                                               [A{'eval_loss': 0.1913543939590454, 'eval_macro_recall': 0.9226987110633728, 'eval_macro_precision': 0.9152831689285936, 'eval_macro_f1': 0.9127169411364427, 'eval_accuracy': 0.9672330097087378, 'eval_micro_recall': 0.9672330097087378, 'eval_micro_precision': 0.9672330097087378, 'eval_micro_f1': 0.9672330097087378, 'eval_runtime': 1.1388, 'eval_samples_per_second': 723.594, 'eval_steps_per_second': 22.832, 'epoch': 11.0}

 22%|██▏       | 144/650 [02:44<16:57,  2.01s/it]
 22%|██▏       | 145/650 [02:44<13:53,  1.65s/it]
 22%|██▏       | 146/650 [02:45<11:45,  1.40s/it]
 23%|██▎       | 147/650 [02:46<10:14,  1.22s/it]
 23%|██▎       | 148/650 [02:47<09:11,  1.10s/it]
 23%|██▎       | 149/650 [02:48<08:26,  1.01s/it]
 23%|██▎       | 150/650 [02:48<07:56,  1.05it/s]
 23%|██▎       | 151/650 [02:49<07:34,  1.10it/s]
 23%|██▎       | 152/650 [02:50<07:19,  1.13it/s]
 24%|██▎       | 153/650 [02:51<07:07,  1.16it/s]
 24%|██▎       | 154/650 [02:52<06:59,  1.18it/s]
 24%|██▍       | 155/650 [02:53<06:54,  1.19it/s]
 24%|██▍       | 156/650 [02:53<06:41,  1.23it/s]
                                                 

 24%|██▍       | 156/650 [02:53<06:41,  1.23it/s]{'loss': 0.1716, 'grad_norm': 0.9944080114364624, 'learning_rate': 3.8e-05, 'epoch': 12.0}


  0%|          | 0/26 [00:00<?, ?it/s][A

 19%|█▉        | 5/26 [00:00<00:00, 37.55it/s][A

 35%|███▍      | 9/26 [00:00<00:00, 32.99it/s][A

 50%|█████     | 13/26 [00:00<00:00, 31.56it/s][A

 65%|██████▌   | 17/26 [00:00<00:00, 30.91it/s][A

 81%|████████  | 21/26 [00:00<00:00, 30.96it/s][A

 96%|█████████▌| 25/26 [00:00<00:00, 30.52it/s][A

                                               
[A
                                                 

100%|██████████| 26/26 [00:00<00:00, 30.52it/s][A
 24%|██▍       | 156/650 [02:55<06:41,  1.23it/s]

                                               [A{'eval_loss': 0.1777133345603943, 'eval_macro_recall': 0.9258404940923738, 'eval_macro_precision': 0.9268783732302408, 'eval_macro_f1': 0.9191860659869406, 'eval_accuracy': 0.9660194174757282, 'eval_micro_recall': 0.9660194174757282, 'eval_micro_precision': 0.9660194174757282, 'eval_micro_f1': 0.9660194174757282, 'eval_runtime': 1.1351, 'eval_samples_per_second': 725.905, 'eval_steps_per_second': 22.905, 'epoch': 12.0}

 24%|██▍       | 157/650 [02:58<16:25,  2.00s/it]
 24%|██▍       | 158/650 [02:59<13:27,  1.64s/it]
 24%|██▍       | 159/650 [03:00<11:23,  1.39s/it]
 25%|██▍       | 160/650 [03:01<09:57,  1.22s/it]
 25%|██▍       | 161/650 [03:01<08:56,  1.10s/it]
 25%|██▍       | 162/650 [03:02<08:13,  1.01s/it]
 25%|██▌       | 163/650 [03:03<07:43,  1.05it/s]
 25%|██▌       | 164/650 [03:04<07:21,  1.10it/s]
 25%|██▌       | 165/650 [03:05<07:06,  1.14it/s]
 26%|██▌       | 166/650 [03:05<06:56,  1.16it/s]
 26%|██▌       | 167/650 [03:06<06:49,  1.18it/s]
 26%|██▌       | 168/650 [03:07<06:43,  1.19it/s]
 26%|██▌       | 169/650 [03:08<06:31,  1.23it/s]
                                                 

 26%|██▌       | 169/650 [03:08<06:31,  1.23it/s]{'loss': 0.1382, 'grad_norm': 1.0969829559326172, 'learning_rate': 3.7e-05, 'epoch': 13.0}


  0%|          | 0/26 [00:00<?, ?it/s][A

 15%|█▌        | 4/26 [00:00<00:00, 40.00it/s][A

 31%|███       | 8/26 [00:00<00:00, 33.21it/s][A

 46%|████▌     | 12/26 [00:00<00:00, 31.51it/s][A

 62%|██████▏   | 16/26 [00:00<00:00, 30.82it/s][A

 77%|███████▋  | 20/26 [00:00<00:00, 30.46it/s][A

 92%|█████████▏| 24/26 [00:00<00:00, 30.56it/s][A

                                               
[A
                                                 

100%|██████████| 26/26 [00:00<00:00, 30.56it/s][A
 26%|██▌       | 169/650 [03:09<06:31,  1.23it/s]

                                               [A{'eval_loss': 0.14513923227787018, 'eval_macro_recall': 0.9294857679914071, 'eval_macro_precision': 0.9305543442934299, 'eval_macro_f1': 0.9234042085868834, 'eval_accuracy': 0.970873786407767, 'eval_micro_recall': 0.970873786407767, 'eval_micro_precision': 0.970873786407767, 'eval_micro_f1': 0.970873786407767, 'eval_runtime': 1.1399, 'eval_samples_per_second': 722.896, 'eval_steps_per_second': 22.81, 'epoch': 13.0}

 26%|██▌       | 170/650 [03:13<16:13,  2.03s/it]
 26%|██▋       | 171/650 [03:13<13:16,  1.66s/it]
 26%|██▋       | 172/650 [03:14<11:12,  1.41s/it]
 27%|██▋       | 173/650 [03:15<09:46,  1.23s/it]
 27%|██▋       | 174/650 [03:16<08:45,  1.10s/it]
 27%|██▋       | 175/650 [03:17<08:02,  1.02s/it]
 27%|██▋       | 176/650 [03:18<07:32,  1.05it/s]
 27%|██▋       | 177/650 [03:18<07:11,  1.10it/s]
 27%|██▋       | 178/650 [03:19<06:56,  1.13it/s]
 28%|██▊       | 179/650 [03:20<06:45,  1.16it/s]
 28%|██▊       | 180/650 [03:21<06:37,  1.18it/s]
 28%|██▊       | 181/650 [03:22<06:31,  1.20it/s]
 28%|██▊       | 182/650 [03:22<06:24,  1.22it/s]
                                                 

 28%|██▊       | 182/650 [03:22<06:24,  1.22it/s]{'loss': 0.1231, 'grad_norm': 0.6927423477172852, 'learning_rate': 3.6e-05, 'epoch': 14.0}


  0%|          | 0/26 [00:00<?, ?it/s][A

 19%|█▉        | 5/26 [00:00<00:00, 37.63it/s][A

 35%|███▍      | 9/26 [00:00<00:00, 32.93it/s][A

 50%|█████     | 13/26 [00:00<00:00, 31.53it/s][A

 65%|██████▌   | 17/26 [00:00<00:00, 30.86it/s][A

 81%|████████  | 21/26 [00:00<00:00, 30.88it/s][A

 96%|█████████▌| 25/26 [00:00<00:00, 30.43it/s][A

                                               
[A
                                                 

100%|██████████| 26/26 [00:00<00:00, 30.43it/s][A
 28%|██▊       | 182/650 [03:24<06:24,  1.22it/s]

                                               [A{'eval_loss': 0.1231159120798111, 'eval_macro_recall': 0.9384277658431793, 'eval_macro_precision': 0.9426218556356224, 'eval_macro_f1': 0.9377051299801776, 'eval_accuracy': 0.9793689320388349, 'eval_micro_recall': 0.9793689320388349, 'eval_micro_precision': 0.9793689320388349, 'eval_micro_f1': 0.9793689320388349, 'eval_runtime': 1.1711, 'eval_samples_per_second': 703.609, 'eval_steps_per_second': 22.201, 'epoch': 14.0}

 28%|██▊       | 183/650 [03:27<16:26,  2.11s/it]
 28%|██▊       | 184/650 [03:28<13:23,  1.72s/it]
 28%|██▊       | 185/650 [03:29<11:14,  1.45s/it]
 29%|██▊       | 186/650 [03:30<09:44,  1.26s/it]
 29%|██▉       | 187/650 [03:31<08:40,  1.12s/it]
 29%|██▉       | 188/650 [03:32<07:56,  1.03s/it]
 29%|██▉       | 189/650 [03:32<07:25,  1.04it/s]
 29%|██▉       | 190/650 [03:33<07:02,  1.09it/s]
 29%|██▉       | 191/650 [03:34<06:46,  1.13it/s]
 30%|██▉       | 192/650 [03:35<06:35,  1.16it/s]
 30%|██▉       | 193/650 [03:36<06:28,  1.18it/s]
 30%|██▉       | 194/650 [03:36<06:22,  1.19it/s]
 30%|███       | 195/650 [03:37<06:13,  1.22it/s]
                                                 

 30%|███       | 195/650 [03:37<06:13,  1.22it/s]{'loss': 0.1079, 'grad_norm': 2.075629711151123, 'learning_rate': 3.5e-05, 'epoch': 15.0}


  0%|          | 0/26 [00:00<?, ?it/s][A

 19%|█▉        | 5/26 [00:00<00:00, 37.57it/s][A

 35%|███▍      | 9/26 [00:00<00:00, 32.89it/s][A

 50%|█████     | 13/26 [00:00<00:00, 31.46it/s][A

 65%|██████▌   | 17/26 [00:00<00:00, 30.81it/s][A

 81%|████████  | 21/26 [00:00<00:00, 30.86it/s][A

 96%|█████████▌| 25/26 [00:00<00:00, 30.43it/s][A

                                               
[A
                                                 

100%|██████████| 26/26 [00:00<00:00, 30.43it/s][A
 30%|███       | 195/650 [03:38<06:13,  1.22it/s]

                                               [A{'eval_loss': 0.12199608981609344, 'eval_macro_recall': 0.9276959095326444, 'eval_macro_precision': 0.9281025084876214, 'eval_macro_f1': 0.9264413767120181, 'eval_accuracy': 0.9805825242718447, 'eval_micro_recall': 0.9805825242718447, 'eval_micro_precision': 0.9805825242718447, 'eval_micro_f1': 0.9805825242718447, 'eval_runtime': 1.1289, 'eval_samples_per_second': 729.931, 'eval_steps_per_second': 23.032, 'epoch': 15.0}

 30%|███       | 196/650 [03:42<15:28,  2.04s/it]
 30%|███       | 197/650 [03:43<12:39,  1.68s/it]
 30%|███       | 198/650 [03:44<10:40,  1.42s/it]
 31%|███       | 199/650 [03:45<09:17,  1.24s/it]
 31%|███       | 200/650 [03:45<08:18,  1.11s/it]
 31%|███       | 201/650 [03:46<07:38,  1.02s/it]
 31%|███       | 202/650 [03:47<07:09,  1.04it/s]
 31%|███       | 203/650 [03:48<06:49,  1.09it/s]
 31%|███▏      | 204/650 [03:49<06:34,  1.13it/s]
 32%|███▏      | 205/650 [03:49<06:24,  1.16it/s]
 32%|███▏      | 206/650 [03:50<06:17,  1.18it/s]
 32%|███▏      | 207/650 [03:51<06:11,  1.19it/s]
 32%|███▏      | 208/650 [03:52<06:05,  1.21it/s]
                                                 

 32%|███▏      | 208/650 [03:52<06:05,  1.21it/s]{'loss': 0.1009, 'grad_norm': 1.229573130607605, 'learning_rate': 3.4000000000000007e-05, 'epoch': 16.0}


  0%|          | 0/26 [00:00<?, ?it/s][A

 19%|█▉        | 5/26 [00:00<00:00, 37.64it/s][A

 35%|███▍      | 9/26 [00:00<00:00, 32.92it/s][A

 50%|█████     | 13/26 [00:00<00:00, 31.45it/s][A

 65%|██████▌   | 17/26 [00:00<00:00, 30.76it/s][A

 81%|████████  | 21/26 [00:00<00:00, 30.82it/s][A

 96%|█████████▌| 25/26 [00:00<00:00, 30.37it/s][A

                                               
[A
                                                 

100%|██████████| 26/26 [00:00<00:00, 30.37it/s][A
 32%|███▏      | 208/650 [03:53<06:05,  1.21it/s]

                                               [A{'eval_loss': 0.1124807596206665, 'eval_macro_recall': 0.9320845481049562, 'eval_macro_precision': 0.9280615014087993, 'eval_macro_f1': 0.9285403224171863, 'eval_accuracy': 0.9805825242718447, 'eval_micro_recall': 0.9805825242718447, 'eval_micro_precision': 0.9805825242718447, 'eval_micro_f1': 0.9805825242718447, 'eval_runtime': 1.1227, 'eval_samples_per_second': 733.924, 'eval_steps_per_second': 23.158, 'epoch': 16.0}

 32%|███▏      | 209/650 [03:57<15:02,  2.05s/it]
 32%|███▏      | 210/650 [03:58<12:17,  1.68s/it]
 32%|███▏      | 211/650 [03:58<10:21,  1.42s/it]
 33%|███▎      | 212/650 [03:59<09:00,  1.23s/it]
 33%|███▎      | 213/650 [04:00<08:04,  1.11s/it]
 33%|███▎      | 214/650 [04:01<07:24,  1.02s/it]
 33%|███▎      | 215/650 [04:02<06:56,  1.04it/s]
 33%|███▎      | 216/650 [04:02<06:37,  1.09it/s]
 33%|███▎      | 217/650 [04:03<06:22,  1.13it/s]
 34%|███▎      | 218/650 [04:04<06:12,  1.16it/s]
 34%|███▎      | 219/650 [04:05<06:04,  1.18it/s]
 34%|███▍      | 220/650 [04:06<05:59,  1.20it/s]
 34%|███▍      | 221/650 [04:06<05:51,  1.22it/s]
                                                 

 34%|███▍      | 221/650 [04:07<05:51,  1.22it/s]{'loss': 0.0796, 'grad_norm': 0.7708870768547058, 'learning_rate': 3.3e-05, 'epoch': 17.0}


  0%|          | 0/26 [00:00<?, ?it/s][A

 19%|█▉        | 5/26 [00:00<00:00, 37.82it/s][A

 35%|███▍      | 9/26 [00:00<00:00, 32.98it/s][A

 50%|█████     | 13/26 [00:00<00:00, 31.36it/s][A

 65%|██████▌   | 17/26 [00:00<00:00, 30.69it/s][A

 81%|████████  | 21/26 [00:00<00:00, 30.76it/s][A

 96%|█████████▌| 25/26 [00:00<00:00, 30.38it/s][A

                                               
[A
                                                 

100%|██████████| 26/26 [00:00<00:00, 30.38it/s][A
 34%|███▍      | 221/650 [04:08<05:51,  1.22it/s]

                                               [A{'eval_loss': 0.10799548774957657, 'eval_macro_recall': 0.9401417969785317, 'eval_macro_precision': 0.9450807066933105, 'eval_macro_f1': 0.9403033958900994, 'eval_accuracy': 0.9805825242718447, 'eval_micro_recall': 0.9805825242718447, 'eval_micro_precision': 0.9805825242718447, 'eval_micro_f1': 0.9805825242718447, 'eval_runtime': 1.1326, 'eval_samples_per_second': 727.557, 'eval_steps_per_second': 22.957, 'epoch': 17.0}

 34%|███▍      | 222/650 [04:11<14:36,  2.05s/it]
 34%|███▍      | 223/650 [04:12<11:55,  1.68s/it]
 34%|███▍      | 224/650 [04:13<10:03,  1.42s/it]
 35%|███▍      | 225/650 [04:14<08:45,  1.24s/it]
 35%|███▍      | 226/650 [04:15<07:49,  1.11s/it]
 35%|███▍      | 227/650 [04:15<07:11,  1.02s/it]
 35%|███▌      | 228/650 [04:16<06:44,  1.04it/s]
 35%|███▌      | 229/650 [04:17<06:25,  1.09it/s]
 35%|███▌      | 230/650 [04:18<06:11,  1.13it/s]
 36%|███▌      | 231/650 [04:19<06:01,  1.16it/s]
 36%|███▌      | 232/650 [04:19<05:53,  1.18it/s]
 36%|███▌      | 233/650 [04:20<05:48,  1.20it/s]
 36%|███▌      | 234/650 [04:21<05:39,  1.23it/s]
                                                 

 36%|███▌      | 234/650 [04:21<05:39,  1.23it/s]{'loss': 0.0707, 'grad_norm': 1.7579869031906128, 'learning_rate': 3.2000000000000005e-05, 'epoch': 18.0}


  0%|          | 0/26 [00:00<?, ?it/s][A

 15%|█▌        | 4/26 [00:00<00:00, 39.98it/s][A

 31%|███       | 8/26 [00:00<00:00, 33.19it/s][A

 46%|████▌     | 12/26 [00:00<00:00, 31.53it/s][A

 62%|██████▏   | 16/26 [00:00<00:00, 30.83it/s][A

 77%|███████▋  | 20/26 [00:00<00:00, 30.45it/s][A

 92%|█████████▏| 24/26 [00:00<00:00, 30.52it/s][A

                                               
[A
                                                 

100%|██████████| 26/26 [00:00<00:00, 30.52it/s][A
 36%|███▌      | 234/650 [04:22<05:39,  1.23it/s]

                                               [A{'eval_loss': 0.09496007114648819, 'eval_macro_recall': 0.9487512147716229, 'eval_macro_precision': 0.9485396315142585, 'eval_macro_f1': 0.947522953802069, 'eval_accuracy': 0.9842233009708737, 'eval_micro_recall': 0.9842233009708737, 'eval_micro_precision': 0.9842233009708737, 'eval_micro_f1': 0.9842233009708737, 'eval_runtime': 1.1379, 'eval_samples_per_second': 724.168, 'eval_steps_per_second': 22.85, 'epoch': 18.0}

 36%|███▌      | 235/650 [04:26<13:41,  1.98s/it]
 36%|███▋      | 236/650 [04:27<11:14,  1.63s/it]
 36%|███▋      | 237/650 [04:27<09:31,  1.38s/it]
 37%|███▋      | 238/650 [04:28<08:20,  1.21s/it]
 37%|███▋      | 239/650 [04:29<07:29,  1.09s/it]
 37%|███▋      | 240/650 [04:30<06:53,  1.01s/it]
 37%|███▋      | 241/650 [04:31<06:28,  1.05it/s]
 37%|███▋      | 242/650 [04:31<06:11,  1.10it/s]
 37%|███▋      | 243/650 [04:32<05:58,  1.13it/s]
 38%|███▊      | 244/650 [04:33<05:49,  1.16it/s]
 38%|███▊      | 245/650 [04:34<05:42,  1.18it/s]
 38%|███▊      | 246/650 [04:35<05:37,  1.20it/s]
 38%|███▊      | 247/650 [04:35<05:26,  1.23it/s]
                                                 

 38%|███▊      | 247/650 [04:35<05:26,  1.23it/s]{'loss': 0.0602, 'grad_norm': 0.4125003516674042, 'learning_rate': 3.1e-05, 'epoch': 19.0}


  0%|          | 0/26 [00:00<?, ?it/s][A

 19%|█▉        | 5/26 [00:00<00:00, 37.42it/s][A

 35%|███▍      | 9/26 [00:00<00:00, 32.88it/s][A

 50%|█████     | 13/26 [00:00<00:00, 31.45it/s][A

 65%|██████▌   | 17/26 [00:00<00:00, 30.78it/s][A

 81%|████████  | 21/26 [00:00<00:00, 30.86it/s][A

 96%|█████████▌| 25/26 [00:00<00:00, 30.42it/s][A

                                               
[A
                                                 

100%|██████████| 26/26 [00:00<00:00, 30.42it/s][A
 38%|███▊      | 247/650 [04:37<05:26,  1.23it/s]

                                               [A{'eval_loss': 0.09495918452739716, 'eval_macro_recall': 0.9484861736902551, 'eval_macro_precision': 0.9481382500569764, 'eval_macro_f1': 0.9471522575944712, 'eval_accuracy': 0.9830097087378641, 'eval_micro_recall': 0.9830097087378641, 'eval_micro_precision': 0.9830097087378641, 'eval_micro_f1': 0.9830097087378641, 'eval_runtime': 1.1346, 'eval_samples_per_second': 726.278, 'eval_steps_per_second': 22.917, 'epoch': 19.0}

 38%|███▊      | 248/650 [04:40<13:21,  1.99s/it]
 38%|███▊      | 249/650 [04:41<10:57,  1.64s/it]
 38%|███▊      | 250/650 [04:42<09:16,  1.39s/it]
 39%|███▊      | 251/650 [04:43<08:05,  1.22s/it]
 39%|███▉      | 252/650 [04:43<07:16,  1.10s/it]
 39%|███▉      | 253/650 [04:44<06:41,  1.01s/it]
 39%|███▉      | 254/650 [04:45<06:17,  1.05it/s]
 39%|███▉      | 255/650 [04:46<05:59,  1.10it/s]
 39%|███▉      | 256/650 [04:47<05:47,  1.14it/s]
 40%|███▉      | 257/650 [04:48<05:37,  1.16it/s]
 40%|███▉      | 258/650 [04:48<05:31,  1.18it/s]
 40%|███▉      | 259/650 [04:49<05:26,  1.20it/s]
 40%|████      | 260/650 [04:50<05:16,  1.23it/s]
                                                 

 40%|████      | 260/650 [04:50<05:16,  1.23it/s]{'loss': 0.0535, 'grad_norm': 0.3131987750530243, 'learning_rate': 3e-05, 'epoch': 20.0}


  0%|          | 0/26 [00:00<?, ?it/s][A

 19%|█▉        | 5/26 [00:00<00:00, 37.95it/s][A

 35%|███▍      | 9/26 [00:00<00:00, 32.93it/s][A

 50%|█████     | 13/26 [00:00<00:00, 31.51it/s][A

 65%|██████▌   | 17/26 [00:00<00:00, 30.84it/s][A

 81%|████████  | 21/26 [00:00<00:00, 30.89it/s][A

 96%|█████████▌| 25/26 [00:00<00:00, 30.48it/s][A

                                               
[A
                                                 

100%|██████████| 26/26 [00:00<00:00, 30.48it/s][A
 40%|████      | 260/650 [04:51<05:16,  1.23it/s]

                                               [A{'eval_loss': 0.09077605605125427, 'eval_macro_recall': 0.9414515416556233, 'eval_macro_precision': 0.9466940535817241, 'eval_macro_f1': 0.9418465913078303, 'eval_accuracy': 0.9805825242718447, 'eval_micro_recall': 0.9805825242718447, 'eval_micro_precision': 0.9805825242718447, 'eval_micro_f1': 0.9805825242718447, 'eval_runtime': 1.1354, 'eval_samples_per_second': 725.747, 'eval_steps_per_second': 22.9, 'epoch': 20.0}

 40%|████      | 261/650 [04:55<12:52,  1.99s/it]
 40%|████      | 262/650 [04:55<10:34,  1.63s/it]
 40%|████      | 263/650 [04:56<08:57,  1.39s/it]
 41%|████      | 264/650 [04:57<07:49,  1.22s/it]
 41%|████      | 265/650 [04:58<07:01,  1.09s/it]
 41%|████      | 266/650 [04:59<06:27,  1.01s/it]
 41%|████      | 267/650 [05:00<06:04,  1.05it/s]
 41%|████      | 268/650 [05:00<05:47,  1.10it/s]
 41%|████▏     | 269/650 [05:01<05:35,  1.13it/s]
 42%|████▏     | 270/650 [05:02<05:27,  1.16it/s]
 42%|████▏     | 271/650 [05:03<05:21,  1.18it/s]
 42%|████▏     | 272/650 [05:04<05:16,  1.19it/s]
 42%|████▏     | 273/650 [05:04<05:06,  1.23it/s]
                                                 

 42%|████▏     | 273/650 [05:04<05:06,  1.23it/s]{'loss': 0.0475, 'grad_norm': 0.2672068774700165, 'learning_rate': 2.9e-05, 'epoch': 21.0}


  0%|          | 0/26 [00:00<?, ?it/s][A

 15%|█▌        | 4/26 [00:00<00:00, 39.83it/s][A

 31%|███       | 8/26 [00:00<00:00, 33.15it/s][A

 46%|████▌     | 12/26 [00:00<00:00, 31.46it/s][A

 62%|██████▏   | 16/26 [00:00<00:00, 30.73it/s][A

 77%|███████▋  | 20/26 [00:00<00:00, 30.38it/s][A

 92%|█████████▏| 24/26 [00:00<00:00, 30.54it/s][A

                                               
[A
                                                 

100%|██████████| 26/26 [00:00<00:00, 30.54it/s][A
 42%|████▏     | 273/650 [05:06<05:06,  1.23it/s]

                                               [A{'eval_loss': 0.08742038160562515, 'eval_macro_recall': 0.9446982949023767, 'eval_macro_precision': 0.950671321801871, 'eval_macro_f1': 0.9456985690059032, 'eval_accuracy': 0.9842233009708737, 'eval_micro_recall': 0.9842233009708737, 'eval_micro_precision': 0.9842233009708737, 'eval_micro_f1': 0.9842233009708737, 'eval_runtime': 1.1453, 'eval_samples_per_second': 719.486, 'eval_steps_per_second': 22.702, 'epoch': 21.0}

 42%|████▏     | 274/650 [05:09<12:45,  2.04s/it]
 42%|████▏     | 275/650 [05:10<10:25,  1.67s/it]
 42%|████▏     | 276/650 [05:11<08:47,  1.41s/it]
 43%|████▎     | 277/650 [05:12<07:39,  1.23s/it]
 43%|████▎     | 278/650 [05:12<06:51,  1.11s/it]
 43%|████▎     | 279/650 [05:13<06:18,  1.02s/it]
 43%|████▎     | 280/650 [05:14<05:53,  1.05it/s]
 43%|████▎     | 281/650 [05:15<05:37,  1.09it/s]
 43%|████▎     | 282/650 [05:16<05:25,  1.13it/s]
 44%|████▎     | 283/650 [05:17<05:17,  1.16it/s]
 44%|████▎     | 284/650 [05:17<05:10,  1.18it/s]
 44%|████▍     | 285/650 [05:18<05:05,  1.19it/s]
 44%|████▍     | 286/650 [05:19<04:55,  1.23it/s]
                                                 

 44%|████▍     | 286/650 [05:19<04:55,  1.23it/s]{'loss': 0.0433, 'grad_norm': 0.32314565777778625, 'learning_rate': 2.8000000000000003e-05, 'epoch': 22.0}


  0%|          | 0/26 [00:00<?, ?it/s][A

 15%|█▌        | 4/26 [00:00<00:00, 39.92it/s][A

 31%|███       | 8/26 [00:00<00:00, 33.24it/s][A

 46%|████▌     | 12/26 [00:00<00:00, 31.47it/s][A

 62%|██████▏   | 16/26 [00:00<00:00, 30.77it/s][A

 77%|███████▋  | 20/26 [00:00<00:00, 30.38it/s][A

 92%|█████████▏| 24/26 [00:00<00:00, 30.56it/s][A

                                               
[A
                                                 

100%|██████████| 26/26 [00:00<00:00, 30.56it/s][A
 44%|████▍     | 286/650 [05:20<04:55,  1.23it/s]

                                               [A{'eval_loss': 0.10097270458936691, 'eval_macro_recall': 0.9441350826044704, 'eval_macro_precision': 0.9456246660070045, 'eval_macro_f1': 0.943986666153763, 'eval_accuracy': 0.9817961165048543, 'eval_micro_recall': 0.9817961165048543, 'eval_micro_precision': 0.9817961165048543, 'eval_micro_f1': 0.9817961165048543, 'eval_runtime': 1.1726, 'eval_samples_per_second': 702.702, 'eval_steps_per_second': 22.173, 'epoch': 22.0}

 44%|████▍     | 287/650 [05:24<12:23,  2.05s/it]
 44%|████▍     | 288/650 [05:25<10:07,  1.68s/it]
 44%|████▍     | 289/650 [05:25<08:31,  1.42s/it]
 45%|████▍     | 290/650 [05:26<07:24,  1.24s/it]
 45%|████▍     | 291/650 [05:27<06:38,  1.11s/it]
 45%|████▍     | 292/650 [05:28<06:05,  1.02s/it]
 45%|████▌     | 293/650 [05:29<05:42,  1.04it/s]
 45%|████▌     | 294/650 [05:30<05:25,  1.09it/s]
 45%|████▌     | 295/650 [05:30<05:13,  1.13it/s]
 46%|████▌     | 296/650 [05:31<05:05,  1.16it/s]
 46%|████▌     | 297/650 [05:32<04:59,  1.18it/s]
 46%|████▌     | 298/650 [05:33<04:55,  1.19it/s]
 46%|████▌     | 299/650 [05:34<04:45,  1.23it/s]
                                                 

 46%|████▌     | 299/650 [05:34<04:45,  1.23it/s]{'loss': 0.0444, 'grad_norm': 0.39313751459121704, 'learning_rate': 2.7000000000000002e-05, 'epoch': 23.0}


  0%|          | 0/26 [00:00<?, ?it/s][A

 19%|█▉        | 5/26 [00:00<00:00, 38.17it/s][A

 35%|███▍      | 9/26 [00:00<00:00, 33.12it/s][A

 50%|█████     | 13/26 [00:00<00:00, 31.58it/s][A

 65%|██████▌   | 17/26 [00:00<00:00, 30.89it/s][A

 81%|████████  | 21/26 [00:00<00:00, 30.91it/s][A

 96%|█████████▌| 25/26 [00:00<00:00, 30.42it/s][A

                                               
[A
                                                 

100%|██████████| 26/26 [00:00<00:00, 30.42it/s][A
 46%|████▌     | 299/650 [05:35<04:45,  1.23it/s]

                                               [A{'eval_loss': 0.08671370148658752, 'eval_macro_recall': 0.9487070412580616, 'eval_macro_precision': 0.9487463958428707, 'eval_macro_f1': 0.9483508925082015, 'eval_accuracy': 0.9842233009708737, 'eval_micro_recall': 0.9842233009708737, 'eval_micro_precision': 0.9842233009708737, 'eval_micro_f1': 0.9842233009708737, 'eval_runtime': 1.1385, 'eval_samples_per_second': 723.785, 'eval_steps_per_second': 22.838, 'epoch': 23.0}

 46%|████▌     | 300/650 [05:38<11:45,  2.01s/it]
 46%|████▋     | 301/650 [05:39<09:36,  1.65s/it]
 46%|████▋     | 302/650 [05:40<08:07,  1.40s/it]
 47%|████▋     | 303/650 [05:41<07:04,  1.22s/it]
 47%|████▋     | 304/650 [05:42<06:20,  1.10s/it]
 47%|████▋     | 305/650 [05:42<05:49,  1.01s/it]
 47%|████▋     | 306/650 [05:43<05:28,  1.05it/s]
 47%|████▋     | 307/650 [05:44<05:13,  1.10it/s]
 47%|████▋     | 308/650 [05:45<05:01,  1.13it/s]
 48%|████▊     | 309/650 [05:46<04:53,  1.16it/s]
 48%|████▊     | 310/650 [05:47<04:47,  1.18it/s]
 48%|████▊     | 311/650 [05:47<04:43,  1.19it/s]
 48%|████▊     | 312/650 [05:48<04:35,  1.23it/s]
                                                 

 48%|████▊     | 312/650 [05:48<04:35,  1.23it/s]{'loss': 0.0405, 'grad_norm': 0.17070889472961426, 'learning_rate': 2.6000000000000002e-05, 'epoch': 24.0}


  0%|          | 0/26 [00:00<?, ?it/s][A

 15%|█▌        | 4/26 [00:00<00:00, 39.91it/s][A

 31%|███       | 8/26 [00:00<00:00, 33.15it/s][A

 46%|████▌     | 12/26 [00:00<00:00, 31.44it/s][A

 62%|██████▏   | 16/26 [00:00<00:00, 30.73it/s][A

 77%|███████▋  | 20/26 [00:00<00:00, 30.38it/s][A

 92%|█████████▏| 24/26 [00:00<00:00, 30.51it/s][A

                                               
[A
                                                 

100%|██████████| 26/26 [00:00<00:00, 30.51it/s][A
 48%|████▊     | 312/650 [05:49<04:35,  1.23it/s]

                                               [A{'eval_loss': 0.08031296730041504, 'eval_macro_recall': 0.9659765485141424, 'eval_macro_precision': 0.9643381180223285, 'eval_macro_f1': 0.9642938620254049, 'eval_accuracy': 0.9866504854368932, 'eval_micro_recall': 0.9866504854368932, 'eval_micro_precision': 0.9866504854368932, 'eval_micro_f1': 0.9866504854368932, 'eval_runtime': 1.1342, 'eval_samples_per_second': 726.493, 'eval_steps_per_second': 22.923, 'epoch': 24.0}

 48%|████▊     | 313/650 [05:53<11:07,  1.98s/it]
 48%|████▊     | 314/650 [05:54<09:07,  1.63s/it]
 48%|████▊     | 315/650 [05:54<07:43,  1.38s/it]
 49%|████▊     | 316/650 [05:55<06:44,  1.21s/it]
 49%|████▉     | 317/650 [05:56<06:03,  1.09s/it]
 49%|████▉     | 318/650 [05:57<05:35,  1.01s/it]
 49%|████▉     | 319/650 [05:58<05:14,  1.05it/s]
 49%|████▉     | 320/650 [05:58<05:00,  1.10it/s]
 49%|████▉     | 321/650 [05:59<04:49,  1.13it/s]
 50%|████▉     | 322/650 [06:00<04:42,  1.16it/s]
 50%|████▉     | 323/650 [06:01<04:36,  1.18it/s]
 50%|████▉     | 324/650 [06:02<04:32,  1.19it/s]
 50%|█████     | 325/650 [06:02<04:23,  1.23it/s]
                                                 

 50%|█████     | 325/650 [06:03<04:23,  1.23it/s]{'loss': 0.037, 'grad_norm': 0.1694326549768448, 'learning_rate': 2.5e-05, 'epoch': 25.0}


  0%|          | 0/26 [00:00<?, ?it/s][A

 19%|█▉        | 5/26 [00:00<00:00, 37.40it/s][A

 35%|███▍      | 9/26 [00:00<00:00, 32.82it/s][A

 50%|█████     | 13/26 [00:00<00:00, 31.39it/s][A

 65%|██████▌   | 17/26 [00:00<00:00, 30.73it/s][A

 81%|████████  | 21/26 [00:00<00:00, 30.80it/s][A

 96%|█████████▌| 25/26 [00:00<00:00, 30.42it/s][A

                                               
[A
                                                 

100%|██████████| 26/26 [00:00<00:00, 30.42it/s][A
 50%|█████     | 325/650 [06:04<04:23,  1.23it/s]

                                               [A{'eval_loss': 0.08897381275892258, 'eval_macro_recall': 0.9465867126071209, 'eval_macro_precision': 0.9499899301229424, 'eval_macro_f1': 0.9471463594991654, 'eval_accuracy': 0.9817961165048543, 'eval_micro_recall': 0.9817961165048543, 'eval_micro_precision': 0.9817961165048543, 'eval_micro_f1': 0.9817961165048543, 'eval_runtime': 1.1421, 'eval_samples_per_second': 721.481, 'eval_steps_per_second': 22.765, 'epoch': 25.0}

 50%|█████     | 326/650 [06:07<10:39,  1.97s/it]
 50%|█████     | 327/650 [06:08<08:45,  1.63s/it]
 50%|█████     | 328/650 [06:09<07:25,  1.38s/it]
 51%|█████     | 329/650 [06:10<06:29,  1.21s/it]
 51%|█████     | 330/650 [06:10<05:49,  1.09s/it]
 51%|█████     | 331/650 [06:11<05:21,  1.01s/it]
 51%|█████     | 332/650 [06:12<05:02,  1.05it/s]
 51%|█████     | 333/650 [06:13<04:48,  1.10it/s]
 51%|█████▏    | 334/650 [06:14<04:38,  1.13it/s]
 52%|█████▏    | 335/650 [06:14<04:30,  1.16it/s]
 52%|█████▏    | 336/650 [06:15<04:25,  1.18it/s]
 52%|█████▏    | 337/650 [06:16<04:21,  1.20it/s]
 52%|█████▏    | 338/650 [06:17<04:12,  1.23it/s]
                                                 

 52%|█████▏    | 338/650 [06:17<04:12,  1.23it/s]{'loss': 0.0358, 'grad_norm': 6.102513313293457, 'learning_rate': 2.4e-05, 'epoch': 26.0}


  0%|          | 0/26 [00:00<?, ?it/s][A

 19%|█▉        | 5/26 [00:00<00:00, 37.53it/s][A

 35%|███▍      | 9/26 [00:00<00:00, 32.89it/s][A

 50%|█████     | 13/26 [00:00<00:00, 31.47it/s][A

 65%|██████▌   | 17/26 [00:00<00:00, 30.77it/s][A

 81%|████████  | 21/26 [00:00<00:00, 30.86it/s][A

 96%|█████████▌| 25/26 [00:00<00:00, 30.45it/s][A

                                               
[A
                                                 

100%|██████████| 26/26 [00:00<00:00, 30.45it/s][A
 52%|█████▏    | 338/650 [06:18<04:12,  1.23it/s]

                                               [A{'eval_loss': 0.09560679644346237, 'eval_macro_recall': 0.9433399593603676, 'eval_macro_precision': 0.948830375391959, 'eval_macro_f1': 0.9438401419072334, 'eval_accuracy': 0.9805825242718447, 'eval_micro_recall': 0.9805825242718447, 'eval_micro_precision': 0.9805825242718447, 'eval_micro_f1': 0.9805825242718447, 'eval_runtime': 1.1465, 'eval_samples_per_second': 718.72, 'eval_steps_per_second': 22.678, 'epoch': 26.0}

 52%|█████▏    | 339/650 [06:22<10:16,  1.98s/it]
 52%|█████▏    | 340/650 [06:22<08:25,  1.63s/it]
 52%|█████▏    | 341/650 [06:23<07:08,  1.39s/it]
 53%|█████▎    | 342/650 [06:24<06:14,  1.21s/it]
 53%|█████▎    | 343/650 [06:25<05:35,  1.09s/it]
 53%|█████▎    | 344/650 [06:26<05:08,  1.01s/it]
 53%|█████▎    | 345/650 [06:26<04:49,  1.05it/s]
 53%|█████▎    | 346/650 [06:27<04:36,  1.10it/s]
 53%|█████▎    | 347/650 [06:28<04:26,  1.14it/s]
 54%|█████▎    | 348/650 [06:29<04:20,  1.16it/s]
 54%|█████▎    | 349/650 [06:30<04:15,  1.18it/s]
 54%|█████▍    | 350/650 [06:31<04:11,  1.19it/s]
 54%|█████▍    | 351/650 [06:31<04:02,  1.23it/s]
                                                 

 54%|█████▍    | 351/650 [06:31<04:02,  1.23it/s]{'loss': 0.035, 'grad_norm': 1.1287524700164795, 'learning_rate': 2.3000000000000003e-05, 'epoch': 27.0}


  0%|          | 0/26 [00:00<?, ?it/s][A

 19%|█▉        | 5/26 [00:00<00:00, 37.68it/s][A

 35%|███▍      | 9/26 [00:00<00:00, 32.97it/s][A

 50%|█████     | 13/26 [00:00<00:00, 31.46it/s][A

 65%|██████▌   | 17/26 [00:00<00:00, 30.81it/s][A

 81%|████████  | 21/26 [00:00<00:00, 30.88it/s][A

 96%|█████████▌| 25/26 [00:00<00:00, 30.49it/s][A

                                               
[A
                                                 

100%|██████████| 26/26 [00:00<00:00, 30.49it/s][A
 54%|█████▍    | 351/650 [06:33<04:02,  1.23it/s]

                                               [A{'eval_loss': 0.07823503017425537, 'eval_macro_recall': 0.9506396324763673, 'eval_macro_precision': 0.9518931459547294, 'eval_macro_f1': 0.950521003416624, 'eval_accuracy': 0.9854368932038835, 'eval_micro_recall': 0.9854368932038835, 'eval_micro_precision': 0.9854368932038835, 'eval_micro_f1': 0.9854368932038835, 'eval_runtime': 1.1586, 'eval_samples_per_second': 711.176, 'eval_steps_per_second': 22.44, 'epoch': 27.0}

 54%|█████▍    | 352/650 [06:36<10:07,  2.04s/it]
 54%|█████▍    | 353/650 [06:37<08:16,  1.67s/it]
 54%|█████▍    | 354/650 [06:38<06:58,  1.41s/it]
 55%|█████▍    | 355/650 [06:39<06:04,  1.23s/it]
 55%|█████▍    | 356/650 [06:39<05:25,  1.11s/it]
 55%|█████▍    | 357/650 [06:40<04:58,  1.02s/it]
 55%|█████▌    | 358/650 [06:41<04:39,  1.04it/s]
 55%|█████▌    | 359/650 [06:42<04:26,  1.09it/s]
 55%|█████▌    | 360/650 [06:43<04:16,  1.13it/s]
 56%|█████▌    | 361/650 [06:44<04:09,  1.16it/s]
 56%|█████▌    | 362/650 [06:44<04:04,  1.18it/s]
 56%|█████▌    | 363/650 [06:45<04:00,  1.19it/s]
 56%|█████▌    | 364/650 [06:46<03:53,  1.23it/s]
                                                 

 56%|█████▌    | 364/650 [06:46<03:53,  1.23it/s]{'loss': 0.0329, 'grad_norm': 0.2486967295408249, 'learning_rate': 2.2000000000000003e-05, 'epoch': 28.0}


  0%|          | 0/26 [00:00<?, ?it/s][A

 19%|█▉        | 5/26 [00:00<00:00, 37.56it/s][A

 35%|███▍      | 9/26 [00:00<00:00, 32.86it/s][A

 50%|█████     | 13/26 [00:00<00:00, 31.44it/s][A

 65%|██████▌   | 17/26 [00:00<00:00, 30.80it/s][A

 81%|████████  | 21/26 [00:00<00:00, 30.87it/s][A

 96%|█████████▌| 25/26 [00:00<00:00, 30.43it/s][A

                                               
[A
                                                 

100%|██████████| 26/26 [00:00<00:00, 30.43it/s][A
 56%|█████▌    | 364/650 [06:47<03:53,  1.23it/s]

                                               [A{'eval_loss': 0.0784211978316307, 'eval_macro_recall': 0.9503635480166092, 'eval_macro_precision': 0.9520841867979443, 'eval_macro_f1': 0.95047813560949, 'eval_accuracy': 0.9854368932038835, 'eval_micro_recall': 0.9854368932038835, 'eval_micro_precision': 0.9854368932038835, 'eval_micro_f1': 0.9854368932038835, 'eval_runtime': 1.1588, 'eval_samples_per_second': 711.101, 'eval_steps_per_second': 22.438, 'epoch': 28.0}

 56%|█████▌    | 365/650 [06:51<09:57,  2.10s/it]
 56%|█████▋    | 366/650 [06:52<08:06,  1.71s/it]
 56%|█████▋    | 367/650 [06:53<06:48,  1.44s/it]
 57%|█████▋    | 368/650 [06:53<05:53,  1.25s/it]
 57%|█████▋    | 369/650 [06:54<05:14,  1.12s/it]
 57%|█████▋    | 370/650 [06:55<04:48,  1.03s/it]
 57%|█████▋    | 371/650 [06:56<04:29,  1.04it/s]
 57%|█████▋    | 372/650 [06:57<04:15,  1.09it/s]
 57%|█████▋    | 373/650 [06:57<04:05,  1.13it/s]
 58%|█████▊    | 374/650 [06:58<03:58,  1.16it/s]
 58%|█████▊    | 375/650 [06:59<03:54,  1.17it/s]
 58%|█████▊    | 376/650 [07:00<03:50,  1.19it/s]
 58%|█████▊    | 377/650 [07:01<03:42,  1.22it/s]
                                                 

 58%|█████▊    | 377/650 [07:01<03:42,  1.22it/s]{'loss': 0.0298, 'grad_norm': 0.31558361649513245, 'learning_rate': 2.1e-05, 'epoch': 29.0}


  0%|          | 0/26 [00:00<?, ?it/s][A

 15%|█▌        | 4/26 [00:00<00:00, 39.92it/s][A

 31%|███       | 8/26 [00:00<00:00, 33.19it/s][A

 46%|████▌     | 12/26 [00:00<00:00, 31.55it/s][A

 62%|██████▏   | 16/26 [00:00<00:00, 30.80it/s][A

 77%|███████▋  | 20/26 [00:00<00:00, 30.43it/s][A

 92%|█████████▏| 24/26 [00:00<00:00, 30.58it/s][A

                                               
[A
                                                 

100%|██████████| 26/26 [00:00<00:00, 30.58it/s][A
 58%|█████▊    | 377/650 [07:02<03:42,  1.22it/s]

                                               [A{'eval_loss': 0.07710273563861847, 'eval_macro_recall': 0.9517218835586183, 'eval_macro_precision': 0.9525497116112951, 'eval_macro_f1': 0.9513415843425842, 'eval_accuracy': 0.9878640776699029, 'eval_micro_recall': 0.9878640776699029, 'eval_micro_precision': 0.9878640776699029, 'eval_micro_f1': 0.9878640776699029, 'eval_runtime': 1.1367, 'eval_samples_per_second': 724.903, 'eval_steps_per_second': 22.873, 'epoch': 29.0}

 58%|█████▊    | 378/650 [07:05<08:45,  1.93s/it]
 58%|█████▊    | 379/650 [07:06<07:12,  1.60s/it]
 58%|█████▊    | 380/650 [07:07<06:07,  1.36s/it]
 59%|█████▊    | 381/650 [07:08<05:22,  1.20s/it]
 59%|█████▉    | 382/650 [07:08<04:49,  1.08s/it]
 59%|█████▉    | 383/650 [07:09<04:27,  1.00s/it]
 59%|█████▉    | 384/650 [07:10<04:11,  1.06it/s]
 59%|█████▉    | 385/650 [07:11<04:00,  1.10it/s]
 59%|█████▉    | 386/650 [07:12<03:51,  1.14it/s]
 60%|█████▉    | 387/650 [07:13<03:45,  1.16it/s]
 60%|█████▉    | 388/650 [07:13<03:41,  1.18it/s]
 60%|█████▉    | 389/650 [07:14<03:38,  1.19it/s]
 60%|██████    | 390/650 [07:15<03:32,  1.22it/s]
                                                 

 60%|██████    | 390/650 [07:15<03:32,  1.22it/s]{'loss': 0.0276, 'grad_norm': 0.24151158332824707, 'learning_rate': 2e-05, 'epoch': 30.0}


  0%|          | 0/26 [00:00<?, ?it/s][A

 19%|█▉        | 5/26 [00:00<00:00, 37.67it/s][A

 35%|███▍      | 9/26 [00:00<00:00, 32.97it/s][A

 50%|█████     | 13/26 [00:00<00:00, 31.50it/s][A

 65%|██████▌   | 17/26 [00:00<00:00, 30.81it/s][A

 81%|████████  | 21/26 [00:00<00:00, 30.86it/s][A

 96%|█████████▌| 25/26 [00:00<00:00, 30.46it/s][A

                                               
[A
                                                 

100%|██████████| 26/26 [00:00<00:00, 30.46it/s][A
 60%|██████    | 390/650 [07:16<03:32,  1.22it/s]

                                               [A{'eval_loss': 0.07803893089294434, 'eval_macro_recall': 0.9511807580174927, 'eval_macro_precision': 0.9522178921305395, 'eval_macro_f1': 0.9509355559025, 'eval_accuracy': 0.9866504854368932, 'eval_micro_recall': 0.9866504854368932, 'eval_micro_precision': 0.9866504854368932, 'eval_micro_f1': 0.9866504854368932, 'eval_runtime': 1.1501, 'eval_samples_per_second': 716.44, 'eval_steps_per_second': 22.606, 'epoch': 30.0}

 60%|██████    | 391/650 [07:20<08:23,  1.94s/it]
 60%|██████    | 392/650 [07:20<06:53,  1.60s/it]
 60%|██████    | 393/650 [07:21<05:51,  1.37s/it]
 61%|██████    | 394/650 [07:22<05:07,  1.20s/it]
 61%|██████    | 395/650 [07:23<04:36,  1.09s/it]
 61%|██████    | 396/650 [07:24<04:14,  1.00s/it]
 61%|██████    | 397/650 [07:24<03:59,  1.06it/s]
 61%|██████    | 398/650 [07:25<03:48,  1.10it/s]
 61%|██████▏   | 399/650 [07:26<03:40,  1.14it/s]
 62%|██████▏   | 400/650 [07:27<03:35,  1.16it/s]
 62%|██████▏   | 401/650 [07:28<03:30,  1.18it/s]
 62%|██████▏   | 402/650 [07:28<03:27,  1.20it/s]
 62%|██████▏   | 403/650 [07:29<03:21,  1.23it/s]
                                                 

 62%|██████▏   | 403/650 [07:29<03:21,  1.23it/s]{'loss': 0.026, 'grad_norm': 0.3144296109676361, 'learning_rate': 1.9e-05, 'epoch': 31.0}


  0%|          | 0/26 [00:00<?, ?it/s][A

 15%|█▌        | 4/26 [00:00<00:00, 39.87it/s][A

 31%|███       | 8/26 [00:00<00:00, 32.87it/s][A

 46%|████▌     | 12/26 [00:00<00:00, 31.37it/s][A

 62%|██████▏   | 16/26 [00:00<00:00, 30.70it/s][A

 77%|███████▋  | 20/26 [00:00<00:00, 30.33it/s][A

 92%|█████████▏| 24/26 [00:00<00:00, 30.45it/s][A

                                               
[A
                                                 

100%|██████████| 26/26 [00:00<00:00, 30.45it/s][A
 62%|██████▏   | 403/650 [07:30<03:21,  1.23it/s]

                                               [A{'eval_loss': 0.07563972473144531, 'eval_macro_recall': 0.9511807580174927, 'eval_macro_precision': 0.9522178921305395, 'eval_macro_f1': 0.9509355559025, 'eval_accuracy': 0.9866504854368932, 'eval_micro_recall': 0.9866504854368932, 'eval_micro_precision': 0.9866504854368932, 'eval_micro_f1': 0.9866504854368932, 'eval_runtime': 1.1547, 'eval_samples_per_second': 713.619, 'eval_steps_per_second': 22.517, 'epoch': 31.0}

 62%|██████▏   | 404/650 [07:34<07:59,  1.95s/it]
 62%|██████▏   | 405/650 [07:35<06:34,  1.61s/it]
 62%|██████▏   | 406/650 [07:35<05:34,  1.37s/it]
 63%|██████▎   | 407/650 [07:36<04:52,  1.20s/it]
 63%|██████▎   | 408/650 [07:37<04:23,  1.09s/it]
 63%|██████▎   | 409/650 [07:38<04:01,  1.00s/it]
 63%|██████▎   | 410/650 [07:39<03:47,  1.06it/s]
 63%|██████▎   | 411/650 [07:40<03:37,  1.10it/s]
 63%|██████▎   | 412/650 [07:40<03:29,  1.14it/s]
 64%|██████▎   | 413/650 [07:41<03:23,  1.16it/s]
 64%|██████▎   | 414/650 [07:42<03:19,  1.18it/s]
 64%|██████▍   | 415/650 [07:43<03:16,  1.19it/s]
 64%|██████▍   | 416/650 [07:44<03:11,  1.22it/s]
                                                 

 64%|██████▍   | 416/650 [07:44<03:11,  1.22it/s]{'loss': 0.0247, 'grad_norm': 0.07892531901597977, 'learning_rate': 1.8e-05, 'epoch': 32.0}


  0%|          | 0/26 [00:00<?, ?it/s][A

 15%|█▌        | 4/26 [00:00<00:00, 39.58it/s][A

 31%|███       | 8/26 [00:00<00:00, 32.89it/s][A

 46%|████▌     | 12/26 [00:00<00:00, 31.32it/s][A

 62%|██████▏   | 16/26 [00:00<00:00, 30.72it/s][A

 77%|███████▋  | 20/26 [00:00<00:00, 30.37it/s][A

 92%|█████████▏| 24/26 [00:00<00:00, 30.51it/s][A

                                               
[A
                                                 

100%|██████████| 26/26 [00:00<00:00, 30.51it/s][A
 64%|██████▍   | 416/650 [07:45<03:11,  1.22it/s]

                                               [A{'eval_loss': 0.07602108269929886, 'eval_macro_recall': 0.9506396324763673, 'eval_macro_precision': 0.9518931459547294, 'eval_macro_f1': 0.950521003416624, 'eval_accuracy': 0.9854368932038835, 'eval_micro_recall': 0.9854368932038835, 'eval_micro_precision': 0.9854368932038835, 'eval_micro_f1': 0.9854368932038835, 'eval_runtime': 1.1422, 'eval_samples_per_second': 721.437, 'eval_steps_per_second': 22.764, 'epoch': 32.0}

 64%|██████▍   | 417/650 [07:48<07:37,  1.96s/it]
 64%|██████▍   | 418/650 [07:49<06:15,  1.62s/it]
 64%|██████▍   | 419/650 [07:50<05:18,  1.38s/it]
 65%|██████▍   | 420/650 [07:51<04:37,  1.21s/it]
 65%|██████▍   | 421/650 [07:51<04:09,  1.09s/it]
 65%|██████▍   | 422/650 [07:52<03:49,  1.01s/it]
 65%|██████▌   | 423/650 [07:53<03:35,  1.05it/s]
 65%|██████▌   | 424/650 [07:54<03:25,  1.10it/s]
 65%|██████▌   | 425/650 [07:55<03:18,  1.14it/s]
 66%|██████▌   | 426/650 [07:56<03:12,  1.16it/s]
 66%|██████▌   | 427/650 [07:56<03:08,  1.18it/s]
 66%|██████▌   | 428/650 [07:57<03:06,  1.19it/s]
 66%|██████▌   | 429/650 [07:58<03:00,  1.23it/s]
                                                 

 66%|██████▌   | 429/650 [07:58<03:00,  1.23it/s]{'loss': 0.0253, 'grad_norm': 0.9426828026771545, 'learning_rate': 1.7000000000000003e-05, 'epoch': 33.0}


  0%|          | 0/26 [00:00<?, ?it/s][A

 19%|█▉        | 5/26 [00:00<00:00, 37.50it/s][A

 35%|███▍      | 9/26 [00:00<00:00, 32.87it/s][A

 50%|█████     | 13/26 [00:00<00:00, 31.38it/s][A

 65%|██████▌   | 17/26 [00:00<00:00, 30.74it/s][A

 81%|████████  | 21/26 [00:00<00:00, 30.76it/s][A

 96%|█████████▌| 25/26 [00:00<00:00, 30.38it/s][A

                                               
[A
                                                 

100%|██████████| 26/26 [00:01<00:00, 30.38it/s][A
 66%|██████▌   | 429/650 [08:00<03:00,  1.23it/s]

                                               [A{'eval_loss': 0.07178539782762527, 'eval_macro_recall': 0.9517218835586183, 'eval_macro_precision': 0.9525497116112951, 'eval_macro_f1': 0.9513415843425842, 'eval_accuracy': 0.9878640776699029, 'eval_micro_recall': 0.9878640776699029, 'eval_micro_precision': 0.9878640776699029, 'eval_micro_f1': 0.9878640776699029, 'eval_runtime': 1.1816, 'eval_samples_per_second': 697.384, 'eval_steps_per_second': 22.005, 'epoch': 33.0}

 66%|██████▌   | 430/650 [08:03<07:40,  2.10s/it]
 66%|██████▋   | 431/650 [08:04<06:14,  1.71s/it]
 66%|██████▋   | 432/650 [08:05<05:14,  1.44s/it]
 67%|██████▋   | 433/650 [08:05<04:32,  1.25s/it]
 67%|██████▋   | 434/650 [08:06<04:02,  1.12s/it]
 67%|██████▋   | 435/650 [08:07<03:41,  1.03s/it]
 67%|██████▋   | 436/650 [08:08<03:26,  1.04it/s]
 67%|██████▋   | 437/650 [08:09<03:15,  1.09it/s]
 67%|██████▋   | 438/650 [08:10<03:08,  1.13it/s]
 68%|██████▊   | 439/650 [08:10<03:02,  1.16it/s]
 68%|██████▊   | 440/650 [08:11<02:58,  1.18it/s]
 68%|██████▊   | 441/650 [08:12<02:55,  1.19it/s]
 68%|██████▊   | 442/650 [08:13<02:54,  1.19it/s]
                                                 

 68%|██████▊   | 442/650 [08:13<02:54,  1.19it/s]{'loss': 0.0239, 'grad_norm': 0.0910409688949585, 'learning_rate': 1.6000000000000003e-05, 'epoch': 34.0}


  0%|          | 0/26 [00:00<?, ?it/s][A

 19%|█▉        | 5/26 [00:00<00:00, 37.65it/s][A

 35%|███▍      | 9/26 [00:00<00:00, 33.02it/s][A

 50%|█████     | 13/26 [00:00<00:00, 31.53it/s][A

 65%|██████▌   | 17/26 [00:00<00:00, 30.81it/s][A

 81%|████████  | 21/26 [00:00<00:00, 30.89it/s][A

 96%|█████████▌| 25/26 [00:00<00:00, 30.46it/s][A

                                               
[A
                                                 

100%|██████████| 26/26 [00:00<00:00, 30.46it/s][A
 68%|██████▊   | 442/650 [08:14<02:54,  1.19it/s]

                                               [A{'eval_loss': 0.0715319812297821, 'eval_macro_recall': 0.948475130311865, 'eval_macro_precision': 0.9493029583645418, 'eval_macro_f1': 0.9483834313844314, 'eval_accuracy': 0.9866504854368932, 'eval_micro_recall': 0.9866504854368932, 'eval_micro_precision': 0.9866504854368932, 'eval_micro_f1': 0.9866504854368932, 'eval_runtime': 1.1341, 'eval_samples_per_second': 726.547, 'eval_steps_per_second': 22.925, 'epoch': 34.0}

 68%|██████▊   | 443/650 [08:17<06:44,  1.95s/it]
 68%|██████▊   | 444/650 [08:18<05:32,  1.61s/it]
 68%|██████▊   | 445/650 [08:19<04:41,  1.37s/it]
 69%|██████▊   | 446/650 [08:20<04:06,  1.21s/it]
 69%|██████▉   | 447/650 [08:21<03:41,  1.09s/it]
 69%|██████▉   | 448/650 [08:21<03:23,  1.01s/it]
 69%|██████▉   | 449/650 [08:22<03:10,  1.05it/s]
 69%|██████▉   | 450/650 [08:23<03:01,  1.10it/s]
 69%|██████▉   | 451/650 [08:24<02:55,  1.14it/s]
 70%|██████▉   | 452/650 [08:25<02:50,  1.16it/s]
 70%|██████▉   | 453/650 [08:26<02:46,  1.18it/s]
 70%|██████▉   | 454/650 [08:26<02:44,  1.19it/s]
 70%|███████   | 455/650 [08:27<02:44,  1.19it/s]
                                                 

 70%|███████   | 455/650 [08:27<02:44,  1.19it/s]{'loss': 0.0233, 'grad_norm': 0.09480606019496918, 'learning_rate': 1.5e-05, 'epoch': 35.0}


  0%|          | 0/26 [00:00<?, ?it/s][A

 19%|█▉        | 5/26 [00:00<00:00, 37.49it/s][A

 35%|███▍      | 9/26 [00:00<00:00, 32.85it/s][A

 50%|█████     | 13/26 [00:00<00:00, 31.41it/s][A

 65%|██████▌   | 17/26 [00:00<00:00, 30.77it/s][A

 81%|████████  | 21/26 [00:00<00:00, 30.82it/s][A

 96%|█████████▌| 25/26 [00:00<00:00, 30.40it/s][A

                                               
[A
                                                 

100%|██████████| 26/26 [00:00<00:00, 30.40it/s][A
 70%|███████   | 455/650 [08:28<02:44,  1.19it/s]

                                               [A{'eval_loss': 0.07981342822313309, 'eval_macro_recall': 0.9506396324763673, 'eval_macro_precision': 0.9518931459547294, 'eval_macro_f1': 0.950521003416624, 'eval_accuracy': 0.9854368932038835, 'eval_micro_recall': 0.9854368932038835, 'eval_micro_precision': 0.9854368932038835, 'eval_micro_f1': 0.9854368932038835, 'eval_runtime': 1.1419, 'eval_samples_per_second': 721.62, 'eval_steps_per_second': 22.77, 'epoch': 35.0}

 70%|███████   | 456/650 [08:32<06:20,  1.96s/it]
 70%|███████   | 457/650 [08:33<05:11,  1.62s/it]
 70%|███████   | 458/650 [08:33<04:24,  1.38s/it]
 71%|███████   | 459/650 [08:34<03:50,  1.21s/it]
 71%|███████   | 460/650 [08:35<03:26,  1.09s/it]
 71%|███████   | 461/650 [08:36<03:10,  1.01s/it]
 71%|███████   | 462/650 [08:37<02:58,  1.05it/s]
 71%|███████   | 463/650 [08:37<02:50,  1.10it/s]
 71%|███████▏  | 464/650 [08:38<02:43,  1.14it/s]
 72%|███████▏  | 465/650 [08:39<02:39,  1.16it/s]
 72%|███████▏  | 466/650 [08:40<02:35,  1.18it/s]
 72%|███████▏  | 467/650 [08:41<02:33,  1.19it/s]
 72%|███████▏  | 468/650 [08:41<02:28,  1.23it/s]
                                                 

 72%|███████▏  | 468/650 [08:42<02:28,  1.23it/s]{'loss': 0.0222, 'grad_norm': 0.2564545273780823, 'learning_rate': 1.4000000000000001e-05, 'epoch': 36.0}


  0%|          | 0/26 [00:00<?, ?it/s][A

 15%|█▌        | 4/26 [00:00<00:00, 39.84it/s][A

 31%|███       | 8/26 [00:00<00:00, 33.18it/s][A

 46%|████▌     | 12/26 [00:00<00:00, 31.55it/s][A

 62%|██████▏   | 16/26 [00:00<00:00, 30.78it/s][A

 77%|███████▋  | 20/26 [00:00<00:00, 30.41it/s][A

 92%|█████████▏| 24/26 [00:00<00:00, 30.50it/s][A

                                               
[A
                                                 

100%|██████████| 26/26 [00:00<00:00, 30.50it/s][A
 72%|███████▏  | 468/650 [08:43<02:28,  1.23it/s]

                                               [A{'eval_loss': 0.07444585114717484, 'eval_macro_recall': 0.9514568424772507, 'eval_macro_precision': 0.9521374254847234, 'eval_macro_f1': 0.9509640026330746, 'eval_accuracy': 0.9866504854368932, 'eval_micro_recall': 0.9866504854368932, 'eval_micro_precision': 0.9866504854368932, 'eval_micro_f1': 0.9866504854368932, 'eval_runtime': 1.1524, 'eval_samples_per_second': 715.029, 'eval_steps_per_second': 22.562, 'epoch': 36.0}

 72%|███████▏  | 469/650 [08:46<05:52,  1.95s/it]
 72%|███████▏  | 470/650 [08:47<04:49,  1.61s/it]
 72%|███████▏  | 471/650 [08:48<04:04,  1.37s/it]
 73%|███████▎  | 472/650 [08:49<03:34,  1.20s/it]
 73%|███████▎  | 473/650 [08:49<03:12,  1.09s/it]
 73%|███████▎  | 474/650 [08:50<02:56,  1.01s/it]
 73%|███████▎  | 475/650 [08:51<02:45,  1.06it/s]
 73%|███████▎  | 476/650 [08:52<02:37,  1.10it/s]
 73%|███████▎  | 477/650 [08:53<02:32,  1.14it/s]
 74%|███████▎  | 478/650 [08:53<02:27,  1.16it/s]
 74%|███████▎  | 479/650 [08:54<02:24,  1.18it/s]
 74%|███████▍  | 480/650 [08:55<02:22,  1.19it/s]
 74%|███████▍  | 481/650 [08:56<02:17,  1.23it/s]
                                                 

 74%|███████▍  | 481/650 [08:56<02:17,  1.23it/s]{'loss': 0.0221, 'grad_norm': 0.13960124552249908, 'learning_rate': 1.3000000000000001e-05, 'epoch': 37.0}


  0%|          | 0/26 [00:00<?, ?it/s][A

 15%|█▌        | 4/26 [00:00<00:00, 39.75it/s][A

 31%|███       | 8/26 [00:00<00:00, 33.08it/s][A

 46%|████▌     | 12/26 [00:00<00:00, 31.44it/s][A

 62%|██████▏   | 16/26 [00:00<00:00, 30.79it/s][A

 77%|███████▋  | 20/26 [00:00<00:00, 30.42it/s][A

 92%|█████████▏| 24/26 [00:00<00:00, 30.53it/s][A

                                               
[A
                                                 

100%|██████████| 26/26 [00:00<00:00, 30.53it/s][A
 74%|███████▍  | 481/650 [08:57<02:17,  1.23it/s]

                                               [A{'eval_loss': 0.0742645412683487, 'eval_macro_recall': 0.9517218835586183, 'eval_macro_precision': 0.9525497116112951, 'eval_macro_f1': 0.9513415843425842, 'eval_accuracy': 0.9878640776699029, 'eval_micro_recall': 0.9878640776699029, 'eval_micro_precision': 0.9878640776699029, 'eval_micro_f1': 0.9878640776699029, 'eval_runtime': 1.1593, 'eval_samples_per_second': 710.793, 'eval_steps_per_second': 22.428, 'epoch': 37.0}

 74%|███████▍  | 482/650 [09:00<05:26,  1.94s/it]
 74%|███████▍  | 483/650 [09:01<04:28,  1.60s/it]
 74%|███████▍  | 484/650 [09:02<03:46,  1.37s/it]
 75%|███████▍  | 485/650 [09:03<03:18,  1.20s/it]
 75%|███████▍  | 486/650 [09:04<02:58,  1.09s/it]
 75%|███████▍  | 487/650 [09:04<02:43,  1.00s/it]
 75%|███████▌  | 488/650 [09:05<02:33,  1.06it/s]
 75%|███████▌  | 489/650 [09:06<02:25,  1.10it/s]
 75%|███████▌  | 490/650 [09:07<02:20,  1.14it/s]
 76%|███████▌  | 491/650 [09:08<02:16,  1.16it/s]
 76%|███████▌  | 492/650 [09:09<02:13,  1.18it/s]
 76%|███████▌  | 493/650 [09:09<02:11,  1.20it/s]
 76%|███████▌  | 494/650 [09:10<02:07,  1.22it/s]
                                                 

 76%|███████▌  | 494/650 [09:10<02:07,  1.22it/s]{'loss': 0.0212, 'grad_norm': 0.2891089916229248, 'learning_rate': 1.2e-05, 'epoch': 38.0}


  0%|          | 0/26 [00:00<?, ?it/s][A

 15%|█▌        | 4/26 [00:00<00:00, 39.59it/s][A

 31%|███       | 8/26 [00:00<00:00, 32.95it/s][A

 46%|████▌     | 12/26 [00:00<00:00, 31.40it/s][A

 62%|██████▏   | 16/26 [00:00<00:00, 30.72it/s][A

 77%|███████▋  | 20/26 [00:00<00:00, 30.39it/s][A

 92%|█████████▏| 24/26 [00:00<00:00, 30.48it/s][A

                                               
[A
                                                 

100%|██████████| 26/26 [00:00<00:00, 30.48it/s][A
 76%|███████▌  | 494/650 [09:11<02:07,  1.22it/s]

                                               [A{'eval_loss': 0.07183253020048141, 'eval_macro_recall': 0.9517218835586183, 'eval_macro_precision': 0.9525497116112951, 'eval_macro_f1': 0.9513415843425842, 'eval_accuracy': 0.9878640776699029, 'eval_micro_recall': 0.9878640776699029, 'eval_micro_precision': 0.9878640776699029, 'eval_micro_f1': 0.9878640776699029, 'eval_runtime': 1.1346, 'eval_samples_per_second': 726.248, 'eval_steps_per_second': 22.916, 'epoch': 38.0}

 76%|███████▌  | 495/650 [09:15<05:02,  1.95s/it]
 76%|███████▋  | 496/650 [09:16<04:08,  1.61s/it]
 76%|███████▋  | 497/650 [09:16<03:29,  1.37s/it]
 77%|███████▋  | 498/650 [09:17<03:02,  1.20s/it]
 77%|███████▋  | 499/650 [09:18<02:43,  1.09s/it]
 77%|███████▋  | 500/650 [09:19<02:30,  1.00s/it]
 77%|███████▋  | 501/650 [09:20<02:21,  1.05it/s]
 77%|███████▋  | 502/650 [09:20<02:14,  1.10it/s]
 77%|███████▋  | 503/650 [09:21<02:09,  1.14it/s]
 78%|███████▊  | 504/650 [09:22<02:05,  1.16it/s]
 78%|███████▊  | 505/650 [09:23<02:02,  1.18it/s]
 78%|███████▊  | 506/650 [09:24<02:00,  1.19it/s]
 78%|███████▊  | 507/650 [09:24<01:56,  1.23it/s]
                                                 

 78%|███████▊  | 507/650 [09:24<01:56,  1.23it/s]{'loss': 0.0204, 'grad_norm': 0.06702126562595367, 'learning_rate': 1.1000000000000001e-05, 'epoch': 39.0}


  0%|          | 0/26 [00:00<?, ?it/s][A

 19%|█▉        | 5/26 [00:00<00:00, 37.60it/s][A

 35%|███▍      | 9/26 [00:00<00:00, 32.95it/s][A

 50%|█████     | 13/26 [00:00<00:00, 31.49it/s][A

 65%|██████▌   | 17/26 [00:00<00:00, 30.82it/s][A

 81%|████████  | 21/26 [00:00<00:00, 30.87it/s][A

 96%|█████████▌| 25/26 [00:00<00:00, 30.44it/s][A

                                               
[A
                                                 

100%|██████████| 26/26 [00:00<00:00, 30.44it/s][A
 78%|███████▊  | 507/650 [09:26<01:56,  1.23it/s]

                                               [A
                                                 

 78%|███████▊  | 507/650 [09:29<01:56,  1.23it/s]
 78%|███████▊  | 507/650 [09:29<02:40,  1.12s/it]
2025-04-12 16:01:44.467 | INFO     | __main__:fine_tune:231 - Training time: 569.38 seconds
{'eval_loss': 0.07294617593288422, 'eval_macro_recall': 0.9517218835586183, 'eval_macro_precision': 0.9525497116112951, 'eval_macro_f1': 0.9513415843425842, 'eval_accuracy': 0.9878640776699029, 'eval_micro_recall': 0.9878640776699029, 'eval_micro_precision': 0.9878640776699029, 'eval_micro_f1': 0.9878640776699029, 'eval_runtime': 1.1267, 'eval_samples_per_second': 731.355, 'eval_steps_per_second': 23.077, 'epoch': 39.0}
{'train_runtime': 568.9758, 'train_samples_per_second': 289.468, 'train_steps_per_second': 1.142, 'train_loss': 0.39649499079884865, 'epoch': 39.0}

  0%|          | 0/26 [00:00<?, ?it/s]
 19%|█▉        | 5/26 [00:00<00:00, 37.45it/s]
 35%|███▍      | 9/26 [00:00<00:00, 32.88it/s]
 50%|█████     | 13/26 [00:00<00:00, 31.43it/s]
 65%|██████▌   | 17/26 [00:00<00:00, 30.80it/s]
 81%|████████  | 21/26 [00:00<00:00, 30.88it/s]
 96%|█████████▌| 25/26 [00:00<00:00, 30.40it/s]
100%|██████████| 26/26 [00:00<00:00, 29.34it/s]
2025-04-12 16:01:45.606 | INFO     | __main__:fine_tune:242 - Prediction time: 1.14 seconds
2025-04-12 16:01:45.609 | INFO     | __main__:CV_run:419 - Fold 2, Final Eval Metrics: loss: 0.07, macro_recall: 0.95, macro_precision: 0.95, macro_f1: 0.95, accuracy: 0.99, micro_recall: 0.99, micro_precision: 0.99, micro_f1: 0.99, runtime: 1.13, samples_per_second: 731.36, steps_per_second: 23.08
2025-04-12 16:01:45.609 | INFO     | __main__:CV_run:357 - Starting fold 3
Some weights of RobertaForSequenceClassification were not initialized from the model checkpoint at roberta-base and are newly initialized: ['classifier.dense.bias', 'classifier.dense.weight', 'classifier.out_proj.bias', 'classifier.out_proj.weight']
You should probably TRAIN this model on a down-stream task to be able to use it for predictions and inference.
2025-04-12 16:01:45.834 | INFO     | __main__:CV_run:409 - Starting fine-tuning with cross-entropy loss
Eval results: defaultdict(<class 'list'>, {'loss': [3.2386794090270996, 2.191425323486328, 1.5004693269729614, 1.0784248113632202, 0.7891300320625305, 0.5970296263694763, 0.474025696516037, 0.35819873213768005, 0.283266544342041, 0.23106162250041962, 0.1913543939590454, 0.1777133345603943, 0.14513923227787018, 0.1231159120798111, 0.12199608981609344, 0.1124807596206665, 0.10799548774957657, 0.09496007114648819, 0.09495918452739716, 0.09077605605125427, 0.08742038160562515, 0.10097270458936691, 0.08671370148658752, 0.08031296730041504, 0.08897381275892258, 0.09560679644346237, 0.07823503017425537, 0.0784211978316307, 0.07710273563861847, 0.07803893089294434, 0.07563972473144531, 0.07602108269929886, 0.07178539782762527, 0.0715319812297821, 0.07981342822313309, 0.07444585114717484, 0.0742645412683487, 0.07183253020048141, 0.07294617593288422], 'macro_recall': [0.11850450779727095, 0.30837905776345625, 0.49522601145721445, 0.6889894378804153, 0.786061161306628, 0.8356939091426043, 0.8494425665002843, 0.8807458772982878, 0.8828356605800215, 0.8887567132116004, 0.9226987110633728, 0.9258404940923738, 0.9294857679914071, 0.9384277658431793, 0.9276959095326444, 0.9320845481049562, 0.9401417969785317, 0.9487512147716229, 0.9484861736902551, 0.9414515416556233, 0.9446982949023767, 0.9441350826044704, 0.9487070412580616, 0.9659765485141424, 0.9465867126071209, 0.9433399593603676, 0.9506396324763673, 0.9503635480166092, 0.9517218835586183, 0.9511807580174927, 0.9511807580174927, 0.9506396324763673, 0.9517218835586183, 0.948475130311865, 0.9506396324763673, 0.9514568424772507, 0.9517218835586183, 0.9517218835586183, 0.9517218835586183], 'macro_precision': [0.06977915550894412, 0.24669119367037165, 0.45569627931782025, 0.6500174023618827, 0.781736307700327, 0.8322202145181468, 0.850453835421621, 0.8757027944230831, 0.8763317341967598, 0.8769831789852014, 0.9152831689285936, 0.9268783732302408, 0.9305543442934299, 0.9426218556356224, 0.9281025084876214, 0.9280615014087993, 0.9450807066933105, 0.9485396315142585, 0.9481382500569764, 0.9466940535817241, 0.950671321801871, 0.9456246660070045, 0.9487463958428707, 0.9643381180223285, 0.9499899301229424, 0.948830375391959, 0.9518931459547294, 0.9520841867979443, 0.9525497116112951, 0.9522178921305395, 0.9522178921305395, 0.9518931459547294, 0.9525497116112951, 0.9493029583645418, 0.9518931459547294, 0.9521374254847234, 0.9525497116112951, 0.9525497116112951, 0.9525497116112951], 'macro_f1': [0.07931888100705282, 0.25378533674705406, 0.4510728649481703, 0.6556000688859371, 0.7708438511777724, 0.8258054871266988, 0.8428812279933185, 0.8732517135297033, 0.8723946028041715, 0.8797049940134547, 0.9127169411364427, 0.9191860659869406, 0.9234042085868834, 0.9377051299801776, 0.9264413767120181, 0.9285403224171863, 0.9403033958900994, 0.947522953802069, 0.9471522575944712, 0.9418465913078303, 0.9456985690059032, 0.943986666153763, 0.9483508925082015, 0.9642938620254049, 0.9471463594991654, 0.9438401419072334, 0.950521003416624, 0.95047813560949, 0.9513415843425842, 0.9509355559025, 0.9509355559025, 0.950521003416624, 0.9513415843425842, 0.9483834313844314, 0.950521003416624, 0.9509640026330746, 0.9513415843425842, 0.9513415843425842, 0.9513415843425842], 'accuracy': [0.4077669902912621, 0.5800970873786407, 0.7160194174757282, 0.8507281553398058, 0.9077669902912622, 0.9320388349514563, 0.9368932038834952, 0.9563106796116505, 0.9575242718446602, 0.9599514563106796, 0.9672330097087378, 0.9660194174757282, 0.970873786407767, 0.9793689320388349, 0.9805825242718447, 0.9805825242718447, 0.9805825242718447, 0.9842233009708737, 0.9830097087378641, 0.9805825242718447, 0.9842233009708737, 0.9817961165048543, 0.9842233009708737, 0.9866504854368932, 0.9817961165048543, 0.9805825242718447, 0.9854368932038835, 0.9854368932038835, 0.9878640776699029, 0.9866504854368932, 0.9866504854368932, 0.9854368932038835, 0.9878640776699029, 0.9866504854368932, 0.9854368932038835, 0.9866504854368932, 0.9878640776699029, 0.9878640776699029, 0.9878640776699029], 'micro_recall': [0.4077669902912621, 0.5800970873786407, 0.7160194174757282, 0.8507281553398058, 0.9077669902912622, 0.9320388349514563, 0.9368932038834952, 0.9563106796116505, 0.9575242718446602, 0.9599514563106796, 0.9672330097087378, 0.9660194174757282, 0.970873786407767, 0.9793689320388349, 0.9805825242718447, 0.9805825242718447, 0.9805825242718447, 0.9842233009708737, 0.9830097087378641, 0.9805825242718447, 0.9842233009708737, 0.9817961165048543, 0.9842233009708737, 0.9866504854368932, 0.9817961165048543, 0.9805825242718447, 0.9854368932038835, 0.9854368932038835, 0.9878640776699029, 0.9866504854368932, 0.9866504854368932, 0.9854368932038835, 0.9878640776699029, 0.9866504854368932, 0.9854368932038835, 0.9866504854368932, 0.9878640776699029, 0.9878640776699029, 0.9878640776699029], 'micro_precision': [0.4077669902912621, 0.5800970873786407, 0.7160194174757282, 0.8507281553398058, 0.9077669902912622, 0.9320388349514563, 0.9368932038834952, 0.9563106796116505, 0.9575242718446602, 0.9599514563106796, 0.9672330097087378, 0.9660194174757282, 0.970873786407767, 0.9793689320388349, 0.9805825242718447, 0.9805825242718447, 0.9805825242718447, 0.9842233009708737, 0.9830097087378641, 0.9805825242718447, 0.9842233009708737, 0.9817961165048543, 0.9842233009708737, 0.9866504854368932, 0.9817961165048543, 0.9805825242718447, 0.9854368932038835, 0.9854368932038835, 0.9878640776699029, 0.9866504854368932, 0.9866504854368932, 0.9854368932038835, 0.9878640776699029, 0.9866504854368932, 0.9854368932038835, 0.9866504854368932, 0.9878640776699029, 0.9878640776699029, 0.9878640776699029], 'micro_f1': [0.4077669902912621, 0.5800970873786407, 0.7160194174757283, 0.8507281553398058, 0.9077669902912622, 0.9320388349514563, 0.9368932038834952, 0.9563106796116505, 0.9575242718446602, 0.9599514563106796, 0.9672330097087378, 0.9660194174757282, 0.970873786407767, 0.9793689320388349, 0.9805825242718447, 0.9805825242718447, 0.9805825242718447, 0.9842233009708737, 0.9830097087378641, 0.9805825242718447, 0.9842233009708737, 0.9817961165048543, 0.9842233009708737, 0.9866504854368932, 0.9817961165048543, 0.9805825242718447, 0.9854368932038835, 0.9854368932038835, 0.9878640776699029, 0.9866504854368932, 0.9866504854368932, 0.9854368932038835, 0.9878640776699029, 0.9866504854368932, 0.9854368932038835, 0.9866504854368932, 0.9878640776699029, 0.9878640776699029, 0.9878640776699029], 'runtime': [1.4165, 1.1305, 1.1299, 1.1622, 1.1551, 1.2139, 1.2166, 1.1309, 1.1347, 1.1374, 1.1388, 1.1351, 1.1399, 1.1711, 1.1289, 1.1227, 1.1326, 1.1379, 1.1346, 1.1354, 1.1453, 1.1726, 1.1385, 1.1342, 1.1421, 1.1465, 1.1586, 1.1588, 1.1367, 1.1501, 1.1547, 1.1422, 1.1816, 1.1341, 1.1419, 1.1524, 1.1593, 1.1346, 1.1267], 'samples_per_second': [581.727, 728.889, 729.269, 709.028, 713.367, 678.816, 677.319, 728.644, 726.169, 724.477, 723.594, 725.905, 722.896, 703.609, 729.931, 733.924, 727.557, 724.168, 726.278, 725.747, 719.486, 702.702, 723.785, 726.493, 721.481, 718.72, 711.176, 711.101, 724.903, 716.44, 713.619, 721.437, 697.384, 726.547, 721.62, 715.029, 710.793, 726.248, 731.355], 'steps_per_second': [18.355, 22.999, 23.011, 22.372, 22.509, 21.419, 21.372, 22.991, 22.913, 22.86, 22.832, 22.905, 22.81, 22.201, 23.032, 23.158, 22.957, 22.85, 22.917, 22.9, 22.702, 22.173, 22.838, 22.923, 22.765, 22.678, 22.44, 22.438, 22.873, 22.606, 22.517, 22.764, 22.005, 22.925, 22.77, 22.562, 22.428, 22.916, 23.077]})

  0%|          | 0/650 [00:00<?, ?it/s]
  0%|          | 1/650 [00:01<13:50,  1.28s/it]
  0%|          | 2/650 [00:02<10:52,  1.01s/it]
  0%|          | 3/650 [00:02<09:54,  1.09it/s]
  1%|          | 4/650 [00:03<09:26,  1.14it/s]
  1%|          | 5/650 [00:04<09:10,  1.17it/s]
  1%|          | 6/650 [00:05<08:59,  1.19it/s]
  1%|          | 7/650 [00:06<08:53,  1.21it/s]
  1%|          | 8/650 [00:06<08:48,  1.21it/s]
  1%|▏         | 9/650 [00:07<08:45,  1.22it/s]
  2%|▏         | 10/650 [00:08<08:43,  1.22it/s]
  2%|▏         | 11/650 [00:09<08:42,  1.22it/s]
  2%|▏         | 12/650 [00:10<08:40,  1.23it/s]
  2%|▏         | 13/650 [00:11<08:35,  1.24it/s]
                                                

  2%|▏         | 13/650 [00:11<08:35,  1.24it/s]{'loss': 4.003, 'grad_norm': 3.3943355083465576, 'learning_rate': 4.9e-05, 'epoch': 1.0}


  0%|          | 0/26 [00:00<?, ?it/s][A

 19%|█▉        | 5/26 [00:00<00:00, 37.65it/s][A

 35%|███▍      | 9/26 [00:00<00:00, 32.97it/s][A

 50%|█████     | 13/26 [00:00<00:00, 31.56it/s][A

 65%|██████▌   | 17/26 [00:00<00:00, 30.85it/s][A

 81%|████████  | 21/26 [00:00<00:00, 30.42it/s][A

 96%|█████████▌| 25/26 [00:00<00:00, 30.19it/s][A

                                               
[A
                                                

100%|██████████| 26/26 [00:00<00:00, 30.19it/s][A
  2%|▏         | 13/650 [00:12<08:35,  1.24it/s]

                                               [A{'eval_loss': 3.4227283000946045, 'eval_macro_recall': 0.06892959353366593, 'eval_macro_precision': 0.0514403968074653, 'eval_macro_f1': 0.04482967512503716, 'eval_accuracy': 0.2487864077669903, 'eval_micro_recall': 0.2487864077669903, 'eval_micro_precision': 0.2487864077669903, 'eval_micro_f1': 0.2487864077669903, 'eval_runtime': 1.1538, 'eval_samples_per_second': 714.155, 'eval_steps_per_second': 22.534, 'epoch': 1.0}

  2%|▏         | 14/650 [00:15<21:22,  2.02s/it]
  2%|▏         | 15/650 [00:16<17:30,  1.65s/it]
  2%|▏         | 16/650 [00:17<14:48,  1.40s/it]
  3%|▎         | 17/650 [00:18<12:54,  1.22s/it]
  3%|▎         | 18/650 [00:19<11:34,  1.10s/it]
  3%|▎         | 19/650 [00:19<10:38,  1.01s/it]
  3%|▎         | 20/650 [00:20<09:59,  1.05it/s]
  3%|▎         | 21/650 [00:21<09:31,  1.10it/s]
  3%|▎         | 22/650 [00:22<09:12,  1.14it/s]
  4%|▎         | 23/650 [00:23<08:59,  1.16it/s]
  4%|▎         | 24/650 [00:23<08:49,  1.18it/s]
  4%|▍         | 25/650 [00:24<08:43,  1.19it/s]
  4%|▍         | 26/650 [00:25<08:27,  1.23it/s]
                                                

  4%|▍         | 26/650 [00:25<08:27,  1.23it/s]{'loss': 2.9821, 'grad_norm': 4.769636154174805, 'learning_rate': 4.8e-05, 'epoch': 2.0}


  0%|          | 0/26 [00:00<?, ?it/s][A

 19%|█▉        | 5/26 [00:00<00:00, 37.31it/s][A

 35%|███▍      | 9/26 [00:00<00:00, 32.80it/s][A

 50%|█████     | 13/26 [00:00<00:00, 31.42it/s][A

 65%|██████▌   | 17/26 [00:00<00:00, 30.79it/s][A

 81%|████████  | 21/26 [00:00<00:00, 30.37it/s][A

 96%|█████████▌| 25/26 [00:00<00:00, 30.13it/s][A

                                               
[A
                                                

100%|██████████| 26/26 [00:00<00:00, 30.13it/s][A
  4%|▍         | 26/650 [00:26<08:27,  1.23it/s]

                                               [A{'eval_loss': 2.385050058364868, 'eval_macro_recall': 0.2379883142595007, 'eval_macro_precision': 0.17853985182088492, 'eval_macro_f1': 0.18945298638053704, 'eval_accuracy': 0.4890776699029126, 'eval_micro_recall': 0.4890776699029126, 'eval_micro_precision': 0.4890776699029126, 'eval_micro_f1': 0.4890776699029126, 'eval_runtime': 1.1856, 'eval_samples_per_second': 695.011, 'eval_steps_per_second': 21.93, 'epoch': 2.0}

  4%|▍         | 27/650 [00:30<20:55,  2.01s/it]
  4%|▍         | 28/650 [00:31<17:07,  1.65s/it]
  4%|▍         | 29/650 [00:31<14:29,  1.40s/it]
  5%|▍         | 30/650 [00:32<12:38,  1.22s/it]
  5%|▍         | 31/650 [00:33<11:21,  1.10s/it]
  5%|▍         | 32/650 [00:34<10:26,  1.01s/it]
  5%|▌         | 33/650 [00:35<09:48,  1.05it/s]
  5%|▌         | 34/650 [00:36<09:21,  1.10it/s]
  5%|▌         | 35/650 [00:36<09:01,  1.13it/s]
  6%|▌         | 36/650 [00:37<08:47,  1.16it/s]
  6%|▌         | 37/650 [00:38<08:38,  1.18it/s]
  6%|▌         | 38/650 [00:39<08:32,  1.20it/s]
  6%|▌         | 39/650 [00:40<08:19,  1.22it/s]
                                                

  6%|▌         | 39/650 [00:40<08:19,  1.22it/s]{'loss': 2.1072, 'grad_norm': 3.556043863296509, 'learning_rate': 4.7e-05, 'epoch': 3.0}


  0%|          | 0/26 [00:00<?, ?it/s][A

 19%|█▉        | 5/26 [00:00<00:00, 37.52it/s][A

 35%|███▍      | 9/26 [00:00<00:00, 32.92it/s][A

 50%|█████     | 13/26 [00:00<00:00, 31.52it/s][A

 65%|██████▌   | 17/26 [00:00<00:00, 30.85it/s][A

 81%|████████  | 21/26 [00:00<00:00, 30.42it/s][A

 96%|█████████▌| 25/26 [00:00<00:00, 30.19it/s][A

                                               
[A
                                                

100%|██████████| 26/26 [00:01<00:00, 30.19it/s][A
  6%|▌         | 39/650 [00:41<08:19,  1.22it/s]

                                               [A{'eval_loss': 1.6481341123580933, 'eval_macro_recall': 0.5128103378103378, 'eval_macro_precision': 0.4733778490405206, 'eval_macro_f1': 0.4665252513613817, 'eval_accuracy': 0.7220873786407767, 'eval_micro_recall': 0.7220873786407767, 'eval_micro_precision': 0.7220873786407767, 'eval_micro_f1': 0.7220873786407768, 'eval_runtime': 1.1658, 'eval_samples_per_second': 706.819, 'eval_steps_per_second': 22.303, 'epoch': 3.0}

  6%|▌         | 40/650 [00:44<20:42,  2.04s/it]
  6%|▋         | 41/650 [00:45<16:56,  1.67s/it]
  6%|▋         | 42/650 [00:46<14:18,  1.41s/it]
  7%|▋         | 43/650 [00:47<12:27,  1.23s/it]
  7%|▋         | 44/650 [00:48<11:09,  1.10s/it]
  7%|▋         | 45/650 [00:48<10:14,  1.02s/it]
  7%|▋         | 46/650 [00:49<09:37,  1.05it/s]
  7%|▋         | 47/650 [00:50<09:11,  1.09it/s]
  7%|▋         | 48/650 [00:51<08:52,  1.13it/s]
  8%|▊         | 49/650 [00:52<08:38,  1.16it/s]
  8%|▊         | 50/650 [00:53<08:28,  1.18it/s]
  8%|▊         | 51/650 [00:53<08:21,  1.20it/s]
  8%|▊         | 52/650 [00:54<08:05,  1.23it/s]
                                                

  8%|▊         | 52/650 [00:54<08:05,  1.23it/s]{'loss': 1.4986, 'grad_norm': 3.2028613090515137, 'learning_rate': 4.600000000000001e-05, 'epoch': 4.0}


  0%|          | 0/26 [00:00<?, ?it/s][A

 19%|█▉        | 5/26 [00:00<00:00, 37.48it/s][A

 35%|███▍      | 9/26 [00:00<00:00, 32.98it/s][A

 50%|█████     | 13/26 [00:00<00:00, 31.51it/s][A

 65%|██████▌   | 17/26 [00:00<00:00, 30.81it/s][A

 81%|████████  | 21/26 [00:00<00:00, 30.47it/s][A

 96%|█████████▌| 25/26 [00:00<00:00, 30.22it/s][A

                                               
[A
                                                

100%|██████████| 26/26 [00:00<00:00, 30.22it/s][A
  8%|▊         | 52/650 [00:55<08:05,  1.23it/s]

                                               [A{'eval_loss': 1.1974427700042725, 'eval_macro_recall': 0.661620053976638, 'eval_macro_precision': 0.6426635129372134, 'eval_macro_f1': 0.6281185945544229, 'eval_accuracy': 0.837378640776699, 'eval_micro_recall': 0.837378640776699, 'eval_micro_precision': 0.837378640776699, 'eval_micro_f1': 0.837378640776699, 'eval_runtime': 1.1328, 'eval_samples_per_second': 727.422, 'eval_steps_per_second': 22.953, 'epoch': 4.0}

  8%|▊         | 53/650 [00:59<19:45,  1.99s/it]
  8%|▊         | 54/650 [01:00<16:13,  1.63s/it]
  8%|▊         | 55/650 [01:00<13:45,  1.39s/it]
  9%|▊         | 56/650 [01:01<12:02,  1.22s/it]
  9%|▉         | 57/650 [01:02<10:49,  1.10s/it]
  9%|▉         | 58/650 [01:03<09:57,  1.01s/it]
  9%|▉         | 59/650 [01:04<09:22,  1.05it/s]
  9%|▉         | 60/650 [01:05<08:57,  1.10it/s]
  9%|▉         | 61/650 [01:05<08:38,  1.14it/s]
 10%|▉         | 62/650 [01:06<08:25,  1.16it/s]
 10%|▉         | 63/650 [01:07<08:16,  1.18it/s]
 10%|▉         | 64/650 [01:08<08:10,  1.19it/s]
 10%|█         | 65/650 [01:09<07:55,  1.23it/s]
                                                

 10%|█         | 65/650 [01:09<07:55,  1.23it/s]{'loss': 1.0949, 'grad_norm': 3.261183023452759, 'learning_rate': 4.5e-05, 'epoch': 5.0}


  0%|          | 0/26 [00:00<?, ?it/s][A

 19%|█▉        | 5/26 [00:00<00:00, 37.62it/s][A

 35%|███▍      | 9/26 [00:00<00:00, 32.99it/s][A

 50%|█████     | 13/26 [00:00<00:00, 31.54it/s][A

 65%|██████▌   | 17/26 [00:00<00:00, 30.79it/s][A

 81%|████████  | 21/26 [00:00<00:00, 30.42it/s][A

 96%|█████████▌| 25/26 [00:00<00:00, 30.18it/s][A

                                               
[A
                                                

100%|██████████| 26/26 [00:01<00:00, 30.18it/s][A
 10%|█         | 65/650 [01:10<07:55,  1.23it/s]

                                               [A{'eval_loss': 0.8591451048851013, 'eval_macro_recall': 0.7278584880279796, 'eval_macro_precision': 0.7071466991150213, 'eval_macro_f1': 0.707929085543723, 'eval_accuracy': 0.8907766990291263, 'eval_micro_recall': 0.8907766990291263, 'eval_micro_precision': 0.8907766990291263, 'eval_micro_f1': 0.8907766990291263, 'eval_runtime': 1.4152, 'eval_samples_per_second': 582.244, 'eval_steps_per_second': 18.372, 'epoch': 5.0}

 10%|█         | 66/650 [01:14<21:32,  2.21s/it]
 10%|█         | 67/650 [01:15<17:24,  1.79s/it]
 10%|█         | 68/650 [01:16<14:31,  1.50s/it]
 11%|█         | 69/650 [01:16<12:30,  1.29s/it]
 11%|█         | 70/650 [01:17<11:05,  1.15s/it]
 11%|█         | 71/650 [01:18<10:05,  1.05s/it]
 11%|█         | 72/650 [01:19<09:23,  1.03it/s]
 11%|█         | 73/650 [01:20<08:54,  1.08it/s]
 11%|█▏        | 74/650 [01:20<08:33,  1.12it/s]
 12%|█▏        | 75/650 [01:21<08:19,  1.15it/s]
 12%|█▏        | 76/650 [01:22<08:09,  1.17it/s]
 12%|█▏        | 77/650 [01:23<08:01,  1.19it/s]
 12%|█▏        | 78/650 [01:24<07:56,  1.20it/s]
                                                

 12%|█▏        | 78/650 [01:24<07:56,  1.20it/s]{'loss': 0.807, 'grad_norm': 2.4204354286193848, 'learning_rate': 4.4000000000000006e-05, 'epoch': 6.0}


  0%|          | 0/26 [00:00<?, ?it/s][A

 19%|█▉        | 5/26 [00:00<00:00, 37.55it/s][A

 35%|███▍      | 9/26 [00:00<00:00, 32.92it/s][A

 50%|█████     | 13/26 [00:00<00:00, 31.48it/s][A

 65%|██████▌   | 17/26 [00:00<00:00, 30.88it/s][A

 81%|████████  | 21/26 [00:00<00:00, 30.47it/s][A

 96%|█████████▌| 25/26 [00:00<00:00, 30.22it/s][A

                                               
[A
                                                

100%|██████████| 26/26 [00:00<00:00, 30.22it/s][A
 12%|█▏        | 78/650 [01:25<07:56,  1.20it/s]

                                               [A{'eval_loss': 0.6210830807685852, 'eval_macro_recall': 0.8131301607996523, 'eval_macro_precision': 0.7941670217585256, 'eval_macro_f1': 0.797244410405367, 'eval_accuracy': 0.9247572815533981, 'eval_micro_recall': 0.9247572815533981, 'eval_micro_precision': 0.9247572815533981, 'eval_micro_f1': 0.9247572815533981, 'eval_runtime': 1.1689, 'eval_samples_per_second': 704.916, 'eval_steps_per_second': 22.243, 'epoch': 6.0}

 12%|█▏        | 79/650 [01:29<20:17,  2.13s/it]
 12%|█▏        | 80/650 [01:30<16:29,  1.74s/it]
 12%|█▏        | 81/650 [01:31<13:49,  1.46s/it]
 13%|█▎        | 82/650 [01:31<11:57,  1.26s/it]
 13%|█▎        | 83/650 [01:32<10:39,  1.13s/it]
 13%|█▎        | 84/650 [01:33<09:45,  1.03s/it]
 13%|█▎        | 85/650 [01:34<09:07,  1.03it/s]
 13%|█▎        | 86/650 [01:35<08:39,  1.09it/s]
 13%|█▎        | 87/650 [01:35<08:20,  1.13it/s]
 14%|█▎        | 88/650 [01:36<08:06,  1.15it/s]
 14%|█▎        | 89/650 [01:37<07:57,  1.18it/s]
 14%|█▍        | 90/650 [01:38<07:50,  1.19it/s]
 14%|█▍        | 91/650 [01:39<07:38,  1.22it/s]
                                                

 14%|█▍        | 91/650 [01:39<07:38,  1.22it/s]{'loss': 0.5961, 'grad_norm': 2.2159242630004883, 'learning_rate': 4.3e-05, 'epoch': 7.0}


  0%|          | 0/26 [00:00<?, ?it/s][A

 15%|█▌        | 4/26 [00:00<00:00, 39.79it/s][A

 31%|███       | 8/26 [00:00<00:00, 33.17it/s][A

 46%|████▌     | 12/26 [00:00<00:00, 31.47it/s][A

 62%|██████▏   | 16/26 [00:00<00:00, 30.75it/s][A

 77%|███████▋  | 20/26 [00:00<00:00, 30.34it/s][A

 92%|█████████▏| 24/26 [00:00<00:00, 30.16it/s][A

                                               
[A
                                                

100%|██████████| 26/26 [00:00<00:00, 30.16it/s][A
 14%|█▍        | 91/650 [01:40<07:38,  1.22it/s]

                                               [A{'eval_loss': 0.45807597041130066, 'eval_macro_recall': 0.8764848616543531, 'eval_macro_precision': 0.8860358624997698, 'eval_macro_f1': 0.8748085831678554, 'eval_accuracy': 0.9599514563106796, 'eval_micro_recall': 0.9599514563106796, 'eval_micro_precision': 0.9599514563106796, 'eval_micro_f1': 0.9599514563106796, 'eval_runtime': 1.1596, 'eval_samples_per_second': 710.585, 'eval_steps_per_second': 22.421, 'epoch': 7.0}

 14%|█▍        | 92/650 [01:44<19:13,  2.07s/it]
 14%|█▍        | 93/650 [01:44<15:40,  1.69s/it]
 14%|█▍        | 94/650 [01:45<13:12,  1.43s/it]
 15%|█▍        | 95/650 [01:46<11:28,  1.24s/it]
 15%|█▍        | 96/650 [01:47<10:16,  1.11s/it]
 15%|█▍        | 97/650 [01:48<09:25,  1.02s/it]
 15%|█▌        | 98/650 [01:48<08:50,  1.04it/s]
 15%|█▌        | 99/650 [01:49<08:25,  1.09it/s]
 15%|█▌        | 100/650 [01:50<08:06,  1.13it/s]
 16%|█▌        | 101/650 [01:51<07:53,  1.16it/s]
 16%|█▌        | 102/650 [01:52<07:44,  1.18it/s]
 16%|█▌        | 103/650 [01:53<07:37,  1.20it/s]
 16%|█▌        | 104/650 [01:53<07:23,  1.23it/s]
                                                 

 16%|█▌        | 104/650 [01:53<07:23,  1.23it/s]{'loss': 0.4415, 'grad_norm': 1.894882082939148, 'learning_rate': 4.2e-05, 'epoch': 8.0}


  0%|          | 0/26 [00:00<?, ?it/s][A

 15%|█▌        | 4/26 [00:00<00:00, 39.97it/s][A

 31%|███       | 8/26 [00:00<00:00, 33.22it/s][A

 46%|████▌     | 12/26 [00:00<00:00, 31.59it/s][A

 62%|██████▏   | 16/26 [00:00<00:00, 30.83it/s][A

 77%|███████▋  | 20/26 [00:00<00:00, 30.41it/s][A

 92%|█████████▏| 24/26 [00:00<00:00, 30.19it/s][A

                                               
[A
                                                 

100%|██████████| 26/26 [00:00<00:00, 30.19it/s][A
 16%|█▌        | 104/650 [01:55<07:23,  1.23it/s]

                                               [A{'eval_loss': 0.3513067960739136, 'eval_macro_recall': 0.8828951180646095, 'eval_macro_precision': 0.8897483583766544, 'eval_macro_f1': 0.881283377219514, 'eval_accuracy': 0.9635922330097088, 'eval_micro_recall': 0.9635922330097088, 'eval_micro_precision': 0.9635922330097088, 'eval_micro_f1': 0.9635922330097088, 'eval_runtime': 1.1628, 'eval_samples_per_second': 708.62, 'eval_steps_per_second': 22.359, 'epoch': 8.0}

 16%|█▌        | 105/650 [01:58<18:26,  2.03s/it]
 16%|█▋        | 106/650 [01:59<15:05,  1.66s/it]
 16%|█▋        | 107/650 [02:00<12:44,  1.41s/it]
 17%|█▋        | 108/650 [02:01<11:06,  1.23s/it]
 17%|█▋        | 109/650 [02:01<09:57,  1.10s/it]
 17%|█▋        | 110/650 [02:02<09:09,  1.02s/it]
 17%|█▋        | 111/650 [02:03<08:35,  1.05it/s]
 17%|█▋        | 112/650 [02:04<08:11,  1.09it/s]
 17%|█▋        | 113/650 [02:05<07:54,  1.13it/s]
 18%|█▊        | 114/650 [02:05<07:41,  1.16it/s]
 18%|█▊        | 115/650 [02:06<07:33,  1.18it/s]
 18%|█▊        | 116/650 [02:07<07:27,  1.19it/s]
 18%|█▊        | 117/650 [02:08<07:14,  1.23it/s]
                                                 

 18%|█▊        | 117/650 [02:08<07:14,  1.23it/s]{'loss': 0.332, 'grad_norm': 3.484959602355957, 'learning_rate': 4.1e-05, 'epoch': 9.0}


  0%|          | 0/26 [00:00<?, ?it/s][A

 19%|█▉        | 5/26 [00:00<00:00, 37.39it/s][A

 35%|███▍      | 9/26 [00:00<00:00, 32.83it/s][A

 50%|█████     | 13/26 [00:00<00:00, 31.41it/s][A

 65%|██████▌   | 17/26 [00:00<00:00, 30.73it/s][A

 81%|████████  | 21/26 [00:00<00:00, 30.34it/s][A

 96%|█████████▌| 25/26 [00:00<00:00, 30.16it/s][A

                                               
[A
                                                 

100%|██████████| 26/26 [00:00<00:00, 30.16it/s][A
 18%|█▊        | 117/650 [02:09<07:14,  1.23it/s]

                                               [A{'eval_loss': 0.27568498253822327, 'eval_macro_recall': 0.9106728958423874, 'eval_macro_precision': 0.9149964359764723, 'eval_macro_f1': 0.9067602659320044, 'eval_accuracy': 0.9635922330097088, 'eval_micro_recall': 0.9635922330097088, 'eval_micro_precision': 0.9635922330097088, 'eval_micro_f1': 0.9635922330097088, 'eval_runtime': 1.1537, 'eval_samples_per_second': 714.217, 'eval_steps_per_second': 22.536, 'epoch': 9.0}

 18%|█▊        | 118/650 [02:13<17:51,  2.01s/it]
 18%|█▊        | 119/650 [02:13<14:38,  1.65s/it]
 18%|█▊        | 120/650 [02:14<12:23,  1.40s/it]
 19%|█▊        | 121/650 [02:15<10:48,  1.23s/it]
 19%|█▉        | 122/650 [02:16<09:41,  1.10s/it]
 19%|█▉        | 123/650 [02:17<08:54,  1.01s/it]
 19%|█▉        | 124/650 [02:18<08:21,  1.05it/s]
 19%|█▉        | 125/650 [02:18<07:58,  1.10it/s]
 19%|█▉        | 126/650 [02:19<07:42,  1.13it/s]
 20%|█▉        | 127/650 [02:20<07:31,  1.16it/s]
 20%|█▉        | 128/650 [02:21<07:22,  1.18it/s]
 20%|█▉        | 129/650 [02:22<07:16,  1.19it/s]
 20%|██        | 130/650 [02:22<07:04,  1.23it/s]
                                                 

 20%|██        | 130/650 [02:22<07:04,  1.23it/s]{'loss': 0.2606, 'grad_norm': 1.732299566268921, 'learning_rate': 4e-05, 'epoch': 10.0}


  0%|          | 0/26 [00:00<?, ?it/s][A

 19%|█▉        | 5/26 [00:00<00:00, 37.48it/s][A

 35%|███▍      | 9/26 [00:00<00:00, 33.00it/s][A

 50%|█████     | 13/26 [00:00<00:00, 31.52it/s][A

 65%|██████▌   | 17/26 [00:00<00:00, 30.79it/s][A

 81%|████████  | 21/26 [00:00<00:00, 30.42it/s][A

 96%|█████████▌| 25/26 [00:00<00:00, 30.19it/s][A

                                               
[A
                                                 

100%|██████████| 26/26 [00:00<00:00, 30.19it/s][A
 20%|██        | 130/650 [02:24<07:04,  1.23it/s]

                                               [A{'eval_loss': 0.21478582918643951, 'eval_macro_recall': 0.9288352890047804, 'eval_macro_precision': 0.9359719033501994, 'eval_macro_f1': 0.9289534252815799, 'eval_accuracy': 0.9769417475728155, 'eval_micro_recall': 0.9769417475728155, 'eval_micro_precision': 0.9769417475728155, 'eval_micro_f1': 0.9769417475728155, 'eval_runtime': 1.1413, 'eval_samples_per_second': 721.974, 'eval_steps_per_second': 22.781, 'epoch': 10.0}

 20%|██        | 131/650 [02:27<17:19,  2.00s/it]
 20%|██        | 132/650 [02:28<14:12,  1.65s/it]
 20%|██        | 133/650 [02:29<12:01,  1.39s/it]
 21%|██        | 134/650 [02:30<10:29,  1.22s/it]
 21%|██        | 135/650 [02:30<09:24,  1.10s/it]
 21%|██        | 136/650 [02:31<08:40,  1.01s/it]
 21%|██        | 137/650 [02:32<08:08,  1.05it/s]
 21%|██        | 138/650 [02:33<07:46,  1.10it/s]
 21%|██▏       | 139/650 [02:34<07:30,  1.13it/s]
 22%|██▏       | 140/650 [02:34<07:19,  1.16it/s]
 22%|██▏       | 141/650 [02:35<07:10,  1.18it/s]
 22%|██▏       | 142/650 [02:36<07:04,  1.20it/s]
 22%|██▏       | 143/650 [02:37<06:51,  1.23it/s]
                                                 

 22%|██▏       | 143/650 [02:37<06:51,  1.23it/s]{'loss': 0.2033, 'grad_norm': 1.7283401489257812, 'learning_rate': 3.9000000000000006e-05, 'epoch': 11.0}


  0%|          | 0/26 [00:00<?, ?it/s][A

 19%|█▉        | 5/26 [00:00<00:00, 37.52it/s][A

 35%|███▍      | 9/26 [00:00<00:00, 32.93it/s][A

 50%|█████     | 13/26 [00:00<00:00, 31.47it/s][A

 65%|██████▌   | 17/26 [00:00<00:00, 30.81it/s][A

 81%|████████  | 21/26 [00:00<00:00, 30.44it/s][A

 96%|█████████▌| 25/26 [00:00<00:00, 30.20it/s][A

                                               
[A
                                                 

100%|██████████| 26/26 [00:00<00:00, 30.20it/s][A
 22%|██▏       | 143/650 [02:38<06:51,  1.23it/s]

                                               [A{'eval_loss': 0.17333762347698212, 'eval_macro_recall': 0.9437889323482543, 'eval_macro_precision': 0.9526970949863466, 'eval_macro_f1': 0.9449468124382963, 'eval_accuracy': 0.9842233009708737, 'eval_micro_recall': 0.9842233009708737, 'eval_micro_precision': 0.9842233009708737, 'eval_micro_f1': 0.9842233009708737, 'eval_runtime': 1.1486, 'eval_samples_per_second': 717.392, 'eval_steps_per_second': 22.636, 'epoch': 11.0}

 22%|██▏       | 144/650 [02:42<17:52,  2.12s/it]
 22%|██▏       | 145/650 [02:43<14:32,  1.73s/it]
 22%|██▏       | 146/650 [02:44<12:12,  1.45s/it]
 23%|██▎       | 147/650 [02:44<10:34,  1.26s/it]
 23%|██▎       | 148/650 [02:45<09:26,  1.13s/it]
 23%|██▎       | 149/650 [02:46<08:37,  1.03s/it]
 23%|██▎       | 150/650 [02:47<08:03,  1.04it/s]
 23%|██▎       | 151/650 [02:48<07:38,  1.09it/s]
 23%|██▎       | 152/650 [02:49<07:21,  1.13it/s]
 24%|██▎       | 153/650 [02:49<07:10,  1.16it/s]
 24%|██▎       | 154/650 [02:50<07:01,  1.18it/s]
 24%|██▍       | 155/650 [02:51<06:55,  1.19it/s]
 24%|██▍       | 156/650 [02:52<06:42,  1.23it/s]
                                                 

 24%|██▍       | 156/650 [02:52<06:42,  1.23it/s]{'loss': 0.1664, 'grad_norm': 1.5237092971801758, 'learning_rate': 3.8e-05, 'epoch': 12.0}


  0%|          | 0/26 [00:00<?, ?it/s][A

 19%|█▉        | 5/26 [00:00<00:00, 37.47it/s][A

 35%|███▍      | 9/26 [00:00<00:00, 32.92it/s][A

 50%|█████     | 13/26 [00:00<00:00, 31.52it/s][A

 65%|██████▌   | 17/26 [00:00<00:00, 30.84it/s][A

 81%|████████  | 21/26 [00:00<00:00, 30.43it/s][A

 96%|█████████▌| 25/26 [00:00<00:00, 30.21it/s][A

                                               
[A
                                                 

100%|██████████| 26/26 [00:00<00:00, 30.21it/s][A
 24%|██▍       | 156/650 [02:53<06:42,  1.23it/s]

                                               [A{'eval_loss': 0.15238997340202332, 'eval_macro_recall': 0.9444335796030712, 'eval_macro_precision': 0.9539237235007738, 'eval_macro_f1': 0.9463040245312943, 'eval_accuracy': 0.9854368932038835, 'eval_micro_recall': 0.9854368932038835, 'eval_micro_precision': 0.9854368932038835, 'eval_micro_f1': 0.9854368932038835, 'eval_runtime': 1.1794, 'eval_samples_per_second': 698.661, 'eval_steps_per_second': 22.045, 'epoch': 12.0}

 24%|██▍       | 157/650 [02:57<16:28,  2.00s/it]
 24%|██▍       | 158/650 [02:57<13:30,  1.65s/it]
 24%|██▍       | 159/650 [02:58<11:26,  1.40s/it]
 25%|██▍       | 160/650 [02:59<09:59,  1.22s/it]
 25%|██▍       | 161/650 [03:00<08:57,  1.10s/it]
 25%|██▍       | 162/650 [03:01<08:14,  1.01s/it]
 25%|██▌       | 163/650 [03:01<07:43,  1.05it/s]
 25%|██▌       | 164/650 [03:02<07:22,  1.10it/s]
 25%|██▌       | 165/650 [03:03<07:07,  1.14it/s]
 26%|██▌       | 166/650 [03:04<06:56,  1.16it/s]
 26%|██▌       | 167/650 [03:05<06:49,  1.18it/s]
 26%|██▌       | 168/650 [03:05<06:43,  1.19it/s]
 26%|██▌       | 169/650 [03:06<06:31,  1.23it/s]
                                                 

 26%|██▌       | 169/650 [03:06<06:31,  1.23it/s]{'loss': 0.1364, 'grad_norm': 1.4128859043121338, 'learning_rate': 3.7e-05, 'epoch': 13.0}


  0%|          | 0/26 [00:00<?, ?it/s][A

 15%|█▌        | 4/26 [00:00<00:00, 39.69it/s][A

 31%|███       | 8/26 [00:00<00:00, 33.12it/s][A

 46%|████▌     | 12/26 [00:00<00:00, 31.53it/s][A

 62%|██████▏   | 16/26 [00:00<00:00, 30.78it/s][A

 77%|███████▋  | 20/26 [00:00<00:00, 30.44it/s][A

 92%|█████████▏| 24/26 [00:00<00:00, 30.17it/s][A

                                               
[A
                                                 

100%|██████████| 26/26 [00:00<00:00, 30.17it/s][A
 26%|██▌       | 169/650 [03:07<06:31,  1.23it/s]

                                               [A{'eval_loss': 0.12879811227321625, 'eval_macro_recall': 0.9465703317398234, 'eval_macro_precision': 0.9551719624413204, 'eval_macro_f1': 0.9481907885609154, 'eval_accuracy': 0.9866504854368932, 'eval_micro_recall': 0.9866504854368932, 'eval_micro_precision': 0.9866504854368932, 'eval_micro_f1': 0.9866504854368932, 'eval_runtime': 1.1616, 'eval_samples_per_second': 709.369, 'eval_steps_per_second': 22.383, 'epoch': 13.0}

 26%|██▌       | 170/650 [03:11<15:56,  1.99s/it]
 26%|██▋       | 171/650 [03:12<13:05,  1.64s/it]
 26%|██▋       | 172/650 [03:13<11:04,  1.39s/it]
 27%|██▋       | 173/650 [03:13<09:40,  1.22s/it]
 27%|██▋       | 174/650 [03:14<08:41,  1.09s/it]
 27%|██▋       | 175/650 [03:15<08:00,  1.01s/it]
 27%|██▋       | 176/650 [03:16<07:31,  1.05it/s]
 27%|██▋       | 177/650 [03:17<07:11,  1.10it/s]
 27%|██▋       | 178/650 [03:17<06:56,  1.13it/s]
 28%|██▊       | 179/650 [03:18<06:46,  1.16it/s]
 28%|██▊       | 180/650 [03:19<06:38,  1.18it/s]
 28%|██▊       | 181/650 [03:20<06:32,  1.19it/s]
 28%|██▊       | 182/650 [03:21<06:19,  1.23it/s]
                                                 

 28%|██▊       | 182/650 [03:21<06:19,  1.23it/s]{'loss': 0.1195, 'grad_norm': 1.3599048852920532, 'learning_rate': 3.6e-05, 'epoch': 14.0}


  0%|          | 0/26 [00:00<?, ?it/s][A

 15%|█▌        | 4/26 [00:00<00:00, 39.91it/s][A

 31%|███       | 8/26 [00:00<00:00, 33.21it/s][A

 46%|████▌     | 12/26 [00:00<00:00, 31.51it/s][A

 62%|██████▏   | 16/26 [00:00<00:00, 30.74it/s][A

 77%|███████▋  | 20/26 [00:00<00:00, 30.40it/s][A

 92%|█████████▏| 24/26 [00:00<00:00, 30.19it/s][A

                                               
[A
                                                 

100%|██████████| 26/26 [00:00<00:00, 30.19it/s][A
 28%|██▊       | 182/650 [03:22<06:19,  1.23it/s]

                                               [A{'eval_loss': 0.12722815573215485, 'eval_macro_recall': 0.9464074604231059, 'eval_macro_precision': 0.9429841081535997, 'eval_macro_f1': 0.9445603278006914, 'eval_accuracy': 0.9866504854368932, 'eval_micro_recall': 0.9866504854368932, 'eval_micro_precision': 0.9866504854368932, 'eval_micro_f1': 0.9866504854368932, 'eval_runtime': 1.1497, 'eval_samples_per_second': 716.702, 'eval_steps_per_second': 22.614, 'epoch': 14.0}

 28%|██▊       | 183/650 [03:25<15:36,  2.00s/it]
 28%|██▊       | 184/650 [03:26<12:47,  1.65s/it]
 28%|██▊       | 185/650 [03:27<10:49,  1.40s/it]
 29%|██▊       | 186/650 [03:28<09:27,  1.22s/it]
 29%|██▉       | 187/650 [03:29<08:29,  1.10s/it]
 29%|██▉       | 188/650 [03:30<07:48,  1.01s/it]
 29%|██▉       | 189/650 [03:30<07:19,  1.05it/s]
 29%|██▉       | 190/650 [03:31<06:59,  1.10it/s]
 29%|██▉       | 191/650 [03:32<06:45,  1.13it/s]
 30%|██▉       | 192/650 [03:33<06:35,  1.16it/s]
 30%|██▉       | 193/650 [03:34<06:27,  1.18it/s]
 30%|██▉       | 194/650 [03:34<06:21,  1.19it/s]
 30%|███       | 195/650 [03:35<06:11,  1.22it/s]
                                                 

 30%|███       | 195/650 [03:35<06:11,  1.22it/s]{'loss': 0.1033, 'grad_norm': 0.9051733016967773, 'learning_rate': 3.5e-05, 'epoch': 15.0}


  0%|          | 0/26 [00:00<?, ?it/s][A

 15%|█▌        | 4/26 [00:00<00:00, 39.98it/s][A

 31%|███       | 8/26 [00:00<00:00, 32.99it/s][A

 46%|████▌     | 12/26 [00:00<00:00, 31.41it/s][A

 62%|██████▏   | 16/26 [00:00<00:00, 30.76it/s][A

 77%|███████▋  | 20/26 [00:00<00:00, 30.33it/s][A

 92%|█████████▏| 24/26 [00:00<00:00, 30.09it/s][A

                                               
[A
                                                 

100%|██████████| 26/26 [00:00<00:00, 30.09it/s][A
 30%|███       | 195/650 [03:36<06:11,  1.22it/s]

                                               [A{'eval_loss': 0.10473084449768066, 'eval_macro_recall': 0.95073699840649, 'eval_macro_precision': 0.9564107307954733, 'eval_macro_f1': 0.9512641435067587, 'eval_accuracy': 0.9890776699029126, 'eval_micro_recall': 0.9890776699029126, 'eval_micro_precision': 0.9890776699029126, 'eval_micro_f1': 0.9890776699029126, 'eval_runtime': 1.1695, 'eval_samples_per_second': 704.603, 'eval_steps_per_second': 22.233, 'epoch': 15.0}

 30%|███       | 196/650 [03:40<15:07,  2.00s/it]
 30%|███       | 197/650 [03:41<12:24,  1.64s/it]
 30%|███       | 198/650 [03:42<10:29,  1.39s/it]
 31%|███       | 199/650 [03:42<09:09,  1.22s/it]
 31%|███       | 200/650 [03:43<08:13,  1.10s/it]
 31%|███       | 201/650 [03:44<07:33,  1.01s/it]
 31%|███       | 202/650 [03:45<07:06,  1.05it/s]
 31%|███       | 203/650 [03:46<06:46,  1.10it/s]
 31%|███▏      | 204/650 [03:46<06:33,  1.13it/s]
 32%|███▏      | 205/650 [03:47<06:23,  1.16it/s]
 32%|███▏      | 206/650 [03:48<06:15,  1.18it/s]
 32%|███▏      | 207/650 [03:49<06:10,  1.20it/s]
 32%|███▏      | 208/650 [03:50<06:00,  1.23it/s]
                                                 

 32%|███▏      | 208/650 [03:50<06:00,  1.23it/s]{'loss': 0.0868, 'grad_norm': 0.9689832329750061, 'learning_rate': 3.4000000000000007e-05, 'epoch': 16.0}


  0%|          | 0/26 [00:00<?, ?it/s][A

 15%|█▌        | 4/26 [00:00<00:00, 39.48it/s][A

 31%|███       | 8/26 [00:00<00:00, 32.96it/s][A

 46%|████▌     | 12/26 [00:00<00:00, 31.41it/s][A

 62%|██████▏   | 16/26 [00:00<00:00, 30.69it/s][A

 77%|███████▋  | 20/26 [00:00<00:00, 30.30it/s][A

 92%|█████████▏| 24/26 [00:00<00:00, 30.05it/s][A

                                               
[A
                                                 

100%|██████████| 26/26 [00:00<00:00, 30.05it/s][A
 32%|███▏      | 208/650 [03:51<06:00,  1.23it/s]

                                               [A{'eval_loss': 0.10354243963956833, 'eval_macro_recall': 0.9497912633505854, 'eval_macro_precision': 0.9547021693092347, 'eval_macro_f1': 0.9497385632708728, 'eval_accuracy': 0.9866504854368932, 'eval_micro_recall': 0.9866504854368932, 'eval_micro_precision': 0.9866504854368932, 'eval_micro_f1': 0.9866504854368932, 'eval_runtime': 1.1185, 'eval_samples_per_second': 736.693, 'eval_steps_per_second': 23.245, 'epoch': 16.0}

 32%|███▏      | 209/650 [03:54<14:44,  2.01s/it]
 32%|███▏      | 210/650 [03:55<12:04,  1.65s/it]
 32%|███▏      | 211/650 [03:56<10:13,  1.40s/it]
 33%|███▎      | 212/650 [03:57<08:55,  1.22s/it]
 33%|███▎      | 213/650 [03:58<08:00,  1.10s/it]
 33%|███▎      | 214/650 [03:58<07:21,  1.01s/it]
 33%|███▎      | 215/650 [03:59<06:55,  1.05it/s]
 33%|███▎      | 216/650 [04:00<06:36,  1.10it/s]
 33%|███▎      | 217/650 [04:01<06:21,  1.13it/s]
 34%|███▎      | 218/650 [04:02<06:12,  1.16it/s]
 34%|███▎      | 219/650 [04:03<06:05,  1.18it/s]
 34%|███▍      | 220/650 [04:03<06:00,  1.19it/s]
 34%|███▍      | 221/650 [04:04<05:49,  1.23it/s]
                                                 

 34%|███▍      | 221/650 [04:04<05:49,  1.23it/s]{'loss': 0.0751, 'grad_norm': 0.46894586086273193, 'learning_rate': 3.3e-05, 'epoch': 17.0}


  0%|          | 0/26 [00:00<?, ?it/s][A

 19%|█▉        | 5/26 [00:00<00:00, 37.40it/s][A

 35%|███▍      | 9/26 [00:00<00:00, 32.89it/s][A

 50%|█████     | 13/26 [00:00<00:00, 31.46it/s][A

 65%|██████▌   | 17/26 [00:00<00:00, 30.76it/s][A

 81%|████████  | 21/26 [00:00<00:00, 30.40it/s][A

 96%|█████████▌| 25/26 [00:00<00:00, 30.19it/s][A

                                               
[A
                                                 

100%|██████████| 26/26 [00:00<00:00, 30.19it/s][A
 34%|███▍      | 221/650 [04:05<05:49,  1.23it/s]

                                               [A{'eval_loss': 0.09615837037563324, 'eval_macro_recall': 0.95073699840649, 'eval_macro_precision': 0.9556476050323477, 'eval_macro_f1': 0.9508353638137651, 'eval_accuracy': 0.9890776699029126, 'eval_micro_recall': 0.9890776699029126, 'eval_micro_precision': 0.9890776699029126, 'eval_micro_f1': 0.9890776699029126, 'eval_runtime': 1.1583, 'eval_samples_per_second': 711.365, 'eval_steps_per_second': 22.446, 'epoch': 17.0}

 34%|███▍      | 222/650 [04:09<14:16,  2.00s/it]
 34%|███▍      | 223/650 [04:10<11:42,  1.64s/it]
 34%|███▍      | 224/650 [04:11<09:54,  1.39s/it]
 35%|███▍      | 225/650 [04:11<08:38,  1.22s/it]
 35%|███▍      | 226/650 [04:12<07:45,  1.10s/it]
 35%|███▍      | 227/650 [04:13<07:08,  1.01s/it]
 35%|███▌      | 228/650 [04:14<06:42,  1.05it/s]
 35%|███▌      | 229/650 [04:15<06:23,  1.10it/s]
 35%|███▌      | 230/650 [04:15<06:10,  1.13it/s]
 36%|███▌      | 231/650 [04:16<06:00,  1.16it/s]
 36%|███▌      | 232/650 [04:17<05:53,  1.18it/s]
 36%|███▌      | 233/650 [04:18<05:49,  1.19it/s]
 36%|███▌      | 234/650 [04:19<05:38,  1.23it/s]
                                                 

 36%|███▌      | 234/650 [04:19<05:38,  1.23it/s]{'loss': 0.0686, 'grad_norm': 0.4771216809749603, 'learning_rate': 3.2000000000000005e-05, 'epoch': 18.0}


  0%|          | 0/26 [00:00<?, ?it/s][A

 19%|█▉        | 5/26 [00:00<00:00, 37.44it/s][A

 35%|███▍      | 9/26 [00:00<00:00, 32.88it/s][A

 50%|█████     | 13/26 [00:00<00:00, 31.49it/s][A

 65%|██████▌   | 17/26 [00:00<00:00, 30.82it/s][A

 81%|████████  | 21/26 [00:00<00:00, 30.38it/s][A

 96%|█████████▌| 25/26 [00:00<00:00, 30.14it/s][A

                                               
[A
                                                 

100%|██████████| 26/26 [00:00<00:00, 30.14it/s][A
 36%|███▌      | 234/650 [04:20<05:38,  1.23it/s]

                                               [A{'eval_loss': 0.08947176486253738, 'eval_macro_recall': 0.95073699840649, 'eval_macro_precision': 0.9558256677104103, 'eval_macro_f1': 0.9509359168554945, 'eval_accuracy': 0.9890776699029126, 'eval_micro_recall': 0.9890776699029126, 'eval_micro_precision': 0.9890776699029126, 'eval_micro_f1': 0.9890776699029126, 'eval_runtime': 1.1481, 'eval_samples_per_second': 717.706, 'eval_steps_per_second': 22.646, 'epoch': 18.0}

 36%|███▌      | 235/650 [04:23<13:55,  2.01s/it]
 36%|███▋      | 236/650 [04:24<11:23,  1.65s/it]
 36%|███▋      | 237/650 [04:25<09:38,  1.40s/it]
 37%|███▋      | 238/650 [04:26<08:23,  1.22s/it]
 37%|███▋      | 239/650 [04:27<07:31,  1.10s/it]
 37%|███▋      | 240/650 [04:27<06:55,  1.01s/it]
 37%|███▋      | 241/650 [04:28<06:30,  1.05it/s]
 37%|███▋      | 242/650 [04:29<06:12,  1.10it/s]
 37%|███▋      | 243/650 [04:30<05:58,  1.13it/s]
 38%|███▊      | 244/650 [04:31<05:49,  1.16it/s]
 38%|███▊      | 245/650 [04:32<05:43,  1.18it/s]
 38%|███▊      | 246/650 [04:32<05:38,  1.19it/s]
 38%|███▊      | 247/650 [04:33<05:27,  1.23it/s]
                                                 

 38%|███▊      | 247/650 [04:33<05:27,  1.23it/s]{'loss': 0.0598, 'grad_norm': 0.43404877185821533, 'learning_rate': 3.1e-05, 'epoch': 19.0}


  0%|          | 0/26 [00:00<?, ?it/s][A

 19%|█▉        | 5/26 [00:00<00:00, 37.48it/s][A

 35%|███▍      | 9/26 [00:00<00:00, 32.96it/s][A

 50%|█████     | 13/26 [00:00<00:00, 31.52it/s][A

 65%|██████▌   | 17/26 [00:00<00:00, 30.78it/s][A

 81%|████████  | 21/26 [00:00<00:00, 30.36it/s][A

 96%|█████████▌| 25/26 [00:00<00:00, 30.14it/s][A

                                               
[A
                                                 

100%|██████████| 26/26 [00:00<00:00, 30.14it/s][A
 38%|███▊      | 247/650 [04:34<05:27,  1.23it/s]

                                               [A{'eval_loss': 0.08566462248563766, 'eval_macro_recall': 0.9521222656815878, 'eval_macro_precision': 0.954510986223315, 'eval_macro_f1': 0.9508269015642927, 'eval_accuracy': 0.9890776699029126, 'eval_micro_recall': 0.9890776699029126, 'eval_micro_precision': 0.9890776699029126, 'eval_micro_f1': 0.9890776699029126, 'eval_runtime': 1.1466, 'eval_samples_per_second': 718.619, 'eval_steps_per_second': 22.675, 'epoch': 19.0}

 38%|███▊      | 248/650 [04:38<13:22,  2.00s/it]
 38%|███▊      | 249/650 [04:39<10:58,  1.64s/it]
 38%|███▊      | 250/650 [04:40<09:17,  1.39s/it]
 39%|███▊      | 251/650 [04:40<08:06,  1.22s/it]
 39%|███▉      | 252/650 [04:41<07:16,  1.10s/it]
 39%|███▉      | 253/650 [04:42<06:41,  1.01s/it]
 39%|███▉      | 254/650 [04:43<06:17,  1.05it/s]
 39%|███▉      | 255/650 [04:44<06:00,  1.10it/s]
 39%|███▉      | 256/650 [04:44<05:47,  1.13it/s]
 40%|███▉      | 257/650 [04:45<05:38,  1.16it/s]
 40%|███▉      | 258/650 [04:46<05:32,  1.18it/s]
 40%|███▉      | 259/650 [04:47<05:27,  1.19it/s]
 40%|████      | 260/650 [04:48<05:18,  1.23it/s]
                                                 

 40%|████      | 260/650 [04:48<05:18,  1.23it/s]{'loss': 0.0545, 'grad_norm': 0.6364094018936157, 'learning_rate': 3e-05, 'epoch': 20.0}


  0%|          | 0/26 [00:00<?, ?it/s][A

 19%|█▉        | 5/26 [00:00<00:00, 37.50it/s][A

 35%|███▍      | 9/26 [00:00<00:00, 33.00it/s][A

 50%|█████     | 13/26 [00:00<00:00, 31.54it/s][A

 65%|██████▌   | 17/26 [00:00<00:00, 30.82it/s][A

 81%|████████  | 21/26 [00:00<00:00, 30.46it/s][A

 96%|█████████▌| 25/26 [00:00<00:00, 30.20it/s][A

                                               
[A
                                                 

100%|██████████| 26/26 [00:00<00:00, 30.20it/s][A
 40%|████      | 260/650 [04:49<05:18,  1.23it/s]

                                               [A{'eval_loss': 0.08371223509311676, 'eval_macro_recall': 0.9469519941162704, 'eval_macro_precision': 0.9542362609485897, 'eval_macro_f1': 0.948165775176147, 'eval_accuracy': 0.9842233009708737, 'eval_micro_recall': 0.9842233009708737, 'eval_micro_precision': 0.9842233009708737, 'eval_micro_f1': 0.9842233009708737, 'eval_runtime': 1.1495, 'eval_samples_per_second': 716.814, 'eval_steps_per_second': 22.618, 'epoch': 20.0}

 40%|████      | 261/650 [04:52<13:14,  2.04s/it]
 40%|████      | 262/650 [04:53<10:49,  1.67s/it]
 40%|████      | 263/650 [04:54<09:07,  1.42s/it]
 41%|████      | 264/650 [04:55<07:56,  1.23s/it]
 41%|████      | 265/650 [04:56<07:07,  1.11s/it]
 41%|████      | 266/650 [04:57<06:31,  1.02s/it]
 41%|████      | 267/650 [04:57<06:06,  1.04it/s]
 41%|████      | 268/650 [04:58<05:49,  1.09it/s]
 41%|████▏     | 269/650 [04:59<05:37,  1.13it/s]
 42%|████▏     | 270/650 [05:00<05:28,  1.16it/s]
 42%|████▏     | 271/650 [05:01<05:21,  1.18it/s]
 42%|████▏     | 272/650 [05:01<05:17,  1.19it/s]
 42%|████▏     | 273/650 [05:02<05:07,  1.23it/s]
                                                 

 42%|████▏     | 273/650 [05:02<05:07,  1.23it/s]{'loss': 0.051, 'grad_norm': 0.3996365964412689, 'learning_rate': 2.9e-05, 'epoch': 21.0}


  0%|          | 0/26 [00:00<?, ?it/s][A

 15%|█▌        | 4/26 [00:00<00:00, 39.86it/s][A

 31%|███       | 8/26 [00:00<00:00, 33.09it/s][A

 46%|████▌     | 12/26 [00:00<00:00, 31.45it/s][A

 62%|██████▏   | 16/26 [00:00<00:00, 30.77it/s][A

 77%|███████▋  | 20/26 [00:00<00:00, 30.38it/s][A

 92%|█████████▏| 24/26 [00:00<00:00, 30.10it/s][A

                                               
[A
                                                 

100%|██████████| 26/26 [00:00<00:00, 30.10it/s][A
 42%|████▏     | 273/650 [05:03<05:07,  1.23it/s]

                                               [A{'eval_loss': 0.07491932064294815, 'eval_macro_recall': 0.952339562509054, 'eval_macro_precision': 0.9576571695419122, 'eval_macro_f1': 0.9527768110040807, 'eval_accuracy': 0.9902912621359223, 'eval_micro_recall': 0.9902912621359223, 'eval_micro_precision': 0.9902912621359223, 'eval_micro_f1': 0.9902912621359223, 'eval_runtime': 1.1571, 'eval_samples_per_second': 712.123, 'eval_steps_per_second': 22.47, 'epoch': 21.0}

 42%|████▏     | 274/650 [05:07<12:41,  2.03s/it]
 42%|████▏     | 275/650 [05:08<10:23,  1.66s/it]
 42%|████▏     | 276/650 [05:09<08:46,  1.41s/it]
 43%|████▎     | 277/650 [05:10<07:38,  1.23s/it]
 43%|████▎     | 278/650 [05:10<06:50,  1.10s/it]
 43%|████▎     | 279/650 [05:11<06:17,  1.02s/it]
 43%|████▎     | 280/650 [05:12<05:54,  1.04it/s]
 43%|████▎     | 281/650 [05:13<05:37,  1.09it/s]
 43%|████▎     | 282/650 [05:14<05:25,  1.13it/s]
 44%|████▎     | 283/650 [05:14<05:16,  1.16it/s]
 44%|████▎     | 284/650 [05:15<05:09,  1.18it/s]
 44%|████▍     | 285/650 [05:16<05:05,  1.19it/s]
 44%|████▍     | 286/650 [05:17<04:56,  1.23it/s]
                                                 

 44%|████▍     | 286/650 [05:17<04:56,  1.23it/s]{'loss': 0.0431, 'grad_norm': 0.5747448205947876, 'learning_rate': 2.8000000000000003e-05, 'epoch': 22.0}


  0%|          | 0/26 [00:00<?, ?it/s][A

 15%|█▌        | 4/26 [00:00<00:00, 39.89it/s][A

 31%|███       | 8/26 [00:00<00:00, 33.18it/s][A

 46%|████▌     | 12/26 [00:00<00:00, 31.56it/s][A

 62%|██████▏   | 16/26 [00:00<00:00, 30.83it/s][A

 77%|███████▋  | 20/26 [00:00<00:00, 30.45it/s][A

 92%|█████████▏| 24/26 [00:00<00:00, 30.22it/s][A

                                               
[A
                                                 

100%|██████████| 26/26 [00:00<00:00, 30.22it/s][A
 44%|████▍     | 286/650 [05:18<04:56,  1.23it/s]

                                               [A{'eval_loss': 0.07608913630247116, 'eval_macro_recall': 0.9516291690346451, 'eval_macro_precision': 0.9569940395684372, 'eval_macro_f1': 0.9520914564725723, 'eval_accuracy': 0.9878640776699029, 'eval_micro_recall': 0.9878640776699029, 'eval_micro_precision': 0.9878640776699029, 'eval_micro_f1': 0.9878640776699029, 'eval_runtime': 1.1457, 'eval_samples_per_second': 719.197, 'eval_steps_per_second': 22.693, 'epoch': 22.0}

 44%|████▍     | 287/650 [05:22<12:11,  2.02s/it]
 44%|████▍     | 288/650 [05:22<09:58,  1.65s/it]
 44%|████▍     | 289/650 [05:23<08:25,  1.40s/it]
 45%|████▍     | 290/650 [05:24<07:20,  1.22s/it]
 45%|████▍     | 291/650 [05:25<06:35,  1.10s/it]
 45%|████▍     | 292/650 [05:26<06:03,  1.02s/it]
 45%|████▌     | 293/650 [05:26<05:40,  1.05it/s]
 45%|████▌     | 294/650 [05:27<05:24,  1.10it/s]
 45%|████▌     | 295/650 [05:28<05:13,  1.13it/s]
 46%|████▌     | 296/650 [05:29<05:05,  1.16it/s]
 46%|████▌     | 297/650 [05:30<04:59,  1.18it/s]
 46%|████▌     | 298/650 [05:31<04:54,  1.20it/s]
 46%|████▌     | 299/650 [05:31<04:46,  1.22it/s]
                                                 

 46%|████▌     | 299/650 [05:31<04:46,  1.22it/s]{'loss': 0.0412, 'grad_norm': 0.26620689034461975, 'learning_rate': 2.7000000000000002e-05, 'epoch': 23.0}


  0%|          | 0/26 [00:00<?, ?it/s][A

 15%|█▌        | 4/26 [00:00<00:00, 39.87it/s][A

 31%|███       | 8/26 [00:00<00:00, 33.08it/s][A

 46%|████▌     | 12/26 [00:00<00:00, 31.45it/s][A

 62%|██████▏   | 16/26 [00:00<00:00, 30.79it/s][A

 77%|███████▋  | 20/26 [00:00<00:00, 30.44it/s][A

 92%|█████████▏| 24/26 [00:00<00:00, 30.15it/s][A

                                               
[A
                                                 

100%|██████████| 26/26 [00:01<00:00, 30.15it/s][A
 46%|████▌     | 299/650 [05:33<04:46,  1.22it/s]

                                               [A{'eval_loss': 0.07155616581439972, 'eval_macro_recall': 0.952339562509054, 'eval_macro_precision': 0.9576571695419122, 'eval_macro_f1': 0.9527768110040807, 'eval_accuracy': 0.9902912621359223, 'eval_micro_recall': 0.9902912621359223, 'eval_micro_precision': 0.9902912621359223, 'eval_micro_f1': 0.9902912621359223, 'eval_runtime': 1.2068, 'eval_samples_per_second': 682.775, 'eval_steps_per_second': 21.544, 'epoch': 23.0}

 46%|████▌     | 300/650 [05:36<12:02,  2.06s/it]
 46%|████▋     | 301/650 [05:37<09:48,  1.69s/it]
 46%|████▋     | 302/650 [05:38<08:15,  1.42s/it]
 47%|████▋     | 303/650 [05:39<07:11,  1.24s/it]
 47%|████▋     | 304/650 [05:40<06:25,  1.11s/it]
 47%|████▋     | 305/650 [05:40<05:53,  1.02s/it]
 47%|████▋     | 306/650 [05:41<05:30,  1.04it/s]
 47%|████▋     | 307/650 [05:42<05:14,  1.09it/s]
 47%|████▋     | 308/650 [05:43<05:03,  1.13it/s]
 48%|████▊     | 309/650 [05:44<04:54,  1.16it/s]
 48%|████▊     | 310/650 [05:44<04:48,  1.18it/s]
 48%|████▊     | 311/650 [05:45<04:44,  1.19it/s]
 48%|████▊     | 312/650 [05:46<04:35,  1.23it/s]
                                                 

 48%|████▊     | 312/650 [05:46<04:35,  1.23it/s]{'loss': 0.0393, 'grad_norm': 0.21882139146327972, 'learning_rate': 2.6000000000000002e-05, 'epoch': 24.0}


  0%|          | 0/26 [00:00<?, ?it/s][A

 19%|█▉        | 5/26 [00:00<00:00, 37.48it/s][A

 35%|███▍      | 9/26 [00:00<00:00, 32.87it/s][A

 50%|█████     | 13/26 [00:00<00:00, 31.50it/s][A

 65%|██████▌   | 17/26 [00:00<00:00, 30.84it/s][A

 81%|████████  | 21/26 [00:00<00:00, 30.45it/s][A

 96%|█████████▌| 25/26 [00:00<00:00, 30.20it/s][A

                                               
[A
                                                 

100%|██████████| 26/26 [00:00<00:00, 30.20it/s][A
 48%|████▊     | 312/650 [05:47<04:35,  1.23it/s]

                                               [A{'eval_loss': 0.07238339632749557, 'eval_macro_recall': 0.9519049688541216, 'eval_macro_precision': 0.9568998160314997, 'eval_macro_f1': 0.9521190114376383, 'eval_accuracy': 0.9878640776699029, 'eval_micro_recall': 0.9878640776699029, 'eval_micro_precision': 0.9878640776699029, 'eval_micro_f1': 0.9878640776699029, 'eval_runtime': 1.1527, 'eval_samples_per_second': 714.835, 'eval_steps_per_second': 22.555, 'epoch': 24.0}

 48%|████▊     | 313/650 [05:51<11:25,  2.03s/it]
 48%|████▊     | 314/650 [05:52<09:20,  1.67s/it]
 48%|████▊     | 315/650 [05:52<07:53,  1.41s/it]
 49%|████▊     | 316/650 [05:53<06:52,  1.23s/it]
 49%|████▉     | 317/650 [05:54<06:08,  1.11s/it]
 49%|████▉     | 318/650 [05:55<05:38,  1.02s/it]
 49%|████▉     | 319/650 [05:56<05:16,  1.05it/s]
 49%|████▉     | 320/650 [05:57<05:01,  1.10it/s]
 49%|████▉     | 321/650 [05:57<04:50,  1.13it/s]
 50%|████▉     | 322/650 [05:58<04:43,  1.16it/s]
 50%|████▉     | 323/650 [05:59<04:37,  1.18it/s]
 50%|████▉     | 324/650 [06:00<04:33,  1.19it/s]
 50%|█████     | 325/650 [06:01<04:24,  1.23it/s]
                                                 

 50%|█████     | 325/650 [06:01<04:24,  1.23it/s]{'loss': 0.0369, 'grad_norm': 0.8823666572570801, 'learning_rate': 2.5e-05, 'epoch': 25.0}


  0%|          | 0/26 [00:00<?, ?it/s][A

 19%|█▉        | 5/26 [00:00<00:00, 37.53it/s][A

 35%|███▍      | 9/26 [00:00<00:00, 32.94it/s][A

 50%|█████     | 13/26 [00:00<00:00, 31.50it/s][A

 65%|██████▌   | 17/26 [00:00<00:00, 30.79it/s][A

 81%|████████  | 21/26 [00:00<00:00, 30.41it/s][A

 96%|█████████▌| 25/26 [00:00<00:00, 30.16it/s][A

                                               
[A
                                                 

100%|██████████| 26/26 [00:00<00:00, 30.16it/s][A
 50%|█████     | 325/650 [06:02<04:24,  1.23it/s]

                                               [A{'eval_loss': 0.06951596587896347, 'eval_macro_recall': 0.952339562509054, 'eval_macro_precision': 0.9576571695419122, 'eval_macro_f1': 0.9527768110040807, 'eval_accuracy': 0.9902912621359223, 'eval_micro_recall': 0.9902912621359223, 'eval_micro_precision': 0.9902912621359223, 'eval_micro_f1': 0.9902912621359223, 'eval_runtime': 1.1491, 'eval_samples_per_second': 717.053, 'eval_steps_per_second': 22.625, 'epoch': 25.0}

 50%|█████     | 326/650 [06:05<10:57,  2.03s/it]
 50%|█████     | 327/650 [06:06<08:57,  1.66s/it]
 50%|█████     | 328/650 [06:07<07:33,  1.41s/it]
 51%|█████     | 329/650 [06:08<06:34,  1.23s/it]
 51%|█████     | 330/650 [06:09<05:53,  1.10s/it]
 51%|█████     | 331/650 [06:10<05:24,  1.02s/it]
 51%|█████     | 332/650 [06:10<05:04,  1.05it/s]
 51%|█████     | 333/650 [06:11<04:49,  1.10it/s]
 51%|█████▏    | 334/650 [06:12<04:39,  1.13it/s]
 52%|█████▏    | 335/650 [06:13<04:32,  1.16it/s]
 52%|█████▏    | 336/650 [06:14<04:26,  1.18it/s]
 52%|█████▏    | 337/650 [06:14<04:22,  1.19it/s]
 52%|█████▏    | 338/650 [06:15<04:15,  1.22it/s]
                                                 

 52%|█████▏    | 338/650 [06:15<04:15,  1.22it/s]{'loss': 0.0348, 'grad_norm': 0.31455275416374207, 'learning_rate': 2.4e-05, 'epoch': 26.0}


  0%|          | 0/26 [00:00<?, ?it/s][A

 15%|█▌        | 4/26 [00:00<00:00, 39.76it/s][A

 31%|███       | 8/26 [00:00<00:00, 33.10it/s][A

 46%|████▌     | 12/26 [00:00<00:00, 31.55it/s][A

 62%|██████▏   | 16/26 [00:00<00:00, 30.83it/s][A

 77%|███████▋  | 20/26 [00:00<00:00, 30.40it/s][A

 92%|█████████▏| 24/26 [00:00<00:00, 30.13it/s][A

                                               
[A
                                                 

100%|██████████| 26/26 [00:00<00:00, 30.13it/s][A
 52%|█████▏    | 338/650 [06:16<04:15,  1.22it/s]

                                               [A{'eval_loss': 0.06803101301193237, 'eval_macro_recall': 0.952339562509054, 'eval_macro_precision': 0.9560428330818406, 'eval_macro_f1': 0.9518964162244818, 'eval_accuracy': 0.9902912621359223, 'eval_micro_recall': 0.9902912621359223, 'eval_micro_precision': 0.9902912621359223, 'eval_micro_f1': 0.9902912621359223, 'eval_runtime': 1.1376, 'eval_samples_per_second': 724.341, 'eval_steps_per_second': 22.855, 'epoch': 26.0}

 52%|█████▏    | 339/650 [06:20<10:25,  2.01s/it]
 52%|█████▏    | 340/650 [06:21<08:31,  1.65s/it]
 52%|█████▏    | 341/650 [06:22<07:12,  1.40s/it]
 53%|█████▎    | 342/650 [06:22<06:16,  1.22s/it]
 53%|█████▎    | 343/650 [06:23<05:37,  1.10s/it]
 53%|█████▎    | 344/650 [06:24<05:09,  1.01s/it]
 53%|█████▎    | 345/650 [06:25<04:50,  1.05it/s]
 53%|█████▎    | 346/650 [06:26<04:37,  1.10it/s]
 53%|█████▎    | 347/650 [06:26<04:27,  1.13it/s]
 54%|█████▎    | 348/650 [06:27<04:20,  1.16it/s]
 54%|█████▎    | 349/650 [06:28<04:14,  1.18it/s]
 54%|█████▍    | 350/650 [06:29<04:11,  1.19it/s]
 54%|█████▍    | 351/650 [06:30<04:04,  1.22it/s]
                                                 

 54%|█████▍    | 351/650 [06:30<04:04,  1.22it/s]{'loss': 0.0326, 'grad_norm': 0.5133889317512512, 'learning_rate': 2.3000000000000003e-05, 'epoch': 27.0}


  0%|          | 0/26 [00:00<?, ?it/s][A

 19%|█▉        | 5/26 [00:00<00:00, 37.53it/s][A

 35%|███▍      | 9/26 [00:00<00:00, 32.86it/s][A

 50%|█████     | 13/26 [00:00<00:00, 31.42it/s][A

 65%|██████▌   | 17/26 [00:00<00:00, 30.74it/s][A

 81%|████████  | 21/26 [00:00<00:00, 30.39it/s][A

 96%|█████████▌| 25/26 [00:00<00:00, 30.16it/s][A

                                               
[A
                                                 

100%|██████████| 26/26 [00:00<00:00, 30.16it/s][A
 54%|█████▍    | 351/650 [06:31<04:04,  1.22it/s]

                                               [A{'eval_loss': 0.06716770678758621, 'eval_macro_recall': 0.9518464658621113, 'eval_macro_precision': 0.9546218402815375, 'eval_macro_f1': 0.9508007407698318, 'eval_accuracy': 0.9890776699029126, 'eval_micro_recall': 0.9890776699029126, 'eval_micro_precision': 0.9890776699029126, 'eval_micro_f1': 0.9890776699029126, 'eval_runtime': 1.153, 'eval_samples_per_second': 714.645, 'eval_steps_per_second': 22.549, 'epoch': 27.0}

 54%|█████▍    | 352/650 [06:34<10:01,  2.02s/it]
 54%|█████▍    | 353/650 [06:35<08:12,  1.66s/it]
 54%|█████▍    | 354/650 [06:36<06:55,  1.41s/it]
 55%|█████▍    | 355/650 [06:37<06:01,  1.23s/it]
 55%|█████▍    | 356/650 [06:38<05:24,  1.10s/it]
 55%|█████▍    | 357/650 [06:39<04:57,  1.02s/it]
 55%|█████▌    | 358/650 [06:39<04:39,  1.05it/s]
 55%|█████▌    | 359/650 [06:40<04:25,  1.10it/s]
 55%|█████▌    | 360/650 [06:41<04:15,  1.13it/s]
 56%|█████▌    | 361/650 [06:42<04:09,  1.16it/s]
 56%|█████▌    | 362/650 [06:43<04:04,  1.18it/s]
 56%|█████▌    | 363/650 [06:43<04:00,  1.19it/s]
 56%|█████▌    | 364/650 [06:44<03:53,  1.22it/s]
                                                 

 56%|█████▌    | 364/650 [06:44<03:53,  1.22it/s]{'loss': 0.0302, 'grad_norm': 0.336605042219162, 'learning_rate': 2.2000000000000003e-05, 'epoch': 28.0}


  0%|          | 0/26 [00:00<?, ?it/s][A

 15%|█▌        | 4/26 [00:00<00:00, 40.00it/s][A

 31%|███       | 8/26 [00:00<00:00, 33.14it/s][A

 46%|████▌     | 12/26 [00:00<00:00, 31.46it/s][A

 62%|██████▏   | 16/26 [00:00<00:00, 30.73it/s][A

 77%|███████▋  | 20/26 [00:00<00:00, 30.35it/s][A

 92%|█████████▏| 24/26 [00:00<00:00, 30.15it/s][A

                                               
[A
                                                 

100%|██████████| 26/26 [00:00<00:00, 30.15it/s][A
 56%|█████▌    | 364/650 [06:45<03:53,  1.22it/s]

                                               [A{'eval_loss': 0.0683489665389061, 'eval_macro_recall': 0.9515706660426346, 'eval_macro_precision': 0.9575986334786797, 'eval_macro_f1': 0.9523967779317399, 'eval_accuracy': 0.9890776699029126, 'eval_micro_recall': 0.9890776699029126, 'eval_micro_precision': 0.9890776699029126, 'eval_micro_f1': 0.9890776699029126, 'eval_runtime': 1.1642, 'eval_samples_per_second': 707.78, 'eval_steps_per_second': 22.333, 'epoch': 28.0}

 56%|█████▌    | 365/650 [06:49<09:33,  2.01s/it]
 56%|█████▋    | 366/650 [06:50<07:49,  1.65s/it]
 56%|█████▋    | 367/650 [06:51<06:36,  1.40s/it]
 57%|█████▋    | 368/650 [06:51<05:45,  1.23s/it]
 57%|█████▋    | 369/650 [06:52<05:09,  1.10s/it]
 57%|█████▋    | 370/650 [06:53<04:44,  1.02s/it]
 57%|█████▋    | 371/650 [06:54<04:26,  1.05it/s]
 57%|█████▋    | 372/650 [06:55<04:13,  1.10it/s]
 57%|█████▋    | 373/650 [06:56<04:04,  1.13it/s]
 58%|█████▊    | 374/650 [06:56<03:58,  1.16it/s]
 58%|█████▊    | 375/650 [06:57<03:53,  1.18it/s]
 58%|█████▊    | 376/650 [06:58<03:49,  1.19it/s]
 58%|█████▊    | 377/650 [06:59<03:42,  1.23it/s]
                                                 

 58%|█████▊    | 377/650 [06:59<03:42,  1.23it/s]{'loss': 0.0298, 'grad_norm': 0.11589809507131577, 'learning_rate': 2.1e-05, 'epoch': 29.0}


  0%|          | 0/26 [00:00<?, ?it/s][A

 15%|█▌        | 4/26 [00:00<00:00, 39.95it/s][A

 31%|███       | 8/26 [00:00<00:00, 33.19it/s][A

 46%|████▌     | 12/26 [00:00<00:00, 31.47it/s][A

 62%|██████▏   | 16/26 [00:00<00:00, 30.74it/s][A

 77%|███████▋  | 20/26 [00:00<00:00, 30.36it/s][A

 92%|█████████▏| 24/26 [00:00<00:00, 30.12it/s][A

                                               
[A
                                                 

100%|██████████| 26/26 [00:00<00:00, 30.12it/s][A
 58%|█████▊    | 377/650 [07:00<03:42,  1.23it/s]

                                               [A{'eval_loss': 0.0649847760796547, 'eval_macro_recall': 0.9520637626895775, 'eval_macro_precision': 0.956209753035076, 'eval_macro_f1': 0.9518775205128981, 'eval_accuracy': 0.9902912621359223, 'eval_micro_recall': 0.9902912621359223, 'eval_micro_precision': 0.9902912621359223, 'eval_micro_f1': 0.9902912621359223, 'eval_runtime': 1.1346, 'eval_samples_per_second': 726.269, 'eval_steps_per_second': 22.916, 'epoch': 29.0}

 58%|█████▊    | 378/650 [07:03<08:59,  1.98s/it]
 58%|█████▊    | 379/650 [07:04<07:22,  1.63s/it]
 58%|█████▊    | 380/650 [07:05<06:14,  1.39s/it]
 59%|█████▊    | 381/650 [07:06<05:26,  1.22s/it]
 59%|█████▉    | 382/650 [07:07<04:53,  1.09s/it]
 59%|█████▉    | 383/650 [07:08<04:29,  1.01s/it]
 59%|█████▉    | 384/650 [07:08<04:13,  1.05it/s]
 59%|█████▉    | 385/650 [07:09<04:01,  1.10it/s]
 59%|█████▉    | 386/650 [07:10<03:52,  1.13it/s]
 60%|█████▉    | 387/650 [07:11<03:46,  1.16it/s]
 60%|█████▉    | 388/650 [07:12<03:42,  1.18it/s]
 60%|█████▉    | 389/650 [07:12<03:38,  1.19it/s]
 60%|██████    | 390/650 [07:13<03:31,  1.23it/s]
                                                 

 60%|██████    | 390/650 [07:13<03:31,  1.23it/s]{'loss': 0.0281, 'grad_norm': 0.23224954307079315, 'learning_rate': 2e-05, 'epoch': 30.0}


  0%|          | 0/26 [00:00<?, ?it/s][A

 19%|█▉        | 5/26 [00:00<00:00, 37.41it/s][A

 35%|███▍      | 9/26 [00:00<00:00, 32.90it/s][A

 50%|█████     | 13/26 [00:00<00:00, 31.43it/s][A

 65%|██████▌   | 17/26 [00:00<00:00, 30.76it/s][A

 81%|████████  | 21/26 [00:00<00:00, 30.38it/s][A

 96%|█████████▌| 25/26 [00:00<00:00, 30.15it/s][A

                                               
[A
                                                 

100%|██████████| 26/26 [00:00<00:00, 30.15it/s][A
 60%|██████    | 390/650 [07:14<03:31,  1.23it/s]

                                               [A{'eval_loss': 0.0646553784608841, 'eval_macro_recall': 0.952339562509054, 'eval_macro_precision': 0.9548941279857672, 'eval_macro_f1': 0.9511587461753137, 'eval_accuracy': 0.9902912621359223, 'eval_micro_recall': 0.9902912621359223, 'eval_micro_precision': 0.9902912621359223, 'eval_micro_f1': 0.9902912621359223, 'eval_runtime': 1.1402, 'eval_samples_per_second': 722.709, 'eval_steps_per_second': 22.804, 'epoch': 30.0}

 60%|██████    | 391/650 [07:18<08:39,  2.00s/it]
 60%|██████    | 392/650 [07:19<07:05,  1.65s/it]
 60%|██████    | 393/650 [07:20<05:59,  1.40s/it]
 61%|██████    | 394/650 [07:20<05:12,  1.22s/it]
 61%|██████    | 395/650 [07:21<04:40,  1.10s/it]
 61%|██████    | 396/650 [07:22<04:17,  1.01s/it]
 61%|██████    | 397/650 [07:23<04:01,  1.05it/s]
 61%|██████    | 398/650 [07:24<03:49,  1.10it/s]
 61%|██████▏   | 399/650 [07:24<03:41,  1.13it/s]
 62%|██████▏   | 400/650 [07:25<03:35,  1.16it/s]
 62%|██████▏   | 401/650 [07:26<03:31,  1.18it/s]
 62%|██████▏   | 402/650 [07:27<03:27,  1.19it/s]
 62%|██████▏   | 403/650 [07:28<03:20,  1.23it/s]
                                                 

 62%|██████▏   | 403/650 [07:28<03:20,  1.23it/s]{'loss': 0.0306, 'grad_norm': 0.2884216010570526, 'learning_rate': 1.9e-05, 'epoch': 31.0}


  0%|          | 0/26 [00:00<?, ?it/s][A

 19%|█▉        | 5/26 [00:00<00:00, 37.49it/s][A

 35%|███▍      | 9/26 [00:00<00:00, 32.82it/s][A

 50%|█████     | 13/26 [00:00<00:00, 31.45it/s][A

 65%|██████▌   | 17/26 [00:00<00:00, 30.75it/s][A

 81%|████████  | 21/26 [00:00<00:00, 30.37it/s][A

 96%|█████████▌| 25/26 [00:00<00:00, 30.11it/s][A

                                               
[A
                                                 

100%|██████████| 26/26 [00:01<00:00, 30.11it/s][A
 62%|██████▏   | 403/650 [07:29<03:20,  1.23it/s]

                                               [A{'eval_loss': 0.06913939118385315, 'eval_macro_recall': 0.9512711864406779, 'eval_macro_precision': 0.9574473657084963, 'eval_macro_f1': 0.9521153920840596, 'eval_accuracy': 0.9890776699029126, 'eval_micro_recall': 0.9890776699029126, 'eval_micro_precision': 0.9890776699029126, 'eval_micro_f1': 0.9890776699029126, 'eval_runtime': 1.1331, 'eval_samples_per_second': 727.184, 'eval_steps_per_second': 22.945, 'epoch': 31.0}

 62%|██████▏   | 404/650 [07:33<09:01,  2.20s/it]
 62%|██████▏   | 405/650 [07:34<07:17,  1.78s/it]
 62%|██████▏   | 406/650 [07:35<06:04,  1.49s/it]
 63%|██████▎   | 407/650 [07:36<05:13,  1.29s/it]
 63%|██████▎   | 408/650 [07:36<04:37,  1.15s/it]
 63%|██████▎   | 409/650 [07:37<04:12,  1.05s/it]
 63%|██████▎   | 410/650 [07:38<03:54,  1.02it/s]
 63%|██████▎   | 411/650 [07:39<03:41,  1.08it/s]
 63%|██████▎   | 412/650 [07:40<03:32,  1.12it/s]
 64%|██████▎   | 413/650 [07:40<03:26,  1.15it/s]
 64%|██████▎   | 414/650 [07:41<03:21,  1.17it/s]
 64%|██████▍   | 415/650 [07:42<03:17,  1.19it/s]
 64%|██████▍   | 416/650 [07:43<03:11,  1.22it/s]
                                                 

 64%|██████▍   | 416/650 [07:43<03:11,  1.22it/s]{'loss': 0.0302, 'grad_norm': 0.08388163149356842, 'learning_rate': 1.8e-05, 'epoch': 32.0}


  0%|          | 0/26 [00:00<?, ?it/s][A

 19%|█▉        | 5/26 [00:00<00:00, 37.49it/s][A

 35%|███▍      | 9/26 [00:00<00:00, 32.96it/s][A

 50%|█████     | 13/26 [00:00<00:00, 31.52it/s][A

 65%|██████▌   | 17/26 [00:00<00:00, 30.84it/s][A

 81%|████████  | 21/26 [00:00<00:00, 30.44it/s][A

 96%|█████████▌| 25/26 [00:00<00:00, 30.23it/s][A

                                               
[A
                                                 

100%|██████████| 26/26 [00:00<00:00, 30.23it/s][A
 64%|██████▍   | 416/650 [07:44<03:11,  1.22it/s]

                                               [A{'eval_loss': 0.0674753487110138, 'eval_macro_recall': 0.9518464658621113, 'eval_macro_precision': 0.9573999992818195, 'eval_macro_f1': 0.952422438767918, 'eval_accuracy': 0.9890776699029126, 'eval_micro_recall': 0.9890776699029126, 'eval_micro_precision': 0.9890776699029126, 'eval_micro_f1': 0.9890776699029126, 'eval_runtime': 1.1665, 'eval_samples_per_second': 706.412, 'eval_steps_per_second': 22.29, 'epoch': 32.0}

 64%|██████▍   | 417/650 [07:48<07:51,  2.03s/it]
 64%|██████▍   | 418/650 [07:48<06:25,  1.66s/it]
 64%|██████▍   | 419/650 [07:49<05:24,  1.41s/it]
 65%|██████▍   | 420/650 [07:50<04:42,  1.23s/it]
 65%|██████▍   | 421/650 [07:51<04:12,  1.10s/it]
 65%|██████▍   | 422/650 [07:52<03:51,  1.02s/it]
 65%|██████▌   | 423/650 [07:53<03:36,  1.05it/s]
 65%|██████▌   | 424/650 [07:53<03:26,  1.10it/s]
 65%|██████▌   | 425/650 [07:54<03:18,  1.13it/s]
 66%|██████▌   | 426/650 [07:55<03:13,  1.16it/s]
 66%|██████▌   | 427/650 [07:56<03:09,  1.18it/s]
 66%|██████▌   | 428/650 [07:57<03:05,  1.20it/s]
 66%|██████▌   | 429/650 [07:57<03:00,  1.22it/s]
                                                 

 66%|██████▌   | 429/650 [07:57<03:00,  1.22it/s]{'loss': 0.0271, 'grad_norm': 0.1853281855583191, 'learning_rate': 1.7000000000000003e-05, 'epoch': 33.0}


  0%|          | 0/26 [00:00<?, ?it/s][A

 15%|█▌        | 4/26 [00:00<00:00, 39.99it/s][A

 31%|███       | 8/26 [00:00<00:00, 33.22it/s][A

 46%|████▌     | 12/26 [00:00<00:00, 31.61it/s][A

 62%|██████▏   | 16/26 [00:00<00:00, 30.82it/s][A

 77%|███████▋  | 20/26 [00:00<00:00, 30.41it/s][A

 92%|█████████▏| 24/26 [00:00<00:00, 30.14it/s][A

                                               
[A
                                                 

100%|██████████| 26/26 [00:00<00:00, 30.14it/s][A
 66%|██████▌   | 429/650 [07:59<03:00,  1.22it/s]

                                               [A{'eval_loss': 0.06952665746212006, 'eval_macro_recall': 0.9513533692151684, 'eval_macro_precision': 0.9571463138586427, 'eval_macro_f1': 0.9520603667121219, 'eval_accuracy': 0.9878640776699029, 'eval_micro_recall': 0.9878640776699029, 'eval_micro_precision': 0.9878640776699029, 'eval_micro_f1': 0.9878640776699029, 'eval_runtime': 1.1619, 'eval_samples_per_second': 709.19, 'eval_steps_per_second': 22.377, 'epoch': 33.0}

 66%|██████▌   | 430/650 [08:02<07:27,  2.03s/it]
 66%|██████▋   | 431/650 [08:03<06:04,  1.67s/it]
 66%|██████▋   | 432/650 [08:04<05:07,  1.41s/it]
 67%|██████▋   | 433/650 [08:05<04:27,  1.23s/it]
 67%|██████▋   | 434/650 [08:05<03:58,  1.11s/it]
 67%|██████▋   | 435/650 [08:06<03:39,  1.02s/it]
 67%|██████▋   | 436/650 [08:07<03:24,  1.04it/s]
 67%|██████▋   | 437/650 [08:08<03:14,  1.09it/s]
 67%|██████▋   | 438/650 [08:09<03:07,  1.13it/s]
 68%|██████▊   | 439/650 [08:10<03:02,  1.16it/s]
 68%|██████▊   | 440/650 [08:10<02:58,  1.18it/s]
 68%|██████▊   | 441/650 [08:11<02:55,  1.19it/s]
 68%|██████▊   | 442/650 [08:12<02:49,  1.23it/s]
                                                 

 68%|██████▊   | 442/650 [08:12<02:49,  1.23it/s]{'loss': 0.0245, 'grad_norm': 0.24508680403232574, 'learning_rate': 1.6000000000000003e-05, 'epoch': 34.0}


  0%|          | 0/26 [00:00<?, ?it/s][A

 19%|█▉        | 5/26 [00:00<00:00, 37.44it/s][A

 35%|███▍      | 9/26 [00:00<00:00, 32.92it/s][A

 50%|█████     | 13/26 [00:00<00:00, 31.45it/s][A

 65%|██████▌   | 17/26 [00:00<00:00, 30.81it/s][A

 81%|████████  | 21/26 [00:00<00:00, 30.45it/s][A

 96%|█████████▌| 25/26 [00:00<00:00, 30.21it/s][A

                                               
[A
                                                 

100%|██████████| 26/26 [00:01<00:00, 30.21it/s][A
 68%|██████▊   | 442/650 [08:13<02:49,  1.23it/s]

                                               [A{'eval_loss': 0.06788486987352371, 'eval_macro_recall': 0.9513533692151684, 'eval_macro_precision': 0.9555176223994426, 'eval_macro_f1': 0.9511764307488088, 'eval_accuracy': 0.9878640776699029, 'eval_micro_recall': 0.9878640776699029, 'eval_micro_precision': 0.9878640776699029, 'eval_micro_f1': 0.9878640776699029, 'eval_runtime': 1.1384, 'eval_samples_per_second': 723.844, 'eval_steps_per_second': 22.84, 'epoch': 34.0}

 68%|██████▊   | 443/650 [08:17<07:09,  2.08s/it]
 68%|██████▊   | 444/650 [08:18<05:49,  1.70s/it]
 68%|██████▊   | 445/650 [08:19<04:53,  1.43s/it]
 69%|██████▊   | 446/650 [08:19<04:14,  1.25s/it]
 69%|██████▉   | 447/650 [08:20<03:46,  1.12s/it]
 69%|██████▉   | 448/650 [08:21<03:27,  1.03s/it]
 69%|██████▉   | 449/650 [08:22<03:13,  1.04it/s]
 69%|██████▉   | 450/650 [08:23<03:03,  1.09it/s]
 69%|██████▉   | 451/650 [08:23<02:56,  1.13it/s]
 70%|██████▉   | 452/650 [08:24<02:51,  1.16it/s]
 70%|██████▉   | 453/650 [08:25<02:47,  1.18it/s]
 70%|██████▉   | 454/650 [08:26<02:44,  1.19it/s]
 70%|███████   | 455/650 [08:27<02:39,  1.22it/s]
                                                 

 70%|███████   | 455/650 [08:27<02:39,  1.22it/s]{'loss': 0.0238, 'grad_norm': 0.547538161277771, 'learning_rate': 1.5e-05, 'epoch': 35.0}


  0%|          | 0/26 [00:00<?, ?it/s][A

 19%|█▉        | 5/26 [00:00<00:00, 37.60it/s][A

 35%|███▍      | 9/26 [00:00<00:00, 32.92it/s][A

 50%|█████     | 13/26 [00:00<00:00, 31.47it/s][A

 65%|██████▌   | 17/26 [00:00<00:00, 30.78it/s][A

 81%|████████  | 21/26 [00:00<00:00, 30.42it/s][A

 96%|█████████▌| 25/26 [00:00<00:00, 30.19it/s][A

                                               
[A
                                                 

100%|██████████| 26/26 [00:00<00:00, 30.19it/s][A
 70%|███████   | 455/650 [08:28<02:39,  1.22it/s]

                                               [A
                                                 

 70%|███████   | 455/650 [08:32<02:39,  1.22it/s]
 70%|███████   | 455/650 [08:32<03:39,  1.13s/it]
2025-04-12 16:10:19.120 | INFO     | __main__:fine_tune:231 - Training time: 513.01 seconds
{'eval_loss': 0.06661038845777512, 'eval_macro_recall': 0.9515706660426346, 'eval_macro_precision': 0.9575986334786797, 'eval_macro_f1': 0.9523967779317399, 'eval_accuracy': 0.9890776699029126, 'eval_micro_recall': 0.9890776699029126, 'eval_micro_precision': 0.9890776699029126, 'eval_micro_f1': 0.9890776699029126, 'eval_runtime': 1.118, 'eval_samples_per_second': 737.036, 'eval_steps_per_second': 23.256, 'epoch': 35.0}
{'train_runtime': 512.6564, 'train_samples_per_second': 321.268, 'train_steps_per_second': 1.268, 'train_loss': 0.44856996608304456, 'epoch': 35.0}

  0%|          | 0/26 [00:00<?, ?it/s]
 15%|█▌        | 4/26 [00:00<00:00, 38.91it/s]
 31%|███       | 8/26 [00:00<00:00, 33.13it/s]
 46%|████▌     | 12/26 [00:00<00:00, 31.57it/s]
 62%|██████▏   | 16/26 [00:00<00:00, 30.85it/s]
 77%|███████▋  | 20/26 [00:00<00:00, 30.48it/s]
 92%|█████████▏| 24/26 [00:00<00:00, 30.26it/s]
100%|██████████| 26/26 [00:01<00:00, 25.87it/s]
2025-04-12 16:10:20.348 | INFO     | __main__:fine_tune:242 - Prediction time: 1.23 seconds
2025-04-12 16:10:20.352 | INFO     | __main__:CV_run:419 - Fold 3, Final Eval Metrics: loss: 0.07, macro_recall: 0.95, macro_precision: 0.96, macro_f1: 0.95, accuracy: 0.99, micro_recall: 0.99, micro_precision: 0.99, micro_f1: 0.99, runtime: 1.12, samples_per_second: 737.04, steps_per_second: 23.26
2025-04-12 16:10:20.352 | INFO     | __main__:CV_run:357 - Starting fold 4
Some weights of RobertaForSequenceClassification were not initialized from the model checkpoint at roberta-base and are newly initialized: ['classifier.dense.bias', 'classifier.dense.weight', 'classifier.out_proj.bias', 'classifier.out_proj.weight']
You should probably TRAIN this model on a down-stream task to be able to use it for predictions and inference.
2025-04-12 16:10:20.571 | INFO     | __main__:CV_run:409 - Starting fine-tuning with cross-entropy loss
Eval results: defaultdict(<class 'list'>, {'loss': [3.4227283000946045, 2.385050058364868, 1.6481341123580933, 1.1974427700042725, 0.8591451048851013, 0.6210830807685852, 0.45807597041130066, 0.3513067960739136, 0.27568498253822327, 0.21478582918643951, 0.17333762347698212, 0.15238997340202332, 0.12879811227321625, 0.12722815573215485, 0.10473084449768066, 0.10354243963956833, 0.09615837037563324, 0.08947176486253738, 0.08566462248563766, 0.08371223509311676, 0.07491932064294815, 0.07608913630247116, 0.07155616581439972, 0.07238339632749557, 0.06951596587896347, 0.06803101301193237, 0.06716770678758621, 0.0683489665389061, 0.0649847760796547, 0.0646553784608841, 0.06913939118385315, 0.0674753487110138, 0.06952665746212006, 0.06788486987352371, 0.06661038845777512], 'macro_recall': [0.06892959353366593, 0.2379883142595007, 0.5128103378103378, 0.661620053976638, 0.7278584880279796, 0.8131301607996523, 0.8764848616543531, 0.8828951180646095, 0.9106728958423874, 0.9288352890047804, 0.9437889323482543, 0.9444335796030712, 0.9465703317398234, 0.9464074604231059, 0.95073699840649, 0.9497912633505854, 0.95073699840649, 0.95073699840649, 0.9521222656815878, 0.9469519941162704, 0.952339562509054, 0.9516291690346451, 0.952339562509054, 0.9519049688541216, 0.952339562509054, 0.952339562509054, 0.9518464658621113, 0.9515706660426346, 0.9520637626895775, 0.952339562509054, 0.9512711864406779, 0.9518464658621113, 0.9513533692151684, 0.9513533692151684, 0.9515706660426346], 'macro_precision': [0.0514403968074653, 0.17853985182088492, 0.4733778490405206, 0.6426635129372134, 0.7071466991150213, 0.7941670217585256, 0.8860358624997698, 0.8897483583766544, 0.9149964359764723, 0.9359719033501994, 0.9526970949863466, 0.9539237235007738, 0.9551719624413204, 0.9429841081535997, 0.9564107307954733, 0.9547021693092347, 0.9556476050323477, 0.9558256677104103, 0.954510986223315, 0.9542362609485897, 0.9576571695419122, 0.9569940395684372, 0.9576571695419122, 0.9568998160314997, 0.9576571695419122, 0.9560428330818406, 0.9546218402815375, 0.9575986334786797, 0.956209753035076, 0.9548941279857672, 0.9574473657084963, 0.9573999992818195, 0.9571463138586427, 0.9555176223994426, 0.9575986334786797], 'macro_f1': [0.04482967512503716, 0.18945298638053704, 0.4665252513613817, 0.6281185945544229, 0.707929085543723, 0.797244410405367, 0.8748085831678554, 0.881283377219514, 0.9067602659320044, 0.9289534252815799, 0.9449468124382963, 0.9463040245312943, 0.9481907885609154, 0.9445603278006914, 0.9512641435067587, 0.9497385632708728, 0.9508353638137651, 0.9509359168554945, 0.9508269015642927, 0.948165775176147, 0.9527768110040807, 0.9520914564725723, 0.9527768110040807, 0.9521190114376383, 0.9527768110040807, 0.9518964162244818, 0.9508007407698318, 0.9523967779317399, 0.9518775205128981, 0.9511587461753137, 0.9521153920840596, 0.952422438767918, 0.9520603667121219, 0.9511764307488088, 0.9523967779317399], 'accuracy': [0.2487864077669903, 0.4890776699029126, 0.7220873786407767, 0.837378640776699, 0.8907766990291263, 0.9247572815533981, 0.9599514563106796, 0.9635922330097088, 0.9635922330097088, 0.9769417475728155, 0.9842233009708737, 0.9854368932038835, 0.9866504854368932, 0.9866504854368932, 0.9890776699029126, 0.9866504854368932, 0.9890776699029126, 0.9890776699029126, 0.9890776699029126, 0.9842233009708737, 0.9902912621359223, 0.9878640776699029, 0.9902912621359223, 0.9878640776699029, 0.9902912621359223, 0.9902912621359223, 0.9890776699029126, 0.9890776699029126, 0.9902912621359223, 0.9902912621359223, 0.9890776699029126, 0.9890776699029126, 0.9878640776699029, 0.9878640776699029, 0.9890776699029126], 'micro_recall': [0.2487864077669903, 0.4890776699029126, 0.7220873786407767, 0.837378640776699, 0.8907766990291263, 0.9247572815533981, 0.9599514563106796, 0.9635922330097088, 0.9635922330097088, 0.9769417475728155, 0.9842233009708737, 0.9854368932038835, 0.9866504854368932, 0.9866504854368932, 0.9890776699029126, 0.9866504854368932, 0.9890776699029126, 0.9890776699029126, 0.9890776699029126, 0.9842233009708737, 0.9902912621359223, 0.9878640776699029, 0.9902912621359223, 0.9878640776699029, 0.9902912621359223, 0.9902912621359223, 0.9890776699029126, 0.9890776699029126, 0.9902912621359223, 0.9902912621359223, 0.9890776699029126, 0.9890776699029126, 0.9878640776699029, 0.9878640776699029, 0.9890776699029126], 'micro_precision': [0.2487864077669903, 0.4890776699029126, 0.7220873786407767, 0.837378640776699, 0.8907766990291263, 0.9247572815533981, 0.9599514563106796, 0.9635922330097088, 0.9635922330097088, 0.9769417475728155, 0.9842233009708737, 0.9854368932038835, 0.9866504854368932, 0.9866504854368932, 0.9890776699029126, 0.9866504854368932, 0.9890776699029126, 0.9890776699029126, 0.9890776699029126, 0.9842233009708737, 0.9902912621359223, 0.9878640776699029, 0.9902912621359223, 0.9878640776699029, 0.9902912621359223, 0.9902912621359223, 0.9890776699029126, 0.9890776699029126, 0.9902912621359223, 0.9902912621359223, 0.9890776699029126, 0.9890776699029126, 0.9878640776699029, 0.9878640776699029, 0.9890776699029126], 'micro_f1': [0.2487864077669903, 0.4890776699029126, 0.7220873786407768, 0.837378640776699, 0.8907766990291263, 0.9247572815533981, 0.9599514563106796, 0.9635922330097088, 0.9635922330097088, 0.9769417475728155, 0.9842233009708737, 0.9854368932038835, 0.9866504854368932, 0.9866504854368932, 0.9890776699029126, 0.9866504854368932, 0.9890776699029126, 0.9890776699029126, 0.9890776699029126, 0.9842233009708737, 0.9902912621359223, 0.9878640776699029, 0.9902912621359223, 0.9878640776699029, 0.9902912621359223, 0.9902912621359223, 0.9890776699029126, 0.9890776699029126, 0.9902912621359223, 0.9902912621359223, 0.9890776699029126, 0.9890776699029126, 0.9878640776699029, 0.9878640776699029, 0.9890776699029126], 'runtime': [1.1538, 1.1856, 1.1658, 1.1328, 1.4152, 1.1689, 1.1596, 1.1628, 1.1537, 1.1413, 1.1486, 1.1794, 1.1616, 1.1497, 1.1695, 1.1185, 1.1583, 1.1481, 1.1466, 1.1495, 1.1571, 1.1457, 1.2068, 1.1527, 1.1491, 1.1376, 1.153, 1.1642, 1.1346, 1.1402, 1.1331, 1.1665, 1.1619, 1.1384, 1.118], 'samples_per_second': [714.155, 695.011, 706.819, 727.422, 582.244, 704.916, 710.585, 708.62, 714.217, 721.974, 717.392, 698.661, 709.369, 716.702, 704.603, 736.693, 711.365, 717.706, 718.619, 716.814, 712.123, 719.197, 682.775, 714.835, 717.053, 724.341, 714.645, 707.78, 726.269, 722.709, 727.184, 706.412, 709.19, 723.844, 737.036], 'steps_per_second': [22.534, 21.93, 22.303, 22.953, 18.372, 22.243, 22.421, 22.359, 22.536, 22.781, 22.636, 22.045, 22.383, 22.614, 22.233, 23.245, 22.446, 22.646, 22.675, 22.618, 22.47, 22.693, 21.544, 22.555, 22.625, 22.855, 22.549, 22.333, 22.916, 22.804, 22.945, 22.29, 22.377, 22.84, 23.256]})

  0%|          | 0/650 [00:00<?, ?it/s]
  0%|          | 1/650 [00:01<12:57,  1.20s/it]
  0%|          | 2/650 [00:02<10:28,  1.03it/s]
  0%|          | 3/650 [00:02<09:41,  1.11it/s]
  1%|          | 4/650 [00:03<09:17,  1.16it/s]
  1%|          | 5/650 [00:04<09:04,  1.19it/s]
  1%|          | 6/650 [00:05<08:56,  1.20it/s]
  1%|          | 7/650 [00:06<08:50,  1.21it/s]
  1%|          | 8/650 [00:06<08:46,  1.22it/s]
  1%|▏         | 9/650 [00:07<08:44,  1.22it/s]
  2%|▏         | 10/650 [00:08<08:41,  1.23it/s]
  2%|▏         | 11/650 [00:09<08:39,  1.23it/s]
  2%|▏         | 12/650 [00:10<08:38,  1.23it/s]
  2%|▏         | 13/650 [00:10<08:29,  1.25it/s]
                                                

  2%|▏         | 13/650 [00:10<08:29,  1.25it/s]{'loss': 3.9195, 'grad_norm': 3.966376543045044, 'learning_rate': 4.9e-05, 'epoch': 1.0}


  0%|          | 0/26 [00:00<?, ?it/s][A

 19%|█▉        | 5/26 [00:00<00:00, 38.39it/s][A

 35%|███▍      | 9/26 [00:00<00:00, 33.26it/s][A

 50%|█████     | 13/26 [00:00<00:00, 31.62it/s][A

 65%|██████▌   | 17/26 [00:00<00:00, 30.88it/s][A

 81%|████████  | 21/26 [00:00<00:00, 30.48it/s][A

 96%|█████████▌| 25/26 [00:00<00:00, 30.22it/s][A

                                               
[A
                                                

100%|██████████| 26/26 [00:00<00:00, 30.22it/s][A
  2%|▏         | 13/650 [00:12<08:29,  1.25it/s]

                                               [A{'eval_loss': 3.154788017272949, 'eval_macro_recall': 0.11842105263157894, 'eval_macro_precision': 0.06021021608021524, 'eval_macro_f1': 0.07644199665039678, 'eval_accuracy': 0.4082624544349939, 'eval_micro_recall': 0.4082624544349939, 'eval_micro_precision': 0.4082624544349939, 'eval_micro_f1': 0.4082624544349939, 'eval_runtime': 1.1504, 'eval_samples_per_second': 715.392, 'eval_steps_per_second': 22.6, 'epoch': 1.0}

  2%|▏         | 14/650 [00:15<21:44,  2.05s/it]
  2%|▏         | 15/650 [00:16<17:44,  1.68s/it]
  2%|▏         | 16/650 [00:17<14:57,  1.42s/it]
  3%|▎         | 17/650 [00:18<13:01,  1.23s/it]
  3%|▎         | 18/650 [00:19<11:40,  1.11s/it]
  3%|▎         | 19/650 [00:19<10:43,  1.02s/it]
  3%|▎         | 20/650 [00:20<10:03,  1.04it/s]
  3%|▎         | 21/650 [00:21<09:34,  1.10it/s]
  3%|▎         | 22/650 [00:22<09:14,  1.13it/s]
  4%|▎         | 23/650 [00:23<09:00,  1.16it/s]
  4%|▎         | 24/650 [00:23<08:50,  1.18it/s]
  4%|▍         | 25/650 [00:24<08:43,  1.19it/s]
  4%|▍         | 26/650 [00:25<08:49,  1.18it/s]
                                                

  4%|▍         | 26/650 [00:25<08:49,  1.18it/s]{'loss': 2.8293, 'grad_norm': 3.5480527877807617, 'learning_rate': 4.8e-05, 'epoch': 2.0}


  0%|          | 0/26 [00:00<?, ?it/s][A

 19%|█▉        | 5/26 [00:00<00:00, 37.73it/s][A

 35%|███▍      | 9/26 [00:00<00:00, 32.99it/s][A

 50%|█████     | 13/26 [00:00<00:00, 31.55it/s][A

 65%|██████▌   | 17/26 [00:00<00:00, 30.87it/s][A

 81%|████████  | 21/26 [00:00<00:00, 30.49it/s][A

 96%|█████████▌| 25/26 [00:00<00:00, 30.26it/s][A

                                               
[A
                                                

100%|██████████| 26/26 [00:01<00:00, 30.26it/s][A
  4%|▍         | 26/650 [00:27<08:49,  1.18it/s]

                                               [A{'eval_loss': 2.138681411743164, 'eval_macro_recall': 0.24357057416267944, 'eval_macro_precision': 0.19005983968574447, 'eval_macro_f1': 0.19689341604798183, 'eval_accuracy': 0.583232077764277, 'eval_micro_recall': 0.583232077764277, 'eval_micro_precision': 0.583232077764277, 'eval_micro_f1': 0.583232077764277, 'eval_runtime': 1.1531, 'eval_samples_per_second': 713.725, 'eval_steps_per_second': 22.548, 'epoch': 2.0}

  4%|▍         | 27/650 [00:30<22:52,  2.20s/it]
  4%|▍         | 28/650 [00:31<18:30,  1.78s/it]
  4%|▍         | 29/650 [00:32<15:27,  1.49s/it]
  5%|▍         | 30/650 [00:33<13:19,  1.29s/it]
  5%|▍         | 31/650 [00:34<11:50,  1.15s/it]
  5%|▍         | 32/650 [00:35<10:46,  1.05s/it]
  5%|▌         | 33/650 [00:35<10:01,  1.03it/s]
  5%|▌         | 34/650 [00:36<09:30,  1.08it/s]
  5%|▌         | 35/650 [00:37<09:08,  1.12it/s]
  6%|▌         | 36/650 [00:38<08:53,  1.15it/s]
  6%|▌         | 37/650 [00:39<08:42,  1.17it/s]
  6%|▌         | 38/650 [00:39<08:34,  1.19it/s]
  6%|▌         | 39/650 [00:40<08:37,  1.18it/s]
                                                

  6%|▌         | 39/650 [00:40<08:37,  1.18it/s]{'loss': 2.013, 'grad_norm': 3.0155141353607178, 'learning_rate': 4.7e-05, 'epoch': 3.0}


  0%|          | 0/26 [00:00<?, ?it/s][A

 19%|█▉        | 5/26 [00:00<00:00, 38.38it/s][A

 35%|███▍      | 9/26 [00:00<00:00, 33.22it/s][A

 50%|█████     | 13/26 [00:00<00:00, 31.69it/s][A

 65%|██████▌   | 17/26 [00:00<00:00, 30.90it/s][A

 81%|████████  | 21/26 [00:00<00:00, 30.49it/s][A

 96%|█████████▌| 25/26 [00:00<00:00, 30.27it/s][A

                                               
[A
                                                

100%|██████████| 26/26 [00:00<00:00, 30.27it/s][A
  6%|▌         | 39/650 [00:42<08:37,  1.18it/s]

                                               [A{'eval_loss': 1.487513542175293, 'eval_macro_recall': 0.5493240312319261, 'eval_macro_precision': 0.5002182826633903, 'eval_macro_f1': 0.5054294190303548, 'eval_accuracy': 0.732685297691373, 'eval_micro_recall': 0.732685297691373, 'eval_micro_precision': 0.732685297691373, 'eval_micro_f1': 0.7326852976913729, 'eval_runtime': 1.1538, 'eval_samples_per_second': 713.286, 'eval_steps_per_second': 22.534, 'epoch': 3.0}

  6%|▌         | 40/650 [00:45<21:05,  2.07s/it]
  6%|▋         | 41/650 [00:46<17:13,  1.70s/it]
  6%|▋         | 42/650 [00:47<14:30,  1.43s/it]
  7%|▋         | 43/650 [00:48<12:36,  1.25s/it]
  7%|▋         | 44/650 [00:48<11:16,  1.12s/it]
  7%|▋         | 45/650 [00:49<10:19,  1.02s/it]
  7%|▋         | 46/650 [00:50<09:40,  1.04it/s]
  7%|▋         | 47/650 [00:51<09:13,  1.09it/s]
  7%|▋         | 48/650 [00:52<08:53,  1.13it/s]
  8%|▊         | 49/650 [00:53<08:39,  1.16it/s]
  8%|▊         | 50/650 [00:53<08:29,  1.18it/s]
  8%|▊         | 51/650 [00:54<08:22,  1.19it/s]
  8%|▊         | 52/650 [00:55<08:08,  1.22it/s]
                                                

  8%|▊         | 52/650 [00:55<08:08,  1.22it/s]{'loss': 1.4586, 'grad_norm': 3.24519944190979, 'learning_rate': 4.600000000000001e-05, 'epoch': 4.0}


  0%|          | 0/26 [00:00<?, ?it/s][A

 15%|█▌        | 4/26 [00:00<00:00, 39.90it/s][A

 31%|███       | 8/26 [00:00<00:00, 33.22it/s][A

 46%|████▌     | 12/26 [00:00<00:00, 31.55it/s][A

 62%|██████▏   | 16/26 [00:00<00:00, 30.84it/s][A

 77%|███████▋  | 20/26 [00:00<00:00, 30.47it/s][A

 92%|█████████▏| 24/26 [00:00<00:00, 30.22it/s][A

                                               
[A
                                                

100%|██████████| 26/26 [00:00<00:00, 30.22it/s][A
  8%|▊         | 52/650 [00:56<08:08,  1.22it/s]

                                               [A{'eval_loss': 1.0644174814224243, 'eval_macro_recall': 0.7256296992481203, 'eval_macro_precision': 0.6731563295116502, 'eval_macro_f1': 0.6828449163590992, 'eval_accuracy': 0.8602673147023087, 'eval_micro_recall': 0.8602673147023087, 'eval_micro_precision': 0.8602673147023087, 'eval_micro_f1': 0.8602673147023087, 'eval_runtime': 1.1296, 'eval_samples_per_second': 728.584, 'eval_steps_per_second': 23.017, 'epoch': 4.0}

  8%|▊         | 53/650 [01:00<19:54,  2.00s/it]
  8%|▊         | 54/650 [01:01<16:20,  1.64s/it]
  8%|▊         | 55/650 [01:01<13:50,  1.40s/it]
  9%|▊         | 56/650 [01:02<12:04,  1.22s/it]
  9%|▉         | 57/650 [01:03<10:50,  1.10s/it]
  9%|▉         | 58/650 [01:04<09:58,  1.01s/it]
  9%|▉         | 59/650 [01:05<09:21,  1.05it/s]
  9%|▉         | 60/650 [01:05<08:56,  1.10it/s]
  9%|▉         | 61/650 [01:06<08:37,  1.14it/s]
 10%|▉         | 62/650 [01:07<08:25,  1.16it/s]
 10%|▉         | 63/650 [01:08<08:16,  1.18it/s]
 10%|▉         | 64/650 [01:09<08:10,  1.20it/s]
 10%|█         | 65/650 [01:09<07:59,  1.22it/s]
                                                

 10%|█         | 65/650 [01:09<07:59,  1.22it/s]{'loss': 1.0884, 'grad_norm': 3.0538928508758545, 'learning_rate': 4.5e-05, 'epoch': 5.0}


  0%|          | 0/26 [00:00<?, ?it/s][A

 19%|█▉        | 5/26 [00:00<00:00, 37.64it/s][A

 35%|███▍      | 9/26 [00:00<00:00, 32.89it/s][A

 50%|█████     | 13/26 [00:00<00:00, 31.49it/s][A

 65%|██████▌   | 17/26 [00:00<00:00, 30.83it/s][A

 81%|████████  | 21/26 [00:00<00:00, 30.46it/s][A

 96%|█████████▌| 25/26 [00:00<00:00, 30.24it/s][A

                                               
[A
                                                

100%|██████████| 26/26 [00:00<00:00, 30.24it/s][A
 10%|█         | 65/650 [01:11<07:59,  1.22it/s]

                                               [A{'eval_loss': 0.7902674674987793, 'eval_macro_recall': 0.7836394964684438, 'eval_macro_precision': 0.7663969701115869, 'eval_macro_f1': 0.7546336244993327, 'eval_accuracy': 0.8955042527339003, 'eval_micro_recall': 0.8955042527339003, 'eval_micro_precision': 0.8955042527339003, 'eval_micro_f1': 0.8955042527339003, 'eval_runtime': 1.1536, 'eval_samples_per_second': 713.421, 'eval_steps_per_second': 22.538, 'epoch': 5.0}

 10%|█         | 66/650 [01:14<19:55,  2.05s/it]
 10%|█         | 67/650 [01:15<16:18,  1.68s/it]
 10%|█         | 68/650 [01:16<13:45,  1.42s/it]
 11%|█         | 69/650 [01:17<11:57,  1.24s/it]
 11%|█         | 70/650 [01:18<10:42,  1.11s/it]
 11%|█         | 71/650 [01:18<09:49,  1.02s/it]
 11%|█         | 72/650 [01:19<09:12,  1.05it/s]
 11%|█         | 73/650 [01:20<08:46,  1.09it/s]
 11%|█▏        | 74/650 [01:21<08:29,  1.13it/s]
 12%|█▏        | 75/650 [01:22<08:16,  1.16it/s]
 12%|█▏        | 76/650 [01:22<08:06,  1.18it/s]
 12%|█▏        | 77/650 [01:23<07:59,  1.19it/s]
 12%|█▏        | 78/650 [01:24<07:47,  1.22it/s]
                                                

 12%|█▏        | 78/650 [01:24<07:47,  1.22it/s]{'loss': 0.8191, 'grad_norm': 2.66782283782959, 'learning_rate': 4.4000000000000006e-05, 'epoch': 6.0}


  0%|          | 0/26 [00:00<?, ?it/s][A

 19%|█▉        | 5/26 [00:00<00:00, 37.64it/s][A

 35%|███▍      | 9/26 [00:00<00:00, 33.00it/s][A

 50%|█████     | 13/26 [00:00<00:00, 31.56it/s][A

 65%|██████▌   | 17/26 [00:00<00:00, 30.89it/s][A

 81%|████████  | 21/26 [00:00<00:00, 30.46it/s][A

 96%|█████████▌| 25/26 [00:00<00:00, 30.22it/s][A

                                               
[A
                                                

100%|██████████| 26/26 [00:00<00:00, 30.22it/s][A
 12%|█▏        | 78/650 [01:25<07:47,  1.22it/s]

                                               [A{'eval_loss': 0.5749728679656982, 'eval_macro_recall': 0.8426107883344726, 'eval_macro_precision': 0.8102680609492715, 'eval_macro_f1': 0.8197428489874043, 'eval_accuracy': 0.93681652490887, 'eval_micro_recall': 0.93681652490887, 'eval_micro_precision': 0.93681652490887, 'eval_micro_f1': 0.93681652490887, 'eval_runtime': 1.1165, 'eval_samples_per_second': 737.097, 'eval_steps_per_second': 23.286, 'epoch': 6.0}

 12%|█▏        | 79/650 [01:29<19:10,  2.01s/it]
 12%|█▏        | 80/650 [01:30<15:42,  1.65s/it]
 12%|█▏        | 81/650 [01:30<13:16,  1.40s/it]
 13%|█▎        | 82/650 [01:31<11:34,  1.22s/it]
 13%|█▎        | 83/650 [01:32<10:23,  1.10s/it]
 13%|█▎        | 84/650 [01:33<09:33,  1.01s/it]
 13%|█▎        | 85/650 [01:34<08:58,  1.05it/s]
 13%|█▎        | 86/650 [01:35<08:34,  1.10it/s]
 13%|█▎        | 87/650 [01:35<08:16,  1.13it/s]
 14%|█▎        | 88/650 [01:36<08:03,  1.16it/s]
 14%|█▎        | 89/650 [01:37<07:54,  1.18it/s]
 14%|█▍        | 90/650 [01:38<07:48,  1.20it/s]
 14%|█▍        | 91/650 [01:39<07:35,  1.23it/s]
                                                

 14%|█▍        | 91/650 [01:39<07:35,  1.23it/s]{'loss': 0.6204, 'grad_norm': 2.227135419845581, 'learning_rate': 4.3e-05, 'epoch': 7.0}


  0%|          | 0/26 [00:00<?, ?it/s][A

 19%|█▉        | 5/26 [00:00<00:00, 37.39it/s][A

 35%|███▍      | 9/26 [00:00<00:00, 32.66it/s][A

 50%|█████     | 13/26 [00:00<00:00, 31.31it/s][A

 65%|██████▌   | 17/26 [00:00<00:00, 30.66it/s][A

 81%|████████  | 21/26 [00:00<00:00, 30.35it/s][A

 96%|█████████▌| 25/26 [00:00<00:00, 30.16it/s][A

                                               
[A
                                                

100%|██████████| 26/26 [00:00<00:00, 30.16it/s][A
 14%|█▍        | 91/650 [01:40<07:35,  1.23it/s]

                                               [A{'eval_loss': 0.43638697266578674, 'eval_macro_recall': 0.8688696172248803, 'eval_macro_precision': 0.8420758517797992, 'eval_macro_f1': 0.8491294559591507, 'eval_accuracy': 0.9465370595382746, 'eval_micro_recall': 0.9465370595382746, 'eval_micro_precision': 0.9465370595382746, 'eval_micro_f1': 0.9465370595382746, 'eval_runtime': 1.147, 'eval_samples_per_second': 717.553, 'eval_steps_per_second': 22.669, 'epoch': 7.0}

 14%|█▍        | 92/650 [01:43<19:01,  2.04s/it]
 14%|█▍        | 93/650 [01:44<15:32,  1.67s/it]
 14%|█▍        | 94/650 [01:45<13:07,  1.42s/it]
 15%|█▍        | 95/650 [01:46<11:24,  1.23s/it]
 15%|█▍        | 96/650 [01:47<10:13,  1.11s/it]
 15%|█▍        | 97/650 [01:48<09:22,  1.02s/it]
 15%|█▌        | 98/650 [01:48<08:47,  1.05it/s]
 15%|█▌        | 99/650 [01:49<08:22,  1.10it/s]
 15%|█▌        | 100/650 [01:50<08:05,  1.13it/s]
 16%|█▌        | 101/650 [01:51<07:53,  1.16it/s]
 16%|█▌        | 102/650 [01:52<07:44,  1.18it/s]
 16%|█▌        | 103/650 [01:52<07:38,  1.19it/s]
 16%|█▌        | 104/650 [01:53<07:27,  1.22it/s]
                                                 

 16%|█▌        | 104/650 [01:53<07:27,  1.22it/s]{'loss': 0.4709, 'grad_norm': 2.3178606033325195, 'learning_rate': 4.2e-05, 'epoch': 8.0}


  0%|          | 0/26 [00:00<?, ?it/s][A

 15%|█▌        | 4/26 [00:00<00:00, 39.99it/s][A

 31%|███       | 8/26 [00:00<00:00, 33.24it/s][A

 46%|████▌     | 12/26 [00:00<00:00, 31.59it/s][A

 62%|██████▏   | 16/26 [00:00<00:00, 30.85it/s][A

 77%|███████▋  | 20/26 [00:00<00:00, 30.42it/s][A

 92%|█████████▏| 24/26 [00:00<00:00, 30.19it/s][A

                                               
[A
                                                 

100%|██████████| 26/26 [00:00<00:00, 30.19it/s][A
 16%|█▌        | 104/650 [01:54<07:27,  1.22it/s]

                                               [A{'eval_loss': 0.32642433047294617, 'eval_macro_recall': 0.8997650375939851, 'eval_macro_precision': 0.8982485810995261, 'eval_macro_f1': 0.8906615561663754, 'eval_accuracy': 0.9623329283110571, 'eval_micro_recall': 0.9623329283110571, 'eval_micro_precision': 0.9623329283110571, 'eval_micro_f1': 0.9623329283110571, 'eval_runtime': 1.1301, 'eval_samples_per_second': 728.252, 'eval_steps_per_second': 23.007, 'epoch': 8.0}

 16%|█▌        | 105/650 [01:58<18:16,  2.01s/it]
 16%|█▋        | 106/650 [01:59<14:58,  1.65s/it]
 16%|█▋        | 107/650 [02:00<12:39,  1.40s/it]
 17%|█▋        | 108/650 [02:00<11:03,  1.22s/it]
 17%|█▋        | 109/650 [02:01<09:55,  1.10s/it]
 17%|█▋        | 110/650 [02:02<09:08,  1.02s/it]
 17%|█▋        | 111/650 [02:03<08:34,  1.05it/s]
 17%|█▋        | 112/650 [02:04<08:10,  1.10it/s]
 17%|█▋        | 113/650 [02:04<07:54,  1.13it/s]
 18%|█▊        | 114/650 [02:05<07:42,  1.16it/s]
 18%|█▊        | 115/650 [02:06<07:33,  1.18it/s]
 18%|█▊        | 116/650 [02:07<07:26,  1.20it/s]
 18%|█▊        | 117/650 [02:08<07:18,  1.21it/s]
                                                 

 18%|█▊        | 117/650 [02:08<07:18,  1.21it/s]{'loss': 0.3555, 'grad_norm': 2.3901703357696533, 'learning_rate': 4.1e-05, 'epoch': 9.0}


  0%|          | 0/26 [00:00<?, ?it/s][A

 19%|█▉        | 5/26 [00:00<00:00, 37.50it/s][A

 35%|███▍      | 9/26 [00:00<00:00, 33.00it/s][A

 50%|█████     | 13/26 [00:00<00:00, 31.53it/s][A

 65%|██████▌   | 17/26 [00:00<00:00, 30.81it/s][A

 81%|████████  | 21/26 [00:00<00:00, 30.46it/s][A

 96%|█████████▌| 25/26 [00:00<00:00, 30.22it/s][A

                                               
[A
                                                 

100%|██████████| 26/26 [00:00<00:00, 30.22it/s][A
 18%|█▊        | 117/650 [02:09<07:18,  1.21it/s]

                                               [A{'eval_loss': 0.23728391528129578, 'eval_macro_recall': 0.9148652882205512, 'eval_macro_precision': 0.9119967524913078, 'eval_macro_f1': 0.9032938954306319, 'eval_accuracy': 0.9671931956257594, 'eval_micro_recall': 0.9671931956257594, 'eval_micro_precision': 0.9671931956257594, 'eval_micro_f1': 0.9671931956257594, 'eval_runtime': 1.1375, 'eval_samples_per_second': 723.546, 'eval_steps_per_second': 22.858, 'epoch': 9.0}

 18%|█▊        | 118/650 [02:12<17:43,  2.00s/it]
 18%|█▊        | 119/650 [02:13<14:32,  1.64s/it]
 18%|█▊        | 120/650 [02:14<12:19,  1.40s/it]
 19%|█▊        | 121/650 [02:15<10:45,  1.22s/it]
 19%|█▉        | 122/650 [02:16<09:40,  1.10s/it]
 19%|█▉        | 123/650 [02:17<08:54,  1.01s/it]
 19%|█▉        | 124/650 [02:17<08:21,  1.05it/s]
 19%|█▉        | 125/650 [02:18<07:58,  1.10it/s]
 19%|█▉        | 126/650 [02:19<07:42,  1.13it/s]
 20%|█▉        | 127/650 [02:20<07:31,  1.16it/s]
 20%|█▉        | 128/650 [02:21<07:22,  1.18it/s]
 20%|█▉        | 129/650 [02:21<07:16,  1.19it/s]
 20%|██        | 130/650 [02:22<07:05,  1.22it/s]
                                                 

 20%|██        | 130/650 [02:22<07:05,  1.22it/s]{'loss': 0.2737, 'grad_norm': 1.1845656633377075, 'learning_rate': 4e-05, 'epoch': 10.0}


  0%|          | 0/26 [00:00<?, ?it/s][A

 15%|█▌        | 4/26 [00:00<00:00, 39.96it/s][A

 31%|███       | 8/26 [00:00<00:00, 33.24it/s][A

 46%|████▌     | 12/26 [00:00<00:00, 31.56it/s][A

 62%|██████▏   | 16/26 [00:00<00:00, 30.79it/s][A

 77%|███████▋  | 20/26 [00:00<00:00, 30.38it/s][A

 92%|█████████▏| 24/26 [00:00<00:00, 30.15it/s][A

                                               
[A
                                                 

100%|██████████| 26/26 [00:00<00:00, 30.15it/s][A
 20%|██        | 130/650 [02:23<07:05,  1.22it/s]

                                               [A{'eval_loss': 0.18215975165367126, 'eval_macro_recall': 0.9413377192982457, 'eval_macro_precision': 0.9302177858439201, 'eval_macro_f1': 0.9333871863905289, 'eval_accuracy': 0.9781287970838396, 'eval_micro_recall': 0.9781287970838396, 'eval_micro_precision': 0.9781287970838396, 'eval_micro_f1': 0.9781287970838396, 'eval_runtime': 1.1492, 'eval_samples_per_second': 716.178, 'eval_steps_per_second': 22.625, 'epoch': 10.0}

 20%|██        | 131/650 [02:27<17:27,  2.02s/it]
 20%|██        | 132/650 [02:28<14:18,  1.66s/it]
 20%|██        | 133/650 [02:29<12:05,  1.40s/it]
 21%|██        | 134/650 [02:29<10:32,  1.23s/it]
 21%|██        | 135/650 [02:30<09:27,  1.10s/it]
 21%|██        | 136/650 [02:31<08:42,  1.02s/it]
 21%|██        | 137/650 [02:32<08:10,  1.05it/s]
 21%|██        | 138/650 [02:33<07:47,  1.10it/s]
 21%|██▏       | 139/650 [02:34<07:30,  1.13it/s]
 22%|██▏       | 140/650 [02:34<07:19,  1.16it/s]
 22%|██▏       | 141/650 [02:35<07:11,  1.18it/s]
 22%|██▏       | 142/650 [02:36<07:06,  1.19it/s]
 22%|██▏       | 143/650 [02:37<06:53,  1.23it/s]
                                                 

 22%|██▏       | 143/650 [02:37<06:53,  1.23it/s]{'loss': 0.2158, 'grad_norm': 2.3353688716888428, 'learning_rate': 3.9000000000000006e-05, 'epoch': 11.0}


  0%|          | 0/26 [00:00<?, ?it/s][A

 15%|█▌        | 4/26 [00:00<00:00, 39.97it/s][A

 31%|███       | 8/26 [00:00<00:00, 33.18it/s][A

 46%|████▌     | 12/26 [00:00<00:00, 31.45it/s][A

 62%|██████▏   | 16/26 [00:00<00:00, 30.75it/s][A

 77%|███████▋  | 20/26 [00:00<00:00, 30.38it/s][A

 92%|█████████▏| 24/26 [00:00<00:00, 30.14it/s][A

                                               
[A
                                                 

100%|██████████| 26/26 [00:00<00:00, 30.14it/s][A
 22%|██▏       | 143/650 [02:38<06:53,  1.23it/s]

                                               [A{'eval_loss': 0.15180163085460663, 'eval_macro_recall': 0.9661184210526317, 'eval_macro_precision': 0.9699248120300751, 'eval_macro_f1': 0.9626470449840014, 'eval_accuracy': 0.9842041312272175, 'eval_micro_recall': 0.9842041312272175, 'eval_micro_precision': 0.9842041312272175, 'eval_micro_f1': 0.9842041312272175, 'eval_runtime': 1.1187, 'eval_samples_per_second': 735.691, 'eval_steps_per_second': 23.242, 'epoch': 11.0}

 22%|██▏       | 144/650 [02:41<16:42,  1.98s/it]
 22%|██▏       | 145/650 [02:42<13:43,  1.63s/it]
 22%|██▏       | 146/650 [02:43<11:37,  1.38s/it]
 23%|██▎       | 147/650 [02:44<10:09,  1.21s/it]
 23%|██▎       | 148/650 [02:45<09:08,  1.09s/it]
 23%|██▎       | 149/650 [02:45<08:26,  1.01s/it]
 23%|██▎       | 150/650 [02:46<07:55,  1.05it/s]
 23%|██▎       | 151/650 [02:47<07:34,  1.10it/s]
 23%|██▎       | 152/650 [02:48<07:19,  1.13it/s]
 24%|██▎       | 153/650 [02:49<07:08,  1.16it/s]
 24%|██▎       | 154/650 [02:50<07:00,  1.18it/s]
 24%|██▍       | 155/650 [02:50<06:54,  1.19it/s]
 24%|██▍       | 156/650 [02:51<06:46,  1.22it/s]
                                                 

 24%|██▍       | 156/650 [02:51<06:46,  1.22it/s]{'loss': 0.1854, 'grad_norm': 1.067708134651184, 'learning_rate': 3.8e-05, 'epoch': 12.0}


  0%|          | 0/26 [00:00<?, ?it/s][A

 19%|█▉        | 5/26 [00:00<00:00, 37.42it/s][A

 35%|███▍      | 9/26 [00:00<00:00, 32.76it/s][A

 50%|█████     | 13/26 [00:00<00:00, 31.39it/s][A

 65%|██████▌   | 17/26 [00:00<00:00, 30.74it/s][A

 81%|████████  | 21/26 [00:00<00:00, 30.40it/s][A

 96%|█████████▌| 25/26 [00:00<00:00, 30.15it/s][A

                                               
[A
                                                 

100%|██████████| 26/26 [00:00<00:00, 30.15it/s][A
 24%|██▍       | 156/650 [02:52<06:46,  1.22it/s]

                                               [A{'eval_loss': 0.1250743865966797, 'eval_macro_recall': 0.9723527568922306, 'eval_macro_precision': 0.968468045112782, 'eval_macro_f1': 0.9665606688633003, 'eval_accuracy': 0.9854191980558931, 'eval_micro_recall': 0.9854191980558931, 'eval_micro_precision': 0.9854191980558931, 'eval_micro_f1': 0.9854191980558931, 'eval_runtime': 1.1392, 'eval_samples_per_second': 722.463, 'eval_steps_per_second': 22.824, 'epoch': 12.0}

 24%|██▍       | 157/650 [02:56<16:27,  2.00s/it]
 24%|██▍       | 158/650 [02:57<13:30,  1.65s/it]
 24%|██▍       | 159/650 [02:58<11:26,  1.40s/it]
 25%|██▍       | 160/650 [02:58<09:59,  1.22s/it]
 25%|██▍       | 161/650 [02:59<08:57,  1.10s/it]
 25%|██▍       | 162/650 [03:00<08:16,  1.02s/it]
 25%|██▌       | 163/650 [03:01<07:45,  1.05it/s]
 25%|██▌       | 164/650 [03:02<07:24,  1.09it/s]
 25%|██▌       | 165/650 [03:02<07:09,  1.13it/s]
 26%|██▌       | 166/650 [03:03<06:57,  1.16it/s]
 26%|██▌       | 167/650 [03:04<06:50,  1.18it/s]
 26%|██▌       | 168/650 [03:05<06:44,  1.19it/s]
 26%|██▌       | 169/650 [03:06<06:32,  1.22it/s]
                                                 

 26%|██▌       | 169/650 [03:06<06:32,  1.22it/s]{'loss': 0.1481, 'grad_norm': 1.4339812994003296, 'learning_rate': 3.7e-05, 'epoch': 13.0}


  0%|          | 0/26 [00:00<?, ?it/s][A

 15%|█▌        | 4/26 [00:00<00:00, 39.96it/s][A

 31%|███       | 8/26 [00:00<00:00, 33.21it/s][A

 46%|████▌     | 12/26 [00:00<00:00, 31.56it/s][A

 62%|██████▏   | 16/26 [00:00<00:00, 30.80it/s][A

 77%|███████▋  | 20/26 [00:00<00:00, 30.41it/s][A

 92%|█████████▏| 24/26 [00:00<00:00, 30.14it/s][A

                                               
[A
                                                 

100%|██████████| 26/26 [00:00<00:00, 30.14it/s][A
 26%|██▌       | 169/650 [03:07<06:32,  1.22it/s]

                                               [A{'eval_loss': 0.10541816800832748, 'eval_macro_recall': 0.9772086466165413, 'eval_macro_precision': 0.9712581085065606, 'eval_macro_f1': 0.9720185102259121, 'eval_accuracy': 0.9890643985419199, 'eval_micro_recall': 0.9890643985419199, 'eval_micro_precision': 0.9890643985419199, 'eval_micro_f1': 0.9890643985419199, 'eval_runtime': 1.1367, 'eval_samples_per_second': 724.006, 'eval_steps_per_second': 22.873, 'epoch': 13.0}

 26%|██▌       | 170/650 [03:10<16:08,  2.02s/it]
 26%|██▋       | 171/650 [03:11<13:13,  1.66s/it]
 26%|██▋       | 172/650 [03:12<11:10,  1.40s/it]
 27%|██▋       | 173/650 [03:13<09:44,  1.23s/it]
 27%|██▋       | 174/650 [03:14<08:44,  1.10s/it]
 27%|██▋       | 175/650 [03:15<08:02,  1.02s/it]
 27%|██▋       | 176/650 [03:15<07:33,  1.05it/s]
 27%|██▋       | 177/650 [03:16<07:11,  1.10it/s]
 27%|██▋       | 178/650 [03:17<06:56,  1.13it/s]
 28%|██▊       | 179/650 [03:18<06:46,  1.16it/s]
 28%|██▊       | 180/650 [03:19<06:38,  1.18it/s]
 28%|██▊       | 181/650 [03:19<06:33,  1.19it/s]
 28%|██▊       | 182/650 [03:20<06:22,  1.22it/s]
                                                 

 28%|██▊       | 182/650 [03:20<06:22,  1.22it/s]{'loss': 0.1215, 'grad_norm': 0.6984843015670776, 'learning_rate': 3.6e-05, 'epoch': 14.0}


  0%|          | 0/26 [00:00<?, ?it/s][A

 15%|█▌        | 4/26 [00:00<00:00, 39.73it/s][A

 31%|███       | 8/26 [00:00<00:00, 33.09it/s][A

 46%|████▌     | 12/26 [00:00<00:00, 31.55it/s][A

 62%|██████▏   | 16/26 [00:00<00:00, 30.79it/s][A

 77%|███████▋  | 20/26 [00:00<00:00, 30.39it/s][A

 92%|█████████▏| 24/26 [00:00<00:00, 30.15it/s][A

                                               
[A
                                                 

100%|██████████| 26/26 [00:00<00:00, 30.15it/s][A
 28%|██▊       | 182/650 [03:21<06:22,  1.22it/s]

                                               [A{'eval_loss': 0.08803583681583405, 'eval_macro_recall': 0.9756735588972432, 'eval_macro_precision': 0.9673558897243106, 'eval_macro_f1': 0.9679049386286228, 'eval_accuracy': 0.9878493317132442, 'eval_micro_recall': 0.9878493317132442, 'eval_micro_precision': 0.9878493317132442, 'eval_micro_f1': 0.9878493317132442, 'eval_runtime': 1.1304, 'eval_samples_per_second': 728.081, 'eval_steps_per_second': 23.001, 'epoch': 14.0}

 28%|██▊       | 183/650 [03:25<15:40,  2.01s/it]
 28%|██▊       | 184/650 [03:26<12:50,  1.65s/it]
 28%|██▊       | 185/650 [03:27<10:52,  1.40s/it]
 29%|██▊       | 186/650 [03:27<09:28,  1.23s/it]
 29%|██▉       | 187/650 [03:28<08:29,  1.10s/it]
 29%|██▉       | 188/650 [03:29<07:48,  1.01s/it]
 29%|██▉       | 189/650 [03:30<07:19,  1.05it/s]
 29%|██▉       | 190/650 [03:31<06:58,  1.10it/s]
 29%|██▉       | 191/650 [03:32<06:45,  1.13it/s]
 30%|██▉       | 192/650 [03:32<06:34,  1.16it/s]
 30%|██▉       | 193/650 [03:33<06:27,  1.18it/s]
 30%|██▉       | 194/650 [03:34<06:21,  1.19it/s]
 30%|███       | 195/650 [03:35<06:19,  1.20it/s]
                                                 

 30%|███       | 195/650 [03:35<06:19,  1.20it/s]{'loss': 0.1044, 'grad_norm': 2.1914782524108887, 'learning_rate': 3.5e-05, 'epoch': 15.0}


  0%|          | 0/26 [00:00<?, ?it/s][A

 19%|█▉        | 5/26 [00:00<00:00, 37.47it/s][A

 35%|███▍      | 9/26 [00:00<00:00, 32.91it/s][A

 50%|█████     | 13/26 [00:00<00:00, 31.49it/s][A

 65%|██████▌   | 17/26 [00:00<00:00, 30.81it/s][A

 81%|████████  | 21/26 [00:00<00:00, 30.45it/s][A

 96%|█████████▌| 25/26 [00:00<00:00, 30.19it/s][A

                                               
[A
                                                 

100%|██████████| 26/26 [00:00<00:00, 30.19it/s][A
 30%|███       | 195/650 [03:36<06:19,  1.20it/s]

                                               [A{'eval_loss': 0.0791042298078537, 'eval_macro_recall': 0.9803984392800181, 'eval_macro_precision': 0.9721961152882205, 'eval_macro_f1': 0.9743890977443609, 'eval_accuracy': 0.9890643985419199, 'eval_micro_recall': 0.9890643985419199, 'eval_micro_precision': 0.9890643985419199, 'eval_micro_f1': 0.9890643985419199, 'eval_runtime': 1.1162, 'eval_samples_per_second': 737.303, 'eval_steps_per_second': 23.293, 'epoch': 15.0}

 30%|███       | 196/650 [03:40<15:12,  2.01s/it]
 30%|███       | 197/650 [03:40<12:28,  1.65s/it]
 30%|███       | 198/650 [03:41<10:33,  1.40s/it]
 31%|███       | 199/650 [03:42<09:12,  1.22s/it]
 31%|███       | 200/650 [03:43<08:15,  1.10s/it]
 31%|███       | 201/650 [03:44<07:35,  1.01s/it]
 31%|███       | 202/650 [03:44<07:07,  1.05it/s]
 31%|███       | 203/650 [03:45<06:47,  1.10it/s]
 31%|███▏      | 204/650 [03:46<06:33,  1.13it/s]
 32%|███▏      | 205/650 [03:47<06:23,  1.16it/s]
 32%|███▏      | 206/650 [03:48<06:16,  1.18it/s]
 32%|███▏      | 207/650 [03:48<06:11,  1.19it/s]
 32%|███▏      | 208/650 [03:49<05:59,  1.23it/s]
                                                 

 32%|███▏      | 208/650 [03:49<05:59,  1.23it/s]{'loss': 0.0898, 'grad_norm': 1.6495505571365356, 'learning_rate': 3.4000000000000007e-05, 'epoch': 16.0}


  0%|          | 0/26 [00:00<?, ?it/s][A

 19%|█▉        | 5/26 [00:00<00:00, 37.50it/s][A

 35%|███▍      | 9/26 [00:00<00:00, 32.85it/s][A

 50%|█████     | 13/26 [00:00<00:00, 31.42it/s][A

 65%|██████▌   | 17/26 [00:00<00:00, 30.78it/s][A

 81%|████████  | 21/26 [00:00<00:00, 30.42it/s][A

 96%|█████████▌| 25/26 [00:00<00:00, 30.21it/s][A

                                               
[A
                                                 

100%|██████████| 26/26 [00:00<00:00, 30.21it/s][A
 32%|███▏      | 208/650 [03:50<05:59,  1.23it/s]

                                               [A{'eval_loss': 0.07201080769300461, 'eval_macro_recall': 0.9850976874003189, 'eval_macro_precision': 0.9794329573934837, 'eval_macro_f1': 0.9777972393103974, 'eval_accuracy': 0.9890643985419199, 'eval_micro_recall': 0.9890643985419199, 'eval_micro_precision': 0.9890643985419199, 'eval_micro_f1': 0.9890643985419199, 'eval_runtime': 1.1657, 'eval_samples_per_second': 706.014, 'eval_steps_per_second': 22.304, 'epoch': 16.0}

 32%|███▏      | 209/650 [03:54<14:49,  2.02s/it]
 32%|███▏      | 210/650 [03:55<12:08,  1.66s/it]
 32%|███▏      | 211/650 [03:56<10:15,  1.40s/it]
 33%|███▎      | 212/650 [03:56<08:56,  1.23s/it]
 33%|███▎      | 213/650 [03:57<08:01,  1.10s/it]
 33%|███▎      | 214/650 [03:58<07:23,  1.02s/it]
 33%|███▎      | 215/650 [03:59<06:55,  1.05it/s]
 33%|███▎      | 216/650 [04:00<06:35,  1.10it/s]
 33%|███▎      | 217/650 [04:01<06:22,  1.13it/s]
 34%|███▎      | 218/650 [04:01<06:12,  1.16it/s]
 34%|███▎      | 219/650 [04:02<06:05,  1.18it/s]
 34%|███▍      | 220/650 [04:03<06:00,  1.19it/s]
 34%|███▍      | 221/650 [04:04<05:50,  1.22it/s]
                                                 

 34%|███▍      | 221/650 [04:04<05:50,  1.22it/s]{'loss': 0.0755, 'grad_norm': 1.300772786140442, 'learning_rate': 3.3e-05, 'epoch': 17.0}


  0%|          | 0/26 [00:00<?, ?it/s][A

 15%|█▌        | 4/26 [00:00<00:00, 39.85it/s][A

 31%|███       | 8/26 [00:00<00:00, 33.18it/s][A

 46%|████▌     | 12/26 [00:00<00:00, 31.49it/s][A

 62%|██████▏   | 16/26 [00:00<00:00, 30.72it/s][A

 77%|███████▋  | 20/26 [00:00<00:00, 30.34it/s][A

 92%|█████████▏| 24/26 [00:00<00:00, 30.10it/s][A

                                               
[A
                                                 

100%|██████████| 26/26 [00:00<00:00, 30.10it/s][A
 34%|███▍      | 221/650 [04:05<05:50,  1.22it/s]

                                               [A{'eval_loss': 0.061615951359272, 'eval_macro_recall': 0.988173558897243, 'eval_macro_precision': 0.9896146616541354, 'eval_macro_f1': 0.9868272443930339, 'eval_accuracy': 0.991494532199271, 'eval_micro_recall': 0.991494532199271, 'eval_micro_precision': 0.991494532199271, 'eval_micro_f1': 0.991494532199271, 'eval_runtime': 1.1633, 'eval_samples_per_second': 707.47, 'eval_steps_per_second': 22.35, 'epoch': 17.0}

 34%|███▍      | 222/650 [04:09<14:17,  2.00s/it]
 34%|███▍      | 223/650 [04:09<11:42,  1.65s/it]
 34%|███▍      | 224/650 [04:10<09:54,  1.40s/it]
 35%|███▍      | 225/650 [04:11<08:39,  1.22s/it]
 35%|███▍      | 226/650 [04:12<07:46,  1.10s/it]
 35%|███▍      | 227/650 [04:13<07:08,  1.01s/it]
 35%|███▌      | 228/650 [04:13<06:42,  1.05it/s]
 35%|███▌      | 229/650 [04:14<06:24,  1.10it/s]
 35%|███▌      | 230/650 [04:15<06:10,  1.13it/s]
 36%|███▌      | 231/650 [04:16<06:01,  1.16it/s]
 36%|███▌      | 232/650 [04:17<05:54,  1.18it/s]
 36%|███▌      | 233/650 [04:18<05:49,  1.19it/s]
 36%|███▌      | 234/650 [04:18<05:40,  1.22it/s]
                                                 

 36%|███▌      | 234/650 [04:18<05:40,  1.22it/s]{'loss': 0.0707, 'grad_norm': 1.1086236238479614, 'learning_rate': 3.2000000000000005e-05, 'epoch': 18.0}


  0%|          | 0/26 [00:00<?, ?it/s][A

 19%|█▉        | 5/26 [00:00<00:00, 37.39it/s][A

 35%|███▍      | 9/26 [00:00<00:00, 32.87it/s][A

 50%|█████     | 13/26 [00:00<00:00, 31.48it/s][A

 65%|██████▌   | 17/26 [00:00<00:00, 30.80it/s][A

 81%|████████  | 21/26 [00:00<00:00, 30.42it/s][A

 96%|█████████▌| 25/26 [00:00<00:00, 30.19it/s][A

                                               
[A
                                                 

100%|██████████| 26/26 [00:00<00:00, 30.19it/s][A
 36%|███▌      | 234/650 [04:19<05:40,  1.22it/s]

                                               [A{'eval_loss': 0.05478598549962044, 'eval_macro_recall': 0.9985119047619048, 'eval_macro_precision': 0.9985119047619048, 'eval_macro_f1': 0.9985119047619048, 'eval_accuracy': 0.9951397326852977, 'eval_micro_recall': 0.9951397326852977, 'eval_micro_precision': 0.9951397326852977, 'eval_micro_f1': 0.9951397326852977, 'eval_runtime': 1.1453, 'eval_samples_per_second': 718.572, 'eval_steps_per_second': 22.701, 'epoch': 18.0}

 36%|███▌      | 235/650 [04:23<13:51,  2.00s/it]
 36%|███▋      | 236/650 [04:24<11:21,  1.65s/it]
 36%|███▋      | 237/650 [04:25<09:37,  1.40s/it]
 37%|███▋      | 238/650 [04:26<08:23,  1.22s/it]
 37%|███▋      | 239/650 [04:26<07:32,  1.10s/it]
 37%|███▋      | 240/650 [04:27<06:55,  1.01s/it]
 37%|███▋      | 241/650 [04:28<06:29,  1.05it/s]
 37%|███▋      | 242/650 [04:29<06:11,  1.10it/s]
 37%|███▋      | 243/650 [04:30<05:58,  1.14it/s]
 38%|███▊      | 244/650 [04:30<05:49,  1.16it/s]
 38%|███▊      | 245/650 [04:31<05:43,  1.18it/s]
 38%|███▊      | 246/650 [04:32<05:38,  1.19it/s]
 38%|███▊      | 247/650 [04:33<05:28,  1.23it/s]
                                                 

 38%|███▊      | 247/650 [04:33<05:28,  1.23it/s]{'loss': 0.0627, 'grad_norm': 1.5211032629013062, 'learning_rate': 3.1e-05, 'epoch': 19.0}


  0%|          | 0/26 [00:00<?, ?it/s][A

 15%|█▌        | 4/26 [00:00<00:00, 39.91it/s][A

 31%|███       | 8/26 [00:00<00:00, 33.17it/s][A

 46%|████▌     | 12/26 [00:00<00:00, 31.47it/s][A

 62%|██████▏   | 16/26 [00:00<00:00, 30.79it/s][A

 77%|███████▋  | 20/26 [00:00<00:00, 30.39it/s][A

 92%|█████████▏| 24/26 [00:00<00:00, 30.16it/s][A

                                               
[A
                                                 

100%|██████████| 26/26 [00:00<00:00, 30.16it/s][A
 38%|███▊      | 247/650 [04:34<05:28,  1.23it/s]

                                               [A{'eval_loss': 0.049247100949287415, 'eval_macro_recall': 0.9985119047619048, 'eval_macro_precision': 0.9985119047619048, 'eval_macro_f1': 0.9985119047619048, 'eval_accuracy': 0.9951397326852977, 'eval_micro_recall': 0.9951397326852977, 'eval_micro_precision': 0.9951397326852977, 'eval_micro_f1': 0.9951397326852977, 'eval_runtime': 1.1628, 'eval_samples_per_second': 707.789, 'eval_steps_per_second': 22.36, 'epoch': 19.0}

 38%|███▊      | 248/650 [04:38<14:00,  2.09s/it]
 38%|███▊      | 249/650 [04:39<11:24,  1.71s/it]
 38%|███▊      | 250/650 [04:39<09:35,  1.44s/it]
 39%|███▊      | 251/650 [04:40<08:18,  1.25s/it]
 39%|███▉      | 252/650 [04:41<07:25,  1.12s/it]
 39%|███▉      | 253/650 [04:42<06:48,  1.03s/it]
 39%|███▉      | 254/650 [04:43<06:21,  1.04it/s]
 39%|███▉      | 255/650 [04:44<06:02,  1.09it/s]
 39%|███▉      | 256/650 [04:44<05:49,  1.13it/s]
 40%|███▉      | 257/650 [04:45<05:40,  1.16it/s]
 40%|███▉      | 258/650 [04:46<05:33,  1.18it/s]
 40%|███▉      | 259/650 [04:47<05:28,  1.19it/s]
 40%|████      | 260/650 [04:48<05:23,  1.20it/s]
                                                 

 40%|████      | 260/650 [04:48<05:23,  1.20it/s]{'loss': 0.0593, 'grad_norm': 0.7516098022460938, 'learning_rate': 3e-05, 'epoch': 20.0}


  0%|          | 0/26 [00:00<?, ?it/s][A

 15%|█▌        | 4/26 [00:00<00:00, 39.98it/s][A

 31%|███       | 8/26 [00:00<00:00, 33.29it/s][A

 46%|████▌     | 12/26 [00:00<00:00, 31.58it/s][A

 62%|██████▏   | 16/26 [00:00<00:00, 30.82it/s][A

 77%|███████▋  | 20/26 [00:00<00:00, 30.42it/s][A

 92%|█████████▏| 24/26 [00:00<00:00, 30.17it/s][A

                                               
[A
                                                 

100%|██████████| 26/26 [00:00<00:00, 30.17it/s][A
 40%|████      | 260/650 [04:49<05:23,  1.20it/s]

                                               [A{'eval_loss': 0.04993009567260742, 'eval_macro_recall': 0.9985119047619048, 'eval_macro_precision': 0.9985119047619048, 'eval_macro_f1': 0.9985119047619048, 'eval_accuracy': 0.9951397326852977, 'eval_micro_recall': 0.9951397326852977, 'eval_micro_precision': 0.9951397326852977, 'eval_micro_f1': 0.9951397326852977, 'eval_runtime': 1.1559, 'eval_samples_per_second': 712.02, 'eval_steps_per_second': 22.494, 'epoch': 20.0}

 40%|████      | 261/650 [04:52<13:03,  2.01s/it]
 40%|████      | 262/650 [04:53<10:41,  1.65s/it]
 40%|████      | 263/650 [04:54<09:02,  1.40s/it]
 41%|████      | 264/650 [04:55<07:53,  1.23s/it]
 41%|████      | 265/650 [04:56<07:03,  1.10s/it]
 41%|████      | 266/650 [04:56<06:29,  1.02s/it]
 41%|████      | 267/650 [04:57<06:05,  1.05it/s]
 41%|████      | 268/650 [04:58<05:48,  1.10it/s]
 41%|████▏     | 269/650 [04:59<05:36,  1.13it/s]
 42%|████▏     | 270/650 [05:00<05:27,  1.16it/s]
 42%|████▏     | 271/650 [05:01<05:21,  1.18it/s]
 42%|████▏     | 272/650 [05:01<05:16,  1.19it/s]
 42%|████▏     | 273/650 [05:02<05:08,  1.22it/s]
                                                 

 42%|████▏     | 273/650 [05:02<05:08,  1.22it/s]{'loss': 0.0515, 'grad_norm': 0.3582768738269806, 'learning_rate': 2.9e-05, 'epoch': 21.0}


  0%|          | 0/26 [00:00<?, ?it/s][A

 19%|█▉        | 5/26 [00:00<00:00, 37.71it/s][A

 35%|███▍      | 9/26 [00:00<00:00, 32.96it/s][A

 50%|█████     | 13/26 [00:00<00:00, 31.45it/s][A

 65%|██████▌   | 17/26 [00:00<00:00, 30.81it/s][A

 81%|████████  | 21/26 [00:00<00:00, 30.44it/s][A

 96%|█████████▌| 25/26 [00:00<00:00, 30.18it/s][A

                                               
[A
                                                 

100%|██████████| 26/26 [00:00<00:00, 30.18it/s][A
 42%|████▏     | 273/650 [05:03<05:08,  1.22it/s]

                                               [A{'eval_loss': 0.0469014011323452, 'eval_macro_recall': 0.9985119047619048, 'eval_macro_precision': 0.9985119047619048, 'eval_macro_f1': 0.9985119047619048, 'eval_accuracy': 0.9951397326852977, 'eval_micro_recall': 0.9951397326852977, 'eval_micro_precision': 0.9951397326852977, 'eval_micro_f1': 0.9951397326852977, 'eval_runtime': 1.1406, 'eval_samples_per_second': 721.526, 'eval_steps_per_second': 22.794, 'epoch': 21.0}

 42%|████▏     | 274/650 [05:07<12:33,  2.00s/it]
 42%|████▏     | 275/650 [05:08<10:17,  1.65s/it]
 42%|████▏     | 276/650 [05:08<08:42,  1.40s/it]
 43%|████▎     | 277/650 [05:09<07:35,  1.22s/it]
 43%|████▎     | 278/650 [05:10<06:48,  1.10s/it]
 43%|████▎     | 279/650 [05:11<06:16,  1.01s/it]
 43%|████▎     | 280/650 [05:12<05:53,  1.05it/s]
 43%|████▎     | 281/650 [05:13<05:36,  1.10it/s]
 43%|████▎     | 282/650 [05:13<05:24,  1.13it/s]
 44%|████▎     | 283/650 [05:14<05:16,  1.16it/s]
 44%|████▎     | 284/650 [05:15<05:10,  1.18it/s]
 44%|████▍     | 285/650 [05:16<05:06,  1.19it/s]
 44%|████▍     | 286/650 [05:17<04:56,  1.23it/s]
                                                 

 44%|████▍     | 286/650 [05:17<04:56,  1.23it/s]{'loss': 0.0489, 'grad_norm': 3.1821045875549316, 'learning_rate': 2.8000000000000003e-05, 'epoch': 22.0}


  0%|          | 0/26 [00:00<?, ?it/s][A

 15%|█▌        | 4/26 [00:00<00:00, 39.80it/s][A

 31%|███       | 8/26 [00:00<00:00, 33.17it/s][A

 46%|████▌     | 12/26 [00:00<00:00, 31.48it/s][A

 62%|██████▏   | 16/26 [00:00<00:00, 30.74it/s][A

 77%|███████▋  | 20/26 [00:00<00:00, 30.38it/s][A

 92%|█████████▏| 24/26 [00:00<00:00, 30.07it/s][A

                                               
[A
                                                 

100%|██████████| 26/26 [00:00<00:00, 30.07it/s][A
 44%|████▍     | 286/650 [05:18<04:56,  1.23it/s]

                                               [A{'eval_loss': 0.04123310372233391, 'eval_macro_recall': 0.9952224310776941, 'eval_macro_precision': 0.994125939849624, 'eval_macro_f1': 0.994000626566416, 'eval_accuracy': 0.9939246658566221, 'eval_micro_recall': 0.9939246658566221, 'eval_micro_precision': 0.9939246658566221, 'eval_micro_f1': 0.9939246658566221, 'eval_runtime': 1.1453, 'eval_samples_per_second': 718.607, 'eval_steps_per_second': 22.702, 'epoch': 22.0}

 44%|████▍     | 287/650 [05:21<12:04,  2.00s/it]
 44%|████▍     | 288/650 [05:22<09:54,  1.64s/it]
 44%|████▍     | 289/650 [05:23<08:23,  1.39s/it]
 45%|████▍     | 290/650 [05:24<07:19,  1.22s/it]
 45%|████▍     | 291/650 [05:25<06:34,  1.10s/it]
 45%|████▍     | 292/650 [05:25<06:02,  1.01s/it]
 45%|████▌     | 293/650 [05:26<05:40,  1.05it/s]
 45%|████▌     | 294/650 [05:27<05:24,  1.10it/s]
 45%|████▌     | 295/650 [05:28<05:13,  1.13it/s]
 46%|████▌     | 296/650 [05:29<05:04,  1.16it/s]
 46%|████▌     | 297/650 [05:29<04:59,  1.18it/s]
 46%|████▌     | 298/650 [05:30<04:55,  1.19it/s]
 46%|████▌     | 299/650 [05:31<04:46,  1.22it/s]
                                                 

 46%|████▌     | 299/650 [05:31<04:46,  1.22it/s]{'loss': 0.0434, 'grad_norm': 0.30696991086006165, 'learning_rate': 2.7000000000000002e-05, 'epoch': 23.0}


  0%|          | 0/26 [00:00<?, ?it/s][A

 19%|█▉        | 5/26 [00:00<00:00, 38.42it/s][A

 35%|███▍      | 9/26 [00:00<00:00, 33.08it/s][A

 50%|█████     | 13/26 [00:00<00:00, 31.53it/s][A

 65%|██████▌   | 17/26 [00:00<00:00, 30.82it/s][A

 81%|████████  | 21/26 [00:00<00:00, 30.45it/s][A

 96%|█████████▌| 25/26 [00:00<00:00, 30.21it/s][A

                                               
[A
                                                 

100%|██████████| 26/26 [00:00<00:00, 30.21it/s][A
 46%|████▌     | 299/650 [05:32<04:46,  1.22it/s]

                                               [A{'eval_loss': 0.03782195597887039, 'eval_macro_recall': 0.9952224310776941, 'eval_macro_precision': 0.994125939849624, 'eval_macro_f1': 0.994000626566416, 'eval_accuracy': 0.9939246658566221, 'eval_micro_recall': 0.9939246658566221, 'eval_micro_precision': 0.9939246658566221, 'eval_micro_f1': 0.9939246658566221, 'eval_runtime': 1.1268, 'eval_samples_per_second': 730.38, 'eval_steps_per_second': 23.074, 'epoch': 23.0}

 46%|████▌     | 300/650 [05:36<11:40,  2.00s/it]
 46%|████▋     | 301/650 [05:37<09:33,  1.64s/it]
 46%|████▋     | 302/650 [05:37<08:05,  1.39s/it]
 47%|████▋     | 303/650 [05:38<07:03,  1.22s/it]
 47%|████▋     | 304/650 [05:39<06:20,  1.10s/it]
 47%|████▋     | 305/650 [05:40<05:49,  1.01s/it]
 47%|████▋     | 306/650 [05:41<05:28,  1.05it/s]
 47%|████▋     | 307/650 [05:42<05:12,  1.10it/s]
 47%|████▋     | 308/650 [05:42<05:01,  1.13it/s]
 48%|████▊     | 309/650 [05:43<04:53,  1.16it/s]
 48%|████▊     | 310/650 [05:44<04:48,  1.18it/s]
 48%|████▊     | 311/650 [05:45<04:44,  1.19it/s]
 48%|████▊     | 312/650 [05:46<04:35,  1.23it/s]
                                                 

 48%|████▊     | 312/650 [05:46<04:35,  1.23it/s]{'loss': 0.0413, 'grad_norm': 0.2672053575515747, 'learning_rate': 2.6000000000000002e-05, 'epoch': 24.0}


  0%|          | 0/26 [00:00<?, ?it/s][A

 15%|█▌        | 4/26 [00:00<00:00, 39.99it/s][A

 31%|███       | 8/26 [00:00<00:00, 33.24it/s][A

 46%|████▌     | 12/26 [00:00<00:00, 31.56it/s][A

 62%|██████▏   | 16/26 [00:00<00:00, 30.83it/s][A

 77%|███████▋  | 20/26 [00:00<00:00, 30.46it/s][A

 92%|█████████▏| 24/26 [00:00<00:00, 30.19it/s][A

                                               
[A
                                                 

100%|██████████| 26/26 [00:00<00:00, 30.19it/s][A
 48%|████▊     | 312/650 [05:47<04:35,  1.23it/s]

                                               [A{'eval_loss': 0.0384935662150383, 'eval_macro_recall': 0.9952224310776941, 'eval_macro_precision': 0.994125939849624, 'eval_macro_f1': 0.994000626566416, 'eval_accuracy': 0.9939246658566221, 'eval_micro_recall': 0.9939246658566221, 'eval_micro_precision': 0.9939246658566221, 'eval_micro_f1': 0.9939246658566221, 'eval_runtime': 1.1492, 'eval_samples_per_second': 716.177, 'eval_steps_per_second': 22.625, 'epoch': 24.0}

 48%|████▊     | 313/650 [05:50<11:32,  2.06s/it]
 48%|████▊     | 314/650 [05:51<09:25,  1.68s/it]
 48%|████▊     | 315/650 [05:52<07:56,  1.42s/it]
 49%|████▊     | 316/650 [05:53<06:54,  1.24s/it]
 49%|████▉     | 317/650 [05:54<06:10,  1.11s/it]
 49%|████▉     | 318/650 [05:55<05:39,  1.02s/it]
 49%|████▉     | 319/650 [05:55<05:17,  1.04it/s]
 49%|████▉     | 320/650 [05:56<05:02,  1.09it/s]
 49%|████▉     | 321/650 [05:57<04:51,  1.13it/s]
 50%|████▉     | 322/650 [05:58<04:43,  1.16it/s]
 50%|████▉     | 323/650 [05:59<04:37,  1.18it/s]
 50%|████▉     | 324/650 [05:59<04:33,  1.19it/s]
 50%|█████     | 325/650 [06:00<04:25,  1.23it/s]
                                                 

 50%|█████     | 325/650 [06:00<04:25,  1.23it/s]{'loss': 0.0399, 'grad_norm': 0.6317359209060669, 'learning_rate': 2.5e-05, 'epoch': 25.0}


  0%|          | 0/26 [00:00<?, ?it/s][A

 19%|█▉        | 5/26 [00:00<00:00, 37.48it/s][A

 35%|███▍      | 9/26 [00:00<00:00, 32.88it/s][A

 50%|█████     | 13/26 [00:00<00:00, 31.44it/s][A

 65%|██████▌   | 17/26 [00:00<00:00, 30.79it/s][A

 81%|████████  | 21/26 [00:00<00:00, 30.41it/s][A

 96%|█████████▌| 25/26 [00:00<00:00, 30.15it/s][A

                                               
[A
                                                 

100%|██████████| 26/26 [00:00<00:00, 30.15it/s][A
 50%|█████     | 325/650 [06:01<04:25,  1.23it/s]

                                               [A{'eval_loss': 0.04332513362169266, 'eval_macro_recall': 0.9983552631578947, 'eval_macro_precision': 0.9982545649838883, 'eval_macro_f1': 0.998303118590352, 'eval_accuracy': 0.9939246658566221, 'eval_micro_recall': 0.9939246658566221, 'eval_micro_precision': 0.9939246658566221, 'eval_micro_f1': 0.9939246658566221, 'eval_runtime': 1.1737, 'eval_samples_per_second': 701.215, 'eval_steps_per_second': 22.153, 'epoch': 25.0}

 50%|█████     | 326/650 [06:05<10:47,  2.00s/it]
 50%|█████     | 327/650 [06:06<08:51,  1.64s/it]
 50%|█████     | 328/650 [06:07<07:29,  1.40s/it]
 51%|█████     | 329/650 [06:07<06:31,  1.22s/it]
 51%|█████     | 330/650 [06:08<05:51,  1.10s/it]
 51%|█████     | 331/650 [06:09<05:23,  1.01s/it]
 51%|█████     | 332/650 [06:10<05:03,  1.05it/s]
 51%|█████     | 333/650 [06:11<04:48,  1.10it/s]
 51%|█████▏    | 334/650 [06:11<04:39,  1.13it/s]
 52%|█████▏    | 335/650 [06:12<04:31,  1.16it/s]
 52%|█████▏    | 336/650 [06:13<04:26,  1.18it/s]
 52%|█████▏    | 337/650 [06:14<04:21,  1.19it/s]
 52%|█████▏    | 338/650 [06:15<04:14,  1.22it/s]
                                                 

 52%|█████▏    | 338/650 [06:15<04:14,  1.22it/s]{'loss': 0.036, 'grad_norm': 0.1585128903388977, 'learning_rate': 2.4e-05, 'epoch': 26.0}


  0%|          | 0/26 [00:00<?, ?it/s][A

 19%|█▉        | 5/26 [00:00<00:00, 38.50it/s][A

 35%|███▍      | 9/26 [00:00<00:00, 33.34it/s][A

 50%|█████     | 13/26 [00:00<00:00, 31.71it/s][A

 65%|██████▌   | 17/26 [00:00<00:00, 30.95it/s][A

 81%|████████  | 21/26 [00:00<00:00, 30.52it/s][A

 96%|█████████▌| 25/26 [00:00<00:00, 30.22it/s][A

                                               
[A
                                                 

100%|██████████| 26/26 [00:00<00:00, 30.22it/s][A
 52%|█████▏    | 338/650 [06:16<04:14,  1.22it/s]

                                               [A{'eval_loss': 0.03220234811306, 'eval_macro_recall': 0.9985119047619048, 'eval_macro_precision': 0.9985119047619048, 'eval_macro_f1': 0.9985119047619048, 'eval_accuracy': 0.9951397326852977, 'eval_micro_recall': 0.9951397326852977, 'eval_micro_precision': 0.9951397326852977, 'eval_micro_f1': 0.9951397326852977, 'eval_runtime': 1.1361, 'eval_samples_per_second': 724.424, 'eval_steps_per_second': 22.886, 'epoch': 26.0}

 52%|█████▏    | 339/650 [06:20<10:28,  2.02s/it]
 52%|█████▏    | 340/650 [06:20<08:34,  1.66s/it]
 52%|█████▏    | 341/650 [06:21<07:14,  1.41s/it]
 53%|█████▎    | 342/650 [06:22<06:18,  1.23s/it]
 53%|█████▎    | 343/650 [06:23<05:38,  1.10s/it]
 53%|█████▎    | 344/650 [06:24<05:10,  1.02s/it]
 53%|█████▎    | 345/650 [06:24<04:51,  1.05it/s]
 53%|█████▎    | 346/650 [06:25<04:37,  1.10it/s]
 53%|█████▎    | 347/650 [06:26<04:27,  1.13it/s]
 54%|█████▎    | 348/650 [06:27<04:20,  1.16it/s]
 54%|█████▎    | 349/650 [06:28<04:15,  1.18it/s]
 54%|█████▍    | 350/650 [06:28<04:11,  1.19it/s]
 54%|█████▍    | 351/650 [06:29<04:03,  1.23it/s]
                                                 

 54%|█████▍    | 351/650 [06:29<04:03,  1.23it/s]{'loss': 0.0343, 'grad_norm': 0.5135608911514282, 'learning_rate': 2.3000000000000003e-05, 'epoch': 27.0}


  0%|          | 0/26 [00:00<?, ?it/s][A

 19%|█▉        | 5/26 [00:00<00:00, 37.78it/s][A

 35%|███▍      | 9/26 [00:00<00:00, 32.98it/s][A

 50%|█████     | 13/26 [00:00<00:00, 31.53it/s][A

 65%|██████▌   | 17/26 [00:00<00:00, 30.78it/s][A

 81%|████████  | 21/26 [00:00<00:00, 30.39it/s][A

 96%|█████████▌| 25/26 [00:00<00:00, 30.15it/s][A

                                               
[A
                                                 

100%|██████████| 26/26 [00:00<00:00, 30.15it/s][A
 54%|█████▍    | 351/650 [06:30<04:03,  1.23it/s]

                                               [A{'eval_loss': 0.0343414731323719, 'eval_macro_recall': 0.9985119047619048, 'eval_macro_precision': 0.9985119047619048, 'eval_macro_f1': 0.9985119047619048, 'eval_accuracy': 0.9951397326852977, 'eval_micro_recall': 0.9951397326852977, 'eval_micro_precision': 0.9951397326852977, 'eval_micro_f1': 0.9951397326852977, 'eval_runtime': 1.153, 'eval_samples_per_second': 713.767, 'eval_steps_per_second': 22.549, 'epoch': 27.0}

 54%|█████▍    | 352/650 [06:34<09:58,  2.01s/it]
 54%|█████▍    | 353/650 [06:35<08:10,  1.65s/it]
 54%|█████▍    | 354/650 [06:36<06:54,  1.40s/it]
 55%|█████▍    | 355/650 [06:36<06:01,  1.22s/it]
 55%|█████▍    | 356/650 [06:37<05:23,  1.10s/it]
 55%|█████▍    | 357/650 [06:38<04:57,  1.01s/it]
 55%|█████▌    | 358/650 [06:39<04:38,  1.05it/s]
 55%|█████▌    | 359/650 [06:40<04:25,  1.10it/s]
 55%|█████▌    | 360/650 [06:41<04:16,  1.13it/s]
 56%|█████▌    | 361/650 [06:41<04:09,  1.16it/s]
 56%|█████▌    | 362/650 [06:42<04:04,  1.18it/s]
 56%|█████▌    | 363/650 [06:43<04:00,  1.19it/s]
 56%|█████▌    | 364/650 [06:44<03:53,  1.22it/s]
                                                 

 56%|█████▌    | 364/650 [06:44<03:53,  1.22it/s]{'loss': 0.0324, 'grad_norm': 0.38683614134788513, 'learning_rate': 2.2000000000000003e-05, 'epoch': 28.0}


  0%|          | 0/26 [00:00<?, ?it/s][A

 19%|█▉        | 5/26 [00:00<00:00, 37.50it/s][A

 35%|███▍      | 9/26 [00:00<00:00, 32.83it/s][A

 50%|█████     | 13/26 [00:00<00:00, 31.36it/s][A

 65%|██████▌   | 17/26 [00:00<00:00, 30.69it/s][A

 81%|████████  | 21/26 [00:00<00:00, 30.35it/s][A

 96%|█████████▌| 25/26 [00:00<00:00, 30.11it/s][A

                                               
[A
                                                 

100%|██████████| 26/26 [00:00<00:00, 30.11it/s][A
 56%|█████▌    | 364/650 [06:45<03:53,  1.22it/s]

                                               [A{'eval_loss': 0.03631395474076271, 'eval_macro_recall': 0.9971021303258144, 'eval_macro_precision': 0.9976573787409702, 'eval_macro_f1': 0.9973318086525633, 'eval_accuracy': 0.991494532199271, 'eval_micro_recall': 0.991494532199271, 'eval_micro_precision': 0.991494532199271, 'eval_micro_f1': 0.991494532199271, 'eval_runtime': 1.171, 'eval_samples_per_second': 702.794, 'eval_steps_per_second': 22.202, 'epoch': 28.0}

 56%|█████▌    | 365/650 [06:49<09:31,  2.00s/it]
 56%|█████▋    | 366/650 [06:49<07:48,  1.65s/it]
 56%|█████▋    | 367/650 [06:50<06:35,  1.40s/it]
 57%|█████▋    | 368/650 [06:51<05:45,  1.22s/it]
 57%|█████▋    | 369/650 [06:52<05:09,  1.10s/it]
 57%|█████▋    | 370/650 [06:53<04:44,  1.01s/it]
 57%|█████▋    | 371/650 [06:53<04:26,  1.05it/s]
 57%|█████▋    | 372/650 [06:54<04:13,  1.10it/s]
 57%|█████▋    | 373/650 [06:55<04:04,  1.14it/s]
 58%|█████▊    | 374/650 [06:56<03:57,  1.16it/s]
 58%|█████▊    | 375/650 [06:57<03:53,  1.18it/s]
 58%|█████▊    | 376/650 [06:57<03:49,  1.19it/s]
 58%|█████▊    | 377/650 [06:58<03:42,  1.23it/s]
                                                 

 58%|█████▊    | 377/650 [06:58<03:42,  1.23it/s]{'loss': 0.0315, 'grad_norm': 0.22346265614032745, 'learning_rate': 2.1e-05, 'epoch': 29.0}


  0%|          | 0/26 [00:00<?, ?it/s][A

 19%|█▉        | 5/26 [00:00<00:00, 37.45it/s][A

 35%|███▍      | 9/26 [00:00<00:00, 32.85it/s][A

 50%|█████     | 13/26 [00:00<00:00, 31.43it/s][A

 65%|██████▌   | 17/26 [00:00<00:00, 30.78it/s][A

 81%|████████  | 21/26 [00:00<00:00, 30.39it/s][A

 96%|█████████▌| 25/26 [00:00<00:00, 30.13it/s][A

                                               
[A
                                                 

100%|██████████| 26/26 [00:00<00:00, 30.13it/s][A
 58%|█████▊    | 377/650 [06:59<03:42,  1.23it/s]

                                               [A{'eval_loss': 0.03110935166478157, 'eval_macro_recall': 0.9985119047619048, 'eval_macro_precision': 0.9985119047619048, 'eval_macro_f1': 0.9985119047619048, 'eval_accuracy': 0.9951397326852977, 'eval_micro_recall': 0.9951397326852977, 'eval_micro_precision': 0.9951397326852977, 'eval_micro_f1': 0.9951397326852977, 'eval_runtime': 1.1403, 'eval_samples_per_second': 721.739, 'eval_steps_per_second': 22.801, 'epoch': 29.0}

 58%|█████▊    | 378/650 [07:03<09:02,  1.99s/it]
 58%|█████▊    | 379/650 [07:04<07:24,  1.64s/it]
 58%|█████▊    | 380/650 [07:05<06:16,  1.39s/it]
 59%|█████▊    | 381/650 [07:05<05:27,  1.22s/it]
 59%|█████▉    | 382/650 [07:06<04:53,  1.10s/it]
 59%|█████▉    | 383/650 [07:07<04:30,  1.01s/it]
 59%|█████▉    | 384/650 [07:08<04:13,  1.05it/s]
 59%|█████▉    | 385/650 [07:09<04:01,  1.10it/s]
 59%|█████▉    | 386/650 [07:10<03:53,  1.13it/s]
 60%|█████▉    | 387/650 [07:10<03:46,  1.16it/s]
 60%|█████▉    | 388/650 [07:11<03:42,  1.18it/s]
 60%|█████▉    | 389/650 [07:12<03:38,  1.19it/s]
 60%|██████    | 390/650 [07:13<03:32,  1.22it/s]
                                                 

 60%|██████    | 390/650 [07:13<03:32,  1.22it/s]{'loss': 0.0298, 'grad_norm': 0.16150732338428497, 'learning_rate': 2e-05, 'epoch': 30.0}


  0%|          | 0/26 [00:00<?, ?it/s][A

 15%|█▌        | 4/26 [00:00<00:00, 39.97it/s][A

 31%|███       | 8/26 [00:00<00:00, 33.19it/s][A

 46%|████▌     | 12/26 [00:00<00:00, 31.52it/s][A

 62%|██████▏   | 16/26 [00:00<00:00, 30.79it/s][A

 77%|███████▋  | 20/26 [00:00<00:00, 30.39it/s][A

 92%|█████████▏| 24/26 [00:00<00:00, 30.18it/s][A

                                               
[A
                                                 

100%|██████████| 26/26 [00:00<00:00, 30.18it/s][A
 60%|██████    | 390/650 [07:14<03:32,  1.22it/s]

                                               [A{'eval_loss': 0.03337373584508896, 'eval_macro_recall': 0.9985119047619048, 'eval_macro_precision': 0.9985119047619048, 'eval_macro_f1': 0.9985119047619048, 'eval_accuracy': 0.9951397326852977, 'eval_micro_recall': 0.9951397326852977, 'eval_micro_precision': 0.9951397326852977, 'eval_micro_f1': 0.9951397326852977, 'eval_runtime': 1.1547, 'eval_samples_per_second': 712.753, 'eval_steps_per_second': 22.517, 'epoch': 30.0}

 60%|██████    | 391/650 [07:18<09:02,  2.09s/it]
 60%|██████    | 392/650 [07:19<07:21,  1.71s/it]
 60%|██████    | 393/650 [07:19<06:10,  1.44s/it]
 61%|██████    | 394/650 [07:20<05:21,  1.25s/it]
 61%|██████    | 395/650 [07:21<04:45,  1.12s/it]
 61%|██████    | 396/650 [07:22<04:21,  1.03s/it]
 61%|██████    | 397/650 [07:23<04:04,  1.04it/s]
 61%|██████    | 398/650 [07:24<03:51,  1.09it/s]
 61%|██████▏   | 399/650 [07:24<03:42,  1.13it/s]
 62%|██████▏   | 400/650 [07:25<03:36,  1.15it/s]
 62%|██████▏   | 401/650 [07:26<03:32,  1.17it/s]
 62%|██████▏   | 402/650 [07:27<03:28,  1.19it/s]
 62%|██████▏   | 403/650 [07:28<03:22,  1.22it/s]
                                                 

 62%|██████▏   | 403/650 [07:28<03:22,  1.22it/s]{'loss': 0.031, 'grad_norm': 0.27107927203178406, 'learning_rate': 1.9e-05, 'epoch': 31.0}


  0%|          | 0/26 [00:00<?, ?it/s][A

 15%|█▌        | 4/26 [00:00<00:00, 39.79it/s][A

 31%|███       | 8/26 [00:00<00:00, 33.09it/s][A

 46%|████▌     | 12/26 [00:00<00:00, 31.45it/s][A

 62%|██████▏   | 16/26 [00:00<00:00, 30.79it/s][A

 77%|███████▋  | 20/26 [00:00<00:00, 30.40it/s][A

 92%|█████████▏| 24/26 [00:00<00:00, 30.16it/s][A

                                               
[A
                                                 

100%|██████████| 26/26 [00:00<00:00, 30.16it/s][A
 62%|██████▏   | 403/650 [07:29<03:22,  1.22it/s]

                                               [A{'eval_loss': 0.029315415769815445, 'eval_macro_recall': 0.9985119047619048, 'eval_macro_precision': 0.9985119047619048, 'eval_macro_f1': 0.9985119047619048, 'eval_accuracy': 0.9951397326852977, 'eval_micro_recall': 0.9951397326852977, 'eval_micro_precision': 0.9951397326852977, 'eval_micro_f1': 0.9951397326852977, 'eval_runtime': 1.1572, 'eval_samples_per_second': 711.199, 'eval_steps_per_second': 22.468, 'epoch': 31.0}

 62%|██████▏   | 404/650 [07:32<08:14,  2.01s/it]
 62%|██████▏   | 405/650 [07:33<06:44,  1.65s/it]
 62%|██████▏   | 406/650 [07:34<05:41,  1.40s/it]
 63%|██████▎   | 407/650 [07:35<04:57,  1.22s/it]
 63%|██████▎   | 408/650 [07:36<04:26,  1.10s/it]
 63%|██████▎   | 409/650 [07:36<04:04,  1.01s/it]
 63%|██████▎   | 410/650 [07:37<03:49,  1.05it/s]
 63%|██████▎   | 411/650 [07:38<03:38,  1.10it/s]
 63%|██████▎   | 412/650 [07:39<03:30,  1.13it/s]
 64%|██████▎   | 413/650 [07:40<03:24,  1.16it/s]
 64%|██████▎   | 414/650 [07:40<03:20,  1.18it/s]
 64%|██████▍   | 415/650 [07:41<03:17,  1.19it/s]
 64%|██████▍   | 416/650 [07:42<03:11,  1.22it/s]
                                                 

 64%|██████▍   | 416/650 [07:42<03:11,  1.22it/s]{'loss': 0.0302, 'grad_norm': 0.8002551794052124, 'learning_rate': 1.8e-05, 'epoch': 32.0}


  0%|          | 0/26 [00:00<?, ?it/s][A

 19%|█▉        | 5/26 [00:00<00:00, 37.49it/s][A

 35%|███▍      | 9/26 [00:00<00:00, 32.85it/s][A

 50%|█████     | 13/26 [00:00<00:00, 31.46it/s][A

 65%|██████▌   | 17/26 [00:00<00:00, 30.81it/s][A

 81%|████████  | 21/26 [00:00<00:00, 30.40it/s][A

 96%|█████████▌| 25/26 [00:00<00:00, 30.15it/s][A

                                               
[A
                                                 

100%|██████████| 26/26 [00:00<00:00, 30.15it/s][A
 64%|██████▍   | 416/650 [07:43<03:11,  1.22it/s]

                                               [A{'eval_loss': 0.028646308928728104, 'eval_macro_recall': 0.9989818295739347, 'eval_macro_precision': 0.9988126037764992, 'eval_macro_f1': 0.9988919667590028, 'eval_accuracy': 0.9963547995139733, 'eval_micro_recall': 0.9963547995139733, 'eval_micro_precision': 0.9963547995139733, 'eval_micro_f1': 0.9963547995139733, 'eval_runtime': 1.1501, 'eval_samples_per_second': 715.62, 'eval_steps_per_second': 22.608, 'epoch': 32.0}

 64%|██████▍   | 417/650 [07:47<07:41,  1.98s/it]
 64%|██████▍   | 418/650 [07:48<06:18,  1.63s/it]
 64%|██████▍   | 419/650 [07:48<05:19,  1.38s/it]
 65%|██████▍   | 420/650 [07:49<04:39,  1.21s/it]
 65%|██████▍   | 421/650 [07:50<04:10,  1.09s/it]
 65%|██████▍   | 422/650 [07:51<03:50,  1.01s/it]
 65%|██████▌   | 423/650 [07:52<03:35,  1.05it/s]
 65%|██████▌   | 424/650 [07:52<03:25,  1.10it/s]
 65%|██████▌   | 425/650 [07:53<03:18,  1.14it/s]
 66%|██████▌   | 426/650 [07:54<03:13,  1.16it/s]
 66%|██████▌   | 427/650 [07:55<03:09,  1.18it/s]
 66%|██████▌   | 428/650 [07:56<03:05,  1.19it/s]
 66%|██████▌   | 429/650 [07:56<02:59,  1.23it/s]
                                                 

 66%|██████▌   | 429/650 [07:56<02:59,  1.23it/s]{'loss': 0.0283, 'grad_norm': 0.2225911021232605, 'learning_rate': 1.7000000000000003e-05, 'epoch': 33.0}


  0%|          | 0/26 [00:00<?, ?it/s][A

 19%|█▉        | 5/26 [00:00<00:00, 37.50it/s][A

 35%|███▍      | 9/26 [00:00<00:00, 32.91it/s][A

 50%|█████     | 13/26 [00:00<00:00, 31.48it/s][A

 65%|██████▌   | 17/26 [00:00<00:00, 30.77it/s][A

 81%|████████  | 21/26 [00:00<00:00, 30.36it/s][A

 96%|█████████▌| 25/26 [00:00<00:00, 30.12it/s][A

                                               
[A
                                                 

100%|██████████| 26/26 [00:00<00:00, 30.12it/s][A
 66%|██████▌   | 429/650 [07:58<02:59,  1.23it/s]

                                               [A{'eval_loss': 0.027806390076875687, 'eval_macro_recall': 0.9989818295739347, 'eval_macro_precision': 0.9988126037764992, 'eval_macro_f1': 0.9988919667590028, 'eval_accuracy': 0.9963547995139733, 'eval_micro_recall': 0.9963547995139733, 'eval_micro_precision': 0.9963547995139733, 'eval_micro_f1': 0.9963547995139733, 'eval_runtime': 1.1481, 'eval_samples_per_second': 716.85, 'eval_steps_per_second': 22.647, 'epoch': 33.0}

 66%|██████▌   | 430/650 [08:01<07:18,  1.99s/it]
 66%|██████▋   | 431/650 [08:02<05:58,  1.64s/it]
 66%|██████▋   | 432/650 [08:03<05:03,  1.39s/it]
 67%|██████▋   | 433/650 [08:04<04:23,  1.22s/it]
 67%|██████▋   | 434/650 [08:04<03:56,  1.10s/it]
 67%|██████▋   | 435/650 [08:05<03:37,  1.01s/it]
 67%|██████▋   | 436/650 [08:06<03:23,  1.05it/s]
 67%|██████▋   | 437/650 [08:07<03:13,  1.10it/s]
 67%|██████▋   | 438/650 [08:08<03:07,  1.13it/s]
 68%|██████▊   | 439/650 [08:09<03:01,  1.16it/s]
 68%|██████▊   | 440/650 [08:09<02:57,  1.18it/s]
 68%|██████▊   | 441/650 [08:10<02:55,  1.19it/s]
 68%|██████▊   | 442/650 [08:11<02:49,  1.23it/s]
                                                 

 68%|██████▊   | 442/650 [08:11<02:49,  1.23it/s]{'loss': 0.0262, 'grad_norm': 0.17652146518230438, 'learning_rate': 1.6000000000000003e-05, 'epoch': 34.0}


  0%|          | 0/26 [00:00<?, ?it/s][A

 15%|█▌        | 4/26 [00:00<00:00, 39.67it/s][A

 31%|███       | 8/26 [00:00<00:00, 32.91it/s][A

 46%|████▌     | 12/26 [00:00<00:00, 31.34it/s][A

 62%|██████▏   | 16/26 [00:00<00:00, 30.71it/s][A

 77%|███████▋  | 20/26 [00:00<00:00, 30.40it/s][A

 92%|█████████▏| 24/26 [00:00<00:00, 30.16it/s][A

                                               
[A
                                                 

100%|██████████| 26/26 [00:00<00:00, 30.16it/s][A
 68%|██████▊   | 442/650 [08:12<02:49,  1.23it/s]

                                               [A{'eval_loss': 0.02726319245994091, 'eval_macro_recall': 0.9992559523809523, 'eval_macro_precision': 0.9992559523809523, 'eval_macro_f1': 0.9992559523809523, 'eval_accuracy': 0.9975698663426489, 'eval_micro_recall': 0.9975698663426489, 'eval_micro_precision': 0.9975698663426489, 'eval_micro_f1': 0.9975698663426489, 'eval_runtime': 1.1385, 'eval_samples_per_second': 722.879, 'eval_steps_per_second': 22.837, 'epoch': 34.0}

 68%|██████▊   | 443/650 [08:16<06:55,  2.01s/it]
 68%|██████▊   | 444/650 [08:17<05:39,  1.65s/it]
 68%|██████▊   | 445/650 [08:17<04:46,  1.40s/it]
 69%|██████▊   | 446/650 [08:18<04:09,  1.22s/it]
 69%|██████▉   | 447/650 [08:19<03:43,  1.10s/it]
 69%|██████▉   | 448/650 [08:20<03:24,  1.01s/it]
 69%|██████▉   | 449/650 [08:21<03:11,  1.05it/s]
 69%|██████▉   | 450/650 [08:21<03:02,  1.10it/s]
 69%|██████▉   | 451/650 [08:22<02:55,  1.13it/s]
 70%|██████▉   | 452/650 [08:23<02:50,  1.16it/s]
 70%|██████▉   | 453/650 [08:24<02:47,  1.18it/s]
 70%|██████▉   | 454/650 [08:25<02:44,  1.19it/s]
 70%|███████   | 455/650 [08:25<02:39,  1.22it/s]
                                                 

 70%|███████   | 455/650 [08:25<02:39,  1.22it/s]{'loss': 0.0265, 'grad_norm': 0.42992135882377625, 'learning_rate': 1.5e-05, 'epoch': 35.0}


  0%|          | 0/26 [00:00<?, ?it/s][A

 15%|█▌        | 4/26 [00:00<00:00, 40.00it/s][A

 31%|███       | 8/26 [00:00<00:00, 33.32it/s][A

 46%|████▌     | 12/26 [00:00<00:00, 31.64it/s][A

 62%|██████▏   | 16/26 [00:00<00:00, 30.91it/s][A

 77%|███████▋  | 20/26 [00:00<00:00, 30.52it/s][A

 92%|█████████▏| 24/26 [00:00<00:00, 30.31it/s][A

                                               
[A
                                                 

100%|██████████| 26/26 [00:00<00:00, 30.31it/s][A
 70%|███████   | 455/650 [08:27<02:39,  1.22it/s]

                                               [A{'eval_loss': 0.030676858499646187, 'eval_macro_recall': 0.9950266290726817, 'eval_macro_precision': 0.9943184885290149, 'eval_macro_f1': 0.9939770060070812, 'eval_accuracy': 0.9939246658566221, 'eval_micro_recall': 0.9939246658566221, 'eval_micro_precision': 0.9939246658566221, 'eval_micro_f1': 0.9939246658566221, 'eval_runtime': 1.1598, 'eval_samples_per_second': 709.623, 'eval_steps_per_second': 22.418, 'epoch': 35.0}

 70%|███████   | 456/650 [08:30<06:28,  2.00s/it]
 70%|███████   | 457/650 [08:31<05:17,  1.65s/it]
 70%|███████   | 458/650 [08:32<04:27,  1.40s/it]
 71%|███████   | 459/650 [08:33<03:53,  1.22s/it]
 71%|███████   | 460/650 [08:33<03:28,  1.10s/it]
 71%|███████   | 461/650 [08:34<03:11,  1.01s/it]
 71%|███████   | 462/650 [08:35<02:59,  1.05it/s]
 71%|███████   | 463/650 [08:36<02:50,  1.10it/s]
 71%|███████▏  | 464/650 [08:37<02:44,  1.13it/s]
 72%|███████▏  | 465/650 [08:38<02:39,  1.16it/s]
 72%|███████▏  | 466/650 [08:38<02:35,  1.18it/s]
 72%|███████▏  | 467/650 [08:39<02:33,  1.19it/s]
 72%|███████▏  | 468/650 [08:40<02:29,  1.21it/s]
                                                 

 72%|███████▏  | 468/650 [08:40<02:29,  1.21it/s]{'loss': 0.0254, 'grad_norm': 0.19284261763095856, 'learning_rate': 1.4000000000000001e-05, 'epoch': 36.0}


  0%|          | 0/26 [00:00<?, ?it/s][A

 19%|█▉        | 5/26 [00:00<00:00, 38.63it/s][A

 35%|███▍      | 9/26 [00:00<00:00, 33.28it/s][A

 50%|█████     | 13/26 [00:00<00:00, 31.68it/s][A

 65%|██████▌   | 17/26 [00:00<00:00, 30.88it/s][A

 81%|████████  | 21/26 [00:00<00:00, 30.45it/s][A

 96%|█████████▌| 25/26 [00:00<00:00, 30.19it/s][A

                                               
[A
                                                 

100%|██████████| 26/26 [00:00<00:00, 30.19it/s][A
 72%|███████▏  | 468/650 [08:41<02:29,  1.21it/s]

                                               [A{'eval_loss': 0.02559373527765274, 'eval_macro_recall': 0.9992559523809523, 'eval_macro_precision': 0.9992559523809523, 'eval_macro_f1': 0.9992559523809523, 'eval_accuracy': 0.9975698663426489, 'eval_micro_recall': 0.9975698663426489, 'eval_micro_precision': 0.9975698663426489, 'eval_micro_f1': 0.9975698663426489, 'eval_runtime': 1.1498, 'eval_samples_per_second': 715.801, 'eval_steps_per_second': 22.613, 'epoch': 36.0}

 72%|███████▏  | 469/650 [08:45<06:03,  2.01s/it]
 72%|███████▏  | 470/650 [08:46<04:56,  1.65s/it]
 72%|███████▏  | 471/650 [08:46<04:10,  1.40s/it]
 73%|███████▎  | 472/650 [08:47<03:37,  1.22s/it]
 73%|███████▎  | 473/650 [08:48<03:14,  1.10s/it]
 73%|███████▎  | 474/650 [08:49<02:58,  1.01s/it]
 73%|███████▎  | 475/650 [08:50<02:47,  1.05it/s]
 73%|███████▎  | 476/650 [08:50<02:38,  1.09it/s]
 73%|███████▎  | 477/650 [08:51<02:32,  1.13it/s]
 74%|███████▎  | 478/650 [08:52<02:28,  1.16it/s]
 74%|███████▎  | 479/650 [08:53<02:25,  1.18it/s]
 74%|███████▍  | 480/650 [08:54<02:22,  1.19it/s]
 74%|███████▍  | 481/650 [08:54<02:17,  1.22it/s]
                                                 

 74%|███████▍  | 481/650 [08:54<02:17,  1.22it/s]{'loss': 0.0242, 'grad_norm': 0.22116805613040924, 'learning_rate': 1.3000000000000001e-05, 'epoch': 37.0}


  0%|          | 0/26 [00:00<?, ?it/s][A

 15%|█▌        | 4/26 [00:00<00:00, 39.98it/s][A

 31%|███       | 8/26 [00:00<00:00, 33.25it/s][A

 46%|████▌     | 12/26 [00:00<00:00, 31.54it/s][A

 62%|██████▏   | 16/26 [00:00<00:00, 30.81it/s][A

 77%|███████▋  | 20/26 [00:00<00:00, 30.44it/s][A

 92%|█████████▏| 24/26 [00:00<00:00, 30.20it/s][A

                                               
[A
                                                 

100%|██████████| 26/26 [00:00<00:00, 30.20it/s][A
 74%|███████▍  | 481/650 [08:56<02:17,  1.22it/s]

                                               [A{'eval_loss': 0.031407203525304794, 'eval_macro_recall': 0.9987860275689224, 'eval_macro_precision': 0.9989756136372678, 'eval_macro_f1': 0.9988753514526711, 'eval_accuracy': 0.9963547995139733, 'eval_micro_recall': 0.9963547995139733, 'eval_micro_precision': 0.9963547995139733, 'eval_micro_f1': 0.9963547995139733, 'eval_runtime': 1.119, 'eval_samples_per_second': 735.449, 'eval_steps_per_second': 23.234, 'epoch': 37.0}

 74%|███████▍  | 482/650 [08:59<05:33,  1.98s/it]
 74%|███████▍  | 483/650 [09:00<04:33,  1.63s/it]
 74%|███████▍  | 484/650 [09:01<03:50,  1.39s/it]
 75%|███████▍  | 485/650 [09:02<03:20,  1.22s/it]
 75%|███████▍  | 486/650 [09:02<02:59,  1.09s/it]
 75%|███████▍  | 487/650 [09:03<02:44,  1.01s/it]
 75%|███████▌  | 488/650 [09:04<02:34,  1.05it/s]
 75%|███████▌  | 489/650 [09:05<02:26,  1.10it/s]
 75%|███████▌  | 490/650 [09:06<02:21,  1.13it/s]
 76%|███████▌  | 491/650 [09:06<02:17,  1.16it/s]
 76%|███████▌  | 492/650 [09:07<02:14,  1.18it/s]
 76%|███████▌  | 493/650 [09:08<02:11,  1.19it/s]
 76%|███████▌  | 494/650 [09:09<02:07,  1.22it/s]
                                                 

 76%|███████▌  | 494/650 [09:09<02:07,  1.22it/s]{'loss': 0.0244, 'grad_norm': 0.2897079885005951, 'learning_rate': 1.2e-05, 'epoch': 38.0}


  0%|          | 0/26 [00:00<?, ?it/s][A

 19%|█▉        | 5/26 [00:00<00:00, 37.79it/s][A

 35%|███▍      | 9/26 [00:00<00:00, 33.03it/s][A

 50%|█████     | 13/26 [00:00<00:00, 31.57it/s][A

 65%|██████▌   | 17/26 [00:00<00:00, 30.89it/s][A

 81%|████████  | 21/26 [00:00<00:00, 30.50it/s][A

 96%|█████████▌| 25/26 [00:00<00:00, 30.22it/s][A

                                               
[A
                                                 

100%|██████████| 26/26 [00:00<00:00, 30.22it/s][A
 76%|███████▌  | 494/650 [09:10<02:07,  1.22it/s]

                                               [A{'eval_loss': 0.03022395260632038, 'eval_macro_recall': 0.9987860275689224, 'eval_macro_precision': 0.9989756136372678, 'eval_macro_f1': 0.9988753514526711, 'eval_accuracy': 0.9963547995139733, 'eval_micro_recall': 0.9963547995139733, 'eval_micro_precision': 0.9963547995139733, 'eval_micro_f1': 0.9963547995139733, 'eval_runtime': 1.1621, 'eval_samples_per_second': 708.224, 'eval_steps_per_second': 22.374, 'epoch': 38.0}

 76%|███████▌  | 495/650 [09:14<05:12,  2.02s/it]
 76%|███████▋  | 496/650 [09:15<04:15,  1.66s/it]
 76%|███████▋  | 497/650 [09:15<03:34,  1.40s/it]
 77%|███████▋  | 498/650 [09:16<03:06,  1.23s/it]
 77%|███████▋  | 499/650 [09:17<02:46,  1.10s/it]
 77%|███████▋  | 500/650 [09:18<02:32,  1.02s/it]
 77%|███████▋  | 501/650 [09:19<02:22,  1.05it/s]
 77%|███████▋  | 502/650 [09:19<02:15,  1.10it/s]
 77%|███████▋  | 503/650 [09:20<02:09,  1.13it/s]
 78%|███████▊  | 504/650 [09:21<02:05,  1.16it/s]
 78%|███████▊  | 505/650 [09:22<02:02,  1.18it/s]
 78%|███████▊  | 506/650 [09:23<02:00,  1.19it/s]
 78%|███████▊  | 507/650 [09:23<01:56,  1.23it/s]
                                                 

 78%|███████▊  | 507/650 [09:23<01:56,  1.23it/s]{'loss': 0.0239, 'grad_norm': 0.20664240419864655, 'learning_rate': 1.1000000000000001e-05, 'epoch': 39.0}


  0%|          | 0/26 [00:00<?, ?it/s][A

 19%|█▉        | 5/26 [00:00<00:00, 37.99it/s][A

 35%|███▍      | 9/26 [00:00<00:00, 33.02it/s][A

 50%|█████     | 13/26 [00:00<00:00, 31.54it/s][A

 65%|██████▌   | 17/26 [00:00<00:00, 30.85it/s][A

 81%|████████  | 21/26 [00:00<00:00, 30.45it/s][A

 96%|█████████▌| 25/26 [00:00<00:00, 30.17it/s][A

                                               
[A
                                                 

100%|██████████| 26/26 [00:00<00:00, 30.17it/s][A
 78%|███████▊  | 507/650 [09:25<01:56,  1.23it/s]

                                               [A{'eval_loss': 0.02835542894899845, 'eval_macro_recall': 0.9987860275689224, 'eval_macro_precision': 0.9989756136372678, 'eval_macro_f1': 0.9988753514526711, 'eval_accuracy': 0.9963547995139733, 'eval_micro_recall': 0.9963547995139733, 'eval_micro_precision': 0.9963547995139733, 'eval_micro_f1': 0.9963547995139733, 'eval_runtime': 1.1457, 'eval_samples_per_second': 718.311, 'eval_steps_per_second': 22.693, 'epoch': 39.0}

 78%|███████▊  | 508/650 [09:28<04:42,  1.99s/it]
 78%|███████▊  | 509/650 [09:29<03:50,  1.64s/it]
 78%|███████▊  | 510/650 [09:30<03:14,  1.39s/it]
 79%|███████▊  | 511/650 [09:31<02:49,  1.22s/it]
 79%|███████▉  | 512/650 [09:31<02:31,  1.09s/it]
 79%|███████▉  | 513/650 [09:32<02:18,  1.01s/it]
 79%|███████▉  | 514/650 [09:33<02:09,  1.05it/s]
 79%|███████▉  | 515/650 [09:34<02:03,  1.10it/s]
 79%|███████▉  | 516/650 [09:35<01:58,  1.13it/s]
 80%|███████▉  | 517/650 [09:35<01:54,  1.16it/s]
 80%|███████▉  | 518/650 [09:36<01:51,  1.18it/s]
 80%|███████▉  | 519/650 [09:37<01:49,  1.19it/s]
 80%|████████  | 520/650 [09:38<01:46,  1.22it/s]
                                                 

 80%|████████  | 520/650 [09:38<01:46,  1.22it/s]{'loss': 0.0232, 'grad_norm': 0.08015547692775726, 'learning_rate': 1e-05, 'epoch': 40.0}


  0%|          | 0/26 [00:00<?, ?it/s][A

 15%|█▌        | 4/26 [00:00<00:00, 39.96it/s][A

 31%|███       | 8/26 [00:00<00:00, 33.25it/s][A

 46%|████▌     | 12/26 [00:00<00:00, 31.53it/s][A

 62%|██████▏   | 16/26 [00:00<00:00, 30.80it/s][A

 77%|███████▋  | 20/26 [00:00<00:00, 30.40it/s][A

 92%|█████████▏| 24/26 [00:00<00:00, 30.13it/s][A

                                               
[A
                                                 

100%|██████████| 26/26 [00:00<00:00, 30.13it/s][A
 80%|████████  | 520/650 [09:39<01:46,  1.22it/s]

                                               [A{'eval_loss': 0.030911970883607864, 'eval_macro_recall': 0.9983161027568922, 'eval_macro_precision': 0.9987044534412955, 'eval_macro_f1': 0.99848828420257, 'eval_accuracy': 0.9951397326852977, 'eval_micro_recall': 0.9951397326852977, 'eval_micro_precision': 0.9951397326852977, 'eval_micro_f1': 0.9951397326852977, 'eval_runtime': 1.1373, 'eval_samples_per_second': 723.657, 'eval_steps_per_second': 22.862, 'epoch': 40.0}

 80%|████████  | 521/650 [09:42<04:12,  1.96s/it]
 80%|████████  | 522/650 [09:43<03:26,  1.61s/it]
 80%|████████  | 523/650 [09:44<02:54,  1.37s/it]
 81%|████████  | 524/650 [09:45<02:32,  1.21s/it]
 81%|████████  | 525/650 [09:46<02:16,  1.09s/it]
 81%|████████  | 526/650 [09:47<02:04,  1.01s/it]
 81%|████████  | 527/650 [09:47<01:56,  1.05it/s]
 81%|████████  | 528/650 [09:48<01:50,  1.10it/s]
 81%|████████▏ | 529/650 [09:49<01:46,  1.14it/s]
 82%|████████▏ | 530/650 [09:50<01:43,  1.16it/s]
 82%|████████▏ | 531/650 [09:51<01:40,  1.18it/s]
 82%|████████▏ | 532/650 [09:51<01:38,  1.19it/s]
 82%|████████▏ | 533/650 [09:52<01:35,  1.23it/s]
                                                 

 82%|████████▏ | 533/650 [09:52<01:35,  1.23it/s]{'loss': 0.0218, 'grad_norm': 0.1293347179889679, 'learning_rate': 9e-06, 'epoch': 41.0}


  0%|          | 0/26 [00:00<?, ?it/s][A

 19%|█▉        | 5/26 [00:00<00:00, 37.56it/s][A

 35%|███▍      | 9/26 [00:00<00:00, 32.92it/s][A

 50%|█████     | 13/26 [00:00<00:00, 31.50it/s][A

 65%|██████▌   | 17/26 [00:00<00:00, 30.83it/s][A

 81%|████████  | 21/26 [00:00<00:00, 30.39it/s][A

 96%|█████████▌| 25/26 [00:00<00:00, 30.17it/s][A

                                               
[A
                                                 

100%|██████████| 26/26 [00:00<00:00, 30.17it/s][A
 82%|████████▏ | 533/650 [09:53<01:35,  1.23it/s]

                                               [A{'eval_loss': 0.025340992957353592, 'eval_macro_recall': 0.9987860275689224, 'eval_macro_precision': 0.9989756136372678, 'eval_macro_f1': 0.9988753514526711, 'eval_accuracy': 0.9963547995139733, 'eval_micro_recall': 0.9963547995139733, 'eval_micro_precision': 0.9963547995139733, 'eval_micro_f1': 0.9963547995139733, 'eval_runtime': 1.1415, 'eval_samples_per_second': 720.996, 'eval_steps_per_second': 22.778, 'epoch': 41.0}

 82%|████████▏ | 534/650 [09:57<03:48,  1.97s/it]
 82%|████████▏ | 535/650 [09:58<03:06,  1.62s/it]
 82%|████████▏ | 536/650 [09:58<02:37,  1.38s/it]
 83%|████████▎ | 537/650 [09:59<02:16,  1.21s/it]
 83%|████████▎ | 538/650 [10:00<02:02,  1.09s/it]
 83%|████████▎ | 539/650 [10:01<01:51,  1.01s/it]
 83%|████████▎ | 540/650 [10:02<01:44,  1.05it/s]
 83%|████████▎ | 541/650 [10:03<01:39,  1.10it/s]
 83%|████████▎ | 542/650 [10:03<01:35,  1.14it/s]
 84%|████████▎ | 543/650 [10:04<01:32,  1.16it/s]
 84%|████████▎ | 544/650 [10:05<01:29,  1.18it/s]
 84%|████████▍ | 545/650 [10:06<01:27,  1.19it/s]
 84%|████████▍ | 546/650 [10:07<01:24,  1.23it/s]
                                                 

 84%|████████▍ | 546/650 [10:07<01:24,  1.23it/s]{'loss': 0.0229, 'grad_norm': 0.11899862438440323, 'learning_rate': 8.000000000000001e-06, 'epoch': 42.0}


  0%|          | 0/26 [00:00<?, ?it/s][A

 15%|█▌        | 4/26 [00:00<00:00, 39.96it/s][A

 31%|███       | 8/26 [00:00<00:00, 33.15it/s][A

 46%|████▌     | 12/26 [00:00<00:00, 31.41it/s][A

 62%|██████▏   | 16/26 [00:00<00:00, 30.73it/s][A

 77%|███████▋  | 20/26 [00:00<00:00, 30.35it/s][A

 92%|█████████▏| 24/26 [00:00<00:00, 30.10it/s][A

                                               
[A
                                                 

100%|██████████| 26/26 [00:00<00:00, 30.10it/s][A
 84%|████████▍ | 546/650 [10:08<01:24,  1.23it/s]

                                               [A{'eval_loss': 0.027922453358769417, 'eval_macro_recall': 0.9983161027568922, 'eval_macro_precision': 0.9987044534412955, 'eval_macro_f1': 0.99848828420257, 'eval_accuracy': 0.9951397326852977, 'eval_micro_recall': 0.9951397326852977, 'eval_micro_precision': 0.9951397326852977, 'eval_micro_f1': 0.9951397326852977, 'eval_runtime': 1.167, 'eval_samples_per_second': 705.235, 'eval_steps_per_second': 22.28, 'epoch': 42.0}

 84%|████████▍ | 547/650 [10:11<03:26,  2.01s/it]
 84%|████████▍ | 548/650 [10:12<02:48,  1.65s/it]
 84%|████████▍ | 549/650 [10:13<02:21,  1.40s/it]
 85%|████████▍ | 550/650 [10:14<02:02,  1.22s/it]
 85%|████████▍ | 551/650 [10:15<01:48,  1.10s/it]
 85%|████████▍ | 552/650 [10:15<01:39,  1.02s/it]
 85%|████████▌ | 553/650 [10:16<01:32,  1.05it/s]
 85%|████████▌ | 554/650 [10:17<01:27,  1.10it/s]
 85%|████████▌ | 555/650 [10:18<01:23,  1.13it/s]
 86%|████████▌ | 556/650 [10:19<01:21,  1.16it/s]
 86%|████████▌ | 557/650 [10:20<01:18,  1.18it/s]
 86%|████████▌ | 558/650 [10:20<01:17,  1.19it/s]
 86%|████████▌ | 559/650 [10:21<01:14,  1.22it/s]
                                                 

 86%|████████▌ | 559/650 [10:21<01:14,  1.22it/s]{'loss': 0.0228, 'grad_norm': 0.6792206168174744, 'learning_rate': 7.000000000000001e-06, 'epoch': 43.0}


  0%|          | 0/26 [00:00<?, ?it/s][A

 19%|█▉        | 5/26 [00:00<00:00, 37.51it/s][A

 35%|███▍      | 9/26 [00:00<00:00, 32.91it/s][A

 50%|█████     | 13/26 [00:00<00:00, 31.48it/s][A

 65%|██████▌   | 17/26 [00:00<00:00, 30.77it/s][A

 81%|████████  | 21/26 [00:00<00:00, 30.41it/s][A

 96%|█████████▌| 25/26 [00:00<00:00, 30.18it/s][A

                                               
[A
                                                 

100%|██████████| 26/26 [00:00<00:00, 30.18it/s][A
 86%|████████▌ | 559/650 [10:22<01:14,  1.22it/s]

                                               [A{'eval_loss': 0.032752055674791336, 'eval_macro_recall': 0.9983161027568922, 'eval_macro_precision': 0.9987044534412955, 'eval_macro_f1': 0.99848828420257, 'eval_accuracy': 0.9951397326852977, 'eval_micro_recall': 0.9951397326852977, 'eval_micro_precision': 0.9951397326852977, 'eval_micro_f1': 0.9951397326852977, 'eval_runtime': 1.1382, 'eval_samples_per_second': 723.051, 'eval_steps_per_second': 22.842, 'epoch': 43.0}

 86%|████████▌ | 560/650 [10:26<02:56,  1.96s/it]
 86%|████████▋ | 561/650 [10:27<02:23,  1.61s/it]
 86%|████████▋ | 562/650 [10:27<02:00,  1.37s/it]
 87%|████████▋ | 563/650 [10:28<01:44,  1.20s/it]
 87%|████████▋ | 564/650 [10:29<01:33,  1.09s/it]
 87%|████████▋ | 565/650 [10:30<01:25,  1.01s/it]
 87%|████████▋ | 566/650 [10:31<01:19,  1.05it/s]
 87%|████████▋ | 567/650 [10:31<01:15,  1.10it/s]
 87%|████████▋ | 568/650 [10:32<01:12,  1.13it/s]
 88%|████████▊ | 569/650 [10:33<01:09,  1.16it/s]
 88%|████████▊ | 570/650 [10:34<01:07,  1.18it/s]
 88%|████████▊ | 571/650 [10:35<01:06,  1.19it/s]
 88%|████████▊ | 572/650 [10:35<01:03,  1.23it/s]
                                                 

 88%|████████▊ | 572/650 [10:35<01:03,  1.23it/s]{'loss': 0.0216, 'grad_norm': 0.1314549595117569, 'learning_rate': 6e-06, 'epoch': 44.0}


  0%|          | 0/26 [00:00<?, ?it/s][A

 15%|█▌        | 4/26 [00:00<00:00, 39.81it/s][A

 31%|███       | 8/26 [00:00<00:00, 33.10it/s][A

 46%|████▌     | 12/26 [00:00<00:00, 31.41it/s][A

 62%|██████▏   | 16/26 [00:00<00:00, 30.69it/s][A

 77%|███████▋  | 20/26 [00:00<00:00, 30.36it/s][A

 92%|█████████▏| 24/26 [00:00<00:00, 30.11it/s][A

                                               
[A
                                                 

100%|██████████| 26/26 [00:00<00:00, 30.11it/s][A
 88%|████████▊ | 572/650 [10:37<01:03,  1.23it/s]

                                               [A{'eval_loss': 0.032798830419778824, 'eval_macro_recall': 0.9983161027568922, 'eval_macro_precision': 0.9987044534412955, 'eval_macro_f1': 0.99848828420257, 'eval_accuracy': 0.9951397326852977, 'eval_micro_recall': 0.9951397326852977, 'eval_micro_precision': 0.9951397326852977, 'eval_micro_f1': 0.9951397326852977, 'eval_runtime': 1.1531, 'eval_samples_per_second': 713.726, 'eval_steps_per_second': 22.548, 'epoch': 44.0}

 88%|████████▊ | 573/650 [10:40<02:36,  2.03s/it]
 88%|████████▊ | 574/650 [10:41<02:06,  1.67s/it]
 88%|████████▊ | 575/650 [10:42<01:45,  1.41s/it]
 89%|████████▊ | 576/650 [10:43<01:31,  1.23s/it]
 89%|████████▉ | 577/650 [10:44<01:20,  1.11s/it]
 89%|████████▉ | 578/650 [10:44<01:13,  1.02s/it]
 89%|████████▉ | 579/650 [10:45<01:07,  1.04it/s]
 89%|████████▉ | 580/650 [10:46<01:04,  1.09it/s]
 89%|████████▉ | 581/650 [10:47<01:01,  1.13it/s]
 90%|████████▉ | 582/650 [10:48<00:58,  1.16it/s]
 90%|████████▉ | 583/650 [10:48<00:56,  1.18it/s]
 90%|████████▉ | 584/650 [10:49<00:55,  1.19it/s]
 90%|█████████ | 585/650 [10:50<00:53,  1.22it/s]
                                                 

 90%|█████████ | 585/650 [10:50<00:53,  1.22it/s]{'loss': 0.0204, 'grad_norm': 0.2753170430660248, 'learning_rate': 5e-06, 'epoch': 45.0}


  0%|          | 0/26 [00:00<?, ?it/s][A

 15%|█▌        | 4/26 [00:00<00:00, 39.70it/s][A

 31%|███       | 8/26 [00:00<00:00, 33.03it/s][A

 46%|████▌     | 12/26 [00:00<00:00, 31.41it/s][A

 62%|██████▏   | 16/26 [00:00<00:00, 30.67it/s][A

 77%|███████▋  | 20/26 [00:00<00:00, 30.31it/s][A

 92%|█████████▏| 24/26 [00:00<00:00, 30.07it/s][A

                                               
[A
                                                 

100%|██████████| 26/26 [00:00<00:00, 30.07it/s][A
 90%|█████████ | 585/650 [10:51<00:53,  1.22it/s]

                                               [A{'eval_loss': 0.03413526341319084, 'eval_macro_recall': 0.9983161027568922, 'eval_macro_precision': 0.9987044534412955, 'eval_macro_f1': 0.99848828420257, 'eval_accuracy': 0.9951397326852977, 'eval_micro_recall': 0.9951397326852977, 'eval_micro_precision': 0.9951397326852977, 'eval_micro_f1': 0.9951397326852977, 'eval_runtime': 1.1386, 'eval_samples_per_second': 722.812, 'eval_steps_per_second': 22.835, 'epoch': 45.0}

 90%|█████████ | 586/650 [10:55<02:10,  2.04s/it]
 90%|█████████ | 587/650 [10:56<01:45,  1.67s/it]
 90%|█████████ | 588/650 [10:57<01:27,  1.41s/it]
 91%|█████████ | 589/650 [10:57<01:15,  1.23s/it]
 91%|█████████ | 590/650 [10:58<01:06,  1.11s/it]
 91%|█████████ | 591/650 [10:59<01:00,  1.02s/it]
 91%|█████████ | 592/650 [11:00<00:55,  1.04it/s]
 91%|█████████ | 593/650 [11:01<00:52,  1.09it/s]
 91%|█████████▏| 594/650 [11:01<00:49,  1.13it/s]
 92%|█████████▏| 595/650 [11:02<00:47,  1.16it/s]
 92%|█████████▏| 596/650 [11:03<00:45,  1.18it/s]
 92%|█████████▏| 597/650 [11:04<00:44,  1.19it/s]
 92%|█████████▏| 598/650 [11:05<00:42,  1.23it/s]
                                                 

 92%|█████████▏| 598/650 [11:05<00:42,  1.23it/s]{'loss': 0.0205, 'grad_norm': 0.07438195496797562, 'learning_rate': 4.000000000000001e-06, 'epoch': 46.0}


  0%|          | 0/26 [00:00<?, ?it/s][A

 15%|█▌        | 4/26 [00:00<00:00, 39.80it/s][A

 31%|███       | 8/26 [00:00<00:00, 33.22it/s][A

 46%|████▌     | 12/26 [00:00<00:00, 31.52it/s][A

 62%|██████▏   | 16/26 [00:00<00:00, 30.74it/s][A

 77%|███████▋  | 20/26 [00:00<00:00, 30.37it/s][A

 92%|█████████▏| 24/26 [00:00<00:00, 30.11it/s][A

                                               
[A
                                                 

100%|██████████| 26/26 [00:00<00:00, 30.11it/s][A
 92%|█████████▏| 598/650 [11:06<00:42,  1.23it/s]

                                               [A
                                                 

 92%|█████████▏| 598/650 [11:09<00:42,  1.23it/s]
 92%|█████████▏| 598/650 [11:09<00:58,  1.12s/it]
2025-04-12 16:21:30.291 | INFO     | __main__:fine_tune:231 - Training time: 669.44 seconds
{'eval_loss': 0.03351202607154846, 'eval_macro_recall': 0.9983161027568922, 'eval_macro_precision': 0.9987044534412955, 'eval_macro_f1': 0.99848828420257, 'eval_accuracy': 0.9951397326852977, 'eval_micro_recall': 0.9951397326852977, 'eval_micro_precision': 0.9951397326852977, 'eval_micro_f1': 0.9951397326852977, 'eval_runtime': 1.1442, 'eval_samples_per_second': 719.267, 'eval_steps_per_second': 22.723, 'epoch': 46.0}
{'train_runtime': 669.1053, 'train_samples_per_second': 246.224, 'train_steps_per_second': 0.971, 'train_loss': 0.34268792452022784, 'epoch': 46.0}

  0%|          | 0/26 [00:00<?, ?it/s]
 19%|█▉        | 5/26 [00:00<00:00, 37.51it/s]
 35%|███▍      | 9/26 [00:00<00:00, 32.88it/s]
 50%|█████     | 13/26 [00:00<00:00, 31.48it/s]
 65%|██████▌   | 17/26 [00:00<00:00, 30.82it/s]
 81%|████████  | 21/26 [00:00<00:00, 30.46it/s]
 96%|█████████▌| 25/26 [00:00<00:00, 30.24it/s]
100%|██████████| 26/26 [00:00<00:00, 29.17it/s]
2025-04-12 16:21:31.412 | INFO     | __main__:fine_tune:242 - Prediction time: 1.12 seconds
2025-04-12 16:21:31.415 | INFO     | __main__:CV_run:419 - Fold 4, Final Eval Metrics: loss: 0.03, macro_recall: 1.00, macro_precision: 1.00, macro_f1: 1.00, accuracy: 1.00, micro_recall: 1.00, micro_precision: 1.00, micro_f1: 1.00, runtime: 1.14, samples_per_second: 719.27, steps_per_second: 22.72
2025-04-12 16:21:31.415 | INFO     | __main__:CV_run:357 - Starting fold 5
Some weights of RobertaForSequenceClassification were not initialized from the model checkpoint at roberta-base and are newly initialized: ['classifier.dense.bias', 'classifier.dense.weight', 'classifier.out_proj.bias', 'classifier.out_proj.weight']
You should probably TRAIN this model on a down-stream task to be able to use it for predictions and inference.
2025-04-12 16:21:31.585 | INFO     | __main__:CV_run:409 - Starting fine-tuning with cross-entropy loss
Eval results: defaultdict(<class 'list'>, {'loss': [3.154788017272949, 2.138681411743164, 1.487513542175293, 1.0644174814224243, 0.7902674674987793, 0.5749728679656982, 0.43638697266578674, 0.32642433047294617, 0.23728391528129578, 0.18215975165367126, 0.15180163085460663, 0.1250743865966797, 0.10541816800832748, 0.08803583681583405, 0.0791042298078537, 0.07201080769300461, 0.061615951359272, 0.05478598549962044, 0.049247100949287415, 0.04993009567260742, 0.0469014011323452, 0.04123310372233391, 0.03782195597887039, 0.0384935662150383, 0.04332513362169266, 0.03220234811306, 0.0343414731323719, 0.03631395474076271, 0.03110935166478157, 0.03337373584508896, 0.029315415769815445, 0.028646308928728104, 0.027806390076875687, 0.02726319245994091, 0.030676858499646187, 0.02559373527765274, 0.031407203525304794, 0.03022395260632038, 0.02835542894899845, 0.030911970883607864, 0.025340992957353592, 0.027922453358769417, 0.032752055674791336, 0.032798830419778824, 0.03413526341319084, 0.03351202607154846], 'macro_recall': [0.11842105263157894, 0.24357057416267944, 0.5493240312319261, 0.7256296992481203, 0.7836394964684438, 0.8426107883344726, 0.8688696172248803, 0.8997650375939851, 0.9148652882205512, 0.9413377192982457, 0.9661184210526317, 0.9723527568922306, 0.9772086466165413, 0.9756735588972432, 0.9803984392800181, 0.9850976874003189, 0.988173558897243, 0.9985119047619048, 0.9985119047619048, 0.9985119047619048, 0.9985119047619048, 0.9952224310776941, 0.9952224310776941, 0.9952224310776941, 0.9983552631578947, 0.9985119047619048, 0.9985119047619048, 0.9971021303258144, 0.9985119047619048, 0.9985119047619048, 0.9985119047619048, 0.9989818295739347, 0.9989818295739347, 0.9992559523809523, 0.9950266290726817, 0.9992559523809523, 0.9987860275689224, 0.9987860275689224, 0.9987860275689224, 0.9983161027568922, 0.9987860275689224, 0.9983161027568922, 0.9983161027568922, 0.9983161027568922, 0.9983161027568922, 0.9983161027568922], 'macro_precision': [0.06021021608021524, 0.19005983968574447, 0.5002182826633903, 0.6731563295116502, 0.7663969701115869, 0.8102680609492715, 0.8420758517797992, 0.8982485810995261, 0.9119967524913078, 0.9302177858439201, 0.9699248120300751, 0.968468045112782, 0.9712581085065606, 0.9673558897243106, 0.9721961152882205, 0.9794329573934837, 0.9896146616541354, 0.9985119047619048, 0.9985119047619048, 0.9985119047619048, 0.9985119047619048, 0.994125939849624, 0.994125939849624, 0.994125939849624, 0.9982545649838883, 0.9985119047619048, 0.9985119047619048, 0.9976573787409702, 0.9985119047619048, 0.9985119047619048, 0.9985119047619048, 0.9988126037764992, 0.9988126037764992, 0.9992559523809523, 0.9943184885290149, 0.9992559523809523, 0.9989756136372678, 0.9989756136372678, 0.9989756136372678, 0.9987044534412955, 0.9989756136372678, 0.9987044534412955, 0.9987044534412955, 0.9987044534412955, 0.9987044534412955, 0.9987044534412955], 'macro_f1': [0.07644199665039678, 0.19689341604798183, 0.5054294190303548, 0.6828449163590992, 0.7546336244993327, 0.8197428489874043, 0.8491294559591507, 0.8906615561663754, 0.9032938954306319, 0.9333871863905289, 0.9626470449840014, 0.9665606688633003, 0.9720185102259121, 0.9679049386286228, 0.9743890977443609, 0.9777972393103974, 0.9868272443930339, 0.9985119047619048, 0.9985119047619048, 0.9985119047619048, 0.9985119047619048, 0.994000626566416, 0.994000626566416, 0.994000626566416, 0.998303118590352, 0.9985119047619048, 0.9985119047619048, 0.9973318086525633, 0.9985119047619048, 0.9985119047619048, 0.9985119047619048, 0.9988919667590028, 0.9988919667590028, 0.9992559523809523, 0.9939770060070812, 0.9992559523809523, 0.9988753514526711, 0.9988753514526711, 0.9988753514526711, 0.99848828420257, 0.9988753514526711, 0.99848828420257, 0.99848828420257, 0.99848828420257, 0.99848828420257, 0.99848828420257], 'accuracy': [0.4082624544349939, 0.583232077764277, 0.732685297691373, 0.8602673147023087, 0.8955042527339003, 0.93681652490887, 0.9465370595382746, 0.9623329283110571, 0.9671931956257594, 0.9781287970838396, 0.9842041312272175, 0.9854191980558931, 0.9890643985419199, 0.9878493317132442, 0.9890643985419199, 0.9890643985419199, 0.991494532199271, 0.9951397326852977, 0.9951397326852977, 0.9951397326852977, 0.9951397326852977, 0.9939246658566221, 0.9939246658566221, 0.9939246658566221, 0.9939246658566221, 0.9951397326852977, 0.9951397326852977, 0.991494532199271, 0.9951397326852977, 0.9951397326852977, 0.9951397326852977, 0.9963547995139733, 0.9963547995139733, 0.9975698663426489, 0.9939246658566221, 0.9975698663426489, 0.9963547995139733, 0.9963547995139733, 0.9963547995139733, 0.9951397326852977, 0.9963547995139733, 0.9951397326852977, 0.9951397326852977, 0.9951397326852977, 0.9951397326852977, 0.9951397326852977], 'micro_recall': [0.4082624544349939, 0.583232077764277, 0.732685297691373, 0.8602673147023087, 0.8955042527339003, 0.93681652490887, 0.9465370595382746, 0.9623329283110571, 0.9671931956257594, 0.9781287970838396, 0.9842041312272175, 0.9854191980558931, 0.9890643985419199, 0.9878493317132442, 0.9890643985419199, 0.9890643985419199, 0.991494532199271, 0.9951397326852977, 0.9951397326852977, 0.9951397326852977, 0.9951397326852977, 0.9939246658566221, 0.9939246658566221, 0.9939246658566221, 0.9939246658566221, 0.9951397326852977, 0.9951397326852977, 0.991494532199271, 0.9951397326852977, 0.9951397326852977, 0.9951397326852977, 0.9963547995139733, 0.9963547995139733, 0.9975698663426489, 0.9939246658566221, 0.9975698663426489, 0.9963547995139733, 0.9963547995139733, 0.9963547995139733, 0.9951397326852977, 0.9963547995139733, 0.9951397326852977, 0.9951397326852977, 0.9951397326852977, 0.9951397326852977, 0.9951397326852977], 'micro_precision': [0.4082624544349939, 0.583232077764277, 0.732685297691373, 0.8602673147023087, 0.8955042527339003, 0.93681652490887, 0.9465370595382746, 0.9623329283110571, 0.9671931956257594, 0.9781287970838396, 0.9842041312272175, 0.9854191980558931, 0.9890643985419199, 0.9878493317132442, 0.9890643985419199, 0.9890643985419199, 0.991494532199271, 0.9951397326852977, 0.9951397326852977, 0.9951397326852977, 0.9951397326852977, 0.9939246658566221, 0.9939246658566221, 0.9939246658566221, 0.9939246658566221, 0.9951397326852977, 0.9951397326852977, 0.991494532199271, 0.9951397326852977, 0.9951397326852977, 0.9951397326852977, 0.9963547995139733, 0.9963547995139733, 0.9975698663426489, 0.9939246658566221, 0.9975698663426489, 0.9963547995139733, 0.9963547995139733, 0.9963547995139733, 0.9951397326852977, 0.9963547995139733, 0.9951397326852977, 0.9951397326852977, 0.9951397326852977, 0.9951397326852977, 0.9951397326852977], 'micro_f1': [0.4082624544349939, 0.583232077764277, 0.7326852976913729, 0.8602673147023087, 0.8955042527339003, 0.93681652490887, 0.9465370595382746, 0.9623329283110571, 0.9671931956257594, 0.9781287970838396, 0.9842041312272175, 0.9854191980558931, 0.9890643985419199, 0.9878493317132442, 0.9890643985419199, 0.9890643985419199, 0.991494532199271, 0.9951397326852977, 0.9951397326852977, 0.9951397326852977, 0.9951397326852977, 0.9939246658566221, 0.9939246658566221, 0.9939246658566221, 0.9939246658566221, 0.9951397326852977, 0.9951397326852977, 0.991494532199271, 0.9951397326852977, 0.9951397326852977, 0.9951397326852977, 0.9963547995139733, 0.9963547995139733, 0.9975698663426489, 0.9939246658566221, 0.9975698663426489, 0.9963547995139733, 0.9963547995139733, 0.9963547995139733, 0.9951397326852977, 0.9963547995139733, 0.9951397326852977, 0.9951397326852977, 0.9951397326852977, 0.9951397326852977, 0.9951397326852977], 'runtime': [1.1504, 1.1531, 1.1538, 1.1296, 1.1536, 1.1165, 1.147, 1.1301, 1.1375, 1.1492, 1.1187, 1.1392, 1.1367, 1.1304, 1.1162, 1.1657, 1.1633, 1.1453, 1.1628, 1.1559, 1.1406, 1.1453, 1.1268, 1.1492, 1.1737, 1.1361, 1.153, 1.171, 1.1403, 1.1547, 1.1572, 1.1501, 1.1481, 1.1385, 1.1598, 1.1498, 1.119, 1.1621, 1.1457, 1.1373, 1.1415, 1.167, 1.1382, 1.1531, 1.1386, 1.1442], 'samples_per_second': [715.392, 713.725, 713.286, 728.584, 713.421, 737.097, 717.553, 728.252, 723.546, 716.178, 735.691, 722.463, 724.006, 728.081, 737.303, 706.014, 707.47, 718.572, 707.789, 712.02, 721.526, 718.607, 730.38, 716.177, 701.215, 724.424, 713.767, 702.794, 721.739, 712.753, 711.199, 715.62, 716.85, 722.879, 709.623, 715.801, 735.449, 708.224, 718.311, 723.657, 720.996, 705.235, 723.051, 713.726, 722.812, 719.267], 'steps_per_second': [22.6, 22.548, 22.534, 23.017, 22.538, 23.286, 22.669, 23.007, 22.858, 22.625, 23.242, 22.824, 22.873, 23.001, 23.293, 22.304, 22.35, 22.701, 22.36, 22.494, 22.794, 22.702, 23.074, 22.625, 22.153, 22.886, 22.549, 22.202, 22.801, 22.517, 22.468, 22.608, 22.647, 22.837, 22.418, 22.613, 23.234, 22.374, 22.693, 22.862, 22.778, 22.28, 22.842, 22.548, 22.835, 22.723]})

  0%|          | 0/650 [00:00<?, ?it/s]
  0%|          | 1/650 [00:01<14:39,  1.35s/it]
  0%|          | 2/650 [00:02<11:10,  1.03s/it]
  0%|          | 3/650 [00:02<10:03,  1.07it/s]
  1%|          | 4/650 [00:03<09:31,  1.13it/s]
  1%|          | 5/650 [00:04<09:14,  1.16it/s]
  1%|          | 6/650 [00:05<09:04,  1.18it/s]
  1%|          | 7/650 [00:06<08:56,  1.20it/s]
  1%|          | 8/650 [00:07<08:51,  1.21it/s]
  1%|▏         | 9/650 [00:07<08:47,  1.21it/s]
  2%|▏         | 10/650 [00:08<08:45,  1.22it/s]
  2%|▏         | 11/650 [00:09<08:43,  1.22it/s]
  2%|▏         | 12/650 [00:10<08:41,  1.22it/s]
  2%|▏         | 13/650 [00:11<08:32,  1.24it/s]
                                                

  2%|▏         | 13/650 [00:11<08:32,  1.24it/s]{'loss': 3.9143, 'grad_norm': 3.5251858234405518, 'learning_rate': 4.9e-05, 'epoch': 1.0}


  0%|          | 0/26 [00:00<?, ?it/s][A

 15%|█▌        | 4/26 [00:00<00:00, 39.92it/s][A

 31%|███       | 8/26 [00:00<00:00, 33.16it/s][A

 46%|████▌     | 12/26 [00:00<00:00, 31.51it/s][A

 62%|██████▏   | 16/26 [00:00<00:00, 30.77it/s][A

 77%|███████▋  | 20/26 [00:00<00:00, 30.39it/s][A

 92%|█████████▏| 24/26 [00:00<00:00, 30.18it/s][A

                                               
[A
                                                

100%|██████████| 26/26 [00:00<00:00, 30.18it/s][A
  2%|▏         | 13/650 [00:12<08:32,  1.24it/s]

                                               [A{'eval_loss': 3.209475517272949, 'eval_macro_recall': 0.11388888888888889, 'eval_macro_precision': 0.05029594585118189, 'eval_macro_f1': 0.0672068453124498, 'eval_accuracy': 0.34386391251518833, 'eval_micro_recall': 0.34386391251518833, 'eval_micro_precision': 0.34386391251518833, 'eval_micro_f1': 0.34386391251518833, 'eval_runtime': 1.1499, 'eval_samples_per_second': 715.692, 'eval_steps_per_second': 22.61, 'epoch': 1.0}

  2%|▏         | 14/650 [00:15<21:27,  2.02s/it]
  2%|▏         | 15/650 [00:16<17:33,  1.66s/it]
  2%|▏         | 16/650 [00:17<14:50,  1.40s/it]
  3%|▎         | 17/650 [00:18<12:56,  1.23s/it]
  3%|▎         | 18/650 [00:19<11:35,  1.10s/it]
  3%|▎         | 19/650 [00:19<10:39,  1.01s/it]
  3%|▎         | 20/650 [00:20<10:00,  1.05it/s]
  3%|▎         | 21/650 [00:21<09:33,  1.10it/s]
  3%|▎         | 22/650 [00:22<09:14,  1.13it/s]
  4%|▎         | 23/650 [00:23<09:00,  1.16it/s]
  4%|▎         | 24/650 [00:24<08:50,  1.18it/s]
  4%|▍         | 25/650 [00:24<08:43,  1.19it/s]
  4%|▍         | 26/650 [00:25<08:28,  1.23it/s]
                                                

  4%|▍         | 26/650 [00:25<08:28,  1.23it/s]{'loss': 2.8256, 'grad_norm': 3.490460157394409, 'learning_rate': 4.8e-05, 'epoch': 2.0}


  0%|          | 0/26 [00:00<?, ?it/s][A

 15%|█▌        | 4/26 [00:00<00:00, 39.79it/s][A

 31%|███       | 8/26 [00:00<00:00, 33.08it/s][A

 46%|████▌     | 12/26 [00:00<00:00, 31.47it/s][A

 62%|██████▏   | 16/26 [00:00<00:00, 30.70it/s][A

 77%|███████▋  | 20/26 [00:00<00:00, 30.34it/s][A

 92%|█████████▏| 24/26 [00:00<00:00, 30.12it/s][A

                                               
[A
                                                

100%|██████████| 26/26 [00:00<00:00, 30.12it/s][A
  4%|▍         | 26/650 [00:26<08:28,  1.23it/s]

                                               [A{'eval_loss': 2.2555580139160156, 'eval_macro_recall': 0.2530926675663518, 'eval_macro_precision': 0.20160773321660574, 'eval_macro_f1': 0.20846727409907786, 'eval_accuracy': 0.5176184690157959, 'eval_micro_recall': 0.5176184690157959, 'eval_micro_precision': 0.5176184690157959, 'eval_micro_f1': 0.5176184690157959, 'eval_runtime': 1.1502, 'eval_samples_per_second': 715.555, 'eval_steps_per_second': 22.606, 'epoch': 2.0}

  4%|▍         | 27/650 [00:30<21:18,  2.05s/it]
  4%|▍         | 28/650 [00:31<17:24,  1.68s/it]
  4%|▍         | 29/650 [00:32<14:41,  1.42s/it]
  5%|▍         | 30/650 [00:33<12:48,  1.24s/it]
  5%|▍         | 31/650 [00:33<11:27,  1.11s/it]
  5%|▍         | 32/650 [00:34<10:30,  1.02s/it]
  5%|▌         | 33/650 [00:35<09:50,  1.04it/s]
  5%|▌         | 34/650 [00:36<09:23,  1.09it/s]
  5%|▌         | 35/650 [00:37<09:03,  1.13it/s]
  6%|▌         | 36/650 [00:37<08:50,  1.16it/s]
  6%|▌         | 37/650 [00:38<08:40,  1.18it/s]
  6%|▌         | 38/650 [00:39<08:33,  1.19it/s]
  6%|▌         | 39/650 [00:40<08:20,  1.22it/s]
                                                

  6%|▌         | 39/650 [00:40<08:20,  1.22it/s]{'loss': 2.0385, 'grad_norm': 2.8362033367156982, 'learning_rate': 4.7e-05, 'epoch': 3.0}


  0%|          | 0/26 [00:00<?, ?it/s][A

 19%|█▉        | 5/26 [00:00<00:00, 37.39it/s][A

 35%|███▍      | 9/26 [00:00<00:00, 32.87it/s][A

 50%|█████     | 13/26 [00:00<00:00, 31.43it/s][A

 65%|██████▌   | 17/26 [00:00<00:00, 30.77it/s][A

 81%|████████  | 21/26 [00:00<00:00, 30.38it/s][A

 96%|█████████▌| 25/26 [00:00<00:00, 30.14it/s][A

                                               
[A
                                                

100%|██████████| 26/26 [00:00<00:00, 30.14it/s][A
  6%|▌         | 39/650 [00:41<08:20,  1.22it/s]

                                               [A{'eval_loss': 1.5815945863723755, 'eval_macro_recall': 0.5255874534821904, 'eval_macro_precision': 0.4383553048898007, 'eval_macro_f1': 0.4569696205669382, 'eval_accuracy': 0.7363304981773997, 'eval_micro_recall': 0.7363304981773997, 'eval_micro_precision': 0.7363304981773997, 'eval_micro_f1': 0.7363304981773997, 'eval_runtime': 1.1568, 'eval_samples_per_second': 711.427, 'eval_steps_per_second': 22.475, 'epoch': 3.0}

  6%|▌         | 40/650 [00:45<21:03,  2.07s/it]
  6%|▋         | 41/650 [00:46<17:11,  1.69s/it]
  6%|▋         | 42/650 [00:46<14:29,  1.43s/it]
  7%|▋         | 43/650 [00:47<12:36,  1.25s/it]
  7%|▋         | 44/650 [00:48<11:15,  1.12s/it]
  7%|▋         | 45/650 [00:49<10:19,  1.02s/it]
  7%|▋         | 46/650 [00:50<09:40,  1.04it/s]
  7%|▋         | 47/650 [00:50<09:12,  1.09it/s]
  7%|▋         | 48/650 [00:51<08:53,  1.13it/s]
  8%|▊         | 49/650 [00:52<08:39,  1.16it/s]
  8%|▊         | 50/650 [00:53<08:30,  1.18it/s]
  8%|▊         | 51/650 [00:54<08:22,  1.19it/s]
  8%|▊         | 52/650 [00:55<08:24,  1.19it/s]
                                                

  8%|▊         | 52/650 [00:55<08:24,  1.19it/s]{'loss': 1.4744, 'grad_norm': 2.836047410964966, 'learning_rate': 4.600000000000001e-05, 'epoch': 4.0}


  0%|          | 0/26 [00:00<?, ?it/s][A

 19%|█▉        | 5/26 [00:00<00:00, 37.44it/s][A

 35%|███▍      | 9/26 [00:00<00:00, 32.94it/s][A

 50%|█████     | 13/26 [00:00<00:00, 31.49it/s][A

 65%|██████▌   | 17/26 [00:00<00:00, 30.78it/s][A

 81%|████████  | 21/26 [00:00<00:00, 30.43it/s][A

 96%|█████████▌| 25/26 [00:00<00:00, 30.22it/s][A

                                               
[A
                                                

100%|██████████| 26/26 [00:00<00:00, 30.22it/s][A
  8%|▊         | 52/650 [00:56<08:24,  1.19it/s]

                                               [A{'eval_loss': 1.1235558986663818, 'eval_macro_recall': 0.6437845011252213, 'eval_macro_precision': 0.5694206926218565, 'eval_macro_f1': 0.5843249486231092, 'eval_accuracy': 0.7995139732685298, 'eval_micro_recall': 0.7995139732685298, 'eval_micro_precision': 0.7995139732685298, 'eval_micro_f1': 0.7995139732685298, 'eval_runtime': 1.1403, 'eval_samples_per_second': 721.757, 'eval_steps_per_second': 22.802, 'epoch': 4.0}

  8%|▊         | 53/650 [00:59<20:31,  2.06s/it]
  8%|▊         | 54/650 [01:00<16:45,  1.69s/it]
  8%|▊         | 55/650 [01:01<14:07,  1.42s/it]
  9%|▊         | 56/650 [01:02<12:16,  1.24s/it]
  9%|▉         | 57/650 [01:03<10:58,  1.11s/it]
  9%|▉         | 58/650 [01:04<10:05,  1.02s/it]
  9%|▉         | 59/650 [01:04<09:27,  1.04it/s]
  9%|▉         | 60/650 [01:05<09:00,  1.09it/s]
  9%|▉         | 61/650 [01:06<08:41,  1.13it/s]
 10%|▉         | 62/650 [01:07<08:27,  1.16it/s]
 10%|▉         | 63/650 [01:08<08:17,  1.18it/s]
 10%|▉         | 64/650 [01:08<08:11,  1.19it/s]
 10%|█         | 65/650 [01:09<07:57,  1.23it/s]
                                                

 10%|█         | 65/650 [01:09<07:57,  1.23it/s]{'loss': 1.0739, 'grad_norm': 2.8854587078094482, 'learning_rate': 4.5e-05, 'epoch': 5.0}


  0%|          | 0/26 [00:00<?, ?it/s][A

 15%|█▌        | 4/26 [00:00<00:00, 38.91it/s][A

 31%|███       | 8/26 [00:00<00:00, 32.95it/s][A

 46%|████▌     | 12/26 [00:00<00:00, 31.41it/s][A

 62%|██████▏   | 16/26 [00:00<00:00, 30.76it/s][A

 77%|███████▋  | 20/26 [00:00<00:00, 30.41it/s][A

 92%|█████████▏| 24/26 [00:00<00:00, 30.16it/s][A

                                               
[A
                                                

100%|██████████| 26/26 [00:00<00:00, 30.16it/s][A
 10%|█         | 65/650 [01:10<07:57,  1.23it/s]

                                               [A{'eval_loss': 0.8060597777366638, 'eval_macro_recall': 0.7573693004440927, 'eval_macro_precision': 0.7054751151545188, 'eval_macro_f1': 0.7130308106811141, 'eval_accuracy': 0.8833535844471446, 'eval_micro_recall': 0.8833535844471446, 'eval_micro_precision': 0.8833535844471446, 'eval_micro_f1': 0.8833535844471446, 'eval_runtime': 1.1714, 'eval_samples_per_second': 702.557, 'eval_steps_per_second': 22.195, 'epoch': 5.0}

 10%|█         | 66/650 [01:14<19:53,  2.04s/it]
 10%|█         | 67/650 [01:15<16:16,  1.67s/it]
 10%|█         | 68/650 [01:16<13:43,  1.42s/it]
 11%|█         | 69/650 [01:17<11:56,  1.23s/it]
 11%|█         | 70/650 [01:17<10:42,  1.11s/it]
 11%|█         | 71/650 [01:18<09:49,  1.02s/it]
 11%|█         | 72/650 [01:19<09:12,  1.05it/s]
 11%|█         | 73/650 [01:20<08:46,  1.10it/s]
 11%|█▏        | 74/650 [01:21<08:28,  1.13it/s]
 12%|█▏        | 75/650 [01:21<08:16,  1.16it/s]
 12%|█▏        | 76/650 [01:22<08:06,  1.18it/s]
 12%|█▏        | 77/650 [01:23<07:59,  1.19it/s]
 12%|█▏        | 78/650 [01:24<07:47,  1.22it/s]
                                                

 12%|█▏        | 78/650 [01:24<07:47,  1.22it/s]{'loss': 0.7998, 'grad_norm': 2.8639450073242188, 'learning_rate': 4.4000000000000006e-05, 'epoch': 6.0}


  0%|          | 0/26 [00:00<?, ?it/s][A

 19%|█▉        | 5/26 [00:00<00:00, 37.40it/s][A

 35%|███▍      | 9/26 [00:00<00:00, 32.83it/s][A

 50%|█████     | 13/26 [00:00<00:00, 31.44it/s][A

 65%|██████▌   | 17/26 [00:00<00:00, 30.75it/s][A

 81%|████████  | 21/26 [00:00<00:00, 30.38it/s][A

 96%|█████████▌| 25/26 [00:00<00:00, 30.17it/s][A

                                               
[A
                                                

100%|██████████| 26/26 [00:00<00:00, 30.17it/s][A
 12%|█▏        | 78/650 [01:25<07:47,  1.22it/s]

                                               [A{'eval_loss': 0.6097140312194824, 'eval_macro_recall': 0.8168408960998988, 'eval_macro_precision': 0.803410335342061, 'eval_macro_f1': 0.7925782759860731, 'eval_accuracy': 0.9100850546780073, 'eval_micro_recall': 0.9100850546780073, 'eval_micro_precision': 0.9100850546780073, 'eval_micro_f1': 0.9100850546780073, 'eval_runtime': 1.1593, 'eval_samples_per_second': 709.925, 'eval_steps_per_second': 22.428, 'epoch': 6.0}

 12%|█▏        | 79/650 [01:29<19:24,  2.04s/it]
 12%|█▏        | 80/650 [01:30<15:52,  1.67s/it]
 12%|█▏        | 81/650 [01:30<13:23,  1.41s/it]
 13%|█▎        | 82/650 [01:31<11:39,  1.23s/it]
 13%|█▎        | 83/650 [01:32<10:28,  1.11s/it]
 13%|█▎        | 84/650 [01:33<09:37,  1.02s/it]
 13%|█▎        | 85/650 [01:34<09:00,  1.04it/s]
 13%|█▎        | 86/650 [01:34<08:35,  1.09it/s]
 13%|█▎        | 87/650 [01:35<08:17,  1.13it/s]
 14%|█▎        | 88/650 [01:36<08:05,  1.16it/s]
 14%|█▎        | 89/650 [01:37<07:56,  1.18it/s]
 14%|█▍        | 90/650 [01:38<07:49,  1.19it/s]
 14%|█▍        | 91/650 [01:38<07:36,  1.22it/s]
                                                

 14%|█▍        | 91/650 [01:38<07:36,  1.22it/s]{'loss': 0.6134, 'grad_norm': 1.812490701675415, 'learning_rate': 4.3e-05, 'epoch': 7.0}


  0%|          | 0/26 [00:00<?, ?it/s][A

 15%|█▌        | 4/26 [00:00<00:00, 39.86it/s][A

 31%|███       | 8/26 [00:00<00:00, 33.20it/s][A

 46%|████▌     | 12/26 [00:00<00:00, 31.48it/s][A

 62%|██████▏   | 16/26 [00:00<00:00, 30.73it/s][A

 77%|███████▋  | 20/26 [00:00<00:00, 30.37it/s][A

 92%|█████████▏| 24/26 [00:00<00:00, 30.15it/s][A

                                               
[A
                                                

100%|██████████| 26/26 [00:00<00:00, 30.15it/s][A
 14%|█▍        | 91/650 [01:40<07:36,  1.22it/s]

                                               [A{'eval_loss': 0.460074245929718, 'eval_macro_recall': 0.8699319570856968, 'eval_macro_precision': 0.8625830183399319, 'eval_macro_f1': 0.855709453625014, 'eval_accuracy': 0.9343863912515188, 'eval_micro_recall': 0.9343863912515188, 'eval_micro_precision': 0.9343863912515188, 'eval_micro_f1': 0.9343863912515188, 'eval_runtime': 1.172, 'eval_samples_per_second': 702.191, 'eval_steps_per_second': 22.183, 'epoch': 7.0}

 14%|█▍        | 92/650 [01:43<19:09,  2.06s/it]
 14%|█▍        | 93/650 [01:44<15:38,  1.69s/it]
 14%|█▍        | 94/650 [01:45<13:12,  1.43s/it]
 15%|█▍        | 95/650 [01:46<11:28,  1.24s/it]
 15%|█▍        | 96/650 [01:47<10:16,  1.11s/it]
 15%|█▍        | 97/650 [01:47<09:25,  1.02s/it]
 15%|█▌        | 98/650 [01:48<08:50,  1.04it/s]
 15%|█▌        | 99/650 [01:49<08:25,  1.09it/s]
 15%|█▌        | 100/650 [01:50<08:06,  1.13it/s]
 16%|█▌        | 101/650 [01:51<07:53,  1.16it/s]
 16%|█▌        | 102/650 [01:52<07:45,  1.18it/s]
 16%|█▌        | 103/650 [01:52<07:39,  1.19it/s]
 16%|█▌        | 104/650 [01:53<07:31,  1.21it/s]
                                                 

 16%|█▌        | 104/650 [01:53<07:31,  1.21it/s]{'loss': 0.4741, 'grad_norm': 2.877913236618042, 'learning_rate': 4.2e-05, 'epoch': 8.0}


  0%|          | 0/26 [00:00<?, ?it/s][A

 19%|█▉        | 5/26 [00:00<00:00, 37.66it/s][A

 35%|███▍      | 9/26 [00:00<00:00, 32.87it/s][A

 50%|█████     | 13/26 [00:00<00:00, 31.37it/s][A

 65%|██████▌   | 17/26 [00:00<00:00, 30.71it/s][A

 81%|████████  | 21/26 [00:00<00:00, 30.37it/s][A

 96%|█████████▌| 25/26 [00:00<00:00, 30.16it/s][A

                                               
[A
                                                 

100%|██████████| 26/26 [00:00<00:00, 30.16it/s][A
 16%|█▌        | 104/650 [01:54<07:31,  1.21it/s]

                                               [A{'eval_loss': 0.3417922854423523, 'eval_macro_recall': 0.914919425757376, 'eval_macro_precision': 0.9071368977373541, 'eval_macro_f1': 0.9070970843941731, 'eval_accuracy': 0.9611178614823815, 'eval_micro_recall': 0.9611178614823815, 'eval_micro_precision': 0.9611178614823815, 'eval_micro_f1': 0.9611178614823814, 'eval_runtime': 1.1442, 'eval_samples_per_second': 719.282, 'eval_steps_per_second': 22.723, 'epoch': 8.0}

 16%|█▌        | 105/650 [01:58<19:22,  2.13s/it]
 16%|█▋        | 106/650 [01:59<15:45,  1.74s/it]
 16%|█▋        | 107/650 [02:00<13:12,  1.46s/it]
 17%|█▋        | 108/650 [02:01<11:25,  1.27s/it]
 17%|█▋        | 109/650 [02:02<10:11,  1.13s/it]
 17%|█▋        | 110/650 [02:02<09:18,  1.03s/it]
 17%|█▋        | 111/650 [02:03<08:42,  1.03it/s]
 17%|█▋        | 112/650 [02:04<08:16,  1.08it/s]
 17%|█▋        | 113/650 [02:05<07:58,  1.12it/s]
 18%|█▊        | 114/650 [02:06<07:45,  1.15it/s]
 18%|█▊        | 115/650 [02:06<07:36,  1.17it/s]
 18%|█▊        | 116/650 [02:07<07:29,  1.19it/s]
 18%|█▊        | 117/650 [02:08<07:17,  1.22it/s]
                                                 

 18%|█▊        | 117/650 [02:08<07:17,  1.22it/s]{'loss': 0.3683, 'grad_norm': 2.6223158836364746, 'learning_rate': 4.1e-05, 'epoch': 9.0}


  0%|          | 0/26 [00:00<?, ?it/s][A

 19%|█▉        | 5/26 [00:00<00:00, 37.93it/s][A

 35%|███▍      | 9/26 [00:00<00:00, 33.07it/s][A

 50%|█████     | 13/26 [00:00<00:00, 31.49it/s][A

 65%|██████▌   | 17/26 [00:00<00:00, 30.79it/s][A

 81%|████████  | 21/26 [00:00<00:00, 30.40it/s][A

 96%|█████████▌| 25/26 [00:00<00:00, 30.18it/s][A

                                               
[A
                                                 

100%|██████████| 26/26 [00:00<00:00, 30.18it/s][A
 18%|█▊        | 117/650 [02:09<07:17,  1.22it/s]

                                               [A{'eval_loss': 0.26039227843284607, 'eval_macro_recall': 0.9397627841533659, 'eval_macro_precision': 0.940436250908489, 'eval_macro_f1': 0.9332672793830233, 'eval_accuracy': 0.9732685297691372, 'eval_micro_recall': 0.9732685297691372, 'eval_micro_precision': 0.9732685297691372, 'eval_micro_f1': 0.9732685297691372, 'eval_runtime': 1.1566, 'eval_samples_per_second': 711.569, 'eval_steps_per_second': 22.48, 'epoch': 9.0}

 18%|█▊        | 118/650 [02:13<17:51,  2.01s/it]
 18%|█▊        | 119/650 [02:14<14:37,  1.65s/it]
 18%|█▊        | 120/650 [02:14<12:22,  1.40s/it]
 19%|█▊        | 121/650 [02:15<10:47,  1.22s/it]
 19%|█▉        | 122/650 [02:16<09:41,  1.10s/it]
 19%|█▉        | 123/650 [02:17<08:55,  1.02s/it]
 19%|█▉        | 124/650 [02:18<08:22,  1.05it/s]
 19%|█▉        | 125/650 [02:19<07:58,  1.10it/s]
 19%|█▉        | 126/650 [02:19<07:42,  1.13it/s]
 20%|█▉        | 127/650 [02:20<07:31,  1.16it/s]
 20%|█▉        | 128/650 [02:21<07:23,  1.18it/s]
 20%|█▉        | 129/650 [02:22<07:16,  1.19it/s]
 20%|██        | 130/650 [02:23<07:07,  1.22it/s]
                                                 

 20%|██        | 130/650 [02:23<07:07,  1.22it/s]{'loss': 0.2848, 'grad_norm': 1.8338295221328735, 'learning_rate': 4e-05, 'epoch': 10.0}


  0%|          | 0/26 [00:00<?, ?it/s][A

 19%|█▉        | 5/26 [00:00<00:00, 37.47it/s][A

 35%|███▍      | 9/26 [00:00<00:00, 32.91it/s][A

 50%|█████     | 13/26 [00:00<00:00, 31.51it/s][A

 65%|██████▌   | 17/26 [00:00<00:00, 30.79it/s][A

 81%|████████  | 21/26 [00:00<00:00, 30.40it/s][A

 96%|█████████▌| 25/26 [00:00<00:00, 30.17it/s][A

                                               
[A
                                                 

100%|██████████| 26/26 [00:00<00:00, 30.17it/s][A
 20%|██        | 130/650 [02:24<07:07,  1.22it/s]

                                               [A{'eval_loss': 0.22611796855926514, 'eval_macro_recall': 0.9415072769643407, 'eval_macro_precision': 0.9438686539208984, 'eval_macro_f1': 0.9354261280512034, 'eval_accuracy': 0.9647630619684082, 'eval_micro_recall': 0.9647630619684082, 'eval_micro_precision': 0.9647630619684082, 'eval_micro_f1': 0.9647630619684082, 'eval_runtime': 1.1399, 'eval_samples_per_second': 721.997, 'eval_steps_per_second': 22.809, 'epoch': 10.0}

 20%|██        | 131/650 [02:27<17:23,  2.01s/it]
 20%|██        | 132/650 [02:28<14:14,  1.65s/it]
 20%|██        | 133/650 [02:29<12:03,  1.40s/it]
 21%|██        | 134/650 [02:30<10:31,  1.22s/it]
 21%|██        | 135/650 [02:31<09:27,  1.10s/it]
 21%|██        | 136/650 [02:31<08:41,  1.01s/it]
 21%|██        | 137/650 [02:32<08:09,  1.05it/s]
 21%|██        | 138/650 [02:33<07:47,  1.10it/s]
 21%|██▏       | 139/650 [02:34<07:31,  1.13it/s]
 22%|██▏       | 140/650 [02:35<07:19,  1.16it/s]
 22%|██▏       | 141/650 [02:35<07:12,  1.18it/s]
 22%|██▏       | 142/650 [02:36<07:06,  1.19it/s]
 22%|██▏       | 143/650 [02:37<06:55,  1.22it/s]
                                                 

 22%|██▏       | 143/650 [02:37<06:55,  1.22it/s]{'loss': 0.2346, 'grad_norm': 1.4528758525848389, 'learning_rate': 3.9000000000000006e-05, 'epoch': 11.0}


  0%|          | 0/26 [00:00<?, ?it/s][A

 15%|█▌        | 4/26 [00:00<00:00, 39.97it/s][A

 31%|███       | 8/26 [00:00<00:00, 33.19it/s][A

 46%|████▌     | 12/26 [00:00<00:00, 31.47it/s][A

 62%|██████▏   | 16/26 [00:00<00:00, 30.73it/s][A

 77%|███████▋  | 20/26 [00:00<00:00, 30.34it/s][A

 92%|█████████▏| 24/26 [00:00<00:00, 30.11it/s][A

                                               
[A
                                                 

100%|██████████| 26/26 [00:00<00:00, 30.11it/s][A
 22%|██▏       | 143/650 [02:38<06:55,  1.22it/s]

                                               [A{'eval_loss': 0.16819939017295837, 'eval_macro_recall': 0.9631930703952866, 'eval_macro_precision': 0.9563674812030076, 'eval_macro_f1': 0.9533578417142753, 'eval_accuracy': 0.976913730255164, 'eval_micro_recall': 0.976913730255164, 'eval_micro_precision': 0.976913730255164, 'eval_micro_f1': 0.976913730255164, 'eval_runtime': 1.1667, 'eval_samples_per_second': 705.419, 'eval_steps_per_second': 22.285, 'epoch': 11.0}

 22%|██▏       | 144/650 [02:42<17:05,  2.03s/it]
 22%|██▏       | 145/650 [02:43<13:59,  1.66s/it]
 22%|██▏       | 146/650 [02:44<11:49,  1.41s/it]
 23%|██▎       | 147/650 [02:44<10:17,  1.23s/it]
 23%|██▎       | 148/650 [02:45<09:14,  1.10s/it]
 23%|██▎       | 149/650 [02:46<08:29,  1.02s/it]
 23%|██▎       | 150/650 [02:47<07:58,  1.05it/s]
 23%|██▎       | 151/650 [02:48<07:35,  1.09it/s]
 23%|██▎       | 152/650 [02:48<07:19,  1.13it/s]
 24%|██▎       | 153/650 [02:49<07:09,  1.16it/s]
 24%|██▎       | 154/650 [02:50<07:01,  1.18it/s]
 24%|██▍       | 155/650 [02:51<06:54,  1.19it/s]
 24%|██▍       | 156/650 [02:52<06:43,  1.22it/s]
                                                 

 24%|██▍       | 156/650 [02:52<06:43,  1.22it/s]{'loss': 0.1859, 'grad_norm': 0.919090986251831, 'learning_rate': 3.8e-05, 'epoch': 12.0}


  0%|          | 0/26 [00:00<?, ?it/s][A

 19%|█▉        | 5/26 [00:00<00:00, 38.31it/s][A

 35%|███▍      | 9/26 [00:00<00:00, 33.11it/s][A

 50%|█████     | 13/26 [00:00<00:00, 31.59it/s][A

 65%|██████▌   | 17/26 [00:00<00:00, 30.89it/s][A

 81%|████████  | 21/26 [00:00<00:00, 30.49it/s][A

 96%|█████████▌| 25/26 [00:00<00:00, 30.24it/s][A

                                               
[A
                                                 

100%|██████████| 26/26 [00:00<00:00, 30.24it/s][A
 24%|██▍       | 156/650 [02:53<06:43,  1.22it/s]

                                               [A{'eval_loss': 0.14370538294315338, 'eval_macro_recall': 0.951484797520116, 'eval_macro_precision': 0.9522955054890747, 'eval_macro_f1': 0.9453752757554353, 'eval_accuracy': 0.9793438639125152, 'eval_micro_recall': 0.9793438639125152, 'eval_micro_precision': 0.9793438639125152, 'eval_micro_f1': 0.9793438639125152, 'eval_runtime': 1.1574, 'eval_samples_per_second': 711.069, 'eval_steps_per_second': 22.464, 'epoch': 12.0}

 24%|██▍       | 157/650 [02:57<16:40,  2.03s/it]
 24%|██▍       | 158/650 [02:57<13:38,  1.66s/it]
 24%|██▍       | 159/650 [02:58<11:31,  1.41s/it]
 25%|██▍       | 160/650 [02:59<10:02,  1.23s/it]
 25%|██▍       | 161/650 [03:00<08:59,  1.10s/it]
 25%|██▍       | 162/650 [03:01<08:16,  1.02s/it]
 25%|██▌       | 163/650 [03:01<07:46,  1.04it/s]
 25%|██▌       | 164/650 [03:02<07:24,  1.09it/s]
 25%|██▌       | 165/650 [03:03<07:08,  1.13it/s]
 26%|██▌       | 166/650 [03:04<06:57,  1.16it/s]
 26%|██▌       | 167/650 [03:05<06:49,  1.18it/s]
 26%|██▌       | 168/650 [03:05<06:44,  1.19it/s]
 26%|██▌       | 169/650 [03:06<06:32,  1.23it/s]
                                                 

 26%|██▌       | 169/650 [03:06<06:32,  1.23it/s]{'loss': 0.1544, 'grad_norm': 1.6674952507019043, 'learning_rate': 3.7e-05, 'epoch': 13.0}


  0%|          | 0/26 [00:00<?, ?it/s][A

 19%|█▉        | 5/26 [00:00<00:00, 37.46it/s][A

 35%|███▍      | 9/26 [00:00<00:00, 32.88it/s][A

 50%|█████     | 13/26 [00:00<00:00, 31.45it/s][A

 65%|██████▌   | 17/26 [00:00<00:00, 30.78it/s][A

 81%|████████  | 21/26 [00:00<00:00, 30.35it/s][A

 96%|█████████▌| 25/26 [00:00<00:00, 30.12it/s][A

                                               
[A
                                                 

100%|██████████| 26/26 [00:00<00:00, 30.12it/s][A
 26%|██▌       | 169/650 [03:07<06:32,  1.23it/s]

                                               [A{'eval_loss': 0.1118474081158638, 'eval_macro_recall': 0.9763124917557051, 'eval_macro_precision': 0.9795822890559732, 'eval_macro_f1': 0.9708513973604332, 'eval_accuracy': 0.9817739975698664, 'eval_micro_recall': 0.9817739975698664, 'eval_micro_precision': 0.9817739975698664, 'eval_micro_f1': 0.9817739975698664, 'eval_runtime': 1.1449, 'eval_samples_per_second': 718.836, 'eval_steps_per_second': 22.709, 'epoch': 13.0}

 26%|██▌       | 170/650 [03:11<15:57,  2.00s/it]
 26%|██▋       | 171/650 [03:12<13:05,  1.64s/it]
 26%|██▋       | 172/650 [03:13<11:04,  1.39s/it]
 27%|██▋       | 173/650 [03:13<09:40,  1.22s/it]
 27%|██▋       | 174/650 [03:14<08:42,  1.10s/it]
 27%|██▋       | 175/650 [03:15<08:00,  1.01s/it]
 27%|██▋       | 176/650 [03:16<07:31,  1.05it/s]
 27%|██▋       | 177/650 [03:17<07:10,  1.10it/s]
 27%|██▋       | 178/650 [03:17<06:56,  1.13it/s]
 28%|██▊       | 179/650 [03:18<06:46,  1.16it/s]
 28%|██▊       | 180/650 [03:19<06:39,  1.18it/s]
 28%|██▊       | 181/650 [03:20<06:33,  1.19it/s]
 28%|██▊       | 182/650 [03:21<06:22,  1.22it/s]
                                                 

 28%|██▊       | 182/650 [03:21<06:22,  1.22it/s]{'loss': 0.1276, 'grad_norm': 1.8338894844055176, 'learning_rate': 3.6e-05, 'epoch': 14.0}


  0%|          | 0/26 [00:00<?, ?it/s][A

 19%|█▉        | 5/26 [00:00<00:00, 37.39it/s][A

 35%|███▍      | 9/26 [00:00<00:00, 32.89it/s][A

 50%|█████     | 13/26 [00:00<00:00, 31.45it/s][A

 65%|██████▌   | 17/26 [00:00<00:00, 30.74it/s][A

 81%|████████  | 21/26 [00:00<00:00, 30.33it/s][A

 96%|█████████▌| 25/26 [00:00<00:00, 30.13it/s][A

                                               
[A
                                                 

100%|██████████| 26/26 [00:00<00:00, 30.13it/s][A
 28%|██▊       | 182/650 [03:22<06:22,  1.22it/s]

                                               [A{'eval_loss': 0.09311732649803162, 'eval_macro_recall': 0.9879039704524468, 'eval_macro_precision': 0.9880592105263158, 'eval_macro_f1': 0.9851243093647428, 'eval_accuracy': 0.9890643985419199, 'eval_micro_recall': 0.9890643985419199, 'eval_micro_precision': 0.9890643985419199, 'eval_micro_f1': 0.9890643985419199, 'eval_runtime': 1.1559, 'eval_samples_per_second': 712.007, 'eval_steps_per_second': 22.494, 'epoch': 14.0}

 28%|██▊       | 183/650 [03:25<15:37,  2.01s/it]
 28%|██▊       | 184/650 [03:26<12:48,  1.65s/it]
 28%|██▊       | 185/650 [03:27<10:49,  1.40s/it]
 29%|██▊       | 186/650 [03:28<09:26,  1.22s/it]
 29%|██▉       | 187/650 [03:29<08:28,  1.10s/it]
 29%|██▉       | 188/650 [03:30<07:48,  1.01s/it]
 29%|██▉       | 189/650 [03:30<07:19,  1.05it/s]
 29%|██▉       | 190/650 [03:31<06:59,  1.10it/s]
 29%|██▉       | 191/650 [03:32<06:44,  1.13it/s]
 30%|██▉       | 192/650 [03:33<06:34,  1.16it/s]
 30%|██▉       | 193/650 [03:34<06:27,  1.18it/s]
 30%|██▉       | 194/650 [03:34<06:22,  1.19it/s]
 30%|███       | 195/650 [03:35<06:11,  1.22it/s]
                                                 

 30%|███       | 195/650 [03:35<06:11,  1.22it/s]{'loss': 0.1081, 'grad_norm': 1.562304973602295, 'learning_rate': 3.5e-05, 'epoch': 15.0}


  0%|          | 0/26 [00:00<?, ?it/s][A

 19%|█▉        | 5/26 [00:00<00:00, 37.55it/s][A

 35%|███▍      | 9/26 [00:00<00:00, 33.00it/s][A

 50%|█████     | 13/26 [00:00<00:00, 31.54it/s][A

 65%|██████▌   | 17/26 [00:00<00:00, 30.84it/s][A

 81%|████████  | 21/26 [00:00<00:00, 30.44it/s][A

 96%|█████████▌| 25/26 [00:00<00:00, 30.20it/s][A

                                               
[A
                                                 

100%|██████████| 26/26 [00:00<00:00, 30.20it/s][A
 30%|███       | 195/650 [03:36<06:11,  1.22it/s]

                                               [A{'eval_loss': 0.07865370064973831, 'eval_macro_recall': 0.9900969529085872, 'eval_macro_precision': 0.9887719298245615, 'eval_macro_f1': 0.9873000072300957, 'eval_accuracy': 0.9902794653705954, 'eval_micro_recall': 0.9902794653705954, 'eval_micro_precision': 0.9902794653705954, 'eval_micro_f1': 0.9902794653705954, 'eval_runtime': 1.1669, 'eval_samples_per_second': 705.297, 'eval_steps_per_second': 22.282, 'epoch': 15.0}

 30%|███       | 196/650 [03:40<15:13,  2.01s/it]
 30%|███       | 197/650 [03:41<12:28,  1.65s/it]
 30%|███       | 198/650 [03:42<10:33,  1.40s/it]
 31%|███       | 199/650 [03:42<09:12,  1.23s/it]
 31%|███       | 200/650 [03:43<08:15,  1.10s/it]
 31%|███       | 201/650 [03:44<07:35,  1.01s/it]
 31%|███       | 202/650 [03:45<07:07,  1.05it/s]
 31%|███       | 203/650 [03:46<06:48,  1.10it/s]
 31%|███▏      | 204/650 [03:47<06:34,  1.13it/s]
 32%|███▏      | 205/650 [03:47<06:24,  1.16it/s]
 32%|███▏      | 206/650 [03:48<06:17,  1.18it/s]
 32%|███▏      | 207/650 [03:49<06:11,  1.19it/s]
 32%|███▏      | 208/650 [03:50<05:59,  1.23it/s]
                                                 

 32%|███▏      | 208/650 [03:50<05:59,  1.23it/s]{'loss': 0.0969, 'grad_norm': 0.33827900886535645, 'learning_rate': 3.4000000000000007e-05, 'epoch': 16.0}


  0%|          | 0/26 [00:00<?, ?it/s][A

 15%|█▌        | 4/26 [00:00<00:00, 39.65it/s][A

 31%|███       | 8/26 [00:00<00:00, 33.11it/s][A

 46%|████▌     | 12/26 [00:00<00:00, 31.50it/s][A

 62%|██████▏   | 16/26 [00:00<00:00, 30.82it/s][A

 77%|███████▋  | 20/26 [00:00<00:00, 30.44it/s][A

 92%|█████████▏| 24/26 [00:00<00:00, 30.19it/s][A

                                               
[A
                                                 

100%|██████████| 26/26 [00:00<00:00, 30.19it/s][A
 32%|███▏      | 208/650 [03:51<05:59,  1.23it/s]

                                               [A{'eval_loss': 0.07092296332120895, 'eval_macro_recall': 0.9879039704524469, 'eval_macro_precision': 0.9934711779448622, 'eval_macro_f1': 0.9889194404284762, 'eval_accuracy': 0.991494532199271, 'eval_micro_recall': 0.991494532199271, 'eval_micro_precision': 0.991494532199271, 'eval_micro_f1': 0.991494532199271, 'eval_runtime': 1.1603, 'eval_samples_per_second': 709.282, 'eval_steps_per_second': 22.407, 'epoch': 16.0}

 32%|███▏      | 209/650 [03:54<14:36,  1.99s/it]
 32%|███▏      | 210/650 [03:55<11:58,  1.63s/it]
 32%|███▏      | 211/650 [03:56<10:08,  1.39s/it]
 33%|███▎      | 212/650 [03:57<08:51,  1.21s/it]
 33%|███▎      | 213/650 [03:58<07:58,  1.09s/it]
 33%|███▎      | 214/650 [03:58<07:20,  1.01s/it]
 33%|███▎      | 215/650 [03:59<06:54,  1.05it/s]
 33%|███▎      | 216/650 [04:00<06:35,  1.10it/s]
 33%|███▎      | 217/650 [04:01<06:21,  1.13it/s]
 34%|███▎      | 218/650 [04:02<06:12,  1.16it/s]
 34%|███▎      | 219/650 [04:03<06:05,  1.18it/s]
 34%|███▍      | 220/650 [04:03<06:00,  1.19it/s]
 34%|███▍      | 221/650 [04:04<05:50,  1.22it/s]
                                                 

 34%|███▍      | 221/650 [04:04<05:50,  1.22it/s]{'loss': 0.0839, 'grad_norm': 0.7725971341133118, 'learning_rate': 3.3e-05, 'epoch': 17.0}


  0%|          | 0/26 [00:00<?, ?it/s][A

 19%|█▉        | 5/26 [00:00<00:00, 37.94it/s][A

 35%|███▍      | 9/26 [00:00<00:00, 33.03it/s][A

 50%|█████     | 13/26 [00:00<00:00, 31.54it/s][A

 65%|██████▌   | 17/26 [00:00<00:00, 30.82it/s][A

 81%|████████  | 21/26 [00:00<00:00, 30.39it/s][A

 96%|█████████▌| 25/26 [00:00<00:00, 30.18it/s][A

                                               
[A
                                                 

100%|██████████| 26/26 [00:00<00:00, 30.18it/s][A
 34%|███▍      | 221/650 [04:05<05:50,  1.22it/s]

                                               [A{'eval_loss': 0.08374479413032532, 'eval_macro_recall': 0.9889427516158817, 'eval_macro_precision': 0.9868421052631581, 'eval_macro_f1': 0.9854781514709077, 'eval_accuracy': 0.9842041312272175, 'eval_micro_recall': 0.9842041312272175, 'eval_micro_precision': 0.9842041312272175, 'eval_micro_f1': 0.9842041312272175, 'eval_runtime': 1.1536, 'eval_samples_per_second': 713.417, 'eval_steps_per_second': 22.538, 'epoch': 17.0}

 34%|███▍      | 222/650 [04:09<14:20,  2.01s/it]
 34%|███▍      | 223/650 [04:10<11:44,  1.65s/it]
 34%|███▍      | 224/650 [04:11<09:56,  1.40s/it]
 35%|███▍      | 225/650 [04:11<08:39,  1.22s/it]
 35%|███▍      | 226/650 [04:12<07:46,  1.10s/it]
 35%|███▍      | 227/650 [04:13<07:09,  1.02s/it]
 35%|███▌      | 228/650 [04:14<06:43,  1.05it/s]
 35%|███▌      | 229/650 [04:15<06:24,  1.10it/s]
 35%|███▌      | 230/650 [04:15<06:11,  1.13it/s]
 36%|███▌      | 231/650 [04:16<06:02,  1.16it/s]
 36%|███▌      | 232/650 [04:17<05:54,  1.18it/s]
 36%|███▌      | 233/650 [04:18<05:49,  1.19it/s]
 36%|███▌      | 234/650 [04:19<05:39,  1.22it/s]
                                                 

 36%|███▌      | 234/650 [04:19<05:39,  1.22it/s]{'loss': 0.0803, 'grad_norm': 0.5149704217910767, 'learning_rate': 3.2000000000000005e-05, 'epoch': 18.0}


  0%|          | 0/26 [00:00<?, ?it/s][A

 19%|█▉        | 5/26 [00:00<00:00, 37.42it/s][A

 35%|███▍      | 9/26 [00:00<00:00, 32.89it/s][A

 50%|█████     | 13/26 [00:00<00:00, 31.44it/s][A

 65%|██████▌   | 17/26 [00:00<00:00, 30.80it/s][A

 81%|████████  | 21/26 [00:00<00:00, 30.43it/s][A

 96%|█████████▌| 25/26 [00:00<00:00, 30.18it/s][A

                                               
[A
                                                 

100%|██████████| 26/26 [00:00<00:00, 30.18it/s][A
 36%|███▌      | 234/650 [04:20<05:39,  1.22it/s]

                                               [A{'eval_loss': 0.07751583307981491, 'eval_macro_recall': 0.9933287165281626, 'eval_macro_precision': 0.9934210526315791, 'eval_macro_f1': 0.9924956953305567, 'eval_accuracy': 0.9866342648845686, 'eval_micro_recall': 0.9866342648845686, 'eval_micro_precision': 0.9866342648845686, 'eval_micro_f1': 0.9866342648845686, 'eval_runtime': 1.1555, 'eval_samples_per_second': 712.268, 'eval_steps_per_second': 22.502, 'epoch': 18.0}

 36%|███▌      | 235/650 [04:23<13:51,  2.00s/it]
 36%|███▋      | 236/650 [04:24<11:21,  1.65s/it]
 36%|███▋      | 237/650 [04:25<09:37,  1.40s/it]
 37%|███▋      | 238/650 [04:26<08:23,  1.22s/it]
 37%|███▋      | 239/650 [04:27<07:31,  1.10s/it]
 37%|███▋      | 240/650 [04:28<06:55,  1.01s/it]
 37%|███▋      | 241/650 [04:28<06:29,  1.05it/s]
 37%|███▋      | 242/650 [04:29<06:11,  1.10it/s]
 37%|███▋      | 243/650 [04:30<05:59,  1.13it/s]
 38%|███▊      | 244/650 [04:31<05:50,  1.16it/s]
 38%|███▊      | 245/650 [04:32<05:43,  1.18it/s]
 38%|███▊      | 246/650 [04:32<05:38,  1.19it/s]
 38%|███▊      | 247/650 [04:33<05:28,  1.23it/s]
                                                 

 38%|███▊      | 247/650 [04:33<05:28,  1.23it/s]{'loss': 0.0703, 'grad_norm': 0.544272243976593, 'learning_rate': 3.1e-05, 'epoch': 19.0}


  0%|          | 0/26 [00:00<?, ?it/s][A

 19%|█▉        | 5/26 [00:00<00:00, 37.45it/s][A

 35%|███▍      | 9/26 [00:00<00:00, 32.85it/s][A

 50%|█████     | 13/26 [00:00<00:00, 31.40it/s][A

 65%|██████▌   | 17/26 [00:00<00:00, 30.72it/s][A

 81%|████████  | 21/26 [00:00<00:00, 30.38it/s][A

 96%|█████████▌| 25/26 [00:00<00:00, 30.16it/s][A

                                               
[A
                                                 

100%|██████████| 26/26 [00:00<00:00, 30.16it/s][A
 38%|███▊      | 247/650 [04:34<05:28,  1.23it/s]

                                               [A{'eval_loss': 0.06159530207514763, 'eval_macro_recall': 0.9900969529085872, 'eval_macro_precision': 0.9887719298245615, 'eval_macro_f1': 0.9873000072300957, 'eval_accuracy': 0.9902794653705954, 'eval_micro_recall': 0.9902794653705954, 'eval_micro_precision': 0.9902794653705954, 'eval_micro_f1': 0.9902794653705954, 'eval_runtime': 1.1497, 'eval_samples_per_second': 715.829, 'eval_steps_per_second': 22.614, 'epoch': 19.0}

 38%|███▊      | 248/650 [04:38<13:22,  2.00s/it]
 38%|███▊      | 249/650 [04:39<10:57,  1.64s/it]
 38%|███▊      | 250/650 [04:40<09:16,  1.39s/it]
 39%|███▊      | 251/650 [04:40<08:05,  1.22s/it]
 39%|███▉      | 252/650 [04:41<07:16,  1.10s/it]
 39%|███▉      | 253/650 [04:42<06:41,  1.01s/it]
 39%|███▉      | 254/650 [04:43<06:17,  1.05it/s]
 39%|███▉      | 255/650 [04:44<06:00,  1.10it/s]
 39%|███▉      | 256/650 [04:44<05:47,  1.13it/s]
 40%|███▉      | 257/650 [04:45<05:38,  1.16it/s]
 40%|███▉      | 258/650 [04:46<05:32,  1.18it/s]
 40%|███▉      | 259/650 [04:47<05:27,  1.19it/s]
 40%|████      | 260/650 [04:48<05:19,  1.22it/s]
                                                 

 40%|████      | 260/650 [04:48<05:19,  1.22it/s]{'loss': 0.0616, 'grad_norm': 0.5719479322433472, 'learning_rate': 3e-05, 'epoch': 20.0}


  0%|          | 0/26 [00:00<?, ?it/s][A

 19%|█▉        | 5/26 [00:00<00:00, 38.17it/s][A

 35%|███▍      | 9/26 [00:00<00:00, 32.98it/s][A

 50%|█████     | 13/26 [00:00<00:00, 31.52it/s][A

 65%|██████▌   | 17/26 [00:00<00:00, 30.81it/s][A

 81%|████████  | 21/26 [00:00<00:00, 30.43it/s][A

 96%|█████████▌| 25/26 [00:00<00:00, 30.21it/s][A

                                               
[A
                                                 

100%|██████████| 26/26 [00:00<00:00, 30.21it/s][A
 40%|████      | 260/650 [04:49<05:19,  1.22it/s]

                                               [A{'eval_loss': 0.05078154802322388, 'eval_macro_recall': 0.9922899353647276, 'eval_macro_precision': 0.9909649122807017, 'eval_macro_f1': 0.9904897998935727, 'eval_accuracy': 0.991494532199271, 'eval_micro_recall': 0.991494532199271, 'eval_micro_precision': 0.991494532199271, 'eval_micro_f1': 0.991494532199271, 'eval_runtime': 1.1578, 'eval_samples_per_second': 710.847, 'eval_steps_per_second': 22.457, 'epoch': 20.0}

 40%|████      | 261/650 [04:52<12:59,  2.00s/it]
 40%|████      | 262/650 [04:53<10:39,  1.65s/it]
 40%|████      | 263/650 [04:54<09:00,  1.40s/it]
 41%|████      | 264/650 [04:55<07:51,  1.22s/it]
 41%|████      | 265/650 [04:56<07:03,  1.10s/it]
 41%|████      | 266/650 [04:56<06:29,  1.02s/it]
 41%|████      | 267/650 [04:57<06:05,  1.05it/s]
 41%|████      | 268/650 [04:58<05:48,  1.09it/s]
 41%|████▏     | 269/650 [04:59<05:36,  1.13it/s]
 42%|████▏     | 270/650 [05:00<05:27,  1.16it/s]
 42%|████▏     | 271/650 [05:01<05:21,  1.18it/s]
 42%|████▏     | 272/650 [05:01<05:17,  1.19it/s]
 42%|████▏     | 273/650 [05:02<05:07,  1.23it/s]
                                                 

 42%|████▏     | 273/650 [05:02<05:07,  1.23it/s]{'loss': 0.0571, 'grad_norm': 0.8005345463752747, 'learning_rate': 2.9e-05, 'epoch': 21.0}


  0%|          | 0/26 [00:00<?, ?it/s][A

 19%|█▉        | 5/26 [00:00<00:00, 37.52it/s][A

 35%|███▍      | 9/26 [00:00<00:00, 32.80it/s][A

 50%|█████     | 13/26 [00:00<00:00, 31.44it/s][A

 65%|██████▌   | 17/26 [00:00<00:00, 30.79it/s][A

 81%|████████  | 21/26 [00:00<00:00, 30.38it/s][A

 96%|█████████▌| 25/26 [00:00<00:00, 30.12it/s][A

                                               
[A
                                                 

100%|██████████| 26/26 [00:00<00:00, 30.12it/s][A
 42%|████▏     | 273/650 [05:03<05:07,  1.23it/s]

                                               [A{'eval_loss': 0.05648228898644447, 'eval_macro_recall': 0.9898661126500461, 'eval_macro_precision': 0.9883265856950069, 'eval_macro_f1': 0.9869205315006762, 'eval_accuracy': 0.9890643985419199, 'eval_micro_recall': 0.9890643985419199, 'eval_micro_precision': 0.9890643985419199, 'eval_micro_f1': 0.9890643985419199, 'eval_runtime': 1.1697, 'eval_samples_per_second': 703.625, 'eval_steps_per_second': 22.229, 'epoch': 21.0}

 42%|████▏     | 274/650 [05:07<12:34,  2.01s/it]
 42%|████▏     | 275/650 [05:08<10:18,  1.65s/it]
 42%|████▏     | 276/650 [05:09<08:42,  1.40s/it]
 43%|████▎     | 277/650 [05:09<07:36,  1.22s/it]
 43%|████▎     | 278/650 [05:10<06:49,  1.10s/it]
 43%|████▎     | 279/650 [05:11<06:16,  1.01s/it]
 43%|████▎     | 280/650 [05:12<05:53,  1.05it/s]
 43%|████▎     | 281/650 [05:13<05:37,  1.09it/s]
 43%|████▎     | 282/650 [05:13<05:25,  1.13it/s]
 44%|████▎     | 283/650 [05:14<05:16,  1.16it/s]
 44%|████▎     | 284/650 [05:15<05:10,  1.18it/s]
 44%|████▍     | 285/650 [05:16<05:06,  1.19it/s]
 44%|████▍     | 286/650 [05:17<04:57,  1.23it/s]
                                                 

 44%|████▍     | 286/650 [05:17<04:57,  1.23it/s]{'loss': 0.0519, 'grad_norm': 0.18908433616161346, 'learning_rate': 2.8000000000000003e-05, 'epoch': 22.0}


  0%|          | 0/26 [00:00<?, ?it/s][A

 19%|█▉        | 5/26 [00:00<00:00, 37.45it/s][A

 35%|███▍      | 9/26 [00:00<00:00, 32.82it/s][A

 50%|█████     | 13/26 [00:00<00:00, 31.39it/s][A

 65%|██████▌   | 17/26 [00:00<00:00, 30.75it/s][A

 81%|████████  | 21/26 [00:00<00:00, 30.39it/s][A

 96%|█████████▌| 25/26 [00:00<00:00, 30.16it/s][A

                                               
[A
                                                 

100%|██████████| 26/26 [00:00<00:00, 30.16it/s][A
 44%|████▍     | 286/650 [05:18<04:57,  1.23it/s]

                                               [A{'eval_loss': 0.054825253784656525, 'eval_macro_recall': 0.9900969529085872, 'eval_macro_precision': 0.9887719298245615, 'eval_macro_f1': 0.9873000072300957, 'eval_accuracy': 0.9902794653705954, 'eval_micro_recall': 0.9902794653705954, 'eval_micro_precision': 0.9902794653705954, 'eval_micro_f1': 0.9902794653705954, 'eval_runtime': 1.1592, 'eval_samples_per_second': 709.974, 'eval_steps_per_second': 22.429, 'epoch': 22.0}

 44%|████▍     | 287/650 [05:21<12:08,  2.01s/it]
 44%|████▍     | 288/650 [05:22<09:56,  1.65s/it]
 44%|████▍     | 289/650 [05:23<08:24,  1.40s/it]
 45%|████▍     | 290/650 [05:24<07:19,  1.22s/it]
 45%|████▍     | 291/650 [05:25<06:34,  1.10s/it]
 45%|████▍     | 292/650 [05:25<06:02,  1.01s/it]
 45%|████▌     | 293/650 [05:26<05:40,  1.05it/s]
 45%|████▌     | 294/650 [05:27<05:24,  1.10it/s]
 45%|████▌     | 295/650 [05:28<05:13,  1.13it/s]
 46%|████▌     | 296/650 [05:29<05:05,  1.16it/s]
 46%|████▌     | 297/650 [05:30<04:59,  1.18it/s]
 46%|████▌     | 298/650 [05:30<04:55,  1.19it/s]
 46%|████▌     | 299/650 [05:31<04:45,  1.23it/s]
                                                 

 46%|████▌     | 299/650 [05:31<04:45,  1.23it/s]{'loss': 0.0506, 'grad_norm': 1.0617163181304932, 'learning_rate': 2.7000000000000002e-05, 'epoch': 23.0}


  0%|          | 0/26 [00:00<?, ?it/s][A

 15%|█▌        | 4/26 [00:00<00:00, 39.73it/s][A

 31%|███       | 8/26 [00:00<00:00, 33.10it/s][A

 46%|████▌     | 12/26 [00:00<00:00, 31.49it/s][A

 62%|██████▏   | 16/26 [00:00<00:00, 30.74it/s][A

 77%|███████▋  | 20/26 [00:00<00:00, 30.34it/s][A

 92%|█████████▏| 24/26 [00:00<00:00, 30.13it/s][A

                                               
[A
                                                 

100%|██████████| 26/26 [00:00<00:00, 30.13it/s][A
 46%|████▌     | 299/650 [05:32<04:45,  1.23it/s]

                                               [A{'eval_loss': 0.04808098077774048, 'eval_macro_recall': 0.9944829178208681, 'eval_macro_precision': 0.9953508771929825, 'eval_macro_f1': 0.9943175510897447, 'eval_accuracy': 0.9927095990279465, 'eval_micro_recall': 0.9927095990279465, 'eval_micro_precision': 0.9927095990279465, 'eval_micro_f1': 0.9927095990279465, 'eval_runtime': 1.1561, 'eval_samples_per_second': 711.9, 'eval_steps_per_second': 22.49, 'epoch': 23.0}

 46%|████▌     | 300/650 [05:36<11:44,  2.01s/it]
 46%|████▋     | 301/650 [05:37<09:36,  1.65s/it]
 46%|████▋     | 302/650 [05:38<08:07,  1.40s/it]
 47%|████▋     | 303/650 [05:38<07:05,  1.23s/it]
 47%|████▋     | 304/650 [05:39<06:21,  1.10s/it]
 47%|████▋     | 305/650 [05:40<05:50,  1.02s/it]
 47%|████▋     | 306/650 [05:41<05:28,  1.05it/s]
 47%|████▋     | 307/650 [05:42<05:13,  1.09it/s]
 47%|████▋     | 308/650 [05:42<05:02,  1.13it/s]
 48%|████▊     | 309/650 [05:43<04:53,  1.16it/s]
 48%|████▊     | 310/650 [05:44<04:47,  1.18it/s]
 48%|████▊     | 311/650 [05:45<04:43,  1.19it/s]
 48%|████▊     | 312/650 [05:46<04:35,  1.23it/s]
                                                 

 48%|████▊     | 312/650 [05:46<04:35,  1.23it/s]{'loss': 0.0443, 'grad_norm': 0.412188321352005, 'learning_rate': 2.6000000000000002e-05, 'epoch': 24.0}


  0%|          | 0/26 [00:00<?, ?it/s][A

 19%|█▉        | 5/26 [00:00<00:00, 37.57it/s][A

 35%|███▍      | 9/26 [00:00<00:00, 32.97it/s][A

 50%|█████     | 13/26 [00:00<00:00, 31.52it/s][A

 65%|██████▌   | 17/26 [00:00<00:00, 30.83it/s][A

 81%|████████  | 21/26 [00:00<00:00, 30.43it/s][A

 96%|█████████▌| 25/26 [00:00<00:00, 30.20it/s][A

                                               
[A
                                                 

100%|██████████| 26/26 [00:00<00:00, 30.20it/s][A
 48%|████▊     | 312/650 [05:47<04:35,  1.23it/s]

                                               [A{'eval_loss': 0.052124690264463425, 'eval_macro_recall': 0.9942520775623269, 'eval_macro_precision': 0.9949055330634279, 'eval_macro_f1': 0.9939380753603252, 'eval_accuracy': 0.991494532199271, 'eval_micro_recall': 0.991494532199271, 'eval_micro_precision': 0.991494532199271, 'eval_micro_f1': 0.991494532199271, 'eval_runtime': 1.1466, 'eval_samples_per_second': 717.779, 'eval_steps_per_second': 22.676, 'epoch': 24.0}

 48%|████▊     | 313/650 [05:50<11:13,  2.00s/it]
 48%|████▊     | 314/650 [05:51<09:11,  1.64s/it]
 48%|████▊     | 315/650 [05:52<07:46,  1.39s/it]
 49%|████▊     | 316/650 [05:53<06:47,  1.22s/it]
 49%|████▉     | 317/650 [05:54<06:05,  1.10s/it]
 49%|████▉     | 318/650 [05:54<05:36,  1.01s/it]
 49%|████▉     | 319/650 [05:55<05:15,  1.05it/s]
 49%|████▉     | 320/650 [05:56<05:00,  1.10it/s]
 49%|████▉     | 321/650 [05:57<04:50,  1.13it/s]
 50%|████▉     | 322/650 [05:58<04:42,  1.16it/s]
 50%|████▉     | 323/650 [05:59<04:37,  1.18it/s]
 50%|████▉     | 324/650 [05:59<04:33,  1.19it/s]
 50%|█████     | 325/650 [06:00<04:24,  1.23it/s]
                                                 

 50%|█████     | 325/650 [06:00<04:24,  1.23it/s]{'loss': 0.041, 'grad_norm': 0.1599709540605545, 'learning_rate': 2.5e-05, 'epoch': 25.0}


  0%|          | 0/26 [00:00<?, ?it/s][A

 15%|█▌        | 4/26 [00:00<00:00, 39.93it/s][A

 31%|███       | 8/26 [00:00<00:00, 33.12it/s][A

 46%|████▌     | 12/26 [00:00<00:00, 31.46it/s][A

 62%|██████▏   | 16/26 [00:00<00:00, 30.71it/s][A

 77%|███████▋  | 20/26 [00:00<00:00, 30.35it/s][A

 92%|█████████▏| 24/26 [00:00<00:00, 30.13it/s][A

                                               
[A
                                                 

100%|██████████| 26/26 [00:00<00:00, 30.13it/s][A
 50%|█████     | 325/650 [06:01<04:24,  1.23it/s]

                                               [A{'eval_loss': 0.04941559582948685, 'eval_macro_recall': 0.9944829178208681, 'eval_macro_precision': 0.9953508771929825, 'eval_macro_f1': 0.9943175510897447, 'eval_accuracy': 0.9927095990279465, 'eval_micro_recall': 0.9927095990279465, 'eval_micro_precision': 0.9927095990279465, 'eval_micro_f1': 0.9927095990279465, 'eval_runtime': 1.1551, 'eval_samples_per_second': 712.466, 'eval_steps_per_second': 22.508, 'epoch': 25.0}

 50%|█████     | 326/650 [06:05<10:48,  2.00s/it]
 50%|█████     | 327/650 [06:06<08:50,  1.64s/it]
 50%|█████     | 328/650 [06:07<07:28,  1.39s/it]
 51%|█████     | 329/650 [06:07<06:31,  1.22s/it]
 51%|█████     | 330/650 [06:08<05:51,  1.10s/it]
 51%|█████     | 331/650 [06:09<05:23,  1.01s/it]
 51%|█████     | 332/650 [06:10<05:03,  1.05it/s]
 51%|█████     | 333/650 [06:11<04:49,  1.09it/s]
 51%|█████▏    | 334/650 [06:11<04:39,  1.13it/s]
 52%|█████▏    | 335/650 [06:12<04:31,  1.16it/s]
 52%|█████▏    | 336/650 [06:13<04:26,  1.18it/s]
 52%|█████▏    | 337/650 [06:14<04:22,  1.19it/s]
 52%|█████▏    | 338/650 [06:15<04:14,  1.23it/s]
                                                 

 52%|█████▏    | 338/650 [06:15<04:14,  1.23it/s]{'loss': 0.0384, 'grad_norm': 0.1935483068227768, 'learning_rate': 2.4e-05, 'epoch': 26.0}


  0%|          | 0/26 [00:00<?, ?it/s][A

 15%|█▌        | 4/26 [00:00<00:00, 38.93it/s][A

 31%|███       | 8/26 [00:00<00:00, 32.86it/s][A

 46%|████▌     | 12/26 [00:00<00:00, 31.41it/s][A

 62%|██████▏   | 16/26 [00:00<00:00, 30.77it/s][A

 77%|███████▋  | 20/26 [00:00<00:00, 30.34it/s][A

 92%|█████████▏| 24/26 [00:00<00:00, 30.14it/s][A

                                               
[A
                                                 

100%|██████████| 26/26 [00:00<00:00, 30.14it/s][A
 52%|█████▏    | 338/650 [06:16<04:14,  1.23it/s]

                                               [A{'eval_loss': 0.04868922010064125, 'eval_macro_recall': 0.9922899353647276, 'eval_macro_precision': 0.9909649122807017, 'eval_macro_f1': 0.9904897998935727, 'eval_accuracy': 0.991494532199271, 'eval_micro_recall': 0.991494532199271, 'eval_micro_precision': 0.991494532199271, 'eval_micro_f1': 0.991494532199271, 'eval_runtime': 1.1391, 'eval_samples_per_second': 722.519, 'eval_steps_per_second': 22.826, 'epoch': 26.0}

 52%|█████▏    | 339/650 [06:19<10:27,  2.02s/it]
 52%|█████▏    | 340/650 [06:20<08:33,  1.66s/it]
 52%|█████▏    | 341/650 [06:21<07:13,  1.40s/it]
 53%|█████▎    | 342/650 [06:22<06:17,  1.23s/it]
 53%|█████▎    | 343/650 [06:23<05:38,  1.10s/it]
 53%|█████▎    | 344/650 [06:24<05:10,  1.02s/it]
 53%|█████▎    | 345/650 [06:24<04:51,  1.05it/s]
 53%|█████▎    | 346/650 [06:25<04:37,  1.09it/s]
 53%|█████▎    | 347/650 [06:26<04:27,  1.13it/s]
 54%|█████▎    | 348/650 [06:27<04:20,  1.16it/s]
 54%|█████▎    | 349/650 [06:28<04:15,  1.18it/s]
 54%|█████▍    | 350/650 [06:28<04:11,  1.19it/s]
 54%|█████▍    | 351/650 [06:29<04:03,  1.23it/s]
                                                 

 54%|█████▍    | 351/650 [06:29<04:03,  1.23it/s]{'loss': 0.0353, 'grad_norm': 0.15704408288002014, 'learning_rate': 2.3000000000000003e-05, 'epoch': 27.0}


  0%|          | 0/26 [00:00<?, ?it/s][A

 15%|█▌        | 4/26 [00:00<00:00, 39.98it/s][A

 31%|███       | 8/26 [00:00<00:00, 33.14it/s][A

 46%|████▌     | 12/26 [00:00<00:00, 31.44it/s][A

 62%|██████▏   | 16/26 [00:00<00:00, 30.70it/s][A

 77%|███████▋  | 20/26 [00:00<00:00, 30.34it/s][A

 92%|█████████▏| 24/26 [00:00<00:00, 30.15it/s][A

                                               
[A
                                                 

100%|██████████| 26/26 [00:00<00:00, 30.15it/s][A
 54%|█████▍    | 351/650 [06:30<04:03,  1.23it/s]

                                               [A{'eval_loss': 0.047407183796167374, 'eval_macro_recall': 0.9922899353647276, 'eval_macro_precision': 0.9909649122807017, 'eval_macro_f1': 0.9904897998935727, 'eval_accuracy': 0.991494532199271, 'eval_micro_recall': 0.991494532199271, 'eval_micro_precision': 0.991494532199271, 'eval_micro_f1': 0.991494532199271, 'eval_runtime': 1.1565, 'eval_samples_per_second': 711.651, 'eval_steps_per_second': 22.482, 'epoch': 27.0}

 54%|█████▍    | 352/650 [06:34<10:01,  2.02s/it]
 54%|█████▍    | 353/650 [06:35<08:11,  1.66s/it]
 54%|█████▍    | 354/650 [06:36<06:55,  1.40s/it]
 55%|█████▍    | 355/650 [06:36<06:01,  1.23s/it]
 55%|█████▍    | 356/650 [06:37<05:24,  1.10s/it]
 55%|█████▍    | 357/650 [06:38<04:57,  1.02s/it]
 55%|█████▌    | 358/650 [06:39<04:38,  1.05it/s]
 55%|█████▌    | 359/650 [06:40<04:25,  1.10it/s]
 55%|█████▌    | 360/650 [06:41<04:16,  1.13it/s]
 56%|█████▌    | 361/650 [06:41<04:09,  1.16it/s]
 56%|█████▌    | 362/650 [06:42<04:04,  1.18it/s]
 56%|█████▌    | 363/650 [06:43<04:00,  1.19it/s]
 56%|█████▌    | 364/650 [06:44<03:53,  1.22it/s]
                                                 

 56%|█████▌    | 364/650 [06:44<03:53,  1.22it/s]{'loss': 0.0333, 'grad_norm': 1.5662697553634644, 'learning_rate': 2.2000000000000003e-05, 'epoch': 28.0}


  0%|          | 0/26 [00:00<?, ?it/s][A

 19%|█▉        | 5/26 [00:00<00:00, 37.37it/s][A

 35%|███▍      | 9/26 [00:00<00:00, 32.83it/s][A

 50%|█████     | 13/26 [00:00<00:00, 31.37it/s][A

 65%|██████▌   | 17/26 [00:00<00:00, 30.68it/s][A

 81%|████████  | 21/26 [00:00<00:00, 30.32it/s][A

 96%|█████████▌| 25/26 [00:00<00:00, 30.13it/s][A

                                               
[A
                                                 

100%|██████████| 26/26 [00:01<00:00, 30.13it/s][A
 56%|█████▌    | 364/650 [06:45<03:53,  1.22it/s]

                                               [A{'eval_loss': 0.04704586789011955, 'eval_macro_recall': 0.9922899353647276, 'eval_macro_precision': 0.9909649122807017, 'eval_macro_f1': 0.9904897998935727, 'eval_accuracy': 0.991494532199271, 'eval_micro_recall': 0.991494532199271, 'eval_micro_precision': 0.991494532199271, 'eval_micro_f1': 0.991494532199271, 'eval_runtime': 1.1224, 'eval_samples_per_second': 733.259, 'eval_steps_per_second': 23.165, 'epoch': 28.0}

 56%|█████▌    | 365/650 [06:49<09:36,  2.02s/it]
 56%|█████▋    | 366/650 [06:49<07:51,  1.66s/it]
 56%|█████▋    | 367/650 [06:50<06:37,  1.40s/it]
 57%|█████▋    | 368/650 [06:51<05:45,  1.23s/it]
 57%|█████▋    | 369/650 [06:52<05:09,  1.10s/it]
 57%|█████▋    | 370/650 [06:53<04:44,  1.02s/it]
 57%|█████▋    | 371/650 [06:53<04:26,  1.05it/s]
 57%|█████▋    | 372/650 [06:54<04:13,  1.09it/s]
 57%|█████▋    | 373/650 [06:55<04:04,  1.13it/s]
 58%|█████▊    | 374/650 [06:56<03:57,  1.16it/s]
 58%|█████▊    | 375/650 [06:57<03:53,  1.18it/s]
 58%|█████▊    | 376/650 [06:58<03:49,  1.19it/s]
 58%|█████▊    | 377/650 [06:58<03:42,  1.23it/s]
                                                 

 58%|█████▊    | 377/650 [06:58<03:42,  1.23it/s]{'loss': 0.0342, 'grad_norm': 1.185296654701233, 'learning_rate': 2.1e-05, 'epoch': 29.0}


  0%|          | 0/26 [00:00<?, ?it/s][A

 19%|█▉        | 5/26 [00:00<00:00, 37.43it/s][A

 35%|███▍      | 9/26 [00:00<00:00, 32.94it/s][A

 50%|█████     | 13/26 [00:00<00:00, 31.50it/s][A

 65%|██████▌   | 17/26 [00:00<00:00, 30.82it/s][A

 81%|████████  | 21/26 [00:00<00:00, 30.42it/s][A

 96%|█████████▌| 25/26 [00:00<00:00, 30.16it/s][A

                                               
[A
                                                 

100%|██████████| 26/26 [00:00<00:00, 30.16it/s][A
 58%|█████▊    | 377/650 [06:59<03:42,  1.23it/s]

                                               [A{'eval_loss': 0.04695064574480057, 'eval_macro_recall': 0.9922899353647276, 'eval_macro_precision': 0.9909649122807017, 'eval_macro_f1': 0.9904897998935727, 'eval_accuracy': 0.991494532199271, 'eval_micro_recall': 0.991494532199271, 'eval_micro_precision': 0.991494532199271, 'eval_micro_f1': 0.991494532199271, 'eval_runtime': 1.1551, 'eval_samples_per_second': 712.506, 'eval_steps_per_second': 22.509, 'epoch': 29.0}

 58%|█████▊    | 378/650 [07:03<09:04,  2.00s/it]
 58%|█████▊    | 379/650 [07:04<07:25,  1.64s/it]
 58%|█████▊    | 380/650 [07:05<06:16,  1.40s/it]
 59%|█████▊    | 381/650 [07:05<05:28,  1.22s/it]
 59%|█████▉    | 382/650 [07:06<04:54,  1.10s/it]
 59%|█████▉    | 383/650 [07:07<04:30,  1.01s/it]
 59%|█████▉    | 384/650 [07:08<04:14,  1.05it/s]
 59%|█████▉    | 385/650 [07:09<04:01,  1.10it/s]
 59%|█████▉    | 386/650 [07:10<03:52,  1.13it/s]
 60%|█████▉    | 387/650 [07:10<03:46,  1.16it/s]
 60%|█████▉    | 388/650 [07:11<03:42,  1.18it/s]
 60%|█████▉    | 389/650 [07:12<03:38,  1.19it/s]
 60%|██████    | 390/650 [07:13<03:33,  1.22it/s]
                                                 

 60%|██████    | 390/650 [07:13<03:33,  1.22it/s]{'loss': 0.0331, 'grad_norm': 0.2902647852897644, 'learning_rate': 2e-05, 'epoch': 30.0}


  0%|          | 0/26 [00:00<?, ?it/s][A

 15%|█▌        | 4/26 [00:00<00:00, 39.72it/s][A

 31%|███       | 8/26 [00:00<00:00, 32.83it/s][A

 46%|████▌     | 12/26 [00:00<00:00, 31.30it/s][A

 62%|██████▏   | 16/26 [00:00<00:00, 30.60it/s][A

 77%|███████▋  | 20/26 [00:00<00:00, 30.29it/s][A

 92%|█████████▏| 24/26 [00:00<00:00, 30.12it/s][A

                                               
[A
                                                 

100%|██████████| 26/26 [00:01<00:00, 30.12it/s][A
 60%|██████    | 390/650 [07:14<03:33,  1.22it/s]

                                               [A{'eval_loss': 0.044239919632673264, 'eval_macro_recall': 0.9922899353647276, 'eval_macro_precision': 0.9909649122807017, 'eval_macro_f1': 0.9904897998935727, 'eval_accuracy': 0.991494532199271, 'eval_micro_recall': 0.991494532199271, 'eval_micro_precision': 0.991494532199271, 'eval_micro_f1': 0.991494532199271, 'eval_runtime': 1.1556, 'eval_samples_per_second': 712.202, 'eval_steps_per_second': 22.5, 'epoch': 30.0}

 60%|██████    | 391/650 [07:18<09:12,  2.13s/it]
 60%|██████    | 392/650 [07:19<07:28,  1.74s/it]
 60%|██████    | 393/650 [07:20<06:15,  1.46s/it]
 61%|██████    | 394/650 [07:20<05:24,  1.27s/it]
 61%|██████    | 395/650 [07:21<04:48,  1.13s/it]
 61%|██████    | 396/650 [07:22<04:23,  1.04s/it]
 61%|██████    | 397/650 [07:23<04:05,  1.03it/s]
 61%|██████    | 398/650 [07:24<03:52,  1.08it/s]
 61%|██████▏   | 399/650 [07:24<03:43,  1.12it/s]
 62%|██████▏   | 400/650 [07:25<03:37,  1.15it/s]
 62%|██████▏   | 401/650 [07:26<03:32,  1.17it/s]
 62%|██████▏   | 402/650 [07:27<03:28,  1.19it/s]
 62%|██████▏   | 403/650 [07:28<03:22,  1.22it/s]
                                                 

 62%|██████▏   | 403/650 [07:28<03:22,  1.22it/s]{'loss': 0.0314, 'grad_norm': 0.1888352930545807, 'learning_rate': 1.9e-05, 'epoch': 31.0}


  0%|          | 0/26 [00:00<?, ?it/s][A

 15%|█▌        | 4/26 [00:00<00:00, 39.98it/s][A

 31%|███       | 8/26 [00:00<00:00, 33.20it/s][A

 46%|████▌     | 12/26 [00:00<00:00, 31.51it/s][A

 62%|██████▏   | 16/26 [00:00<00:00, 30.77it/s][A

 77%|███████▋  | 20/26 [00:00<00:00, 30.34it/s][A

 92%|█████████▏| 24/26 [00:00<00:00, 30.10it/s][A

                                               
[A
                                                 

100%|██████████| 26/26 [00:00<00:00, 30.10it/s][A
 62%|██████▏   | 403/650 [07:29<03:22,  1.22it/s]

                                               [A{'eval_loss': 0.05336757004261017, 'eval_macro_recall': 0.9918282548476455, 'eval_macro_precision': 0.9901072124756335, 'eval_macro_f1': 0.9897390688185925, 'eval_accuracy': 0.9890643985419199, 'eval_micro_recall': 0.9890643985419199, 'eval_micro_precision': 0.9890643985419199, 'eval_micro_f1': 0.9890643985419199, 'eval_runtime': 1.1385, 'eval_samples_per_second': 722.9, 'eval_steps_per_second': 22.838, 'epoch': 31.0}

 62%|██████▏   | 404/650 [07:32<08:10,  1.99s/it]
 62%|██████▏   | 405/650 [07:33<06:41,  1.64s/it]
 62%|██████▏   | 406/650 [07:34<05:39,  1.39s/it]
 63%|██████▎   | 407/650 [07:35<04:55,  1.22s/it]
 63%|██████▎   | 408/650 [07:36<04:25,  1.10s/it]
 63%|██████▎   | 409/650 [07:37<04:03,  1.01s/it]
 63%|██████▎   | 410/650 [07:37<03:48,  1.05it/s]
 63%|██████▎   | 411/650 [07:38<03:37,  1.10it/s]
 63%|██████▎   | 412/650 [07:39<03:29,  1.13it/s]
 64%|██████▎   | 413/650 [07:40<03:24,  1.16it/s]
 64%|██████▎   | 414/650 [07:41<03:20,  1.18it/s]
 64%|██████▍   | 415/650 [07:41<03:17,  1.19it/s]
 64%|██████▍   | 416/650 [07:42<03:11,  1.22it/s]
                                                 

 64%|██████▍   | 416/650 [07:42<03:11,  1.22it/s]{'loss': 0.0297, 'grad_norm': 0.4157303273677826, 'learning_rate': 1.8e-05, 'epoch': 32.0}


  0%|          | 0/26 [00:00<?, ?it/s][A

 15%|█▌        | 4/26 [00:00<00:00, 39.92it/s][A

 31%|███       | 8/26 [00:00<00:00, 33.24it/s][A

 46%|████▌     | 12/26 [00:00<00:00, 31.60it/s][A

 62%|██████▏   | 16/26 [00:00<00:00, 30.84it/s][A

 77%|███████▋  | 20/26 [00:00<00:00, 30.38it/s][A

 92%|█████████▏| 24/26 [00:00<00:00, 30.18it/s][A

                                               
[A
                                                 

100%|██████████| 26/26 [00:00<00:00, 30.18it/s][A
 64%|██████▍   | 416/650 [07:43<03:11,  1.22it/s]

                                               [A{'eval_loss': 0.04263437166810036, 'eval_macro_recall': 0.9922899353647276, 'eval_macro_precision': 0.9909649122807017, 'eval_macro_f1': 0.9904897998935727, 'eval_accuracy': 0.991494532199271, 'eval_micro_recall': 0.991494532199271, 'eval_micro_precision': 0.991494532199271, 'eval_micro_f1': 0.991494532199271, 'eval_runtime': 1.1571, 'eval_samples_per_second': 711.242, 'eval_steps_per_second': 22.469, 'epoch': 32.0}

 64%|██████▍   | 417/650 [07:47<07:45,  2.00s/it]
 64%|██████▍   | 418/650 [07:48<06:21,  1.64s/it]
 64%|██████▍   | 419/650 [07:49<05:22,  1.40s/it]
 65%|██████▍   | 420/650 [07:49<04:40,  1.22s/it]
 65%|██████▍   | 421/650 [07:50<04:11,  1.10s/it]
 65%|██████▍   | 422/650 [07:51<03:50,  1.01s/it]
 65%|██████▌   | 423/650 [07:52<03:36,  1.05it/s]
 65%|██████▌   | 424/650 [07:53<03:26,  1.10it/s]
 65%|██████▌   | 425/650 [07:53<03:18,  1.13it/s]
 66%|██████▌   | 426/650 [07:54<03:13,  1.16it/s]
 66%|██████▌   | 427/650 [07:55<03:09,  1.18it/s]
 66%|██████▌   | 428/650 [07:56<03:06,  1.19it/s]
 66%|██████▌   | 429/650 [07:57<03:00,  1.23it/s]
                                                 

 66%|██████▌   | 429/650 [07:57<03:00,  1.23it/s]{'loss': 0.0292, 'grad_norm': 0.6143599152565002, 'learning_rate': 1.7000000000000003e-05, 'epoch': 33.0}


  0%|          | 0/26 [00:00<?, ?it/s][A

 15%|█▌        | 4/26 [00:00<00:00, 39.87it/s][A

 31%|███       | 8/26 [00:00<00:00, 33.10it/s][A

 46%|████▌     | 12/26 [00:00<00:00, 31.55it/s][A

 62%|██████▏   | 16/26 [00:00<00:00, 30.77it/s][A

 77%|███████▋  | 20/26 [00:00<00:00, 30.36it/s][A

 92%|█████████▏| 24/26 [00:00<00:00, 30.17it/s][A

                                               
[A
                                                 

100%|██████████| 26/26 [00:00<00:00, 30.17it/s][A
 66%|██████▌   | 429/650 [07:58<03:00,  1.23it/s]

                                               [A{'eval_loss': 0.046656131744384766, 'eval_macro_recall': 0.9922899353647276, 'eval_macro_precision': 0.9909649122807017, 'eval_macro_f1': 0.9904897998935727, 'eval_accuracy': 0.991494532199271, 'eval_micro_recall': 0.991494532199271, 'eval_micro_precision': 0.991494532199271, 'eval_micro_f1': 0.991494532199271, 'eval_runtime': 1.1718, 'eval_samples_per_second': 702.361, 'eval_steps_per_second': 22.189, 'epoch': 33.0}

 66%|██████▌   | 430/650 [08:01<07:20,  2.00s/it]
 66%|██████▋   | 431/650 [08:02<06:00,  1.64s/it]
 66%|██████▋   | 432/650 [08:03<05:04,  1.40s/it]
 67%|██████▋   | 433/650 [08:04<04:25,  1.22s/it]
 67%|██████▋   | 434/650 [08:05<03:57,  1.10s/it]
 67%|██████▋   | 435/650 [08:05<03:37,  1.01s/it]
 67%|██████▋   | 436/650 [08:06<03:23,  1.05it/s]
 67%|██████▋   | 437/650 [08:07<03:14,  1.10it/s]
 67%|██████▋   | 438/650 [08:08<03:07,  1.13it/s]
 68%|██████▊   | 439/650 [08:09<03:01,  1.16it/s]
 68%|██████▊   | 440/650 [08:10<02:57,  1.18it/s]
 68%|██████▊   | 441/650 [08:10<02:55,  1.19it/s]
 68%|██████▊   | 442/650 [08:11<02:49,  1.22it/s]
                                                 

 68%|██████▊   | 442/650 [08:11<02:49,  1.22it/s]{'loss': 0.0291, 'grad_norm': 0.6996889114379883, 'learning_rate': 1.6000000000000003e-05, 'epoch': 34.0}


  0%|          | 0/26 [00:00<?, ?it/s][A

 19%|█▉        | 5/26 [00:00<00:00, 37.36it/s][A

 35%|███▍      | 9/26 [00:00<00:00, 32.80it/s][A

 50%|█████     | 13/26 [00:00<00:00, 31.38it/s][A

 65%|██████▌   | 17/26 [00:00<00:00, 30.73it/s][A

 81%|████████  | 21/26 [00:00<00:00, 30.38it/s][A

 96%|█████████▌| 25/26 [00:00<00:00, 30.16it/s][A

                                               
[A
                                                 

100%|██████████| 26/26 [00:00<00:00, 30.16it/s][A
 68%|██████▊   | 442/650 [08:12<02:49,  1.22it/s]

                                               [A{'eval_loss': 0.04355551674962044, 'eval_macro_recall': 0.9922899353647276, 'eval_macro_precision': 0.9909649122807017, 'eval_macro_f1': 0.9904897998935727, 'eval_accuracy': 0.991494532199271, 'eval_micro_recall': 0.991494532199271, 'eval_micro_precision': 0.991494532199271, 'eval_micro_f1': 0.991494532199271, 'eval_runtime': 1.1505, 'eval_samples_per_second': 715.31, 'eval_steps_per_second': 22.598, 'epoch': 34.0}

 68%|██████▊   | 443/650 [08:16<06:56,  2.01s/it]
 68%|██████▊   | 444/650 [08:17<05:40,  1.65s/it]
 68%|██████▊   | 445/650 [08:18<04:46,  1.40s/it]
 69%|██████▊   | 446/650 [08:18<04:09,  1.22s/it]
 69%|██████▉   | 447/650 [08:19<03:43,  1.10s/it]
 69%|██████▉   | 448/650 [08:20<03:25,  1.02s/it]
 69%|██████▉   | 449/650 [08:21<03:11,  1.05it/s]
 69%|██████▉   | 450/650 [08:22<03:02,  1.10it/s]
 69%|██████▉   | 451/650 [08:22<02:55,  1.13it/s]
 70%|██████▉   | 452/650 [08:23<02:51,  1.16it/s]
 70%|██████▉   | 453/650 [08:24<02:47,  1.18it/s]
 70%|██████▉   | 454/650 [08:25<02:44,  1.19it/s]
 70%|███████   | 455/650 [08:26<02:39,  1.22it/s]
                                                 

 70%|███████   | 455/650 [08:26<02:39,  1.22it/s]{'loss': 0.028, 'grad_norm': 0.29646655917167664, 'learning_rate': 1.5e-05, 'epoch': 35.0}


  0%|          | 0/26 [00:00<?, ?it/s][A

 15%|█▌        | 4/26 [00:00<00:00, 39.92it/s][A

 31%|███       | 8/26 [00:00<00:00, 33.17it/s][A

 46%|████▌     | 12/26 [00:00<00:00, 31.51it/s][A

 62%|██████▏   | 16/26 [00:00<00:00, 30.75it/s][A

 77%|███████▋  | 20/26 [00:00<00:00, 30.37it/s][A

 92%|█████████▏| 24/26 [00:00<00:00, 30.16it/s][A

                                               
[A
                                                 

100%|██████████| 26/26 [00:00<00:00, 30.16it/s][A
 70%|███████   | 455/650 [08:27<02:39,  1.22it/s]

                                               [A{'eval_loss': 0.04421097785234451, 'eval_macro_recall': 0.9922899353647276, 'eval_macro_precision': 0.9937061403508773, 'eval_macro_f1': 0.9922441858584851, 'eval_accuracy': 0.991494532199271, 'eval_micro_recall': 0.991494532199271, 'eval_micro_precision': 0.991494532199271, 'eval_micro_f1': 0.991494532199271, 'eval_runtime': 1.1613, 'eval_samples_per_second': 708.666, 'eval_steps_per_second': 22.388, 'epoch': 35.0}

 70%|███████   | 456/650 [08:31<06:50,  2.12s/it]
 70%|███████   | 457/650 [08:32<05:33,  1.73s/it]
 70%|███████   | 458/650 [08:32<04:38,  1.45s/it]
 71%|███████   | 459/650 [08:33<04:00,  1.26s/it]
 71%|███████   | 460/650 [08:34<03:33,  1.13s/it]
 71%|███████   | 461/650 [08:35<03:15,  1.03s/it]
 71%|███████   | 462/650 [08:36<03:01,  1.03it/s]
 71%|███████   | 463/650 [08:37<02:52,  1.08it/s]
 71%|███████▏  | 464/650 [08:37<02:45,  1.12it/s]
 72%|███████▏  | 465/650 [08:38<02:40,  1.15it/s]
 72%|███████▏  | 466/650 [08:39<02:36,  1.17it/s]
 72%|███████▏  | 467/650 [08:40<02:34,  1.19it/s]
 72%|███████▏  | 468/650 [08:41<02:29,  1.22it/s]
                                                 

 72%|███████▏  | 468/650 [08:41<02:29,  1.22it/s]{'loss': 0.0274, 'grad_norm': 0.5761735439300537, 'learning_rate': 1.4000000000000001e-05, 'epoch': 36.0}


  0%|          | 0/26 [00:00<?, ?it/s][A

 15%|█▌        | 4/26 [00:00<00:00, 38.55it/s][A

 31%|███       | 8/26 [00:00<00:00, 32.88it/s][A

 46%|████▌     | 12/26 [00:00<00:00, 31.35it/s][A

 62%|██████▏   | 16/26 [00:00<00:00, 30.63it/s][A

 77%|███████▋  | 20/26 [00:00<00:00, 30.31it/s][A

 92%|█████████▏| 24/26 [00:00<00:00, 30.09it/s][A

                                               
[A
                                                 

100%|██████████| 26/26 [00:00<00:00, 30.09it/s][A
 72%|███████▏  | 468/650 [08:42<02:29,  1.22it/s]

                                               [A{'eval_loss': 0.04297952353954315, 'eval_macro_recall': 0.9922899353647276, 'eval_macro_precision': 0.9909649122807017, 'eval_macro_f1': 0.9904897998935727, 'eval_accuracy': 0.991494532199271, 'eval_micro_recall': 0.991494532199271, 'eval_micro_precision': 0.991494532199271, 'eval_micro_f1': 0.991494532199271, 'eval_runtime': 1.1775, 'eval_samples_per_second': 698.924, 'eval_steps_per_second': 22.08, 'epoch': 36.0}

 72%|███████▏  | 469/650 [08:46<06:26,  2.13s/it]
 72%|███████▏  | 470/650 [08:47<05:12,  1.74s/it]
 72%|███████▏  | 471/650 [08:47<04:21,  1.46s/it]
 73%|███████▎  | 472/650 [08:48<03:45,  1.27s/it]
 73%|███████▎  | 473/650 [08:49<03:20,  1.13s/it]
 73%|███████▎  | 474/650 [08:50<03:02,  1.04s/it]
 73%|███████▎  | 475/650 [08:51<02:49,  1.03it/s]
 73%|███████▎  | 476/650 [08:51<02:40,  1.08it/s]
 73%|███████▎  | 477/650 [08:52<02:34,  1.12it/s]
 74%|███████▎  | 478/650 [08:53<02:29,  1.15it/s]
 74%|███████▎  | 479/650 [08:54<02:25,  1.17it/s]
 74%|███████▍  | 480/650 [08:55<02:22,  1.19it/s]
 74%|███████▍  | 481/650 [08:55<02:18,  1.22it/s]
                                                 

 74%|███████▍  | 481/650 [08:56<02:18,  1.22it/s]{'loss': 0.0256, 'grad_norm': 0.34416842460632324, 'learning_rate': 1.3000000000000001e-05, 'epoch': 37.0}


  0%|          | 0/26 [00:00<?, ?it/s][A

 19%|█▉        | 5/26 [00:00<00:00, 37.38it/s][A

 35%|███▍      | 9/26 [00:00<00:00, 32.90it/s][A

 50%|█████     | 13/26 [00:00<00:00, 31.45it/s][A

 65%|██████▌   | 17/26 [00:00<00:00, 30.75it/s][A

 81%|████████  | 21/26 [00:00<00:00, 30.37it/s][A

 96%|█████████▌| 25/26 [00:00<00:00, 30.18it/s][A

                                               
[A
                                                 

100%|██████████| 26/26 [00:00<00:00, 30.18it/s][A
 74%|███████▍  | 481/650 [08:57<02:18,  1.22it/s]

                                               [A
                                                 

 74%|███████▍  | 481/650 [09:01<02:18,  1.22it/s]
 74%|███████▍  | 481/650 [09:01<03:10,  1.12s/it]
2025-04-12 16:30:33.283 | INFO     | __main__:fine_tune:231 - Training time: 541.43 seconds
{'eval_loss': 0.04293942078948021, 'eval_macro_recall': 0.9922899353647276, 'eval_macro_precision': 0.9909649122807017, 'eval_macro_f1': 0.9904897998935727, 'eval_accuracy': 0.991494532199271, 'eval_micro_recall': 0.991494532199271, 'eval_micro_precision': 0.991494532199271, 'eval_micro_f1': 0.991494532199271, 'eval_runtime': 1.1456, 'eval_samples_per_second': 718.406, 'eval_steps_per_second': 22.696, 'epoch': 37.0}
{'train_runtime': 541.0653, 'train_samples_per_second': 304.492, 'train_steps_per_second': 1.201, 'train_loss': 0.4240550502917871, 'epoch': 37.0}

  0%|          | 0/26 [00:00<?, ?it/s]
 19%|█▉        | 5/26 [00:00<00:00, 37.75it/s]
 35%|███▍      | 9/26 [00:00<00:00, 33.09it/s]
 50%|█████     | 13/26 [00:00<00:00, 31.56it/s]
 65%|██████▌   | 17/26 [00:00<00:00, 30.92it/s]
 81%|████████  | 21/26 [00:00<00:00, 30.53it/s]
 96%|█████████▌| 25/26 [00:00<00:00, 30.28it/s]
100%|██████████| 26/26 [00:00<00:00, 29.11it/s]
2025-04-12 16:30:34.435 | INFO     | __main__:fine_tune:242 - Prediction time: 1.15 seconds
2025-04-12 16:30:34.438 | INFO     | __main__:CV_run:419 - Fold 5, Final Eval Metrics: loss: 0.04, macro_recall: 0.99, macro_precision: 0.99, macro_f1: 0.99, accuracy: 0.99, micro_recall: 0.99, micro_precision: 0.99, micro_f1: 0.99, runtime: 1.15, samples_per_second: 718.41, steps_per_second: 22.70
2025-04-12 16:30:34.439 | SUCCESS  | __main__:CV_run:430 - 5-Fold Cross Validation completed
Eval results: defaultdict(<class 'list'>, {'loss': [3.209475517272949, 2.2555580139160156, 1.5815945863723755, 1.1235558986663818, 0.8060597777366638, 0.6097140312194824, 0.460074245929718, 0.3417922854423523, 0.26039227843284607, 0.22611796855926514, 0.16819939017295837, 0.14370538294315338, 0.1118474081158638, 0.09311732649803162, 0.07865370064973831, 0.07092296332120895, 0.08374479413032532, 0.07751583307981491, 0.06159530207514763, 0.05078154802322388, 0.05648228898644447, 0.054825253784656525, 0.04808098077774048, 0.052124690264463425, 0.04941559582948685, 0.04868922010064125, 0.047407183796167374, 0.04704586789011955, 0.04695064574480057, 0.044239919632673264, 0.05336757004261017, 0.04263437166810036, 0.046656131744384766, 0.04355551674962044, 0.04421097785234451, 0.04297952353954315, 0.04293942078948021], 'macro_recall': [0.11388888888888889, 0.2530926675663518, 0.5255874534821904, 0.6437845011252213, 0.7573693004440927, 0.8168408960998988, 0.8699319570856968, 0.914919425757376, 0.9397627841533659, 0.9415072769643407, 0.9631930703952866, 0.951484797520116, 0.9763124917557051, 0.9879039704524468, 0.9900969529085872, 0.9879039704524469, 0.9889427516158817, 0.9933287165281626, 0.9900969529085872, 0.9922899353647276, 0.9898661126500461, 0.9900969529085872, 0.9944829178208681, 0.9942520775623269, 0.9944829178208681, 0.9922899353647276, 0.9922899353647276, 0.9922899353647276, 0.9922899353647276, 0.9922899353647276, 0.9918282548476455, 0.9922899353647276, 0.9922899353647276, 0.9922899353647276, 0.9922899353647276, 0.9922899353647276, 0.9922899353647276], 'macro_precision': [0.05029594585118189, 0.20160773321660574, 0.4383553048898007, 0.5694206926218565, 0.7054751151545188, 0.803410335342061, 0.8625830183399319, 0.9071368977373541, 0.940436250908489, 0.9438686539208984, 0.9563674812030076, 0.9522955054890747, 0.9795822890559732, 0.9880592105263158, 0.9887719298245615, 0.9934711779448622, 0.9868421052631581, 0.9934210526315791, 0.9887719298245615, 0.9909649122807017, 0.9883265856950069, 0.9887719298245615, 0.9953508771929825, 0.9949055330634279, 0.9953508771929825, 0.9909649122807017, 0.9909649122807017, 0.9909649122807017, 0.9909649122807017, 0.9909649122807017, 0.9901072124756335, 0.9909649122807017, 0.9909649122807017, 0.9909649122807017, 0.9937061403508773, 0.9909649122807017, 0.9909649122807017], 'macro_f1': [0.0672068453124498, 0.20846727409907786, 0.4569696205669382, 0.5843249486231092, 0.7130308106811141, 0.7925782759860731, 0.855709453625014, 0.9070970843941731, 0.9332672793830233, 0.9354261280512034, 0.9533578417142753, 0.9453752757554353, 0.9708513973604332, 0.9851243093647428, 0.9873000072300957, 0.9889194404284762, 0.9854781514709077, 0.9924956953305567, 0.9873000072300957, 0.9904897998935727, 0.9869205315006762, 0.9873000072300957, 0.9943175510897447, 0.9939380753603252, 0.9943175510897447, 0.9904897998935727, 0.9904897998935727, 0.9904897998935727, 0.9904897998935727, 0.9904897998935727, 0.9897390688185925, 0.9904897998935727, 0.9904897998935727, 0.9904897998935727, 0.9922441858584851, 0.9904897998935727, 0.9904897998935727], 'accuracy': [0.34386391251518833, 0.5176184690157959, 0.7363304981773997, 0.7995139732685298, 0.8833535844471446, 0.9100850546780073, 0.9343863912515188, 0.9611178614823815, 0.9732685297691372, 0.9647630619684082, 0.976913730255164, 0.9793438639125152, 0.9817739975698664, 0.9890643985419199, 0.9902794653705954, 0.991494532199271, 0.9842041312272175, 0.9866342648845686, 0.9902794653705954, 0.991494532199271, 0.9890643985419199, 0.9902794653705954, 0.9927095990279465, 0.991494532199271, 0.9927095990279465, 0.991494532199271, 0.991494532199271, 0.991494532199271, 0.991494532199271, 0.991494532199271, 0.9890643985419199, 0.991494532199271, 0.991494532199271, 0.991494532199271, 0.991494532199271, 0.991494532199271, 0.991494532199271], 'micro_recall': [0.34386391251518833, 0.5176184690157959, 0.7363304981773997, 0.7995139732685298, 0.8833535844471446, 0.9100850546780073, 0.9343863912515188, 0.9611178614823815, 0.9732685297691372, 0.9647630619684082, 0.976913730255164, 0.9793438639125152, 0.9817739975698664, 0.9890643985419199, 0.9902794653705954, 0.991494532199271, 0.9842041312272175, 0.9866342648845686, 0.9902794653705954, 0.991494532199271, 0.9890643985419199, 0.9902794653705954, 0.9927095990279465, 0.991494532199271, 0.9927095990279465, 0.991494532199271, 0.991494532199271, 0.991494532199271, 0.991494532199271, 0.991494532199271, 0.9890643985419199, 0.991494532199271, 0.991494532199271, 0.991494532199271, 0.991494532199271, 0.991494532199271, 0.991494532199271], 'micro_precision': [0.34386391251518833, 0.5176184690157959, 0.7363304981773997, 0.7995139732685298, 0.8833535844471446, 0.9100850546780073, 0.9343863912515188, 0.9611178614823815, 0.9732685297691372, 0.9647630619684082, 0.976913730255164, 0.9793438639125152, 0.9817739975698664, 0.9890643985419199, 0.9902794653705954, 0.991494532199271, 0.9842041312272175, 0.9866342648845686, 0.9902794653705954, 0.991494532199271, 0.9890643985419199, 0.9902794653705954, 0.9927095990279465, 0.991494532199271, 0.9927095990279465, 0.991494532199271, 0.991494532199271, 0.991494532199271, 0.991494532199271, 0.991494532199271, 0.9890643985419199, 0.991494532199271, 0.991494532199271, 0.991494532199271, 0.991494532199271, 0.991494532199271, 0.991494532199271], 'micro_f1': [0.34386391251518833, 0.5176184690157959, 0.7363304981773997, 0.7995139732685298, 0.8833535844471446, 0.9100850546780073, 0.9343863912515188, 0.9611178614823814, 0.9732685297691372, 0.9647630619684082, 0.976913730255164, 0.9793438639125152, 0.9817739975698664, 0.9890643985419199, 0.9902794653705954, 0.991494532199271, 0.9842041312272175, 0.9866342648845686, 0.9902794653705954, 0.991494532199271, 0.9890643985419199, 0.9902794653705954, 0.9927095990279465, 0.991494532199271, 0.9927095990279465, 0.991494532199271, 0.991494532199271, 0.991494532199271, 0.991494532199271, 0.991494532199271, 0.9890643985419199, 0.991494532199271, 0.991494532199271, 0.991494532199271, 0.991494532199271, 0.991494532199271, 0.991494532199271], 'runtime': [1.1499, 1.1502, 1.1568, 1.1403, 1.1714, 1.1593, 1.172, 1.1442, 1.1566, 1.1399, 1.1667, 1.1574, 1.1449, 1.1559, 1.1669, 1.1603, 1.1536, 1.1555, 1.1497, 1.1578, 1.1697, 1.1592, 1.1561, 1.1466, 1.1551, 1.1391, 1.1565, 1.1224, 1.1551, 1.1556, 1.1385, 1.1571, 1.1718, 1.1505, 1.1613, 1.1775, 1.1456], 'samples_per_second': [715.692, 715.555, 711.427, 721.757, 702.557, 709.925, 702.191, 719.282, 711.569, 721.997, 705.419, 711.069, 718.836, 712.007, 705.297, 709.282, 713.417, 712.268, 715.829, 710.847, 703.625, 709.974, 711.9, 717.779, 712.466, 722.519, 711.651, 733.259, 712.506, 712.202, 722.9, 711.242, 702.361, 715.31, 708.666, 698.924, 718.406], 'steps_per_second': [22.61, 22.606, 22.475, 22.802, 22.195, 22.428, 22.183, 22.723, 22.48, 22.809, 22.285, 22.464, 22.709, 22.494, 22.282, 22.407, 22.538, 22.502, 22.614, 22.457, 22.229, 22.429, 22.49, 22.676, 22.508, 22.826, 22.482, 23.165, 22.509, 22.5, 22.838, 22.469, 22.189, 22.598, 22.388, 22.08, 22.696]})
loss: 0.0602 (± 0.0192)
macro_recall: 0.9732 (± 0.0196)
macro_precision: 0.9744 (± 0.0180)
macro_f1: 0.9725 (± 0.0193)
accuracy: 0.9900 (± 0.0030)
micro_recall: 0.9900 (± 0.0030)
micro_precision: 0.9900 (± 0.0030)
micro_f1: 0.9900 (± 0.0030)
runtime: 1.1340 (± 0.0105)
samples_per_second: 726.3180 (± 7.1160)
steps_per_second: 22.9290 (± 0.2130)
