2025-04-11 06:15:13.973 | INFO     | __main__:<module>:45 - Using device: cuda
2025-04-11 06:15:14.039 | INFO     | __main__:CV_run:304 - Using multi-label classification
Token indices sequence length is longer than the specified maximum sequence length for this model (1146 > 512). Running this sequence through the model will result in indexing errors
2025-04-11 06:15:20.188 | INFO     | __main__:CV_run:320 - Number of classes: 22
2025-04-11 06:15:20.188 | INFO     | __main__:CV_run:321 - label type: task
2025-04-11 06:15:20.205 | INFO     | __main__:CV_run:350 - Starting fold 1
Some weights of RobertaForSequenceClassification were not initialized from the model checkpoint at roberta-base and are newly initialized: ['classifier.dense.bias', 'classifier.dense.weight', 'classifier.out_proj.bias', 'classifier.out_proj.weight']
You should probably TRAIN this model on a down-stream task to be able to use it for predictions and inference.
2025-04-11 06:15:24.574 | INFO     | __main__:CV_run:407 - Starting fine-tuning with combined contrastive learning & cross-entropy loss
2025-04-11 06:15:24.574 | INFO     | __main__:CV_run:408 - Loss function: CLCE
2025-04-11 06:15:24.574 | INFO     | __main__:CV_run:409 - tau: 0.1
2025-04-11 06:15:24.574 | INFO     | __main__:CV_run:410 - lambda: 0.1
trim: 384
Average length of input_ids: 1233.8025387870239
Length of full_dataset: 3545
Train mode: fine-tune
Fine-tune type: contrastive
lr: 5e-05
batch size: 128
lambda value for Optimized CLCE loss: 0.1

  0%|          | 0/690 [00:00<?, ?it/s]
  0%|          | 1/690 [00:14<2:51:29, 14.93s/it]
  0%|          | 2/690 [00:15<1:13:13,  6.39s/it]
  0%|          | 3/690 [00:15<41:50,  3.65s/it]  
  1%|          | 4/690 [00:16<27:06,  2.37s/it]
  1%|          | 5/690 [00:16<18:58,  1.66s/it]
  1%|          | 6/690 [00:16<14:03,  1.23s/it]
  1%|          | 7/690 [00:17<10:56,  1.04it/s]
  1%|          | 8/690 [00:17<08:53,  1.28it/s]
  1%|▏         | 9/690 [00:18<07:31,  1.51it/s]
  1%|▏         | 10/690 [00:18<06:35,  1.72it/s]
  2%|▏         | 11/690 [00:18<05:57,  1.90it/s]
  2%|▏         | 12/690 [00:19<05:31,  2.04it/s]
  2%|▏         | 13/690 [00:19<05:13,  2.16it/s]
  2%|▏         | 14/690 [00:20<05:00,  2.25it/s]
  2%|▏         | 15/690 [00:20<04:51,  2.31it/s]
  2%|▏         | 16/690 [00:20<04:45,  2.36it/s]
  2%|▏         | 17/690 [00:21<04:40,  2.40it/s]
  3%|▎         | 18/690 [00:21<04:36,  2.43it/s]
  3%|▎         | 19/690 [00:22<04:33,  2.45it/s]
  3%|▎         | 20/690 [00:22<04:31,  2.47it/s]
  3%|▎         | 21/690 [00:22<04:30,  2.47it/s]
  3%|▎         | 22/690 [00:23<04:30,  2.47it/s]
  3%|▎         | 23/690 [00:23<04:39,  2.39it/s]
                                                

  3%|▎         | 23/690 [00:23<04:39,  2.39it/s]CL loss: 2.4124703407287598, CE loss: 0.704110324382782, combined loss: 0.8749463558197021
CL loss: 2.433337926864624, CE loss: 0.6664406657218933, combined loss: 0.8431304097175598
CL loss: 2.389380693435669, CE loss: 0.605316162109375, combined loss: 0.7837226390838623
CL loss: 2.4191665649414062, CE loss: 0.5296233296394348, combined loss: 0.7185776233673096
CL loss: 2.3137409687042236, CE loss: 0.4834440052509308, combined loss: 0.6664736866950989
CL loss: 2.3100287914276123, CE loss: 0.4410264790058136, combined loss: 0.6279267072677612
CL loss: 2.3443565368652344, CE loss: 0.4095226228237152, combined loss: 0.6030060052871704
CL loss: 2.427513599395752, CE loss: 0.3870663344860077, combined loss: 0.5911110639572144
CL loss: 2.331549882888794, CE loss: 0.36557498574256897, combined loss: 0.5621724724769592
CL loss: 2.3704960346221924, CE loss: 0.3450826108455658, combined loss: 0.5476239919662476
CL loss: 2.401949405670166, CE loss: 0.33139273524284363, combined loss: 0.5384483933448792
CL loss: 2.319087505340576, CE loss: 0.31641751527786255, combined loss: 0.5166845321655273
CL loss: 2.3528950214385986, CE loss: 0.3092043399810791, combined loss: 0.513573408126831
CL loss: 2.2960071563720703, CE loss: 0.30034032464027405, combined loss: 0.4999070167541504
CL loss: 2.418466329574585, CE loss: 0.28910136222839355, combined loss: 0.5020378828048706
CL loss: 2.1626336574554443, CE loss: 0.2819555699825287, combined loss: 0.47002339363098145
CL loss: 2.4235281944274902, CE loss: 0.2806410789489746, combined loss: 0.49492979049682617
CL loss: 2.155029058456421, CE loss: 0.27527737617492676, combined loss: 0.46325254440307617
CL loss: 2.0984299182891846, CE loss: 0.26835811138153076, combined loss: 0.45136529207229614
CL loss: 2.1103177070617676, CE loss: 0.26407480239868164, combined loss: 0.44869911670684814
CL loss: 1.8970869779586792, CE loss: 0.264751136302948, combined loss: 0.42798471450805664
CL loss: 2.1106483936309814, CE loss: 0.2544296979904175, combined loss: 0.4400515556335449
CL loss: 1.4229800701141357, CE loss: 0.24789267778396606, combined loss: 0.36540141701698303
{'loss': 0.5631, 'grad_norm': 0.8358064889907837, 'learning_rate': 4.8333333333333334e-05, 'epoch': 1.0}
CL loss: 1.672458291053772, CE loss: 0.24463880062103271, combined loss: 0.38742074370384216


  0%|          | 0/23 [00:00<?, ?it/s][A

 17%|█▋        | 4/23 [00:00<00:00, 34.35it/s][A

 35%|███▍      | 8/23 [00:00<00:00, 31.92it/s][A

 52%|█████▏    | 12/23 [00:00<00:00, 31.27it/s][A

 70%|██████▉   | 16/23 [00:00<00:00, 30.94it/s][A

 87%|████████▋ | 20/23 [00:00<00:00, 30.75it/s][A
                                                

                                               
[A
  3%|▎         | 23/690 [00:25<04:39,  2.39it/s]

100%|██████████| 23/23 [00:01<00:00, 30.75it/s][A

                                               [ACL loss: 2.337702751159668, CE loss: 0.24830090999603271, combined loss: 0.45724108815193176
CL loss: 2.4855000972747803, CE loss: 0.2362331598997116, combined loss: 0.4611598551273346
CL loss: 2.1733529567718506, CE loss: 0.2491898536682129, combined loss: 0.44160616397857666
CL loss: 2.4375503063201904, CE loss: 0.24431970715522766, combined loss: 0.46364277601242065
CL loss: 2.1989853382110596, CE loss: 0.25077977776527405, combined loss: 0.44560033082962036
CL loss: 2.1478638648986816, CE loss: 0.24265539646148682, combined loss: 0.4331762492656708
CL loss: 2.209390878677368, CE loss: 0.25037574768066406, combined loss: 0.4462772607803345
CL loss: 1.8358237743377686, CE loss: 0.24215339124202728, combined loss: 0.40152043104171753
CL loss: 2.2093594074249268, CE loss: 0.25047585368156433, combined loss: 0.44636422395706177
CL loss: 2.2876505851745605, CE loss: 0.24805331230163574, combined loss: 0.4520130157470703
CL loss: 1.7810696363449097, CE loss: 0.24402539432048798, combined loss: 0.3977298140525818
CL loss: 1.823844313621521, CE loss: 0.24215230345726013, combined loss: 0.40032148361206055
CL loss: 2.0555245876312256, CE loss: 0.23689182102680206, combined loss: 0.41875511407852173
CL loss: 1.489452838897705, CE loss: 0.24342398345470428, combined loss: 0.36802685260772705
CL loss: 1.7378647327423096, CE loss: 0.24772866070270538, combined loss: 0.3967422842979431
CL loss: 1.7985613346099854, CE loss: 0.2362040877342224, combined loss: 0.3924398124217987
CL loss: 1.886637806892395, CE loss: 0.23631824553012848, combined loss: 0.401350200176239
CL loss: 1.8065532445907593, CE loss: 0.2429305911064148, combined loss: 0.39929285645484924
CL loss: 2.322539806365967, CE loss: 0.2358563244342804, combined loss: 0.4445246756076813
CL loss: 1.873167872428894, CE loss: 0.24659064412117004, combined loss: 0.40924835205078125
CL loss: 2.451002597808838, CE loss: 0.24762791395187378, combined loss: 0.46796536445617676
CL loss: 0.030248384922742844, CE loss: 0.25246188044548035, combined loss: 0.23024052381515503
{'eval_loss': 0.42283302545547485, 'eval_top_1_macro_recall': 0.11186656403213421, 'eval_top_1_macro_precision': 0.05539016170245406, 'eval_top_1_macro_f1': 0.06982042432605637, 'eval_top_1_accuracy': 0.27926657263751764, 'eval_top_1_micro_recall': 0.24324324324324326, 'eval_top_1_micro_precision': 0.27926657263751764, 'eval_top_1_micro_f1': 0.2600131319763625, 'eval_top_2_macro_recall': 0.15493524170928888, 'eval_top_2_macro_precision': 0.05875125497941413, 'eval_top_2_macro_f1': 0.07851414853180241, 'eval_top_2_accuracy': 0.4118476727785614, 'eval_top_2_micro_recall': 0.36240786240786244, 'eval_top_2_micro_precision': 0.20803949224259521, 'eval_top_2_micro_f1': 0.26433691756272404, 'eval_top_3_macro_recall': 0.24092731526798586, 'eval_top_3_macro_precision': 0.0776300529060164, 'eval_top_3_macro_f1': 0.10769198464045879, 'eval_top_3_accuracy': 0.5599435825105783, 'eval_top_3_micro_recall': 0.49385749385749383, 'eval_top_3_micro_precision': 0.18899858956276447, 'eval_top_3_micro_f1': 0.2733764025841551, 'eval_runtime': 1.3649, 'eval_samples_per_second': 519.471, 'eval_steps_per_second': 16.852, 'epoch': 1.0}

  3%|▎         | 24/690 [00:28<19:16,  1.74s/it]
  4%|▎         | 25/690 [00:29<14:48,  1.34s/it]
  4%|▍         | 26/690 [00:29<11:41,  1.06s/it]
  4%|▍         | 27/690 [00:29<09:30,  1.16it/s]
  4%|▍         | 28/690 [00:30<07:59,  1.38it/s]
  4%|▍         | 29/690 [00:30<06:55,  1.59it/s]
  4%|▍         | 30/690 [00:31<06:10,  1.78it/s]
  4%|▍         | 31/690 [00:31<05:38,  1.95it/s]
  5%|▍         | 32/690 [00:31<05:16,  2.08it/s]
  5%|▍         | 33/690 [00:32<05:00,  2.18it/s]
  5%|▍         | 34/690 [00:32<04:49,  2.26it/s]
  5%|▌         | 35/690 [00:33<04:42,  2.32it/s]
  5%|▌         | 36/690 [00:33<04:36,  2.37it/s]
  5%|▌         | 37/690 [00:33<04:32,  2.40it/s]
  6%|▌         | 38/690 [00:34<04:29,  2.42it/s]
  6%|▌         | 39/690 [00:34<04:27,  2.43it/s]
  6%|▌         | 40/690 [00:35<04:25,  2.45it/s]
  6%|▌         | 41/690 [00:35<04:24,  2.45it/s]
  6%|▌         | 42/690 [00:35<04:23,  2.46it/s]
  6%|▌         | 43/690 [00:36<04:22,  2.47it/s]
  6%|▋         | 44/690 [00:36<04:21,  2.47it/s]
  7%|▋         | 45/690 [00:37<04:21,  2.47it/s]
  7%|▋         | 46/690 [00:37<03:28,  3.09it/s]
                                                

  7%|▋         | 46/690 [00:37<03:28,  3.09it/s]CL loss: 2.009249687194824, CE loss: 0.24868081510066986, combined loss: 0.42473769187927246
CL loss: 1.7571312189102173, CE loss: 0.24426984786987305, combined loss: 0.3955559730529785
CL loss: 1.898073434829712, CE loss: 0.24313652515411377, combined loss: 0.4086301922798157
CL loss: 1.9852489233016968, CE loss: 0.23863546550273895, combined loss: 0.41329681873321533
CL loss: 1.6997162103652954, CE loss: 0.2333504855632782, combined loss: 0.37998706102371216
CL loss: 1.7559608221054077, CE loss: 0.2305106371641159, combined loss: 0.3830556571483612
CL loss: 1.686096429824829, CE loss: 0.22692053020000458, combined loss: 0.3728381395339966
CL loss: 1.6377243995666504, CE loss: 0.22040677070617676, combined loss: 0.3621385395526886
CL loss: 1.7201993465423584, CE loss: 0.2169584482908249, combined loss: 0.36728253960609436
CL loss: 1.7046279907226562, CE loss: 0.21920108795166016, combined loss: 0.3677437901496887
CL loss: 1.6382763385772705, CE loss: 0.21163980662822723, combined loss: 0.3543034791946411
CL loss: 1.5336363315582275, CE loss: 0.20833027362823486, combined loss: 0.34086087346076965
CL loss: 1.5682919025421143, CE loss: 0.20601823925971985, combined loss: 0.34224560856819153
CL loss: 1.5919543504714966, CE loss: 0.20151372253894806, combined loss: 0.3405577838420868
CL loss: 1.5709037780761719, CE loss: 0.19684098660945892, combined loss: 0.33424726128578186
CL loss: 1.6318185329437256, CE loss: 0.1988268792629242, combined loss: 0.3421260416507721
CL loss: 1.550222396850586, CE loss: 0.1941811889410019, combined loss: 0.3297853171825409
CL loss: 1.4820839166641235, CE loss: 0.19199246168136597, combined loss: 0.3210015892982483
CL loss: 1.3381296396255493, CE loss: 0.19110187888145447, combined loss: 0.30580466985702515
CL loss: 1.442591905593872, CE loss: 0.1927202194929123, combined loss: 0.3177073895931244
CL loss: 1.3757784366607666, CE loss: 0.18897761404514313, combined loss: 0.3076576888561249
CL loss: 1.4198013544082642, CE loss: 0.19013847410678864, combined loss: 0.3131047487258911
CL loss: 1.0340617895126343, CE loss: 0.18282552063465118, combined loss: 0.2679491341114044
{'loss': 0.3519, 'grad_norm': 1.5397655963897705, 'learning_rate': 4.666666666666667e-05, 'epoch': 2.0}
CL loss: 1.0160629749298096, CE loss: 0.1827613264322281, combined loss: 0.2660914957523346


  0%|          | 0/23 [00:00<?, ?it/s][A

 22%|██▏       | 5/23 [00:00<00:00, 37.91it/s][A

 39%|███▉      | 9/23 [00:00<00:00, 33.45it/s][A

 57%|█████▋    | 13/23 [00:00<00:00, 32.05it/s][A

 74%|███████▍  | 17/23 [00:00<00:00, 31.35it/s][A

 91%|█████████▏| 21/23 [00:00<00:00, 31.04it/s][A
                                                

                                               
[A
  7%|▋         | 46/690 [00:38<03:28,  3.09it/s]

100%|██████████| 23/23 [00:00<00:00, 31.04it/s][A

                                               [ACL loss: 1.8194797039031982, CE loss: 0.19507721066474915, combined loss: 0.3575174808502197
CL loss: 1.4981533288955688, CE loss: 0.17562325298786163, combined loss: 0.30787625908851624
CL loss: 1.8156042098999023, CE loss: 0.19851888716220856, combined loss: 0.36022740602493286
CL loss: 1.5953705310821533, CE loss: 0.18831585347652435, combined loss: 0.3290213346481323
CL loss: 1.628652811050415, CE loss: 0.19694188237190247, combined loss: 0.34011298418045044
CL loss: 1.784423589706421, CE loss: 0.1855589896440506, combined loss: 0.345445454120636
CL loss: 1.7343292236328125, CE loss: 0.19385460019111633, combined loss: 0.3479020595550537
CL loss: 1.1970001459121704, CE loss: 0.17463190853595734, combined loss: 0.2768687307834625
CL loss: 1.459875226020813, CE loss: 0.19472165405750275, combined loss: 0.3212370276451111
CL loss: 2.1127870082855225, CE loss: 0.1889704018831253, combined loss: 0.3813520669937134
CL loss: 1.2337085008621216, CE loss: 0.18183533847332, combined loss: 0.2870226502418518
CL loss: 1.3272171020507812, CE loss: 0.18209202587604523, combined loss: 0.2966045141220093
CL loss: 1.273154616355896, CE loss: 0.1807205229997635, combined loss: 0.2899639308452606
CL loss: 1.3745455741882324, CE loss: 0.17406953871250153, combined loss: 0.29411715269088745
CL loss: 1.3875699043273926, CE loss: 0.18774116039276123, combined loss: 0.3077240288257599
CL loss: 1.0457062721252441, CE loss: 0.1746804118156433, combined loss: 0.26178300380706787
CL loss: 1.365146279335022, CE loss: 0.17750883102416992, combined loss: 0.2962725758552551
CL loss: 1.366557002067566, CE loss: 0.18317286670207977, combined loss: 0.301511287689209
CL loss: 1.719414234161377, CE loss: 0.17778600752353668, combined loss: 0.33194881677627563
CL loss: 1.4575990438461304, CE loss: 0.18922872841358185, combined loss: 0.3160657584667206
CL loss: 1.5529943704605103, CE loss: 0.18547718226909637, combined loss: 0.32222890853881836
CL loss: 0.013855771161615849, CE loss: 0.18731026351451874, combined loss: 0.16996482014656067
{'eval_loss': 0.31437864899635315, 'eval_top_1_macro_recall': 0.17726165170439445, 'eval_top_1_macro_precision': 0.14195203381391394, 'eval_top_1_macro_f1': 0.13395374546863506, 'eval_top_1_accuracy': 0.4146685472496474, 'eval_top_1_micro_recall': 0.36117936117936117, 'eval_top_1_micro_precision': 0.4146685472496474, 'eval_top_1_micro_f1': 0.38608010505581086, 'eval_top_2_macro_recall': 0.27269625763375305, 'eval_top_2_macro_precision': 0.1194720862713646, 'eval_top_2_macro_f1': 0.16095047963896594, 'eval_top_2_accuracy': 0.5726375176304654, 'eval_top_2_micro_recall': 0.5122850122850123, 'eval_top_2_micro_precision': 0.2940761636107193, 'eval_top_2_micro_f1': 0.3736559139784946, 'eval_top_3_macro_recall': 0.41619161567098784, 'eval_top_3_macro_precision': 0.13412795409262326, 'eval_top_3_macro_f1': 0.1958724084934854, 'eval_top_3_accuracy': 0.7503526093088858, 'eval_top_3_micro_recall': 0.6842751842751843, 'eval_top_3_micro_precision': 0.2618711800658204, 'eval_top_3_micro_f1': 0.3787827269636178, 'eval_runtime': 1.0278, 'eval_samples_per_second': 689.819, 'eval_steps_per_second': 22.378, 'epoch': 2.0}

  7%|▋         | 47/690 [00:41<17:15,  1.61s/it]
  7%|▋         | 48/690 [00:42<13:21,  1.25s/it]
  7%|▋         | 49/690 [00:42<10:38,  1.00it/s]
  7%|▋         | 50/690 [00:43<08:44,  1.22it/s]
  7%|▋         | 51/690 [00:43<07:23,  1.44it/s]
  8%|▊         | 52/690 [00:43<06:27,  1.65it/s]
  8%|▊         | 53/690 [00:44<05:48,  1.83it/s]
  8%|▊         | 54/690 [00:44<05:20,  1.98it/s]
  8%|▊         | 55/690 [00:45<05:01,  2.11it/s]
  8%|▊         | 56/690 [00:45<04:47,  2.21it/s]
  8%|▊         | 57/690 [00:45<04:37,  2.28it/s]
  8%|▊         | 58/690 [00:46<04:30,  2.34it/s]
  9%|▊         | 59/690 [00:46<04:25,  2.37it/s]
  9%|▊         | 60/690 [00:47<04:21,  2.41it/s]
  9%|▉         | 61/690 [00:47<04:19,  2.42it/s]
  9%|▉         | 62/690 [00:47<04:17,  2.44it/s]
  9%|▉         | 63/690 [00:48<04:15,  2.45it/s]
  9%|▉         | 64/690 [00:48<04:14,  2.46it/s]
  9%|▉         | 65/690 [00:49<04:13,  2.46it/s]
 10%|▉         | 66/690 [00:49<04:12,  2.47it/s]
 10%|▉         | 67/690 [00:49<04:12,  2.47it/s]
 10%|▉         | 68/690 [00:50<04:11,  2.47it/s]
 10%|█         | 69/690 [00:50<03:19,  3.11it/s]
                                                

 10%|█         | 69/690 [00:50<03:19,  3.11it/s]CL loss: 1.4898345470428467, CE loss: 0.18847592175006866, combined loss: 0.3186118006706238
CL loss: 1.465791940689087, CE loss: 0.19446934759616852, combined loss: 0.32160159945487976
CL loss: 1.4268972873687744, CE loss: 0.1913830041885376, combined loss: 0.3149344325065613
CL loss: 1.453302264213562, CE loss: 0.18248064815998077, combined loss: 0.3095628023147583
CL loss: 1.4370524883270264, CE loss: 0.18019750714302063, combined loss: 0.30588299036026
CL loss: 1.3768945932388306, CE loss: 0.17816773056983948, combined loss: 0.29804039001464844
CL loss: 1.2888147830963135, CE loss: 0.17248457670211792, combined loss: 0.28411757946014404
CL loss: 1.2959790229797363, CE loss: 0.16763421893119812, combined loss: 0.2804687023162842
CL loss: 1.4220763444900513, CE loss: 0.17244237661361694, combined loss: 0.29740577936172485
CL loss: 1.2558821439743042, CE loss: 0.17479097843170166, combined loss: 0.2829000949859619
CL loss: 1.1750812530517578, CE loss: 0.16663309931755066, combined loss: 0.26747792959213257
CL loss: 1.3794853687286377, CE loss: 0.17401821911334991, combined loss: 0.2945649325847626
CL loss: 1.2428733110427856, CE loss: 0.17515771090984344, combined loss: 0.28192925453186035
CL loss: 1.4093575477600098, CE loss: 0.17262327671051025, combined loss: 0.29629671573638916
CL loss: 1.4058730602264404, CE loss: 0.17128650844097137, combined loss: 0.29474514722824097
CL loss: 1.2130299806594849, CE loss: 0.16420380771160126, combined loss: 0.26908642053604126
CL loss: 1.2211116552352905, CE loss: 0.16200363636016846, combined loss: 0.26791444420814514
CL loss: 1.3094375133514404, CE loss: 0.16782042384147644, combined loss: 0.2819821238517761
CL loss: 1.2017490863800049, CE loss: 0.1599091738462448, combined loss: 0.26409316062927246
CL loss: 1.237109661102295, CE loss: 0.15836772322654724, combined loss: 0.2662419080734253
CL loss: 1.4200725555419922, CE loss: 0.15975792706012726, combined loss: 0.2857893705368042
CL loss: 1.268332839012146, CE loss: 0.15947002172470093, combined loss: 0.27035629749298096
CL loss: 1.4290498495101929, CE loss: 0.17697839438915253, combined loss: 0.3021855354309082
{'loss': 0.2894, 'grad_norm': 4.628509521484375, 'learning_rate': 4.5e-05, 'epoch': 3.0}
CL loss: 0.8342432975769043, CE loss: 0.14887961745262146, combined loss: 0.21741598844528198


  0%|          | 0/23 [00:00<?, ?it/s][A

 22%|██▏       | 5/23 [00:00<00:00, 37.89it/s][A

 39%|███▉      | 9/23 [00:00<00:00, 33.56it/s][A

 57%|█████▋    | 13/23 [00:00<00:00, 32.03it/s][A

 74%|███████▍  | 17/23 [00:00<00:00, 31.36it/s][A

 91%|█████████▏| 21/23 [00:00<00:00, 30.97it/s][A
                                                

                                               
[A
 10%|█         | 69/690 [00:51<03:19,  3.11it/s]

100%|██████████| 23/23 [00:00<00:00, 30.97it/s][A

                                               [ACL loss: 1.667539119720459, CE loss: 0.1679706871509552, combined loss: 0.3179275393486023
CL loss: 1.4759080410003662, CE loss: 0.1461557000875473, combined loss: 0.2791309356689453
CL loss: 1.831537127494812, CE loss: 0.17453980445861816, combined loss: 0.3402395248413086
CL loss: 1.659729242324829, CE loss: 0.16043423116207123, combined loss: 0.3103637397289276
CL loss: 1.5953243970870972, CE loss: 0.17128892242908478, combined loss: 0.31369245052337646
CL loss: 1.6742075681686401, CE loss: 0.1604394167661667, combined loss: 0.3118162155151367
CL loss: 1.8670644760131836, CE loss: 0.17225246131420135, combined loss: 0.3417336642742157
CL loss: 1.0506962537765503, CE loss: 0.14437992870807648, combined loss: 0.23501154780387878
CL loss: 1.4607200622558594, CE loss: 0.17339329421520233, combined loss: 0.3021259903907776
CL loss: 2.0533440113067627, CE loss: 0.16231979429721832, combined loss: 0.3514222204685211
CL loss: 1.2051950693130493, CE loss: 0.15197309851646423, combined loss: 0.25729531049728394
CL loss: 1.268187403678894, CE loss: 0.15324103832244873, combined loss: 0.26473569869995117
CL loss: 1.3524740934371948, CE loss: 0.1536991149187088, combined loss: 0.27357661724090576
CL loss: 1.2500256299972534, CE loss: 0.14277394115924835, combined loss: 0.2534990906715393
CL loss: 1.3695762157440186, CE loss: 0.1593930721282959, combined loss: 0.28041139245033264
CL loss: 1.0366473197937012, CE loss: 0.14407096803188324, combined loss: 0.23332861065864563
CL loss: 1.5265592336654663, CE loss: 0.15282873809337616, combined loss: 0.2902017831802368
CL loss: 1.1106210947036743, CE loss: 0.15323293209075928, combined loss: 0.24897174537181854
CL loss: 1.5958069562911987, CE loss: 0.15181639790534973, combined loss: 0.2962154448032379
CL loss: 1.5323268175125122, CE loss: 0.16331790387630463, combined loss: 0.300218790769577
CL loss: 1.3923012018203735, CE loss: 0.15863585472106934, combined loss: 0.28200238943099976
CL loss: 0.0035689608193933964, CE loss: 0.15094269812107086, combined loss: 0.13620531558990479
{'eval_loss': 0.2853650450706482, 'eval_top_1_macro_recall': 0.20319316200968676, 'eval_top_1_macro_precision': 0.12806646966538165, 'eval_top_1_macro_f1': 0.15416765909804375, 'eval_top_1_accuracy': 0.46262341325811, 'eval_top_1_micro_recall': 0.40294840294840295, 'eval_top_1_micro_precision': 0.46262341325811, 'eval_top_1_micro_f1': 0.4307288246881156, 'eval_top_2_macro_recall': 0.35639501986114863, 'eval_top_2_macro_precision': 0.15685246560223295, 'eval_top_2_macro_f1': 0.2110587437593945, 'eval_top_2_accuracy': 0.6530324400564175, 'eval_top_2_micro_recall': 0.5847665847665847, 'eval_top_2_micro_precision': 0.33568406205923834, 'eval_top_2_micro_f1': 0.4265232974910394, 'eval_top_3_macro_recall': 0.4174768000989759, 'eval_top_3_macro_precision': 0.13928672589159996, 'eval_top_3_macro_f1': 0.19937252601170882, 'eval_top_3_accuracy': 0.7588152327221439, 'eval_top_3_micro_recall': 0.6867321867321867, 'eval_top_3_micro_precision': 0.2628114715561824, 'eval_top_3_micro_f1': 0.38014280856851407, 'eval_runtime': 1.0678, 'eval_samples_per_second': 663.995, 'eval_steps_per_second': 21.54, 'epoch': 3.0}

 10%|█         | 70/690 [00:54<15:54,  1.54s/it]
 10%|█         | 71/690 [00:55<12:22,  1.20s/it]
 10%|█         | 72/690 [00:55<09:53,  1.04it/s]
 11%|█         | 73/690 [00:56<08:10,  1.26it/s]
 11%|█         | 74/690 [00:56<06:57,  1.47it/s]
 11%|█         | 75/690 [00:56<06:07,  1.68it/s]
 11%|█         | 76/690 [00:57<05:31,  1.85it/s]
 11%|█         | 77/690 [00:57<05:05,  2.01it/s]
 11%|█▏        | 78/690 [00:58<04:47,  2.13it/s]
 11%|█▏        | 79/690 [00:58<04:35,  2.22it/s]
 12%|█▏        | 80/690 [00:58<04:26,  2.29it/s]
 12%|█▏        | 81/690 [00:59<04:19,  2.34it/s]
 12%|█▏        | 82/690 [00:59<04:15,  2.38it/s]
 12%|█▏        | 83/690 [01:00<04:12,  2.41it/s]
 12%|█▏        | 84/690 [01:00<04:09,  2.43it/s]
 12%|█▏        | 85/690 [01:00<04:07,  2.44it/s]
 12%|█▏        | 86/690 [01:01<04:06,  2.45it/s]
 13%|█▎        | 87/690 [01:01<04:05,  2.46it/s]
 13%|█▎        | 88/690 [01:02<04:04,  2.46it/s]
 13%|█▎        | 89/690 [01:02<04:03,  2.47it/s]
 13%|█▎        | 90/690 [01:02<04:02,  2.47it/s]
 13%|█▎        | 91/690 [01:03<04:02,  2.47it/s]
 13%|█▎        | 92/690 [01:03<03:11,  3.12it/s]
                                                

 13%|█▎        | 92/690 [01:03<03:11,  3.12it/s]CL loss: 1.3213993310928345, CE loss: 0.15378838777542114, combined loss: 0.270549476146698
CL loss: 1.1910529136657715, CE loss: 0.15965360403060913, combined loss: 0.26279354095458984
CL loss: 1.2742724418640137, CE loss: 0.16104431450366974, combined loss: 0.27236711978912354
CL loss: 1.233029842376709, CE loss: 0.15690083801746368, combined loss: 0.2645137310028076
CL loss: 1.2153838872909546, CE loss: 0.1535341888666153, combined loss: 0.2597191631793976
CL loss: 1.2894364595413208, CE loss: 0.15364475548267365, combined loss: 0.26722392439842224
CL loss: 1.2984857559204102, CE loss: 0.15552890300750732, combined loss: 0.2698245942592621
CL loss: 1.3715870380401611, CE loss: 0.1487855166196823, combined loss: 0.2710656523704529
CL loss: 1.383547306060791, CE loss: 0.16001646220684052, combined loss: 0.28236955404281616
CL loss: 1.363300085067749, CE loss: 0.15259408950805664, combined loss: 0.2736646831035614
CL loss: 1.2229810953140259, CE loss: 0.14957818388938904, combined loss: 0.2569184899330139
CL loss: 1.2180066108703613, CE loss: 0.15304064750671387, combined loss: 0.2595372200012207
CL loss: 1.272924780845642, CE loss: 0.14499561488628387, combined loss: 0.2577885389328003
CL loss: 1.2431870698928833, CE loss: 0.15049470961093903, combined loss: 0.2597639560699463
CL loss: 1.2733941078186035, CE loss: 0.14922106266021729, combined loss: 0.261638343334198
CL loss: 1.154942274093628, CE loss: 0.14813020825386047, combined loss: 0.24881142377853394
CL loss: 1.1125105619430542, CE loss: 0.14622291922569275, combined loss: 0.24285167455673218
CL loss: 1.260399341583252, CE loss: 0.14931853115558624, combined loss: 0.2604266107082367
CL loss: 1.2369465827941895, CE loss: 0.14602349698543549, combined loss: 0.255115807056427
CL loss: 1.0768080949783325, CE loss: 0.14069031178951263, combined loss: 0.2343020886182785
CL loss: 1.142888069152832, CE loss: 0.1478985846042633, combined loss: 0.2473975270986557
CL loss: 1.1951987743377686, CE loss: 0.1415187567472458, combined loss: 0.24688675999641418
CL loss: 0.8499283194541931, CE loss: 0.1440250724554062, combined loss: 0.21461540460586548
{'loss': 0.2583, 'grad_norm': 4.259277820587158, 'learning_rate': 4.3333333333333334e-05, 'epoch': 4.0}
CL loss: 0.7216231226921082, CE loss: 0.12769396603107452, combined loss: 0.18708688020706177


  0%|          | 0/23 [00:00<?, ?it/s][A

 22%|██▏       | 5/23 [00:00<00:00, 38.13it/s][A

 39%|███▉      | 9/23 [00:00<00:00, 33.46it/s][A

 57%|█████▋    | 13/23 [00:00<00:00, 31.99it/s][A

 74%|███████▍  | 17/23 [00:00<00:00, 31.26it/s][A

 91%|█████████▏| 21/23 [00:00<00:00, 30.88it/s][A
                                                

                                               
[A
 13%|█▎        | 92/690 [01:04<03:11,  3.12it/s]

100%|██████████| 23/23 [00:00<00:00, 30.88it/s][A

                                               [ACL loss: 1.6539908647537231, CE loss: 0.15017110109329224, combined loss: 0.3005530834197998
CL loss: 1.4478751420974731, CE loss: 0.1326332986354828, combined loss: 0.2641574740409851
CL loss: 1.5651192665100098, CE loss: 0.16306225955486298, combined loss: 0.3032679557800293
CL loss: 1.5604503154754639, CE loss: 0.14238393306732178, combined loss: 0.2841905653476715
CL loss: 1.426587462425232, CE loss: 0.16107329726219177, combined loss: 0.287624716758728
CL loss: 1.4516626596450806, CE loss: 0.14414498209953308, combined loss: 0.2748967409133911
CL loss: 1.8785181045532227, CE loss: 0.15873807668685913, combined loss: 0.330716073513031
CL loss: 0.994767963886261, CE loss: 0.13366146385669708, combined loss: 0.2197721153497696
CL loss: 1.367547631263733, CE loss: 0.15965068340301514, combined loss: 0.28044039011001587
CL loss: 1.2699193954467773, CE loss: 0.14910557866096497, combined loss: 0.26118695735931396
CL loss: 1.0417969226837158, CE loss: 0.13685673475265503, combined loss: 0.22735075652599335
CL loss: 0.9433568120002747, CE loss: 0.1381848305463791, combined loss: 0.2187020182609558
CL loss: 1.5797874927520752, CE loss: 0.14315055310726166, combined loss: 0.28681427240371704
CL loss: 1.2714228630065918, CE loss: 0.125960573554039, combined loss: 0.24050679802894592
CL loss: 1.0721243619918823, CE loss: 0.1421818882226944, combined loss: 0.23517613112926483
CL loss: 0.8786830306053162, CE loss: 0.126858189702034, combined loss: 0.2020406723022461
CL loss: 1.3810455799102783, CE loss: 0.13809192180633545, combined loss: 0.2623872756958008
CL loss: 0.8407593965530396, CE loss: 0.13386760652065277, combined loss: 0.20455679297447205
CL loss: 1.5973827838897705, CE loss: 0.14062269032001495, combined loss: 0.2862986922264099
CL loss: 0.9209741950035095, CE loss: 0.1410643458366394, combined loss: 0.21905532479286194
CL loss: 1.1439399719238281, CE loss: 0.1404806226491928, combined loss: 0.2408265471458435
CL loss: 0.005774616729468107, CE loss: 0.134187251329422, combined loss: 0.12134598940610886
{'eval_loss': 0.2544008493423462, 'eval_top_1_macro_recall': 0.21231338964577606, 'eval_top_1_macro_precision': 0.16432570755501896, 'eval_top_1_macro_f1': 0.16594207979829356, 'eval_top_1_accuracy': 0.48519040902679833, 'eval_top_1_micro_recall': 0.4226044226044226, 'eval_top_1_micro_precision': 0.48519040902679833, 'eval_top_1_micro_f1': 0.4517399868680236, 'eval_top_2_macro_recall': 0.3682021324310378, 'eval_top_2_macro_precision': 0.23141224888056158, 'eval_top_2_macro_f1': 0.24333813627179, 'eval_top_2_accuracy': 0.6657263751763046, 'eval_top_2_micro_recall': 0.5958230958230958, 'eval_top_2_micro_precision': 0.34203102961918197, 'eval_top_2_micro_f1': 0.43458781362007165, 'eval_top_3_macro_recall': 0.4624933429246583, 'eval_top_3_macro_precision': 0.23153034738723752, 'eval_top_3_macro_f1': 0.26769321708622246, 'eval_top_3_accuracy': 0.7898448519040903, 'eval_top_3_micro_recall': 0.7162162162162162, 'eval_top_3_micro_precision': 0.2740949694405266, 'eval_top_3_micro_f1': 0.39646378782726965, 'eval_runtime': 1.0534, 'eval_samples_per_second': 673.067, 'eval_steps_per_second': 21.834, 'epoch': 4.0}

 13%|█▎        | 93/690 [01:07<15:31,  1.56s/it]
 14%|█▎        | 94/690 [01:08<12:02,  1.21s/it]
 14%|█▍        | 95/690 [01:08<09:36,  1.03it/s]
 14%|█▍        | 96/690 [01:09<07:54,  1.25it/s]
 14%|█▍        | 97/690 [01:09<06:43,  1.47it/s]
 14%|█▍        | 98/690 [01:09<05:53,  1.67it/s]
 14%|█▍        | 99/690 [01:10<05:18,  1.85it/s]
 14%|█▍        | 100/690 [01:10<04:54,  2.00it/s]
 15%|█▍        | 101/690 [01:11<04:36,  2.13it/s]
 15%|█▍        | 102/690 [01:11<04:24,  2.22it/s]
 15%|█▍        | 103/690 [01:11<04:16,  2.29it/s]
 15%|█▌        | 104/690 [01:12<04:10,  2.34it/s]
 15%|█▌        | 105/690 [01:12<04:06,  2.38it/s]
 15%|█▌        | 106/690 [01:13<04:02,  2.41it/s]
 16%|█▌        | 107/690 [01:13<04:00,  2.43it/s]
 16%|█▌        | 108/690 [01:13<03:58,  2.44it/s]
 16%|█▌        | 109/690 [01:14<03:57,  2.45it/s]
 16%|█▌        | 110/690 [01:14<03:56,  2.45it/s]
 16%|█▌        | 111/690 [01:15<03:55,  2.46it/s]
 16%|█▌        | 112/690 [01:15<03:54,  2.46it/s]
 16%|█▋        | 113/690 [01:16<03:53,  2.47it/s]
 17%|█▋        | 114/690 [01:16<03:53,  2.47it/s]
 17%|█▋        | 115/690 [01:16<03:05,  3.11it/s]
                                                 

 17%|█▋        | 115/690 [01:16<03:05,  3.11it/s]CL loss: 1.1738168001174927, CE loss: 0.13839191198349, combined loss: 0.2419344037771225
CL loss: 1.2319355010986328, CE loss: 0.14290140569210052, combined loss: 0.25180482864379883
CL loss: 1.184780478477478, CE loss: 0.14125104248523712, combined loss: 0.24560397863388062
CL loss: 1.29128897190094, CE loss: 0.14819835126399994, combined loss: 0.2625074088573456
CL loss: 1.1868878602981567, CE loss: 0.14203155040740967, combined loss: 0.24651718139648438
CL loss: 1.0821421146392822, CE loss: 0.13919304311275482, combined loss: 0.23348794877529144
CL loss: 1.1817433834075928, CE loss: 0.14209751784801483, combined loss: 0.24606209993362427
CL loss: 1.0322388410568237, CE loss: 0.1266964226961136, combined loss: 0.21725066006183624
CL loss: 1.0536670684814453, CE loss: 0.1345236748456955, combined loss: 0.2264380156993866
CL loss: 1.2178181409835815, CE loss: 0.14321768283843994, combined loss: 0.2506777346134186
CL loss: 1.1004971265792847, CE loss: 0.1362680196762085, combined loss: 0.2326909303665161
CL loss: 1.089381456375122, CE loss: 0.13718198239803314, combined loss: 0.23240193724632263
CL loss: 1.0786552429199219, CE loss: 0.13257265090942383, combined loss: 0.22718091309070587
CL loss: 1.1962848901748657, CE loss: 0.141189843416214, combined loss: 0.24669934809207916
CL loss: 1.3311107158660889, CE loss: 0.14540943503379822, combined loss: 0.26397955417633057
CL loss: 1.1676013469696045, CE loss: 0.13598260283470154, combined loss: 0.2391444742679596
CL loss: 1.0642452239990234, CE loss: 0.12857389450073242, combined loss: 0.22214102745056152
CL loss: 1.1469721794128418, CE loss: 0.13323239982128143, combined loss: 0.23460638523101807
CL loss: 1.1219371557235718, CE loss: 0.1300736367702484, combined loss: 0.22925999760627747
CL loss: 1.2440104484558105, CE loss: 0.13958750665187836, combined loss: 0.2500298023223877
CL loss: 1.2795519828796387, CE loss: 0.13891854882240295, combined loss: 0.25298190116882324
CL loss: 1.1482510566711426, CE loss: 0.1398477405309677, combined loss: 0.24068805575370789
CL loss: 1.1058294773101807, CE loss: 0.14249302446842194, combined loss: 0.2388266623020172
{'loss': 0.2406, 'grad_norm': 2.6131844520568848, 'learning_rate': 4.166666666666667e-05, 'epoch': 5.0}
CL loss: 0.7521691918373108, CE loss: 0.12040898203849792, combined loss: 0.1835850030183792


  0%|          | 0/23 [00:00<?, ?it/s][A

 22%|██▏       | 5/23 [00:00<00:00, 37.91it/s][A

 39%|███▉      | 9/23 [00:00<00:00, 33.34it/s][A

 57%|█████▋    | 13/23 [00:00<00:00, 31.89it/s][A

 74%|███████▍  | 17/23 [00:00<00:00, 31.11it/s][A

 91%|█████████▏| 21/23 [00:00<00:00, 30.73it/s][A
                                                 

                                               
[A
 17%|█▋        | 115/690 [01:17<03:05,  3.11it/s]

100%|██████████| 23/23 [00:00<00:00, 30.73it/s][A

                                               [ACL loss: 1.6503193378448486, CE loss: 0.13936243951320648, combined loss: 0.29045814275741577
CL loss: 1.4062052965164185, CE loss: 0.12377461045980453, combined loss: 0.25201767683029175
CL loss: 1.4107470512390137, CE loss: 0.15061704814434052, combined loss: 0.2766300439834595
CL loss: 1.4870829582214355, CE loss: 0.13289709389209747, combined loss: 0.2683156728744507
CL loss: 1.3955552577972412, CE loss: 0.15302403271198273, combined loss: 0.2772771716117859
CL loss: 1.542278528213501, CE loss: 0.13618965446949005, combined loss: 0.2767985463142395
CL loss: 1.8587027788162231, CE loss: 0.1524038314819336, combined loss: 0.32303372025489807
CL loss: 0.9272173643112183, CE loss: 0.1156056597828865, combined loss: 0.19676682353019714
CL loss: 1.1958496570587158, CE loss: 0.14858636260032654, combined loss: 0.25331270694732666
CL loss: 1.7813796997070312, CE loss: 0.13558340072631836, combined loss: 0.30016303062438965
CL loss: 1.1388336420059204, CE loss: 0.12648868560791016, combined loss: 0.22772318124771118
CL loss: 1.0786643028259277, CE loss: 0.13479085266590118, combined loss: 0.22917819023132324
CL loss: 1.3817086219787598, CE loss: 0.13027194142341614, combined loss: 0.2554156184196472
CL loss: 1.174330472946167, CE loss: 0.11130231618881226, combined loss: 0.2176051288843155
CL loss: 0.962836503982544, CE loss: 0.12959779798984528, combined loss: 0.21292166411876678
CL loss: 0.7584539651870728, CE loss: 0.1167641133069992, combined loss: 0.18093308806419373
CL loss: 1.4743715524673462, CE loss: 0.12770184874534607, combined loss: 0.2623687982559204
CL loss: 0.7462441921234131, CE loss: 0.12443339079618454, combined loss: 0.18661446869373322
CL loss: 1.4058352708816528, CE loss: 0.12989430129528046, combined loss: 0.2574883997440338
CL loss: 0.9403794407844543, CE loss: 0.13417136669158936, combined loss: 0.2147921621799469
CL loss: 1.1369407176971436, CE loss: 0.1322546750307083, combined loss: 0.23272326588630676
CL loss: 0.0032591233029961586, CE loss: 0.12370216846466064, combined loss: 0.11165785789489746
{'eval_loss': 0.24343329668045044, 'eval_top_1_macro_recall': 0.22189687541485326, 'eval_top_1_macro_precision': 0.18834941679130432, 'eval_top_1_macro_f1': 0.17167916903495836, 'eval_top_1_accuracy': 0.5133991537376587, 'eval_top_1_micro_recall': 0.44717444717444715, 'eval_top_1_micro_precision': 0.5133991537376587, 'eval_top_1_micro_f1': 0.47800393959290877, 'eval_top_2_macro_recall': 0.46102679010244374, 'eval_top_2_macro_precision': 0.28756740319269497, 'eval_top_2_macro_f1': 0.3269467288824011, 'eval_top_2_accuracy': 0.7306064880112835, 'eval_top_2_micro_recall': 0.6511056511056511, 'eval_top_2_micro_precision': 0.37376586741889983, 'eval_top_2_micro_f1': 0.47491039426523296, 'eval_top_3_macro_recall': 0.5290589784771881, 'eval_top_3_macro_precision': 0.26057376305113816, 'eval_top_3_macro_f1': 0.3211293708933873, 'eval_top_3_accuracy': 0.844851904090268, 'eval_top_3_micro_recall': 0.7678132678132679, 'eval_top_3_micro_precision': 0.2938410907381288, 'eval_top_3_micro_f1': 0.42502550153009183, 'eval_runtime': 1.0649, 'eval_samples_per_second': 665.789, 'eval_steps_per_second': 21.598, 'epoch': 5.0}

 17%|█▋        | 116/690 [01:20<14:39,  1.53s/it]
 17%|█▋        | 117/690 [01:21<11:25,  1.20s/it]
 17%|█▋        | 118/690 [01:21<09:08,  1.04it/s]
 17%|█▋        | 119/690 [01:22<07:32,  1.26it/s]
 17%|█▋        | 120/690 [01:22<06:25,  1.48it/s]
 18%|█▊        | 121/690 [01:22<05:38,  1.68it/s]
 18%|█▊        | 122/690 [01:23<05:05,  1.86it/s]
 18%|█▊        | 123/690 [01:23<04:41,  2.01it/s]
 18%|█▊        | 124/690 [01:24<04:25,  2.13it/s]
 18%|█▊        | 125/690 [01:24<04:14,  2.22it/s]
 18%|█▊        | 126/690 [01:24<04:06,  2.29it/s]
 18%|█▊        | 127/690 [01:25<04:00,  2.34it/s]
 19%|█▊        | 128/690 [01:25<03:56,  2.38it/s]
 19%|█▊        | 129/690 [01:26<03:54,  2.39it/s]
 19%|█▉        | 130/690 [01:26<03:52,  2.41it/s]
 19%|█▉        | 131/690 [01:26<03:50,  2.43it/s]
 19%|█▉        | 132/690 [01:27<03:48,  2.44it/s]
 19%|█▉        | 133/690 [01:27<03:47,  2.45it/s]
 19%|█▉        | 134/690 [01:28<03:46,  2.46it/s]
 20%|█▉        | 135/690 [01:28<03:45,  2.46it/s]
 20%|█▉        | 136/690 [01:29<03:44,  2.47it/s]
 20%|█▉        | 137/690 [01:29<03:44,  2.46it/s]
 20%|██        | 138/690 [01:29<02:57,  3.10it/s]
                                                 

 20%|██        | 138/690 [01:29<02:57,  3.10it/s]CL loss: 1.2452974319458008, CE loss: 0.13736459612846375, combined loss: 0.24815787374973297
CL loss: 1.1031333208084106, CE loss: 0.13258929550647736, combined loss: 0.22964370250701904
CL loss: 1.217696189880371, CE loss: 0.1350582391023636, combined loss: 0.24332204461097717
CL loss: 1.13650381565094, CE loss: 0.131269171833992, combined loss: 0.2317926287651062
CL loss: 1.0858224630355835, CE loss: 0.12935152649879456, combined loss: 0.2249986231327057
CL loss: 1.2904640436172485, CE loss: 0.13543429970741272, combined loss: 0.250937283039093
CL loss: 1.2157602310180664, CE loss: 0.13241156935691833, combined loss: 0.24074643850326538
CL loss: 1.0276986360549927, CE loss: 0.12768347561359406, combined loss: 0.21768498420715332
CL loss: 1.2100956439971924, CE loss: 0.13726472854614258, combined loss: 0.24454781413078308
CL loss: 1.0997018814086914, CE loss: 0.12405896186828613, combined loss: 0.2216232419013977
CL loss: 1.0595656633377075, CE loss: 0.12721915543079376, combined loss: 0.22045379877090454
CL loss: 1.1653308868408203, CE loss: 0.13367407023906708, combined loss: 0.23683975636959076
CL loss: 1.108131766319275, CE loss: 0.13076499104499817, combined loss: 0.22850167751312256
CL loss: 1.0845528841018677, CE loss: 0.12529774010181427, combined loss: 0.22122326493263245
CL loss: 1.0912798643112183, CE loss: 0.13002610206604004, combined loss: 0.2261514812707901
CL loss: 1.2915443181991577, CE loss: 0.13199900090694427, combined loss: 0.24795353412628174
CL loss: 1.0870455503463745, CE loss: 0.12381588667631149, combined loss: 0.22013884782791138
CL loss: 1.0219752788543701, CE loss: 0.12380745261907578, combined loss: 0.2136242389678955
CL loss: 1.1093697547912598, CE loss: 0.1247762143611908, combined loss: 0.2232355773448944
CL loss: 1.0316433906555176, CE loss: 0.1280253380537033, combined loss: 0.21838714182376862
CL loss: 1.0744926929473877, CE loss: 0.12746980786323547, combined loss: 0.2221720963716507
CL loss: 0.9854698777198792, CE loss: 0.12170278280973434, combined loss: 0.2080794870853424
CL loss: 1.007739782333374, CE loss: 0.1233798936009407, combined loss: 0.21181589365005493
{'loss': 0.2283, 'grad_norm': 2.3873071670532227, 'learning_rate': 4e-05, 'epoch': 6.0}
CL loss: 0.839665949344635, CE loss: 0.11224280297756195, combined loss: 0.18498511612415314


  0%|          | 0/23 [00:00<?, ?it/s][A

 22%|██▏       | 5/23 [00:00<00:00, 37.64it/s][A

 39%|███▉      | 9/23 [00:00<00:00, 33.10it/s][A

 57%|█████▋    | 13/23 [00:00<00:00, 31.62it/s][A

 74%|███████▍  | 17/23 [00:00<00:00, 30.98it/s][A

 91%|█████████▏| 21/23 [00:00<00:00, 30.66it/s][A
                                                 

                                               
[A
 20%|██        | 138/690 [01:30<02:57,  3.10it/s]

100%|██████████| 23/23 [00:00<00:00, 30.66it/s][A

                                               [ACL loss: 1.5100327730178833, CE loss: 0.1343483179807663, combined loss: 0.27191677689552307
CL loss: 1.4230105876922607, CE loss: 0.11974040418863297, combined loss: 0.25006741285324097
CL loss: 1.3889378309249878, CE loss: 0.14911730587482452, combined loss: 0.2730993628501892
CL loss: 1.472106695175171, CE loss: 0.12422057241201401, combined loss: 0.2590091824531555
CL loss: 1.5430666208267212, CE loss: 0.1498543620109558, combined loss: 0.2891755700111389
CL loss: 1.5909470319747925, CE loss: 0.13239498436450958, combined loss: 0.27825018763542175
CL loss: 1.978546380996704, CE loss: 0.14458200335502625, combined loss: 0.3279784321784973
CL loss: 1.2605171203613281, CE loss: 0.1099088117480278, combined loss: 0.22496964037418365
CL loss: 1.2221527099609375, CE loss: 0.14042115211486816, combined loss: 0.24859429895877838
CL loss: 1.5459785461425781, CE loss: 0.12909482419490814, combined loss: 0.2707831859588623
CL loss: 1.2458703517913818, CE loss: 0.1202312633395195, combined loss: 0.23279517889022827
CL loss: 1.2484594583511353, CE loss: 0.12429646402597427, combined loss: 0.2367127537727356
CL loss: 1.6715842485427856, CE loss: 0.12863388657569885, combined loss: 0.2829289138317108
CL loss: 1.2907384634017944, CE loss: 0.10794750601053238, combined loss: 0.2262265980243683
CL loss: 0.9356199502944946, CE loss: 0.1281181275844574, combined loss: 0.20886830985546112
CL loss: 0.9654984474182129, CE loss: 0.11124517768621445, combined loss: 0.1966705024242401
CL loss: 1.698999285697937, CE loss: 0.12248767912387848, combined loss: 0.28013885021209717
CL loss: 0.7231778502464294, CE loss: 0.11612427234649658, combined loss: 0.17682963609695435
CL loss: 1.515438437461853, CE loss: 0.12966910004615784, combined loss: 0.26824602484703064
CL loss: 1.2697694301605225, CE loss: 0.13170307874679565, combined loss: 0.24550971388816833
CL loss: 0.9758023619651794, CE loss: 0.12301979959011078, combined loss: 0.20829805731773376
CL loss: 0.001852002926170826, CE loss: 0.12332119792699814, combined loss: 0.11117427796125412
{'eval_loss': 0.24640560150146484, 'eval_top_1_macro_recall': 0.28839528593886166, 'eval_top_1_macro_precision': 0.3314774072788222, 'eval_top_1_macro_f1': 0.2829237392264891, 'eval_top_1_accuracy': 0.5528913963328632, 'eval_top_1_micro_recall': 0.48157248157248156, 'eval_top_1_micro_precision': 0.5528913963328632, 'eval_top_1_micro_f1': 0.5147734734077478, 'eval_top_2_macro_recall': 0.4749115231423001, 'eval_top_2_macro_precision': 0.3315425229230155, 'eval_top_2_macro_f1': 0.3644890075406604, 'eval_top_2_accuracy': 0.7249647390691114, 'eval_top_2_micro_recall': 0.6474201474201474, 'eval_top_2_micro_precision': 0.3716502115655853, 'eval_top_2_micro_f1': 0.47222222222222215, 'eval_top_3_macro_recall': 0.5644691850665778, 'eval_top_3_macro_precision': 0.2797344821407265, 'eval_top_3_macro_f1': 0.3516021948318238, 'eval_top_3_accuracy': 0.8504936530324401, 'eval_top_3_micro_recall': 0.7837837837837838, 'eval_top_3_micro_precision': 0.2999529854254819, 'eval_top_3_micro_f1': 0.4338660319619177, 'eval_runtime': 1.0774, 'eval_samples_per_second': 658.088, 'eval_steps_per_second': 21.348, 'epoch': 6.0}

 20%|██        | 139/690 [01:34<14:20,  1.56s/it]
 20%|██        | 140/690 [01:34<11:08,  1.22s/it]
 20%|██        | 141/690 [01:34<08:54,  1.03it/s]
 21%|██        | 142/690 [01:35<07:19,  1.25it/s]
 21%|██        | 143/690 [01:35<06:13,  1.46it/s]
 21%|██        | 144/690 [01:36<05:27,  1.67it/s]
 21%|██        | 145/690 [01:36<04:55,  1.85it/s]
 21%|██        | 146/690 [01:36<04:32,  2.00it/s]
 21%|██▏       | 147/690 [01:37<04:16,  2.12it/s]
 21%|██▏       | 148/690 [01:37<04:05,  2.21it/s]
 22%|██▏       | 149/690 [01:38<03:57,  2.27it/s]
 22%|██▏       | 150/690 [01:38<03:52,  2.32it/s]
 22%|██▏       | 151/690 [01:38<03:47,  2.36it/s]
 22%|██▏       | 152/690 [01:39<03:44,  2.40it/s]
 22%|██▏       | 153/690 [01:39<03:42,  2.42it/s]
 22%|██▏       | 154/690 [01:40<03:40,  2.43it/s]
 22%|██▏       | 155/690 [01:40<03:39,  2.44it/s]
 23%|██▎       | 156/690 [01:40<03:38,  2.45it/s]
 23%|██▎       | 157/690 [01:41<03:37,  2.45it/s]
 23%|██▎       | 158/690 [01:41<03:37,  2.44it/s]
 23%|██▎       | 159/690 [01:42<03:36,  2.45it/s]
 23%|██▎       | 160/690 [01:42<03:35,  2.46it/s]
 23%|██▎       | 161/690 [01:42<02:51,  3.09it/s]
                                                 

 23%|██▎       | 161/690 [01:42<02:51,  3.09it/s]CL loss: 0.9759374856948853, CE loss: 0.11675230413675308, combined loss: 0.20267081260681152
CL loss: 1.1427829265594482, CE loss: 0.129283145070076, combined loss: 0.23063312470912933
CL loss: 1.1371725797653198, CE loss: 0.12407233566045761, combined loss: 0.22538235783576965
CL loss: 1.1706794500350952, CE loss: 0.12274237722158432, combined loss: 0.22753608226776123
CL loss: 1.2142001390457153, CE loss: 0.13222736120224, combined loss: 0.24042463302612305
CL loss: 1.131034016609192, CE loss: 0.11759800463914871, combined loss: 0.2189415991306305
CL loss: 1.0558682680130005, CE loss: 0.12220790237188339, combined loss: 0.21557393670082092
CL loss: 0.9156092405319214, CE loss: 0.11338622123003006, combined loss: 0.19360852241516113
CL loss: 0.9441239237785339, CE loss: 0.12299945205450058, combined loss: 0.20511189103126526
CL loss: 1.0591225624084473, CE loss: 0.12369938939809799, combined loss: 0.21724170446395874
CL loss: 1.024310827255249, CE loss: 0.1235070452094078, combined loss: 0.2135874181985855
CL loss: 0.9957879781723022, CE loss: 0.12612533569335938, combined loss: 0.21309159696102142
CL loss: 1.042655110359192, CE loss: 0.12475187331438065, combined loss: 0.21654218435287476
CL loss: 1.078926682472229, CE loss: 0.128167986869812, combined loss: 0.2232438623905182
CL loss: 0.9783535599708557, CE loss: 0.12054573744535446, combined loss: 0.20632651448249817
CL loss: 1.0144050121307373, CE loss: 0.12185308337211609, combined loss: 0.2111082673072815
CL loss: 0.8981484174728394, CE loss: 0.11311845481395721, combined loss: 0.19162145256996155
CL loss: 1.1630052328109741, CE loss: 0.13009651005268097, combined loss: 0.23338738083839417
CL loss: 1.3193261623382568, CE loss: 0.12859204411506653, combined loss: 0.24766544997692108
CL loss: 0.9032030701637268, CE loss: 0.11938852816820145, combined loss: 0.19776998460292816
CL loss: 0.9500400424003601, CE loss: 0.11900586634874344, combined loss: 0.20210927724838257
CL loss: 0.9846113920211792, CE loss: 0.11650057882070541, combined loss: 0.20331165194511414
CL loss: 1.2458484172821045, CE loss: 0.11304530501365662, combined loss: 0.2263256162405014
{'loss': 0.2158, 'grad_norm': 2.686386823654175, 'learning_rate': 3.8333333333333334e-05, 'epoch': 7.0}
CL loss: 1.057165503501892, CE loss: 0.10923503339290619, combined loss: 0.20402806997299194


  0%|          | 0/23 [00:00<?, ?it/s][A

 22%|██▏       | 5/23 [00:00<00:00, 36.91it/s][A

 39%|███▉      | 9/23 [00:00<00:00, 32.80it/s][A

 57%|█████▋    | 13/23 [00:00<00:00, 31.55it/s][A

 74%|███████▍  | 17/23 [00:00<00:00, 30.97it/s][A

 91%|█████████▏| 21/23 [00:00<00:00, 30.61it/s][A
                                                 

                                               
[A
 23%|██▎       | 161/690 [01:43<02:51,  3.09it/s]

100%|██████████| 23/23 [00:00<00:00, 30.61it/s][A

                                               [ACL loss: 1.5798394680023193, CE loss: 0.1261952668428421, combined loss: 0.2715596854686737
CL loss: 1.4563055038452148, CE loss: 0.11498910188674927, combined loss: 0.24912074208259583
CL loss: 1.4046199321746826, CE loss: 0.12923288345336914, combined loss: 0.25677159428596497
CL loss: 1.37265145778656, CE loss: 0.11819221824407578, combined loss: 0.24363814294338226
CL loss: 1.3142435550689697, CE loss: 0.13569757342338562, combined loss: 0.2535521686077118
CL loss: 1.0658669471740723, CE loss: 0.12288405746221542, combined loss: 0.21718233823776245
CL loss: 1.573574423789978, CE loss: 0.13598103821277618, combined loss: 0.2797403633594513
CL loss: 0.9432951807975769, CE loss: 0.10027915239334106, combined loss: 0.1845807582139969
CL loss: 1.0126150846481323, CE loss: 0.1283012330532074, combined loss: 0.21673262119293213
CL loss: 1.6584757566452026, CE loss: 0.11924923956394196, combined loss: 0.27317190170288086
CL loss: 0.9627673029899597, CE loss: 0.1120801642537117, combined loss: 0.1971488744020462
CL loss: 1.0970793962478638, CE loss: 0.11511306464672089, combined loss: 0.21330970525741577
CL loss: 1.7868483066558838, CE loss: 0.12527966499328613, combined loss: 0.2914365231990814
CL loss: 1.1948916912078857, CE loss: 0.09809485822916031, combined loss: 0.2077745497226715
CL loss: 0.8391537070274353, CE loss: 0.11633697897195816, combined loss: 0.18861865997314453
CL loss: 0.7862766981124878, CE loss: 0.10139437764883041, combined loss: 0.16988259553909302
CL loss: 1.4452651739120483, CE loss: 0.11844629049301147, combined loss: 0.2511281967163086
CL loss: 0.7439791560173035, CE loss: 0.1068708747625351, combined loss: 0.17058169841766357
CL loss: 1.5175297260284424, CE loss: 0.12132028490304947, combined loss: 0.2609412372112274
CL loss: 1.1474969387054443, CE loss: 0.12332566827535629, combined loss: 0.22574278712272644
CL loss: 0.8175860047340393, CE loss: 0.11129271984100342, combined loss: 0.181922048330307
CL loss: 0.0011806603288277984, CE loss: 0.11840935051441193, combined loss: 0.10668648034334183
{'eval_loss': 0.22680892050266266, 'eval_top_1_macro_recall': 0.38193519756159494, 'eval_top_1_macro_precision': 0.37325259140138345, 'eval_top_1_macro_f1': 0.3699336080414481, 'eval_top_1_accuracy': 0.609308885754584, 'eval_top_1_micro_recall': 0.5307125307125307, 'eval_top_1_micro_precision': 0.609308885754584, 'eval_top_1_micro_f1': 0.5673013788575181, 'eval_top_2_macro_recall': 0.4940962639360809, 'eval_top_2_macro_precision': 0.31878740141725687, 'eval_top_2_macro_f1': 0.34818144659062916, 'eval_top_2_accuracy': 0.7362482369534555, 'eval_top_2_micro_recall': 0.6646191646191646, 'eval_top_2_micro_precision': 0.3815232722143865, 'eval_top_2_micro_f1': 0.48476702508960573, 'eval_top_3_macro_recall': 0.5935983777399074, 'eval_top_3_macro_precision': 0.2906043336028232, 'eval_top_3_macro_f1': 0.36163372621273265, 'eval_top_3_accuracy': 0.8645980253878702, 'eval_top_3_micro_recall': 0.8022113022113022, 'eval_top_3_micro_precision': 0.307005171603197, 'eval_top_3_micro_f1': 0.44406664399863993, 'eval_runtime': 1.0768, 'eval_samples_per_second': 658.415, 'eval_steps_per_second': 21.359, 'epoch': 7.0}

 23%|██▎       | 162/690 [01:47<13:26,  1.53s/it]
 24%|██▎       | 163/690 [01:47<10:27,  1.19s/it]
 24%|██▍       | 164/690 [01:47<08:23,  1.05it/s]
 24%|██▍       | 165/690 [01:48<06:55,  1.26it/s]
 24%|██▍       | 166/690 [01:48<05:54,  1.48it/s]
 24%|██▍       | 167/690 [01:49<05:10,  1.68it/s]
 24%|██▍       | 168/690 [01:49<04:40,  1.86it/s]
 24%|██▍       | 169/690 [01:49<04:19,  2.01it/s]
 25%|██▍       | 170/690 [01:50<04:04,  2.13it/s]
 25%|██▍       | 171/690 [01:50<03:53,  2.22it/s]
 25%|██▍       | 172/690 [01:51<03:46,  2.28it/s]
 25%|██▌       | 173/690 [01:51<03:41,  2.33it/s]
 25%|██▌       | 174/690 [01:51<03:38,  2.37it/s]
 25%|██▌       | 175/690 [01:52<03:35,  2.40it/s]
 26%|██▌       | 176/690 [01:52<03:32,  2.42it/s]
 26%|██▌       | 177/690 [01:53<03:31,  2.43it/s]
 26%|██▌       | 178/690 [01:53<03:29,  2.44it/s]
 26%|██▌       | 179/690 [01:53<03:28,  2.45it/s]
 26%|██▌       | 180/690 [01:54<03:28,  2.45it/s]
 26%|██▌       | 181/690 [01:54<03:28,  2.45it/s]
 26%|██▋       | 182/690 [01:55<03:27,  2.45it/s]
 27%|██▋       | 183/690 [01:55<03:26,  2.45it/s]
 27%|██▋       | 184/690 [01:55<02:47,  3.02it/s]
                                                 

 27%|██▋       | 184/690 [01:55<02:47,  3.02it/s]CL loss: 0.9104215502738953, CE loss: 0.11863573640584946, combined loss: 0.19781431555747986
CL loss: 0.9557955265045166, CE loss: 0.11199488490819931, combined loss: 0.19637495279312134
CL loss: 0.7736968994140625, CE loss: 0.11506683379411697, combined loss: 0.18092983961105347
CL loss: 0.9296128749847412, CE loss: 0.12181061506271362, combined loss: 0.20259083807468414
CL loss: 0.9965794682502747, CE loss: 0.11864742636680603, combined loss: 0.20644062757492065
CL loss: 0.9904341697692871, CE loss: 0.1133088544011116, combined loss: 0.20102138817310333
CL loss: 0.9811659455299377, CE loss: 0.11387383937835693, combined loss: 0.20060305297374725
CL loss: 1.0172193050384521, CE loss: 0.121829092502594, combined loss: 0.2113681137561798
CL loss: 1.0299969911575317, CE loss: 0.11477210372686386, combined loss: 0.20629459619522095
CL loss: 0.9731396436691284, CE loss: 0.11556796729564667, combined loss: 0.20132513344287872
CL loss: 0.9657094478607178, CE loss: 0.11419060081243515, combined loss: 0.1993424892425537
CL loss: 0.8860266208648682, CE loss: 0.11076377332210541, combined loss: 0.1882900595664978
CL loss: 1.0293097496032715, CE loss: 0.11326012015342712, combined loss: 0.20486508309841156
CL loss: 0.9588360786437988, CE loss: 0.11380814015865326, combined loss: 0.1983109414577484
CL loss: 0.9971638917922974, CE loss: 0.1146390363574028, combined loss: 0.2028915286064148
CL loss: 0.8955007791519165, CE loss: 0.11123371124267578, combined loss: 0.18966041505336761
CL loss: 0.9962759613990784, CE loss: 0.11358935385942459, combined loss: 0.2018580138683319
CL loss: 0.9483535885810852, CE loss: 0.11333733797073364, combined loss: 0.19683897495269775
CL loss: 0.990075945854187, CE loss: 0.12019787728786469, combined loss: 0.20718568563461304
CL loss: 0.8307092189788818, CE loss: 0.10628756135702133, combined loss: 0.17872972786426544
CL loss: 1.0797219276428223, CE loss: 0.11196102201938629, combined loss: 0.2087371051311493
CL loss: 0.7979564070701599, CE loss: 0.10453733801841736, combined loss: 0.1738792359828949
CL loss: 1.8938711881637573, CE loss: 0.12382058799266815, combined loss: 0.30082565546035767
{'loss': 0.2024, 'grad_norm': 1.8252414464950562, 'learning_rate': 3.6666666666666666e-05, 'epoch': 8.0}
CL loss: 0.9743499755859375, CE loss: 0.10294069349765778, combined loss: 0.1900816261768341


  0%|          | 0/23 [00:00<?, ?it/s][A

 22%|██▏       | 5/23 [00:00<00:00, 37.57it/s][A

 39%|███▉      | 9/23 [00:00<00:00, 33.08it/s][A

 57%|█████▋    | 13/23 [00:00<00:00, 31.68it/s][A

 74%|███████▍  | 17/23 [00:00<00:00, 31.02it/s][A

 91%|█████████▏| 21/23 [00:00<00:00, 30.66it/s][A
                                                 

                                               
[A
 27%|██▋       | 184/690 [01:56<02:47,  3.02it/s]

100%|██████████| 23/23 [00:00<00:00, 30.66it/s][A

                                               [ACL loss: 1.3690590858459473, CE loss: 0.12483798712491989, combined loss: 0.2492600977420807
CL loss: 1.5074069499969482, CE loss: 0.11397528648376465, combined loss: 0.2533184587955475
CL loss: 1.4276031255722046, CE loss: 0.12285560369491577, combined loss: 0.2533303499221802
CL loss: 1.3645966053009033, CE loss: 0.11071709543466568, combined loss: 0.2361050546169281
CL loss: 1.3566945791244507, CE loss: 0.12935517728328705, combined loss: 0.25208911299705505
CL loss: 1.0207198858261108, CE loss: 0.11446420103311539, combined loss: 0.2050897777080536
CL loss: 1.7241402864456177, CE loss: 0.12933149933815002, combined loss: 0.28881239891052246
CL loss: 0.9409258365631104, CE loss: 0.094075508415699, combined loss: 0.17876054346561432
CL loss: 1.066510796546936, CE loss: 0.12403848022222519, combined loss: 0.2182857096195221
CL loss: 1.9642444849014282, CE loss: 0.11554740369319916, combined loss: 0.30041712522506714
CL loss: 0.8369948863983154, CE loss: 0.10150221735239029, combined loss: 0.1750514805316925
CL loss: 1.069793701171875, CE loss: 0.11092294752597809, combined loss: 0.20681002736091614
CL loss: 1.8293242454528809, CE loss: 0.11373676359653473, combined loss: 0.2852955162525177
CL loss: 1.1940600872039795, CE loss: 0.09524891525506973, combined loss: 0.20513002574443817
CL loss: 0.7777073383331299, CE loss: 0.1068158745765686, combined loss: 0.17390501499176025
CL loss: 0.7124873995780945, CE loss: 0.08867745101451874, combined loss: 0.15105843544006348
CL loss: 1.445634365081787, CE loss: 0.10875606536865234, combined loss: 0.24244388937950134
CL loss: 0.8627864718437195, CE loss: 0.10481195151805878, combined loss: 0.18060940504074097
CL loss: 1.3680824041366577, CE loss: 0.1126171350479126, combined loss: 0.23816366493701935
CL loss: 1.0264643430709839, CE loss: 0.11623670905828476, combined loss: 0.20725947618484497
CL loss: 1.073839783668518, CE loss: 0.10420334339141846, combined loss: 0.20116698741912842
CL loss: 0.001461980864405632, CE loss: 0.10253399610519409, combined loss: 0.09242679178714752
{'eval_loss': 0.22146736085414886, 'eval_top_1_macro_recall': 0.4101059266896444, 'eval_top_1_macro_precision': 0.4385192496521508, 'eval_top_1_macro_f1': 0.40832688791329924, 'eval_top_1_accuracy': 0.6445698166431594, 'eval_top_1_micro_recall': 0.5614250614250614, 'eval_top_1_micro_precision': 0.6445698166431594, 'eval_top_1_micro_f1': 0.6001313197636244, 'eval_top_2_macro_recall': 0.544543105100745, 'eval_top_2_macro_precision': 0.349124322029143, 'eval_top_2_macro_f1': 0.38587678226990063, 'eval_top_2_accuracy': 0.7983074753173484, 'eval_top_2_micro_recall': 0.7248157248157249, 'eval_top_2_micro_precision': 0.41607898448519043, 'eval_top_2_micro_f1': 0.5286738351254481, 'eval_top_3_macro_recall': 0.6345113081739865, 'eval_top_3_macro_precision': 0.281878325729592, 'eval_top_3_macro_f1': 0.3701462986583887, 'eval_top_3_accuracy': 0.8885754583921015, 'eval_top_3_micro_recall': 0.8341523341523341, 'eval_top_3_micro_precision': 0.31922896097790315, 'eval_top_3_micro_f1': 0.4617477048622918, 'eval_runtime': 1.0642, 'eval_samples_per_second': 666.237, 'eval_steps_per_second': 21.613, 'epoch': 8.0}

 27%|██▋       | 185/690 [02:00<12:59,  1.54s/it]
 27%|██▋       | 186/690 [02:00<10:06,  1.20s/it]
 27%|██▋       | 187/690 [02:00<08:04,  1.04it/s]
 27%|██▋       | 188/690 [02:01<06:39,  1.26it/s]
 27%|██▋       | 189/690 [02:01<05:40,  1.47it/s]
 28%|██▊       | 190/690 [02:02<04:58,  1.67it/s]
 28%|██▊       | 191/690 [02:02<04:29,  1.85it/s]
 28%|██▊       | 192/690 [02:02<04:09,  2.00it/s]
 28%|██▊       | 193/690 [02:03<03:54,  2.12it/s]
 28%|██▊       | 194/690 [02:03<03:44,  2.21it/s]
 28%|██▊       | 195/690 [02:04<03:36,  2.28it/s]
 28%|██▊       | 196/690 [02:04<03:31,  2.33it/s]
 29%|██▊       | 197/690 [02:04<03:28,  2.36it/s]
 29%|██▊       | 198/690 [02:05<03:26,  2.39it/s]
 29%|██▉       | 199/690 [02:05<03:23,  2.41it/s]
 29%|██▉       | 200/690 [02:06<03:22,  2.43it/s]
 29%|██▉       | 201/690 [02:06<03:20,  2.44it/s]
 29%|██▉       | 202/690 [02:06<03:19,  2.44it/s]
 29%|██▉       | 203/690 [02:07<03:19,  2.44it/s]
 30%|██▉       | 204/690 [02:07<03:19,  2.44it/s]
 30%|██▉       | 205/690 [02:08<03:18,  2.44it/s]
 30%|██▉       | 206/690 [02:08<03:17,  2.45it/s]
 30%|███       | 207/690 [02:08<02:36,  3.08it/s]
                                                 

 30%|███       | 207/690 [02:08<02:36,  3.08it/s]CL loss: 0.9497196674346924, CE loss: 0.10595499724149704, combined loss: 0.19033145904541016
CL loss: 0.9940901398658752, CE loss: 0.1102622002363205, combined loss: 0.1986449956893921
CL loss: 0.8525592088699341, CE loss: 0.1059645339846611, combined loss: 0.18062400817871094
CL loss: 0.9141449332237244, CE loss: 0.10825981199741364, combined loss: 0.1888483166694641
CL loss: 0.9843704700469971, CE loss: 0.11247508227825165, combined loss: 0.1996646225452423
CL loss: 0.8195173740386963, CE loss: 0.10350917279720306, combined loss: 0.17510998249053955
CL loss: 0.874303936958313, CE loss: 0.11170580238103867, combined loss: 0.18796561658382416
CL loss: 0.9979856014251709, CE loss: 0.11079327017068863, combined loss: 0.1995125114917755
CL loss: 0.9577003717422485, CE loss: 0.11026831716299057, combined loss: 0.19501152634620667
CL loss: 1.030704140663147, CE loss: 0.11025284230709076, combined loss: 0.20229797065258026
CL loss: 0.8333354592323303, CE loss: 0.11087615042924881, combined loss: 0.18312206864356995
CL loss: 1.0235884189605713, CE loss: 0.10932812094688416, combined loss: 0.20075413584709167
CL loss: 0.7799773216247559, CE loss: 0.10716821998357773, combined loss: 0.1744491308927536
CL loss: 0.9398518800735474, CE loss: 0.10886227339506149, combined loss: 0.19196122884750366
CL loss: 0.773402750492096, CE loss: 0.10038761049509048, combined loss: 0.16768911480903625
CL loss: 0.8849928379058838, CE loss: 0.10687609761953354, combined loss: 0.1846877634525299
CL loss: 0.9523401856422424, CE loss: 0.1070399135351181, combined loss: 0.19156993925571442
CL loss: 0.8807587027549744, CE loss: 0.10420989990234375, combined loss: 0.18186476826667786
CL loss: 0.8397514820098877, CE loss: 0.09776729345321655, combined loss: 0.17196571826934814
CL loss: 0.8556551337242126, CE loss: 0.10847219824790955, combined loss: 0.1831904947757721
CL loss: 0.6318976879119873, CE loss: 0.09228954464197159, combined loss: 0.14625035226345062
CL loss: 0.8973388075828552, CE loss: 0.10458582639694214, combined loss: 0.1838611215353012
CL loss: 0.7451599836349487, CE loss: 0.08981463313102722, combined loss: 0.15534916520118713
{'loss': 0.1841, 'grad_norm': 4.190479278564453, 'learning_rate': 3.5e-05, 'epoch': 9.0}
CL loss: 0.999998927116394, CE loss: 0.09747382253408432, combined loss: 0.18772633373737335


  0%|          | 0/23 [00:00<?, ?it/s][A

 22%|██▏       | 5/23 [00:00<00:00, 37.73it/s][A

 39%|███▉      | 9/23 [00:00<00:00, 33.12it/s][A

 57%|█████▋    | 13/23 [00:00<00:00, 31.68it/s][A

 74%|███████▍  | 17/23 [00:00<00:00, 31.01it/s][A

 91%|█████████▏| 21/23 [00:00<00:00, 30.65it/s][A
                                                 

                                               
[A
 30%|███       | 207/690 [02:09<02:36,  3.08it/s]

100%|██████████| 23/23 [00:00<00:00, 30.65it/s][A

                                               [ACL loss: 1.5439616441726685, CE loss: 0.12483467906713486, combined loss: 0.2667473554611206
CL loss: 1.5826917886734009, CE loss: 0.11058925092220306, combined loss: 0.25779950618743896
CL loss: 1.40691077709198, CE loss: 0.11589392274618149, combined loss: 0.2449956238269806
CL loss: 2.111910820007324, CE loss: 0.10725735127925873, combined loss: 0.30772268772125244
CL loss: 1.3815348148345947, CE loss: 0.11674909293651581, combined loss: 0.24322766065597534
CL loss: 1.5023884773254395, CE loss: 0.11912129819393158, combined loss: 0.2574480175971985
CL loss: 1.7703320980072021, CE loss: 0.12665322422981262, combined loss: 0.29102110862731934
CL loss: 0.7696189880371094, CE loss: 0.0877571702003479, combined loss: 0.1559433490037918
CL loss: 1.04179048538208, CE loss: 0.11574561148881912, combined loss: 0.20835009217262268
CL loss: 1.7289953231811523, CE loss: 0.10758790373802185, combined loss: 0.2697286307811737
CL loss: 0.7679042220115662, CE loss: 0.09592005610466003, combined loss: 0.16311846673488617
CL loss: 1.1145910024642944, CE loss: 0.11086380481719971, combined loss: 0.21123652160167694
CL loss: 1.897904634475708, CE loss: 0.11390336602926254, combined loss: 0.29230350255966187
CL loss: 1.1518824100494385, CE loss: 0.08980876952409744, combined loss: 0.1960161328315735
CL loss: 1.0843946933746338, CE loss: 0.09990785270929337, combined loss: 0.1983565390110016
CL loss: 0.6909459829330444, CE loss: 0.08521498739719391, combined loss: 0.14578808844089508
CL loss: 1.4990757703781128, CE loss: 0.10532131046056747, combined loss: 0.2446967512369156
CL loss: 1.0277420282363892, CE loss: 0.10178565979003906, combined loss: 0.19438129663467407
CL loss: 1.446138858795166, CE loss: 0.1092495545744896, combined loss: 0.24293848872184753
CL loss: 1.2099987268447876, CE loss: 0.11479329317808151, combined loss: 0.22431382536888123
CL loss: 0.8394619822502136, CE loss: 0.10185471922159195, combined loss: 0.17561544477939606
CL loss: 0.001084409188479185, CE loss: 0.08550923317670822, combined loss: 0.07706674933433533
{'eval_loss': 0.22528709471225739, 'eval_top_1_macro_recall': 0.3996021603603817, 'eval_top_1_macro_precision': 0.4219600917157139, 'eval_top_1_macro_f1': 0.38480522375815646, 'eval_top_1_accuracy': 0.6361071932299013, 'eval_top_1_micro_recall': 0.5540540540540541, 'eval_top_1_micro_precision': 0.6361071932299013, 'eval_top_1_micro_f1': 0.5922521339461589, 'eval_top_2_macro_recall': 0.5580138903692677, 'eval_top_2_macro_precision': 0.3535636503876906, 'eval_top_2_macro_f1': 0.4122708850242887, 'eval_top_2_accuracy': 0.7898448519040903, 'eval_top_2_micro_recall': 0.7272727272727273, 'eval_top_2_micro_precision': 0.41748942172073344, 'eval_top_2_micro_f1': 0.5304659498207885, 'eval_top_3_macro_recall': 0.6578937315934368, 'eval_top_3_macro_precision': 0.33330812505854923, 'eval_top_3_macro_f1': 0.4101263297250238, 'eval_top_3_accuracy': 0.8716502115655853, 'eval_top_3_micro_recall': 0.8353808353808354, 'eval_top_3_micro_precision': 0.31969910672308416, 'eval_top_3_micro_f1': 0.46242774566473993, 'eval_runtime': 1.0579, 'eval_samples_per_second': 670.172, 'eval_steps_per_second': 21.74, 'epoch': 9.0}

 30%|███       | 208/690 [02:13<12:07,  1.51s/it]
 30%|███       | 209/690 [02:13<09:29,  1.18s/it]
 30%|███       | 210/690 [02:13<07:36,  1.05it/s]
 31%|███       | 211/690 [02:14<06:17,  1.27it/s]
 31%|███       | 212/690 [02:14<05:22,  1.48it/s]
 31%|███       | 213/690 [02:15<04:43,  1.68it/s]
 31%|███       | 214/690 [02:15<04:16,  1.85it/s]
 31%|███       | 215/690 [02:15<03:57,  2.00it/s]
 31%|███▏      | 216/690 [02:16<03:43,  2.12it/s]
 31%|███▏      | 217/690 [02:16<03:33,  2.21it/s]
 32%|███▏      | 218/690 [02:17<03:27,  2.28it/s]
 32%|███▏      | 219/690 [02:17<03:22,  2.32it/s]
 32%|███▏      | 220/690 [02:17<03:19,  2.36it/s]
 32%|███▏      | 221/690 [02:18<03:16,  2.39it/s]
 32%|███▏      | 222/690 [02:18<03:14,  2.41it/s]
 32%|███▏      | 223/690 [02:19<03:12,  2.42it/s]
 32%|███▏      | 224/690 [02:19<03:12,  2.42it/s]
 33%|███▎      | 225/690 [02:19<03:11,  2.43it/s]
 33%|███▎      | 226/690 [02:20<03:10,  2.44it/s]
 33%|███▎      | 227/690 [02:20<03:09,  2.44it/s]
 33%|███▎      | 228/690 [02:21<03:09,  2.44it/s]
 33%|███▎      | 229/690 [02:21<03:09,  2.44it/s]
 33%|███▎      | 230/690 [02:21<02:31,  3.03it/s]
                                                 

 33%|███▎      | 230/690 [02:21<02:31,  3.03it/s]CL loss: 0.7930413484573364, CE loss: 0.10228755325078964, combined loss: 0.17136293649673462
CL loss: 1.0156737565994263, CE loss: 0.11451699584722519, combined loss: 0.20463266968727112
CL loss: 0.6558204889297485, CE loss: 0.0935080274939537, combined loss: 0.14973926544189453
CL loss: 0.7698876261711121, CE loss: 0.09794480353593826, combined loss: 0.1651390790939331
CL loss: 0.8771437406539917, CE loss: 0.0984119325876236, combined loss: 0.17628511786460876
CL loss: 0.7881433367729187, CE loss: 0.09442269057035446, combined loss: 0.16379475593566895
CL loss: 0.8609231114387512, CE loss: 0.1005798727273941, combined loss: 0.1766141951084137
CL loss: 0.8676788806915283, CE loss: 0.09685267508029938, combined loss: 0.17393529415130615
CL loss: 0.8834791779518127, CE loss: 0.10554730147123337, combined loss: 0.18334048986434937
CL loss: 0.8725574612617493, CE loss: 0.09961029142141342, combined loss: 0.17690500617027283
CL loss: 1.0569305419921875, CE loss: 0.10942266881465912, combined loss: 0.20417344570159912
CL loss: 0.7235146760940552, CE loss: 0.0890107974410057, combined loss: 0.1524611860513687
CL loss: 0.7461999654769897, CE loss: 0.10240144282579422, combined loss: 0.16678130626678467
CL loss: 0.9168155789375305, CE loss: 0.11040133982896805, combined loss: 0.19104276597499847
CL loss: 0.9290169477462769, CE loss: 0.10242921113967896, combined loss: 0.18508797883987427
CL loss: 0.8656660914421082, CE loss: 0.1130768209695816, combined loss: 0.18833574652671814
CL loss: 0.8259116411209106, CE loss: 0.09698760509490967, combined loss: 0.1698800027370453
CL loss: 0.7703263759613037, CE loss: 0.08889663219451904, combined loss: 0.157039612531662
CL loss: 0.9258931875228882, CE loss: 0.10382043570280075, combined loss: 0.18602770566940308
CL loss: 0.8346483111381531, CE loss: 0.09635946899652481, combined loss: 0.17018835246562958
CL loss: 0.6277371048927307, CE loss: 0.09000740945339203, combined loss: 0.14378038048744202
CL loss: 0.7441474795341492, CE loss: 0.0980980321764946, combined loss: 0.16270297765731812
CL loss: 1.2943148612976074, CE loss: 0.09770084172487259, combined loss: 0.21736223995685577
{'loss': 0.1755, 'grad_norm': 2.854984760284424, 'learning_rate': 3.3333333333333335e-05, 'epoch': 10.0}
CL loss: 0.8594403862953186, CE loss: 0.09098079055547714, combined loss: 0.16782674193382263


  0%|          | 0/23 [00:00<?, ?it/s][A

 22%|██▏       | 5/23 [00:00<00:00, 37.41it/s][A

 39%|███▉      | 9/23 [00:00<00:00, 32.94it/s][A

 57%|█████▋    | 13/23 [00:00<00:00, 31.59it/s][A

 74%|███████▍  | 17/23 [00:00<00:00, 30.96it/s][A

 91%|█████████▏| 21/23 [00:00<00:00, 30.61it/s][A
                                                 

                                               
[A
 33%|███▎      | 230/690 [02:22<02:31,  3.03it/s]

100%|██████████| 23/23 [00:00<00:00, 30.61it/s][A

                                               [ACL loss: 1.5220868587493896, CE loss: 0.12007538974285126, combined loss: 0.26027652621269226
CL loss: 1.5373823642730713, CE loss: 0.10217265784740448, combined loss: 0.2456936240196228
CL loss: 1.3515195846557617, CE loss: 0.10820455104112625, combined loss: 0.23253606259822845
CL loss: 1.2622898817062378, CE loss: 0.09702706336975098, combined loss: 0.21355333924293518
CL loss: 1.3383584022521973, CE loss: 0.10895657539367676, combined loss: 0.2318967580795288
CL loss: 1.0508830547332764, CE loss: 0.10675054788589478, combined loss: 0.20116379857063293
CL loss: 1.5933557748794556, CE loss: 0.11529330909252167, combined loss: 0.2630995512008667
CL loss: 0.9017828702926636, CE loss: 0.0838184505701065, combined loss: 0.16561490297317505
CL loss: 1.1039594411849976, CE loss: 0.11196188628673553, combined loss: 0.21116164326667786
CL loss: 1.3620046377182007, CE loss: 0.09512194991111755, combined loss: 0.2218102216720581
CL loss: 0.8471099734306335, CE loss: 0.08399619907140732, combined loss: 0.16030758619308472
CL loss: 1.1140129566192627, CE loss: 0.10136589407920837, combined loss: 0.20263060927391052
CL loss: 1.9968960285186768, CE loss: 0.11202890425920486, combined loss: 0.30051562190055847
CL loss: 0.9333354234695435, CE loss: 0.08099119365215302, combined loss: 0.1662256121635437
CL loss: 0.7481439709663391, CE loss: 0.09550157934427261, combined loss: 0.16076582670211792
CL loss: 0.5513983964920044, CE loss: 0.07575521618127823, combined loss: 0.12331952899694443
CL loss: 1.4430135488510132, CE loss: 0.09925524890422821, combined loss: 0.23363107442855835
CL loss: 0.797870934009552, CE loss: 0.09171297401189804, combined loss: 0.1623287796974182
CL loss: 1.4274924993515015, CE loss: 0.1012931540608406, combined loss: 0.2339130938053131
CL loss: 1.0934253931045532, CE loss: 0.11099826544523239, combined loss: 0.20924097299575806
CL loss: 0.9105374217033386, CE loss: 0.08991917222738266, combined loss: 0.17198100686073303
CL loss: 0.0013682960998266935, CE loss: 0.09225834906101227, combined loss: 0.08316934108734131
{'eval_loss': 0.2054719626903534, 'eval_top_1_macro_recall': 0.4225950044728574, 'eval_top_1_macro_precision': 0.4492400594903385, 'eval_top_1_macro_f1': 0.4233294023828369, 'eval_top_1_accuracy': 0.691114245416079, 'eval_top_1_micro_recall': 0.601965601965602, 'eval_top_1_micro_precision': 0.691114245416079, 'eval_top_1_micro_f1': 0.6434668417596849, 'eval_top_2_macro_recall': 0.5836826784197836, 'eval_top_2_macro_precision': 0.41524345691114095, 'eval_top_2_macro_f1': 0.4480244903627526, 'eval_top_2_accuracy': 0.8265162200282088, 'eval_top_2_micro_recall': 0.7616707616707616, 'eval_top_2_micro_precision': 0.43723554301833567, 'eval_top_2_micro_f1': 0.5555555555555556, 'eval_top_3_macro_recall': 0.6674599088659882, 'eval_top_3_macro_precision': 0.4025357430660769, 'eval_top_3_macro_f1': 0.4426477940718032, 'eval_top_3_accuracy': 0.8998589562764457, 'eval_top_3_micro_recall': 0.855036855036855, 'eval_top_3_micro_precision': 0.32722143864598024, 'eval_top_3_micro_f1': 0.4733083985039102, 'eval_runtime': 1.0535, 'eval_samples_per_second': 672.989, 'eval_steps_per_second': 21.832, 'epoch': 10.0}

 33%|███▎      | 231/690 [02:29<20:14,  2.65s/it]
 34%|███▎      | 232/690 [02:30<15:04,  1.98s/it]
 34%|███▍      | 233/690 [02:30<11:27,  1.50s/it]
 34%|███▍      | 234/690 [02:31<08:57,  1.18s/it]
 34%|███▍      | 235/690 [02:31<07:11,  1.06it/s]
 34%|███▍      | 236/690 [02:31<05:56,  1.27it/s]
 34%|███▍      | 237/690 [02:32<05:04,  1.49it/s]
 34%|███▍      | 238/690 [02:32<04:27,  1.69it/s]
 35%|███▍      | 239/690 [02:33<04:02,  1.86it/s]
 35%|███▍      | 240/690 [02:33<03:44,  2.01it/s]
 35%|███▍      | 241/690 [02:33<03:31,  2.12it/s]
 35%|███▌      | 242/690 [02:34<03:22,  2.21it/s]
 35%|███▌      | 243/690 [02:34<03:16,  2.27it/s]
 35%|███▌      | 244/690 [02:35<03:11,  2.32it/s]
 36%|███▌      | 245/690 [02:35<03:08,  2.36it/s]
 36%|███▌      | 246/690 [02:35<03:05,  2.39it/s]
 36%|███▌      | 247/690 [02:36<03:03,  2.41it/s]
 36%|███▌      | 248/690 [02:36<03:02,  2.42it/s]
 36%|███▌      | 249/690 [02:37<03:02,  2.42it/s]
 36%|███▌      | 250/690 [02:37<03:00,  2.43it/s]
 36%|███▋      | 251/690 [02:37<03:00,  2.44it/s]
 37%|███▋      | 252/690 [02:38<02:59,  2.43it/s]
 37%|███▋      | 253/690 [02:38<02:21,  3.08it/s]
                                                 

 37%|███▋      | 253/690 [02:38<02:21,  3.08it/s]CL loss: 0.7145770192146301, CE loss: 0.09152431041002274, combined loss: 0.15382957458496094
CL loss: 0.594330370426178, CE loss: 0.08775340020656586, combined loss: 0.13841110467910767
CL loss: 0.9361788034439087, CE loss: 0.10083691030740738, combined loss: 0.18437109887599945
CL loss: 0.8092649579048157, CE loss: 0.09264621138572693, combined loss: 0.1643080860376358
CL loss: 0.9438982605934143, CE loss: 0.09503960609436035, combined loss: 0.17992547154426575
CL loss: 0.6975171566009521, CE loss: 0.0892297774553299, combined loss: 0.15005850791931152
CL loss: 0.9467139840126038, CE loss: 0.10305517911911011, combined loss: 0.187421053647995
CL loss: 0.8485958576202393, CE loss: 0.10418242961168289, combined loss: 0.178623765707016
CL loss: 0.7172359228134155, CE loss: 0.08983058482408524, combined loss: 0.15257111191749573
CL loss: 0.8381338715553284, CE loss: 0.10626617819070816, combined loss: 0.17945295572280884
CL loss: 0.8503997325897217, CE loss: 0.09889624267816544, combined loss: 0.174046590924263
CL loss: 0.8871281147003174, CE loss: 0.10159064829349518, combined loss: 0.18014439940452576
CL loss: 0.8003469109535217, CE loss: 0.09236907958984375, combined loss: 0.1631668657064438
CL loss: 0.6835905909538269, CE loss: 0.0890142172574997, combined loss: 0.148471862077713
CL loss: 0.8248137831687927, CE loss: 0.09452679008245468, combined loss: 0.16755548119544983
CL loss: 0.7195589542388916, CE loss: 0.0977281928062439, combined loss: 0.15991127490997314
CL loss: 0.7450546026229858, CE loss: 0.09627941995859146, combined loss: 0.16115693747997284
CL loss: 0.8191298246383667, CE loss: 0.09372222423553467, combined loss: 0.16626298427581787
CL loss: 0.7852135896682739, CE loss: 0.09033206850290298, combined loss: 0.15982022881507874
CL loss: 0.8112134337425232, CE loss: 0.09675910323858261, combined loss: 0.16820454597473145
CL loss: 0.7901506423950195, CE loss: 0.0988936647772789, combined loss: 0.1680193543434143
CL loss: 0.7263391017913818, CE loss: 0.08874144405126572, combined loss: 0.1525012105703354
CL loss: 0.5400196313858032, CE loss: 0.08496316522359848, combined loss: 0.13046881556510925
{'loss': 0.1639, 'grad_norm': 2.126817464828491, 'learning_rate': 3.1666666666666666e-05, 'epoch': 11.0}
CL loss: 0.7857017517089844, CE loss: 0.08277688920497894, combined loss: 0.1530693769454956


  0%|          | 0/23 [00:00<?, ?it/s][A

 17%|█▋        | 4/23 [00:00<00:00, 39.98it/s][A

 35%|███▍      | 8/23 [00:00<00:00, 33.35it/s][A

 52%|█████▏    | 12/23 [00:00<00:00, 31.73it/s][A

 70%|██████▉   | 16/23 [00:00<00:00, 31.01it/s][A

 87%|████████▋ | 20/23 [00:00<00:00, 30.62it/s][A
                                                 

                                               
[A
 37%|███▋      | 253/690 [02:39<02:21,  3.08it/s]

100%|██████████| 23/23 [00:01<00:00, 30.62it/s][A

                                               [ACL loss: 1.3193219900131226, CE loss: 0.10856994986534119, combined loss: 0.22964514791965485
CL loss: 1.4251198768615723, CE loss: 0.09834321588277817, combined loss: 0.23102088272571564
CL loss: 1.070037841796875, CE loss: 0.10375122725963593, combined loss: 0.200379878282547
CL loss: 1.5374873876571655, CE loss: 0.09653190523386002, combined loss: 0.2406274378299713
CL loss: 1.2899532318115234, CE loss: 0.09783041477203369, combined loss: 0.2170426994562149
CL loss: 1.341306447982788, CE loss: 0.10429970175027847, combined loss: 0.22800037264823914
CL loss: 1.5882314443588257, CE loss: 0.11852437257766724, combined loss: 0.26549506187438965
CL loss: 1.1042314767837524, CE loss: 0.08286045491695404, combined loss: 0.18499755859375
CL loss: 1.1179122924804688, CE loss: 0.10860222578048706, combined loss: 0.209533229470253
CL loss: 1.1753133535385132, CE loss: 0.09464968740940094, combined loss: 0.20271605253219604
CL loss: 0.8860312104225159, CE loss: 0.0862189307808876, combined loss: 0.1662001609802246
CL loss: 1.1718851327896118, CE loss: 0.09888341277837753, combined loss: 0.20618358254432678
CL loss: 1.7070735692977905, CE loss: 0.10818813741207123, combined loss: 0.26807668805122375
CL loss: 0.8718047142028809, CE loss: 0.07733943313360214, combined loss: 0.1567859649658203
CL loss: 0.9691240787506104, CE loss: 0.09094500541687012, combined loss: 0.17876291275024414
CL loss: 0.6707794666290283, CE loss: 0.07231620699167252, combined loss: 0.13216254115104675
CL loss: 1.3509411811828613, CE loss: 0.09096114337444305, combined loss: 0.216959148645401
CL loss: 0.7775737643241882, CE loss: 0.08965391665697098, combined loss: 0.15844589471817017
CL loss: 1.3851048946380615, CE loss: 0.0936519131064415, combined loss: 0.2227972149848938
CL loss: 0.8330386877059937, CE loss: 0.10430590063333511, combined loss: 0.17717918753623962
CL loss: 0.7794297337532043, CE loss: 0.08675308525562286, combined loss: 0.15602076053619385
CL loss: 0.0009521013125777245, CE loss: 0.08761958032846451, combined loss: 0.0789528340101242
{'eval_loss': 0.19924122095108032, 'eval_top_1_macro_recall': 0.4428967573226903, 'eval_top_1_macro_precision': 0.4712193784526324, 'eval_top_1_macro_f1': 0.4431762502553388, 'eval_top_1_accuracy': 0.7150916784203103, 'eval_top_1_micro_recall': 0.6228501228501229, 'eval_top_1_micro_precision': 0.7150916784203103, 'eval_top_1_micro_f1': 0.6657912015758372, 'eval_top_2_macro_recall': 0.5763591132276886, 'eval_top_2_macro_precision': 0.3737514929955575, 'eval_top_2_macro_f1': 0.43302212126577083, 'eval_top_2_accuracy': 0.8194640338504936, 'eval_top_2_micro_recall': 0.7604422604422605, 'eval_top_2_micro_precision': 0.43653032440056416, 'eval_top_2_micro_f1': 0.5546594982078854, 'eval_top_3_macro_recall': 0.6442393045981801, 'eval_top_3_macro_precision': 0.3298441629238298, 'eval_top_3_macro_f1': 0.40727457228712005, 'eval_top_3_accuracy': 0.8899858956276445, 'eval_top_3_micro_recall': 0.8476658476658476, 'eval_top_3_micro_precision': 0.3244005641748942, 'eval_top_3_micro_f1': 0.4692281536892214, 'eval_runtime': 1.0816, 'eval_samples_per_second': 655.535, 'eval_steps_per_second': 21.266, 'epoch': 11.0}

 37%|███▋      | 254/690 [02:45<17:44,  2.44s/it]
 37%|███▋      | 255/690 [02:46<13:17,  1.83s/it]
 37%|███▋      | 256/690 [02:46<10:10,  1.41s/it]
 37%|███▋      | 257/690 [02:47<07:58,  1.11s/it]
 37%|███▋      | 258/690 [02:47<06:27,  1.12it/s]
 38%|███▊      | 259/690 [02:47<05:23,  1.33it/s]
 38%|███▊      | 260/690 [02:48<04:38,  1.54it/s]
 38%|███▊      | 261/690 [02:48<04:07,  1.74it/s]
 38%|███▊      | 262/690 [02:49<03:44,  1.91it/s]
 38%|███▊      | 263/690 [02:49<03:28,  2.04it/s]
 38%|███▊      | 264/690 [02:49<03:17,  2.15it/s]
 38%|███▊      | 265/690 [02:50<03:10,  2.23it/s]
 39%|███▊      | 266/690 [02:50<03:05,  2.29it/s]
 39%|███▊      | 267/690 [02:51<03:01,  2.34it/s]
 39%|███▉      | 268/690 [02:51<02:57,  2.37it/s]
 39%|███▉      | 269/690 [02:52<02:55,  2.40it/s]
 39%|███▉      | 270/690 [02:52<02:54,  2.41it/s]
 39%|███▉      | 271/690 [02:52<02:53,  2.42it/s]
 39%|███▉      | 272/690 [02:53<02:52,  2.43it/s]
 40%|███▉      | 273/690 [02:53<02:51,  2.44it/s]
 40%|███▉      | 274/690 [02:54<02:50,  2.44it/s]
 40%|███▉      | 275/690 [02:54<02:50,  2.44it/s]
 40%|████      | 276/690 [02:54<02:15,  3.07it/s]
                                                 

 40%|████      | 276/690 [02:54<02:15,  3.07it/s]CL loss: 0.6702390909194946, CE loss: 0.08920254558324814, combined loss: 0.14730620384216309
CL loss: 0.7187972068786621, CE loss: 0.08348292857408524, combined loss: 0.14701434969902039
CL loss: 0.8532575964927673, CE loss: 0.09517308324575424, combined loss: 0.1709815263748169
CL loss: 0.8816537857055664, CE loss: 0.09086735546588898, combined loss: 0.16994599997997284
CL loss: 0.6732333898544312, CE loss: 0.09037677198648453, combined loss: 0.14866243302822113
CL loss: 0.7952517867088318, CE loss: 0.08956513553857803, combined loss: 0.16013380885124207
CL loss: 0.8335977792739868, CE loss: 0.09849712997674942, combined loss: 0.17200720310211182
CL loss: 0.854424774646759, CE loss: 0.09889930486679077, combined loss: 0.17445185780525208
CL loss: 0.6318416595458984, CE loss: 0.0816744863986969, combined loss: 0.13669119775295258
CL loss: 0.782957136631012, CE loss: 0.09435904026031494, combined loss: 0.16321885585784912
CL loss: 0.6436362862586975, CE loss: 0.08670949190855026, combined loss: 0.14240217208862305
CL loss: 0.6500484347343445, CE loss: 0.0852886438369751, combined loss: 0.14176462590694427
CL loss: 0.6475732922554016, CE loss: 0.09205717593431473, combined loss: 0.14760878682136536
CL loss: 0.8239194750785828, CE loss: 0.09135939180850983, combined loss: 0.16461539268493652
CL loss: 0.76194167137146, CE loss: 0.09241423010826111, combined loss: 0.15936696529388428
CL loss: 0.767764151096344, CE loss: 0.09305700659751892, combined loss: 0.16052772104740143
CL loss: 0.7085545659065247, CE loss: 0.08583272248506546, combined loss: 0.14810490608215332
CL loss: 0.6705668568611145, CE loss: 0.08683235198259354, combined loss: 0.1452057957649231
CL loss: 0.6806126832962036, CE loss: 0.0866435170173645, combined loss: 0.1460404396057129
CL loss: 0.8022885918617249, CE loss: 0.08395561575889587, combined loss: 0.15578891336917877
CL loss: 0.8080917000770569, CE loss: 0.09050629287958145, combined loss: 0.16226482391357422
CL loss: 0.6076018214225769, CE loss: 0.08082523196935654, combined loss: 0.13350288569927216
CL loss: 1.3874138593673706, CE loss: 0.08556755632162094, combined loss: 0.21575218439102173
{'loss': 0.1571, 'grad_norm': 3.2844619750976562, 'learning_rate': 3e-05, 'epoch': 12.0}
CL loss: 0.8795427680015564, CE loss: 0.08158544450998306, combined loss: 0.16138117015361786


  0%|          | 0/23 [00:00<?, ?it/s][A

 17%|█▋        | 4/23 [00:00<00:00, 38.85it/s][A

 35%|███▍      | 8/23 [00:00<00:00, 33.04it/s][A

 52%|█████▏    | 12/23 [00:00<00:00, 31.55it/s][A

 70%|██████▉   | 16/23 [00:00<00:00, 30.91it/s][A

 87%|████████▋ | 20/23 [00:00<00:00, 30.56it/s][A
                                                 

                                               
[A
 40%|████      | 276/690 [02:55<02:15,  3.07it/s]

100%|██████████| 23/23 [00:00<00:00, 30.56it/s][A

                                               [ACL loss: 1.346793293952942, CE loss: 0.10453377664089203, combined loss: 0.2287597358226776
CL loss: 1.433558702468872, CE loss: 0.0887434110045433, combined loss: 0.223224937915802
CL loss: 0.9905460476875305, CE loss: 0.09458949416875839, combined loss: 0.18418514728546143
CL loss: 1.3731244802474976, CE loss: 0.0880139097571373, combined loss: 0.21652497351169586
CL loss: 1.161122441291809, CE loss: 0.09228572994470596, combined loss: 0.19916939735412598
CL loss: 1.2917945384979248, CE loss: 0.09862708300352097, combined loss: 0.21794383227825165
CL loss: 1.324981927871704, CE loss: 0.11072835326194763, combined loss: 0.23215371370315552
CL loss: 0.6409704089164734, CE loss: 0.07453784346580505, combined loss: 0.13118109107017517
CL loss: 1.198363184928894, CE loss: 0.10621823370456696, combined loss: 0.21543273329734802
CL loss: 0.9718220829963684, CE loss: 0.08688639104366302, combined loss: 0.17537996172904968
CL loss: 0.7901198267936707, CE loss: 0.0789070799946785, combined loss: 0.15002834796905518
CL loss: 1.2043203115463257, CE loss: 0.09400853514671326, combined loss: 0.20503970980644226
CL loss: 1.6733113527297974, CE loss: 0.10839072614908218, combined loss: 0.26488280296325684
CL loss: 0.8840214610099792, CE loss: 0.0752992331981659, combined loss: 0.15617145597934723
CL loss: 0.9593205451965332, CE loss: 0.08772575855255127, combined loss: 0.17488524317741394
CL loss: 0.7626919150352478, CE loss: 0.06817003339529037, combined loss: 0.13762222230434418
CL loss: 1.4237511157989502, CE loss: 0.09328343719244003, combined loss: 0.2263302057981491
CL loss: 1.054316759109497, CE loss: 0.09007581323385239, combined loss: 0.18649990856647491
CL loss: 1.3421961069107056, CE loss: 0.09340313822031021, combined loss: 0.21828243136405945
CL loss: 0.9302128553390503, CE loss: 0.09735872596502304, combined loss: 0.18064413964748383
CL loss: 0.7296755313873291, CE loss: 0.08152735233306885, combined loss: 0.14634215831756592
CL loss: 0.0014897964429110289, CE loss: 0.08112627267837524, combined loss: 0.07316262274980545
{'eval_loss': 0.19152595102787018, 'eval_top_1_macro_recall': 0.45163322487903024, 'eval_top_1_macro_precision': 0.46673762881044956, 'eval_top_1_macro_f1': 0.45255072441553956, 'eval_top_1_accuracy': 0.7263751763046544, 'eval_top_1_micro_recall': 0.6326781326781327, 'eval_top_1_micro_precision': 0.7263751763046544, 'eval_top_1_micro_f1': 0.6762967826657912, 'eval_top_2_macro_recall': 0.5798902449762667, 'eval_top_2_macro_precision': 0.3762438406722459, 'eval_top_2_macro_f1': 0.4372751180710827, 'eval_top_2_accuracy': 0.8251057827926658, 'eval_top_2_micro_recall': 0.7616707616707616, 'eval_top_2_micro_precision': 0.43723554301833567, 'eval_top_2_micro_f1': 0.5555555555555556, 'eval_top_3_macro_recall': 0.661815338444225, 'eval_top_3_macro_precision': 0.34011171982866856, 'eval_top_3_macro_f1': 0.4170622912051833, 'eval_top_3_accuracy': 0.9040902679830748, 'eval_top_3_micro_recall': 0.8648648648648649, 'eval_top_3_micro_precision': 0.3309826046074283, 'eval_top_3_micro_f1': 0.4787487249234954, 'eval_runtime': 1.0637, 'eval_samples_per_second': 666.536, 'eval_steps_per_second': 21.622, 'epoch': 12.0}

 40%|████      | 277/690 [02:58<10:34,  1.54s/it]
 40%|████      | 278/690 [02:59<08:12,  1.20s/it]
 40%|████      | 279/690 [02:59<06:35,  1.04it/s]
 41%|████      | 280/690 [03:00<05:26,  1.26it/s]
 41%|████      | 281/690 [03:00<04:37,  1.47it/s]
 41%|████      | 282/690 [03:01<04:03,  1.68it/s]
 41%|████      | 283/690 [03:01<03:39,  1.85it/s]
 41%|████      | 284/690 [03:01<03:23,  2.00it/s]
 41%|████▏     | 285/690 [03:02<03:11,  2.11it/s]
 41%|████▏     | 286/690 [03:02<03:03,  2.20it/s]
 42%|████▏     | 287/690 [03:03<02:57,  2.27it/s]
 42%|████▏     | 288/690 [03:03<02:53,  2.32it/s]
 42%|████▏     | 289/690 [03:03<02:50,  2.35it/s]
 42%|████▏     | 290/690 [03:04<02:48,  2.38it/s]
 42%|████▏     | 291/690 [03:04<02:46,  2.40it/s]
 42%|████▏     | 292/690 [03:05<02:44,  2.42it/s]
 42%|████▏     | 293/690 [03:05<02:43,  2.42it/s]
 43%|████▎     | 294/690 [03:05<02:43,  2.42it/s]
 43%|████▎     | 295/690 [03:06<02:42,  2.43it/s]
 43%|████▎     | 296/690 [03:06<02:41,  2.43it/s]
 43%|████▎     | 297/690 [03:07<02:41,  2.43it/s]
 43%|████▎     | 298/690 [03:07<02:40,  2.44it/s]
 43%|████▎     | 299/690 [03:07<02:08,  3.04it/s]
                                                 

 43%|████▎     | 299/690 [03:07<02:08,  3.04it/s]CL loss: 0.6309869885444641, CE loss: 0.07734090834856033, combined loss: 0.13270550966262817
CL loss: 0.6129336953163147, CE loss: 0.08194267749786377, combined loss: 0.13504177331924438
CL loss: 0.6923795342445374, CE loss: 0.08357590436935425, combined loss: 0.14445626735687256
CL loss: 0.6810067296028137, CE loss: 0.08523950725793839, combined loss: 0.14481621980667114
CL loss: 0.7517005801200867, CE loss: 0.09207281470298767, combined loss: 0.15803559124469757
CL loss: 0.677734375, CE loss: 0.08629243075847626, combined loss: 0.1454366147518158
CL loss: 0.6490634679794312, CE loss: 0.0829283595085144, combined loss: 0.1395418643951416
CL loss: 0.8163582682609558, CE loss: 0.09154323488473892, combined loss: 0.1640247404575348
CL loss: 0.6613732576370239, CE loss: 0.08667932450771332, combined loss: 0.14414872229099274
CL loss: 0.7155575752258301, CE loss: 0.08671984076499939, combined loss: 0.14960360527038574
CL loss: 0.85645592212677, CE loss: 0.0910826176404953, combined loss: 0.16761994361877441
CL loss: 0.6458086371421814, CE loss: 0.08294987678527832, combined loss: 0.1392357498407364
CL loss: 0.54366135597229, CE loss: 0.08341576904058456, combined loss: 0.1294403225183487
CL loss: 0.6449156999588013, CE loss: 0.08315912634134293, combined loss: 0.1393347829580307
CL loss: 0.6861712336540222, CE loss: 0.08251015841960907, combined loss: 0.1428762674331665
CL loss: 0.7105584740638733, CE loss: 0.08752276748418808, combined loss: 0.14982634782791138
CL loss: 0.5961231589317322, CE loss: 0.08651081472635269, combined loss: 0.13747204840183258
CL loss: 0.6615312099456787, CE loss: 0.08805013447999954, combined loss: 0.14539824426174164
CL loss: 0.6459939479827881, CE loss: 0.07745011150836945, combined loss: 0.1343044936656952
CL loss: 0.8671615719795227, CE loss: 0.09077824652194977, combined loss: 0.1684165894985199
CL loss: 0.7327046394348145, CE loss: 0.08813927322626114, combined loss: 0.15259580314159393
CL loss: 0.7192422747612, CE loss: 0.08292903006076813, combined loss: 0.14656035602092743
CL loss: 1.9048246145248413, CE loss: 0.11497797816991806, combined loss: 0.29396265745162964
{'loss': 0.1524, 'grad_norm': 3.650461196899414, 'learning_rate': 2.8333333333333335e-05, 'epoch': 13.0}
CL loss: 0.8224823474884033, CE loss: 0.08102230727672577, combined loss: 0.1551683098077774


  0%|          | 0/23 [00:00<?, ?it/s][A

 22%|██▏       | 5/23 [00:00<00:00, 37.69it/s][A

 39%|███▉      | 9/23 [00:00<00:00, 33.09it/s][A

 57%|█████▋    | 13/23 [00:00<00:00, 31.65it/s][A

 74%|███████▍  | 17/23 [00:00<00:00, 30.99it/s][A

 91%|█████████▏| 21/23 [00:00<00:00, 30.62it/s][A
                                                 

                                               
[A
 43%|████▎     | 299/690 [03:08<02:08,  3.04it/s]

100%|██████████| 23/23 [00:00<00:00, 30.62it/s][A

                                               [ACL loss: 1.4477064609527588, CE loss: 0.10276532173156738, combined loss: 0.23725944757461548
CL loss: 1.4913586378097534, CE loss: 0.08844223618507385, combined loss: 0.2287338823080063
CL loss: 0.9172253608703613, CE loss: 0.0897347554564476, combined loss: 0.17248381674289703
CL loss: 1.129967212677002, CE loss: 0.08638955652713776, combined loss: 0.19074732065200806
CL loss: 1.3379274606704712, CE loss: 0.09326241165399551, combined loss: 0.21772891283035278
CL loss: 1.4018893241882324, CE loss: 0.10017269849777222, combined loss: 0.23034435510635376
CL loss: 1.617533564567566, CE loss: 0.11472002416849136, combined loss: 0.2650013864040375
CL loss: 0.6855441331863403, CE loss: 0.07286304980516434, combined loss: 0.13413116335868835
CL loss: 1.2545405626296997, CE loss: 0.10762213170528412, combined loss: 0.22231397032737732
CL loss: 1.046201467514038, CE loss: 0.08523259311914444, combined loss: 0.18132948875427246
CL loss: 0.9323811531066895, CE loss: 0.08084616810083389, combined loss: 0.1659996658563614
CL loss: 1.0009922981262207, CE loss: 0.09325984865427017, combined loss: 0.1840330958366394
CL loss: 1.6552995443344116, CE loss: 0.10715043544769287, combined loss: 0.2619653344154358
CL loss: 0.5914911031723022, CE loss: 0.07063409686088562, combined loss: 0.12271979451179504
CL loss: 1.0423213243484497, CE loss: 0.08939089626073837, combined loss: 0.1846839338541031
CL loss: 0.5623689889907837, CE loss: 0.06610766798257828, combined loss: 0.115733802318573
CL loss: 1.3818970918655396, CE loss: 0.09465668350458145, combined loss: 0.22338072955608368
CL loss: 1.1734874248504639, CE loss: 0.09006387740373611, combined loss: 0.19840623438358307
CL loss: 1.5966235399246216, CE loss: 0.09409679472446442, combined loss: 0.24434946477413177
CL loss: 0.8439210057258606, CE loss: 0.09992185980081558, combined loss: 0.17432177066802979
CL loss: 0.5997089147567749, CE loss: 0.08248161524534225, combined loss: 0.13420434296131134
CL loss: 0.0010126892011612654, CE loss: 0.09306766837835312, combined loss: 0.08386217057704926
{'eval_loss': 0.19218701124191284, 'eval_top_1_macro_recall': 0.4510110748598443, 'eval_top_1_macro_precision': 0.4675368843606442, 'eval_top_1_macro_f1': 0.44770981412167915, 'eval_top_1_accuracy': 0.7136812411847673, 'eval_top_1_micro_recall': 0.6216216216216216, 'eval_top_1_micro_precision': 0.7136812411847673, 'eval_top_1_micro_f1': 0.6644780039395928, 'eval_top_2_macro_recall': 0.5752407556874343, 'eval_top_2_macro_precision': 0.3937650223433392, 'eval_top_2_macro_f1': 0.44392491128847117, 'eval_top_2_accuracy': 0.8138222849083215, 'eval_top_2_micro_recall': 0.7493857493857494, 'eval_top_2_micro_precision': 0.4301833568406206, 'eval_top_2_micro_f1': 0.546594982078853, 'eval_top_3_macro_recall': 0.6727978952302077, 'eval_top_3_macro_precision': 0.3698705792785281, 'eval_top_3_macro_f1': 0.43274554614650323, 'eval_top_3_accuracy': 0.8970380818053597, 'eval_top_3_micro_recall': 0.8587223587223587, 'eval_top_3_micro_precision': 0.32863187588152326, 'eval_top_3_micro_f1': 0.4753485209112546, 'eval_runtime': 1.0792, 'eval_samples_per_second': 656.976, 'eval_steps_per_second': 21.312, 'epoch': 13.0}

 43%|████▎     | 300/690 [03:12<10:15,  1.58s/it]
 44%|████▎     | 301/690 [03:12<07:57,  1.23s/it]
 44%|████▍     | 302/690 [03:12<06:20,  1.02it/s]
 44%|████▍     | 303/690 [03:13<05:13,  1.23it/s]
 44%|████▍     | 304/690 [03:13<04:26,  1.45it/s]
 44%|████▍     | 305/690 [03:14<03:53,  1.65it/s]
 44%|████▍     | 306/690 [03:14<03:29,  1.83it/s]
 44%|████▍     | 307/690 [03:15<03:13,  1.98it/s]
 45%|████▍     | 308/690 [03:15<03:01,  2.10it/s]
 45%|████▍     | 309/690 [03:15<02:53,  2.19it/s]
 45%|████▍     | 310/690 [03:16<02:48,  2.26it/s]
 45%|████▌     | 311/690 [03:16<02:43,  2.32it/s]
 45%|████▌     | 312/690 [03:17<02:40,  2.36it/s]
 45%|████▌     | 313/690 [03:17<02:38,  2.38it/s]
 46%|████▌     | 314/690 [03:17<02:36,  2.40it/s]
 46%|████▌     | 315/690 [03:18<02:35,  2.41it/s]
 46%|████▌     | 316/690 [03:18<02:34,  2.43it/s]
 46%|████▌     | 317/690 [03:19<02:33,  2.43it/s]
 46%|████▌     | 318/690 [03:19<02:33,  2.43it/s]
 46%|████▌     | 319/690 [03:19<02:32,  2.43it/s]
 46%|████▋     | 320/690 [03:20<02:31,  2.44it/s]
 47%|████▋     | 321/690 [03:20<02:31,  2.44it/s]
 47%|████▋     | 322/690 [03:20<02:00,  3.06it/s]
                                                 

 47%|████▋     | 322/690 [03:20<02:00,  3.06it/s]CL loss: 0.6941368579864502, CE loss: 0.0826752558350563, combined loss: 0.14382141828536987
CL loss: 0.7801224589347839, CE loss: 0.08468493819236755, combined loss: 0.15422868728637695
CL loss: 0.6231493353843689, CE loss: 0.07672514021396637, combined loss: 0.13136756420135498
CL loss: 0.6861687898635864, CE loss: 0.08106924593448639, combined loss: 0.14157921075820923
CL loss: 0.6562551259994507, CE loss: 0.0878550186753273, combined loss: 0.14469502866268158
CL loss: 0.7509450912475586, CE loss: 0.08966252207756042, combined loss: 0.155790776014328
CL loss: 0.735907256603241, CE loss: 0.08929909765720367, combined loss: 0.15395991504192352
CL loss: 0.6945247054100037, CE loss: 0.08080042898654938, combined loss: 0.14217285811901093
CL loss: 0.674765944480896, CE loss: 0.08592447638511658, combined loss: 0.14480862021446228
CL loss: 0.6846150159835815, CE loss: 0.08638900518417358, combined loss: 0.14621159434318542
CL loss: 0.6346570253372192, CE loss: 0.08157471567392349, combined loss: 0.136882945895195
CL loss: 0.45817410945892334, CE loss: 0.06703781336545944, combined loss: 0.10615144670009613
CL loss: 0.7073445320129395, CE loss: 0.08448827266693115, combined loss: 0.14677390456199646
CL loss: 0.7001423835754395, CE loss: 0.08251750469207764, combined loss: 0.14427998661994934
CL loss: 0.7058466672897339, CE loss: 0.08203784376382828, combined loss: 0.14441871643066406
CL loss: 0.7096847891807556, CE loss: 0.08432388305664062, combined loss: 0.14685997366905212
CL loss: 0.617830753326416, CE loss: 0.08272206038236618, combined loss: 0.13623292744159698
CL loss: 0.5700061321258545, CE loss: 0.07906220108270645, combined loss: 0.1281566023826599
CL loss: 0.7639577388763428, CE loss: 0.08456103503704071, combined loss: 0.1525007039308548
CL loss: 0.7312111854553223, CE loss: 0.07612438499927521, combined loss: 0.1416330635547638
CL loss: 0.6457454562187195, CE loss: 0.08271517604589462, combined loss: 0.1390182077884674
CL loss: 0.6729742288589478, CE loss: 0.08121071010828018, combined loss: 0.14038705825805664
CL loss: 0.4727351665496826, CE loss: 0.06823601573705673, combined loss: 0.1086859256029129
{'loss': 0.1405, 'grad_norm': 3.3999252319335938, 'learning_rate': 2.6666666666666667e-05, 'epoch': 14.0}
CL loss: 0.7411871552467346, CE loss: 0.07520212978124619, combined loss: 0.1418006420135498


  0%|          | 0/23 [00:00<?, ?it/s][A

 22%|██▏       | 5/23 [00:00<00:00, 37.82it/s][A

 39%|███▉      | 9/23 [00:00<00:00, 33.17it/s][A

 57%|█████▋    | 13/23 [00:00<00:00, 31.71it/s][A

 74%|███████▍  | 17/23 [00:00<00:00, 31.07it/s][A

 91%|█████████▏| 21/23 [00:00<00:00, 30.67it/s][A
                                                 

                                               
[A
 47%|████▋     | 322/690 [03:22<02:00,  3.06it/s]

100%|██████████| 23/23 [00:00<00:00, 30.67it/s][A

                                               [ACL loss: 1.7510056495666504, CE loss: 0.1011032983660698, combined loss: 0.26609352231025696
CL loss: 1.2472838163375854, CE loss: 0.08595890551805496, combined loss: 0.20209139585494995
CL loss: 1.0497093200683594, CE loss: 0.08722875267267227, combined loss: 0.18347680568695068
CL loss: 0.9095255136489868, CE loss: 0.08273666352033615, combined loss: 0.16541555523872375
CL loss: 1.3314540386199951, CE loss: 0.08575020730495453, combined loss: 0.2103205919265747
CL loss: 1.158449411392212, CE loss: 0.08981916308403015, combined loss: 0.1966821849346161
CL loss: 1.7897077798843384, CE loss: 0.11541108042001724, combined loss: 0.282840758562088
CL loss: 0.6524999141693115, CE loss: 0.07190503180027008, combined loss: 0.12996453046798706
CL loss: 1.496168851852417, CE loss: 0.10609295219182968, combined loss: 0.24510052800178528
CL loss: 1.3911056518554688, CE loss: 0.08519148826599121, combined loss: 0.21578291058540344
CL loss: 0.8968128561973572, CE loss: 0.07265901565551758, combined loss: 0.15507440268993378
CL loss: 1.048071026802063, CE loss: 0.08795765787363052, combined loss: 0.18396899104118347
CL loss: 1.7429111003875732, CE loss: 0.10124937444925308, combined loss: 0.2654155492782593
CL loss: 0.693376898765564, CE loss: 0.06525646895170212, combined loss: 0.12806850671768188
CL loss: 1.0098305940628052, CE loss: 0.07878458499908447, combined loss: 0.17188918590545654
CL loss: 0.6380494236946106, CE loss: 0.057516489177942276, combined loss: 0.11556978523731232
CL loss: 1.462239384651184, CE loss: 0.09051922708749771, combined loss: 0.22769124805927277
CL loss: 1.0583734512329102, CE loss: 0.08296457678079605, combined loss: 0.18050545454025269
CL loss: 1.4267717599868774, CE loss: 0.08904082328081131, combined loss: 0.2228139042854309
CL loss: 0.6310514807701111, CE loss: 0.092131607234478, combined loss: 0.14602360129356384
CL loss: 0.9689486026763916, CE loss: 0.08486419916152954, combined loss: 0.17327263951301575
CL loss: 0.000791266793385148, CE loss: 0.07590402662754059, combined loss: 0.06839274615049362
{'eval_loss': 0.1904902309179306, 'eval_top_1_macro_recall': 0.47418084668296884, 'eval_top_1_macro_precision': 0.4785834318111106, 'eval_top_1_macro_f1': 0.47091029308423626, 'eval_top_1_accuracy': 0.7545839210155149, 'eval_top_1_micro_recall': 0.6572481572481572, 'eval_top_1_micro_precision': 0.7545839210155149, 'eval_top_1_micro_f1': 0.7025607353906763, 'eval_top_2_macro_recall': 0.6002216049998618, 'eval_top_2_macro_precision': 0.38758974845281036, 'eval_top_2_macro_f1': 0.4520882178957537, 'eval_top_2_accuracy': 0.846262341325811, 'eval_top_2_micro_recall': 0.7825552825552825, 'eval_top_2_micro_precision': 0.44922425952045136, 'eval_top_2_micro_f1': 0.5707885304659499, 'eval_top_3_macro_recall': 0.7190868364490286, 'eval_top_3_macro_precision': 0.3535210765137106, 'eval_top_3_macro_f1': 0.4433252835541316, 'eval_top_3_accuracy': 0.8998589562764457, 'eval_top_3_micro_recall': 0.8832923832923832, 'eval_top_3_micro_precision': 0.33803479078514337, 'eval_top_3_micro_f1': 0.4889493369602176, 'eval_runtime': 1.0631, 'eval_samples_per_second': 666.893, 'eval_steps_per_second': 21.634, 'epoch': 14.0}

 47%|████▋     | 323/690 [03:25<09:28,  1.55s/it]
 47%|████▋     | 324/690 [03:25<07:21,  1.21s/it]
 47%|████▋     | 325/690 [03:26<05:53,  1.03it/s]
 47%|████▋     | 326/690 [03:26<04:51,  1.25it/s]
 47%|████▋     | 327/690 [03:26<04:08,  1.46it/s]
 48%|████▊     | 328/690 [03:27<03:37,  1.66it/s]
 48%|████▊     | 329/690 [03:27<03:16,  1.84it/s]
 48%|████▊     | 330/690 [03:28<03:01,  1.99it/s]
 48%|████▊     | 331/690 [03:28<02:50,  2.11it/s]
 48%|████▊     | 332/690 [03:28<02:43,  2.20it/s]
 48%|████▊     | 333/690 [03:29<02:37,  2.27it/s]
 48%|████▊     | 334/690 [03:29<02:33,  2.32it/s]
 49%|████▊     | 335/690 [03:30<02:30,  2.36it/s]
 49%|████▊     | 336/690 [03:30<02:28,  2.38it/s]
 49%|████▉     | 337/690 [03:31<02:27,  2.39it/s]
 49%|████▉     | 338/690 [03:31<02:25,  2.41it/s]
 49%|████▉     | 339/690 [03:31<02:24,  2.43it/s]
 49%|████▉     | 340/690 [03:32<02:24,  2.43it/s]
 49%|████▉     | 341/690 [03:32<02:23,  2.43it/s]
 50%|████▉     | 342/690 [03:33<02:22,  2.44it/s]
 50%|████▉     | 343/690 [03:33<02:22,  2.44it/s]
 50%|████▉     | 344/690 [03:33<02:21,  2.44it/s]
 50%|█████     | 345/690 [03:34<01:53,  3.03it/s]
                                                 

 50%|█████     | 345/690 [03:34<01:53,  3.03it/s]CL loss: 0.482970267534256, CE loss: 0.0739477351307869, combined loss: 0.1148499846458435
CL loss: 0.6265887022018433, CE loss: 0.07409512996673584, combined loss: 0.12934449315071106
CL loss: 0.7205127477645874, CE loss: 0.08251341432332993, combined loss: 0.14631333947181702
CL loss: 0.5498068332672119, CE loss: 0.0709574967622757, combined loss: 0.11884242296218872
CL loss: 0.6148549914360046, CE loss: 0.07689782977104187, combined loss: 0.13069355487823486
CL loss: 0.5091961026191711, CE loss: 0.07754187285900116, combined loss: 0.12070728838443756
CL loss: 0.6524792313575745, CE loss: 0.07907483726739883, combined loss: 0.1364152729511261
CL loss: 0.6246569752693176, CE loss: 0.0841696709394455, combined loss: 0.13821840286254883
CL loss: 0.8249077200889587, CE loss: 0.08793147653341293, combined loss: 0.1616290956735611
CL loss: 0.5500463247299194, CE loss: 0.07436396926641464, combined loss: 0.12193220108747482
CL loss: 0.6502830982208252, CE loss: 0.08247155696153641, combined loss: 0.139252707362175
CL loss: 0.6811469197273254, CE loss: 0.0814126506447792, combined loss: 0.14138607680797577
CL loss: 0.6075698733329773, CE loss: 0.07123048603534698, combined loss: 0.12486442178487778
CL loss: 0.6248694658279419, CE loss: 0.07836917787790298, combined loss: 0.13301920890808105
CL loss: 0.6144877076148987, CE loss: 0.07860754430294037, combined loss: 0.13219556212425232
CL loss: 0.5783488154411316, CE loss: 0.07675056159496307, combined loss: 0.12691038846969604
CL loss: 0.6776055097579956, CE loss: 0.08696664869785309, combined loss: 0.14603053033351898
CL loss: 0.4091747999191284, CE loss: 0.07042787224054337, combined loss: 0.10430257022380829
CL loss: 0.7176915407180786, CE loss: 0.07856704294681549, combined loss: 0.14247949421405792
CL loss: 0.6951042413711548, CE loss: 0.08456941694021225, combined loss: 0.14562289416790009
CL loss: 0.6658036708831787, CE loss: 0.0795055478811264, combined loss: 0.13813535869121552
CL loss: 0.5971630215644836, CE loss: 0.07602319121360779, combined loss: 0.12813717126846313
CL loss: 0.9068870544433594, CE loss: 0.08385155349969864, combined loss: 0.16615509986877441
{'loss': 0.1342, 'grad_norm': 2.817938804626465, 'learning_rate': 2.5e-05, 'epoch': 15.0}
CL loss: 0.9465487003326416, CE loss: 0.0766097903251648, combined loss: 0.16360369324684143


  0%|          | 0/23 [00:00<?, ?it/s][A

 22%|██▏       | 5/23 [00:00<00:00, 36.72it/s][A

 39%|███▉      | 9/23 [00:00<00:00, 32.75it/s][A

 57%|█████▋    | 13/23 [00:00<00:00, 31.43it/s][A

 74%|███████▍  | 17/23 [00:00<00:00, 30.85it/s][A

 91%|█████████▏| 21/23 [00:00<00:00, 30.53it/s][A
                                                 

                                               
[A
 50%|█████     | 345/690 [03:35<01:53,  3.03it/s]

100%|██████████| 23/23 [00:00<00:00, 30.53it/s][A

                                               [ACL loss: 1.3623052835464478, CE loss: 0.09607290476560593, combined loss: 0.22269614040851593
CL loss: 1.124051570892334, CE loss: 0.0768892914056778, combined loss: 0.1816055178642273
CL loss: 0.988135814666748, CE loss: 0.08672579377889633, combined loss: 0.1768667995929718
CL loss: 1.0992947816848755, CE loss: 0.07992102950811386, combined loss: 0.18185840547084808
CL loss: 0.9749047160148621, CE loss: 0.08185499161481857, combined loss: 0.17115996778011322
CL loss: 1.2434026002883911, CE loss: 0.08710163831710815, combined loss: 0.20273172855377197
CL loss: 1.7804319858551025, CE loss: 0.11247381567955017, combined loss: 0.27926963567733765
CL loss: 0.6177518963813782, CE loss: 0.06943988054990768, combined loss: 0.12427107989788055
CL loss: 1.516327142715454, CE loss: 0.10112091153860092, combined loss: 0.24264153838157654
CL loss: 1.2595967054367065, CE loss: 0.0782717689871788, combined loss: 0.19640427827835083
CL loss: 0.8061415553092957, CE loss: 0.07009559124708176, combined loss: 0.14370018243789673
CL loss: 0.910175621509552, CE loss: 0.08366650342941284, combined loss: 0.166317418217659
CL loss: 1.6230409145355225, CE loss: 0.09762102365493774, combined loss: 0.2501630187034607
CL loss: 0.5473642349243164, CE loss: 0.0632360652089119, combined loss: 0.11164887994527817
CL loss: 1.0222376585006714, CE loss: 0.07705648243427277, combined loss: 0.17157459259033203
CL loss: 0.7019506692886353, CE loss: 0.05787304416298866, combined loss: 0.12228080630302429
CL loss: 1.3630315065383911, CE loss: 0.08994179964065552, combined loss: 0.2172507643699646
CL loss: 1.2318850755691528, CE loss: 0.085135318338871, combined loss: 0.19981029629707336
CL loss: 1.369240164756775, CE loss: 0.08639798313379288, combined loss: 0.2146821916103363
CL loss: 0.6997447609901428, CE loss: 0.08593139797449112, combined loss: 0.147312730550766
CL loss: 0.6464141011238098, CE loss: 0.0740935206413269, combined loss: 0.13132557272911072
CL loss: 0.0007757281418889761, CE loss: 0.08127490431070328, combined loss: 0.0732249841094017
{'eval_loss': 0.18191781640052795, 'eval_top_1_macro_recall': 0.47130155187255823, 'eval_top_1_macro_precision': 0.4869190396546885, 'eval_top_1_macro_f1': 0.4722094778211149, 'eval_top_1_accuracy': 0.7475317348377997, 'eval_top_1_micro_recall': 0.6511056511056511, 'eval_top_1_micro_precision': 0.7475317348377997, 'eval_top_1_micro_f1': 0.695994747209455, 'eval_top_2_macro_recall': 0.6024318315444762, 'eval_top_2_macro_precision': 0.3880752421745188, 'eval_top_2_macro_f1': 0.45148802365175167, 'eval_top_2_accuracy': 0.849083215796897, 'eval_top_2_micro_recall': 0.785012285012285, 'eval_top_2_micro_precision': 0.4506346967559944, 'eval_top_2_micro_f1': 0.5725806451612904, 'eval_top_3_macro_recall': 0.7188267072624176, 'eval_top_3_macro_precision': 0.36636392068469126, 'eval_top_3_macro_f1': 0.45299385241853596, 'eval_top_3_accuracy': 0.8970380818053597, 'eval_top_3_micro_recall': 0.8771498771498771, 'eval_top_3_micro_precision': 0.33568406205923834, 'eval_top_3_micro_f1': 0.4855491329479769, 'eval_runtime': 1.0846, 'eval_samples_per_second': 653.721, 'eval_steps_per_second': 21.207, 'epoch': 15.0}

 50%|█████     | 346/690 [03:38<09:14,  1.61s/it]
 50%|█████     | 347/690 [03:39<07:09,  1.25s/it]
 50%|█████     | 348/690 [03:39<05:41,  1.00it/s]
 51%|█████     | 349/690 [03:39<04:40,  1.22it/s]
 51%|█████     | 350/690 [03:40<03:57,  1.43it/s]
 51%|█████     | 351/690 [03:40<03:27,  1.63it/s]
 51%|█████     | 352/690 [03:41<03:06,  1.81it/s]
 51%|█████     | 353/690 [03:41<02:51,  1.97it/s]
 51%|█████▏    | 354/690 [03:41<02:41,  2.09it/s]
 51%|█████▏    | 355/690 [03:42<02:33,  2.18it/s]
 52%|█████▏    | 356/690 [03:42<02:28,  2.26it/s]
 52%|█████▏    | 357/690 [03:43<02:24,  2.31it/s]
 52%|█████▏    | 358/690 [03:43<02:21,  2.34it/s]
 52%|█████▏    | 359/690 [03:43<02:19,  2.37it/s]
 52%|█████▏    | 360/690 [03:44<02:18,  2.39it/s]
 52%|█████▏    | 361/690 [03:44<02:17,  2.40it/s]
 52%|█████▏    | 362/690 [03:45<02:15,  2.42it/s]
 53%|█████▎    | 363/690 [03:45<02:14,  2.42it/s]
 53%|█████▎    | 364/690 [03:46<02:14,  2.43it/s]
 53%|█████▎    | 365/690 [03:46<02:13,  2.43it/s]
 53%|█████▎    | 366/690 [03:46<02:12,  2.44it/s]
 53%|█████▎    | 367/690 [03:47<02:12,  2.44it/s]
 53%|█████▎    | 368/690 [03:47<01:45,  3.06it/s]
                                                 

 53%|█████▎    | 368/690 [03:47<01:45,  3.06it/s]CL loss: 0.5023884773254395, CE loss: 0.06809163093566895, combined loss: 0.11152131855487823
CL loss: 0.588123083114624, CE loss: 0.07662507891654968, combined loss: 0.12777487933635712
CL loss: 0.5813478827476501, CE loss: 0.07943082600831985, combined loss: 0.12962253391742706
CL loss: 0.6056602597236633, CE loss: 0.0786563828587532, combined loss: 0.13135677576065063
CL loss: 0.65533846616745, CE loss: 0.08473335951566696, combined loss: 0.1417938768863678
CL loss: 0.7709492444992065, CE loss: 0.08226653188467026, combined loss: 0.15113480389118195
CL loss: 0.5754064917564392, CE loss: 0.07461968064308167, combined loss: 0.12469835579395294
CL loss: 0.621853232383728, CE loss: 0.07198365032672882, combined loss: 0.12697061896324158
CL loss: 0.633456289768219, CE loss: 0.07695803046226501, combined loss: 0.1326078623533249
CL loss: 0.48100751638412476, CE loss: 0.07082130759954453, combined loss: 0.11183992028236389
CL loss: 0.6569057703018188, CE loss: 0.07896936684846878, combined loss: 0.13676300644874573
CL loss: 0.6107114553451538, CE loss: 0.07642170786857605, combined loss: 0.12985068559646606
CL loss: 0.6174790859222412, CE loss: 0.0746995210647583, combined loss: 0.1289774775505066
CL loss: 0.8021578192710876, CE loss: 0.08516952395439148, combined loss: 0.1568683534860611
CL loss: 0.6393939852714539, CE loss: 0.0807938352227211, combined loss: 0.1366538405418396
CL loss: 0.6090500950813293, CE loss: 0.07068030536174774, combined loss: 0.1245172843337059
CL loss: 0.7641118764877319, CE loss: 0.08309908956289291, combined loss: 0.15120036900043488
CL loss: 0.5439831018447876, CE loss: 0.07100364565849304, combined loss: 0.11830158531665802
CL loss: 0.6559147238731384, CE loss: 0.08221384882926941, combined loss: 0.13958394527435303
CL loss: 0.5881707072257996, CE loss: 0.07544311881065369, combined loss: 0.12671586871147156
CL loss: 0.603089451789856, CE loss: 0.07685071974992752, combined loss: 0.12947459518909454
CL loss: 0.7974609732627869, CE loss: 0.0767769142985344, combined loss: 0.14884531497955322
CL loss: 1.2378062009811401, CE loss: 0.06825514882802963, combined loss: 0.18521025776863098
{'loss': 0.1349, 'grad_norm': 4.331352233886719, 'learning_rate': 2.3333333333333336e-05, 'epoch': 16.0}
CL loss: 0.7040780186653137, CE loss: 0.06919705867767334, combined loss: 0.13268515467643738


  0%|          | 0/23 [00:00<?, ?it/s][A

 22%|██▏       | 5/23 [00:00<00:00, 37.41it/s][A

 39%|███▉      | 9/23 [00:00<00:00, 32.93it/s][A

 57%|█████▋    | 13/23 [00:00<00:00, 31.59it/s][A

 74%|███████▍  | 17/23 [00:00<00:00, 30.94it/s][A

 91%|█████████▏| 21/23 [00:00<00:00, 30.58it/s][A
                                                 

                                               
[A
 53%|█████▎    | 368/690 [03:48<01:45,  3.06it/s]

100%|██████████| 23/23 [00:00<00:00, 30.58it/s][A

                                               [ACL loss: 1.629993200302124, CE loss: 0.09714054316282272, combined loss: 0.2504258155822754
CL loss: 1.1154701709747314, CE loss: 0.07625345885753632, combined loss: 0.18017512559890747
CL loss: 1.1988577842712402, CE loss: 0.08456823974847794, combined loss: 0.1959971934556961
CL loss: 1.172479510307312, CE loss: 0.0806378722190857, combined loss: 0.18982204794883728
CL loss: 1.2402595281600952, CE loss: 0.08240871131420135, combined loss: 0.19819378852844238
CL loss: 0.9684886932373047, CE loss: 0.08574710041284561, combined loss: 0.17402125895023346
CL loss: 1.5327509641647339, CE loss: 0.1021743044257164, combined loss: 0.2452319711446762
CL loss: 0.77326500415802, CE loss: 0.07059928774833679, combined loss: 0.14086586236953735
CL loss: 1.3303889036178589, CE loss: 0.10093846172094345, combined loss: 0.2238835096359253
CL loss: 1.2887367010116577, CE loss: 0.07701178640127182, combined loss: 0.1981842815876007
CL loss: 0.8653818964958191, CE loss: 0.06722478568553925, combined loss: 0.1470404863357544
CL loss: 1.05988347530365, CE loss: 0.08470816165208817, combined loss: 0.18222568929195404
CL loss: 1.594067931175232, CE loss: 0.09141983091831207, combined loss: 0.24168464541435242
CL loss: 0.6696982383728027, CE loss: 0.06501322239637375, combined loss: 0.1254817247390747
CL loss: 1.0573464632034302, CE loss: 0.0787055492401123, combined loss: 0.1765696406364441
CL loss: 0.6956636905670166, CE loss: 0.05142948031425476, combined loss: 0.11585289984941483
CL loss: 1.4023431539535522, CE loss: 0.0875702053308487, combined loss: 0.21904750168323517
CL loss: 0.9025158882141113, CE loss: 0.07936163246631622, combined loss: 0.1616770625114441
CL loss: 1.291723370552063, CE loss: 0.08315576612949371, combined loss: 0.20401252806186676
CL loss: 0.6682626605033875, CE loss: 0.08605062961578369, combined loss: 0.1442718356847763
CL loss: 0.725857675075531, CE loss: 0.0683213472366333, combined loss: 0.13407498598098755
CL loss: 0.0007181365508586168, CE loss: 0.0635141134262085, combined loss: 0.0572345145046711
{'eval_loss': 0.18010124564170837, 'eval_top_1_macro_recall': 0.48071160410805186, 'eval_top_1_macro_precision': 0.4917567797743279, 'eval_top_1_macro_f1': 0.47832218971133306, 'eval_top_1_accuracy': 0.7616361071932299, 'eval_top_1_micro_recall': 0.6633906633906634, 'eval_top_1_micro_precision': 0.7616361071932299, 'eval_top_1_micro_f1': 0.7091267235718975, 'eval_top_2_macro_recall': 0.6023094996812325, 'eval_top_2_macro_precision': 0.38466763562099565, 'eval_top_2_macro_f1': 0.4529931048009334, 'eval_top_2_accuracy': 0.8392101551480959, 'eval_top_2_micro_recall': 0.785012285012285, 'eval_top_2_micro_precision': 0.4506346967559944, 'eval_top_2_micro_f1': 0.5725806451612904, 'eval_top_3_macro_recall': 0.7363534449568347, 'eval_top_3_macro_precision': 0.35827621210537997, 'eval_top_3_macro_f1': 0.4504581234269151, 'eval_top_3_accuracy': 0.9055007052186178, 'eval_top_3_micro_recall': 0.8894348894348895, 'eval_top_3_micro_precision': 0.34038551951104845, 'eval_top_3_micro_f1': 0.49234954097245837, 'eval_runtime': 1.0735, 'eval_samples_per_second': 660.466, 'eval_steps_per_second': 21.426, 'epoch': 16.0}

 53%|█████▎    | 369/690 [03:51<08:10,  1.53s/it]
 54%|█████▎    | 370/690 [03:52<06:22,  1.19s/it]
 54%|█████▍    | 371/690 [03:52<05:07,  1.04it/s]
 54%|█████▍    | 372/690 [03:52<04:13,  1.25it/s]
 54%|█████▍    | 373/690 [03:53<03:36,  1.47it/s]
 54%|█████▍    | 374/690 [03:53<03:09,  1.66it/s]
 54%|█████▍    | 375/690 [03:54<02:50,  1.84it/s]
 54%|█████▍    | 376/690 [03:54<02:38,  1.99it/s]
 55%|█████▍    | 377/690 [03:55<02:28,  2.10it/s]
 55%|█████▍    | 378/690 [03:55<02:22,  2.19it/s]
 55%|█████▍    | 379/690 [03:55<02:17,  2.26it/s]
 55%|█████▌    | 380/690 [03:56<02:14,  2.31it/s]
 55%|█████▌    | 381/690 [03:56<02:11,  2.35it/s]
 55%|█████▌    | 382/690 [03:57<02:09,  2.38it/s]
 56%|█████▌    | 383/690 [03:57<02:08,  2.39it/s]
 56%|█████▌    | 384/690 [03:57<02:07,  2.40it/s]
 56%|█████▌    | 385/690 [03:58<02:06,  2.42it/s]
 56%|█████▌    | 386/690 [03:58<02:05,  2.42it/s]
 56%|█████▌    | 387/690 [03:59<02:04,  2.42it/s]
 56%|█████▌    | 388/690 [03:59<02:04,  2.43it/s]
 56%|█████▋    | 389/690 [03:59<02:03,  2.43it/s]
 57%|█████▋    | 390/690 [04:00<02:03,  2.43it/s]
 57%|█████▋    | 391/690 [04:00<01:39,  3.00it/s]
                                                 

 57%|█████▋    | 391/690 [04:00<01:39,  3.00it/s]CL loss: 0.5077812671661377, CE loss: 0.07681280374526978, combined loss: 0.11990965157747269
CL loss: 0.7566544413566589, CE loss: 0.08143740892410278, combined loss: 0.14895910024642944
CL loss: 0.5413705110549927, CE loss: 0.0742940679192543, combined loss: 0.1210017129778862
CL loss: 0.7910874485969543, CE loss: 0.0793549194931984, combined loss: 0.1505281627178192
CL loss: 0.6963217258453369, CE loss: 0.07782302051782608, combined loss: 0.1396728903055191
CL loss: 0.5920301079750061, CE loss: 0.07615113258361816, combined loss: 0.12773902714252472
CL loss: 0.6172464489936829, CE loss: 0.07493490725755692, combined loss: 0.12916605174541473
CL loss: 0.601942241191864, CE loss: 0.08120963722467422, combined loss: 0.13328289985656738
CL loss: 0.43694618344306946, CE loss: 0.06971468031406403, combined loss: 0.10643783211708069
CL loss: 0.565814197063446, CE loss: 0.07470327615737915, combined loss: 0.12381435930728912
CL loss: 0.6667219400405884, CE loss: 0.07996556907892227, combined loss: 0.13864120841026306
CL loss: 0.6058077216148376, CE loss: 0.07210302352905273, combined loss: 0.1254734843969345
CL loss: 0.6422243118286133, CE loss: 0.075405053794384, combined loss: 0.13208697736263275
CL loss: 0.5964457392692566, CE loss: 0.07225913554430008, combined loss: 0.12467779219150543
CL loss: 0.6766830086708069, CE loss: 0.0787585899233818, combined loss: 0.1385510265827179
CL loss: 0.6317698955535889, CE loss: 0.07124101370573044, combined loss: 0.1272938996553421
CL loss: 0.6682336926460266, CE loss: 0.07535937428474426, combined loss: 0.13464680314064026
CL loss: 0.6265526413917542, CE loss: 0.07303477823734283, combined loss: 0.12838655710220337
CL loss: 0.5323282480239868, CE loss: 0.0670059472322464, combined loss: 0.11353817582130432
CL loss: 0.6205111742019653, CE loss: 0.07623928785324097, combined loss: 0.13066646456718445
CL loss: 0.4875379800796509, CE loss: 0.06626233458518982, combined loss: 0.10838989913463593
CL loss: 0.5333840847015381, CE loss: 0.07179427146911621, combined loss: 0.11795324832201004
CL loss: 0.8810992240905762, CE loss: 0.049685150384902954, combined loss: 0.132826566696167
{'loss': 0.1284, 'grad_norm': 4.106300354003906, 'learning_rate': 2.1666666666666667e-05, 'epoch': 17.0}
CL loss: 0.7419345378875732, CE loss: 0.07281243801116943, combined loss: 0.13972464203834534


  0%|          | 0/23 [00:00<?, ?it/s][A

 22%|██▏       | 5/23 [00:00<00:00, 37.39it/s][A

 39%|███▉      | 9/23 [00:00<00:00, 32.90it/s][A

 57%|█████▋    | 13/23 [00:00<00:00, 31.54it/s][A

 74%|███████▍  | 17/23 [00:00<00:00, 30.85it/s][A

 91%|█████████▏| 21/23 [00:00<00:00, 30.49it/s][A
                                                 

                                               
[A
 57%|█████▋    | 391/690 [04:01<01:39,  3.00it/s]

100%|██████████| 23/23 [00:00<00:00, 30.49it/s][A

                                               [ACL loss: 1.348540186882019, CE loss: 0.0928349420428276, combined loss: 0.21840545535087585
CL loss: 1.1404250860214233, CE loss: 0.06984887272119522, combined loss: 0.1769064962863922
CL loss: 1.0513544082641602, CE loss: 0.07954926043748856, combined loss: 0.17672976851463318
CL loss: 1.0522559881210327, CE loss: 0.07810810953378677, combined loss: 0.17552289366722107
CL loss: 1.2627062797546387, CE loss: 0.08531977236270905, combined loss: 0.2030584216117859
CL loss: 1.0425570011138916, CE loss: 0.08243884146213531, combined loss: 0.17845064401626587
CL loss: 1.6740986108779907, CE loss: 0.10975717008113861, combined loss: 0.266191303730011
CL loss: 0.683242678642273, CE loss: 0.06654103100299835, combined loss: 0.12821120023727417
CL loss: 1.5687592029571533, CE loss: 0.09741684794425964, combined loss: 0.24455109238624573
CL loss: 1.160252571105957, CE loss: 0.07331132888793945, combined loss: 0.18200546503067017
CL loss: 0.9045982360839844, CE loss: 0.0669003501534462, combined loss: 0.1506701409816742
CL loss: 0.8400236368179321, CE loss: 0.0787181630730629, combined loss: 0.15484870970249176
CL loss: 1.3583956956863403, CE loss: 0.08558942377567291, combined loss: 0.2128700464963913
CL loss: 0.7662090063095093, CE loss: 0.05967409536242485, combined loss: 0.13032758235931396
CL loss: 1.1825982332229614, CE loss: 0.07524934411048889, combined loss: 0.18598422408103943
CL loss: 0.7519053816795349, CE loss: 0.053752414882183075, combined loss: 0.12356770783662796
CL loss: 1.24302077293396, CE loss: 0.0871228575706482, combined loss: 0.20271265506744385
CL loss: 1.2486015558242798, CE loss: 0.08077406883239746, combined loss: 0.19755682349205017
CL loss: 1.1834782361984253, CE loss: 0.07870203256607056, combined loss: 0.1891796588897705
CL loss: 0.6640142202377319, CE loss: 0.0821215957403183, combined loss: 0.1403108537197113
CL loss: 0.6131404042243958, CE loss: 0.06646369397640228, combined loss: 0.12113136053085327
CL loss: 0.0007626641308888793, CE loss: 0.07312354445457458, combined loss: 0.065887451171875
{'eval_loss': 0.1764383465051651, 'eval_top_1_macro_recall': 0.4742184168254507, 'eval_top_1_macro_precision': 0.4951078668694873, 'eval_top_1_macro_f1': 0.47613724710829947, 'eval_top_1_accuracy': 0.7588152327221439, 'eval_top_1_micro_recall': 0.6609336609336609, 'eval_top_1_micro_precision': 0.7588152327221439, 'eval_top_1_micro_f1': 0.7065003282994091, 'eval_top_2_macro_recall': 0.6314944381272223, 'eval_top_2_macro_precision': 0.4458602086652126, 'eval_top_2_macro_f1': 0.4973480154675395, 'eval_top_2_accuracy': 0.846262341325811, 'eval_top_2_micro_recall': 0.7960687960687961, 'eval_top_2_micro_precision': 0.45698166431593795, 'eval_top_2_micro_f1': 0.5806451612903226, 'eval_top_3_macro_recall': 0.7476009249817441, 'eval_top_3_macro_precision': 0.37080617915048913, 'eval_top_3_macro_f1': 0.4653835384706163, 'eval_top_3_accuracy': 0.9111424541607899, 'eval_top_3_micro_recall': 0.898034398034398, 'eval_top_3_micro_precision': 0.3436765397273155, 'eval_top_3_micro_f1': 0.4971098265895954, 'eval_runtime': 1.0763, 'eval_samples_per_second': 658.719, 'eval_steps_per_second': 21.369, 'epoch': 17.0}

 57%|█████▋    | 392/690 [04:04<07:36,  1.53s/it]
 57%|█████▋    | 393/690 [04:05<05:54,  1.19s/it]
 57%|█████▋    | 394/690 [04:05<04:43,  1.04it/s]
 57%|█████▋    | 395/690 [04:06<03:54,  1.26it/s]
 57%|█████▋    | 396/690 [04:06<03:19,  1.47it/s]
 58%|█████▊    | 397/690 [04:06<02:55,  1.67it/s]
 58%|█████▊    | 398/690 [04:07<02:38,  1.84it/s]
 58%|█████▊    | 399/690 [04:07<02:26,  1.99it/s]
 58%|█████▊    | 400/690 [04:08<02:17,  2.11it/s]
 58%|█████▊    | 401/690 [04:08<02:11,  2.20it/s]
 58%|█████▊    | 402/690 [04:08<02:07,  2.26it/s]
 58%|█████▊    | 403/690 [04:09<02:03,  2.32it/s]
 59%|█████▊    | 404/690 [04:09<02:01,  2.35it/s]
 59%|█████▊    | 405/690 [04:10<02:00,  2.37it/s]
 59%|█████▉    | 406/690 [04:10<01:58,  2.40it/s]
 59%|█████▉    | 407/690 [04:10<01:57,  2.40it/s]
 59%|█████▉    | 408/690 [04:11<01:56,  2.41it/s]
 59%|█████▉    | 409/690 [04:11<01:55,  2.42it/s]
 59%|█████▉    | 410/690 [04:12<01:55,  2.43it/s]
 60%|█████▉    | 411/690 [04:12<01:54,  2.43it/s]
 60%|█████▉    | 412/690 [04:13<01:54,  2.43it/s]
 60%|█████▉    | 413/690 [04:13<01:53,  2.44it/s]
 60%|██████    | 414/690 [04:13<01:29,  3.08it/s]
                                                 

 60%|██████    | 414/690 [04:13<01:29,  3.08it/s]CL loss: 0.5687467455863953, CE loss: 0.07394011318683624, combined loss: 0.12342077493667603
CL loss: 0.6221662759780884, CE loss: 0.07256662845611572, combined loss: 0.12752659618854523
CL loss: 0.569687008857727, CE loss: 0.07038074731826782, combined loss: 0.12031136453151703
CL loss: 0.5334186553955078, CE loss: 0.06634582579135895, combined loss: 0.1130531057715416
CL loss: 0.5756700038909912, CE loss: 0.07320146262645721, combined loss: 0.12344831228256226
CL loss: 0.5852272510528564, CE loss: 0.0688328966498375, combined loss: 0.12047233432531357
CL loss: 0.7249091267585754, CE loss: 0.07901227474212646, combined loss: 0.14360195398330688
CL loss: 0.5527621507644653, CE loss: 0.06760706007480621, combined loss: 0.11612256616353989
CL loss: 0.6445484757423401, CE loss: 0.0698356032371521, combined loss: 0.12730687856674194
CL loss: 0.5387930274009705, CE loss: 0.06792543083429337, combined loss: 0.11501218378543854
CL loss: 0.49930354952812195, CE loss: 0.06980782747268677, combined loss: 0.11275739967823029
CL loss: 0.6533606648445129, CE loss: 0.07415811717510223, combined loss: 0.1320783793926239
CL loss: 0.6402372121810913, CE loss: 0.06932047754526138, combined loss: 0.12641215324401855
CL loss: 0.7075989246368408, CE loss: 0.0810556411743164, combined loss: 0.1437099575996399
CL loss: 0.5439309477806091, CE loss: 0.08124162256717682, combined loss: 0.12751054763793945
CL loss: 0.5035679340362549, CE loss: 0.06799165904521942, combined loss: 0.11154928803443909
CL loss: 0.5415761470794678, CE loss: 0.07025940716266632, combined loss: 0.11739107966423035
CL loss: 0.5299043655395508, CE loss: 0.06464226543903351, combined loss: 0.11116847395896912
CL loss: 0.5468041896820068, CE loss: 0.06799119710922241, combined loss: 0.11587249487638474
CL loss: 0.5602439641952515, CE loss: 0.07749734073877335, combined loss: 0.12577199935913086
CL loss: 0.55718594789505, CE loss: 0.0605451762676239, combined loss: 0.11020925641059875
CL loss: 0.6283817887306213, CE loss: 0.07741408050060272, combined loss: 0.13251085579395294
CL loss: 0.9987571239471436, CE loss: 0.07974667847156525, combined loss: 0.17164772748947144
{'loss': 0.1247, 'grad_norm': 3.2830631732940674, 'learning_rate': 2e-05, 'epoch': 18.0}
CL loss: 0.6808927059173584, CE loss: 0.06992305815219879, combined loss: 0.13102000951766968


  0%|          | 0/23 [00:00<?, ?it/s][A

 22%|██▏       | 5/23 [00:00<00:00, 37.56it/s][A

 39%|███▉      | 9/23 [00:00<00:00, 33.08it/s][A

 57%|█████▋    | 13/23 [00:00<00:00, 31.66it/s][A

 74%|███████▍  | 17/23 [00:00<00:00, 31.00it/s][A

 91%|█████████▏| 21/23 [00:00<00:00, 30.60it/s][A
                                                 

                                               
[A
 60%|██████    | 414/690 [04:14<01:29,  3.08it/s]

100%|██████████| 23/23 [00:00<00:00, 30.60it/s][A

                                               [ACL loss: 1.6511503458023071, CE loss: 0.09554321318864822, combined loss: 0.251103937625885
CL loss: 1.3550854921340942, CE loss: 0.07759468257427216, combined loss: 0.20534376800060272
CL loss: 1.0534451007843018, CE loss: 0.08140560239553452, combined loss: 0.17860954999923706
CL loss: 1.0297635793685913, CE loss: 0.075071781873703, combined loss: 0.1705409586429596
CL loss: 1.1371670961380005, CE loss: 0.07692664861679077, combined loss: 0.1829507052898407
CL loss: 0.7817307710647583, CE loss: 0.0758366510272026, combined loss: 0.14642605185508728
CL loss: 1.5637164115905762, CE loss: 0.10298413038253784, combined loss: 0.2490573525428772
CL loss: 0.7186205983161926, CE loss: 0.06699550151824951, combined loss: 0.13215801119804382
CL loss: 1.2946009635925293, CE loss: 0.09302421659231186, combined loss: 0.21318188309669495
CL loss: 1.2647020816802979, CE loss: 0.06929613649845123, combined loss: 0.1888367235660553
CL loss: 0.7451708316802979, CE loss: 0.0615612231194973, combined loss: 0.12992218136787415
CL loss: 1.137125015258789, CE loss: 0.08476942777633667, combined loss: 0.19000498950481415
CL loss: 1.4743925333023071, CE loss: 0.0819803848862648, combined loss: 0.22122159600257874
CL loss: 0.5806897282600403, CE loss: 0.0568651482462883, combined loss: 0.1092476025223732
CL loss: 0.9858616590499878, CE loss: 0.0823923721909523, combined loss: 0.17273929715156555
CL loss: 0.7310272455215454, CE loss: 0.047175873070955276, combined loss: 0.11556100845336914
CL loss: 1.2209066152572632, CE loss: 0.08109035342931747, combined loss: 0.1950719654560089
CL loss: 0.9874140024185181, CE loss: 0.07835958898067474, combined loss: 0.1692650318145752
CL loss: 1.2921799421310425, CE loss: 0.0805802121758461, combined loss: 0.20174017548561096
CL loss: 0.6963145136833191, CE loss: 0.08258296549320221, combined loss: 0.14395612478256226
CL loss: 0.539302408695221, CE loss: 0.059469908475875854, combined loss: 0.10745315253734589
CL loss: 0.000646502710878849, CE loss: 0.06967779994010925, combined loss: 0.0627746656537056
{'eval_loss': 0.17219612002372742, 'eval_top_1_macro_recall': 0.4587061239972703, 'eval_top_1_macro_precision': 0.49506526349819463, 'eval_top_1_macro_f1': 0.46230725337965556, 'eval_top_1_accuracy': 0.7475317348377997, 'eval_top_1_micro_recall': 0.6511056511056511, 'eval_top_1_micro_precision': 0.7475317348377997, 'eval_top_1_micro_f1': 0.695994747209455, 'eval_top_2_macro_recall': 0.6105110202860969, 'eval_top_2_macro_precision': 0.4143447242345528, 'eval_top_2_macro_f1': 0.4757198822762319, 'eval_top_2_accuracy': 0.849083215796897, 'eval_top_2_micro_recall': 0.7923832923832924, 'eval_top_2_micro_precision': 0.45486600846262343, 'eval_top_2_micro_f1': 0.5779569892473119, 'eval_top_3_macro_recall': 0.7844088593983742, 'eval_top_3_macro_precision': 0.4181550534026936, 'eval_top_3_macro_f1': 0.5069483711429134, 'eval_top_3_accuracy': 0.9097320169252469, 'eval_top_3_micro_recall': 0.8992628992628993, 'eval_top_3_micro_precision': 0.3441466854724965, 'eval_top_3_micro_f1': 0.4977898673920435, 'eval_runtime': 1.0883, 'eval_samples_per_second': 651.459, 'eval_steps_per_second': 21.133, 'epoch': 18.0}

 60%|██████    | 415/690 [04:18<07:19,  1.60s/it]
 60%|██████    | 416/690 [04:18<05:40,  1.24s/it]
 60%|██████    | 417/690 [04:18<04:30,  1.01it/s]
 61%|██████    | 418/690 [04:19<03:42,  1.23it/s]
 61%|██████    | 419/690 [04:19<03:08,  1.44it/s]
 61%|██████    | 420/690 [04:20<02:44,  1.64it/s]
 61%|██████    | 421/690 [04:20<02:27,  1.82it/s]
 61%|██████    | 422/690 [04:21<02:15,  1.97it/s]
 61%|██████▏   | 423/690 [04:21<02:07,  2.09it/s]
 61%|██████▏   | 424/690 [04:21<02:01,  2.19it/s]
 62%|██████▏   | 425/690 [04:22<01:57,  2.26it/s]
 62%|██████▏   | 426/690 [04:22<01:54,  2.31it/s]
 62%|██████▏   | 427/690 [04:23<01:52,  2.34it/s]
 62%|██████▏   | 428/690 [04:23<01:50,  2.37it/s]
 62%|██████▏   | 429/690 [04:23<01:49,  2.39it/s]
 62%|██████▏   | 430/690 [04:24<01:48,  2.40it/s]
 62%|██████▏   | 431/690 [04:24<01:47,  2.42it/s]
 63%|██████▎   | 432/690 [04:25<01:46,  2.43it/s]
 63%|██████▎   | 433/690 [04:25<01:45,  2.43it/s]
 63%|██████▎   | 434/690 [04:25<01:45,  2.43it/s]
 63%|██████▎   | 435/690 [04:26<01:44,  2.43it/s]
 63%|██████▎   | 436/690 [04:26<01:44,  2.44it/s]
 63%|██████▎   | 437/690 [04:26<01:22,  3.07it/s]
                                                 

 63%|██████▎   | 437/690 [04:26<01:22,  3.07it/s]CL loss: 0.5946946740150452, CE loss: 0.07063999027013779, combined loss: 0.12304545938968658
CL loss: 0.5824130177497864, CE loss: 0.07556018233299255, combined loss: 0.12624546885490417
CL loss: 0.6823261380195618, CE loss: 0.07024917751550674, combined loss: 0.1314568817615509
CL loss: 0.531560480594635, CE loss: 0.07092085480690002, combined loss: 0.11698481440544128
CL loss: 0.5151931643486023, CE loss: 0.063645139336586, combined loss: 0.10879993438720703
CL loss: 0.5220927000045776, CE loss: 0.07012724876403809, combined loss: 0.11532379686832428
CL loss: 0.5848064422607422, CE loss: 0.06885645538568497, combined loss: 0.12045145034790039
CL loss: 0.5976404547691345, CE loss: 0.07573065906763077, combined loss: 0.12792164087295532
CL loss: 0.5432565808296204, CE loss: 0.07039719074964523, combined loss: 0.11768312752246857
CL loss: 0.6022681593894958, CE loss: 0.06586293131113052, combined loss: 0.119503453373909
CL loss: 0.7053005695343018, CE loss: 0.08253184705972672, combined loss: 0.14480870962142944
CL loss: 0.6712607741355896, CE loss: 0.075942762196064, combined loss: 0.1354745626449585
CL loss: 0.6862832307815552, CE loss: 0.07400456815958023, combined loss: 0.13523243367671967
CL loss: 0.5882115960121155, CE loss: 0.06521213054656982, combined loss: 0.11751207709312439
CL loss: 0.5307350158691406, CE loss: 0.06636321544647217, combined loss: 0.11280039697885513
CL loss: 0.45834505558013916, CE loss: 0.0637565404176712, combined loss: 0.10321539640426636
CL loss: 0.5139305591583252, CE loss: 0.0659501701593399, combined loss: 0.11074820905923843
CL loss: 0.655634343624115, CE loss: 0.07305573672056198, combined loss: 0.13131359219551086
CL loss: 0.5962954759597778, CE loss: 0.0754002183675766, combined loss: 0.12748974561691284
CL loss: 0.5225485563278198, CE loss: 0.06812027841806412, combined loss: 0.11356310546398163
CL loss: 0.6905379891395569, CE loss: 0.07392606139183044, combined loss: 0.13558724522590637
CL loss: 0.5478428602218628, CE loss: 0.0667579248547554, combined loss: 0.11486642062664032
CL loss: 0.6815012693405151, CE loss: 0.06397505104541779, combined loss: 0.12572766840457916
{'loss': 0.1224, 'grad_norm': 2.545707941055298, 'learning_rate': 1.8333333333333333e-05, 'epoch': 19.0}
CL loss: 0.8497408628463745, CE loss: 0.06974035501480103, combined loss: 0.1477404087781906


  0%|          | 0/23 [00:00<?, ?it/s][A

 22%|██▏       | 5/23 [00:00<00:00, 37.58it/s][A

 39%|███▉      | 9/23 [00:00<00:00, 33.08it/s][A

 57%|█████▋    | 13/23 [00:00<00:00, 31.68it/s][A

 74%|███████▍  | 17/23 [00:00<00:00, 30.96it/s][A

 91%|█████████▏| 21/23 [00:00<00:00, 30.60it/s][A
                                                 

                                               
[A
 63%|██████▎   | 437/690 [04:28<01:22,  3.07it/s]

100%|██████████| 23/23 [00:00<00:00, 30.60it/s][A

                                               [ACL loss: 1.4080055952072144, CE loss: 0.08808347582817078, combined loss: 0.22007569670677185
CL loss: 1.1283230781555176, CE loss: 0.06842226535081863, combined loss: 0.174412339925766
CL loss: 1.136986255645752, CE loss: 0.07891584932804108, combined loss: 0.1847228854894638
CL loss: 1.1415836811065674, CE loss: 0.07392029464244843, combined loss: 0.18068662285804749
CL loss: 0.9745861291885376, CE loss: 0.07481793314218521, combined loss: 0.16479474306106567
CL loss: 1.1361137628555298, CE loss: 0.07894009351730347, combined loss: 0.18465745449066162
CL loss: 1.8960189819335938, CE loss: 0.11043763160705566, combined loss: 0.28899577260017395
CL loss: 0.569515585899353, CE loss: 0.0664144977927208, combined loss: 0.11672461032867432
CL loss: 1.5441029071807861, CE loss: 0.09636976569890976, combined loss: 0.24114307761192322
CL loss: 0.9904689192771912, CE loss: 0.06469415128231049, combined loss: 0.1572716236114502
CL loss: 0.831268846988678, CE loss: 0.06364719569683075, combined loss: 0.14040936529636383
CL loss: 0.9081231355667114, CE loss: 0.07809614390134811, combined loss: 0.16109883785247803
CL loss: 1.669517159461975, CE loss: 0.09466735273599625, combined loss: 0.25215232372283936
CL loss: 0.6576274633407593, CE loss: 0.05869719386100769, combined loss: 0.11859022080898285
CL loss: 0.8988462686538696, CE loss: 0.07043461501598358, combined loss: 0.15327578783035278
CL loss: 0.6259217858314514, CE loss: 0.0487971194088459, combined loss: 0.10650958120822906
CL loss: 1.2962509393692017, CE loss: 0.08329439908266068, combined loss: 0.2045900523662567
CL loss: 1.0470494031906128, CE loss: 0.08038587123155594, combined loss: 0.17705222964286804
CL loss: 1.2056422233581543, CE loss: 0.08272817730903625, combined loss: 0.19501957297325134
CL loss: 0.7107946276664734, CE loss: 0.07834312319755554, combined loss: 0.1415882706642151
CL loss: 0.6879580020904541, CE loss: 0.06359275430440903, combined loss: 0.12602928280830383
CL loss: 0.0007292911177501082, CE loss: 0.07945352792739868, combined loss: 0.07158110290765762
{'eval_loss': 0.17370833456516266, 'eval_top_1_macro_recall': 0.48430124578134315, 'eval_top_1_macro_precision': 0.48981391272312697, 'eval_top_1_macro_f1': 0.47934674819417816, 'eval_top_1_accuracy': 0.764456981664316, 'eval_top_1_micro_recall': 0.6658476658476659, 'eval_top_1_micro_precision': 0.764456981664316, 'eval_top_1_micro_f1': 0.7117531188443861, 'eval_top_2_macro_recall': 0.6274585076688212, 'eval_top_2_macro_precision': 0.4055251186766343, 'eval_top_2_macro_f1': 0.4733957880226122, 'eval_top_2_accuracy': 0.844851904090268, 'eval_top_2_micro_recall': 0.7985257985257985, 'eval_top_2_micro_precision': 0.45839210155148097, 'eval_top_2_micro_f1': 0.5824372759856631, 'eval_top_3_macro_recall': 0.7818727797185936, 'eval_top_3_macro_precision': 0.4188015053144694, 'eval_top_3_macro_f1': 0.5028833331347282, 'eval_top_3_accuracy': 0.918194640338505, 'eval_top_3_micro_recall': 0.902948402948403, 'eval_top_3_micro_precision': 0.3455571227080395, 'eval_top_3_micro_f1': 0.4998299897993879, 'eval_runtime': 1.057, 'eval_samples_per_second': 670.786, 'eval_steps_per_second': 21.76, 'epoch': 19.0}

 63%|██████▎   | 438/690 [04:31<06:25,  1.53s/it]
 64%|██████▎   | 439/690 [04:31<04:59,  1.19s/it]
 64%|██████▍   | 440/690 [04:32<04:00,  1.04it/s]
 64%|██████▍   | 441/690 [04:32<03:17,  1.26it/s]
 64%|██████▍   | 442/690 [04:32<02:48,  1.47it/s]
 64%|██████▍   | 443/690 [04:33<02:27,  1.67it/s]
 64%|██████▍   | 444/690 [04:33<02:13,  1.84it/s]
 64%|██████▍   | 445/690 [04:34<02:03,  1.99it/s]
 65%|██████▍   | 446/690 [04:34<01:55,  2.11it/s]
 65%|██████▍   | 447/690 [04:34<01:50,  2.20it/s]
 65%|██████▍   | 448/690 [04:35<01:46,  2.26it/s]
 65%|██████▌   | 449/690 [04:35<01:44,  2.31it/s]
 65%|██████▌   | 450/690 [04:36<01:42,  2.35it/s]
 65%|██████▌   | 451/690 [04:36<01:40,  2.37it/s]
 66%|██████▌   | 452/690 [04:36<01:39,  2.39it/s]
 66%|██████▌   | 453/690 [04:37<01:38,  2.41it/s]
 66%|██████▌   | 454/690 [04:37<01:37,  2.41it/s]
 66%|██████▌   | 455/690 [04:38<01:37,  2.42it/s]
 66%|██████▌   | 456/690 [04:38<01:36,  2.43it/s]
 66%|██████▌   | 457/690 [04:39<01:35,  2.43it/s]
 66%|██████▋   | 458/690 [04:39<01:35,  2.43it/s]
 67%|██████▋   | 459/690 [04:39<01:34,  2.43it/s]
 67%|██████▋   | 460/690 [04:39<01:14,  3.08it/s]
                                                 

 67%|██████▋   | 460/690 [04:39<01:14,  3.08it/s]CL loss: 0.6114189624786377, CE loss: 0.07770302146673203, combined loss: 0.13107460737228394
CL loss: 0.5208221673965454, CE loss: 0.06284129619598389, combined loss: 0.10863938182592392
CL loss: 0.5436469316482544, CE loss: 0.07168516516685486, combined loss: 0.11888134479522705
CL loss: 0.5730082988739014, CE loss: 0.07482514530420303, combined loss: 0.12464345991611481
CL loss: 0.5781761407852173, CE loss: 0.06295392662286758, combined loss: 0.11447614431381226
CL loss: 0.5366360545158386, CE loss: 0.06291026622056961, combined loss: 0.11028284579515457
CL loss: 0.5577242374420166, CE loss: 0.06677395850419998, combined loss: 0.11586898565292358
CL loss: 0.6038491129875183, CE loss: 0.07764922827482224, combined loss: 0.13026921451091766
CL loss: 0.38358455896377563, CE loss: 0.06109776347875595, combined loss: 0.09334644675254822
CL loss: 0.6342253088951111, CE loss: 0.07517113536596298, combined loss: 0.13107654452323914
CL loss: 0.3933227062225342, CE loss: 0.060244690626859665, combined loss: 0.09355249255895615
CL loss: 0.5216506719589233, CE loss: 0.06693048030138016, combined loss: 0.11240249872207642
CL loss: 0.5477839708328247, CE loss: 0.07389973849058151, combined loss: 0.12128815799951553
CL loss: 0.5443676710128784, CE loss: 0.06486909091472626, combined loss: 0.11281894892454147
CL loss: 0.5345731377601624, CE loss: 0.06720232963562012, combined loss: 0.11393941193819046
CL loss: 0.6785667538642883, CE loss: 0.07845637202262878, combined loss: 0.13846740126609802
CL loss: 0.47894105315208435, CE loss: 0.05828412249684334, combined loss: 0.10034981369972229
CL loss: 0.5427689552307129, CE loss: 0.06654950976371765, combined loss: 0.11417145282030106
CL loss: 0.5785562992095947, CE loss: 0.06937288492918015, combined loss: 0.12029122561216354
CL loss: 0.5713319182395935, CE loss: 0.06475076824426651, combined loss: 0.11540888249874115
CL loss: 0.5933502316474915, CE loss: 0.07025236636400223, combined loss: 0.12256214767694473
CL loss: 0.5688114762306213, CE loss: 0.06457552313804626, combined loss: 0.11499911546707153
CL loss: 0.47425058484077454, CE loss: 0.08697833865880966, combined loss: 0.1257055550813675
{'loss': 0.1167, 'grad_norm': 2.1471850872039795, 'learning_rate': 1.6666666666666667e-05, 'epoch': 20.0}
CL loss: 0.676706850528717, CE loss: 0.06694362312555313, combined loss: 0.12791994214057922


  0%|          | 0/23 [00:00<?, ?it/s][A

 17%|█▋        | 4/23 [00:00<00:00, 37.82it/s][A

 35%|███▍      | 8/23 [00:00<00:00, 32.77it/s][A

 52%|█████▏    | 12/23 [00:00<00:00, 31.42it/s][A

 70%|██████▉   | 16/23 [00:00<00:00, 30.84it/s][A

 87%|████████▋ | 20/23 [00:00<00:00, 30.52it/s][A
                                                 

                                               
[A
 67%|██████▋   | 460/690 [04:41<01:14,  3.08it/s]

100%|██████████| 23/23 [00:00<00:00, 30.52it/s][A

                                               [ACL loss: 1.5681477785110474, CE loss: 0.09062375128269196, combined loss: 0.23837615549564362
CL loss: 1.1583298444747925, CE loss: 0.07064573466777802, combined loss: 0.17941415309906006
CL loss: 0.9817798137664795, CE loss: 0.07558880001306534, combined loss: 0.1662079095840454
CL loss: 1.282133936882019, CE loss: 0.07584372162818909, combined loss: 0.19647273421287537
CL loss: 1.1224703788757324, CE loss: 0.07751446962356567, combined loss: 0.18201005458831787
CL loss: 1.0389455556869507, CE loss: 0.07515684515237808, combined loss: 0.17153571546077728
CL loss: 1.547204852104187, CE loss: 0.10173429548740387, combined loss: 0.24628135561943054
CL loss: 0.7207840085029602, CE loss: 0.06476651877164841, combined loss: 0.13036826252937317
CL loss: 1.5171481370925903, CE loss: 0.09614218771457672, combined loss: 0.23824277520179749
CL loss: 1.0595650672912598, CE loss: 0.06371333450078964, combined loss: 0.16329851746559143
CL loss: 0.8634675145149231, CE loss: 0.06408710032701492, combined loss: 0.14402514696121216
CL loss: 0.8483460545539856, CE loss: 0.07637517899274826, combined loss: 0.15357226133346558
CL loss: 1.4640756845474243, CE loss: 0.08319461345672607, combined loss: 0.2212827205657959
CL loss: 0.5295193791389465, CE loss: 0.056665997952222824, combined loss: 0.1039513349533081
CL loss: 1.0660150051116943, CE loss: 0.07688045501708984, combined loss: 0.17579391598701477
CL loss: 0.6185798645019531, CE loss: 0.04924102500081062, combined loss: 0.10617490857839584
CL loss: 1.3534570932388306, CE loss: 0.08583226054906845, combined loss: 0.21259474754333496
CL loss: 1.2622482776641846, CE loss: 0.08196460455656052, combined loss: 0.19999296963214874
CL loss: 1.2784310579299927, CE loss: 0.0769646093249321, combined loss: 0.19711124897003174
CL loss: 0.6672101616859436, CE loss: 0.08150023967027664, combined loss: 0.14007122814655304
CL loss: 0.6481571793556213, CE loss: 0.06568366289138794, combined loss: 0.12393102049827576
CL loss: 0.0005911847110837698, CE loss: 0.0700879693031311, combined loss: 0.06313829123973846
{'eval_loss': 0.17279523611068726, 'eval_top_1_macro_recall': 0.5149637955900017, 'eval_top_1_macro_precision': 0.5418008364100767, 'eval_top_1_macro_f1': 0.5219595977417483, 'eval_top_1_accuracy': 0.771509167842031, 'eval_top_1_micro_recall': 0.671990171990172, 'eval_top_1_micro_precision': 0.771509167842031, 'eval_top_1_micro_f1': 0.7183191070256075, 'eval_top_2_macro_recall': 0.6911881495818714, 'eval_top_2_macro_precision': 0.5047063222320466, 'eval_top_2_macro_f1': 0.5421576800349409, 'eval_top_2_accuracy': 0.849083215796897, 'eval_top_2_micro_recall': 0.8071253071253072, 'eval_top_2_micro_precision': 0.4633286318758815, 'eval_top_2_micro_f1': 0.5887096774193549, 'eval_top_3_macro_recall': 0.7966403087180975, 'eval_top_3_macro_precision': 0.4104894789845471, 'eval_top_3_macro_f1': 0.5010178099200475, 'eval_top_3_accuracy': 0.9012693935119888, 'eval_top_3_micro_recall': 0.8931203931203932, 'eval_top_3_micro_precision': 0.34179595674659147, 'eval_top_3_micro_f1': 0.49438966337980284, 'eval_runtime': 1.098, 'eval_samples_per_second': 645.735, 'eval_steps_per_second': 20.948, 'epoch': 20.0}

 67%|██████▋   | 461/690 [04:44<05:53,  1.54s/it]
 67%|██████▋   | 462/690 [04:44<04:34,  1.20s/it]
 67%|██████▋   | 463/690 [04:45<03:40,  1.03it/s]
 67%|██████▋   | 464/690 [04:45<03:02,  1.24it/s]
 67%|██████▋   | 465/690 [04:46<02:34,  1.45it/s]
 68%|██████▊   | 466/690 [04:46<02:15,  1.65it/s]
 68%|██████▊   | 467/690 [04:46<02:01,  1.83it/s]
 68%|██████▊   | 468/690 [04:47<01:52,  1.98it/s]
 68%|██████▊   | 469/690 [04:47<01:45,  2.09it/s]
 68%|██████▊   | 470/690 [04:48<01:40,  2.18it/s]
 68%|██████▊   | 471/690 [04:48<01:37,  2.26it/s]
 68%|██████▊   | 472/690 [04:48<01:34,  2.30it/s]
 69%|██████▊   | 473/690 [04:49<01:32,  2.34it/s]
 69%|██████▊   | 474/690 [04:49<01:30,  2.37it/s]
 69%|██████▉   | 475/690 [04:50<01:30,  2.39it/s]
 69%|██████▉   | 476/690 [04:50<01:29,  2.40it/s]
 69%|██████▉   | 477/690 [04:50<01:28,  2.41it/s]
 69%|██████▉   | 478/690 [04:51<01:27,  2.42it/s]
 69%|██████▉   | 479/690 [04:51<01:27,  2.42it/s]
 70%|██████▉   | 480/690 [04:52<01:26,  2.42it/s]
 70%|██████▉   | 481/690 [04:52<01:26,  2.42it/s]
 70%|██████▉   | 482/690 [04:53<01:25,  2.43it/s]
 70%|███████   | 483/690 [04:53<01:07,  3.06it/s]
                                                 

 70%|███████   | 483/690 [04:53<01:07,  3.06it/s]CL loss: 0.6296863555908203, CE loss: 0.07104504108428955, combined loss: 0.12690916657447815
CL loss: 0.511925995349884, CE loss: 0.06981498003005981, combined loss: 0.11402608454227448
CL loss: 0.56751948595047, CE loss: 0.07300547510385513, combined loss: 0.1224568784236908
CL loss: 0.5196973085403442, CE loss: 0.05996887385845184, combined loss: 0.10594171285629272
CL loss: 0.6165869235992432, CE loss: 0.07186467200517654, combined loss: 0.12633688747882843
CL loss: 0.6034074425697327, CE loss: 0.0680384412407875, combined loss: 0.12157534062862396
CL loss: 0.6920138001441956, CE loss: 0.07543885707855225, combined loss: 0.1370963454246521
CL loss: 0.532885730266571, CE loss: 0.06498660147190094, combined loss: 0.11177651584148407
CL loss: 0.515058159828186, CE loss: 0.06454061716794968, combined loss: 0.10959237068891525
CL loss: 0.5833633542060852, CE loss: 0.07495739310979843, combined loss: 0.12579798698425293
CL loss: 0.5226541757583618, CE loss: 0.0648246556520462, combined loss: 0.11060760915279388
CL loss: 0.525417149066925, CE loss: 0.06638561934232712, combined loss: 0.11228877305984497
CL loss: 0.539341151714325, CE loss: 0.06971170008182526, combined loss: 0.11667464673519135
CL loss: 0.529788076877594, CE loss: 0.06351448595523834, combined loss: 0.11014184355735779
CL loss: 0.4875964820384979, CE loss: 0.07334963232278824, combined loss: 0.11477431654930115
CL loss: 0.47456124424934387, CE loss: 0.06145353242754936, combined loss: 0.1027643084526062
CL loss: 0.6163249611854553, CE loss: 0.0682494044303894, combined loss: 0.12305696308612823
CL loss: 0.44551894068717957, CE loss: 0.05816658213734627, combined loss: 0.09690181910991669
CL loss: 0.5374062657356262, CE loss: 0.06998205184936523, combined loss: 0.11672447621822357
CL loss: 0.510114312171936, CE loss: 0.0646609291434288, combined loss: 0.10920626670122147
CL loss: 0.5296072959899902, CE loss: 0.06008500978350639, combined loss: 0.10703723877668381
CL loss: 0.5704799890518188, CE loss: 0.07037297636270523, combined loss: 0.12038367986679077
CL loss: 0.8374143242835999, CE loss: 0.05838475748896599, combined loss: 0.13628771901130676
{'loss': 0.1165, 'grad_norm': 5.126835346221924, 'learning_rate': 1.5e-05, 'epoch': 21.0}
CL loss: 0.6619777083396912, CE loss: 0.06384503841400146, combined loss: 0.12365830689668655


  0%|          | 0/23 [00:00<?, ?it/s][A

 17%|█▋        | 4/23 [00:00<00:00, 37.65it/s][A

 35%|███▍      | 8/23 [00:00<00:00, 32.48it/s][A

 52%|█████▏    | 12/23 [00:00<00:00, 31.19it/s][A

 70%|██████▉   | 16/23 [00:00<00:00, 30.49it/s][A

 87%|████████▋ | 20/23 [00:00<00:00, 30.23it/s][A
                                                 

                                               
[A
 70%|███████   | 483/690 [04:54<01:07,  3.06it/s]

100%|██████████| 23/23 [00:00<00:00, 30.23it/s][A

                                               [ACL loss: 1.7748273611068726, CE loss: 0.08710334450006485, combined loss: 0.25587573647499084
CL loss: 1.3471616506576538, CE loss: 0.07175004482269287, combined loss: 0.1992911994457245
CL loss: 0.9239670038223267, CE loss: 0.07533996552228928, combined loss: 0.16020266711711884
CL loss: 1.4546650648117065, CE loss: 0.07379166781902313, combined loss: 0.21187901496887207
CL loss: 1.0334923267364502, CE loss: 0.07115627825260162, combined loss: 0.1673898696899414
CL loss: 1.106566309928894, CE loss: 0.07586867362260818, combined loss: 0.17893844842910767
CL loss: 1.6432647705078125, CE loss: 0.10713192075490952, combined loss: 0.26074519753456116
CL loss: 0.8794316053390503, CE loss: 0.06789997220039368, combined loss: 0.14905312657356262
CL loss: 1.5644558668136597, CE loss: 0.09520743042230606, combined loss: 0.2421322762966156
CL loss: 1.1408635377883911, CE loss: 0.06594854593276978, combined loss: 0.17344003915786743
CL loss: 0.7676714658737183, CE loss: 0.061111170798540115, combined loss: 0.13176719844341278
CL loss: 1.160009503364563, CE loss: 0.08203818649053574, combined loss: 0.1898353099822998
CL loss: 1.5330357551574707, CE loss: 0.09122356027364731, combined loss: 0.23540478944778442
CL loss: 0.762543797492981, CE loss: 0.05813449248671532, combined loss: 0.1285754293203354
CL loss: 0.896901547908783, CE loss: 0.07207627594470978, combined loss: 0.15455880761146545
CL loss: 0.6785449385643005, CE loss: 0.04644988849759102, combined loss: 0.10965938866138458
CL loss: 1.3443740606307983, CE loss: 0.08340411633253098, combined loss: 0.20950111746788025
CL loss: 0.9779819250106812, CE loss: 0.07396432757377625, combined loss: 0.16436608135700226
CL loss: 1.087935209274292, CE loss: 0.075887031853199, combined loss: 0.1770918369293213
CL loss: 0.6801745295524597, CE loss: 0.07798774540424347, combined loss: 0.13820642232894897
CL loss: 0.5710068941116333, CE loss: 0.05981944501399994, combined loss: 0.1109381914138794
CL loss: 0.0006577458116225898, CE loss: 0.07493025809526443, combined loss: 0.06750300526618958
{'eval_loss': 0.17525790631771088, 'eval_top_1_macro_recall': 0.4811104062454943, 'eval_top_1_macro_precision': 0.48602410514292466, 'eval_top_1_macro_f1': 0.47615788901996337, 'eval_top_1_accuracy': 0.7616361071932299, 'eval_top_1_micro_recall': 0.6633906633906634, 'eval_top_1_micro_precision': 0.7616361071932299, 'eval_top_1_micro_f1': 0.7091267235718975, 'eval_top_2_macro_recall': 0.6560591423071188, 'eval_top_2_macro_precision': 0.48469310792155973, 'eval_top_2_macro_f1': 0.5074295082984649, 'eval_top_2_accuracy': 0.8519040902679831, 'eval_top_2_micro_recall': 0.8071253071253072, 'eval_top_2_micro_precision': 0.4633286318758815, 'eval_top_2_micro_f1': 0.5887096774193549, 'eval_top_3_macro_recall': 0.7994125383057831, 'eval_top_3_macro_precision': 0.41555445945845587, 'eval_top_3_macro_f1': 0.509901853363866, 'eval_top_3_accuracy': 0.919605077574048, 'eval_top_3_micro_recall': 0.9090909090909091, 'eval_top_3_micro_precision': 0.34790785143394454, 'eval_top_3_micro_f1': 0.5032301938116287, 'eval_runtime': 1.0893, 'eval_samples_per_second': 650.867, 'eval_steps_per_second': 21.114, 'epoch': 21.0}

 70%|███████   | 484/690 [04:57<05:16,  1.54s/it]
 70%|███████   | 485/690 [04:57<04:05,  1.20s/it]
 70%|███████   | 486/690 [04:58<03:16,  1.04it/s]
 71%|███████   | 487/690 [04:58<02:41,  1.25it/s]
 71%|███████   | 488/690 [04:59<02:17,  1.47it/s]
 71%|███████   | 489/690 [04:59<02:00,  1.67it/s]
 71%|███████   | 490/690 [04:59<01:48,  1.84it/s]
 71%|███████   | 491/690 [05:00<01:40,  1.99it/s]
 71%|███████▏  | 492/690 [05:00<01:34,  2.10it/s]
 71%|███████▏  | 493/690 [05:01<01:29,  2.19it/s]
 72%|███████▏  | 494/690 [05:01<01:26,  2.26it/s]
 72%|███████▏  | 495/690 [05:02<01:24,  2.31it/s]
 72%|███████▏  | 496/690 [05:02<01:22,  2.35it/s]
 72%|███████▏  | 497/690 [05:02<01:21,  2.37it/s]
 72%|███████▏  | 498/690 [05:03<01:20,  2.39it/s]
 72%|███████▏  | 499/690 [05:03<01:19,  2.40it/s]
 72%|███████▏  | 500/690 [05:04<01:18,  2.42it/s]
 73%|███████▎  | 501/690 [05:04<01:18,  2.42it/s]
 73%|███████▎  | 502/690 [05:04<01:17,  2.42it/s]
 73%|███████▎  | 503/690 [05:05<01:16,  2.43it/s]
 73%|███████▎  | 504/690 [05:05<01:16,  2.43it/s]
 73%|███████▎  | 505/690 [05:06<01:16,  2.43it/s]
 73%|███████▎  | 506/690 [05:06<01:00,  3.06it/s]
                                                 

 73%|███████▎  | 506/690 [05:06<01:00,  3.06it/s]CL loss: 0.5197190642356873, CE loss: 0.06382284313440323, combined loss: 0.10941246151924133
CL loss: 0.5251235961914062, CE loss: 0.06395408511161804, combined loss: 0.11007103323936462
CL loss: 0.5030957460403442, CE loss: 0.06740351021289825, combined loss: 0.11097273230552673
CL loss: 0.5191906094551086, CE loss: 0.06544005870819092, combined loss: 0.11081510782241821
CL loss: 0.41733989119529724, CE loss: 0.06488142162561417, combined loss: 0.10012726485729218
CL loss: 0.5613958239555359, CE loss: 0.06286728382110596, combined loss: 0.11272013932466507
CL loss: 0.5172078609466553, CE loss: 0.06676077842712402, combined loss: 0.11180548369884491
CL loss: 0.47930851578712463, CE loss: 0.057214587926864624, combined loss: 0.09942397475242615
CL loss: 0.6229249835014343, CE loss: 0.06944528967142105, combined loss: 0.12479326128959656
CL loss: 0.5801827907562256, CE loss: 0.07223869860172272, combined loss: 0.12303310632705688
CL loss: 0.5909293293952942, CE loss: 0.06384364515542984, combined loss: 0.11655221879482269
CL loss: 0.5706182718276978, CE loss: 0.06792088598012924, combined loss: 0.11819062381982803
CL loss: 0.3926285207271576, CE loss: 0.053624317049980164, combined loss: 0.08752474188804626
CL loss: 0.609154224395752, CE loss: 0.07587427645921707, combined loss: 0.12920226156711578
CL loss: 0.572119951248169, CE loss: 0.06616325676441193, combined loss: 0.11675892770290375
CL loss: 0.4891011714935303, CE loss: 0.0640856921672821, combined loss: 0.1065872386097908
CL loss: 0.612762451171875, CE loss: 0.0656803548336029, combined loss: 0.12038856744766235
CL loss: 0.5144545435905457, CE loss: 0.0665510818362236, combined loss: 0.1113414317369461
CL loss: 0.5139303207397461, CE loss: 0.06862257421016693, combined loss: 0.11315334588289261
CL loss: 0.6623478531837463, CE loss: 0.06941075623035431, combined loss: 0.1287044733762741
CL loss: 0.5764362812042236, CE loss: 0.06341354548931122, combined loss: 0.1147158145904541
CL loss: 0.5252287983894348, CE loss: 0.06142891198396683, combined loss: 0.1078089028596878
CL loss: 0.9568600654602051, CE loss: 0.08142784982919693, combined loss: 0.16897107660770416
{'loss': 0.1154, 'grad_norm': 3.5102360248565674, 'learning_rate': 1.3333333333333333e-05, 'epoch': 22.0}
CL loss: 0.6412684917449951, CE loss: 0.06312727183103561, combined loss: 0.1209413930773735


  0%|          | 0/23 [00:00<?, ?it/s][A

 17%|█▋        | 4/23 [00:00<00:00, 40.00it/s][A

 35%|███▍      | 8/23 [00:00<00:00, 33.06it/s][A

 52%|█████▏    | 12/23 [00:00<00:00, 31.58it/s][A

 70%|██████▉   | 16/23 [00:00<00:00, 30.92it/s][A

 87%|████████▋ | 20/23 [00:00<00:00, 30.49it/s][A
                                                 

                                               
[A
 73%|███████▎  | 506/690 [05:07<01:00,  3.06it/s]

100%|██████████| 23/23 [00:01<00:00, 30.49it/s][A

                                               [ACL loss: 1.9483108520507812, CE loss: 0.08873263001441956, combined loss: 0.2746904492378235
CL loss: 1.230479121208191, CE loss: 0.0683630108833313, combined loss: 0.18457461893558502
CL loss: 0.9849568009376526, CE loss: 0.06929964572191238, combined loss: 0.16086536645889282
CL loss: 1.4570626020431519, CE loss: 0.07219934463500977, combined loss: 0.21068567037582397
CL loss: 1.1610039472579956, CE loss: 0.07292842119932175, combined loss: 0.18173596262931824
CL loss: 0.9728359580039978, CE loss: 0.07258117198944092, combined loss: 0.16260665655136108
CL loss: 1.9033865928649902, CE loss: 0.10309898853302002, combined loss: 0.28312772512435913
CL loss: 0.6960387825965881, CE loss: 0.06536123901605606, combined loss: 0.12842899560928345
CL loss: 1.77680504322052, CE loss: 0.09843334555625916, combined loss: 0.2662705183029175
CL loss: 1.1841280460357666, CE loss: 0.06621724367141724, combined loss: 0.1780083179473877
CL loss: 0.9446244239807129, CE loss: 0.06692060828208923, combined loss: 0.15469099581241608
CL loss: 1.4030348062515259, CE loss: 0.0859653577208519, combined loss: 0.21767228841781616
CL loss: 1.4477688074111938, CE loss: 0.08689634501934052, combined loss: 0.22298359870910645
CL loss: 0.7235677242279053, CE loss: 0.05799928680062294, combined loss: 0.12455613166093826
CL loss: 0.8811086416244507, CE loss: 0.07152451574802399, combined loss: 0.15248292684555054
CL loss: 0.6864803433418274, CE loss: 0.04708334058523178, combined loss: 0.11102303862571716
CL loss: 1.3852518796920776, CE loss: 0.08290660381317139, combined loss: 0.21314112842082977
CL loss: 1.2722554206848145, CE loss: 0.08280729502439499, combined loss: 0.20175211131572723
CL loss: 1.193171739578247, CE loss: 0.08032938092947006, combined loss: 0.19161361455917358
CL loss: 0.6923931837081909, CE loss: 0.0749422162771225, combined loss: 0.13668730854988098
CL loss: 0.6528447270393372, CE loss: 0.059300873428583145, combined loss: 0.118655264377594
CL loss: 0.0005869806045666337, CE loss: 0.05722397193312645, combined loss: 0.05156027153134346
{'eval_loss': 0.18077291548252106, 'eval_top_1_macro_recall': 0.5100717864369412, 'eval_top_1_macro_precision': 0.5386941467735034, 'eval_top_1_macro_f1': 0.5207857236753131, 'eval_top_1_accuracy': 0.771509167842031, 'eval_top_1_micro_recall': 0.671990171990172, 'eval_top_1_micro_precision': 0.771509167842031, 'eval_top_1_micro_f1': 0.7183191070256075, 'eval_top_2_macro_recall': 0.7015298491105324, 'eval_top_2_macro_precision': 0.5128150810790261, 'eval_top_2_macro_f1': 0.5531724137796307, 'eval_top_2_accuracy': 0.8392101551480959, 'eval_top_2_micro_recall': 0.8058968058968059, 'eval_top_2_micro_precision': 0.46262341325811, 'eval_top_2_micro_f1': 0.5878136200716846, 'eval_top_3_macro_recall': 0.7919186849875692, 'eval_top_3_macro_precision': 0.4164059211591354, 'eval_top_3_macro_f1': 0.5046778371228758, 'eval_top_3_accuracy': 0.9012693935119888, 'eval_top_3_micro_recall': 0.8931203931203932, 'eval_top_3_micro_precision': 0.34179595674659147, 'eval_top_3_micro_f1': 0.49438966337980284, 'eval_runtime': 1.0867, 'eval_samples_per_second': 652.454, 'eval_steps_per_second': 21.166, 'epoch': 22.0}

 73%|███████▎  | 507/690 [05:10<04:51,  1.60s/it]
 74%|███████▎  | 508/690 [05:11<03:45,  1.24s/it]
 74%|███████▍  | 509/690 [05:11<02:59,  1.01it/s]
 74%|███████▍  | 510/690 [05:12<02:26,  1.22it/s]
 74%|███████▍  | 511/690 [05:12<02:04,  1.44it/s]
 74%|███████▍  | 512/690 [05:12<01:48,  1.64it/s]
 74%|███████▍  | 513/690 [05:13<01:37,  1.82it/s]
 74%|███████▍  | 514/690 [05:13<01:29,  1.97it/s]
 75%|███████▍  | 515/690 [05:14<01:23,  2.09it/s]
 75%|███████▍  | 516/690 [05:14<01:19,  2.18it/s]
 75%|███████▍  | 517/690 [05:14<01:16,  2.25it/s]
 75%|███████▌  | 518/690 [05:15<01:14,  2.30it/s]
 75%|███████▌  | 519/690 [05:15<01:12,  2.35it/s]
 75%|███████▌  | 520/690 [05:16<01:11,  2.37it/s]
 76%|███████▌  | 521/690 [05:16<01:10,  2.39it/s]
 76%|███████▌  | 522/690 [05:16<01:09,  2.40it/s]
 76%|███████▌  | 523/690 [05:17<01:09,  2.41it/s]
 76%|███████▌  | 524/690 [05:17<01:08,  2.42it/s]
 76%|███████▌  | 525/690 [05:18<01:07,  2.43it/s]
 76%|███████▌  | 526/690 [05:18<01:07,  2.42it/s]
 76%|███████▋  | 527/690 [05:19<01:07,  2.43it/s]
 77%|███████▋  | 528/690 [05:19<01:06,  2.43it/s]
 77%|███████▋  | 529/690 [05:19<00:52,  3.08it/s]
                                                 

 77%|███████▋  | 529/690 [05:19<00:52,  3.08it/s]CL loss: 0.5972443222999573, CE loss: 0.06918947398662567, combined loss: 0.12199495732784271
CL loss: 0.6195977926254272, CE loss: 0.07280949503183365, combined loss: 0.12748831510543823
CL loss: 0.5229182839393616, CE loss: 0.058482177555561066, combined loss: 0.10492578893899918
CL loss: 0.6557332277297974, CE loss: 0.07185763865709305, combined loss: 0.13024520874023438
CL loss: 0.5295788645744324, CE loss: 0.06425568461418152, combined loss: 0.1107880026102066
CL loss: 0.3615500032901764, CE loss: 0.05507012456655502, combined loss: 0.08571811020374298
CL loss: 0.6305903196334839, CE loss: 0.07970773428678513, combined loss: 0.13479599356651306
CL loss: 0.4339553415775299, CE loss: 0.06056930497288704, combined loss: 0.0979079082608223
CL loss: 0.4539596438407898, CE loss: 0.05995737761259079, combined loss: 0.09935760498046875
CL loss: 0.504411518573761, CE loss: 0.0645357146859169, combined loss: 0.10852329432964325
CL loss: 0.5342409610748291, CE loss: 0.0728529617190361, combined loss: 0.11899176239967346
CL loss: 0.5772534608840942, CE loss: 0.06380873918533325, combined loss: 0.11515320837497711
CL loss: 0.5800302624702454, CE loss: 0.06188467517495155, combined loss: 0.11369923502206802
CL loss: 0.5829809308052063, CE loss: 0.07069174200296402, combined loss: 0.12192066013813019
CL loss: 0.5113517642021179, CE loss: 0.06302382051944733, combined loss: 0.1078566163778305
CL loss: 0.6139143705368042, CE loss: 0.07122845202684402, combined loss: 0.12549704313278198
CL loss: 0.6777637600898743, CE loss: 0.07148340344429016, combined loss: 0.13211143016815186
CL loss: 0.4315488934516907, CE loss: 0.05541347712278366, combined loss: 0.0930270180106163
CL loss: 0.4592522978782654, CE loss: 0.05784979835152626, combined loss: 0.09799005091190338
CL loss: 0.4488309621810913, CE loss: 0.05818257853388786, combined loss: 0.0972474217414856
CL loss: 0.5422583818435669, CE loss: 0.06453120708465576, combined loss: 0.11230392754077911
CL loss: 0.4723941385746002, CE loss: 0.05914454162120819, combined loss: 0.10046949982643127
CL loss: 0.5411733984947205, CE loss: 0.05329345166683197, combined loss: 0.10208144783973694
{'loss': 0.1113, 'grad_norm': 1.7225205898284912, 'learning_rate': 1.1666666666666668e-05, 'epoch': 23.0}
CL loss: 0.7326799631118774, CE loss: 0.06507600098848343, combined loss: 0.131836399435997


  0%|          | 0/23 [00:00<?, ?it/s][A

 22%|██▏       | 5/23 [00:00<00:00, 37.47it/s][A

 39%|███▉      | 9/23 [00:00<00:00, 33.04it/s][A

 57%|█████▋    | 13/23 [00:00<00:00, 31.61it/s][A

 74%|███████▍  | 17/23 [00:00<00:00, 30.95it/s][A

 91%|█████████▏| 21/23 [00:00<00:00, 30.50it/s][A
                                                 

                                               
[A
 77%|███████▋  | 529/690 [05:20<00:52,  3.08it/s]

100%|██████████| 23/23 [00:00<00:00, 30.50it/s][A

                                               [A
                                                 

 77%|███████▋  | 529/690 [05:24<00:52,  3.08it/s]
 77%|███████▋  | 529/690 [05:24<01:38,  1.63it/s]
2025-04-11 06:20:59.046 | INFO     | __main__:fine_tune:229 - Training time: 324.80 seconds
CL loss: 1.606261134147644, CE loss: 0.08556557446718216, combined loss: 0.23763513565063477
CL loss: 1.1352722644805908, CE loss: 0.0669371485710144, combined loss: 0.17377066612243652
CL loss: 0.864508330821991, CE loss: 0.06819610297679901, combined loss: 0.14782732725143433
CL loss: 1.3516814708709717, CE loss: 0.07311651110649109, combined loss: 0.2009730041027069
CL loss: 1.1420263051986694, CE loss: 0.07629889249801636, combined loss: 0.18287163972854614
CL loss: 0.9631091952323914, CE loss: 0.07271388918161392, combined loss: 0.16175341606140137
CL loss: 2.067296266555786, CE loss: 0.10849159955978394, combined loss: 0.30437207221984863
CL loss: 0.8877378106117249, CE loss: 0.06747880578041077, combined loss: 0.14950470626354218
CL loss: 1.7067840099334717, CE loss: 0.09321257472038269, combined loss: 0.2545697093009949
CL loss: 0.9933372139930725, CE loss: 0.06123220920562744, combined loss: 0.1544427126646042
CL loss: 0.8722052574157715, CE loss: 0.06439761072397232, combined loss: 0.14517837762832642
CL loss: 1.2114217281341553, CE loss: 0.08341152220964432, combined loss: 0.1962125301361084
CL loss: 1.3571641445159912, CE loss: 0.07927033305168152, combined loss: 0.20705971121788025
CL loss: 0.8305256962776184, CE loss: 0.05627540126442909, combined loss: 0.133700430393219
CL loss: 0.9169350862503052, CE loss: 0.07124952226877213, combined loss: 0.15581807494163513
CL loss: 0.7747476696968079, CE loss: 0.04720059037208557, combined loss: 0.11995529383420944
CL loss: 1.249076247215271, CE loss: 0.07988778501749039, combined loss: 0.1968066394329071
CL loss: 1.1478632688522339, CE loss: 0.07899226993322372, combined loss: 0.18587936460971832
CL loss: 1.1362358331680298, CE loss: 0.0758466124534607, combined loss: 0.18188554048538208
CL loss: 0.6374560594558716, CE loss: 0.07596677541732788, combined loss: 0.1321157068014145
CL loss: 0.5397385954856873, CE loss: 0.05966269597411156, combined loss: 0.10767028480768204
CL loss: 0.0006187098333612084, CE loss: 0.08030908554792404, combined loss: 0.07234004139900208
{'eval_loss': 0.17481034994125366, 'eval_top_1_macro_recall': 0.5133476806294225, 'eval_top_1_macro_precision': 0.5474953311438622, 'eval_top_1_macro_f1': 0.5237455844455758, 'eval_top_1_accuracy': 0.770098730606488, 'eval_top_1_micro_recall': 0.6707616707616708, 'eval_top_1_micro_precision': 0.770098730606488, 'eval_top_1_micro_f1': 0.7170059093893631, 'eval_top_2_macro_recall': 0.7004766995298285, 'eval_top_2_macro_precision': 0.48327128251640256, 'eval_top_2_macro_f1': 0.5332576498642319, 'eval_top_2_accuracy': 0.849083215796897, 'eval_top_2_micro_recall': 0.8132678132678133, 'eval_top_2_micro_precision': 0.46685472496473907, 'eval_top_2_micro_f1': 0.5931899641577061, 'eval_top_3_macro_recall': 0.7933574857891886, 'eval_top_3_macro_precision': 0.4039770882493322, 'eval_top_3_macro_f1': 0.49637412616345583, 'eval_top_3_accuracy': 0.9097320169252469, 'eval_top_3_micro_recall': 0.8968058968058968, 'eval_top_3_micro_precision': 0.3432063939821345, 'eval_top_3_micro_f1': 0.49642978578714725, 'eval_runtime': 1.0592, 'eval_samples_per_second': 669.372, 'eval_steps_per_second': 21.714, 'epoch': 23.0}
{'train_runtime': 324.6335, 'train_samples_per_second': 262.08, 'train_steps_per_second': 2.125, 'train_loss': 0.19250896882920726, 'epoch': 23.0}
CL loss: 0.8424142003059387, CE loss: 0.07979957014322281, combined loss: 0.15606102347373962

  0%|          | 0/23 [00:00<?, ?it/s]
 22%|██▏       | 5/23 [00:00<00:00, 37.62it/s]
 39%|███▉      | 9/23 [00:00<00:00, 33.11it/s]
 57%|█████▋    | 13/23 [00:00<00:00, 31.67it/s]
 74%|███████▍  | 17/23 [00:00<00:00, 31.04it/s]
 91%|█████████▏| 21/23 [00:00<00:00, 30.62it/s]
100%|██████████| 23/23 [00:00<00:00, 27.93it/s]
2025-04-11 06:21:00.077 | INFO     | __main__:fine_tune:235 - Prediction time: 1.03 seconds
2025-04-11 06:21:00.082 | INFO     | __main__:CV_run:413 - Fold 1, Final Eval Metrics: loss: 0.17, top_1_macro_recall: 0.51, top_1_macro_precision: 0.55, top_1_macro_f1: 0.52, top_1_accuracy: 0.77, top_1_micro_recall: 0.67, top_1_micro_precision: 0.77, top_1_micro_f1: 0.72, top_2_macro_recall: 0.70, top_2_macro_precision: 0.48, top_2_macro_f1: 0.53, top_2_accuracy: 0.85, top_2_micro_recall: 0.81, top_2_micro_precision: 0.47, top_2_micro_f1: 0.59, top_3_macro_recall: 0.79, top_3_macro_precision: 0.40, top_3_macro_f1: 0.50, top_3_accuracy: 0.91, top_3_micro_recall: 0.90, top_3_micro_precision: 0.34, top_3_micro_f1: 0.50, runtime: 1.06, samples_per_second: 669.37, steps_per_second: 21.71
2025-04-11 06:21:00.083 | INFO     | __main__:CV_run:350 - Starting fold 2
Some weights of RobertaForSequenceClassification were not initialized from the model checkpoint at roberta-base and are newly initialized: ['classifier.dense.bias', 'classifier.dense.weight', 'classifier.out_proj.bias', 'classifier.out_proj.weight']
You should probably TRAIN this model on a down-stream task to be able to use it for predictions and inference.
2025-04-11 06:21:00.189 | INFO     | __main__:CV_run:407 - Starting fine-tuning with combined contrastive learning & cross-entropy loss
2025-04-11 06:21:00.189 | INFO     | __main__:CV_run:408 - Loss function: CLCE
2025-04-11 06:21:00.189 | INFO     | __main__:CV_run:409 - tau: 0.1
2025-04-11 06:21:00.189 | INFO     | __main__:CV_run:410 - lambda: 0.1
CL loss: 2.09029221534729, CE loss: 0.10159280151128769, combined loss: 0.3004627525806427
CL loss: 1.5174500942230225, CE loss: 0.09961964935064316, combined loss: 0.24140268564224243
CL loss: 1.6049449443817139, CE loss: 0.10039188712835312, combined loss: 0.250847190618515
CL loss: 1.5123142004013062, CE loss: 0.09212355315685272, combined loss: 0.23414261639118195
CL loss: 1.7202026844024658, CE loss: 0.1065710261464119, combined loss: 0.2679342031478882
CL loss: 1.2776210308074951, CE loss: 0.1090516448020935, combined loss: 0.2259085774421692
CL loss: 1.7477138042449951, CE loss: 0.11068107187747955, combined loss: 0.27438434958457947
CL loss: 1.5548434257507324, CE loss: 0.08091113716363907, combined loss: 0.22830437123775482
CL loss: 0.7384336590766907, CE loss: 0.09087137132883072, combined loss: 0.15562760829925537
CL loss: 1.7993837594985962, CE loss: 0.08810925483703613, combined loss: 0.2592366933822632
CL loss: 0.9860915541648865, CE loss: 0.08459800481796265, combined loss: 0.17474736273288727
CL loss: 1.709259033203125, CE loss: 0.09648271650075912, combined loss: 0.25776034593582153
CL loss: 1.802381157875061, CE loss: 0.10638964176177979, combined loss: 0.27598878741264343
CL loss: 1.0914709568023682, CE loss: 0.07626750320196152, combined loss: 0.17778784036636353
CL loss: 1.2227635383605957, CE loss: 0.09945172071456909, combined loss: 0.21178290247917175
CL loss: 1.020683765411377, CE loss: 0.08007577806711197, combined loss: 0.17413657903671265
CL loss: 1.5245532989501953, CE loss: 0.0942622572183609, combined loss: 0.2372913658618927
CL loss: 1.0052940845489502, CE loss: 0.08637834340333939, combined loss: 0.17826992273330688
CL loss: 1.3817492723464966, CE loss: 0.09257284551858902, combined loss: 0.2214905023574829
CL loss: 1.9646354913711548, CE loss: 0.11044663935899734, combined loss: 0.295865535736084
CL loss: 0.622501015663147, CE loss: 0.07876601070165634, combined loss: 0.133139505982399
CL loss: 0.0001205874650622718, CE loss: 0.07048496603965759, combined loss: 0.06344852596521378
Eval results: defaultdict(<class 'list'>, {'loss': [0.42283302545547485, 0.31437864899635315, 0.2853650450706482, 0.2544008493423462, 0.24343329668045044, 0.24640560150146484, 0.22680892050266266, 0.22146736085414886, 0.22528709471225739, 0.2054719626903534, 0.19924122095108032, 0.19152595102787018, 0.19218701124191284, 0.1904902309179306, 0.18191781640052795, 0.18010124564170837, 0.1764383465051651, 0.17219612002372742, 0.17370833456516266, 0.17279523611068726, 0.17525790631771088, 0.18077291548252106, 0.17481034994125366], 'top_1_macro_recall': [0.11186656403213421, 0.17726165170439445, 0.20319316200968676, 0.21231338964577606, 0.22189687541485326, 0.28839528593886166, 0.38193519756159494, 0.4101059266896444, 0.3996021603603817, 0.4225950044728574, 0.4428967573226903, 0.45163322487903024, 0.4510110748598443, 0.47418084668296884, 0.47130155187255823, 0.48071160410805186, 0.4742184168254507, 0.4587061239972703, 0.48430124578134315, 0.5149637955900017, 0.4811104062454943, 0.5100717864369412, 0.5133476806294225], 'top_1_macro_precision': [0.05539016170245406, 0.14195203381391394, 0.12806646966538165, 0.16432570755501896, 0.18834941679130432, 0.3314774072788222, 0.37325259140138345, 0.4385192496521508, 0.4219600917157139, 0.4492400594903385, 0.4712193784526324, 0.46673762881044956, 0.4675368843606442, 0.4785834318111106, 0.4869190396546885, 0.4917567797743279, 0.4951078668694873, 0.49506526349819463, 0.48981391272312697, 0.5418008364100767, 0.48602410514292466, 0.5386941467735034, 0.5474953311438622], 'top_1_macro_f1': [0.06982042432605637, 0.13395374546863506, 0.15416765909804375, 0.16594207979829356, 0.17167916903495836, 0.2829237392264891, 0.3699336080414481, 0.40832688791329924, 0.38480522375815646, 0.4233294023828369, 0.4431762502553388, 0.45255072441553956, 0.44770981412167915, 0.47091029308423626, 0.4722094778211149, 0.47832218971133306, 0.47613724710829947, 0.46230725337965556, 0.47934674819417816, 0.5219595977417483, 0.47615788901996337, 0.5207857236753131, 0.5237455844455758], 'top_1_accuracy': [0.27926657263751764, 0.4146685472496474, 0.46262341325811, 0.48519040902679833, 0.5133991537376587, 0.5528913963328632, 0.609308885754584, 0.6445698166431594, 0.6361071932299013, 0.691114245416079, 0.7150916784203103, 0.7263751763046544, 0.7136812411847673, 0.7545839210155149, 0.7475317348377997, 0.7616361071932299, 0.7588152327221439, 0.7475317348377997, 0.764456981664316, 0.771509167842031, 0.7616361071932299, 0.771509167842031, 0.770098730606488], 'top_1_micro_recall': [0.24324324324324326, 0.36117936117936117, 0.40294840294840295, 0.4226044226044226, 0.44717444717444715, 0.48157248157248156, 0.5307125307125307, 0.5614250614250614, 0.5540540540540541, 0.601965601965602, 0.6228501228501229, 0.6326781326781327, 0.6216216216216216, 0.6572481572481572, 0.6511056511056511, 0.6633906633906634, 0.6609336609336609, 0.6511056511056511, 0.6658476658476659, 0.671990171990172, 0.6633906633906634, 0.671990171990172, 0.6707616707616708], 'top_1_micro_precision': [0.27926657263751764, 0.4146685472496474, 0.46262341325811, 0.48519040902679833, 0.5133991537376587, 0.5528913963328632, 0.609308885754584, 0.6445698166431594, 0.6361071932299013, 0.691114245416079, 0.7150916784203103, 0.7263751763046544, 0.7136812411847673, 0.7545839210155149, 0.7475317348377997, 0.7616361071932299, 0.7588152327221439, 0.7475317348377997, 0.764456981664316, 0.771509167842031, 0.7616361071932299, 0.771509167842031, 0.770098730606488], 'top_1_micro_f1': [0.2600131319763625, 0.38608010505581086, 0.4307288246881156, 0.4517399868680236, 0.47800393959290877, 0.5147734734077478, 0.5673013788575181, 0.6001313197636244, 0.5922521339461589, 0.6434668417596849, 0.6657912015758372, 0.6762967826657912, 0.6644780039395928, 0.7025607353906763, 0.695994747209455, 0.7091267235718975, 0.7065003282994091, 0.695994747209455, 0.7117531188443861, 0.7183191070256075, 0.7091267235718975, 0.7183191070256075, 0.7170059093893631], 'top_2_macro_recall': [0.15493524170928888, 0.27269625763375305, 0.35639501986114863, 0.3682021324310378, 0.46102679010244374, 0.4749115231423001, 0.4940962639360809, 0.544543105100745, 0.5580138903692677, 0.5836826784197836, 0.5763591132276886, 0.5798902449762667, 0.5752407556874343, 0.6002216049998618, 0.6024318315444762, 0.6023094996812325, 0.6314944381272223, 0.6105110202860969, 0.6274585076688212, 0.6911881495818714, 0.6560591423071188, 0.7015298491105324, 0.7004766995298285], 'top_2_macro_precision': [0.05875125497941413, 0.1194720862713646, 0.15685246560223295, 0.23141224888056158, 0.28756740319269497, 0.3315425229230155, 0.31878740141725687, 0.349124322029143, 0.3535636503876906, 0.41524345691114095, 0.3737514929955575, 0.3762438406722459, 0.3937650223433392, 0.38758974845281036, 0.3880752421745188, 0.38466763562099565, 0.4458602086652126, 0.4143447242345528, 0.4055251186766343, 0.5047063222320466, 0.48469310792155973, 0.5128150810790261, 0.48327128251640256], 'top_2_macro_f1': [0.07851414853180241, 0.16095047963896594, 0.2110587437593945, 0.24333813627179, 0.3269467288824011, 0.3644890075406604, 0.34818144659062916, 0.38587678226990063, 0.4122708850242887, 0.4480244903627526, 0.43302212126577083, 0.4372751180710827, 0.44392491128847117, 0.4520882178957537, 0.45148802365175167, 0.4529931048009334, 0.4973480154675395, 0.4757198822762319, 0.4733957880226122, 0.5421576800349409, 0.5074295082984649, 0.5531724137796307, 0.5332576498642319], 'top_2_accuracy': [0.4118476727785614, 0.5726375176304654, 0.6530324400564175, 0.6657263751763046, 0.7306064880112835, 0.7249647390691114, 0.7362482369534555, 0.7983074753173484, 0.7898448519040903, 0.8265162200282088, 0.8194640338504936, 0.8251057827926658, 0.8138222849083215, 0.846262341325811, 0.849083215796897, 0.8392101551480959, 0.846262341325811, 0.849083215796897, 0.844851904090268, 0.849083215796897, 0.8519040902679831, 0.8392101551480959, 0.849083215796897], 'top_2_micro_recall': [0.36240786240786244, 0.5122850122850123, 0.5847665847665847, 0.5958230958230958, 0.6511056511056511, 0.6474201474201474, 0.6646191646191646, 0.7248157248157249, 0.7272727272727273, 0.7616707616707616, 0.7604422604422605, 0.7616707616707616, 0.7493857493857494, 0.7825552825552825, 0.785012285012285, 0.785012285012285, 0.7960687960687961, 0.7923832923832924, 0.7985257985257985, 0.8071253071253072, 0.8071253071253072, 0.8058968058968059, 0.8132678132678133], 'top_2_micro_precision': [0.20803949224259521, 0.2940761636107193, 0.33568406205923834, 0.34203102961918197, 0.37376586741889983, 0.3716502115655853, 0.3815232722143865, 0.41607898448519043, 0.41748942172073344, 0.43723554301833567, 0.43653032440056416, 0.43723554301833567, 0.4301833568406206, 0.44922425952045136, 0.4506346967559944, 0.4506346967559944, 0.45698166431593795, 0.45486600846262343, 0.45839210155148097, 0.4633286318758815, 0.4633286318758815, 0.46262341325811, 0.46685472496473907], 'top_2_micro_f1': [0.26433691756272404, 0.3736559139784946, 0.4265232974910394, 0.43458781362007165, 0.47491039426523296, 0.47222222222222215, 0.48476702508960573, 0.5286738351254481, 0.5304659498207885, 0.5555555555555556, 0.5546594982078854, 0.5555555555555556, 0.546594982078853, 0.5707885304659499, 0.5725806451612904, 0.5725806451612904, 0.5806451612903226, 0.5779569892473119, 0.5824372759856631, 0.5887096774193549, 0.5887096774193549, 0.5878136200716846, 0.5931899641577061], 'top_3_macro_recall': [0.24092731526798586, 0.41619161567098784, 0.4174768000989759, 0.4624933429246583, 0.5290589784771881, 0.5644691850665778, 0.5935983777399074, 0.6345113081739865, 0.6578937315934368, 0.6674599088659882, 0.6442393045981801, 0.661815338444225, 0.6727978952302077, 0.7190868364490286, 0.7188267072624176, 0.7363534449568347, 0.7476009249817441, 0.7844088593983742, 0.7818727797185936, 0.7966403087180975, 0.7994125383057831, 0.7919186849875692, 0.7933574857891886], 'top_3_macro_precision': [0.0776300529060164, 0.13412795409262326, 0.13928672589159996, 0.23153034738723752, 0.26057376305113816, 0.2797344821407265, 0.2906043336028232, 0.281878325729592, 0.33330812505854923, 0.4025357430660769, 0.3298441629238298, 0.34011171982866856, 0.3698705792785281, 0.3535210765137106, 0.36636392068469126, 0.35827621210537997, 0.37080617915048913, 0.4181550534026936, 0.4188015053144694, 0.4104894789845471, 0.41555445945845587, 0.4164059211591354, 0.4039770882493322], 'top_3_macro_f1': [0.10769198464045879, 0.1958724084934854, 0.19937252601170882, 0.26769321708622246, 0.3211293708933873, 0.3516021948318238, 0.36163372621273265, 0.3701462986583887, 0.4101263297250238, 0.4426477940718032, 0.40727457228712005, 0.4170622912051833, 0.43274554614650323, 0.4433252835541316, 0.45299385241853596, 0.4504581234269151, 0.4653835384706163, 0.5069483711429134, 0.5028833331347282, 0.5010178099200475, 0.509901853363866, 0.5046778371228758, 0.49637412616345583], 'top_3_accuracy': [0.5599435825105783, 0.7503526093088858, 0.7588152327221439, 0.7898448519040903, 0.844851904090268, 0.8504936530324401, 0.8645980253878702, 0.8885754583921015, 0.8716502115655853, 0.8998589562764457, 0.8899858956276445, 0.9040902679830748, 0.8970380818053597, 0.8998589562764457, 0.8970380818053597, 0.9055007052186178, 0.9111424541607899, 0.9097320169252469, 0.918194640338505, 0.9012693935119888, 0.919605077574048, 0.9012693935119888, 0.9097320169252469], 'top_3_micro_recall': [0.49385749385749383, 0.6842751842751843, 0.6867321867321867, 0.7162162162162162, 0.7678132678132679, 0.7837837837837838, 0.8022113022113022, 0.8341523341523341, 0.8353808353808354, 0.855036855036855, 0.8476658476658476, 0.8648648648648649, 0.8587223587223587, 0.8832923832923832, 0.8771498771498771, 0.8894348894348895, 0.898034398034398, 0.8992628992628993, 0.902948402948403, 0.8931203931203932, 0.9090909090909091, 0.8931203931203932, 0.8968058968058968], 'top_3_micro_precision': [0.18899858956276447, 0.2618711800658204, 0.2628114715561824, 0.2740949694405266, 0.2938410907381288, 0.2999529854254819, 0.307005171603197, 0.31922896097790315, 0.31969910672308416, 0.32722143864598024, 0.3244005641748942, 0.3309826046074283, 0.32863187588152326, 0.33803479078514337, 0.33568406205923834, 0.34038551951104845, 0.3436765397273155, 0.3441466854724965, 0.3455571227080395, 0.34179595674659147, 0.34790785143394454, 0.34179595674659147, 0.3432063939821345], 'top_3_micro_f1': [0.2733764025841551, 0.3787827269636178, 0.38014280856851407, 0.39646378782726965, 0.42502550153009183, 0.4338660319619177, 0.44406664399863993, 0.4617477048622918, 0.46242774566473993, 0.4733083985039102, 0.4692281536892214, 0.4787487249234954, 0.4753485209112546, 0.4889493369602176, 0.4855491329479769, 0.49234954097245837, 0.4971098265895954, 0.4977898673920435, 0.4998299897993879, 0.49438966337980284, 0.5032301938116287, 0.49438966337980284, 0.49642978578714725], 'runtime': [1.3649, 1.0278, 1.0678, 1.0534, 1.0649, 1.0774, 1.0768, 1.0642, 1.0579, 1.0535, 1.0816, 1.0637, 1.0792, 1.0631, 1.0846, 1.0735, 1.0763, 1.0883, 1.057, 1.098, 1.0893, 1.0867, 1.0592], 'samples_per_second': [519.471, 689.819, 663.995, 673.067, 665.789, 658.088, 658.415, 666.237, 670.172, 672.989, 655.535, 666.536, 656.976, 666.893, 653.721, 660.466, 658.719, 651.459, 670.786, 645.735, 650.867, 652.454, 669.372], 'steps_per_second': [16.852, 22.378, 21.54, 21.834, 21.598, 21.348, 21.359, 21.613, 21.74, 21.832, 21.266, 21.622, 21.312, 21.634, 21.207, 21.426, 21.369, 21.133, 21.76, 20.948, 21.114, 21.166, 21.714]})
lambda value for Optimized CLCE loss: 0.1

  0%|          | 0/690 [00:00<?, ?it/s]
  0%|          | 1/690 [00:00<08:14,  1.39it/s]
  0%|          | 2/690 [00:01<06:09,  1.86it/s]
  0%|          | 3/690 [00:01<05:28,  2.09it/s]
  1%|          | 4/690 [00:01<05:09,  2.21it/s]
  1%|          | 5/690 [00:02<04:59,  2.29it/s]
  1%|          | 6/690 [00:02<04:52,  2.34it/s]
  1%|          | 7/690 [00:03<04:48,  2.37it/s]
  1%|          | 8/690 [00:03<04:46,  2.38it/s]
  1%|▏         | 9/690 [00:04<04:43,  2.40it/s]
  1%|▏         | 10/690 [00:04<04:42,  2.41it/s]
  2%|▏         | 11/690 [00:04<04:41,  2.41it/s]
  2%|▏         | 12/690 [00:05<04:39,  2.42it/s]
  2%|▏         | 13/690 [00:05<04:38,  2.43it/s]
  2%|▏         | 14/690 [00:06<04:38,  2.43it/s]
  2%|▏         | 15/690 [00:06<04:37,  2.43it/s]
  2%|▏         | 16/690 [00:06<04:37,  2.43it/s]
  2%|▏         | 17/690 [00:07<04:37,  2.43it/s]
  3%|▎         | 18/690 [00:07<04:36,  2.43it/s]
  3%|▎         | 19/690 [00:08<04:36,  2.43it/s]
  3%|▎         | 20/690 [00:08<04:36,  2.43it/s]
  3%|▎         | 21/690 [00:08<04:35,  2.43it/s]
  3%|▎         | 22/690 [00:09<04:35,  2.43it/s]
  3%|▎         | 23/690 [00:09<03:37,  3.06it/s]
                                                

  3%|▎         | 23/690 [00:09<03:37,  3.06it/s]CL loss: 2.3572287559509277, CE loss: 0.7015160918235779, combined loss: 0.8670873641967773
CL loss: 2.282517433166504, CE loss: 0.6592879295349121, combined loss: 0.8216108679771423
CL loss: 2.4299123287200928, CE loss: 0.5969917178153992, combined loss: 0.7802838087081909
CL loss: 2.471806049346924, CE loss: 0.5287318229675293, combined loss: 0.7230392694473267
CL loss: 2.443760395050049, CE loss: 0.48598814010620117, combined loss: 0.6817653775215149
CL loss: 2.4442026615142822, CE loss: 0.4454875588417053, combined loss: 0.6453590393066406
CL loss: 2.2829275131225586, CE loss: 0.41620343923568726, combined loss: 0.602875828742981
CL loss: 2.3850111961364746, CE loss: 0.3942863345146179, combined loss: 0.5933588147163391
CL loss: 2.299574613571167, CE loss: 0.3716820180416107, combined loss: 0.5644712448120117
CL loss: 2.2864744663238525, CE loss: 0.3573634624481201, combined loss: 0.5502745509147644
CL loss: 2.266174077987671, CE loss: 0.348559707403183, combined loss: 0.5403211116790771
CL loss: 2.1937007904052734, CE loss: 0.33795228600502014, combined loss: 0.5235271453857422
CL loss: 2.2568728923797607, CE loss: 0.3275927007198334, combined loss: 0.5205206871032715
CL loss: 2.0934557914733887, CE loss: 0.3146410882472992, combined loss: 0.49252253770828247
CL loss: 2.1427507400512695, CE loss: 0.30632543563842773, combined loss: 0.489967942237854
CL loss: 2.0611178874969482, CE loss: 0.2983020544052124, combined loss: 0.47458362579345703
CL loss: 2.1173207759857178, CE loss: 0.2894516587257385, combined loss: 0.47223854064941406
CL loss: 2.018240451812744, CE loss: 0.28531378507614136, combined loss: 0.458606481552124
CL loss: 1.9694772958755493, CE loss: 0.28399229049682617, combined loss: 0.4525408148765564
CL loss: 1.8752105236053467, CE loss: 0.2699248492717743, combined loss: 0.43045341968536377
CL loss: 1.9642428159713745, CE loss: 0.26620423793792725, combined loss: 0.436008095741272
CL loss: 1.9120824337005615, CE loss: 0.2638482451438904, combined loss: 0.428671658039093
CL loss: 1.8601138591766357, CE loss: 0.25500360131263733, combined loss: 0.41551461815834045
{'loss': 0.5637, 'grad_norm': 1.0802197456359863, 'learning_rate': 4.8333333333333334e-05, 'epoch': 1.0}
CL loss: 1.8237640857696533, CE loss: 0.23239758610725403, combined loss: 0.3915342390537262


  0%|          | 0/23 [00:00<?, ?it/s][A

 17%|█▋        | 4/23 [00:00<00:00, 39.95it/s][A

 35%|███▍      | 8/23 [00:00<00:00, 33.19it/s][A

 52%|█████▏    | 12/23 [00:00<00:00, 31.54it/s][A

 70%|██████▉   | 16/23 [00:00<00:00, 30.86it/s][A

 87%|████████▋ | 20/23 [00:00<00:00, 30.48it/s][A

                                               
[A
                                                

100%|██████████| 23/23 [00:00<00:00, 30.48it/s][A
  3%|▎         | 23/690 [00:10<03:37,  3.06it/s]

                                               [ACL loss: 1.9448126554489136, CE loss: 0.2358454018831253, combined loss: 0.406742125749588
CL loss: 2.1575546264648438, CE loss: 0.23681680858135223, combined loss: 0.428890585899353
CL loss: 1.7844053506851196, CE loss: 0.2501958906650543, combined loss: 0.40361684560775757
CL loss: 2.1976349353790283, CE loss: 0.23200547695159912, combined loss: 0.42856842279434204
CL loss: 1.990783929824829, CE loss: 0.23472794890403748, combined loss: 0.4103335440158844
CL loss: 1.8529964685440063, CE loss: 0.23656217753887177, combined loss: 0.39820560812950134
CL loss: 1.872922658920288, CE loss: 0.23699826002120972, combined loss: 0.4005906879901886
CL loss: 1.7824209928512573, CE loss: 0.23611029982566833, combined loss: 0.39074134826660156
CL loss: 1.9873708486557007, CE loss: 0.2442040890455246, combined loss: 0.4185207486152649
CL loss: 2.202272891998291, CE loss: 0.22933901846408844, combined loss: 0.4266324043273926
CL loss: 2.1245312690734863, CE loss: 0.23607449233531952, combined loss: 0.4249201714992523
CL loss: 1.9262830018997192, CE loss: 0.2405153214931488, combined loss: 0.40909209847450256
CL loss: 2.002854585647583, CE loss: 0.23594659566879272, combined loss: 0.4126374125480652
CL loss: 1.887010097503662, CE loss: 0.24617379903793335, combined loss: 0.4102574288845062
CL loss: 1.6909273862838745, CE loss: 0.24350528419017792, combined loss: 0.3882474899291992
CL loss: 1.7648175954818726, CE loss: 0.2345527857542038, combined loss: 0.3875792622566223
CL loss: 2.096177101135254, CE loss: 0.24433276057243347, combined loss: 0.4295172095298767
CL loss: 1.8774007558822632, CE loss: 0.23728136718273163, combined loss: 0.4012932777404785
CL loss: 1.677775502204895, CE loss: 0.23618796467781067, combined loss: 0.38034671545028687
CL loss: 1.7542091608047485, CE loss: 0.246710866689682, combined loss: 0.3974606990814209
CL loss: 2.180852174758911, CE loss: 0.24079954624176025, combined loss: 0.4348047971725464
CL loss: 1.1980998516082764, CE loss: 0.22340089082717896, combined loss: 0.3208707869052887
{'eval_loss': 0.4075900912284851, 'eval_top_1_macro_recall': 0.12454958946187017, 'eval_top_1_macro_precision': 0.05401326572201603, 'eval_top_1_macro_f1': 0.0732397183985391, 'eval_top_1_accuracy': 0.3244005641748942, 'eval_top_1_micro_recall': 0.2839506172839506, 'eval_top_1_micro_precision': 0.3244005641748942, 'eval_top_1_micro_f1': 0.30283080974325216, 'eval_top_2_macro_recall': 0.16040220802125565, 'eval_top_2_macro_precision': 0.054382136489189076, 'eval_top_2_macro_f1': 0.07824423434333387, 'eval_top_2_accuracy': 0.43441466854724964, 'eval_top_2_micro_recall': 0.3802469135802469, 'eval_top_2_micro_precision': 0.21720733427362482, 'eval_top_2_micro_f1': 0.2764811490125673, 'eval_top_3_macro_recall': 0.21667614091856516, 'eval_top_3_macro_precision': 0.05589043785588062, 'eval_top_3_macro_f1': 0.08558102626310943, 'eval_top_3_accuracy': 0.5655853314527504, 'eval_top_3_micro_recall': 0.5012345679012346, 'eval_top_3_micro_precision': 0.1908791725434885, 'eval_top_3_micro_f1': 0.27647259107933264, 'eval_runtime': 1.0854, 'eval_samples_per_second': 653.217, 'eval_steps_per_second': 21.19, 'epoch': 1.0}

  3%|▎         | 24/690 [00:14<18:18,  1.65s/it]
  4%|▎         | 25/690 [00:14<14:09,  1.28s/it]
  4%|▍         | 26/690 [00:15<11:15,  1.02s/it]
  4%|▍         | 27/690 [00:15<09:13,  1.20it/s]
  4%|▍         | 28/690 [00:15<07:47,  1.41it/s]
  4%|▍         | 29/690 [00:16<06:48,  1.62it/s]
  4%|▍         | 30/690 [00:16<06:07,  1.80it/s]
  4%|▍         | 31/690 [00:17<05:37,  1.95it/s]
  5%|▍         | 32/690 [00:17<05:16,  2.08it/s]
  5%|▍         | 33/690 [00:17<05:02,  2.17it/s]
  5%|▍         | 34/690 [00:18<04:52,  2.25it/s]
  5%|▌         | 35/690 [00:18<04:44,  2.30it/s]
  5%|▌         | 36/690 [00:19<04:39,  2.34it/s]
  5%|▌         | 37/690 [00:19<04:36,  2.36it/s]
  6%|▌         | 38/690 [00:19<04:33,  2.39it/s]
  6%|▌         | 39/690 [00:20<04:31,  2.40it/s]
  6%|▌         | 40/690 [00:20<04:29,  2.41it/s]
  6%|▌         | 41/690 [00:21<04:28,  2.42it/s]
  6%|▌         | 42/690 [00:21<04:27,  2.42it/s]
  6%|▌         | 43/690 [00:22<04:26,  2.43it/s]
  6%|▋         | 44/690 [00:22<04:26,  2.43it/s]
  7%|▋         | 45/690 [00:22<04:25,  2.43it/s]
  7%|▋         | 46/690 [00:22<03:31,  3.05it/s]
                                                

  7%|▋         | 46/690 [00:23<03:31,  3.05it/s]CL loss: 1.859597086906433, CE loss: 0.24407756328582764, combined loss: 0.4056295156478882
CL loss: 1.8978257179260254, CE loss: 0.24190185964107513, combined loss: 0.4074942469596863
CL loss: 1.7746524810791016, CE loss: 0.23759578168392181, combined loss: 0.3913014531135559
CL loss: 1.8124620914459229, CE loss: 0.2369600236415863, combined loss: 0.3945102095603943
CL loss: 1.7547926902770996, CE loss: 0.23243014514446259, combined loss: 0.384666383266449
CL loss: 1.5325151681900024, CE loss: 0.23189948499202728, combined loss: 0.3619610667228699
CL loss: 1.6419605016708374, CE loss: 0.22865352034568787, combined loss: 0.3699842095375061
CL loss: 1.577397108078003, CE loss: 0.21912789344787598, combined loss: 0.3549548089504242
CL loss: 1.7071930170059204, CE loss: 0.22244207561016083, combined loss: 0.3709171712398529
CL loss: 1.4779318571090698, CE loss: 0.2204122543334961, combined loss: 0.3461642265319824
CL loss: 1.6282778978347778, CE loss: 0.21790465712547302, combined loss: 0.3589419722557068
CL loss: 1.7193506956100464, CE loss: 0.20826296508312225, combined loss: 0.35937172174453735
CL loss: 1.542702317237854, CE loss: 0.2064175009727478, combined loss: 0.3400459885597229
CL loss: 1.6403484344482422, CE loss: 0.20769286155700684, combined loss: 0.3509584069252014
CL loss: 1.5876431465148926, CE loss: 0.2067732810974121, combined loss: 0.3448602557182312
CL loss: 1.6251230239868164, CE loss: 0.201237291097641, combined loss: 0.34362584352493286
CL loss: 1.3881891965866089, CE loss: 0.19554895162582397, combined loss: 0.31481295824050903
CL loss: 1.458662748336792, CE loss: 0.18995387852191925, combined loss: 0.3168247640132904
CL loss: 1.4064501523971558, CE loss: 0.19814422726631165, combined loss: 0.3189747929573059
CL loss: 1.5614114999771118, CE loss: 0.19273442029953003, combined loss: 0.32960212230682373
CL loss: 1.474031925201416, CE loss: 0.19188781082630157, combined loss: 0.3201022148132324
CL loss: 1.3528623580932617, CE loss: 0.1905701458454132, combined loss: 0.30679935216903687
CL loss: 1.6467020511627197, CE loss: 0.17832082509994507, combined loss: 0.325158953666687
{'loss': 0.3529, 'grad_norm': 1.8345832824707031, 'learning_rate': 4.666666666666667e-05, 'epoch': 2.0}
CL loss: 1.1015421152114868, CE loss: 0.18204684555530548, combined loss: 0.27399635314941406


  0%|          | 0/23 [00:00<?, ?it/s][A

 22%|██▏       | 5/23 [00:00<00:00, 37.46it/s][A

 39%|███▉      | 9/23 [00:00<00:00, 33.07it/s][A

 57%|█████▋    | 13/23 [00:00<00:00, 31.55it/s][A

 74%|███████▍  | 17/23 [00:00<00:00, 30.82it/s][A

 91%|█████████▏| 21/23 [00:00<00:00, 30.43it/s][A

                                               
[A
                                                

100%|██████████| 23/23 [00:00<00:00, 30.43it/s][A
  7%|▋         | 46/690 [00:24<03:31,  3.05it/s]

                                               [ACL loss: 1.6147629022598267, CE loss: 0.1855505406856537, combined loss: 0.3284717798233032
CL loss: 1.8671926259994507, CE loss: 0.18101222813129425, combined loss: 0.3496302664279938
CL loss: 1.5931066274642944, CE loss: 0.19848640263080597, combined loss: 0.33794844150543213
CL loss: 1.885416865348816, CE loss: 0.18002940714359283, combined loss: 0.35056817531585693
CL loss: 1.4036962985992432, CE loss: 0.17947110533714294, combined loss: 0.3018936514854431
CL loss: 1.7013752460479736, CE loss: 0.1775987446308136, combined loss: 0.3299763798713684
CL loss: 1.7769105434417725, CE loss: 0.18160510063171387, combined loss: 0.3411356508731842
CL loss: 1.568487286567688, CE loss: 0.18406365811824799, combined loss: 0.32250601053237915
CL loss: 1.3881585597991943, CE loss: 0.19108542799949646, combined loss: 0.3107927441596985
CL loss: 1.6940984725952148, CE loss: 0.17544448375701904, combined loss: 0.32730990648269653
CL loss: 1.8732750415802002, CE loss: 0.18127897381782532, combined loss: 0.3504785895347595
CL loss: 1.6846777200698853, CE loss: 0.18941734731197357, combined loss: 0.33894336223602295
CL loss: 1.3408291339874268, CE loss: 0.17820577323436737, combined loss: 0.29446810483932495
CL loss: 1.3590675592422485, CE loss: 0.1945910006761551, combined loss: 0.31103867292404175
CL loss: 1.3277634382247925, CE loss: 0.1924477070569992, combined loss: 0.30597928166389465
CL loss: 1.1742738485336304, CE loss: 0.1804065704345703, combined loss: 0.27979329228401184
CL loss: 1.097527265548706, CE loss: 0.18948626518249512, combined loss: 0.2802903652191162
CL loss: 1.358163833618164, CE loss: 0.18236739933490753, combined loss: 0.29994702339172363
CL loss: 1.2426263093948364, CE loss: 0.1797538697719574, combined loss: 0.28604111075401306
CL loss: 0.9369785189628601, CE loss: 0.19264383614063263, combined loss: 0.2670772969722748
CL loss: 1.5971518754959106, CE loss: 0.1866641789674759, combined loss: 0.3277129530906677
CL loss: 0.7020216584205627, CE loss: 0.16063030064105988, combined loss: 0.2147694230079651
{'eval_loss': 0.31366124749183655, 'eval_top_1_macro_recall': 0.16128587256101162, 'eval_top_1_macro_precision': 0.11008973221932788, 'eval_top_1_macro_f1': 0.11985860362959748, 'eval_top_1_accuracy': 0.3638928067700987, 'eval_top_1_micro_recall': 0.31851851851851853, 'eval_top_1_micro_precision': 0.3638928067700987, 'eval_top_1_micro_f1': 0.3396971691902568, 'eval_top_2_macro_recall': 0.23316441977734523, 'eval_top_2_macro_precision': 0.12719622997660662, 'eval_top_2_macro_f1': 0.14972822920908477, 'eval_top_2_accuracy': 0.5260930888575458, 'eval_top_2_micro_recall': 0.4617283950617284, 'eval_top_2_micro_precision': 0.2637517630465444, 'eval_top_2_micro_f1': 0.3357271095152603, 'eval_top_3_macro_recall': 0.28739397884237544, 'eval_top_3_macro_precision': 0.12699328608419516, 'eval_top_3_macro_f1': 0.15568344242143053, 'eval_top_3_accuracy': 0.6614950634696756, 'eval_top_3_micro_recall': 0.5851851851851851, 'eval_top_3_micro_precision': 0.22284908321579688, 'eval_top_3_micro_f1': 0.32277834525025534, 'eval_runtime': 1.114, 'eval_samples_per_second': 636.45, 'eval_steps_per_second': 20.646, 'epoch': 2.0}

  7%|▋         | 47/690 [00:27<17:15,  1.61s/it]
  7%|▋         | 48/690 [00:27<13:22,  1.25s/it]
  7%|▋         | 49/690 [00:28<10:42,  1.00s/it]
  7%|▋         | 50/690 [00:28<08:47,  1.21it/s]
  7%|▋         | 51/690 [00:29<07:27,  1.43it/s]
  8%|▊         | 52/690 [00:29<06:31,  1.63it/s]
  8%|▊         | 53/690 [00:30<05:51,  1.81it/s]
  8%|▊         | 54/690 [00:30<05:24,  1.96it/s]
  8%|▊         | 55/690 [00:30<05:04,  2.09it/s]
  8%|▊         | 56/690 [00:31<04:50,  2.18it/s]
  8%|▊         | 57/690 [00:31<04:41,  2.25it/s]
  8%|▊         | 58/690 [00:32<04:34,  2.30it/s]
  9%|▊         | 59/690 [00:32<04:29,  2.34it/s]
  9%|▊         | 60/690 [00:32<04:26,  2.37it/s]
  9%|▉         | 61/690 [00:33<04:23,  2.39it/s]
  9%|▉         | 62/690 [00:33<04:21,  2.40it/s]
  9%|▉         | 63/690 [00:34<04:20,  2.41it/s]
  9%|▉         | 64/690 [00:34<04:18,  2.42it/s]
  9%|▉         | 65/690 [00:34<04:17,  2.43it/s]
 10%|▉         | 66/690 [00:35<04:17,  2.43it/s]
 10%|▉         | 67/690 [00:35<04:16,  2.43it/s]
 10%|▉         | 68/690 [00:36<04:15,  2.43it/s]
 10%|█         | 69/690 [00:36<03:22,  3.07it/s]
                                                

 10%|█         | 69/690 [00:36<03:22,  3.07it/s]CL loss: 1.518153429031372, CE loss: 0.18539628386497498, combined loss: 0.3186720013618469
CL loss: 1.5388132333755493, CE loss: 0.18269439041614532, combined loss: 0.3183062672615051
CL loss: 1.4210044145584106, CE loss: 0.18706519901752472, combined loss: 0.31045910716056824
CL loss: 1.3642946481704712, CE loss: 0.17788131535053253, combined loss: 0.2965226471424103
CL loss: 1.4827195405960083, CE loss: 0.18318285048007965, combined loss: 0.3131365180015564
CL loss: 1.3441376686096191, CE loss: 0.17807205021381378, combined loss: 0.29467859864234924
CL loss: 1.4631950855255127, CE loss: 0.18092237412929535, combined loss: 0.3091496229171753
CL loss: 1.369886875152588, CE loss: 0.17777378857135773, combined loss: 0.29698508977890015
CL loss: 1.2572050094604492, CE loss: 0.17427700757980347, combined loss: 0.2825698256492615
CL loss: 1.229341983795166, CE loss: 0.17299766838550568, combined loss: 0.27863210439682007
CL loss: 1.1072807312011719, CE loss: 0.16678547859191895, combined loss: 0.2608349919319153
CL loss: 1.3687485456466675, CE loss: 0.16843684017658234, combined loss: 0.28846800327301025
CL loss: 1.2595442533493042, CE loss: 0.1701192855834961, combined loss: 0.27906179428100586
CL loss: 1.1052759885787964, CE loss: 0.1691320240497589, combined loss: 0.2627464234828949
CL loss: 1.1439718008041382, CE loss: 0.16793282330036163, combined loss: 0.26553672552108765
CL loss: 1.1851087808609009, CE loss: 0.1682083010673523, combined loss: 0.26989835500717163
CL loss: 1.397436261177063, CE loss: 0.16841185092926025, combined loss: 0.2913143038749695
CL loss: 1.3602088689804077, CE loss: 0.1706119030714035, combined loss: 0.2895715832710266
CL loss: 1.16971755027771, CE loss: 0.15505771338939667, combined loss: 0.2565236985683441
CL loss: 1.158947229385376, CE loss: 0.15812797844409943, combined loss: 0.2582099139690399
CL loss: 1.2731187343597412, CE loss: 0.15566571056842804, combined loss: 0.2674109935760498
CL loss: 1.1420575380325317, CE loss: 0.15799295902252197, combined loss: 0.2563994228839874
CL loss: 1.8712611198425293, CE loss: 0.1674402356147766, combined loss: 0.3378223180770874
{'loss': 0.2871, 'grad_norm': 1.1277111768722534, 'learning_rate': 4.5e-05, 'epoch': 3.0}
CL loss: 0.8571563363075256, CE loss: 0.14964714646339417, combined loss: 0.22039806842803955


  0%|          | 0/23 [00:00<?, ?it/s][A

 17%|█▋        | 4/23 [00:00<00:00, 39.51it/s][A

 35%|███▍      | 8/23 [00:00<00:00, 33.17it/s][A

 52%|█████▏    | 12/23 [00:00<00:00, 31.62it/s][A

 70%|██████▉   | 16/23 [00:00<00:00, 30.84it/s][A

 87%|████████▋ | 20/23 [00:00<00:00, 30.47it/s][A

                                               
[A
                                                

100%|██████████| 23/23 [00:00<00:00, 30.47it/s][A
 10%|█         | 69/690 [00:37<03:22,  3.07it/s]

                                               [ACL loss: 1.565820336341858, CE loss: 0.15966244041919708, combined loss: 0.3002782464027405
CL loss: 1.5519815683364868, CE loss: 0.15261681377887726, combined loss: 0.2925533056259155
CL loss: 1.377243161201477, CE loss: 0.16720132529735565, combined loss: 0.28820550441741943
CL loss: 1.7360304594039917, CE loss: 0.1542154997587204, combined loss: 0.3123970031738281
CL loss: 1.2247697114944458, CE loss: 0.15138648450374603, combined loss: 0.25872480869293213
CL loss: 1.6138721704483032, CE loss: 0.14634621143341064, combined loss: 0.2930988073348999
CL loss: 1.6046898365020752, CE loss: 0.15864980220794678, combined loss: 0.30325379967689514
CL loss: 1.2607319355010986, CE loss: 0.1503676325082779, combined loss: 0.2614040672779083
CL loss: 1.2389400005340576, CE loss: 0.15563638508319855, combined loss: 0.26396673917770386
CL loss: 1.6458302736282349, CE loss: 0.1473388969898224, combined loss: 0.29718804359436035
CL loss: 1.6457582712173462, CE loss: 0.15493349730968475, combined loss: 0.30401599407196045
CL loss: 1.625085473060608, CE loss: 0.1586187183856964, combined loss: 0.3052653968334198
CL loss: 1.2881734371185303, CE loss: 0.1470119059085846, combined loss: 0.2611280679702759
CL loss: 1.0554667711257935, CE loss: 0.1625339835882187, combined loss: 0.25182726979255676
CL loss: 0.9056779146194458, CE loss: 0.15949411690235138, combined loss: 0.23411250114440918
CL loss: 0.8999075293540955, CE loss: 0.1507490873336792, combined loss: 0.22566494345664978
CL loss: 0.846155047416687, CE loss: 0.15372374653816223, combined loss: 0.22296687960624695
CL loss: 1.1363800764083862, CE loss: 0.1520591825246811, combined loss: 0.25049126148223877
CL loss: 0.9712900519371033, CE loss: 0.15393327176570892, combined loss: 0.23566895723342896
CL loss: 0.716340959072113, CE loss: 0.15637139976024628, combined loss: 0.21236835420131683
CL loss: 1.430396556854248, CE loss: 0.16039414703845978, combined loss: 0.2873944044113159
CL loss: 0.6629575490951538, CE loss: 0.12479391694068909, combined loss: 0.17861028015613556
{'eval_loss': 0.26675453782081604, 'eval_top_1_macro_recall': 0.21758664955070603, 'eval_top_1_macro_precision': 0.14486886766769222, 'eval_top_1_macro_f1': 0.1690616199806245, 'eval_top_1_accuracy': 0.49647390691114246, 'eval_top_1_micro_recall': 0.4345679012345679, 'eval_top_1_micro_precision': 0.49647390691114246, 'eval_top_1_micro_f1': 0.4634628044766294, 'eval_top_2_macro_recall': 0.32868351678136765, 'eval_top_2_macro_precision': 0.20676723713290857, 'eval_top_2_macro_f1': 0.2251874634437577, 'eval_top_2_accuracy': 0.6685472496473907, 'eval_top_2_micro_recall': 0.591358024691358, 'eval_top_2_micro_precision': 0.33779971791255287, 'eval_top_2_micro_f1': 0.4299820466786356, 'eval_top_3_macro_recall': 0.41760241523246866, 'eval_top_3_macro_precision': 0.17811628467140309, 'eval_top_3_macro_f1': 0.23858570530876017, 'eval_top_3_accuracy': 0.7827926657263752, 'eval_top_3_micro_recall': 0.7061728395061728, 'eval_top_3_micro_precision': 0.2689233662435355, 'eval_top_3_micro_f1': 0.3895131086142322, 'eval_runtime': 1.1018, 'eval_samples_per_second': 643.491, 'eval_steps_per_second': 20.875, 'epoch': 3.0}

 10%|█         | 70/690 [00:40<16:37,  1.61s/it]
 10%|█         | 71/690 [00:41<12:53,  1.25s/it]
 10%|█         | 72/690 [00:41<10:17,  1.00it/s]
 11%|█         | 73/690 [00:42<08:26,  1.22it/s]
 11%|█         | 74/690 [00:42<07:09,  1.43it/s]
 11%|█         | 75/690 [00:42<06:16,  1.63it/s]
 11%|█         | 76/690 [00:43<05:38,  1.81it/s]
 11%|█         | 77/690 [00:43<05:11,  1.97it/s]
 11%|█▏        | 78/690 [00:44<04:53,  2.09it/s]
 11%|█▏        | 79/690 [00:44<04:40,  2.18it/s]
 12%|█▏        | 80/690 [00:45<04:30,  2.25it/s]
 12%|█▏        | 81/690 [00:45<04:24,  2.30it/s]
 12%|█▏        | 82/690 [00:45<04:19,  2.34it/s]
 12%|█▏        | 83/690 [00:46<04:16,  2.37it/s]
 12%|█▏        | 84/690 [00:46<04:14,  2.39it/s]
 12%|█▏        | 85/690 [00:47<04:11,  2.40it/s]
 12%|█▏        | 86/690 [00:47<04:09,  2.42it/s]
 13%|█▎        | 87/690 [00:47<04:09,  2.42it/s]
 13%|█▎        | 88/690 [00:48<04:08,  2.42it/s]
 13%|█▎        | 89/690 [00:48<04:07,  2.43it/s]
 13%|█▎        | 90/690 [00:49<04:07,  2.42it/s]
 13%|█▎        | 91/690 [00:49<04:06,  2.43it/s]
 13%|█▎        | 92/690 [00:49<03:16,  3.05it/s]
                                                

 13%|█▎        | 92/690 [00:49<03:16,  3.05it/s]CL loss: 1.2792891263961792, CE loss: 0.16233456134796143, combined loss: 0.27403002977371216
CL loss: 1.3092671632766724, CE loss: 0.15852317214012146, combined loss: 0.2735975682735443
CL loss: 1.3114428520202637, CE loss: 0.15823578834533691, combined loss: 0.2735564708709717
CL loss: 1.1101750135421753, CE loss: 0.15378297865390778, combined loss: 0.24942219257354736
CL loss: 1.069374442100525, CE loss: 0.15561266243457794, combined loss: 0.24698883295059204
CL loss: 1.2638726234436035, CE loss: 0.15713126957416534, combined loss: 0.26780539751052856
CL loss: 1.155261754989624, CE loss: 0.14719533920288086, combined loss: 0.24800199270248413
CL loss: 1.1516400575637817, CE loss: 0.15364766120910645, combined loss: 0.25344690680503845
CL loss: 1.1762288808822632, CE loss: 0.15270614624023438, combined loss: 0.2550584077835083
CL loss: 1.2500724792480469, CE loss: 0.14996612071990967, combined loss: 0.25997674465179443
CL loss: 1.2511310577392578, CE loss: 0.15229089558124542, combined loss: 0.26217490434646606
CL loss: 1.1795417070388794, CE loss: 0.15016911923885345, combined loss: 0.25310638546943665
CL loss: 1.1618574857711792, CE loss: 0.15228700637817383, combined loss: 0.2532440423965454
CL loss: 1.1226837635040283, CE loss: 0.14433734118938446, combined loss: 0.242171972990036
CL loss: 1.1917228698730469, CE loss: 0.1423373520374298, combined loss: 0.24727590382099152
CL loss: 1.2090107202529907, CE loss: 0.1475050002336502, combined loss: 0.2536555528640747
CL loss: 1.1548552513122559, CE loss: 0.15071995556354523, combined loss: 0.2511334717273712
CL loss: 1.0390197038650513, CE loss: 0.14241212606430054, combined loss: 0.2320728898048401
CL loss: 1.183240532875061, CE loss: 0.1436125785112381, combined loss: 0.24757537245750427
CL loss: 1.1851576566696167, CE loss: 0.1398841142654419, combined loss: 0.24441146850585938
CL loss: 1.3235530853271484, CE loss: 0.1521853506565094, combined loss: 0.26932212710380554
CL loss: 1.0258125066757202, CE loss: 0.14187858998775482, combined loss: 0.23027199506759644
CL loss: 0.9638145565986633, CE loss: 0.12631292641162872, combined loss: 0.21006308495998383
{'loss': 0.2521, 'grad_norm': 0.6500222086906433, 'learning_rate': 4.3333333333333334e-05, 'epoch': 4.0}
CL loss: 0.8744460940361023, CE loss: 0.13367122411727905, combined loss: 0.20774871110916138


  0%|          | 0/23 [00:00<?, ?it/s][A

 17%|█▋        | 4/23 [00:00<00:00, 39.92it/s][A

 35%|███▍      | 8/23 [00:00<00:00, 33.09it/s][A

 52%|█████▏    | 12/23 [00:00<00:00, 31.52it/s][A

 70%|██████▉   | 16/23 [00:00<00:00, 30.82it/s][A

 87%|████████▋ | 20/23 [00:00<00:00, 30.43it/s][A

                                               
[A
                                                

100%|██████████| 23/23 [00:00<00:00, 30.43it/s][A
 13%|█▎        | 92/690 [00:50<03:16,  3.05it/s]

                                               [ACL loss: 1.5261328220367432, CE loss: 0.14619587361812592, combined loss: 0.2841895818710327
CL loss: 1.4796406030654907, CE loss: 0.13667039573192596, combined loss: 0.27096742391586304
CL loss: 1.33000648021698, CE loss: 0.15048988163471222, combined loss: 0.2684415578842163
CL loss: 1.9118599891662598, CE loss: 0.14156734943389893, combined loss: 0.31859660148620605
CL loss: 1.1645996570587158, CE loss: 0.13343696296215057, combined loss: 0.23655322194099426
CL loss: 1.4983035326004028, CE loss: 0.13153870403766632, combined loss: 0.2682151794433594
CL loss: 1.7421306371688843, CE loss: 0.14700284600257874, combined loss: 0.306515634059906
CL loss: 1.2121796607971191, CE loss: 0.13347744941711426, combined loss: 0.24134767055511475
CL loss: 1.2199205160140991, CE loss: 0.1405308097600937, combined loss: 0.2484697699546814
CL loss: 1.6227104663848877, CE loss: 0.13280461728572845, combined loss: 0.2817952036857605
CL loss: 1.6149096488952637, CE loss: 0.14151525497436523, combined loss: 0.2888546884059906
CL loss: 1.5319157838821411, CE loss: 0.14484122395515442, combined loss: 0.2835486829280853
CL loss: 1.2723755836486816, CE loss: 0.13141682744026184, combined loss: 0.2455126941204071
CL loss: 0.9169551730155945, CE loss: 0.14775517582893372, combined loss: 0.22467517852783203
CL loss: 0.8958698511123657, CE loss: 0.14271444082260132, combined loss: 0.21802997589111328
CL loss: 0.8463613986968994, CE loss: 0.13818985223770142, combined loss: 0.20900700986385345
CL loss: 0.8593284487724304, CE loss: 0.1348809152841568, combined loss: 0.20732566714286804
CL loss: 1.1687802076339722, CE loss: 0.1384194940328598, combined loss: 0.2414555698633194
CL loss: 0.9734188318252563, CE loss: 0.14006198942661285, combined loss: 0.22339767217636108
CL loss: 0.6060306429862976, CE loss: 0.1352352499961853, combined loss: 0.18231478333473206
CL loss: 1.2326229810714722, CE loss: 0.14607806503772736, combined loss: 0.25473254919052124
CL loss: 0.17299430072307587, CE loss: 0.10582993924617767, combined loss: 0.11254636943340302
{'eval_loss': 0.24955850839614868, 'eval_top_1_macro_recall': 0.2237127900524196, 'eval_top_1_macro_precision': 0.1565317059744179, 'eval_top_1_macro_f1': 0.1791021129561516, 'eval_top_1_accuracy': 0.5119887165021156, 'eval_top_1_micro_recall': 0.44814814814814813, 'eval_top_1_micro_precision': 0.5119887165021156, 'eval_top_1_micro_f1': 0.477946017116524, 'eval_top_2_macro_recall': 0.4189649278210325, 'eval_top_2_macro_precision': 0.24907841880523193, 'eval_top_2_macro_f1': 0.2961245742163019, 'eval_top_2_accuracy': 0.6840620592383639, 'eval_top_2_micro_recall': 0.6160493827160494, 'eval_top_2_micro_precision': 0.3519040902679831, 'eval_top_2_micro_f1': 0.447935368043088, 'eval_top_3_macro_recall': 0.48536075974150406, 'eval_top_3_macro_precision': 0.25714498336343444, 'eval_top_3_macro_f1': 0.31069905528100494, 'eval_top_3_accuracy': 0.8152327221438646, 'eval_top_3_micro_recall': 0.7382716049382716, 'eval_top_3_micro_precision': 0.28114715561824166, 'eval_top_3_micro_f1': 0.40721824991487915, 'eval_runtime': 1.0783, 'eval_samples_per_second': 657.533, 'eval_steps_per_second': 21.33, 'epoch': 4.0}

 13%|█▎        | 93/690 [00:54<15:51,  1.59s/it]
 14%|█▎        | 94/690 [00:54<12:17,  1.24s/it]
 14%|█▍        | 95/690 [00:55<09:49,  1.01it/s]
 14%|█▍        | 96/690 [00:55<08:04,  1.23it/s]
 14%|█▍        | 97/690 [00:55<06:51,  1.44it/s]
 14%|█▍        | 98/690 [00:56<06:00,  1.64it/s]
 14%|█▍        | 99/690 [00:56<05:24,  1.82it/s]
 14%|█▍        | 100/690 [00:57<04:58,  1.97it/s]
 15%|█▍        | 101/690 [00:57<04:41,  2.09it/s]
 15%|█▍        | 102/690 [00:57<04:29,  2.18it/s]
 15%|█▍        | 103/690 [00:58<04:20,  2.26it/s]
 15%|█▌        | 104/690 [00:58<04:14,  2.31it/s]
 15%|█▌        | 105/690 [00:59<04:10,  2.34it/s]
 15%|█▌        | 106/690 [00:59<04:06,  2.37it/s]
 16%|█▌        | 107/690 [00:59<04:04,  2.39it/s]
 16%|█▌        | 108/690 [01:00<04:02,  2.40it/s]
 16%|█▌        | 109/690 [01:00<04:00,  2.41it/s]
 16%|█▌        | 110/690 [01:01<04:00,  2.42it/s]
 16%|█▌        | 111/690 [01:01<03:59,  2.42it/s]
 16%|█▌        | 112/690 [01:02<03:57,  2.43it/s]
 16%|█▋        | 113/690 [01:02<03:57,  2.43it/s]
 17%|█▋        | 114/690 [01:02<03:57,  2.43it/s]
 17%|█▋        | 115/690 [01:02<03:10,  3.03it/s]
                                                 

 17%|█▋        | 115/690 [01:03<03:10,  3.03it/s]CL loss: 1.1283891201019287, CE loss: 0.1371839940547943, combined loss: 0.23630450665950775
CL loss: 1.0845493078231812, CE loss: 0.1333899050951004, combined loss: 0.22850584983825684
CL loss: 1.1384644508361816, CE loss: 0.14433209598064423, combined loss: 0.2437453269958496
CL loss: 1.2042670249938965, CE loss: 0.1380498856306076, combined loss: 0.24467159807682037
CL loss: 1.0808069705963135, CE loss: 0.13477428257465363, combined loss: 0.22937755286693573
CL loss: 1.0739860534667969, CE loss: 0.1542520970106125, combined loss: 0.2462254762649536
CL loss: 1.04719877243042, CE loss: 0.13666889071464539, combined loss: 0.22772186994552612
CL loss: 1.0993280410766602, CE loss: 0.1380072385072708, combined loss: 0.2341393232345581
CL loss: 0.9800577163696289, CE loss: 0.13590581715106964, combined loss: 0.22032099962234497
CL loss: 1.0312639474868774, CE loss: 0.13788017630577087, combined loss: 0.22721855342388153
CL loss: 1.1627053022384644, CE loss: 0.13856711983680725, combined loss: 0.24098093807697296
CL loss: 1.160122275352478, CE loss: 0.1379523128271103, combined loss: 0.24016931653022766
CL loss: 1.209234595298767, CE loss: 0.13512642681598663, combined loss: 0.2425372302532196
CL loss: 1.1456042528152466, CE loss: 0.1346137970685959, combined loss: 0.23571284115314484
CL loss: 1.2007997035980225, CE loss: 0.1424897164106369, combined loss: 0.24832069873809814
CL loss: 1.0618544816970825, CE loss: 0.1325516551733017, combined loss: 0.22548192739486694
CL loss: 1.1026976108551025, CE loss: 0.13504889607429504, combined loss: 0.23181375861167908
CL loss: 1.041827917098999, CE loss: 0.1342983990907669, combined loss: 0.22505134344100952
CL loss: 1.073365569114685, CE loss: 0.13312049210071564, combined loss: 0.2271450012922287
CL loss: 1.1062893867492676, CE loss: 0.13339710235595703, combined loss: 0.23068633675575256
CL loss: 1.1097395420074463, CE loss: 0.12859773635864258, combined loss: 0.2267119139432907
CL loss: 1.0734105110168457, CE loss: 0.1386711448431015, combined loss: 0.23214507102966309
CL loss: 2.011301040649414, CE loss: 0.12266193330287933, combined loss: 0.3115258514881134
{'loss': 0.2372, 'grad_norm': 2.8965840339660645, 'learning_rate': 4.166666666666667e-05, 'epoch': 5.0}
CL loss: 0.689070999622345, CE loss: 0.12431944906711578, combined loss: 0.1807945966720581


  0%|          | 0/23 [00:00<?, ?it/s][A

 22%|██▏       | 5/23 [00:00<00:00, 37.35it/s][A

 39%|███▉      | 9/23 [00:00<00:00, 32.90it/s][A

 57%|█████▋    | 13/23 [00:00<00:00, 31.52it/s][A

 74%|███████▍  | 17/23 [00:00<00:00, 30.86it/s][A

 91%|█████████▏| 21/23 [00:00<00:00, 30.46it/s][A

                                               
[A
                                                 

100%|██████████| 23/23 [00:00<00:00, 30.46it/s][A
 17%|█▋        | 115/690 [01:04<03:10,  3.03it/s]

                                               [ACL loss: 1.5219022035598755, CE loss: 0.1377228945493698, combined loss: 0.27614080905914307
CL loss: 1.5171828269958496, CE loss: 0.12800659239292145, combined loss: 0.2669242024421692
CL loss: 1.276849389076233, CE loss: 0.14594681560993195, combined loss: 0.2590370774269104
CL loss: 1.8156445026397705, CE loss: 0.1306792050600052, combined loss: 0.2991757392883301
CL loss: 1.0350090265274048, CE loss: 0.12223702669143677, combined loss: 0.21351422369480133
CL loss: 1.4531768560409546, CE loss: 0.12352144718170166, combined loss: 0.2564869821071625
CL loss: 1.7891286611557007, CE loss: 0.14026661217212677, combined loss: 0.3051528036594391
CL loss: 1.5193021297454834, CE loss: 0.12931498885154724, combined loss: 0.2683137059211731
CL loss: 1.1806737184524536, CE loss: 0.13213618099689484, combined loss: 0.23698994517326355
CL loss: 1.557482123374939, CE loss: 0.1260005235671997, combined loss: 0.26914867758750916
CL loss: 1.652031660079956, CE loss: 0.13445088267326355, combined loss: 0.28620895743370056
CL loss: 1.3855581283569336, CE loss: 0.13723154366016388, combined loss: 0.2620641887187958
CL loss: 1.1163382530212402, CE loss: 0.1198960468173027, combined loss: 0.21954026818275452
CL loss: 0.910226583480835, CE loss: 0.13976824283599854, combined loss: 0.2168140709400177
CL loss: 0.8991467356681824, CE loss: 0.1330900341272354, combined loss: 0.2096956968307495
CL loss: 0.7313729524612427, CE loss: 0.1287911981344223, combined loss: 0.1890493631362915
CL loss: 0.8102319240570068, CE loss: 0.12631328403949738, combined loss: 0.19470514357089996
CL loss: 1.1416893005371094, CE loss: 0.12820181250572205, combined loss: 0.2295505702495575
CL loss: 1.0004067420959473, CE loss: 0.13290300965309143, combined loss: 0.21965338289737701
CL loss: 0.8296716213226318, CE loss: 0.13542583584785461, combined loss: 0.20485040545463562
CL loss: 1.2056676149368286, CE loss: 0.13772840797901154, combined loss: 0.2445223331451416
CL loss: 0.9262232780456543, CE loss: 0.09765315800905228, combined loss: 0.18051016330718994
{'eval_loss': 0.2408592253923416, 'eval_top_1_macro_recall': 0.3058526475672457, 'eval_top_1_macro_precision': 0.33425714701199305, 'eval_top_1_macro_f1': 0.27666403331720396, 'eval_top_1_accuracy': 0.5472496473906912, 'eval_top_1_micro_recall': 0.47901234567901235, 'eval_top_1_micro_precision': 0.5472496473906912, 'eval_top_1_micro_f1': 0.510862409479921, 'eval_top_2_macro_recall': 0.45317479271050887, 'eval_top_2_macro_precision': 0.26486963603891, 'eval_top_2_macro_f1': 0.3140175149389566, 'eval_top_2_accuracy': 0.7009873060648801, 'eval_top_2_micro_recall': 0.6308641975308642, 'eval_top_2_micro_precision': 0.3603667136812412, 'eval_top_2_micro_f1': 0.45870736086175945, 'eval_top_3_macro_recall': 0.5227246234488432, 'eval_top_3_macro_precision': 0.2415194989198988, 'eval_top_3_macro_f1': 0.31464454121870516, 'eval_top_3_accuracy': 0.8504936530324401, 'eval_top_3_micro_recall': 0.774074074074074, 'eval_top_3_micro_precision': 0.2947813822284908, 'eval_top_3_micro_f1': 0.42696629213483145, 'eval_runtime': 1.0742, 'eval_samples_per_second': 660.044, 'eval_steps_per_second': 21.412, 'epoch': 5.0}

 17%|█▋        | 116/690 [01:07<15:06,  1.58s/it]
 17%|█▋        | 117/690 [01:07<11:46,  1.23s/it]
 17%|█▋        | 118/690 [01:08<09:24,  1.01it/s]
 17%|█▋        | 119/690 [01:08<07:44,  1.23it/s]
 17%|█▋        | 120/690 [01:09<06:35,  1.44it/s]
 18%|█▊        | 121/690 [01:09<05:46,  1.64it/s]
 18%|█▊        | 122/690 [01:09<05:11,  1.82it/s]
 18%|█▊        | 123/690 [01:10<04:48,  1.97it/s]
 18%|█▊        | 124/690 [01:10<04:31,  2.09it/s]
 18%|█▊        | 125/690 [01:11<04:18,  2.18it/s]
 18%|█▊        | 126/690 [01:11<04:10,  2.25it/s]
 18%|█▊        | 127/690 [01:12<04:05,  2.30it/s]
 19%|█▊        | 128/690 [01:12<04:00,  2.33it/s]
 19%|█▊        | 129/690 [01:12<03:57,  2.36it/s]
 19%|█▉        | 130/690 [01:13<03:54,  2.39it/s]
 19%|█▉        | 131/690 [01:13<03:53,  2.40it/s]
 19%|█▉        | 132/690 [01:14<03:52,  2.40it/s]
 19%|█▉        | 133/690 [01:14<03:50,  2.42it/s]
 19%|█▉        | 134/690 [01:14<03:50,  2.41it/s]
 20%|█▉        | 135/690 [01:15<03:49,  2.42it/s]
 20%|█▉        | 136/690 [01:15<03:48,  2.42it/s]
 20%|█▉        | 137/690 [01:16<03:48,  2.42it/s]
 20%|██        | 138/690 [01:16<03:05,  2.98it/s]
                                                 

 20%|██        | 138/690 [01:16<03:05,  2.98it/s]CL loss: 1.1671676635742188, CE loss: 0.1333043873310089, combined loss: 0.2366907000541687
CL loss: 1.0022727251052856, CE loss: 0.12749405205249786, combined loss: 0.21497191488742828
CL loss: 1.13909113407135, CE loss: 0.13480691611766815, combined loss: 0.235235333442688
CL loss: 1.061569094657898, CE loss: 0.12331818044185638, combined loss: 0.21714326739311218
CL loss: 1.014333724975586, CE loss: 0.13454964756965637, combined loss: 0.22252805531024933
CL loss: 1.0255932807922363, CE loss: 0.13157227635383606, combined loss: 0.2209743708372116
CL loss: 1.0485963821411133, CE loss: 0.12928007543087006, combined loss: 0.22121170163154602
CL loss: 1.100801706314087, CE loss: 0.129228875041008, combined loss: 0.226386159658432
CL loss: 1.0871509313583374, CE loss: 0.12636417150497437, combined loss: 0.2224428355693817
CL loss: 0.9041184186935425, CE loss: 0.12610383331775665, combined loss: 0.20390528440475464
CL loss: 0.9620124101638794, CE loss: 0.12276198714971542, combined loss: 0.20668703317642212
CL loss: 1.0481297969818115, CE loss: 0.12880845367908478, combined loss: 0.22074058651924133
CL loss: 0.8735198974609375, CE loss: 0.12707304954528809, combined loss: 0.20171773433685303
CL loss: 0.9787302017211914, CE loss: 0.12375523895025253, combined loss: 0.2092527449131012
CL loss: 1.1123626232147217, CE loss: 0.12930193543434143, combined loss: 0.22760799527168274
CL loss: 0.949195146560669, CE loss: 0.12630237638950348, combined loss: 0.20859165489673615
CL loss: 0.9917336702346802, CE loss: 0.12183942645788193, combined loss: 0.2088288515806198
CL loss: 0.899358868598938, CE loss: 0.11884006857872009, combined loss: 0.19689194858074188
CL loss: 1.0110530853271484, CE loss: 0.12907104194164276, combined loss: 0.21726924180984497
CL loss: 1.0104639530181885, CE loss: 0.13659991323947906, combined loss: 0.22398632764816284
CL loss: 1.026205062866211, CE loss: 0.12479419261217117, combined loss: 0.2149352729320526
CL loss: 0.8339521884918213, CE loss: 0.12354683876037598, combined loss: 0.19458737969398499
CL loss: 1.8454253673553467, CE loss: 0.12471088021993637, combined loss: 0.29678231477737427
{'loss': 0.2195, 'grad_norm': 2.72251033782959, 'learning_rate': 4e-05, 'epoch': 6.0}
CL loss: 0.627905547618866, CE loss: 0.11738467216491699, combined loss: 0.16843676567077637


  0%|          | 0/23 [00:00<?, ?it/s][A

 17%|█▋        | 4/23 [00:00<00:00, 39.89it/s][A

 35%|███▍      | 8/23 [00:00<00:00, 33.24it/s][A

 52%|█████▏    | 12/23 [00:00<00:00, 31.59it/s][A

 70%|██████▉   | 16/23 [00:00<00:00, 30.80it/s][A

 87%|████████▋ | 20/23 [00:00<00:00, 30.41it/s][A

                                               
[A
                                                 

100%|██████████| 23/23 [00:00<00:00, 30.41it/s][A
 20%|██        | 138/690 [01:17<03:05,  2.98it/s]

                                               [ACL loss: 1.2840056419372559, CE loss: 0.12547656893730164, combined loss: 0.24132947623729706
CL loss: 1.351883888244629, CE loss: 0.1178467720746994, combined loss: 0.24125048518180847
CL loss: 1.2332532405853271, CE loss: 0.13426071405410767, combined loss: 0.24415996670722961
CL loss: 1.8524876832962036, CE loss: 0.12217196822166443, combined loss: 0.2952035367488861
CL loss: 0.952190637588501, CE loss: 0.11100771278142929, combined loss: 0.1951259970664978
CL loss: 1.3745640516281128, CE loss: 0.1153983473777771, combined loss: 0.24131491780281067
CL loss: 1.8120020627975464, CE loss: 0.1335727423429489, combined loss: 0.30141568183898926
CL loss: 1.2321228981018066, CE loss: 0.12003203481435776, combined loss: 0.2312411218881607
CL loss: 1.2703399658203125, CE loss: 0.1288059502840042, combined loss: 0.24295935034751892
CL loss: 1.6859824657440186, CE loss: 0.12305890023708344, combined loss: 0.27935126423835754
CL loss: 1.6929727792739868, CE loss: 0.1270863115787506, combined loss: 0.283674955368042
CL loss: 1.4010474681854248, CE loss: 0.12552416324615479, combined loss: 0.2530764937400818
CL loss: 1.037963628768921, CE loss: 0.11074978113174438, combined loss: 0.20347115397453308
CL loss: 0.9521188139915466, CE loss: 0.12906433641910553, combined loss: 0.21136978268623352
CL loss: 1.1900036334991455, CE loss: 0.12532971799373627, combined loss: 0.23179711401462555
CL loss: 0.5629752278327942, CE loss: 0.11911557614803314, combined loss: 0.1635015308856964
CL loss: 0.8367531299591064, CE loss: 0.11692053824663162, combined loss: 0.18890380859375
CL loss: 0.9572925567626953, CE loss: 0.11995036154985428, combined loss: 0.20368456840515137
CL loss: 0.7892118096351624, CE loss: 0.12217637151479721, combined loss: 0.18887990713119507
CL loss: 0.5576896071434021, CE loss: 0.11319143325090408, combined loss: 0.1576412469148636
CL loss: 1.1194707155227661, CE loss: 0.12829573452472687, combined loss: 0.22741323709487915
CL loss: 4.284212112426758, CE loss: 0.09154701232910156, combined loss: 0.5108135342597961
{'eval_loss': 0.22905577719211578, 'eval_top_1_macro_recall': 0.36251402383244785, 'eval_top_1_macro_precision': 0.3847570404369467, 'eval_top_1_macro_f1': 0.34882768860826835, 'eval_top_1_accuracy': 0.5867418899858956, 'eval_top_1_micro_recall': 0.5135802469135803, 'eval_top_1_micro_precision': 0.5867418899858956, 'eval_top_1_micro_f1': 0.5477287689269256, 'eval_top_2_macro_recall': 0.4906901049594715, 'eval_top_2_macro_precision': 0.3226098639434527, 'eval_top_2_macro_f1': 0.36513922446437347, 'eval_top_2_accuracy': 0.7545839210155149, 'eval_top_2_micro_recall': 0.6765432098765433, 'eval_top_2_micro_precision': 0.38645980253878703, 'eval_top_2_micro_f1': 0.4919210053859965, 'eval_top_3_macro_recall': 0.5927210442191752, 'eval_top_3_macro_precision': 0.29000741189383894, 'eval_top_3_macro_f1': 0.3615088778710885, 'eval_top_3_accuracy': 0.8942172073342737, 'eval_top_3_micro_recall': 0.8160493827160494, 'eval_top_3_micro_precision': 0.31076633756464506, 'eval_top_3_micro_f1': 0.4501191692202929, 'eval_runtime': 1.0715, 'eval_samples_per_second': 661.659, 'eval_steps_per_second': 21.464, 'epoch': 6.0}

 20%|██        | 139/690 [01:20<14:17,  1.56s/it]
 20%|██        | 140/690 [01:21<11:07,  1.21s/it]
 20%|██        | 141/690 [01:21<08:54,  1.03it/s]
 21%|██        | 142/690 [01:21<07:20,  1.24it/s]
 21%|██        | 143/690 [01:22<06:15,  1.46it/s]
 21%|██        | 144/690 [01:22<05:29,  1.66it/s]
 21%|██        | 145/690 [01:23<04:56,  1.84it/s]
 21%|██        | 146/690 [01:23<04:35,  1.98it/s]
 21%|██▏       | 147/690 [01:24<04:19,  2.10it/s]
 21%|██▏       | 148/690 [01:24<04:07,  2.19it/s]
 22%|██▏       | 149/690 [01:24<03:59,  2.26it/s]
 22%|██▏       | 150/690 [01:25<03:54,  2.30it/s]
 22%|██▏       | 151/690 [01:25<03:50,  2.34it/s]
 22%|██▏       | 152/690 [01:26<03:47,  2.36it/s]
 22%|██▏       | 153/690 [01:26<03:45,  2.38it/s]
 22%|██▏       | 154/690 [01:26<03:43,  2.40it/s]
 22%|██▏       | 155/690 [01:27<03:42,  2.40it/s]
 23%|██▎       | 156/690 [01:27<03:41,  2.42it/s]
 23%|██▎       | 157/690 [01:28<03:40,  2.42it/s]
 23%|██▎       | 158/690 [01:28<03:39,  2.42it/s]
 23%|██▎       | 159/690 [01:28<03:38,  2.43it/s]
 23%|██▎       | 160/690 [01:29<03:38,  2.43it/s]
 23%|██▎       | 161/690 [01:29<02:53,  3.04it/s]
                                                 

 23%|██▎       | 161/690 [01:29<02:53,  3.04it/s]CL loss: 0.8949214816093445, CE loss: 0.11056102812290192, combined loss: 0.1889970749616623
CL loss: 0.9122985005378723, CE loss: 0.11435216665267944, combined loss: 0.1941467970609665
CL loss: 0.9392033815383911, CE loss: 0.12378179281949997, combined loss: 0.2053239643573761
CL loss: 0.9081359505653381, CE loss: 0.12047453969717026, combined loss: 0.19924068450927734
CL loss: 1.0640273094177246, CE loss: 0.12562817335128784, combined loss: 0.21946808695793152
CL loss: 0.9888916015625, CE loss: 0.1263733059167862, combined loss: 0.2126251459121704
CL loss: 0.9984954595565796, CE loss: 0.11652106046676636, combined loss: 0.20471850037574768
CL loss: 0.9846944212913513, CE loss: 0.12053882330656052, combined loss: 0.20695438981056213
CL loss: 0.8246583342552185, CE loss: 0.12058784812688828, combined loss: 0.19099488854408264
CL loss: 0.9052455425262451, CE loss: 0.12206010520458221, combined loss: 0.2003786563873291
CL loss: 0.7623284459114075, CE loss: 0.11182089895009995, combined loss: 0.176871657371521
CL loss: 0.9883276224136353, CE loss: 0.12210690230131149, combined loss: 0.20872896909713745
CL loss: 0.9381298422813416, CE loss: 0.11673346906900406, combined loss: 0.1988731026649475
CL loss: 0.9482805728912354, CE loss: 0.11941695213317871, combined loss: 0.20230332016944885
CL loss: 0.943963885307312, CE loss: 0.12317650020122528, combined loss: 0.20525524020195007
CL loss: 1.0105708837509155, CE loss: 0.11675333976745605, combined loss: 0.206135094165802
CL loss: 0.8755410313606262, CE loss: 0.11066821962594986, combined loss: 0.18715550005435944
CL loss: 0.8055182695388794, CE loss: 0.1107058897614479, combined loss: 0.18018712103366852
CL loss: 0.9318959712982178, CE loss: 0.11947156488895416, combined loss: 0.20071399211883545
CL loss: 0.8408670425415039, CE loss: 0.11982142180204391, combined loss: 0.1919259876012802
CL loss: 0.7773435115814209, CE loss: 0.1096440777182579, combined loss: 0.17641401290893555
CL loss: 0.8868095874786377, CE loss: 0.11660360544919968, combined loss: 0.19362419843673706
CL loss: 0.7177353501319885, CE loss: 0.1053437665104866, combined loss: 0.16658292710781097
{'loss': 0.1964, 'grad_norm': 1.517674446105957, 'learning_rate': 3.8333333333333334e-05, 'epoch': 7.0}
CL loss: 0.5000197291374207, CE loss: 0.11021024733781815, combined loss: 0.14919120073318481


  0%|          | 0/23 [00:00<?, ?it/s][A

 17%|█▋        | 4/23 [00:00<00:00, 39.44it/s][A

 35%|███▍      | 8/23 [00:00<00:00, 33.07it/s][A

 52%|█████▏    | 12/23 [00:00<00:00, 31.45it/s][A

 70%|██████▉   | 16/23 [00:00<00:00, 30.68it/s][A

 87%|████████▋ | 20/23 [00:00<00:00, 30.36it/s][A

                                               
[A
                                                 

100%|██████████| 23/23 [00:00<00:00, 30.36it/s][A
 23%|██▎       | 161/690 [01:30<02:53,  3.04it/s]

                                               [ACL loss: 1.5067412853240967, CE loss: 0.12184473872184753, combined loss: 0.26033440232276917
CL loss: 1.270476222038269, CE loss: 0.10778354853391647, combined loss: 0.2240528166294098
CL loss: 1.360777735710144, CE loss: 0.13187812268733978, combined loss: 0.2547680735588074
CL loss: 1.6245982646942139, CE loss: 0.113551564514637, combined loss: 0.2646562457084656
CL loss: 1.0646295547485352, CE loss: 0.10495812445878983, combined loss: 0.20092526078224182
CL loss: 1.540466547012329, CE loss: 0.1076369509100914, combined loss: 0.250919908285141
CL loss: 1.6763097047805786, CE loss: 0.12675997614860535, combined loss: 0.28171494603157043
CL loss: 1.2066940069198608, CE loss: 0.11398415267467499, combined loss: 0.22325512766838074
CL loss: 1.1618916988372803, CE loss: 0.12079627066850662, combined loss: 0.2249058187007904
CL loss: 1.6379287242889404, CE loss: 0.11539387702941895, combined loss: 0.2676473557949066
CL loss: 1.5418999195098877, CE loss: 0.11954981833696365, combined loss: 0.2617848217487335
CL loss: 1.2630589008331299, CE loss: 0.11969612538814545, combined loss: 0.23403239250183105
CL loss: 0.9431335926055908, CE loss: 0.10141019523143768, combined loss: 0.18558253347873688
CL loss: 0.9337889552116394, CE loss: 0.12424161285161972, combined loss: 0.205196350812912
CL loss: 1.1037663221359253, CE loss: 0.11618568748235703, combined loss: 0.2149437516927719
CL loss: 0.5550530552864075, CE loss: 0.10602612048387527, combined loss: 0.1509288102388382
CL loss: 1.0152857303619385, CE loss: 0.11511099338531494, combined loss: 0.20512846112251282
CL loss: 0.8981190919876099, CE loss: 0.11102181673049927, combined loss: 0.18973153829574585
CL loss: 0.758696436882019, CE loss: 0.11342068761587143, combined loss: 0.1779482662677765
CL loss: 0.7337777614593506, CE loss: 0.10906428098678589, combined loss: 0.1715356409549713
CL loss: 1.3805192708969116, CE loss: 0.12260206788778305, combined loss: 0.24839378893375397
CL loss: 3.4326093196868896, CE loss: 0.08193659037351608, combined loss: 0.417003870010376
{'eval_loss': 0.22173132002353668, 'eval_top_1_macro_recall': 0.3951006459159085, 'eval_top_1_macro_precision': 0.4099006427280462, 'eval_top_1_macro_f1': 0.3797858700898958, 'eval_top_1_accuracy': 0.5952045133991537, 'eval_top_1_micro_recall': 0.5209876543209877, 'eval_top_1_micro_precision': 0.5952045133991537, 'eval_top_1_micro_f1': 0.5556287030941409, 'eval_top_2_macro_recall': 0.5288988311369408, 'eval_top_2_macro_precision': 0.37296690138656596, 'eval_top_2_macro_f1': 0.3990448479180284, 'eval_top_2_accuracy': 0.7827926657263752, 'eval_top_2_micro_recall': 0.7111111111111111, 'eval_top_2_micro_precision': 0.40620592383638926, 'eval_top_2_micro_f1': 0.5170556552962298, 'eval_top_3_macro_recall': 0.6163679758716397, 'eval_top_3_macro_precision': 0.3035700154522862, 'eval_top_3_macro_f1': 0.37958206207246614, 'eval_top_3_accuracy': 0.8885754583921015, 'eval_top_3_micro_recall': 0.8234567901234567, 'eval_top_3_micro_precision': 0.3135872120357311, 'eval_top_3_micro_f1': 0.4542049710589036, 'eval_runtime': 1.0843, 'eval_samples_per_second': 653.879, 'eval_steps_per_second': 21.212, 'epoch': 7.0}

 23%|██▎       | 162/690 [01:34<14:01,  1.59s/it]
 24%|██▎       | 163/690 [01:34<10:53,  1.24s/it]
 24%|██▍       | 164/690 [01:34<08:42,  1.01it/s]
 24%|██▍       | 165/690 [01:35<07:10,  1.22it/s]
 24%|██▍       | 166/690 [01:35<06:05,  1.43it/s]
 24%|██▍       | 167/690 [01:36<05:19,  1.64it/s]
 24%|██▍       | 168/690 [01:36<04:47,  1.81it/s]
 24%|██▍       | 169/690 [01:36<04:24,  1.97it/s]
 25%|██▍       | 170/690 [01:37<04:09,  2.09it/s]
 25%|██▍       | 171/690 [01:37<03:58,  2.18it/s]
 25%|██▍       | 172/690 [01:38<03:50,  2.25it/s]
 25%|██▌       | 173/690 [01:38<03:44,  2.30it/s]
 25%|██▌       | 174/690 [01:38<03:41,  2.33it/s]
 25%|██▌       | 175/690 [01:39<03:38,  2.36it/s]
 26%|██▌       | 176/690 [01:39<03:36,  2.38it/s]
 26%|██▌       | 177/690 [01:40<03:33,  2.40it/s]
 26%|██▌       | 178/690 [01:40<03:32,  2.40it/s]
 26%|██▌       | 179/690 [01:41<03:31,  2.41it/s]
 26%|██▌       | 180/690 [01:41<03:31,  2.42it/s]
 26%|██▌       | 181/690 [01:41<03:30,  2.42it/s]
 26%|██▋       | 182/690 [01:42<03:29,  2.42it/s]
 27%|██▋       | 183/690 [01:42<03:29,  2.42it/s]
 27%|██▋       | 184/690 [01:42<02:45,  3.05it/s]
                                                 

 27%|██▋       | 184/690 [01:42<02:45,  3.05it/s]CL loss: 0.9978576898574829, CE loss: 0.11773320287466049, combined loss: 0.2057456374168396
CL loss: 1.045163631439209, CE loss: 0.11989132314920425, combined loss: 0.2124185562133789
CL loss: 0.7718963623046875, CE loss: 0.11058139055967331, combined loss: 0.17671288549900055
CL loss: 0.8484879732131958, CE loss: 0.11381572484970093, combined loss: 0.18728294968605042
CL loss: 0.9172995090484619, CE loss: 0.10916551947593689, combined loss: 0.1899789273738861
CL loss: 0.9396925568580627, CE loss: 0.11600462347269058, combined loss: 0.19837340712547302
CL loss: 0.777391791343689, CE loss: 0.10726235806941986, combined loss: 0.17427530884742737
CL loss: 0.9080623984336853, CE loss: 0.11429180204868317, combined loss: 0.19366885721683502
CL loss: 0.8641427755355835, CE loss: 0.10870353132486343, combined loss: 0.1842474639415741
CL loss: 0.8616096377372742, CE loss: 0.10471140593290329, combined loss: 0.18040123581886292
CL loss: 0.9967803359031677, CE loss: 0.11282496154308319, combined loss: 0.20122049748897552
CL loss: 0.886375904083252, CE loss: 0.11033858358860016, combined loss: 0.18794231116771698
CL loss: 1.047282099723816, CE loss: 0.12064838409423828, combined loss: 0.21331176161766052
CL loss: 0.9192110896110535, CE loss: 0.10974546521902084, combined loss: 0.19069203734397888
CL loss: 0.9657437801361084, CE loss: 0.11210710555315018, combined loss: 0.1974707841873169
CL loss: 0.832917332649231, CE loss: 0.11039923876523972, combined loss: 0.18265104293823242
CL loss: 0.9080333113670349, CE loss: 0.10459355264902115, combined loss: 0.18493753671646118
CL loss: 0.8524327874183655, CE loss: 0.10199898481369019, combined loss: 0.17704236507415771
CL loss: 0.7373970150947571, CE loss: 0.10069069266319275, combined loss: 0.16436132788658142
CL loss: 1.0311777591705322, CE loss: 0.11287561804056168, combined loss: 0.2047058343887329
CL loss: 0.7549943327903748, CE loss: 0.1013885885477066, combined loss: 0.16674916446208954
CL loss: 0.8025038242340088, CE loss: 0.10930522531270981, combined loss: 0.17862507700920105
CL loss: 0.20322203636169434, CE loss: 0.10969766974449158, combined loss: 0.11905010044574738
{'loss': 0.1857, 'grad_norm': 2.007591962814331, 'learning_rate': 3.6666666666666666e-05, 'epoch': 8.0}
CL loss: 0.6771411895751953, CE loss: 0.10394441336393356, combined loss: 0.1612640917301178


  0%|          | 0/23 [00:00<?, ?it/s][A

 17%|█▋        | 4/23 [00:00<00:00, 39.84it/s][A

 35%|███▍      | 8/23 [00:00<00:00, 33.19it/s][A

 52%|█████▏    | 12/23 [00:00<00:00, 31.55it/s][A

 70%|██████▉   | 16/23 [00:00<00:00, 30.78it/s][A

 87%|████████▋ | 20/23 [00:00<00:00, 30.38it/s][A

                                               
[A
                                                 

100%|██████████| 23/23 [00:00<00:00, 30.38it/s][A
 27%|██▋       | 184/690 [01:44<02:45,  3.05it/s]

                                               [ACL loss: 1.1773765087127686, CE loss: 0.11905046552419662, combined loss: 0.2248830646276474
CL loss: 1.2849249839782715, CE loss: 0.10437881201505661, combined loss: 0.2224334329366684
CL loss: 1.6810814142227173, CE loss: 0.12146004289388657, combined loss: 0.2774221897125244
CL loss: 1.5831488370895386, CE loss: 0.10851676017045975, combined loss: 0.2559799551963806
CL loss: 0.8005967736244202, CE loss: 0.0945284366607666, combined loss: 0.16513526439666748
CL loss: 1.6098554134368896, CE loss: 0.10379454493522644, combined loss: 0.2544006407260895
CL loss: 1.8266961574554443, CE loss: 0.12609265744686127, combined loss: 0.2961530089378357
CL loss: 1.1715567111968994, CE loss: 0.10750218480825424, combined loss: 0.2139076292514801
CL loss: 1.4085218906402588, CE loss: 0.1208411157131195, combined loss: 0.24960920214653015
CL loss: 1.633285641670227, CE loss: 0.1115591749548912, combined loss: 0.26373183727264404
CL loss: 1.4611984491348267, CE loss: 0.1119573786854744, combined loss: 0.24688148498535156
CL loss: 1.2043951749801636, CE loss: 0.11125845462083817, combined loss: 0.22057212889194489
CL loss: 0.7936636209487915, CE loss: 0.09375951439142227, combined loss: 0.16374993324279785
CL loss: 0.7969861626625061, CE loss: 0.10682795941829681, combined loss: 0.17584377527236938
CL loss: 1.3878756761550903, CE loss: 0.11705870181322098, combined loss: 0.2441403865814209
CL loss: 0.4229518175125122, CE loss: 0.0942588821053505, combined loss: 0.12712816894054413
CL loss: 0.8051514029502869, CE loss: 0.10241862386465073, combined loss: 0.17269189655780792
CL loss: 0.9112052917480469, CE loss: 0.10647706687450409, combined loss: 0.18694989383220673
CL loss: 0.5758785605430603, CE loss: 0.10626176744699478, combined loss: 0.1532234400510788
CL loss: 0.7311732172966003, CE loss: 0.10353638976812363, combined loss: 0.16630007326602936
CL loss: 1.2968436479568481, CE loss: 0.11693217605352402, combined loss: 0.2349233329296112
CL loss: 0.9208890199661255, CE loss: 0.07884065061807632, combined loss: 0.1630454808473587
{'eval_loss': 0.21225616335868835, 'eval_top_1_macro_recall': 0.4292769518253874, 'eval_top_1_macro_precision': 0.4330875484631653, 'eval_top_1_macro_f1': 0.4214147999559721, 'eval_top_1_accuracy': 0.6488011283497884, 'eval_top_1_micro_recall': 0.5679012345679012, 'eval_top_1_micro_precision': 0.6488011283497884, 'eval_top_1_micro_f1': 0.6056616194865043, 'eval_top_2_macro_recall': 0.5435786192620351, 'eval_top_2_macro_precision': 0.35204245586406224, 'eval_top_2_macro_f1': 0.40422186348632766, 'eval_top_2_accuracy': 0.7588152327221439, 'eval_top_2_micro_recall': 0.7098765432098766, 'eval_top_2_micro_precision': 0.40550070521861775, 'eval_top_2_micro_f1': 0.5161579892280072, 'eval_top_3_macro_recall': 0.6280078197468336, 'eval_top_3_macro_precision': 0.30801726354747444, 'eval_top_3_macro_f1': 0.3858129680286655, 'eval_top_3_accuracy': 0.8631875881523272, 'eval_top_3_micro_recall': 0.8148148148148148, 'eval_top_3_micro_precision': 0.31029619181946405, 'eval_top_3_micro_f1': 0.449438202247191, 'eval_runtime': 1.0788, 'eval_samples_per_second': 657.192, 'eval_steps_per_second': 21.319, 'epoch': 8.0}

 27%|██▋       | 185/690 [01:47<13:27,  1.60s/it]
 27%|██▋       | 186/690 [01:47<10:26,  1.24s/it]
 27%|██▋       | 187/690 [01:48<08:21,  1.00it/s]
 27%|██▋       | 188/690 [01:48<06:51,  1.22it/s]
 27%|██▋       | 189/690 [01:49<05:50,  1.43it/s]
 28%|██▊       | 190/690 [01:49<05:06,  1.63it/s]
 28%|██▊       | 191/690 [01:49<04:35,  1.81it/s]
 28%|██▊       | 192/690 [01:50<04:13,  1.96it/s]
 28%|██▊       | 193/690 [01:50<03:59,  2.08it/s]
 28%|██▊       | 194/690 [01:51<03:48,  2.17it/s]
 28%|██▊       | 195/690 [01:51<03:40,  2.24it/s]
 28%|██▊       | 196/690 [01:51<03:35,  2.29it/s]
 29%|██▊       | 197/690 [01:52<03:31,  2.33it/s]
 29%|██▊       | 198/690 [01:52<03:28,  2.36it/s]
 29%|██▉       | 199/690 [01:53<03:26,  2.38it/s]
 29%|██▉       | 200/690 [01:53<03:24,  2.40it/s]
 29%|██▉       | 201/690 [01:53<03:23,  2.40it/s]
 29%|██▉       | 202/690 [01:54<03:22,  2.41it/s]
 29%|██▉       | 203/690 [01:54<03:21,  2.42it/s]
 30%|██▉       | 204/690 [01:55<03:20,  2.42it/s]
 30%|██▉       | 205/690 [01:55<03:19,  2.43it/s]
 30%|██▉       | 206/690 [01:56<03:19,  2.43it/s]
 30%|███       | 207/690 [01:56<02:39,  3.03it/s]
                                                 

 30%|███       | 207/690 [01:56<02:39,  3.03it/s]CL loss: 0.8111790418624878, CE loss: 0.10728248953819275, combined loss: 0.1776721477508545
CL loss: 0.8231320977210999, CE loss: 0.10252722352743149, combined loss: 0.17458771169185638
CL loss: 0.9810263514518738, CE loss: 0.10775353759527206, combined loss: 0.19508081674575806
CL loss: 0.8887476325035095, CE loss: 0.10922815650701523, combined loss: 0.18718010187149048
CL loss: 0.6931852102279663, CE loss: 0.09391457587480545, combined loss: 0.15384164452552795
CL loss: 0.8350103497505188, CE loss: 0.10218101739883423, combined loss: 0.1754639446735382
CL loss: 0.8111574649810791, CE loss: 0.10271643847227097, combined loss: 0.17356052994728088
CL loss: 0.7658659815788269, CE loss: 0.1012648493051529, combined loss: 0.16772496700286865
CL loss: 0.8456432819366455, CE loss: 0.11067759245634079, combined loss: 0.18417415022850037
CL loss: 0.7633724808692932, CE loss: 0.09974610805511475, combined loss: 0.16610874235630035
CL loss: 0.8965350985527039, CE loss: 0.10282319784164429, combined loss: 0.18219438195228577
CL loss: 0.5540619492530823, CE loss: 0.09135421365499496, combined loss: 0.13762497901916504
CL loss: 0.6920343637466431, CE loss: 0.10285124182701111, combined loss: 0.1617695540189743
CL loss: 0.8190380930900574, CE loss: 0.10822048038244247, combined loss: 0.17930224537849426
CL loss: 0.8348060846328735, CE loss: 0.10180310904979706, combined loss: 0.17510339617729187
CL loss: 0.8363785743713379, CE loss: 0.10469935834407806, combined loss: 0.17786727845668793
CL loss: 0.7932503819465637, CE loss: 0.10444311797618866, combined loss: 0.1733238399028778
CL loss: 0.7249129414558411, CE loss: 0.09305042028427124, combined loss: 0.1562366783618927
CL loss: 0.7507613301277161, CE loss: 0.09450668096542358, combined loss: 0.16013213992118835
CL loss: 0.8523358702659607, CE loss: 0.10445217043161392, combined loss: 0.17924053966999054
CL loss: 0.8573150634765625, CE loss: 0.10108993202447891, combined loss: 0.17671245336532593
CL loss: 0.8138445615768433, CE loss: 0.10555855184793472, combined loss: 0.17638716101646423
CL loss: 1.5068702697753906, CE loss: 0.10858903080224991, combined loss: 0.24841713905334473
{'loss': 0.1756, 'grad_norm': 4.04058313369751, 'learning_rate': 3.5e-05, 'epoch': 9.0}
CL loss: 0.4723756015300751, CE loss: 0.08933527022600174, combined loss: 0.1276392936706543


  0%|          | 0/23 [00:00<?, ?it/s][A

 22%|██▏       | 5/23 [00:00<00:00, 37.57it/s][A

 39%|███▉      | 9/23 [00:00<00:00, 33.05it/s][A

 57%|█████▋    | 13/23 [00:00<00:00, 31.58it/s][A

 74%|███████▍  | 17/23 [00:00<00:00, 30.83it/s][A

 91%|█████████▏| 21/23 [00:00<00:00, 30.50it/s][A

                                               
[A
                                                 

100%|██████████| 23/23 [00:00<00:00, 30.50it/s][A
 30%|███       | 207/690 [01:57<02:39,  3.03it/s]

                                               [ACL loss: 1.4576990604400635, CE loss: 0.10928778350353241, combined loss: 0.24412891268730164
CL loss: 1.2738488912582397, CE loss: 0.10384770482778549, combined loss: 0.22084781527519226
CL loss: 1.7095413208007812, CE loss: 0.11632364988327026, combined loss: 0.2756454348564148
CL loss: 1.7642608880996704, CE loss: 0.09872102737426758, combined loss: 0.2652750015258789
CL loss: 0.9233466386795044, CE loss: 0.08874542266130447, combined loss: 0.17220553755760193
CL loss: 1.8158574104309082, CE loss: 0.10203568637371063, combined loss: 0.2734178602695465
CL loss: 1.9469866752624512, CE loss: 0.12029784917831421, combined loss: 0.30296674370765686
CL loss: 1.0919954776763916, CE loss: 0.10017305612564087, combined loss: 0.19935530424118042
CL loss: 1.235277771949768, CE loss: 0.12061955779790878, combined loss: 0.23208537697792053
CL loss: 1.408156394958496, CE loss: 0.10088720172643661, combined loss: 0.2316141277551651
CL loss: 1.6343798637390137, CE loss: 0.1065606102347374, combined loss: 0.2593425512313843
CL loss: 1.420307993888855, CE loss: 0.10759223997592926, combined loss: 0.23886382579803467
CL loss: 0.6858442425727844, CE loss: 0.08719943463802338, combined loss: 0.14706391096115112
CL loss: 0.8578298091888428, CE loss: 0.09863922744989395, combined loss: 0.17455828189849854
CL loss: 1.355111002922058, CE loss: 0.11002392321825027, combined loss: 0.23453262448310852
CL loss: 0.39781200885772705, CE loss: 0.0871439129114151, combined loss: 0.11821071803569794
CL loss: 0.8388404846191406, CE loss: 0.09678201377391815, combined loss: 0.17098785936832428
CL loss: 1.2540546655654907, CE loss: 0.10757739096879959, combined loss: 0.2222251296043396
CL loss: 0.5223084688186646, CE loss: 0.09542453289031982, combined loss: 0.13811291754245758
CL loss: 0.747204601764679, CE loss: 0.09366068989038467, combined loss: 0.15901508927345276
CL loss: 0.9401140809059143, CE loss: 0.10101553797721863, combined loss: 0.1849253922700882
CL loss: 2.2039079666137695, CE loss: 0.07253935188055038, combined loss: 0.2856762111186981
{'eval_loss': 0.2093159556388855, 'eval_top_1_macro_recall': 0.43569321338205586, 'eval_top_1_macro_precision': 0.43787782803713565, 'eval_top_1_macro_f1': 0.4278357656231487, 'eval_top_1_accuracy': 0.6685472496473907, 'eval_top_1_micro_recall': 0.5851851851851851, 'eval_top_1_micro_precision': 0.6685472496473907, 'eval_top_1_micro_f1': 0.6240947992100065, 'eval_top_2_macro_recall': 0.5421617087890022, 'eval_top_2_macro_precision': 0.3582368409030473, 'eval_top_2_macro_f1': 0.4186355227761405, 'eval_top_2_accuracy': 0.7813822284908322, 'eval_top_2_micro_recall': 0.7320987654320987, 'eval_top_2_micro_precision': 0.41819464033850495, 'eval_top_2_micro_f1': 0.5323159784560143, 'eval_top_3_macro_recall': 0.6306338936819208, 'eval_top_3_macro_precision': 0.3065996412270715, 'eval_top_3_macro_f1': 0.3911108772718838, 'eval_top_3_accuracy': 0.8645980253878702, 'eval_top_3_micro_recall': 0.8271604938271605, 'eval_top_3_micro_precision': 0.3149976492712741, 'eval_top_3_micro_f1': 0.4562478719782091, 'eval_runtime': 1.073, 'eval_samples_per_second': 660.78, 'eval_steps_per_second': 21.436, 'epoch': 9.0}

 30%|███       | 208/690 [02:00<12:49,  1.60s/it]
 30%|███       | 209/690 [02:01<09:57,  1.24s/it]
 30%|███       | 210/690 [02:01<07:56,  1.01it/s]
 31%|███       | 211/690 [02:01<06:31,  1.22it/s]
 31%|███       | 212/690 [02:02<05:32,  1.44it/s]
 31%|███       | 213/690 [02:02<04:51,  1.64it/s]
 31%|███       | 214/690 [02:03<04:21,  1.82it/s]
 31%|███       | 215/690 [02:03<04:01,  1.96it/s]
 31%|███▏      | 216/690 [02:04<03:47,  2.09it/s]
 31%|███▏      | 217/690 [02:04<03:36,  2.18it/s]
 32%|███▏      | 218/690 [02:04<03:30,  2.24it/s]
 32%|███▏      | 219/690 [02:05<03:24,  2.30it/s]
 32%|███▏      | 220/690 [02:05<03:21,  2.33it/s]
 32%|███▏      | 221/690 [02:06<03:18,  2.36it/s]
 32%|███▏      | 222/690 [02:06<03:16,  2.38it/s]
 32%|███▏      | 223/690 [02:06<03:15,  2.39it/s]
 32%|███▏      | 224/690 [02:07<03:13,  2.41it/s]
 33%|███▎      | 225/690 [02:07<03:13,  2.41it/s]
 33%|███▎      | 226/690 [02:08<03:11,  2.42it/s]
 33%|███▎      | 227/690 [02:08<03:11,  2.42it/s]
 33%|███▎      | 228/690 [02:08<03:11,  2.42it/s]
 33%|███▎      | 229/690 [02:09<03:10,  2.43it/s]
 33%|███▎      | 230/690 [02:09<02:30,  3.06it/s]
                                                 

 33%|███▎      | 230/690 [02:09<02:30,  3.06it/s]CL loss: 0.6769887804985046, CE loss: 0.09462723135948181, combined loss: 0.15286338329315186
CL loss: 0.8525359034538269, CE loss: 0.10404056310653687, combined loss: 0.17889009416103363
CL loss: 0.8399949669837952, CE loss: 0.10363494604825974, combined loss: 0.17727094888687134
CL loss: 0.6771830916404724, CE loss: 0.09148043394088745, combined loss: 0.15005069971084595
CL loss: 0.8804551362991333, CE loss: 0.098577581346035, combined loss: 0.1767653375864029
CL loss: 0.7686979174613953, CE loss: 0.09819459170103073, combined loss: 0.165244922041893
CL loss: 0.6908469796180725, CE loss: 0.09864427894353867, combined loss: 0.1578645408153534
CL loss: 0.7901754379272461, CE loss: 0.09339844435453415, combined loss: 0.16307613253593445
CL loss: 0.822037398815155, CE loss: 0.1034698486328125, combined loss: 0.17532660067081451
CL loss: 0.8817101120948792, CE loss: 0.09959007799625397, combined loss: 0.17780208587646484
CL loss: 0.7374051809310913, CE loss: 0.09414190798997879, combined loss: 0.15846823155879974
CL loss: 0.83284592628479, CE loss: 0.09763024002313614, combined loss: 0.17115181684494019
CL loss: 0.8633993268013, CE loss: 0.09180811792612076, combined loss: 0.16896724700927734
CL loss: 0.7912850975990295, CE loss: 0.0963483527302742, combined loss: 0.16584202647209167
CL loss: 0.7462856769561768, CE loss: 0.0948401615023613, combined loss: 0.15998470783233643
CL loss: 0.8346236944198608, CE loss: 0.094458669424057, combined loss: 0.1684751808643341
CL loss: 0.694280207157135, CE loss: 0.0926172137260437, combined loss: 0.15278351306915283
CL loss: 0.733343780040741, CE loss: 0.09648153930902481, combined loss: 0.16016775369644165
CL loss: 0.6832247972488403, CE loss: 0.09069967269897461, combined loss: 0.14995217323303223
CL loss: 0.654987096786499, CE loss: 0.09662236273288727, combined loss: 0.15245883166790009
CL loss: 0.6876583099365234, CE loss: 0.09260133653879166, combined loss: 0.15210703015327454
CL loss: 0.6293379664421082, CE loss: 0.08592834323644638, combined loss: 0.14026930928230286
CL loss: 1.1771965026855469, CE loss: 0.10995706915855408, combined loss: 0.21668100357055664
{'loss': 0.1649, 'grad_norm': 3.512590169906616, 'learning_rate': 3.3333333333333335e-05, 'epoch': 10.0}
CL loss: 0.6871640086174011, CE loss: 0.09316322952508926, combined loss: 0.15256330370903015


  0%|          | 0/23 [00:00<?, ?it/s][A

 17%|█▋        | 4/23 [00:00<00:00, 39.52it/s][A

 35%|███▍      | 8/23 [00:00<00:00, 33.22it/s][A

 52%|█████▏    | 12/23 [00:00<00:00, 31.57it/s][A

 70%|██████▉   | 16/23 [00:00<00:00, 30.63it/s][A

 87%|████████▋ | 20/23 [00:00<00:00, 30.31it/s][A

                                               
[A
                                                 

100%|██████████| 23/23 [00:01<00:00, 30.31it/s][A
 33%|███▎      | 230/690 [02:10<02:30,  3.06it/s]

                                               [ACL loss: 0.9779873490333557, CE loss: 0.10269318521022797, combined loss: 0.1902225911617279
CL loss: 1.2763986587524414, CE loss: 0.09673599898815155, combined loss: 0.2147022783756256
CL loss: 1.545071005821228, CE loss: 0.11987946927547455, combined loss: 0.2623986303806305
CL loss: 1.4362095594406128, CE loss: 0.11365041136741638, combined loss: 0.24590632319450378
CL loss: 1.0938527584075928, CE loss: 0.08556593209505081, combined loss: 0.186394602060318
CL loss: 1.6182835102081299, CE loss: 0.09852561354637146, combined loss: 0.2505013942718506
CL loss: 2.070272207260132, CE loss: 0.11226167529821396, combined loss: 0.30806273221969604
CL loss: 1.1152454614639282, CE loss: 0.10621773451566696, combined loss: 0.20712050795555115
CL loss: 1.3919297456741333, CE loss: 0.12843167781829834, combined loss: 0.25478148460388184
CL loss: 1.3439733982086182, CE loss: 0.10998442023992538, combined loss: 0.23338332772254944
CL loss: 1.4971230030059814, CE loss: 0.10013780742883682, combined loss: 0.23983633518218994
CL loss: 1.436272382736206, CE loss: 0.10153009742498398, combined loss: 0.23500433564186096
CL loss: 0.8181443810462952, CE loss: 0.08173360675573349, combined loss: 0.155374675989151
CL loss: 1.004554033279419, CE loss: 0.09642323106527328, combined loss: 0.18723630905151367
CL loss: 1.2873694896697998, CE loss: 0.11257173866033554, combined loss: 0.23005151748657227
CL loss: 0.44033166766166687, CE loss: 0.09018804877996445, combined loss: 0.12520240247249603
CL loss: 0.7862994074821472, CE loss: 0.10166440159082413, combined loss: 0.17012789845466614
CL loss: 1.3100100755691528, CE loss: 0.10139463096857071, combined loss: 0.22225618362426758
CL loss: 0.4705487787723541, CE loss: 0.09015289694070816, combined loss: 0.1281924843788147
CL loss: 0.7728210091590881, CE loss: 0.09232646971940994, combined loss: 0.1603759229183197
CL loss: 1.2679671049118042, CE loss: 0.10491007566452026, combined loss: 0.22121576964855194
CL loss: 0.641924262046814, CE loss: 0.061585139483213425, combined loss: 0.11961905658245087
{'eval_loss': 0.20759838819503784, 'eval_top_1_macro_recall': 0.4293042305861164, 'eval_top_1_macro_precision': 0.44118720537858463, 'eval_top_1_macro_f1': 0.43235772413447376, 'eval_top_1_accuracy': 0.6685472496473907, 'eval_top_1_micro_recall': 0.5851851851851851, 'eval_top_1_micro_precision': 0.6685472496473907, 'eval_top_1_micro_f1': 0.6240947992100065, 'eval_top_2_macro_recall': 0.5412257091236831, 'eval_top_2_macro_precision': 0.40105190199013346, 'eval_top_2_macro_f1': 0.4427664817330235, 'eval_top_2_accuracy': 0.8067700987306065, 'eval_top_2_micro_recall': 0.7506172839506173, 'eval_top_2_micro_precision': 0.4287729196050776, 'eval_top_2_micro_f1': 0.5457809694793537, 'eval_top_3_macro_recall': 0.6282008768443114, 'eval_top_3_macro_precision': 0.3450997036896076, 'eval_top_3_macro_f1': 0.41709785200869476, 'eval_top_3_accuracy': 0.8970380818053597, 'eval_top_3_micro_recall': 0.8493827160493828, 'eval_top_3_micro_precision': 0.3234602726845322, 'eval_top_3_micro_f1': 0.4685052774940415, 'eval_runtime': 1.1755, 'eval_samples_per_second': 603.173, 'eval_steps_per_second': 19.567, 'epoch': 10.0}

 33%|███▎      | 231/690 [02:14<12:54,  1.69s/it]
 34%|███▎      | 232/690 [02:14<09:56,  1.30s/it]
 34%|███▍      | 233/690 [02:15<07:53,  1.04s/it]
 34%|███▍      | 234/690 [02:15<06:26,  1.18it/s]
 34%|███▍      | 235/690 [02:16<05:26,  1.40it/s]
 34%|███▍      | 236/690 [02:16<04:43,  1.60it/s]
 34%|███▍      | 237/690 [02:16<04:14,  1.78it/s]
 34%|███▍      | 238/690 [02:17<03:52,  1.94it/s]
 35%|███▍      | 239/690 [02:17<03:38,  2.07it/s]
 35%|███▍      | 240/690 [02:18<03:28,  2.16it/s]
 35%|███▍      | 241/690 [02:18<03:20,  2.24it/s]
 35%|███▌      | 242/690 [02:18<03:15,  2.29it/s]
 35%|███▌      | 243/690 [02:19<03:11,  2.33it/s]
 35%|███▌      | 244/690 [02:19<03:08,  2.36it/s]
 36%|███▌      | 245/690 [02:20<03:06,  2.38it/s]
 36%|███▌      | 246/690 [02:20<03:05,  2.39it/s]
 36%|███▌      | 247/690 [02:20<03:03,  2.41it/s]
 36%|███▌      | 248/690 [02:21<03:03,  2.41it/s]
 36%|███▌      | 249/690 [02:21<03:02,  2.42it/s]
 36%|███▌      | 250/690 [02:22<03:01,  2.42it/s]
 36%|███▋      | 251/690 [02:22<03:01,  2.42it/s]
 37%|███▋      | 252/690 [02:23<03:00,  2.42it/s]
 37%|███▋      | 253/690 [02:23<02:22,  3.07it/s]
                                                 

 37%|███▋      | 253/690 [02:23<02:22,  3.07it/s]CL loss: 0.8543528318405151, CE loss: 0.09874983876943588, combined loss: 0.17431014776229858
CL loss: 0.7694005966186523, CE loss: 0.09782123565673828, combined loss: 0.16497915983200073
CL loss: 0.820125162601471, CE loss: 0.09579991549253464, combined loss: 0.16823244094848633
CL loss: 0.7867242693901062, CE loss: 0.09723968058824539, combined loss: 0.16618815064430237
CL loss: 0.7436232566833496, CE loss: 0.08737599104642868, combined loss: 0.15300071239471436
CL loss: 0.637339174747467, CE loss: 0.08994424343109131, combined loss: 0.14468374848365784
CL loss: 0.7271790504455566, CE loss: 0.09277357161045074, combined loss: 0.15621411800384521
CL loss: 0.7360870242118835, CE loss: 0.09188967943191528, combined loss: 0.15630941092967987
CL loss: 0.7039668560028076, CE loss: 0.09432554244995117, combined loss: 0.1552896797657013
CL loss: 0.6771525740623474, CE loss: 0.08206905424594879, combined loss: 0.14157740771770477
CL loss: 0.6756201982498169, CE loss: 0.08757525682449341, combined loss: 0.146379753947258
CL loss: 0.7166364192962646, CE loss: 0.09161528944969177, combined loss: 0.1541174054145813
CL loss: 0.6533882021903992, CE loss: 0.09043107181787491, combined loss: 0.1467267870903015
CL loss: 0.6099796295166016, CE loss: 0.08973616361618042, combined loss: 0.14176049828529358
CL loss: 0.8371841311454773, CE loss: 0.09934048354625702, combined loss: 0.17312484979629517
CL loss: 0.6189243197441101, CE loss: 0.08460185676813126, combined loss: 0.13803410530090332
CL loss: 0.6856788992881775, CE loss: 0.09228086471557617, combined loss: 0.15162067115306854
CL loss: 0.6582915782928467, CE loss: 0.09014125913381577, combined loss: 0.14695629477500916
CL loss: 0.7980168461799622, CE loss: 0.09259869158267975, combined loss: 0.16314050555229187
CL loss: 0.6156909465789795, CE loss: 0.08065950870513916, combined loss: 0.13416264951229095
CL loss: 0.7936233878135681, CE loss: 0.09267432242631912, combined loss: 0.16276922821998596
CL loss: 0.7262827754020691, CE loss: 0.09213747829198837, combined loss: 0.1555519998073578
CL loss: 0.6280595064163208, CE loss: 0.0694398358464241, combined loss: 0.1253018081188202
{'loss': 0.1531, 'grad_norm': 2.2658276557922363, 'learning_rate': 3.1666666666666666e-05, 'epoch': 11.0}
CL loss: 0.3023528456687927, CE loss: 0.07922118902206421, combined loss: 0.10153435170650482


  0%|          | 0/23 [00:00<?, ?it/s][A

 17%|█▋        | 4/23 [00:00<00:00, 38.70it/s][A

 35%|███▍      | 8/23 [00:00<00:00, 32.90it/s][A

 52%|█████▏    | 12/23 [00:00<00:00, 31.40it/s][A

 70%|██████▉   | 16/23 [00:00<00:00, 30.72it/s][A

 87%|████████▋ | 20/23 [00:00<00:00, 30.37it/s][A

                                               
[A
                                                 

100%|██████████| 23/23 [00:00<00:00, 30.37it/s][A
 37%|███▋      | 253/690 [02:24<02:22,  3.07it/s]

                                               [ACL loss: 1.1041903495788574, CE loss: 0.09562449157238007, combined loss: 0.19648107886314392
CL loss: 1.2733771800994873, CE loss: 0.09506789594888687, combined loss: 0.21289882063865662
CL loss: 1.3299397230148315, CE loss: 0.1190546378493309, combined loss: 0.24014315009117126
CL loss: 1.3838094472885132, CE loss: 0.08970800787210464, combined loss: 0.2191181480884552
CL loss: 0.723894476890564, CE loss: 0.08308243751525879, combined loss: 0.14716362953186035
CL loss: 1.5222036838531494, CE loss: 0.08742521703243256, combined loss: 0.23090305924415588
CL loss: 1.9250264167785645, CE loss: 0.10945238173007965, combined loss: 0.291009783744812
CL loss: 0.9231680035591125, CE loss: 0.09413093328475952, combined loss: 0.1770346462726593
CL loss: 1.286302089691162, CE loss: 0.11877404898405075, combined loss: 0.23552684485912323
CL loss: 1.3214635848999023, CE loss: 0.0934109091758728, combined loss: 0.21621617674827576
CL loss: 1.2748756408691406, CE loss: 0.09599561244249344, combined loss: 0.21388360857963562
CL loss: 1.099351167678833, CE loss: 0.09621216356754303, combined loss: 0.19652606546878815
CL loss: 0.9278167486190796, CE loss: 0.07748718559741974, combined loss: 0.1625201404094696
CL loss: 0.9735441207885742, CE loss: 0.09966704994440079, combined loss: 0.18705475330352783
CL loss: 1.4682426452636719, CE loss: 0.10936325788497925, combined loss: 0.24525120854377747
CL loss: 0.41082602739334106, CE loss: 0.0825159028172493, combined loss: 0.11534690856933594
CL loss: 1.141864538192749, CE loss: 0.09516112506389618, combined loss: 0.19983147084712982
CL loss: 1.2670115232467651, CE loss: 0.09693414717912674, combined loss: 0.21394190192222595
CL loss: 0.4530358910560608, CE loss: 0.08899734169244766, combined loss: 0.12540119886398315
CL loss: 0.8643510341644287, CE loss: 0.09098291397094727, combined loss: 0.1683197319507599
CL loss: 1.2468003034591675, CE loss: 0.0935746431350708, combined loss: 0.208897203207016
CL loss: 0.048332832753658295, CE loss: 0.054366640746593475, combined loss: 0.0537632592022419
{'eval_loss': 0.19468113780021667, 'eval_top_1_macro_recall': 0.43589387791175854, 'eval_top_1_macro_precision': 0.4552301930265243, 'eval_top_1_macro_f1': 0.42897966260549547, 'eval_top_1_accuracy': 0.6755994358251057, 'eval_top_1_micro_recall': 0.591358024691358, 'eval_top_1_micro_precision': 0.6755994358251057, 'eval_top_1_micro_f1': 0.630678077682686, 'eval_top_2_macro_recall': 0.5633446961524133, 'eval_top_2_macro_precision': 0.39524669929270345, 'eval_top_2_macro_f1': 0.4437793235076137, 'eval_top_2_accuracy': 0.8025387870239774, 'eval_top_2_micro_recall': 0.7407407407407407, 'eval_top_2_micro_precision': 0.4231311706629055, 'eval_top_2_micro_f1': 0.5385996409335727, 'eval_top_3_macro_recall': 0.6514437771815988, 'eval_top_3_macro_precision': 0.34546604384579305, 'eval_top_3_macro_f1': 0.42344895896707785, 'eval_top_3_accuracy': 0.8843441466854725, 'eval_top_3_micro_recall': 0.8407407407407408, 'eval_top_3_micro_precision': 0.32016925246826516, 'eval_top_3_micro_f1': 0.46373850868232896, 'eval_runtime': 1.0813, 'eval_samples_per_second': 655.67, 'eval_steps_per_second': 21.27, 'epoch': 11.0}

 37%|███▋      | 254/690 [02:27<11:36,  1.60s/it]
 37%|███▋      | 255/690 [02:28<09:00,  1.24s/it]
 37%|███▋      | 256/690 [02:28<07:11,  1.01it/s]
 37%|███▋      | 257/690 [02:28<05:54,  1.22it/s]
 37%|███▋      | 258/690 [02:29<05:00,  1.44it/s]
 38%|███▊      | 259/690 [02:29<04:23,  1.64it/s]
 38%|███▊      | 260/690 [02:30<03:56,  1.82it/s]
 38%|███▊      | 261/690 [02:30<03:38,  1.97it/s]
 38%|███▊      | 262/690 [02:30<03:25,  2.08it/s]
 38%|███▊      | 263/690 [02:31<03:16,  2.18it/s]
 38%|███▊      | 264/690 [02:31<03:09,  2.24it/s]
 38%|███▊      | 265/690 [02:32<03:04,  2.30it/s]
 39%|███▊      | 266/690 [02:32<03:01,  2.34it/s]
 39%|███▊      | 267/690 [02:33<02:59,  2.36it/s]
 39%|███▉      | 268/690 [02:33<02:57,  2.38it/s]
 39%|███▉      | 269/690 [02:33<02:55,  2.40it/s]
 39%|███▉      | 270/690 [02:34<02:54,  2.40it/s]
 39%|███▉      | 271/690 [02:34<02:53,  2.41it/s]
 39%|███▉      | 272/690 [02:35<02:53,  2.41it/s]
 40%|███▉      | 273/690 [02:35<02:52,  2.42it/s]
 40%|███▉      | 274/690 [02:35<02:51,  2.43it/s]
 40%|███▉      | 275/690 [02:36<02:51,  2.42it/s]
 40%|████      | 276/690 [02:36<02:15,  3.04it/s]
                                                 

 40%|████      | 276/690 [02:36<02:15,  3.04it/s]CL loss: 0.7270199060440063, CE loss: 0.0856374129652977, combined loss: 0.1497756540775299
CL loss: 0.6980410814285278, CE loss: 0.08776992559432983, combined loss: 0.14879703521728516
CL loss: 0.5990750789642334, CE loss: 0.0790889710187912, combined loss: 0.13108758628368378
CL loss: 0.7636903524398804, CE loss: 0.08346454054117203, combined loss: 0.15148712694644928
CL loss: 0.6129345893859863, CE loss: 0.07859843224287033, combined loss: 0.13203203678131104
CL loss: 0.6486018300056458, CE loss: 0.09022432565689087, combined loss: 0.14606207609176636
CL loss: 0.739118754863739, CE loss: 0.09574434161186218, combined loss: 0.16008177399635315
CL loss: 0.71956866979599, CE loss: 0.09096796065568924, combined loss: 0.15382802486419678
CL loss: 0.8016855120658875, CE loss: 0.08962725847959518, combined loss: 0.16083309054374695
CL loss: 0.7710743546485901, CE loss: 0.0886286199092865, combined loss: 0.1568731963634491
CL loss: 0.5018514394760132, CE loss: 0.07354723662137985, combined loss: 0.11637765169143677
CL loss: 0.6164305210113525, CE loss: 0.08739842474460602, combined loss: 0.1403016299009323
CL loss: 0.7228642106056213, CE loss: 0.08712306618690491, combined loss: 0.15069717168807983
CL loss: 0.7147172689437866, CE loss: 0.08764926344156265, combined loss: 0.15035605430603027
CL loss: 0.7291595935821533, CE loss: 0.08480240404605865, combined loss: 0.14923812448978424
CL loss: 0.7900485396385193, CE loss: 0.09692519903182983, combined loss: 0.16623753309249878
CL loss: 0.6806041598320007, CE loss: 0.08140268176794052, combined loss: 0.14132282137870789
CL loss: 0.651523232460022, CE loss: 0.08435628563165665, combined loss: 0.14107298851013184
CL loss: 0.5315148830413818, CE loss: 0.0792674720287323, combined loss: 0.12449221312999725
CL loss: 0.7616471648216248, CE loss: 0.09569372236728668, combined loss: 0.16228905320167542
CL loss: 0.7810512781143188, CE loss: 0.09126342833042145, combined loss: 0.1602422147989273
CL loss: 0.640745997428894, CE loss: 0.08391141891479492, combined loss: 0.1395948827266693
CL loss: 1.7829294204711914, CE loss: 0.08209013938903809, combined loss: 0.2521740794181824
{'loss': 0.1515, 'grad_norm': 4.085488796234131, 'learning_rate': 3e-05, 'epoch': 12.0}
CL loss: 0.35764703154563904, CE loss: 0.0783507376909256, combined loss: 0.1062803715467453


  0%|          | 0/23 [00:00<?, ?it/s][A

 22%|██▏       | 5/23 [00:00<00:00, 37.44it/s][A

 39%|███▉      | 9/23 [00:00<00:00, 32.88it/s][A

 57%|█████▋    | 13/23 [00:00<00:00, 31.45it/s][A

 74%|███████▍  | 17/23 [00:00<00:00, 30.74it/s][A

 91%|█████████▏| 21/23 [00:00<00:00, 30.43it/s][A

                                               
[A
                                                 

100%|██████████| 23/23 [00:00<00:00, 30.43it/s][A
 40%|████      | 276/690 [02:37<02:15,  3.04it/s]

                                               [ACL loss: 1.1854671239852905, CE loss: 0.09339138120412827, combined loss: 0.2025989592075348
CL loss: 1.3147448301315308, CE loss: 0.0961059033870697, combined loss: 0.21796979010105133
CL loss: 1.633687138557434, CE loss: 0.11147648841142654, combined loss: 0.2636975646018982
CL loss: 1.3980904817581177, CE loss: 0.08844999223947525, combined loss: 0.21941405534744263
CL loss: 0.8326694965362549, CE loss: 0.06878239661455154, combined loss: 0.14517110586166382
CL loss: 1.766292929649353, CE loss: 0.08778493851423264, combined loss: 0.25563573837280273
CL loss: 2.016256093978882, CE loss: 0.10225055366754532, combined loss: 0.29365110397338867
CL loss: 0.9071637988090515, CE loss: 0.09375724196434021, combined loss: 0.17509789764881134
CL loss: 1.302246332168579, CE loss: 0.10743900388479233, combined loss: 0.2269197404384613
CL loss: 1.1804722547531128, CE loss: 0.09227802604436874, combined loss: 0.20109745860099792
CL loss: 1.4665998220443726, CE loss: 0.09416493028402328, combined loss: 0.23140841722488403
CL loss: 1.168839454650879, CE loss: 0.09333042055368423, combined loss: 0.20088133215904236
CL loss: 0.8671939969062805, CE loss: 0.07131344825029373, combined loss: 0.15090149641036987
CL loss: 0.9567020535469055, CE loss: 0.08576669543981552, combined loss: 0.17286023497581482
CL loss: 1.3360285758972168, CE loss: 0.09956904500722885, combined loss: 0.2232149988412857
CL loss: 0.25588542222976685, CE loss: 0.07280299067497253, combined loss: 0.09111123532056808
CL loss: 1.0106613636016846, CE loss: 0.08489644527435303, combined loss: 0.17747293412685394
CL loss: 1.5884243249893188, CE loss: 0.10034133493900299, combined loss: 0.2491496205329895
CL loss: 0.6303765177726746, CE loss: 0.08429326862096786, combined loss: 0.13890159130096436
CL loss: 0.800578236579895, CE loss: 0.08491931110620499, combined loss: 0.1564851999282837
CL loss: 0.954383373260498, CE loss: 0.08807415515184402, combined loss: 0.17470507323741913
CL loss: 0.08666729927062988, CE loss: 0.052471864968538284, combined loss: 0.055891409516334534
{'eval_loss': 0.19332507252693176, 'eval_top_1_macro_recall': 0.4453530431119415, 'eval_top_1_macro_precision': 0.4518073487468007, 'eval_top_1_macro_f1': 0.4399922782034891, 'eval_top_1_accuracy': 0.6967559943582511, 'eval_top_1_micro_recall': 0.6098765432098765, 'eval_top_1_micro_precision': 0.6967559943582511, 'eval_top_1_micro_f1': 0.6504279131007241, 'eval_top_2_macro_recall': 0.5755096107757172, 'eval_top_2_macro_precision': 0.3953787312111936, 'eval_top_2_macro_f1': 0.452570885620215, 'eval_top_2_accuracy': 0.8025387870239774, 'eval_top_2_micro_recall': 0.7555555555555555, 'eval_top_2_micro_precision': 0.4315937940761636, 'eval_top_2_micro_f1': 0.5493716337522442, 'eval_top_3_macro_recall': 0.7024255915016758, 'eval_top_3_macro_precision': 0.373786881015047, 'eval_top_3_macro_f1': 0.45643258042036017, 'eval_top_3_accuracy': 0.8899858956276445, 'eval_top_3_micro_recall': 0.8493827160493828, 'eval_top_3_micro_precision': 0.3234602726845322, 'eval_top_3_micro_f1': 0.4685052774940415, 'eval_runtime': 1.0758, 'eval_samples_per_second': 659.02, 'eval_steps_per_second': 21.379, 'epoch': 12.0}

 40%|████      | 277/690 [02:41<11:00,  1.60s/it]
 40%|████      | 278/690 [02:41<08:32,  1.24s/it]
 40%|████      | 279/690 [02:41<06:48,  1.01it/s]
 41%|████      | 280/690 [02:42<05:35,  1.22it/s]
 41%|████      | 281/690 [02:42<04:45,  1.43it/s]
 41%|████      | 282/690 [02:43<04:09,  1.64it/s]
 41%|████      | 283/690 [02:43<03:44,  1.81it/s]
 41%|████      | 284/690 [02:43<03:27,  1.96it/s]
 41%|████▏     | 285/690 [02:44<03:14,  2.08it/s]
 41%|████▏     | 286/690 [02:44<03:05,  2.18it/s]
 42%|████▏     | 287/690 [02:45<02:59,  2.24it/s]
 42%|████▏     | 288/690 [02:45<02:54,  2.30it/s]
 42%|████▏     | 289/690 [02:45<02:51,  2.33it/s]
 42%|████▏     | 290/690 [02:46<02:49,  2.36it/s]
 42%|████▏     | 291/690 [02:46<02:47,  2.38it/s]
 42%|████▏     | 292/690 [02:47<02:46,  2.39it/s]
 42%|████▏     | 293/690 [02:47<02:44,  2.41it/s]
 43%|████▎     | 294/690 [02:48<02:44,  2.41it/s]
 43%|████▎     | 295/690 [02:48<02:43,  2.42it/s]
 43%|████▎     | 296/690 [02:48<02:42,  2.42it/s]
 43%|████▎     | 297/690 [02:49<02:42,  2.42it/s]
 43%|████▎     | 298/690 [02:49<02:41,  2.43it/s]
 43%|████▎     | 299/690 [02:49<02:07,  3.07it/s]
                                                 

 43%|████▎     | 299/690 [02:49<02:07,  3.07it/s]CL loss: 0.6243035197257996, CE loss: 0.08090347051620483, combined loss: 0.1352434754371643
CL loss: 0.688031792640686, CE loss: 0.08236517757177353, combined loss: 0.14293184876441956
CL loss: 0.5433377623558044, CE loss: 0.07535002380609512, combined loss: 0.122148796916008
CL loss: 0.6490769386291504, CE loss: 0.08459184318780899, combined loss: 0.1410403549671173
CL loss: 0.5870240330696106, CE loss: 0.07681041955947876, combined loss: 0.12783178687095642
CL loss: 0.6572433710098267, CE loss: 0.08056923002004623, combined loss: 0.1382366418838501
CL loss: 0.7098792791366577, CE loss: 0.09124361723661423, combined loss: 0.1531071960926056
CL loss: 0.7467371821403503, CE loss: 0.08859343826770782, combined loss: 0.1544078141450882
CL loss: 0.6837274432182312, CE loss: 0.08893284946680069, combined loss: 0.1484123170375824
CL loss: 0.4954628050327301, CE loss: 0.07088718563318253, combined loss: 0.11334474384784698
CL loss: 0.5856531858444214, CE loss: 0.08516910672187805, combined loss: 0.13521751761436462
CL loss: 0.6599119305610657, CE loss: 0.08068225532770157, combined loss: 0.13860522210597992
CL loss: 0.5987470149993896, CE loss: 0.08126351237297058, combined loss: 0.1330118626356125
CL loss: 0.7177214622497559, CE loss: 0.08307556062936783, combined loss: 0.14654015004634857
CL loss: 0.6309539675712585, CE loss: 0.080195352435112, combined loss: 0.13527122139930725
CL loss: 0.6471114158630371, CE loss: 0.08073565363883972, combined loss: 0.13737323880195618
CL loss: 0.7492072582244873, CE loss: 0.08261816203594208, combined loss: 0.14927707612514496
CL loss: 0.6616088151931763, CE loss: 0.08416855335235596, combined loss: 0.141912579536438
CL loss: 0.7237698435783386, CE loss: 0.09495989233255386, combined loss: 0.15784089267253876
CL loss: 0.6771906018257141, CE loss: 0.08168579638004303, combined loss: 0.14123627543449402
CL loss: 0.6474350690841675, CE loss: 0.08020482957363129, combined loss: 0.13692785799503326
CL loss: 0.8453659415245056, CE loss: 0.08421602845191956, combined loss: 0.16033101081848145
CL loss: 2.2519543170928955, CE loss: 0.09871284663677216, combined loss: 0.3140369951725006
{'loss': 0.148, 'grad_norm': 4.095347881317139, 'learning_rate': 2.8333333333333335e-05, 'epoch': 13.0}
CL loss: 0.35525819659233093, CE loss: 0.07169981300830841, combined loss: 0.10005564987659454


  0%|          | 0/23 [00:00<?, ?it/s][A

 17%|█▋        | 4/23 [00:00<00:00, 39.96it/s][A

 35%|███▍      | 8/23 [00:00<00:00, 33.11it/s][A

 52%|█████▏    | 12/23 [00:00<00:00, 31.43it/s][A

 70%|██████▉   | 16/23 [00:00<00:00, 30.72it/s][A

 87%|████████▋ | 20/23 [00:00<00:00, 30.36it/s][A

                                               
[A
                                                 

100%|██████████| 23/23 [00:00<00:00, 30.36it/s][A
 43%|████▎     | 299/690 [02:51<02:07,  3.07it/s]

                                               [ACL loss: 1.077841877937317, CE loss: 0.08860932290554047, combined loss: 0.18753257393836975
CL loss: 1.0361907482147217, CE loss: 0.08718055486679077, combined loss: 0.18208158016204834
CL loss: 1.653154730796814, CE loss: 0.1041329950094223, combined loss: 0.2590351700782776
CL loss: 1.2205400466918945, CE loss: 0.08875659853219986, combined loss: 0.20193493366241455
CL loss: 0.6107584238052368, CE loss: 0.07059867680072784, combined loss: 0.1246146485209465
CL loss: 1.5413960218429565, CE loss: 0.08254998922348022, combined loss: 0.22843459248542786
CL loss: 1.6717203855514526, CE loss: 0.09720996767282486, combined loss: 0.25466102361679077
CL loss: 0.6229828000068665, CE loss: 0.0789111778140068, combined loss: 0.13331833481788635
CL loss: 1.1731318235397339, CE loss: 0.10648319125175476, combined loss: 0.2131480574607849
CL loss: 1.2961598634719849, CE loss: 0.09921327978372574, combined loss: 0.21890795230865479
CL loss: 1.2196673154830933, CE loss: 0.09406694024801254, combined loss: 0.2066269814968109
CL loss: 1.2106505632400513, CE loss: 0.08844640105962753, combined loss: 0.20066681504249573
CL loss: 0.7646735310554504, CE loss: 0.07067912817001343, combined loss: 0.1400785744190216
CL loss: 0.9342870712280273, CE loss: 0.08406400680541992, combined loss: 0.1690863072872162
CL loss: 1.1127718687057495, CE loss: 0.094774030148983, combined loss: 0.19657380878925323
CL loss: 0.49394911527633667, CE loss: 0.07270113378763199, combined loss: 0.11482593417167664
CL loss: 0.9254061579704285, CE loss: 0.07908422499895096, combined loss: 0.1637164056301117
CL loss: 1.4267845153808594, CE loss: 0.09730354696512222, combined loss: 0.23025164008140564
CL loss: 0.6796488165855408, CE loss: 0.08124634623527527, combined loss: 0.14108659327030182
CL loss: 0.5250546932220459, CE loss: 0.07552756369113922, combined loss: 0.12048027664422989
CL loss: 0.9878455400466919, CE loss: 0.08787612617015839, combined loss: 0.17787307500839233
CL loss: 0.2804917097091675, CE loss: 0.055229756981134415, combined loss: 0.07775595039129257
{'eval_loss': 0.17950421571731567, 'eval_top_1_macro_recall': 0.4572929487083463, 'eval_top_1_macro_precision': 0.46913359051349046, 'eval_top_1_macro_f1': 0.4582037048139949, 'eval_top_1_accuracy': 0.7263751763046544, 'eval_top_1_micro_recall': 0.6358024691358025, 'eval_top_1_micro_precision': 0.7263751763046544, 'eval_top_1_micro_f1': 0.6780776826859776, 'eval_top_2_macro_recall': 0.569255362142438, 'eval_top_2_macro_precision': 0.40359109803765, 'eval_top_2_macro_f1': 0.4377959970208547, 'eval_top_2_accuracy': 0.8307475317348378, 'eval_top_2_micro_recall': 0.7802469135802469, 'eval_top_2_micro_precision': 0.44569816643159377, 'eval_top_2_micro_f1': 0.5673249551166966, 'eval_top_3_macro_recall': 0.6784520353947388, 'eval_top_3_macro_precision': 0.3289720107162157, 'eval_top_3_macro_f1': 0.4249324290567611, 'eval_top_3_accuracy': 0.8984485190409027, 'eval_top_3_micro_recall': 0.8666666666666667, 'eval_top_3_micro_precision': 0.3300423131170663, 'eval_top_3_micro_f1': 0.4780388151174668, 'eval_runtime': 1.0827, 'eval_samples_per_second': 654.829, 'eval_steps_per_second': 21.243, 'epoch': 13.0}

 43%|████▎     | 300/690 [02:54<10:15,  1.58s/it]
 44%|████▎     | 301/690 [02:54<07:57,  1.23s/it]
 44%|████▍     | 302/690 [02:55<06:21,  1.02it/s]
 44%|████▍     | 303/690 [02:55<05:13,  1.23it/s]
 44%|████▍     | 304/690 [02:55<04:26,  1.45it/s]
 44%|████▍     | 305/690 [02:56<03:53,  1.65it/s]
 44%|████▍     | 306/690 [02:56<03:30,  1.82it/s]
 44%|████▍     | 307/690 [02:57<03:13,  1.98it/s]
 45%|████▍     | 308/690 [02:57<03:02,  2.09it/s]
 45%|████▍     | 309/690 [02:58<02:54,  2.18it/s]
 45%|████▍     | 310/690 [02:58<02:48,  2.26it/s]
 45%|████▌     | 311/690 [02:58<02:44,  2.30it/s]
 45%|████▌     | 312/690 [02:59<02:41,  2.34it/s]
 45%|████▌     | 313/690 [02:59<02:38,  2.37it/s]
 46%|████▌     | 314/690 [03:00<02:37,  2.38it/s]
 46%|████▌     | 315/690 [03:00<02:36,  2.40it/s]
 46%|████▌     | 316/690 [03:00<02:34,  2.41it/s]
 46%|████▌     | 317/690 [03:01<02:34,  2.41it/s]
 46%|████▌     | 318/690 [03:01<02:33,  2.42it/s]
 46%|████▌     | 319/690 [03:02<02:33,  2.42it/s]
 46%|████▋     | 320/690 [03:02<02:32,  2.42it/s]
 47%|████▋     | 321/690 [03:02<02:31,  2.43it/s]
 47%|████▋     | 322/690 [03:03<02:02,  3.01it/s]
                                                 

 47%|████▋     | 322/690 [03:03<02:02,  3.01it/s]CL loss: 0.656488835811615, CE loss: 0.08668486773967743, combined loss: 0.14366525411605835
CL loss: 0.582581639289856, CE loss: 0.07126700133085251, combined loss: 0.12239846587181091
CL loss: 0.5953035950660706, CE loss: 0.07979029417037964, combined loss: 0.1313416212797165
CL loss: 0.646065354347229, CE loss: 0.07752541452646255, combined loss: 0.13437941670417786
CL loss: 0.7382997870445251, CE loss: 0.08772990852594376, combined loss: 0.15278689563274384
CL loss: 0.767478883266449, CE loss: 0.08752654492855072, combined loss: 0.15552178025245667
CL loss: 0.5883945226669312, CE loss: 0.07664207369089127, combined loss: 0.1278173178434372
CL loss: 0.7033501863479614, CE loss: 0.08236978203058243, combined loss: 0.14446783065795898
CL loss: 0.7078657746315002, CE loss: 0.08213121443986893, combined loss: 0.144704669713974
CL loss: 0.6429082751274109, CE loss: 0.0799315795302391, combined loss: 0.1362292468547821
CL loss: 0.5793061256408691, CE loss: 0.07626128196716309, combined loss: 0.12656576931476593
CL loss: 0.5462571978569031, CE loss: 0.07460089027881622, combined loss: 0.12176652252674103
CL loss: 0.6287638545036316, CE loss: 0.07712221145629883, combined loss: 0.13228636980056763
CL loss: 0.6951501965522766, CE loss: 0.07658585906028748, combined loss: 0.1384422928094864
CL loss: 0.6582198143005371, CE loss: 0.0766615942120552, combined loss: 0.13481742143630981
CL loss: 0.8060083389282227, CE loss: 0.08676295727491379, combined loss: 0.1586875021457672
CL loss: 0.5924733877182007, CE loss: 0.07511432468891144, combined loss: 0.12685023248195648
CL loss: 0.7513301968574524, CE loss: 0.08929067105054855, combined loss: 0.15549463033676147
CL loss: 0.6206411719322205, CE loss: 0.0748627558350563, combined loss: 0.12944060564041138
CL loss: 0.7269099354743958, CE loss: 0.0829245075583458, combined loss: 0.14732304215431213
CL loss: 0.656667947769165, CE loss: 0.08667952567338943, combined loss: 0.14367836713790894
CL loss: 0.7680596709251404, CE loss: 0.08977701514959335, combined loss: 0.15760529041290283
CL loss: 0.683433473110199, CE loss: 0.08327053487300873, combined loss: 0.1432868242263794
{'loss': 0.1395, 'grad_norm': 2.177520513534546, 'learning_rate': 2.6666666666666667e-05, 'epoch': 14.0}
CL loss: 0.5293164849281311, CE loss: 0.08021441102027893, combined loss: 0.12512461841106415


  0%|          | 0/23 [00:00<?, ?it/s][A

 17%|█▋        | 4/23 [00:00<00:00, 39.89it/s][A

 35%|███▍      | 8/23 [00:00<00:00, 33.18it/s][A

 52%|█████▏    | 12/23 [00:00<00:00, 31.48it/s][A

 70%|██████▉   | 16/23 [00:00<00:00, 30.74it/s][A

 87%|████████▋ | 20/23 [00:00<00:00, 30.33it/s][A

                                               
[A
                                                 

100%|██████████| 23/23 [00:00<00:00, 30.33it/s][A
 47%|████▋     | 322/690 [03:04<02:02,  3.01it/s]

                                               [ACL loss: 1.1331661939620972, CE loss: 0.09820012748241425, combined loss: 0.2016967236995697
CL loss: 1.2279986143112183, CE loss: 0.0859425887465477, combined loss: 0.20014819502830505
CL loss: 1.547315001487732, CE loss: 0.10955973714590073, combined loss: 0.25333526730537415
CL loss: 1.431305170059204, CE loss: 0.09613066911697388, combined loss: 0.22964812815189362
CL loss: 0.7034779191017151, CE loss: 0.0711081400513649, combined loss: 0.13434511423110962
CL loss: 1.7477974891662598, CE loss: 0.08347766101360321, combined loss: 0.2499096542596817
CL loss: 1.8045610189437866, CE loss: 0.09702975302934647, combined loss: 0.26778286695480347
CL loss: 0.872504472732544, CE loss: 0.08439156413078308, combined loss: 0.16320285201072693
CL loss: 1.1716960668563843, CE loss: 0.11533069610595703, combined loss: 0.22096723318099976
CL loss: 1.3379509449005127, CE loss: 0.08731833845376968, combined loss: 0.21238160133361816
CL loss: 1.3335179090499878, CE loss: 0.09262484312057495, combined loss: 0.21671414375305176
CL loss: 1.4650404453277588, CE loss: 0.09810519218444824, combined loss: 0.23479871451854706
CL loss: 0.4686715602874756, CE loss: 0.06992530077695847, combined loss: 0.10979992151260376
CL loss: 1.0078085660934448, CE loss: 0.08303233236074448, combined loss: 0.1755099594593048
CL loss: 1.327637791633606, CE loss: 0.09984838217496872, combined loss: 0.22262732684612274
CL loss: 0.30011671781539917, CE loss: 0.06668946892023087, combined loss: 0.0900321900844574
CL loss: 1.1296772956848145, CE loss: 0.09365881979465485, combined loss: 0.19726066291332245
CL loss: 1.495652437210083, CE loss: 0.09523951262235641, combined loss: 0.2352808117866516
CL loss: 0.6404885053634644, CE loss: 0.08099593222141266, combined loss: 0.1369451880455017
CL loss: 0.7577401399612427, CE loss: 0.08381278067827225, combined loss: 0.15120550990104675
CL loss: 1.0908491611480713, CE loss: 0.08718621730804443, combined loss: 0.18755251169204712
CL loss: 0.21141473948955536, CE loss: 0.05582919344305992, combined loss: 0.07138774544000626
{'eval_loss': 0.1908004879951477, 'eval_top_1_macro_recall': 0.4493453278028732, 'eval_top_1_macro_precision': 0.4515309398414566, 'eval_top_1_macro_f1': 0.4421296235412291, 'eval_top_1_accuracy': 0.7023977433004231, 'eval_top_1_micro_recall': 0.6148148148148148, 'eval_top_1_micro_precision': 0.7023977433004231, 'eval_top_1_micro_f1': 0.6556945358788676, 'eval_top_2_macro_recall': 0.5680244422223232, 'eval_top_2_macro_precision': 0.3903973983344699, 'eval_top_2_macro_f1': 0.4459477239676603, 'eval_top_2_accuracy': 0.8095909732016925, 'eval_top_2_micro_recall': 0.7567901234567901, 'eval_top_2_micro_precision': 0.4322990126939351, 'eval_top_2_micro_f1': 0.5502692998204668, 'eval_top_3_macro_recall': 0.6563838442672585, 'eval_top_3_macro_precision': 0.34369965980523226, 'eval_top_3_macro_f1': 0.422320448284114, 'eval_top_3_accuracy': 0.8928067700987306, 'eval_top_3_micro_recall': 0.8493827160493828, 'eval_top_3_micro_precision': 0.3234602726845322, 'eval_top_3_micro_f1': 0.4685052774940415, 'eval_runtime': 1.0732, 'eval_samples_per_second': 660.615, 'eval_steps_per_second': 21.43, 'epoch': 14.0}

 47%|████▋     | 323/690 [03:07<09:38,  1.58s/it]
 47%|████▋     | 324/690 [03:07<07:29,  1.23s/it]
 47%|████▋     | 325/690 [03:08<05:58,  1.02it/s]
 47%|████▋     | 326/690 [03:08<04:55,  1.23it/s]
 47%|████▋     | 327/690 [03:09<04:10,  1.45it/s]
 48%|████▊     | 328/690 [03:09<03:39,  1.65it/s]
 48%|████▊     | 329/690 [03:10<03:18,  1.82it/s]
 48%|████▊     | 330/690 [03:10<03:02,  1.97it/s]
 48%|████▊     | 331/690 [03:10<02:51,  2.09it/s]
 48%|████▊     | 332/690 [03:11<02:44,  2.18it/s]
 48%|████▊     | 333/690 [03:11<02:38,  2.25it/s]
 48%|████▊     | 334/690 [03:12<02:35,  2.30it/s]
 49%|████▊     | 335/690 [03:12<02:31,  2.34it/s]
 49%|████▊     | 336/690 [03:12<02:29,  2.36it/s]
 49%|████▉     | 337/690 [03:13<02:28,  2.38it/s]
 49%|████▉     | 338/690 [03:13<02:26,  2.40it/s]
 49%|████▉     | 339/690 [03:14<02:26,  2.40it/s]
 49%|████▉     | 340/690 [03:14<02:25,  2.41it/s]
 49%|████▉     | 341/690 [03:14<02:24,  2.42it/s]
 50%|████▉     | 342/690 [03:15<02:23,  2.42it/s]
 50%|████▉     | 343/690 [03:15<02:23,  2.42it/s]
 50%|████▉     | 344/690 [03:16<02:22,  2.42it/s]
 50%|█████     | 345/690 [03:16<01:52,  3.06it/s]
                                                 

 50%|█████     | 345/690 [03:16<01:52,  3.06it/s]CL loss: 0.6975667476654053, CE loss: 0.08864939212799072, combined loss: 0.14954113960266113
CL loss: 0.7001876831054688, CE loss: 0.08373987674713135, combined loss: 0.14538465440273285
CL loss: 0.7115102410316467, CE loss: 0.08706916868686676, combined loss: 0.14951327443122864
CL loss: 0.48837700486183167, CE loss: 0.07511325180530548, combined loss: 0.11643962562084198
CL loss: 0.6654074788093567, CE loss: 0.08045785129070282, combined loss: 0.1389528214931488
CL loss: 0.5920624136924744, CE loss: 0.07563561201095581, combined loss: 0.12727829813957214
CL loss: 0.6898003220558167, CE loss: 0.07916728407144547, combined loss: 0.14023058116436005
CL loss: 0.6035508513450623, CE loss: 0.07549230754375458, combined loss: 0.12829816341400146
CL loss: 0.7049548625946045, CE loss: 0.08063220232725143, combined loss: 0.1430644690990448
CL loss: 0.6512237191200256, CE loss: 0.08463618159294128, combined loss: 0.141294926404953
CL loss: 0.5128534436225891, CE loss: 0.07119901478290558, combined loss: 0.11536446213722229
CL loss: 0.5385999083518982, CE loss: 0.07095460593700409, combined loss: 0.1177191287279129
CL loss: 0.5899975299835205, CE loss: 0.07939968258142471, combined loss: 0.13045945763587952
CL loss: 0.6393214464187622, CE loss: 0.07680770754814148, combined loss: 0.1330590844154358
CL loss: 0.6835529208183289, CE loss: 0.07810182869434357, combined loss: 0.1386469304561615
CL loss: 0.6237903833389282, CE loss: 0.08000820875167847, combined loss: 0.13438642024993896
CL loss: 0.6202026009559631, CE loss: 0.0763830915093422, combined loss: 0.13076503574848175
CL loss: 0.6748307347297668, CE loss: 0.07265928387641907, combined loss: 0.1328764259815216
CL loss: 0.6696635484695435, CE loss: 0.07777507603168488, combined loss: 0.13696391880512238
CL loss: 0.7088759541511536, CE loss: 0.08300191164016724, combined loss: 0.14558932185173035
CL loss: 0.6763219237327576, CE loss: 0.07415752857923508, combined loss: 0.1343739628791809
CL loss: 0.5108202695846558, CE loss: 0.07452553510665894, combined loss: 0.11815500259399414
CL loss: 1.5986300706863403, CE loss: 0.09788423776626587, combined loss: 0.24795882403850555
{'loss': 0.139, 'grad_norm': 5.428058624267578, 'learning_rate': 2.5e-05, 'epoch': 15.0}
CL loss: 0.3280107080936432, CE loss: 0.06752414256334305, combined loss: 0.09357279539108276


  0%|          | 0/23 [00:00<?, ?it/s][A

 17%|█▋        | 4/23 [00:00<00:00, 39.59it/s][A

 35%|███▍      | 8/23 [00:00<00:00, 33.00it/s][A

 52%|█████▏    | 12/23 [00:00<00:00, 31.41it/s][A

 70%|██████▉   | 16/23 [00:00<00:00, 30.74it/s][A

 87%|████████▋ | 20/23 [00:00<00:00, 30.36it/s][A

                                               
[A
                                                 

100%|██████████| 23/23 [00:01<00:00, 30.36it/s][A
 50%|█████     | 345/690 [03:17<01:52,  3.06it/s]

                                               [ACL loss: 1.276827096939087, CE loss: 0.09791654348373413, combined loss: 0.21580760180950165
CL loss: 1.305474877357483, CE loss: 0.09011591970920563, combined loss: 0.21165181696414948
CL loss: 1.5435572862625122, CE loss: 0.10604390501976013, combined loss: 0.24979524314403534
CL loss: 1.4210405349731445, CE loss: 0.082424096763134, combined loss: 0.21628573536872864
CL loss: 0.8024023175239563, CE loss: 0.07279664278030396, combined loss: 0.14575721323490143
CL loss: 1.7247347831726074, CE loss: 0.0837966799736023, combined loss: 0.24789048731327057
CL loss: 1.683541178703308, CE loss: 0.10041951388120651, combined loss: 0.2587316930294037
CL loss: 0.7854235172271729, CE loss: 0.08047202974557877, combined loss: 0.15096718072891235
CL loss: 1.2161805629730225, CE loss: 0.11106278747320175, combined loss: 0.2215745598077774
CL loss: 1.4939196109771729, CE loss: 0.0931483656167984, combined loss: 0.2332254946231842
CL loss: 1.109397053718567, CE loss: 0.094436876475811, combined loss: 0.19593289494514465
CL loss: 1.2146812677383423, CE loss: 0.09009727090597153, combined loss: 0.20255567133426666
CL loss: 0.7388070821762085, CE loss: 0.07043776661157608, combined loss: 0.13727469742298126
CL loss: 0.8507354855537415, CE loss: 0.08182040601968765, combined loss: 0.15871191024780273
CL loss: 1.1075266599655151, CE loss: 0.09057928621768951, combined loss: 0.19227401912212372
CL loss: 0.3617638051509857, CE loss: 0.07003103196620941, combined loss: 0.09920430183410645
CL loss: 1.0056636333465576, CE loss: 0.08239590376615524, combined loss: 0.17472267150878906
CL loss: 1.2504384517669678, CE loss: 0.09852159023284912, combined loss: 0.21371328830718994
CL loss: 0.6462344527244568, CE loss: 0.07818285375833511, combined loss: 0.13498800992965698
CL loss: 0.8777321577072144, CE loss: 0.07576340436935425, combined loss: 0.1559602916240692
CL loss: 1.0124849081039429, CE loss: 0.0894172266125679, combined loss: 0.18172399699687958
CL loss: 0.38703784346580505, CE loss: 0.061722029000520706, combined loss: 0.09425361454486847
{'eval_loss': 0.18536749482154846, 'eval_top_1_macro_recall': 0.4506255015543365, 'eval_top_1_macro_precision': 0.463931870201233, 'eval_top_1_macro_f1': 0.4441238005743671, 'eval_top_1_accuracy': 0.7179125528913963, 'eval_top_1_micro_recall': 0.6283950617283951, 'eval_top_1_micro_precision': 0.7179125528913963, 'eval_top_1_micro_f1': 0.6701777485187623, 'eval_top_2_macro_recall': 0.5887230952200952, 'eval_top_2_macro_precision': 0.3888592752234258, 'eval_top_2_macro_f1': 0.45213596006427464, 'eval_top_2_accuracy': 0.8194640338504936, 'eval_top_2_micro_recall': 0.7728395061728395, 'eval_top_2_micro_precision': 0.4414668547249647, 'eval_top_2_micro_f1': 0.5619389587073609, 'eval_top_3_macro_recall': 0.6887628049719509, 'eval_top_3_macro_precision': 0.3247736475394724, 'eval_top_3_macro_f1': 0.42002302363415417, 'eval_top_3_accuracy': 0.8928067700987306, 'eval_top_3_micro_recall': 0.8666666666666667, 'eval_top_3_micro_precision': 0.3300423131170663, 'eval_top_3_micro_f1': 0.4780388151174668, 'eval_runtime': 1.0892, 'eval_samples_per_second': 650.934, 'eval_steps_per_second': 21.116, 'epoch': 15.0}

 50%|█████     | 346/690 [03:21<09:34,  1.67s/it]
 50%|█████     | 347/690 [03:21<07:23,  1.29s/it]
 50%|█████     | 348/690 [03:21<05:51,  1.03s/it]
 51%|█████     | 349/690 [03:22<04:47,  1.19it/s]
 51%|█████     | 350/690 [03:22<04:04,  1.39it/s]
 51%|█████     | 351/690 [03:23<03:32,  1.60it/s]
 51%|█████     | 352/690 [03:23<03:09,  1.78it/s]
 51%|█████     | 353/690 [03:24<02:54,  1.93it/s]
 51%|█████▏    | 354/690 [03:24<02:42,  2.06it/s]
 51%|█████▏    | 355/690 [03:24<02:34,  2.16it/s]
 52%|█████▏    | 356/690 [03:25<02:29,  2.23it/s]
 52%|█████▏    | 357/690 [03:25<02:25,  2.29it/s]
 52%|█████▏    | 358/690 [03:26<02:22,  2.33it/s]
 52%|█████▏    | 359/690 [03:26<02:20,  2.35it/s]
 52%|█████▏    | 360/690 [03:26<02:18,  2.38it/s]
 52%|█████▏    | 361/690 [03:27<02:17,  2.39it/s]
 52%|█████▏    | 362/690 [03:27<02:16,  2.40it/s]
 53%|█████▎    | 363/690 [03:28<02:15,  2.42it/s]
 53%|█████▎    | 364/690 [03:28<02:15,  2.41it/s]
 53%|█████▎    | 365/690 [03:28<02:14,  2.42it/s]
 53%|█████▎    | 366/690 [03:29<02:13,  2.42it/s]
 53%|█████▎    | 367/690 [03:29<02:13,  2.42it/s]
 53%|█████▎    | 368/690 [03:29<01:45,  3.06it/s]
                                                 

 53%|█████▎    | 368/690 [03:29<01:45,  3.06it/s]CL loss: 0.6747800707817078, CE loss: 0.07754871249198914, combined loss: 0.13727185130119324
CL loss: 0.7121381163597107, CE loss: 0.08169838786125183, combined loss: 0.14474236965179443
CL loss: 0.5796247124671936, CE loss: 0.07519152015447617, combined loss: 0.1256348341703415
CL loss: 0.6046520471572876, CE loss: 0.0738745927810669, combined loss: 0.12695233523845673
CL loss: 0.582085371017456, CE loss: 0.07608285546302795, combined loss: 0.1266831010580063
CL loss: 0.4959995150566101, CE loss: 0.0720309168100357, combined loss: 0.11442777514457703
CL loss: 0.5217388272285461, CE loss: 0.06663735210895538, combined loss: 0.1121474951505661
CL loss: 0.603421151638031, CE loss: 0.07776807248592377, combined loss: 0.13033337891101837
CL loss: 0.7989605069160461, CE loss: 0.084365114569664, combined loss: 0.1558246612548828
CL loss: 0.7504430413246155, CE loss: 0.08446218073368073, combined loss: 0.15106026828289032
CL loss: 0.6678528189659119, CE loss: 0.07546255737543106, combined loss: 0.13470157980918884
CL loss: 0.6766579747200012, CE loss: 0.08070501685142517, combined loss: 0.14030030369758606
CL loss: 0.47761574387550354, CE loss: 0.07172969728708267, combined loss: 0.11231829971075058
CL loss: 0.7078383564949036, CE loss: 0.07608631253242493, combined loss: 0.13926151394844055
CL loss: 0.5852092504501343, CE loss: 0.0729372650384903, combined loss: 0.12416446208953857
CL loss: 0.6483203768730164, CE loss: 0.07744336128234863, combined loss: 0.13453106582164764
CL loss: 0.6520586609840393, CE loss: 0.07355255633592606, combined loss: 0.13140316307544708
CL loss: 0.618584156036377, CE loss: 0.07289884984493256, combined loss: 0.12746737897396088
CL loss: 0.5413034558296204, CE loss: 0.07266382873058319, combined loss: 0.11952778697013855
CL loss: 0.7477926015853882, CE loss: 0.07968822866678238, combined loss: 0.1464986652135849
CL loss: 0.7257600426673889, CE loss: 0.0856742188334465, combined loss: 0.14968280494213104
CL loss: 0.4665606915950775, CE loss: 0.06691252440214157, combined loss: 0.10687734186649323
CL loss: 1.2911436557769775, CE loss: 0.068719781935215, combined loss: 0.19096218049526215
{'loss': 0.134, 'grad_norm': 3.182136058807373, 'learning_rate': 2.3333333333333336e-05, 'epoch': 16.0}
CL loss: 0.4376167953014374, CE loss: 0.07930078357458115, combined loss: 0.1151323914527893


  0%|          | 0/23 [00:00<?, ?it/s][A

 17%|█▋        | 4/23 [00:00<00:00, 39.88it/s][A

 35%|███▍      | 8/23 [00:00<00:00, 33.19it/s][A

 52%|█████▏    | 12/23 [00:00<00:00, 31.55it/s][A

 70%|██████▉   | 16/23 [00:00<00:00, 30.80it/s][A

 87%|████████▋ | 20/23 [00:00<00:00, 30.39it/s][A

                                               
[A
                                                 

100%|██████████| 23/23 [00:00<00:00, 30.39it/s][A
 53%|█████▎    | 368/690 [03:31<01:45,  3.06it/s]

                                               [ACL loss: 1.015049695968628, CE loss: 0.08432208001613617, combined loss: 0.177394837141037
CL loss: 1.2626862525939941, CE loss: 0.081146240234375, combined loss: 0.19930022954940796
CL loss: 1.5829883813858032, CE loss: 0.10033641010522842, combined loss: 0.24860160052776337
CL loss: 1.512940764427185, CE loss: 0.0852561667561531, combined loss: 0.22802463173866272
CL loss: 0.9679204821586609, CE loss: 0.0718584954738617, combined loss: 0.16146469116210938
CL loss: 1.9053895473480225, CE loss: 0.08028020709753036, combined loss: 0.26279115676879883
CL loss: 1.6935784816741943, CE loss: 0.09846323728561401, combined loss: 0.2579747438430786
CL loss: 0.8164576888084412, CE loss: 0.07836046069860458, combined loss: 0.15217018127441406
CL loss: 1.2644027471542358, CE loss: 0.10211988538503647, combined loss: 0.2183481752872467
CL loss: 1.2209343910217285, CE loss: 0.0866469144821167, combined loss: 0.2000756561756134
CL loss: 1.240833044052124, CE loss: 0.08589078485965729, combined loss: 0.2013850063085556
CL loss: 1.3209408521652222, CE loss: 0.09637557715177536, combined loss: 0.2188321053981781
CL loss: 0.5192598700523376, CE loss: 0.06436841934919357, combined loss: 0.10985755920410156
CL loss: 0.7738139033317566, CE loss: 0.07369554042816162, combined loss: 0.14370737969875336
CL loss: 1.2312425374984741, CE loss: 0.09423770010471344, combined loss: 0.20793819427490234
CL loss: 0.2805980145931244, CE loss: 0.06194508820772171, combined loss: 0.08381038159132004
CL loss: 0.9088951349258423, CE loss: 0.08015263080596924, combined loss: 0.1630268692970276
CL loss: 1.511155366897583, CE loss: 0.0968032106757164, combined loss: 0.23823842406272888
CL loss: 0.742475688457489, CE loss: 0.07559358328580856, combined loss: 0.14228180050849915
CL loss: 0.7516645789146423, CE loss: 0.07831144332885742, combined loss: 0.14564675092697144
CL loss: 0.8135157227516174, CE loss: 0.07885078340768814, combined loss: 0.15231727063655853
CL loss: 0.10677728056907654, CE loss: 0.056471798568964005, combined loss: 0.06150234490633011
{'eval_loss': 0.18224787712097168, 'eval_top_1_macro_recall': 0.46375826424611016, 'eval_top_1_macro_precision': 0.46320248102852113, 'eval_top_1_macro_f1': 0.4576608863612732, 'eval_top_1_accuracy': 0.7390691114245416, 'eval_top_1_micro_recall': 0.6469135802469136, 'eval_top_1_micro_precision': 0.7390691114245416, 'eval_top_1_micro_f1': 0.6899275839368005, 'eval_top_2_macro_recall': 0.6079173102132478, 'eval_top_2_macro_precision': 0.4252554709095971, 'eval_top_2_macro_f1': 0.4840312316654663, 'eval_top_2_accuracy': 0.8307475317348378, 'eval_top_2_micro_recall': 0.7839506172839507, 'eval_top_2_micro_precision': 0.44781382228490835, 'eval_top_2_micro_f1': 0.5700179533213645, 'eval_top_3_macro_recall': 0.7309640823415907, 'eval_top_3_macro_precision': 0.4150575322397891, 'eval_top_3_macro_f1': 0.48401801387493126, 'eval_top_3_accuracy': 0.9012693935119888, 'eval_top_3_micro_recall': 0.8740740740740741, 'eval_top_3_micro_precision': 0.3328631875881523, 'eval_top_3_micro_f1': 0.48212461695607756, 'eval_runtime': 1.0867, 'eval_samples_per_second': 652.451, 'eval_steps_per_second': 21.166, 'epoch': 16.0}

 53%|█████▎    | 369/690 [03:34<08:48,  1.65s/it]
 54%|█████▎    | 370/690 [03:35<06:48,  1.28s/it]
 54%|█████▍    | 371/690 [03:35<05:24,  1.02s/it]
 54%|█████▍    | 372/690 [03:35<04:25,  1.20it/s]
 54%|█████▍    | 373/690 [03:36<03:44,  1.41it/s]
 54%|█████▍    | 374/690 [03:36<03:15,  1.62it/s]
 54%|█████▍    | 375/690 [03:37<02:54,  1.80it/s]
 54%|█████▍    | 376/690 [03:37<02:40,  1.95it/s]
 55%|█████▍    | 377/690 [03:37<02:30,  2.08it/s]
 55%|█████▍    | 378/690 [03:38<02:23,  2.18it/s]
 55%|█████▍    | 379/690 [03:38<02:18,  2.24it/s]
 55%|█████▌    | 380/690 [03:39<02:14,  2.30it/s]
 55%|█████▌    | 381/690 [03:39<02:12,  2.34it/s]
 55%|█████▌    | 382/690 [03:39<02:10,  2.36it/s]
 56%|█████▌    | 383/690 [03:40<02:08,  2.38it/s]
 56%|█████▌    | 384/690 [03:40<02:07,  2.40it/s]
 56%|█████▌    | 385/690 [03:41<02:06,  2.41it/s]
 56%|█████▌    | 386/690 [03:41<02:05,  2.41it/s]
 56%|█████▌    | 387/690 [03:42<02:04,  2.43it/s]
 56%|█████▌    | 388/690 [03:42<02:04,  2.42it/s]
 56%|█████▋    | 389/690 [03:42<02:04,  2.42it/s]
 57%|█████▋    | 390/690 [03:43<02:03,  2.43it/s]
 57%|█████▋    | 391/690 [03:43<02:21,  2.11it/s]
                                                 

 57%|█████▋    | 391/690 [03:43<02:21,  2.11it/s]CL loss: 0.6237977147102356, CE loss: 0.0787745863199234, combined loss: 0.13327689468860626
CL loss: 0.505624532699585, CE loss: 0.0740692988038063, combined loss: 0.1172248125076294
CL loss: 0.6161823272705078, CE loss: 0.07164758443832397, combined loss: 0.1261010617017746
CL loss: 0.5928106307983398, CE loss: 0.06992436945438385, combined loss: 0.12221299111843109
CL loss: 0.6094903945922852, CE loss: 0.07449430972337723, combined loss: 0.12799391150474548
CL loss: 0.5794664621353149, CE loss: 0.07398881763219833, combined loss: 0.12453658878803253
CL loss: 0.504460871219635, CE loss: 0.06363529711961746, combined loss: 0.1077178567647934
CL loss: 0.6118656396865845, CE loss: 0.07409124076366425, combined loss: 0.1278686821460724
CL loss: 0.6819778084754944, CE loss: 0.07284674048423767, combined loss: 0.13375984132289886
CL loss: 0.6462894678115845, CE loss: 0.07897968590259552, combined loss: 0.13571065664291382
CL loss: 0.5427978038787842, CE loss: 0.0672568678855896, combined loss: 0.11481095850467682
CL loss: 0.7829141020774841, CE loss: 0.08373723179101944, combined loss: 0.15365491807460785
CL loss: 0.5648106932640076, CE loss: 0.0695042759180069, combined loss: 0.11903491616249084
CL loss: 0.5629439949989319, CE loss: 0.0724286288022995, combined loss: 0.12148016691207886
CL loss: 0.5480863451957703, CE loss: 0.06694360077381134, combined loss: 0.11505787074565887
CL loss: 0.5339077115058899, CE loss: 0.07029139995574951, combined loss: 0.11665303260087967
CL loss: 0.5281478762626648, CE loss: 0.07728762924671173, combined loss: 0.12237365543842316
CL loss: 0.709699809551239, CE loss: 0.08268071711063385, combined loss: 0.14538262784481049
CL loss: 0.4906935393810272, CE loss: 0.0716586709022522, combined loss: 0.11356215178966522
CL loss: 0.6539019346237183, CE loss: 0.0757613554596901, combined loss: 0.1335754096508026
CL loss: 0.536289393901825, CE loss: 0.07539109885692596, combined loss: 0.12148092687129974
CL loss: 0.7173237204551697, CE loss: 0.07766822725534439, combined loss: 0.1416337788105011
CL loss: 1.2365033626556396, CE loss: 0.05536005645990372, combined loss: 0.17347438633441925
{'loss': 0.1282, 'grad_norm': 2.125277280807495, 'learning_rate': 2.1666666666666667e-05, 'epoch': 17.0}
CL loss: 0.3985516130924225, CE loss: 0.0732724592089653, combined loss: 0.10580037534236908


  0%|          | 0/23 [00:00<?, ?it/s][A

 22%|██▏       | 5/23 [00:00<00:00, 37.49it/s][A

 39%|███▉      | 9/23 [00:00<00:00, 32.93it/s][A

 57%|█████▋    | 13/23 [00:00<00:00, 31.57it/s][A

 74%|███████▍  | 17/23 [00:00<00:00, 30.89it/s][A

 91%|█████████▏| 21/23 [00:00<00:00, 30.44it/s][A

                                               
[A
                                                 

100%|██████████| 23/23 [00:00<00:00, 30.44it/s][A
 57%|█████▋    | 391/690 [03:45<02:21,  2.11it/s]

                                               [ACL loss: 1.0846740007400513, CE loss: 0.08617105334997177, combined loss: 0.1860213428735733
CL loss: 1.2733993530273438, CE loss: 0.08603016287088394, combined loss: 0.20476707816123962
CL loss: 1.5398072004318237, CE loss: 0.10036539286375046, combined loss: 0.24430957436561584
CL loss: 1.5096796751022339, CE loss: 0.08231087774038315, combined loss: 0.225047767162323
CL loss: 0.9140637516975403, CE loss: 0.0718587189912796, combined loss: 0.1560792177915573
CL loss: 1.7820497751235962, CE loss: 0.07508844137191772, combined loss: 0.24578458070755005
CL loss: 1.6466346979141235, CE loss: 0.09413257986307144, combined loss: 0.24938279390335083
CL loss: 0.7879053354263306, CE loss: 0.07723871618509293, combined loss: 0.14830538630485535
CL loss: 1.4126256704330444, CE loss: 0.1060456857085228, combined loss: 0.23670369386672974
CL loss: 1.4030847549438477, CE loss: 0.0866161659359932, combined loss: 0.21826303005218506
CL loss: 1.1629836559295654, CE loss: 0.08348781615495682, combined loss: 0.19143739342689514
CL loss: 1.4319275617599487, CE loss: 0.09695116430521011, combined loss: 0.23044879734516144
CL loss: 0.5270609855651855, CE loss: 0.05989103764295578, combined loss: 0.10660803318023682
CL loss: 0.8622007966041565, CE loss: 0.07179185003042221, combined loss: 0.15083274245262146
CL loss: 1.2830992937088013, CE loss: 0.09700851142406464, combined loss: 0.2156175971031189
CL loss: 0.3503606617450714, CE loss: 0.06552810966968536, combined loss: 0.09401136636734009
CL loss: 1.0314581394195557, CE loss: 0.07511638849973679, combined loss: 0.17075055837631226
CL loss: 1.595937728881836, CE loss: 0.09856748580932617, combined loss: 0.24830451607704163
CL loss: 0.8323435187339783, CE loss: 0.07330405712127686, combined loss: 0.14920800924301147
CL loss: 0.7481399774551392, CE loss: 0.07426916807889938, combined loss: 0.14165624976158142
CL loss: 0.8835760354995728, CE loss: 0.07946376502513885, combined loss: 0.15987499058246613
CL loss: 0.18663561344146729, CE loss: 0.04781574755907059, combined loss: 0.06169772893190384
{'eval_loss': 0.18454638123512268, 'eval_top_1_macro_recall': 0.4635498662278242, 'eval_top_1_macro_precision': 0.4690240557264937, 'eval_top_1_macro_f1': 0.4601174971900166, 'eval_top_1_accuracy': 0.7404795486600846, 'eval_top_1_micro_recall': 0.6481481481481481, 'eval_top_1_micro_precision': 0.7404795486600846, 'eval_top_1_micro_f1': 0.6912442396313364, 'eval_top_2_macro_recall': 0.5953221440559285, 'eval_top_2_macro_precision': 0.3800258049500322, 'eval_top_2_macro_f1': 0.4514201947750402, 'eval_top_2_accuracy': 0.840620592383639, 'eval_top_2_micro_recall': 0.7901234567901234, 'eval_top_2_micro_precision': 0.4513399153737659, 'eval_top_2_micro_f1': 0.5745062836624776, 'eval_top_3_macro_recall': 0.7459447609711635, 'eval_top_3_macro_precision': 0.34077743506981756, 'eval_top_3_macro_f1': 0.44448221899164386, 'eval_top_3_accuracy': 0.9026798307475318, 'eval_top_3_micro_recall': 0.8740740740740741, 'eval_top_3_micro_precision': 0.3328631875881523, 'eval_top_3_micro_f1': 0.48212461695607756, 'eval_runtime': 1.0625, 'eval_samples_per_second': 667.318, 'eval_steps_per_second': 21.648, 'epoch': 17.0}

 57%|█████▋    | 392/690 [03:48<08:31,  1.72s/it]
 57%|█████▋    | 393/690 [03:48<06:33,  1.33s/it]
 57%|█████▋    | 394/690 [03:49<05:11,  1.05s/it]
 57%|█████▋    | 395/690 [03:49<04:14,  1.16it/s]
 57%|█████▋    | 396/690 [03:50<03:33,  1.38it/s]
 58%|█████▊    | 397/690 [03:50<03:05,  1.58it/s]
 58%|█████▊    | 398/690 [03:50<02:45,  1.77it/s]
 58%|█████▊    | 399/690 [03:51<02:30,  1.93it/s]
 58%|█████▊    | 400/690 [03:51<02:21,  2.05it/s]
 58%|█████▊    | 401/690 [03:52<02:14,  2.15it/s]
 58%|█████▊    | 402/690 [03:52<02:08,  2.23it/s]
 58%|█████▊    | 403/690 [03:53<02:05,  2.29it/s]
 59%|█████▊    | 404/690 [03:53<02:02,  2.33it/s]
 59%|█████▊    | 405/690 [03:53<02:00,  2.36it/s]
 59%|█████▉    | 406/690 [03:54<01:59,  2.38it/s]
 59%|█████▉    | 407/690 [03:54<01:58,  2.40it/s]
 59%|█████▉    | 408/690 [03:55<01:57,  2.41it/s]
 59%|█████▉    | 409/690 [03:55<01:56,  2.41it/s]
 59%|█████▉    | 410/690 [03:55<01:55,  2.42it/s]
 60%|█████▉    | 411/690 [03:56<01:55,  2.42it/s]
 60%|█████▉    | 412/690 [03:56<01:54,  2.42it/s]
 60%|█████▉    | 413/690 [03:57<01:54,  2.43it/s]
 60%|██████    | 414/690 [03:57<01:30,  3.05it/s]
                                                 

 60%|██████    | 414/690 [03:57<01:30,  3.05it/s]CL loss: 0.6704760193824768, CE loss: 0.07687024027109146, combined loss: 0.13623082637786865
CL loss: 0.7336117029190063, CE loss: 0.08065209537744522, combined loss: 0.14594805240631104
CL loss: 0.5200852751731873, CE loss: 0.07245422899723053, combined loss: 0.11721733212471008
CL loss: 0.48820960521698, CE loss: 0.06866059452295303, combined loss: 0.11061549186706543
CL loss: 0.6265454292297363, CE loss: 0.07346468418836594, combined loss: 0.1287727653980255
CL loss: 0.6330382823944092, CE loss: 0.0694567859172821, combined loss: 0.12581494450569153
CL loss: 0.5013975501060486, CE loss: 0.06640974432229996, combined loss: 0.10990852117538452
CL loss: 0.4906129240989685, CE loss: 0.06786157935857773, combined loss: 0.1101367175579071
CL loss: 0.41806986927986145, CE loss: 0.06490416824817657, combined loss: 0.10022073984146118
CL loss: 0.4167008697986603, CE loss: 0.0631747618317604, combined loss: 0.09852737188339233
CL loss: 0.6033614873886108, CE loss: 0.07512183487415314, combined loss: 0.12794581055641174
CL loss: 0.5009892582893372, CE loss: 0.06741339713335037, combined loss: 0.11077098548412323
CL loss: 0.7105575203895569, CE loss: 0.08247117698192596, combined loss: 0.14527980983257294
CL loss: 0.5834296345710754, CE loss: 0.07040977478027344, combined loss: 0.12171176075935364
CL loss: 0.5957425236701965, CE loss: 0.07540273666381836, combined loss: 0.12743671238422394
CL loss: 0.542644202709198, CE loss: 0.06488940119743347, combined loss: 0.11266487836837769
CL loss: 0.6298320293426514, CE loss: 0.06832404434680939, combined loss: 0.12447484582662582
CL loss: 0.5278125405311584, CE loss: 0.07334277778863907, combined loss: 0.11878975480794907
CL loss: 0.6602860689163208, CE loss: 0.07739043235778809, combined loss: 0.13567999005317688
CL loss: 0.7249714732170105, CE loss: 0.0763670802116394, combined loss: 0.14122751355171204
CL loss: 0.6734499335289001, CE loss: 0.07753381133079529, combined loss: 0.1371254324913025
CL loss: 0.4960687458515167, CE loss: 0.06773439794778824, combined loss: 0.11056783050298691
CL loss: 1.2266261577606201, CE loss: 0.07598475366830826, combined loss: 0.19104889035224915
{'loss': 0.1256, 'grad_norm': 2.707163095474243, 'learning_rate': 2e-05, 'epoch': 18.0}
CL loss: 0.3777301609516144, CE loss: 0.07117491960525513, combined loss: 0.10183043777942657


  0%|          | 0/23 [00:00<?, ?it/s][A

 22%|██▏       | 5/23 [00:00<00:00, 37.50it/s][A

 39%|███▉      | 9/23 [00:00<00:00, 32.92it/s][A

 57%|█████▋    | 13/23 [00:00<00:00, 31.44it/s][A

 74%|███████▍  | 17/23 [00:00<00:00, 30.76it/s][A

 91%|█████████▏| 21/23 [00:00<00:00, 30.41it/s][A

                                               
[A
                                                 

100%|██████████| 23/23 [00:01<00:00, 30.41it/s][A
 60%|██████    | 414/690 [03:58<01:30,  3.05it/s]

                                               [A
                                                 

 60%|██████    | 414/690 [04:02<01:30,  3.05it/s]
 60%|██████    | 414/690 [04:02<02:41,  1.71it/s]
2025-04-11 06:25:03.287 | INFO     | __main__:fine_tune:229 - Training time: 242.82 seconds
CL loss: 1.3532164096832275, CE loss: 0.09167299419641495, combined loss: 0.21782734990119934
CL loss: 1.1271216869354248, CE loss: 0.08493781089782715, combined loss: 0.1891562044620514
CL loss: 1.408069133758545, CE loss: 0.10850173979997635, combined loss: 0.23845848441123962
CL loss: 1.2782540321350098, CE loss: 0.0817159116268158, combined loss: 0.2013697326183319
CL loss: 0.7911895513534546, CE loss: 0.07120510935783386, combined loss: 0.14320355653762817
CL loss: 1.644296407699585, CE loss: 0.07622386515140533, combined loss: 0.23303112387657166
CL loss: 1.7388194799423218, CE loss: 0.09312530606985092, combined loss: 0.25769472122192383
CL loss: 0.8748605251312256, CE loss: 0.07970525324344635, combined loss: 0.15922078490257263
CL loss: 1.1278718709945679, CE loss: 0.10434991121292114, combined loss: 0.2067021131515503
CL loss: 1.287804365158081, CE loss: 0.08537991344928741, combined loss: 0.2056223601102829
CL loss: 0.9770997166633606, CE loss: 0.07779836654663086, combined loss: 0.1677285134792328
CL loss: 1.4837640523910522, CE loss: 0.0996871218085289, combined loss: 0.23809480667114258
CL loss: 0.5562723278999329, CE loss: 0.05880529433488846, combined loss: 0.1085519939661026
CL loss: 0.8185714483261108, CE loss: 0.0764462947845459, combined loss: 0.15065881609916687
CL loss: 1.1789180040359497, CE loss: 0.0987871065735817, combined loss: 0.2068001925945282
CL loss: 0.4237867593765259, CE loss: 0.06600742787122726, combined loss: 0.10178536176681519
CL loss: 0.9091917872428894, CE loss: 0.08032175898551941, combined loss: 0.1632087528705597
CL loss: 1.2170164585113525, CE loss: 0.09365594387054443, combined loss: 0.20599199831485748
CL loss: 0.6934589743614197, CE loss: 0.07314661145210266, combined loss: 0.1351778507232666
CL loss: 0.9434283375740051, CE loss: 0.0782947763800621, combined loss: 0.16480812430381775
CL loss: 0.9947791695594788, CE loss: 0.08490097522735596, combined loss: 0.175888791680336
CL loss: 0.1718519777059555, CE loss: 0.055792614817619324, combined loss: 0.0673985481262207
{'eval_loss': 0.1797841489315033, 'eval_top_1_macro_recall': 0.44507490303747504, 'eval_top_1_macro_precision': 0.46590841442254527, 'eval_top_1_macro_f1': 0.44352272596484954, 'eval_top_1_accuracy': 0.7165021156558533, 'eval_top_1_micro_recall': 0.6271604938271605, 'eval_top_1_micro_precision': 0.7165021156558533, 'eval_top_1_micro_f1': 0.6688610928242265, 'eval_top_2_macro_recall': 0.5885940170757968, 'eval_top_2_macro_precision': 0.39173815698364417, 'eval_top_2_macro_f1': 0.44822582842017716, 'eval_top_2_accuracy': 0.8138222849083215, 'eval_top_2_micro_recall': 0.7641975308641975, 'eval_top_2_micro_precision': 0.43653032440056416, 'eval_top_2_micro_f1': 0.5556552962298025, 'eval_top_3_macro_recall': 0.7680702065729329, 'eval_top_3_macro_precision': 0.37977967076225094, 'eval_top_3_macro_f1': 0.47659482599168684, 'eval_top_3_accuracy': 0.8984485190409027, 'eval_top_3_micro_recall': 0.8679012345679012, 'eval_top_3_micro_precision': 0.3305124588622473, 'eval_top_3_micro_f1': 0.4787197820905686, 'eval_runtime': 1.0841, 'eval_samples_per_second': 654.029, 'eval_steps_per_second': 21.217, 'epoch': 18.0}
{'train_runtime': 242.505, 'train_samples_per_second': 350.838, 'train_steps_per_second': 2.845, 'train_loss': 0.20856857414982746, 'epoch': 18.0}
CL loss: 0.35525819659233093, CE loss: 0.07169981300830841, combined loss: 0.10005564987659454

  0%|          | 0/23 [00:00<?, ?it/s]
 22%|██▏       | 5/23 [00:00<00:00, 37.57it/s]
 39%|███▉      | 9/23 [00:00<00:00, 33.03it/s]
 57%|█████▋    | 13/23 [00:00<00:00, 31.66it/s]
 74%|███████▍  | 17/23 [00:00<00:00, 30.94it/s]
 91%|█████████▏| 21/23 [00:00<00:00, 30.54it/s]
100%|██████████| 23/23 [00:00<00:00, 27.90it/s]
2025-04-11 06:25:04.336 | INFO     | __main__:fine_tune:235 - Prediction time: 1.05 seconds
2025-04-11 06:25:04.342 | INFO     | __main__:CV_run:413 - Fold 2, Final Eval Metrics: loss: 0.18, top_1_macro_recall: 0.45, top_1_macro_precision: 0.47, top_1_macro_f1: 0.44, top_1_accuracy: 0.72, top_1_micro_recall: 0.63, top_1_micro_precision: 0.72, top_1_micro_f1: 0.67, top_2_macro_recall: 0.59, top_2_macro_precision: 0.39, top_2_macro_f1: 0.45, top_2_accuracy: 0.81, top_2_micro_recall: 0.76, top_2_micro_precision: 0.44, top_2_micro_f1: 0.56, top_3_macro_recall: 0.77, top_3_macro_precision: 0.38, top_3_macro_f1: 0.48, top_3_accuracy: 0.90, top_3_micro_recall: 0.87, top_3_micro_precision: 0.33, top_3_micro_f1: 0.48, runtime: 1.08, samples_per_second: 654.03, steps_per_second: 21.22
2025-04-11 06:25:04.342 | INFO     | __main__:CV_run:350 - Starting fold 3
Some weights of RobertaForSequenceClassification were not initialized from the model checkpoint at roberta-base and are newly initialized: ['classifier.dense.bias', 'classifier.dense.weight', 'classifier.out_proj.bias', 'classifier.out_proj.weight']
You should probably TRAIN this model on a down-stream task to be able to use it for predictions and inference.
2025-04-11 06:25:04.510 | INFO     | __main__:CV_run:407 - Starting fine-tuning with combined contrastive learning & cross-entropy loss
2025-04-11 06:25:04.510 | INFO     | __main__:CV_run:408 - Loss function: CLCE
2025-04-11 06:25:04.510 | INFO     | __main__:CV_run:409 - tau: 0.1
2025-04-11 06:25:04.510 | INFO     | __main__:CV_run:410 - lambda: 0.1
CL loss: 1.077841877937317, CE loss: 0.08860932290554047, combined loss: 0.18753257393836975
CL loss: 1.0361907482147217, CE loss: 0.08718055486679077, combined loss: 0.18208158016204834
CL loss: 1.653154730796814, CE loss: 0.1041329950094223, combined loss: 0.2590351700782776
CL loss: 1.2205400466918945, CE loss: 0.08875659853219986, combined loss: 0.20193493366241455
CL loss: 0.6107584238052368, CE loss: 0.07059867680072784, combined loss: 0.1246146485209465
CL loss: 1.5413960218429565, CE loss: 0.08254998922348022, combined loss: 0.22843459248542786
CL loss: 1.6717203855514526, CE loss: 0.09720996767282486, combined loss: 0.25466102361679077
CL loss: 0.6229828000068665, CE loss: 0.0789111778140068, combined loss: 0.13331833481788635
CL loss: 1.1731318235397339, CE loss: 0.10648319125175476, combined loss: 0.2131480574607849
CL loss: 1.2961598634719849, CE loss: 0.09921327978372574, combined loss: 0.21890795230865479
CL loss: 1.2196673154830933, CE loss: 0.09406694024801254, combined loss: 0.2066269814968109
CL loss: 1.2106505632400513, CE loss: 0.08844640105962753, combined loss: 0.20066681504249573
CL loss: 0.7646735310554504, CE loss: 0.07067912817001343, combined loss: 0.1400785744190216
CL loss: 0.9342870712280273, CE loss: 0.08406400680541992, combined loss: 0.1690863072872162
CL loss: 1.1127718687057495, CE loss: 0.094774030148983, combined loss: 0.19657380878925323
CL loss: 0.49394911527633667, CE loss: 0.07270113378763199, combined loss: 0.11482593417167664
CL loss: 0.9254061579704285, CE loss: 0.07908422499895096, combined loss: 0.1637164056301117
CL loss: 1.4267845153808594, CE loss: 0.09730354696512222, combined loss: 0.23025164008140564
CL loss: 0.6796488165855408, CE loss: 0.08124634623527527, combined loss: 0.14108659327030182
CL loss: 0.5250546932220459, CE loss: 0.07552756369113922, combined loss: 0.12048027664422989
CL loss: 0.9878455400466919, CE loss: 0.08787612617015839, combined loss: 0.17787307500839233
CL loss: 0.2804917097091675, CE loss: 0.055229756981134415, combined loss: 0.07775595039129257
Eval results: defaultdict(<class 'list'>, {'loss': [0.4075900912284851, 0.31366124749183655, 0.26675453782081604, 0.24955850839614868, 0.2408592253923416, 0.22905577719211578, 0.22173132002353668, 0.21225616335868835, 0.2093159556388855, 0.20759838819503784, 0.19468113780021667, 0.19332507252693176, 0.17950421571731567, 0.1908004879951477, 0.18536749482154846, 0.18224787712097168, 0.18454638123512268, 0.1797841489315033], 'top_1_macro_recall': [0.12454958946187017, 0.16128587256101162, 0.21758664955070603, 0.2237127900524196, 0.3058526475672457, 0.36251402383244785, 0.3951006459159085, 0.4292769518253874, 0.43569321338205586, 0.4293042305861164, 0.43589387791175854, 0.4453530431119415, 0.4572929487083463, 0.4493453278028732, 0.4506255015543365, 0.46375826424611016, 0.4635498662278242, 0.44507490303747504], 'top_1_macro_precision': [0.05401326572201603, 0.11008973221932788, 0.14486886766769222, 0.1565317059744179, 0.33425714701199305, 0.3847570404369467, 0.4099006427280462, 0.4330875484631653, 0.43787782803713565, 0.44118720537858463, 0.4552301930265243, 0.4518073487468007, 0.46913359051349046, 0.4515309398414566, 0.463931870201233, 0.46320248102852113, 0.4690240557264937, 0.46590841442254527], 'top_1_macro_f1': [0.0732397183985391, 0.11985860362959748, 0.1690616199806245, 0.1791021129561516, 0.27666403331720396, 0.34882768860826835, 0.3797858700898958, 0.4214147999559721, 0.4278357656231487, 0.43235772413447376, 0.42897966260549547, 0.4399922782034891, 0.4582037048139949, 0.4421296235412291, 0.4441238005743671, 0.4576608863612732, 0.4601174971900166, 0.44352272596484954], 'top_1_accuracy': [0.3244005641748942, 0.3638928067700987, 0.49647390691114246, 0.5119887165021156, 0.5472496473906912, 0.5867418899858956, 0.5952045133991537, 0.6488011283497884, 0.6685472496473907, 0.6685472496473907, 0.6755994358251057, 0.6967559943582511, 0.7263751763046544, 0.7023977433004231, 0.7179125528913963, 0.7390691114245416, 0.7404795486600846, 0.7165021156558533], 'top_1_micro_recall': [0.2839506172839506, 0.31851851851851853, 0.4345679012345679, 0.44814814814814813, 0.47901234567901235, 0.5135802469135803, 0.5209876543209877, 0.5679012345679012, 0.5851851851851851, 0.5851851851851851, 0.591358024691358, 0.6098765432098765, 0.6358024691358025, 0.6148148148148148, 0.6283950617283951, 0.6469135802469136, 0.6481481481481481, 0.6271604938271605], 'top_1_micro_precision': [0.3244005641748942, 0.3638928067700987, 0.49647390691114246, 0.5119887165021156, 0.5472496473906912, 0.5867418899858956, 0.5952045133991537, 0.6488011283497884, 0.6685472496473907, 0.6685472496473907, 0.6755994358251057, 0.6967559943582511, 0.7263751763046544, 0.7023977433004231, 0.7179125528913963, 0.7390691114245416, 0.7404795486600846, 0.7165021156558533], 'top_1_micro_f1': [0.30283080974325216, 0.3396971691902568, 0.4634628044766294, 0.477946017116524, 0.510862409479921, 0.5477287689269256, 0.5556287030941409, 0.6056616194865043, 0.6240947992100065, 0.6240947992100065, 0.630678077682686, 0.6504279131007241, 0.6780776826859776, 0.6556945358788676, 0.6701777485187623, 0.6899275839368005, 0.6912442396313364, 0.6688610928242265], 'top_2_macro_recall': [0.16040220802125565, 0.23316441977734523, 0.32868351678136765, 0.4189649278210325, 0.45317479271050887, 0.4906901049594715, 0.5288988311369408, 0.5435786192620351, 0.5421617087890022, 0.5412257091236831, 0.5633446961524133, 0.5755096107757172, 0.569255362142438, 0.5680244422223232, 0.5887230952200952, 0.6079173102132478, 0.5953221440559285, 0.5885940170757968], 'top_2_macro_precision': [0.054382136489189076, 0.12719622997660662, 0.20676723713290857, 0.24907841880523193, 0.26486963603891, 0.3226098639434527, 0.37296690138656596, 0.35204245586406224, 0.3582368409030473, 0.40105190199013346, 0.39524669929270345, 0.3953787312111936, 0.40359109803765, 0.3903973983344699, 0.3888592752234258, 0.4252554709095971, 0.3800258049500322, 0.39173815698364417], 'top_2_macro_f1': [0.07824423434333387, 0.14972822920908477, 0.2251874634437577, 0.2961245742163019, 0.3140175149389566, 0.36513922446437347, 0.3990448479180284, 0.40422186348632766, 0.4186355227761405, 0.4427664817330235, 0.4437793235076137, 0.452570885620215, 0.4377959970208547, 0.4459477239676603, 0.45213596006427464, 0.4840312316654663, 0.4514201947750402, 0.44822582842017716], 'top_2_accuracy': [0.43441466854724964, 0.5260930888575458, 0.6685472496473907, 0.6840620592383639, 0.7009873060648801, 0.7545839210155149, 0.7827926657263752, 0.7588152327221439, 0.7813822284908322, 0.8067700987306065, 0.8025387870239774, 0.8025387870239774, 0.8307475317348378, 0.8095909732016925, 0.8194640338504936, 0.8307475317348378, 0.840620592383639, 0.8138222849083215], 'top_2_micro_recall': [0.3802469135802469, 0.4617283950617284, 0.591358024691358, 0.6160493827160494, 0.6308641975308642, 0.6765432098765433, 0.7111111111111111, 0.7098765432098766, 0.7320987654320987, 0.7506172839506173, 0.7407407407407407, 0.7555555555555555, 0.7802469135802469, 0.7567901234567901, 0.7728395061728395, 0.7839506172839507, 0.7901234567901234, 0.7641975308641975], 'top_2_micro_precision': [0.21720733427362482, 0.2637517630465444, 0.33779971791255287, 0.3519040902679831, 0.3603667136812412, 0.38645980253878703, 0.40620592383638926, 0.40550070521861775, 0.41819464033850495, 0.4287729196050776, 0.4231311706629055, 0.4315937940761636, 0.44569816643159377, 0.4322990126939351, 0.4414668547249647, 0.44781382228490835, 0.4513399153737659, 0.43653032440056416], 'top_2_micro_f1': [0.2764811490125673, 0.3357271095152603, 0.4299820466786356, 0.447935368043088, 0.45870736086175945, 0.4919210053859965, 0.5170556552962298, 0.5161579892280072, 0.5323159784560143, 0.5457809694793537, 0.5385996409335727, 0.5493716337522442, 0.5673249551166966, 0.5502692998204668, 0.5619389587073609, 0.5700179533213645, 0.5745062836624776, 0.5556552962298025], 'top_3_macro_recall': [0.21667614091856516, 0.28739397884237544, 0.41760241523246866, 0.48536075974150406, 0.5227246234488432, 0.5927210442191752, 0.6163679758716397, 0.6280078197468336, 0.6306338936819208, 0.6282008768443114, 0.6514437771815988, 0.7024255915016758, 0.6784520353947388, 0.6563838442672585, 0.6887628049719509, 0.7309640823415907, 0.7459447609711635, 0.7680702065729329], 'top_3_macro_precision': [0.05589043785588062, 0.12699328608419516, 0.17811628467140309, 0.25714498336343444, 0.2415194989198988, 0.29000741189383894, 0.3035700154522862, 0.30801726354747444, 0.3065996412270715, 0.3450997036896076, 0.34546604384579305, 0.373786881015047, 0.3289720107162157, 0.34369965980523226, 0.3247736475394724, 0.4150575322397891, 0.34077743506981756, 0.37977967076225094], 'top_3_macro_f1': [0.08558102626310943, 0.15568344242143053, 0.23858570530876017, 0.31069905528100494, 0.31464454121870516, 0.3615088778710885, 0.37958206207246614, 0.3858129680286655, 0.3911108772718838, 0.41709785200869476, 0.42344895896707785, 0.45643258042036017, 0.4249324290567611, 0.422320448284114, 0.42002302363415417, 0.48401801387493126, 0.44448221899164386, 0.47659482599168684], 'top_3_accuracy': [0.5655853314527504, 0.6614950634696756, 0.7827926657263752, 0.8152327221438646, 0.8504936530324401, 0.8942172073342737, 0.8885754583921015, 0.8631875881523272, 0.8645980253878702, 0.8970380818053597, 0.8843441466854725, 0.8899858956276445, 0.8984485190409027, 0.8928067700987306, 0.8928067700987306, 0.9012693935119888, 0.9026798307475318, 0.8984485190409027], 'top_3_micro_recall': [0.5012345679012346, 0.5851851851851851, 0.7061728395061728, 0.7382716049382716, 0.774074074074074, 0.8160493827160494, 0.8234567901234567, 0.8148148148148148, 0.8271604938271605, 0.8493827160493828, 0.8407407407407408, 0.8493827160493828, 0.8666666666666667, 0.8493827160493828, 0.8666666666666667, 0.8740740740740741, 0.8740740740740741, 0.8679012345679012], 'top_3_micro_precision': [0.1908791725434885, 0.22284908321579688, 0.2689233662435355, 0.28114715561824166, 0.2947813822284908, 0.31076633756464506, 0.3135872120357311, 0.31029619181946405, 0.3149976492712741, 0.3234602726845322, 0.32016925246826516, 0.3234602726845322, 0.3300423131170663, 0.3234602726845322, 0.3300423131170663, 0.3328631875881523, 0.3328631875881523, 0.3305124588622473], 'top_3_micro_f1': [0.27647259107933264, 0.32277834525025534, 0.3895131086142322, 0.40721824991487915, 0.42696629213483145, 0.4501191692202929, 0.4542049710589036, 0.449438202247191, 0.4562478719782091, 0.4685052774940415, 0.46373850868232896, 0.4685052774940415, 0.4780388151174668, 0.4685052774940415, 0.4780388151174668, 0.48212461695607756, 0.48212461695607756, 0.4787197820905686], 'runtime': [1.0854, 1.114, 1.1018, 1.0783, 1.0742, 1.0715, 1.0843, 1.0788, 1.073, 1.1755, 1.0813, 1.0758, 1.0827, 1.0732, 1.0892, 1.0867, 1.0625, 1.0841], 'samples_per_second': [653.217, 636.45, 643.491, 657.533, 660.044, 661.659, 653.879, 657.192, 660.78, 603.173, 655.67, 659.02, 654.829, 660.615, 650.934, 652.451, 667.318, 654.029], 'steps_per_second': [21.19, 20.646, 20.875, 21.33, 21.412, 21.464, 21.212, 21.319, 21.436, 19.567, 21.27, 21.379, 21.243, 21.43, 21.116, 21.166, 21.648, 21.217]})
lambda value for Optimized CLCE loss: 0.1

  0%|          | 0/690 [00:00<?, ?it/s]
  0%|          | 1/690 [00:00<08:11,  1.40it/s]
  0%|          | 2/690 [00:01<06:08,  1.87it/s]
  0%|          | 3/690 [00:01<05:28,  2.09it/s]
  1%|          | 4/690 [00:01<05:09,  2.22it/s]
  1%|          | 5/690 [00:02<04:59,  2.29it/s]
  1%|          | 6/690 [00:02<04:53,  2.33it/s]
  1%|          | 7/690 [00:03<04:48,  2.37it/s]
  1%|          | 8/690 [00:03<04:45,  2.39it/s]
  1%|▏         | 9/690 [00:03<04:43,  2.40it/s]
  1%|▏         | 10/690 [00:04<04:41,  2.42it/s]
  2%|▏         | 11/690 [00:04<04:40,  2.42it/s]
  2%|▏         | 12/690 [00:05<04:39,  2.42it/s]
  2%|▏         | 13/690 [00:05<04:38,  2.43it/s]
  2%|▏         | 14/690 [00:06<04:37,  2.43it/s]
  2%|▏         | 15/690 [00:06<04:37,  2.43it/s]
  2%|▏         | 16/690 [00:06<04:37,  2.43it/s]
  2%|▏         | 17/690 [00:07<04:36,  2.43it/s]
  3%|▎         | 18/690 [00:07<04:36,  2.43it/s]
  3%|▎         | 19/690 [00:08<04:35,  2.43it/s]
  3%|▎         | 20/690 [00:08<04:34,  2.44it/s]
  3%|▎         | 21/690 [00:08<04:35,  2.43it/s]
  3%|▎         | 22/690 [00:09<04:34,  2.43it/s]
  3%|▎         | 23/690 [00:09<04:17,  2.59it/s]
                                                

  3%|▎         | 23/690 [00:09<04:17,  2.59it/s]CL loss: 2.3318448066711426, CE loss: 0.7132261395454407, combined loss: 0.8750879764556885
CL loss: 2.5526630878448486, CE loss: 0.6724519729614258, combined loss: 0.860473096370697
CL loss: 2.48089599609375, CE loss: 0.6136714220046997, combined loss: 0.8003938794136047
CL loss: 2.4205806255340576, CE loss: 0.526170015335083, combined loss: 0.7156111001968384
CL loss: 2.3722169399261475, CE loss: 0.47198575735092163, combined loss: 0.6620088815689087
CL loss: 2.3302724361419678, CE loss: 0.43609437346458435, combined loss: 0.6255121827125549
CL loss: 2.351630926132202, CE loss: 0.40541258454322815, combined loss: 0.6000344157218933
CL loss: 2.324427604675293, CE loss: 0.37563130259513855, combined loss: 0.5705109238624573
CL loss: 2.400465488433838, CE loss: 0.35783910751342773, combined loss: 0.5621017217636108
CL loss: 2.4987854957580566, CE loss: 0.3426362872123718, combined loss: 0.5582512021064758
CL loss: 2.4581544399261475, CE loss: 0.3291932940483093, combined loss: 0.5420894026756287
CL loss: 2.519829750061035, CE loss: 0.3187704384326935, combined loss: 0.5388764142990112
CL loss: 2.365089178085327, CE loss: 0.30625757575035095, combined loss: 0.5121407508850098
CL loss: 2.269606113433838, CE loss: 0.2951788604259491, combined loss: 0.49262160062789917
CL loss: 2.2881548404693604, CE loss: 0.2840208113193512, combined loss: 0.48443418741226196
CL loss: 2.3505923748016357, CE loss: 0.27779531478881836, combined loss: 0.4850749969482422
CL loss: 2.261699914932251, CE loss: 0.26971325278282166, combined loss: 0.46891191601753235
CL loss: 2.2556838989257812, CE loss: 0.26730144023895264, combined loss: 0.46613967418670654
CL loss: 2.091188430786133, CE loss: 0.26346641778945923, combined loss: 0.44623860716819763
CL loss: 2.0269715785980225, CE loss: 0.25911855697631836, combined loss: 0.4359038472175598
CL loss: 2.045271158218384, CE loss: 0.2592993378639221, combined loss: 0.4378965198993683
CL loss: 2.154405117034912, CE loss: 0.24652564525604248, combined loss: 0.43731358647346497
CL loss: 1.9319074153900146, CE loss: 0.251905232667923, combined loss: 0.419905424118042
{'loss': 0.5651, 'grad_norm': 0.6865519285202026, 'learning_rate': 4.8333333333333334e-05, 'epoch': 1.0}
CL loss: 2.1748201847076416, CE loss: 0.2345525175333023, combined loss: 0.42857927083969116


  0%|          | 0/23 [00:00<?, ?it/s][A

 22%|██▏       | 5/23 [00:00<00:00, 37.69it/s][A

 39%|███▉      | 9/23 [00:00<00:00, 33.15it/s][A

 57%|█████▋    | 13/23 [00:00<00:00, 31.71it/s][A

 74%|███████▍  | 17/23 [00:00<00:00, 31.01it/s][A

 91%|█████████▏| 21/23 [00:00<00:00, 30.56it/s][A

                                               
[A
                                                

100%|██████████| 23/23 [00:01<00:00, 30.56it/s][A
  3%|▎         | 23/690 [00:11<04:17,  2.59it/s]

                                               [ACL loss: 1.9386874437332153, CE loss: 0.22355735301971436, combined loss: 0.3950703740119934
CL loss: 2.184648036956787, CE loss: 0.24660110473632812, combined loss: 0.44040578603744507
CL loss: 2.3692405223846436, CE loss: 0.22312521934509277, combined loss: 0.43773674964904785
CL loss: 2.2525131702423096, CE loss: 0.23448346555233002, combined loss: 0.43628644943237305
CL loss: 2.246272325515747, CE loss: 0.22383412718772888, combined loss: 0.4260779619216919
CL loss: 1.80649995803833, CE loss: 0.2276320457458496, combined loss: 0.3855188488960266
CL loss: 1.9003231525421143, CE loss: 0.2325449436903, combined loss: 0.3993227481842041
CL loss: 2.274153232574463, CE loss: 0.2267366349697113, combined loss: 0.4314782917499542
CL loss: 2.0621113777160645, CE loss: 0.23076175153255463, combined loss: 0.41389670968055725
CL loss: 1.8649120330810547, CE loss: 0.22533807158470154, combined loss: 0.38929545879364014
CL loss: 2.163381814956665, CE loss: 0.23179185390472412, combined loss: 0.42495083808898926
CL loss: 2.0716781616210938, CE loss: 0.2298247218132019, combined loss: 0.41401004791259766
CL loss: 1.626654863357544, CE loss: 0.22272290289402008, combined loss: 0.3631160855293274
CL loss: 2.147566556930542, CE loss: 0.22808955609798431, combined loss: 0.42003726959228516
CL loss: 1.9654793739318848, CE loss: 0.22539709508419037, combined loss: 0.399405300617218
CL loss: 1.7850052118301392, CE loss: 0.23274816572666168, combined loss: 0.3879738450050354
CL loss: 2.137434244155884, CE loss: 0.22788585722446442, combined loss: 0.4188407063484192
CL loss: 2.2696640491485596, CE loss: 0.2278391271829605, combined loss: 0.4320216178894043
CL loss: 2.0211668014526367, CE loss: 0.22392772138118744, combined loss: 0.403651624917984
CL loss: 2.053736686706543, CE loss: 0.2235616147518158, combined loss: 0.4065791368484497
CL loss: 2.1357195377349854, CE loss: 0.22300837934017181, combined loss: 0.4142794907093048
CL loss: 1.3880012035369873, CE loss: 0.20691028237342834, combined loss: 0.32501935958862305
{'eval_loss': 0.4115912616252899, 'eval_top_1_macro_recall': 0.10185469903629117, 'eval_top_1_macro_precision': 0.07747790404040404, 'eval_top_1_macro_f1': 0.07679676427968599, 'eval_top_1_accuracy': 0.2863187588152327, 'eval_top_1_micro_recall': 0.25311720698254364, 'eval_top_1_micro_precision': 0.2863187588152327, 'eval_top_1_micro_f1': 0.26869622766379886, 'eval_top_2_macro_recall': 0.1448714329149112, 'eval_top_2_macro_precision': 0.043317327593816624, 'eval_top_2_macro_f1': 0.060900150044292285, 'eval_top_2_accuracy': 0.3751763046544429, 'eval_top_2_micro_recall': 0.3316708229426434, 'eval_top_2_micro_precision': 0.18758815232722145, 'eval_top_2_micro_f1': 0.23963963963963963, 'eval_top_3_macro_recall': 0.1803305390261912, 'eval_top_3_macro_precision': 0.03750386616900333, 'eval_top_3_macro_f1': 0.058342123726929256, 'eval_top_3_accuracy': 0.4682651622002821, 'eval_top_3_micro_recall': 0.42019950124688277, 'eval_top_3_micro_precision': 0.15843911612599906, 'eval_top_3_micro_f1': 0.23011266643905773, 'eval_runtime': 1.0928, 'eval_samples_per_second': 648.804, 'eval_steps_per_second': 21.047, 'epoch': 1.0}

  3%|▎         | 24/690 [00:14<19:05,  1.72s/it]
  4%|▎         | 25/690 [00:14<14:41,  1.33s/it]
  4%|▍         | 26/690 [00:15<11:38,  1.05s/it]
  4%|▍         | 27/690 [00:15<09:29,  1.16it/s]
  4%|▍         | 28/690 [00:16<07:59,  1.38it/s]
  4%|▍         | 29/690 [00:16<06:58,  1.58it/s]
  4%|▍         | 30/690 [00:16<06:13,  1.77it/s]
  4%|▍         | 31/690 [00:17<05:43,  1.92it/s]
  5%|▍         | 32/690 [00:17<05:21,  2.05it/s]
  5%|▍         | 33/690 [00:18<05:06,  2.15it/s]
  5%|▍         | 34/690 [00:18<04:54,  2.22it/s]
  5%|▌         | 35/690 [00:19<04:47,  2.28it/s]
  5%|▌         | 36/690 [00:19<04:41,  2.32it/s]
  5%|▌         | 37/690 [00:19<04:36,  2.36it/s]
  6%|▌         | 38/690 [00:20<04:33,  2.38it/s]
  6%|▌         | 39/690 [00:20<04:32,  2.39it/s]
  6%|▌         | 40/690 [00:21<04:29,  2.41it/s]
  6%|▌         | 41/690 [00:21<04:28,  2.41it/s]
  6%|▌         | 42/690 [00:21<04:28,  2.42it/s]
  6%|▌         | 43/690 [00:22<04:26,  2.42it/s]
  6%|▋         | 44/690 [00:22<04:26,  2.43it/s]
  7%|▋         | 45/690 [00:23<04:25,  2.43it/s]
  7%|▋         | 46/690 [00:23<03:32,  3.03it/s]
                                                

  7%|▋         | 46/690 [00:23<03:32,  3.03it/s]CL loss: 2.082681894302368, CE loss: 0.23680980503559113, combined loss: 0.42139703035354614
CL loss: 2.1518425941467285, CE loss: 0.23358796536922455, combined loss: 0.42541342973709106
CL loss: 2.0666000843048096, CE loss: 0.23123078048229218, combined loss: 0.41476771235466003
CL loss: 2.1103267669677734, CE loss: 0.2287394404411316, combined loss: 0.4168981611728668
CL loss: 2.023003339767456, CE loss: 0.22560685873031616, combined loss: 0.40534651279449463
CL loss: 1.9400441646575928, CE loss: 0.21715916693210602, combined loss: 0.3894476592540741
CL loss: 1.7970563173294067, CE loss: 0.2104211300611496, combined loss: 0.3690846562385559
CL loss: 1.8865809440612793, CE loss: 0.21768495440483093, combined loss: 0.3845745623111725
CL loss: 1.7608965635299683, CE loss: 0.21853698790073395, combined loss: 0.3727729320526123
CL loss: 1.760249376296997, CE loss: 0.2162887454032898, combined loss: 0.37068480253219604
CL loss: 1.7455579042434692, CE loss: 0.21269649267196655, combined loss: 0.36598265171051025
CL loss: 1.6680397987365723, CE loss: 0.2054573893547058, combined loss: 0.351715624332428
CL loss: 1.6741397380828857, CE loss: 0.2058849036693573, combined loss: 0.3527103662490845
CL loss: 1.6600499153137207, CE loss: 0.20697563886642456, combined loss: 0.3522830605506897
CL loss: 1.7247767448425293, CE loss: 0.19783389568328857, combined loss: 0.35052818059921265
CL loss: 1.647999882698059, CE loss: 0.20201939344406128, combined loss: 0.3466174304485321
CL loss: 1.4440903663635254, CE loss: 0.20138399302959442, combined loss: 0.32565462589263916
CL loss: 1.6142657995224, CE loss: 0.1949968785047531, combined loss: 0.3369237780570984
CL loss: 1.5511040687561035, CE loss: 0.1967327892780304, combined loss: 0.33216989040374756
CL loss: 1.4384820461273193, CE loss: 0.19547037780284882, combined loss: 0.31977152824401855
CL loss: 1.5538088083267212, CE loss: 0.18873822689056396, combined loss: 0.32524529099464417
CL loss: 1.5423264503479004, CE loss: 0.18664295971393585, combined loss: 0.3222113251686096
CL loss: 2.4115262031555176, CE loss: 0.17979104816913605, combined loss: 0.4029645621776581
{'loss': 0.3676, 'grad_norm': 3.2000579833984375, 'learning_rate': 4.666666666666667e-05, 'epoch': 2.0}
CL loss: 2.1105973720550537, CE loss: 0.20146749913692474, combined loss: 0.3923804759979248


  0%|          | 0/23 [00:00<?, ?it/s][A

 22%|██▏       | 5/23 [00:00<00:00, 37.71it/s][A

 39%|███▉      | 9/23 [00:00<00:00, 33.15it/s][A

 57%|█████▋    | 13/23 [00:00<00:00, 31.68it/s][A

 74%|███████▍  | 17/23 [00:00<00:00, 30.98it/s][A

 91%|█████████▏| 21/23 [00:00<00:00, 30.52it/s][A

                                               
[A
                                                

100%|██████████| 23/23 [00:01<00:00, 30.52it/s][A
  7%|▋         | 46/690 [00:24<03:32,  3.03it/s]

                                               [ACL loss: 1.6135519742965698, CE loss: 0.19151952862739563, combined loss: 0.3337227702140808
CL loss: 1.470674753189087, CE loss: 0.2117169201374054, combined loss: 0.33761268854141235
CL loss: 1.6901745796203613, CE loss: 0.19293640553951263, combined loss: 0.34266021847724915
CL loss: 1.9508705139160156, CE loss: 0.19739389419555664, combined loss: 0.37274158000946045
CL loss: 1.532511830329895, CE loss: 0.18622148036956787, combined loss: 0.32085052132606506
CL loss: 1.9773242473602295, CE loss: 0.1876891851425171, combined loss: 0.3666526973247528
CL loss: 1.8600586652755737, CE loss: 0.19952496886253357, combined loss: 0.3655783534049988
CL loss: 1.5183990001678467, CE loss: 0.19029448926448822, combined loss: 0.3231049180030823
CL loss: 1.7058626413345337, CE loss: 0.18916018307209015, combined loss: 0.3408304452896118
CL loss: 1.491677165031433, CE loss: 0.18450143933296204, combined loss: 0.3152190148830414
CL loss: 2.085439443588257, CE loss: 0.19523577392101288, combined loss: 0.38425612449645996
CL loss: 1.67147958278656, CE loss: 0.19471676647663116, combined loss: 0.34239304065704346
CL loss: 1.6443712711334229, CE loss: 0.1837366372346878, combined loss: 0.3298000991344452
CL loss: 1.7749648094177246, CE loss: 0.19326508045196533, combined loss: 0.3514350652694702
CL loss: 1.7095080614089966, CE loss: 0.18765200674533844, combined loss: 0.33983761072158813
CL loss: 1.2896310091018677, CE loss: 0.18953780829906464, combined loss: 0.29954713582992554
CL loss: 1.9326163530349731, CE loss: 0.19116723537445068, combined loss: 0.3653121590614319
CL loss: 1.7358746528625488, CE loss: 0.19000539183616638, combined loss: 0.3445923328399658
CL loss: 1.8852680921554565, CE loss: 0.18377645313739777, combined loss: 0.3539256155490875
CL loss: 1.5482081174850464, CE loss: 0.18774981796741486, combined loss: 0.3237956464290619
CL loss: 1.7825076580047607, CE loss: 0.18195097148418427, combined loss: 0.3420066237449646
CL loss: 1.4293580055236816, CE loss: 0.18681755661964417, combined loss: 0.31107157468795776
{'eval_loss': 0.344681978225708, 'eval_top_1_macro_recall': 0.0956877437112929, 'eval_top_1_macro_precision': 0.04451556028734929, 'eval_top_1_macro_f1': 0.05633749318274555, 'eval_top_1_accuracy': 0.22284908321579688, 'eval_top_1_micro_recall': 0.1970074812967581, 'eval_top_1_micro_precision': 0.22284908321579688, 'eval_top_1_micro_f1': 0.20913302448709464, 'eval_top_2_macro_recall': 0.16775767964910107, 'eval_top_2_macro_precision': 0.07439138190250358, 'eval_top_2_macro_f1': 0.08557601961104282, 'eval_top_2_accuracy': 0.41607898448519043, 'eval_top_2_micro_recall': 0.371571072319202, 'eval_top_2_micro_precision': 0.21015514809590974, 'eval_top_2_micro_f1': 0.2684684684684685, 'eval_top_3_macro_recall': 0.22763126207124, 'eval_top_3_macro_precision': 0.0743670770352084, 'eval_top_3_macro_f1': 0.10151573748489186, 'eval_top_3_accuracy': 0.5148095909732017, 'eval_top_3_micro_recall': 0.4625935162094763, 'eval_top_3_micro_precision': 0.17442407146215327, 'eval_top_3_micro_f1': 0.2533287811539775, 'eval_runtime': 1.083, 'eval_samples_per_second': 654.673, 'eval_steps_per_second': 21.238, 'epoch': 2.0}

  7%|▋         | 47/690 [00:28<18:06,  1.69s/it]
  7%|▋         | 48/690 [00:28<13:58,  1.31s/it]
  7%|▋         | 49/690 [00:28<11:06,  1.04s/it]
  7%|▋         | 50/690 [00:29<09:04,  1.18it/s]
  7%|▋         | 51/690 [00:29<07:39,  1.39it/s]
  8%|▊         | 52/690 [00:30<06:40,  1.59it/s]
  8%|▊         | 53/690 [00:30<05:58,  1.77it/s]
  8%|▊         | 54/690 [00:31<05:28,  1.93it/s]
  8%|▊         | 55/690 [00:31<05:08,  2.06it/s]
  8%|▊         | 56/690 [00:31<04:54,  2.16it/s]
  8%|▊         | 57/690 [00:32<04:43,  2.24it/s]
  8%|▊         | 58/690 [00:32<04:36,  2.29it/s]
  9%|▊         | 59/690 [00:33<04:31,  2.33it/s]
  9%|▊         | 60/690 [00:33<04:27,  2.36it/s]
  9%|▉         | 61/690 [00:33<04:24,  2.38it/s]
  9%|▉         | 62/690 [00:34<04:22,  2.40it/s]
  9%|▉         | 63/690 [00:34<04:20,  2.40it/s]
  9%|▉         | 64/690 [00:35<04:19,  2.41it/s]
  9%|▉         | 65/690 [00:35<04:18,  2.42it/s]
 10%|▉         | 66/690 [00:35<04:17,  2.42it/s]
 10%|▉         | 67/690 [00:36<04:17,  2.42it/s]
 10%|▉         | 68/690 [00:36<04:16,  2.43it/s]
 10%|█         | 69/690 [00:36<03:23,  3.05it/s]
                                                

 10%|█         | 69/690 [00:36<03:23,  3.05it/s]CL loss: 1.6497066020965576, CE loss: 0.18942256271839142, combined loss: 0.3354509472846985
CL loss: 1.6782431602478027, CE loss: 0.1949840486049652, combined loss: 0.3433099389076233
CL loss: 1.4776315689086914, CE loss: 0.17939911782741547, combined loss: 0.30922237038612366
CL loss: 1.8291311264038086, CE loss: 0.1884421557188034, combined loss: 0.35251104831695557
CL loss: 1.535558819770813, CE loss: 0.19860129058361053, combined loss: 0.33229702711105347
CL loss: 1.621192455291748, CE loss: 0.1803138256072998, combined loss: 0.3244016766548157
CL loss: 1.5736327171325684, CE loss: 0.18292272090911865, combined loss: 0.32199370861053467
CL loss: 1.5677404403686523, CE loss: 0.18375246226787567, combined loss: 0.322151243686676
CL loss: 1.4555059671401978, CE loss: 0.18151326477527618, combined loss: 0.3089125156402588
CL loss: 1.4099993705749512, CE loss: 0.18012244999408722, combined loss: 0.30311012268066406
CL loss: 1.5552922487258911, CE loss: 0.17461194097995758, combined loss: 0.3126799762248993
CL loss: 1.414573073387146, CE loss: 0.1753719002008438, combined loss: 0.29929202795028687
CL loss: 1.534082293510437, CE loss: 0.17981135845184326, combined loss: 0.31523844599723816
CL loss: 1.602678894996643, CE loss: 0.1742258071899414, combined loss: 0.3170711100101471
CL loss: 1.4416943788528442, CE loss: 0.17625489830970764, combined loss: 0.3027988374233246
CL loss: 1.325380563735962, CE loss: 0.17295420169830322, combined loss: 0.288196861743927
CL loss: 1.4871196746826172, CE loss: 0.17505209147930145, combined loss: 0.3062588572502136
CL loss: 1.452848196029663, CE loss: 0.17030489444732666, combined loss: 0.2985592186450958
CL loss: 1.5239404439926147, CE loss: 0.17148013412952423, combined loss: 0.3067261576652527
CL loss: 1.280820369720459, CE loss: 0.16069820523262024, combined loss: 0.2727104127407074
CL loss: 1.4238598346710205, CE loss: 0.1632625311613083, combined loss: 0.28932225704193115
CL loss: 1.3842780590057373, CE loss: 0.1604776829481125, combined loss: 0.2828577160835266
CL loss: 1.5156753063201904, CE loss: 0.18055316805839539, combined loss: 0.3140653967857361
{'loss': 0.3113, 'grad_norm': 0.8258406519889832, 'learning_rate': 4.5e-05, 'epoch': 3.0}
CL loss: 1.5563009977340698, CE loss: 0.16889899969100952, combined loss: 0.3076391816139221


  0%|          | 0/23 [00:00<?, ?it/s][A

 22%|██▏       | 5/23 [00:00<00:00, 37.67it/s][A

 39%|███▉      | 9/23 [00:00<00:00, 33.10it/s][A

 57%|█████▋    | 13/23 [00:00<00:00, 31.65it/s][A

 74%|███████▍  | 17/23 [00:00<00:00, 30.99it/s][A

 91%|█████████▏| 21/23 [00:00<00:00, 30.62it/s][A

                                               
[A
                                                

100%|██████████| 23/23 [00:00<00:00, 30.62it/s][A
 10%|█         | 69/690 [00:38<03:23,  3.05it/s]

                                               [ACL loss: 1.130906581878662, CE loss: 0.15560436248779297, combined loss: 0.2531345784664154
CL loss: 1.1871923208236694, CE loss: 0.1859600841999054, combined loss: 0.28608331084251404
CL loss: 1.700146198272705, CE loss: 0.15576958656311035, combined loss: 0.3102072477340698
CL loss: 1.9751803874969482, CE loss: 0.16610726714134216, combined loss: 0.34701457619667053
CL loss: 1.5779485702514648, CE loss: 0.15595488250255585, combined loss: 0.29815423488616943
CL loss: 1.778253436088562, CE loss: 0.16100400686264038, combined loss: 0.3227289319038391
CL loss: 1.7379820346832275, CE loss: 0.16847383975982666, combined loss: 0.3254246711730957
CL loss: 1.1085801124572754, CE loss: 0.1538168340921402, combined loss: 0.24929314851760864
CL loss: 1.6924275159835815, CE loss: 0.15923725068569183, combined loss: 0.31255626678466797
CL loss: 1.3585573434829712, CE loss: 0.15197104215621948, combined loss: 0.27262967824935913
CL loss: 1.6645889282226562, CE loss: 0.16435439884662628, combined loss: 0.3143778443336487
CL loss: 1.7535678148269653, CE loss: 0.16397777199745178, combined loss: 0.3229367733001709
CL loss: 1.05740225315094, CE loss: 0.15146493911743164, combined loss: 0.242058664560318
CL loss: 1.4749568700790405, CE loss: 0.16266411542892456, combined loss: 0.29389339685440063
CL loss: 1.3842483758926392, CE loss: 0.15157932043075562, combined loss: 0.27484622597694397
CL loss: 0.6862345933914185, CE loss: 0.15771269798278809, combined loss: 0.21056488156318665
CL loss: 1.4895769357681274, CE loss: 0.15843439102172852, combined loss: 0.2915486693382263
CL loss: 1.5296107530593872, CE loss: 0.15685948729515076, combined loss: 0.29413461685180664
CL loss: 2.1036014556884766, CE loss: 0.151933953166008, combined loss: 0.34710070490837097
CL loss: 1.299802541732788, CE loss: 0.15541058778762817, combined loss: 0.2698497772216797
CL loss: 1.2913222312927246, CE loss: 0.1488451212644577, combined loss: 0.2630928158760071
CL loss: 1.554362416267395, CE loss: 0.14019501209259033, combined loss: 0.28161174058914185
{'eval_loss': 0.2912619411945343, 'eval_top_1_macro_recall': 0.18330153471356037, 'eval_top_1_macro_precision': 0.12061603437115355, 'eval_top_1_macro_f1': 0.1342892605128438, 'eval_top_1_accuracy': 0.4033850493653032, 'eval_top_1_micro_recall': 0.3566084788029925, 'eval_top_1_micro_precision': 0.4033850493653032, 'eval_top_1_micro_f1': 0.37855724685638653, 'eval_top_2_macro_recall': 0.2697618405201761, 'eval_top_2_macro_precision': 0.12885449068263655, 'eval_top_2_macro_f1': 0.14701101970290645, 'eval_top_2_accuracy': 0.5782792665726375, 'eval_top_2_micro_recall': 0.5124688279301746, 'eval_top_2_micro_precision': 0.28984485190409026, 'eval_top_2_micro_f1': 0.37027027027027026, 'eval_top_3_macro_recall': 0.32300898005273865, 'eval_top_3_macro_precision': 0.09465252003768629, 'eval_top_3_macro_f1': 0.14390929331471689, 'eval_top_3_accuracy': 0.7038081805359662, 'eval_top_3_micro_recall': 0.6271820448877805, 'eval_top_3_micro_precision': 0.23648330982604607, 'eval_top_3_micro_f1': 0.34346193240013656, 'eval_runtime': 1.0721, 'eval_samples_per_second': 661.322, 'eval_steps_per_second': 21.453, 'epoch': 3.0}

 10%|█         | 70/690 [00:41<16:52,  1.63s/it]
 10%|█         | 71/690 [00:42<13:04,  1.27s/it]
 10%|█         | 72/690 [00:42<10:24,  1.01s/it]
 11%|█         | 73/690 [00:42<08:32,  1.20it/s]
 11%|█         | 74/690 [00:43<07:14,  1.42it/s]
 11%|█         | 75/690 [00:43<06:19,  1.62it/s]
 11%|█         | 76/690 [00:44<05:40,  1.80it/s]
 11%|█         | 77/690 [00:44<05:13,  1.95it/s]
 11%|█▏        | 78/690 [00:44<04:54,  2.08it/s]
 11%|█▏        | 79/690 [00:45<04:41,  2.17it/s]
 12%|█▏        | 80/690 [00:45<04:32,  2.24it/s]
 12%|█▏        | 81/690 [00:46<04:25,  2.29it/s]
 12%|█▏        | 82/690 [00:46<04:20,  2.33it/s]
 12%|█▏        | 83/690 [00:46<04:17,  2.36it/s]
 12%|█▏        | 84/690 [00:47<04:14,  2.38it/s]
 12%|█▏        | 85/690 [00:47<04:13,  2.39it/s]
 12%|█▏        | 86/690 [00:48<04:11,  2.40it/s]
 13%|█▎        | 87/690 [00:48<04:10,  2.41it/s]
 13%|█▎        | 88/690 [00:49<04:08,  2.42it/s]
 13%|█▎        | 89/690 [00:49<04:07,  2.43it/s]
 13%|█▎        | 90/690 [00:49<04:07,  2.42it/s]
 13%|█▎        | 91/690 [00:50<04:06,  2.43it/s]
 13%|█▎        | 92/690 [00:50<03:16,  3.04it/s]
                                                

 13%|█▎        | 92/690 [00:50<03:16,  3.04it/s]CL loss: 1.330539584159851, CE loss: 0.16090358793735504, combined loss: 0.2778671979904175
CL loss: 1.495827078819275, CE loss: 0.1659182906150818, combined loss: 0.29890918731689453
CL loss: 1.4117512702941895, CE loss: 0.16376519203186035, combined loss: 0.2885637879371643
CL loss: 1.4093658924102783, CE loss: 0.1618298441171646, combined loss: 0.28658345341682434
CL loss: 1.361701250076294, CE loss: 0.16704592108726501, combined loss: 0.28651148080825806
CL loss: 1.3381181955337524, CE loss: 0.15965493023395538, combined loss: 0.27750125527381897
CL loss: 1.420367956161499, CE loss: 0.15593142807483673, combined loss: 0.2823750972747803
CL loss: 1.3344863653182983, CE loss: 0.15645626187324524, combined loss: 0.2742592692375183
CL loss: 1.2764785289764404, CE loss: 0.15879467129707336, combined loss: 0.2705630660057068
CL loss: 1.2488274574279785, CE loss: 0.15417265892028809, combined loss: 0.26363813877105713
CL loss: 1.263692855834961, CE loss: 0.15385307371616364, combined loss: 0.26483702659606934
CL loss: 1.295676827430725, CE loss: 0.14742006361484528, combined loss: 0.26224571466445923
CL loss: 1.2920565605163574, CE loss: 0.1511983573436737, combined loss: 0.2652841806411743
CL loss: 1.631790041923523, CE loss: 0.16091492772102356, combined loss: 0.30800244212150574
CL loss: 1.4143749475479126, CE loss: 0.1564195603132248, combined loss: 0.2822151184082031
CL loss: 1.472606897354126, CE loss: 0.15609218180179596, combined loss: 0.2877436578273773
CL loss: 1.2941182851791382, CE loss: 0.1546270251274109, combined loss: 0.26857614517211914
CL loss: 1.2142610549926758, CE loss: 0.14471383392810822, combined loss: 0.2516685724258423
CL loss: 1.0784443616867065, CE loss: 0.14125876128673553, combined loss: 0.23497730493545532
CL loss: 1.2975119352340698, CE loss: 0.15070763230323792, combined loss: 0.2653880715370178
CL loss: 1.2527003288269043, CE loss: 0.14907096326351166, combined loss: 0.25943389534950256
CL loss: 1.2440221309661865, CE loss: 0.14536747336387634, combined loss: 0.25523293018341064
CL loss: 1.699710488319397, CE loss: 0.1550404578447342, combined loss: 0.30950745940208435
{'loss': 0.2749, 'grad_norm': 0.7684643864631653, 'learning_rate': 4.3333333333333334e-05, 'epoch': 4.0}
CL loss: 1.730842113494873, CE loss: 0.15659254789352417, combined loss: 0.31401750445365906


  0%|          | 0/23 [00:00<?, ?it/s][A

 17%|█▋        | 4/23 [00:00<00:00, 39.82it/s][A

 35%|███▍      | 8/23 [00:00<00:00, 33.28it/s][A

 52%|█████▏    | 12/23 [00:00<00:00, 31.63it/s][A

 70%|██████▉   | 16/23 [00:00<00:00, 30.92it/s][A

 87%|████████▋ | 20/23 [00:00<00:00, 30.54it/s][A

                                               
[A
                                                

100%|██████████| 23/23 [00:01<00:00, 30.54it/s][A
 13%|█▎        | 92/690 [00:52<03:16,  3.04it/s]

                                               [ACL loss: 1.1243022680282593, CE loss: 0.14068040251731873, combined loss: 0.23904259502887726
CL loss: 1.3380601406097412, CE loss: 0.17346176505088806, combined loss: 0.2899216115474701
CL loss: 1.694281816482544, CE loss: 0.14147435128688812, combined loss: 0.2967550754547119
CL loss: 2.1008660793304443, CE loss: 0.1554514765739441, combined loss: 0.34999293088912964
CL loss: 1.5271246433258057, CE loss: 0.14215101301670074, combined loss: 0.2806483507156372
CL loss: 1.509804129600525, CE loss: 0.1460629403591156, combined loss: 0.2824370563030243
CL loss: 1.6693706512451172, CE loss: 0.15724535286426544, combined loss: 0.3084578812122345
CL loss: 1.1128062009811401, CE loss: 0.13699471950531006, combined loss: 0.23457586765289307
CL loss: 1.3579671382904053, CE loss: 0.14428916573524475, combined loss: 0.2656569480895996
CL loss: 1.1021941900253296, CE loss: 0.1337815523147583, combined loss: 0.2306228131055832
CL loss: 1.4646711349487305, CE loss: 0.15037107467651367, combined loss: 0.28180110454559326
CL loss: 1.8894736766815186, CE loss: 0.15106825530529022, combined loss: 0.3249087929725647
CL loss: 1.0675841569900513, CE loss: 0.1408400982618332, combined loss: 0.23351450264453888
CL loss: 1.304069995880127, CE loss: 0.1493874341249466, combined loss: 0.26485568284988403
CL loss: 1.337156057357788, CE loss: 0.13759852945804596, combined loss: 0.257554292678833
CL loss: 0.6080718040466309, CE loss: 0.13901637494564056, combined loss: 0.18592192232608795
CL loss: 1.561788558959961, CE loss: 0.14608372747898102, combined loss: 0.28765422105789185
CL loss: 1.4704746007919312, CE loss: 0.14682979881763458, combined loss: 0.27919429540634155
CL loss: 2.1571881771087646, CE loss: 0.14247135818004608, combined loss: 0.3439430594444275
CL loss: 1.5205574035644531, CE loss: 0.14632053673267365, combined loss: 0.283744215965271
CL loss: 1.0317076444625854, CE loss: 0.13010242581367493, combined loss: 0.22026294469833374
CL loss: 1.5174305438995361, CE loss: 0.133859783411026, combined loss: 0.2722168564796448
{'eval_loss': 0.2752278745174408, 'eval_top_1_macro_recall': 0.20526765704096459, 'eval_top_1_macro_precision': 0.15423184164169837, 'eval_top_1_macro_f1': 0.15623469396043535, 'eval_top_1_accuracy': 0.4513399153737659, 'eval_top_1_micro_recall': 0.39900249376558605, 'eval_top_1_micro_precision': 0.4513399153737659, 'eval_top_1_micro_f1': 0.42356055592322966, 'eval_top_2_macro_recall': 0.33042089860853546, 'eval_top_2_macro_precision': 0.17504485322090543, 'eval_top_2_macro_f1': 0.212549153546616, 'eval_top_2_accuracy': 0.6205923836389281, 'eval_top_2_micro_recall': 0.5610972568578554, 'eval_top_2_micro_precision': 0.31734837799717913, 'eval_top_2_micro_f1': 0.40540540540540543, 'eval_top_3_macro_recall': 0.41507690917987783, 'eval_top_3_macro_precision': 0.15419049855012854, 'eval_top_3_macro_f1': 0.21520668720213526, 'eval_top_3_accuracy': 0.7489421720733427, 'eval_top_3_micro_recall': 0.6920199501246883, 'eval_top_3_micro_precision': 0.2609308885754584, 'eval_top_3_micro_f1': 0.3789689313758962, 'eval_runtime': 1.0719, 'eval_samples_per_second': 661.432, 'eval_steps_per_second': 21.457, 'epoch': 4.0}

 13%|█▎        | 93/690 [00:55<17:15,  1.73s/it]
 14%|█▎        | 94/690 [00:55<13:16,  1.34s/it]
 14%|█▍        | 95/690 [00:56<10:30,  1.06s/it]
 14%|█▍        | 96/690 [00:56<08:34,  1.16it/s]
 14%|█▍        | 97/690 [00:57<07:12,  1.37it/s]
 14%|█▍        | 98/690 [00:57<06:16,  1.57it/s]
 14%|█▍        | 99/690 [00:57<05:35,  1.76it/s]
 14%|█▍        | 100/690 [00:58<05:08,  1.91it/s]
 15%|█▍        | 101/690 [00:58<04:48,  2.04it/s]
 15%|█▍        | 102/690 [00:59<04:34,  2.14it/s]
 15%|█▍        | 103/690 [00:59<04:23,  2.23it/s]
 15%|█▌        | 104/690 [00:59<04:17,  2.28it/s]
 15%|█▌        | 105/690 [01:00<04:12,  2.32it/s]
 15%|█▌        | 106/690 [01:00<04:10,  2.33it/s]
 16%|█▌        | 107/690 [01:01<04:06,  2.37it/s]
 16%|█▌        | 108/690 [01:01<04:03,  2.39it/s]
 16%|█▌        | 109/690 [01:02<04:02,  2.40it/s]
 16%|█▌        | 110/690 [01:02<04:00,  2.41it/s]
 16%|█▌        | 111/690 [01:02<04:00,  2.41it/s]
 16%|█▌        | 112/690 [01:03<03:58,  2.42it/s]
 16%|█▋        | 113/690 [01:03<03:58,  2.42it/s]
 17%|█▋        | 114/690 [01:04<03:57,  2.42it/s]
 17%|█▋        | 115/690 [01:04<03:06,  3.09it/s]
                                                 

 17%|█▋        | 115/690 [01:04<03:06,  3.09it/s]CL loss: 1.2210549116134644, CE loss: 0.14210474491119385, combined loss: 0.2499997615814209
CL loss: 1.2931857109069824, CE loss: 0.1454497128725052, combined loss: 0.2602233290672302
CL loss: 1.42903470993042, CE loss: 0.14653687179088593, combined loss: 0.27478665113449097
CL loss: 1.263824462890625, CE loss: 0.14436019957065582, combined loss: 0.25630664825439453
CL loss: 1.2805439233779907, CE loss: 0.14373497664928436, combined loss: 0.25741589069366455
CL loss: 1.147910475730896, CE loss: 0.14713376760482788, combined loss: 0.24721144139766693
CL loss: 1.4347642660140991, CE loss: 0.1467750519514084, combined loss: 0.2755739688873291
CL loss: 1.3848071098327637, CE loss: 0.14315074682235718, combined loss: 0.26731637120246887
CL loss: 1.3360868692398071, CE loss: 0.14300136268138885, combined loss: 0.2623099088668823
CL loss: 1.2242333889007568, CE loss: 0.14605887234210968, combined loss: 0.25387632846832275
CL loss: 1.29813814163208, CE loss: 0.14857973158359528, combined loss: 0.2635355591773987
CL loss: 1.1489830017089844, CE loss: 0.14132069051265717, combined loss: 0.24208691716194153
CL loss: 1.243431568145752, CE loss: 0.1366356909275055, combined loss: 0.24731527268886566
CL loss: 1.3851745128631592, CE loss: 0.14154691994190216, combined loss: 0.26590967178344727
CL loss: 1.229331374168396, CE loss: 0.14591629803180695, combined loss: 0.25425779819488525
CL loss: 1.2546758651733398, CE loss: 0.14402158558368683, combined loss: 0.2550870180130005
CL loss: 1.3158938884735107, CE loss: 0.14657588303089142, combined loss: 0.2635076940059662
CL loss: 1.2344892024993896, CE loss: 0.14601226150989532, combined loss: 0.25485995411872864
CL loss: 1.1727482080459595, CE loss: 0.13159702718257904, combined loss: 0.23571214079856873
CL loss: 1.2716931104660034, CE loss: 0.13776560127735138, combined loss: 0.25115835666656494
CL loss: 1.2421740293502808, CE loss: 0.1370183229446411, combined loss: 0.2475338876247406
CL loss: 1.0667799711227417, CE loss: 0.1358044594526291, combined loss: 0.22890201210975647
CL loss: 1.291886568069458, CE loss: 0.13243357837200165, combined loss: 0.24837887287139893
{'loss': 0.2549, 'grad_norm': 0.7833587527275085, 'learning_rate': 4.166666666666667e-05, 'epoch': 5.0}
CL loss: 1.660190463066101, CE loss: 0.14624972641468048, combined loss: 0.297643780708313


  0%|          | 0/23 [00:00<?, ?it/s][A

 17%|█▋        | 4/23 [00:00<00:00, 39.84it/s][A

 35%|███▍      | 8/23 [00:00<00:00, 33.16it/s][A

 52%|█████▏    | 12/23 [00:00<00:00, 31.53it/s][A

 70%|██████▉   | 16/23 [00:00<00:00, 30.90it/s][A

 87%|████████▋ | 20/23 [00:00<00:00, 30.52it/s][A

                                               
[A
                                                 

100%|██████████| 23/23 [00:01<00:00, 30.52it/s][A
 17%|█▋        | 115/690 [01:05<03:06,  3.09it/s]

                                               [ACL loss: 1.1560100317001343, CE loss: 0.13236168026924133, combined loss: 0.23472651839256287
CL loss: 1.2259414196014404, CE loss: 0.1666250228881836, combined loss: 0.2725566625595093
CL loss: 1.527469515800476, CE loss: 0.1293298751115799, combined loss: 0.26914384961128235
CL loss: 2.237853765487671, CE loss: 0.14592504501342773, combined loss: 0.35511791706085205
CL loss: 1.422996163368225, CE loss: 0.13124699890613556, combined loss: 0.2604219317436218
CL loss: 1.4809985160827637, CE loss: 0.1340728998184204, combined loss: 0.2687654495239258
CL loss: 1.7098076343536377, CE loss: 0.14846503734588623, combined loss: 0.3045992851257324
CL loss: 0.9896121621131897, CE loss: 0.12335892766714096, combined loss: 0.20998424291610718
CL loss: 1.263953685760498, CE loss: 0.13054193556308746, combined loss: 0.24388310313224792
CL loss: 1.029312014579773, CE loss: 0.12868905067443848, combined loss: 0.21875134110450745
CL loss: 1.3636884689331055, CE loss: 0.1375071406364441, combined loss: 0.2601252794265747
CL loss: 1.7460719347000122, CE loss: 0.14292128384113312, combined loss: 0.30323636531829834
CL loss: 0.9722839593887329, CE loss: 0.12944449484348297, combined loss: 0.21372844278812408
CL loss: 1.3553576469421387, CE loss: 0.14010150730609894, combined loss: 0.26162710785865784
CL loss: 1.286152958869934, CE loss: 0.12594282627105713, combined loss: 0.24196384847164154
CL loss: 0.5851088166236877, CE loss: 0.12582065165042877, combined loss: 0.17174945771694183
CL loss: 1.510955810546875, CE loss: 0.13481147587299347, combined loss: 0.27242591977119446
CL loss: 1.3830714225769043, CE loss: 0.13589206337928772, combined loss: 0.2606099843978882
CL loss: 1.8891608715057373, CE loss: 0.1311986744403839, combined loss: 0.30699488520622253
CL loss: 1.4420851469039917, CE loss: 0.1374027132987976, combined loss: 0.2678709626197815
CL loss: 1.2951866388320923, CE loss: 0.12260977178812027, combined loss: 0.2398674637079239
CL loss: 1.5977990627288818, CE loss: 0.128164604306221, combined loss: 0.275128036737442
{'eval_loss': 0.26081952452659607, 'eval_top_1_macro_recall': 0.2127998148488105, 'eval_top_1_macro_precision': 0.1623689181585104, 'eval_top_1_macro_f1': 0.1637674564253961, 'eval_top_1_accuracy': 0.46403385049365303, 'eval_top_1_micro_recall': 0.4102244389027431, 'eval_top_1_micro_precision': 0.46403385049365303, 'eval_top_1_micro_f1': 0.43547319655857053, 'eval_top_2_macro_recall': 0.36855310877764536, 'eval_top_2_macro_precision': 0.2829050199066088, 'eval_top_2_macro_f1': 0.24612152290122422, 'eval_top_2_accuracy': 0.6558533145275035, 'eval_top_2_micro_recall': 0.6034912718204489, 'eval_top_2_micro_precision': 0.34132581100141046, 'eval_top_2_micro_f1': 0.4360360360360361, 'eval_top_3_macro_recall': 0.45383288536176986, 'eval_top_3_macro_precision': 0.2648339139373145, 'eval_top_3_macro_f1': 0.2812810283135346, 'eval_top_3_accuracy': 0.7785613540197461, 'eval_top_3_micro_recall': 0.7144638403990025, 'eval_top_3_micro_precision': 0.2693935119887165, 'eval_top_3_micro_f1': 0.39125981563673606, 'eval_runtime': 1.0916, 'eval_samples_per_second': 649.52, 'eval_steps_per_second': 21.07, 'epoch': 5.0}

 17%|█▋        | 116/690 [01:08<15:43,  1.64s/it]
 17%|█▋        | 117/690 [01:09<12:11,  1.28s/it]
 17%|█▋        | 118/690 [01:09<09:40,  1.02s/it]
 17%|█▋        | 119/690 [01:10<07:56,  1.20it/s]
 17%|█▋        | 120/690 [01:10<06:43,  1.41it/s]
 18%|█▊        | 121/690 [01:10<05:51,  1.62it/s]
 18%|█▊        | 122/690 [01:11<05:15,  1.80it/s]
 18%|█▊        | 123/690 [01:11<04:51,  1.95it/s]
 18%|█▊        | 124/690 [01:12<04:32,  2.08it/s]
 18%|█▊        | 125/690 [01:12<04:20,  2.17it/s]
 18%|█▊        | 126/690 [01:13<04:12,  2.24it/s]
 18%|█▊        | 127/690 [01:13<04:05,  2.30it/s]
 19%|█▊        | 128/690 [01:13<04:01,  2.33it/s]
 19%|█▊        | 129/690 [01:14<03:57,  2.36it/s]
 19%|█▉        | 130/690 [01:14<03:54,  2.39it/s]
 19%|█▉        | 131/690 [01:15<03:53,  2.40it/s]
 19%|█▉        | 132/690 [01:15<03:51,  2.41it/s]
 19%|█▉        | 133/690 [01:15<03:50,  2.42it/s]
 19%|█▉        | 134/690 [01:16<03:49,  2.42it/s]
 20%|█▉        | 135/690 [01:16<03:49,  2.42it/s]
 20%|█▉        | 136/690 [01:17<03:48,  2.42it/s]
 20%|█▉        | 137/690 [01:17<03:48,  2.42it/s]
 20%|██        | 138/690 [01:17<03:01,  3.05it/s]
                                                 

 20%|██        | 138/690 [01:17<03:01,  3.05it/s]CL loss: 1.206423282623291, CE loss: 0.13997222483158112, combined loss: 0.24661731719970703
CL loss: 1.1442946195602417, CE loss: 0.13603602349758148, combined loss: 0.23686188459396362
CL loss: 1.1999211311340332, CE loss: 0.13341104984283447, combined loss: 0.24006205797195435
CL loss: 1.0143413543701172, CE loss: 0.12764747440814972, combined loss: 0.2163168489933014
CL loss: 1.110008955001831, CE loss: 0.1282857209444046, combined loss: 0.22645804286003113
CL loss: 1.2714166641235352, CE loss: 0.13312198221683502, combined loss: 0.24695146083831787
CL loss: 1.1772146224975586, CE loss: 0.13679325580596924, combined loss: 0.24083539843559265
CL loss: 1.1478444337844849, CE loss: 0.12302839756011963, combined loss: 0.22551000118255615
CL loss: 1.2610887289047241, CE loss: 0.13741882145404816, combined loss: 0.24978581070899963
CL loss: 1.2207627296447754, CE loss: 0.1340983659029007, combined loss: 0.24276480078697205
CL loss: 1.304079532623291, CE loss: 0.13653790950775146, combined loss: 0.2532920837402344
CL loss: 1.1924124956130981, CE loss: 0.13212718069553375, combined loss: 0.23815572261810303
CL loss: 1.2541614770889282, CE loss: 0.13882721960544586, combined loss: 0.2503606379032135
CL loss: 1.1741597652435303, CE loss: 0.12771199643611908, combined loss: 0.23235677182674408
CL loss: 1.2032532691955566, CE loss: 0.13233008980751038, combined loss: 0.23942241072654724
CL loss: 1.2663488388061523, CE loss: 0.13685479760169983, combined loss: 0.24980419874191284
CL loss: 1.3068350553512573, CE loss: 0.13269834220409393, combined loss: 0.25011202692985535
CL loss: 1.2271770238876343, CE loss: 0.1347464621067047, combined loss: 0.2439895123243332
CL loss: 1.357299566268921, CE loss: 0.13754771649837494, combined loss: 0.2595228850841522
CL loss: 1.318337082862854, CE loss: 0.1383252590894699, combined loss: 0.25632643699645996
CL loss: 1.3312718868255615, CE loss: 0.1407027542591095, combined loss: 0.25975966453552246
CL loss: 1.2092740535736084, CE loss: 0.13110937178134918, combined loss: 0.23892584443092346
CL loss: 1.206781268119812, CE loss: 0.11900912970304489, combined loss: 0.2277863323688507
{'loss': 0.2423, 'grad_norm': 2.197127342224121, 'learning_rate': 4e-05, 'epoch': 6.0}
CL loss: 1.5366580486297607, CE loss: 0.1448022574186325, combined loss: 0.283987820148468


  0%|          | 0/23 [00:00<?, ?it/s][A

 17%|█▋        | 4/23 [00:00<00:00, 39.42it/s][A

 35%|███▍      | 8/23 [00:00<00:00, 33.07it/s][A

 52%|█████▏    | 12/23 [00:00<00:00, 31.47it/s][A

 70%|██████▉   | 16/23 [00:00<00:00, 30.86it/s][A

 87%|████████▋ | 20/23 [00:00<00:00, 30.47it/s][A

                                               
[A
                                                 

100%|██████████| 23/23 [00:00<00:00, 30.47it/s][A
 20%|██        | 138/690 [01:18<03:01,  3.05it/s]

                                               [ACL loss: 1.1368682384490967, CE loss: 0.12696823477745056, combined loss: 0.22795823216438293
CL loss: 1.2124059200286865, CE loss: 0.15735147893428802, combined loss: 0.26285693049430847
CL loss: 1.370610237121582, CE loss: 0.12458974868059158, combined loss: 0.2491917908191681
CL loss: 1.8458389043807983, CE loss: 0.1324516385793686, combined loss: 0.3037903606891632
CL loss: 1.2887325286865234, CE loss: 0.1253017783164978, combined loss: 0.24164485931396484
CL loss: 1.4430159330368042, CE loss: 0.12908461689949036, combined loss: 0.260477751493454
CL loss: 1.6126270294189453, CE loss: 0.14155037701129913, combined loss: 0.2886580228805542
CL loss: 0.9682178497314453, CE loss: 0.11784669756889343, combined loss: 0.20288380980491638
CL loss: 1.3976333141326904, CE loss: 0.12437056005001068, combined loss: 0.2516968250274658
CL loss: 1.13369619846344, CE loss: 0.11692571640014648, combined loss: 0.2186027616262436
CL loss: 1.6773009300231934, CE loss: 0.1312742978334427, combined loss: 0.28587695956230164
CL loss: 1.7043098211288452, CE loss: 0.1378529667854309, combined loss: 0.29449865221977234
CL loss: 1.0178550481796265, CE loss: 0.12414896488189697, combined loss: 0.21351957321166992
CL loss: 1.3081790208816528, CE loss: 0.13303185999393463, combined loss: 0.25054657459259033
CL loss: 1.2747820615768433, CE loss: 0.12079104781150818, combined loss: 0.23619015514850616
CL loss: 0.6506665349006653, CE loss: 0.12173420935869217, combined loss: 0.17462745308876038
CL loss: 1.3403619527816772, CE loss: 0.12849117815494537, combined loss: 0.24967825412750244
CL loss: 1.2753971815109253, CE loss: 0.12534213066101074, combined loss: 0.24034763872623444
CL loss: 1.8436613082885742, CE loss: 0.12479113042354584, combined loss: 0.2966781556606293
CL loss: 1.3731063604354858, CE loss: 0.12969401478767395, combined loss: 0.25403523445129395
CL loss: 1.0889335870742798, CE loss: 0.11394986510276794, combined loss: 0.21144822239875793
CL loss: 1.4930857419967651, CE loss: 0.12224654108285904, combined loss: 0.2593304514884949
{'eval_loss': 0.2500295042991638, 'eval_top_1_macro_recall': 0.26017450267145525, 'eval_top_1_macro_precision': 0.3018818174886464, 'eval_top_1_macro_f1': 0.23741329002190534, 'eval_top_1_accuracy': 0.49647390691114246, 'eval_top_1_micro_recall': 0.4389027431421446, 'eval_top_1_micro_precision': 0.49647390691114246, 'eval_top_1_micro_f1': 0.4659166115155526, 'eval_top_2_macro_recall': 0.4452686119312452, 'eval_top_2_macro_precision': 0.2989713460727284, 'eval_top_2_macro_f1': 0.3229685592523474, 'eval_top_2_accuracy': 0.688293370944993, 'eval_top_2_micro_recall': 0.6334164588528678, 'eval_top_2_micro_precision': 0.35825105782792666, 'eval_top_2_micro_f1': 0.45765765765765765, 'eval_top_3_macro_recall': 0.5393733564171149, 'eval_top_3_macro_precision': 0.26352476798973656, 'eval_top_3_macro_f1': 0.3279150511925396, 'eval_top_3_accuracy': 0.7898448519040903, 'eval_top_3_micro_recall': 0.7281795511221946, 'eval_top_3_micro_precision': 0.2745651151857076, 'eval_top_3_micro_f1': 0.3987709115739161, 'eval_runtime': 1.0511, 'eval_samples_per_second': 674.537, 'eval_steps_per_second': 21.882, 'epoch': 6.0}

 20%|██        | 139/690 [01:22<14:57,  1.63s/it]
 20%|██        | 140/690 [01:22<11:35,  1.26s/it]
 20%|██        | 141/690 [01:23<09:13,  1.01s/it]
 21%|██        | 142/690 [01:23<07:33,  1.21it/s]
 21%|██        | 143/690 [01:23<06:24,  1.42it/s]
 21%|██        | 144/690 [01:24<05:36,  1.62it/s]
 21%|██        | 145/690 [01:24<05:01,  1.81it/s]
 21%|██        | 146/690 [01:25<04:37,  1.96it/s]
 21%|██▏       | 147/690 [01:25<04:21,  2.07it/s]
 21%|██▏       | 148/690 [01:26<04:09,  2.17it/s]
 22%|██▏       | 149/690 [01:26<04:01,  2.24it/s]
 22%|██▏       | 150/690 [01:26<03:55,  2.30it/s]
 22%|██▏       | 151/690 [01:27<03:51,  2.33it/s]
 22%|██▏       | 152/690 [01:27<03:47,  2.36it/s]
 22%|██▏       | 153/690 [01:28<03:45,  2.39it/s]
 22%|██▏       | 154/690 [01:28<03:43,  2.39it/s]
 22%|██▏       | 155/690 [01:28<03:42,  2.41it/s]
 23%|██▎       | 156/690 [01:29<03:41,  2.41it/s]
 23%|██▎       | 157/690 [01:29<03:40,  2.41it/s]
 23%|██▎       | 158/690 [01:30<03:39,  2.42it/s]
 23%|██▎       | 159/690 [01:30<03:39,  2.42it/s]
 23%|██▎       | 160/690 [01:30<03:38,  2.42it/s]
 23%|██▎       | 161/690 [01:31<02:53,  3.05it/s]
                                                 

 23%|██▎       | 161/690 [01:31<02:53,  3.05it/s]CL loss: 1.0962402820587158, CE loss: 0.12079834938049316, combined loss: 0.21834254264831543
CL loss: 1.2492198944091797, CE loss: 0.13253121078014374, combined loss: 0.24420008063316345
CL loss: 1.154039740562439, CE loss: 0.13489983975887299, combined loss: 0.23681382834911346
CL loss: 1.101822018623352, CE loss: 0.12685143947601318, combined loss: 0.22434848546981812
CL loss: 1.230690598487854, CE loss: 0.12964557111263275, combined loss: 0.23975007236003876
CL loss: 1.1756837368011475, CE loss: 0.11931157112121582, combined loss: 0.22494879364967346
CL loss: 1.129909634590149, CE loss: 0.1314321756362915, combined loss: 0.23127992451190948
CL loss: 1.2462667226791382, CE loss: 0.13231539726257324, combined loss: 0.24371051788330078
CL loss: 1.1968497037887573, CE loss: 0.13400574028491974, combined loss: 0.24029013514518738
CL loss: 1.1517095565795898, CE loss: 0.1298445463180542, combined loss: 0.23203104734420776
CL loss: 1.1456586122512817, CE loss: 0.12717056274414062, combined loss: 0.2290193736553192
CL loss: 1.2396831512451172, CE loss: 0.12191874533891678, combined loss: 0.23369517922401428
CL loss: 1.3158501386642456, CE loss: 0.1235300675034523, combined loss: 0.24276207387447357
CL loss: 1.156028151512146, CE loss: 0.1280149519443512, combined loss: 0.23081627488136292
CL loss: 1.1144168376922607, CE loss: 0.13066281378269196, combined loss: 0.22903820872306824
CL loss: 1.30620539188385, CE loss: 0.13102927803993225, combined loss: 0.24854688346385956
CL loss: 1.1105103492736816, CE loss: 0.12840057909488678, combined loss: 0.22661155462265015
CL loss: 1.229679822921753, CE loss: 0.13056877255439758, combined loss: 0.24047987163066864
CL loss: 1.007376790046692, CE loss: 0.12431095540523529, combined loss: 0.21261754631996155
CL loss: 1.283873438835144, CE loss: 0.12737759947776794, combined loss: 0.24302718043327332
CL loss: 1.1581428050994873, CE loss: 0.12662237882614136, combined loss: 0.22977441549301147
CL loss: 1.0668619871139526, CE loss: 0.1210835874080658, combined loss: 0.21566142141819
CL loss: 0.6393662691116333, CE loss: 0.10289306938648224, combined loss: 0.1565403938293457
{'loss': 0.2293, 'grad_norm': 0.6387514472007751, 'learning_rate': 3.8333333333333334e-05, 'epoch': 7.0}
CL loss: 1.5513288974761963, CE loss: 0.1364707350730896, combined loss: 0.2779565453529358


  0%|          | 0/23 [00:00<?, ?it/s][A

 17%|█▋        | 4/23 [00:00<00:00, 39.91it/s][A

 35%|███▍      | 8/23 [00:00<00:00, 33.12it/s][A

 52%|█████▏    | 12/23 [00:00<00:00, 31.49it/s][A

 70%|██████▉   | 16/23 [00:00<00:00, 30.79it/s][A

 87%|████████▋ | 20/23 [00:00<00:00, 30.35it/s][A

                                               
[A
                                                 

100%|██████████| 23/23 [00:00<00:00, 30.35it/s][A
 23%|██▎       | 161/690 [01:32<02:53,  3.05it/s]

                                               [ACL loss: 0.9813224673271179, CE loss: 0.12179617583751678, combined loss: 0.20774880051612854
CL loss: 1.1819498538970947, CE loss: 0.15236058831214905, combined loss: 0.2553195059299469
CL loss: 1.6170216798782349, CE loss: 0.11967180669307709, combined loss: 0.269406795501709
CL loss: 2.018833875656128, CE loss: 0.12830546498298645, combined loss: 0.3173583149909973
CL loss: 1.1005148887634277, CE loss: 0.11594542860984802, combined loss: 0.21440237760543823
CL loss: 1.4188629388809204, CE loss: 0.12068385630846024, combined loss: 0.25050175189971924
CL loss: 1.6457040309906006, CE loss: 0.1356760412454605, combined loss: 0.28667885065078735
CL loss: 0.9549645185470581, CE loss: 0.10957113653421402, combined loss: 0.19411048293113708
CL loss: 1.1770727634429932, CE loss: 0.11531667411327362, combined loss: 0.22149227559566498
CL loss: 0.901980996131897, CE loss: 0.10852476954460144, combined loss: 0.18787038326263428
CL loss: 1.5332450866699219, CE loss: 0.12408384680747986, combined loss: 0.26499998569488525
CL loss: 1.679419755935669, CE loss: 0.13238567113876343, combined loss: 0.287089079618454
CL loss: 1.1436078548431396, CE loss: 0.12074632197618484, combined loss: 0.22303247451782227
CL loss: 1.2024158239364624, CE loss: 0.12820997834205627, combined loss: 0.2356305569410324
CL loss: 1.2560864686965942, CE loss: 0.11367219686508179, combined loss: 0.22791361808776855
CL loss: 0.6976224780082703, CE loss: 0.1167132556438446, combined loss: 0.1748041808605194
CL loss: 1.3633768558502197, CE loss: 0.1208285242319107, combined loss: 0.24508336186408997
CL loss: 1.2573158740997314, CE loss: 0.11563067138195038, combined loss: 0.22979918122291565
CL loss: 1.8486191034317017, CE loss: 0.12203073501586914, combined loss: 0.2946895658969879
CL loss: 1.467115879058838, CE loss: 0.12463334947824478, combined loss: 0.2588815987110138
CL loss: 1.1762713193893433, CE loss: 0.10503198951482773, combined loss: 0.21215592324733734
CL loss: 1.865494966506958, CE loss: 0.12148454785346985, combined loss: 0.2958855926990509
{'eval_loss': 0.24296338856220245, 'eval_top_1_macro_recall': 0.3222382691264347, 'eval_top_1_macro_precision': 0.37088317922314007, 'eval_top_1_macro_f1': 0.31077002968800893, 'eval_top_1_accuracy': 0.5557122708039492, 'eval_top_1_micro_recall': 0.4912718204488778, 'eval_top_1_micro_precision': 0.5557122708039492, 'eval_top_1_micro_f1': 0.5215089344804765, 'eval_top_2_macro_recall': 0.44668597978104185, 'eval_top_2_macro_precision': 0.2644355347981161, 'eval_top_2_macro_f1': 0.3140987831974186, 'eval_top_2_accuracy': 0.7094499294781382, 'eval_top_2_micro_recall': 0.6521197007481296, 'eval_top_2_micro_precision': 0.3688293370944993, 'eval_top_2_micro_f1': 0.47117117117117113, 'eval_top_3_macro_recall': 0.5469667974588318, 'eval_top_3_macro_precision': 0.28443720997433364, 'eval_top_3_macro_f1': 0.3397360546494876, 'eval_top_3_accuracy': 0.8194640338504936, 'eval_top_3_micro_recall': 0.7543640897755611, 'eval_top_3_micro_precision': 0.2844381758345087, 'eval_top_3_micro_f1': 0.4131102765448958, 'eval_runtime': 1.0621, 'eval_samples_per_second': 667.519, 'eval_steps_per_second': 21.654, 'epoch': 7.0}

 23%|██▎       | 162/690 [01:35<14:32,  1.65s/it]
 24%|██▎       | 163/690 [01:36<11:13,  1.28s/it]
 24%|██▍       | 164/690 [01:36<08:56,  1.02s/it]
 24%|██▍       | 165/690 [01:37<07:19,  1.20it/s]
 24%|██▍       | 166/690 [01:37<06:10,  1.41it/s]
 24%|██▍       | 167/690 [01:37<05:24,  1.61it/s]
 24%|██▍       | 168/690 [01:38<04:50,  1.79it/s]
 24%|██▍       | 169/690 [01:38<04:26,  1.95it/s]
 25%|██▍       | 170/690 [01:39<04:10,  2.07it/s]
 25%|██▍       | 171/690 [01:39<03:59,  2.17it/s]
 25%|██▍       | 172/690 [01:39<03:50,  2.25it/s]
 25%|██▌       | 173/690 [01:40<03:44,  2.30it/s]
 25%|██▌       | 174/690 [01:40<03:41,  2.33it/s]
 25%|██▌       | 175/690 [01:41<03:37,  2.37it/s]
 26%|██▌       | 176/690 [01:41<03:35,  2.39it/s]
 26%|██▌       | 177/690 [01:42<03:33,  2.40it/s]
 26%|██▌       | 178/690 [01:42<03:32,  2.41it/s]
 26%|██▌       | 179/690 [01:42<03:31,  2.42it/s]
 26%|██▌       | 180/690 [01:43<03:30,  2.42it/s]
 26%|██▌       | 181/690 [01:43<03:30,  2.42it/s]
 26%|██▋       | 182/690 [01:44<03:29,  2.43it/s]
 27%|██▋       | 183/690 [01:44<03:29,  2.43it/s]
 27%|██▋       | 184/690 [01:44<02:47,  3.02it/s]
                                                 

 27%|██▋       | 184/690 [01:44<02:47,  3.02it/s]CL loss: 1.0642250776290894, CE loss: 0.12092961370944977, combined loss: 0.21525916457176208
CL loss: 1.1635985374450684, CE loss: 0.13000629842281342, combined loss: 0.2333655208349228
CL loss: 1.0486581325531006, CE loss: 0.11739644408226013, combined loss: 0.2105226069688797
CL loss: 1.1104599237442017, CE loss: 0.13031131029129028, combined loss: 0.22832617163658142
CL loss: 0.940902829170227, CE loss: 0.11971935629844666, combined loss: 0.2018377035856247
CL loss: 1.1883108615875244, CE loss: 0.11946932226419449, combined loss: 0.2263534814119339
CL loss: 0.9558120369911194, CE loss: 0.11312232911586761, combined loss: 0.1973913013935089
CL loss: 0.937532901763916, CE loss: 0.11237253248691559, combined loss: 0.19488856196403503
CL loss: 0.9326220154762268, CE loss: 0.11736733466386795, combined loss: 0.19889280200004578
CL loss: 1.0749835968017578, CE loss: 0.11666910350322723, combined loss: 0.21250054240226746
CL loss: 1.1623969078063965, CE loss: 0.12612497806549072, combined loss: 0.22975216805934906
CL loss: 1.3214930295944214, CE loss: 0.12308167666196823, combined loss: 0.2429228127002716
CL loss: 1.2567765712738037, CE loss: 0.12674352526664734, combined loss: 0.2397468388080597
CL loss: 1.2659926414489746, CE loss: 0.13289201259613037, combined loss: 0.24620208144187927
CL loss: 1.0224412679672241, CE loss: 0.12229351699352264, combined loss: 0.21230828762054443
CL loss: 1.1956864595413208, CE loss: 0.12113361060619354, combined loss: 0.22858889400959015
CL loss: 1.036558747291565, CE loss: 0.12019769847393036, combined loss: 0.21183380484580994
CL loss: 1.1187223196029663, CE loss: 0.11613794416189194, combined loss: 0.21639639139175415
CL loss: 1.1539807319641113, CE loss: 0.1323821097612381, combined loss: 0.23454196751117706
CL loss: 1.1855478286743164, CE loss: 0.11895012855529785, combined loss: 0.2256098985671997
CL loss: 1.0491504669189453, CE loss: 0.11573609709739685, combined loss: 0.20907753705978394
CL loss: 1.0113908052444458, CE loss: 0.11500872671604156, combined loss: 0.20464694499969482
CL loss: 0.4975232481956482, CE loss: 0.10355396568775177, combined loss: 0.1429508924484253
{'loss': 0.2158, 'grad_norm': 1.2728424072265625, 'learning_rate': 3.6666666666666666e-05, 'epoch': 8.0}
CL loss: 1.48456871509552, CE loss: 0.1309843361377716, combined loss: 0.26634275913238525


  0%|          | 0/23 [00:00<?, ?it/s][A

 17%|█▋        | 4/23 [00:00<00:00, 39.46it/s][A

 35%|███▍      | 8/23 [00:00<00:00, 32.60it/s][A

 52%|█████▏    | 12/23 [00:00<00:00, 31.10it/s][A

 70%|██████▉   | 16/23 [00:00<00:00, 30.51it/s][A

 87%|████████▋ | 20/23 [00:00<00:00, 30.30it/s][A

                                               
[A
                                                 

100%|██████████| 23/23 [00:00<00:00, 30.30it/s][A
 27%|██▋       | 184/690 [01:45<02:47,  3.02it/s]

                                               [ACL loss: 0.9019485712051392, CE loss: 0.11517252027988434, combined loss: 0.19385012984275818
CL loss: 1.3822754621505737, CE loss: 0.15421076118946075, combined loss: 0.2770172357559204
CL loss: 1.5896100997924805, CE loss: 0.11540760099887848, combined loss: 0.2628278434276581
CL loss: 2.0242578983306885, CE loss: 0.1270434707403183, combined loss: 0.3167649209499359
CL loss: 1.1573268175125122, CE loss: 0.11421775072813034, combined loss: 0.2185286581516266
CL loss: 1.2661994695663452, CE loss: 0.11529719084501266, combined loss: 0.23038741946220398
CL loss: 1.6288278102874756, CE loss: 0.13386283814907074, combined loss: 0.2833593487739563
CL loss: 0.9225509166717529, CE loss: 0.10318578779697418, combined loss: 0.1851222962141037
CL loss: 1.2408244609832764, CE loss: 0.11514104902744293, combined loss: 0.22770938277244568
CL loss: 0.9655700325965881, CE loss: 0.10514181852340698, combined loss: 0.1911846399307251
CL loss: 1.5672755241394043, CE loss: 0.11844947189092636, combined loss: 0.2633320689201355
CL loss: 1.7788981199264526, CE loss: 0.13848425447940826, combined loss: 0.3025256395339966
CL loss: 0.8205138444900513, CE loss: 0.10859968513250351, combined loss: 0.17979109287261963
CL loss: 1.1242305040359497, CE loss: 0.12328885495662689, combined loss: 0.22338302433490753
CL loss: 1.206621527671814, CE loss: 0.1124265193939209, combined loss: 0.22184601426124573
CL loss: 0.619279682636261, CE loss: 0.11321768164634705, combined loss: 0.16382388770580292
CL loss: 1.5005789995193481, CE loss: 0.12151332944631577, combined loss: 0.25941988825798035
CL loss: 1.2485427856445312, CE loss: 0.11377078294754028, combined loss: 0.22724798321723938
CL loss: 2.061958074569702, CE loss: 0.11621524393558502, combined loss: 0.3107895255088806
CL loss: 1.3812403678894043, CE loss: 0.11315269023180008, combined loss: 0.2399614453315735
CL loss: 1.19907808303833, CE loss: 0.09994470328092575, combined loss: 0.20985804498195648
CL loss: 1.7977745532989502, CE loss: 0.11605657637119293, combined loss: 0.2842283844947815
{'eval_loss': 0.23918688297271729, 'eval_top_1_macro_recall': 0.379043226448403, 'eval_top_1_macro_precision': 0.3935337919535568, 'eval_top_1_macro_f1': 0.36161410658453436, 'eval_top_1_accuracy': 0.5571227080394923, 'eval_top_1_micro_recall': 0.4925187032418953, 'eval_top_1_micro_precision': 0.5571227080394923, 'eval_top_1_micro_f1': 0.5228325612177367, 'eval_top_2_macro_recall': 0.49690703785003604, 'eval_top_2_macro_precision': 0.2980904833866295, 'eval_top_2_macro_f1': 0.34770683743051767, 'eval_top_2_accuracy': 0.7221438645980254, 'eval_top_2_micro_recall': 0.6583541147132169, 'eval_top_2_micro_precision': 0.3723554301833568, 'eval_top_2_micro_f1': 0.47567567567567565, 'eval_top_3_macro_recall': 0.5948093822412054, 'eval_top_3_macro_precision': 0.26946119899026466, 'eval_top_3_macro_f1': 0.3470012562027627, 'eval_top_3_accuracy': 0.8561354019746121, 'eval_top_3_micro_recall': 0.7892768079800498, 'eval_top_3_micro_precision': 0.29760225669957685, 'eval_top_3_micro_f1': 0.43222942983953566, 'eval_runtime': 1.0727, 'eval_samples_per_second': 660.931, 'eval_steps_per_second': 21.441, 'epoch': 8.0}

 27%|██▋       | 185/690 [01:49<13:50,  1.64s/it]
 27%|██▋       | 186/690 [01:49<10:42,  1.28s/it]
 27%|██▋       | 187/690 [01:50<08:30,  1.02s/it]
 27%|██▋       | 188/690 [01:50<06:59,  1.20it/s]
 27%|██▋       | 189/690 [01:50<05:54,  1.41it/s]
 28%|██▊       | 190/690 [01:51<05:09,  1.62it/s]
 28%|██▊       | 191/690 [01:51<04:37,  1.80it/s]
 28%|██▊       | 192/690 [01:52<04:15,  1.95it/s]
 28%|██▊       | 193/690 [01:52<03:59,  2.07it/s]
 28%|██▊       | 194/690 [01:53<03:48,  2.17it/s]
 28%|██▊       | 195/690 [01:53<03:40,  2.24it/s]
 28%|██▊       | 196/690 [01:53<03:35,  2.29it/s]
 29%|██▊       | 197/690 [01:54<03:31,  2.33it/s]
 29%|██▊       | 198/690 [01:54<03:27,  2.37it/s]
 29%|██▉       | 199/690 [01:55<03:26,  2.38it/s]
 29%|██▉       | 200/690 [01:55<03:24,  2.40it/s]
 29%|██▉       | 201/690 [01:55<03:22,  2.41it/s]
 29%|██▉       | 202/690 [01:56<03:22,  2.41it/s]
 29%|██▉       | 203/690 [01:56<03:21,  2.42it/s]
 30%|██▉       | 204/690 [01:57<03:20,  2.43it/s]
 30%|██▉       | 205/690 [01:57<03:19,  2.43it/s]
 30%|██▉       | 206/690 [01:57<03:18,  2.43it/s]
 30%|███       | 207/690 [01:58<02:40,  3.02it/s]
                                                 

 30%|███       | 207/690 [01:58<02:40,  3.02it/s]CL loss: 0.9884768724441528, CE loss: 0.11364872008562088, combined loss: 0.20113152265548706
CL loss: 1.0754586458206177, CE loss: 0.11751293390989304, combined loss: 0.21330749988555908
CL loss: 1.2352135181427002, CE loss: 0.1286362111568451, combined loss: 0.2392939329147339
CL loss: 1.1340577602386475, CE loss: 0.11869864165782928, combined loss: 0.22023454308509827
CL loss: 0.8119235038757324, CE loss: 0.10256671905517578, combined loss: 0.1735023856163025
CL loss: 1.10947585105896, CE loss: 0.12883436679840088, combined loss: 0.22689852118492126
CL loss: 1.153603434562683, CE loss: 0.12219366431236267, combined loss: 0.22533464431762695
CL loss: 1.048513412475586, CE loss: 0.11793865263462067, combined loss: 0.2109961211681366
CL loss: 0.7908431887626648, CE loss: 0.11130327731370926, combined loss: 0.17925727367401123
CL loss: 0.9896262884140015, CE loss: 0.11919941008090973, combined loss: 0.20624208450317383
CL loss: 1.1029576063156128, CE loss: 0.11614362895488739, combined loss: 0.21482503414154053
CL loss: 1.1876627206802368, CE loss: 0.1186789944767952, combined loss: 0.22557735443115234
CL loss: 0.9292594194412231, CE loss: 0.11318410933017731, combined loss: 0.19479164481163025
CL loss: 0.9381283521652222, CE loss: 0.11284594237804413, combined loss: 0.19537419080734253
CL loss: 0.9866546392440796, CE loss: 0.11015354841947556, combined loss: 0.19780366122722626
CL loss: 1.2074426412582397, CE loss: 0.12000194936990738, combined loss: 0.22874602675437927
CL loss: 1.119736909866333, CE loss: 0.12283562123775482, combined loss: 0.22252574563026428
CL loss: 0.8324199914932251, CE loss: 0.11095327138900757, combined loss: 0.18309994041919708
CL loss: 1.0064038038253784, CE loss: 0.11969486624002457, combined loss: 0.20836575329303741
CL loss: 1.047724962234497, CE loss: 0.11503307521343231, combined loss: 0.20830225944519043
CL loss: 0.9696291089057922, CE loss: 0.11521123349666595, combined loss: 0.20065301656723022
CL loss: 0.8877801299095154, CE loss: 0.10823021829128265, combined loss: 0.18618521094322205
CL loss: 1.9675102233886719, CE loss: 0.13887888193130493, combined loss: 0.3217420279979706
{'loss': 0.2124, 'grad_norm': 2.1601169109344482, 'learning_rate': 3.5e-05, 'epoch': 9.0}
CL loss: 1.0993103981018066, CE loss: 0.12253590673208237, combined loss: 0.22021335363388062


  0%|          | 0/23 [00:00<?, ?it/s][A

 22%|██▏       | 5/23 [00:00<00:00, 37.43it/s][A

 39%|███▉      | 9/23 [00:00<00:00, 32.83it/s][A

 57%|█████▋    | 13/23 [00:00<00:00, 31.47it/s][A

 74%|███████▍  | 17/23 [00:00<00:00, 30.78it/s][A

 91%|█████████▏| 21/23 [00:00<00:00, 30.13it/s][A

                                               
[A
                                                 

100%|██████████| 23/23 [00:01<00:00, 30.13it/s][A
 30%|███       | 207/690 [01:59<02:40,  3.02it/s]

                                               [ACL loss: 0.9002636671066284, CE loss: 0.10571078211069107, combined loss: 0.18516607582569122
CL loss: 1.0972992181777954, CE loss: 0.1402759999036789, combined loss: 0.23597830533981323
CL loss: 1.4709690809249878, CE loss: 0.1126696765422821, combined loss: 0.24849963188171387
CL loss: 2.163764715194702, CE loss: 0.12393456697463989, combined loss: 0.32791757583618164
CL loss: 0.9231244325637817, CE loss: 0.10384994745254517, combined loss: 0.18577739596366882
CL loss: 1.4796726703643799, CE loss: 0.11734863370656967, combined loss: 0.25358104705810547
CL loss: 1.494914174079895, CE loss: 0.12927313148975372, combined loss: 0.2658372223377228
CL loss: 1.0604321956634521, CE loss: 0.10043781995773315, combined loss: 0.19643725454807281
CL loss: 0.891064465045929, CE loss: 0.10563656687736511, combined loss: 0.1841793656349182
CL loss: 0.7321399450302124, CE loss: 0.09594198316335678, combined loss: 0.15956178307533264
CL loss: 1.462189793586731, CE loss: 0.11917060613632202, combined loss: 0.25347253680229187
CL loss: 1.7515827417373657, CE loss: 0.1286492496728897, combined loss: 0.29094260931015015
CL loss: 1.0631532669067383, CE loss: 0.11856667697429657, combined loss: 0.21302533149719238
CL loss: 0.8004626631736755, CE loss: 0.11372854560613632, combined loss: 0.18240195512771606
CL loss: 1.2144958972930908, CE loss: 0.10417962074279785, combined loss: 0.21521124243736267
CL loss: 0.49487635493278503, CE loss: 0.10414764285087585, combined loss: 0.14322051405906677
CL loss: 1.5676320791244507, CE loss: 0.11969897150993347, combined loss: 0.2644922733306885
CL loss: 1.6833865642547607, CE loss: 0.11811820417642593, combined loss: 0.27464503049850464
CL loss: 2.1324055194854736, CE loss: 0.11612771451473236, combined loss: 0.31775549054145813
CL loss: 1.3854619264602661, CE loss: 0.11484396457672119, combined loss: 0.24190576374530792
CL loss: 1.1168131828308105, CE loss: 0.09790182113647461, combined loss: 0.19979295134544373
CL loss: 3.886817455291748, CE loss: 0.11369810253381729, combined loss: 0.49101004004478455
{'eval_loss': 0.23184137046337128, 'eval_top_1_macro_recall': 0.40503553224233574, 'eval_top_1_macro_precision': 0.40602512095231674, 'eval_top_1_macro_f1': 0.3905770758042706, 'eval_top_1_accuracy': 0.5811001410437235, 'eval_top_1_micro_recall': 0.513715710723192, 'eval_top_1_micro_precision': 0.5811001410437235, 'eval_top_1_micro_f1': 0.5453342157511581, 'eval_top_2_macro_recall': 0.528944133135208, 'eval_top_2_macro_precision': 0.3187378818205304, 'eval_top_2_macro_f1': 0.3802687675322462, 'eval_top_2_accuracy': 0.7489421720733427, 'eval_top_2_micro_recall': 0.6882793017456359, 'eval_top_2_micro_precision': 0.38928067700987307, 'eval_top_2_micro_f1': 0.49729729729729727, 'eval_top_3_macro_recall': 0.6207094275180574, 'eval_top_3_macro_precision': 0.30416825480641924, 'eval_top_3_macro_f1': 0.36973836296845575, 'eval_top_3_accuracy': 0.8758815232722144, 'eval_top_3_micro_recall': 0.8154613466334164, 'eval_top_3_micro_precision': 0.307475317348378, 'eval_top_3_micro_f1': 0.4465687948105156, 'eval_runtime': 1.0824, 'eval_samples_per_second': 655.036, 'eval_steps_per_second': 21.249, 'epoch': 9.0}

 30%|███       | 208/690 [02:02<13:12,  1.64s/it]
 30%|███       | 209/690 [02:03<10:14,  1.28s/it]
 30%|███       | 210/690 [02:03<08:10,  1.02s/it]
 31%|███       | 211/690 [02:04<06:41,  1.19it/s]
 31%|███       | 212/690 [02:04<05:39,  1.41it/s]
 31%|███       | 213/690 [02:04<04:56,  1.61it/s]
 31%|███       | 214/690 [02:05<04:25,  1.79it/s]
 31%|███       | 215/690 [02:05<04:04,  1.94it/s]
 31%|███▏      | 216/690 [02:06<03:49,  2.07it/s]
 31%|███▏      | 217/690 [02:06<03:38,  2.16it/s]
 32%|███▏      | 218/690 [02:06<03:31,  2.23it/s]
 32%|███▏      | 219/690 [02:07<03:25,  2.29it/s]
 32%|███▏      | 220/690 [02:07<03:22,  2.32it/s]
 32%|███▏      | 221/690 [02:08<03:18,  2.36it/s]
 32%|███▏      | 222/690 [02:08<03:16,  2.38it/s]
 32%|███▏      | 223/690 [02:09<03:15,  2.39it/s]
 32%|███▏      | 224/690 [02:09<03:13,  2.41it/s]
 33%|███▎      | 225/690 [02:09<03:12,  2.41it/s]
 33%|███▎      | 226/690 [02:10<03:11,  2.42it/s]
 33%|███▎      | 227/690 [02:10<03:11,  2.42it/s]
 33%|███▎      | 228/690 [02:11<03:10,  2.42it/s]
 33%|███▎      | 229/690 [02:11<03:09,  2.43it/s]
 33%|███▎      | 230/690 [02:11<02:30,  3.05it/s]
                                                 

 33%|███▎      | 230/690 [02:11<02:30,  3.05it/s]CL loss: 0.9691314697265625, CE loss: 0.11018192023038864, combined loss: 0.1960768699645996
CL loss: 0.9414029121398926, CE loss: 0.11348354071378708, combined loss: 0.1962754726409912
CL loss: 1.0310324430465698, CE loss: 0.12176601588726044, combined loss: 0.21269264817237854
CL loss: 0.9679254293441772, CE loss: 0.10872058570384979, combined loss: 0.19464106857776642
CL loss: 0.8198713064193726, CE loss: 0.11766640096902847, combined loss: 0.18788689374923706
CL loss: 0.8502262830734253, CE loss: 0.10732323676347733, combined loss: 0.18161353468894958
CL loss: 0.9453089833259583, CE loss: 0.10756862163543701, combined loss: 0.19134265184402466
CL loss: 1.0641998052597046, CE loss: 0.11726407706737518, combined loss: 0.211957648396492
CL loss: 0.8888794779777527, CE loss: 0.11332935094833374, combined loss: 0.19088436663150787
CL loss: 0.8510247468948364, CE loss: 0.10195077955722809, combined loss: 0.17685817182064056
CL loss: 0.8410824537277222, CE loss: 0.10822116583585739, combined loss: 0.18150728940963745
CL loss: 0.859957754611969, CE loss: 0.10868805646896362, combined loss: 0.18381503224372864
CL loss: 0.8006516098976135, CE loss: 0.10755738615989685, combined loss: 0.1768667995929718
CL loss: 1.017197847366333, CE loss: 0.11609292030334473, combined loss: 0.2062034159898758
CL loss: 0.8860954642295837, CE loss: 0.10260387510061264, combined loss: 0.1809530258178711
CL loss: 1.0034067630767822, CE loss: 0.11354535818099976, combined loss: 0.20253150165081024
CL loss: 1.067263126373291, CE loss: 0.11456050723791122, combined loss: 0.20983076095581055
CL loss: 0.7718547582626343, CE loss: 0.10650817304849625, combined loss: 0.17304283380508423
CL loss: 0.8704864978790283, CE loss: 0.10716532170772552, combined loss: 0.18349742889404297
CL loss: 0.9848007559776306, CE loss: 0.10488694906234741, combined loss: 0.1928783357143402
CL loss: 1.063135027885437, CE loss: 0.11991993337869644, combined loss: 0.21424144506454468
CL loss: 0.8956438899040222, CE loss: 0.10881182551383972, combined loss: 0.18749502301216125
CL loss: 1.0017733573913574, CE loss: 0.11809764802455902, combined loss: 0.2064652144908905
{'loss': 0.193, 'grad_norm': 2.676846504211426, 'learning_rate': 3.3333333333333335e-05, 'epoch': 10.0}
CL loss: 1.0423498153686523, CE loss: 0.11261119693517685, combined loss: 0.2055850625038147


  0%|          | 0/23 [00:00<?, ?it/s][A

 17%|█▋        | 4/23 [00:00<00:00, 39.31it/s][A

 35%|███▍      | 8/23 [00:00<00:00, 32.99it/s][A

 52%|█████▏    | 12/23 [00:00<00:00, 31.47it/s][A

 70%|██████▉   | 16/23 [00:00<00:00, 30.81it/s][A

 87%|████████▋ | 20/23 [00:00<00:00, 30.33it/s][A

                                               
[A
                                                 

100%|██████████| 23/23 [00:01<00:00, 30.33it/s][A
 33%|███▎      | 230/690 [02:12<02:30,  3.05it/s]

                                               [ACL loss: 1.0800681114196777, CE loss: 0.10505475848913193, combined loss: 0.20255610346794128
CL loss: 1.120940923690796, CE loss: 0.13160991668701172, combined loss: 0.23054301738739014
CL loss: 1.2684487104415894, CE loss: 0.10080396384000778, combined loss: 0.21756842732429504
CL loss: 1.9440242052078247, CE loss: 0.11328622698783875, combined loss: 0.2963600158691406
CL loss: 0.900913655757904, CE loss: 0.0986429825425148, combined loss: 0.1788700520992279
CL loss: 1.499125361442566, CE loss: 0.10806605219841003, combined loss: 0.24717198312282562
CL loss: 1.3854137659072876, CE loss: 0.1220795288681984, combined loss: 0.24841296672821045
CL loss: 0.8419399261474609, CE loss: 0.08677603304386139, combined loss: 0.16229242086410522
CL loss: 0.8236104249954224, CE loss: 0.09810079634189606, combined loss: 0.17065176367759705
CL loss: 0.6323844194412231, CE loss: 0.08549659699201584, combined loss: 0.1401853859424591
CL loss: 1.4621505737304688, CE loss: 0.11458264291286469, combined loss: 0.24933943152427673
CL loss: 1.5367337465286255, CE loss: 0.12063954770565033, combined loss: 0.2622489631175995
CL loss: 0.8576849699020386, CE loss: 0.10494259744882584, combined loss: 0.18021683394908905
CL loss: 0.9039046764373779, CE loss: 0.10357216745615005, combined loss: 0.18360541760921478
CL loss: 1.1120015382766724, CE loss: 0.09621013700962067, combined loss: 0.1977892816066742
CL loss: 0.46455642580986023, CE loss: 0.09548761695623398, combined loss: 0.13239449262619019
CL loss: 1.2300242185592651, CE loss: 0.1055770143866539, combined loss: 0.21802173554897308
CL loss: 1.3392282724380493, CE loss: 0.10293041169643402, combined loss: 0.22656020522117615
CL loss: 1.6380095481872559, CE loss: 0.10868905484676361, combined loss: 0.2616211175918579
CL loss: 1.2118700742721558, CE loss: 0.10382877290248871, combined loss: 0.21463289856910706
CL loss: 1.0701420307159424, CE loss: 0.08708824217319489, combined loss: 0.18539361655712128
CL loss: 3.1591603755950928, CE loss: 0.10665421932935715, combined loss: 0.41190481185913086
{'eval_loss': 0.21106374263763428, 'eval_top_1_macro_recall': 0.4249644566417445, 'eval_top_1_macro_precision': 0.45973585600339395, 'eval_top_1_macro_f1': 0.4215171794515831, 'eval_top_1_accuracy': 0.6727785613540197, 'eval_top_1_micro_recall': 0.5947630922693267, 'eval_top_1_micro_precision': 0.6727785613540197, 'eval_top_1_micro_f1': 0.6313699536730641, 'eval_top_2_macro_recall': 0.5473580299075098, 'eval_top_2_macro_precision': 0.3572797271277351, 'eval_top_2_macro_f1': 0.40608752898084616, 'eval_top_2_accuracy': 0.8067700987306065, 'eval_top_2_micro_recall': 0.7381546134663342, 'eval_top_2_micro_precision': 0.41748942172073344, 'eval_top_2_micro_f1': 0.5333333333333333, 'eval_top_3_macro_recall': 0.6358440183670999, 'eval_top_3_macro_precision': 0.3093396546383858, 'eval_top_3_macro_f1': 0.37700789270047036, 'eval_top_3_accuracy': 0.8984485190409027, 'eval_top_3_micro_recall': 0.8379052369077307, 'eval_top_3_micro_precision': 0.3159379407616361, 'eval_top_3_micro_f1': 0.45885967907135544, 'eval_runtime': 1.0896, 'eval_samples_per_second': 650.683, 'eval_steps_per_second': 21.108, 'epoch': 10.0}

 33%|███▎      | 231/690 [02:16<13:08,  1.72s/it]
 34%|███▎      | 232/690 [02:16<10:07,  1.33s/it]
 34%|███▍      | 233/690 [02:17<08:00,  1.05s/it]
 34%|███▍      | 234/690 [02:17<06:33,  1.16it/s]
 34%|███▍      | 235/690 [02:18<05:32,  1.37it/s]
 34%|███▍      | 236/690 [02:18<04:48,  1.58it/s]
 34%|███▍      | 237/690 [02:19<04:17,  1.76it/s]
 34%|███▍      | 238/690 [02:19<03:55,  1.92it/s]
 35%|███▍      | 239/690 [02:19<03:39,  2.05it/s]
 35%|███▍      | 240/690 [02:20<03:29,  2.15it/s]
 35%|███▍      | 241/690 [02:20<03:21,  2.23it/s]
 35%|███▌      | 242/690 [02:21<03:15,  2.29it/s]
 35%|███▌      | 243/690 [02:21<03:12,  2.32it/s]
 35%|███▌      | 244/690 [02:21<03:09,  2.36it/s]
 36%|███▌      | 245/690 [02:22<03:06,  2.38it/s]
 36%|███▌      | 246/690 [02:22<03:05,  2.39it/s]
 36%|███▌      | 247/690 [02:23<03:03,  2.41it/s]
 36%|███▌      | 248/690 [02:23<03:02,  2.42it/s]
 36%|███▌      | 249/690 [02:24<03:02,  2.42it/s]
 36%|███▌      | 250/690 [02:24<03:01,  2.43it/s]
 36%|███▋      | 251/690 [02:24<03:00,  2.43it/s]
 37%|███▋      | 252/690 [02:25<03:00,  2.42it/s]
 37%|███▋      | 253/690 [02:25<02:21,  3.09it/s]
                                                 

 37%|███▋      | 253/690 [02:25<02:21,  3.09it/s]CL loss: 0.9409975409507751, CE loss: 0.10758790373802185, combined loss: 0.1909288614988327
CL loss: 1.052047610282898, CE loss: 0.10906796157360077, combined loss: 0.20336592197418213
CL loss: 0.9236617088317871, CE loss: 0.11318797618150711, combined loss: 0.19423535466194153
CL loss: 0.9035115838050842, CE loss: 0.10955755412578583, combined loss: 0.1889529526233673
CL loss: 1.0254786014556885, CE loss: 0.10993430018424988, combined loss: 0.20148873329162598
CL loss: 0.7490800023078918, CE loss: 0.09991706907749176, combined loss: 0.16483336687088013
CL loss: 0.8223973512649536, CE loss: 0.10409039258956909, combined loss: 0.17592108249664307
CL loss: 0.8562262654304504, CE loss: 0.10941159725189209, combined loss: 0.18409305810928345
CL loss: 0.7463352680206299, CE loss: 0.10437705367803574, combined loss: 0.16857287287712097
CL loss: 0.8524702787399292, CE loss: 0.1091236025094986, combined loss: 0.18345826864242554
CL loss: 0.9916128516197205, CE loss: 0.10610296577215195, combined loss: 0.1946539580821991
CL loss: 0.9402610659599304, CE loss: 0.10381799936294556, combined loss: 0.18746230006217957
CL loss: 0.8816373348236084, CE loss: 0.10503598302602768, combined loss: 0.1826961189508438
CL loss: 0.7227039933204651, CE loss: 0.09804551303386688, combined loss: 0.16051135957241058
CL loss: 0.8962121605873108, CE loss: 0.10560938715934753, combined loss: 0.18466965854167938
CL loss: 0.7959631681442261, CE loss: 0.09382154792547226, combined loss: 0.16403570771217346
CL loss: 0.9322826862335205, CE loss: 0.10793811827898026, combined loss: 0.19037258625030518
CL loss: 0.7801988124847412, CE loss: 0.10368036478757858, combined loss: 0.1713322103023529
CL loss: 0.926811158657074, CE loss: 0.10713618993759155, combined loss: 0.18910369277000427
CL loss: 0.8640657663345337, CE loss: 0.10044852644205093, combined loss: 0.17681024968624115
CL loss: 0.780020534992218, CE loss: 0.09772995859384537, combined loss: 0.16595901548862457
CL loss: 0.957495927810669, CE loss: 0.1041828989982605, combined loss: 0.1895141899585724
CL loss: 1.7934701442718506, CE loss: 0.07985011488199234, combined loss: 0.25121212005615234
{'loss': 0.1854, 'grad_norm': 2.6767940521240234, 'learning_rate': 3.1666666666666666e-05, 'epoch': 11.0}
CL loss: 0.9065726399421692, CE loss: 0.11419723927974701, combined loss: 0.19343477487564087


  0%|          | 0/23 [00:00<?, ?it/s][A

 22%|██▏       | 5/23 [00:00<00:00, 37.48it/s][A

 39%|███▉      | 9/23 [00:00<00:00, 33.09it/s][A

 57%|█████▋    | 13/23 [00:00<00:00, 31.68it/s][A

 74%|███████▍  | 17/23 [00:00<00:00, 30.97it/s][A

 91%|█████████▏| 21/23 [00:00<00:00, 30.64it/s][A

                                               
[A
                                                 

100%|██████████| 23/23 [00:00<00:00, 30.64it/s][A
 37%|███▋      | 253/690 [02:26<02:21,  3.09it/s]

                                               [ACL loss: 1.0516749620437622, CE loss: 0.09982609748840332, combined loss: 0.1950109899044037
CL loss: 1.1100667715072632, CE loss: 0.13703806698322296, combined loss: 0.23434093594551086
CL loss: 1.439357042312622, CE loss: 0.09540952742099762, combined loss: 0.22980427742004395
CL loss: 2.131460428237915, CE loss: 0.11442112922668457, combined loss: 0.3161250650882721
CL loss: 0.9131823182106018, CE loss: 0.09179472923278809, combined loss: 0.1739334911108017
CL loss: 1.5473016500473022, CE loss: 0.11200651526451111, combined loss: 0.2555360198020935
CL loss: 1.3759833574295044, CE loss: 0.11773616075515747, combined loss: 0.24356088042259216
CL loss: 0.7890713214874268, CE loss: 0.08067362010478973, combined loss: 0.15151339769363403
CL loss: 1.1730941534042358, CE loss: 0.09734734892845154, combined loss: 0.20492202043533325
CL loss: 0.6603520512580872, CE loss: 0.08052433282136917, combined loss: 0.13850709795951843
CL loss: 1.4830245971679688, CE loss: 0.1073693186044693, combined loss: 0.24493485689163208
CL loss: 1.6532998085021973, CE loss: 0.12190216779708862, combined loss: 0.27504193782806396
CL loss: 0.7537752985954285, CE loss: 0.0975697711110115, combined loss: 0.1631903201341629
CL loss: 0.944850504398346, CE loss: 0.09747015684843063, combined loss: 0.18220818042755127
CL loss: 1.089381456375122, CE loss: 0.09629255533218384, combined loss: 0.1956014484167099
CL loss: 0.46664002537727356, CE loss: 0.0898846760392189, combined loss: 0.12756021320819855
CL loss: 1.2194820642471313, CE loss: 0.10026160627603531, combined loss: 0.2121836543083191
CL loss: 1.3440269231796265, CE loss: 0.10165423899888992, combined loss: 0.22589150071144104
CL loss: 2.1117186546325684, CE loss: 0.10462173819541931, combined loss: 0.30533140897750854
CL loss: 1.028768539428711, CE loss: 0.09861870855093002, combined loss: 0.1916337013244629
CL loss: 1.1889749765396118, CE loss: 0.08207057416439056, combined loss: 0.19276100397109985
CL loss: 3.212080478668213, CE loss: 0.10133577883243561, combined loss: 0.41241025924682617
{'eval_loss': 0.21291808784008026, 'eval_top_1_macro_recall': 0.43956857402961713, 'eval_top_1_macro_precision': 0.4655700753466378, 'eval_top_1_macro_f1': 0.43637398093642915, 'eval_top_1_accuracy': 0.6755994358251057, 'eval_top_1_micro_recall': 0.5972568578553616, 'eval_top_1_micro_precision': 0.6755994358251057, 'eval_top_1_micro_f1': 0.6340172071475844, 'eval_top_2_macro_recall': 0.5350323994605927, 'eval_top_2_macro_precision': 0.3390524146173728, 'eval_top_2_macro_f1': 0.39968412349161114, 'eval_top_2_accuracy': 0.8067700987306065, 'eval_top_2_micro_recall': 0.7356608478802993, 'eval_top_2_micro_precision': 0.41607898448519043, 'eval_top_2_micro_f1': 0.5315315315315315, 'eval_top_3_macro_recall': 0.6267379964616282, 'eval_top_3_macro_precision': 0.3292106414157972, 'eval_top_3_macro_f1': 0.39317046185201837, 'eval_top_3_accuracy': 0.9026798307475318, 'eval_top_3_micro_recall': 0.8391521197007481, 'eval_top_3_micro_precision': 0.3164080865068171, 'eval_top_3_micro_f1': 0.45954250597473545, 'eval_runtime': 1.0847, 'eval_samples_per_second': 653.62, 'eval_steps_per_second': 21.203, 'epoch': 11.0}

 37%|███▋      | 254/690 [02:29<11:39,  1.60s/it]
 37%|███▋      | 255/690 [02:30<09:01,  1.25s/it]
 37%|███▋      | 256/690 [02:30<07:11,  1.01it/s]
 37%|███▋      | 257/690 [02:31<05:55,  1.22it/s]
 37%|███▋      | 258/690 [02:31<05:01,  1.43it/s]
 38%|███▊      | 259/690 [02:32<04:23,  1.64it/s]
 38%|███▊      | 260/690 [02:32<03:57,  1.81it/s]
 38%|███▊      | 261/690 [02:32<03:38,  1.97it/s]
 38%|███▊      | 262/690 [02:33<03:25,  2.09it/s]
 38%|███▊      | 263/690 [02:33<03:15,  2.18it/s]
 38%|███▊      | 264/690 [02:34<03:09,  2.25it/s]
 38%|███▊      | 265/690 [02:34<03:04,  2.30it/s]
 39%|███▊      | 266/690 [02:34<03:01,  2.34it/s]
 39%|███▊      | 267/690 [02:35<02:58,  2.37it/s]
 39%|███▉      | 268/690 [02:35<02:56,  2.39it/s]
 39%|███▉      | 269/690 [02:36<02:55,  2.40it/s]
 39%|███▉      | 270/690 [02:36<02:54,  2.41it/s]
 39%|███▉      | 271/690 [02:36<02:53,  2.42it/s]
 39%|███▉      | 272/690 [02:37<02:52,  2.42it/s]
 40%|███▉      | 273/690 [02:37<02:51,  2.43it/s]
 40%|███▉      | 274/690 [02:38<02:51,  2.43it/s]
 40%|███▉      | 275/690 [02:38<02:50,  2.43it/s]
 40%|████      | 276/690 [02:38<02:16,  3.02it/s]
                                                 

 40%|████      | 276/690 [02:38<02:16,  3.02it/s]CL loss: 0.8666788935661316, CE loss: 0.09909753501415253, combined loss: 0.17585566639900208
CL loss: 0.8236557841300964, CE loss: 0.09460746496915817, combined loss: 0.16751229763031006
CL loss: 0.8565894961357117, CE loss: 0.09978112578392029, combined loss: 0.17546196281909943
CL loss: 1.0437356233596802, CE loss: 0.10435490310192108, combined loss: 0.19829297065734863
CL loss: 0.8714264631271362, CE loss: 0.09546861052513123, combined loss: 0.17306439578533173
CL loss: 0.8267093300819397, CE loss: 0.10541864484548569, combined loss: 0.17754772305488586
CL loss: 0.9912543296813965, CE loss: 0.10279729217290878, combined loss: 0.19164299964904785
CL loss: 0.8568822145462036, CE loss: 0.10814990103244781, combined loss: 0.1830231249332428
CL loss: 0.7043289542198181, CE loss: 0.09609095007181168, combined loss: 0.15691474080085754
CL loss: 0.8056961297988892, CE loss: 0.10404390096664429, combined loss: 0.1742091178894043
CL loss: 0.758271336555481, CE loss: 0.09685801714658737, combined loss: 0.16299934685230255
CL loss: 0.8239468932151794, CE loss: 0.09960506111383438, combined loss: 0.1720392405986786
CL loss: 0.8873984813690186, CE loss: 0.09367964416742325, combined loss: 0.17305153608322144
CL loss: 0.9190480709075928, CE loss: 0.11172360181808472, combined loss: 0.19245605170726776
CL loss: 0.7827857732772827, CE loss: 0.09353622049093246, combined loss: 0.16246117651462555
CL loss: 0.6920204162597656, CE loss: 0.09697441011667252, combined loss: 0.15647900104522705
CL loss: 0.7594138383865356, CE loss: 0.09464428573846817, combined loss: 0.16112124919891357
CL loss: 0.6239815354347229, CE loss: 0.08843051642179489, combined loss: 0.14198561012744904
CL loss: 0.8211493492126465, CE loss: 0.10023094713687897, combined loss: 0.17232277989387512
CL loss: 0.7467889785766602, CE loss: 0.09368433803319931, combined loss: 0.15899479389190674
CL loss: 0.7343975901603699, CE loss: 0.08979290723800659, combined loss: 0.15425337851047516
CL loss: 0.7874482274055481, CE loss: 0.0990542620420456, combined loss: 0.167893648147583
CL loss: 1.628522515296936, CE loss: 0.08903093636035919, combined loss: 0.24298009276390076
{'loss': 0.1736, 'grad_norm': 4.450495719909668, 'learning_rate': 3e-05, 'epoch': 12.0}
CL loss: 1.027690052986145, CE loss: 0.11213023215532303, combined loss: 0.2036862075328827


  0%|          | 0/23 [00:00<?, ?it/s][A

 17%|█▋        | 4/23 [00:00<00:00, 39.88it/s][A

 35%|███▍      | 8/23 [00:00<00:00, 33.04it/s][A

 52%|█████▏    | 12/23 [00:00<00:00, 31.53it/s][A

 70%|██████▉   | 16/23 [00:00<00:00, 30.90it/s][A

 87%|████████▋ | 20/23 [00:00<00:00, 30.49it/s][A

                                               
[A
                                                 

100%|██████████| 23/23 [00:00<00:00, 30.49it/s][A
 40%|████      | 276/690 [02:39<02:16,  3.02it/s]

                                               [ACL loss: 0.971146821975708, CE loss: 0.09482857584953308, combined loss: 0.18246039748191833
CL loss: 1.2555900812149048, CE loss: 0.12396899610757828, combined loss: 0.23713111877441406
CL loss: 1.2439519166946411, CE loss: 0.09310305118560791, combined loss: 0.20818793773651123
CL loss: 1.8863552808761597, CE loss: 0.1095675379037857, combined loss: 0.28724631667137146
CL loss: 1.0915663242340088, CE loss: 0.0848807692527771, combined loss: 0.1855493187904358
CL loss: 1.539705753326416, CE loss: 0.10823549330234528, combined loss: 0.2513825297355652
CL loss: 1.4869619607925415, CE loss: 0.11328943818807602, combined loss: 0.25065669417381287
CL loss: 1.1284362077713013, CE loss: 0.07935485988855362, combined loss: 0.18426299095153809
CL loss: 0.8098788857460022, CE loss: 0.08897058665752411, combined loss: 0.16106142103672028
CL loss: 0.4206843376159668, CE loss: 0.07638078927993774, combined loss: 0.11081114411354065
CL loss: 1.727270483970642, CE loss: 0.11292330920696259, combined loss: 0.27435803413391113
CL loss: 1.4242370128631592, CE loss: 0.11236938089132309, combined loss: 0.24355614185333252
CL loss: 0.851524293422699, CE loss: 0.09961728751659393, combined loss: 0.17480799555778503
CL loss: 0.8083748817443848, CE loss: 0.0853431224822998, combined loss: 0.1576462984085083
CL loss: 0.9392099380493164, CE loss: 0.08764026314020157, combined loss: 0.17279723286628723
CL loss: 0.5410265326499939, CE loss: 0.08644399791955948, combined loss: 0.13190224766731262
CL loss: 1.187508463859558, CE loss: 0.09271961450576782, combined loss: 0.20219850540161133
CL loss: 1.3930583000183105, CE loss: 0.09902865439653397, combined loss: 0.2284316122531891
CL loss: 1.7595741748809814, CE loss: 0.10464268922805786, combined loss: 0.2701358497142792
CL loss: 0.900793194770813, CE loss: 0.09185823798179626, combined loss: 0.17275172472000122
CL loss: 1.265520453453064, CE loss: 0.0799175426363945, combined loss: 0.1984778344631195
CL loss: 1.8370708227157593, CE loss: 0.0898551419377327, combined loss: 0.2645767033100128
{'eval_loss': 0.20449484884738922, 'eval_top_1_macro_recall': 0.4497060257884458, 'eval_top_1_macro_precision': 0.469414139792403, 'eval_top_1_macro_f1': 0.45078072173304834, 'eval_top_1_accuracy': 0.7009873060648801, 'eval_top_1_micro_recall': 0.6197007481296758, 'eval_top_1_micro_precision': 0.7009873060648801, 'eval_top_1_micro_f1': 0.657842488418266, 'eval_top_2_macro_recall': 0.5579767752560314, 'eval_top_2_macro_precision': 0.372843500819439, 'eval_top_2_macro_f1': 0.4165598906945558, 'eval_top_2_accuracy': 0.8279266572637518, 'eval_top_2_micro_recall': 0.7618453865336658, 'eval_top_2_micro_precision': 0.4308885754583921, 'eval_top_2_micro_f1': 0.5504504504504504, 'eval_top_3_macro_recall': 0.651737828492885, 'eval_top_3_macro_precision': 0.31576771101461754, 'eval_top_3_macro_f1': 0.40445600918675384, 'eval_top_3_accuracy': 0.8970380818053597, 'eval_top_3_micro_recall': 0.8628428927680798, 'eval_top_3_micro_precision': 0.3253408556652562, 'eval_top_3_micro_f1': 0.4725162171389553, 'eval_runtime': 1.0783, 'eval_samples_per_second': 657.506, 'eval_steps_per_second': 21.33, 'epoch': 12.0}

 40%|████      | 277/690 [02:43<11:18,  1.64s/it]
 40%|████      | 278/690 [02:43<08:44,  1.27s/it]
 40%|████      | 279/690 [02:44<06:56,  1.01s/it]
 41%|████      | 280/690 [02:44<05:41,  1.20it/s]
 41%|████      | 281/690 [02:45<04:48,  1.42it/s]
 41%|████      | 282/690 [02:45<04:12,  1.62it/s]
 41%|████      | 283/690 [02:45<03:46,  1.80it/s]
 41%|████      | 284/690 [02:46<03:27,  1.96it/s]
 41%|████▏     | 285/690 [02:46<03:15,  2.07it/s]
 41%|████▏     | 286/690 [02:47<03:06,  2.17it/s]
 42%|████▏     | 287/690 [02:47<02:59,  2.25it/s]
 42%|████▏     | 288/690 [02:47<02:54,  2.30it/s]
 42%|████▏     | 289/690 [02:48<02:51,  2.33it/s]
 42%|████▏     | 290/690 [02:48<02:48,  2.37it/s]
 42%|████▏     | 291/690 [02:49<02:47,  2.38it/s]
 42%|████▏     | 292/690 [02:49<02:46,  2.40it/s]
 42%|████▏     | 293/690 [02:49<02:44,  2.41it/s]
 43%|████▎     | 294/690 [02:50<02:44,  2.41it/s]
 43%|████▎     | 295/690 [02:50<02:43,  2.42it/s]
 43%|████▎     | 296/690 [02:51<02:42,  2.43it/s]
 43%|████▎     | 297/690 [02:51<02:41,  2.43it/s]
 43%|████▎     | 298/690 [02:52<02:41,  2.43it/s]
 43%|████▎     | 299/690 [02:52<02:08,  3.03it/s]
                                                 

 43%|████▎     | 299/690 [02:52<02:08,  3.03it/s]CL loss: 0.8120658993721008, CE loss: 0.09884831309318542, combined loss: 0.17017006874084473
CL loss: 0.6937796473503113, CE loss: 0.10014499723911285, combined loss: 0.15950846672058105
CL loss: 0.9074385762214661, CE loss: 0.10042275488376617, combined loss: 0.18112432956695557
CL loss: 0.7168949842453003, CE loss: 0.10220588743686676, combined loss: 0.16367480158805847
CL loss: 0.7589500546455383, CE loss: 0.09369067847728729, combined loss: 0.16021661460399628
CL loss: 0.7163481712341309, CE loss: 0.09306051582098007, combined loss: 0.15538927912712097
CL loss: 0.7826801538467407, CE loss: 0.097646564245224, combined loss: 0.16614991426467896
CL loss: 0.7580529451370239, CE loss: 0.09470066428184509, combined loss: 0.16103589534759521
CL loss: 0.8421967029571533, CE loss: 0.09417925029993057, combined loss: 0.16898098587989807
CL loss: 0.7616649866104126, CE loss: 0.09099223464727402, combined loss: 0.1580595076084137
CL loss: 0.6728330850601196, CE loss: 0.10194893926382065, combined loss: 0.15903735160827637
CL loss: 0.7157344222068787, CE loss: 0.09119817614555359, combined loss: 0.15365180373191833
CL loss: 0.787051260471344, CE loss: 0.09062652289867401, combined loss: 0.16026899218559265
CL loss: 0.5917686223983765, CE loss: 0.08275511115789413, combined loss: 0.13365645706653595
CL loss: 0.8357009291648865, CE loss: 0.0947057455778122, combined loss: 0.16880527138710022
CL loss: 0.6623150706291199, CE loss: 0.08840452879667282, combined loss: 0.14579558372497559
CL loss: 0.8676472306251526, CE loss: 0.09066428244113922, combined loss: 0.1683625727891922
CL loss: 0.8247532248497009, CE loss: 0.09375087171792984, combined loss: 0.16685110330581665
CL loss: 0.8771506547927856, CE loss: 0.09533056616783142, combined loss: 0.17351257801055908
CL loss: 0.7866856455802917, CE loss: 0.09428582340478897, combined loss: 0.1635258048772812
CL loss: 0.6162075996398926, CE loss: 0.09036686271429062, combined loss: 0.14295093715190887
CL loss: 0.7369860410690308, CE loss: 0.09361803531646729, combined loss: 0.1579548418521881
CL loss: 0.5880421996116638, CE loss: 0.0938977301120758, combined loss: 0.14331218600273132
{'loss': 0.1601, 'grad_norm': 1.1770027875900269, 'learning_rate': 2.8333333333333335e-05, 'epoch': 13.0}
CL loss: 0.9531017541885376, CE loss: 0.09363692998886108, combined loss: 0.17958340048789978


  0%|          | 0/23 [00:00<?, ?it/s][A

 17%|█▋        | 4/23 [00:00<00:00, 39.46it/s][A

 35%|███▍      | 8/23 [00:00<00:00, 33.15it/s][A

 52%|█████▏    | 12/23 [00:00<00:00, 31.61it/s][A

 70%|██████▉   | 16/23 [00:00<00:00, 30.92it/s][A

 87%|████████▋ | 20/23 [00:00<00:00, 30.54it/s][A

                                               
[A
                                                 

100%|██████████| 23/23 [00:00<00:00, 30.54it/s][A
 43%|████▎     | 299/690 [02:53<02:08,  3.03it/s]

                                               [ACL loss: 0.813446044921875, CE loss: 0.08238327503204346, combined loss: 0.15548954904079437
CL loss: 1.193565011024475, CE loss: 0.12169339507818222, combined loss: 0.22888055443763733
CL loss: 1.3002862930297852, CE loss: 0.08504097908735275, combined loss: 0.2065655142068863
CL loss: 1.5186388492584229, CE loss: 0.10042481124401093, combined loss: 0.24224621057510376
CL loss: 0.9672901034355164, CE loss: 0.07951328158378601, combined loss: 0.16829097270965576
CL loss: 1.6576035022735596, CE loss: 0.10359261929988861, combined loss: 0.2589937150478363
CL loss: 1.3246487379074097, CE loss: 0.10463619232177734, combined loss: 0.22663743793964386
CL loss: 0.7654209733009338, CE loss: 0.06659150868654251, combined loss: 0.13647446036338806
CL loss: 0.928636908531189, CE loss: 0.08420602232217789, combined loss: 0.1686491072177887
CL loss: 0.5090412497520447, CE loss: 0.07149512320756912, combined loss: 0.11524973064661026
CL loss: 1.6577521562576294, CE loss: 0.10783796012401581, combined loss: 0.26282939314842224
CL loss: 1.3490784168243408, CE loss: 0.10250360518693924, combined loss: 0.22716107964515686
CL loss: 0.750650942325592, CE loss: 0.08981391042470932, combined loss: 0.1558976173400879
CL loss: 0.9271985292434692, CE loss: 0.07789929211139679, combined loss: 0.1628292202949524
CL loss: 1.025895595550537, CE loss: 0.08232937008142471, combined loss: 0.17668598890304565
CL loss: 0.4003457725048065, CE loss: 0.07922232151031494, combined loss: 0.1113346666097641
CL loss: 1.0327914953231812, CE loss: 0.08503612130880356, combined loss: 0.17981165647506714
CL loss: 1.5957106351852417, CE loss: 0.09639366716146469, combined loss: 0.24632537364959717
CL loss: 2.3739237785339355, CE loss: 0.09914349764585495, combined loss: 0.32662153244018555
CL loss: 1.0971390008926392, CE loss: 0.08823689073324203, combined loss: 0.1891271024942398
CL loss: 1.4281482696533203, CE loss: 0.07521126419305801, combined loss: 0.21050496399402618
CL loss: 2.0667293071746826, CE loss: 0.08375027030706406, combined loss: 0.28204816579818726
{'eval_loss': 0.19769859313964844, 'eval_top_1_macro_recall': 0.45694615530877697, 'eval_top_1_macro_precision': 0.47832185560998414, 'eval_top_1_macro_f1': 0.4581334030388404, 'eval_top_1_accuracy': 0.7207334273624824, 'eval_top_1_micro_recall': 0.6371571072319202, 'eval_top_1_micro_precision': 0.7207334273624824, 'eval_top_1_micro_f1': 0.6763732627399073, 'eval_top_2_macro_recall': 0.5786143081200463, 'eval_top_2_macro_precision': 0.38061736966871496, 'eval_top_2_macro_f1': 0.4424248009087147, 'eval_top_2_accuracy': 0.844851904090268, 'eval_top_2_micro_recall': 0.7930174563591023, 'eval_top_2_micro_precision': 0.44851904090267986, 'eval_top_2_micro_f1': 0.572972972972973, 'eval_top_3_macro_recall': 0.6615932255962128, 'eval_top_3_macro_precision': 0.3101943268275711, 'eval_top_3_macro_f1': 0.40333429487142247, 'eval_top_3_accuracy': 0.9040902679830748, 'eval_top_3_micro_recall': 0.8740648379052369, 'eval_top_3_micro_precision': 0.32957216737188527, 'eval_top_3_micro_f1': 0.4786616592693752, 'eval_runtime': 1.0909, 'eval_samples_per_second': 649.91, 'eval_steps_per_second': 21.083, 'epoch': 13.0}

 43%|████▎     | 300/690 [02:57<11:16,  1.73s/it]
 44%|████▎     | 301/690 [02:57<08:40,  1.34s/it]
 44%|████▍     | 302/690 [02:58<06:50,  1.06s/it]
 44%|████▍     | 303/690 [02:58<05:34,  1.16it/s]
 44%|████▍     | 304/690 [02:58<04:41,  1.37it/s]
 44%|████▍     | 305/690 [02:59<04:03,  1.58it/s]
 44%|████▍     | 306/690 [02:59<03:37,  1.76it/s]
 44%|████▍     | 307/690 [03:00<03:19,  1.92it/s]
 45%|████▍     | 308/690 [03:00<03:06,  2.05it/s]
 45%|████▍     | 309/690 [03:00<02:57,  2.15it/s]
 45%|████▍     | 310/690 [03:01<02:50,  2.23it/s]
 45%|████▌     | 311/690 [03:01<02:45,  2.29it/s]
 45%|████▌     | 312/690 [03:02<02:42,  2.33it/s]
 45%|████▌     | 313/690 [03:02<02:39,  2.36it/s]
 46%|████▌     | 314/690 [03:02<02:38,  2.38it/s]
 46%|████▌     | 315/690 [03:03<02:36,  2.39it/s]
 46%|████▌     | 316/690 [03:03<02:35,  2.41it/s]
 46%|████▌     | 317/690 [03:04<02:34,  2.41it/s]
 46%|████▌     | 318/690 [03:04<02:33,  2.42it/s]
 46%|████▌     | 319/690 [03:05<02:32,  2.43it/s]
 46%|████▋     | 320/690 [03:05<02:32,  2.42it/s]
 47%|████▋     | 321/690 [03:05<02:32,  2.43it/s]
 47%|████▋     | 322/690 [03:05<02:01,  3.02it/s]
                                                 

 47%|████▋     | 322/690 [03:06<02:01,  3.02it/s]CL loss: 0.7333803176879883, CE loss: 0.08730998635292053, combined loss: 0.1519170105457306
CL loss: 0.7696228623390198, CE loss: 0.09869538992643356, combined loss: 0.16578814387321472
CL loss: 0.8453903794288635, CE loss: 0.08921266347169876, combined loss: 0.16483044624328613
CL loss: 0.7285553812980652, CE loss: 0.09286662191152573, combined loss: 0.15643548965454102
CL loss: 0.6421347856521606, CE loss: 0.09219850599765778, combined loss: 0.147192120552063
CL loss: 0.7454356551170349, CE loss: 0.09112653136253357, combined loss: 0.15655744075775146
CL loss: 0.6740410327911377, CE loss: 0.09289375692605972, combined loss: 0.1510084867477417
CL loss: 0.8791916370391846, CE loss: 0.1016579121351242, combined loss: 0.17941129207611084
CL loss: 0.47848746180534363, CE loss: 0.08207345008850098, combined loss: 0.12171485275030136
CL loss: 0.8547080755233765, CE loss: 0.0989190936088562, combined loss: 0.17449799180030823
CL loss: 0.5709654688835144, CE loss: 0.08331499248743057, combined loss: 0.1320800483226776
CL loss: 0.6675158143043518, CE loss: 0.0866703987121582, combined loss: 0.14475494623184204
CL loss: 0.5900713205337524, CE loss: 0.08795709162950516, combined loss: 0.13816851377487183
CL loss: 0.8179140090942383, CE loss: 0.09584542363882065, combined loss: 0.1680522859096527
CL loss: 0.7310666441917419, CE loss: 0.08404618501663208, combined loss: 0.1487482339143753
CL loss: 0.7042960524559021, CE loss: 0.08170134574174881, combined loss: 0.14396081864833832
CL loss: 0.5502057671546936, CE loss: 0.08037086576223373, combined loss: 0.12735435366630554
CL loss: 0.7852789759635925, CE loss: 0.08799287676811218, combined loss: 0.15772148966789246
CL loss: 0.8439843058586121, CE loss: 0.09278837591409683, combined loss: 0.1679079681634903
CL loss: 0.6516357064247131, CE loss: 0.08942480385303497, combined loss: 0.1456458866596222
CL loss: 0.7287967205047607, CE loss: 0.08552489429712296, combined loss: 0.14985206723213196
CL loss: 0.7028113007545471, CE loss: 0.08784181624650955, combined loss: 0.1493387669324875
CL loss: 0.633215606212616, CE loss: 0.06544388085603714, combined loss: 0.12222105264663696
{'loss': 0.1507, 'grad_norm': 1.7058546543121338, 'learning_rate': 2.6666666666666667e-05, 'epoch': 14.0}
CL loss: 1.1376219987869263, CE loss: 0.09377703815698624, combined loss: 0.1981615424156189


  0%|          | 0/23 [00:00<?, ?it/s][A

 17%|█▋        | 4/23 [00:00<00:00, 39.47it/s][A

 35%|███▍      | 8/23 [00:00<00:00, 33.07it/s][A

 52%|█████▏    | 12/23 [00:00<00:00, 31.58it/s][A

 70%|██████▉   | 16/23 [00:00<00:00, 30.88it/s][A

 87%|████████▋ | 20/23 [00:00<00:00, 30.51it/s][A

                                               
[A
                                                 

100%|██████████| 23/23 [00:00<00:00, 30.51it/s][A
 47%|████▋     | 322/690 [03:07<02:01,  3.02it/s]

                                               [ACL loss: 0.8676254153251648, CE loss: 0.09096505492925644, combined loss: 0.16863107681274414
CL loss: 1.2078410387039185, CE loss: 0.11488717794418335, combined loss: 0.22418256103992462
CL loss: 1.4236003160476685, CE loss: 0.08766577392816544, combined loss: 0.2212592363357544
CL loss: 1.6291803121566772, CE loss: 0.09863385558128357, combined loss: 0.25168848037719727
CL loss: 0.9718760251998901, CE loss: 0.07380688190460205, combined loss: 0.16361379623413086
CL loss: 1.5634649991989136, CE loss: 0.10071028769016266, combined loss: 0.2469857633113861
CL loss: 1.215861201286316, CE loss: 0.09956815093755722, combined loss: 0.21119746565818787
CL loss: 0.7853050827980042, CE loss: 0.07083999365568161, combined loss: 0.1422865092754364
CL loss: 0.6400102376937866, CE loss: 0.08222543448209763, combined loss: 0.13800391554832458
CL loss: 0.3540775179862976, CE loss: 0.06680332869291306, combined loss: 0.09553074836730957
CL loss: 1.6445735692977905, CE loss: 0.10733434557914734, combined loss: 0.2610582709312439
CL loss: 1.3986642360687256, CE loss: 0.10004011541604996, combined loss: 0.22990253567695618
CL loss: 0.802868664264679, CE loss: 0.08903702348470688, combined loss: 0.16042017936706543
CL loss: 0.747955858707428, CE loss: 0.07224766910076141, combined loss: 0.1398184895515442
CL loss: 1.045192003250122, CE loss: 0.07912874966859818, combined loss: 0.17573508620262146
CL loss: 0.41011902689933777, CE loss: 0.07488419860601425, combined loss: 0.10840767621994019
CL loss: 1.4085205793380737, CE loss: 0.08885986357927322, combined loss: 0.2208259403705597
CL loss: 1.3838112354278564, CE loss: 0.09136710315942764, combined loss: 0.22061151266098022
CL loss: 2.121044158935547, CE loss: 0.09656459838151932, combined loss: 0.29901257157325745
CL loss: 0.9922254085540771, CE loss: 0.08172868937253952, combined loss: 0.17277836799621582
CL loss: 1.1958976984024048, CE loss: 0.0771557167172432, combined loss: 0.18902990221977234
CL loss: 1.1124709844589233, CE loss: 0.07010446488857269, combined loss: 0.1743411123752594
{'eval_loss': 0.1925588846206665, 'eval_top_1_macro_recall': 0.46504886024349096, 'eval_top_1_macro_precision': 0.4782750937970549, 'eval_top_1_macro_f1': 0.467558864905136, 'eval_top_1_accuracy': 0.7334273624823695, 'eval_top_1_micro_recall': 0.6483790523690773, 'eval_top_1_micro_precision': 0.7334273624823695, 'eval_top_1_micro_f1': 0.6882859033752482, 'eval_top_2_macro_recall': 0.5659348292518267, 'eval_top_2_macro_precision': 0.38149488219247785, 'eval_top_2_macro_f1': 0.4393410946103893, 'eval_top_2_accuracy': 0.8194640338504936, 'eval_top_2_micro_recall': 0.7718204488778054, 'eval_top_2_micro_precision': 0.43653032440056416, 'eval_top_2_micro_f1': 0.5576576576576576, 'eval_top_3_macro_recall': 0.6640554377383939, 'eval_top_3_macro_precision': 0.3363657785776835, 'eval_top_3_macro_f1': 0.42105695025203377, 'eval_top_3_accuracy': 0.9139633286318759, 'eval_top_3_micro_recall': 0.8840399002493765, 'eval_top_3_micro_precision': 0.3333333333333333, 'eval_top_3_micro_f1': 0.4841242744964151, 'eval_runtime': 1.0656, 'eval_samples_per_second': 665.373, 'eval_steps_per_second': 21.585, 'epoch': 14.0}

 47%|████▋     | 323/690 [03:10<10:11,  1.67s/it]
 47%|████▋     | 324/690 [03:11<07:51,  1.29s/it]
 47%|████▋     | 325/690 [03:11<06:14,  1.03s/it]
 47%|████▋     | 326/690 [03:11<05:06,  1.19it/s]
 47%|████▋     | 327/690 [03:12<04:18,  1.40it/s]
 48%|████▊     | 328/690 [03:12<03:44,  1.61it/s]
 48%|████▊     | 329/690 [03:13<03:21,  1.79it/s]
 48%|████▊     | 330/690 [03:13<03:05,  1.94it/s]
 48%|████▊     | 331/690 [03:14<02:53,  2.07it/s]
 48%|████▊     | 332/690 [03:14<02:44,  2.17it/s]
 48%|████▊     | 333/690 [03:14<02:39,  2.24it/s]
 48%|████▊     | 334/690 [03:15<02:34,  2.30it/s]
 49%|████▊     | 335/690 [03:15<02:31,  2.34it/s]
 49%|████▊     | 336/690 [03:16<02:29,  2.36it/s]
 49%|████▉     | 337/690 [03:16<02:28,  2.38it/s]
 49%|████▉     | 338/690 [03:16<02:26,  2.40it/s]
 49%|████▉     | 339/690 [03:17<02:25,  2.41it/s]
 49%|████▉     | 340/690 [03:17<02:24,  2.41it/s]
 49%|████▉     | 341/690 [03:18<02:23,  2.43it/s]
 50%|████▉     | 342/690 [03:18<02:23,  2.42it/s]
 50%|████▉     | 343/690 [03:18<02:23,  2.43it/s]
 50%|████▉     | 344/690 [03:19<02:22,  2.43it/s]
 50%|█████     | 345/690 [03:19<01:53,  3.04it/s]
                                                 

 50%|█████     | 345/690 [03:19<01:53,  3.04it/s]CL loss: 0.6192524433135986, CE loss: 0.0853819027543068, combined loss: 0.13876895606517792
CL loss: 0.5659341216087341, CE loss: 0.07977087050676346, combined loss: 0.1283871978521347
CL loss: 0.6578330993652344, CE loss: 0.08323140442371368, combined loss: 0.1406915783882141
CL loss: 0.6608315706253052, CE loss: 0.08422805368900299, combined loss: 0.14188840985298157
CL loss: 0.676093578338623, CE loss: 0.08436089754104614, combined loss: 0.14353416860103607
CL loss: 0.6331853866577148, CE loss: 0.08464173972606659, combined loss: 0.1394961178302765
CL loss: 0.6553247570991516, CE loss: 0.09092282503843307, combined loss: 0.14736300706863403
CL loss: 0.7176234722137451, CE loss: 0.089658722281456, combined loss: 0.1524551957845688
CL loss: 0.7379895448684692, CE loss: 0.08632320910692215, combined loss: 0.15148983895778656
CL loss: 0.6969326734542847, CE loss: 0.08494000136852264, combined loss: 0.1461392641067505
CL loss: 0.7268033623695374, CE loss: 0.09807383269071579, combined loss: 0.160946786403656
CL loss: 0.6642252206802368, CE loss: 0.08281626552343369, combined loss: 0.14095716178417206
CL loss: 0.7092434167861938, CE loss: 0.07565545290708542, combined loss: 0.13901424407958984
CL loss: 0.6511484980583191, CE loss: 0.08561740070581436, combined loss: 0.1421705037355423
CL loss: 0.7582148909568787, CE loss: 0.08715038001537323, combined loss: 0.15425682067871094
CL loss: 0.6455806493759155, CE loss: 0.0810016617178917, combined loss: 0.13745956122875214
CL loss: 0.6120730638504028, CE loss: 0.0855756402015686, combined loss: 0.13822537660598755
CL loss: 0.5883583426475525, CE loss: 0.07722140848636627, combined loss: 0.128335103392601
CL loss: 0.598659336566925, CE loss: 0.08090817928314209, combined loss: 0.13268329203128815
CL loss: 0.5808621048927307, CE loss: 0.07833404839038849, combined loss: 0.12858685851097107
CL loss: 0.8608077764511108, CE loss: 0.09353800863027573, combined loss: 0.17026498913764954
CL loss: 0.556433379650116, CE loss: 0.08138948678970337, combined loss: 0.1288938820362091
CL loss: 1.5814409255981445, CE loss: 0.106350377202034, combined loss: 0.25385943055152893
{'loss': 0.1472, 'grad_norm': 2.6123206615448, 'learning_rate': 2.5e-05, 'epoch': 15.0}
CL loss: 1.1120541095733643, CE loss: 0.0845377966761589, combined loss: 0.18728943169116974


  0%|          | 0/23 [00:00<?, ?it/s][A

 22%|██▏       | 5/23 [00:00<00:00, 37.38it/s][A

 39%|███▉      | 9/23 [00:00<00:00, 33.01it/s][A

 57%|█████▋    | 13/23 [00:00<00:00, 31.58it/s][A

 74%|███████▍  | 17/23 [00:00<00:00, 30.89it/s][A

 91%|█████████▏| 21/23 [00:00<00:00, 30.47it/s][A

                                               
[A
                                                 

100%|██████████| 23/23 [00:00<00:00, 30.47it/s][A
 50%|█████     | 345/690 [03:20<01:53,  3.04it/s]

                                               [ACL loss: 0.7880271673202515, CE loss: 0.08445505052804947, combined loss: 0.1548122614622116
CL loss: 1.2675901651382446, CE loss: 0.11577510833740234, combined loss: 0.23095661401748657
CL loss: 1.6143180131912231, CE loss: 0.08499512821435928, combined loss: 0.2379274070262909
CL loss: 1.417236089706421, CE loss: 0.09483020007610321, combined loss: 0.22707079350948334
CL loss: 0.9841451644897461, CE loss: 0.06982998549938202, combined loss: 0.16126149892807007
CL loss: 1.547084927558899, CE loss: 0.09505929052829742, combined loss: 0.24026185274124146
CL loss: 1.4948463439941406, CE loss: 0.10010680556297302, combined loss: 0.23958075046539307
CL loss: 1.0204346179962158, CE loss: 0.06460294872522354, combined loss: 0.16018611192703247
CL loss: 0.7471175193786621, CE loss: 0.08050811290740967, combined loss: 0.1471690535545349
CL loss: 0.6276114583015442, CE loss: 0.06350840628147125, combined loss: 0.11991871893405914
CL loss: 1.851898193359375, CE loss: 0.10417511314153671, combined loss: 0.2789474129676819
CL loss: 1.4605848789215088, CE loss: 0.10147116333246231, combined loss: 0.23738253116607666
CL loss: 0.7388330101966858, CE loss: 0.08197840303182602, combined loss: 0.14766386151313782
CL loss: 0.7893216609954834, CE loss: 0.06900827586650848, combined loss: 0.14103960990905762
CL loss: 1.0358999967575073, CE loss: 0.07749751955270767, combined loss: 0.17333777248859406
CL loss: 0.4059083163738251, CE loss: 0.06792069971561432, combined loss: 0.1017194613814354
CL loss: 1.1851222515106201, CE loss: 0.07667545229196548, combined loss: 0.1875201314687729
CL loss: 2.2076852321624756, CE loss: 0.09558949619531631, combined loss: 0.306799054145813
CL loss: 2.331851005554199, CE loss: 0.0935574546456337, combined loss: 0.31738680601119995
CL loss: 1.2047923803329468, CE loss: 0.08029288053512573, combined loss: 0.19274282455444336
CL loss: 1.1931740045547485, CE loss: 0.06948361545801163, combined loss: 0.18185265362262726
CL loss: 0.2578877806663513, CE loss: 0.07314693927764893, combined loss: 0.0916210189461708
{'eval_loss': 0.19800923764705658, 'eval_top_1_macro_recall': 0.46600279098899455, 'eval_top_1_macro_precision': 0.4820028673733779, 'eval_top_1_macro_f1': 0.4685041270850574, 'eval_top_1_accuracy': 0.7447108603667136, 'eval_top_1_micro_recall': 0.6583541147132169, 'eval_top_1_micro_precision': 0.7447108603667136, 'eval_top_1_micro_f1': 0.6988749172733288, 'eval_top_2_macro_recall': 0.5716613958850684, 'eval_top_2_macro_precision': 0.3767210490365373, 'eval_top_2_macro_f1': 0.44097817718942045, 'eval_top_2_accuracy': 0.8166431593794076, 'eval_top_2_micro_recall': 0.7805486284289277, 'eval_top_2_micro_precision': 0.4414668547249647, 'eval_top_2_micro_f1': 0.563963963963964, 'eval_top_3_macro_recall': 0.6577724196746754, 'eval_top_3_macro_precision': 0.31865620826129204, 'eval_top_3_macro_f1': 0.4093446814025734, 'eval_top_3_accuracy': 0.8956276445698167, 'eval_top_3_micro_recall': 0.8678304239401496, 'eval_top_3_micro_precision': 0.32722143864598024, 'eval_top_3_micro_f1': 0.4752475247524752, 'eval_runtime': 1.0582, 'eval_samples_per_second': 670.021, 'eval_steps_per_second': 21.736, 'epoch': 15.0}

 50%|█████     | 346/690 [03:24<09:17,  1.62s/it]
 50%|█████     | 347/690 [03:24<07:11,  1.26s/it]
 50%|█████     | 348/690 [03:24<05:43,  1.00s/it]
 51%|█████     | 349/690 [03:25<04:41,  1.21it/s]
 51%|█████     | 350/690 [03:25<03:58,  1.42it/s]
 51%|█████     | 351/690 [03:26<03:28,  1.63it/s]
 51%|█████     | 352/690 [03:26<03:07,  1.81it/s]
 51%|█████     | 353/690 [03:27<02:52,  1.95it/s]
 51%|█████▏    | 354/690 [03:27<02:41,  2.08it/s]
 51%|█████▏    | 355/690 [03:27<02:33,  2.18it/s]
 52%|█████▏    | 356/690 [03:28<02:28,  2.24it/s]
 52%|█████▏    | 357/690 [03:28<02:24,  2.30it/s]
 52%|█████▏    | 358/690 [03:29<02:21,  2.34it/s]
 52%|█████▏    | 359/690 [03:29<02:20,  2.36it/s]
 52%|█████▏    | 360/690 [03:29<02:18,  2.38it/s]
 52%|█████▏    | 361/690 [03:30<02:16,  2.40it/s]
 52%|█████▏    | 362/690 [03:30<02:16,  2.41it/s]
 53%|█████▎    | 363/690 [03:31<02:15,  2.42it/s]
 53%|█████▎    | 364/690 [03:31<02:14,  2.42it/s]
 53%|█████▎    | 365/690 [03:31<02:14,  2.42it/s]
 53%|█████▎    | 366/690 [03:32<02:13,  2.43it/s]
 53%|█████▎    | 367/690 [03:32<02:12,  2.43it/s]
 53%|█████▎    | 368/690 [03:32<01:46,  3.03it/s]
                                                 

 53%|█████▎    | 368/690 [03:32<01:46,  3.03it/s]CL loss: 0.5685519576072693, CE loss: 0.07674707472324371, combined loss: 0.12592756748199463
CL loss: 0.7459691166877747, CE loss: 0.08245730400085449, combined loss: 0.14880847930908203
CL loss: 0.5831893682479858, CE loss: 0.07211615890264511, combined loss: 0.12322348356246948
CL loss: 0.6244927644729614, CE loss: 0.06903614848852158, combined loss: 0.12458181381225586
CL loss: 0.685477077960968, CE loss: 0.08671736717224121, combined loss: 0.14659333229064941
CL loss: 0.621894121170044, CE loss: 0.08204762637615204, combined loss: 0.13603226840496063
CL loss: 0.6864897608757019, CE loss: 0.0826542004942894, combined loss: 0.14303776621818542
CL loss: 0.663240373134613, CE loss: 0.07505528628826141, combined loss: 0.13387379050254822
CL loss: 0.7623434066772461, CE loss: 0.0849023312330246, combined loss: 0.15264643728733063
CL loss: 0.7205927968025208, CE loss: 0.08653225749731064, combined loss: 0.14993831515312195
CL loss: 0.7327675819396973, CE loss: 0.08857854455709457, combined loss: 0.1529974490404129
CL loss: 0.7064492702484131, CE loss: 0.08758211880922318, combined loss: 0.14946883916854858
CL loss: 0.6520350575447083, CE loss: 0.08052605390548706, combined loss: 0.13767695426940918
CL loss: 0.6462451219558716, CE loss: 0.08208959549665451, combined loss: 0.13850514590740204
CL loss: 0.7040566205978394, CE loss: 0.0832916870713234, combined loss: 0.14536818861961365
CL loss: 0.6930518746376038, CE loss: 0.09062665700912476, combined loss: 0.15086917579174042
CL loss: 0.6642305850982666, CE loss: 0.08122865855693817, combined loss: 0.13952884078025818
CL loss: 0.7772603034973145, CE loss: 0.08837036043405533, combined loss: 0.15725934505462646
CL loss: 0.6025312542915344, CE loss: 0.08619827032089233, combined loss: 0.13783156871795654
CL loss: 0.6858882904052734, CE loss: 0.08724594861268997, combined loss: 0.14711017906665802
CL loss: 0.6053164601325989, CE loss: 0.08354354649782181, combined loss: 0.13572083413600922
CL loss: 0.5930183529853821, CE loss: 0.07914553582668304, combined loss: 0.13053281605243683
CL loss: 0.9855896234512329, CE loss: 0.08818703144788742, combined loss: 0.17792728543281555
{'loss': 0.1428, 'grad_norm': 2.63698148727417, 'learning_rate': 2.3333333333333336e-05, 'epoch': 16.0}
CL loss: 1.0721426010131836, CE loss: 0.0820595920085907, combined loss: 0.18106789886951447


  0%|          | 0/23 [00:00<?, ?it/s][A

 22%|██▏       | 5/23 [00:00<00:00, 37.51it/s][A

 39%|███▉      | 9/23 [00:00<00:00, 32.93it/s][A

 57%|█████▋    | 13/23 [00:00<00:00, 31.61it/s][A

 74%|███████▍  | 17/23 [00:00<00:00, 30.94it/s][A

 91%|█████████▏| 21/23 [00:00<00:00, 30.54it/s][A

                                               
[A
                                                 

100%|██████████| 23/23 [00:01<00:00, 30.54it/s][A
 53%|█████▎    | 368/690 [03:34<01:46,  3.03it/s]

                                               [ACL loss: 0.8056513071060181, CE loss: 0.08259881287813187, combined loss: 0.1549040675163269
CL loss: 1.421175479888916, CE loss: 0.1063796654343605, combined loss: 0.23785924911499023
CL loss: 1.5076220035552979, CE loss: 0.07971733808517456, combined loss: 0.2225078046321869
CL loss: 1.8378857374191284, CE loss: 0.0909402146935463, combined loss: 0.26563477516174316
CL loss: 1.0889874696731567, CE loss: 0.07237811386585236, combined loss: 0.1740390509366989
CL loss: 1.3506771326065063, CE loss: 0.09507887065410614, combined loss: 0.2206386923789978
CL loss: 1.3699809312820435, CE loss: 0.0948529914021492, combined loss: 0.22236579656600952
CL loss: 1.0251275300979614, CE loss: 0.05935697257518768, combined loss: 0.15593403577804565
CL loss: 0.7589036226272583, CE loss: 0.07668662071228027, combined loss: 0.14490830898284912
CL loss: 0.3411838114261627, CE loss: 0.05869215354323387, combined loss: 0.08694131672382355
CL loss: 1.5876909494400024, CE loss: 0.0960632935166359, combined loss: 0.24522605538368225
CL loss: 1.0615829229354858, CE loss: 0.08944781124591827, combined loss: 0.18666133284568787
CL loss: 0.6711150407791138, CE loss: 0.08266386389732361, combined loss: 0.14150898158550262
CL loss: 0.7582153081893921, CE loss: 0.06869019567966461, combined loss: 0.13764271140098572
CL loss: 1.0628902912139893, CE loss: 0.0748809278011322, combined loss: 0.1736818552017212
CL loss: 0.43448421359062195, CE loss: 0.06999987363815308, combined loss: 0.10644830763339996
CL loss: 1.0125261545181274, CE loss: 0.07236190140247345, combined loss: 0.16637831926345825
CL loss: 1.616965413093567, CE loss: 0.0891864001750946, combined loss: 0.24196429550647736
CL loss: 1.9580433368682861, CE loss: 0.08952116966247559, combined loss: 0.27637338638305664
CL loss: 1.1467036008834839, CE loss: 0.07932430505752563, combined loss: 0.18606223165988922
CL loss: 1.035973072052002, CE loss: 0.06494135409593582, combined loss: 0.16204452514648438
CL loss: 0.1978328973054886, CE loss: 0.05468493327498436, combined loss: 0.06899973005056381
{'eval_loss': 0.18512044847011566, 'eval_top_1_macro_recall': 0.47296923788444745, 'eval_top_1_macro_precision': 0.4865346261419985, 'eval_top_1_macro_f1': 0.4767434541901547, 'eval_top_1_accuracy': 0.7574047954866009, 'eval_top_1_micro_recall': 0.669576059850374, 'eval_top_1_micro_precision': 0.7574047954866009, 'eval_top_1_micro_f1': 0.7107875579086698, 'eval_top_2_macro_recall': 0.5898730677381909, 'eval_top_2_macro_precision': 0.39618866450948514, 'eval_top_2_macro_f1': 0.46089934176505204, 'eval_top_2_accuracy': 0.8547249647390691, 'eval_top_2_micro_recall': 0.8117206982543641, 'eval_top_2_micro_precision': 0.4590973201692525, 'eval_top_2_micro_f1': 0.5864864864864865, 'eval_top_3_macro_recall': 0.7084153438748277, 'eval_top_3_macro_precision': 0.38645782336448514, 'eval_top_3_macro_f1': 0.44155500579753204, 'eval_top_3_accuracy': 0.921015514809591, 'eval_top_3_micro_recall': 0.8952618453865336, 'eval_top_3_micro_precision': 0.33756464503996236, 'eval_top_3_micro_f1': 0.490269716626835, 'eval_runtime': 1.0753, 'eval_samples_per_second': 659.371, 'eval_steps_per_second': 21.39, 'epoch': 16.0}

 53%|█████▎    | 369/690 [03:37<08:45,  1.64s/it]
 54%|█████▎    | 370/690 [03:38<06:45,  1.27s/it]
 54%|█████▍    | 371/690 [03:38<05:22,  1.01s/it]
 54%|█████▍    | 372/690 [03:38<04:24,  1.20it/s]
 54%|█████▍    | 373/690 [03:39<03:43,  1.42it/s]
 54%|█████▍    | 374/690 [03:39<03:14,  1.62it/s]
 54%|█████▍    | 375/690 [03:40<02:54,  1.80it/s]
 54%|█████▍    | 376/690 [03:40<02:40,  1.96it/s]
 55%|█████▍    | 377/690 [03:40<02:30,  2.08it/s]
 55%|█████▍    | 378/690 [03:41<02:23,  2.17it/s]
 55%|█████▍    | 379/690 [03:41<02:18,  2.25it/s]
 55%|█████▌    | 380/690 [03:42<02:14,  2.30it/s]
 55%|█████▌    | 381/690 [03:42<02:12,  2.33it/s]
 55%|█████▌    | 382/690 [03:42<02:10,  2.37it/s]
 56%|█████▌    | 383/690 [03:43<02:08,  2.38it/s]
 56%|█████▌    | 384/690 [03:43<02:07,  2.40it/s]
 56%|█████▌    | 385/690 [03:44<02:06,  2.41it/s]
 56%|█████▌    | 386/690 [03:44<02:05,  2.41it/s]
 56%|█████▌    | 387/690 [03:45<02:05,  2.42it/s]
 56%|█████▌    | 388/690 [03:45<02:04,  2.43it/s]
 56%|█████▋    | 389/690 [03:45<02:04,  2.42it/s]
 57%|█████▋    | 390/690 [03:46<02:03,  2.43it/s]
 57%|█████▋    | 391/690 [03:46<01:39,  3.01it/s]
                                                 

 57%|█████▋    | 391/690 [03:46<01:39,  3.01it/s]CL loss: 0.46360594034194946, CE loss: 0.077273890376091, combined loss: 0.11590708792209625
CL loss: 0.7953349351882935, CE loss: 0.0826469138264656, combined loss: 0.15391571819782257
CL loss: 0.6409317255020142, CE loss: 0.07883021980524063, combined loss: 0.13504037261009216
CL loss: 0.7717545628547668, CE loss: 0.08372746407985687, combined loss: 0.15253017842769623
CL loss: 0.8070535063743591, CE loss: 0.08234816789627075, combined loss: 0.15481869876384735
CL loss: 0.4770509600639343, CE loss: 0.07371171563863754, combined loss: 0.1140456348657608
CL loss: 0.6574915051460266, CE loss: 0.08014220744371414, combined loss: 0.13787713646888733
CL loss: 0.7449443340301514, CE loss: 0.0848744660615921, combined loss: 0.15088145434856415
CL loss: 0.8156521320343018, CE loss: 0.08524834364652634, combined loss: 0.15828871726989746
CL loss: 0.5366511344909668, CE loss: 0.07823304086923599, combined loss: 0.12407484650611877
CL loss: 0.7014703750610352, CE loss: 0.08286413550376892, combined loss: 0.1447247564792633
CL loss: 0.5834694504737854, CE loss: 0.07467082887887955, combined loss: 0.12555068731307983
CL loss: 0.664033055305481, CE loss: 0.08050483465194702, combined loss: 0.1388576626777649
CL loss: 0.7162493467330933, CE loss: 0.08514360338449478, combined loss: 0.1482541859149933
CL loss: 0.5494217872619629, CE loss: 0.0770251676440239, combined loss: 0.12426482141017914
CL loss: 0.5056511759757996, CE loss: 0.06999010592699051, combined loss: 0.11355620622634888
CL loss: 0.4878350496292114, CE loss: 0.07275278121232986, combined loss: 0.11426100134849548
CL loss: 0.6609633564949036, CE loss: 0.08386675268411636, combined loss: 0.14157640933990479
CL loss: 0.6679141521453857, CE loss: 0.0775018036365509, combined loss: 0.13654303550720215
CL loss: 0.5315197110176086, CE loss: 0.07362550497055054, combined loss: 0.11941492557525635
CL loss: 0.6559740304946899, CE loss: 0.07654867321252823, combined loss: 0.1344912052154541
CL loss: 0.6250596046447754, CE loss: 0.07968294620513916, combined loss: 0.13422060012817383
CL loss: 0.961113691329956, CE loss: 0.08671606332063675, combined loss: 0.1741558313369751
{'loss': 0.1368, 'grad_norm': 3.0658414363861084, 'learning_rate': 2.1666666666666667e-05, 'epoch': 17.0}
CL loss: 1.022459864616394, CE loss: 0.08041588962078094, combined loss: 0.17462028563022614


  0%|          | 0/23 [00:00<?, ?it/s][A

 22%|██▏       | 5/23 [00:00<00:00, 37.67it/s][A

 39%|███▉      | 9/23 [00:00<00:00, 33.07it/s][A

 57%|█████▋    | 13/23 [00:00<00:00, 31.57it/s][A

 74%|███████▍  | 17/23 [00:00<00:00, 30.95it/s][A

 91%|█████████▏| 21/23 [00:00<00:00, 30.49it/s][A

                                               
[A
                                                 

100%|██████████| 23/23 [00:01<00:00, 30.49it/s][A
 57%|█████▋    | 391/690 [03:47<01:39,  3.01it/s]

                                               [ACL loss: 0.8203616738319397, CE loss: 0.08125212043523788, combined loss: 0.15516307950019836
CL loss: 1.0597623586654663, CE loss: 0.10132784396409988, combined loss: 0.19717130064964294
CL loss: 1.1066941022872925, CE loss: 0.07562391459941864, combined loss: 0.17873093485832214
CL loss: 2.0451831817626953, CE loss: 0.09483341127634048, combined loss: 0.28986838459968567
CL loss: 0.9815224409103394, CE loss: 0.06963289529085159, combined loss: 0.1608218550682068
CL loss: 1.3111109733581543, CE loss: 0.09373047202825546, combined loss: 0.21546852588653564
CL loss: 1.2732734680175781, CE loss: 0.09672486782073975, combined loss: 0.21437972784042358
CL loss: 0.878828763961792, CE loss: 0.055309128016233444, combined loss: 0.13766109943389893
CL loss: 0.7899029850959778, CE loss: 0.07809974253177643, combined loss: 0.14928007125854492
CL loss: 0.36792200803756714, CE loss: 0.05914076045155525, combined loss: 0.09001888334751129
CL loss: 1.619051218032837, CE loss: 0.09477895498275757, combined loss: 0.2472061812877655
CL loss: 0.9411410093307495, CE loss: 0.08315472304821014, combined loss: 0.16895335912704468
CL loss: 0.6183531284332275, CE loss: 0.07888098061084747, combined loss: 0.13282819092273712
CL loss: 0.8028461933135986, CE loss: 0.06698925793170929, combined loss: 0.14057494699954987
CL loss: 1.077171802520752, CE loss: 0.07254298031330109, combined loss: 0.1730058491230011
CL loss: 0.514799952507019, CE loss: 0.06821341812610626, combined loss: 0.11287207156419754
CL loss: 1.1295826435089111, CE loss: 0.07525158673524857, combined loss: 0.18068468570709229
CL loss: 1.5424717664718628, CE loss: 0.0867546796798706, combined loss: 0.23232638835906982
CL loss: 1.8980873823165894, CE loss: 0.08872313052415848, combined loss: 0.26965954899787903
CL loss: 0.9413192272186279, CE loss: 0.07997667789459229, combined loss: 0.16611093282699585
CL loss: 1.0148745775222778, CE loss: 0.06411067396402359, combined loss: 0.15918706357479095
CL loss: 0.2843879759311676, CE loss: 0.04932320863008499, combined loss: 0.07282968610525131
{'eval_loss': 0.17863914370536804, 'eval_top_1_macro_recall': 0.47107428805807655, 'eval_top_1_macro_precision': 0.4807152022635982, 'eval_top_1_macro_f1': 0.4734589623129917, 'eval_top_1_accuracy': 0.7503526093088858, 'eval_top_1_micro_recall': 0.6633416458852868, 'eval_top_1_micro_precision': 0.7503526093088858, 'eval_top_1_micro_f1': 0.7041694242223693, 'eval_top_2_macro_recall': 0.6028056425766549, 'eval_top_2_macro_precision': 0.43070051590910013, 'eval_top_2_macro_f1': 0.4792902372606344, 'eval_top_2_accuracy': 0.844851904090268, 'eval_top_2_micro_recall': 0.8117206982543641, 'eval_top_2_micro_precision': 0.4590973201692525, 'eval_top_2_micro_f1': 0.5864864864864865, 'eval_top_3_macro_recall': 0.6784946706782926, 'eval_top_3_macro_precision': 0.3401548607459206, 'eval_top_3_macro_f1': 0.42956982655595916, 'eval_top_3_accuracy': 0.9153737658674189, 'eval_top_3_micro_recall': 0.8877805486284289, 'eval_top_3_micro_precision': 0.33474377056887633, 'eval_top_3_micro_f1': 0.4861727552065551, 'eval_runtime': 1.0876, 'eval_samples_per_second': 651.919, 'eval_steps_per_second': 21.148, 'epoch': 17.0}

 57%|█████▋    | 392/690 [03:51<08:17,  1.67s/it]
 57%|█████▋    | 393/690 [03:51<06:23,  1.29s/it]
 57%|█████▋    | 394/690 [03:52<05:04,  1.03s/it]
 57%|█████▋    | 395/690 [03:52<04:08,  1.19it/s]
 57%|█████▋    | 396/690 [03:52<03:29,  1.40it/s]
 58%|█████▊    | 397/690 [03:53<03:02,  1.61it/s]
 58%|█████▊    | 398/690 [03:53<02:43,  1.79it/s]
 58%|█████▊    | 399/690 [03:54<02:29,  1.95it/s]
 58%|█████▊    | 400/690 [03:54<02:20,  2.07it/s]
 58%|█████▊    | 401/690 [03:54<02:13,  2.17it/s]
 58%|█████▊    | 402/690 [03:55<02:08,  2.24it/s]
 58%|█████▊    | 403/690 [03:55<02:05,  2.30it/s]
 59%|█████▊    | 404/690 [03:56<02:02,  2.33it/s]
 59%|█████▊    | 405/690 [03:56<02:00,  2.36it/s]
 59%|█████▉    | 406/690 [03:56<01:59,  2.39it/s]
 59%|█████▉    | 407/690 [03:57<01:58,  2.40it/s]
 59%|█████▉    | 408/690 [03:57<01:56,  2.41it/s]
 59%|█████▉    | 409/690 [03:58<01:56,  2.42it/s]
 59%|█████▉    | 410/690 [03:58<01:55,  2.42it/s]
 60%|█████▉    | 411/690 [03:58<01:54,  2.43it/s]
 60%|█████▉    | 412/690 [03:59<01:54,  2.43it/s]
 60%|█████▉    | 413/690 [03:59<01:54,  2.43it/s]
 60%|██████    | 414/690 [03:59<01:29,  3.07it/s]
                                                 

 60%|██████    | 414/690 [03:59<01:29,  3.07it/s]CL loss: 0.6652253866195679, CE loss: 0.0851549357175827, combined loss: 0.14316198229789734
CL loss: 0.5521482229232788, CE loss: 0.07386774569749832, combined loss: 0.12169579416513443
CL loss: 0.6156387329101562, CE loss: 0.07304820418357849, combined loss: 0.1273072510957718
CL loss: 0.6217007040977478, CE loss: 0.07398585230112076, combined loss: 0.1287573277950287
CL loss: 0.6377939581871033, CE loss: 0.07973731309175491, combined loss: 0.13554298877716064
CL loss: 0.5714905261993408, CE loss: 0.07893887907266617, combined loss: 0.12819403409957886
CL loss: 0.7107439637184143, CE loss: 0.08279971778392792, combined loss: 0.14559414982795715
CL loss: 0.6625853180885315, CE loss: 0.07899698615074158, combined loss: 0.13735581934452057
CL loss: 0.585681140422821, CE loss: 0.06926742196083069, combined loss: 0.12090879678726196
CL loss: 0.6974822282791138, CE loss: 0.08003877848386765, combined loss: 0.14178311824798584
CL loss: 0.6912044286727905, CE loss: 0.0785779356956482, combined loss: 0.13984058797359467
CL loss: 0.6846653819084167, CE loss: 0.07908184081315994, combined loss: 0.1396401822566986
CL loss: 0.5477573871612549, CE loss: 0.07232765108346939, combined loss: 0.1198706179857254
CL loss: 0.6060304641723633, CE loss: 0.07827839255332947, combined loss: 0.1310535967350006
CL loss: 0.6739785671234131, CE loss: 0.0774979442358017, combined loss: 0.13714599609375
CL loss: 0.6272876262664795, CE loss: 0.07469990104436874, combined loss: 0.12995867431163788
CL loss: 0.5791168808937073, CE loss: 0.07770423591136932, combined loss: 0.12784549593925476
CL loss: 0.5843331813812256, CE loss: 0.06857237964868546, combined loss: 0.12014846503734589
CL loss: 0.6255059242248535, CE loss: 0.07460714876651764, combined loss: 0.1296970248222351
CL loss: 0.747172474861145, CE loss: 0.08142024278640747, combined loss: 0.1479954719543457
CL loss: 0.6702430248260498, CE loss: 0.08114677667617798, combined loss: 0.14005640149116516
CL loss: 0.7366335391998291, CE loss: 0.0791005790233612, combined loss: 0.144853875041008
CL loss: 2.5225014686584473, CE loss: 0.08010532706975937, combined loss: 0.3243449628353119
{'loss': 0.1419, 'grad_norm': 3.5880348682403564, 'learning_rate': 2e-05, 'epoch': 18.0}
CL loss: 1.046151041984558, CE loss: 0.07807247340679169, combined loss: 0.17488032579421997


  0%|          | 0/23 [00:00<?, ?it/s][A

 22%|██▏       | 5/23 [00:00<00:00, 37.40it/s][A

 39%|███▉      | 9/23 [00:00<00:00, 32.92it/s][A

 57%|█████▋    | 13/23 [00:00<00:00, 31.47it/s][A

 74%|███████▍  | 17/23 [00:00<00:00, 30.87it/s][A

 91%|█████████▏| 21/23 [00:00<00:00, 30.46it/s][A

                                               
[A
                                                 

100%|██████████| 23/23 [00:01<00:00, 30.46it/s][A
 60%|██████    | 414/690 [04:01<01:29,  3.07it/s]

                                               [ACL loss: 0.8451376557350159, CE loss: 0.07549326121807098, combined loss: 0.15245769917964935
CL loss: 1.4254868030548096, CE loss: 0.10555080324411392, combined loss: 0.23754440248012543
CL loss: 1.346037745475769, CE loss: 0.07746485620737076, combined loss: 0.20432215929031372
CL loss: 1.5379219055175781, CE loss: 0.08660130202770233, combined loss: 0.23173335194587708
CL loss: 1.036812663078308, CE loss: 0.06785286217927933, combined loss: 0.16474884748458862
CL loss: 1.1330254077911377, CE loss: 0.09247300773859024, combined loss: 0.19652825593948364
CL loss: 1.2612402439117432, CE loss: 0.09132331609725952, combined loss: 0.20831501483917236
CL loss: 0.6277951598167419, CE loss: 0.049700554460287094, combined loss: 0.10751001536846161
CL loss: 0.7588379383087158, CE loss: 0.07328006625175476, combined loss: 0.14183585345745087
CL loss: 0.32529565691947937, CE loss: 0.05291430279612541, combined loss: 0.08015243709087372
CL loss: 1.4915692806243896, CE loss: 0.09757260978221893, combined loss: 0.23697227239608765
CL loss: 1.2396044731140137, CE loss: 0.093548484146595, combined loss: 0.2081540822982788
CL loss: 0.555915355682373, CE loss: 0.0811336562037468, combined loss: 0.12861181795597076
CL loss: 0.8243812322616577, CE loss: 0.06597912311553955, combined loss: 0.1418193280696869
CL loss: 1.0151907205581665, CE loss: 0.06759709864854813, combined loss: 0.16235646605491638
CL loss: 0.5042283535003662, CE loss: 0.06862444430589676, combined loss: 0.11218483746051788
CL loss: 1.1377028226852417, CE loss: 0.07324615865945816, combined loss: 0.17969182133674622
CL loss: 1.7059617042541504, CE loss: 0.08837474137544632, combined loss: 0.2501334249973297
CL loss: 2.06523060798645, CE loss: 0.08713860809803009, combined loss: 0.28494781255722046
CL loss: 1.1080479621887207, CE loss: 0.074192114174366, combined loss: 0.17757770419120789
CL loss: 1.1024055480957031, CE loss: 0.06346609443426132, combined loss: 0.16736003756523132
CL loss: 0.2578836977481842, CE loss: 0.04898911342024803, combined loss: 0.06987857073545456
{'eval_loss': 0.17876474559307098, 'eval_top_1_macro_recall': 0.46910443357425946, 'eval_top_1_macro_precision': 0.480221904412049, 'eval_top_1_macro_f1': 0.4707733900002543, 'eval_top_1_accuracy': 0.7475317348377997, 'eval_top_1_micro_recall': 0.6608478802992519, 'eval_top_1_micro_precision': 0.7475317348377997, 'eval_top_1_micro_f1': 0.7015221707478491, 'eval_top_2_macro_recall': 0.6249647231453334, 'eval_top_2_macro_precision': 0.44164791960724303, 'eval_top_2_macro_f1': 0.49857394303882496, 'eval_top_2_accuracy': 0.8363892806770099, 'eval_top_2_micro_recall': 0.8017456359102244, 'eval_top_2_micro_precision': 0.4534555712270804, 'eval_top_2_micro_f1': 0.5792792792792792, 'eval_top_3_macro_recall': 0.7358420569163173, 'eval_top_3_macro_precision': 0.36421700805043195, 'eval_top_3_macro_f1': 0.4521458983667561, 'eval_top_3_accuracy': 0.9097320169252469, 'eval_top_3_micro_recall': 0.8902743142144638, 'eval_top_3_micro_precision': 0.33568406205923834, 'eval_top_3_micro_f1': 0.48753840901331513, 'eval_runtime': 1.0897, 'eval_samples_per_second': 650.666, 'eval_steps_per_second': 21.108, 'epoch': 18.0}

 60%|██████    | 415/690 [04:04<07:23,  1.61s/it]
 60%|██████    | 416/690 [04:04<05:43,  1.25s/it]
 60%|██████    | 417/690 [04:05<04:33,  1.00s/it]
 61%|██████    | 418/690 [04:05<03:45,  1.21it/s]
 61%|██████    | 419/690 [04:06<03:10,  1.42it/s]
 61%|██████    | 420/690 [04:06<02:46,  1.62it/s]
 61%|██████    | 421/690 [04:07<02:29,  1.80it/s]
 61%|██████    | 422/690 [04:07<02:16,  1.96it/s]
 61%|██████▏   | 423/690 [04:07<02:08,  2.08it/s]
 61%|██████▏   | 424/690 [04:08<02:02,  2.17it/s]
 62%|██████▏   | 425/690 [04:08<01:58,  2.24it/s]
 62%|██████▏   | 426/690 [04:09<01:55,  2.29it/s]
 62%|██████▏   | 427/690 [04:09<01:52,  2.34it/s]
 62%|██████▏   | 428/690 [04:09<01:50,  2.36it/s]
 62%|██████▏   | 429/690 [04:10<01:49,  2.38it/s]
 62%|██████▏   | 430/690 [04:10<01:48,  2.39it/s]
 62%|██████▏   | 431/690 [04:11<01:47,  2.40it/s]
 63%|██████▎   | 432/690 [04:11<01:46,  2.42it/s]
 63%|██████▎   | 433/690 [04:11<01:46,  2.42it/s]
 63%|██████▎   | 434/690 [04:12<01:45,  2.42it/s]
 63%|██████▎   | 435/690 [04:12<01:45,  2.43it/s]
 63%|██████▎   | 436/690 [04:13<01:44,  2.42it/s]
 63%|██████▎   | 437/690 [04:13<01:24,  3.00it/s]
                                                 

 63%|██████▎   | 437/690 [04:13<01:24,  3.00it/s]CL loss: 0.7851879596710205, CE loss: 0.0729168951511383, combined loss: 0.1441439986228943
CL loss: 0.4584296643733978, CE loss: 0.07253403961658478, combined loss: 0.11112359911203384
CL loss: 0.6125999093055725, CE loss: 0.07730456441640854, combined loss: 0.13083410263061523
CL loss: 0.5849575400352478, CE loss: 0.07397818565368652, combined loss: 0.12507611513137817
CL loss: 0.8231537938117981, CE loss: 0.07724174857139587, combined loss: 0.1518329530954361
CL loss: 0.6485433578491211, CE loss: 0.07560080289840698, combined loss: 0.13289505243301392
CL loss: 0.7027482390403748, CE loss: 0.09094018489122391, combined loss: 0.15212097764015198
CL loss: 0.6427260637283325, CE loss: 0.07865307480096817, combined loss: 0.1350603699684143
CL loss: 0.5822609663009644, CE loss: 0.07212330400943756, combined loss: 0.12313707172870636
CL loss: 0.5480266213417053, CE loss: 0.07419823855161667, combined loss: 0.1215810775756836
CL loss: 0.7095224857330322, CE loss: 0.07929163426160812, combined loss: 0.14231471717357635
CL loss: 0.6901781558990479, CE loss: 0.07830246537923813, combined loss: 0.1394900381565094
CL loss: 0.6643967032432556, CE loss: 0.0781303197145462, combined loss: 0.13675695657730103
CL loss: 0.4670851528644562, CE loss: 0.06119662523269653, combined loss: 0.10178548097610474
CL loss: 0.5372931957244873, CE loss: 0.06775621324777603, combined loss: 0.11470991373062134
CL loss: 0.48054009675979614, CE loss: 0.06519190222024918, combined loss: 0.10672672092914581
CL loss: 0.44109639525413513, CE loss: 0.0632876381278038, combined loss: 0.10106851160526276
CL loss: 0.6016331315040588, CE loss: 0.07110469043254852, combined loss: 0.12415753304958344
CL loss: 0.7949398159980774, CE loss: 0.08472413569688797, combined loss: 0.1557457149028778
CL loss: 0.5543240904808044, CE loss: 0.07405437529087067, combined loss: 0.12208134680986404
CL loss: 0.6663485765457153, CE loss: 0.08543974161148071, combined loss: 0.14353062212467194
CL loss: 0.5814031958580017, CE loss: 0.07132341712713242, combined loss: 0.1223313957452774
CL loss: 1.1555964946746826, CE loss: 0.06504002958536148, combined loss: 0.17409567534923553
{'loss': 0.131, 'grad_norm': 4.316949844360352, 'learning_rate': 1.8333333333333333e-05, 'epoch': 19.0}
CL loss: 1.1575474739074707, CE loss: 0.07349872589111328, combined loss: 0.18190360069274902


  0%|          | 0/23 [00:00<?, ?it/s][A

 17%|█▋        | 4/23 [00:00<00:00, 39.40it/s][A

 35%|███▍      | 8/23 [00:00<00:00, 33.17it/s][A

 52%|█████▏    | 12/23 [00:00<00:00, 31.58it/s][A

 70%|██████▉   | 16/23 [00:00<00:00, 30.91it/s][A

 87%|████████▋ | 20/23 [00:00<00:00, 30.53it/s][A

                                               
[A
                                                 

100%|██████████| 23/23 [00:01<00:00, 30.53it/s][A
 63%|██████▎   | 437/690 [04:14<01:24,  3.00it/s]

                                               [ACL loss: 0.7551403641700745, CE loss: 0.07685990631580353, combined loss: 0.1446879506111145
CL loss: 1.4257419109344482, CE loss: 0.10355767607688904, combined loss: 0.23577609658241272
CL loss: 1.0857057571411133, CE loss: 0.0706142857670784, combined loss: 0.17212343215942383
CL loss: 2.0177161693573, CE loss: 0.09477521479129791, combined loss: 0.28706932067871094
CL loss: 1.0740350484848022, CE loss: 0.07030125707387924, combined loss: 0.1706746369600296
CL loss: 1.1587762832641602, CE loss: 0.08575525134801865, combined loss: 0.1930573582649231
CL loss: 1.4070175886154175, CE loss: 0.09975771605968475, combined loss: 0.23048369586467743
CL loss: 0.7417353987693787, CE loss: 0.05524072051048279, combined loss: 0.12389019131660461
CL loss: 0.6509993076324463, CE loss: 0.06940944492816925, combined loss: 0.12756842374801636
CL loss: 0.5013494491577148, CE loss: 0.054666586220264435, combined loss: 0.09933487325906754
CL loss: 1.5025484561920166, CE loss: 0.0928962230682373, combined loss: 0.23386144638061523
CL loss: 0.9999659061431885, CE loss: 0.08206750452518463, combined loss: 0.17385733127593994
CL loss: 0.5340375304222107, CE loss: 0.07300110906362534, combined loss: 0.11910474300384521
CL loss: 0.8571549654006958, CE loss: 0.06686533987522125, combined loss: 0.14589430391788483
CL loss: 1.01671302318573, CE loss: 0.06896724551916122, combined loss: 0.1637418270111084
CL loss: 0.5095888376235962, CE loss: 0.06265797466039658, combined loss: 0.10735105723142624
CL loss: 0.9327284693717957, CE loss: 0.0697796568274498, combined loss: 0.15607453882694244
CL loss: 1.6600126028060913, CE loss: 0.0889296904206276, combined loss: 0.24603798985481262
CL loss: 2.0417051315307617, CE loss: 0.08886611461639404, combined loss: 0.28415000438690186
CL loss: 1.1263718605041504, CE loss: 0.07099288702011108, combined loss: 0.17653077840805054
CL loss: 1.0558148622512817, CE loss: 0.06413793563842773, combined loss: 0.1633056253194809
CL loss: 0.1612667292356491, CE loss: 0.0556655079126358, combined loss: 0.06622563302516937
{'eval_loss': 0.17813603579998016, 'eval_top_1_macro_recall': 0.4692553006159821, 'eval_top_1_macro_precision': 0.4825286137882348, 'eval_top_1_macro_f1': 0.4735609613448912, 'eval_top_1_accuracy': 0.7531734837799718, 'eval_top_1_micro_recall': 0.6658354114713217, 'eval_top_1_micro_precision': 0.7531734837799718, 'eval_top_1_micro_f1': 0.7068166776968895, 'eval_top_2_macro_recall': 0.647989818944317, 'eval_top_2_macro_precision': 0.4045350643181159, 'eval_top_2_macro_f1': 0.47262803284163774, 'eval_top_2_accuracy': 0.843441466854725, 'eval_top_2_micro_recall': 0.8129675810473815, 'eval_top_2_micro_precision': 0.459802538787024, 'eval_top_2_micro_f1': 0.5873873873873874, 'eval_top_3_macro_recall': 0.7406254778465808, 'eval_top_3_macro_precision': 0.3423391288341389, 'eval_top_3_macro_f1': 0.43601449268881926, 'eval_top_3_accuracy': 0.9153737658674189, 'eval_top_3_micro_recall': 0.8977556109725686, 'eval_top_3_micro_precision': 0.3385049365303244, 'eval_top_3_micro_f1': 0.49163537043359506, 'eval_runtime': 1.097, 'eval_samples_per_second': 646.325, 'eval_steps_per_second': 20.967, 'epoch': 19.0}

 63%|██████▎   | 438/690 [04:18<07:01,  1.67s/it]
 64%|██████▎   | 439/690 [04:18<05:25,  1.30s/it]
 64%|██████▍   | 440/690 [04:18<04:17,  1.03s/it]
 64%|██████▍   | 441/690 [04:19<03:30,  1.18it/s]
 64%|██████▍   | 442/690 [04:19<02:57,  1.40it/s]
 64%|██████▍   | 443/690 [04:20<02:33,  1.60it/s]
 64%|██████▍   | 444/690 [04:20<02:17,  1.79it/s]
 64%|██████▍   | 445/690 [04:21<02:06,  1.94it/s]
 65%|██████▍   | 446/690 [04:21<01:57,  2.07it/s]
 65%|██████▍   | 447/690 [04:21<01:52,  2.16it/s]
 65%|██████▍   | 448/690 [04:22<01:48,  2.23it/s]
 65%|██████▌   | 449/690 [04:22<01:45,  2.29it/s]
 65%|██████▌   | 450/690 [04:23<01:43,  2.33it/s]
 65%|██████▌   | 451/690 [04:23<01:41,  2.36it/s]
 66%|██████▌   | 452/690 [04:23<01:40,  2.38it/s]
 66%|██████▌   | 453/690 [04:24<01:38,  2.40it/s]
 66%|██████▌   | 454/690 [04:24<01:38,  2.40it/s]
 66%|██████▌   | 455/690 [04:25<01:37,  2.41it/s]
 66%|██████▌   | 456/690 [04:25<01:36,  2.42it/s]
 66%|██████▌   | 457/690 [04:25<01:36,  2.42it/s]
 66%|██████▋   | 458/690 [04:26<01:35,  2.42it/s]
 67%|██████▋   | 459/690 [04:26<01:35,  2.43it/s]
 67%|██████▋   | 460/690 [04:26<01:15,  3.05it/s]
                                                 

 67%|██████▋   | 460/690 [04:26<01:15,  3.05it/s]CL loss: 0.5626711249351501, CE loss: 0.06616763025522232, combined loss: 0.11581797897815704
CL loss: 0.5574014186859131, CE loss: 0.06331411749124527, combined loss: 0.11272284388542175
CL loss: 0.6349124908447266, CE loss: 0.073001928627491, combined loss: 0.12919297814369202
CL loss: 0.5742408633232117, CE loss: 0.07275879383087158, combined loss: 0.12290699779987335
CL loss: 0.7218016386032104, CE loss: 0.07824359834194183, combined loss: 0.14259940385818481
CL loss: 0.638671875, CE loss: 0.0684332400560379, combined loss: 0.12545710802078247
CL loss: 0.656880795955658, CE loss: 0.07070541381835938, combined loss: 0.12932294607162476
CL loss: 0.7049765586853027, CE loss: 0.08357628434896469, combined loss: 0.14571630954742432
CL loss: 0.7007750868797302, CE loss: 0.08228015899658203, combined loss: 0.1441296488046646
CL loss: 0.5448951125144958, CE loss: 0.0710994154214859, combined loss: 0.11847898364067078
CL loss: 0.5078785419464111, CE loss: 0.0699007660150528, combined loss: 0.11369854211807251
CL loss: 0.5823483467102051, CE loss: 0.07313783466815948, combined loss: 0.12405888736248016
CL loss: 0.7019941806793213, CE loss: 0.08283263444900513, combined loss: 0.14474879205226898
CL loss: 0.41790300607681274, CE loss: 0.06859296560287476, combined loss: 0.10352396965026855
CL loss: 0.6999804377555847, CE loss: 0.07715372741222382, combined loss: 0.13943639397621155
CL loss: 0.6427955627441406, CE loss: 0.07441210001707077, combined loss: 0.13125044107437134
CL loss: 0.6118649840354919, CE loss: 0.07372154295444489, combined loss: 0.127535879611969
CL loss: 0.6073833703994751, CE loss: 0.06798867136240005, combined loss: 0.1219281405210495
CL loss: 0.5135146379470825, CE loss: 0.0630994662642479, combined loss: 0.1081409826874733
CL loss: 0.6126613020896912, CE loss: 0.07033266127109528, combined loss: 0.12456552684307098
CL loss: 0.6310708522796631, CE loss: 0.07632305473089218, combined loss: 0.13179783523082733
CL loss: 0.5911994576454163, CE loss: 0.06992405652999878, combined loss: 0.12205159664154053
CL loss: 1.312002182006836, CE loss: 0.08437787741422653, combined loss: 0.20714031159877777
{'loss': 0.1298, 'grad_norm': 2.264876365661621, 'learning_rate': 1.6666666666666667e-05, 'epoch': 20.0}
CL loss: 0.9596449136734009, CE loss: 0.07053989171981812, combined loss: 0.15945038199424744


  0%|          | 0/23 [00:00<?, ?it/s][A

 17%|█▋        | 4/23 [00:00<00:00, 39.32it/s][A

 35%|███▍      | 8/23 [00:00<00:00, 32.93it/s][A

 52%|█████▏    | 12/23 [00:00<00:00, 31.44it/s][A

 70%|██████▉   | 16/23 [00:00<00:00, 30.76it/s][A

 87%|████████▋ | 20/23 [00:00<00:00, 30.38it/s][A

                                               
[A
                                                 

100%|██████████| 23/23 [00:01<00:00, 30.38it/s][A
 67%|██████▋   | 460/690 [04:28<01:15,  3.05it/s]

                                               [ACL loss: 0.9207121729850769, CE loss: 0.07248003780841827, combined loss: 0.15730324387550354
CL loss: 1.2297495603561401, CE loss: 0.09569956362247467, combined loss: 0.20910456776618958
CL loss: 1.2284139394760132, CE loss: 0.07232910394668579, combined loss: 0.18793758749961853
CL loss: 1.7804358005523682, CE loss: 0.08699151128530502, combined loss: 0.25633594393730164
CL loss: 1.097670078277588, CE loss: 0.06519056856632233, combined loss: 0.16843852400779724
CL loss: 1.1005330085754395, CE loss: 0.08639200031757355, combined loss: 0.18780609965324402
CL loss: 1.2065590620040894, CE loss: 0.09095057845115662, combined loss: 0.20251142978668213
CL loss: 0.8238618969917297, CE loss: 0.04789753630757332, combined loss: 0.12549397349357605
CL loss: 0.7593631744384766, CE loss: 0.07163426280021667, combined loss: 0.14040714502334595
CL loss: 0.2906731069087982, CE loss: 0.05155963450670242, combined loss: 0.07547098398208618
CL loss: 1.5488742589950562, CE loss: 0.08959051221609116, combined loss: 0.23551887273788452
CL loss: 1.1619796752929688, CE loss: 0.08387110382318497, combined loss: 0.19168195128440857
CL loss: 0.6293845772743225, CE loss: 0.0808621197938919, combined loss: 0.1357143670320511
CL loss: 0.6885761618614197, CE loss: 0.06373496353626251, combined loss: 0.12621907889842987
CL loss: 1.0060570240020752, CE loss: 0.0651240348815918, combined loss: 0.15921732783317566
CL loss: 0.5226914882659912, CE loss: 0.06409060955047607, combined loss: 0.10995069146156311
CL loss: 1.2358570098876953, CE loss: 0.07129275053739548, combined loss: 0.18774917721748352
CL loss: 1.7215439081192017, CE loss: 0.08860626816749573, combined loss: 0.2519000470638275
CL loss: 2.034952402114868, CE loss: 0.08641304820775986, combined loss: 0.281266987323761
CL loss: 0.9828363656997681, CE loss: 0.0706637054681778, combined loss: 0.1618809700012207
CL loss: 1.1533490419387817, CE loss: 0.06307990849018097, combined loss: 0.1721068173646927
CL loss: 0.09135211259126663, CE loss: 0.04328648000955582, combined loss: 0.0480930432677269
{'eval_loss': 0.17561548948287964, 'eval_top_1_macro_recall': 0.47440163763858684, 'eval_top_1_macro_precision': 0.4824152281369996, 'eval_top_1_macro_f1': 0.4756243462658258, 'eval_top_1_accuracy': 0.7574047954866009, 'eval_top_1_micro_recall': 0.669576059850374, 'eval_top_1_micro_precision': 0.7574047954866009, 'eval_top_1_micro_f1': 0.7107875579086698, 'eval_top_2_macro_recall': 0.6524728270690263, 'eval_top_2_macro_precision': 0.4136508155907508, 'eval_top_2_macro_f1': 0.48047803104884823, 'eval_top_2_accuracy': 0.846262341325811, 'eval_top_2_micro_recall': 0.816708229426434, 'eval_top_2_micro_precision': 0.4619181946403385, 'eval_top_2_micro_f1': 0.5900900900900901, 'eval_top_3_macro_recall': 0.7481640250758214, 'eval_top_3_macro_precision': 0.3456792949031515, 'eval_top_3_macro_f1': 0.4402239343652791, 'eval_top_3_accuracy': 0.9125528913963329, 'eval_top_3_micro_recall': 0.9014962593516209, 'eval_top_3_micro_precision': 0.33991537376586745, 'eval_top_3_micro_f1': 0.49368385114373503, 'eval_runtime': 1.0882, 'eval_samples_per_second': 651.555, 'eval_steps_per_second': 21.136, 'epoch': 20.0}

 67%|██████▋   | 461/690 [04:31<06:22,  1.67s/it]
 67%|██████▋   | 462/690 [04:32<04:54,  1.29s/it]
 67%|██████▋   | 463/690 [04:32<03:53,  1.03s/it]
 67%|██████▋   | 464/690 [04:32<03:10,  1.19it/s]
 67%|██████▋   | 465/690 [04:33<02:40,  1.40it/s]
 68%|██████▊   | 466/690 [04:33<02:19,  1.61it/s]
 68%|██████▊   | 467/690 [04:34<02:04,  1.79it/s]
 68%|██████▊   | 468/690 [04:34<01:53,  1.95it/s]
 68%|██████▊   | 469/690 [04:35<01:46,  2.07it/s]
 68%|██████▊   | 470/690 [04:35<01:41,  2.17it/s]
 68%|██████▊   | 471/690 [04:35<01:37,  2.24it/s]
 68%|██████▊   | 472/690 [04:36<01:34,  2.30it/s]
 69%|██████▊   | 473/690 [04:36<01:32,  2.33it/s]
 69%|██████▊   | 474/690 [04:37<01:31,  2.37it/s]
 69%|██████▉   | 475/690 [04:37<01:30,  2.39it/s]
 69%|██████▉   | 476/690 [04:37<01:29,  2.40it/s]
 69%|██████▉   | 477/690 [04:38<01:28,  2.41it/s]
 69%|██████▉   | 478/690 [04:38<01:27,  2.42it/s]
 69%|██████▉   | 479/690 [04:39<01:27,  2.42it/s]
 70%|██████▉   | 480/690 [04:39<01:26,  2.43it/s]
 70%|██████▉   | 481/690 [04:39<01:26,  2.43it/s]
 70%|██████▉   | 482/690 [04:40<01:25,  2.42it/s]
 70%|███████   | 483/690 [04:40<01:08,  3.02it/s]
                                                 

 70%|███████   | 483/690 [04:40<01:08,  3.02it/s]CL loss: 0.6603577733039856, CE loss: 0.0721554234623909, combined loss: 0.1309756636619568
CL loss: 0.6682702898979187, CE loss: 0.07428117096424103, combined loss: 0.1336800754070282
CL loss: 0.5690537691116333, CE loss: 0.0716729387640953, combined loss: 0.1214110255241394
CL loss: 0.5900418758392334, CE loss: 0.06720241904258728, combined loss: 0.11948636174201965
CL loss: 0.5627647042274475, CE loss: 0.07224813848733902, combined loss: 0.12129979580640793
CL loss: 0.5972960591316223, CE loss: 0.06776869297027588, combined loss: 0.12072142958641052
CL loss: 0.5554808974266052, CE loss: 0.06843434274196625, combined loss: 0.11713899672031403
CL loss: 0.605791449546814, CE loss: 0.0753851905465126, combined loss: 0.12842582166194916
CL loss: 0.5162011981010437, CE loss: 0.06921297311782837, combined loss: 0.11391179263591766
CL loss: 0.5795600414276123, CE loss: 0.074190653860569, combined loss: 0.12472759187221527
CL loss: 0.5672203302383423, CE loss: 0.07423663884401321, combined loss: 0.12353500723838806
CL loss: 0.5774824619293213, CE loss: 0.06947135925292969, combined loss: 0.12027247250080109
CL loss: 0.6610891222953796, CE loss: 0.07522815465927124, combined loss: 0.1338142454624176
CL loss: 0.44985318183898926, CE loss: 0.06595966964960098, combined loss: 0.10434901714324951
CL loss: 0.5527573823928833, CE loss: 0.07187025249004364, combined loss: 0.11995896697044373
CL loss: 0.6898888945579529, CE loss: 0.07430927455425262, combined loss: 0.13586723804473877
CL loss: 0.4728613793849945, CE loss: 0.06714208424091339, combined loss: 0.10771401226520538
CL loss: 0.6022942066192627, CE loss: 0.07301361858844757, combined loss: 0.1259416788816452
CL loss: 0.6025781035423279, CE loss: 0.07019875198602676, combined loss: 0.12343668937683105
CL loss: 0.6073489189147949, CE loss: 0.07203694432973862, combined loss: 0.12556813657283783
CL loss: 0.6602920889854431, CE loss: 0.06839883327484131, combined loss: 0.127588152885437
CL loss: 0.5289635062217712, CE loss: 0.06666261702775955, combined loss: 0.11289270222187042
CL loss: 0.6528292894363403, CE loss: 0.07338614016771317, combined loss: 0.1313304603099823
{'loss': 0.1228, 'grad_norm': 2.15641713142395, 'learning_rate': 1.5e-05, 'epoch': 21.0}
CL loss: 1.0658804178237915, CE loss: 0.07414891570806503, combined loss: 0.17332206666469574


  0%|          | 0/23 [00:00<?, ?it/s][A

 22%|██▏       | 5/23 [00:00<00:00, 37.45it/s][A

 39%|███▉      | 9/23 [00:00<00:00, 33.00it/s][A

 57%|█████▋    | 13/23 [00:00<00:00, 31.56it/s][A

 74%|███████▍  | 17/23 [00:00<00:00, 30.83it/s][A

 91%|█████████▏| 21/23 [00:00<00:00, 30.43it/s][A

                                               
[A
                                                 

100%|██████████| 23/23 [00:01<00:00, 30.43it/s][A
 70%|███████   | 483/690 [04:41<01:08,  3.02it/s]

                                               [ACL loss: 0.8961713910102844, CE loss: 0.08238720893859863, combined loss: 0.16376562416553497
CL loss: 1.249048113822937, CE loss: 0.09682200103998184, combined loss: 0.2120446115732193
CL loss: 1.0813173055648804, CE loss: 0.06983355432748795, combined loss: 0.17098192870616913
CL loss: 1.7319163084030151, CE loss: 0.0860772356390953, combined loss: 0.25066113471984863
CL loss: 1.0747920274734497, CE loss: 0.06658384948968887, combined loss: 0.1674046665430069
CL loss: 1.0120573043823242, CE loss: 0.0895388200879097, combined loss: 0.18179066479206085
CL loss: 1.5219957828521729, CE loss: 0.09281406551599503, combined loss: 0.23573222756385803
CL loss: 0.942486047744751, CE loss: 0.052029069513082504, combined loss: 0.1410747766494751
CL loss: 0.7116057872772217, CE loss: 0.07575017213821411, combined loss: 0.1393357217311859
CL loss: 0.445584237575531, CE loss: 0.052556831389665604, combined loss: 0.09185957163572311
CL loss: 1.4564827680587769, CE loss: 0.09097043424844742, combined loss: 0.22752167284488678
CL loss: 0.9206564426422119, CE loss: 0.08593378216028214, combined loss: 0.16940605640411377
CL loss: 0.6615777015686035, CE loss: 0.08223960548639297, combined loss: 0.14017340540885925
CL loss: 0.7655705213546753, CE loss: 0.061001237481832504, combined loss: 0.13145816326141357
CL loss: 1.1948609352111816, CE loss: 0.0732269287109375, combined loss: 0.18539032340049744
CL loss: 0.6846643686294556, CE loss: 0.06347567588090897, combined loss: 0.12559454143047333
CL loss: 1.168161392211914, CE loss: 0.0690632089972496, combined loss: 0.1789730191230774
CL loss: 1.9328199625015259, CE loss: 0.0882003903388977, combined loss: 0.27266234159469604
CL loss: 2.301600694656372, CE loss: 0.0931386649608612, combined loss: 0.31398487091064453
CL loss: 1.1983628273010254, CE loss: 0.0750349909067154, combined loss: 0.1873677670955658
CL loss: 1.1953849792480469, CE loss: 0.061708759516477585, combined loss: 0.17507638037204742
CL loss: 0.10382552444934845, CE loss: 0.053942352533340454, combined loss: 0.058930668979883194
{'eval_loss': 0.18255750834941864, 'eval_top_1_macro_recall': 0.4692143549294587, 'eval_top_1_macro_precision': 0.47604439604671794, 'eval_top_1_macro_f1': 0.47119177850513266, 'eval_top_1_accuracy': 0.7447108603667136, 'eval_top_1_micro_recall': 0.6583541147132169, 'eval_top_1_micro_precision': 0.7447108603667136, 'eval_top_1_micro_f1': 0.6988749172733288, 'eval_top_2_macro_recall': 0.6558061193647872, 'eval_top_2_macro_precision': 0.41370394426848395, 'eval_top_2_macro_f1': 0.48083010327149256, 'eval_top_2_accuracy': 0.840620592383639, 'eval_top_2_micro_recall': 0.8117206982543641, 'eval_top_2_micro_precision': 0.4590973201692525, 'eval_top_2_micro_f1': 0.5864864864864865, 'eval_top_3_macro_recall': 0.7287567098002238, 'eval_top_3_macro_precision': 0.34326422340584456, 'eval_top_3_macro_f1': 0.43279788475740033, 'eval_top_3_accuracy': 0.9111424541607899, 'eval_top_3_micro_recall': 0.8915211970074813, 'eval_top_3_micro_precision': 0.33615420780441935, 'eval_top_3_micro_f1': 0.4882212359166951, 'eval_runtime': 1.0707, 'eval_samples_per_second': 662.159, 'eval_steps_per_second': 21.48, 'epoch': 21.0}

 70%|███████   | 484/690 [04:45<06:02,  1.76s/it]
 70%|███████   | 485/690 [04:46<04:37,  1.35s/it]
 70%|███████   | 486/690 [04:46<03:38,  1.07s/it]
 71%|███████   | 487/690 [04:46<02:57,  1.14it/s]
 71%|███████   | 488/690 [04:47<02:28,  1.36it/s]
 71%|███████   | 489/690 [04:47<02:08,  1.57it/s]
 71%|███████   | 490/690 [04:48<01:53,  1.76it/s]
 71%|███████   | 491/690 [04:48<01:43,  1.92it/s]
 71%|███████▏  | 492/690 [04:48<01:36,  2.04it/s]
 71%|███████▏  | 493/690 [04:49<01:31,  2.15it/s]
 72%|███████▏  | 494/690 [04:49<01:28,  2.23it/s]
 72%|███████▏  | 495/690 [04:50<01:25,  2.28it/s]
 72%|███████▏  | 496/690 [04:50<01:23,  2.33it/s]
 72%|███████▏  | 497/690 [04:50<01:21,  2.36it/s]
 72%|███████▏  | 498/690 [04:51<01:20,  2.38it/s]
 72%|███████▏  | 499/690 [04:51<01:19,  2.40it/s]
 72%|███████▏  | 500/690 [04:52<01:18,  2.41it/s]
 73%|███████▎  | 501/690 [04:52<01:18,  2.41it/s]
 73%|███████▎  | 502/690 [04:52<01:17,  2.42it/s]
 73%|███████▎  | 503/690 [04:53<01:17,  2.43it/s]
 73%|███████▎  | 504/690 [04:53<01:16,  2.42it/s]
 73%|███████▎  | 505/690 [04:54<01:16,  2.43it/s]
 73%|███████▎  | 506/690 [04:54<01:00,  3.06it/s]
                                                 

 73%|███████▎  | 506/690 [04:54<01:00,  3.06it/s]CL loss: 0.5656765699386597, CE loss: 0.0680796355009079, combined loss: 0.11783932894468307
CL loss: 0.7241588830947876, CE loss: 0.07860793173313141, combined loss: 0.1431630253791809
CL loss: 0.6018420457839966, CE loss: 0.06298447400331497, combined loss: 0.11687023192644119
CL loss: 0.608359694480896, CE loss: 0.069610595703125, combined loss: 0.1234855055809021
CL loss: 0.5698368549346924, CE loss: 0.06938562542200089, combined loss: 0.11943075060844421
CL loss: 0.5461022853851318, CE loss: 0.06654591858386993, combined loss: 0.11450155079364777
CL loss: 0.4337194859981537, CE loss: 0.06503810733556747, combined loss: 0.10190623998641968
CL loss: 0.5183017253875732, CE loss: 0.06284822523593903, combined loss: 0.10839357227087021
CL loss: 0.40974700450897217, CE loss: 0.05981173366308212, combined loss: 0.0948052629828453
CL loss: 0.6033773422241211, CE loss: 0.06985872983932495, combined loss: 0.1232105940580368
CL loss: 0.642146110534668, CE loss: 0.07394460588693619, combined loss: 0.13076475262641907
CL loss: 0.6431275606155396, CE loss: 0.07258879393339157, combined loss: 0.12964266538619995
CL loss: 0.49700477719306946, CE loss: 0.06660246104001999, combined loss: 0.10964269191026688
CL loss: 0.5624228715896606, CE loss: 0.061784133315086365, combined loss: 0.11184800416231155
CL loss: 0.635092556476593, CE loss: 0.07130318135023117, combined loss: 0.12768211960792542
CL loss: 0.5465549230575562, CE loss: 0.0664718747138977, combined loss: 0.11448018252849579
CL loss: 0.5792201161384583, CE loss: 0.07099032402038574, combined loss: 0.12181330472230911
CL loss: 0.635931134223938, CE loss: 0.07382003217935562, combined loss: 0.13003113865852356
CL loss: 0.4619114100933075, CE loss: 0.06536386162042618, combined loss: 0.10501861572265625
CL loss: 0.7079918384552002, CE loss: 0.07985899597406387, combined loss: 0.14267227053642273
CL loss: 0.6109459400177002, CE loss: 0.07351402193307877, combined loss: 0.12725721299648285
CL loss: 0.6312381625175476, CE loss: 0.07289005815982819, combined loss: 0.1287248730659485
CL loss: 0.8084466457366943, CE loss: 0.08386750519275665, combined loss: 0.15632541477680206
{'loss': 0.1217, 'grad_norm': 3.8968801498413086, 'learning_rate': 1.3333333333333333e-05, 'epoch': 22.0}
CL loss: 0.8774476647377014, CE loss: 0.06996409595012665, combined loss: 0.15071246027946472


  0%|          | 0/23 [00:00<?, ?it/s][A

 22%|██▏       | 5/23 [00:00<00:00, 37.53it/s][A

 39%|███▉      | 9/23 [00:00<00:00, 33.00it/s][A

 57%|█████▋    | 13/23 [00:00<00:00, 31.60it/s][A

 74%|███████▍  | 17/23 [00:00<00:00, 30.91it/s][A

 91%|█████████▏| 21/23 [00:00<00:00, 30.47it/s][A

                                               
[A
                                                 

100%|██████████| 23/23 [00:01<00:00, 30.47it/s][A
 73%|███████▎  | 506/690 [04:55<01:00,  3.06it/s]

                                               [ACL loss: 0.8393269181251526, CE loss: 0.07369665056467056, combined loss: 0.15025967359542847
CL loss: 1.2335435152053833, CE loss: 0.09667394310235977, combined loss: 0.21036089956760406
CL loss: 1.0614277124404907, CE loss: 0.06803496181964874, combined loss: 0.16737423837184906
CL loss: 1.8974756002426147, CE loss: 0.08841957896947861, combined loss: 0.2693251669406891
CL loss: 1.0388574600219727, CE loss: 0.0669272392988205, combined loss: 0.16412025690078735
CL loss: 0.8571532964706421, CE loss: 0.08377497643232346, combined loss: 0.16111281514167786
CL loss: 1.1591089963912964, CE loss: 0.08562597632408142, combined loss: 0.1929742693901062
CL loss: 0.6551602482795715, CE loss: 0.044642165303230286, combined loss: 0.10569397360086441
CL loss: 0.8387020826339722, CE loss: 0.0718117281794548, combined loss: 0.14850077033042908
CL loss: 0.3432541489601135, CE loss: 0.04894975200295448, combined loss: 0.07838019728660583
CL loss: 1.5242749452590942, CE loss: 0.08651667833328247, combined loss: 0.23029249906539917
CL loss: 1.0765118598937988, CE loss: 0.07956433296203613, combined loss: 0.17925909161567688
CL loss: 0.6636524796485901, CE loss: 0.0779511108994484, combined loss: 0.13652125000953674
CL loss: 0.7979041934013367, CE loss: 0.061728548258543015, combined loss: 0.13534611463546753
CL loss: 0.9243424534797668, CE loss: 0.0629582330584526, combined loss: 0.14909665286540985
CL loss: 0.6118941307067871, CE loss: 0.06156031787395477, combined loss: 0.11659369617700577
CL loss: 1.1090867519378662, CE loss: 0.06671410799026489, combined loss: 0.17095136642456055
CL loss: 1.5926566123962402, CE loss: 0.08394847065210342, combined loss: 0.23481929302215576
CL loss: 2.096639394760132, CE loss: 0.08627593517303467, combined loss: 0.28731226921081543
CL loss: 1.2140617370605469, CE loss: 0.07217475026845932, combined loss: 0.18636345863342285
CL loss: 1.2722514867782593, CE loss: 0.05985095351934433, combined loss: 0.18109101057052612
CL loss: 0.11617258191108704, CE loss: 0.04757113382220268, combined loss: 0.05443127825856209
{'eval_loss': 0.17218467593193054, 'eval_top_1_macro_recall': 0.47810616840194115, 'eval_top_1_macro_precision': 0.4868255156460323, 'eval_top_1_macro_f1': 0.48145313917511295, 'eval_top_1_accuracy': 0.764456981664316, 'eval_top_1_micro_recall': 0.6758104738154613, 'eval_top_1_micro_precision': 0.764456981664316, 'eval_top_1_micro_f1': 0.7174056915949701, 'eval_top_2_macro_recall': 0.6558636933968177, 'eval_top_2_macro_precision': 0.41270162209746936, 'eval_top_2_macro_f1': 0.4794818343686334, 'eval_top_2_accuracy': 0.844851904090268, 'eval_top_2_micro_recall': 0.8179551122194514, 'eval_top_2_micro_precision': 0.46262341325811, 'eval_top_2_micro_f1': 0.590990990990991, 'eval_top_3_macro_recall': 0.7417439245919869, 'eval_top_3_macro_precision': 0.343398950716862, 'eval_top_3_macro_f1': 0.4382573074636458, 'eval_top_3_accuracy': 0.918194640338505, 'eval_top_3_micro_recall': 0.9014962593516209, 'eval_top_3_micro_precision': 0.33991537376586745, 'eval_top_3_micro_f1': 0.49368385114373503, 'eval_runtime': 1.0861, 'eval_samples_per_second': 652.821, 'eval_steps_per_second': 21.178, 'epoch': 22.0}

 73%|███████▎  | 507/690 [04:59<04:57,  1.63s/it]
 74%|███████▎  | 508/690 [04:59<03:49,  1.26s/it]
 74%|███████▍  | 509/690 [04:59<03:02,  1.01s/it]
 74%|███████▍  | 510/690 [05:00<02:29,  1.21it/s]
 74%|███████▍  | 511/690 [05:00<02:06,  1.42it/s]
 74%|███████▍  | 512/690 [05:01<01:49,  1.62it/s]
 74%|███████▍  | 513/690 [05:01<01:38,  1.80it/s]
 74%|███████▍  | 514/690 [05:01<01:30,  1.95it/s]
 75%|███████▍  | 515/690 [05:02<01:24,  2.07it/s]
 75%|███████▍  | 516/690 [05:02<01:20,  2.17it/s]
 75%|███████▍  | 517/690 [05:03<01:17,  2.24it/s]
 75%|███████▌  | 518/690 [05:03<01:14,  2.30it/s]
 75%|███████▌  | 519/690 [05:03<01:13,  2.34it/s]
 75%|███████▌  | 520/690 [05:04<01:11,  2.36it/s]
 76%|███████▌  | 521/690 [05:04<01:10,  2.39it/s]
 76%|███████▌  | 522/690 [05:05<01:10,  2.40it/s]
 76%|███████▌  | 523/690 [05:05<01:09,  2.40it/s]
 76%|███████▌  | 524/690 [05:06<01:08,  2.42it/s]
 76%|███████▌  | 525/690 [05:06<01:08,  2.42it/s]
 76%|███████▌  | 526/690 [05:06<01:07,  2.42it/s]
 76%|███████▋  | 527/690 [05:07<01:07,  2.43it/s]
 77%|███████▋  | 528/690 [05:07<01:06,  2.42it/s]
 77%|███████▋  | 529/690 [05:07<00:53,  3.04it/s]
                                                 

 77%|███████▋  | 529/690 [05:07<00:53,  3.04it/s]CL loss: 0.3978601098060608, CE loss: 0.061050206422805786, combined loss: 0.09473119676113129
CL loss: 0.6437309384346008, CE loss: 0.0698937177658081, combined loss: 0.1272774338722229
CL loss: 0.5438973307609558, CE loss: 0.06852930784225464, combined loss: 0.116066113114357
CL loss: 0.6326506733894348, CE loss: 0.0729803591966629, combined loss: 0.1289473921060562
CL loss: 0.5981262922286987, CE loss: 0.0709567666053772, combined loss: 0.12367372214794159
CL loss: 0.5558567047119141, CE loss: 0.06917507946491241, combined loss: 0.11784324049949646
CL loss: 0.5994744896888733, CE loss: 0.07196979224681854, combined loss: 0.1247202605009079
CL loss: 0.5951868891716003, CE loss: 0.0658683031797409, combined loss: 0.11880016326904297
CL loss: 0.45426875352859497, CE loss: 0.06942874938249588, combined loss: 0.10791274905204773
CL loss: 0.6334043741226196, CE loss: 0.06604216992855072, combined loss: 0.12277839332818985
CL loss: 0.5932522416114807, CE loss: 0.0716705471277237, combined loss: 0.1238287165760994
CL loss: 0.5699283480644226, CE loss: 0.06609950214624405, combined loss: 0.11648239195346832
CL loss: 0.5501964092254639, CE loss: 0.06939990818500519, combined loss: 0.11747956275939941
CL loss: 0.5637456774711609, CE loss: 0.06789110600948334, combined loss: 0.11747656762599945
CL loss: 0.6594429612159729, CE loss: 0.07450409233570099, combined loss: 0.13299798965454102
CL loss: 0.5078725814819336, CE loss: 0.06218339130282402, combined loss: 0.10675230622291565
CL loss: 0.6226199269294739, CE loss: 0.07480865716934204, combined loss: 0.12958978116512299
CL loss: 0.6326550245285034, CE loss: 0.07565829157829285, combined loss: 0.13135796785354614
CL loss: 0.5396669507026672, CE loss: 0.07106561213731766, combined loss: 0.1179257482290268
CL loss: 0.5704805850982666, CE loss: 0.06482719630002975, combined loss: 0.1153925359249115
CL loss: 0.44749486446380615, CE loss: 0.061656516045331955, combined loss: 0.10024034976959229
CL loss: 0.5113932490348816, CE loss: 0.0686749741435051, combined loss: 0.11294680088758469
CL loss: 0.6196115016937256, CE loss: 0.06894121319055557, combined loss: 0.12400823831558228
{'loss': 0.1187, 'grad_norm': 1.9569005966186523, 'learning_rate': 1.1666666666666668e-05, 'epoch': 23.0}
CL loss: 0.9100717902183533, CE loss: 0.06642474979162216, combined loss: 0.15078945457935333


  0%|          | 0/23 [00:00<?, ?it/s][A

 17%|█▋        | 4/23 [00:00<00:00, 39.90it/s][A

 35%|███▍      | 8/23 [00:00<00:00, 33.21it/s][A

 52%|█████▏    | 12/23 [00:00<00:00, 31.55it/s][A

 70%|██████▉   | 16/23 [00:00<00:00, 30.81it/s][A

 87%|████████▋ | 20/23 [00:00<00:00, 30.45it/s][A

                                               
[A
                                                 

100%|██████████| 23/23 [00:01<00:00, 30.45it/s][A
 77%|███████▋  | 529/690 [05:09<00:53,  3.04it/s]

                                               [ACL loss: 0.797302782535553, CE loss: 0.07436579465866089, combined loss: 0.1466594934463501
CL loss: 1.137763261795044, CE loss: 0.09192011505365372, combined loss: 0.19650442898273468
CL loss: 1.2138224840164185, CE loss: 0.07115890085697174, combined loss: 0.18542525172233582
CL loss: 1.6771303415298462, CE loss: 0.08331722021102905, combined loss: 0.2426985204219818
CL loss: 1.181018352508545, CE loss: 0.0684032142162323, combined loss: 0.1796647310256958
CL loss: 0.9471035599708557, CE loss: 0.0835052877664566, combined loss: 0.16986511647701263
CL loss: 1.4741227626800537, CE loss: 0.09660734236240387, combined loss: 0.23435889184474945
CL loss: 0.6889234781265259, CE loss: 0.04506826028227806, combined loss: 0.10945378243923187
CL loss: 0.6983594298362732, CE loss: 0.07302236557006836, combined loss: 0.13555607199668884
CL loss: 0.33855557441711426, CE loss: 0.055013835430145264, combined loss: 0.08336800336837769
CL loss: 1.431035041809082, CE loss: 0.08501717448234558, combined loss: 0.21961897611618042
CL loss: 1.014721393585205, CE loss: 0.07692443579435349, combined loss: 0.17070412635803223
CL loss: 0.6634396910667419, CE loss: 0.07875348627567291, combined loss: 0.13722211122512817
CL loss: 0.8446670770645142, CE loss: 0.062126848846673965, combined loss: 0.1403808742761612
CL loss: 1.3080815076828003, CE loss: 0.06933090090751648, combined loss: 0.19320596754550934
CL loss: 0.7000937461853027, CE loss: 0.06425342708826065, combined loss: 0.12783744931221008
CL loss: 1.1030027866363525, CE loss: 0.0671025961637497, combined loss: 0.17069262266159058
CL loss: 2.0234358310699463, CE loss: 0.09100715070962906, combined loss: 0.28425002098083496
CL loss: 2.0589301586151123, CE loss: 0.08784769475460052, combined loss: 0.2849559485912323
CL loss: 1.0382978916168213, CE loss: 0.07593792676925659, combined loss: 0.17217391729354858
CL loss: 1.2530797719955444, CE loss: 0.0644930973649025, combined loss: 0.18335175514221191
CL loss: 0.03358830511569977, CE loss: 0.04953258857131004, combined loss: 0.04793815687298775
{'eval_loss': 0.17720633745193481, 'eval_top_1_macro_recall': 0.47257597159163095, 'eval_top_1_macro_precision': 0.47862894083985025, 'eval_top_1_macro_f1': 0.47332939619362335, 'eval_top_1_accuracy': 0.7559943582510579, 'eval_top_1_micro_recall': 0.6683291770573566, 'eval_top_1_micro_precision': 0.7559943582510579, 'eval_top_1_micro_f1': 0.7094639311714096, 'eval_top_2_macro_recall': 0.6568999563820221, 'eval_top_2_macro_precision': 0.41403105199206464, 'eval_top_2_macro_f1': 0.4772955641917658, 'eval_top_2_accuracy': 0.8363892806770099, 'eval_top_2_micro_recall': 0.8079800498753117, 'eval_top_2_micro_precision': 0.45698166431593795, 'eval_top_2_micro_f1': 0.5837837837837837, 'eval_top_3_macro_recall': 0.7346510876967784, 'eval_top_3_macro_precision': 0.33054898702870555, 'eval_top_3_macro_f1': 0.4259901972557456, 'eval_top_3_accuracy': 0.9040902679830748, 'eval_top_3_micro_recall': 0.8865336658354115, 'eval_top_3_micro_precision': 0.3342736248236953, 'eval_top_3_micro_f1': 0.4854899283031751, 'eval_runtime': 1.0823, 'eval_samples_per_second': 655.101, 'eval_steps_per_second': 21.252, 'epoch': 23.0}

 77%|███████▋  | 530/690 [05:12<04:27,  1.67s/it]
 77%|███████▋  | 531/690 [05:13<03:25,  1.29s/it]
 77%|███████▋  | 532/690 [05:13<02:42,  1.03s/it]
 77%|███████▋  | 533/690 [05:13<02:12,  1.19it/s]
 77%|███████▋  | 534/690 [05:14<01:51,  1.40it/s]
 78%|███████▊  | 535/690 [05:14<01:36,  1.61it/s]
 78%|███████▊  | 536/690 [05:15<01:26,  1.79it/s]
 78%|███████▊  | 537/690 [05:15<01:18,  1.94it/s]
 78%|███████▊  | 538/690 [05:15<01:13,  2.07it/s]
 78%|███████▊  | 539/690 [05:16<01:09,  2.17it/s]
 78%|███████▊  | 540/690 [05:16<01:06,  2.24it/s]
 78%|███████▊  | 541/690 [05:17<01:04,  2.30it/s]
 79%|███████▊  | 542/690 [05:17<01:03,  2.34it/s]
 79%|███████▊  | 543/690 [05:17<01:02,  2.36it/s]
 79%|███████▉  | 544/690 [05:18<01:01,  2.39it/s]
 79%|███████▉  | 545/690 [05:18<01:00,  2.40it/s]
 79%|███████▉  | 546/690 [05:19<00:59,  2.41it/s]
 79%|███████▉  | 547/690 [05:19<00:59,  2.42it/s]
 79%|███████▉  | 548/690 [05:19<00:58,  2.42it/s]
 80%|███████▉  | 549/690 [05:20<00:58,  2.42it/s]
 80%|███████▉  | 550/690 [05:20<00:57,  2.43it/s]
 80%|███████▉  | 551/690 [05:21<00:57,  2.43it/s]
 80%|████████  | 552/690 [05:21<00:45,  3.04it/s]
                                                 

 80%|████████  | 552/690 [05:21<00:45,  3.04it/s]CL loss: 0.49947455525398254, CE loss: 0.06243360787630081, combined loss: 0.1061377003788948
CL loss: 0.6483394503593445, CE loss: 0.07231815159320831, combined loss: 0.12992027401924133
CL loss: 0.4242073595523834, CE loss: 0.06453544646501541, combined loss: 0.10050264000892639
CL loss: 0.6830474138259888, CE loss: 0.06943986564874649, combined loss: 0.13080061972141266
CL loss: 0.4690835475921631, CE loss: 0.06918412446975708, combined loss: 0.10917406529188156
CL loss: 0.6346891522407532, CE loss: 0.07214678823947906, combined loss: 0.1284010261297226
CL loss: 0.5824185013771057, CE loss: 0.0696897879242897, combined loss: 0.12096265703439713
CL loss: 0.5861256718635559, CE loss: 0.06363685429096222, combined loss: 0.11588573455810547
CL loss: 0.6224392056465149, CE loss: 0.07452232390642166, combined loss: 0.12931400537490845
CL loss: 0.6372790932655334, CE loss: 0.06882808357477188, combined loss: 0.12567317485809326
CL loss: 0.4835140109062195, CE loss: 0.06461292505264282, combined loss: 0.10650303959846497
CL loss: 0.6060851812362671, CE loss: 0.06578806787729263, combined loss: 0.11981777846813202
CL loss: 0.47879165410995483, CE loss: 0.060846924781799316, combined loss: 0.10264139622449875
CL loss: 0.623762845993042, CE loss: 0.07083673775196075, combined loss: 0.12612934410572052
CL loss: 0.46261849999427795, CE loss: 0.06799409538507462, combined loss: 0.10745653510093689
CL loss: 0.5883333683013916, CE loss: 0.06385630369186401, combined loss: 0.11630401015281677
CL loss: 0.601604700088501, CE loss: 0.0666416808962822, combined loss: 0.12013798207044601
CL loss: 0.6651808619499207, CE loss: 0.06772881001234055, combined loss: 0.12747400999069214
CL loss: 0.7187400460243225, CE loss: 0.07083775103092194, combined loss: 0.13562798500061035
CL loss: 0.6759487390518188, CE loss: 0.07443443685770035, combined loss: 0.13458587229251862
CL loss: 0.42676690220832825, CE loss: 0.0614800862967968, combined loss: 0.09800876677036285
CL loss: 0.49999621510505676, CE loss: 0.06491788476705551, combined loss: 0.10842571407556534
CL loss: 0.15010479092597961, CE loss: 0.056410688906908035, combined loss: 0.06578009575605392
{'loss': 0.1159, 'grad_norm': 1.1684837341308594, 'learning_rate': 1e-05, 'epoch': 24.0}
CL loss: 0.8808967471122742, CE loss: 0.06857234239578247, combined loss: 0.14980478584766388


  0%|          | 0/23 [00:00<?, ?it/s][A

 17%|█▋        | 4/23 [00:00<00:00, 39.80it/s][A

 35%|███▍      | 8/23 [00:00<00:00, 33.16it/s][A

 52%|█████▏    | 12/23 [00:00<00:00, 31.57it/s][A

 70%|██████▉   | 16/23 [00:00<00:00, 30.85it/s][A

 87%|████████▋ | 20/23 [00:00<00:00, 30.43it/s][A

                                               
[A
                                                 

100%|██████████| 23/23 [00:01<00:00, 30.43it/s][A
 80%|████████  | 552/690 [05:22<00:45,  3.04it/s]

                                               [ACL loss: 0.8300893306732178, CE loss: 0.0741061344742775, combined loss: 0.1497044563293457
CL loss: 1.1277186870574951, CE loss: 0.09419931471347809, combined loss: 0.19755125045776367
CL loss: 1.1938226222991943, CE loss: 0.07334226369857788, combined loss: 0.18539029359817505
CL loss: 1.809179663658142, CE loss: 0.08512602001428604, combined loss: 0.25753137469291687
CL loss: 1.1389026641845703, CE loss: 0.06549758464097977, combined loss: 0.17283809185028076
CL loss: 0.8750702142715454, CE loss: 0.07884442806243896, combined loss: 0.15846700966358185
CL loss: 1.1169068813323975, CE loss: 0.08712723106145859, combined loss: 0.19010519981384277
CL loss: 0.7430408000946045, CE loss: 0.05062872916460037, combined loss: 0.11986993253231049
CL loss: 0.87798011302948, CE loss: 0.07362116873264313, combined loss: 0.15405705571174622
CL loss: 0.2788788676261902, CE loss: 0.04733604937791824, combined loss: 0.07049033045768738
CL loss: 1.4309476613998413, CE loss: 0.08313629776239395, combined loss: 0.21791742742061615
CL loss: 1.1117932796478271, CE loss: 0.08153945952653885, combined loss: 0.18456484377384186
CL loss: 0.6017283797264099, CE loss: 0.07680343836545944, combined loss: 0.1292959302663803
CL loss: 0.8683614134788513, CE loss: 0.05951467156410217, combined loss: 0.14039935171604156
CL loss: 1.056236982345581, CE loss: 0.06414174288511276, combined loss: 0.16335126757621765
CL loss: 0.6921889185905457, CE loss: 0.06224377825856209, combined loss: 0.125238299369812
CL loss: 1.0795643329620361, CE loss: 0.06691952049732208, combined loss: 0.16818399727344513
CL loss: 1.9409090280532837, CE loss: 0.09321942180395126, combined loss: 0.27798837423324585
CL loss: 2.149792432785034, CE loss: 0.09034738689661026, combined loss: 0.29629188776016235
CL loss: 1.1105211973190308, CE loss: 0.07628965377807617, combined loss: 0.17971280217170715
CL loss: 1.2030932903289795, CE loss: 0.06239669770002365, combined loss: 0.17646636068820953
CL loss: 0.052876945585012436, CE loss: 0.041652876883745193, combined loss: 0.04277528449892998
{'eval_loss': 0.17475450038909912, 'eval_top_1_macro_recall': 0.46352206700947923, 'eval_top_1_macro_precision': 0.47421471632449935, 'eval_top_1_macro_f1': 0.46791271515762906, 'eval_top_1_accuracy': 0.7531734837799718, 'eval_top_1_micro_recall': 0.6658354114713217, 'eval_top_1_micro_precision': 0.7531734837799718, 'eval_top_1_micro_f1': 0.7068166776968895, 'eval_top_2_macro_recall': 0.6569964793456221, 'eval_top_2_macro_precision': 0.4256600621320125, 'eval_top_2_macro_f1': 0.4876301190017664, 'eval_top_2_accuracy': 0.849083215796897, 'eval_top_2_micro_recall': 0.8204488778054863, 'eval_top_2_micro_precision': 0.46403385049365303, 'eval_top_2_micro_f1': 0.5927927927927928, 'eval_top_3_macro_recall': 0.7516611765228444, 'eval_top_3_macro_precision': 0.39852559501026263, 'eval_top_3_macro_f1': 0.46446704700469915, 'eval_top_3_accuracy': 0.9139633286318759, 'eval_top_3_micro_recall': 0.8952618453865336, 'eval_top_3_micro_precision': 0.33756464503996236, 'eval_top_3_micro_f1': 0.490269716626835, 'eval_runtime': 1.0718, 'eval_samples_per_second': 661.49, 'eval_steps_per_second': 21.459, 'epoch': 24.0}

 80%|████████  | 553/690 [05:25<03:42,  1.62s/it]
 80%|████████  | 554/690 [05:26<02:51,  1.26s/it]
 80%|████████  | 555/690 [05:26<02:15,  1.01s/it]
 81%|████████  | 556/690 [05:27<01:50,  1.21it/s]
 81%|████████  | 557/690 [05:27<01:33,  1.42it/s]
 81%|████████  | 558/690 [05:28<01:21,  1.62it/s]
 81%|████████  | 559/690 [05:28<01:12,  1.80it/s]
 81%|████████  | 560/690 [05:28<01:06,  1.95it/s]
 81%|████████▏ | 561/690 [05:29<01:02,  2.08it/s]
 81%|████████▏ | 562/690 [05:29<00:58,  2.18it/s]
 82%|████████▏ | 563/690 [05:30<00:56,  2.24it/s]
 82%|████████▏ | 564/690 [05:30<00:54,  2.30it/s]
 82%|████████▏ | 565/690 [05:30<00:53,  2.33it/s]
 82%|████████▏ | 566/690 [05:31<00:52,  2.35it/s]
 82%|████████▏ | 567/690 [05:31<00:51,  2.37it/s]
 82%|████████▏ | 568/690 [05:32<00:51,  2.39it/s]
 82%|████████▏ | 569/690 [05:32<00:50,  2.40it/s]
 83%|████████▎ | 570/690 [05:33<00:49,  2.41it/s]
 83%|████████▎ | 571/690 [05:33<00:49,  2.42it/s]
 83%|████████▎ | 572/690 [05:33<00:48,  2.42it/s]
 83%|████████▎ | 573/690 [05:34<00:48,  2.42it/s]
 83%|████████▎ | 574/690 [05:34<00:47,  2.43it/s]
 83%|████████▎ | 575/690 [05:34<00:37,  3.06it/s]
                                                 

 83%|████████▎ | 575/690 [05:34<00:37,  3.06it/s]CL loss: 0.6258811354637146, CE loss: 0.07083864510059357, combined loss: 0.12634289264678955
CL loss: 0.5267557501792908, CE loss: 0.0642625242471695, combined loss: 0.11051184684038162
CL loss: 0.5782434940338135, CE loss: 0.07723734527826309, combined loss: 0.1273379623889923
CL loss: 0.5277917981147766, CE loss: 0.061589956283569336, combined loss: 0.10821013897657394
CL loss: 0.7004694938659668, CE loss: 0.07225556671619415, combined loss: 0.13507696986198425
CL loss: 0.46379026770591736, CE loss: 0.058738499879837036, combined loss: 0.09924367070198059
CL loss: 0.5449038743972778, CE loss: 0.07048646360635757, combined loss: 0.11792819947004318
CL loss: 0.6897030472755432, CE loss: 0.07331756502389908, combined loss: 0.13495612144470215
CL loss: 0.40514135360717773, CE loss: 0.054089050740003586, combined loss: 0.08919428288936615
CL loss: 0.668454110622406, CE loss: 0.07151561975479126, combined loss: 0.13120946288108826
CL loss: 0.47753697633743286, CE loss: 0.06493572145700455, combined loss: 0.1061958521604538
CL loss: 0.563802182674408, CE loss: 0.06405889242887497, combined loss: 0.11403322219848633
CL loss: 0.5772421956062317, CE loss: 0.06398825347423553, combined loss: 0.11531364917755127
CL loss: 0.39410990476608276, CE loss: 0.05887896567583084, combined loss: 0.09240205585956573
CL loss: 0.558765709400177, CE loss: 0.07014299929141998, combined loss: 0.11900526285171509
CL loss: 0.6410952806472778, CE loss: 0.07093872874975204, combined loss: 0.1279543787240982
CL loss: 0.4597049653530121, CE loss: 0.06795084476470947, combined loss: 0.10712625086307526
CL loss: 0.5322583317756653, CE loss: 0.06559822708368301, combined loss: 0.1122642382979393
CL loss: 0.5215914249420166, CE loss: 0.06970516592264175, combined loss: 0.11489379405975342
CL loss: 0.525131344795227, CE loss: 0.07110265642404556, combined loss: 0.11650551855564117
CL loss: 0.6320158839225769, CE loss: 0.06808219105005264, combined loss: 0.12447556108236313
CL loss: 0.45589014887809753, CE loss: 0.06498834490776062, combined loss: 0.10407852381467819
CL loss: 0.8073532581329346, CE loss: 0.07686422020196915, combined loss: 0.14991313219070435
{'loss': 0.1167, 'grad_norm': 3.413214921951294, 'learning_rate': 8.333333333333334e-06, 'epoch': 25.0}
CL loss: 0.9992280602455139, CE loss: 0.0656789094209671, combined loss: 0.15903382003307343


  0%|          | 0/23 [00:00<?, ?it/s][A

 17%|█▋        | 4/23 [00:00<00:00, 39.68it/s][A

 35%|███▍      | 8/23 [00:00<00:00, 33.25it/s][A

 52%|█████▏    | 12/23 [00:00<00:00, 31.67it/s][A

 70%|██████▉   | 16/23 [00:00<00:00, 30.91it/s][A

 87%|████████▋ | 20/23 [00:00<00:00, 30.49it/s][A

                                               
[A
                                                 

100%|██████████| 23/23 [00:01<00:00, 30.49it/s][A
 83%|████████▎ | 575/690 [05:36<00:37,  3.06it/s]

                                               [ACL loss: 0.8452422618865967, CE loss: 0.0776076689362526, combined loss: 0.15437112748622894
CL loss: 1.0674229860305786, CE loss: 0.09247656911611557, combined loss: 0.1899712085723877
CL loss: 1.2280468940734863, CE loss: 0.07011272013187408, combined loss: 0.18590614199638367
CL loss: 1.704865574836731, CE loss: 0.08400964736938477, combined loss: 0.24609524011611938
CL loss: 1.1187305450439453, CE loss: 0.0656156912446022, combined loss: 0.17092716693878174
CL loss: 0.9938231110572815, CE loss: 0.08246240764856339, combined loss: 0.17359846830368042
CL loss: 1.3349214792251587, CE loss: 0.09269146621227264, combined loss: 0.21691447496414185
CL loss: 0.5768495798110962, CE loss: 0.04224419966340065, combined loss: 0.09570473432540894
CL loss: 0.8305524587631226, CE loss: 0.07161387801170349, combined loss: 0.14750774204730988
CL loss: 0.2364858090877533, CE loss: 0.04895474761724472, combined loss: 0.0677078515291214
CL loss: 1.4057016372680664, CE loss: 0.08430203050374985, combined loss: 0.21644198894500732
CL loss: 1.1427303552627563, CE loss: 0.08152321726083755, combined loss: 0.18764393031597137
CL loss: 0.6917834281921387, CE loss: 0.0793951153755188, combined loss: 0.1406339406967163
CL loss: 1.0242458581924438, CE loss: 0.06264007091522217, combined loss: 0.1588006466627121
CL loss: 1.121546983718872, CE loss: 0.06778136640787125, combined loss: 0.1731579303741455
CL loss: 0.6735559701919556, CE loss: 0.06395775079727173, combined loss: 0.12491756677627563
CL loss: 1.112913966178894, CE loss: 0.06624986231327057, combined loss: 0.17091627418994904
CL loss: 1.7709001302719116, CE loss: 0.08780056238174438, combined loss: 0.2561105191707611
CL loss: 2.2505156993865967, CE loss: 0.09089851379394531, combined loss: 0.3068602383136749
CL loss: 0.936709463596344, CE loss: 0.07010004669427872, combined loss: 0.15676099061965942
CL loss: 1.1750357151031494, CE loss: 0.06349936872720718, combined loss: 0.17465300858020782
CL loss: 0.031679898500442505, CE loss: 0.03829497843980789, combined loss: 0.03763347119092941
{'eval_loss': 0.17514313757419586, 'eval_top_1_macro_recall': 0.47184332524254624, 'eval_top_1_macro_precision': 0.4804879323126643, 'eval_top_1_macro_f1': 0.47241996151740506, 'eval_top_1_accuracy': 0.7559943582510579, 'eval_top_1_micro_recall': 0.6683291770573566, 'eval_top_1_micro_precision': 0.7559943582510579, 'eval_top_1_micro_f1': 0.7094639311714096, 'eval_top_2_macro_recall': 0.6631104520278364, 'eval_top_2_macro_precision': 0.41993529311157296, 'eval_top_2_macro_f1': 0.48239886329187665, 'eval_top_2_accuracy': 0.8504936530324401, 'eval_top_2_micro_recall': 0.8216957605985037, 'eval_top_2_micro_precision': 0.46473906911142454, 'eval_top_2_micro_f1': 0.5936936936936936, 'eval_top_3_macro_recall': 0.7395880259887142, 'eval_top_3_macro_precision': 0.33864663144426826, 'eval_top_3_macro_f1': 0.43121062133594423, 'eval_top_3_accuracy': 0.9125528913963329, 'eval_top_3_micro_recall': 0.8952618453865336, 'eval_top_3_micro_precision': 0.33756464503996236, 'eval_top_3_micro_f1': 0.490269716626835, 'eval_runtime': 1.0683, 'eval_samples_per_second': 663.699, 'eval_steps_per_second': 21.53, 'epoch': 25.0}

 83%|████████▎ | 576/690 [05:39<03:10,  1.67s/it]
 84%|████████▎ | 577/690 [05:39<02:26,  1.29s/it]
 84%|████████▍ | 578/690 [05:40<01:55,  1.03s/it]
 84%|████████▍ | 579/690 [05:40<01:33,  1.19it/s]
 84%|████████▍ | 580/690 [05:41<01:18,  1.40it/s]
 84%|████████▍ | 581/690 [05:41<01:07,  1.61it/s]
 84%|████████▍ | 582/690 [05:42<01:00,  1.79it/s]
 84%|████████▍ | 583/690 [05:42<00:54,  1.95it/s]
 85%|████████▍ | 584/690 [05:42<00:51,  2.07it/s]
 85%|████████▍ | 585/690 [05:43<00:48,  2.17it/s]
 85%|████████▍ | 586/690 [05:43<00:46,  2.24it/s]
 85%|████████▌ | 587/690 [05:44<00:44,  2.29it/s]
 85%|████████▌ | 588/690 [05:44<00:43,  2.33it/s]
 85%|████████▌ | 589/690 [05:44<00:42,  2.36it/s]
 86%|████████▌ | 590/690 [05:45<00:42,  2.38it/s]
 86%|████████▌ | 591/690 [05:45<00:41,  2.40it/s]
 86%|████████▌ | 592/690 [05:46<00:40,  2.41it/s]
 86%|████████▌ | 593/690 [05:46<00:40,  2.41it/s]
 86%|████████▌ | 594/690 [05:46<00:39,  2.42it/s]
 86%|████████▌ | 595/690 [05:47<00:39,  2.42it/s]
 86%|████████▋ | 596/690 [05:47<00:38,  2.43it/s]
 87%|████████▋ | 597/690 [05:48<00:38,  2.43it/s]
 87%|████████▋ | 598/690 [05:48<00:30,  3.04it/s]
                                                 

 87%|████████▋ | 598/690 [05:48<00:30,  3.04it/s]CL loss: 0.6765178442001343, CE loss: 0.06876382976770401, combined loss: 0.12953923642635345
CL loss: 0.4517582356929779, CE loss: 0.0620197057723999, combined loss: 0.1009935587644577
CL loss: 0.6036311984062195, CE loss: 0.07195983827114105, combined loss: 0.12512697279453278
CL loss: 0.46059539914131165, CE loss: 0.06506996601819992, combined loss: 0.10462251305580139
CL loss: 0.47489839792251587, CE loss: 0.06073307991027832, combined loss: 0.1021496057510376
CL loss: 0.5516068935394287, CE loss: 0.06902797520160675, combined loss: 0.11728586256504059
CL loss: 0.59693843126297, CE loss: 0.06965355575084686, combined loss: 0.12238204479217529
CL loss: 0.6713059544563293, CE loss: 0.07584480196237564, combined loss: 0.13539090752601624
CL loss: 0.56494140625, CE loss: 0.06943601369857788, combined loss: 0.11898655444383621
CL loss: 0.6270443201065063, CE loss: 0.07001486420631409, combined loss: 0.12571781873703003
CL loss: 0.4274481236934662, CE loss: 0.05823593586683273, combined loss: 0.09515715390443802
CL loss: 0.5211417078971863, CE loss: 0.05743035674095154, combined loss: 0.10380148887634277
CL loss: 0.5951108336448669, CE loss: 0.06163067743182182, combined loss: 0.11497869342565536
CL loss: 0.34718143939971924, CE loss: 0.051968447864055634, combined loss: 0.08148974180221558
CL loss: 0.48254886269569397, CE loss: 0.06409228593111038, combined loss: 0.10593794286251068
CL loss: 0.570306658744812, CE loss: 0.06543386727571487, combined loss: 0.11592114716768265
CL loss: 0.5217838883399963, CE loss: 0.06557909399271011, combined loss: 0.11119957268238068
CL loss: 0.5898975729942322, CE loss: 0.06655271351337433, combined loss: 0.11888720095157623
CL loss: 0.4787824749946594, CE loss: 0.06223546713590622, combined loss: 0.10389016568660736
CL loss: 0.502669095993042, CE loss: 0.06521105021238327, combined loss: 0.10895685851573944
CL loss: 0.682906448841095, CE loss: 0.07174412161111832, combined loss: 0.13286034762859344
CL loss: 0.5703518986701965, CE loss: 0.07248357683420181, combined loss: 0.12227040529251099
CL loss: 1.204131841659546, CE loss: 0.0621563121676445, combined loss: 0.17635387182235718
{'loss': 0.1163, 'grad_norm': 5.29808235168457, 'learning_rate': 6.666666666666667e-06, 'epoch': 26.0}
CL loss: 1.0292235612869263, CE loss: 0.06587342172861099, combined loss: 0.1622084379196167


  0%|          | 0/23 [00:00<?, ?it/s][A

 17%|█▋        | 4/23 [00:00<00:00, 39.68it/s][A

 35%|███▍      | 8/23 [00:00<00:00, 33.16it/s][A

 52%|█████▏    | 12/23 [00:00<00:00, 31.63it/s][A

 70%|██████▉   | 16/23 [00:00<00:00, 30.97it/s][A

 87%|████████▋ | 20/23 [00:00<00:00, 30.63it/s][A

                                               
[A
                                                 

100%|██████████| 23/23 [00:01<00:00, 30.63it/s][A
 87%|████████▋ | 598/690 [05:49<00:30,  3.04it/s]

                                               [ACL loss: 0.9722849130630493, CE loss: 0.07683625817298889, combined loss: 0.1663811206817627
CL loss: 1.1363720893859863, CE loss: 0.09078792482614517, combined loss: 0.19534634053707123
CL loss: 1.1991682052612305, CE loss: 0.06944692134857178, combined loss: 0.1824190467596054
CL loss: 1.908916711807251, CE loss: 0.08715265989303589, combined loss: 0.2693290710449219
CL loss: 1.1738858222961426, CE loss: 0.06500381231307983, combined loss: 0.17589201033115387
CL loss: 1.028031587600708, CE loss: 0.07939059287309647, combined loss: 0.17425468564033508
CL loss: 1.3887931108474731, CE loss: 0.09366623312234879, combined loss: 0.2231789231300354
CL loss: 0.7028061151504517, CE loss: 0.04393676295876503, combined loss: 0.10982369631528854
CL loss: 0.7500743865966797, CE loss: 0.070900097489357, combined loss: 0.13881751894950867
CL loss: 0.30077216029167175, CE loss: 0.046732984483242035, combined loss: 0.07213690131902695
CL loss: 1.3915499448776245, CE loss: 0.08200812339782715, combined loss: 0.2129622995853424
CL loss: 1.1904934644699097, CE loss: 0.07628899067640305, combined loss: 0.18770943582057953
CL loss: 0.7393768429756165, CE loss: 0.07950422912836075, combined loss: 0.14549148082733154
CL loss: 0.8753305673599243, CE loss: 0.0598430335521698, combined loss: 0.141391783952713
CL loss: 1.1531063318252563, CE loss: 0.06422916799783707, combined loss: 0.17311687767505646
CL loss: 0.689382016658783, CE loss: 0.06169436499476433, combined loss: 0.12446312606334686
CL loss: 1.1036957502365112, CE loss: 0.06492213904857635, combined loss: 0.1687995046377182
CL loss: 1.8911774158477783, CE loss: 0.08703407645225525, combined loss: 0.26744842529296875
CL loss: 2.1710989475250244, CE loss: 0.08971699327230453, combined loss: 0.2978551983833313
CL loss: 1.0222541093826294, CE loss: 0.0721653401851654, combined loss: 0.16717422008514404
CL loss: 1.1469906568527222, CE loss: 0.06207583472132683, combined loss: 0.1705673187971115
CL loss: 0.12395406514406204, CE loss: 0.04401190206408501, combined loss: 0.05200611799955368
{'eval_loss': 0.17759743332862854, 'eval_top_1_macro_recall': 0.4751467273765331, 'eval_top_1_macro_precision': 0.4742546586855386, 'eval_top_1_macro_f1': 0.4740563067860446, 'eval_top_1_accuracy': 0.7574047954866009, 'eval_top_1_micro_recall': 0.669576059850374, 'eval_top_1_micro_precision': 0.7574047954866009, 'eval_top_1_micro_f1': 0.7107875579086698, 'eval_top_2_macro_recall': 0.6708208639700591, 'eval_top_2_macro_precision': 0.46075877009996036, 'eval_top_2_macro_f1': 0.49050339986874286, 'eval_top_2_accuracy': 0.846262341325811, 'eval_top_2_micro_recall': 0.8216957605985037, 'eval_top_2_micro_precision': 0.46473906911142454, 'eval_top_2_micro_f1': 0.5936936936936936, 'eval_top_3_macro_recall': 0.7612139547359983, 'eval_top_3_macro_precision': 0.38765191644081887, 'eval_top_3_macro_f1': 0.45981262047930255, 'eval_top_3_accuracy': 0.919605077574048, 'eval_top_3_micro_recall': 0.9014962593516209, 'eval_top_3_micro_precision': 0.33991537376586745, 'eval_top_3_micro_f1': 0.49368385114373503, 'eval_runtime': 1.075, 'eval_samples_per_second': 659.541, 'eval_steps_per_second': 21.396, 'epoch': 26.0}

 87%|████████▋ | 599/690 [05:53<02:28,  1.63s/it]
 87%|████████▋ | 600/690 [05:53<01:54,  1.27s/it]
 87%|████████▋ | 601/690 [05:53<01:29,  1.01s/it]
 87%|████████▋ | 602/690 [05:54<01:13,  1.20it/s]
 87%|████████▋ | 603/690 [05:54<01:01,  1.42it/s]
 88%|████████▊ | 604/690 [05:55<00:53,  1.62it/s]
 88%|████████▊ | 605/690 [05:55<00:47,  1.80it/s]
 88%|████████▊ | 606/690 [05:55<00:43,  1.95it/s]
 88%|████████▊ | 607/690 [05:56<00:39,  2.08it/s]
 88%|████████▊ | 608/690 [05:56<00:37,  2.17it/s]
 88%|████████▊ | 609/690 [05:57<00:36,  2.24it/s]
 88%|████████▊ | 610/690 [05:57<00:34,  2.30it/s]
 89%|████████▊ | 611/690 [05:57<00:33,  2.33it/s]
 89%|████████▊ | 612/690 [05:58<00:33,  2.36it/s]
 89%|████████▉ | 613/690 [05:58<00:32,  2.39it/s]
 89%|████████▉ | 614/690 [05:59<00:31,  2.39it/s]
 89%|████████▉ | 615/690 [05:59<00:31,  2.41it/s]
 89%|████████▉ | 616/690 [06:00<00:30,  2.41it/s]
 89%|████████▉ | 617/690 [06:00<00:30,  2.42it/s]
 90%|████████▉ | 618/690 [06:00<00:29,  2.42it/s]
 90%|████████▉ | 619/690 [06:01<00:29,  2.42it/s]
 90%|████████▉ | 620/690 [06:01<00:28,  2.43it/s]
 90%|█████████ | 621/690 [06:01<00:22,  3.04it/s]
                                                 

 90%|█████████ | 621/690 [06:01<00:22,  3.04it/s]CL loss: 0.5590273141860962, CE loss: 0.06520389765501022, combined loss: 0.1145862340927124
CL loss: 0.6300835609436035, CE loss: 0.06772405654191971, combined loss: 0.12396001070737839
CL loss: 0.5350858569145203, CE loss: 0.062119875103235245, combined loss: 0.10941646993160248
CL loss: 0.46932873129844666, CE loss: 0.061341866850852966, combined loss: 0.10214054584503174
CL loss: 0.7038019299507141, CE loss: 0.07303587347269058, combined loss: 0.13611248135566711
CL loss: 0.5295709371566772, CE loss: 0.06409610062837601, combined loss: 0.11064358055591583
CL loss: 0.625866711139679, CE loss: 0.07298556715250015, combined loss: 0.12827368080615997
CL loss: 0.3997062146663666, CE loss: 0.05652737617492676, combined loss: 0.0908452570438385
CL loss: 0.5843631625175476, CE loss: 0.06718315929174423, combined loss: 0.11890115588903427
CL loss: 0.527809739112854, CE loss: 0.0631079450249672, combined loss: 0.10957812517881393
CL loss: 0.5333638787269592, CE loss: 0.06416896730661392, combined loss: 0.11108845472335815
CL loss: 0.48550379276275635, CE loss: 0.060839466750621796, combined loss: 0.10330589860677719
CL loss: 0.4493946433067322, CE loss: 0.06487695872783661, combined loss: 0.10332872718572617
CL loss: 0.5850417017936707, CE loss: 0.07170402258634567, combined loss: 0.12303779274225235
CL loss: 0.5274113416671753, CE loss: 0.06576703488826752, combined loss: 0.1119314655661583
CL loss: 0.49292102456092834, CE loss: 0.062353216111660004, combined loss: 0.10540999472141266
CL loss: 0.48195934295654297, CE loss: 0.06374058872461319, combined loss: 0.10556246340274811
CL loss: 0.6512489318847656, CE loss: 0.06810882687568665, combined loss: 0.12642283737659454
CL loss: 0.396582692861557, CE loss: 0.05516314134001732, combined loss: 0.0893050953745842
CL loss: 0.6215585470199585, CE loss: 0.07302029430866241, combined loss: 0.12787412106990814
CL loss: 0.5154483914375305, CE loss: 0.05992751568555832, combined loss: 0.10547960549592972
CL loss: 0.5920368432998657, CE loss: 0.06495198607444763, combined loss: 0.11766047030687332
CL loss: 1.26094651222229, CE loss: 0.05983136594295502, combined loss: 0.17994287610054016
{'loss': 0.1154, 'grad_norm': 2.59717059135437, 'learning_rate': 5e-06, 'epoch': 27.0}
CL loss: 1.0269007682800293, CE loss: 0.06418763846158981, combined loss: 0.16045895218849182


  0%|          | 0/23 [00:00<?, ?it/s][A

 17%|█▋        | 4/23 [00:00<00:00, 39.46it/s][A

 35%|███▍      | 8/23 [00:00<00:00, 33.11it/s][A

 52%|█████▏    | 12/23 [00:00<00:00, 31.57it/s][A

 70%|██████▉   | 16/23 [00:00<00:00, 30.86it/s][A

 87%|████████▋ | 20/23 [00:00<00:00, 30.47it/s][A

                                               
[A
                                                 

100%|██████████| 23/23 [00:01<00:00, 30.47it/s][A
 90%|█████████ | 621/690 [06:03<00:22,  3.04it/s]

                                               [A
                                                 

 90%|█████████ | 621/690 [06:06<00:22,  3.04it/s]
 90%|█████████ | 621/690 [06:06<00:40,  1.69it/s]
2025-04-11 06:31:11.868 | INFO     | __main__:fine_tune:229 - Training time: 367.07 seconds
CL loss: 0.8743229508399963, CE loss: 0.07621560245752335, combined loss: 0.15602633357048035
CL loss: 1.1562139987945557, CE loss: 0.09028375148773193, combined loss: 0.19687677919864655
CL loss: 1.1771693229675293, CE loss: 0.07071923464536667, combined loss: 0.1813642382621765
CL loss: 1.697517991065979, CE loss: 0.08062686026096344, combined loss: 0.24231597781181335
CL loss: 1.1909966468811035, CE loss: 0.0633874461054802, combined loss: 0.17614836990833282
CL loss: 1.0904513597488403, CE loss: 0.08017782121896744, combined loss: 0.18120518326759338
CL loss: 1.3085167407989502, CE loss: 0.08778806775808334, combined loss: 0.2098609209060669
CL loss: 0.642472505569458, CE loss: 0.04631882533431053, combined loss: 0.10593418776988983
CL loss: 0.7664466500282288, CE loss: 0.0712236538529396, combined loss: 0.14074595272541046
CL loss: 0.30409005284309387, CE loss: 0.049110639840364456, combined loss: 0.07460857927799225
CL loss: 1.3192929029464722, CE loss: 0.08261486142873764, combined loss: 0.20628267526626587
CL loss: 1.051690697669983, CE loss: 0.07767540216445923, combined loss: 0.1750769317150116
CL loss: 0.7323550581932068, CE loss: 0.07931125164031982, combined loss: 0.14461562037467957
CL loss: 0.9614539742469788, CE loss: 0.06271213293075562, combined loss: 0.15258631110191345
CL loss: 1.2294890880584717, CE loss: 0.06666356325149536, combined loss: 0.182946115732193
CL loss: 0.6909588575363159, CE loss: 0.06135042756795883, combined loss: 0.12431126832962036
CL loss: 1.065456509590149, CE loss: 0.06498101353645325, combined loss: 0.16502855718135834
CL loss: 2.0482187271118164, CE loss: 0.08994697779417038, combined loss: 0.2857741415500641
CL loss: 2.090902805328369, CE loss: 0.0882747545838356, combined loss: 0.28853756189346313
CL loss: 1.14894437789917, CE loss: 0.07295646518468857, combined loss: 0.18055525422096252
CL loss: 1.2348803281784058, CE loss: 0.06305479258298874, combined loss: 0.18023733794689178
CL loss: 0.04899395629763603, CE loss: 0.04503335803747177, combined loss: 0.04542941600084305
{'eval_loss': 0.17686185240745544, 'eval_top_1_macro_recall': 0.47492657528011323, 'eval_top_1_macro_precision': 0.480398677409547, 'eval_top_1_macro_f1': 0.47552680472153247, 'eval_top_1_accuracy': 0.764456981664316, 'eval_top_1_micro_recall': 0.6758104738154613, 'eval_top_1_micro_precision': 0.764456981664316, 'eval_top_1_micro_f1': 0.7174056915949701, 'eval_top_2_macro_recall': 0.6685602123218762, 'eval_top_2_macro_precision': 0.46585784471538233, 'eval_top_2_macro_f1': 0.49302538592478445, 'eval_top_2_accuracy': 0.846262341325811, 'eval_top_2_micro_recall': 0.8216957605985037, 'eval_top_2_micro_precision': 0.46473906911142454, 'eval_top_2_micro_f1': 0.5936936936936936, 'eval_top_3_macro_recall': 0.7600219214123036, 'eval_top_3_macro_precision': 0.38725031216801004, 'eval_top_3_macro_f1': 0.45724065784864987, 'eval_top_3_accuracy': 0.92524682651622, 'eval_top_3_micro_recall': 0.9077306733167082, 'eval_top_3_micro_precision': 0.3422661024917725, 'eval_top_3_micro_f1': 0.49709798566063507, 'eval_runtime': 1.0885, 'eval_samples_per_second': 651.359, 'eval_steps_per_second': 21.13, 'epoch': 27.0}
{'train_runtime': 366.7567, 'train_samples_per_second': 231.979, 'train_steps_per_second': 1.881, 'train_loss': 0.19234512009674415, 'epoch': 27.0}
CL loss: 0.8774476647377014, CE loss: 0.06996409595012665, combined loss: 0.15071246027946472

  0%|          | 0/23 [00:00<?, ?it/s]
 22%|██▏       | 5/23 [00:00<00:00, 37.53it/s]
 39%|███▉      | 9/23 [00:00<00:00, 33.03it/s]
 57%|█████▋    | 13/23 [00:00<00:00, 31.49it/s]
 74%|███████▍  | 17/23 [00:00<00:00, 30.85it/s]
 91%|█████████▏| 21/23 [00:00<00:00, 30.52it/s]
100%|██████████| 23/23 [00:00<00:00, 27.64it/s]
2025-04-11 06:31:12.911 | INFO     | __main__:fine_tune:235 - Prediction time: 1.04 seconds
2025-04-11 06:31:12.918 | INFO     | __main__:CV_run:413 - Fold 3, Final Eval Metrics: loss: 0.18, top_1_macro_recall: 0.47, top_1_macro_precision: 0.48, top_1_macro_f1: 0.48, top_1_accuracy: 0.76, top_1_micro_recall: 0.68, top_1_micro_precision: 0.76, top_1_micro_f1: 0.72, top_2_macro_recall: 0.67, top_2_macro_precision: 0.47, top_2_macro_f1: 0.49, top_2_accuracy: 0.85, top_2_micro_recall: 0.82, top_2_micro_precision: 0.46, top_2_micro_f1: 0.59, top_3_macro_recall: 0.76, top_3_macro_precision: 0.39, top_3_macro_f1: 0.46, top_3_accuracy: 0.93, top_3_micro_recall: 0.91, top_3_micro_precision: 0.34, top_3_micro_f1: 0.50, runtime: 1.09, samples_per_second: 651.36, steps_per_second: 21.13
2025-04-11 06:31:12.919 | INFO     | __main__:CV_run:350 - Starting fold 4
Some weights of RobertaForSequenceClassification were not initialized from the model checkpoint at roberta-base and are newly initialized: ['classifier.dense.bias', 'classifier.dense.weight', 'classifier.out_proj.bias', 'classifier.out_proj.weight']
You should probably TRAIN this model on a down-stream task to be able to use it for predictions and inference.
2025-04-11 06:31:13.026 | INFO     | __main__:CV_run:407 - Starting fine-tuning with combined contrastive learning & cross-entropy loss
2025-04-11 06:31:13.026 | INFO     | __main__:CV_run:408 - Loss function: CLCE
2025-04-11 06:31:13.026 | INFO     | __main__:CV_run:409 - tau: 0.1
2025-04-11 06:31:13.027 | INFO     | __main__:CV_run:410 - lambda: 0.1
CL loss: 0.8393269181251526, CE loss: 0.07369665056467056, combined loss: 0.15025967359542847
CL loss: 1.2335435152053833, CE loss: 0.09667394310235977, combined loss: 0.21036089956760406
CL loss: 1.0614277124404907, CE loss: 0.06803496181964874, combined loss: 0.16737423837184906
CL loss: 1.8974756002426147, CE loss: 0.08841957896947861, combined loss: 0.2693251669406891
CL loss: 1.0388574600219727, CE loss: 0.0669272392988205, combined loss: 0.16412025690078735
CL loss: 0.8571532964706421, CE loss: 0.08377497643232346, combined loss: 0.16111281514167786
CL loss: 1.1591089963912964, CE loss: 0.08562597632408142, combined loss: 0.1929742693901062
CL loss: 0.6551602482795715, CE loss: 0.044642165303230286, combined loss: 0.10569397360086441
CL loss: 0.8387020826339722, CE loss: 0.0718117281794548, combined loss: 0.14850077033042908
CL loss: 0.3432541489601135, CE loss: 0.04894975200295448, combined loss: 0.07838019728660583
CL loss: 1.5242749452590942, CE loss: 0.08651667833328247, combined loss: 0.23029249906539917
CL loss: 1.0765118598937988, CE loss: 0.07956433296203613, combined loss: 0.17925909161567688
CL loss: 0.6636524796485901, CE loss: 0.0779511108994484, combined loss: 0.13652125000953674
CL loss: 0.7979041934013367, CE loss: 0.061728548258543015, combined loss: 0.13534611463546753
CL loss: 0.9243424534797668, CE loss: 0.0629582330584526, combined loss: 0.14909665286540985
CL loss: 0.6118941307067871, CE loss: 0.06156031787395477, combined loss: 0.11659369617700577
CL loss: 1.1090867519378662, CE loss: 0.06671410799026489, combined loss: 0.17095136642456055
CL loss: 1.5926566123962402, CE loss: 0.08394847065210342, combined loss: 0.23481929302215576
CL loss: 2.096639394760132, CE loss: 0.08627593517303467, combined loss: 0.28731226921081543
CL loss: 1.2140617370605469, CE loss: 0.07217475026845932, combined loss: 0.18636345863342285
CL loss: 1.2722514867782593, CE loss: 0.05985095351934433, combined loss: 0.18109101057052612
CL loss: 0.11617258191108704, CE loss: 0.04757113382220268, combined loss: 0.05443127825856209
Eval results: defaultdict(<class 'list'>, {'loss': [0.4115912616252899, 0.344681978225708, 0.2912619411945343, 0.2752278745174408, 0.26081952452659607, 0.2500295042991638, 0.24296338856220245, 0.23918688297271729, 0.23184137046337128, 0.21106374263763428, 0.21291808784008026, 0.20449484884738922, 0.19769859313964844, 0.1925588846206665, 0.19800923764705658, 0.18512044847011566, 0.17863914370536804, 0.17876474559307098, 0.17813603579998016, 0.17561548948287964, 0.18255750834941864, 0.17218467593193054, 0.17720633745193481, 0.17475450038909912, 0.17514313757419586, 0.17759743332862854, 0.17686185240745544], 'top_1_macro_recall': [0.10185469903629117, 0.0956877437112929, 0.18330153471356037, 0.20526765704096459, 0.2127998148488105, 0.26017450267145525, 0.3222382691264347, 0.379043226448403, 0.40503553224233574, 0.4249644566417445, 0.43956857402961713, 0.4497060257884458, 0.45694615530877697, 0.46504886024349096, 0.46600279098899455, 0.47296923788444745, 0.47107428805807655, 0.46910443357425946, 0.4692553006159821, 0.47440163763858684, 0.4692143549294587, 0.47810616840194115, 0.47257597159163095, 0.46352206700947923, 0.47184332524254624, 0.4751467273765331, 0.47492657528011323], 'top_1_macro_precision': [0.07747790404040404, 0.04451556028734929, 0.12061603437115355, 0.15423184164169837, 0.1623689181585104, 0.3018818174886464, 0.37088317922314007, 0.3935337919535568, 0.40602512095231674, 0.45973585600339395, 0.4655700753466378, 0.469414139792403, 0.47832185560998414, 0.4782750937970549, 0.4820028673733779, 0.4865346261419985, 0.4807152022635982, 0.480221904412049, 0.4825286137882348, 0.4824152281369996, 0.47604439604671794, 0.4868255156460323, 0.47862894083985025, 0.47421471632449935, 0.4804879323126643, 0.4742546586855386, 0.480398677409547], 'top_1_macro_f1': [0.07679676427968599, 0.05633749318274555, 0.1342892605128438, 0.15623469396043535, 0.1637674564253961, 0.23741329002190534, 0.31077002968800893, 0.36161410658453436, 0.3905770758042706, 0.4215171794515831, 0.43637398093642915, 0.45078072173304834, 0.4581334030388404, 0.467558864905136, 0.4685041270850574, 0.4767434541901547, 0.4734589623129917, 0.4707733900002543, 0.4735609613448912, 0.4756243462658258, 0.47119177850513266, 0.48145313917511295, 0.47332939619362335, 0.46791271515762906, 0.47241996151740506, 0.4740563067860446, 0.47552680472153247], 'top_1_accuracy': [0.2863187588152327, 0.22284908321579688, 0.4033850493653032, 0.4513399153737659, 0.46403385049365303, 0.49647390691114246, 0.5557122708039492, 0.5571227080394923, 0.5811001410437235, 0.6727785613540197, 0.6755994358251057, 0.7009873060648801, 0.7207334273624824, 0.7334273624823695, 0.7447108603667136, 0.7574047954866009, 0.7503526093088858, 0.7475317348377997, 0.7531734837799718, 0.7574047954866009, 0.7447108603667136, 0.764456981664316, 0.7559943582510579, 0.7531734837799718, 0.7559943582510579, 0.7574047954866009, 0.764456981664316], 'top_1_micro_recall': [0.25311720698254364, 0.1970074812967581, 0.3566084788029925, 0.39900249376558605, 0.4102244389027431, 0.4389027431421446, 0.4912718204488778, 0.4925187032418953, 0.513715710723192, 0.5947630922693267, 0.5972568578553616, 0.6197007481296758, 0.6371571072319202, 0.6483790523690773, 0.6583541147132169, 0.669576059850374, 0.6633416458852868, 0.6608478802992519, 0.6658354114713217, 0.669576059850374, 0.6583541147132169, 0.6758104738154613, 0.6683291770573566, 0.6658354114713217, 0.6683291770573566, 0.669576059850374, 0.6758104738154613], 'top_1_micro_precision': [0.2863187588152327, 0.22284908321579688, 0.4033850493653032, 0.4513399153737659, 0.46403385049365303, 0.49647390691114246, 0.5557122708039492, 0.5571227080394923, 0.5811001410437235, 0.6727785613540197, 0.6755994358251057, 0.7009873060648801, 0.7207334273624824, 0.7334273624823695, 0.7447108603667136, 0.7574047954866009, 0.7503526093088858, 0.7475317348377997, 0.7531734837799718, 0.7574047954866009, 0.7447108603667136, 0.764456981664316, 0.7559943582510579, 0.7531734837799718, 0.7559943582510579, 0.7574047954866009, 0.764456981664316], 'top_1_micro_f1': [0.26869622766379886, 0.20913302448709464, 0.37855724685638653, 0.42356055592322966, 0.43547319655857053, 0.4659166115155526, 0.5215089344804765, 0.5228325612177367, 0.5453342157511581, 0.6313699536730641, 0.6340172071475844, 0.657842488418266, 0.6763732627399073, 0.6882859033752482, 0.6988749172733288, 0.7107875579086698, 0.7041694242223693, 0.7015221707478491, 0.7068166776968895, 0.7107875579086698, 0.6988749172733288, 0.7174056915949701, 0.7094639311714096, 0.7068166776968895, 0.7094639311714096, 0.7107875579086698, 0.7174056915949701], 'top_2_macro_recall': [0.1448714329149112, 0.16775767964910107, 0.2697618405201761, 0.33042089860853546, 0.36855310877764536, 0.4452686119312452, 0.44668597978104185, 0.49690703785003604, 0.528944133135208, 0.5473580299075098, 0.5350323994605927, 0.5579767752560314, 0.5786143081200463, 0.5659348292518267, 0.5716613958850684, 0.5898730677381909, 0.6028056425766549, 0.6249647231453334, 0.647989818944317, 0.6524728270690263, 0.6558061193647872, 0.6558636933968177, 0.6568999563820221, 0.6569964793456221, 0.6631104520278364, 0.6708208639700591, 0.6685602123218762], 'top_2_macro_precision': [0.043317327593816624, 0.07439138190250358, 0.12885449068263655, 0.17504485322090543, 0.2829050199066088, 0.2989713460727284, 0.2644355347981161, 0.2980904833866295, 0.3187378818205304, 0.3572797271277351, 0.3390524146173728, 0.372843500819439, 0.38061736966871496, 0.38149488219247785, 0.3767210490365373, 0.39618866450948514, 0.43070051590910013, 0.44164791960724303, 0.4045350643181159, 0.4136508155907508, 0.41370394426848395, 0.41270162209746936, 0.41403105199206464, 0.4256600621320125, 0.41993529311157296, 0.46075877009996036, 0.46585784471538233], 'top_2_macro_f1': [0.060900150044292285, 0.08557601961104282, 0.14701101970290645, 0.212549153546616, 0.24612152290122422, 0.3229685592523474, 0.3140987831974186, 0.34770683743051767, 0.3802687675322462, 0.40608752898084616, 0.39968412349161114, 0.4165598906945558, 0.4424248009087147, 0.4393410946103893, 0.44097817718942045, 0.46089934176505204, 0.4792902372606344, 0.49857394303882496, 0.47262803284163774, 0.48047803104884823, 0.48083010327149256, 0.4794818343686334, 0.4772955641917658, 0.4876301190017664, 0.48239886329187665, 0.49050339986874286, 0.49302538592478445], 'top_2_accuracy': [0.3751763046544429, 0.41607898448519043, 0.5782792665726375, 0.6205923836389281, 0.6558533145275035, 0.688293370944993, 0.7094499294781382, 0.7221438645980254, 0.7489421720733427, 0.8067700987306065, 0.8067700987306065, 0.8279266572637518, 0.844851904090268, 0.8194640338504936, 0.8166431593794076, 0.8547249647390691, 0.844851904090268, 0.8363892806770099, 0.843441466854725, 0.846262341325811, 0.840620592383639, 0.844851904090268, 0.8363892806770099, 0.849083215796897, 0.8504936530324401, 0.846262341325811, 0.846262341325811], 'top_2_micro_recall': [0.3316708229426434, 0.371571072319202, 0.5124688279301746, 0.5610972568578554, 0.6034912718204489, 0.6334164588528678, 0.6521197007481296, 0.6583541147132169, 0.6882793017456359, 0.7381546134663342, 0.7356608478802993, 0.7618453865336658, 0.7930174563591023, 0.7718204488778054, 0.7805486284289277, 0.8117206982543641, 0.8117206982543641, 0.8017456359102244, 0.8129675810473815, 0.816708229426434, 0.8117206982543641, 0.8179551122194514, 0.8079800498753117, 0.8204488778054863, 0.8216957605985037, 0.8216957605985037, 0.8216957605985037], 'top_2_micro_precision': [0.18758815232722145, 0.21015514809590974, 0.28984485190409026, 0.31734837799717913, 0.34132581100141046, 0.35825105782792666, 0.3688293370944993, 0.3723554301833568, 0.38928067700987307, 0.41748942172073344, 0.41607898448519043, 0.4308885754583921, 0.44851904090267986, 0.43653032440056416, 0.4414668547249647, 0.4590973201692525, 0.4590973201692525, 0.4534555712270804, 0.459802538787024, 0.4619181946403385, 0.4590973201692525, 0.46262341325811, 0.45698166431593795, 0.46403385049365303, 0.46473906911142454, 0.46473906911142454, 0.46473906911142454], 'top_2_micro_f1': [0.23963963963963963, 0.2684684684684685, 0.37027027027027026, 0.40540540540540543, 0.4360360360360361, 0.45765765765765765, 0.47117117117117113, 0.47567567567567565, 0.49729729729729727, 0.5333333333333333, 0.5315315315315315, 0.5504504504504504, 0.572972972972973, 0.5576576576576576, 0.563963963963964, 0.5864864864864865, 0.5864864864864865, 0.5792792792792792, 0.5873873873873874, 0.5900900900900901, 0.5864864864864865, 0.590990990990991, 0.5837837837837837, 0.5927927927927928, 0.5936936936936936, 0.5936936936936936, 0.5936936936936936], 'top_3_macro_recall': [0.1803305390261912, 0.22763126207124, 0.32300898005273865, 0.41507690917987783, 0.45383288536176986, 0.5393733564171149, 0.5469667974588318, 0.5948093822412054, 0.6207094275180574, 0.6358440183670999, 0.6267379964616282, 0.651737828492885, 0.6615932255962128, 0.6640554377383939, 0.6577724196746754, 0.7084153438748277, 0.6784946706782926, 0.7358420569163173, 0.7406254778465808, 0.7481640250758214, 0.7287567098002238, 0.7417439245919869, 0.7346510876967784, 0.7516611765228444, 0.7395880259887142, 0.7612139547359983, 0.7600219214123036], 'top_3_macro_precision': [0.03750386616900333, 0.0743670770352084, 0.09465252003768629, 0.15419049855012854, 0.2648339139373145, 0.26352476798973656, 0.28443720997433364, 0.26946119899026466, 0.30416825480641924, 0.3093396546383858, 0.3292106414157972, 0.31576771101461754, 0.3101943268275711, 0.3363657785776835, 0.31865620826129204, 0.38645782336448514, 0.3401548607459206, 0.36421700805043195, 0.3423391288341389, 0.3456792949031515, 0.34326422340584456, 0.343398950716862, 0.33054898702870555, 0.39852559501026263, 0.33864663144426826, 0.38765191644081887, 0.38725031216801004], 'top_3_macro_f1': [0.058342123726929256, 0.10151573748489186, 0.14390929331471689, 0.21520668720213526, 0.2812810283135346, 0.3279150511925396, 0.3397360546494876, 0.3470012562027627, 0.36973836296845575, 0.37700789270047036, 0.39317046185201837, 0.40445600918675384, 0.40333429487142247, 0.42105695025203377, 0.4093446814025734, 0.44155500579753204, 0.42956982655595916, 0.4521458983667561, 0.43601449268881926, 0.4402239343652791, 0.43279788475740033, 0.4382573074636458, 0.4259901972557456, 0.46446704700469915, 0.43121062133594423, 0.45981262047930255, 0.45724065784864987], 'top_3_accuracy': [0.4682651622002821, 0.5148095909732017, 0.7038081805359662, 0.7489421720733427, 0.7785613540197461, 0.7898448519040903, 0.8194640338504936, 0.8561354019746121, 0.8758815232722144, 0.8984485190409027, 0.9026798307475318, 0.8970380818053597, 0.9040902679830748, 0.9139633286318759, 0.8956276445698167, 0.921015514809591, 0.9153737658674189, 0.9097320169252469, 0.9153737658674189, 0.9125528913963329, 0.9111424541607899, 0.918194640338505, 0.9040902679830748, 0.9139633286318759, 0.9125528913963329, 0.919605077574048, 0.92524682651622], 'top_3_micro_recall': [0.42019950124688277, 0.4625935162094763, 0.6271820448877805, 0.6920199501246883, 0.7144638403990025, 0.7281795511221946, 0.7543640897755611, 0.7892768079800498, 0.8154613466334164, 0.8379052369077307, 0.8391521197007481, 0.8628428927680798, 0.8740648379052369, 0.8840399002493765, 0.8678304239401496, 0.8952618453865336, 0.8877805486284289, 0.8902743142144638, 0.8977556109725686, 0.9014962593516209, 0.8915211970074813, 0.9014962593516209, 0.8865336658354115, 0.8952618453865336, 0.8952618453865336, 0.9014962593516209, 0.9077306733167082], 'top_3_micro_precision': [0.15843911612599906, 0.17442407146215327, 0.23648330982604607, 0.2609308885754584, 0.2693935119887165, 0.2745651151857076, 0.2844381758345087, 0.29760225669957685, 0.307475317348378, 0.3159379407616361, 0.3164080865068171, 0.3253408556652562, 0.32957216737188527, 0.3333333333333333, 0.32722143864598024, 0.33756464503996236, 0.33474377056887633, 0.33568406205923834, 0.3385049365303244, 0.33991537376586745, 0.33615420780441935, 0.33991537376586745, 0.3342736248236953, 0.33756464503996236, 0.33756464503996236, 0.33991537376586745, 0.3422661024917725], 'top_3_micro_f1': [0.23011266643905773, 0.2533287811539775, 0.34346193240013656, 0.3789689313758962, 0.39125981563673606, 0.3987709115739161, 0.4131102765448958, 0.43222942983953566, 0.4465687948105156, 0.45885967907135544, 0.45954250597473545, 0.4725162171389553, 0.4786616592693752, 0.4841242744964151, 0.4752475247524752, 0.490269716626835, 0.4861727552065551, 0.48753840901331513, 0.49163537043359506, 0.49368385114373503, 0.4882212359166951, 0.49368385114373503, 0.4854899283031751, 0.490269716626835, 0.490269716626835, 0.49368385114373503, 0.49709798566063507], 'runtime': [1.0928, 1.083, 1.0721, 1.0719, 1.0916, 1.0511, 1.0621, 1.0727, 1.0824, 1.0896, 1.0847, 1.0783, 1.0909, 1.0656, 1.0582, 1.0753, 1.0876, 1.0897, 1.097, 1.0882, 1.0707, 1.0861, 1.0823, 1.0718, 1.0683, 1.075, 1.0885], 'samples_per_second': [648.804, 654.673, 661.322, 661.432, 649.52, 674.537, 667.519, 660.931, 655.036, 650.683, 653.62, 657.506, 649.91, 665.373, 670.021, 659.371, 651.919, 650.666, 646.325, 651.555, 662.159, 652.821, 655.101, 661.49, 663.699, 659.541, 651.359], 'steps_per_second': [21.047, 21.238, 21.453, 21.457, 21.07, 21.882, 21.654, 21.441, 21.249, 21.108, 21.203, 21.33, 21.083, 21.585, 21.736, 21.39, 21.148, 21.108, 20.967, 21.136, 21.48, 21.178, 21.252, 21.459, 21.53, 21.396, 21.13]})
lambda value for Optimized CLCE loss: 0.1

  0%|          | 0/690 [00:00<?, ?it/s]
  0%|          | 1/690 [00:00<08:03,  1.43it/s]
  0%|          | 2/690 [00:01<06:03,  1.89it/s]
  0%|          | 3/690 [00:01<05:25,  2.11it/s]
  1%|          | 4/690 [00:01<05:08,  2.22it/s]
  1%|          | 5/690 [00:02<04:57,  2.30it/s]
  1%|          | 6/690 [00:02<04:51,  2.34it/s]
  1%|          | 7/690 [00:03<04:48,  2.37it/s]
  1%|          | 8/690 [00:03<04:45,  2.39it/s]
  1%|▏         | 9/690 [00:03<04:42,  2.41it/s]
  1%|▏         | 10/690 [00:04<04:41,  2.41it/s]
  2%|▏         | 11/690 [00:04<04:40,  2.42it/s]
  2%|▏         | 12/690 [00:05<04:39,  2.43it/s]
  2%|▏         | 13/690 [00:05<04:39,  2.42it/s]
  2%|▏         | 14/690 [00:06<04:38,  2.43it/s]
  2%|▏         | 15/690 [00:06<04:37,  2.43it/s]
  2%|▏         | 16/690 [00:06<04:37,  2.43it/s]
  2%|▏         | 17/690 [00:07<04:36,  2.43it/s]
  3%|▎         | 18/690 [00:07<04:35,  2.44it/s]
  3%|▎         | 19/690 [00:08<04:35,  2.43it/s]
  3%|▎         | 20/690 [00:08<04:35,  2.43it/s]
  3%|▎         | 21/690 [00:08<04:35,  2.43it/s]
  3%|▎         | 22/690 [00:09<04:35,  2.43it/s]
  3%|▎         | 23/690 [00:09<03:40,  3.03it/s]
                                                

  3%|▎         | 23/690 [00:09<03:40,  3.03it/s]CL loss: 2.5287365913391113, CE loss: 0.6992748379707336, combined loss: 0.882220983505249
CL loss: 2.423920154571533, CE loss: 0.6589341163635254, combined loss: 0.8354327082633972
CL loss: 2.3278679847717285, CE loss: 0.5975270867347717, combined loss: 0.7705612182617188
CL loss: 2.438514471054077, CE loss: 0.5329565405845642, combined loss: 0.7235122919082642
CL loss: 2.2687013149261475, CE loss: 0.4852428436279297, combined loss: 0.6635887026786804
CL loss: 2.4538562297821045, CE loss: 0.44678354263305664, combined loss: 0.6474907994270325
CL loss: 2.2836971282958984, CE loss: 0.4178847670555115, combined loss: 0.6044659614562988
CL loss: 2.4064509868621826, CE loss: 0.38878750801086426, combined loss: 0.5905538201332092
CL loss: 2.507214069366455, CE loss: 0.3717825710773468, combined loss: 0.5853257179260254
CL loss: 2.320812702178955, CE loss: 0.3564530611038208, combined loss: 0.5528890490531921
CL loss: 2.347700834274292, CE loss: 0.34111154079437256, combined loss: 0.5417704582214355
CL loss: 2.3830320835113525, CE loss: 0.3285994529724121, combined loss: 0.5340427160263062
CL loss: 2.420440912246704, CE loss: 0.3127773106098175, combined loss: 0.523543655872345
CL loss: 2.4598307609558105, CE loss: 0.30540719628334045, combined loss: 0.5208495259284973
CL loss: 2.395949363708496, CE loss: 0.29717665910720825, combined loss: 0.5070539116859436
CL loss: 2.2954118251800537, CE loss: 0.28951945900917053, combined loss: 0.4901086986064911
CL loss: 2.276169776916504, CE loss: 0.2815905809402466, combined loss: 0.4810485243797302
CL loss: 2.339709520339966, CE loss: 0.27939915657043457, combined loss: 0.48543018102645874
CL loss: 2.1611580848693848, CE loss: 0.2722017168998718, combined loss: 0.4610973596572876
CL loss: 1.9960719347000122, CE loss: 0.2665126919746399, combined loss: 0.4394686222076416
CL loss: 1.9585464000701904, CE loss: 0.271162211894989, combined loss: 0.43990063667297363
CL loss: 1.7421691417694092, CE loss: 0.26883959770202637, combined loss: 0.4161725640296936
CL loss: 2.385033130645752, CE loss: 0.2611965537071228, combined loss: 0.4735802114009857
{'loss': 0.5726, 'grad_norm': 1.42754328250885, 'learning_rate': 4.8333333333333334e-05, 'epoch': 1.0}
CL loss: 1.967789649963379, CE loss: 0.2572803199291229, combined loss: 0.42833125591278076


  0%|          | 0/23 [00:00<?, ?it/s][A

 17%|█▋        | 4/23 [00:00<00:00, 39.81it/s][A

 35%|███▍      | 8/23 [00:00<00:00, 33.29it/s][A

 52%|█████▏    | 12/23 [00:00<00:00, 31.74it/s][A

 70%|██████▉   | 16/23 [00:00<00:00, 31.00it/s][A

 87%|████████▋ | 20/23 [00:00<00:00, 30.65it/s][A

                                               
[A
                                                

100%|██████████| 23/23 [00:00<00:00, 30.65it/s][A
  3%|▎         | 23/690 [00:10<03:40,  3.03it/s]

                                               [ACL loss: 1.6481401920318604, CE loss: 0.2587995231151581, combined loss: 0.39773356914520264
CL loss: 1.799815058708191, CE loss: 0.24329188466072083, combined loss: 0.3989441990852356
CL loss: 1.7643892765045166, CE loss: 0.24475932121276855, combined loss: 0.39672231674194336
CL loss: 1.7632900476455688, CE loss: 0.2424442172050476, combined loss: 0.3945288062095642
CL loss: 2.167365074157715, CE loss: 0.2428015023469925, combined loss: 0.43525785207748413
CL loss: 1.8450586795806885, CE loss: 0.2463294416666031, combined loss: 0.40620237588882446
CL loss: 1.1641675233840942, CE loss: 0.25061991810798645, combined loss: 0.341974675655365
CL loss: 1.7384828329086304, CE loss: 0.2476750612258911, combined loss: 0.39675581455230713
CL loss: 1.5456608533859253, CE loss: 0.24446500837802887, combined loss: 0.3745846152305603
CL loss: 1.8385429382324219, CE loss: 0.2495182752609253, combined loss: 0.40842074155807495
CL loss: 1.874361515045166, CE loss: 0.2579367756843567, combined loss: 0.41957923769950867
CL loss: 1.6769474744796753, CE loss: 0.24759189784526825, combined loss: 0.3905274569988251
CL loss: 1.8072388172149658, CE loss: 0.24556845426559448, combined loss: 0.40173548460006714
CL loss: 1.7181726694107056, CE loss: 0.24559038877487183, combined loss: 0.3928486108779907
CL loss: 2.0063557624816895, CE loss: 0.25369778275489807, combined loss: 0.4289636015892029
CL loss: 1.8125487565994263, CE loss: 0.25233370065689087, combined loss: 0.4083552062511444
CL loss: 2.186415433883667, CE loss: 0.24525506794452667, combined loss: 0.43937110900878906
CL loss: 1.8010748624801636, CE loss: 0.24268944561481476, combined loss: 0.39852797985076904
CL loss: 1.5480557680130005, CE loss: 0.24905714392662048, combined loss: 0.37895700335502625
CL loss: 1.9318351745605469, CE loss: 0.23766539990901947, combined loss: 0.40708237886428833
CL loss: 1.9638012647628784, CE loss: 0.24426811933517456, combined loss: 0.4162214398384094
CL loss: 0.0, CE loss: 0.24872523546218872, combined loss: 0.2238527089357376
{'eval_loss': 0.40153923630714417, 'eval_top_1_macro_recall': 0.12410629632312871, 'eval_top_1_macro_precision': 0.059089953410979695, 'eval_top_1_macro_f1': 0.07774097865858588, 'eval_top_1_accuracy': 0.31170662905500707, 'eval_top_1_micro_recall': 0.27556109725685785, 'eval_top_1_micro_precision': 0.31170662905500707, 'eval_top_1_micro_f1': 0.2925215089344805, 'eval_top_2_macro_recall': 0.16631445601855496, 'eval_top_2_macro_precision': 0.04996839870051407, 'eval_top_2_macro_f1': 0.07477409518689289, 'eval_top_2_accuracy': 0.4315937940761636, 'eval_top_2_micro_recall': 0.385286783042394, 'eval_top_2_micro_precision': 0.21791255289139633, 'eval_top_2_micro_f1': 0.2783783783783783, 'eval_top_3_macro_recall': 0.20821208866321647, 'eval_top_3_macro_precision': 0.048099636767039496, 'eval_top_3_macro_f1': 0.07615494675456581, 'eval_top_3_accuracy': 0.5190409026798307, 'eval_top_3_micro_recall': 0.4625935162094763, 'eval_top_3_micro_precision': 0.17442407146215327, 'eval_top_3_micro_f1': 0.2533287811539775, 'eval_runtime': 1.084, 'eval_samples_per_second': 654.063, 'eval_steps_per_second': 21.218, 'epoch': 1.0}

  3%|▎         | 24/690 [00:14<17:55,  1.61s/it]
  4%|▎         | 25/690 [00:14<13:53,  1.25s/it]
  4%|▍         | 26/690 [00:14<11:03,  1.00it/s]
  4%|▍         | 27/690 [00:15<09:05,  1.21it/s]
  4%|▍         | 28/690 [00:15<07:43,  1.43it/s]
  4%|▍         | 29/690 [00:16<06:44,  1.63it/s]
  4%|▍         | 30/690 [00:16<06:04,  1.81it/s]
  4%|▍         | 31/690 [00:16<05:36,  1.96it/s]
  5%|▍         | 32/690 [00:17<05:15,  2.08it/s]
  5%|▍         | 33/690 [00:17<05:02,  2.18it/s]
  5%|▍         | 34/690 [00:18<04:51,  2.25it/s]
  5%|▌         | 35/690 [00:18<04:44,  2.31it/s]
  5%|▌         | 36/690 [00:19<04:39,  2.34it/s]
  5%|▌         | 37/690 [00:19<04:35,  2.37it/s]
  6%|▌         | 38/690 [00:19<04:32,  2.39it/s]
  6%|▌         | 39/690 [00:20<04:31,  2.40it/s]
  6%|▌         | 40/690 [00:20<04:29,  2.41it/s]
  6%|▌         | 41/690 [00:21<04:28,  2.42it/s]
  6%|▌         | 42/690 [00:21<04:27,  2.42it/s]
  6%|▌         | 43/690 [00:21<04:26,  2.43it/s]
  6%|▋         | 44/690 [00:22<04:25,  2.43it/s]
  7%|▋         | 45/690 [00:22<04:25,  2.43it/s]
  7%|▋         | 46/690 [00:22<03:33,  3.02it/s]
                                                

  7%|▋         | 46/690 [00:22<03:33,  3.02it/s]CL loss: 1.8841350078582764, CE loss: 0.2500684857368469, combined loss: 0.4134751260280609
CL loss: 1.7250856161117554, CE loss: 0.24604332447052002, combined loss: 0.3939475417137146
CL loss: 1.833746075630188, CE loss: 0.2385358214378357, combined loss: 0.39805686473846436
CL loss: 1.694899082183838, CE loss: 0.23881909251213074, combined loss: 0.3844270706176758
CL loss: 1.6662086248397827, CE loss: 0.2337711602449417, combined loss: 0.3770149052143097
CL loss: 1.6484862565994263, CE loss: 0.2379259467124939, combined loss: 0.37898197770118713
CL loss: 1.7540005445480347, CE loss: 0.23017853498458862, combined loss: 0.38256072998046875
CL loss: 1.645987629890442, CE loss: 0.22601479291915894, combined loss: 0.36801207065582275
CL loss: 1.6997392177581787, CE loss: 0.21760286390781403, combined loss: 0.36581650376319885
CL loss: 1.5632551908493042, CE loss: 0.21816734969615936, combined loss: 0.352676123380661
CL loss: 1.6069650650024414, CE loss: 0.21209023892879486, combined loss: 0.3515776991844177
CL loss: 1.7356213331222534, CE loss: 0.2141120880842209, combined loss: 0.3662630319595337
CL loss: 1.6401275396347046, CE loss: 0.21008218824863434, combined loss: 0.3530867099761963
CL loss: 1.5544108152389526, CE loss: 0.2029164582490921, combined loss: 0.33806589245796204
CL loss: 1.7868812084197998, CE loss: 0.20822176337242126, combined loss: 0.3660877048969269
CL loss: 1.7636653184890747, CE loss: 0.20924881100654602, combined loss: 0.36469048261642456
CL loss: 1.500388503074646, CE loss: 0.19238975644111633, combined loss: 0.3231896162033081
CL loss: 1.5889012813568115, CE loss: 0.19783996045589447, combined loss: 0.3369460701942444
CL loss: 1.6948254108428955, CE loss: 0.2023574709892273, combined loss: 0.35160428285598755
CL loss: 1.7938566207885742, CE loss: 0.19101156294345856, combined loss: 0.351296067237854
CL loss: 1.6507840156555176, CE loss: 0.1947842538356781, combined loss: 0.34038424491882324
CL loss: 1.7307806015014648, CE loss: 0.1937623918056488, combined loss: 0.3474642038345337
CL loss: 2.297664165496826, CE loss: 0.19021470844745636, combined loss: 0.40095964074134827
{'loss': 0.3655, 'grad_norm': 1.4803783893585205, 'learning_rate': 4.666666666666667e-05, 'epoch': 2.0}
CL loss: 1.8121737241744995, CE loss: 0.1940629482269287, combined loss: 0.3558740019798279


  0%|          | 0/23 [00:00<?, ?it/s][A

 17%|█▋        | 4/23 [00:00<00:00, 39.82it/s][A

 35%|███▍      | 8/23 [00:00<00:00, 33.02it/s][A

 52%|█████▏    | 12/23 [00:00<00:00, 31.56it/s][A

 70%|██████▉   | 16/23 [00:00<00:00, 30.91it/s][A

 87%|████████▋ | 20/23 [00:00<00:00, 30.55it/s][A

                                               
[A
                                                

100%|██████████| 23/23 [00:00<00:00, 30.55it/s][A
  7%|▋         | 46/690 [00:24<03:33,  3.02it/s]

                                               [ACL loss: 1.4455256462097168, CE loss: 0.19821318984031677, combined loss: 0.32294443249702454
CL loss: 1.4231374263763428, CE loss: 0.17641623318195343, combined loss: 0.3010883331298828
CL loss: 1.481785774230957, CE loss: 0.17816703021526337, combined loss: 0.3085289001464844
CL loss: 1.5949081182479858, CE loss: 0.18090175092220306, combined loss: 0.3223024010658264
CL loss: 1.9826949834823608, CE loss: 0.18328560888767242, combined loss: 0.3632265329360962
CL loss: 1.6828290224075317, CE loss: 0.18435437977313995, combined loss: 0.334201842546463
CL loss: 1.1981451511383057, CE loss: 0.18557171523571014, combined loss: 0.28682905435562134
CL loss: 1.427873969078064, CE loss: 0.18261656165122986, combined loss: 0.30714231729507446
CL loss: 1.324283480644226, CE loss: 0.17942897975444794, combined loss: 0.29391443729400635
CL loss: 1.8481695652008057, CE loss: 0.19407474994659424, combined loss: 0.3594842255115509
CL loss: 1.6730049848556519, CE loss: 0.19606274366378784, combined loss: 0.3437569737434387
CL loss: 1.4461225271224976, CE loss: 0.18053215742111206, combined loss: 0.3070911765098572
CL loss: 1.5820544958114624, CE loss: 0.18659386038780212, combined loss: 0.3261399269104004
CL loss: 1.2358776330947876, CE loss: 0.18051323294639587, combined loss: 0.28604966402053833
CL loss: 1.934657335281372, CE loss: 0.18980932235717773, combined loss: 0.3642941117286682
CL loss: 1.5720279216766357, CE loss: 0.19227197766304016, combined loss: 0.33024758100509644
CL loss: 2.024404525756836, CE loss: 0.1863187551498413, combined loss: 0.3701273202896118
CL loss: 1.5150372982025146, CE loss: 0.17800258100032806, combined loss: 0.3117060661315918
CL loss: 1.4170341491699219, CE loss: 0.1837403029203415, combined loss: 0.30706965923309326
CL loss: 1.6601028442382812, CE loss: 0.1699233502149582, combined loss: 0.31894129514694214
CL loss: 1.8463481664657593, CE loss: 0.18331846594810486, combined loss: 0.34962141513824463
CL loss: 0.0, CE loss: 0.17443998157978058, combined loss: 0.1569959819316864
{'eval_loss': 0.3247441351413727, 'eval_top_1_macro_recall': 0.16139431376219296, 'eval_top_1_macro_precision': 0.0850980381700904, 'eval_top_1_macro_f1': 0.1080012819143254, 'eval_top_1_accuracy': 0.36812411847672777, 'eval_top_1_micro_recall': 0.3254364089775561, 'eval_top_1_micro_precision': 0.36812411847672777, 'eval_top_1_micro_f1': 0.3454665784248842, 'eval_top_2_macro_recall': 0.24556678591074402, 'eval_top_2_macro_precision': 0.13726300489159798, 'eval_top_2_macro_f1': 0.14934098169410015, 'eval_top_2_accuracy': 0.5585331452750353, 'eval_top_2_micro_recall': 0.49875311720698257, 'eval_top_2_micro_precision': 0.2820874471086037, 'eval_top_2_micro_f1': 0.36036036036036034, 'eval_top_3_macro_recall': 0.31165942718900214, 'eval_top_3_macro_precision': 0.11547009504379706, 'eval_top_3_macro_f1': 0.1546221599370952, 'eval_top_3_accuracy': 0.6530324400564175, 'eval_top_3_micro_recall': 0.5835411471321695, 'eval_top_3_micro_precision': 0.22002820874471085, 'eval_top_3_micro_f1': 0.31956299078183675, 'eval_runtime': 1.0725, 'eval_samples_per_second': 661.101, 'eval_steps_per_second': 21.446, 'epoch': 2.0}

  7%|▋         | 47/690 [00:27<17:35,  1.64s/it]
  7%|▋         | 48/690 [00:27<13:36,  1.27s/it]
  7%|▋         | 49/690 [00:28<10:50,  1.01s/it]
  7%|▋         | 50/690 [00:28<08:52,  1.20it/s]
  7%|▋         | 51/690 [00:29<07:31,  1.42it/s]
  8%|▊         | 52/690 [00:29<06:34,  1.62it/s]
  8%|▊         | 53/690 [00:30<05:53,  1.80it/s]
  8%|▊         | 54/690 [00:30<05:25,  1.95it/s]
  8%|▊         | 55/690 [00:30<05:06,  2.07it/s]
  8%|▊         | 56/690 [00:31<04:51,  2.18it/s]
  8%|▊         | 57/690 [00:31<04:41,  2.25it/s]
  8%|▊         | 58/690 [00:32<04:35,  2.30it/s]
  9%|▊         | 59/690 [00:32<04:29,  2.34it/s]
  9%|▊         | 60/690 [00:32<04:25,  2.37it/s]
  9%|▉         | 61/690 [00:33<04:23,  2.39it/s]
  9%|▉         | 62/690 [00:33<04:21,  2.40it/s]
  9%|▉         | 63/690 [00:34<04:19,  2.41it/s]
  9%|▉         | 64/690 [00:34<04:18,  2.42it/s]
  9%|▉         | 65/690 [00:34<04:17,  2.42it/s]
 10%|▉         | 66/690 [00:35<04:16,  2.43it/s]
 10%|▉         | 67/690 [00:35<04:16,  2.43it/s]
 10%|▉         | 68/690 [00:36<04:16,  2.43it/s]
 10%|█         | 69/690 [00:36<03:25,  3.03it/s]
                                                

 10%|█         | 69/690 [00:36<03:25,  3.03it/s]CL loss: 1.65691077709198, CE loss: 0.18572062253952026, combined loss: 0.33283963799476624
CL loss: 1.579764485359192, CE loss: 0.18378038704395294, combined loss: 0.3233788013458252
CL loss: 1.716657280921936, CE loss: 0.18937580287456512, combined loss: 0.3421039581298828
CL loss: 1.6118487119674683, CE loss: 0.18054385483264923, combined loss: 0.3236743211746216
CL loss: 1.4336730241775513, CE loss: 0.1885169893503189, combined loss: 0.3130325973033905
CL loss: 1.6678892374038696, CE loss: 0.18308715522289276, combined loss: 0.33156734704971313
CL loss: 1.6444380283355713, CE loss: 0.17887738347053528, combined loss: 0.3254334330558777
CL loss: 1.5812259912490845, CE loss: 0.18325228989124298, combined loss: 0.3230496644973755
CL loss: 1.5348316431045532, CE loss: 0.16840125620365143, combined loss: 0.3050442934036255
CL loss: 1.362804651260376, CE loss: 0.17359909415245056, combined loss: 0.29251962900161743
CL loss: 1.4949378967285156, CE loss: 0.17766498029232025, combined loss: 0.3093922734260559
CL loss: 1.4648041725158691, CE loss: 0.17422933876514435, combined loss: 0.3032868206501007
CL loss: 1.2217918634414673, CE loss: 0.17091600596904755, combined loss: 0.2760035991668701
CL loss: 1.4521830081939697, CE loss: 0.16845101118087769, combined loss: 0.29682421684265137
CL loss: 1.5188883543014526, CE loss: 0.17254957556724548, combined loss: 0.3071834444999695
CL loss: 1.2800631523132324, CE loss: 0.16570580005645752, combined loss: 0.2771415412425995
CL loss: 1.4488412141799927, CE loss: 0.17086826264858246, combined loss: 0.2986655533313751
CL loss: 1.5254322290420532, CE loss: 0.17760507762432098, combined loss: 0.3123877942562103
CL loss: 1.5890570878982544, CE loss: 0.17292064428329468, combined loss: 0.3145343065261841
CL loss: 1.4186522960662842, CE loss: 0.16524504125118256, combined loss: 0.2905857563018799
CL loss: 1.3644136190414429, CE loss: 0.1632416695356369, combined loss: 0.2833588719367981
CL loss: 1.3943289518356323, CE loss: 0.16384002566337585, combined loss: 0.28688889741897583
CL loss: 1.1667540073394775, CE loss: 0.15951284766197205, combined loss: 0.2602369487285614
{'loss': 0.3056, 'grad_norm': 1.1337119340896606, 'learning_rate': 4.5e-05, 'epoch': 3.0}
CL loss: 1.7143157720565796, CE loss: 0.16888609528541565, combined loss: 0.32342904806137085


  0%|          | 0/23 [00:00<?, ?it/s][A

 22%|██▏       | 5/23 [00:00<00:00, 37.51it/s][A

 39%|███▉      | 9/23 [00:00<00:00, 32.95it/s][A

 57%|█████▋    | 13/23 [00:00<00:00, 31.64it/s][A

 74%|███████▍  | 17/23 [00:00<00:00, 30.99it/s][A

 91%|█████████▏| 21/23 [00:00<00:00, 30.55it/s][A

                                               
[A
                                                

100%|██████████| 23/23 [00:01<00:00, 30.55it/s][A
 10%|█         | 69/690 [00:37<03:25,  3.03it/s]

                                               [ACL loss: 1.326965093612671, CE loss: 0.17323164641857147, combined loss: 0.2886049747467041
CL loss: 1.2503970861434937, CE loss: 0.14742310345172882, combined loss: 0.2577205002307892
CL loss: 1.3601511716842651, CE loss: 0.15570750832557678, combined loss: 0.2761518657207489
CL loss: 1.5123474597930908, CE loss: 0.15603135526180267, combined loss: 0.29166296124458313
CL loss: 1.8510255813598633, CE loss: 0.1583341360092163, combined loss: 0.327603280544281
CL loss: 1.5702476501464844, CE loss: 0.15918570756912231, combined loss: 0.30029189586639404
CL loss: 1.0645793676376343, CE loss: 0.15873326361179352, combined loss: 0.24931788444519043
CL loss: 1.09701406955719, CE loss: 0.1568889021873474, combined loss: 0.25090140104293823
CL loss: 1.3950815200805664, CE loss: 0.15624859929084778, combined loss: 0.28013187646865845
CL loss: 1.4820183515548706, CE loss: 0.17167358100414276, combined loss: 0.30270805954933167
CL loss: 1.518921971321106, CE loss: 0.17010267078876495, combined loss: 0.30498459935188293
CL loss: 1.3060455322265625, CE loss: 0.15465247631072998, combined loss: 0.26979178190231323
CL loss: 1.5135332345962524, CE loss: 0.16435591876506805, combined loss: 0.29927366971969604
CL loss: 1.1158188581466675, CE loss: 0.15102238953113556, combined loss: 0.24750202894210815
CL loss: 1.676758885383606, CE loss: 0.16751578450202942, combined loss: 0.3184400796890259
CL loss: 1.3052033185958862, CE loss: 0.1696149706840515, combined loss: 0.2831737995147705
CL loss: 1.896501898765564, CE loss: 0.16054610908031464, combined loss: 0.33414167165756226
CL loss: 1.362383246421814, CE loss: 0.1545422077178955, combined loss: 0.27532631158828735
CL loss: 0.9057854413986206, CE loss: 0.15304696559906006, combined loss: 0.22832080721855164
CL loss: 1.3509266376495361, CE loss: 0.1428518295288086, combined loss: 0.2636592984199524
CL loss: 1.900917410850525, CE loss: 0.16157810389995575, combined loss: 0.33551204204559326
CL loss: 0.0, CE loss: 0.13869783282279968, combined loss: 0.1248280480504036
{'eval_loss': 0.28561487793922424, 'eval_top_1_macro_recall': 0.19351868800088043, 'eval_top_1_macro_precision': 0.13045358575443602, 'eval_top_1_macro_f1': 0.14834454692324997, 'eval_top_1_accuracy': 0.4386459802538787, 'eval_top_1_micro_recall': 0.3877805486284289, 'eval_top_1_micro_precision': 0.4386459802538787, 'eval_top_1_micro_f1': 0.41164791528788885, 'eval_top_2_macro_recall': 0.2781696260495743, 'eval_top_2_macro_precision': 0.15843625682139212, 'eval_top_2_macro_f1': 0.17189984158874536, 'eval_top_2_accuracy': 0.5853314527503526, 'eval_top_2_micro_recall': 0.5211970074812967, 'eval_top_2_micro_precision': 0.2947813822284908, 'eval_top_2_micro_f1': 0.37657657657657656, 'eval_top_3_macro_recall': 0.3638682638314927, 'eval_top_3_macro_precision': 0.1620603259289491, 'eval_top_3_macro_f1': 0.20346670124374303, 'eval_top_3_accuracy': 0.7249647390691114, 'eval_top_3_micro_recall': 0.6458852867830424, 'eval_top_3_micro_precision': 0.24353549600376118, 'eval_top_3_micro_f1': 0.3537043359508365, 'eval_runtime': 1.0876, 'eval_samples_per_second': 651.88, 'eval_steps_per_second': 21.147, 'epoch': 3.0}

 10%|█         | 70/690 [00:40<16:45,  1.62s/it]
 10%|█         | 71/690 [00:41<12:58,  1.26s/it]
 10%|█         | 72/690 [00:41<10:20,  1.00s/it]
 11%|█         | 73/690 [00:42<08:31,  1.21it/s]
 11%|█         | 74/690 [00:42<07:13,  1.42it/s]
 11%|█         | 75/690 [00:43<06:18,  1.62it/s]
 11%|█         | 76/690 [00:43<05:40,  1.81it/s]
 11%|█         | 77/690 [00:43<05:13,  1.95it/s]
 11%|█▏        | 78/690 [00:44<04:54,  2.08it/s]
 11%|█▏        | 79/690 [00:44<04:41,  2.17it/s]
 12%|█▏        | 80/690 [00:45<04:32,  2.24it/s]
 12%|█▏        | 81/690 [00:45<04:25,  2.29it/s]
 12%|█▏        | 82/690 [00:45<04:20,  2.33it/s]
 12%|█▏        | 83/690 [00:46<04:17,  2.36it/s]
 12%|█▏        | 84/690 [00:46<04:14,  2.38it/s]
 12%|█▏        | 85/690 [00:47<04:12,  2.39it/s]
 12%|█▏        | 86/690 [00:47<04:10,  2.41it/s]
 13%|█▎        | 87/690 [00:47<04:10,  2.41it/s]
 13%|█▎        | 88/690 [00:48<04:09,  2.42it/s]
 13%|█▎        | 89/690 [00:48<04:08,  2.42it/s]
 13%|█▎        | 90/690 [00:49<04:08,  2.42it/s]
 13%|█▎        | 91/690 [00:49<04:06,  2.43it/s]
 13%|█▎        | 92/690 [00:49<03:15,  3.07it/s]
                                                

 13%|█▎        | 92/690 [00:49<03:15,  3.07it/s]CL loss: 1.4267776012420654, CE loss: 0.16544483602046967, combined loss: 0.29157811403274536
CL loss: 1.5141006708145142, CE loss: 0.16728277504444122, combined loss: 0.30196458101272583
CL loss: 1.3201810121536255, CE loss: 0.15863241255283356, combined loss: 0.2747872769832611
CL loss: 1.4702250957489014, CE loss: 0.16511720418930054, combined loss: 0.29562801122665405
CL loss: 1.2674106359481812, CE loss: 0.15495480597019196, combined loss: 0.26620039343833923
CL loss: 1.3377279043197632, CE loss: 0.15769925713539124, combined loss: 0.2757021188735962
CL loss: 1.4489476680755615, CE loss: 0.16254259645938873, combined loss: 0.29118311405181885
CL loss: 1.3991739749908447, CE loss: 0.1601300686597824, combined loss: 0.28403446078300476
CL loss: 1.3944209814071655, CE loss: 0.15756461024284363, combined loss: 0.2812502384185791
CL loss: 1.3880164623260498, CE loss: 0.1569957286119461, combined loss: 0.2800977826118469
CL loss: 1.230276107788086, CE loss: 0.1513688862323761, combined loss: 0.2592596113681793
CL loss: 1.3850351572036743, CE loss: 0.15921461582183838, combined loss: 0.2817966938018799
CL loss: 1.268263578414917, CE loss: 0.1503159999847412, combined loss: 0.26211076974868774
CL loss: 1.3213715553283691, CE loss: 0.1558268815279007, combined loss: 0.27238136529922485
CL loss: 1.28843355178833, CE loss: 0.15655624866485596, combined loss: 0.26974397897720337
CL loss: 1.3897353410720825, CE loss: 0.16158120334148407, combined loss: 0.28439661860466003
CL loss: 1.4191431999206543, CE loss: 0.1621083766222, combined loss: 0.28781187534332275
CL loss: 1.339598536491394, CE loss: 0.1506350338459015, combined loss: 0.26953136920928955
CL loss: 1.2495471239089966, CE loss: 0.14829957485198975, combined loss: 0.2584243416786194
CL loss: 1.391326904296875, CE loss: 0.1504243165254593, combined loss: 0.2745145559310913
CL loss: 1.2430577278137207, CE loss: 0.14769144356250763, combined loss: 0.2572280764579773
CL loss: 1.2218434810638428, CE loss: 0.15010389685630798, combined loss: 0.25727784633636475
CL loss: 2.280364751815796, CE loss: 0.14273589849472046, combined loss: 0.3564987778663635
{'loss': 0.2797, 'grad_norm': 2.6150259971618652, 'learning_rate': 4.3333333333333334e-05, 'epoch': 4.0}
CL loss: 1.531898856163025, CE loss: 0.15228785574436188, combined loss: 0.29024893045425415


  0%|          | 0/23 [00:00<?, ?it/s][A

 17%|█▋        | 4/23 [00:00<00:00, 39.91it/s][A

 35%|███▍      | 8/23 [00:00<00:00, 33.29it/s][A

 52%|█████▏    | 12/23 [00:00<00:00, 31.57it/s][A

 70%|██████▉   | 16/23 [00:00<00:00, 30.91it/s][A

 87%|████████▋ | 20/23 [00:00<00:00, 30.59it/s][A

                                               
[A
                                                

100%|██████████| 23/23 [00:01<00:00, 30.59it/s][A
 13%|█▎        | 92/690 [00:51<03:15,  3.07it/s]

                                               [ACL loss: 1.3633888959884644, CE loss: 0.15657395124435425, combined loss: 0.27725544571876526
CL loss: 1.194773554801941, CE loss: 0.13166020810604095, combined loss: 0.23797154426574707
CL loss: 1.4456344842910767, CE loss: 0.14471028745174408, combined loss: 0.27480268478393555
CL loss: 1.3810220956802368, CE loss: 0.14241532981395721, combined loss: 0.2662760019302368
CL loss: 1.8448669910430908, CE loss: 0.14567162096500397, combined loss: 0.31559115648269653
CL loss: 1.4590263366699219, CE loss: 0.14651155471801758, combined loss: 0.2777630090713501
CL loss: 0.9394959807395935, CE loss: 0.1439559906721115, combined loss: 0.2235099822282791
CL loss: 1.1431187391281128, CE loss: 0.14701847732067108, combined loss: 0.24662849307060242
CL loss: 1.373347282409668, CE loss: 0.1451360285282135, combined loss: 0.2679571509361267
CL loss: 1.5050654411315918, CE loss: 0.16333584487438202, combined loss: 0.29750877618789673
CL loss: 1.4444429874420166, CE loss: 0.1584082990884781, combined loss: 0.2870117723941803
CL loss: 1.3431816101074219, CE loss: 0.1453295648097992, combined loss: 0.26511478424072266
CL loss: 1.4827364683151245, CE loss: 0.153976708650589, combined loss: 0.2868526875972748
CL loss: 1.180433750152588, CE loss: 0.14134667813777924, combined loss: 0.24525538086891174
CL loss: 1.6329954862594604, CE loss: 0.15326575934886932, combined loss: 0.3012387156486511
CL loss: 1.3367629051208496, CE loss: 0.15773865580558777, combined loss: 0.2756410837173462
CL loss: 1.823486328125, CE loss: 0.14699947834014893, combined loss: 0.3146481513977051
CL loss: 1.2018237113952637, CE loss: 0.1425601989030838, combined loss: 0.24848654866218567
CL loss: 0.8480960726737976, CE loss: 0.13544486463069916, combined loss: 0.20670998096466064
CL loss: 1.4940651655197144, CE loss: 0.1350085288286209, combined loss: 0.2709141969680786
CL loss: 1.8615549802780151, CE loss: 0.151087686419487, combined loss: 0.322134405374527
CL loss: 0.0, CE loss: 0.1254831850528717, combined loss: 0.11293486505746841
{'eval_loss': 0.27157875895500183, 'eval_top_1_macro_recall': 0.19740443744150574, 'eval_top_1_macro_precision': 0.13644448376163834, 'eval_top_1_macro_f1': 0.15396382904747855, 'eval_top_1_accuracy': 0.44428772919605075, 'eval_top_1_micro_recall': 0.39276807980049877, 'eval_top_1_micro_precision': 0.44428772919605075, 'eval_top_1_micro_f1': 0.4169424222369292, 'eval_top_2_macro_recall': 0.3084784732072057, 'eval_top_2_macro_precision': 0.1642658772998665, 'eval_top_2_macro_f1': 0.1973035501526823, 'eval_top_2_accuracy': 0.6332863187588152, 'eval_top_2_micro_recall': 0.5635910224438903, 'eval_top_2_micro_precision': 0.31875881523272215, 'eval_top_2_micro_f1': 0.4072072072072072, 'eval_top_3_macro_recall': 0.41069963753143396, 'eval_top_3_macro_precision': 0.2017120626727814, 'eval_top_3_macro_f1': 0.25181170413196224, 'eval_top_3_accuracy': 0.7616361071932299, 'eval_top_3_micro_recall': 0.6932668329177057, 'eval_top_3_micro_precision': 0.2614010343206394, 'eval_top_3_micro_f1': 0.3796517582792762, 'eval_runtime': 1.0981, 'eval_samples_per_second': 645.637, 'eval_steps_per_second': 20.944, 'epoch': 4.0}

 13%|█▎        | 93/690 [00:54<16:05,  1.62s/it]
 14%|█▎        | 94/690 [00:54<12:29,  1.26s/it]
 14%|█▍        | 95/690 [00:55<09:56,  1.00s/it]
 14%|█▍        | 96/690 [00:55<08:10,  1.21it/s]
 14%|█▍        | 97/690 [00:55<06:56,  1.43it/s]
 14%|█▍        | 98/690 [00:56<06:03,  1.63it/s]
 14%|█▍        | 99/690 [00:56<05:27,  1.81it/s]
 14%|█▍        | 100/690 [00:57<05:01,  1.96it/s]
 15%|█▍        | 101/690 [00:57<04:43,  2.08it/s]
 15%|█▍        | 102/690 [00:58<04:30,  2.17it/s]
 15%|█▍        | 103/690 [00:58<04:21,  2.25it/s]
 15%|█▌        | 104/690 [00:58<04:15,  2.30it/s]
 15%|█▌        | 105/690 [00:59<04:10,  2.33it/s]
 15%|█▌        | 106/690 [00:59<04:07,  2.36it/s]
 16%|█▌        | 107/690 [01:00<04:05,  2.38it/s]
 16%|█▌        | 108/690 [01:00<04:02,  2.40it/s]
 16%|█▌        | 109/690 [01:00<04:01,  2.40it/s]
 16%|█▌        | 110/690 [01:01<04:00,  2.41it/s]
 16%|█▌        | 111/690 [01:01<03:58,  2.42it/s]
 16%|█▌        | 112/690 [01:02<03:58,  2.42it/s]
 16%|█▋        | 113/690 [01:02<03:57,  2.43it/s]
 17%|█▋        | 114/690 [01:02<03:57,  2.43it/s]
 17%|█▋        | 115/690 [01:03<03:29,  2.75it/s]
                                                 

 17%|█▋        | 115/690 [01:03<03:29,  2.75it/s]CL loss: 1.2443821430206299, CE loss: 0.13943317532539368, combined loss: 0.2499280869960785
CL loss: 1.4892728328704834, CE loss: 0.1526964157819748, combined loss: 0.28635406494140625
CL loss: 1.3721632957458496, CE loss: 0.15173888206481934, combined loss: 0.27378129959106445
CL loss: 1.513094425201416, CE loss: 0.15590894222259521, combined loss: 0.2916274964809418
CL loss: 1.3008707761764526, CE loss: 0.1574203372001648, combined loss: 0.2717653810977936
CL loss: 1.1777218580245972, CE loss: 0.14258603751659393, combined loss: 0.24609962105751038
CL loss: 1.2889338731765747, CE loss: 0.14561474323272705, combined loss: 0.25994664430618286
CL loss: 1.4177981615066528, CE loss: 0.1485873907804489, combined loss: 0.27550846338272095
CL loss: 1.3506662845611572, CE loss: 0.14372090995311737, combined loss: 0.264415442943573
CL loss: 1.3570054769515991, CE loss: 0.14207908511161804, combined loss: 0.26357173919677734
CL loss: 1.1372724771499634, CE loss: 0.14132297039031982, combined loss: 0.24091792106628418
CL loss: 1.2297213077545166, CE loss: 0.1466386765241623, combined loss: 0.2549469470977783
CL loss: 1.1708494424819946, CE loss: 0.14540451765060425, combined loss: 0.2479490041732788
CL loss: 1.1209520101547241, CE loss: 0.13639459013938904, combined loss: 0.23485031723976135
CL loss: 1.1695857048034668, CE loss: 0.14566460251808167, combined loss: 0.24805670976638794
CL loss: 1.292062520980835, CE loss: 0.14798736572265625, combined loss: 0.26239487528800964
CL loss: 1.3444989919662476, CE loss: 0.14578917622566223, combined loss: 0.2656601667404175
CL loss: 1.2961498498916626, CE loss: 0.14758752286434174, combined loss: 0.26244378089904785
CL loss: 1.2634806632995605, CE loss: 0.14466853439807892, combined loss: 0.25654974579811096
CL loss: 1.1557564735412598, CE loss: 0.13714420795440674, combined loss: 0.2390054315328598
CL loss: 1.1694499254226685, CE loss: 0.13516195118427277, combined loss: 0.23859074711799622
CL loss: 1.1839628219604492, CE loss: 0.13614943623542786, combined loss: 0.24093076586723328
CL loss: 0.4309849739074707, CE loss: 0.1313396692276001, combined loss: 0.16130419075489044
{'loss': 0.2538, 'grad_norm': 1.1254128217697144, 'learning_rate': 4.166666666666667e-05, 'epoch': 5.0}
CL loss: 1.48585844039917, CE loss: 0.14285151660442352, combined loss: 0.2771521806716919


  0%|          | 0/23 [00:00<?, ?it/s][A

 17%|█▋        | 4/23 [00:00<00:00, 39.85it/s][A

 35%|███▍      | 8/23 [00:00<00:00, 33.24it/s][A

 52%|█████▏    | 12/23 [00:00<00:00, 31.64it/s][A

 70%|██████▉   | 16/23 [00:00<00:00, 30.91it/s][A

 87%|████████▋ | 20/23 [00:00<00:00, 30.51it/s][A

                                               
[A
                                                 

100%|██████████| 23/23 [00:01<00:00, 30.51it/s][A
 17%|█▋        | 115/690 [01:04<03:29,  2.75it/s]

                                               [ACL loss: 1.4874945878982544, CE loss: 0.15208591520786285, combined loss: 0.28562676906585693
CL loss: 1.2567672729492188, CE loss: 0.12184495478868484, combined loss: 0.23533719778060913
CL loss: 1.5351828336715698, CE loss: 0.1369277536869049, combined loss: 0.2767532467842102
CL loss: 1.3183364868164062, CE loss: 0.13113141059875488, combined loss: 0.24985192716121674
CL loss: 1.691249132156372, CE loss: 0.1352636218070984, combined loss: 0.29086217284202576
CL loss: 1.4382423162460327, CE loss: 0.13924573361873627, combined loss: 0.2691453695297241
CL loss: 1.0452971458435059, CE loss: 0.12995798885822296, combined loss: 0.22149190306663513
CL loss: 0.9177830815315247, CE loss: 0.1305808275938034, combined loss: 0.20930105447769165
CL loss: 1.2092655897140503, CE loss: 0.13609401881694794, combined loss: 0.24341118335723877
CL loss: 1.4134939908981323, CE loss: 0.15079562366008759, combined loss: 0.2770654559135437
CL loss: 1.1255887746810913, CE loss: 0.14531882107257843, combined loss: 0.24334582686424255
CL loss: 1.2360031604766846, CE loss: 0.13445936143398285, combined loss: 0.24461373686790466
CL loss: 1.659133791923523, CE loss: 0.1401720643043518, combined loss: 0.2920682430267334
CL loss: 1.0736687183380127, CE loss: 0.1261155605316162, combined loss: 0.22087088227272034
CL loss: 1.7202332019805908, CE loss: 0.1407102346420288, combined loss: 0.29866254329681396
CL loss: 1.235029697418213, CE loss: 0.14531926810741425, combined loss: 0.25429031252861023
CL loss: 1.4297534227371216, CE loss: 0.13507263362407684, combined loss: 0.2645407021045685
CL loss: 1.0572495460510254, CE loss: 0.12822899222373962, combined loss: 0.22113104164600372
CL loss: 0.9761544466018677, CE loss: 0.12284959852695465, combined loss: 0.20818006992340088
CL loss: 1.4953546524047852, CE loss: 0.12175548076629639, combined loss: 0.25911539793014526
CL loss: 1.727386236190796, CE loss: 0.13937783241271973, combined loss: 0.29817867279052734
CL loss: 0.0, CE loss: 0.11922386288642883, combined loss: 0.10730147361755371
{'eval_loss': 0.25535738468170166, 'eval_top_1_macro_recall': 0.2152708200945816, 'eval_top_1_macro_precision': 0.22570039320755653, 'eval_top_1_macro_f1': 0.17564651065106893, 'eval_top_1_accuracy': 0.4682651622002821, 'eval_top_1_micro_recall': 0.4139650872817955, 'eval_top_1_micro_precision': 0.4682651622002821, 'eval_top_1_micro_f1': 0.4394440767703508, 'eval_top_2_macro_recall': 0.34489310599254125, 'eval_top_2_macro_precision': 0.20806910789238506, 'eval_top_2_macro_f1': 0.2347857242381649, 'eval_top_2_accuracy': 0.6389280677009873, 'eval_top_2_micro_recall': 0.5798004987531172, 'eval_top_2_micro_precision': 0.32792665726375175, 'eval_top_2_micro_f1': 0.4189189189189189, 'eval_top_3_macro_recall': 0.47307369733102733, 'eval_top_3_macro_precision': 0.21124723366658965, 'eval_top_3_macro_f1': 0.2741628512079463, 'eval_top_3_accuracy': 0.7757404795486601, 'eval_top_3_micro_recall': 0.7219451371571073, 'eval_top_3_micro_precision': 0.27221438645980256, 'eval_top_3_micro_f1': 0.39535677705701605, 'eval_runtime': 1.0968, 'eval_samples_per_second': 646.454, 'eval_steps_per_second': 20.971, 'epoch': 5.0}

 17%|█▋        | 116/690 [01:08<16:40,  1.74s/it]
 17%|█▋        | 117/690 [01:08<12:49,  1.34s/it]
 17%|█▋        | 118/690 [01:09<10:08,  1.06s/it]
 17%|█▋        | 119/690 [01:09<08:15,  1.15it/s]
 17%|█▋        | 120/690 [01:09<06:56,  1.37it/s]
 18%|█▊        | 121/690 [01:10<06:01,  1.57it/s]
 18%|█▊        | 122/690 [01:10<05:22,  1.76it/s]
 18%|█▊        | 123/690 [01:11<04:54,  1.92it/s]
 18%|█▊        | 124/690 [01:11<04:35,  2.05it/s]
 18%|█▊        | 125/690 [01:11<04:22,  2.15it/s]
 18%|█▊        | 126/690 [01:12<04:12,  2.24it/s]
 18%|█▊        | 127/690 [01:12<04:06,  2.29it/s]
 19%|█▊        | 128/690 [01:13<04:01,  2.33it/s]
 19%|█▊        | 129/690 [01:13<03:57,  2.36it/s]
 19%|█▉        | 130/690 [01:13<03:55,  2.38it/s]
 19%|█▉        | 131/690 [01:14<03:53,  2.40it/s]
 19%|█▉        | 132/690 [01:14<03:51,  2.41it/s]
 19%|█▉        | 133/690 [01:15<03:50,  2.42it/s]
 19%|█▉        | 134/690 [01:15<03:49,  2.42it/s]
 20%|█▉        | 135/690 [01:16<03:48,  2.43it/s]
 20%|█▉        | 136/690 [01:16<03:47,  2.43it/s]
 20%|█▉        | 137/690 [01:16<03:47,  2.43it/s]
 20%|██        | 138/690 [01:16<03:01,  3.03it/s]
                                                 

 20%|██        | 138/690 [01:17<03:01,  3.03it/s]CL loss: 1.3423757553100586, CE loss: 0.14167213439941406, combined loss: 0.2617424726486206
CL loss: 1.2319549322128296, CE loss: 0.14025922119617462, combined loss: 0.24942877888679504
CL loss: 1.2024657726287842, CE loss: 0.13255444169044495, combined loss: 0.23954558372497559
CL loss: 1.2194204330444336, CE loss: 0.14329680800437927, combined loss: 0.25090914964675903
CL loss: 1.1362252235412598, CE loss: 0.13294997811317444, combined loss: 0.23327749967575073
CL loss: 1.2340843677520752, CE loss: 0.1433444321155548, combined loss: 0.2524184286594391
CL loss: 1.1608353853225708, CE loss: 0.13917937874794006, combined loss: 0.24134498834609985
CL loss: 1.1802891492843628, CE loss: 0.14341561496257782, combined loss: 0.24710297584533691
CL loss: 1.2706634998321533, CE loss: 0.13832004368305206, combined loss: 0.251554399728775
CL loss: 1.1855711936950684, CE loss: 0.13224831223487854, combined loss: 0.23758059740066528
CL loss: 1.3188174962997437, CE loss: 0.13760662078857422, combined loss: 0.25572770833969116
CL loss: 1.1977325677871704, CE loss: 0.12846842408180237, combined loss: 0.23539483547210693
CL loss: 1.0819194316864014, CE loss: 0.12928646802902222, combined loss: 0.2245497703552246
CL loss: 1.0751453638076782, CE loss: 0.13199934363365173, combined loss: 0.22631394863128662
CL loss: 1.0414409637451172, CE loss: 0.12539269030094147, combined loss: 0.21699750423431396
CL loss: 1.2550350427627563, CE loss: 0.13404794037342072, combined loss: 0.24614664912223816
CL loss: 1.1972565650939941, CE loss: 0.12804171442985535, combined loss: 0.23496320843696594
CL loss: 1.1643584966659546, CE loss: 0.1330464631319046, combined loss: 0.23617765307426453
CL loss: 1.0662723779678345, CE loss: 0.12478083372116089, combined loss: 0.21892999112606049
CL loss: 1.1377439498901367, CE loss: 0.13713397085666656, combined loss: 0.2371949702501297
CL loss: 1.2355581521987915, CE loss: 0.14216366410255432, combined loss: 0.2515031099319458
CL loss: 1.2379506826400757, CE loss: 0.14147213101387024, combined loss: 0.2511199712753296
CL loss: 1.1958699226379395, CE loss: 0.1390894502401352, combined loss: 0.24476748704910278
{'loss': 0.2411, 'grad_norm': 2.403028726577759, 'learning_rate': 4e-05, 'epoch': 6.0}
CL loss: 1.480492353439331, CE loss: 0.13136592507362366, combined loss: 0.26627856492996216


  0%|          | 0/23 [00:00<?, ?it/s][A

 22%|██▏       | 5/23 [00:00<00:00, 37.63it/s][A

 39%|███▉      | 9/23 [00:00<00:00, 33.14it/s][A

 57%|█████▋    | 13/23 [00:00<00:00, 31.72it/s][A

 74%|███████▍  | 17/23 [00:00<00:00, 31.06it/s][A

 91%|█████████▏| 21/23 [00:00<00:00, 30.61it/s][A

                                               
[A
                                                 

100%|██████████| 23/23 [00:00<00:00, 30.61it/s][A
 20%|██        | 138/690 [01:18<03:01,  3.03it/s]

                                               [ACL loss: 1.499181866645813, CE loss: 0.14387238025665283, combined loss: 0.27940332889556885
CL loss: 1.1446174383163452, CE loss: 0.11097713559865952, combined loss: 0.2143411636352539
CL loss: 1.2179532051086426, CE loss: 0.12516717612743378, combined loss: 0.23444578051567078
CL loss: 1.3901174068450928, CE loss: 0.12212078273296356, combined loss: 0.24892044067382812
CL loss: 1.5388357639312744, CE loss: 0.1253373920917511, combined loss: 0.26668721437454224
CL loss: 1.2634721994400024, CE loss: 0.13163164258003235, combined loss: 0.24481570720672607
CL loss: 0.9402047991752625, CE loss: 0.12265647947788239, combined loss: 0.20441129803657532
CL loss: 0.9570004343986511, CE loss: 0.12074729055166245, combined loss: 0.2043726146221161
CL loss: 1.2395390272140503, CE loss: 0.12901988625526428, combined loss: 0.24007180333137512
CL loss: 1.208316683769226, CE loss: 0.140227273106575, combined loss: 0.24703620374202728
CL loss: 1.2183585166931152, CE loss: 0.13572075963020325, combined loss: 0.24398452043533325
CL loss: 1.09018874168396, CE loss: 0.12347047030925751, combined loss: 0.22014230489730835
CL loss: 1.4400421380996704, CE loss: 0.13313831388950348, combined loss: 0.26382869482040405
CL loss: 1.0281260013580322, CE loss: 0.1182246208190918, combined loss: 0.20921476185321808
CL loss: 1.5049105882644653, CE loss: 0.13056206703186035, combined loss: 0.2679969072341919
CL loss: 1.2528613805770874, CE loss: 0.13816021382808685, combined loss: 0.24963033199310303
CL loss: 1.3569968938827515, CE loss: 0.12901724874973297, combined loss: 0.25181519985198975
CL loss: 1.1154712438583374, CE loss: 0.12280165404081345, combined loss: 0.22206860780715942
CL loss: 0.9891485571861267, CE loss: 0.11225007474422455, combined loss: 0.19993992149829865
CL loss: 1.6888656616210938, CE loss: 0.11554089933633804, combined loss: 0.2728733718395233
CL loss: 1.8314518928527832, CE loss: 0.13397644460201263, combined loss: 0.3037239909172058
CL loss: 0.0, CE loss: 0.11172959208488464, combined loss: 0.1005566269159317
{'eval_loss': 0.2424469143152237, 'eval_top_1_macro_recall': 0.26393619166612353, 'eval_top_1_macro_precision': 0.24323107800073343, 'eval_top_1_macro_f1': 0.2305499273953721, 'eval_top_1_accuracy': 0.5246826516220028, 'eval_top_1_micro_recall': 0.46384039900249374, 'eval_top_1_micro_precision': 0.5246826516220028, 'eval_top_1_micro_f1': 0.4923891462607544, 'eval_top_2_macro_recall': 0.4494448096253914, 'eval_top_2_macro_precision': 0.26140267440966974, 'eval_top_2_macro_f1': 0.318061538384703, 'eval_top_2_accuracy': 0.6995768688293371, 'eval_top_2_micro_recall': 0.6446384039900249, 'eval_top_2_micro_precision': 0.36459802538787023, 'eval_top_2_micro_f1': 0.4657657657657658, 'eval_top_3_macro_recall': 0.5359826819851452, 'eval_top_3_macro_precision': 0.23043503460924944, 'eval_top_3_macro_f1': 0.3060438093501821, 'eval_top_3_accuracy': 0.8377997179125529, 'eval_top_3_micro_recall': 0.7768079800498753, 'eval_top_3_micro_precision': 0.2929007992477668, 'eval_top_3_micro_f1': 0.4254011608057357, 'eval_runtime': 1.0763, 'eval_samples_per_second': 658.745, 'eval_steps_per_second': 21.37, 'epoch': 6.0}

 20%|██        | 139/690 [01:21<15:13,  1.66s/it]
 20%|██        | 140/690 [01:22<11:45,  1.28s/it]
 20%|██        | 141/690 [01:22<09:21,  1.02s/it]
 21%|██        | 142/690 [01:22<07:40,  1.19it/s]
 21%|██        | 143/690 [01:23<06:30,  1.40it/s]
 21%|██        | 144/690 [01:23<05:40,  1.60it/s]
 21%|██        | 145/690 [01:24<05:05,  1.78it/s]
 21%|██        | 146/690 [01:24<04:40,  1.94it/s]
 21%|██▏       | 147/690 [01:25<04:23,  2.06it/s]
 21%|██▏       | 148/690 [01:25<04:10,  2.16it/s]
 22%|██▏       | 149/690 [01:25<04:01,  2.24it/s]
 22%|██▏       | 150/690 [01:26<03:55,  2.29it/s]
 22%|██▏       | 151/690 [01:26<03:51,  2.33it/s]
 22%|██▏       | 152/690 [01:27<03:47,  2.36it/s]
 22%|██▏       | 153/690 [01:27<03:45,  2.38it/s]
 22%|██▏       | 154/690 [01:27<03:43,  2.40it/s]
 22%|██▏       | 155/690 [01:28<03:42,  2.41it/s]
 23%|██▎       | 156/690 [01:28<03:41,  2.41it/s]
 23%|██▎       | 157/690 [01:29<03:40,  2.42it/s]
 23%|██▎       | 158/690 [01:29<03:39,  2.42it/s]
 23%|██▎       | 159/690 [01:29<03:39,  2.42it/s]
 23%|██▎       | 160/690 [01:30<03:38,  2.43it/s]
 23%|██▎       | 161/690 [01:30<02:52,  3.06it/s]
                                                 

 23%|██▎       | 161/690 [01:30<02:52,  3.06it/s]CL loss: 1.156005859375, CE loss: 0.12817688286304474, combined loss: 0.23095977306365967
CL loss: 1.053220272064209, CE loss: 0.125192791223526, combined loss: 0.2179955244064331
CL loss: 1.1719379425048828, CE loss: 0.13062947988510132, combined loss: 0.2347603142261505
CL loss: 1.2805629968643188, CE loss: 0.13259443640708923, combined loss: 0.24739128351211548
CL loss: 1.1261643171310425, CE loss: 0.13413503766059875, combined loss: 0.23333796858787537
CL loss: 1.2194231748580933, CE loss: 0.13040859997272491, combined loss: 0.23931005597114563
CL loss: 1.1425647735595703, CE loss: 0.1305651068687439, combined loss: 0.23176506161689758
CL loss: 1.1544758081436157, CE loss: 0.13361066579818726, combined loss: 0.2356971800327301
CL loss: 1.0813993215560913, CE loss: 0.132635235786438, combined loss: 0.22751164436340332
CL loss: 1.093585729598999, CE loss: 0.1284840852022171, combined loss: 0.2249942421913147
CL loss: 1.28155517578125, CE loss: 0.13660548627376556, combined loss: 0.25110045075416565
CL loss: 0.9286996126174927, CE loss: 0.11794309318065643, combined loss: 0.19901874661445618
CL loss: 1.1748603582382202, CE loss: 0.13293351233005524, combined loss: 0.2371262013912201
CL loss: 1.2355576753616333, CE loss: 0.13918669521808624, combined loss: 0.24882379174232483
CL loss: 1.2078503370285034, CE loss: 0.1295381486415863, combined loss: 0.2373693585395813
CL loss: 1.1559816598892212, CE loss: 0.12533798813819885, combined loss: 0.22840234637260437
CL loss: 1.0903984308242798, CE loss: 0.12443473190069199, combined loss: 0.2210310995578766
CL loss: 1.0912419557571411, CE loss: 0.1160479485988617, combined loss: 0.2135673463344574
CL loss: 1.0133126974105835, CE loss: 0.12149995565414429, combined loss: 0.2106812298297882
CL loss: 0.8673186898231506, CE loss: 0.11624100059270859, combined loss: 0.19134876132011414
CL loss: 1.0385727882385254, CE loss: 0.11769716441631317, combined loss: 0.20978471636772156
CL loss: 1.13645601272583, CE loss: 0.13470639288425446, combined loss: 0.23488135635852814
CL loss: 0.6214821338653564, CE loss: 0.1063719093799591, combined loss: 0.1578829288482666
{'loss': 0.2246, 'grad_norm': 1.6326290369033813, 'learning_rate': 3.8333333333333334e-05, 'epoch': 7.0}
CL loss: 1.4372586011886597, CE loss: 0.1258857548236847, combined loss: 0.25702303647994995


  0%|          | 0/23 [00:00<?, ?it/s][A

 17%|█▋        | 4/23 [00:00<00:00, 39.44it/s][A

 35%|███▍      | 8/23 [00:00<00:00, 33.05it/s][A

 52%|█████▏    | 12/23 [00:00<00:00, 31.58it/s][A

 70%|██████▉   | 16/23 [00:00<00:00, 30.92it/s][A

 87%|████████▋ | 20/23 [00:00<00:00, 30.55it/s][A

                                               
[A
                                                 

100%|██████████| 23/23 [00:01<00:00, 30.55it/s][A
 23%|██▎       | 161/690 [01:31<02:52,  3.06it/s]

                                               [ACL loss: 1.3129295110702515, CE loss: 0.13268208503723145, combined loss: 0.25070682168006897
CL loss: 1.2251677513122559, CE loss: 0.10854703187942505, combined loss: 0.22020909190177917
CL loss: 1.371543049812317, CE loss: 0.12235943973064423, combined loss: 0.24727779626846313
CL loss: 1.3543004989624023, CE loss: 0.1164952889084816, combined loss: 0.2402758002281189
CL loss: 1.7557148933410645, CE loss: 0.12047316879034042, combined loss: 0.2839973270893097
CL loss: 1.1342064142227173, CE loss: 0.12621425092220306, combined loss: 0.2270134687423706
CL loss: 1.1735649108886719, CE loss: 0.11741453409194946, combined loss: 0.22302956879138947
CL loss: 0.9698212742805481, CE loss: 0.11631035059690475, combined loss: 0.20166143774986267
CL loss: 1.0799715518951416, CE loss: 0.12177657335996628, combined loss: 0.21759606897830963
CL loss: 1.438112497329712, CE loss: 0.1394709348678589, combined loss: 0.2693350911140442
CL loss: 1.118216633796692, CE loss: 0.13226205110549927, combined loss: 0.2308575063943863
CL loss: 0.8535747528076172, CE loss: 0.11416563391685486, combined loss: 0.18810653686523438
CL loss: 1.2783818244934082, CE loss: 0.1225968524813652, combined loss: 0.23817534744739532
CL loss: 0.9476873874664307, CE loss: 0.11116325855255127, combined loss: 0.19481566548347473
CL loss: 1.2410482168197632, CE loss: 0.12458460032939911, combined loss: 0.23623095452785492
CL loss: 1.2532702684402466, CE loss: 0.1333429217338562, combined loss: 0.2453356683254242
CL loss: 1.1323436498641968, CE loss: 0.11859799921512604, combined loss: 0.21997255086898804
CL loss: 1.0638208389282227, CE loss: 0.11658965796232224, combined loss: 0.21131277084350586
CL loss: 1.0519145727157593, CE loss: 0.10645215213298798, combined loss: 0.20099839568138123
CL loss: 1.347749948501587, CE loss: 0.10727321356534958, combined loss: 0.23132088780403137
CL loss: 1.657027244567871, CE loss: 0.12828902900218964, combined loss: 0.2811628580093384
CL loss: 0.0, CE loss: 0.10623855888843536, combined loss: 0.09561470150947571
{'eval_loss': 0.23159849643707275, 'eval_top_1_macro_recall': 0.3254944210775965, 'eval_top_1_macro_precision': 0.3250855198249694, 'eval_top_1_macro_f1': 0.30654990270817906, 'eval_top_1_accuracy': 0.5627644569816643, 'eval_top_1_micro_recall': 0.4975062344139651, 'eval_top_1_micro_precision': 0.5627644569816643, 'eval_top_1_micro_f1': 0.5281270681667769, 'eval_top_2_macro_recall': 0.4632342745168735, 'eval_top_2_macro_precision': 0.25524471461421777, 'eval_top_2_macro_f1': 0.3163727502352656, 'eval_top_2_accuracy': 0.7221438645980254, 'eval_top_2_micro_recall': 0.6658354114713217, 'eval_top_2_micro_precision': 0.3765867418899859, 'eval_top_2_micro_f1': 0.4810810810810811, 'eval_top_3_macro_recall': 0.5834152215875182, 'eval_top_3_macro_precision': 0.2517093446356865, 'eval_top_3_macro_f1': 0.33474250948422546, 'eval_top_3_accuracy': 0.8575458392101551, 'eval_top_3_micro_recall': 0.7992518703241895, 'eval_top_3_micro_precision': 0.3013634226610249, 'eval_top_3_micro_f1': 0.4376920450665756, 'eval_runtime': 1.0879, 'eval_samples_per_second': 651.734, 'eval_steps_per_second': 21.142, 'epoch': 7.0}

 23%|██▎       | 162/690 [01:35<15:06,  1.72s/it]
 24%|██▎       | 163/690 [01:35<11:37,  1.32s/it]
 24%|██▍       | 164/690 [01:36<09:12,  1.05s/it]
 24%|██▍       | 165/690 [01:36<07:31,  1.16it/s]
 24%|██▍       | 166/690 [01:37<06:20,  1.38it/s]
 24%|██▍       | 167/690 [01:37<05:30,  1.58it/s]
 24%|██▍       | 168/690 [01:37<04:55,  1.77it/s]
 24%|██▍       | 169/690 [01:38<04:30,  1.92it/s]
 25%|██▍       | 170/690 [01:38<04:12,  2.06it/s]
 25%|██▍       | 171/690 [01:39<04:00,  2.16it/s]
 25%|██▍       | 172/690 [01:39<03:52,  2.23it/s]
 25%|██▌       | 173/690 [01:39<03:45,  2.29it/s]
 25%|██▌       | 174/690 [01:40<03:41,  2.33it/s]
 25%|██▌       | 175/690 [01:40<03:38,  2.36it/s]
 26%|██▌       | 176/690 [01:41<03:35,  2.38it/s]
 26%|██▌       | 177/690 [01:41<03:34,  2.40it/s]
 26%|██▌       | 178/690 [01:42<03:33,  2.40it/s]
 26%|██▌       | 179/690 [01:42<03:32,  2.40it/s]
 26%|██▌       | 180/690 [01:42<03:31,  2.41it/s]
 26%|██▌       | 181/690 [01:43<03:30,  2.42it/s]
 26%|██▋       | 182/690 [01:43<03:30,  2.42it/s]
 27%|██▋       | 183/690 [01:44<03:29,  2.42it/s]
 27%|██▋       | 184/690 [01:44<02:47,  3.01it/s]
                                                 

 27%|██▋       | 184/690 [01:44<02:47,  3.01it/s]CL loss: 1.0741735696792603, CE loss: 0.12070008367300034, combined loss: 0.21604743599891663
CL loss: 1.0115242004394531, CE loss: 0.11658629775047302, combined loss: 0.20608007907867432
CL loss: 1.0092265605926514, CE loss: 0.12989534437656403, combined loss: 0.21782846748828888
CL loss: 1.1979330778121948, CE loss: 0.1276027113199234, combined loss: 0.23463574051856995
CL loss: 1.070462942123413, CE loss: 0.1283843070268631, combined loss: 0.22259217500686646
CL loss: 1.1260744333267212, CE loss: 0.12702548503875732, combined loss: 0.2269303798675537
CL loss: 1.0823179483413696, CE loss: 0.13315914571285248, combined loss: 0.2280750274658203
CL loss: 1.0075700283050537, CE loss: 0.1210739016532898, combined loss: 0.20972350239753723
CL loss: 1.004719614982605, CE loss: 0.1149410679936409, combined loss: 0.2039189338684082
CL loss: 0.9401769042015076, CE loss: 0.11440464854240417, combined loss: 0.19698187708854675
CL loss: 1.0355377197265625, CE loss: 0.11622069776058197, combined loss: 0.2081523984670639
CL loss: 1.1467446088790894, CE loss: 0.1273777335882187, combined loss: 0.2293144166469574
CL loss: 1.0864051580429077, CE loss: 0.12077208608388901, combined loss: 0.21733538806438446
CL loss: 1.0702502727508545, CE loss: 0.11283493041992188, combined loss: 0.20857647061347961
CL loss: 1.03663969039917, CE loss: 0.11492431163787842, combined loss: 0.20709586143493652
CL loss: 0.975339412689209, CE loss: 0.1184239387512207, combined loss: 0.20411548018455505
CL loss: 1.0364173650741577, CE loss: 0.11755568534135818, combined loss: 0.20944185554981232
CL loss: 0.9608763456344604, CE loss: 0.11537808924913406, combined loss: 0.1999279111623764
CL loss: 0.9923480153083801, CE loss: 0.12075916677713394, combined loss: 0.20791804790496826
CL loss: 0.9307574033737183, CE loss: 0.11625190824270248, combined loss: 0.19770246744155884
CL loss: 0.9729338884353638, CE loss: 0.1245720237493515, combined loss: 0.2094082087278366
CL loss: 1.0763963460922241, CE loss: 0.11995834112167358, combined loss: 0.21560212969779968
CL loss: 0.5932270884513855, CE loss: 0.10747732222080231, combined loss: 0.15605229139328003
{'loss': 0.2102, 'grad_norm': 1.2733349800109863, 'learning_rate': 3.6666666666666666e-05, 'epoch': 8.0}
CL loss: 1.4964126348495483, CE loss: 0.11805271357297897, combined loss: 0.2558887004852295


  0%|          | 0/23 [00:00<?, ?it/s][A

 22%|██▏       | 5/23 [00:00<00:00, 37.49it/s][A

 39%|███▉      | 9/23 [00:00<00:00, 33.05it/s][A

 57%|█████▋    | 13/23 [00:00<00:00, 31.63it/s][A

 74%|███████▍  | 17/23 [00:00<00:00, 30.98it/s][A

 91%|█████████▏| 21/23 [00:00<00:00, 30.58it/s][A

                                               
[A
                                                 

100%|██████████| 23/23 [00:01<00:00, 30.58it/s][A
 27%|██▋       | 184/690 [01:45<02:47,  3.01it/s]

                                               [ACL loss: 1.4890415668487549, CE loss: 0.12612445652484894, combined loss: 0.26241618394851685
CL loss: 1.1071981191635132, CE loss: 0.10055587440729141, combined loss: 0.2012200951576233
CL loss: 1.1653541326522827, CE loss: 0.11495289206504822, combined loss: 0.21999302506446838
CL loss: 1.6231080293655396, CE loss: 0.11313087493181229, combined loss: 0.26412859559059143
CL loss: 1.736038088798523, CE loss: 0.11465068906545639, combined loss: 0.27678942680358887
CL loss: 1.5861423015594482, CE loss: 0.12215354293584824, combined loss: 0.26855242252349854
CL loss: 0.9639988541603088, CE loss: 0.11672186851501465, combined loss: 0.20144957304000854
CL loss: 1.1050933599472046, CE loss: 0.11696449667215347, combined loss: 0.21577738225460052
CL loss: 1.4222612380981445, CE loss: 0.11916898190975189, combined loss: 0.24947822093963623
CL loss: 1.2925927639007568, CE loss: 0.12649261951446533, combined loss: 0.24310262501239777
CL loss: 0.9732487201690674, CE loss: 0.12256135791540146, combined loss: 0.20763009786605835
CL loss: 1.1020487546920776, CE loss: 0.11628864705562592, combined loss: 0.21486465632915497
CL loss: 1.4862051010131836, CE loss: 0.12076094001531601, combined loss: 0.2573053538799286
CL loss: 1.105832576751709, CE loss: 0.10822693258523941, combined loss: 0.2079874873161316
CL loss: 1.5590193271636963, CE loss: 0.12384115904569626, combined loss: 0.2673589885234833
CL loss: 1.3333796262741089, CE loss: 0.1308736354112625, combined loss: 0.25112423300743103
CL loss: 1.2416925430297852, CE loss: 0.11383430659770966, combined loss: 0.2266201227903366
CL loss: 1.0121492147445679, CE loss: 0.10903389006853104, combined loss: 0.1993454247713089
CL loss: 0.940656840801239, CE loss: 0.09497100859880447, combined loss: 0.17953959107398987
CL loss: 1.2367565631866455, CE loss: 0.10379089415073395, combined loss: 0.21708746254444122
CL loss: 1.8325347900390625, CE loss: 0.12419063597917557, combined loss: 0.2950250506401062
CL loss: 0.0, CE loss: 0.09768057614564896, combined loss: 0.08791251480579376
{'eval_loss': 0.23453523218631744, 'eval_top_1_macro_recall': 0.3436437323579096, 'eval_top_1_macro_precision': 0.3181042375901974, 'eval_top_1_macro_f1': 0.3230194193057398, 'eval_top_1_accuracy': 0.5754583921015515, 'eval_top_1_micro_recall': 0.5087281795511222, 'eval_top_1_micro_precision': 0.5754583921015515, 'eval_top_1_micro_f1': 0.5400397088021178, 'eval_top_2_macro_recall': 0.4979689561804454, 'eval_top_2_macro_precision': 0.31794440980145167, 'eval_top_2_macro_f1': 0.36316981192174996, 'eval_top_2_accuracy': 0.7263751763046544, 'eval_top_2_micro_recall': 0.6683291770573566, 'eval_top_2_micro_precision': 0.37799717912552894, 'eval_top_2_micro_f1': 0.4828828828828829, 'eval_top_3_macro_recall': 0.579023041773317, 'eval_top_3_macro_precision': 0.30635173530086424, 'eval_top_3_macro_f1': 0.34861126925580116, 'eval_top_3_accuracy': 0.8631875881523272, 'eval_top_3_micro_recall': 0.8029925187032418, 'eval_top_3_micro_precision': 0.3027738598965679, 'eval_top_3_micro_f1': 0.4397405257767156, 'eval_runtime': 1.0754, 'eval_samples_per_second': 659.293, 'eval_steps_per_second': 21.388, 'epoch': 8.0}

 27%|██▋       | 185/690 [01:49<14:12,  1.69s/it]
 27%|██▋       | 186/690 [01:49<10:57,  1.30s/it]
 27%|██▋       | 187/690 [01:49<08:41,  1.04s/it]
 27%|██▋       | 188/690 [01:50<07:05,  1.18it/s]
 27%|██▋       | 189/690 [01:50<06:01,  1.39it/s]
 28%|██▊       | 190/690 [01:51<05:13,  1.60it/s]
 28%|██▊       | 191/690 [01:51<04:40,  1.78it/s]
 28%|██▊       | 192/690 [01:51<04:17,  1.93it/s]
 28%|██▊       | 193/690 [01:52<04:00,  2.06it/s]
 28%|██▊       | 194/690 [01:52<03:49,  2.16it/s]
 28%|██▊       | 195/690 [01:53<03:41,  2.23it/s]
 28%|██▊       | 196/690 [01:53<03:35,  2.29it/s]
 29%|██▊       | 197/690 [01:54<03:31,  2.33it/s]
 29%|██▊       | 198/690 [01:54<03:28,  2.36it/s]
 29%|██▉       | 199/690 [01:54<03:26,  2.38it/s]
 29%|██▉       | 200/690 [01:55<03:24,  2.39it/s]
 29%|██▉       | 201/690 [01:55<03:23,  2.41it/s]
 29%|██▉       | 202/690 [01:56<03:22,  2.41it/s]
 29%|██▉       | 203/690 [01:56<03:21,  2.42it/s]
 30%|██▉       | 204/690 [01:56<03:20,  2.42it/s]
 30%|██▉       | 205/690 [01:57<03:20,  2.42it/s]
 30%|██▉       | 206/690 [01:57<03:19,  2.43it/s]
 30%|███       | 207/690 [01:57<02:39,  3.03it/s]
                                                 

 30%|███       | 207/690 [01:57<02:39,  3.03it/s]CL loss: 0.9087660908699036, CE loss: 0.1084044799208641, combined loss: 0.18844063580036163
CL loss: 0.9617902040481567, CE loss: 0.1181144118309021, combined loss: 0.20248198509216309
CL loss: 1.1927800178527832, CE loss: 0.11670041084289551, combined loss: 0.22430837154388428
CL loss: 1.0478442907333374, CE loss: 0.11595503985881805, combined loss: 0.2091439664363861
CL loss: 0.8165864944458008, CE loss: 0.11046534776687622, combined loss: 0.18107746541500092
CL loss: 1.110373616218567, CE loss: 0.12118478864431381, combined loss: 0.2201036810874939
CL loss: 1.0290855169296265, CE loss: 0.1179140955209732, combined loss: 0.20903122425079346
CL loss: 1.115336537361145, CE loss: 0.11909157037734985, combined loss: 0.2187160700559616
CL loss: 1.011023759841919, CE loss: 0.11204689741134644, combined loss: 0.20194458961486816
CL loss: 0.9623892903327942, CE loss: 0.11196061223745346, combined loss: 0.19700348377227783
CL loss: 0.9519358277320862, CE loss: 0.10600932687520981, combined loss: 0.19060197472572327
CL loss: 0.9932011961936951, CE loss: 0.1164294108748436, combined loss: 0.20410659909248352
CL loss: 0.9877002239227295, CE loss: 0.11945239454507828, combined loss: 0.20627717673778534
CL loss: 0.9434934258460999, CE loss: 0.1186521053314209, combined loss: 0.20113623142242432
CL loss: 1.0081584453582764, CE loss: 0.11748223006725311, combined loss: 0.20654985308647156
CL loss: 0.9045624732971191, CE loss: 0.1197030171751976, combined loss: 0.19818896055221558
CL loss: 0.9744884967803955, CE loss: 0.11178123205900192, combined loss: 0.19805195927619934
CL loss: 0.9671549797058105, CE loss: 0.11707905679941177, combined loss: 0.2020866572856903
CL loss: 0.967049777507782, CE loss: 0.11068424582481384, combined loss: 0.1963208019733429
CL loss: 0.9049802422523499, CE loss: 0.1122964471578598, combined loss: 0.19156482815742493
CL loss: 0.9396276473999023, CE loss: 0.10780572891235352, combined loss: 0.19098791480064392
CL loss: 0.9780011773109436, CE loss: 0.1130320280790329, combined loss: 0.19952893257141113
CL loss: 2.340977907180786, CE loss: 0.12748682498931885, combined loss: 0.34883594512939453
{'loss': 0.2081, 'grad_norm': 4.633240222930908, 'learning_rate': 3.5e-05, 'epoch': 9.0}
CL loss: 1.352466106414795, CE loss: 0.1117066740989685, combined loss: 0.23578262329101562


  0%|          | 0/23 [00:00<?, ?it/s][A

 17%|█▋        | 4/23 [00:00<00:00, 39.89it/s][A

 35%|███▍      | 8/23 [00:00<00:00, 33.19it/s][A

 52%|█████▏    | 12/23 [00:00<00:00, 31.59it/s][A

 70%|██████▉   | 16/23 [00:00<00:00, 30.92it/s][A

 87%|████████▋ | 20/23 [00:00<00:00, 30.50it/s][A

                                               
[A
                                                 

100%|██████████| 23/23 [00:00<00:00, 30.50it/s][A
 30%|███       | 207/690 [01:59<02:39,  3.03it/s]

                                               [ACL loss: 1.265766978263855, CE loss: 0.11879004538059235, combined loss: 0.23348775506019592
CL loss: 1.1787428855895996, CE loss: 0.09267529845237732, combined loss: 0.2012820541858673
CL loss: 1.3906447887420654, CE loss: 0.11446597427129745, combined loss: 0.2420838475227356
CL loss: 1.665736436843872, CE loss: 0.10896681249141693, combined loss: 0.2646437883377075
CL loss: 1.274877905845642, CE loss: 0.10585905611515045, combined loss: 0.22276094555854797
CL loss: 1.4076749086380005, CE loss: 0.1073676273226738, combined loss: 0.23739835619926453
CL loss: 0.9026386141777039, CE loss: 0.1065710186958313, combined loss: 0.1861777901649475
CL loss: 0.8433305621147156, CE loss: 0.11132612079381943, combined loss: 0.18452656269073486
CL loss: 1.1078063249588013, CE loss: 0.11025048792362213, combined loss: 0.21000607311725616
CL loss: 1.1080093383789062, CE loss: 0.11858174204826355, combined loss: 0.21752449870109558
CL loss: 0.9825447201728821, CE loss: 0.12199718505144119, combined loss: 0.20805193483829498
CL loss: 0.8143259882926941, CE loss: 0.1022704467177391, combined loss: 0.17347601056098938
CL loss: 1.4272308349609375, CE loss: 0.11317227780818939, combined loss: 0.24457812309265137
CL loss: 1.1292139291763306, CE loss: 0.10088705271482468, combined loss: 0.20371973514556885
CL loss: 1.2536709308624268, CE loss: 0.11146899312734604, combined loss: 0.22568917274475098
CL loss: 1.4107425212860107, CE loss: 0.12509766221046448, combined loss: 0.2536621391773224
CL loss: 0.9194400906562805, CE loss: 0.1045391783118248, combined loss: 0.18602927029132843
CL loss: 0.8372486233711243, CE loss: 0.10275234282016754, combined loss: 0.1762019693851471
CL loss: 0.9212377071380615, CE loss: 0.09243638068437576, combined loss: 0.17531651258468628
CL loss: 1.3309297561645508, CE loss: 0.10055192559957504, combined loss: 0.2235897183418274
CL loss: 1.7180403470993042, CE loss: 0.12028782069683075, combined loss: 0.28006309270858765
CL loss: 0.0, CE loss: 0.09253469854593277, combined loss: 0.08328122645616531
{'eval_loss': 0.2166009396314621, 'eval_top_1_macro_recall': 0.38334003872145195, 'eval_top_1_macro_precision': 0.3770963412669163, 'eval_top_1_macro_f1': 0.3740277691602419, 'eval_top_1_accuracy': 0.6361071932299013, 'eval_top_1_micro_recall': 0.5623441396508728, 'eval_top_1_micro_precision': 0.6361071932299013, 'eval_top_1_micro_f1': 0.5969556585043019, 'eval_top_2_macro_recall': 0.5210833079835037, 'eval_top_2_macro_precision': 0.3485477816680897, 'eval_top_2_macro_f1': 0.3846947158250895, 'eval_top_2_accuracy': 0.7912552891396333, 'eval_top_2_micro_recall': 0.729426433915212, 'eval_top_2_micro_precision': 0.4125528913963329, 'eval_top_2_micro_f1': 0.527027027027027, 'eval_top_3_macro_recall': 0.610596083275489, 'eval_top_3_macro_precision': 0.27290481479071454, 'eval_top_3_macro_f1': 0.3596346098977972, 'eval_top_3_accuracy': 0.8913963328631875, 'eval_top_3_micro_recall': 0.8453865336658354, 'eval_top_3_micro_precision': 0.31875881523272215, 'eval_top_3_micro_f1': 0.4629566404916354, 'eval_runtime': 1.076, 'eval_samples_per_second': 658.94, 'eval_steps_per_second': 21.376, 'epoch': 9.0}

 30%|███       | 208/690 [02:02<13:17,  1.65s/it]
 30%|███       | 209/690 [02:03<10:15,  1.28s/it]
 30%|███       | 210/690 [02:03<08:08,  1.02s/it]
 31%|███       | 211/690 [02:03<06:40,  1.20it/s]
 31%|███       | 212/690 [02:04<05:38,  1.41it/s]
 31%|███       | 213/690 [02:04<04:55,  1.62it/s]
 31%|███       | 214/690 [02:05<04:24,  1.80it/s]
 31%|███       | 215/690 [02:05<04:03,  1.95it/s]
 31%|███▏      | 216/690 [02:05<03:48,  2.08it/s]
 31%|███▏      | 217/690 [02:06<03:37,  2.17it/s]
 32%|███▏      | 218/690 [02:06<03:30,  2.24it/s]
 32%|███▏      | 219/690 [02:07<03:24,  2.30it/s]
 32%|███▏      | 220/690 [02:07<03:20,  2.34it/s]
 32%|███▏      | 221/690 [02:07<03:18,  2.37it/s]
 32%|███▏      | 222/690 [02:08<03:16,  2.38it/s]
 32%|███▏      | 223/690 [02:08<03:14,  2.40it/s]
 32%|███▏      | 224/690 [02:09<03:13,  2.41it/s]
 33%|███▎      | 225/690 [02:09<03:12,  2.41it/s]
 33%|███▎      | 226/690 [02:10<03:11,  2.42it/s]
 33%|███▎      | 227/690 [02:10<03:11,  2.42it/s]
 33%|███▎      | 228/690 [02:10<03:10,  2.42it/s]
 33%|███▎      | 229/690 [02:11<03:09,  2.43it/s]
 33%|███▎      | 230/690 [02:11<02:30,  3.06it/s]
                                                 

 33%|███▎      | 230/690 [02:11<02:30,  3.06it/s]CL loss: 0.959743857383728, CE loss: 0.11128930747509003, combined loss: 0.1961347609758377
CL loss: 0.9656791090965271, CE loss: 0.11360810697078705, combined loss: 0.19881519675254822
CL loss: 0.9599277377128601, CE loss: 0.11466570943593979, combined loss: 0.19919191300868988
CL loss: 0.8483099937438965, CE loss: 0.10924194753170013, combined loss: 0.18314874172210693
CL loss: 1.0124151706695557, CE loss: 0.11546167731285095, combined loss: 0.20515702664852142
CL loss: 0.9340997934341431, CE loss: 0.10325759649276733, combined loss: 0.18634182214736938
CL loss: 1.0069148540496826, CE loss: 0.11671132594347, combined loss: 0.20573168992996216
CL loss: 0.9930236339569092, CE loss: 0.11052823066711426, combined loss: 0.19877776503562927
CL loss: 0.8206222653388977, CE loss: 0.10092867910861969, combined loss: 0.1728980392217636
CL loss: 0.8499377965927124, CE loss: 0.11124102026224136, combined loss: 0.1851106882095337
CL loss: 0.8136174082756042, CE loss: 0.11432190984487534, combined loss: 0.18425145745277405
CL loss: 0.9403072595596313, CE loss: 0.11328604072332382, combined loss: 0.19598816335201263
CL loss: 0.824524998664856, CE loss: 0.10427413880825043, combined loss: 0.17629921436309814
CL loss: 0.9248999953269958, CE loss: 0.10869979858398438, combined loss: 0.19031982123851776
CL loss: 0.9463306069374084, CE loss: 0.10886026918888092, combined loss: 0.1926073133945465
CL loss: 0.8895992636680603, CE loss: 0.11102661490440369, combined loss: 0.18888387084007263
CL loss: 0.9116422533988953, CE loss: 0.11334487795829773, combined loss: 0.1931746006011963
CL loss: 0.8871166110038757, CE loss: 0.10908693820238113, combined loss: 0.1868899166584015
CL loss: 0.8849424123764038, CE loss: 0.10355982184410095, combined loss: 0.18169808387756348
CL loss: 0.8852643370628357, CE loss: 0.11263498663902283, combined loss: 0.18989792466163635
CL loss: 0.6996475458145142, CE loss: 0.0944804921746254, combined loss: 0.15499719977378845
CL loss: 0.8841400146484375, CE loss: 0.09622762352228165, combined loss: 0.17501886188983917
CL loss: 1.4408725500106812, CE loss: 0.09635591506958008, combined loss: 0.2308075726032257
{'loss': 0.1901, 'grad_norm': 3.445453405380249, 'learning_rate': 3.3333333333333335e-05, 'epoch': 10.0}
CL loss: 1.203111171722412, CE loss: 0.10627822577953339, combined loss: 0.2159615159034729


  0%|          | 0/23 [00:00<?, ?it/s][A

 22%|██▏       | 5/23 [00:00<00:00, 37.52it/s][A

 39%|███▉      | 9/23 [00:00<00:00, 33.04it/s][A

 57%|█████▋    | 13/23 [00:00<00:00, 31.59it/s][A

 74%|███████▍  | 17/23 [00:00<00:00, 30.87it/s][A

 91%|█████████▏| 21/23 [00:00<00:00, 30.52it/s][A

                                               
[A
                                                 

100%|██████████| 23/23 [00:01<00:00, 30.52it/s][A
 33%|███▎      | 230/690 [02:12<02:30,  3.06it/s]

                                               [ACL loss: 1.227251648902893, CE loss: 0.11489519476890564, combined loss: 0.22613084316253662
CL loss: 1.17001473903656, CE loss: 0.09042774885892868, combined loss: 0.19838644564151764
CL loss: 1.4074808359146118, CE loss: 0.1079641804099083, combined loss: 0.23791584372520447
CL loss: 1.2232779264450073, CE loss: 0.09732118993997574, combined loss: 0.2099168598651886
CL loss: 1.2499257326126099, CE loss: 0.09568004310131073, combined loss: 0.2111046016216278
CL loss: 1.3654370307922363, CE loss: 0.10477239638566971, combined loss: 0.2308388650417328
CL loss: 0.8702371120452881, CE loss: 0.10361477732658386, combined loss: 0.180277019739151
CL loss: 0.816578209400177, CE loss: 0.09866420179605484, combined loss: 0.17045560479164124
CL loss: 0.783050000667572, CE loss: 0.10465079545974731, combined loss: 0.17249071598052979
CL loss: 1.0835134983062744, CE loss: 0.11018480360507965, combined loss: 0.20751766860485077
CL loss: 0.8572769165039062, CE loss: 0.11311323195695877, combined loss: 0.18752959370613098
CL loss: 0.7118675112724304, CE loss: 0.09313046187162399, combined loss: 0.15500417351722717
CL loss: 1.190833568572998, CE loss: 0.10579399764537811, combined loss: 0.21429795026779175
CL loss: 0.8401888012886047, CE loss: 0.0918223038315773, combined loss: 0.16665895283222198
CL loss: 1.388188362121582, CE loss: 0.10786102712154388, combined loss: 0.23589375615119934
CL loss: 1.3522095680236816, CE loss: 0.11705182492733002, combined loss: 0.24056759476661682
CL loss: 1.0376722812652588, CE loss: 0.09618773311376572, combined loss: 0.1903361976146698
CL loss: 0.5027571320533752, CE loss: 0.08768871426582336, combined loss: 0.12919555604457855
CL loss: 0.7638209462165833, CE loss: 0.08572953939437866, combined loss: 0.15353867411613464
CL loss: 1.3945473432540894, CE loss: 0.0939604863524437, combined loss: 0.22401916980743408
CL loss: 1.3273833990097046, CE loss: 0.10747621953487396, combined loss: 0.22946693003177643
CL loss: 0.0, CE loss: 0.07858207076787949, combined loss: 0.07072386145591736
{'eval_loss': 0.1985243856906891, 'eval_top_1_macro_recall': 0.38188076412300914, 'eval_top_1_macro_precision': 0.42539906512515313, 'eval_top_1_macro_f1': 0.3874592274138102, 'eval_top_1_accuracy': 0.6403385049365303, 'eval_top_1_micro_recall': 0.5660847880299252, 'eval_top_1_micro_precision': 0.6403385049365303, 'eval_top_1_micro_f1': 0.600926538716082, 'eval_top_2_macro_recall': 0.5528623807473451, 'eval_top_2_macro_precision': 0.3586376317670642, 'eval_top_2_macro_f1': 0.4130439172476557, 'eval_top_2_accuracy': 0.7983074753173484, 'eval_top_2_micro_recall': 0.7543640897755611, 'eval_top_2_micro_precision': 0.42665726375176305, 'eval_top_2_micro_f1': 0.5450450450450451, 'eval_top_3_macro_recall': 0.6757473506575541, 'eval_top_3_macro_precision': 0.29191376751023657, 'eval_top_3_macro_f1': 0.3780276672427494, 'eval_top_3_accuracy': 0.8730606488011283, 'eval_top_3_micro_recall': 0.8366583541147132, 'eval_top_3_micro_precision': 0.3154677950164551, 'eval_top_3_micro_f1': 0.45817685216797543, 'eval_runtime': 1.0902, 'eval_samples_per_second': 650.361, 'eval_steps_per_second': 21.098, 'epoch': 10.0}

 33%|███▎      | 231/690 [02:16<12:51,  1.68s/it]
 34%|███▎      | 232/690 [02:16<09:54,  1.30s/it]
 34%|███▍      | 233/690 [02:17<07:51,  1.03s/it]
 34%|███▍      | 234/690 [02:17<06:25,  1.18it/s]
 34%|███▍      | 235/690 [02:17<05:25,  1.40it/s]
 34%|███▍      | 236/690 [02:18<04:43,  1.60it/s]
 34%|███▍      | 237/690 [02:18<04:13,  1.79it/s]
 34%|███▍      | 238/690 [02:19<03:52,  1.94it/s]
 35%|███▍      | 239/690 [02:19<03:37,  2.07it/s]
 35%|███▍      | 240/690 [02:19<03:27,  2.17it/s]
 35%|███▍      | 241/690 [02:20<03:20,  2.24it/s]
 35%|███▌      | 242/690 [02:20<03:15,  2.30it/s]
 35%|███▌      | 243/690 [02:21<03:11,  2.34it/s]
 35%|███▌      | 244/690 [02:21<03:08,  2.36it/s]
 36%|███▌      | 245/690 [02:21<03:06,  2.39it/s]
 36%|███▌      | 246/690 [02:22<03:04,  2.41it/s]
 36%|███▌      | 247/690 [02:22<03:03,  2.41it/s]
 36%|███▌      | 248/690 [02:23<03:02,  2.42it/s]
 36%|███▌      | 249/690 [02:23<03:01,  2.43it/s]
 36%|███▌      | 250/690 [02:24<03:01,  2.43it/s]
 36%|███▋      | 251/690 [02:24<03:01,  2.42it/s]
 37%|███▋      | 252/690 [02:24<03:00,  2.43it/s]
 37%|███▋      | 253/690 [02:24<02:22,  3.06it/s]
                                                 

 37%|███▋      | 253/690 [02:25<02:22,  3.06it/s]CL loss: 0.7675143480300903, CE loss: 0.09766506403684616, combined loss: 0.16464999318122864
CL loss: 0.8539351224899292, CE loss: 0.09916657954454422, combined loss: 0.17464342713356018
CL loss: 0.8755478858947754, CE loss: 0.10564068704843521, combined loss: 0.18263140320777893
CL loss: 0.8434678316116333, CE loss: 0.10937023162841797, combined loss: 0.18277999758720398
CL loss: 0.8630346655845642, CE loss: 0.10618919134140015, combined loss: 0.18187373876571655
CL loss: 0.8738573789596558, CE loss: 0.10541391372680664, combined loss: 0.1822582483291626
CL loss: 0.994617760181427, CE loss: 0.11141213029623032, combined loss: 0.1997326910495758
CL loss: 0.7871264219284058, CE loss: 0.1013006791472435, combined loss: 0.16988325119018555
CL loss: 0.8781036734580994, CE loss: 0.10090169310569763, combined loss: 0.17862188816070557
CL loss: 0.8896114230155945, CE loss: 0.10354479402303696, combined loss: 0.18215146660804749
CL loss: 0.7648561596870422, CE loss: 0.09956447035074234, combined loss: 0.166093647480011
CL loss: 0.9255744218826294, CE loss: 0.09683538973331451, combined loss: 0.1797092854976654
CL loss: 0.8544381260871887, CE loss: 0.10445596277713776, combined loss: 0.17945417761802673
CL loss: 0.736961305141449, CE loss: 0.1037524864077568, combined loss: 0.16707336902618408
CL loss: 0.8196387887001038, CE loss: 0.09772886335849762, combined loss: 0.16991984844207764
CL loss: 0.7785491943359375, CE loss: 0.09482356160879135, combined loss: 0.1631961166858673
CL loss: 0.8245316743850708, CE loss: 0.09571854025125504, combined loss: 0.16859984397888184
CL loss: 0.8369758725166321, CE loss: 0.10314454138278961, combined loss: 0.17652767896652222
CL loss: 0.9433396458625793, CE loss: 0.10563012212514877, combined loss: 0.1894010752439499
CL loss: 0.9626922607421875, CE loss: 0.1039082407951355, combined loss: 0.1897866427898407
CL loss: 0.7001636028289795, CE loss: 0.10109516978263855, combined loss: 0.1610020101070404
CL loss: 0.8468660712242126, CE loss: 0.09560640901327133, combined loss: 0.17073237895965576
CL loss: 1.2755043506622314, CE loss: 0.10006553679704666, combined loss: 0.21760942041873932
{'loss': 0.1782, 'grad_norm': 1.732840657234192, 'learning_rate': 3.1666666666666666e-05, 'epoch': 11.0}
CL loss: 1.0849937200546265, CE loss: 0.10680972784757614, combined loss: 0.204628124833107


  0%|          | 0/23 [00:00<?, ?it/s][A

 22%|██▏       | 5/23 [00:00<00:00, 37.48it/s][A

 39%|███▉      | 9/23 [00:00<00:00, 33.06it/s][A

 57%|█████▋    | 13/23 [00:00<00:00, 31.62it/s][A

 74%|███████▍  | 17/23 [00:00<00:00, 30.99it/s][A

 91%|█████████▏| 21/23 [00:00<00:00, 30.60it/s][A

                                               
[A
                                                 

100%|██████████| 23/23 [00:00<00:00, 30.60it/s][A
 37%|███▋      | 253/690 [02:26<02:22,  3.06it/s]

                                               [ACL loss: 1.5042366981506348, CE loss: 0.10959275811910629, combined loss: 0.24905715882778168
CL loss: 1.1002197265625, CE loss: 0.09104043245315552, combined loss: 0.19195836782455444
CL loss: 1.351529836654663, CE loss: 0.10523280501365662, combined loss: 0.2298625111579895
CL loss: 1.4637761116027832, CE loss: 0.09718187898397446, combined loss: 0.23384130001068115
CL loss: 1.0304967164993286, CE loss: 0.08831039816141129, combined loss: 0.1825290322303772
CL loss: 1.544567346572876, CE loss: 0.10079813003540039, combined loss: 0.2451750487089157
CL loss: 1.0045477151870728, CE loss: 0.10073341429233551, combined loss: 0.19111484289169312
CL loss: 0.7348569631576538, CE loss: 0.09413125365972519, combined loss: 0.15820381045341492
CL loss: 1.118125081062317, CE loss: 0.10489439964294434, combined loss: 0.2062174677848816
CL loss: 1.2740880250930786, CE loss: 0.1110067367553711, combined loss: 0.22731485962867737
CL loss: 0.7279631495475769, CE loss: 0.10937909781932831, combined loss: 0.1712374985218048
CL loss: 0.7330394387245178, CE loss: 0.08755511045455933, combined loss: 0.15210354328155518
CL loss: 1.2061965465545654, CE loss: 0.09865159541368484, combined loss: 0.2094060778617859
CL loss: 0.9121761918067932, CE loss: 0.08562453836202621, combined loss: 0.1682797074317932
CL loss: 1.3853094577789307, CE loss: 0.10470353811979294, combined loss: 0.2327641397714615
CL loss: 1.376204490661621, CE loss: 0.11140021681785583, combined loss: 0.2378806471824646
CL loss: 0.9165732860565186, CE loss: 0.09111584722995758, combined loss: 0.17366158962249756
CL loss: 0.5491636991500854, CE loss: 0.08339601755142212, combined loss: 0.12997278571128845
CL loss: 0.8541393280029297, CE loss: 0.08393708616495132, combined loss: 0.16095730662345886
CL loss: 1.340112328529358, CE loss: 0.095074363052845, combined loss: 0.21957816183567047
CL loss: 1.5213477611541748, CE loss: 0.10899695754051208, combined loss: 0.2502320408821106
CL loss: 0.0, CE loss: 0.07814821600914001, combined loss: 0.07033339142799377
{'eval_loss': 0.20025798678398132, 'eval_top_1_macro_recall': 0.4003820615831252, 'eval_top_1_macro_precision': 0.3978923713143562, 'eval_top_1_macro_f1': 0.38465516333351407, 'eval_top_1_accuracy': 0.6304654442877292, 'eval_top_1_micro_recall': 0.557356608478803, 'eval_top_1_micro_precision': 0.6304654442877292, 'eval_top_1_micro_f1': 0.5916611515552614, 'eval_top_2_macro_recall': 0.5506557872127896, 'eval_top_2_macro_precision': 0.3645833659478496, 'eval_top_2_macro_f1': 0.41256326834482676, 'eval_top_2_accuracy': 0.7827926657263752, 'eval_top_2_micro_recall': 0.7506234413965087, 'eval_top_2_micro_precision': 0.4245416078984485, 'eval_top_2_micro_f1': 0.5423423423423424, 'eval_top_3_macro_recall': 0.6771151171438112, 'eval_top_3_macro_precision': 0.31655309855138536, 'eval_top_3_macro_f1': 0.3961013729926119, 'eval_top_3_accuracy': 0.8885754583921015, 'eval_top_3_micro_recall': 0.85785536159601, 'eval_top_3_micro_precision': 0.3234602726845322, 'eval_top_3_micro_f1': 0.4697849095254353, 'eval_runtime': 1.0607, 'eval_samples_per_second': 668.406, 'eval_steps_per_second': 21.683, 'epoch': 11.0}

 37%|███▋      | 254/690 [02:29<12:02,  1.66s/it]
 37%|███▋      | 255/690 [02:30<09:17,  1.28s/it]
 37%|███▋      | 256/690 [02:30<07:22,  1.02s/it]
 37%|███▋      | 257/690 [02:30<06:02,  1.19it/s]
 37%|███▋      | 258/690 [02:31<05:06,  1.41it/s]
 38%|███▊      | 259/690 [02:31<04:27,  1.61it/s]
 38%|███▊      | 260/690 [02:32<03:59,  1.79it/s]
 38%|███▊      | 261/690 [02:32<03:40,  1.95it/s]
 38%|███▊      | 262/690 [02:33<03:26,  2.07it/s]
 38%|███▊      | 263/690 [02:33<03:16,  2.17it/s]
 38%|███▊      | 264/690 [02:33<03:09,  2.24it/s]
 38%|███▊      | 265/690 [02:34<03:05,  2.29it/s]
 39%|███▊      | 266/690 [02:34<03:01,  2.34it/s]
 39%|███▊      | 267/690 [02:35<02:58,  2.37it/s]
 39%|███▉      | 268/690 [02:35<02:57,  2.38it/s]
 39%|███▉      | 269/690 [02:35<02:55,  2.40it/s]
 39%|███▉      | 270/690 [02:36<02:53,  2.41it/s]
 39%|███▉      | 271/690 [02:36<02:53,  2.41it/s]
 39%|███▉      | 272/690 [02:37<02:52,  2.42it/s]
 40%|███▉      | 273/690 [02:37<02:51,  2.43it/s]
 40%|███▉      | 274/690 [02:37<02:51,  2.43it/s]
 40%|███▉      | 275/690 [02:38<02:50,  2.43it/s]
 40%|████      | 276/690 [02:38<02:15,  3.06it/s]
                                                 

 40%|████      | 276/690 [02:38<02:15,  3.06it/s]CL loss: 0.8662036657333374, CE loss: 0.10615405440330505, combined loss: 0.18215900659561157
CL loss: 0.9515724778175354, CE loss: 0.10079441219568253, combined loss: 0.18587222695350647
CL loss: 0.7214423418045044, CE loss: 0.0988650768995285, combined loss: 0.16112279891967773
CL loss: 0.8324411511421204, CE loss: 0.09422757476568222, combined loss: 0.1680489331483841
CL loss: 0.6341051459312439, CE loss: 0.08995839208364487, combined loss: 0.1443730592727661
CL loss: 0.7098428606987, CE loss: 0.09095310419797897, combined loss: 0.15284207463264465
CL loss: 0.7554634809494019, CE loss: 0.096839539706707, combined loss: 0.16270193457603455
CL loss: 0.9212899208068848, CE loss: 0.0990271344780922, combined loss: 0.18125340342521667
CL loss: 0.8175750970840454, CE loss: 0.0938914492726326, combined loss: 0.16625981032848358
CL loss: 0.7433273792266846, CE loss: 0.09949290007352829, combined loss: 0.16387635469436646
CL loss: 0.8021672964096069, CE loss: 0.09225697070360184, combined loss: 0.1632480025291443
CL loss: 0.7085153460502625, CE loss: 0.09845952689647675, combined loss: 0.15946510434150696
CL loss: 0.7610142230987549, CE loss: 0.09116556495428085, combined loss: 0.15815043449401855
CL loss: 0.7223434448242188, CE loss: 0.09759527444839478, combined loss: 0.16007009148597717
CL loss: 0.9397891759872437, CE loss: 0.10327491164207458, combined loss: 0.18692633509635925
CL loss: 0.7614598274230957, CE loss: 0.09493665397167206, combined loss: 0.16158896684646606
CL loss: 0.8735147714614868, CE loss: 0.10168628394603729, combined loss: 0.1788691282272339
CL loss: 0.7879920601844788, CE loss: 0.09790784865617752, combined loss: 0.16691628098487854
CL loss: 0.7734853029251099, CE loss: 0.09635893255472183, combined loss: 0.16407155990600586
CL loss: 0.8847587704658508, CE loss: 0.10093025118112564, combined loss: 0.17931309342384338
CL loss: 0.9793331623077393, CE loss: 0.09940028190612793, combined loss: 0.18739357590675354
CL loss: 0.8001500368118286, CE loss: 0.09948331117630005, combined loss: 0.16954997181892395
CL loss: 0.5159271359443665, CE loss: 0.08641766011714935, combined loss: 0.1293686032295227
{'loss': 0.1667, 'grad_norm': 2.904245615005493, 'learning_rate': 3e-05, 'epoch': 12.0}
CL loss: 0.8869377970695496, CE loss: 0.09499883651733398, combined loss: 0.17419272661209106


  0%|          | 0/23 [00:00<?, ?it/s][A

 17%|█▋        | 4/23 [00:00<00:00, 39.29it/s][A

 35%|███▍      | 8/23 [00:00<00:00, 33.12it/s][A

 52%|█████▏    | 12/23 [00:00<00:00, 31.57it/s][A

 70%|██████▉   | 16/23 [00:00<00:00, 30.89it/s][A

 87%|████████▋ | 20/23 [00:00<00:00, 30.54it/s][A

                                               
[A
                                                 

100%|██████████| 23/23 [00:00<00:00, 30.54it/s][A
 40%|████      | 276/690 [02:39<02:15,  3.06it/s]

                                               [ACL loss: 1.222653865814209, CE loss: 0.10026762634515762, combined loss: 0.2125062495470047
CL loss: 1.0048078298568726, CE loss: 0.08627623319625854, combined loss: 0.1781294047832489
CL loss: 1.5105477571487427, CE loss: 0.105283223092556, combined loss: 0.2458096742630005
CL loss: 1.3916406631469727, CE loss: 0.09555873274803162, combined loss: 0.2251669317483902
CL loss: 1.3572108745574951, CE loss: 0.08200915902853012, combined loss: 0.2095293253660202
CL loss: 1.5941451787948608, CE loss: 0.10247945785522461, combined loss: 0.2516460418701172
CL loss: 0.7886268496513367, CE loss: 0.09140678495168686, combined loss: 0.16112878918647766
CL loss: 0.9244726300239563, CE loss: 0.10115670412778854, combined loss: 0.18348829448223114
CL loss: 0.7835351228713989, CE loss: 0.09392563253641129, combined loss: 0.1628865897655487
CL loss: 1.0860995054244995, CE loss: 0.10067903250455856, combined loss: 0.19922107458114624
CL loss: 0.964883029460907, CE loss: 0.10701455175876617, combined loss: 0.19280140101909637
CL loss: 0.672236979007721, CE loss: 0.0844060555100441, combined loss: 0.14318914711475372
CL loss: 1.2785792350769043, CE loss: 0.09498588740825653, combined loss: 0.2133452296257019
CL loss: 0.8895553350448608, CE loss: 0.0877278670668602, combined loss: 0.1679106056690216
CL loss: 1.3543610572814941, CE loss: 0.09968879073858261, combined loss: 0.2251560091972351
CL loss: 1.3884929418563843, CE loss: 0.1054145023226738, combined loss: 0.23372235894203186
CL loss: 0.9389338493347168, CE loss: 0.08715908229351044, combined loss: 0.17233654856681824
CL loss: 0.4850752651691437, CE loss: 0.07987244427204132, combined loss: 0.12039272487163544
CL loss: 0.5400935411453247, CE loss: 0.07911109179258347, combined loss: 0.12520933151245117
CL loss: 1.5325982570648193, CE loss: 0.08976151794195175, combined loss: 0.23404519259929657
CL loss: 1.3451411724090576, CE loss: 0.10009562224149704, combined loss: 0.2246001809835434
CL loss: 0.0, CE loss: 0.07676118612289429, combined loss: 0.06908506900072098
{'eval_loss': 0.19259615242481232, 'eval_top_1_macro_recall': 0.4335880589371815, 'eval_top_1_macro_precision': 0.447623713926165, 'eval_top_1_macro_f1': 0.4307092872349633, 'eval_top_1_accuracy': 0.688293370944993, 'eval_top_1_micro_recall': 0.6084788029925187, 'eval_top_1_micro_precision': 0.688293370944993, 'eval_top_1_micro_f1': 0.6459298477829252, 'eval_top_2_macro_recall': 0.5598717616687632, 'eval_top_2_macro_precision': 0.3297815788370533, 'eval_top_2_macro_f1': 0.4037225734588734, 'eval_top_2_accuracy': 0.8180535966149506, 'eval_top_2_micro_recall': 0.7743142144638404, 'eval_top_2_micro_precision': 0.4379407616361072, 'eval_top_2_micro_f1': 0.5594594594594594, 'eval_top_3_macro_recall': 0.650931842124515, 'eval_top_3_macro_precision': 0.28805862311103697, 'eval_top_3_macro_f1': 0.3856250318875976, 'eval_top_3_accuracy': 0.9026798307475318, 'eval_top_3_micro_recall': 0.8678304239401496, 'eval_top_3_micro_precision': 0.32722143864598024, 'eval_top_3_micro_f1': 0.4752475247524752, 'eval_runtime': 1.0799, 'eval_samples_per_second': 656.523, 'eval_steps_per_second': 21.298, 'epoch': 12.0}

 40%|████      | 277/690 [02:43<11:16,  1.64s/it]
 40%|████      | 278/690 [02:43<08:42,  1.27s/it]
 40%|████      | 279/690 [02:44<06:56,  1.01s/it]
 41%|████      | 280/690 [02:44<05:41,  1.20it/s]
 41%|████      | 281/690 [02:44<04:48,  1.42it/s]
 41%|████      | 282/690 [02:45<04:12,  1.62it/s]
 41%|████      | 283/690 [02:45<03:46,  1.80it/s]
 41%|████      | 284/690 [02:46<03:27,  1.95it/s]
 41%|████▏     | 285/690 [02:46<03:15,  2.07it/s]
 41%|████▏     | 286/690 [02:46<03:05,  2.17it/s]
 42%|████▏     | 287/690 [02:47<02:59,  2.24it/s]
 42%|████▏     | 288/690 [02:47<02:55,  2.29it/s]
 42%|████▏     | 289/690 [02:48<02:51,  2.34it/s]
 42%|████▏     | 290/690 [02:48<02:49,  2.36it/s]
 42%|████▏     | 291/690 [02:48<02:47,  2.38it/s]
 42%|████▏     | 292/690 [02:49<02:46,  2.40it/s]
 42%|████▏     | 293/690 [02:49<02:45,  2.40it/s]
 43%|████▎     | 294/690 [02:50<02:43,  2.41it/s]
 43%|████▎     | 295/690 [02:50<02:43,  2.42it/s]
 43%|████▎     | 296/690 [02:51<02:42,  2.42it/s]
 43%|████▎     | 297/690 [02:51<02:41,  2.43it/s]
 43%|████▎     | 298/690 [02:51<02:41,  2.42it/s]
 43%|████▎     | 299/690 [02:51<02:06,  3.09it/s]
                                                 

 43%|████▎     | 299/690 [02:51<02:06,  3.09it/s]CL loss: 0.8058483004570007, CE loss: 0.09569942206144333, combined loss: 0.16671431064605713
CL loss: 0.8921157121658325, CE loss: 0.09844344854354858, combined loss: 0.1778106689453125
CL loss: 0.7983688712120056, CE loss: 0.08945348858833313, combined loss: 0.16034501791000366
CL loss: 0.7722471952438354, CE loss: 0.09511692076921463, combined loss: 0.1628299504518509
CL loss: 0.7269524931907654, CE loss: 0.09039422869682312, combined loss: 0.1540500521659851
CL loss: 0.9729300141334534, CE loss: 0.10594531148672104, combined loss: 0.19264379143714905
CL loss: 0.7719240784645081, CE loss: 0.09096894413232803, combined loss: 0.15906445682048798
CL loss: 0.7451132535934448, CE loss: 0.09195775538682938, combined loss: 0.1572733074426651
CL loss: 0.7933377027511597, CE loss: 0.09854777902364731, combined loss: 0.16802677512168884
CL loss: 0.6174507737159729, CE loss: 0.08644013851881027, combined loss: 0.13954120874404907
CL loss: 0.7007964849472046, CE loss: 0.0892796441912651, combined loss: 0.1504313349723816
CL loss: 0.8494057059288025, CE loss: 0.09674358367919922, combined loss: 0.17200979590415955
CL loss: 0.8659242987632751, CE loss: 0.09061642736196518, combined loss: 0.16814720630645752
CL loss: 0.9165375828742981, CE loss: 0.10387822240591049, combined loss: 0.18514415621757507
CL loss: 0.6978707909584045, CE loss: 0.08350030332803726, combined loss: 0.14493735134601593
CL loss: 0.7918002605438232, CE loss: 0.0933280661702156, combined loss: 0.1631752848625183
CL loss: 0.7003210186958313, CE loss: 0.09241001307964325, combined loss: 0.1532011181116104
CL loss: 0.7482434511184692, CE loss: 0.09314410388469696, combined loss: 0.15865403413772583
CL loss: 0.87537682056427, CE loss: 0.09720265865325928, combined loss: 0.17502006888389587
CL loss: 0.7436802387237549, CE loss: 0.09015679359436035, combined loss: 0.15550914406776428
CL loss: 0.6325176358222961, CE loss: 0.08625143766403198, combined loss: 0.14087805151939392
CL loss: 0.7147483825683594, CE loss: 0.08701356500387192, combined loss: 0.149787038564682
CL loss: 0.8907026648521423, CE loss: 0.08418271690607071, combined loss: 0.16483470797538757
{'loss': 0.1617, 'grad_norm': 2.8327481746673584, 'learning_rate': 2.8333333333333335e-05, 'epoch': 13.0}
CL loss: 0.8525213599205017, CE loss: 0.09235373884439468, combined loss: 0.16837050020694733


  0%|          | 0/23 [00:00<?, ?it/s][A

 22%|██▏       | 5/23 [00:00<00:00, 37.76it/s][A

 39%|███▉      | 9/23 [00:00<00:00, 33.15it/s][A

 57%|█████▋    | 13/23 [00:00<00:00, 31.68it/s][A

 74%|███████▍  | 17/23 [00:00<00:00, 30.99it/s][A

 91%|█████████▏| 21/23 [00:00<00:00, 30.53it/s][A

                                               
[A
                                                 

100%|██████████| 23/23 [00:00<00:00, 30.53it/s][A
 43%|████▎     | 299/690 [02:53<02:06,  3.09it/s]

                                               [ACL loss: 1.353114366531372, CE loss: 0.10130342096090317, combined loss: 0.2264845073223114
CL loss: 1.1827151775360107, CE loss: 0.08636323362588882, combined loss: 0.1959984302520752
CL loss: 1.3454453945159912, CE loss: 0.1033942699432373, combined loss: 0.2275993824005127
CL loss: 1.6071754693984985, CE loss: 0.08428281545639038, combined loss: 0.23657208681106567
CL loss: 1.3295338153839111, CE loss: 0.07839467376470566, combined loss: 0.20350858569145203
CL loss: 1.5235979557037354, CE loss: 0.09802719950675964, combined loss: 0.24058428406715393
CL loss: 1.0460704565048218, CE loss: 0.09159478545188904, combined loss: 0.18704235553741455
CL loss: 0.7774704098701477, CE loss: 0.08768578618764877, combined loss: 0.15666425228118896
CL loss: 0.9442331790924072, CE loss: 0.09110728651285172, combined loss: 0.17641986906528473
CL loss: 1.165454387664795, CE loss: 0.10102660208940506, combined loss: 0.2074693739414215
CL loss: 0.8099537491798401, CE loss: 0.0980355441570282, combined loss: 0.16922736167907715
CL loss: 0.6939259767532349, CE loss: 0.08339735120534897, combined loss: 0.14445021748542786
CL loss: 1.2448574304580688, CE loss: 0.09298829734325409, combined loss: 0.20817521214485168
CL loss: 1.2112780809402466, CE loss: 0.08611307293176651, combined loss: 0.19862957298755646
CL loss: 1.5162711143493652, CE loss: 0.09387407451868057, combined loss: 0.2361137717962265
CL loss: 1.8394867181777954, CE loss: 0.10621339827775955, combined loss: 0.2795407474040985
CL loss: 0.8561283946037292, CE loss: 0.08145805448293686, combined loss: 0.15892508625984192
CL loss: 0.5789316296577454, CE loss: 0.07003666460514069, combined loss: 0.12092616409063339
CL loss: 0.5026984810829163, CE loss: 0.07354123890399933, combined loss: 0.11645696312189102
CL loss: 1.3303526639938354, CE loss: 0.0802689716219902, combined loss: 0.20527735352516174
CL loss: 1.2934457063674927, CE loss: 0.09324471652507782, combined loss: 0.2132648080587387
CL loss: 0.0, CE loss: 0.06908474117517471, combined loss: 0.06217626482248306
{'eval_loss': 0.19350817799568176, 'eval_top_1_macro_recall': 0.4459668674131951, 'eval_top_1_macro_precision': 0.4614182403437999, 'eval_top_1_macro_f1': 0.4398393800778274, 'eval_top_1_accuracy': 0.6995768688293371, 'eval_top_1_micro_recall': 0.6184538653366584, 'eval_top_1_micro_precision': 0.6995768688293371, 'eval_top_1_micro_f1': 0.656518861681006, 'eval_top_2_macro_recall': 0.582792845911637, 'eval_top_2_macro_precision': 0.3659806783984274, 'eval_top_2_macro_f1': 0.43436704008589877, 'eval_top_2_accuracy': 0.8081805359661495, 'eval_top_2_micro_recall': 0.773067331670823, 'eval_top_2_micro_precision': 0.43723554301833567, 'eval_top_2_micro_f1': 0.5585585585585586, 'eval_top_3_macro_recall': 0.6910219573769413, 'eval_top_3_macro_precision': 0.28348531588125875, 'eval_top_3_macro_f1': 0.3839619433954507, 'eval_top_3_accuracy': 0.8871650211565585, 'eval_top_3_micro_recall': 0.8615960099750624, 'eval_top_3_micro_precision': 0.3248707099200752, 'eval_top_3_micro_f1': 0.4718333902355753, 'eval_runtime': 1.0847, 'eval_samples_per_second': 653.621, 'eval_steps_per_second': 21.203, 'epoch': 13.0}

 43%|████▎     | 300/690 [02:56<10:42,  1.65s/it]
 44%|████▎     | 301/690 [02:57<08:16,  1.28s/it]
 44%|████▍     | 302/690 [02:57<06:34,  1.02s/it]
 44%|████▍     | 303/690 [02:57<05:23,  1.20it/s]
 44%|████▍     | 304/690 [02:58<04:33,  1.41it/s]
 44%|████▍     | 305/690 [02:58<03:58,  1.61it/s]
 44%|████▍     | 306/690 [02:59<03:33,  1.79it/s]
 44%|████▍     | 307/690 [02:59<03:16,  1.95it/s]
 45%|████▍     | 308/690 [02:59<03:04,  2.07it/s]
 45%|████▍     | 309/690 [03:00<02:55,  2.17it/s]
 45%|████▍     | 310/690 [03:00<02:49,  2.24it/s]
 45%|████▌     | 311/690 [03:01<02:45,  2.29it/s]
 45%|████▌     | 312/690 [03:01<02:41,  2.34it/s]
 45%|████▌     | 313/690 [03:02<02:39,  2.36it/s]
 46%|████▌     | 314/690 [03:02<02:38,  2.38it/s]
 46%|████▌     | 315/690 [03:02<02:36,  2.40it/s]
 46%|████▌     | 316/690 [03:03<02:35,  2.40it/s]
 46%|████▌     | 317/690 [03:03<02:34,  2.41it/s]
 46%|████▌     | 318/690 [03:04<02:33,  2.42it/s]
 46%|████▌     | 319/690 [03:04<02:33,  2.42it/s]
 46%|████▋     | 320/690 [03:04<02:32,  2.42it/s]
 47%|████▋     | 321/690 [03:05<02:32,  2.43it/s]
 47%|████▋     | 322/690 [03:05<02:00,  3.06it/s]
                                                 

 47%|████▋     | 322/690 [03:05<02:00,  3.06it/s]CL loss: 0.7359857559204102, CE loss: 0.09575070440769196, combined loss: 0.15977421402931213
CL loss: 0.7258938550949097, CE loss: 0.09287112951278687, combined loss: 0.15617340803146362
CL loss: 0.7852257490158081, CE loss: 0.08901041001081467, combined loss: 0.15863195061683655
CL loss: 0.6237746477127075, CE loss: 0.08317496627569199, combined loss: 0.13723492622375488
CL loss: 0.7764717936515808, CE loss: 0.09505092352628708, combined loss: 0.163193017244339
CL loss: 0.7126105427742004, CE loss: 0.0888228639960289, combined loss: 0.15120163559913635
CL loss: 0.5906285047531128, CE loss: 0.08405929058790207, combined loss: 0.1347162127494812
CL loss: 0.6616808176040649, CE loss: 0.08941029757261276, combined loss: 0.14663735032081604
CL loss: 0.6846139430999756, CE loss: 0.08810274302959442, combined loss: 0.14775386452674866
CL loss: 0.7970318794250488, CE loss: 0.08802909404039383, combined loss: 0.15892937779426575
CL loss: 0.7195057272911072, CE loss: 0.0844152569770813, combined loss: 0.1479243040084839
CL loss: 0.7771862149238586, CE loss: 0.08752679824829102, combined loss: 0.15649273991584778
CL loss: 0.8296701312065125, CE loss: 0.09167174249887466, combined loss: 0.16547158360481262
CL loss: 0.6348742246627808, CE loss: 0.08361878246068954, combined loss: 0.1387443244457245
CL loss: 0.7574580311775208, CE loss: 0.08970852941274643, combined loss: 0.1564834713935852
CL loss: 0.651020348072052, CE loss: 0.08098263293504715, combined loss: 0.13798639178276062
CL loss: 0.9074673056602478, CE loss: 0.09293557703495026, combined loss: 0.17438875138759613
CL loss: 0.7261884212493896, CE loss: 0.09307584166526794, combined loss: 0.1563870906829834
CL loss: 0.8616598844528198, CE loss: 0.09005872160196304, combined loss: 0.16721883416175842
CL loss: 0.7356904149055481, CE loss: 0.08689683675765991, combined loss: 0.15177619457244873
CL loss: 0.6706475019454956, CE loss: 0.08743231743574142, combined loss: 0.14575383067131042
CL loss: 0.7247306108474731, CE loss: 0.08848611265420914, combined loss: 0.15211056172847748
CL loss: 1.2832095623016357, CE loss: 0.08724404126405716, combined loss: 0.2068406045436859
{'loss': 0.1553, 'grad_norm': 3.1918039321899414, 'learning_rate': 2.6666666666666667e-05, 'epoch': 14.0}
CL loss: 0.9528107643127441, CE loss: 0.08942840248346329, combined loss: 0.17576664686203003


  0%|          | 0/23 [00:00<?, ?it/s][A

 17%|█▋        | 4/23 [00:00<00:00, 39.54it/s][A

 35%|███▍      | 8/23 [00:00<00:00, 33.17it/s][A

 52%|█████▏    | 12/23 [00:00<00:00, 31.58it/s][A

 70%|██████▉   | 16/23 [00:00<00:00, 30.91it/s][A

 87%|████████▋ | 20/23 [00:00<00:00, 30.50it/s][A

                                               
[A
                                                 

100%|██████████| 23/23 [00:00<00:00, 30.50it/s][A
 47%|████▋     | 322/690 [03:06<02:00,  3.06it/s]

                                               [ACL loss: 1.5653661489486694, CE loss: 0.1012251153588295, combined loss: 0.2476392239332199
CL loss: 1.039903163909912, CE loss: 0.0921025201678276, combined loss: 0.18688258528709412
CL loss: 1.3552048206329346, CE loss: 0.1171347126364708, combined loss: 0.24094173312187195
CL loss: 1.2069780826568604, CE loss: 0.09407974779605865, combined loss: 0.20536959171295166
CL loss: 1.480378270149231, CE loss: 0.0924505814909935, combined loss: 0.23124335706233978
CL loss: 1.4774434566497803, CE loss: 0.09354299306869507, combined loss: 0.23193302750587463
CL loss: 1.045926570892334, CE loss: 0.0961979329586029, combined loss: 0.191170796751976
CL loss: 0.8916778564453125, CE loss: 0.10985784232616425, combined loss: 0.1880398392677307
CL loss: 0.7792844176292419, CE loss: 0.09632711112499237, combined loss: 0.16462284326553345
CL loss: 0.8769024610519409, CE loss: 0.10376612097024918, combined loss: 0.18107974529266357
CL loss: 1.0188430547714233, CE loss: 0.10753562301397324, combined loss: 0.19866636395454407
CL loss: 0.761443555355072, CE loss: 0.09270928055047989, combined loss: 0.1595827043056488
CL loss: 1.8312159776687622, CE loss: 0.09477659314870834, combined loss: 0.268420547246933
CL loss: 1.2906228303909302, CE loss: 0.0907713994383812, combined loss: 0.21075654029846191
CL loss: 1.0387526750564575, CE loss: 0.09775599837303162, combined loss: 0.19185566902160645
CL loss: 1.686943769454956, CE loss: 0.10697421431541443, combined loss: 0.26497116684913635
CL loss: 0.8825243711471558, CE loss: 0.08623955398797989, combined loss: 0.16586804389953613
CL loss: 0.627387285232544, CE loss: 0.09106341749429703, combined loss: 0.14469580352306366
CL loss: 0.39412420988082886, CE loss: 0.07952000945806503, combined loss: 0.11098042130470276
CL loss: 1.585175633430481, CE loss: 0.08398985862731934, combined loss: 0.23410844802856445
CL loss: 1.2614281177520752, CE loss: 0.09754116088151932, combined loss: 0.21392986178398132
CL loss: 0.0, CE loss: 0.07951857894659042, combined loss: 0.07156671583652496
{'eval_loss': 0.19947902858257294, 'eval_top_1_macro_recall': 0.4172510945981199, 'eval_top_1_macro_precision': 0.46352156084547824, 'eval_top_1_macro_f1': 0.4246934824705572, 'eval_top_1_accuracy': 0.6431593794076164, 'eval_top_1_micro_recall': 0.5685785536159601, 'eval_top_1_micro_precision': 0.6431593794076164, 'eval_top_1_micro_f1': 0.6035737921906023, 'eval_top_2_macro_recall': 0.5417452480930508, 'eval_top_2_macro_precision': 0.3879302270215554, 'eval_top_2_macro_f1': 0.4356999188953132, 'eval_top_2_accuracy': 0.767277856135402, 'eval_top_2_micro_recall': 0.7306733167082294, 'eval_top_2_micro_precision': 0.4132581100141044, 'eval_top_2_micro_f1': 0.527927927927928, 'eval_top_3_macro_recall': 0.6401179413746041, 'eval_top_3_macro_precision': 0.3164438066422988, 'eval_top_3_macro_f1': 0.4036075982633174, 'eval_top_3_accuracy': 0.8758815232722144, 'eval_top_3_micro_recall': 0.8403990024937655, 'eval_top_3_micro_precision': 0.3168782322519981, 'eval_top_3_micro_f1': 0.46022533287811546, 'eval_runtime': 1.0714, 'eval_samples_per_second': 661.721, 'eval_steps_per_second': 21.466, 'epoch': 14.0}

 47%|████▋     | 323/690 [03:09<09:43,  1.59s/it]
 47%|████▋     | 324/690 [03:10<07:32,  1.24s/it]
 47%|████▋     | 325/690 [03:10<06:02,  1.01it/s]
 47%|████▋     | 326/690 [03:11<04:57,  1.22it/s]
 47%|████▋     | 327/690 [03:11<04:12,  1.44it/s]
 48%|████▊     | 328/690 [03:12<03:41,  1.63it/s]
 48%|████▊     | 329/690 [03:12<03:18,  1.81it/s]
 48%|████▊     | 330/690 [03:12<03:03,  1.96it/s]
 48%|████▊     | 331/690 [03:13<02:52,  2.08it/s]
 48%|████▊     | 332/690 [03:13<02:44,  2.18it/s]
 48%|████▊     | 333/690 [03:14<02:39,  2.25it/s]
 48%|████▊     | 334/690 [03:14<02:34,  2.30it/s]
 49%|████▊     | 335/690 [03:14<02:31,  2.34it/s]
 49%|████▊     | 336/690 [03:15<02:30,  2.36it/s]
 49%|████▉     | 337/690 [03:15<02:28,  2.38it/s]
 49%|████▉     | 338/690 [03:16<02:26,  2.39it/s]
 49%|████▉     | 339/690 [03:16<02:26,  2.40it/s]
 49%|████▉     | 340/690 [03:16<02:24,  2.41it/s]
 49%|████▉     | 341/690 [03:17<02:24,  2.42it/s]
 50%|████▉     | 342/690 [03:17<02:23,  2.42it/s]
 50%|████▉     | 343/690 [03:18<02:23,  2.42it/s]
 50%|████▉     | 344/690 [03:18<02:23,  2.42it/s]
 50%|█████     | 345/690 [03:18<01:53,  3.03it/s]
                                                 

 50%|█████     | 345/690 [03:18<01:53,  3.03it/s]CL loss: 0.680334746837616, CE loss: 0.09370364248752594, combined loss: 0.1523667573928833
CL loss: 0.9940626621246338, CE loss: 0.10491256415843964, combined loss: 0.1938275694847107
CL loss: 0.7609450817108154, CE loss: 0.09698523581027985, combined loss: 0.16338121891021729
CL loss: 0.6293034553527832, CE loss: 0.09062797576189041, combined loss: 0.14449551701545715
CL loss: 0.6549195647239685, CE loss: 0.08473152667284012, combined loss: 0.14175033569335938
CL loss: 0.6601928472518921, CE loss: 0.08458670228719711, combined loss: 0.14214731752872467
CL loss: 0.7642198801040649, CE loss: 0.09866341948509216, combined loss: 0.16521906852722168
CL loss: 0.6236461400985718, CE loss: 0.08673343807458878, combined loss: 0.1404246985912323
CL loss: 0.773486852645874, CE loss: 0.0863771140575409, combined loss: 0.15508809685707092
CL loss: 0.7926169037818909, CE loss: 0.09452474117279053, combined loss: 0.16433395445346832
CL loss: 0.8554823994636536, CE loss: 0.08878377079963684, combined loss: 0.16545364260673523
CL loss: 0.6773478984832764, CE loss: 0.08113684505224228, combined loss: 0.1407579481601715
CL loss: 0.7723547220230103, CE loss: 0.0901309996843338, combined loss: 0.15835337340831757
CL loss: 0.7477487325668335, CE loss: 0.09332861006259918, combined loss: 0.1587706208229065
CL loss: 0.677258312702179, CE loss: 0.07854124903678894, combined loss: 0.1384129524230957
CL loss: 0.6699722409248352, CE loss: 0.08481094986200333, combined loss: 0.14332707226276398
CL loss: 0.7491941452026367, CE loss: 0.08967031538486481, combined loss: 0.1556226909160614
CL loss: 0.707595705986023, CE loss: 0.08611392974853516, combined loss: 0.1482621133327484
CL loss: 0.6895695328712463, CE loss: 0.08193002641201019, combined loss: 0.14269398152828217
CL loss: 0.6411474943161011, CE loss: 0.08166420459747314, combined loss: 0.13761252164840698
CL loss: 0.6750116348266602, CE loss: 0.08939888328313828, combined loss: 0.14796015620231628
CL loss: 0.6630438566207886, CE loss: 0.08563105016946793, combined loss: 0.1433723270893097
CL loss: 0.7892144918441772, CE loss: 0.08014698326587677, combined loss: 0.15105372667312622
{'loss': 0.1519, 'grad_norm': 1.8561159372329712, 'learning_rate': 2.5e-05, 'epoch': 15.0}
CL loss: 0.7809737324714661, CE loss: 0.08892784267663956, combined loss: 0.1581324338912964


  0%|          | 0/23 [00:00<?, ?it/s][A

 17%|█▋        | 4/23 [00:00<00:00, 39.97it/s][A

 35%|███▍      | 8/23 [00:00<00:00, 33.24it/s][A

 52%|█████▏    | 12/23 [00:00<00:00, 31.53it/s][A

 70%|██████▉   | 16/23 [00:00<00:00, 30.84it/s][A

 87%|████████▋ | 20/23 [00:00<00:00, 30.50it/s][A

                                               
[A
                                                 

100%|██████████| 23/23 [00:01<00:00, 30.50it/s][A
 50%|█████     | 345/690 [03:20<01:53,  3.03it/s]

                                               [ACL loss: 1.3774124383926392, CE loss: 0.09505610167980194, combined loss: 0.22329173982143402
CL loss: 0.7175433039665222, CE loss: 0.07857701182365417, combined loss: 0.14247363805770874
CL loss: 1.6015489101409912, CE loss: 0.09606963396072388, combined loss: 0.24661755561828613
CL loss: 1.2912670373916626, CE loss: 0.07907401770353317, combined loss: 0.20029333233833313
CL loss: 1.3689740896224976, CE loss: 0.07371000945568085, combined loss: 0.2032364308834076
CL loss: 1.550994634628296, CE loss: 0.08854746073484421, combined loss: 0.23479217290878296
CL loss: 1.0996605157852173, CE loss: 0.08575323224067688, combined loss: 0.1871439516544342
CL loss: 0.8335696458816528, CE loss: 0.08725402504205704, combined loss: 0.1618855893611908
CL loss: 0.874740719795227, CE loss: 0.08676420897245407, combined loss: 0.16556185483932495
CL loss: 0.9801101088523865, CE loss: 0.09138202667236328, combined loss: 0.18025483191013336
CL loss: 0.669533908367157, CE loss: 0.09059702605009079, combined loss: 0.14849071204662323
CL loss: 0.6543243527412415, CE loss: 0.08324576169252396, combined loss: 0.14035362005233765
CL loss: 1.5004727840423584, CE loss: 0.08858084678649902, combined loss: 0.22977004945278168
CL loss: 0.8932346105575562, CE loss: 0.07481931895017624, combined loss: 0.15666085481643677
CL loss: 1.3849949836730957, CE loss: 0.08862799406051636, combined loss: 0.21826469898223877
CL loss: 1.5695632696151733, CE loss: 0.10050443559885025, combined loss: 0.24741032719612122
CL loss: 0.7790607810020447, CE loss: 0.07883241027593613, combined loss: 0.14885523915290833
CL loss: 0.5569222569465637, CE loss: 0.06660603731870651, combined loss: 0.11563766002655029
CL loss: 0.4755449891090393, CE loss: 0.0694977417588234, combined loss: 0.11010246723890305
CL loss: 1.6097670793533325, CE loss: 0.07924527674913406, combined loss: 0.23229745030403137
CL loss: 1.2713181972503662, CE loss: 0.09140464663505554, combined loss: 0.20939600467681885
CL loss: 0.0, CE loss: 0.06080285832285881, combined loss: 0.05472256988286972
{'eval_loss': 0.18367154896259308, 'eval_top_1_macro_recall': 0.4547137381440839, 'eval_top_1_macro_precision': 0.46542696066692596, 'eval_top_1_macro_f1': 0.447065578544651, 'eval_top_1_accuracy': 0.7221438645980254, 'eval_top_1_micro_recall': 0.6384039900249376, 'eval_top_1_micro_precision': 0.7221438645980254, 'eval_top_1_micro_f1': 0.6776968894771674, 'eval_top_2_macro_recall': 0.5888904521010997, 'eval_top_2_macro_precision': 0.37241097771182097, 'eval_top_2_macro_f1': 0.4407569923077592, 'eval_top_2_accuracy': 0.8307475317348378, 'eval_top_2_micro_recall': 0.7905236907730673, 'eval_top_2_micro_precision': 0.44710860366713684, 'eval_top_2_micro_f1': 0.5711711711711711, 'eval_top_3_macro_recall': 0.6846454793186276, 'eval_top_3_macro_precision': 0.3180339480411476, 'eval_top_3_macro_f1': 0.412045031542743, 'eval_top_3_accuracy': 0.9111424541607899, 'eval_top_3_micro_recall': 0.8827930174563591, 'eval_top_3_micro_precision': 0.3328631875881523, 'eval_top_3_micro_f1': 0.48344144759303515, 'eval_runtime': 1.0811, 'eval_samples_per_second': 655.844, 'eval_steps_per_second': 21.276, 'epoch': 15.0}

 50%|█████     | 346/690 [03:23<09:22,  1.64s/it]
 50%|█████     | 347/690 [03:23<07:15,  1.27s/it]
 50%|█████     | 348/690 [03:24<05:46,  1.01s/it]
 51%|█████     | 349/690 [03:24<04:44,  1.20it/s]
 51%|█████     | 350/690 [03:25<04:00,  1.41it/s]
 51%|█████     | 351/690 [03:25<03:30,  1.61it/s]
 51%|█████     | 352/690 [03:25<03:08,  1.80it/s]
 51%|█████     | 353/690 [03:26<02:52,  1.95it/s]
 51%|█████▏    | 354/690 [03:26<02:42,  2.07it/s]
 51%|█████▏    | 355/690 [03:27<02:34,  2.17it/s]
 52%|█████▏    | 356/690 [03:27<02:29,  2.24it/s]
 52%|█████▏    | 357/690 [03:28<02:25,  2.29it/s]
 52%|█████▏    | 358/690 [03:28<02:22,  2.33it/s]
 52%|█████▏    | 359/690 [03:28<02:21,  2.35it/s]
 52%|█████▏    | 360/690 [03:29<02:19,  2.37it/s]
 52%|█████▏    | 361/690 [03:29<02:18,  2.38it/s]
 52%|█████▏    | 362/690 [03:30<02:16,  2.40it/s]
 53%|█████▎    | 363/690 [03:30<02:16,  2.40it/s]
 53%|█████▎    | 364/690 [03:30<02:15,  2.41it/s]
 53%|█████▎    | 365/690 [03:31<02:14,  2.41it/s]
 53%|█████▎    | 366/690 [03:31<02:14,  2.42it/s]
 53%|█████▎    | 367/690 [03:32<02:13,  2.42it/s]
 53%|█████▎    | 368/690 [03:32<01:45,  3.04it/s]
                                                 

 53%|█████▎    | 368/690 [03:32<01:45,  3.04it/s]CL loss: 0.7241829037666321, CE loss: 0.08488155901432037, combined loss: 0.1488116979598999
CL loss: 0.6332941055297852, CE loss: 0.08065348863601685, combined loss: 0.1359175443649292
CL loss: 0.6355075240135193, CE loss: 0.08174380660057068, combined loss: 0.13712018728256226
CL loss: 0.7530766725540161, CE loss: 0.08203226327896118, combined loss: 0.14913669228553772
CL loss: 0.5448333024978638, CE loss: 0.0762147307395935, combined loss: 0.12307658791542053
CL loss: 0.5194515585899353, CE loss: 0.07306168228387833, combined loss: 0.11770066618919373
CL loss: 0.6915533542633057, CE loss: 0.07808665931224823, combined loss: 0.13943332433700562
CL loss: 0.7602686285972595, CE loss: 0.08471079170703888, combined loss: 0.15226657688617706
CL loss: 0.5975826382637024, CE loss: 0.07752211391925812, combined loss: 0.12952816486358643
CL loss: 0.8086959719657898, CE loss: 0.08715011179447174, combined loss: 0.15930470824241638
CL loss: 0.6706199049949646, CE loss: 0.08187782019376755, combined loss: 0.14075201749801636
CL loss: 0.7509432435035706, CE loss: 0.07909495383501053, combined loss: 0.14627978205680847
CL loss: 0.755086362361908, CE loss: 0.08246888965368271, combined loss: 0.1497306376695633
CL loss: 0.6026605367660522, CE loss: 0.0840623751282692, combined loss: 0.13592219352722168
CL loss: 0.7840602993965149, CE loss: 0.08747854083776474, combined loss: 0.1571367084980011
CL loss: 0.6504598259925842, CE loss: 0.07422322034835815, combined loss: 0.13184687495231628
CL loss: 0.702194094657898, CE loss: 0.08574506640434265, combined loss: 0.1473899781703949
CL loss: 0.6892561912536621, CE loss: 0.08118746429681778, combined loss: 0.14199432730674744
CL loss: 0.549475371837616, CE loss: 0.0767832025885582, combined loss: 0.12405242025852203
CL loss: 0.5717669725418091, CE loss: 0.08406112343072891, combined loss: 0.13283170759677887
CL loss: 0.6620358824729919, CE loss: 0.0856255516409874, combined loss: 0.14326658844947815
CL loss: 0.736481249332428, CE loss: 0.08392125368118286, combined loss: 0.14917725324630737
CL loss: 1.1951441764831543, CE loss: 0.08580870926380157, combined loss: 0.19674226641654968
{'loss': 0.143, 'grad_norm': 2.4647977352142334, 'learning_rate': 2.3333333333333336e-05, 'epoch': 16.0}
CL loss: 0.6124095320701599, CE loss: 0.08446153998374939, combined loss: 0.13725633919239044


  0%|          | 0/23 [00:00<?, ?it/s][A

 17%|█▋        | 4/23 [00:00<00:00, 39.77it/s][A

 35%|███▍      | 8/23 [00:00<00:00, 33.27it/s][A

 52%|█████▏    | 12/23 [00:00<00:00, 31.70it/s][A

 70%|██████▉   | 16/23 [00:00<00:00, 30.99it/s][A

 87%|████████▋ | 20/23 [00:00<00:00, 30.62it/s][A

                                               
[A
                                                 

100%|██████████| 23/23 [00:00<00:00, 30.62it/s][A
 53%|█████▎    | 368/690 [03:33<01:45,  3.04it/s]

                                               [ACL loss: 1.433854579925537, CE loss: 0.09345642477273941, combined loss: 0.22749623656272888
CL loss: 0.7512245178222656, CE loss: 0.07842651754617691, combined loss: 0.14570632576942444
CL loss: 1.4730803966522217, CE loss: 0.09825646877288818, combined loss: 0.2357388585805893
CL loss: 1.228238821029663, CE loss: 0.08073318004608154, combined loss: 0.1954837441444397
CL loss: 1.4235103130340576, CE loss: 0.07149297744035721, combined loss: 0.20669470727443695
CL loss: 1.4552991390228271, CE loss: 0.08786150068044662, combined loss: 0.2246052622795105
CL loss: 1.1556191444396973, CE loss: 0.0879102349281311, combined loss: 0.19468113780021667
CL loss: 0.8621411919593811, CE loss: 0.08842390775680542, combined loss: 0.16579562425613403
CL loss: 0.9904021620750427, CE loss: 0.08416396379470825, combined loss: 0.17478778958320618
CL loss: 0.9147344827651978, CE loss: 0.08751251548528671, combined loss: 0.17023470997810364
CL loss: 0.6734504699707031, CE loss: 0.08713146299123764, combined loss: 0.1457633674144745
CL loss: 0.7269916534423828, CE loss: 0.07773692905902863, combined loss: 0.1426624059677124
CL loss: 1.4623818397521973, CE loss: 0.08853137493133545, combined loss: 0.22591643035411835
CL loss: 1.0605356693267822, CE loss: 0.07134696841239929, combined loss: 0.17026583850383759
CL loss: 1.0638527870178223, CE loss: 0.08201085776090622, combined loss: 0.18019506335258484
CL loss: 1.5724157094955444, CE loss: 0.09356960654258728, combined loss: 0.24145421385765076
CL loss: 0.9262839555740356, CE loss: 0.08063163608312607, combined loss: 0.16519686579704285
CL loss: 0.5715808868408203, CE loss: 0.0600578598678112, combined loss: 0.1112101674079895
CL loss: 0.4675849974155426, CE loss: 0.06939335912466049, combined loss: 0.10921251773834229
CL loss: 1.7907670736312866, CE loss: 0.08328119665384293, combined loss: 0.254029780626297
CL loss: 1.3442981243133545, CE loss: 0.08964894711971283, combined loss: 0.21511386334896088
CL loss: 0.0, CE loss: 0.062238484621047974, combined loss: 0.05601463466882706
{'eval_loss': 0.1827138364315033, 'eval_top_1_macro_recall': 0.43676209678244526, 'eval_top_1_macro_precision': 0.4707669146864873, 'eval_top_1_macro_f1': 0.4408315227908227, 'eval_top_1_accuracy': 0.7179125528913963, 'eval_top_1_micro_recall': 0.6346633416458853, 'eval_top_1_micro_precision': 0.7179125528913963, 'eval_top_1_micro_f1': 0.6737260092653872, 'eval_top_2_macro_recall': 0.5907792555043442, 'eval_top_2_macro_precision': 0.37936337016884153, 'eval_top_2_macro_f1': 0.4487363444732193, 'eval_top_2_accuracy': 0.842031029619182, 'eval_top_2_micro_recall': 0.8017456359102244, 'eval_top_2_micro_precision': 0.4534555712270804, 'eval_top_2_micro_f1': 0.5792792792792792, 'eval_top_3_macro_recall': 0.6906735275752804, 'eval_top_3_macro_precision': 0.3106905912474869, 'eval_top_3_macro_f1': 0.40960776369486074, 'eval_top_3_accuracy': 0.9125528913963329, 'eval_top_3_micro_recall': 0.8927680798004988, 'eval_top_3_micro_precision': 0.33662435354960035, 'eval_top_3_micro_f1': 0.4889040628200751, 'eval_runtime': 1.0611, 'eval_samples_per_second': 668.181, 'eval_steps_per_second': 21.676, 'epoch': 16.0}

 53%|█████▎    | 369/690 [03:36<08:35,  1.61s/it]
 54%|█████▎    | 370/690 [03:37<06:39,  1.25s/it]
 54%|█████▍    | 371/690 [03:37<05:18,  1.00it/s]
 54%|█████▍    | 372/690 [03:38<04:21,  1.22it/s]
 54%|█████▍    | 373/690 [03:38<03:41,  1.43it/s]
 54%|█████▍    | 374/690 [03:38<03:13,  1.63it/s]
 54%|█████▍    | 375/690 [03:39<02:53,  1.81it/s]
 54%|█████▍    | 376/690 [03:39<02:39,  1.96it/s]
 55%|█████▍    | 377/690 [03:40<02:30,  2.08it/s]
 55%|█████▍    | 378/690 [03:40<02:23,  2.18it/s]
 55%|█████▍    | 379/690 [03:40<02:18,  2.25it/s]
 55%|█████▌    | 380/690 [03:41<02:14,  2.30it/s]
 55%|█████▌    | 381/690 [03:41<02:12,  2.34it/s]
 55%|█████▌    | 382/690 [03:42<02:10,  2.37it/s]
 56%|█████▌    | 383/690 [03:42<02:08,  2.38it/s]
 56%|█████▌    | 384/690 [03:43<02:07,  2.40it/s]
 56%|█████▌    | 385/690 [03:43<02:07,  2.40it/s]
 56%|█████▌    | 386/690 [03:43<02:06,  2.41it/s]
 56%|█████▌    | 387/690 [03:44<02:05,  2.42it/s]
 56%|█████▌    | 388/690 [03:44<02:04,  2.42it/s]
 56%|█████▋    | 389/690 [03:45<02:04,  2.42it/s]
 57%|█████▋    | 390/690 [03:45<02:03,  2.42it/s]
 57%|█████▋    | 391/690 [03:45<01:37,  3.06it/s]
                                                 

 57%|█████▋    | 391/690 [03:45<01:37,  3.06it/s]CL loss: 0.6127575039863586, CE loss: 0.08326458185911179, combined loss: 0.13621386885643005
CL loss: 0.6056021451950073, CE loss: 0.07593736797571182, combined loss: 0.1289038509130478
CL loss: 0.6218438148498535, CE loss: 0.0765070915222168, combined loss: 0.1310407668352127
CL loss: 0.6613882184028625, CE loss: 0.07939033210277557, combined loss: 0.13759012520313263
CL loss: 0.6675195693969727, CE loss: 0.07846226543188095, combined loss: 0.13736799359321594
CL loss: 0.6491786241531372, CE loss: 0.07718614488840103, combined loss: 0.1343853920698166
CL loss: 0.5249685645103455, CE loss: 0.06947813183069229, combined loss: 0.11502717435359955
CL loss: 0.6819326877593994, CE loss: 0.07682116329669952, combined loss: 0.13733232021331787
CL loss: 0.772724449634552, CE loss: 0.08308444172143936, combined loss: 0.15204843878746033
CL loss: 0.6107199192047119, CE loss: 0.07839321345090866, combined loss: 0.13162589073181152
CL loss: 0.7583713531494141, CE loss: 0.08265324681997299, combined loss: 0.15022505819797516
CL loss: 0.8824225664138794, CE loss: 0.09092065691947937, combined loss: 0.1700708419084549
CL loss: 0.6133323907852173, CE loss: 0.07464028894901276, combined loss: 0.1285094916820526
CL loss: 0.811958909034729, CE loss: 0.08460040390491486, combined loss: 0.1573362499475479
CL loss: 0.6547195315361023, CE loss: 0.08001204580068588, combined loss: 0.13748279213905334
CL loss: 0.769771158695221, CE loss: 0.08601774275302887, combined loss: 0.15439307689666748
CL loss: 0.6321057677268982, CE loss: 0.07777420431375504, combined loss: 0.13320735096931458
CL loss: 0.7518490552902222, CE loss: 0.08555764704942703, combined loss: 0.152186781167984
CL loss: 0.4658195972442627, CE loss: 0.07232636213302612, combined loss: 0.1116756871342659
CL loss: 0.6451576948165894, CE loss: 0.08463084697723389, combined loss: 0.14068353176116943
CL loss: 0.736813485622406, CE loss: 0.07811933010816574, combined loss: 0.1439887434244156
CL loss: 0.638468325138092, CE loss: 0.07567130774259567, combined loss: 0.1319510042667389
CL loss: 0.7946574687957764, CE loss: 0.08966357260942459, combined loss: 0.16016295552253723
{'loss': 0.1397, 'grad_norm': 2.393066883087158, 'learning_rate': 2.1666666666666667e-05, 'epoch': 17.0}
CL loss: 0.7698244452476501, CE loss: 0.08858783543109894, combined loss: 0.15671148896217346


  0%|          | 0/23 [00:00<?, ?it/s][A

 22%|██▏       | 5/23 [00:00<00:00, 37.38it/s][A

 39%|███▉      | 9/23 [00:00<00:00, 32.92it/s][A

 57%|█████▋    | 13/23 [00:00<00:00, 31.55it/s][A

 74%|███████▍  | 17/23 [00:00<00:00, 30.93it/s][A

 91%|█████████▏| 21/23 [00:00<00:00, 30.50it/s][A

                                               
[A
                                                 

100%|██████████| 23/23 [00:01<00:00, 30.50it/s][A
 57%|█████▋    | 391/690 [03:46<01:37,  3.06it/s]

                                               [ACL loss: 1.4754445552825928, CE loss: 0.094859279692173, combined loss: 0.23291781544685364
CL loss: 0.8439005017280579, CE loss: 0.08163422346115112, combined loss: 0.15786084532737732
CL loss: 1.508257508277893, CE loss: 0.0992233157157898, combined loss: 0.24012672901153564
CL loss: 1.421362042427063, CE loss: 0.08207112550735474, combined loss: 0.21600021421909332
CL loss: 0.9167876839637756, CE loss: 0.06754139810800552, combined loss: 0.1524660289287567
CL loss: 1.415974497795105, CE loss: 0.08987390249967575, combined loss: 0.22248396277427673
CL loss: 1.161628246307373, CE loss: 0.09281084686517715, combined loss: 0.19969259202480316
CL loss: 0.9309942126274109, CE loss: 0.08378585427999496, combined loss: 0.1685066819190979
CL loss: 1.093812108039856, CE loss: 0.08608875423669815, combined loss: 0.1868610978126526
CL loss: 1.0430927276611328, CE loss: 0.08759597688913345, combined loss: 0.1831456422805786
CL loss: 0.6747035384178162, CE loss: 0.08379282057285309, combined loss: 0.14288389682769775
CL loss: 0.709981381893158, CE loss: 0.0762501060962677, combined loss: 0.13962322473526
CL loss: 1.4888556003570557, CE loss: 0.08757402002811432, combined loss: 0.22770217061042786
CL loss: 1.1046333312988281, CE loss: 0.07492604106664658, combined loss: 0.17789676785469055
CL loss: 1.5835387706756592, CE loss: 0.09069273620843887, combined loss: 0.23997732996940613
CL loss: 1.7660590410232544, CE loss: 0.09834296256303787, combined loss: 0.26511457562446594
CL loss: 0.8128145933151245, CE loss: 0.0781254693865776, combined loss: 0.1515943706035614
CL loss: 0.4556412994861603, CE loss: 0.061609040945768356, combined loss: 0.10101226717233658
CL loss: 0.5751545429229736, CE loss: 0.07012953609228134, combined loss: 0.12063203752040863
CL loss: 1.6582306623458862, CE loss: 0.07692031562328339, combined loss: 0.23505136370658875
CL loss: 1.2192796468734741, CE loss: 0.08657094091176987, combined loss: 0.19984181225299835
CL loss: 0.0, CE loss: 0.06455402076244354, combined loss: 0.05809861794114113
{'eval_loss': 0.1862761527299881, 'eval_top_1_macro_recall': 0.44919854290605027, 'eval_top_1_macro_precision': 0.46755127219098, 'eval_top_1_macro_f1': 0.4475506693197115, 'eval_top_1_accuracy': 0.7165021156558533, 'eval_top_1_micro_recall': 0.6334164588528678, 'eval_top_1_micro_precision': 0.7165021156558533, 'eval_top_1_micro_f1': 0.672402382528127, 'eval_top_2_macro_recall': 0.5892789645675571, 'eval_top_2_macro_precision': 0.3815856314429047, 'eval_top_2_macro_f1': 0.4437193805333645, 'eval_top_2_accuracy': 0.8166431593794076, 'eval_top_2_micro_recall': 0.7805486284289277, 'eval_top_2_micro_precision': 0.4414668547249647, 'eval_top_2_micro_f1': 0.563963963963964, 'eval_top_3_macro_recall': 0.7140515908306235, 'eval_top_3_macro_precision': 0.3156284402351272, 'eval_top_3_macro_f1': 0.4137533177373863, 'eval_top_3_accuracy': 0.8998589562764457, 'eval_top_3_micro_recall': 0.8802992518703242, 'eval_top_3_micro_precision': 0.3319228960977903, 'eval_top_3_micro_f1': 0.4820757937862752, 'eval_runtime': 1.0846, 'eval_samples_per_second': 653.691, 'eval_steps_per_second': 21.206, 'epoch': 17.0}

 57%|█████▋    | 392/690 [03:50<08:03,  1.62s/it]
 57%|█████▋    | 393/690 [03:50<06:14,  1.26s/it]
 57%|█████▋    | 394/690 [03:51<04:57,  1.01s/it]
 57%|█████▋    | 395/690 [03:51<04:04,  1.21it/s]
 57%|█████▋    | 396/690 [03:51<03:27,  1.42it/s]
 58%|█████▊    | 397/690 [03:52<03:00,  1.62it/s]
 58%|█████▊    | 398/690 [03:52<02:42,  1.80it/s]
 58%|█████▊    | 399/690 [03:53<02:28,  1.95it/s]
 58%|█████▊    | 400/690 [03:53<02:19,  2.08it/s]
 58%|█████▊    | 401/690 [03:53<02:12,  2.17it/s]
 58%|█████▊    | 402/690 [03:54<02:08,  2.24it/s]
 58%|█████▊    | 403/690 [03:54<02:05,  2.30it/s]
 59%|█████▊    | 404/690 [03:55<02:02,  2.33it/s]
 59%|█████▊    | 405/690 [03:55<02:00,  2.36it/s]
 59%|█████▉    | 406/690 [03:56<01:58,  2.39it/s]
 59%|█████▉    | 407/690 [03:56<01:58,  2.39it/s]
 59%|█████▉    | 408/690 [03:56<01:57,  2.41it/s]
 59%|█████▉    | 409/690 [03:57<01:56,  2.42it/s]
 59%|█████▉    | 410/690 [03:57<01:55,  2.42it/s]
 60%|█████▉    | 411/690 [03:58<01:55,  2.42it/s]
 60%|█████▉    | 412/690 [03:58<01:54,  2.43it/s]
 60%|█████▉    | 413/690 [03:58<01:54,  2.43it/s]
 60%|██████    | 414/690 [03:59<01:31,  3.01it/s]
                                                 

 60%|██████    | 414/690 [03:59<01:31,  3.01it/s]CL loss: 0.5964889526367188, CE loss: 0.07272962480783463, combined loss: 0.12510555982589722
CL loss: 0.7235403060913086, CE loss: 0.07597209513187408, combined loss: 0.1407289206981659
CL loss: 0.6846364736557007, CE loss: 0.08242041617631912, combined loss: 0.14264202117919922
CL loss: 0.6872109174728394, CE loss: 0.08269559592008591, combined loss: 0.14314712584018707
CL loss: 0.7945983409881592, CE loss: 0.08019263297319412, combined loss: 0.15163320302963257
CL loss: 0.7048196792602539, CE loss: 0.07829967886209488, combined loss: 0.14095167815685272
CL loss: 0.6417105197906494, CE loss: 0.07585680484771729, combined loss: 0.1324421763420105
CL loss: 0.6509137153625488, CE loss: 0.08422529697418213, combined loss: 0.14089414477348328
CL loss: 0.6091625690460205, CE loss: 0.07369272410869598, combined loss: 0.12723970413208008
CL loss: 0.7325957417488098, CE loss: 0.08197704702615738, combined loss: 0.14703890681266785
CL loss: 0.6153891086578369, CE loss: 0.07344803214073181, combined loss: 0.12764213979244232
CL loss: 0.557632565498352, CE loss: 0.0723758190870285, combined loss: 0.12090149521827698
CL loss: 0.6868672966957092, CE loss: 0.0833917111158371, combined loss: 0.1437392681837082
CL loss: 0.6244563460350037, CE loss: 0.07865958660840988, combined loss: 0.1332392692565918
CL loss: 0.49494054913520813, CE loss: 0.07259111106395721, combined loss: 0.11482605338096619
CL loss: 0.5494842529296875, CE loss: 0.07914545387029648, combined loss: 0.12617933750152588
CL loss: 0.5916100740432739, CE loss: 0.07319917529821396, combined loss: 0.12504026293754578
CL loss: 0.8165854215621948, CE loss: 0.08115500211715698, combined loss: 0.15469804406166077
CL loss: 0.6796929240226746, CE loss: 0.07944507151842117, combined loss: 0.13946986198425293
CL loss: 0.6591382622718811, CE loss: 0.07895652949810028, combined loss: 0.13697469234466553
CL loss: 0.6047371625900269, CE loss: 0.07456924021244049, combined loss: 0.12758603692054749
CL loss: 0.6404392123222351, CE loss: 0.07881609350442886, combined loss: 0.13497841358184814
CL loss: 1.3913278579711914, CE loss: 0.07261605560779572, combined loss: 0.20448723435401917
{'loss': 0.1383, 'grad_norm': 3.7273964881896973, 'learning_rate': 2e-05, 'epoch': 18.0}
CL loss: 0.6360135674476624, CE loss: 0.0832601934671402, combined loss: 0.1385355293750763


  0%|          | 0/23 [00:00<?, ?it/s][A

 22%|██▏       | 5/23 [00:00<00:00, 37.61it/s][A

 39%|███▉      | 9/23 [00:00<00:00, 33.10it/s][A

 57%|█████▋    | 13/23 [00:00<00:00, 31.61it/s][A

 74%|███████▍  | 17/23 [00:00<00:00, 30.99it/s][A

 91%|█████████▏| 21/23 [00:00<00:00, 30.56it/s][A

                                               
[A
                                                 

100%|██████████| 23/23 [00:00<00:00, 30.56it/s][A
 60%|██████    | 414/690 [04:00<01:31,  3.01it/s]

                                               [ACL loss: 1.2306188344955444, CE loss: 0.0856395736336708, combined loss: 0.20013749599456787
CL loss: 0.5984473824501038, CE loss: 0.07078144699335098, combined loss: 0.12354803830385208
CL loss: 1.4759414196014404, CE loss: 0.1000891849398613, combined loss: 0.23767440021038055
CL loss: 1.2567864656448364, CE loss: 0.07572054862976074, combined loss: 0.19382713735103607
CL loss: 1.1255285739898682, CE loss: 0.06548991054296494, combined loss: 0.1714937686920166
CL loss: 1.3464176654815674, CE loss: 0.08551232516765594, combined loss: 0.21160286664962769
CL loss: 1.137068748474121, CE loss: 0.08267995715141296, combined loss: 0.1881188452243805
CL loss: 0.8962371945381165, CE loss: 0.0825248435139656, combined loss: 0.1638960838317871
CL loss: 0.9492911696434021, CE loss: 0.07711684703826904, combined loss: 0.1643342822790146
CL loss: 0.918541669845581, CE loss: 0.08581866323947906, combined loss: 0.16909095644950867
CL loss: 0.7359394431114197, CE loss: 0.0866067111492157, combined loss: 0.15153998136520386
CL loss: 0.8221548795700073, CE loss: 0.07251111418008804, combined loss: 0.1474754810333252
CL loss: 1.7513606548309326, CE loss: 0.09135022014379501, combined loss: 0.257351279258728
CL loss: 1.0964360237121582, CE loss: 0.07105077058076859, combined loss: 0.173589289188385
CL loss: 1.2845436334609985, CE loss: 0.08203848451375961, combined loss: 0.20228901505470276
CL loss: 1.7279759645462036, CE loss: 0.09310251474380493, combined loss: 0.2565898597240448
CL loss: 0.8113417625427246, CE loss: 0.07573878020048141, combined loss: 0.14929908514022827
CL loss: 0.6676887273788452, CE loss: 0.05711333081126213, combined loss: 0.11817087233066559
CL loss: 0.45308688282966614, CE loss: 0.06173437461256981, combined loss: 0.10086962580680847
CL loss: 1.5315301418304443, CE loss: 0.07512623071670532, combined loss: 0.22076663374900818
CL loss: 1.1608070135116577, CE loss: 0.08225566893815994, combined loss: 0.19011080265045166
CL loss: 0.0, CE loss: 0.052550509572029114, combined loss: 0.0472954586148262
{'eval_loss': 0.1777241826057434, 'eval_top_1_macro_recall': 0.45848226179723145, 'eval_top_1_macro_precision': 0.4707854014052142, 'eval_top_1_macro_f1': 0.45653094633719926, 'eval_top_1_accuracy': 0.7404795486600846, 'eval_top_1_micro_recall': 0.6546134663341646, 'eval_top_1_micro_precision': 0.7404795486600846, 'eval_top_1_micro_f1': 0.6949040370615487, 'eval_top_2_macro_recall': 0.6221937481048534, 'eval_top_2_macro_precision': 0.40719510252843816, 'eval_top_2_macro_f1': 0.47056541288277026, 'eval_top_2_accuracy': 0.8335684062059239, 'eval_top_2_micro_recall': 0.7967581047381546, 'eval_top_2_micro_precision': 0.4506346967559944, 'eval_top_2_micro_f1': 0.5756756756756757, 'eval_top_3_macro_recall': 0.7137545747038985, 'eval_top_3_macro_precision': 0.33378498611784024, 'eval_top_3_macro_f1': 0.4255441188801022, 'eval_top_3_accuracy': 0.9125528913963329, 'eval_top_3_micro_recall': 0.8977556109725686, 'eval_top_3_micro_precision': 0.3385049365303244, 'eval_top_3_micro_f1': 0.49163537043359506, 'eval_runtime': 1.0856, 'eval_samples_per_second': 653.123, 'eval_steps_per_second': 21.187, 'epoch': 18.0}

 60%|██████    | 415/690 [04:03<07:18,  1.60s/it]
 60%|██████    | 416/690 [04:04<05:39,  1.24s/it]
 60%|██████    | 417/690 [04:04<04:30,  1.01it/s]
 61%|██████    | 418/690 [04:04<03:42,  1.22it/s]
 61%|██████    | 419/690 [04:05<03:08,  1.44it/s]
 61%|██████    | 420/690 [04:05<02:44,  1.64it/s]
 61%|██████    | 421/690 [04:06<02:27,  1.82it/s]
 61%|██████    | 422/690 [04:06<02:16,  1.97it/s]
 61%|██████▏   | 423/690 [04:06<02:07,  2.09it/s]
 61%|██████▏   | 424/690 [04:07<02:02,  2.18it/s]
 62%|██████▏   | 425/690 [04:07<01:57,  2.25it/s]
 62%|██████▏   | 426/690 [04:08<01:54,  2.30it/s]
 62%|██████▏   | 427/690 [04:08<01:52,  2.34it/s]
 62%|██████▏   | 428/690 [04:08<01:50,  2.36it/s]
 62%|██████▏   | 429/690 [04:09<01:49,  2.39it/s]
 62%|██████▏   | 430/690 [04:09<01:48,  2.41it/s]
 62%|██████▏   | 431/690 [04:10<01:47,  2.41it/s]
 63%|██████▎   | 432/690 [04:10<01:46,  2.42it/s]
 63%|██████▎   | 433/690 [04:11<01:45,  2.42it/s]
 63%|██████▎   | 434/690 [04:11<01:45,  2.42it/s]
 63%|██████▎   | 435/690 [04:11<01:44,  2.43it/s]
 63%|██████▎   | 436/690 [04:12<01:44,  2.43it/s]
 63%|██████▎   | 437/690 [04:12<01:22,  3.06it/s]
                                                 

 63%|██████▎   | 437/690 [04:12<01:22,  3.06it/s]CL loss: 0.637215793132782, CE loss: 0.07196871191263199, combined loss: 0.12849342823028564
CL loss: 0.7494096159934998, CE loss: 0.077063649892807, combined loss: 0.144298255443573
CL loss: 0.6772778034210205, CE loss: 0.07919593155384064, combined loss: 0.13900411128997803
CL loss: 0.7025192379951477, CE loss: 0.075202077627182, combined loss: 0.13793379068374634
CL loss: 0.5747343301773071, CE loss: 0.07024788856506348, combined loss: 0.1206965297460556
CL loss: 0.6105855107307434, CE loss: 0.07161256670951843, combined loss: 0.1255098581314087
CL loss: 0.5759578943252563, CE loss: 0.07212771475315094, combined loss: 0.12251073122024536
CL loss: 0.5236546397209167, CE loss: 0.07617314159870148, combined loss: 0.12092128396034241
CL loss: 0.4894182085990906, CE loss: 0.0714493915438652, combined loss: 0.11324626952409744
CL loss: 0.6877290606498718, CE loss: 0.08496294170618057, combined loss: 0.14523954689502716
CL loss: 0.6959616541862488, CE loss: 0.08442376554012299, combined loss: 0.1455775499343872
CL loss: 0.7926988005638123, CE loss: 0.08313515037298203, combined loss: 0.1540915071964264
CL loss: 0.6897834539413452, CE loss: 0.07874594628810883, combined loss: 0.1398496925830841
CL loss: 0.7090116739273071, CE loss: 0.07349801808595657, combined loss: 0.1370493769645691
CL loss: 0.44847172498703003, CE loss: 0.06420540064573288, combined loss: 0.10263203084468842
CL loss: 0.6162770986557007, CE loss: 0.07814627885818481, combined loss: 0.13195936381816864
CL loss: 0.565319836139679, CE loss: 0.07144144177436829, combined loss: 0.12082928419113159
CL loss: 0.7532166838645935, CE loss: 0.07790670543909073, combined loss: 0.14543770253658295
CL loss: 0.6401290893554688, CE loss: 0.07773879915475845, combined loss: 0.13397783041000366
CL loss: 0.44625401496887207, CE loss: 0.07237403094768524, combined loss: 0.1097620278596878
CL loss: 0.6569793820381165, CE loss: 0.07721036672592163, combined loss: 0.1351872682571411
CL loss: 0.7343852519989014, CE loss: 0.08034706115722656, combined loss: 0.14575088024139404
CL loss: 1.080096960067749, CE loss: 0.06925519555807114, combined loss: 0.17033937573432922
{'loss': 0.1335, 'grad_norm': 2.6348888874053955, 'learning_rate': 1.8333333333333333e-05, 'epoch': 19.0}
CL loss: 0.48559340834617615, CE loss: 0.07899463921785355, combined loss: 0.11965452134609222


  0%|          | 0/23 [00:00<?, ?it/s][A

 22%|██▏       | 5/23 [00:00<00:00, 37.51it/s][A

 39%|███▉      | 9/23 [00:00<00:00, 33.10it/s][A

 57%|█████▋    | 13/23 [00:00<00:00, 31.65it/s][A

 74%|███████▍  | 17/23 [00:00<00:00, 30.97it/s][A

 91%|█████████▏| 21/23 [00:00<00:00, 30.55it/s][A

                                               
[A
                                                 

100%|██████████| 23/23 [00:00<00:00, 30.55it/s][A
 63%|██████▎   | 437/690 [04:13<01:22,  3.06it/s]

                                               [ACL loss: 1.4145407676696777, CE loss: 0.09539371728897095, combined loss: 0.22730842232704163
CL loss: 0.7208873629570007, CE loss: 0.06811399757862091, combined loss: 0.133391335606575
CL loss: 1.4340072870254517, CE loss: 0.09659840166568756, combined loss: 0.23033928871154785
CL loss: 1.3563096523284912, CE loss: 0.07526656985282898, combined loss: 0.2033708691596985
CL loss: 1.014192819595337, CE loss: 0.06006009131669998, combined loss: 0.15547336637973785
CL loss: 1.4955250024795532, CE loss: 0.08751912415027618, combined loss: 0.22831971943378448
CL loss: 1.1605963706970215, CE loss: 0.08188267797231674, combined loss: 0.18975403904914856
CL loss: 0.8932154178619385, CE loss: 0.08109953254461288, combined loss: 0.1623111218214035
CL loss: 1.0135726928710938, CE loss: 0.07873792201280594, combined loss: 0.17222139239311218
CL loss: 0.933742105960846, CE loss: 0.08125414699316025, combined loss: 0.1665029525756836
CL loss: 0.7476343512535095, CE loss: 0.08358907699584961, combined loss: 0.14999359846115112
CL loss: 0.7881965637207031, CE loss: 0.07326380908489227, combined loss: 0.14475709199905396
CL loss: 1.4687871932983398, CE loss: 0.0857175812125206, combined loss: 0.22402453422546387
CL loss: 1.2641953229904175, CE loss: 0.07450252771377563, combined loss: 0.19347180426120758
CL loss: 1.390075922012329, CE loss: 0.0816773995757103, combined loss: 0.21251726150512695
CL loss: 1.8676029443740845, CE loss: 0.09469477087259293, combined loss: 0.27198559045791626
CL loss: 0.727730929851532, CE loss: 0.07230010628700256, combined loss: 0.13784319162368774
CL loss: 0.7844312191009521, CE loss: 0.05667712166905403, combined loss: 0.12945252656936646
CL loss: 0.4595233201980591, CE loss: 0.06155309081077576, combined loss: 0.10135011374950409
CL loss: 1.6415693759918213, CE loss: 0.07576379925012589, combined loss: 0.2323443591594696
CL loss: 1.2505589723587036, CE loss: 0.08146088570356369, combined loss: 0.19837069511413574
CL loss: 0.0, CE loss: 0.05223385989665985, combined loss: 0.047010473906993866
{'eval_loss': 0.18017955124378204, 'eval_top_1_macro_recall': 0.4626359036764502, 'eval_top_1_macro_precision': 0.4831432731914148, 'eval_top_1_macro_f1': 0.46253087167821966, 'eval_top_1_accuracy': 0.7461212976022567, 'eval_top_1_micro_recall': 0.6596009975062345, 'eval_top_1_micro_precision': 0.7461212976022567, 'eval_top_1_micro_f1': 0.700198544010589, 'eval_top_2_macro_recall': 0.6241360945054414, 'eval_top_2_macro_precision': 0.41138346556983446, 'eval_top_2_macro_f1': 0.47649048979015735, 'eval_top_2_accuracy': 0.8279266572637518, 'eval_top_2_micro_recall': 0.7967581047381546, 'eval_top_2_micro_precision': 0.4506346967559944, 'eval_top_2_micro_f1': 0.5756756756756757, 'eval_top_3_macro_recall': 0.7162774425427499, 'eval_top_3_macro_precision': 0.3350220890162594, 'eval_top_3_macro_f1': 0.4306789598654362, 'eval_top_3_accuracy': 0.9069111424541608, 'eval_top_3_micro_recall': 0.8890274314214464, 'eval_top_3_micro_precision': 0.33521391631405734, 'eval_top_3_micro_f1': 0.4868555821099351, 'eval_runtime': 1.1048, 'eval_samples_per_second': 641.726, 'eval_steps_per_second': 20.818, 'epoch': 19.0}

 63%|██████▎   | 438/690 [04:17<06:54,  1.64s/it]
 64%|██████▎   | 439/690 [04:17<05:19,  1.27s/it]
 64%|██████▍   | 440/690 [04:17<04:13,  1.01s/it]
 64%|██████▍   | 441/690 [04:18<03:27,  1.20it/s]
 64%|██████▍   | 442/690 [04:18<02:55,  1.42it/s]
 64%|██████▍   | 443/690 [04:19<02:32,  1.62it/s]
 64%|██████▍   | 444/690 [04:19<02:16,  1.80it/s]
 64%|██████▍   | 445/690 [04:19<02:05,  1.96it/s]
 65%|██████▍   | 446/690 [04:20<01:57,  2.08it/s]
 65%|██████▍   | 447/690 [04:20<01:51,  2.17it/s]
 65%|██████▍   | 448/690 [04:21<01:47,  2.25it/s]
 65%|██████▌   | 449/690 [04:21<01:44,  2.30it/s]
 65%|██████▌   | 450/690 [04:22<01:42,  2.34it/s]
 65%|██████▌   | 451/690 [04:22<01:40,  2.37it/s]
 66%|██████▌   | 452/690 [04:22<01:39,  2.39it/s]
 66%|██████▌   | 453/690 [04:23<01:38,  2.40it/s]
 66%|██████▌   | 454/690 [04:23<01:37,  2.41it/s]
 66%|██████▌   | 455/690 [04:24<01:37,  2.41it/s]
 66%|██████▌   | 456/690 [04:24<01:36,  2.42it/s]
 66%|██████▌   | 457/690 [04:24<01:36,  2.42it/s]
 66%|██████▋   | 458/690 [04:25<01:35,  2.42it/s]
 67%|██████▋   | 459/690 [04:25<01:35,  2.43it/s]
 67%|██████▋   | 460/690 [04:25<01:15,  3.06it/s]
                                                 

 67%|██████▋   | 460/690 [04:25<01:15,  3.06it/s]CL loss: 0.6674413084983826, CE loss: 0.08230029791593552, combined loss: 0.1408143937587738
CL loss: 0.48383262753486633, CE loss: 0.06631194800138474, combined loss: 0.10806401073932648
CL loss: 0.6193338632583618, CE loss: 0.071834497153759, combined loss: 0.12658442556858063
CL loss: 0.4782421886920929, CE loss: 0.06533295661211014, combined loss: 0.10662387311458588
CL loss: 0.7109529972076416, CE loss: 0.07813997566699982, combined loss: 0.14142128825187683
CL loss: 0.6389115452766418, CE loss: 0.07119174301624298, combined loss: 0.12796372175216675
CL loss: 0.6355149745941162, CE loss: 0.07896868884563446, combined loss: 0.13462331891059875
CL loss: 0.6768920421600342, CE loss: 0.08215216547250748, combined loss: 0.14162614941596985
CL loss: 0.510756254196167, CE loss: 0.06812383234500885, combined loss: 0.11238707602024078
CL loss: 0.5394690632820129, CE loss: 0.07392245531082153, combined loss: 0.1204771101474762
CL loss: 0.7385225892066956, CE loss: 0.07904568314552307, combined loss: 0.1449933797121048
CL loss: 0.6259714961051941, CE loss: 0.07719419151544571, combined loss: 0.13207191228866577
CL loss: 0.4447884261608124, CE loss: 0.06971601396799088, combined loss: 0.1072232574224472
CL loss: 0.5738654732704163, CE loss: 0.07491807639598846, combined loss: 0.12481281161308289
CL loss: 0.6230995655059814, CE loss: 0.06902623921632767, combined loss: 0.12443357706069946
CL loss: 0.6357237696647644, CE loss: 0.0770525112748146, combined loss: 0.13291963934898376
CL loss: 0.7868322134017944, CE loss: 0.07773096859455109, combined loss: 0.14864107966423035
CL loss: 0.6064785718917847, CE loss: 0.07377757132053375, combined loss: 0.12704767286777496
CL loss: 0.6443932056427002, CE loss: 0.0746065080165863, combined loss: 0.13158518075942993
CL loss: 0.5926897525787354, CE loss: 0.07141881436109543, combined loss: 0.12354591488838196
CL loss: 0.6775714159011841, CE loss: 0.08399319648742676, combined loss: 0.1433510184288025
CL loss: 0.7111321687698364, CE loss: 0.07233850657939911, combined loss: 0.1362178772687912
CL loss: 0.4125368893146515, CE loss: 0.045391857624053955, combined loss: 0.08210635930299759
{'loss': 0.1269, 'grad_norm': 1.71510648727417, 'learning_rate': 1.6666666666666667e-05, 'epoch': 20.0}
CL loss: 0.4798189103603363, CE loss: 0.07819467037916183, combined loss: 0.1183570921421051


  0%|          | 0/23 [00:00<?, ?it/s][A

 22%|██▏       | 5/23 [00:00<00:00, 37.64it/s][A

 39%|███▉      | 9/23 [00:00<00:00, 33.16it/s][A

 57%|█████▋    | 13/23 [00:00<00:00, 31.70it/s][A

 74%|███████▍  | 17/23 [00:00<00:00, 31.03it/s][A

 91%|█████████▏| 21/23 [00:00<00:00, 30.58it/s][A

                                               
[A
                                                 

100%|██████████| 23/23 [00:00<00:00, 30.58it/s][A
 67%|██████▋   | 460/690 [04:27<01:15,  3.06it/s]

                                               [ACL loss: 1.4267778396606445, CE loss: 0.08762399107217789, combined loss: 0.22153937816619873
CL loss: 0.7438526749610901, CE loss: 0.07366644591093063, combined loss: 0.1406850665807724
CL loss: 1.6497734785079956, CE loss: 0.09919500350952148, combined loss: 0.2542528510093689
CL loss: 1.3500914573669434, CE loss: 0.0783550888299942, combined loss: 0.20552873611450195
CL loss: 1.462222933769226, CE loss: 0.06120853126049042, combined loss: 0.20130997896194458
CL loss: 1.6455416679382324, CE loss: 0.08778218924999237, combined loss: 0.2435581386089325
CL loss: 0.9523893594741821, CE loss: 0.08170312643051147, combined loss: 0.16877174377441406
CL loss: 0.9097558259963989, CE loss: 0.08273432403802872, combined loss: 0.16543647646903992
CL loss: 1.212356686592102, CE loss: 0.08303651958703995, combined loss: 0.19596853852272034
CL loss: 1.049289345741272, CE loss: 0.08368682116270065, combined loss: 0.18024706840515137
CL loss: 0.7166619300842285, CE loss: 0.08323782682418823, combined loss: 0.14658024907112122
CL loss: 0.6710148453712463, CE loss: 0.07050450146198273, combined loss: 0.13055554032325745
CL loss: 1.1996337175369263, CE loss: 0.08203957229852676, combined loss: 0.1937989890575409
CL loss: 1.2594983577728271, CE loss: 0.0715281143784523, combined loss: 0.19032514095306396
CL loss: 1.3467130661010742, CE loss: 0.07922644913196564, combined loss: 0.20597511529922485
CL loss: 1.825981616973877, CE loss: 0.0934915766119957, combined loss: 0.2667405605316162
CL loss: 0.7583461403846741, CE loss: 0.07312387973070145, combined loss: 0.1416461169719696
CL loss: 0.5096364617347717, CE loss: 0.05399683490395546, combined loss: 0.09956079721450806
CL loss: 0.5050092339515686, CE loss: 0.06406786292791367, combined loss: 0.10816200077533722
CL loss: 1.6641901731491089, CE loss: 0.0738082081079483, combined loss: 0.23284640908241272
CL loss: 1.2722392082214355, CE loss: 0.08122416585683823, combined loss: 0.20032566785812378
CL loss: 0.0, CE loss: 0.05429200828075409, combined loss: 0.04886280745267868
{'eval_loss': 0.1814299076795578, 'eval_top_1_macro_recall': 0.4521493915821953, 'eval_top_1_macro_precision': 0.47315897564759646, 'eval_top_1_macro_f1': 0.4531835764623219, 'eval_top_1_accuracy': 0.7306064880112835, 'eval_top_1_micro_recall': 0.6458852867830424, 'eval_top_1_micro_precision': 0.7306064880112835, 'eval_top_1_micro_f1': 0.6856386499007281, 'eval_top_2_macro_recall': 0.6216100202060766, 'eval_top_2_macro_precision': 0.40158883186370553, 'eval_top_2_macro_f1': 0.46815703185288426, 'eval_top_2_accuracy': 0.8208744710860366, 'eval_top_2_micro_recall': 0.7905236907730673, 'eval_top_2_micro_precision': 0.44710860366713684, 'eval_top_2_micro_f1': 0.5711711711711711, 'eval_top_3_macro_recall': 0.7562307014092483, 'eval_top_3_macro_precision': 0.362345010847205, 'eval_top_3_macro_f1': 0.459996122492557, 'eval_top_3_accuracy': 0.8928067700987306, 'eval_top_3_micro_recall': 0.8765586034912718, 'eval_top_3_micro_precision': 0.3305124588622473, 'eval_top_3_micro_f1': 0.4800273130761352, 'eval_runtime': 1.0743, 'eval_samples_per_second': 659.981, 'eval_steps_per_second': 21.41, 'epoch': 20.0}

 67%|██████▋   | 461/690 [04:30<06:05,  1.60s/it]
 67%|██████▋   | 462/690 [04:30<04:42,  1.24s/it]
 67%|██████▋   | 463/690 [04:31<03:44,  1.01it/s]
 67%|██████▋   | 464/690 [04:31<03:04,  1.22it/s]
 67%|██████▋   | 465/690 [04:32<02:36,  1.44it/s]
 68%|██████▊   | 466/690 [04:32<02:16,  1.64it/s]
 68%|██████▊   | 467/690 [04:32<02:02,  1.82it/s]
 68%|██████▊   | 468/690 [04:33<01:52,  1.96it/s]
 68%|██████▊   | 469/690 [04:33<01:45,  2.09it/s]
 68%|██████▊   | 470/690 [04:34<01:41,  2.18it/s]
 68%|██████▊   | 471/690 [04:34<01:37,  2.25it/s]
 68%|██████▊   | 472/690 [04:34<01:34,  2.30it/s]
 69%|██████▊   | 473/690 [04:35<01:32,  2.34it/s]
 69%|██████▊   | 474/690 [04:35<01:31,  2.37it/s]
 69%|██████▉   | 475/690 [04:36<01:29,  2.39it/s]
 69%|██████▉   | 476/690 [04:36<01:29,  2.40it/s]
 69%|██████▉   | 477/690 [04:36<01:28,  2.41it/s]
 69%|██████▉   | 478/690 [04:37<01:27,  2.42it/s]
 69%|██████▉   | 479/690 [04:37<01:27,  2.42it/s]
 70%|██████▉   | 480/690 [04:38<01:26,  2.42it/s]
 70%|██████▉   | 481/690 [04:38<01:26,  2.43it/s]
 70%|██████▉   | 482/690 [04:39<01:25,  2.42it/s]
 70%|███████   | 483/690 [04:39<01:08,  3.01it/s]
                                                 

 70%|███████   | 483/690 [04:39<01:08,  3.01it/s]CL loss: 0.687442421913147, CE loss: 0.07454586029052734, combined loss: 0.13583551347255707
CL loss: 0.6963902115821838, CE loss: 0.08050419390201569, combined loss: 0.14209279417991638
CL loss: 0.49392762780189514, CE loss: 0.07380026578903198, combined loss: 0.1158130019903183
CL loss: 0.5428931713104248, CE loss: 0.06989920884370804, combined loss: 0.11719860136508942
CL loss: 0.6106240153312683, CE loss: 0.07020269334316254, combined loss: 0.124244824051857
CL loss: 0.5399872660636902, CE loss: 0.06782161444425583, combined loss: 0.1150381788611412
CL loss: 0.673285961151123, CE loss: 0.07059881836175919, combined loss: 0.13086752593517303
CL loss: 0.7199251055717468, CE loss: 0.07434746623039246, combined loss: 0.13890522718429565
CL loss: 0.6688823699951172, CE loss: 0.07907724380493164, combined loss: 0.13805775344371796
CL loss: 0.40871331095695496, CE loss: 0.06535021215677261, combined loss: 0.09968651831150055
CL loss: 0.49928680062294006, CE loss: 0.06907064467668533, combined loss: 0.11209225654602051
CL loss: 0.514792263507843, CE loss: 0.06639041006565094, combined loss: 0.11123059689998627
CL loss: 0.632669985294342, CE loss: 0.07378628849983215, combined loss: 0.12967465817928314
CL loss: 0.6539974808692932, CE loss: 0.07230335474014282, combined loss: 0.13047277927398682
CL loss: 0.5736809968948364, CE loss: 0.06917396932840347, combined loss: 0.11962467432022095
CL loss: 0.591842770576477, CE loss: 0.07445599883794785, combined loss: 0.12619467079639435
CL loss: 0.6102449297904968, CE loss: 0.07441934943199158, combined loss: 0.12800189852714539
CL loss: 0.64536452293396, CE loss: 0.07842962443828583, combined loss: 0.1351231038570404
CL loss: 0.6231479048728943, CE loss: 0.0682743564248085, combined loss: 0.12376171350479126
CL loss: 0.6676556468009949, CE loss: 0.07835394889116287, combined loss: 0.13728412985801697
CL loss: 0.5943806171417236, CE loss: 0.07180248945951462, combined loss: 0.12406030297279358
CL loss: 0.640206515789032, CE loss: 0.07801375538110733, combined loss: 0.1342330276966095
CL loss: 1.345754623413086, CE loss: 0.07221147418022156, combined loss: 0.1995657980442047
{'loss': 0.1291, 'grad_norm': 3.94376277923584, 'learning_rate': 1.5e-05, 'epoch': 21.0}
CL loss: 0.46324920654296875, CE loss: 0.0813014879822731, combined loss: 0.11949625611305237


  0%|          | 0/23 [00:00<?, ?it/s][A

 22%|██▏       | 5/23 [00:00<00:00, 37.51it/s][A

 39%|███▉      | 9/23 [00:00<00:00, 32.94it/s][A

 57%|█████▋    | 13/23 [00:00<00:00, 31.44it/s][A

 74%|███████▍  | 17/23 [00:00<00:00, 30.75it/s][A

 91%|█████████▏| 21/23 [00:00<00:00, 30.39it/s][A

                                               
[A
                                                 

100%|██████████| 23/23 [00:01<00:00, 30.39it/s][A
 70%|███████   | 483/690 [04:40<01:08,  3.01it/s]

                                               [ACL loss: 1.505246639251709, CE loss: 0.08989512920379639, combined loss: 0.2314302772283554
CL loss: 0.5470882654190063, CE loss: 0.06979328393936157, combined loss: 0.11752277612686157
CL loss: 1.58975088596344, CE loss: 0.09668757766485214, combined loss: 0.24599391222000122
CL loss: 1.4158871173858643, CE loss: 0.07630026340484619, combined loss: 0.21025896072387695
CL loss: 1.126416802406311, CE loss: 0.05798201262950897, combined loss: 0.16482549905776978
CL loss: 1.5228803157806396, CE loss: 0.08908060193061829, combined loss: 0.23246057331562042
CL loss: 0.9788984656333923, CE loss: 0.07660850882530212, combined loss: 0.16683751344680786
CL loss: 0.7130987644195557, CE loss: 0.07801265269517899, combined loss: 0.14152127504348755
CL loss: 1.0045565366744995, CE loss: 0.0766196921467781, combined loss: 0.16941338777542114
CL loss: 0.9396832585334778, CE loss: 0.08259657770395279, combined loss: 0.16830524802207947
CL loss: 0.7186684012413025, CE loss: 0.08228849619626999, combined loss: 0.14592647552490234
CL loss: 0.6952082514762878, CE loss: 0.07240400463342667, combined loss: 0.13468442857265472
CL loss: 1.3246104717254639, CE loss: 0.08169885724782944, combined loss: 0.2059900164604187
CL loss: 1.1722482442855835, CE loss: 0.07006637006998062, combined loss: 0.1802845597267151
CL loss: 1.4861847162246704, CE loss: 0.08417554944753647, combined loss: 0.22437646985054016
CL loss: 1.8265506029129028, CE loss: 0.09337124973535538, combined loss: 0.2666891813278198
CL loss: 0.7082950472831726, CE loss: 0.07167541235685349, combined loss: 0.13533738255500793
CL loss: 0.7115557193756104, CE loss: 0.05280023440718651, combined loss: 0.11867578327655792
CL loss: 0.32431650161743164, CE loss: 0.058306608349084854, combined loss: 0.08490759879350662
CL loss: 1.7098692655563354, CE loss: 0.07580921053886414, combined loss: 0.23921522498130798
CL loss: 1.1986736059188843, CE loss: 0.08021893352270126, combined loss: 0.19206440448760986
CL loss: 0.0, CE loss: 0.04870773106813431, combined loss: 0.04383695498108864
{'eval_loss': 0.176160991191864, 'eval_top_1_macro_recall': 0.44903207700052145, 'eval_top_1_macro_precision': 0.4811867937676576, 'eval_top_1_macro_f1': 0.4518654497551562, 'eval_top_1_accuracy': 0.7433004231311706, 'eval_top_1_micro_recall': 0.6571072319201995, 'eval_top_1_micro_precision': 0.7433004231311706, 'eval_top_1_micro_f1': 0.6975512905360689, 'eval_top_2_macro_recall': 0.6074852019016624, 'eval_top_2_macro_precision': 0.4006161915634269, 'eval_top_2_macro_f1': 0.4578145026712562, 'eval_top_2_accuracy': 0.8152327221438646, 'eval_top_2_micro_recall': 0.786783042394015, 'eval_top_2_micro_precision': 0.44499294781382226, 'eval_top_2_micro_f1': 0.5684684684684683, 'eval_top_3_macro_recall': 0.7138997693789656, 'eval_top_3_macro_precision': 0.33679452753513933, 'eval_top_3_macro_f1': 0.4269601170214534, 'eval_top_3_accuracy': 0.8984485190409027, 'eval_top_3_micro_recall': 0.8840399002493765, 'eval_top_3_micro_precision': 0.3333333333333333, 'eval_top_3_micro_f1': 0.4841242744964151, 'eval_runtime': 1.1225, 'eval_samples_per_second': 631.6, 'eval_steps_per_second': 20.489, 'epoch': 21.0}

 70%|███████   | 484/690 [04:44<05:48,  1.69s/it]
 70%|███████   | 485/690 [04:44<04:27,  1.31s/it]
 70%|███████   | 486/690 [04:44<03:31,  1.04s/it]
 71%|███████   | 487/690 [04:45<02:52,  1.18it/s]
 71%|███████   | 488/690 [04:45<02:25,  1.39it/s]
 71%|███████   | 489/690 [04:46<02:06,  1.59it/s]
 71%|███████   | 490/690 [04:46<01:52,  1.78it/s]
 71%|███████   | 491/690 [04:46<01:42,  1.93it/s]
 71%|███████▏  | 492/690 [04:47<01:36,  2.06it/s]
 71%|███████▏  | 493/690 [04:47<01:31,  2.16it/s]
 72%|███████▏  | 494/690 [04:48<01:27,  2.23it/s]
 72%|███████▏  | 495/690 [04:48<01:25,  2.29it/s]
 72%|███████▏  | 496/690 [04:48<01:23,  2.33it/s]
 72%|███████▏  | 497/690 [04:49<01:21,  2.36it/s]
 72%|███████▏  | 498/690 [04:49<01:20,  2.38it/s]
 72%|███████▏  | 499/690 [04:50<01:19,  2.40it/s]
 72%|███████▏  | 500/690 [04:50<01:18,  2.41it/s]
 73%|███████▎  | 501/690 [04:51<01:18,  2.41it/s]
 73%|███████▎  | 502/690 [04:51<01:17,  2.42it/s]
 73%|███████▎  | 503/690 [04:51<01:17,  2.42it/s]
 73%|███████▎  | 504/690 [04:52<01:16,  2.42it/s]
 73%|███████▎  | 505/690 [04:52<01:16,  2.43it/s]
 73%|███████▎  | 506/690 [04:52<01:00,  3.07it/s]
                                                 

 73%|███████▎  | 506/690 [04:52<01:00,  3.07it/s]CL loss: 0.5933171510696411, CE loss: 0.07413594424724579, combined loss: 0.1260540634393692
CL loss: 0.4238647222518921, CE loss: 0.06221138685941696, combined loss: 0.09837672114372253
CL loss: 0.529413640499115, CE loss: 0.06918752193450928, combined loss: 0.11521013081073761
CL loss: 0.4694451093673706, CE loss: 0.06718038767576218, combined loss: 0.1074068546295166
CL loss: 0.4632304310798645, CE loss: 0.05777047201991081, combined loss: 0.09831646084785461
CL loss: 0.5538541674613953, CE loss: 0.07134055346250534, combined loss: 0.11959191411733627
CL loss: 0.6054291725158691, CE loss: 0.06903959065675735, combined loss: 0.12267854809761047
CL loss: 0.4906507730484009, CE loss: 0.06268882751464844, combined loss: 0.10548502206802368
CL loss: 0.6009209156036377, CE loss: 0.07751087099313736, combined loss: 0.12985187768936157
CL loss: 0.6621867418289185, CE loss: 0.070599265396595, combined loss: 0.12975800037384033
CL loss: 0.5371594429016113, CE loss: 0.06697773933410645, combined loss: 0.11399590969085693
CL loss: 0.6422674059867859, CE loss: 0.078165203332901, combined loss: 0.13457542657852173
CL loss: 0.6594038605690002, CE loss: 0.07941530644893646, combined loss: 0.13741415739059448
CL loss: 0.6209942698478699, CE loss: 0.07696416974067688, combined loss: 0.13136717677116394
CL loss: 0.5912514925003052, CE loss: 0.07290510833263397, combined loss: 0.12473975121974945
CL loss: 0.5326737761497498, CE loss: 0.06814397871494293, combined loss: 0.11459696292877197
CL loss: 0.5764283537864685, CE loss: 0.06867368519306183, combined loss: 0.11944915354251862
CL loss: 0.6424523591995239, CE loss: 0.07235703617334366, combined loss: 0.12936657667160034
CL loss: 0.533232569694519, CE loss: 0.06906053423881531, combined loss: 0.11547774076461792
CL loss: 0.675993800163269, CE loss: 0.07795131206512451, combined loss: 0.13775555789470673
CL loss: 0.5781450271606445, CE loss: 0.07307016849517822, combined loss: 0.12357765436172485
CL loss: 0.6658990979194641, CE loss: 0.07083062082529068, combined loss: 0.13033747673034668
CL loss: 1.0936102867126465, CE loss: 0.08117297291755676, combined loss: 0.18241670727729797
{'loss': 0.1238, 'grad_norm': 9.808877944946289, 'learning_rate': 1.3333333333333333e-05, 'epoch': 22.0}
CL loss: 0.5120588541030884, CE loss: 0.07767553627490997, combined loss: 0.1211138665676117


  0%|          | 0/23 [00:00<?, ?it/s][A

 22%|██▏       | 5/23 [00:00<00:00, 37.51it/s][A

 39%|███▉      | 9/23 [00:00<00:00, 33.10it/s][A

 57%|█████▋    | 13/23 [00:00<00:00, 31.68it/s][A

 74%|███████▍  | 17/23 [00:00<00:00, 30.99it/s][A

 91%|█████████▏| 21/23 [00:00<00:00, 30.54it/s][A

                                               
[A
                                                 

100%|██████████| 23/23 [00:00<00:00, 30.54it/s][A
 73%|███████▎  | 506/690 [04:54<01:00,  3.07it/s]

                                               [ACL loss: 1.518427848815918, CE loss: 0.08654572069644928, combined loss: 0.22973394393920898
CL loss: 0.6342947483062744, CE loss: 0.06724938005208969, combined loss: 0.1239539161324501
CL loss: 1.5532724857330322, CE loss: 0.09452149271965027, combined loss: 0.24039658904075623
CL loss: 1.5998862981796265, CE loss: 0.07558663189411163, combined loss: 0.22801658511161804
CL loss: 1.0513609647750854, CE loss: 0.055547647178173065, combined loss: 0.15512898564338684
CL loss: 1.5072238445281982, CE loss: 0.08541806787252426, combined loss: 0.227598637342453
CL loss: 0.9389610290527344, CE loss: 0.08120739459991455, combined loss: 0.1669827699661255
CL loss: 0.7651451826095581, CE loss: 0.079120934009552, combined loss: 0.14772336184978485
CL loss: 1.1805952787399292, CE loss: 0.07775989174842834, combined loss: 0.18804343044757843
CL loss: 0.8634999990463257, CE loss: 0.07754942029714584, combined loss: 0.15614446997642517
CL loss: 0.7201337218284607, CE loss: 0.08158411085605621, combined loss: 0.1454390585422516
CL loss: 0.6633902192115784, CE loss: 0.06892621517181396, combined loss: 0.12837260961532593
CL loss: 1.4965291023254395, CE loss: 0.08638900518417358, combined loss: 0.22740301489830017
CL loss: 1.178668737411499, CE loss: 0.07122831046581268, combined loss: 0.18197235465049744
CL loss: 1.5380054712295532, CE loss: 0.08313421905040741, combined loss: 0.22862133383750916
CL loss: 1.8533124923706055, CE loss: 0.09149975329637527, combined loss: 0.2676810324192047
CL loss: 0.6768230199813843, CE loss: 0.06965135782957077, combined loss: 0.13036853075027466
CL loss: 0.7744495272636414, CE loss: 0.05501647666096687, combined loss: 0.12695978581905365
CL loss: 0.36209923028945923, CE loss: 0.055864378809928894, combined loss: 0.08648785948753357
CL loss: 1.9441087245941162, CE loss: 0.07178448140621185, combined loss: 0.25901690125465393
CL loss: 1.3089783191680908, CE loss: 0.08180274069309235, combined loss: 0.2045203000307083
CL loss: 0.0, CE loss: 0.04242398217320442, combined loss: 0.03818158432841301
{'eval_loss': 0.17952701449394226, 'eval_top_1_macro_recall': 0.458953031621937, 'eval_top_1_macro_precision': 0.4828658149253956, 'eval_top_1_macro_f1': 0.46055554963436424, 'eval_top_1_accuracy': 0.7447108603667136, 'eval_top_1_micro_recall': 0.6583541147132169, 'eval_top_1_micro_precision': 0.7447108603667136, 'eval_top_1_micro_f1': 0.6988749172733288, 'eval_top_2_macro_recall': 0.627852190097869, 'eval_top_2_macro_precision': 0.4210507605391719, 'eval_top_2_macro_f1': 0.4870062075200201, 'eval_top_2_accuracy': 0.8392101551480959, 'eval_top_2_micro_recall': 0.8067331670822943, 'eval_top_2_micro_precision': 0.45627644569816644, 'eval_top_2_micro_f1': 0.5828828828828829, 'eval_top_3_macro_recall': 0.7605332959799415, 'eval_top_3_macro_precision': 0.38590637810942285, 'eval_top_3_macro_f1': 0.4826376842615728, 'eval_top_3_accuracy': 0.9097320169252469, 'eval_top_3_micro_recall': 0.8902743142144638, 'eval_top_3_micro_precision': 0.33568406205923834, 'eval_top_3_micro_f1': 0.48753840901331513, 'eval_runtime': 1.0753, 'eval_samples_per_second': 659.353, 'eval_steps_per_second': 21.389, 'epoch': 22.0}

 73%|███████▎  | 507/690 [04:57<04:57,  1.62s/it]
 74%|███████▎  | 508/690 [04:57<03:49,  1.26s/it]
 74%|███████▍  | 509/690 [04:58<03:01,  1.00s/it]
 74%|███████▍  | 510/690 [04:58<02:28,  1.21it/s]
 74%|███████▍  | 511/690 [04:59<02:05,  1.42it/s]
 74%|███████▍  | 512/690 [04:59<01:49,  1.63it/s]
 74%|███████▍  | 513/690 [04:59<01:37,  1.81it/s]
 74%|███████▍  | 514/690 [05:00<01:29,  1.96it/s]
 75%|███████▍  | 515/690 [05:00<01:24,  2.08it/s]
 75%|███████▍  | 516/690 [05:01<01:19,  2.18it/s]
 75%|███████▍  | 517/690 [05:01<01:17,  2.24it/s]
 75%|███████▌  | 518/690 [05:01<01:14,  2.30it/s]
 75%|███████▌  | 519/690 [05:02<01:13,  2.34it/s]
 75%|███████▌  | 520/690 [05:02<01:11,  2.36it/s]
 76%|███████▌  | 521/690 [05:03<01:10,  2.38it/s]
 76%|███████▌  | 522/690 [05:03<01:10,  2.39it/s]
 76%|███████▌  | 523/690 [05:04<01:09,  2.41it/s]
 76%|███████▌  | 524/690 [05:04<01:08,  2.42it/s]
 76%|███████▌  | 525/690 [05:04<01:08,  2.42it/s]
 76%|███████▌  | 526/690 [05:05<01:07,  2.42it/s]
 76%|███████▋  | 527/690 [05:05<01:07,  2.43it/s]
 77%|███████▋  | 528/690 [05:06<01:06,  2.42it/s]
 77%|███████▋  | 529/690 [05:06<00:52,  3.05it/s]
                                                 

 77%|███████▋  | 529/690 [05:06<00:52,  3.05it/s]CL loss: 0.5196796655654907, CE loss: 0.07078196108341217, combined loss: 0.11567172408103943
CL loss: 0.4045545160770416, CE loss: 0.06104901805520058, combined loss: 0.09539957344532013
CL loss: 0.6843911409378052, CE loss: 0.06974930316209793, combined loss: 0.1312134861946106
CL loss: 0.6137034296989441, CE loss: 0.07274360209703445, combined loss: 0.12683957815170288
CL loss: 0.4293563663959503, CE loss: 0.061448417603969574, combined loss: 0.09823921322822571
CL loss: 0.4983231723308563, CE loss: 0.06272021681070328, combined loss: 0.10628051310777664
CL loss: 0.5183546543121338, CE loss: 0.06802566349506378, combined loss: 0.11305856704711914
CL loss: 0.5571390390396118, CE loss: 0.06814078241586685, combined loss: 0.11704060435295105
CL loss: 0.4992741346359253, CE loss: 0.061278603971004486, combined loss: 0.10507816076278687
CL loss: 0.5903235077857971, CE loss: 0.07018359005451202, combined loss: 0.12219758331775665
CL loss: 0.5875667929649353, CE loss: 0.06831762194633484, combined loss: 0.12024253606796265
CL loss: 0.6398959755897522, CE loss: 0.07694399356842041, combined loss: 0.13323919475078583
CL loss: 0.5857346653938293, CE loss: 0.07465225458145142, combined loss: 0.1257604956626892
CL loss: 0.5621691942214966, CE loss: 0.06878061592578888, combined loss: 0.11811947822570801
CL loss: 0.6811462640762329, CE loss: 0.07817184925079346, combined loss: 0.13846929371356964
CL loss: 0.5532459616661072, CE loss: 0.07511276751756668, combined loss: 0.12292608618736267
CL loss: 0.6753267049789429, CE loss: 0.07557256519794464, combined loss: 0.13554798066616058
CL loss: 0.4886544644832611, CE loss: 0.06394976377487183, combined loss: 0.10642023384571075
CL loss: 0.658698320388794, CE loss: 0.07224944978952408, combined loss: 0.13089433312416077
CL loss: 0.5661713480949402, CE loss: 0.07132324576377869, combined loss: 0.12080805003643036
CL loss: 0.49578621983528137, CE loss: 0.06331780552864075, combined loss: 0.10656464099884033
CL loss: 0.8023290038108826, CE loss: 0.07594367116689682, combined loss: 0.14858220517635345
CL loss: 1.3486188650131226, CE loss: 0.0718986913561821, combined loss: 0.19957071542739868
{'loss': 0.1234, 'grad_norm': 3.0456979274749756, 'learning_rate': 1.1666666666666668e-05, 'epoch': 23.0}
CL loss: 0.5739001631736755, CE loss: 0.07840738445520401, combined loss: 0.12795665860176086


  0%|          | 0/23 [00:00<?, ?it/s][A

 17%|█▋        | 4/23 [00:00<00:00, 39.70it/s][A

 35%|███▍      | 8/23 [00:00<00:00, 33.23it/s][A

 52%|█████▏    | 12/23 [00:00<00:00, 31.69it/s][A

 70%|██████▉   | 16/23 [00:00<00:00, 30.95it/s][A

 87%|████████▋ | 20/23 [00:00<00:00, 30.51it/s][A

                                               
[A
                                                 

100%|██████████| 23/23 [00:00<00:00, 30.51it/s][A
 77%|███████▋  | 529/690 [05:07<00:52,  3.05it/s]

                                               [ACL loss: 1.5210987329483032, CE loss: 0.08733012527227402, combined loss: 0.23070698976516724
CL loss: 0.5602770447731018, CE loss: 0.06338823586702347, combined loss: 0.11307711899280548
CL loss: 1.554438591003418, CE loss: 0.09082391113042831, combined loss: 0.23718538880348206
CL loss: 1.2663052082061768, CE loss: 0.07444123923778534, combined loss: 0.19362764060497284
CL loss: 1.1200511455535889, CE loss: 0.054953865706920624, combined loss: 0.16146358847618103
CL loss: 1.4116060733795166, CE loss: 0.08546179533004761, combined loss: 0.21807622909545898
CL loss: 1.0487756729125977, CE loss: 0.07824639976024628, combined loss: 0.17529931664466858
CL loss: 0.6921688914299011, CE loss: 0.07464174181222916, combined loss: 0.1363944560289383
CL loss: 1.0461008548736572, CE loss: 0.0728607177734375, combined loss: 0.17018473148345947
CL loss: 0.9539450407028198, CE loss: 0.07834465801715851, combined loss: 0.165904700756073
CL loss: 0.7925930619239807, CE loss: 0.08309020102024078, combined loss: 0.15404048562049866
CL loss: 0.7413305044174194, CE loss: 0.06947071850299835, combined loss: 0.13665670156478882
CL loss: 1.3036162853240967, CE loss: 0.08069351315498352, combined loss: 0.20298579335212708
CL loss: 1.292189359664917, CE loss: 0.07181475311517715, combined loss: 0.19385221600532532
CL loss: 1.6041076183319092, CE loss: 0.08005218207836151, combined loss: 0.2324577271938324
CL loss: 1.925219178199768, CE loss: 0.09260205924510956, combined loss: 0.27586376667022705
CL loss: 0.7020266652107239, CE loss: 0.06802736967802048, combined loss: 0.13142730295658112
CL loss: 0.8042647242546082, CE loss: 0.05296321585774422, combined loss: 0.12809336185455322
CL loss: 0.3735944628715515, CE loss: 0.05547812581062317, combined loss: 0.08728975802659988
CL loss: 1.7574882507324219, CE loss: 0.06722409278154373, combined loss: 0.23625050485134125
CL loss: 1.1312341690063477, CE loss: 0.0753241553902626, combined loss: 0.18091514706611633
CL loss: 0.0, CE loss: 0.04238714277744293, combined loss: 0.0381484292447567
{'eval_loss': 0.17582716047763824, 'eval_top_1_macro_recall': 0.4642898892871962, 'eval_top_1_macro_precision': 0.4845964135845648, 'eval_top_1_macro_f1': 0.4641596342077669, 'eval_top_1_accuracy': 0.7517630465444288, 'eval_top_1_micro_recall': 0.6645885286783042, 'eval_top_1_micro_precision': 0.7517630465444288, 'eval_top_1_micro_f1': 0.7054930509596293, 'eval_top_2_macro_recall': 0.6369216215887135, 'eval_top_2_macro_precision': 0.4057085163988164, 'eval_top_2_macro_f1': 0.47300006698418023, 'eval_top_2_accuracy': 0.8335684062059239, 'eval_top_2_micro_recall': 0.8067331670822943, 'eval_top_2_micro_precision': 0.45627644569816644, 'eval_top_2_micro_f1': 0.5828828828828829, 'eval_top_3_macro_recall': 0.7214450167641546, 'eval_top_3_macro_precision': 0.32296425017325214, 'eval_top_3_macro_f1': 0.4206962749846214, 'eval_top_3_accuracy': 0.9153737658674189, 'eval_top_3_micro_recall': 0.8965087281795511, 'eval_top_3_micro_precision': 0.33803479078514337, 'eval_top_3_micro_f1': 0.49095254353021506, 'eval_runtime': 1.1082, 'eval_samples_per_second': 639.783, 'eval_steps_per_second': 20.755, 'epoch': 23.0}

 77%|███████▋  | 530/690 [05:10<04:18,  1.62s/it]
 77%|███████▋  | 531/690 [05:11<03:19,  1.25s/it]
 77%|███████▋  | 532/690 [05:11<02:38,  1.00s/it]
 77%|███████▋  | 533/690 [05:12<02:09,  1.21it/s]
 77%|███████▋  | 534/690 [05:12<01:49,  1.42it/s]
 78%|███████▊  | 535/690 [05:12<01:35,  1.62it/s]
 78%|███████▊  | 536/690 [05:13<01:25,  1.81it/s]
 78%|███████▊  | 537/690 [05:13<01:18,  1.96it/s]
 78%|███████▊  | 538/690 [05:14<01:13,  2.08it/s]
 78%|███████▊  | 539/690 [05:14<01:09,  2.18it/s]
 78%|███████▊  | 540/690 [05:14<01:06,  2.25it/s]
 78%|███████▊  | 541/690 [05:15<01:04,  2.30it/s]
 79%|███████▊  | 542/690 [05:15<01:03,  2.34it/s]
 79%|███████▊  | 543/690 [05:16<01:02,  2.37it/s]
 79%|███████▉  | 544/690 [05:16<01:01,  2.38it/s]
 79%|███████▉  | 545/690 [05:17<01:00,  2.40it/s]
 79%|███████▉  | 546/690 [05:17<00:59,  2.41it/s]
 79%|███████▉  | 547/690 [05:17<00:59,  2.41it/s]
 79%|███████▉  | 548/690 [05:18<00:58,  2.42it/s]
 80%|███████▉  | 549/690 [05:18<00:58,  2.42it/s]
 80%|███████▉  | 550/690 [05:19<00:57,  2.43it/s]
 80%|███████▉  | 551/690 [05:19<00:57,  2.43it/s]
 80%|████████  | 552/690 [05:19<00:45,  3.03it/s]
                                                 

 80%|████████  | 552/690 [05:19<00:45,  3.03it/s]CL loss: 0.46994301676750183, CE loss: 0.06516893208026886, combined loss: 0.10564634203910828
CL loss: 0.6982138752937317, CE loss: 0.07326408475637436, combined loss: 0.13575905561447144
CL loss: 0.507559061050415, CE loss: 0.0627533569931984, combined loss: 0.107233926653862
CL loss: 0.6203280091285706, CE loss: 0.0748688355088234, combined loss: 0.12941475212574005
CL loss: 0.5686358213424683, CE loss: 0.06673307716846466, combined loss: 0.11692334711551666
CL loss: 0.5264703631401062, CE loss: 0.0695209950208664, combined loss: 0.11521592736244202
CL loss: 0.6348061561584473, CE loss: 0.06611565500497818, combined loss: 0.12298470735549927
CL loss: 0.5423891544342041, CE loss: 0.06596849858760834, combined loss: 0.11361056566238403
CL loss: 0.554948627948761, CE loss: 0.06843298673629761, combined loss: 0.1170845478773117
CL loss: 0.5771209001541138, CE loss: 0.06992096453905106, combined loss: 0.12064094841480255
CL loss: 0.597656786441803, CE loss: 0.0723070278763771, combined loss: 0.12484200298786163
CL loss: 0.512008547782898, CE loss: 0.06215786188840866, combined loss: 0.10714292526245117
CL loss: 0.5392777919769287, CE loss: 0.06324734538793564, combined loss: 0.11085039377212524
CL loss: 0.5254756808280945, CE loss: 0.06573595106601715, combined loss: 0.11170992255210876
CL loss: 0.5902062654495239, CE loss: 0.07307235896587372, combined loss: 0.12478575110435486
CL loss: 0.5761814713478088, CE loss: 0.07073971629142761, combined loss: 0.1212838888168335
CL loss: 0.6312665939331055, CE loss: 0.07097359001636505, combined loss: 0.12700289487838745
CL loss: 0.6583753228187561, CE loss: 0.07205841690301895, combined loss: 0.1306900978088379
CL loss: 0.5044782757759094, CE loss: 0.06756105273962021, combined loss: 0.11125276982784271
CL loss: 0.46255192160606384, CE loss: 0.0631069615483284, combined loss: 0.10305145382881165
CL loss: 0.6445303559303284, CE loss: 0.07683420181274414, combined loss: 0.13360381126403809
CL loss: 0.4152768850326538, CE loss: 0.06407137215137482, combined loss: 0.09919191896915436
CL loss: 0.3263714015483856, CE loss: 0.0514446496963501, combined loss: 0.07893732190132141
{'loss': 0.116, 'grad_norm': 1.4418352842330933, 'learning_rate': 1e-05, 'epoch': 24.0}
CL loss: 0.5009710192680359, CE loss: 0.07201406359672546, combined loss: 0.11490975320339203


  0%|          | 0/23 [00:00<?, ?it/s][A

 22%|██▏       | 5/23 [00:00<00:00, 37.38it/s][A

 39%|███▉      | 9/23 [00:00<00:00, 33.05it/s][A

 57%|█████▋    | 13/23 [00:00<00:00, 31.65it/s][A

 74%|███████▍  | 17/23 [00:00<00:00, 30.96it/s][A

 91%|█████████▏| 21/23 [00:00<00:00, 30.57it/s][A

                                               
[A
                                                 

100%|██████████| 23/23 [00:01<00:00, 30.57it/s][A
 80%|████████  | 552/690 [05:20<00:45,  3.03it/s]

                                               [ACL loss: 1.2997076511383057, CE loss: 0.080107681453228, combined loss: 0.20206768810749054
CL loss: 0.5122399926185608, CE loss: 0.06595310568809509, combined loss: 0.11058179289102554
CL loss: 1.6320815086364746, CE loss: 0.0929700955748558, combined loss: 0.24688124656677246
CL loss: 1.3921749591827393, CE loss: 0.07272039353847504, combined loss: 0.20466583967208862
CL loss: 1.0058971643447876, CE loss: 0.052881013602018356, combined loss: 0.14818263053894043
CL loss: 1.5773450136184692, CE loss: 0.09029773622751236, combined loss: 0.23900246620178223
CL loss: 0.9351000189781189, CE loss: 0.07644475996494293, combined loss: 0.16231028735637665
CL loss: 0.6685590744018555, CE loss: 0.07570309191942215, combined loss: 0.1349886953830719
CL loss: 1.0834870338439941, CE loss: 0.07667095214128494, combined loss: 0.17735256254673004
CL loss: 1.004461407661438, CE loss: 0.08141254633665085, combined loss: 0.1737174391746521
CL loss: 0.7032029628753662, CE loss: 0.07983598858118057, combined loss: 0.1421726942062378
CL loss: 0.6700751185417175, CE loss: 0.0684540644288063, combined loss: 0.12861616909503937
CL loss: 1.2579063177108765, CE loss: 0.07904660701751709, combined loss: 0.1969325840473175
CL loss: 1.1937651634216309, CE loss: 0.07028748840093613, combined loss: 0.18263524770736694
CL loss: 1.5724854469299316, CE loss: 0.07977712154388428, combined loss: 0.229047954082489
CL loss: 1.836439847946167, CE loss: 0.0907919779419899, combined loss: 0.26535674929618835
CL loss: 0.6726979613304138, CE loss: 0.06702981144189835, combined loss: 0.12759661674499512
CL loss: 0.8261615037918091, CE loss: 0.05494001507759094, combined loss: 0.132062166929245
CL loss: 0.35096073150634766, CE loss: 0.05636940523982048, combined loss: 0.08582854270935059
CL loss: 1.690592646598816, CE loss: 0.06770802289247513, combined loss: 0.2299964725971222
CL loss: 1.1727569103240967, CE loss: 0.07940888404846191, combined loss: 0.1887436807155609
CL loss: 0.0, CE loss: 0.04079442471265793, combined loss: 0.036714982241392136
{'eval_loss': 0.17283548414707184, 'eval_top_1_macro_recall': 0.46545767791860354, 'eval_top_1_macro_precision': 0.4862172157280767, 'eval_top_1_macro_f1': 0.4669297438948716, 'eval_top_1_accuracy': 0.7574047954866009, 'eval_top_1_micro_recall': 0.669576059850374, 'eval_top_1_micro_precision': 0.7574047954866009, 'eval_top_1_micro_f1': 0.7107875579086698, 'eval_top_2_macro_recall': 0.6383012656785235, 'eval_top_2_macro_precision': 0.4116829371819009, 'eval_top_2_macro_f1': 0.47628611628119616, 'eval_top_2_accuracy': 0.8363892806770099, 'eval_top_2_micro_recall': 0.8092269326683291, 'eval_top_2_micro_precision': 0.45768688293370946, 'eval_top_2_micro_f1': 0.5846846846846847, 'eval_top_3_macro_recall': 0.8130449973201995, 'eval_top_3_macro_precision': 0.3524956859837216, 'eval_top_3_macro_f1': 0.46011150113564175, 'eval_top_3_accuracy': 0.919605077574048, 'eval_top_3_micro_recall': 0.9014962593516209, 'eval_top_3_micro_precision': 0.33991537376586745, 'eval_top_3_micro_f1': 0.49368385114373503, 'eval_runtime': 1.0923, 'eval_samples_per_second': 649.092, 'eval_steps_per_second': 21.057, 'epoch': 24.0}

 80%|████████  | 553/690 [05:24<03:45,  1.64s/it]
 80%|████████  | 554/690 [05:24<02:53,  1.28s/it]
 80%|████████  | 555/690 [05:25<02:17,  1.02s/it]
 81%|████████  | 556/690 [05:25<01:51,  1.20it/s]
 81%|████████  | 557/690 [05:25<01:34,  1.41it/s]
 81%|████████  | 558/690 [05:26<01:21,  1.62it/s]
 81%|████████  | 559/690 [05:26<01:12,  1.80it/s]
 81%|████████  | 560/690 [05:27<01:06,  1.95it/s]
 81%|████████▏ | 561/690 [05:27<01:02,  2.08it/s]
 81%|████████▏ | 562/690 [05:28<00:58,  2.17it/s]
 82%|████████▏ | 563/690 [05:28<00:56,  2.24it/s]
 82%|████████▏ | 564/690 [05:28<00:54,  2.30it/s]
 82%|████████▏ | 565/690 [05:29<00:53,  2.33it/s]
 82%|████████▏ | 566/690 [05:29<00:52,  2.36it/s]
 82%|████████▏ | 567/690 [05:30<00:51,  2.39it/s]
 82%|████████▏ | 568/690 [05:30<00:50,  2.40it/s]
 82%|████████▏ | 569/690 [05:30<00:50,  2.41it/s]
 83%|████████▎ | 570/690 [05:31<00:49,  2.42it/s]
 83%|████████▎ | 571/690 [05:31<00:49,  2.42it/s]
 83%|████████▎ | 572/690 [05:32<00:48,  2.43it/s]
 83%|████████▎ | 573/690 [05:32<00:48,  2.43it/s]
 83%|████████▎ | 574/690 [05:32<00:47,  2.42it/s]
 83%|████████▎ | 575/690 [05:33<00:38,  3.00it/s]
                                                 

 83%|████████▎ | 575/690 [05:33<00:38,  3.00it/s]CL loss: 0.5536649227142334, CE loss: 0.06838647276163101, combined loss: 0.11691431701183319
CL loss: 0.43865421414375305, CE loss: 0.06768941879272461, combined loss: 0.10478590428829193
CL loss: 0.5736721754074097, CE loss: 0.07406537234783173, combined loss: 0.12402604520320892
CL loss: 0.5659033060073853, CE loss: 0.07140234857797623, combined loss: 0.12085244059562683
CL loss: 0.6021547317504883, CE loss: 0.07128898054361343, combined loss: 0.12437555193901062
CL loss: 0.6005218029022217, CE loss: 0.06521386653184891, combined loss: 0.11874465644359589
CL loss: 0.39632028341293335, CE loss: 0.056857816874980927, combined loss: 0.09080406278371811
CL loss: 0.7068260312080383, CE loss: 0.07640258222818375, combined loss: 0.13944493234157562
CL loss: 0.45035606622695923, CE loss: 0.05954974517226219, combined loss: 0.0986303761601448
CL loss: 0.5069540143013, CE loss: 0.062428008764982224, combined loss: 0.10688060522079468
CL loss: 0.5299743413925171, CE loss: 0.06685677915811539, combined loss: 0.11316853761672974
CL loss: 0.522544801235199, CE loss: 0.05955589562654495, combined loss: 0.10585477948188782
CL loss: 0.5929951071739197, CE loss: 0.061202287673950195, combined loss: 0.1143815666437149
CL loss: 0.5844069719314575, CE loss: 0.06624803692102432, combined loss: 0.11806392669677734
CL loss: 0.5374707579612732, CE loss: 0.06762333959341049, combined loss: 0.11460807919502258
CL loss: 0.5033766627311707, CE loss: 0.06835232675075531, combined loss: 0.11185476183891296
CL loss: 0.5831242799758911, CE loss: 0.06957637518644333, combined loss: 0.12093116343021393
CL loss: 0.6283488869667053, CE loss: 0.06825132668018341, combined loss: 0.12426108121871948
CL loss: 0.626847505569458, CE loss: 0.06900709122419357, combined loss: 0.12479113042354584
CL loss: 0.5220580697059631, CE loss: 0.0634293481707573, combined loss: 0.10929222404956818
CL loss: 0.4864540994167328, CE loss: 0.07182912528514862, combined loss: 0.11329162120819092
CL loss: 0.6283078789710999, CE loss: 0.0632629245519638, combined loss: 0.11976741999387741
CL loss: 0.913976788520813, CE loss: 0.07248923182487488, combined loss: 0.1566379964351654
{'loss': 0.1171, 'grad_norm': 2.7320055961608887, 'learning_rate': 8.333333333333334e-06, 'epoch': 25.0}
CL loss: 0.45242172479629517, CE loss: 0.07465218752622604, combined loss: 0.11242914199829102


  0%|          | 0/23 [00:00<?, ?it/s][A

 22%|██▏       | 5/23 [00:00<00:00, 37.54it/s][A

 39%|███▉      | 9/23 [00:00<00:00, 33.08it/s][A

 57%|█████▋    | 13/23 [00:00<00:00, 31.65it/s][A

 74%|███████▍  | 17/23 [00:00<00:00, 30.99it/s][A

 91%|█████████▏| 21/23 [00:00<00:00, 30.63it/s][A

                                               
[A
                                                 

100%|██████████| 23/23 [00:01<00:00, 30.63it/s][A
 83%|████████▎ | 575/690 [05:34<00:38,  3.00it/s]

                                               [ACL loss: 1.5568697452545166, CE loss: 0.08465937525033951, combined loss: 0.23188041150569916
CL loss: 0.5340521931648254, CE loss: 0.06643122434616089, combined loss: 0.1131933182477951
CL loss: 1.4852272272109985, CE loss: 0.08840467780828476, combined loss: 0.228086918592453
CL loss: 1.3247140645980835, CE loss: 0.0717473179101944, combined loss: 0.1970440000295639
CL loss: 0.9873688817024231, CE loss: 0.05210511013865471, combined loss: 0.14563149213790894
CL loss: 1.5285685062408447, CE loss: 0.0886438861489296, combined loss: 0.23263636231422424
CL loss: 0.8879783153533936, CE loss: 0.07499995082616806, combined loss: 0.15629777312278748
CL loss: 0.6480835676193237, CE loss: 0.07951904833316803, combined loss: 0.13637550175189972
CL loss: 1.135292649269104, CE loss: 0.07436501234769821, combined loss: 0.18045777082443237
CL loss: 0.9416585564613342, CE loss: 0.07807978987693787, combined loss: 0.1644376665353775
CL loss: 0.7283534407615662, CE loss: 0.08069741725921631, combined loss: 0.1454630196094513
CL loss: 0.6422920823097229, CE loss: 0.0683727040886879, combined loss: 0.1257646381855011
CL loss: 1.1777554750442505, CE loss: 0.07756676524877548, combined loss: 0.18758563697338104
CL loss: 1.1024447679519653, CE loss: 0.06879550218582153, combined loss: 0.17216041684150696
CL loss: 1.635709524154663, CE loss: 0.08110030740499496, combined loss: 0.23656123876571655
CL loss: 1.739315152168274, CE loss: 0.08951188623905182, combined loss: 0.25449222326278687
CL loss: 0.5781333446502686, CE loss: 0.06595095247030258, combined loss: 0.11716918647289276
CL loss: 0.8160228133201599, CE loss: 0.055006787180900574, combined loss: 0.1311083883047104
CL loss: 0.3828711211681366, CE loss: 0.055566783994436264, combined loss: 0.08829721808433533
CL loss: 1.605367660522461, CE loss: 0.06630165129899979, combined loss: 0.22020825743675232
CL loss: 1.2517977952957153, CE loss: 0.07981498539447784, combined loss: 0.197013258934021
CL loss: 0.0, CE loss: 0.04502072185277939, combined loss: 0.04051864892244339
{'eval_loss': 0.1706346869468689, 'eval_top_1_macro_recall': 0.46806972226716415, 'eval_top_1_macro_precision': 0.4892435986924403, 'eval_top_1_macro_f1': 0.46973331857626627, 'eval_top_1_accuracy': 0.7616361071932299, 'eval_top_1_micro_recall': 0.6733167082294265, 'eval_top_1_micro_precision': 0.7616361071932299, 'eval_top_1_micro_f1': 0.71475843812045, 'eval_top_2_macro_recall': 0.6341350646853249, 'eval_top_2_macro_precision': 0.4124862714733626, 'eval_top_2_macro_f1': 0.4781207042224925, 'eval_top_2_accuracy': 0.842031029619182, 'eval_top_2_micro_recall': 0.814214463840399, 'eval_top_2_micro_precision': 0.4605077574047955, 'eval_top_2_micro_f1': 0.5882882882882883, 'eval_top_3_macro_recall': 0.8097361195834238, 'eval_top_3_macro_precision': 0.3600895836579903, 'eval_top_3_macro_f1': 0.46317528171899325, 'eval_top_3_accuracy': 0.9153737658674189, 'eval_top_3_micro_recall': 0.8977556109725686, 'eval_top_3_micro_precision': 0.3385049365303244, 'eval_top_3_micro_f1': 0.49163537043359506, 'eval_runtime': 1.0635, 'eval_samples_per_second': 666.689, 'eval_steps_per_second': 21.627, 'epoch': 25.0}

 83%|████████▎ | 576/690 [05:37<03:12,  1.69s/it]
 84%|████████▎ | 577/690 [05:38<02:27,  1.30s/it]
 84%|████████▍ | 578/690 [05:38<01:56,  1.04s/it]
 84%|████████▍ | 579/690 [05:39<01:34,  1.18it/s]
 84%|████████▍ | 580/690 [05:39<01:19,  1.39it/s]
 84%|████████▍ | 581/690 [05:40<01:08,  1.60it/s]
 84%|████████▍ | 582/690 [05:40<01:00,  1.78it/s]
 84%|████████▍ | 583/690 [05:40<00:55,  1.94it/s]
 85%|████████▍ | 584/690 [05:41<00:51,  2.06it/s]
 85%|████████▍ | 585/690 [05:41<00:48,  2.16it/s]
 85%|████████▍ | 586/690 [05:42<00:46,  2.23it/s]
 85%|████████▌ | 587/690 [05:42<00:44,  2.29it/s]
 85%|████████▌ | 588/690 [05:42<00:43,  2.33it/s]
 85%|████████▌ | 589/690 [05:43<00:42,  2.36it/s]
 86%|████████▌ | 590/690 [05:43<00:41,  2.38it/s]
 86%|████████▌ | 591/690 [05:44<00:41,  2.40it/s]
 86%|████████▌ | 592/690 [05:44<00:40,  2.40it/s]
 86%|████████▌ | 593/690 [05:44<00:40,  2.41it/s]
 86%|████████▌ | 594/690 [05:45<00:39,  2.42it/s]
 86%|████████▌ | 595/690 [05:45<00:39,  2.42it/s]
 86%|████████▋ | 596/690 [05:46<00:38,  2.43it/s]
 87%|████████▋ | 597/690 [05:46<00:38,  2.43it/s]
 87%|████████▋ | 598/690 [05:46<00:30,  3.02it/s]
                                                 

 87%|████████▋ | 598/690 [05:46<00:30,  3.02it/s]CL loss: 0.560863733291626, CE loss: 0.06549602746963501, combined loss: 0.11503279209136963
CL loss: 0.67344731092453, CE loss: 0.07420043647289276, combined loss: 0.13412511348724365
CL loss: 0.4665782153606415, CE loss: 0.06117124482989311, combined loss: 0.1017119437456131
CL loss: 0.5568588972091675, CE loss: 0.06548026949167252, combined loss: 0.11461813002824783
CL loss: 0.5199707746505737, CE loss: 0.0694500207901001, combined loss: 0.11450208723545074
CL loss: 0.5370844006538391, CE loss: 0.060175906866788864, combined loss: 0.10786675661802292
CL loss: 0.6748678088188171, CE loss: 0.07878172397613525, combined loss: 0.13839033246040344
CL loss: 0.5399606227874756, CE loss: 0.06805230677127838, combined loss: 0.11524313688278198
CL loss: 0.6549692153930664, CE loss: 0.07596051692962646, combined loss: 0.13386139273643494
CL loss: 0.35600095987319946, CE loss: 0.0601506233215332, combined loss: 0.08973565697669983
CL loss: 0.5751169323921204, CE loss: 0.06171145290136337, combined loss: 0.11305199563503265
CL loss: 0.5049861669540405, CE loss: 0.062480561435222626, combined loss: 0.106731116771698
CL loss: 0.6837776899337769, CE loss: 0.07227511703968048, combined loss: 0.13342538475990295
CL loss: 0.5633631348609924, CE loss: 0.06742176413536072, combined loss: 0.11701589822769165
CL loss: 0.4498176872730255, CE loss: 0.06206734851002693, combined loss: 0.10084238648414612
CL loss: 0.5044221878051758, CE loss: 0.06650413572788239, combined loss: 0.11029593646526337
CL loss: 0.6187807321548462, CE loss: 0.06923016160726547, combined loss: 0.1241852194070816
CL loss: 0.5958883762359619, CE loss: 0.06966153532266617, combined loss: 0.12228421866893768
CL loss: 0.4894182085990906, CE loss: 0.06682197749614716, combined loss: 0.10908159613609314
CL loss: 0.4520742893218994, CE loss: 0.06607522070407867, combined loss: 0.10467512905597687
CL loss: 0.5737833976745605, CE loss: 0.07028279453516006, combined loss: 0.12063285708427429
CL loss: 0.4011285603046417, CE loss: 0.053729016333818436, combined loss: 0.08846896886825562
CL loss: 0.3127717673778534, CE loss: 0.046646155416965485, combined loss: 0.07325871288776398
{'loss': 0.1126, 'grad_norm': 2.2430009841918945, 'learning_rate': 6.666666666666667e-06, 'epoch': 26.0}
CL loss: 0.491359680891037, CE loss: 0.07085597515106201, combined loss: 0.11290634423494339


  0%|          | 0/23 [00:00<?, ?it/s][A

 17%|█▋        | 4/23 [00:00<00:00, 39.43it/s][A

 35%|███▍      | 8/23 [00:00<00:00, 33.16it/s][A

 52%|█████▏    | 12/23 [00:00<00:00, 31.58it/s][A

 70%|██████▉   | 16/23 [00:00<00:00, 30.93it/s][A

 87%|████████▋ | 20/23 [00:00<00:00, 30.54it/s][A

                                               
[A
                                                 

100%|██████████| 23/23 [00:01<00:00, 30.54it/s][A
 87%|████████▋ | 598/690 [05:48<00:30,  3.02it/s]

                                               [ACL loss: 1.4152382612228394, CE loss: 0.08332476764917374, combined loss: 0.21651610732078552
CL loss: 0.5318570137023926, CE loss: 0.06171417236328125, combined loss: 0.10872845351696014
CL loss: 1.4311281442642212, CE loss: 0.08832873404026031, combined loss: 0.22260868549346924
CL loss: 1.38307523727417, CE loss: 0.07075176388025284, combined loss: 0.20198410749435425
CL loss: 0.9269760847091675, CE loss: 0.049785587936639786, combined loss: 0.13750463724136353
CL loss: 1.4287221431732178, CE loss: 0.0841606929898262, combined loss: 0.21861684322357178
CL loss: 0.9563987851142883, CE loss: 0.07430694252252579, combined loss: 0.16251611709594727
CL loss: 0.7186232209205627, CE loss: 0.07489366829395294, combined loss: 0.13926662504673004
CL loss: 1.078465461730957, CE loss: 0.07380684465169907, combined loss: 0.17427271604537964
CL loss: 0.9543553590774536, CE loss: 0.07710448652505875, combined loss: 0.1648295819759369
CL loss: 0.7688117027282715, CE loss: 0.08240646868944168, combined loss: 0.1510469913482666
CL loss: 0.7480040192604065, CE loss: 0.06897670030593872, combined loss: 0.13687942922115326
CL loss: 1.2772610187530518, CE loss: 0.07437307387590408, combined loss: 0.19466187059879303
CL loss: 1.3301405906677246, CE loss: 0.0711936205625534, combined loss: 0.1970883309841156
CL loss: 1.3518476486206055, CE loss: 0.07479560375213623, combined loss: 0.20250080525875092
CL loss: 1.838378667831421, CE loss: 0.0898207426071167, combined loss: 0.2646765410900116
CL loss: 0.5920636653900146, CE loss: 0.06277446448802948, combined loss: 0.11570338159799576
CL loss: 0.8814277052879333, CE loss: 0.05553071200847626, combined loss: 0.13812041282653809
CL loss: 0.40766075253486633, CE loss: 0.05425429344177246, combined loss: 0.08959493786096573
CL loss: 1.729156732559204, CE loss: 0.0676838606595993, combined loss: 0.23383115231990814
CL loss: 1.1377372741699219, CE loss: 0.07345129549503326, combined loss: 0.17987988889217377
CL loss: 0.0, CE loss: 0.04182150959968567, combined loss: 0.03763935714960098
{'eval_loss': 0.17013777792453766, 'eval_top_1_macro_recall': 0.4705998893550021, 'eval_top_1_macro_precision': 0.47998650653956554, 'eval_top_1_macro_f1': 0.4679547898500173, 'eval_top_1_accuracy': 0.764456981664316, 'eval_top_1_micro_recall': 0.6758104738154613, 'eval_top_1_micro_precision': 0.764456981664316, 'eval_top_1_micro_f1': 0.7174056915949701, 'eval_top_2_macro_recall': 0.6480857066542077, 'eval_top_2_macro_precision': 0.4222483929329087, 'eval_top_2_macro_f1': 0.4787877034987773, 'eval_top_2_accuracy': 0.847672778561354, 'eval_top_2_micro_recall': 0.8204488778054863, 'eval_top_2_micro_precision': 0.46403385049365303, 'eval_top_2_micro_f1': 0.5927927927927928, 'eval_top_3_macro_recall': 0.791965958775117, 'eval_top_3_macro_precision': 0.380883263013911, 'eval_top_3_macro_f1': 0.4754056406651088, 'eval_top_3_accuracy': 0.922425952045134, 'eval_top_3_micro_recall': 0.9027431421446384, 'eval_top_3_micro_precision': 0.34038551951104845, 'eval_top_3_micro_f1': 0.49436667804711515, 'eval_runtime': 1.106, 'eval_samples_per_second': 641.04, 'eval_steps_per_second': 20.795, 'epoch': 26.0}

 87%|████████▋ | 599/690 [05:51<02:32,  1.67s/it]
 87%|████████▋ | 600/690 [05:51<01:56,  1.29s/it]
 87%|████████▋ | 601/690 [05:52<01:31,  1.03s/it]
 87%|████████▋ | 602/690 [05:52<01:14,  1.18it/s]
 87%|████████▋ | 603/690 [05:53<01:02,  1.40it/s]
 88%|████████▊ | 604/690 [05:53<00:53,  1.61it/s]
 88%|████████▊ | 605/690 [05:54<00:47,  1.79it/s]
 88%|████████▊ | 606/690 [05:54<00:43,  1.94it/s]
 88%|████████▊ | 607/690 [05:54<00:40,  2.07it/s]
 88%|████████▊ | 608/690 [05:55<00:37,  2.17it/s]
 88%|████████▊ | 609/690 [05:55<00:36,  2.24it/s]
 88%|████████▊ | 610/690 [05:56<00:34,  2.30it/s]
 89%|████████▊ | 611/690 [05:56<00:33,  2.34it/s]
 89%|████████▊ | 612/690 [05:56<00:33,  2.36it/s]
 89%|████████▉ | 613/690 [05:57<00:32,  2.38it/s]
 89%|████████▉ | 614/690 [05:57<00:31,  2.40it/s]
 89%|████████▉ | 615/690 [05:58<00:31,  2.41it/s]
 89%|████████▉ | 616/690 [05:58<00:30,  2.42it/s]
 89%|████████▉ | 617/690 [05:58<00:30,  2.42it/s]
 90%|████████▉ | 618/690 [05:59<00:29,  2.42it/s]
 90%|████████▉ | 619/690 [05:59<00:29,  2.42it/s]
 90%|████████▉ | 620/690 [06:00<00:28,  2.42it/s]
 90%|█████████ | 621/690 [06:00<00:22,  3.04it/s]
                                                 

 90%|█████████ | 621/690 [06:00<00:22,  3.04it/s]CL loss: 0.5631667971611023, CE loss: 0.06804551929235458, combined loss: 0.11755764484405518
CL loss: 0.5862780213356018, CE loss: 0.06670898199081421, combined loss: 0.11866588890552521
CL loss: 0.5139355659484863, CE loss: 0.06753478199243546, combined loss: 0.1121748611330986
CL loss: 0.4666410982608795, CE loss: 0.059033844619989395, combined loss: 0.09979456663131714
CL loss: 0.5695471167564392, CE loss: 0.0684872418642044, combined loss: 0.118593230843544
CL loss: 0.5495538115501404, CE loss: 0.06184709072113037, combined loss: 0.1106177568435669
CL loss: 0.596680223941803, CE loss: 0.0713256374001503, combined loss: 0.12386108934879303
CL loss: 0.508377194404602, CE loss: 0.06023509055376053, combined loss: 0.10504929721355438
CL loss: 0.42902258038520813, CE loss: 0.06371216475963593, combined loss: 0.10024320334196091
CL loss: 0.529577374458313, CE loss: 0.06861899048089981, combined loss: 0.11471483111381531
CL loss: 0.5752238631248474, CE loss: 0.06507229804992676, combined loss: 0.11608745157718658
CL loss: 0.5235762596130371, CE loss: 0.06934741884469986, combined loss: 0.1147703006863594
CL loss: 0.45514291524887085, CE loss: 0.057298414409160614, combined loss: 0.09708286821842194
CL loss: 0.4999115467071533, CE loss: 0.06902895122766495, combined loss: 0.1121172159910202
CL loss: 0.508912205696106, CE loss: 0.06472717225551605, combined loss: 0.10914567112922668
CL loss: 0.48708274960517883, CE loss: 0.06172601878643036, combined loss: 0.10426168888807297
CL loss: 0.5122376084327698, CE loss: 0.062176868319511414, combined loss: 0.10718294233083725
CL loss: 0.5083960890769958, CE loss: 0.0660606324672699, combined loss: 0.11029417812824249
CL loss: 0.49130016565322876, CE loss: 0.06277140974998474, combined loss: 0.10562428832054138
CL loss: 0.5052284002304077, CE loss: 0.06785771995782852, combined loss: 0.1115947887301445
CL loss: 0.593059241771698, CE loss: 0.06733109056949615, combined loss: 0.11990390717983246
CL loss: 0.793587327003479, CE loss: 0.07582052052021027, combined loss: 0.14759719371795654
CL loss: 0.6393819451332092, CE loss: 0.06072600185871124, combined loss: 0.11859159171581268
{'loss': 0.1128, 'grad_norm': 3.197603464126587, 'learning_rate': 5e-06, 'epoch': 27.0}
CL loss: 0.4012538194656372, CE loss: 0.06944486498832703, combined loss: 0.1026257574558258


  0%|          | 0/23 [00:00<?, ?it/s][A

 22%|██▏       | 5/23 [00:00<00:00, 37.35it/s][A

 39%|███▉      | 9/23 [00:00<00:00, 32.96it/s][A

 57%|█████▋    | 13/23 [00:00<00:00, 31.56it/s][A

 74%|███████▍  | 17/23 [00:00<00:00, 30.96it/s][A

 91%|█████████▏| 21/23 [00:00<00:00, 30.53it/s][A

                                               
[A
                                                 

100%|██████████| 23/23 [00:01<00:00, 30.53it/s][A
 90%|█████████ | 621/690 [06:01<00:22,  3.04it/s]

                                               [ACL loss: 1.3658666610717773, CE loss: 0.08556801080703735, combined loss: 0.2135978639125824
CL loss: 0.5513100028038025, CE loss: 0.06315552443265915, combined loss: 0.11197096854448318
CL loss: 1.4941725730895996, CE loss: 0.08766217529773712, combined loss: 0.22831322252750397
CL loss: 1.3531521558761597, CE loss: 0.06876587867736816, combined loss: 0.19720451533794403
CL loss: 0.9457116723060608, CE loss: 0.050481587648391724, combined loss: 0.14000459015369415
CL loss: 1.4129358530044556, CE loss: 0.08315731585025787, combined loss: 0.216135174036026
CL loss: 0.9629541635513306, CE loss: 0.07421091943979263, combined loss: 0.16308525204658508
CL loss: 0.6913020014762878, CE loss: 0.07613767683506012, combined loss: 0.137654110789299
CL loss: 1.1562609672546387, CE loss: 0.07432787865400314, combined loss: 0.18252119421958923
CL loss: 0.9710542559623718, CE loss: 0.07660611718893051, combined loss: 0.16605094075202942
CL loss: 0.7869916558265686, CE loss: 0.08210361003875732, combined loss: 0.15259242057800293
CL loss: 0.7186506986618042, CE loss: 0.06965533643960953, combined loss: 0.1345548778772354
CL loss: 1.2745424509048462, CE loss: 0.07415083795785904, combined loss: 0.19418999552726746
CL loss: 1.3654032945632935, CE loss: 0.0708489641547203, combined loss: 0.20030440390110016
CL loss: 1.4421273469924927, CE loss: 0.07507991790771484, combined loss: 0.21178466081619263
CL loss: 1.7727011442184448, CE loss: 0.08865466713905334, combined loss: 0.2570593059062958
CL loss: 0.5658721327781677, CE loss: 0.062117718160152435, combined loss: 0.11249315738677979
CL loss: 0.9000658988952637, CE loss: 0.05587969347834587, combined loss: 0.14029830694198608
CL loss: 0.4427443742752075, CE loss: 0.05392010882496834, combined loss: 0.09280253946781158
CL loss: 1.7062692642211914, CE loss: 0.06935582309961319, combined loss: 0.23304715752601624
CL loss: 1.1972533464431763, CE loss: 0.07545949518680573, combined loss: 0.18763887882232666
CL loss: 0.0, CE loss: 0.04040725901722908, combined loss: 0.0363665334880352
{'eval_loss': 0.1706792116165161, 'eval_top_1_macro_recall': 0.4710583273134399, 'eval_top_1_macro_precision': 0.4898261311411021, 'eval_top_1_macro_f1': 0.4724313620848013, 'eval_top_1_accuracy': 0.768688293370945, 'eval_top_1_micro_recall': 0.6795511221945137, 'eval_top_1_micro_precision': 0.768688293370945, 'eval_top_1_micro_f1': 0.7213765718067505, 'eval_top_2_macro_recall': 0.6379015211811905, 'eval_top_2_macro_precision': 0.4144084610188369, 'eval_top_2_macro_f1': 0.4831347549818305, 'eval_top_2_accuracy': 0.8392101551480959, 'eval_top_2_micro_recall': 0.8117206982543641, 'eval_top_2_micro_precision': 0.4590973201692525, 'eval_top_2_micro_f1': 0.5864864864864865, 'eval_top_3_macro_recall': 0.790029638183394, 'eval_top_3_macro_precision': 0.38869862267122185, 'eval_top_3_macro_f1': 0.48416390073599636, 'eval_top_3_accuracy': 0.918194640338505, 'eval_top_3_micro_recall': 0.899002493765586, 'eval_top_3_micro_precision': 0.3389750822755054, 'eval_top_3_micro_f1': 0.49231819733697507, 'eval_runtime': 1.1056, 'eval_samples_per_second': 641.307, 'eval_steps_per_second': 20.804, 'epoch': 27.0}

 90%|█████████ | 622/690 [06:05<01:53,  1.67s/it]
 90%|█████████ | 623/690 [06:05<01:26,  1.30s/it]
 90%|█████████ | 624/690 [06:05<01:07,  1.03s/it]
 91%|█████████ | 625/690 [06:06<00:54,  1.18it/s]
 91%|█████████ | 626/690 [06:06<00:45,  1.40it/s]
 91%|█████████ | 627/690 [06:07<00:39,  1.60it/s]
 91%|█████████ | 628/690 [06:07<00:34,  1.78it/s]
 91%|█████████ | 629/690 [06:08<00:31,  1.94it/s]
 91%|█████████▏| 630/690 [06:08<00:29,  2.06it/s]
 91%|█████████▏| 631/690 [06:08<00:27,  2.16it/s]
 92%|█████████▏| 632/690 [06:09<00:25,  2.24it/s]
 92%|█████████▏| 633/690 [06:09<00:24,  2.29it/s]
 92%|█████████▏| 634/690 [06:10<00:23,  2.33it/s]
 92%|█████████▏| 635/690 [06:10<00:23,  2.36it/s]
 92%|█████████▏| 636/690 [06:10<00:22,  2.38it/s]
 92%|█████████▏| 637/690 [06:11<00:22,  2.40it/s]
 92%|█████████▏| 638/690 [06:11<00:21,  2.41it/s]
 93%|█████████▎| 639/690 [06:12<00:21,  2.41it/s]
 93%|█████████▎| 640/690 [06:12<00:20,  2.42it/s]
 93%|█████████▎| 641/690 [06:12<00:20,  2.42it/s]
 93%|█████████▎| 642/690 [06:13<00:19,  2.43it/s]
 93%|█████████▎| 643/690 [06:13<00:19,  2.43it/s]
 93%|█████████▎| 644/690 [06:13<00:15,  3.06it/s]
                                                 

 93%|█████████▎| 644/690 [06:13<00:15,  3.06it/s]CL loss: 0.49946844577789307, CE loss: 0.06282026320695877, combined loss: 0.10648508369922638
CL loss: 0.5281252264976501, CE loss: 0.06920074671506882, combined loss: 0.11509319394826889
CL loss: 0.3387787938117981, CE loss: 0.058091599494218826, combined loss: 0.0861603170633316
CL loss: 0.4472598731517792, CE loss: 0.05867345258593559, combined loss: 0.09753209352493286
CL loss: 0.524067759513855, CE loss: 0.06725817918777466, combined loss: 0.11293913424015045
CL loss: 0.5732778906822205, CE loss: 0.06402458995580673, combined loss: 0.11494991928339005
CL loss: 0.48058703541755676, CE loss: 0.05467110127210617, combined loss: 0.09726269543170929
CL loss: 0.517336905002594, CE loss: 0.06314294785261154, combined loss: 0.10856234282255173
CL loss: 0.5349543690681458, CE loss: 0.06320589780807495, combined loss: 0.11038073897361755
CL loss: 0.48194849491119385, CE loss: 0.06418529897928238, combined loss: 0.1059616208076477
CL loss: 0.4191535413265228, CE loss: 0.06073320657014847, combined loss: 0.09657523781061172
CL loss: 0.46596866846084595, CE loss: 0.06923705339431763, combined loss: 0.1089102178812027
CL loss: 0.5678279399871826, CE loss: 0.059973426163196564, combined loss: 0.11075887084007263
CL loss: 0.5158596038818359, CE loss: 0.06656898558139801, combined loss: 0.11149804294109344
CL loss: 0.6823388338088989, CE loss: 0.07702500373125076, combined loss: 0.13755638897418976
CL loss: 0.6207565665245056, CE loss: 0.06755465269088745, combined loss: 0.12287484109401703
CL loss: 0.6050445437431335, CE loss: 0.07109218090772629, combined loss: 0.12448741495609283
CL loss: 0.5598196387290955, CE loss: 0.06610988825559616, combined loss: 0.11548086255788803
CL loss: 0.561123251914978, CE loss: 0.06343479454517365, combined loss: 0.11320364475250244
CL loss: 0.5662890076637268, CE loss: 0.06452950835227966, combined loss: 0.11470545828342438
CL loss: 0.7354634404182434, CE loss: 0.07020273059606552, combined loss: 0.13672879338264465
CL loss: 0.40798038244247437, CE loss: 0.06164402514696121, combined loss: 0.09627765417098999
CL loss: 1.049338459968567, CE loss: 0.07408355921506882, combined loss: 0.1716090440750122
{'loss': 0.1137, 'grad_norm': 2.7987020015716553, 'learning_rate': 3.3333333333333333e-06, 'epoch': 28.0}
CL loss: 0.5186228156089783, CE loss: 0.07268466800451279, combined loss: 0.11727848649024963


  0%|          | 0/23 [00:00<?, ?it/s][A

 22%|██▏       | 5/23 [00:00<00:00, 37.42it/s][A

 39%|███▉      | 9/23 [00:00<00:00, 33.00it/s][A

 57%|█████▋    | 13/23 [00:00<00:00, 31.58it/s][A

 74%|███████▍  | 17/23 [00:00<00:00, 30.92it/s][A

 91%|█████████▏| 21/23 [00:00<00:00, 30.50it/s][A

                                               
[A
                                                 

100%|██████████| 23/23 [00:00<00:00, 30.50it/s][A
 93%|█████████▎| 644/690 [06:15<00:15,  3.06it/s]

                                               [ACL loss: 1.3477551937103271, CE loss: 0.0821985974907875, combined loss: 0.2087542563676834
CL loss: 0.7238885760307312, CE loss: 0.06851392984390259, combined loss: 0.1340513974428177
CL loss: 1.3949114084243774, CE loss: 0.08580651134252548, combined loss: 0.21671700477600098
CL loss: 1.4658311605453491, CE loss: 0.0678979903459549, combined loss: 0.20769131183624268
CL loss: 1.0255950689315796, CE loss: 0.05064205452799797, combined loss: 0.14813736081123352
CL loss: 1.472468614578247, CE loss: 0.0869615450501442, combined loss: 0.22551226615905762
CL loss: 0.874265193939209, CE loss: 0.06917212158441544, combined loss: 0.1496814340353012
CL loss: 0.5743995904922485, CE loss: 0.07044818252325058, combined loss: 0.1208433210849762
CL loss: 1.078727126121521, CE loss: 0.07614469528198242, combined loss: 0.17640294134616852
CL loss: 0.9903363585472107, CE loss: 0.07834838330745697, combined loss: 0.1695471853017807
CL loss: 0.7376627326011658, CE loss: 0.0788310170173645, combined loss: 0.14471419155597687
CL loss: 0.7337332963943481, CE loss: 0.06820540130138397, combined loss: 0.13475818932056427
CL loss: 1.1269490718841553, CE loss: 0.06854096800088882, combined loss: 0.1743817776441574
CL loss: 1.33836829662323, CE loss: 0.0705968588590622, combined loss: 0.19737401604652405
CL loss: 1.4169964790344238, CE loss: 0.07590184360742569, combined loss: 0.2100113034248352
CL loss: 1.668248176574707, CE loss: 0.08689932525157928, combined loss: 0.24503421783447266
CL loss: 0.5576702356338501, CE loss: 0.05991020053625107, combined loss: 0.10968620330095291
CL loss: 0.8584360480308533, CE loss: 0.05445406213402748, combined loss: 0.13485226035118103
CL loss: 0.5558769702911377, CE loss: 0.05857890471816063, combined loss: 0.10830871015787125
CL loss: 1.7255496978759766, CE loss: 0.06743495166301727, combined loss: 0.23324641585350037
CL loss: 1.2222793102264404, CE loss: 0.07585057616233826, combined loss: 0.19049344956874847
CL loss: 0.0, CE loss: 0.03993453085422516, combined loss: 0.035941075533628464
{'eval_loss': 0.16984343528747559, 'eval_top_1_macro_recall': 0.4700823983159626, 'eval_top_1_macro_precision': 0.47891658291667377, 'eval_top_1_macro_f1': 0.46817360221662824, 'eval_top_1_accuracy': 0.765867418899859, 'eval_top_1_micro_recall': 0.6770573566084788, 'eval_top_1_micro_precision': 0.765867418899859, 'eval_top_1_micro_f1': 0.7187293183322303, 'eval_top_2_macro_recall': 0.6416692618805846, 'eval_top_2_macro_precision': 0.4128714994384962, 'eval_top_2_macro_f1': 0.482312848303644, 'eval_top_2_accuracy': 0.840620592383639, 'eval_top_2_micro_recall': 0.8154613466334164, 'eval_top_2_micro_precision': 0.461212976022567, 'eval_top_2_micro_f1': 0.5891891891891892, 'eval_top_3_macro_recall': 0.81522295785979, 'eval_top_3_macro_precision': 0.3886090731770549, 'eval_top_3_macro_f1': 0.48507159251100157, 'eval_top_3_accuracy': 0.923836389280677, 'eval_top_3_micro_recall': 0.9064837905236908, 'eval_top_3_micro_precision': 0.34179595674659147, 'eval_top_3_micro_f1': 0.49641515875725506, 'eval_runtime': 1.0834, 'eval_samples_per_second': 654.396, 'eval_steps_per_second': 21.229, 'epoch': 28.0}

 93%|█████████▎| 645/690 [06:18<01:10,  1.57s/it]
 94%|█████████▎| 646/690 [06:18<00:53,  1.22s/it]
 94%|█████████▍| 647/690 [06:19<00:42,  1.02it/s]
 94%|█████████▍| 648/690 [06:19<00:33,  1.24it/s]
 94%|█████████▍| 649/690 [06:20<00:28,  1.45it/s]
 94%|█████████▍| 650/690 [06:20<00:24,  1.65it/s]
 94%|█████████▍| 651/690 [06:20<00:21,  1.83it/s]
 94%|█████████▍| 652/690 [06:21<00:19,  1.98it/s]
 95%|█████████▍| 653/690 [06:21<00:17,  2.09it/s]
 95%|█████████▍| 654/690 [06:22<00:16,  2.19it/s]
 95%|█████████▍| 655/690 [06:22<00:15,  2.25it/s]
 95%|█████████▌| 656/690 [06:22<00:14,  2.31it/s]
 95%|█████████▌| 657/690 [06:23<00:14,  2.35it/s]
 95%|█████████▌| 658/690 [06:23<00:13,  2.37it/s]
 96%|█████████▌| 659/690 [06:24<00:12,  2.39it/s]
 96%|█████████▌| 660/690 [06:24<00:12,  2.41it/s]
 96%|█████████▌| 661/690 [06:24<00:12,  2.41it/s]
 96%|█████████▌| 662/690 [06:25<00:11,  2.42it/s]
 96%|█████████▌| 663/690 [06:25<00:11,  2.42it/s]
 96%|█████████▌| 664/690 [06:26<00:10,  2.42it/s]
 96%|█████████▋| 665/690 [06:26<00:10,  2.43it/s]
 97%|█████████▋| 666/690 [06:26<00:09,  2.43it/s]
 97%|█████████▋| 667/690 [06:27<00:07,  3.10it/s]
                                                 

 97%|█████████▋| 667/690 [06:27<00:07,  3.10it/s]CL loss: 0.6040959358215332, CE loss: 0.06819675117731094, combined loss: 0.12178666889667511
CL loss: 0.6236228346824646, CE loss: 0.06515313684940338, combined loss: 0.12100010365247726
CL loss: 0.4805680811405182, CE loss: 0.06014668941497803, combined loss: 0.1021888256072998
CL loss: 0.4931933283805847, CE loss: 0.06997333467006683, combined loss: 0.11229533702135086
CL loss: 0.4449622631072998, CE loss: 0.0571390725672245, combined loss: 0.09592138975858688
CL loss: 0.48245516419410706, CE loss: 0.06451255828142166, combined loss: 0.10630682110786438
CL loss: 0.6363490223884583, CE loss: 0.06900572776794434, combined loss: 0.12574005126953125
CL loss: 0.47741979360580444, CE loss: 0.06229640915989876, combined loss: 0.10380874574184418
CL loss: 0.4893280267715454, CE loss: 0.06158677116036415, combined loss: 0.10436089336872101
CL loss: 0.5898920297622681, CE loss: 0.07017988711595535, combined loss: 0.12215109914541245
CL loss: 0.527305543422699, CE loss: 0.0683123841881752, combined loss: 0.11421170085668564
CL loss: 0.6049279570579529, CE loss: 0.06714490801095963, combined loss: 0.12092320621013641
CL loss: 0.6605554223060608, CE loss: 0.06784852594137192, combined loss: 0.12711921334266663
CL loss: 0.5346294045448303, CE loss: 0.06404370069503784, combined loss: 0.11110226809978485
CL loss: 0.5496633648872375, CE loss: 0.0704398900270462, combined loss: 0.11836224049329758
CL loss: 0.7004434466362, CE loss: 0.07185906171798706, combined loss: 0.13471749424934387
CL loss: 0.5099748969078064, CE loss: 0.060867320746183395, combined loss: 0.10577808320522308
CL loss: 0.498837947845459, CE loss: 0.06836036592721939, combined loss: 0.11140812188386917
CL loss: 0.4880013167858124, CE loss: 0.055986326187849045, combined loss: 0.09918782114982605
CL loss: 0.44991254806518555, CE loss: 0.05793285369873047, combined loss: 0.09713082015514374
CL loss: 0.49252426624298096, CE loss: 0.06288345158100128, combined loss: 0.10584753751754761
CL loss: 0.35834255814552307, CE loss: 0.05056747794151306, combined loss: 0.08134498447179794
CL loss: 0.801842451095581, CE loss: 0.06038520112633705, combined loss: 0.1345309317111969
{'loss': 0.1121, 'grad_norm': 2.297236919403076, 'learning_rate': 1.6666666666666667e-06, 'epoch': 29.0}
CL loss: 0.42028316855430603, CE loss: 0.07037724554538727, combined loss: 0.10536783933639526


  0%|          | 0/23 [00:00<?, ?it/s][A

 17%|█▋        | 4/23 [00:00<00:00, 39.46it/s][A

 35%|███▍      | 8/23 [00:00<00:00, 33.09it/s][A

 52%|█████▏    | 12/23 [00:00<00:00, 31.60it/s][A

 70%|██████▉   | 16/23 [00:00<00:00, 30.92it/s][A

 87%|████████▋ | 20/23 [00:00<00:00, 30.47it/s][A

                                               
[A
                                                 

100%|██████████| 23/23 [00:01<00:00, 30.47it/s][A
 97%|█████████▋| 667/690 [06:28<00:07,  3.10it/s]

                                               [ACL loss: 1.2693806886672974, CE loss: 0.08064007014036179, combined loss: 0.19951413571834564
CL loss: 0.559984028339386, CE loss: 0.0631452202796936, combined loss: 0.11282910406589508
CL loss: 1.4667832851409912, CE loss: 0.08981417864561081, combined loss: 0.22751107811927795
CL loss: 1.3490259647369385, CE loss: 0.06762299686670303, combined loss: 0.19576328992843628
CL loss: 0.9402778744697571, CE loss: 0.049898386001586914, combined loss: 0.1389363408088684
CL loss: 1.4289213418960571, CE loss: 0.083723284304142, combined loss: 0.2182430922985077
CL loss: 0.9440397620201111, CE loss: 0.07186099141836166, combined loss: 0.15907886624336243
CL loss: 0.6264163851737976, CE loss: 0.07459935545921326, combined loss: 0.1297810673713684
CL loss: 1.0607666969299316, CE loss: 0.0739297941327095, combined loss: 0.1726134866476059
CL loss: 0.8874214887619019, CE loss: 0.07485608756542206, combined loss: 0.15611262619495392
CL loss: 0.7388731241226196, CE loss: 0.08109521865844727, combined loss: 0.14687299728393555
CL loss: 0.7065919637680054, CE loss: 0.06849819421768188, combined loss: 0.13230757415294647
CL loss: 1.2798230648040771, CE loss: 0.07521481812000275, combined loss: 0.19567564129829407
CL loss: 1.3203352689743042, CE loss: 0.0704483762383461, combined loss: 0.19543707370758057
CL loss: 1.4045259952545166, CE loss: 0.07501548528671265, combined loss: 0.20796653628349304
CL loss: 1.6888855695724487, CE loss: 0.0870790183544159, combined loss: 0.24725967645645142
CL loss: 0.5455619096755981, CE loss: 0.06027830392122269, combined loss: 0.10880666226148605
CL loss: 0.9271368980407715, CE loss: 0.05609384551644325, combined loss: 0.1431981474161148
CL loss: 0.40651169419288635, CE loss: 0.05284935235977173, combined loss: 0.08821558952331543
CL loss: 1.6851547956466675, CE loss: 0.06693631410598755, combined loss: 0.22875817120075226
CL loss: 1.2025805711746216, CE loss: 0.0746474415063858, combined loss: 0.18744075298309326
CL loss: 0.0, CE loss: 0.03864214941859245, combined loss: 0.03477793186903
{'eval_loss': 0.1671367585659027, 'eval_top_1_macro_recall': 0.4724294491102931, 'eval_top_1_macro_precision': 0.49228248185614304, 'eval_top_1_macro_f1': 0.4742438815480305, 'eval_top_1_accuracy': 0.771509167842031, 'eval_top_1_micro_recall': 0.6820448877805486, 'eval_top_1_micro_precision': 0.771509167842031, 'eval_top_1_micro_f1': 0.7240238252812706, 'eval_top_2_macro_recall': 0.6415842016677759, 'eval_top_2_macro_precision': 0.4139910500492087, 'eval_top_2_macro_f1': 0.48316376127379573, 'eval_top_2_accuracy': 0.846262341325811, 'eval_top_2_micro_recall': 0.8192019950124688, 'eval_top_2_micro_precision': 0.4633286318758815, 'eval_top_2_micro_f1': 0.591891891891892, 'eval_top_3_macro_recall': 0.7652311839494561, 'eval_top_3_macro_precision': 0.36125794383043675, 'eval_top_3_macro_f1': 0.46248726185981487, 'eval_top_3_accuracy': 0.9111424541607899, 'eval_top_3_micro_recall': 0.8940149625935162, 'eval_top_3_micro_precision': 0.33709449929478136, 'eval_top_3_micro_f1': 0.48958688972345504, 'eval_runtime': 1.0983, 'eval_samples_per_second': 645.54, 'eval_steps_per_second': 20.941, 'epoch': 29.0}

 97%|█████████▋| 668/690 [06:32<00:38,  1.76s/it]
 97%|█████████▋| 669/690 [06:32<00:28,  1.35s/it]
 97%|█████████▋| 670/690 [06:33<00:21,  1.07s/it]
 97%|█████████▋| 671/690 [06:33<00:16,  1.15it/s]
 97%|█████████▋| 672/690 [06:33<00:13,  1.36it/s]
 98%|█████████▊| 673/690 [06:34<00:10,  1.57it/s]
 98%|█████████▊| 674/690 [06:34<00:09,  1.75it/s]
 98%|█████████▊| 675/690 [06:35<00:07,  1.92it/s]
 98%|█████████▊| 676/690 [06:35<00:06,  2.05it/s]
 98%|█████████▊| 677/690 [06:35<00:06,  2.15it/s]
 98%|█████████▊| 678/690 [06:36<00:05,  2.23it/s]
 98%|█████████▊| 679/690 [06:36<00:04,  2.28it/s]
 99%|█████████▊| 680/690 [06:37<00:04,  2.32it/s]
 99%|█████████▊| 681/690 [06:37<00:03,  2.36it/s]
 99%|█████████▉| 682/690 [06:37<00:03,  2.37it/s]
 99%|█████████▉| 683/690 [06:38<00:02,  2.39it/s]
 99%|█████████▉| 684/690 [06:38<00:02,  2.41it/s]
 99%|█████████▉| 685/690 [06:39<00:02,  2.41it/s]
 99%|█████████▉| 686/690 [06:39<00:01,  2.42it/s]
100%|█████████▉| 687/690 [06:40<00:01,  2.43it/s]
100%|█████████▉| 688/690 [06:40<00:00,  2.42it/s]
100%|█████████▉| 689/690 [06:40<00:00,  2.43it/s]
100%|██████████| 690/690 [06:40<00:00,  3.06it/s]
                                                 

100%|██████████| 690/690 [06:41<00:00,  3.06it/s]CL loss: 0.4487053453922272, CE loss: 0.061710771173238754, combined loss: 0.10041023045778275
CL loss: 0.5875350832939148, CE loss: 0.07099976390600204, combined loss: 0.1226532906293869
CL loss: 0.5170876979827881, CE loss: 0.06777650117874146, combined loss: 0.11270761489868164
CL loss: 0.5650497078895569, CE loss: 0.06309284269809723, combined loss: 0.1132885292172432
CL loss: 0.4827529191970825, CE loss: 0.06332939118146896, combined loss: 0.10527174174785614
CL loss: 0.5284879207611084, CE loss: 0.06186021491885185, combined loss: 0.10852298140525818
CL loss: 0.6440755724906921, CE loss: 0.06809249520301819, combined loss: 0.12569080293178558
CL loss: 0.3907279670238495, CE loss: 0.061644554138183594, combined loss: 0.0945528894662857
CL loss: 0.47678542137145996, CE loss: 0.06325975805521011, combined loss: 0.1046123206615448
CL loss: 0.45735523104667664, CE loss: 0.06373881548643112, combined loss: 0.10310045629739761
CL loss: 0.47042548656463623, CE loss: 0.0619940459728241, combined loss: 0.10283719003200531
CL loss: 0.520790159702301, CE loss: 0.06471964716911316, combined loss: 0.11032669991254807
CL loss: 0.5215389132499695, CE loss: 0.06220757216215134, combined loss: 0.10814070701599121
CL loss: 0.6102856993675232, CE loss: 0.06693897396326065, combined loss: 0.12127364426851273
CL loss: 0.4090258777141571, CE loss: 0.06223401427268982, combined loss: 0.09691320359706879
CL loss: 0.43581870198249817, CE loss: 0.061607275158166885, combined loss: 0.09902841597795486
CL loss: 0.5262629389762878, CE loss: 0.06093240901827812, combined loss: 0.107465460896492
CL loss: 0.5064654350280762, CE loss: 0.06098715960979462, combined loss: 0.10553498566150665
CL loss: 0.6223293542861938, CE loss: 0.06378580629825592, combined loss: 0.11964015662670135
CL loss: 0.43231117725372314, CE loss: 0.06287892162799835, combined loss: 0.09982214868068695
CL loss: 0.5381477475166321, CE loss: 0.06621848046779633, combined loss: 0.11341141164302826
CL loss: 0.5450021624565125, CE loss: 0.05900508165359497, combined loss: 0.10760478675365448
CL loss: 0.45140594244003296, CE loss: 0.05503326654434204, combined loss: 0.09467053413391113
{'loss': 0.1077, 'grad_norm': 2.9444494247436523, 'learning_rate': 0.0, 'epoch': 30.0}
CL loss: 0.4118376672267914, CE loss: 0.0703989565372467, combined loss: 0.1045428216457367


  0%|          | 0/23 [00:00<?, ?it/s][A

 22%|██▏       | 5/23 [00:00<00:00, 37.65it/s][A

 39%|███▉      | 9/23 [00:00<00:00, 32.95it/s][A

 57%|█████▋    | 13/23 [00:00<00:00, 31.53it/s][A

 74%|███████▍  | 17/23 [00:00<00:00, 30.91it/s][A

 91%|█████████▏| 21/23 [00:00<00:00, 30.53it/s][A

                                               
[A
                                                 

100%|██████████| 23/23 [00:01<00:00, 30.53it/s][A
100%|██████████| 690/690 [06:42<00:00,  3.06it/s]

                                               [A
                                                 

100%|██████████| 690/690 [06:46<00:00,  3.06it/s]
100%|██████████| 690/690 [06:46<00:00,  1.70it/s]
2025-04-11 06:37:59.830 | INFO     | __main__:fine_tune:229 - Training time: 406.52 seconds
CL loss: 1.2836980819702148, CE loss: 0.08048743009567261, combined loss: 0.20080849528312683
CL loss: 0.5804498791694641, CE loss: 0.06401830911636353, combined loss: 0.11566146463155746
CL loss: 1.4401018619537354, CE loss: 0.08914452791213989, combined loss: 0.2242402583360672
CL loss: 1.368783712387085, CE loss: 0.06772328168153763, combined loss: 0.19782932102680206
CL loss: 0.9395548105239868, CE loss: 0.049844298511743546, combined loss: 0.13881534337997437
CL loss: 1.4336040019989014, CE loss: 0.08390607684850693, combined loss: 0.21887587010860443
CL loss: 0.9457277059555054, CE loss: 0.07196609675884247, combined loss: 0.15934225916862488
CL loss: 0.6022763848304749, CE loss: 0.07351944595575333, combined loss: 0.12639513611793518
CL loss: 1.0693007707595825, CE loss: 0.07395122200250626, combined loss: 0.17348617315292358
CL loss: 0.892764687538147, CE loss: 0.07514350116252899, combined loss: 0.1569056212902069
CL loss: 0.7322057485580444, CE loss: 0.08053495734930038, combined loss: 0.1457020342350006
CL loss: 0.714290976524353, CE loss: 0.06862427294254303, combined loss: 0.13319094479084015
CL loss: 1.2678215503692627, CE loss: 0.07471434026956558, combined loss: 0.19402506947517395
CL loss: 1.3368173837661743, CE loss: 0.0700356513261795, combined loss: 0.19671383500099182
CL loss: 1.4333750009536743, CE loss: 0.07559222728013992, combined loss: 0.21137049794197083
CL loss: 1.6775614023208618, CE loss: 0.08663705736398697, combined loss: 0.2457294911146164
CL loss: 0.5388420820236206, CE loss: 0.06027516722679138, combined loss: 0.10813185572624207
CL loss: 0.9108698964118958, CE loss: 0.055480796843767166, combined loss: 0.14101970195770264
CL loss: 0.4296075701713562, CE loss: 0.053415343165397644, combined loss: 0.09103456139564514
CL loss: 1.6839452981948853, CE loss: 0.06716469675302505, combined loss: 0.22884276509284973
CL loss: 1.1986668109893799, CE loss: 0.07478410750627518, combined loss: 0.18717238306999207
CL loss: 0.0, CE loss: 0.039391323924064636, combined loss: 0.03545219078660011
{'eval_loss': 0.16723836958408356, 'eval_top_1_macro_recall': 0.4722005113813554, 'eval_top_1_macro_precision': 0.4932543982550982, 'eval_top_1_macro_f1': 0.4742515445825747, 'eval_top_1_accuracy': 0.771509167842031, 'eval_top_1_micro_recall': 0.6820448877805486, 'eval_top_1_micro_precision': 0.771509167842031, 'eval_top_1_micro_f1': 0.7240238252812706, 'eval_top_2_macro_recall': 0.639945596370634, 'eval_top_2_macro_precision': 0.41209029596679253, 'eval_top_2_macro_f1': 0.48105961985350193, 'eval_top_2_accuracy': 0.843441466854725, 'eval_top_2_micro_recall': 0.8179551122194514, 'eval_top_2_micro_precision': 0.46262341325811, 'eval_top_2_micro_f1': 0.590990990990991, 'eval_top_3_macro_recall': 0.7888955281783164, 'eval_top_3_macro_precision': 0.3638438698993174, 'eval_top_3_macro_f1': 0.46663732482439085, 'eval_top_3_accuracy': 0.9153737658674189, 'eval_top_3_micro_recall': 0.8977556109725686, 'eval_top_3_micro_precision': 0.3385049365303244, 'eval_top_3_micro_f1': 0.49163537043359506, 'eval_runtime': 1.0759, 'eval_samples_per_second': 658.984, 'eval_steps_per_second': 21.377, 'epoch': 30.0}
{'train_runtime': 406.0786, 'train_samples_per_second': 209.516, 'train_steps_per_second': 1.699, 'train_loss': 0.18382813965064893, 'epoch': 30.0}
CL loss: 0.42028316855430603, CE loss: 0.07037724554538727, combined loss: 0.10536783933639526

  0%|          | 0/23 [00:00<?, ?it/s]
 17%|█▋        | 4/23 [00:00<00:00, 39.99it/s]
 35%|███▍      | 8/23 [00:00<00:00, 33.43it/s]
 52%|█████▏    | 12/23 [00:00<00:00, 31.76it/s]
 70%|██████▉   | 16/23 [00:00<00:00, 31.05it/s]
 87%|████████▋ | 20/23 [00:00<00:00, 30.60it/s]
100%|██████████| 23/23 [00:00<00:00, 27.41it/s]
2025-04-11 06:38:00.903 | INFO     | __main__:fine_tune:235 - Prediction time: 1.07 seconds
2025-04-11 06:38:00.909 | INFO     | __main__:CV_run:413 - Fold 4, Final Eval Metrics: loss: 0.17, top_1_macro_recall: 0.47, top_1_macro_precision: 0.49, top_1_macro_f1: 0.47, top_1_accuracy: 0.77, top_1_micro_recall: 0.68, top_1_micro_precision: 0.77, top_1_micro_f1: 0.72, top_2_macro_recall: 0.64, top_2_macro_precision: 0.41, top_2_macro_f1: 0.48, top_2_accuracy: 0.84, top_2_micro_recall: 0.82, top_2_micro_precision: 0.46, top_2_micro_f1: 0.59, top_3_macro_recall: 0.79, top_3_macro_precision: 0.36, top_3_macro_f1: 0.47, top_3_accuracy: 0.92, top_3_micro_recall: 0.90, top_3_micro_precision: 0.34, top_3_micro_f1: 0.49, runtime: 1.08, samples_per_second: 658.98, steps_per_second: 21.38
2025-04-11 06:38:00.909 | INFO     | __main__:CV_run:350 - Starting fold 5
Some weights of RobertaForSequenceClassification were not initialized from the model checkpoint at roberta-base and are newly initialized: ['classifier.dense.bias', 'classifier.dense.weight', 'classifier.out_proj.bias', 'classifier.out_proj.weight']
You should probably TRAIN this model on a down-stream task to be able to use it for predictions and inference.
2025-04-11 06:38:01.059 | INFO     | __main__:CV_run:407 - Starting fine-tuning with combined contrastive learning & cross-entropy loss
2025-04-11 06:38:01.060 | INFO     | __main__:CV_run:408 - Loss function: CLCE
2025-04-11 06:38:01.060 | INFO     | __main__:CV_run:409 - tau: 0.1
2025-04-11 06:38:01.060 | INFO     | __main__:CV_run:410 - lambda: 0.1
CL loss: 1.2693806886672974, CE loss: 0.08064007014036179, combined loss: 0.19951413571834564
CL loss: 0.559984028339386, CE loss: 0.0631452202796936, combined loss: 0.11282910406589508
CL loss: 1.4667832851409912, CE loss: 0.08981417864561081, combined loss: 0.22751107811927795
CL loss: 1.3490259647369385, CE loss: 0.06762299686670303, combined loss: 0.19576328992843628
CL loss: 0.9402778744697571, CE loss: 0.049898386001586914, combined loss: 0.1389363408088684
CL loss: 1.4289213418960571, CE loss: 0.083723284304142, combined loss: 0.2182430922985077
CL loss: 0.9440397620201111, CE loss: 0.07186099141836166, combined loss: 0.15907886624336243
CL loss: 0.6264163851737976, CE loss: 0.07459935545921326, combined loss: 0.1297810673713684
CL loss: 1.0607666969299316, CE loss: 0.0739297941327095, combined loss: 0.1726134866476059
CL loss: 0.8874214887619019, CE loss: 0.07485608756542206, combined loss: 0.15611262619495392
CL loss: 0.7388731241226196, CE loss: 0.08109521865844727, combined loss: 0.14687299728393555
CL loss: 0.7065919637680054, CE loss: 0.06849819421768188, combined loss: 0.13230757415294647
CL loss: 1.2798230648040771, CE loss: 0.07521481812000275, combined loss: 0.19567564129829407
CL loss: 1.3203352689743042, CE loss: 0.0704483762383461, combined loss: 0.19543707370758057
CL loss: 1.4045259952545166, CE loss: 0.07501548528671265, combined loss: 0.20796653628349304
CL loss: 1.6888855695724487, CE loss: 0.0870790183544159, combined loss: 0.24725967645645142
CL loss: 0.5455619096755981, CE loss: 0.06027830392122269, combined loss: 0.10880666226148605
CL loss: 0.9271368980407715, CE loss: 0.05609384551644325, combined loss: 0.1431981474161148
CL loss: 0.40651169419288635, CE loss: 0.05284935235977173, combined loss: 0.08821558952331543
CL loss: 1.6851547956466675, CE loss: 0.06693631410598755, combined loss: 0.22875817120075226
CL loss: 1.2025805711746216, CE loss: 0.0746474415063858, combined loss: 0.18744075298309326
CL loss: 0.0, CE loss: 0.03864214941859245, combined loss: 0.03477793186903
Eval results: defaultdict(<class 'list'>, {'loss': [0.40153923630714417, 0.3247441351413727, 0.28561487793922424, 0.27157875895500183, 0.25535738468170166, 0.2424469143152237, 0.23159849643707275, 0.23453523218631744, 0.2166009396314621, 0.1985243856906891, 0.20025798678398132, 0.19259615242481232, 0.19350817799568176, 0.19947902858257294, 0.18367154896259308, 0.1827138364315033, 0.1862761527299881, 0.1777241826057434, 0.18017955124378204, 0.1814299076795578, 0.176160991191864, 0.17952701449394226, 0.17582716047763824, 0.17283548414707184, 0.1706346869468689, 0.17013777792453766, 0.1706792116165161, 0.16984343528747559, 0.1671367585659027, 0.16723836958408356], 'top_1_macro_recall': [0.12410629632312871, 0.16139431376219296, 0.19351868800088043, 0.19740443744150574, 0.2152708200945816, 0.26393619166612353, 0.3254944210775965, 0.3436437323579096, 0.38334003872145195, 0.38188076412300914, 0.4003820615831252, 0.4335880589371815, 0.4459668674131951, 0.4172510945981199, 0.4547137381440839, 0.43676209678244526, 0.44919854290605027, 0.45848226179723145, 0.4626359036764502, 0.4521493915821953, 0.44903207700052145, 0.458953031621937, 0.4642898892871962, 0.46545767791860354, 0.46806972226716415, 0.4705998893550021, 0.4710583273134399, 0.4700823983159626, 0.4724294491102931, 0.4722005113813554], 'top_1_macro_precision': [0.059089953410979695, 0.0850980381700904, 0.13045358575443602, 0.13644448376163834, 0.22570039320755653, 0.24323107800073343, 0.3250855198249694, 0.3181042375901974, 0.3770963412669163, 0.42539906512515313, 0.3978923713143562, 0.447623713926165, 0.4614182403437999, 0.46352156084547824, 0.46542696066692596, 0.4707669146864873, 0.46755127219098, 0.4707854014052142, 0.4831432731914148, 0.47315897564759646, 0.4811867937676576, 0.4828658149253956, 0.4845964135845648, 0.4862172157280767, 0.4892435986924403, 0.47998650653956554, 0.4898261311411021, 0.47891658291667377, 0.49228248185614304, 0.4932543982550982], 'top_1_macro_f1': [0.07774097865858588, 0.1080012819143254, 0.14834454692324997, 0.15396382904747855, 0.17564651065106893, 0.2305499273953721, 0.30654990270817906, 0.3230194193057398, 0.3740277691602419, 0.3874592274138102, 0.38465516333351407, 0.4307092872349633, 0.4398393800778274, 0.4246934824705572, 0.447065578544651, 0.4408315227908227, 0.4475506693197115, 0.45653094633719926, 0.46253087167821966, 0.4531835764623219, 0.4518654497551562, 0.46055554963436424, 0.4641596342077669, 0.4669297438948716, 0.46973331857626627, 0.4679547898500173, 0.4724313620848013, 0.46817360221662824, 0.4742438815480305, 0.4742515445825747], 'top_1_accuracy': [0.31170662905500707, 0.36812411847672777, 0.4386459802538787, 0.44428772919605075, 0.4682651622002821, 0.5246826516220028, 0.5627644569816643, 0.5754583921015515, 0.6361071932299013, 0.6403385049365303, 0.6304654442877292, 0.688293370944993, 0.6995768688293371, 0.6431593794076164, 0.7221438645980254, 0.7179125528913963, 0.7165021156558533, 0.7404795486600846, 0.7461212976022567, 0.7306064880112835, 0.7433004231311706, 0.7447108603667136, 0.7517630465444288, 0.7574047954866009, 0.7616361071932299, 0.764456981664316, 0.768688293370945, 0.765867418899859, 0.771509167842031, 0.771509167842031], 'top_1_micro_recall': [0.27556109725685785, 0.3254364089775561, 0.3877805486284289, 0.39276807980049877, 0.4139650872817955, 0.46384039900249374, 0.4975062344139651, 0.5087281795511222, 0.5623441396508728, 0.5660847880299252, 0.557356608478803, 0.6084788029925187, 0.6184538653366584, 0.5685785536159601, 0.6384039900249376, 0.6346633416458853, 0.6334164588528678, 0.6546134663341646, 0.6596009975062345, 0.6458852867830424, 0.6571072319201995, 0.6583541147132169, 0.6645885286783042, 0.669576059850374, 0.6733167082294265, 0.6758104738154613, 0.6795511221945137, 0.6770573566084788, 0.6820448877805486, 0.6820448877805486], 'top_1_micro_precision': [0.31170662905500707, 0.36812411847672777, 0.4386459802538787, 0.44428772919605075, 0.4682651622002821, 0.5246826516220028, 0.5627644569816643, 0.5754583921015515, 0.6361071932299013, 0.6403385049365303, 0.6304654442877292, 0.688293370944993, 0.6995768688293371, 0.6431593794076164, 0.7221438645980254, 0.7179125528913963, 0.7165021156558533, 0.7404795486600846, 0.7461212976022567, 0.7306064880112835, 0.7433004231311706, 0.7447108603667136, 0.7517630465444288, 0.7574047954866009, 0.7616361071932299, 0.764456981664316, 0.768688293370945, 0.765867418899859, 0.771509167842031, 0.771509167842031], 'top_1_micro_f1': [0.2925215089344805, 0.3454665784248842, 0.41164791528788885, 0.4169424222369292, 0.4394440767703508, 0.4923891462607544, 0.5281270681667769, 0.5400397088021178, 0.5969556585043019, 0.600926538716082, 0.5916611515552614, 0.6459298477829252, 0.656518861681006, 0.6035737921906023, 0.6776968894771674, 0.6737260092653872, 0.672402382528127, 0.6949040370615487, 0.700198544010589, 0.6856386499007281, 0.6975512905360689, 0.6988749172733288, 0.7054930509596293, 0.7107875579086698, 0.71475843812045, 0.7174056915949701, 0.7213765718067505, 0.7187293183322303, 0.7240238252812706, 0.7240238252812706], 'top_2_macro_recall': [0.16631445601855496, 0.24556678591074402, 0.2781696260495743, 0.3084784732072057, 0.34489310599254125, 0.4494448096253914, 0.4632342745168735, 0.4979689561804454, 0.5210833079835037, 0.5528623807473451, 0.5506557872127896, 0.5598717616687632, 0.582792845911637, 0.5417452480930508, 0.5888904521010997, 0.5907792555043442, 0.5892789645675571, 0.6221937481048534, 0.6241360945054414, 0.6216100202060766, 0.6074852019016624, 0.627852190097869, 0.6369216215887135, 0.6383012656785235, 0.6341350646853249, 0.6480857066542077, 0.6379015211811905, 0.6416692618805846, 0.6415842016677759, 0.639945596370634], 'top_2_macro_precision': [0.04996839870051407, 0.13726300489159798, 0.15843625682139212, 0.1642658772998665, 0.20806910789238506, 0.26140267440966974, 0.25524471461421777, 0.31794440980145167, 0.3485477816680897, 0.3586376317670642, 0.3645833659478496, 0.3297815788370533, 0.3659806783984274, 0.3879302270215554, 0.37241097771182097, 0.37936337016884153, 0.3815856314429047, 0.40719510252843816, 0.41138346556983446, 0.40158883186370553, 0.4006161915634269, 0.4210507605391719, 0.4057085163988164, 0.4116829371819009, 0.4124862714733626, 0.4222483929329087, 0.4144084610188369, 0.4128714994384962, 0.4139910500492087, 0.41209029596679253], 'top_2_macro_f1': [0.07477409518689289, 0.14934098169410015, 0.17189984158874536, 0.1973035501526823, 0.2347857242381649, 0.318061538384703, 0.3163727502352656, 0.36316981192174996, 0.3846947158250895, 0.4130439172476557, 0.41256326834482676, 0.4037225734588734, 0.43436704008589877, 0.4356999188953132, 0.4407569923077592, 0.4487363444732193, 0.4437193805333645, 0.47056541288277026, 0.47649048979015735, 0.46815703185288426, 0.4578145026712562, 0.4870062075200201, 0.47300006698418023, 0.47628611628119616, 0.4781207042224925, 0.4787877034987773, 0.4831347549818305, 0.482312848303644, 0.48316376127379573, 0.48105961985350193], 'top_2_accuracy': [0.4315937940761636, 0.5585331452750353, 0.5853314527503526, 0.6332863187588152, 0.6389280677009873, 0.6995768688293371, 0.7221438645980254, 0.7263751763046544, 0.7912552891396333, 0.7983074753173484, 0.7827926657263752, 0.8180535966149506, 0.8081805359661495, 0.767277856135402, 0.8307475317348378, 0.842031029619182, 0.8166431593794076, 0.8335684062059239, 0.8279266572637518, 0.8208744710860366, 0.8152327221438646, 0.8392101551480959, 0.8335684062059239, 0.8363892806770099, 0.842031029619182, 0.847672778561354, 0.8392101551480959, 0.840620592383639, 0.846262341325811, 0.843441466854725], 'top_2_micro_recall': [0.385286783042394, 0.49875311720698257, 0.5211970074812967, 0.5635910224438903, 0.5798004987531172, 0.6446384039900249, 0.6658354114713217, 0.6683291770573566, 0.729426433915212, 0.7543640897755611, 0.7506234413965087, 0.7743142144638404, 0.773067331670823, 0.7306733167082294, 0.7905236907730673, 0.8017456359102244, 0.7805486284289277, 0.7967581047381546, 0.7967581047381546, 0.7905236907730673, 0.786783042394015, 0.8067331670822943, 0.8067331670822943, 0.8092269326683291, 0.814214463840399, 0.8204488778054863, 0.8117206982543641, 0.8154613466334164, 0.8192019950124688, 0.8179551122194514], 'top_2_micro_precision': [0.21791255289139633, 0.2820874471086037, 0.2947813822284908, 0.31875881523272215, 0.32792665726375175, 0.36459802538787023, 0.3765867418899859, 0.37799717912552894, 0.4125528913963329, 0.42665726375176305, 0.4245416078984485, 0.4379407616361072, 0.43723554301833567, 0.4132581100141044, 0.44710860366713684, 0.4534555712270804, 0.4414668547249647, 0.4506346967559944, 0.4506346967559944, 0.44710860366713684, 0.44499294781382226, 0.45627644569816644, 0.45627644569816644, 0.45768688293370946, 0.4605077574047955, 0.46403385049365303, 0.4590973201692525, 0.461212976022567, 0.4633286318758815, 0.46262341325811], 'top_2_micro_f1': [0.2783783783783783, 0.36036036036036034, 0.37657657657657656, 0.4072072072072072, 0.4189189189189189, 0.4657657657657658, 0.4810810810810811, 0.4828828828828829, 0.527027027027027, 0.5450450450450451, 0.5423423423423424, 0.5594594594594594, 0.5585585585585586, 0.527927927927928, 0.5711711711711711, 0.5792792792792792, 0.563963963963964, 0.5756756756756757, 0.5756756756756757, 0.5711711711711711, 0.5684684684684683, 0.5828828828828829, 0.5828828828828829, 0.5846846846846847, 0.5882882882882883, 0.5927927927927928, 0.5864864864864865, 0.5891891891891892, 0.591891891891892, 0.590990990990991], 'top_3_macro_recall': [0.20821208866321647, 0.31165942718900214, 0.3638682638314927, 0.41069963753143396, 0.47307369733102733, 0.5359826819851452, 0.5834152215875182, 0.579023041773317, 0.610596083275489, 0.6757473506575541, 0.6771151171438112, 0.650931842124515, 0.6910219573769413, 0.6401179413746041, 0.6846454793186276, 0.6906735275752804, 0.7140515908306235, 0.7137545747038985, 0.7162774425427499, 0.7562307014092483, 0.7138997693789656, 0.7605332959799415, 0.7214450167641546, 0.8130449973201995, 0.8097361195834238, 0.791965958775117, 0.790029638183394, 0.81522295785979, 0.7652311839494561, 0.7888955281783164], 'top_3_macro_precision': [0.048099636767039496, 0.11547009504379706, 0.1620603259289491, 0.2017120626727814, 0.21124723366658965, 0.23043503460924944, 0.2517093446356865, 0.30635173530086424, 0.27290481479071454, 0.29191376751023657, 0.31655309855138536, 0.28805862311103697, 0.28348531588125875, 0.3164438066422988, 0.3180339480411476, 0.3106905912474869, 0.3156284402351272, 0.33378498611784024, 0.3350220890162594, 0.362345010847205, 0.33679452753513933, 0.38590637810942285, 0.32296425017325214, 0.3524956859837216, 0.3600895836579903, 0.380883263013911, 0.38869862267122185, 0.3886090731770549, 0.36125794383043675, 0.3638438698993174], 'top_3_macro_f1': [0.07615494675456581, 0.1546221599370952, 0.20346670124374303, 0.25181170413196224, 0.2741628512079463, 0.3060438093501821, 0.33474250948422546, 0.34861126925580116, 0.3596346098977972, 0.3780276672427494, 0.3961013729926119, 0.3856250318875976, 0.3839619433954507, 0.4036075982633174, 0.412045031542743, 0.40960776369486074, 0.4137533177373863, 0.4255441188801022, 0.4306789598654362, 0.459996122492557, 0.4269601170214534, 0.4826376842615728, 0.4206962749846214, 0.46011150113564175, 0.46317528171899325, 0.4754056406651088, 0.48416390073599636, 0.48507159251100157, 0.46248726185981487, 0.46663732482439085], 'top_3_accuracy': [0.5190409026798307, 0.6530324400564175, 0.7249647390691114, 0.7616361071932299, 0.7757404795486601, 0.8377997179125529, 0.8575458392101551, 0.8631875881523272, 0.8913963328631875, 0.8730606488011283, 0.8885754583921015, 0.9026798307475318, 0.8871650211565585, 0.8758815232722144, 0.9111424541607899, 0.9125528913963329, 0.8998589562764457, 0.9125528913963329, 0.9069111424541608, 0.8928067700987306, 0.8984485190409027, 0.9097320169252469, 0.9153737658674189, 0.919605077574048, 0.9153737658674189, 0.922425952045134, 0.918194640338505, 0.923836389280677, 0.9111424541607899, 0.9153737658674189], 'top_3_micro_recall': [0.4625935162094763, 0.5835411471321695, 0.6458852867830424, 0.6932668329177057, 0.7219451371571073, 0.7768079800498753, 0.7992518703241895, 0.8029925187032418, 0.8453865336658354, 0.8366583541147132, 0.85785536159601, 0.8678304239401496, 0.8615960099750624, 0.8403990024937655, 0.8827930174563591, 0.8927680798004988, 0.8802992518703242, 0.8977556109725686, 0.8890274314214464, 0.8765586034912718, 0.8840399002493765, 0.8902743142144638, 0.8965087281795511, 0.9014962593516209, 0.8977556109725686, 0.9027431421446384, 0.899002493765586, 0.9064837905236908, 0.8940149625935162, 0.8977556109725686], 'top_3_micro_precision': [0.17442407146215327, 0.22002820874471085, 0.24353549600376118, 0.2614010343206394, 0.27221438645980256, 0.2929007992477668, 0.3013634226610249, 0.3027738598965679, 0.31875881523272215, 0.3154677950164551, 0.3234602726845322, 0.32722143864598024, 0.3248707099200752, 0.3168782322519981, 0.3328631875881523, 0.33662435354960035, 0.3319228960977903, 0.3385049365303244, 0.33521391631405734, 0.3305124588622473, 0.3333333333333333, 0.33568406205923834, 0.33803479078514337, 0.33991537376586745, 0.3385049365303244, 0.34038551951104845, 0.3389750822755054, 0.34179595674659147, 0.33709449929478136, 0.3385049365303244], 'top_3_micro_f1': [0.2533287811539775, 0.31956299078183675, 0.3537043359508365, 0.3796517582792762, 0.39535677705701605, 0.4254011608057357, 0.4376920450665756, 0.4397405257767156, 0.4629566404916354, 0.45817685216797543, 0.4697849095254353, 0.4752475247524752, 0.4718333902355753, 0.46022533287811546, 0.48344144759303515, 0.4889040628200751, 0.4820757937862752, 0.49163537043359506, 0.4868555821099351, 0.4800273130761352, 0.4841242744964151, 0.48753840901331513, 0.49095254353021506, 0.49368385114373503, 0.49163537043359506, 0.49436667804711515, 0.49231819733697507, 0.49641515875725506, 0.48958688972345504, 0.49163537043359506], 'runtime': [1.084, 1.0725, 1.0876, 1.0981, 1.0968, 1.0763, 1.0879, 1.0754, 1.076, 1.0902, 1.0607, 1.0799, 1.0847, 1.0714, 1.0811, 1.0611, 1.0846, 1.0856, 1.1048, 1.0743, 1.1225, 1.0753, 1.1082, 1.0923, 1.0635, 1.106, 1.1056, 1.0834, 1.0983, 1.0759], 'samples_per_second': [654.063, 661.101, 651.88, 645.637, 646.454, 658.745, 651.734, 659.293, 658.94, 650.361, 668.406, 656.523, 653.621, 661.721, 655.844, 668.181, 653.691, 653.123, 641.726, 659.981, 631.6, 659.353, 639.783, 649.092, 666.689, 641.04, 641.307, 654.396, 645.54, 658.984], 'steps_per_second': [21.218, 21.446, 21.147, 20.944, 20.971, 21.37, 21.142, 21.388, 21.376, 21.098, 21.683, 21.298, 21.203, 21.466, 21.276, 21.676, 21.206, 21.187, 20.818, 21.41, 20.489, 21.389, 20.755, 21.057, 21.627, 20.795, 20.804, 21.229, 20.941, 21.377]})
lambda value for Optimized CLCE loss: 0.1

  0%|          | 0/690 [00:00<?, ?it/s]
  0%|          | 1/690 [00:00<08:05,  1.42it/s]
  0%|          | 2/690 [00:01<07:29,  1.53it/s]
  0%|          | 3/690 [00:01<06:11,  1.85it/s]
  1%|          | 4/690 [00:02<05:35,  2.05it/s]
  1%|          | 5/690 [00:02<05:15,  2.17it/s]
  1%|          | 6/690 [00:02<05:03,  2.25it/s]
  1%|          | 7/690 [00:03<04:55,  2.31it/s]
  1%|          | 8/690 [00:03<04:50,  2.35it/s]
  1%|▏         | 9/690 [00:04<04:46,  2.37it/s]
  1%|▏         | 10/690 [00:04<04:43,  2.40it/s]
  2%|▏         | 11/690 [00:05<04:41,  2.41it/s]
  2%|▏         | 12/690 [00:05<04:40,  2.41it/s]
  2%|▏         | 13/690 [00:05<04:39,  2.42it/s]
  2%|▏         | 14/690 [00:06<04:38,  2.43it/s]
  2%|▏         | 15/690 [00:06<04:38,  2.43it/s]
  2%|▏         | 16/690 [00:07<04:37,  2.43it/s]
  2%|▏         | 17/690 [00:07<04:36,  2.44it/s]
  3%|▎         | 18/690 [00:07<04:35,  2.44it/s]
  3%|▎         | 19/690 [00:08<04:35,  2.43it/s]
  3%|▎         | 20/690 [00:08<04:34,  2.44it/s]
  3%|▎         | 21/690 [00:09<04:34,  2.44it/s]
  3%|▎         | 22/690 [00:09<04:34,  2.43it/s]
  3%|▎         | 23/690 [00:09<03:43,  2.98it/s]
                                                

  3%|▎         | 23/690 [00:09<03:43,  2.98it/s]CL loss: 2.5153093338012695, CE loss: 0.6857602000236511, combined loss: 0.8687151074409485
CL loss: 2.488353729248047, CE loss: 0.6510127186775208, combined loss: 0.8347468376159668
CL loss: 2.395648241043091, CE loss: 0.592698872089386, combined loss: 0.772993803024292
CL loss: 2.523571014404297, CE loss: 0.5124491453170776, combined loss: 0.7135612964630127
CL loss: 2.4862661361694336, CE loss: 0.465932160615921, combined loss: 0.6679655313491821
CL loss: 2.4337027072906494, CE loss: 0.44028717279434204, combined loss: 0.6396287083625793
CL loss: 2.442046642303467, CE loss: 0.4040316641330719, combined loss: 0.6078331470489502
CL loss: 2.3730013370513916, CE loss: 0.38444891571998596, combined loss: 0.5833041667938232
CL loss: 2.3836820125579834, CE loss: 0.35800591111183167, combined loss: 0.5605735182762146
CL loss: 2.188194751739502, CE loss: 0.34382686018943787, combined loss: 0.5282636284828186
CL loss: 2.402522087097168, CE loss: 0.32867345213890076, combined loss: 0.5360583066940308
CL loss: 2.3509061336517334, CE loss: 0.3142224848270416, combined loss: 0.5178908109664917
CL loss: 2.4028501510620117, CE loss: 0.30426424741744995, combined loss: 0.5141228437423706
CL loss: 2.256164312362671, CE loss: 0.29456835985183716, combined loss: 0.490727961063385
CL loss: 2.4831383228302, CE loss: 0.287284791469574, combined loss: 0.5068701505661011
CL loss: 2.4277799129486084, CE loss: 0.27890291810035706, combined loss: 0.4937906265258789
CL loss: 2.4465479850769043, CE loss: 0.2777279019355774, combined loss: 0.49460989236831665
CL loss: 2.1906018257141113, CE loss: 0.26519516110420227, combined loss: 0.4577358365058899
CL loss: 2.1527090072631836, CE loss: 0.257608562707901, combined loss: 0.4471186101436615
CL loss: 2.291213274002075, CE loss: 0.2632991373538971, combined loss: 0.4660905599594116
CL loss: 2.075216054916382, CE loss: 0.25153931975364685, combined loss: 0.4339069724082947
CL loss: 2.031953811645508, CE loss: 0.25011739134788513, combined loss: 0.42830103635787964
CL loss: 2.147754192352295, CE loss: 0.25159376859664917, combined loss: 0.4412097930908203
{'loss': 0.5655, 'grad_norm': 1.6870747804641724, 'learning_rate': 4.8333333333333334e-05, 'epoch': 1.0}
CL loss: 2.2007126808166504, CE loss: 0.2338760793209076, combined loss: 0.43055975437164307


  0%|          | 0/23 [00:00<?, ?it/s][A

 22%|██▏       | 5/23 [00:00<00:00, 37.49it/s][A

 39%|███▉      | 9/23 [00:00<00:00, 32.98it/s][A

 57%|█████▋    | 13/23 [00:00<00:00, 31.55it/s][A

 74%|███████▍  | 17/23 [00:00<00:00, 30.82it/s][A

 91%|█████████▏| 21/23 [00:00<00:00, 30.45it/s][A

                                               
[A
                                                

100%|██████████| 23/23 [00:00<00:00, 30.45it/s][A
  3%|▎         | 23/690 [00:10<03:43,  2.98it/s]

                                               [ACL loss: 2.0251808166503906, CE loss: 0.24372681975364685, combined loss: 0.42187222838401794
CL loss: 1.707098126411438, CE loss: 0.2430667132139206, combined loss: 0.38946986198425293
CL loss: 1.5935125350952148, CE loss: 0.24236802756786346, combined loss: 0.37748247385025024
CL loss: 2.538724422454834, CE loss: 0.23761312663555145, combined loss: 0.4677242636680603
CL loss: 1.8373595476150513, CE loss: 0.2278635948896408, combined loss: 0.38881319761276245
CL loss: 1.8500299453735352, CE loss: 0.24192412197589874, combined loss: 0.4027346968650818
CL loss: 1.7843012809753418, CE loss: 0.24372147023677826, combined loss: 0.3977794647216797
CL loss: 1.6872217655181885, CE loss: 0.2527819573879242, combined loss: 0.3962259292602539
CL loss: 2.1779305934906006, CE loss: 0.25435972213745117, combined loss: 0.4467167854309082
CL loss: 2.261045217514038, CE loss: 0.24368640780448914, combined loss: 0.44542229175567627
CL loss: 2.147772789001465, CE loss: 0.2394775152206421, combined loss: 0.4303070306777954
CL loss: 1.8339550495147705, CE loss: 0.24985535442829132, combined loss: 0.4082653224468231
CL loss: 3.049969434738159, CE loss: 0.23884566128253937, combined loss: 0.5199580192565918
CL loss: 1.9244062900543213, CE loss: 0.2431258112192154, combined loss: 0.4112538695335388
CL loss: 1.8079148530960083, CE loss: 0.23934109508991241, combined loss: 0.39619845151901245
CL loss: 1.7790255546569824, CE loss: 0.25377893447875977, combined loss: 0.4063035845756531
CL loss: 1.857092022895813, CE loss: 0.24824094772338867, combined loss: 0.40912604331970215
CL loss: 1.7872495651245117, CE loss: 0.24377702176570892, combined loss: 0.3981242775917053
CL loss: 2.284296989440918, CE loss: 0.24179086089134216, combined loss: 0.446041464805603
CL loss: 1.9748075008392334, CE loss: 0.24433115124702454, combined loss: 0.4173787832260132
CL loss: 1.8166580200195312, CE loss: 0.23671047389507294, combined loss: 0.39470523595809937
CL loss: 1.4543864727020264, CE loss: 0.2238953560590744, combined loss: 0.3469444513320923
{'eval_loss': 0.41779059171676636, 'eval_top_1_macro_recall': 0.13059959301500165, 'eval_top_1_macro_precision': 0.0533472203642479, 'eval_top_1_macro_f1': 0.07401989183136269, 'eval_top_1_accuracy': 0.33709449929478136, 'eval_top_1_micro_recall': 0.29912390488110135, 'eval_top_1_micro_precision': 0.33709449929478136, 'eval_top_1_micro_f1': 0.31697612732095487, 'eval_top_2_macro_recall': 0.14910773298083277, 'eval_top_2_macro_precision': 0.04044900949561237, 'eval_top_2_macro_f1': 0.06163203241627524, 'eval_top_2_accuracy': 0.3921015514809591, 'eval_top_2_micro_recall': 0.3479349186483104, 'eval_top_2_micro_precision': 0.19605077574047955, 'eval_top_2_micro_f1': 0.2507893549842129, 'eval_top_3_macro_recall': 0.22322027057651644, 'eval_top_3_macro_precision': 0.07128637549861404, 'eval_top_3_macro_f1': 0.07561969119244202, 'eval_top_3_accuracy': 0.4682651622002821, 'eval_top_3_micro_recall': 0.4167709637046308, 'eval_top_3_micro_precision': 0.15655853314527504, 'eval_top_3_micro_f1': 0.2276144907723855, 'eval_runtime': 1.0758, 'eval_samples_per_second': 659.069, 'eval_steps_per_second': 21.38, 'epoch': 1.0}

  3%|▎         | 24/690 [00:14<18:26,  1.66s/it]
  4%|▎         | 25/690 [00:14<14:14,  1.28s/it]
  4%|▍         | 26/690 [00:15<11:18,  1.02s/it]
  4%|▍         | 27/690 [00:15<09:16,  1.19it/s]
  4%|▍         | 28/690 [00:16<07:50,  1.41it/s]
  4%|▍         | 29/690 [00:16<06:51,  1.61it/s]
  4%|▍         | 30/690 [00:16<06:08,  1.79it/s]
  4%|▍         | 31/690 [00:17<05:38,  1.95it/s]
  5%|▍         | 32/690 [00:17<05:17,  2.07it/s]
  5%|▍         | 33/690 [00:18<05:03,  2.17it/s]
  5%|▍         | 34/690 [00:18<04:51,  2.25it/s]
  5%|▌         | 35/690 [00:18<04:44,  2.30it/s]
  5%|▌         | 36/690 [00:19<04:40,  2.33it/s]
  5%|▌         | 37/690 [00:19<04:35,  2.37it/s]
  6%|▌         | 38/690 [00:20<04:33,  2.39it/s]
  6%|▌         | 39/690 [00:20<04:31,  2.40it/s]
  6%|▌         | 40/690 [00:21<04:29,  2.41it/s]
  6%|▌         | 41/690 [00:21<04:28,  2.42it/s]
  6%|▌         | 42/690 [00:21<04:27,  2.42it/s]
  6%|▌         | 43/690 [00:22<04:26,  2.43it/s]
  6%|▋         | 44/690 [00:22<04:25,  2.43it/s]
  7%|▋         | 45/690 [00:23<04:25,  2.43it/s]
  7%|▋         | 46/690 [00:23<03:31,  3.05it/s]
                                                

  7%|▋         | 46/690 [00:23<03:31,  3.05it/s]CL loss: 1.9447017908096313, CE loss: 0.24572238326072693, combined loss: 0.4156203269958496
CL loss: 1.987489104270935, CE loss: 0.24349568784236908, combined loss: 0.41789501905441284
CL loss: 1.88717782497406, CE loss: 0.24658286571502686, combined loss: 0.4106423556804657
CL loss: 1.8372970819473267, CE loss: 0.23706281185150146, combined loss: 0.3970862329006195
CL loss: 1.8179042339324951, CE loss: 0.22835496068000793, combined loss: 0.38730987906455994
CL loss: 1.9201812744140625, CE loss: 0.2232944816350937, combined loss: 0.39298316836357117
CL loss: 1.7307366132736206, CE loss: 0.219914510846138, combined loss: 0.37099671363830566
CL loss: 1.4542733430862427, CE loss: 0.21988151967525482, combined loss: 0.34332069754600525
CL loss: 1.7874394655227661, CE loss: 0.22069433331489563, combined loss: 0.37736883759498596
CL loss: 1.6118595600128174, CE loss: 0.21235935389995575, combined loss: 0.35230937600135803
CL loss: 1.7006192207336426, CE loss: 0.2100750207901001, combined loss: 0.3591294288635254
CL loss: 1.5100855827331543, CE loss: 0.2069024294614792, combined loss: 0.3372207283973694
CL loss: 1.6795456409454346, CE loss: 0.2112320214509964, combined loss: 0.35806339979171753
CL loss: 1.6233477592468262, CE loss: 0.20596478879451752, combined loss: 0.34770309925079346
CL loss: 1.5648562908172607, CE loss: 0.1979256123304367, combined loss: 0.3346186876296997
CL loss: 1.604293942451477, CE loss: 0.19625838100910187, combined loss: 0.33706194162368774
CL loss: 1.5558159351348877, CE loss: 0.19752824306488037, combined loss: 0.3333570063114166
CL loss: 1.6159677505493164, CE loss: 0.19255736470222473, combined loss: 0.3348984122276306
CL loss: 1.6782958507537842, CE loss: 0.1942911595106125, combined loss: 0.3426916301250458
CL loss: 1.5515730381011963, CE loss: 0.191763237118721, combined loss: 0.3277442157268524
CL loss: 1.58460533618927, CE loss: 0.18792831897735596, combined loss: 0.3275960087776184
CL loss: 1.5898149013519287, CE loss: 0.18436168134212494, combined loss: 0.32490700483322144
CL loss: 2.070946216583252, CE loss: 0.1715357005596161, combined loss: 0.36147674918174744
{'loss': 0.3605, 'grad_norm': 0.8359109163284302, 'learning_rate': 4.666666666666667e-05, 'epoch': 2.0}
CL loss: 1.854961633682251, CE loss: 0.17298297584056854, combined loss: 0.34118086099624634


  0%|          | 0/23 [00:00<?, ?it/s][A

 22%|██▏       | 5/23 [00:00<00:00, 37.65it/s][A

 39%|███▉      | 9/23 [00:00<00:00, 33.09it/s][A

 57%|█████▋    | 13/23 [00:00<00:00, 31.56it/s][A

 74%|███████▍  | 17/23 [00:00<00:00, 30.84it/s][A

 91%|█████████▏| 21/23 [00:00<00:00, 30.44it/s][A

                                               
[A
                                                

100%|██████████| 23/23 [00:01<00:00, 30.44it/s][A
  7%|▋         | 46/690 [00:24<03:31,  3.05it/s]

                                               [ACL loss: 1.9145680665969849, CE loss: 0.1872129738330841, combined loss: 0.3599484860897064
CL loss: 1.4121067523956299, CE loss: 0.1777016669511795, combined loss: 0.301142156124115
CL loss: 1.3303030729293823, CE loss: 0.16956089437007904, combined loss: 0.2856351137161255
CL loss: 2.2868974208831787, CE loss: 0.18022918701171875, combined loss: 0.3908960223197937
CL loss: 1.584688663482666, CE loss: 0.1643068790435791, combined loss: 0.30634504556655884
CL loss: 1.5327354669570923, CE loss: 0.1787584125995636, combined loss: 0.31415611505508423
CL loss: 1.538904070854187, CE loss: 0.17594929039478302, combined loss: 0.3122447729110718
CL loss: 1.4716265201568604, CE loss: 0.17872130870819092, combined loss: 0.30801182985305786
CL loss: 1.796351671218872, CE loss: 0.19194774329662323, combined loss: 0.3523881435394287
CL loss: 1.9303092956542969, CE loss: 0.18253472447395325, combined loss: 0.3573122024536133
CL loss: 1.8305457830429077, CE loss: 0.17997479438781738, combined loss: 0.34503188729286194
CL loss: 1.4433839321136475, CE loss: 0.17555396258831024, combined loss: 0.3023369610309601
CL loss: 2.817301034927368, CE loss: 0.17568011581897736, combined loss: 0.43984222412109375
CL loss: 1.681143879890442, CE loss: 0.17089341580867767, combined loss: 0.32191845774650574
CL loss: 1.5385806560516357, CE loss: 0.17936058342456818, combined loss: 0.31528258323669434
CL loss: 1.5363179445266724, CE loss: 0.18379391729831696, combined loss: 0.3190463185310364
CL loss: 1.910436749458313, CE loss: 0.19008702039718628, combined loss: 0.3621219992637634
CL loss: 1.4758979082107544, CE loss: 0.1790526956319809, combined loss: 0.30873721837997437
CL loss: 2.036158800125122, CE loss: 0.17642435431480408, combined loss: 0.36239778995513916
CL loss: 1.6788884401321411, CE loss: 0.1816731095314026, combined loss: 0.33139464259147644
CL loss: 1.5023285150527954, CE loss: 0.16860951483249664, combined loss: 0.3019813895225525
CL loss: 1.0255813598632812, CE loss: 0.16196896135807037, combined loss: 0.24833019077777863
{'eval_loss': 0.33300551772117615, 'eval_top_1_macro_recall': 0.16034666199826392, 'eval_top_1_macro_precision': 0.0907043040205022, 'eval_top_1_macro_f1': 0.11224560440981536, 'eval_top_1_accuracy': 0.3695345557122708, 'eval_top_1_micro_recall': 0.327909887359199, 'eval_top_1_micro_precision': 0.3695345557122708, 'eval_top_1_micro_f1': 0.34748010610079577, 'eval_top_2_macro_recall': 0.2543677009698761, 'eval_top_2_macro_precision': 0.1070707209941938, 'eval_top_2_macro_f1': 0.14534174439107395, 'eval_top_2_accuracy': 0.5218617771509168, 'eval_top_2_micro_recall': 0.46307884856070086, 'eval_top_2_micro_precision': 0.2609308885754584, 'eval_top_2_micro_f1': 0.33378439332431215, 'eval_top_3_macro_recall': 0.3007371466122893, 'eval_top_3_macro_precision': 0.10120513975522555, 'eval_top_3_macro_f1': 0.14701329539773922, 'eval_top_3_accuracy': 0.6361071932299013, 'eval_top_3_micro_recall': 0.5644555694618273, 'eval_top_3_micro_precision': 0.21203573107663376, 'eval_top_3_micro_f1': 0.30827067669172936, 'eval_runtime': 1.084, 'eval_samples_per_second': 654.042, 'eval_steps_per_second': 21.217, 'epoch': 2.0}

  7%|▋         | 47/690 [00:28<18:21,  1.71s/it]
  7%|▋         | 48/690 [00:28<14:09,  1.32s/it]
  7%|▋         | 49/690 [00:28<11:12,  1.05s/it]
  7%|▋         | 50/690 [00:29<09:08,  1.17it/s]
  7%|▋         | 51/690 [00:29<07:42,  1.38it/s]
  8%|▊         | 52/690 [00:30<06:42,  1.59it/s]
  8%|▊         | 53/690 [00:30<05:59,  1.77it/s]
  8%|▊         | 54/690 [00:31<05:29,  1.93it/s]
  8%|▊         | 55/690 [00:31<05:09,  2.05it/s]
  8%|▊         | 56/690 [00:31<04:53,  2.16it/s]
  8%|▊         | 57/690 [00:32<04:43,  2.23it/s]
  8%|▊         | 58/690 [00:32<04:36,  2.29it/s]
  9%|▊         | 59/690 [00:33<04:30,  2.33it/s]
  9%|▊         | 60/690 [00:33<04:27,  2.36it/s]
  9%|▉         | 61/690 [00:33<04:24,  2.38it/s]
  9%|▉         | 62/690 [00:34<04:21,  2.40it/s]
  9%|▉         | 63/690 [00:34<04:20,  2.40it/s]
  9%|▉         | 64/690 [00:35<04:19,  2.41it/s]
  9%|▉         | 65/690 [00:35<04:18,  2.42it/s]
 10%|▉         | 66/690 [00:35<04:17,  2.42it/s]
 10%|▉         | 67/690 [00:36<04:16,  2.43it/s]
 10%|▉         | 68/690 [00:36<04:16,  2.43it/s]
 10%|█         | 69/690 [00:36<03:25,  3.02it/s]
                                                

 10%|█         | 69/690 [00:36<03:25,  3.02it/s]CL loss: 1.7426637411117554, CE loss: 0.1856520026922226, combined loss: 0.341353178024292
CL loss: 1.5335979461669922, CE loss: 0.18292640149593353, combined loss: 0.31799355149269104
CL loss: 1.5576235055923462, CE loss: 0.175632506608963, combined loss: 0.313831627368927
CL loss: 1.6204675436019897, CE loss: 0.17626871168613434, combined loss: 0.3206886053085327
CL loss: 1.5896027088165283, CE loss: 0.18001163005828857, combined loss: 0.32097071409225464
CL loss: 1.501483678817749, CE loss: 0.17146559059619904, combined loss: 0.30446740984916687
CL loss: 1.4374476671218872, CE loss: 0.17434990406036377, combined loss: 0.3006596565246582
CL loss: 1.531543493270874, CE loss: 0.1806344985961914, combined loss: 0.3157253861427307
CL loss: 1.5377849340438843, CE loss: 0.1820574700832367, combined loss: 0.31763023138046265
CL loss: 1.4490426778793335, CE loss: 0.1793965846300125, combined loss: 0.30636119842529297
CL loss: 1.5035099983215332, CE loss: 0.17685121297836304, combined loss: 0.3095170855522156
CL loss: 1.4374573230743408, CE loss: 0.16963043808937073, combined loss: 0.2964131236076355
CL loss: 1.4798932075500488, CE loss: 0.17507891356945038, combined loss: 0.3055603504180908
CL loss: 1.3885235786437988, CE loss: 0.16164211928844452, combined loss: 0.28433024883270264
CL loss: 1.5639235973358154, CE loss: 0.16960977017879486, combined loss: 0.3090411424636841
CL loss: 1.3693004846572876, CE loss: 0.16776055097579956, combined loss: 0.28791454434394836
CL loss: 1.3612658977508545, CE loss: 0.15765361487865448, combined loss: 0.2780148386955261
CL loss: 1.325722098350525, CE loss: 0.1580783724784851, combined loss: 0.2748427391052246
CL loss: 1.5327258110046387, CE loss: 0.16706863045692444, combined loss: 0.3036343455314636
CL loss: 1.4589259624481201, CE loss: 0.16169583797454834, combined loss: 0.2914188504219055
CL loss: 1.359941840171814, CE loss: 0.16023243963718414, combined loss: 0.28020337224006653
CL loss: 1.421006679534912, CE loss: 0.1656835377216339, combined loss: 0.29121583700180054
CL loss: 1.3586856126785278, CE loss: 0.17366744577884674, combined loss: 0.2921692728996277
{'loss': 0.3028, 'grad_norm': 1.5192092657089233, 'learning_rate': 4.5e-05, 'epoch': 3.0}
CL loss: 1.680731177330017, CE loss: 0.15205517411231995, combined loss: 0.30492275953292847


  0%|          | 0/23 [00:00<?, ?it/s][A

 22%|██▏       | 5/23 [00:00<00:00, 37.45it/s][A

 39%|███▉      | 9/23 [00:00<00:00, 32.88it/s][A

 57%|█████▋    | 13/23 [00:00<00:00, 31.38it/s][A

 74%|███████▍  | 17/23 [00:00<00:00, 30.75it/s][A

 91%|█████████▏| 21/23 [00:00<00:00, 30.41it/s][A

                                               
[A
                                                

100%|██████████| 23/23 [00:01<00:00, 30.41it/s][A
 10%|█         | 69/690 [00:38<03:25,  3.02it/s]

                                               [ACL loss: 1.6975656747817993, CE loss: 0.16856388747692108, combined loss: 0.32146406173706055
CL loss: 1.1586285829544067, CE loss: 0.15535612404346466, combined loss: 0.25568336248397827
CL loss: 1.5310543775558472, CE loss: 0.1479593962430954, combined loss: 0.2862688899040222
CL loss: 2.3895013332366943, CE loss: 0.16262373328208923, combined loss: 0.385311484336853
CL loss: 1.4819220304489136, CE loss: 0.14482331275939941, combined loss: 0.2785331904888153
CL loss: 1.3769694566726685, CE loss: 0.15568917989730835, combined loss: 0.2778171896934509
CL loss: 1.4510294198989868, CE loss: 0.15263009071350098, combined loss: 0.28247004747390747
CL loss: 1.5996570587158203, CE loss: 0.15520814061164856, combined loss: 0.2996530532836914
CL loss: 1.7993953227996826, CE loss: 0.17469052970409393, combined loss: 0.33716100454330444
CL loss: 1.8026996850967407, CE loss: 0.16026519238948822, combined loss: 0.3245086371898651
CL loss: 1.5359021425247192, CE loss: 0.16004613041877747, combined loss: 0.29763174057006836
CL loss: 1.3261173963546753, CE loss: 0.14678451418876648, combined loss: 0.26471781730651855
CL loss: 2.534402370452881, CE loss: 0.1552639752626419, combined loss: 0.3931778073310852
CL loss: 1.6292916536331177, CE loss: 0.15015418827533722, combined loss: 0.29806792736053467
CL loss: 1.2308844327926636, CE loss: 0.15425662696361542, combined loss: 0.26191940903663635
CL loss: 1.3799798488616943, CE loss: 0.1637958586215973, combined loss: 0.2854142487049103
CL loss: 1.8625596761703491, CE loss: 0.1743396520614624, combined loss: 0.3431616425514221
CL loss: 1.2250161170959473, CE loss: 0.1557266116142273, combined loss: 0.2626555562019348
CL loss: 1.7370984554290771, CE loss: 0.1541462540626526, combined loss: 0.31244146823883057
CL loss: 1.3025089502334595, CE loss: 0.162328839302063, combined loss: 0.2763468623161316
CL loss: 1.2324354648590088, CE loss: 0.1418163776397705, combined loss: 0.2508782744407654
CL loss: 1.0830875635147095, CE loss: 0.14923334121704102, combined loss: 0.24261876940727234
{'eval_loss': 0.2996046543121338, 'eval_top_1_macro_recall': 0.1897846037356709, 'eval_top_1_macro_precision': 0.13674055829228243, 'eval_top_1_macro_f1': 0.1468906841446068, 'eval_top_1_accuracy': 0.43723554301833567, 'eval_top_1_micro_recall': 0.3879849812265332, 'eval_top_1_micro_precision': 0.43723554301833567, 'eval_top_1_micro_f1': 0.4111405835543766, 'eval_top_2_macro_recall': 0.3232840291123053, 'eval_top_2_macro_precision': 0.16641527711147241, 'eval_top_2_macro_f1': 0.19166475494570578, 'eval_top_2_accuracy': 0.6191819464033851, 'eval_top_2_micro_recall': 0.5494367959949937, 'eval_top_2_micro_precision': 0.30959097320169254, 'eval_top_2_micro_f1': 0.3960306720793865, 'eval_top_3_macro_recall': 0.3887813100016725, 'eval_top_3_macro_precision': 0.16088659242829448, 'eval_top_3_macro_f1': 0.20907540093352095, 'eval_top_3_accuracy': 0.764456981664316, 'eval_top_3_micro_recall': 0.6821026282853567, 'eval_top_3_micro_precision': 0.2562294311236483, 'eval_top_3_micro_f1': 0.3725222146274778, 'eval_runtime': 1.096, 'eval_samples_per_second': 646.876, 'eval_steps_per_second': 20.985, 'epoch': 3.0}

 10%|█         | 70/690 [00:41<17:16,  1.67s/it]
 10%|█         | 71/690 [00:42<13:21,  1.29s/it]
 10%|█         | 72/690 [00:42<10:36,  1.03s/it]
 11%|█         | 73/690 [00:42<08:40,  1.18it/s]
 11%|█         | 74/690 [00:43<07:19,  1.40it/s]
 11%|█         | 75/690 [00:43<06:23,  1.60it/s]
 11%|█         | 76/690 [00:44<05:43,  1.79it/s]
 11%|█         | 77/690 [00:44<05:15,  1.94it/s]
 11%|█▏        | 78/690 [00:45<04:56,  2.06it/s]
 11%|█▏        | 79/690 [00:45<04:42,  2.17it/s]
 12%|█▏        | 80/690 [00:45<04:32,  2.24it/s]
 12%|█▏        | 81/690 [00:46<04:25,  2.29it/s]
 12%|█▏        | 82/690 [00:46<04:20,  2.34it/s]
 12%|█▏        | 83/690 [00:47<04:17,  2.36it/s]
 12%|█▏        | 84/690 [00:47<04:14,  2.38it/s]
 12%|█▏        | 85/690 [00:47<04:11,  2.40it/s]
 12%|█▏        | 86/690 [00:48<04:10,  2.41it/s]
 13%|█▎        | 87/690 [00:48<04:09,  2.41it/s]
 13%|█▎        | 88/690 [00:49<04:08,  2.42it/s]
 13%|█▎        | 89/690 [00:49<04:08,  2.42it/s]
 13%|█▎        | 90/690 [00:49<04:07,  2.43it/s]
 13%|█▎        | 91/690 [00:50<04:06,  2.43it/s]
 13%|█▎        | 92/690 [00:50<03:18,  3.01it/s]
                                                

 13%|█▎        | 92/690 [00:50<03:18,  3.01it/s]CL loss: 1.3568730354309082, CE loss: 0.15755201876163483, combined loss: 0.27748411893844604
CL loss: 1.590423822402954, CE loss: 0.1615862399339676, combined loss: 0.3044700026512146
CL loss: 1.3088457584381104, CE loss: 0.15768437087535858, combined loss: 0.2728005051612854
CL loss: 1.36863374710083, CE loss: 0.15512071549892426, combined loss: 0.2764720320701599
CL loss: 1.2210144996643066, CE loss: 0.15376949310302734, combined loss: 0.2604939937591553
CL loss: 1.3509032726287842, CE loss: 0.15373939275741577, combined loss: 0.27345579862594604
CL loss: 1.2969589233398438, CE loss: 0.15865404903888702, combined loss: 0.27248454093933105
CL loss: 1.4861745834350586, CE loss: 0.15574415028095245, combined loss: 0.28878718614578247
CL loss: 1.3099442720413208, CE loss: 0.15611866116523743, combined loss: 0.27150121331214905
CL loss: 1.4101704359054565, CE loss: 0.161333829164505, combined loss: 0.28621751070022583
CL loss: 1.378063440322876, CE loss: 0.15386465191841125, combined loss: 0.27628451585769653
CL loss: 1.387170433998108, CE loss: 0.1599879413843155, combined loss: 0.28270620107650757
CL loss: 1.3273173570632935, CE loss: 0.1565871685743332, combined loss: 0.27366018295288086
CL loss: 1.3435919284820557, CE loss: 0.14957723021507263, combined loss: 0.26897871494293213
CL loss: 1.3323615789413452, CE loss: 0.1537628173828125, combined loss: 0.2716226875782013
CL loss: 1.3023771047592163, CE loss: 0.14848662912845612, combined loss: 0.26387566328048706
CL loss: 1.3210349082946777, CE loss: 0.14814917743206024, combined loss: 0.2654377222061157
CL loss: 1.281065583229065, CE loss: 0.14747466146945953, combined loss: 0.260833740234375
CL loss: 1.2104060649871826, CE loss: 0.14743013679981232, combined loss: 0.2537277340888977
CL loss: 1.2989864349365234, CE loss: 0.14711548388004303, combined loss: 0.26230257749557495
CL loss: 1.495431900024414, CE loss: 0.15111108124256134, combined loss: 0.28554314374923706
CL loss: 1.2965726852416992, CE loss: 0.14986136555671692, combined loss: 0.26453250646591187
CL loss: 0.8054706454277039, CE loss: 0.1316966563463211, combined loss: 0.19907405972480774
{'loss': 0.2701, 'grad_norm': 0.662024974822998, 'learning_rate': 4.3333333333333334e-05, 'epoch': 4.0}
CL loss: 1.7101585865020752, CE loss: 0.140433669090271, combined loss: 0.2974061369895935


  0%|          | 0/23 [00:00<?, ?it/s][A

 17%|█▋        | 4/23 [00:00<00:00, 39.31it/s][A

 35%|███▍      | 8/23 [00:00<00:00, 33.02it/s][A

 52%|█████▏    | 12/23 [00:00<00:00, 31.40it/s][A

 70%|██████▉   | 16/23 [00:00<00:00, 30.73it/s][A

 87%|████████▋ | 20/23 [00:00<00:00, 30.36it/s][A

                                               
[A
                                                

100%|██████████| 23/23 [00:01<00:00, 30.36it/s][A
 13%|█▎        | 92/690 [00:52<03:18,  3.01it/s]

                                               [ACL loss: 1.3640373945236206, CE loss: 0.15543781220912933, combined loss: 0.27629774808883667
CL loss: 1.0452061891555786, CE loss: 0.1395457535982132, combined loss: 0.23011179268360138
CL loss: 1.6086329221725464, CE loss: 0.1367250233888626, combined loss: 0.28391581773757935
CL loss: 1.8459076881408691, CE loss: 0.14632204174995422, combined loss: 0.3162806034088135
CL loss: 1.424716830253601, CE loss: 0.13114696741104126, combined loss: 0.26050394773483276
CL loss: 1.4664392471313477, CE loss: 0.14604391157627106, combined loss: 0.2780834436416626
CL loss: 1.2273750305175781, CE loss: 0.13493970036506653, combined loss: 0.2441832423210144
CL loss: 1.4377155303955078, CE loss: 0.13787852227687836, combined loss: 0.2678622305393219
CL loss: 1.1490439176559448, CE loss: 0.16093380749225616, combined loss: 0.2597448229789734
CL loss: 1.463624358177185, CE loss: 0.14475755393505096, combined loss: 0.276644229888916
CL loss: 1.7188464403152466, CE loss: 0.15112699568271637, combined loss: 0.30789893865585327
CL loss: 1.250373363494873, CE loss: 0.12910877168178558, combined loss: 0.24123522639274597
CL loss: 2.259859323501587, CE loss: 0.1427319347858429, combined loss: 0.354444682598114
CL loss: 1.6240898370742798, CE loss: 0.13676616549491882, combined loss: 0.2854985296726227
CL loss: 1.2542388439178467, CE loss: 0.14182256162166595, combined loss: 0.25306421518325806
CL loss: 1.0527724027633667, CE loss: 0.1478033810853958, combined loss: 0.23830027878284454
CL loss: 1.552113652229309, CE loss: 0.15718583762645721, combined loss: 0.2966786026954651
CL loss: 1.0992201566696167, CE loss: 0.1394057720899582, combined loss: 0.23538720607757568
CL loss: 1.7020299434661865, CE loss: 0.13963784277439117, combined loss: 0.29587703943252563
CL loss: 1.525960922241211, CE loss: 0.1522628217935562, combined loss: 0.2896326184272766
CL loss: 1.2945623397827148, CE loss: 0.1293461173772812, combined loss: 0.24586772918701172
CL loss: 2.785120964050293, CE loss: 0.13203679025173187, combined loss: 0.3973451852798462
{'eval_loss': 0.2751821279525757, 'eval_top_1_macro_recall': 0.20996687726796692, 'eval_top_1_macro_precision': 0.18144882735113332, 'eval_top_1_macro_f1': 0.16195887519195787, 'eval_top_1_accuracy': 0.4837799717912553, 'eval_top_1_micro_recall': 0.4292866082603254, 'eval_top_1_micro_precision': 0.4837799717912553, 'eval_top_1_micro_f1': 0.45490716180371354, 'eval_top_2_macro_recall': 0.38039897957790586, 'eval_top_2_macro_precision': 0.2584308362691106, 'eval_top_2_macro_f1': 0.24949013169472584, 'eval_top_2_accuracy': 0.6643159379407616, 'eval_top_2_micro_recall': 0.5919899874843555, 'eval_top_2_micro_precision': 0.3335684062059238, 'eval_top_2_micro_f1': 0.426702751465945, 'eval_top_3_macro_recall': 0.472942712607575, 'eval_top_3_macro_precision': 0.1923431775847818, 'eval_top_3_macro_f1': 0.2610703678363324, 'eval_top_3_accuracy': 0.7983074753173484, 'eval_top_3_micro_recall': 0.723404255319149, 'eval_top_3_micro_precision': 0.27174424071462155, 'eval_top_3_micro_f1': 0.3950786056049214, 'eval_runtime': 1.0986, 'eval_samples_per_second': 645.378, 'eval_steps_per_second': 20.936, 'epoch': 4.0}

 13%|█▎        | 93/690 [00:55<17:19,  1.74s/it]
 14%|█▎        | 94/690 [00:55<13:19,  1.34s/it]
 14%|█▍        | 95/690 [00:56<10:32,  1.06s/it]
 14%|█▍        | 96/690 [00:56<08:34,  1.15it/s]
 14%|█▍        | 97/690 [00:57<07:12,  1.37it/s]
 14%|█▍        | 98/690 [00:57<06:15,  1.58it/s]
 14%|█▍        | 99/690 [00:57<05:35,  1.76it/s]
 14%|█▍        | 100/690 [00:58<05:06,  1.92it/s]
 15%|█▍        | 101/690 [00:58<04:47,  2.05it/s]
 15%|█▍        | 102/690 [00:59<04:33,  2.15it/s]
 15%|█▍        | 103/690 [00:59<04:23,  2.23it/s]
 15%|█▌        | 104/690 [01:00<04:16,  2.28it/s]
 15%|█▌        | 105/690 [01:00<04:11,  2.33it/s]
 15%|█▌        | 106/690 [01:00<04:08,  2.35it/s]
 16%|█▌        | 107/690 [01:01<04:05,  2.38it/s]
 16%|█▌        | 108/690 [01:01<04:02,  2.40it/s]
 16%|█▌        | 109/690 [01:02<04:01,  2.41it/s]
 16%|█▌        | 110/690 [01:02<04:00,  2.41it/s]
 16%|█▌        | 111/690 [01:02<03:59,  2.42it/s]
 16%|█▌        | 112/690 [01:03<03:58,  2.42it/s]
 16%|█▋        | 113/690 [01:03<03:57,  2.43it/s]
 17%|█▋        | 114/690 [01:04<03:57,  2.43it/s]
 17%|█▋        | 115/690 [01:04<03:11,  3.00it/s]
                                                 

 17%|█▋        | 115/690 [01:04<03:11,  3.00it/s]CL loss: 1.161961317062378, CE loss: 0.14067304134368896, combined loss: 0.24280187487602234
CL loss: 1.247725248336792, CE loss: 0.14018329977989197, combined loss: 0.25093749165534973
CL loss: 1.0582172870635986, CE loss: 0.13730904459953308, combined loss: 0.22939985990524292
CL loss: 1.2738666534423828, CE loss: 0.14530295133590698, combined loss: 0.258159339427948
CL loss: 1.4150789976119995, CE loss: 0.15637540817260742, combined loss: 0.2822457551956177
CL loss: 1.1440130472183228, CE loss: 0.13664467632770538, combined loss: 0.23738151788711548
CL loss: 1.2177467346191406, CE loss: 0.14367158710956573, combined loss: 0.25107908248901367
CL loss: 1.2993841171264648, CE loss: 0.14011307060718536, combined loss: 0.25604015588760376
CL loss: 1.3367340564727783, CE loss: 0.1490553468465805, combined loss: 0.2678232192993164
CL loss: 1.2703287601470947, CE loss: 0.14227938652038574, combined loss: 0.2550843358039856
CL loss: 1.191467523574829, CE loss: 0.13818462193012238, combined loss: 0.24351291358470917
CL loss: 1.2761179208755493, CE loss: 0.13285858929157257, combined loss: 0.24718452990055084
CL loss: 1.300226092338562, CE loss: 0.1444045603275299, combined loss: 0.2599866986274719
CL loss: 1.1708519458770752, CE loss: 0.13491657376289368, combined loss: 0.2385101020336151
CL loss: 1.2213382720947266, CE loss: 0.1357136070728302, combined loss: 0.24427607655525208
CL loss: 1.3666024208068848, CE loss: 0.14068517088890076, combined loss: 0.2632769048213959
CL loss: 1.1933975219726562, CE loss: 0.13986362516880035, combined loss: 0.24521702527999878
CL loss: 1.4825775623321533, CE loss: 0.1460878551006317, combined loss: 0.27973681688308716
CL loss: 1.2488181591033936, CE loss: 0.13756079971790314, combined loss: 0.2486865371465683
CL loss: 1.1319270133972168, CE loss: 0.13721448183059692, combined loss: 0.23668572306632996
CL loss: 1.1304469108581543, CE loss: 0.1358431577682495, combined loss: 0.23530353605747223
CL loss: 1.259023666381836, CE loss: 0.14129385352134705, combined loss: 0.2530668377876282
CL loss: 0.990063488483429, CE loss: 0.1264030784368515, combined loss: 0.21276912093162537
{'loss': 0.2495, 'grad_norm': 2.227858543395996, 'learning_rate': 4.166666666666667e-05, 'epoch': 5.0}
CL loss: 1.608508825302124, CE loss: 0.1311647891998291, combined loss: 0.2788991928100586


  0%|          | 0/23 [00:00<?, ?it/s][A

 17%|█▋        | 4/23 [00:00<00:00, 39.14it/s][A

 35%|███▍      | 8/23 [00:00<00:00, 32.83it/s][A

 52%|█████▏    | 12/23 [00:00<00:00, 31.26it/s][A

 70%|██████▉   | 16/23 [00:00<00:00, 30.63it/s][A

 87%|████████▋ | 20/23 [00:00<00:00, 30.29it/s][A

                                               
[A
                                                 

100%|██████████| 23/23 [00:01<00:00, 30.29it/s][A
 17%|█▋        | 115/690 [01:05<03:11,  3.00it/s]

                                               [ACL loss: 1.4345855712890625, CE loss: 0.14528949558734894, combined loss: 0.2742190957069397
CL loss: 1.0680056810379028, CE loss: 0.12508626282215118, combined loss: 0.21937820315361023
CL loss: 1.2661465406417847, CE loss: 0.12356504052877426, combined loss: 0.23782318830490112
CL loss: 1.5305440425872803, CE loss: 0.13181915879249573, combined loss: 0.2716916501522064
CL loss: 1.4334467649459839, CE loss: 0.12437541037797928, combined loss: 0.25528255105018616
CL loss: 1.2852271795272827, CE loss: 0.13362234830856323, combined loss: 0.24878284335136414
CL loss: 1.0902310609817505, CE loss: 0.12011921405792236, combined loss: 0.2171303927898407
CL loss: 1.1731793880462646, CE loss: 0.12377121299505234, combined loss: 0.2287120223045349
CL loss: 1.2697786092758179, CE loss: 0.14977891743183136, combined loss: 0.26177889108657837
CL loss: 1.3037385940551758, CE loss: 0.13224413990974426, combined loss: 0.24939358234405518
CL loss: 1.4947415590286255, CE loss: 0.14177361130714417, combined loss: 0.27707040309906006
CL loss: 1.1972109079360962, CE loss: 0.11754216998815536, combined loss: 0.22550904750823975
CL loss: 2.3103415966033936, CE loss: 0.1335304081439972, combined loss: 0.3512115180492401
CL loss: 1.4979395866394043, CE loss: 0.12844040989875793, combined loss: 0.2653903365135193
CL loss: 1.0004527568817139, CE loss: 0.12714412808418274, combined loss: 0.21447499096393585
CL loss: 1.0444730520248413, CE loss: 0.13443869352340698, combined loss: 0.22544212639331818
CL loss: 1.5129934549331665, CE loss: 0.14728593826293945, combined loss: 0.28385668992996216
CL loss: 0.9408162236213684, CE loss: 0.12709549069404602, combined loss: 0.20846757292747498
CL loss: 1.683755874633789, CE loss: 0.13252757489681244, combined loss: 0.2876504063606262
CL loss: 1.3074055910110474, CE loss: 0.1430048793554306, combined loss: 0.2594449520111084
CL loss: 1.1363050937652588, CE loss: 0.11759497970342636, combined loss: 0.21946600079536438
CL loss: 2.6297638416290283, CE loss: 0.12390885502099991, combined loss: 0.374494343996048
{'eval_loss': 0.25363457202911377, 'eval_top_1_macro_recall': 0.2546872878979869, 'eval_top_1_macro_precision': 0.22236907614815718, 'eval_top_1_macro_f1': 0.21549014819202028, 'eval_top_1_accuracy': 0.5035260930888575, 'eval_top_1_micro_recall': 0.44680851063829785, 'eval_top_1_micro_precision': 0.5035260930888575, 'eval_top_1_micro_f1': 0.4734748010610079, 'eval_top_2_macro_recall': 0.4470210756459325, 'eval_top_2_macro_precision': 0.2629260124915353, 'eval_top_2_macro_f1': 0.28095587713547204, 'eval_top_2_accuracy': 0.6967559943582511, 'eval_top_2_micro_recall': 0.6357947434292867, 'eval_top_2_micro_precision': 0.35825105782792666, 'eval_top_2_micro_f1': 0.458276950834461, 'eval_top_3_macro_recall': 0.5169504249453315, 'eval_top_3_macro_precision': 0.2048834955080456, 'eval_top_3_macro_f1': 0.2811084810074504, 'eval_top_3_accuracy': 0.8095909732016925, 'eval_top_3_micro_recall': 0.7484355444305382, 'eval_top_3_micro_precision': 0.28114715561824166, 'eval_top_3_micro_f1': 0.40874914559125086, 'eval_runtime': 1.2082, 'eval_samples_per_second': 586.82, 'eval_steps_per_second': 19.036, 'epoch': 5.0}

 17%|█▋        | 116/690 [01:09<17:58,  1.88s/it]
 17%|█▋        | 117/690 [01:10<13:44,  1.44s/it]
 17%|█▋        | 118/690 [01:10<10:46,  1.13s/it]
 17%|█▋        | 119/690 [01:11<08:41,  1.09it/s]
 17%|█▋        | 120/690 [01:11<07:15,  1.31it/s]
 18%|█▊        | 121/690 [01:11<06:14,  1.52it/s]
 18%|█▊        | 122/690 [01:12<05:31,  1.72it/s]
 18%|█▊        | 123/690 [01:12<05:01,  1.88it/s]
 18%|█▊        | 124/690 [01:13<04:40,  2.02it/s]
 18%|█▊        | 125/690 [01:13<04:26,  2.12it/s]
 18%|█▊        | 126/690 [01:13<04:15,  2.20it/s]
 18%|█▊        | 127/690 [01:14<04:07,  2.27it/s]
 19%|█▊        | 128/690 [01:14<04:02,  2.32it/s]
 19%|█▊        | 129/690 [01:15<03:58,  2.35it/s]
 19%|█▉        | 130/690 [01:15<03:55,  2.38it/s]
 19%|█▉        | 131/690 [01:15<03:53,  2.40it/s]
 19%|█▉        | 132/690 [01:16<03:52,  2.40it/s]
 19%|█▉        | 133/690 [01:16<03:50,  2.41it/s]
 19%|█▉        | 134/690 [01:17<03:49,  2.42it/s]
 20%|█▉        | 135/690 [01:17<03:49,  2.42it/s]
 20%|█▉        | 136/690 [01:18<03:48,  2.43it/s]
 20%|█▉        | 137/690 [01:18<03:47,  2.43it/s]
 20%|██        | 138/690 [01:18<03:01,  3.04it/s]
                                                 

 20%|██        | 138/690 [01:18<03:01,  3.04it/s]CL loss: 1.2752063274383545, CE loss: 0.13598698377609253, combined loss: 0.2499089241027832
CL loss: 1.183297038078308, CE loss: 0.1331605464220047, combined loss: 0.2381742000579834
CL loss: 1.2657822370529175, CE loss: 0.14508908987045288, combined loss: 0.25715839862823486
CL loss: 1.2065132856369019, CE loss: 0.13596265017986298, combined loss: 0.24301770329475403
CL loss: 1.2520036697387695, CE loss: 0.13163167238235474, combined loss: 0.24366888403892517
CL loss: 1.1491254568099976, CE loss: 0.13122954964637756, combined loss: 0.2330191433429718
CL loss: 1.270542860031128, CE loss: 0.13149893283843994, combined loss: 0.24540331959724426
CL loss: 1.085554838180542, CE loss: 0.1278003454208374, combined loss: 0.22357580065727234
CL loss: 1.2018805742263794, CE loss: 0.13537266850471497, combined loss: 0.24202345311641693
CL loss: 1.262425184249878, CE loss: 0.13894614577293396, combined loss: 0.2512940466403961
CL loss: 1.087705135345459, CE loss: 0.1302032768726349, combined loss: 0.22595345973968506
CL loss: 1.177405834197998, CE loss: 0.1319543719291687, combined loss: 0.23649951815605164
CL loss: 1.111884593963623, CE loss: 0.122433602809906, combined loss: 0.22137871384620667
CL loss: 1.203937292098999, CE loss: 0.1367475837469101, combined loss: 0.2434665560722351
CL loss: 1.04642653465271, CE loss: 0.12893156707286835, combined loss: 0.2206810563802719
CL loss: 1.1590725183486938, CE loss: 0.13201448321342468, combined loss: 0.23472028970718384
CL loss: 1.222564697265625, CE loss: 0.12947030365467072, combined loss: 0.23877975344657898
CL loss: 1.2437654733657837, CE loss: 0.13829588890075684, combined loss: 0.24884285032749176
CL loss: 1.173081874847412, CE loss: 0.12341379374265671, combined loss: 0.22838060557842255
CL loss: 1.1805098056793213, CE loss: 0.13435406982898712, combined loss: 0.23896965384483337
CL loss: 1.100662112236023, CE loss: 0.1295405626296997, combined loss: 0.22665271162986755
CL loss: 1.0573322772979736, CE loss: 0.12192630022764206, combined loss: 0.21546690165996552
CL loss: 0.9711503982543945, CE loss: 0.11304668337106705, combined loss: 0.19885705411434174
{'loss': 0.235, 'grad_norm': 0.9902635216712952, 'learning_rate': 4e-05, 'epoch': 6.0}
CL loss: 1.561915397644043, CE loss: 0.12632012367248535, combined loss: 0.26987963914871216


  0%|          | 0/23 [00:00<?, ?it/s][A

 22%|██▏       | 5/23 [00:00<00:00, 37.54it/s][A

 39%|███▉      | 9/23 [00:00<00:00, 32.97it/s][A

 57%|█████▋    | 13/23 [00:00<00:00, 31.49it/s][A

 74%|███████▍  | 17/23 [00:00<00:00, 30.77it/s][A

 91%|█████████▏| 21/23 [00:00<00:00, 30.36it/s][A

                                               
[A
                                                 

100%|██████████| 23/23 [00:01<00:00, 30.36it/s][A
 20%|██        | 138/690 [01:19<03:01,  3.04it/s]

                                               [ACL loss: 1.5045220851898193, CE loss: 0.13775289058685303, combined loss: 0.2744297981262207
CL loss: 1.096347689628601, CE loss: 0.11943819373846054, combined loss: 0.21712914109230042
CL loss: 1.6098237037658691, CE loss: 0.12221945822238922, combined loss: 0.2709798812866211
CL loss: 1.5534460544586182, CE loss: 0.12239088863134384, combined loss: 0.2654964029788971
CL loss: 1.5078102350234985, CE loss: 0.11767920106649399, combined loss: 0.2566922903060913
CL loss: 1.3006826639175415, CE loss: 0.12475372850894928, combined loss: 0.2423466145992279
CL loss: 0.9780727624893188, CE loss: 0.11065538972616196, combined loss: 0.1973971277475357
CL loss: 1.1743600368499756, CE loss: 0.11707345396280289, combined loss: 0.22280210256576538
CL loss: 1.096981406211853, CE loss: 0.14135976135730743, combined loss: 0.23692190647125244
CL loss: 1.4379634857177734, CE loss: 0.12741592526435852, combined loss: 0.25847068428993225
CL loss: 1.4263678789138794, CE loss: 0.13375067710876465, combined loss: 0.2630124092102051
CL loss: 1.092720627784729, CE loss: 0.10740707814693451, combined loss: 0.2059384286403656
CL loss: 2.1003594398498535, CE loss: 0.12696081399917603, combined loss: 0.3243006765842438
CL loss: 1.4813432693481445, CE loss: 0.12143315374851227, combined loss: 0.25742417573928833
CL loss: 1.393743872642517, CE loss: 0.1260666400194168, combined loss: 0.25283437967300415
CL loss: 1.086932897567749, CE loss: 0.13029184937477112, combined loss: 0.22595596313476562
CL loss: 1.5498945713043213, CE loss: 0.13786986470222473, combined loss: 0.2790723443031311
CL loss: 0.9449400305747986, CE loss: 0.11993031203746796, combined loss: 0.20243129134178162
CL loss: 1.5083318948745728, CE loss: 0.12450040876865387, combined loss: 0.2628835439682007
CL loss: 1.2883646488189697, CE loss: 0.13798660039901733, combined loss: 0.2530243992805481
CL loss: 1.1410613059997559, CE loss: 0.1104423850774765, combined loss: 0.21350428462028503
CL loss: 2.5520081520080566, CE loss: 0.11695541441440582, combined loss: 0.36046069860458374
{'eval_loss': 0.24865442514419556, 'eval_top_1_macro_recall': 0.26903979577728515, 'eval_top_1_macro_precision': 0.2555197036777988, 'eval_top_1_macro_f1': 0.22942108238327805, 'eval_top_1_accuracy': 0.5148095909732017, 'eval_top_1_micro_recall': 0.4568210262828536, 'eval_top_1_micro_precision': 0.5148095909732017, 'eval_top_1_micro_f1': 0.48408488063660476, 'eval_top_2_macro_recall': 0.43706193210866184, 'eval_top_2_macro_precision': 0.2351685964340384, 'eval_top_2_macro_f1': 0.29362096886685535, 'eval_top_2_accuracy': 0.6967559943582511, 'eval_top_2_micro_recall': 0.6320400500625782, 'eval_top_2_micro_precision': 0.35613540197461213, 'eval_top_2_micro_f1': 0.45557059088858814, 'eval_top_3_macro_recall': 0.5274887495838588, 'eval_top_3_macro_precision': 0.25462255347929824, 'eval_top_3_macro_f1': 0.29653632746195163, 'eval_top_3_accuracy': 0.8081805359661495, 'eval_top_3_micro_recall': 0.7521902377972466, 'eval_top_3_micro_precision': 0.2825575928537847, 'eval_top_3_micro_f1': 0.4107997265892002, 'eval_runtime': 1.106, 'eval_samples_per_second': 641.063, 'eval_steps_per_second': 20.796, 'epoch': 6.0}

 20%|██        | 139/690 [01:23<15:43,  1.71s/it]
 20%|██        | 140/690 [01:23<12:09,  1.33s/it]
 20%|██        | 141/690 [01:24<09:36,  1.05s/it]
 21%|██        | 142/690 [01:24<07:51,  1.16it/s]
 21%|██        | 143/690 [01:25<06:36,  1.38it/s]
 21%|██        | 144/690 [01:25<05:44,  1.59it/s]
 21%|██        | 145/690 [01:25<05:08,  1.77it/s]
 21%|██        | 146/690 [01:26<04:42,  1.93it/s]
 21%|██▏       | 147/690 [01:26<04:23,  2.06it/s]
 21%|██▏       | 148/690 [01:27<04:11,  2.15it/s]
 22%|██▏       | 149/690 [01:27<04:02,  2.23it/s]
 22%|██▏       | 150/690 [01:28<03:56,  2.28it/s]
 22%|██▏       | 151/690 [01:28<03:51,  2.32it/s]
 22%|██▏       | 152/690 [01:28<03:48,  2.36it/s]
 22%|██▏       | 153/690 [01:29<03:45,  2.38it/s]
 22%|██▏       | 154/690 [01:29<03:43,  2.39it/s]
 22%|██▏       | 155/690 [01:30<03:42,  2.41it/s]
 23%|██▎       | 156/690 [01:30<03:41,  2.41it/s]
 23%|██▎       | 157/690 [01:30<03:40,  2.42it/s]
 23%|██▎       | 158/690 [01:31<03:39,  2.42it/s]
 23%|██▎       | 159/690 [01:31<03:39,  2.42it/s]
 23%|██▎       | 160/690 [01:32<03:38,  2.43it/s]
 23%|██▎       | 161/690 [01:32<02:55,  3.01it/s]
                                                 

 23%|██▎       | 161/690 [01:32<02:55,  3.01it/s]CL loss: 1.067866325378418, CE loss: 0.11564623564481735, combined loss: 0.210868239402771
CL loss: 1.246621012687683, CE loss: 0.13087548315525055, combined loss: 0.2424500286579132
CL loss: 1.2335259914398193, CE loss: 0.1252077966928482, combined loss: 0.23603960871696472
CL loss: 1.2503204345703125, CE loss: 0.12673304975032806, combined loss: 0.23909178376197815
CL loss: 1.2808016538619995, CE loss: 0.12442106008529663, combined loss: 0.24005912244319916
CL loss: 1.2809176445007324, CE loss: 0.1389973908662796, combined loss: 0.25318941473960876
CL loss: 1.102079153060913, CE loss: 0.12247435003519058, combined loss: 0.22043482959270477
CL loss: 1.233262300491333, CE loss: 0.13463766872882843, combined loss: 0.24450013041496277
CL loss: 1.162583827972412, CE loss: 0.12466628104448318, combined loss: 0.22845803201198578
CL loss: 1.1644556522369385, CE loss: 0.1321573555469513, combined loss: 0.2353871762752533
CL loss: 1.1820322275161743, CE loss: 0.12687507271766663, combined loss: 0.23239079117774963
CL loss: 1.1573522090911865, CE loss: 0.12839548289775848, combined loss: 0.23129115998744965
CL loss: 1.1738790273666382, CE loss: 0.12673357129096985, combined loss: 0.23144811391830444
CL loss: 1.167510986328125, CE loss: 0.13251975178718567, combined loss: 0.23601886630058289
CL loss: 1.1292400360107422, CE loss: 0.12322898954153061, combined loss: 0.22383008897304535
CL loss: 1.0842221975326538, CE loss: 0.12194699048995972, combined loss: 0.2181745171546936
CL loss: 1.1087286472320557, CE loss: 0.11935806274414062, combined loss: 0.2182951271533966
CL loss: 1.211792230606079, CE loss: 0.12798331677913666, combined loss: 0.2363642156124115
CL loss: 1.0902361869812012, CE loss: 0.12063774466514587, combined loss: 0.2175975888967514
CL loss: 1.1862043142318726, CE loss: 0.1316697597503662, combined loss: 0.23712322115898132
CL loss: 1.0749777555465698, CE loss: 0.11887318640947342, combined loss: 0.21448364853858948
CL loss: 1.0253206491470337, CE loss: 0.12290767580270767, combined loss: 0.21314898133277893
CL loss: 1.9735170602798462, CE loss: 0.12335385382175446, combined loss: 0.3083701729774475
{'loss': 0.2334, 'grad_norm': 2.2435309886932373, 'learning_rate': 3.8333333333333334e-05, 'epoch': 7.0}
CL loss: 1.5404155254364014, CE loss: 0.12224137037992477, combined loss: 0.26405879855155945


  0%|          | 0/23 [00:00<?, ?it/s][A

 17%|█▋        | 4/23 [00:00<00:00, 39.50it/s][A

 35%|███▍      | 8/23 [00:00<00:00, 33.09it/s][A

 52%|█████▏    | 12/23 [00:00<00:00, 31.31it/s][A

 70%|██████▉   | 16/23 [00:00<00:00, 30.66it/s][A

 87%|████████▋ | 20/23 [00:00<00:00, 30.38it/s][A

                                               
[A
                                                 

100%|██████████| 23/23 [00:01<00:00, 30.38it/s][A
 23%|██▎       | 161/690 [01:33<02:55,  3.01it/s]

                                               [ACL loss: 1.4715312719345093, CE loss: 0.13553157448768616, combined loss: 0.26913154125213623
CL loss: 1.032812237739563, CE loss: 0.11633893847465515, combined loss: 0.2079862654209137
CL loss: 1.616713285446167, CE loss: 0.11603093147277832, combined loss: 0.26609915494918823
CL loss: 1.1337987184524536, CE loss: 0.11485335230827332, combined loss: 0.21674787998199463
CL loss: 1.4896864891052246, CE loss: 0.1137506365776062, combined loss: 0.2513442039489746
CL loss: 1.3708471059799194, CE loss: 0.12145829200744629, combined loss: 0.24639716744422913
CL loss: 0.9755455255508423, CE loss: 0.10496120154857635, combined loss: 0.19201964139938354
CL loss: 0.9976039528846741, CE loss: 0.10951467603445053, combined loss: 0.19832360744476318
CL loss: 1.0323325395584106, CE loss: 0.13758046925067902, combined loss: 0.22705566883087158
CL loss: 1.0878809690475464, CE loss: 0.11565791815519333, combined loss: 0.2128802239894867
CL loss: 1.4199028015136719, CE loss: 0.13361859321594238, combined loss: 0.2622470259666443
CL loss: 0.986469030380249, CE loss: 0.10237439721822739, combined loss: 0.19078385829925537
CL loss: 1.9824711084365845, CE loss: 0.12037529796361923, combined loss: 0.306584894657135
CL loss: 1.4123594760894775, CE loss: 0.11716949939727783, combined loss: 0.24668848514556885
CL loss: 1.3280670642852783, CE loss: 0.12195505201816559, combined loss: 0.24256625771522522
CL loss: 1.1799933910369873, CE loss: 0.12375544011592865, combined loss: 0.22937923669815063
CL loss: 1.4398937225341797, CE loss: 0.13402894139289856, combined loss: 0.26461541652679443
CL loss: 0.9352434873580933, CE loss: 0.11461002379655838, combined loss: 0.19667336344718933
CL loss: 1.6863282918930054, CE loss: 0.12453018873929977, combined loss: 0.28071001172065735
CL loss: 1.2522071599960327, CE loss: 0.13426341116428375, combined loss: 0.24605777859687805
CL loss: 1.1868985891342163, CE loss: 0.10794776678085327, combined loss: 0.2158428430557251
CL loss: 1.476058840751648, CE loss: 0.10546787083148956, combined loss: 0.24252696335315704
{'eval_loss': 0.2379503846168518, 'eval_top_1_macro_recall': 0.2876522752389403, 'eval_top_1_macro_precision': 0.24902484921014748, 'eval_top_1_macro_f1': 0.2517149026861794, 'eval_top_1_accuracy': 0.5289139633286318, 'eval_top_1_micro_recall': 0.4693366708385482, 'eval_top_1_micro_precision': 0.5289139633286318, 'eval_top_1_micro_f1': 0.4973474801061008, 'eval_top_2_macro_recall': 0.44409678024838245, 'eval_top_2_macro_precision': 0.2877950537306353, 'eval_top_2_macro_f1': 0.30668599966069576, 'eval_top_2_accuracy': 0.7023977433004231, 'eval_top_2_micro_recall': 0.6408010012515645, 'eval_top_2_micro_precision': 0.3610719322990127, 'eval_top_2_micro_f1': 0.4618854307622914, 'eval_top_3_macro_recall': 0.5254452747718042, 'eval_top_3_macro_precision': 0.23164378813373682, 'eval_top_3_macro_f1': 0.29842940454957334, 'eval_top_3_accuracy': 0.7940761636107193, 'eval_top_3_micro_recall': 0.7396745932415519, 'eval_top_3_micro_precision': 0.2778561354019746, 'eval_top_3_micro_f1': 0.4039644565960355, 'eval_runtime': 1.0906, 'eval_samples_per_second': 650.071, 'eval_steps_per_second': 21.088, 'epoch': 7.0}

 23%|██▎       | 162/690 [01:37<15:12,  1.73s/it]
 24%|██▎       | 163/690 [01:37<11:41,  1.33s/it]
 24%|██▍       | 164/690 [01:38<09:15,  1.06s/it]
 24%|██▍       | 165/690 [01:38<07:32,  1.16it/s]
 24%|██▍       | 166/690 [01:38<06:20,  1.38it/s]
 24%|██▍       | 167/690 [01:39<05:30,  1.58it/s]
 24%|██▍       | 168/690 [01:39<04:55,  1.77it/s]
 24%|██▍       | 169/690 [01:40<04:30,  1.93it/s]
 25%|██▍       | 170/690 [01:40<04:13,  2.05it/s]
 25%|██▍       | 171/690 [01:40<04:00,  2.15it/s]
 25%|██▍       | 172/690 [01:41<03:51,  2.24it/s]
 25%|██▌       | 173/690 [01:41<03:45,  2.29it/s]
 25%|██▌       | 174/690 [01:42<03:41,  2.33it/s]
 25%|██▌       | 175/690 [01:42<03:37,  2.36it/s]
 26%|██▌       | 176/690 [01:43<03:35,  2.39it/s]
 26%|██▌       | 177/690 [01:43<03:33,  2.40it/s]
 26%|██▌       | 178/690 [01:43<03:32,  2.41it/s]
 26%|██▌       | 179/690 [01:44<03:31,  2.42it/s]
 26%|██▌       | 180/690 [01:44<03:30,  2.42it/s]
 26%|██▌       | 181/690 [01:45<03:30,  2.42it/s]
 26%|██▋       | 182/690 [01:45<03:29,  2.43it/s]
 27%|██▋       | 183/690 [01:45<03:28,  2.43it/s]
 27%|██▋       | 184/690 [01:46<02:48,  3.00it/s]
                                                 

 27%|██▋       | 184/690 [01:46<02:48,  3.00it/s]CL loss: 1.0874875783920288, CE loss: 0.12263493239879608, combined loss: 0.21912018954753876
CL loss: 1.2309943437576294, CE loss: 0.12979310750961304, combined loss: 0.2399132251739502
CL loss: 1.1373013257980347, CE loss: 0.12057189643383026, combined loss: 0.22224482893943787
CL loss: 1.0738999843597412, CE loss: 0.12105011940002441, combined loss: 0.21633510291576385
CL loss: 1.0129321813583374, CE loss: 0.11437775939702988, combined loss: 0.20423319935798645
CL loss: 1.2211782932281494, CE loss: 0.13414673507213593, combined loss: 0.24284988641738892
CL loss: 1.142572045326233, CE loss: 0.12413991987705231, combined loss: 0.2259831428527832
CL loss: 1.1475532054901123, CE loss: 0.12393232434988022, combined loss: 0.2262944132089615
CL loss: 1.0762711763381958, CE loss: 0.12987405061721802, combined loss: 0.22451376914978027
CL loss: 1.1436201333999634, CE loss: 0.11705279350280762, combined loss: 0.21970953047275543
CL loss: 1.0512404441833496, CE loss: 0.11629141867160797, combined loss: 0.2097863256931305
CL loss: 1.001529335975647, CE loss: 0.11688322573900223, combined loss: 0.20534783601760864
CL loss: 1.1973702907562256, CE loss: 0.11915528029203415, combined loss: 0.22697678208351135
CL loss: 1.2518192529678345, CE loss: 0.12003910541534424, combined loss: 0.23321712017059326
CL loss: 1.058056116104126, CE loss: 0.1202760860323906, combined loss: 0.21405407786369324
CL loss: 1.264028787612915, CE loss: 0.12016903609037399, combined loss: 0.23455500602722168
CL loss: 1.0491533279418945, CE loss: 0.11982965469360352, combined loss: 0.2127620279788971
CL loss: 1.2638331651687622, CE loss: 0.11912848055362701, combined loss: 0.23359894752502441
CL loss: 0.9356149435043335, CE loss: 0.1116456389427185, combined loss: 0.19404256343841553
CL loss: 1.1191250085830688, CE loss: 0.11683287471532822, combined loss: 0.2170620858669281
CL loss: 1.02259361743927, CE loss: 0.11522063612937927, combined loss: 0.20595791935920715
CL loss: 1.0963808298110962, CE loss: 0.11864668875932693, combined loss: 0.21642011404037476
CL loss: 1.5803165435791016, CE loss: 0.12720750272274017, combined loss: 0.2725183963775635
{'loss': 0.2225, 'grad_norm': 2.7618560791015625, 'learning_rate': 3.6666666666666666e-05, 'epoch': 8.0}
CL loss: 1.5079710483551025, CE loss: 0.11860133707523346, combined loss: 0.2575383186340332


  0%|          | 0/23 [00:00<?, ?it/s][A

 17%|█▋        | 4/23 [00:00<00:00, 39.97it/s][A

 35%|███▍      | 8/23 [00:00<00:00, 33.24it/s][A

 52%|█████▏    | 12/23 [00:00<00:00, 31.59it/s][A

 70%|██████▉   | 16/23 [00:00<00:00, 30.80it/s][A

 87%|████████▋ | 20/23 [00:00<00:00, 30.35it/s][A

                                               
[A
                                                 

100%|██████████| 23/23 [00:01<00:00, 30.35it/s][A
 27%|██▋       | 184/690 [01:47<02:48,  3.00it/s]

                                               [ACL loss: 1.3263022899627686, CE loss: 0.12962213158607483, combined loss: 0.24929013848304749
CL loss: 0.9952272176742554, CE loss: 0.1090581864118576, combined loss: 0.19767507910728455
CL loss: 1.3705804347991943, CE loss: 0.11116728186607361, combined loss: 0.23710860311985016
CL loss: 1.0765049457550049, CE loss: 0.10698942840099335, combined loss: 0.2039409875869751
CL loss: 1.468430995941162, CE loss: 0.11012615263462067, combined loss: 0.2459566295146942
CL loss: 1.2919560670852661, CE loss: 0.115836501121521, combined loss: 0.23344846069812775
CL loss: 0.8407436013221741, CE loss: 0.09782390296459198, combined loss: 0.17211586236953735
CL loss: 0.9644513726234436, CE loss: 0.10386363416910172, combined loss: 0.18992240726947784
CL loss: 0.9109607934951782, CE loss: 0.13279156386852264, combined loss: 0.21060848236083984
CL loss: 1.0941081047058105, CE loss: 0.10912766307592392, combined loss: 0.20762571692466736
CL loss: 1.4850640296936035, CE loss: 0.12364916503429413, combined loss: 0.25979065895080566
CL loss: 0.7499774694442749, CE loss: 0.09523722529411316, combined loss: 0.16071124374866486
CL loss: 1.9823501110076904, CE loss: 0.11714522540569305, combined loss: 0.30366572737693787
CL loss: 1.3285365104675293, CE loss: 0.109996497631073, combined loss: 0.2318505048751831
CL loss: 1.348575472831726, CE loss: 0.11578774452209473, combined loss: 0.23906651139259338
CL loss: 1.0561513900756836, CE loss: 0.11573316901922226, combined loss: 0.20977498590946198
CL loss: 1.2807338237762451, CE loss: 0.12580664455890656, combined loss: 0.2412993609905243
CL loss: 0.9128665328025818, CE loss: 0.1084795594215393, combined loss: 0.18891826272010803
CL loss: 1.5279176235198975, CE loss: 0.11540307104587555, combined loss: 0.2566545307636261
CL loss: 1.250068187713623, CE loss: 0.13198600709438324, combined loss: 0.24379423260688782
CL loss: 1.1986820697784424, CE loss: 0.1031288281083107, combined loss: 0.21268415451049805
CL loss: 2.9300084114074707, CE loss: 0.10645350813865662, combined loss: 0.3888089954853058
{'eval_loss': 0.22631050646305084, 'eval_top_1_macro_recall': 0.31877053698471086, 'eval_top_1_macro_precision': 0.25881771635114065, 'eval_top_1_macro_f1': 0.2800185854475312, 'eval_top_1_accuracy': 0.5543018335684062, 'eval_top_1_micro_recall': 0.4918648310387985, 'eval_top_1_micro_precision': 0.5543018335684062, 'eval_top_1_micro_f1': 0.5212201591511937, 'eval_top_2_macro_recall': 0.46273519975824934, 'eval_top_2_macro_precision': 0.2605404508196261, 'eval_top_2_macro_f1': 0.3077065036452518, 'eval_top_2_accuracy': 0.7165021156558533, 'eval_top_2_micro_recall': 0.6583229036295369, 'eval_top_2_micro_precision': 0.3709449929478138, 'eval_top_2_micro_f1': 0.4745151105096978, 'eval_top_3_macro_recall': 0.5481421335534218, 'eval_top_3_macro_precision': 0.2252553058948247, 'eval_top_3_macro_f1': 0.29534675504029645, 'eval_top_3_accuracy': 0.7954866008462623, 'eval_top_3_micro_recall': 0.7496871088861077, 'eval_top_3_micro_precision': 0.28161730136342267, 'eval_top_3_micro_f1': 0.4094326725905673, 'eval_runtime': 1.0763, 'eval_samples_per_second': 658.735, 'eval_steps_per_second': 21.369, 'epoch': 8.0}

 27%|██▋       | 185/690 [01:52<17:13,  2.05s/it]
 27%|██▋       | 186/690 [01:52<13:03,  1.55s/it]
 27%|██▋       | 187/690 [01:52<10:09,  1.21s/it]
 27%|██▋       | 188/690 [01:53<08:07,  1.03it/s]
 27%|██▋       | 189/690 [01:53<06:42,  1.24it/s]
 28%|██▊       | 190/690 [01:54<05:42,  1.46it/s]
 28%|██▊       | 191/690 [01:54<05:00,  1.66it/s]
 28%|██▊       | 192/690 [01:54<04:31,  1.83it/s]
 28%|██▊       | 193/690 [01:55<04:10,  1.98it/s]
 28%|██▊       | 194/690 [01:55<03:56,  2.10it/s]
 28%|██▊       | 195/690 [01:56<03:46,  2.19it/s]
 28%|██▊       | 196/690 [01:56<03:38,  2.26it/s]
 29%|██▊       | 197/690 [01:57<03:33,  2.31it/s]
 29%|██▊       | 198/690 [01:57<03:29,  2.35it/s]
 29%|██▉       | 199/690 [01:57<03:26,  2.38it/s]
 29%|██▉       | 200/690 [01:58<03:24,  2.39it/s]
 29%|██▉       | 201/690 [01:58<03:23,  2.40it/s]
 29%|██▉       | 202/690 [01:59<03:22,  2.42it/s]
 29%|██▉       | 203/690 [01:59<03:20,  2.42it/s]
 30%|██▉       | 204/690 [01:59<03:20,  2.42it/s]
 30%|██▉       | 205/690 [02:00<03:19,  2.43it/s]
 30%|██▉       | 206/690 [02:00<03:18,  2.43it/s]
 30%|███       | 207/690 [02:00<02:40,  3.01it/s]
                                                 

 30%|███       | 207/690 [02:00<02:40,  3.01it/s]CL loss: 1.0746222734451294, CE loss: 0.12227091193199158, combined loss: 0.2175060510635376
CL loss: 1.1230684518814087, CE loss: 0.11586713045835495, combined loss: 0.21658726036548615
CL loss: 1.0004998445510864, CE loss: 0.11094026267528534, combined loss: 0.1998962163925171
CL loss: 1.1705392599105835, CE loss: 0.11894675344228745, combined loss: 0.22410599887371063
CL loss: 1.0312237739562988, CE loss: 0.11176585406064987, combined loss: 0.2037116438150406
CL loss: 1.2109341621398926, CE loss: 0.11993055045604706, combined loss: 0.22903090715408325
CL loss: 1.0769944190979004, CE loss: 0.11439584195613861, combined loss: 0.21065570414066315
CL loss: 1.1052002906799316, CE loss: 0.11046308279037476, combined loss: 0.20993679761886597
CL loss: 1.0794817209243774, CE loss: 0.11932536214590073, combined loss: 0.2153410017490387
CL loss: 1.190061092376709, CE loss: 0.12393390387296677, combined loss: 0.23054662346839905
CL loss: 0.8836512565612793, CE loss: 0.11071015894412994, combined loss: 0.188004270195961
CL loss: 1.105409860610962, CE loss: 0.11023883521556854, combined loss: 0.20975592732429504
CL loss: 1.0090765953063965, CE loss: 0.11420755088329315, combined loss: 0.20369446277618408
CL loss: 0.99093097448349, CE loss: 0.11444922536611557, combined loss: 0.20209740102291107
CL loss: 0.9922299981117249, CE loss: 0.11250381171703339, combined loss: 0.20047643780708313
CL loss: 1.1295868158340454, CE loss: 0.11098267138004303, combined loss: 0.21284309029579163
CL loss: 0.9946710467338562, CE loss: 0.11336075514554977, combined loss: 0.20149177312850952
CL loss: 1.1870744228363037, CE loss: 0.12004508078098297, combined loss: 0.2267480194568634
CL loss: 1.070494294166565, CE loss: 0.11115125566720963, combined loss: 0.20708554983139038
CL loss: 0.9442428350448608, CE loss: 0.10516706854104996, combined loss: 0.18907463550567627
CL loss: 0.950141429901123, CE loss: 0.1059667095541954, combined loss: 0.190384179353714
CL loss: 0.9978458285331726, CE loss: 0.11736976355314255, combined loss: 0.20541736483573914
CL loss: 1.224639892578125, CE loss: 0.1015167385339737, combined loss: 0.21382905542850494
{'loss': 0.2091, 'grad_norm': 0.8668306469917297, 'learning_rate': 3.5e-05, 'epoch': 9.0}
CL loss: 1.4540711641311646, CE loss: 0.11301146447658539, combined loss: 0.24711742997169495


  0%|          | 0/23 [00:00<?, ?it/s][A

 22%|██▏       | 5/23 [00:00<00:00, 37.58it/s][A

 39%|███▉      | 9/23 [00:00<00:00, 33.10it/s][A

 57%|█████▋    | 13/23 [00:00<00:00, 31.66it/s][A

 74%|███████▍  | 17/23 [00:00<00:00, 30.87it/s][A

 91%|█████████▏| 21/23 [00:00<00:00, 30.47it/s][A

                                               
[A
                                                 

100%|██████████| 23/23 [00:01<00:00, 30.47it/s][A
 30%|███       | 207/690 [02:02<02:40,  3.01it/s]

                                               [ACL loss: 1.1450713872909546, CE loss: 0.12157971411943436, combined loss: 0.22392886877059937
CL loss: 0.9860214591026306, CE loss: 0.10637043416500092, combined loss: 0.19433553516864777
CL loss: 1.3244612216949463, CE loss: 0.10490678995847702, combined loss: 0.22686223685741425
CL loss: 1.1606428623199463, CE loss: 0.0988520011305809, combined loss: 0.20503109693527222
CL loss: 1.4786312580108643, CE loss: 0.1048145517706871, combined loss: 0.2421962320804596
CL loss: 1.0060467720031738, CE loss: 0.10301529616117477, combined loss: 0.1933184415102005
CL loss: 0.9493458271026611, CE loss: 0.09101621061563492, combined loss: 0.17684917151927948
CL loss: 1.0426347255706787, CE loss: 0.10037989169359207, combined loss: 0.19460538029670715
CL loss: 0.9319129586219788, CE loss: 0.13048692047595978, combined loss: 0.21062952280044556
CL loss: 0.9564689993858337, CE loss: 0.10119668394327164, combined loss: 0.18672391772270203
CL loss: 1.408582329750061, CE loss: 0.12200936675071716, combined loss: 0.25066667795181274
CL loss: 0.6911053657531738, CE loss: 0.08955421298742294, combined loss: 0.1497093141078949
CL loss: 1.9002188444137573, CE loss: 0.10811781883239746, combined loss: 0.28732791543006897
CL loss: 1.1702845096588135, CE loss: 0.1028028205037117, combined loss: 0.20955099165439606
CL loss: 1.1668003797531128, CE loss: 0.10530764609575272, combined loss: 0.21145692467689514
CL loss: 1.0729260444641113, CE loss: 0.11460714042186737, combined loss: 0.2104390263557434
CL loss: 1.3711580038070679, CE loss: 0.12093330919742584, combined loss: 0.24595578014850616
CL loss: 0.9281037449836731, CE loss: 0.10551781207323074, combined loss: 0.18777641654014587
CL loss: 1.6255948543548584, CE loss: 0.11404534429311752, combined loss: 0.26520031690597534
CL loss: 1.1887344121932983, CE loss: 0.12579751014709473, combined loss: 0.23209118843078613
CL loss: 1.2197266817092896, CE loss: 0.09892787784337997, combined loss: 0.211007758975029
CL loss: 2.6257882118225098, CE loss: 0.10070793330669403, combined loss: 0.3532159626483917
{'eval_loss': 0.2174542248249054, 'eval_top_1_macro_recall': 0.34830447002742093, 'eval_top_1_macro_precision': 0.3720226293637765, 'eval_top_1_macro_f1': 0.3212648354739465, 'eval_top_1_accuracy': 0.5952045133991537, 'eval_top_1_micro_recall': 0.5281602002503129, 'eval_top_1_micro_precision': 0.5952045133991537, 'eval_top_1_micro_f1': 0.559681697612732, 'eval_top_2_macro_recall': 0.48746102821638926, 'eval_top_2_macro_precision': 0.2775967831204378, 'eval_top_2_macro_f1': 0.3378748747071921, 'eval_top_2_accuracy': 0.7517630465444288, 'eval_top_2_micro_recall': 0.6971214017521903, 'eval_top_2_micro_precision': 0.3928067700987306, 'eval_top_2_micro_f1': 0.5024808299503835, 'eval_top_3_macro_recall': 0.5717587037513892, 'eval_top_3_macro_precision': 0.23061826690598722, 'eval_top_3_macro_f1': 0.3138308443827901, 'eval_top_3_accuracy': 0.842031029619182, 'eval_top_3_micro_recall': 0.7922403003754693, 'eval_top_3_micro_precision': 0.29760225669957685, 'eval_top_3_micro_f1': 0.43267259056732743, 'eval_runtime': 1.0802, 'eval_samples_per_second': 656.357, 'eval_steps_per_second': 21.292, 'epoch': 9.0}

 30%|███       | 208/690 [02:05<13:34,  1.69s/it]
 30%|███       | 209/690 [02:06<10:30,  1.31s/it]
 30%|███       | 210/690 [02:06<08:18,  1.04s/it]
 31%|███       | 211/690 [02:06<06:47,  1.17it/s]
 31%|███       | 212/690 [02:07<05:43,  1.39it/s]
 31%|███       | 213/690 [02:07<04:58,  1.60it/s]
 31%|███       | 214/690 [02:08<04:27,  1.78it/s]
 31%|███       | 215/690 [02:08<04:05,  1.93it/s]
 31%|███▏      | 216/690 [02:09<03:49,  2.06it/s]
 31%|███▏      | 217/690 [02:09<03:39,  2.16it/s]
 32%|███▏      | 218/690 [02:09<03:31,  2.23it/s]
 32%|███▏      | 219/690 [02:10<03:25,  2.29it/s]
 32%|███▏      | 220/690 [02:10<03:21,  2.33it/s]
 32%|███▏      | 221/690 [02:11<03:18,  2.36it/s]
 32%|███▏      | 222/690 [02:11<03:16,  2.39it/s]
 32%|███▏      | 223/690 [02:11<03:14,  2.40it/s]
 32%|███▏      | 224/690 [02:12<03:13,  2.41it/s]
 33%|███▎      | 225/690 [02:12<03:12,  2.42it/s]
 33%|███▎      | 226/690 [02:13<03:11,  2.42it/s]
 33%|███▎      | 227/690 [02:13<03:10,  2.42it/s]
 33%|███▎      | 228/690 [02:13<03:10,  2.43it/s]
 33%|███▎      | 229/690 [02:14<03:10,  2.42it/s]
 33%|███▎      | 230/690 [02:14<02:32,  3.01it/s]
                                                 

 33%|███▎      | 230/690 [02:14<02:32,  3.01it/s]CL loss: 0.8859655261039734, CE loss: 0.11263296008110046, combined loss: 0.18996621668338776
CL loss: 1.0401029586791992, CE loss: 0.11257585883140564, combined loss: 0.205328568816185
CL loss: 0.9602757096290588, CE loss: 0.10743681341409683, combined loss: 0.1927207112312317
CL loss: 1.046783685684204, CE loss: 0.10944044589996338, combined loss: 0.20317476987838745
CL loss: 1.0822510719299316, CE loss: 0.11427193880081177, combined loss: 0.21106985211372375
CL loss: 0.8760661482810974, CE loss: 0.10158955305814743, combined loss: 0.1790372133255005
CL loss: 1.0026925802230835, CE loss: 0.10734287649393082, combined loss: 0.1968778371810913
CL loss: 0.9431418776512146, CE loss: 0.10852234065532684, combined loss: 0.19198429584503174
CL loss: 1.0134234428405762, CE loss: 0.11991128325462341, combined loss: 0.20926249027252197
CL loss: 0.9757968783378601, CE loss: 0.10648538172245026, combined loss: 0.1934165358543396
CL loss: 0.9684651494026184, CE loss: 0.10952366888523102, combined loss: 0.19541782140731812
CL loss: 1.0416178703308105, CE loss: 0.10968402773141861, combined loss: 0.20287741720676422
CL loss: 1.085387110710144, CE loss: 0.10618828237056732, combined loss: 0.20410816371440887
CL loss: 0.9496890902519226, CE loss: 0.1104932501912117, combined loss: 0.19441282749176025
CL loss: 0.9722756147384644, CE loss: 0.11161145567893982, combined loss: 0.197677880525589
CL loss: 0.8326125741004944, CE loss: 0.10561691969633102, combined loss: 0.17831647396087646
CL loss: 0.8977276086807251, CE loss: 0.10523854941129684, combined loss: 0.1844874620437622
CL loss: 1.0647571086883545, CE loss: 0.10714010149240494, combined loss: 0.20290181040763855
CL loss: 1.0113112926483154, CE loss: 0.10556323081254959, combined loss: 0.19613803923130035
CL loss: 0.9544137120246887, CE loss: 0.11048233509063721, combined loss: 0.19487547874450684
CL loss: 0.9740312099456787, CE loss: 0.11347677558660507, combined loss: 0.19953221082687378
CL loss: 0.9675315618515015, CE loss: 0.1063293069601059, combined loss: 0.19244953989982605
CL loss: 0.5175000429153442, CE loss: 0.10712539404630661, combined loss: 0.1481628566980362
{'loss': 0.1941, 'grad_norm': 2.4385342597961426, 'learning_rate': 3.3333333333333335e-05, 'epoch': 10.0}
CL loss: 1.4254158735275269, CE loss: 0.10948342829942703, combined loss: 0.24107667803764343


  0%|          | 0/23 [00:00<?, ?it/s][A

 17%|█▋        | 4/23 [00:00<00:00, 39.93it/s][A

 35%|███▍      | 8/23 [00:00<00:00, 33.18it/s][A

 52%|█████▏    | 12/23 [00:00<00:00, 31.56it/s][A

 70%|██████▉   | 16/23 [00:00<00:00, 30.80it/s][A

 87%|████████▋ | 20/23 [00:00<00:00, 30.41it/s][A

                                               
[A
                                                 

100%|██████████| 23/23 [00:00<00:00, 30.41it/s][A
 33%|███▎      | 230/690 [02:15<02:32,  3.01it/s]

                                               [ACL loss: 1.325711727142334, CE loss: 0.12156300246715546, combined loss: 0.24197787046432495
CL loss: 0.9285529851913452, CE loss: 0.1030716747045517, combined loss: 0.1856198012828827
CL loss: 1.1317781209945679, CE loss: 0.09913232177495956, combined loss: 0.20239689946174622
CL loss: 1.695528507232666, CE loss: 0.10047350078821182, combined loss: 0.2599790096282959
CL loss: 1.2776137590408325, CE loss: 0.10393700003623962, combined loss: 0.22130468487739563
CL loss: 0.7266731262207031, CE loss: 0.10077988356351852, combined loss: 0.16336920857429504
CL loss: 0.8943260908126831, CE loss: 0.0878436267375946, combined loss: 0.16849187016487122
CL loss: 1.0291911363601685, CE loss: 0.09544805437326431, combined loss: 0.18882235884666443
CL loss: 1.0259908437728882, CE loss: 0.1285771131515503, combined loss: 0.21831849217414856
CL loss: 1.2018954753875732, CE loss: 0.09949667006731033, combined loss: 0.20973655581474304
CL loss: 1.8305113315582275, CE loss: 0.12034618109464645, combined loss: 0.2913627028465271
CL loss: 0.7431943416595459, CE loss: 0.0849452018737793, combined loss: 0.1507701277732849
CL loss: 2.1899945735931396, CE loss: 0.10710408538579941, combined loss: 0.3153931498527527
CL loss: 1.3023422956466675, CE loss: 0.10052958875894547, combined loss: 0.2207108438014984
CL loss: 1.0711995363235474, CE loss: 0.09905121475458145, combined loss: 0.1962660551071167
CL loss: 1.0788124799728394, CE loss: 0.10398100316524506, combined loss: 0.20146414637565613
CL loss: 1.3167753219604492, CE loss: 0.1158250942826271, combined loss: 0.23592013120651245
CL loss: 0.8297683596611023, CE loss: 0.10044974833726883, combined loss: 0.17338161170482635
CL loss: 1.8797130584716797, CE loss: 0.1119220182299614, combined loss: 0.2887011170387268
CL loss: 1.1398638486862183, CE loss: 0.12145046889781952, combined loss: 0.22329181432724
CL loss: 1.18293035030365, CE loss: 0.09776270389556885, combined loss: 0.2062794715166092
CL loss: 3.5350759029388428, CE loss: 0.1040329560637474, combined loss: 0.4471372663974762
{'eval_loss': 0.22000566124916077, 'eval_top_1_macro_recall': 0.3607026078715136, 'eval_top_1_macro_precision': 0.36052837128511295, 'eval_top_1_macro_f1': 0.3384281989787414, 'eval_top_1_accuracy': 0.6022566995768688, 'eval_top_1_micro_recall': 0.5344180225281602, 'eval_top_1_micro_precision': 0.6022566995768688, 'eval_top_1_micro_f1': 0.5663129973474802, 'eval_top_2_macro_recall': 0.4925310740186914, 'eval_top_2_macro_precision': 0.2731050996373845, 'eval_top_2_macro_f1': 0.33195013726053535, 'eval_top_2_accuracy': 0.7517630465444288, 'eval_top_2_micro_recall': 0.6996245306633292, 'eval_top_2_micro_precision': 0.3942172073342736, 'eval_top_2_micro_f1': 0.5042850699142986, 'eval_top_3_macro_recall': 0.596437248851545, 'eval_top_3_macro_precision': 0.2732778238108363, 'eval_top_3_macro_f1': 0.32328127212422175, 'eval_top_3_accuracy': 0.8533145275035261, 'eval_top_3_micro_recall': 0.8122653316645807, 'eval_top_3_micro_precision': 0.305124588622473, 'eval_top_3_micro_f1': 0.443609022556391, 'eval_runtime': 1.0935, 'eval_samples_per_second': 648.391, 'eval_steps_per_second': 21.034, 'epoch': 10.0}

 33%|███▎      | 231/690 [02:19<12:55,  1.69s/it]
 34%|███▎      | 232/690 [02:19<09:57,  1.30s/it]
 34%|███▍      | 233/690 [02:20<07:54,  1.04s/it]
 34%|███▍      | 234/690 [02:20<06:27,  1.18it/s]
 34%|███▍      | 235/690 [02:21<05:26,  1.39it/s]
 34%|███▍      | 236/690 [02:21<04:44,  1.60it/s]
 34%|███▍      | 237/690 [02:21<04:14,  1.78it/s]
 34%|███▍      | 238/690 [02:22<03:53,  1.94it/s]
 35%|███▍      | 239/690 [02:22<03:38,  2.06it/s]
 35%|███▍      | 240/690 [02:23<03:28,  2.16it/s]
 35%|███▍      | 241/690 [02:23<03:20,  2.24it/s]
 35%|███▌      | 242/690 [02:23<03:15,  2.29it/s]
 35%|███▌      | 243/690 [02:24<03:11,  2.34it/s]
 35%|███▌      | 244/690 [02:24<03:08,  2.36it/s]
 36%|███▌      | 245/690 [02:25<03:07,  2.38it/s]
 36%|███▌      | 246/690 [02:25<03:04,  2.40it/s]
 36%|███▌      | 247/690 [02:25<03:03,  2.41it/s]
 36%|███▌      | 248/690 [02:26<03:03,  2.41it/s]
 36%|███▌      | 249/690 [02:26<03:02,  2.42it/s]
 36%|███▌      | 250/690 [02:27<03:01,  2.42it/s]
 36%|███▋      | 251/690 [02:27<03:01,  2.42it/s]
 37%|███▋      | 252/690 [02:28<03:00,  2.43it/s]
 37%|███▋      | 253/690 [02:28<02:23,  3.05it/s]
                                                 

 37%|███▋      | 253/690 [02:28<02:23,  3.05it/s]CL loss: 0.9476022124290466, CE loss: 0.10385417193174362, combined loss: 0.18822897970676422
CL loss: 0.9672877788543701, CE loss: 0.10924021899700165, combined loss: 0.19504496455192566
CL loss: 0.8836946487426758, CE loss: 0.10079585760831833, combined loss: 0.17908573150634766
CL loss: 0.857998251914978, CE loss: 0.10099216550588608, combined loss: 0.17669278383255005
CL loss: 1.0954279899597168, CE loss: 0.10898097604513168, combined loss: 0.20762568712234497
CL loss: 1.056775689125061, CE loss: 0.1032874807715416, combined loss: 0.19863629341125488
CL loss: 0.8744944930076599, CE loss: 0.10564841330051422, combined loss: 0.18253302574157715
CL loss: 1.0089893341064453, CE loss: 0.10699760168790817, combined loss: 0.19719678163528442
CL loss: 1.0673511028289795, CE loss: 0.11220791190862656, combined loss: 0.2077222317457199
CL loss: 0.7464419603347778, CE loss: 0.09955254942178726, combined loss: 0.1642414927482605
CL loss: 0.8223852515220642, CE loss: 0.0919145941734314, combined loss: 0.16496166586875916
CL loss: 0.9599643349647522, CE loss: 0.10579677671194077, combined loss: 0.19121351838111877
CL loss: 0.9629586338996887, CE loss: 0.10642658174037933, combined loss: 0.19207978248596191
CL loss: 1.0533504486083984, CE loss: 0.1051245853304863, combined loss: 0.19994717836380005
CL loss: 1.0230242013931274, CE loss: 0.10654553025960922, combined loss: 0.19819340109825134
CL loss: 0.9334385395050049, CE loss: 0.10520920157432556, combined loss: 0.1880321353673935
CL loss: 0.9118605852127075, CE loss: 0.10559867322444916, combined loss: 0.18622486293315887
CL loss: 0.906883955001831, CE loss: 0.10808481276035309, combined loss: 0.18796473741531372
CL loss: 0.9020806550979614, CE loss: 0.10109712928533554, combined loss: 0.1811954826116562
CL loss: 0.9517002701759338, CE loss: 0.10136411339044571, combined loss: 0.1863977313041687
CL loss: 0.7744463682174683, CE loss: 0.10265634953975677, combined loss: 0.16983534395694733
CL loss: 0.9332842826843262, CE loss: 0.10161972045898438, combined loss: 0.18478617072105408
CL loss: 0.8644335269927979, CE loss: 0.07454294711351395, combined loss: 0.1535319983959198
{'loss': 0.1861, 'grad_norm': 1.1274465322494507, 'learning_rate': 3.1666666666666666e-05, 'epoch': 11.0}
CL loss: 1.4203037023544312, CE loss: 0.10374085605144501, combined loss: 0.2353971302509308


  0%|          | 0/23 [00:00<?, ?it/s][A

 17%|█▋        | 4/23 [00:00<00:00, 39.95it/s][A

 35%|███▍      | 8/23 [00:00<00:00, 33.22it/s][A

 52%|█████▏    | 12/23 [00:00<00:00, 31.55it/s][A

 70%|██████▉   | 16/23 [00:00<00:00, 30.82it/s][A

 87%|████████▋ | 20/23 [00:00<00:00, 30.46it/s][A

                                               
[A
                                                 

100%|██████████| 23/23 [00:01<00:00, 30.46it/s][A
 37%|███▋      | 253/690 [02:29<02:23,  3.05it/s]

                                               [ACL loss: 1.1977328062057495, CE loss: 0.1100878193974495, combined loss: 0.21885231137275696
CL loss: 0.8405238389968872, CE loss: 0.09093731641769409, combined loss: 0.1658959686756134
CL loss: 1.082451581954956, CE loss: 0.0933159738779068, combined loss: 0.19222953915596008
CL loss: 0.961868405342102, CE loss: 0.08780070394277573, combined loss: 0.1752074658870697
CL loss: 1.4272516965866089, CE loss: 0.10808257013559341, combined loss: 0.23999947309494019
CL loss: 0.7062618732452393, CE loss: 0.09356024116277695, combined loss: 0.15483039617538452
CL loss: 0.676672101020813, CE loss: 0.08305095136165619, combined loss: 0.14241306483745575
CL loss: 0.9751510620117188, CE loss: 0.08942530304193497, combined loss: 0.177997887134552
CL loss: 0.9217706918716431, CE loss: 0.11938589811325073, combined loss: 0.19962437450885773
CL loss: 1.1401511430740356, CE loss: 0.09386174380779266, combined loss: 0.1984906792640686
CL loss: 1.3919655084609985, CE loss: 0.1069275364279747, combined loss: 0.23543134331703186
CL loss: 0.6539533138275146, CE loss: 0.08142757415771484, combined loss: 0.13868014514446259
CL loss: 1.8029677867889404, CE loss: 0.10001792013645172, combined loss: 0.2703129053115845
CL loss: 0.9781643748283386, CE loss: 0.09122297912836075, combined loss: 0.1799171268939972
CL loss: 0.9570192694664001, CE loss: 0.094685859978199, combined loss: 0.18091920018196106
CL loss: 1.091902494430542, CE loss: 0.10800646990537643, combined loss: 0.20639607310295105
CL loss: 1.2688244581222534, CE loss: 0.1096181869506836, combined loss: 0.22553882002830505
CL loss: 0.7259737253189087, CE loss: 0.09995599836111069, combined loss: 0.16255778074264526
CL loss: 1.6908578872680664, CE loss: 0.10749036818742752, combined loss: 0.26582711935043335
CL loss: 1.1090861558914185, CE loss: 0.11717246472835541, combined loss: 0.2163638323545456
CL loss: 1.0907708406448364, CE loss: 0.0936410203576088, combined loss: 0.19335401058197021
CL loss: 1.519761323928833, CE loss: 0.08163756877183914, combined loss: 0.22544994950294495
{'eval_loss': 0.19910691678524017, 'eval_top_1_macro_recall': 0.39521959862341904, 'eval_top_1_macro_precision': 0.3855001825498947, 'eval_top_1_macro_f1': 0.3861760021552288, 'eval_top_1_accuracy': 0.6586741889985895, 'eval_top_1_micro_recall': 0.5844806007509387, 'eval_top_1_micro_precision': 0.6586741889985895, 'eval_top_1_micro_f1': 0.6193633952254641, 'eval_top_2_macro_recall': 0.5084626198545856, 'eval_top_2_macro_precision': 0.33172866829983827, 'eval_top_2_macro_f1': 0.3701590960236755, 'eval_top_2_accuracy': 0.770098730606488, 'eval_top_2_micro_recall': 0.7146433041301627, 'eval_top_2_micro_precision': 0.4026798307475317, 'eval_top_2_micro_f1': 0.5151105096977898, 'eval_top_3_macro_recall': 0.6216795601893913, 'eval_top_3_macro_precision': 0.30576817746049717, 'eval_top_3_macro_f1': 0.3775341332851349, 'eval_top_3_accuracy': 0.8617771509167842, 'eval_top_3_micro_recall': 0.818523153942428, 'eval_top_3_micro_precision': 0.307475317348378, 'eval_top_3_micro_f1': 0.4470266575529734, 'eval_runtime': 1.1129, 'eval_samples_per_second': 637.096, 'eval_steps_per_second': 20.667, 'epoch': 11.0}

 37%|███▋      | 254/690 [02:33<13:25,  1.85s/it]
 37%|███▋      | 255/690 [02:33<10:16,  1.42s/it]
 37%|███▋      | 256/690 [02:34<08:04,  1.12s/it]
 37%|███▋      | 257/690 [02:34<06:31,  1.11it/s]
 37%|███▋      | 258/690 [02:35<05:26,  1.32it/s]
 38%|███▊      | 259/690 [02:35<04:41,  1.53it/s]
 38%|███▊      | 260/690 [02:36<04:09,  1.72it/s]
 38%|███▊      | 261/690 [02:36<03:47,  1.89it/s]
 38%|███▊      | 262/690 [02:36<03:31,  2.02it/s]
 38%|███▊      | 263/690 [02:37<03:20,  2.13it/s]
 38%|███▊      | 264/690 [02:37<03:12,  2.22it/s]
 38%|███▊      | 265/690 [02:38<03:06,  2.27it/s]
 39%|███▊      | 266/690 [02:38<03:02,  2.32it/s]
 39%|███▊      | 267/690 [02:38<03:00,  2.35it/s]
 39%|███▉      | 268/690 [02:39<02:57,  2.38it/s]
 39%|███▉      | 269/690 [02:39<02:55,  2.40it/s]
 39%|███▉      | 270/690 [02:40<02:54,  2.40it/s]
 39%|███▉      | 271/690 [02:40<02:53,  2.41it/s]
 39%|███▉      | 272/690 [02:40<02:52,  2.42it/s]
 40%|███▉      | 273/690 [02:41<02:52,  2.42it/s]
 40%|███▉      | 274/690 [02:41<02:51,  2.43it/s]
 40%|███▉      | 275/690 [02:42<02:50,  2.43it/s]
 40%|████      | 276/690 [02:42<02:17,  3.01it/s]
                                                 

 40%|████      | 276/690 [02:42<02:17,  3.01it/s]CL loss: 0.874491810798645, CE loss: 0.09598004072904587, combined loss: 0.17383122444152832
CL loss: 0.9685240983963013, CE loss: 0.10307477414608002, combined loss: 0.18961970508098602
CL loss: 0.873747706413269, CE loss: 0.09828158468008041, combined loss: 0.17582818865776062
CL loss: 1.0818532705307007, CE loss: 0.10456554591655731, combined loss: 0.20229431986808777
CL loss: 0.8208997249603271, CE loss: 0.09393731504678726, combined loss: 0.16663354635238647
CL loss: 0.7858068943023682, CE loss: 0.10128539800643921, combined loss: 0.1697375476360321
CL loss: 0.8865307569503784, CE loss: 0.10147733241319656, combined loss: 0.17998267710208893
CL loss: 0.8701508641242981, CE loss: 0.09346991777420044, combined loss: 0.17113801836967468
CL loss: 0.8387670516967773, CE loss: 0.09966298937797546, combined loss: 0.17357340455055237
CL loss: 0.8369873762130737, CE loss: 0.09627511352300644, combined loss: 0.17034634947776794
CL loss: 1.0170185565948486, CE loss: 0.10785524547100067, combined loss: 0.19877156615257263
CL loss: 0.9366596937179565, CE loss: 0.09979068487882614, combined loss: 0.18347758054733276
CL loss: 0.9230197072029114, CE loss: 0.10127131640911102, combined loss: 0.18344615399837494
CL loss: 0.9614014625549316, CE loss: 0.10602334886789322, combined loss: 0.19156116247177124
CL loss: 0.9579836130142212, CE loss: 0.10293072462081909, combined loss: 0.18843601644039154
CL loss: 0.8404080867767334, CE loss: 0.09408344328403473, combined loss: 0.16871590912342072
CL loss: 0.9308199882507324, CE loss: 0.10227557271718979, combined loss: 0.1851300150156021
CL loss: 0.8666059374809265, CE loss: 0.10069366544485092, combined loss: 0.17728489637374878
CL loss: 0.8141152262687683, CE loss: 0.09571296721696854, combined loss: 0.16755318641662598
CL loss: 1.0337287187576294, CE loss: 0.10684552043676376, combined loss: 0.1995338350534439
CL loss: 0.9101635217666626, CE loss: 0.10195109993219376, combined loss: 0.18277233839035034
CL loss: 0.9348015189170837, CE loss: 0.10321781039237976, combined loss: 0.1863761842250824
CL loss: 1.6565241813659668, CE loss: 0.10055025666952133, combined loss: 0.2561476528644562
{'loss': 0.1844, 'grad_norm': 2.578494071960449, 'learning_rate': 3e-05, 'epoch': 12.0}
CL loss: 1.4270141124725342, CE loss: 0.10445898771286011, combined loss: 0.23671451210975647


  0%|          | 0/23 [00:00<?, ?it/s][A

 17%|█▋        | 4/23 [00:00<00:00, 39.16it/s][A

 35%|███▍      | 8/23 [00:00<00:00, 33.10it/s][A

 52%|█████▏    | 12/23 [00:00<00:00, 31.42it/s][A

 70%|██████▉   | 16/23 [00:00<00:00, 30.70it/s][A

 87%|████████▋ | 20/23 [00:00<00:00, 30.33it/s][A

                                               
[A
                                                 

100%|██████████| 23/23 [00:01<00:00, 30.33it/s][A
 40%|████      | 276/690 [02:43<02:17,  3.01it/s]

                                               [ACL loss: 1.225070834159851, CE loss: 0.1109599694609642, combined loss: 0.22237105667591095
CL loss: 1.0088300704956055, CE loss: 0.08995453268289566, combined loss: 0.18184208869934082
CL loss: 1.2755486965179443, CE loss: 0.09741631895303726, combined loss: 0.2152295708656311
CL loss: 0.9510383605957031, CE loss: 0.08379749208688736, combined loss: 0.1705215871334076
CL loss: 1.2403643131256104, CE loss: 0.09378218650817871, combined loss: 0.2084403932094574
CL loss: 0.7562791109085083, CE loss: 0.09347554296255112, combined loss: 0.1597559005022049
CL loss: 0.6511771082878113, CE loss: 0.07715611159801483, combined loss: 0.13455820083618164
CL loss: 1.2161352634429932, CE loss: 0.08291923999786377, combined loss: 0.1962408423423767
CL loss: 1.0245028734207153, CE loss: 0.11594588309526443, combined loss: 0.20680157840251923
CL loss: 1.0903550386428833, CE loss: 0.08778174221515656, combined loss: 0.18803906440734863
CL loss: 1.5083214044570923, CE loss: 0.10615355521440506, combined loss: 0.2463703453540802
CL loss: 0.6125260591506958, CE loss: 0.07751381397247314, combined loss: 0.13101503252983093
CL loss: 1.956758737564087, CE loss: 0.1012999415397644, combined loss: 0.2868458330631256
CL loss: 1.0289316177368164, CE loss: 0.08852499723434448, combined loss: 0.18256565928459167
CL loss: 0.903557300567627, CE loss: 0.09081719070672989, combined loss: 0.17209120094776154
CL loss: 0.8393812775611877, CE loss: 0.10080654174089432, combined loss: 0.17466402053833008
CL loss: 1.2689229249954224, CE loss: 0.10685903578996658, combined loss: 0.22306543588638306
CL loss: 0.6528171896934509, CE loss: 0.0909440666437149, combined loss: 0.14713138341903687
CL loss: 1.8617680072784424, CE loss: 0.10606534034013748, combined loss: 0.2816356122493744
CL loss: 1.037674069404602, CE loss: 0.11097413301467896, combined loss: 0.20364412665367126
CL loss: 1.1383888721466064, CE loss: 0.0918252170085907, combined loss: 0.1964815855026245
CL loss: 1.990985631942749, CE loss: 0.08091961592435837, combined loss: 0.27192622423171997
{'eval_loss': 0.19897383451461792, 'eval_top_1_macro_recall': 0.386951544452411, 'eval_top_1_macro_precision': 0.3885152382681538, 'eval_top_1_macro_f1': 0.3711157543690893, 'eval_top_1_accuracy': 0.6445698166431594, 'eval_top_1_micro_recall': 0.571964956195244, 'eval_top_1_micro_precision': 0.6445698166431594, 'eval_top_1_micro_f1': 0.6061007957559682, 'eval_top_2_macro_recall': 0.5360115423292848, 'eval_top_2_macro_precision': 0.34822632646446344, 'eval_top_2_macro_f1': 0.4013565153943247, 'eval_top_2_accuracy': 0.7785613540197461, 'eval_top_2_micro_recall': 0.7246558197747184, 'eval_top_2_micro_precision': 0.4083215796897038, 'eval_top_2_micro_f1': 0.5223274695534507, 'eval_top_3_macro_recall': 0.66481266983043, 'eval_top_3_macro_precision': 0.31850328860199495, 'eval_top_3_macro_f1': 0.40481473103298105, 'eval_top_3_accuracy': 0.8645980253878702, 'eval_top_3_micro_recall': 0.8322903629536921, 'eval_top_3_micro_precision': 0.3126469205453691, 'eval_top_3_micro_f1': 0.4545454545454545, 'eval_runtime': 1.0741, 'eval_samples_per_second': 660.069, 'eval_steps_per_second': 21.413, 'epoch': 12.0}

 40%|████      | 277/690 [02:47<11:44,  1.71s/it]
 40%|████      | 278/690 [02:47<09:03,  1.32s/it]
 40%|████      | 279/690 [02:48<07:10,  1.05s/it]
 41%|████      | 280/690 [02:48<05:51,  1.17it/s]
 41%|████      | 281/690 [02:48<04:55,  1.38it/s]
 41%|████      | 282/690 [02:49<04:17,  1.59it/s]
 41%|████      | 283/690 [02:49<03:49,  1.77it/s]
 41%|████      | 284/690 [02:50<03:30,  1.93it/s]
 41%|████▏     | 285/690 [02:50<03:17,  2.05it/s]
 41%|████▏     | 286/690 [02:50<03:07,  2.15it/s]
 42%|████▏     | 287/690 [02:51<03:01,  2.22it/s]
 42%|████▏     | 288/690 [02:51<02:56,  2.27it/s]
 42%|████▏     | 289/690 [02:52<02:53,  2.32it/s]
 42%|████▏     | 290/690 [02:52<02:50,  2.35it/s]
 42%|████▏     | 291/690 [02:53<02:48,  2.37it/s]
 42%|████▏     | 292/690 [02:53<02:46,  2.39it/s]
 42%|████▏     | 293/690 [02:53<02:45,  2.40it/s]
 43%|████▎     | 294/690 [02:54<02:44,  2.40it/s]
 43%|████▎     | 295/690 [02:54<02:44,  2.41it/s]
 43%|████▎     | 296/690 [02:55<02:43,  2.41it/s]
 43%|████▎     | 297/690 [02:55<02:42,  2.42it/s]
 43%|████▎     | 298/690 [02:55<02:42,  2.42it/s]
 43%|████▎     | 299/690 [02:56<02:07,  3.06it/s]
                                                 

 43%|████▎     | 299/690 [02:56<02:07,  3.06it/s]CL loss: 0.8523393869400024, CE loss: 0.09921442717313766, combined loss: 0.17452692985534668
CL loss: 0.954354465007782, CE loss: 0.10244683176279068, combined loss: 0.187637597322464
CL loss: 0.7056429386138916, CE loss: 0.09484654664993286, combined loss: 0.1559261828660965
CL loss: 0.8123219609260559, CE loss: 0.09115245193243027, combined loss: 0.16326940059661865
CL loss: 0.8047715425491333, CE loss: 0.09735900908708572, combined loss: 0.1681002676486969
CL loss: 0.8687263131141663, CE loss: 0.09542083740234375, combined loss: 0.17275138199329376
CL loss: 0.753291130065918, CE loss: 0.09699143469333649, combined loss: 0.162621408700943
CL loss: 0.7601683139801025, CE loss: 0.09443023055791855, combined loss: 0.16100403666496277
CL loss: 0.8254575729370117, CE loss: 0.10114295035600662, combined loss: 0.17357441782951355
CL loss: 0.8742037415504456, CE loss: 0.09731628745794296, combined loss: 0.17500503361225128
CL loss: 0.7696454524993896, CE loss: 0.09225324541330338, combined loss: 0.15999247133731842
CL loss: 0.7473280429840088, CE loss: 0.08807101845741272, combined loss: 0.15399672091007233
CL loss: 0.8385675549507141, CE loss: 0.08904082328081131, combined loss: 0.1639934927225113
CL loss: 0.9149312973022461, CE loss: 0.09912081807851791, combined loss: 0.1807018667459488
CL loss: 0.9710679054260254, CE loss: 0.0987151488661766, combined loss: 0.18595042824745178
CL loss: 0.9609237909317017, CE loss: 0.0997115969657898, combined loss: 0.18583281338214874
CL loss: 0.9151448607444763, CE loss: 0.09262349456548691, combined loss: 0.1748756319284439
CL loss: 0.9347124695777893, CE loss: 0.09804465621709824, combined loss: 0.18171143531799316
CL loss: 0.9809229969978333, CE loss: 0.09875983744859695, combined loss: 0.18697616457939148
CL loss: 0.9380478858947754, CE loss: 0.104180708527565, combined loss: 0.18756742775440216
CL loss: 0.9533799290657043, CE loss: 0.10425332933664322, combined loss: 0.18916597962379456
CL loss: 0.7821146249771118, CE loss: 0.0880361944437027, combined loss: 0.157444030046463
CL loss: 1.2693544626235962, CE loss: 0.10272060334682465, combined loss: 0.21938398480415344
{'loss': 0.1749, 'grad_norm': 3.2561511993408203, 'learning_rate': 2.8333333333333335e-05, 'epoch': 13.0}
CL loss: 1.521898865699768, CE loss: 0.10401496291160583, combined loss: 0.2458033561706543


  0%|          | 0/23 [00:00<?, ?it/s][A

 17%|█▋        | 4/23 [00:00<00:00, 39.81it/s][A

 35%|███▍      | 8/23 [00:00<00:00, 33.20it/s][A

 52%|█████▏    | 12/23 [00:00<00:00, 31.44it/s][A

 70%|██████▉   | 16/23 [00:00<00:00, 30.68it/s][A

 87%|████████▋ | 20/23 [00:00<00:00, 30.35it/s][A

                                               
[A
                                                 

100%|██████████| 23/23 [00:00<00:00, 30.35it/s][A
 43%|████▎     | 299/690 [02:57<02:07,  3.06it/s]

                                               [ACL loss: 1.1515545845031738, CE loss: 0.10567998886108398, combined loss: 0.21026745438575745
CL loss: 1.3957951068878174, CE loss: 0.093452587723732, combined loss: 0.2236868441104889
CL loss: 1.3424943685531616, CE loss: 0.09772118180990219, combined loss: 0.222198486328125
CL loss: 1.3089284896850586, CE loss: 0.08468417078256607, combined loss: 0.20710861682891846
CL loss: 1.3681511878967285, CE loss: 0.09032092243432999, combined loss: 0.21810394525527954
CL loss: 0.8424065113067627, CE loss: 0.09318479895591736, combined loss: 0.16810697317123413
CL loss: 0.5760866403579712, CE loss: 0.07575330883264542, combined loss: 0.12578663229942322
CL loss: 1.6110752820968628, CE loss: 0.08059880882501602, combined loss: 0.2336464524269104
CL loss: 1.1559535264968872, CE loss: 0.11458171904087067, combined loss: 0.21871890127658844
CL loss: 0.9991097450256348, CE loss: 0.07983366400003433, combined loss: 0.17176127433776855
CL loss: 1.824925184249878, CE loss: 0.10319496691226959, combined loss: 0.27536797523498535
CL loss: 0.754828691482544, CE loss: 0.0753253847360611, combined loss: 0.14327570796012878
CL loss: 1.8329297304153442, CE loss: 0.09871053695678711, combined loss: 0.2721324563026428
CL loss: 1.02128005027771, CE loss: 0.08679310232400894, combined loss: 0.18024179339408875
CL loss: 0.7981664538383484, CE loss: 0.08937864005565643, combined loss: 0.16025742888450623
CL loss: 1.08461594581604, CE loss: 0.1008739098906517, combined loss: 0.19924810528755188
CL loss: 1.2818838357925415, CE loss: 0.10769866406917572, combined loss: 0.22511717677116394
CL loss: 0.653249979019165, CE loss: 0.08753349632024765, combined loss: 0.14410513639450073
CL loss: 1.8086673021316528, CE loss: 0.1018705740571022, combined loss: 0.2725502550601959
CL loss: 1.1874819993972778, CE loss: 0.10443753004074097, combined loss: 0.21274197101593018
CL loss: 1.3020297288894653, CE loss: 0.0950532928109169, combined loss: 0.21575093269348145
CL loss: 2.549436569213867, CE loss: 0.07887978106737137, combined loss: 0.3259354829788208
{'eval_loss': 0.20747670531272888, 'eval_top_1_macro_recall': 0.4512377514608687, 'eval_top_1_macro_precision': 0.4341702556629199, 'eval_top_1_macro_f1': 0.4394396646671686, 'eval_top_1_accuracy': 0.685472496473907, 'eval_top_1_micro_recall': 0.6082603254067585, 'eval_top_1_micro_precision': 0.685472496473907, 'eval_top_1_micro_f1': 0.6445623342175066, 'eval_top_2_macro_recall': 0.5989954614481524, 'eval_top_2_macro_precision': 0.38452817255223803, 'eval_top_2_macro_f1': 0.4473695952092076, 'eval_top_2_accuracy': 0.8011283497884344, 'eval_top_2_micro_recall': 0.7634543178973717, 'eval_top_2_micro_precision': 0.4301833568406206, 'eval_top_2_micro_f1': 0.5502931889941362, 'eval_top_3_macro_recall': 0.6877491923153781, 'eval_top_3_macro_precision': 0.30968597730920694, 'eval_top_3_macro_f1': 0.40260653276488295, 'eval_top_3_accuracy': 0.8787023977433004, 'eval_top_3_micro_recall': 0.851063829787234, 'eval_top_3_micro_precision': 0.31969910672308416, 'eval_top_3_micro_f1': 0.4647983595352016, 'eval_runtime': 1.1303, 'eval_samples_per_second': 627.253, 'eval_steps_per_second': 20.348, 'epoch': 13.0}

 43%|████▎     | 300/690 [03:01<11:11,  1.72s/it]
 44%|████▎     | 301/690 [03:01<08:36,  1.33s/it]
 44%|████▍     | 302/690 [03:01<06:48,  1.05s/it]
 44%|████▍     | 303/690 [03:02<05:33,  1.16it/s]
 44%|████▍     | 304/690 [03:02<04:40,  1.38it/s]
 44%|████▍     | 305/690 [03:03<04:03,  1.58it/s]
 44%|████▍     | 306/690 [03:03<03:37,  1.77it/s]
 44%|████▍     | 307/690 [03:03<03:19,  1.92it/s]
 45%|████▍     | 308/690 [03:04<03:06,  2.05it/s]
 45%|████▍     | 309/690 [03:04<02:57,  2.15it/s]
 45%|████▍     | 310/690 [03:05<02:50,  2.22it/s]
 45%|████▌     | 311/690 [03:05<02:46,  2.28it/s]
 45%|████▌     | 312/690 [03:05<02:42,  2.32it/s]
 45%|████▌     | 313/690 [03:06<02:40,  2.35it/s]
 46%|████▌     | 314/690 [03:06<02:38,  2.37it/s]
 46%|████▌     | 315/690 [03:07<02:37,  2.39it/s]
 46%|████▌     | 316/690 [03:07<02:36,  2.40it/s]
 46%|████▌     | 317/690 [03:08<02:34,  2.41it/s]
 46%|████▌     | 318/690 [03:08<02:34,  2.41it/s]
 46%|████▌     | 319/690 [03:08<02:33,  2.42it/s]
 46%|████▋     | 320/690 [03:09<02:32,  2.42it/s]
 47%|████▋     | 321/690 [03:09<02:32,  2.42it/s]
 47%|████▋     | 322/690 [03:09<02:01,  3.03it/s]
                                                 

 47%|████▋     | 322/690 [03:09<02:01,  3.03it/s]CL loss: 0.6886045932769775, CE loss: 0.08846260607242584, combined loss: 0.14847680926322937
CL loss: 0.8830114603042603, CE loss: 0.1015176922082901, combined loss: 0.17966705560684204
CL loss: 0.6631622314453125, CE loss: 0.09089826792478561, combined loss: 0.14812466502189636
CL loss: 0.857360303401947, CE loss: 0.09044516086578369, combined loss: 0.16713666915893555
CL loss: 0.8892101645469666, CE loss: 0.09378403425216675, combined loss: 0.17332664132118225
CL loss: 0.8709240555763245, CE loss: 0.10090197622776031, combined loss: 0.1779041886329651
CL loss: 0.8003168702125549, CE loss: 0.0907982811331749, combined loss: 0.16175013780593872
CL loss: 0.9186698198318481, CE loss: 0.0968477874994278, combined loss: 0.17903000116348267
CL loss: 0.9461962580680847, CE loss: 0.09586808830499649, combined loss: 0.18090090155601501
CL loss: 0.8674203157424927, CE loss: 0.10040763765573502, combined loss: 0.17710891366004944
CL loss: 0.8357492685317993, CE loss: 0.09148316085338593, combined loss: 0.1659097671508789
CL loss: 0.8203936815261841, CE loss: 0.09445985406637192, combined loss: 0.1670532375574112
CL loss: 0.8715261220932007, CE loss: 0.09215196967124939, combined loss: 0.17008939385414124
CL loss: 0.7221770882606506, CE loss: 0.08782415837049484, combined loss: 0.15125945210456848
CL loss: 0.7296063303947449, CE loss: 0.09292389452457428, combined loss: 0.15659213066101074
CL loss: 0.8378599882125854, CE loss: 0.09212984144687653, combined loss: 0.16670286655426025
CL loss: 0.7948915362358093, CE loss: 0.08697784692049026, combined loss: 0.15776921808719635
CL loss: 0.9241971969604492, CE loss: 0.09802298247814178, combined loss: 0.18064039945602417
CL loss: 0.8117541074752808, CE loss: 0.08807310461997986, combined loss: 0.16044120490550995
CL loss: 0.9142556190490723, CE loss: 0.09260617941617966, combined loss: 0.17477113008499146
CL loss: 0.8722863793373108, CE loss: 0.09198035299777985, combined loss: 0.17001095414161682
CL loss: 0.7754936218261719, CE loss: 0.08363306522369385, combined loss: 0.15281912684440613
CL loss: 1.6719038486480713, CE loss: 0.09769430756568909, combined loss: 0.255115270614624
{'loss': 0.1705, 'grad_norm': 3.8736090660095215, 'learning_rate': 2.6666666666666667e-05, 'epoch': 14.0}
CL loss: 1.3608930110931396, CE loss: 0.09617779403924942, combined loss: 0.22264932096004486


  0%|          | 0/23 [00:00<?, ?it/s][A

 17%|█▋        | 4/23 [00:00<00:00, 39.89it/s][A

 35%|███▍      | 8/23 [00:00<00:00, 33.22it/s][A

 52%|█████▏    | 12/23 [00:00<00:00, 31.55it/s][A

 70%|██████▉   | 16/23 [00:00<00:00, 30.72it/s][A

 87%|████████▋ | 20/23 [00:00<00:00, 30.35it/s][A

                                               
[A
                                                 

100%|██████████| 23/23 [00:00<00:00, 30.35it/s][A
 47%|████▋     | 322/690 [03:11<02:01,  3.03it/s]

                                               [ACL loss: 1.237111210823059, CE loss: 0.10151859372854233, combined loss: 0.21507784724235535
CL loss: 1.3556610345840454, CE loss: 0.08757638931274414, combined loss: 0.21438485383987427
CL loss: 1.3944991827011108, CE loss: 0.0966343879699707, combined loss: 0.22642087936401367
CL loss: 1.1472139358520508, CE loss: 0.0762200728058815, combined loss: 0.18331944942474365
CL loss: 1.2278141975402832, CE loss: 0.08449838310480118, combined loss: 0.19882996380329132
CL loss: 0.9040001630783081, CE loss: 0.09013598412275314, combined loss: 0.17152240872383118
CL loss: 0.552306592464447, CE loss: 0.0687059834599495, combined loss: 0.11706604063510895
CL loss: 1.6508219242095947, CE loss: 0.07676622271537781, combined loss: 0.2341718077659607
CL loss: 1.1530413627624512, CE loss: 0.10584849864244461, combined loss: 0.21056777238845825
CL loss: 0.7858609557151794, CE loss: 0.07801518589258194, combined loss: 0.14879976212978363
CL loss: 1.5805341005325317, CE loss: 0.10429362207651138, combined loss: 0.25191766023635864
CL loss: 0.5532552599906921, CE loss: 0.07270988821983337, combined loss: 0.12076441943645477
CL loss: 1.5814580917358398, CE loss: 0.09476730972528458, combined loss: 0.24343639612197876
CL loss: 1.070706844329834, CE loss: 0.08733075857162476, combined loss: 0.18566836416721344
CL loss: 0.9793203473091125, CE loss: 0.08819285780191422, combined loss: 0.17730560898780823
CL loss: 1.10368812084198, CE loss: 0.0983729138970375, combined loss: 0.19890442490577698
CL loss: 1.4133882522583008, CE loss: 0.10286211967468262, combined loss: 0.23391473293304443
CL loss: 0.9736559391021729, CE loss: 0.08951728045940399, combined loss: 0.17793114483356476
CL loss: 1.6225003004074097, CE loss: 0.1031196117401123, combined loss: 0.255057692527771
CL loss: 1.1007062196731567, CE loss: 0.10093030333518982, combined loss: 0.2009078860282898
CL loss: 1.137792706489563, CE loss: 0.08724764734506607, combined loss: 0.1923021525144577
CL loss: 2.376415491104126, CE loss: 0.08651600778102875, combined loss: 0.3155059814453125
{'eval_loss': 0.19995345175266266, 'eval_top_1_macro_recall': 0.43609368575500523, 'eval_top_1_macro_precision': 0.44296426220070534, 'eval_top_1_macro_f1': 0.4325745660848334, 'eval_top_1_accuracy': 0.6784203102961918, 'eval_top_1_micro_recall': 0.6020025031289111, 'eval_top_1_micro_precision': 0.6784203102961918, 'eval_top_1_micro_f1': 0.6379310344827586, 'eval_top_2_macro_recall': 0.5915679395201513, 'eval_top_2_macro_precision': 0.40345516134990783, 'eval_top_2_macro_f1': 0.4607039688230982, 'eval_top_2_accuracy': 0.7997179125528914, 'eval_top_2_micro_recall': 0.7609511889862328, 'eval_top_2_micro_precision': 0.4287729196050776, 'eval_top_2_micro_f1': 0.5484889490302209, 'eval_top_3_macro_recall': 0.6826767778628388, 'eval_top_3_macro_precision': 0.32842413854330027, 'eval_top_3_macro_f1': 0.4186890792578373, 'eval_top_3_accuracy': 0.8688293370944993, 'eval_top_3_micro_recall': 0.8448060075093867, 'eval_top_3_micro_precision': 0.31734837799717913, 'eval_top_3_micro_f1': 0.4613807245386192, 'eval_runtime': 1.1201, 'eval_samples_per_second': 632.953, 'eval_steps_per_second': 20.533, 'epoch': 14.0}

 47%|████▋     | 323/690 [03:14<10:11,  1.67s/it]
 47%|████▋     | 324/690 [03:15<07:52,  1.29s/it]
 47%|████▋     | 325/690 [03:15<06:14,  1.03s/it]
 47%|████▋     | 326/690 [03:15<05:06,  1.19it/s]
 47%|████▋     | 327/690 [03:16<04:19,  1.40it/s]
 48%|████▊     | 328/690 [03:16<03:45,  1.61it/s]
 48%|████▊     | 329/690 [03:17<03:21,  1.79it/s]
 48%|████▊     | 330/690 [03:17<03:05,  1.94it/s]
 48%|████▊     | 331/690 [03:17<02:53,  2.07it/s]
 48%|████▊     | 332/690 [03:18<02:45,  2.16it/s]
 48%|████▊     | 333/690 [03:18<02:40,  2.23it/s]
 48%|████▊     | 334/690 [03:19<02:35,  2.28it/s]
 49%|████▊     | 335/690 [03:19<02:32,  2.33it/s]
 49%|████▊     | 336/690 [03:19<02:30,  2.35it/s]
 49%|████▉     | 337/690 [03:20<02:28,  2.37it/s]
 49%|████▉     | 338/690 [03:20<02:27,  2.39it/s]
 49%|████▉     | 339/690 [03:21<02:26,  2.40it/s]
 49%|████▉     | 340/690 [03:21<02:25,  2.41it/s]
 49%|████▉     | 341/690 [03:22<02:24,  2.42it/s]
 50%|████▉     | 342/690 [03:22<02:24,  2.41it/s]
 50%|████▉     | 343/690 [03:22<02:23,  2.42it/s]
 50%|████▉     | 344/690 [03:23<02:22,  2.42it/s]
 50%|█████     | 345/690 [03:23<01:53,  3.03it/s]
                                                 

 50%|█████     | 345/690 [03:23<01:53,  3.03it/s]CL loss: 0.8867157697677612, CE loss: 0.09316878020763397, combined loss: 0.17252348363399506
CL loss: 0.8307222127914429, CE loss: 0.09371580183506012, combined loss: 0.16741645336151123
CL loss: 0.8254544138908386, CE loss: 0.09042828530073166, combined loss: 0.16393089294433594
CL loss: 0.887860119342804, CE loss: 0.09156808257102966, combined loss: 0.1711972951889038
CL loss: 0.7178376317024231, CE loss: 0.08705691993236542, combined loss: 0.15013499557971954
CL loss: 0.689977765083313, CE loss: 0.08434268087148666, combined loss: 0.1449061930179596
CL loss: 0.7575650811195374, CE loss: 0.0937504693865776, combined loss: 0.16013193130493164
CL loss: 0.861844003200531, CE loss: 0.09902963042259216, combined loss: 0.17531105875968933
CL loss: 0.7859751582145691, CE loss: 0.09991693496704102, combined loss: 0.16852274537086487
CL loss: 0.8001505732536316, CE loss: 0.08082924038171768, combined loss: 0.15276136994361877
CL loss: 0.7049177885055542, CE loss: 0.0917971134185791, combined loss: 0.15310919284820557
CL loss: 0.7851954698562622, CE loss: 0.08871756494045258, combined loss: 0.15836535394191742
CL loss: 0.8273801803588867, CE loss: 0.08601438999176025, combined loss: 0.16015097498893738
CL loss: 0.8545347452163696, CE loss: 0.08837524056434631, combined loss: 0.16499118506908417
CL loss: 0.9436074495315552, CE loss: 0.09346222877502441, combined loss: 0.1784767508506775
CL loss: 0.8587218523025513, CE loss: 0.09315373748540878, combined loss: 0.16971054673194885
CL loss: 0.6390697956085205, CE loss: 0.0838150754570961, combined loss: 0.13934054970741272
CL loss: 0.7580168843269348, CE loss: 0.0892709344625473, combined loss: 0.15614554286003113
CL loss: 0.7079278826713562, CE loss: 0.08093782514333725, combined loss: 0.1436368227005005
CL loss: 0.8237992525100708, CE loss: 0.09415817260742188, combined loss: 0.1671222746372223
CL loss: 1.012607216835022, CE loss: 0.09346171468496323, combined loss: 0.18537625670433044
CL loss: 0.8325307369232178, CE loss: 0.09447595477104187, combined loss: 0.1682814359664917
CL loss: 1.154942274093628, CE loss: 0.10647326707839966, combined loss: 0.211320161819458
{'loss': 0.1645, 'grad_norm': 2.8153250217437744, 'learning_rate': 2.5e-05, 'epoch': 15.0}
CL loss: 1.466307520866394, CE loss: 0.09400222450494766, combined loss: 0.23123274743556976


  0%|          | 0/23 [00:00<?, ?it/s][A

 17%|█▋        | 4/23 [00:00<00:00, 39.66it/s][A

 35%|███▍      | 8/23 [00:00<00:00, 33.08it/s][A

 52%|█████▏    | 12/23 [00:00<00:00, 31.47it/s][A

 70%|██████▉   | 16/23 [00:00<00:00, 30.77it/s][A

 87%|████████▋ | 20/23 [00:00<00:00, 30.39it/s][A

                                               
[A
                                                 

100%|██████████| 23/23 [00:00<00:00, 30.39it/s][A
 50%|█████     | 345/690 [03:24<01:53,  3.03it/s]

                                               [ACL loss: 1.458513855934143, CE loss: 0.10278760641813278, combined loss: 0.2383602261543274
CL loss: 0.8542851209640503, CE loss: 0.08359967917203903, combined loss: 0.16066822409629822
CL loss: 1.5035377740859985, CE loss: 0.0988997370004654, combined loss: 0.23936353623867035
CL loss: 1.141770839691162, CE loss: 0.07673012465238571, combined loss: 0.18323418498039246
CL loss: 1.3627445697784424, CE loss: 0.0928603783249855, combined loss: 0.21984879672527313
CL loss: 0.70219886302948, CE loss: 0.08372144401073456, combined loss: 0.14556919038295746
CL loss: 0.5505592226982117, CE loss: 0.065559521317482, combined loss: 0.11405949294567108
CL loss: 1.5442237854003906, CE loss: 0.07966380566358566, combined loss: 0.22611981630325317
CL loss: 0.924405038356781, CE loss: 0.10615593194961548, combined loss: 0.18798084557056427
CL loss: 1.046573281288147, CE loss: 0.07690653949975967, combined loss: 0.17387321591377258
CL loss: 1.7253211736679077, CE loss: 0.10514809191226959, combined loss: 0.2671654224395752
CL loss: 0.4970279932022095, CE loss: 0.07081276923418045, combined loss: 0.11343429237604141
CL loss: 1.5557266473770142, CE loss: 0.09004182368516922, combined loss: 0.2366103082895279
CL loss: 0.9288249015808105, CE loss: 0.08044236898422241, combined loss: 0.16528062522411346
CL loss: 1.0778685808181763, CE loss: 0.08294060826301575, combined loss: 0.18243339657783508
CL loss: 1.131745457649231, CE loss: 0.09658690541982651, combined loss: 0.200102761387825
CL loss: 1.4732370376586914, CE loss: 0.09837751090526581, combined loss: 0.23586347699165344
CL loss: 0.7593821287155151, CE loss: 0.08626538515090942, combined loss: 0.15357705950737
CL loss: 1.5728623867034912, CE loss: 0.09362395852804184, combined loss: 0.24154779314994812
CL loss: 0.9583563208580017, CE loss: 0.10003466159105301, combined loss: 0.1858668327331543
CL loss: 1.218182921409607, CE loss: 0.09048623591661453, combined loss: 0.20325590670108795
CL loss: 5.237823486328125, CE loss: 0.08882620185613632, combined loss: 0.6037259697914124
{'eval_loss': 0.19857963919639587, 'eval_top_1_macro_recall': 0.4555966433729708, 'eval_top_1_macro_precision': 0.4468205512350892, 'eval_top_1_macro_f1': 0.4403707411867168, 'eval_top_1_accuracy': 0.6826516220028209, 'eval_top_1_micro_recall': 0.6057571964956195, 'eval_top_1_micro_precision': 0.6826516220028209, 'eval_top_1_micro_f1': 0.6419098143236074, 'eval_top_2_macro_recall': 0.5954976187005508, 'eval_top_2_macro_precision': 0.3537014711649945, 'eval_top_2_macro_f1': 0.42390813418656814, 'eval_top_2_accuracy': 0.8039492242595204, 'eval_top_2_micro_recall': 0.7571964956195244, 'eval_top_2_micro_precision': 0.42665726375176305, 'eval_top_2_micro_f1': 0.5457825890843482, 'eval_top_3_macro_recall': 0.6813148086424836, 'eval_top_3_macro_precision': 0.3035775263013896, 'eval_top_3_macro_f1': 0.3892913809514248, 'eval_top_3_accuracy': 0.8730606488011283, 'eval_top_3_micro_recall': 0.8385481852315394, 'eval_top_3_micro_precision': 0.3149976492712741, 'eval_top_3_micro_f1': 0.45796308954203696, 'eval_runtime': 1.1182, 'eval_samples_per_second': 634.043, 'eval_steps_per_second': 20.568, 'epoch': 15.0}

 50%|█████     | 346/690 [03:28<09:41,  1.69s/it]
 50%|█████     | 347/690 [03:28<07:28,  1.31s/it]
 50%|█████     | 348/690 [03:29<05:55,  1.04s/it]
 51%|█████     | 349/690 [03:29<04:50,  1.17it/s]
 51%|█████     | 350/690 [03:29<04:04,  1.39it/s]
 51%|█████     | 351/690 [03:30<03:32,  1.59it/s]
 51%|█████     | 352/690 [03:30<03:10,  1.77it/s]
 51%|█████     | 353/690 [03:31<02:54,  1.93it/s]
 51%|█████▏    | 354/690 [03:31<02:43,  2.05it/s]
 51%|█████▏    | 355/690 [03:31<02:35,  2.15it/s]
 52%|█████▏    | 356/690 [03:32<02:30,  2.23it/s]
 52%|█████▏    | 357/690 [03:32<02:25,  2.28it/s]
 52%|█████▏    | 358/690 [03:33<02:22,  2.32it/s]
 52%|█████▏    | 359/690 [03:33<02:20,  2.35it/s]
 52%|█████▏    | 360/690 [03:34<02:18,  2.38it/s]
 52%|█████▏    | 361/690 [03:34<02:17,  2.39it/s]
 52%|█████▏    | 362/690 [03:34<02:16,  2.40it/s]
 53%|█████▎    | 363/690 [03:35<02:15,  2.40it/s]
 53%|█████▎    | 364/690 [03:35<02:15,  2.41it/s]
 53%|█████▎    | 365/690 [03:36<02:14,  2.42it/s]
 53%|█████▎    | 366/690 [03:36<02:14,  2.42it/s]
 53%|█████▎    | 367/690 [03:36<02:13,  2.42it/s]
 53%|█████▎    | 368/690 [03:37<01:46,  3.03it/s]
                                                 

 53%|█████▎    | 368/690 [03:37<01:46,  3.03it/s]CL loss: 0.8616204261779785, CE loss: 0.09143650531768799, combined loss: 0.16845490038394928
CL loss: 0.7105918526649475, CE loss: 0.0894223228096962, combined loss: 0.15153928101062775
CL loss: 0.7682665586471558, CE loss: 0.09372441470623016, combined loss: 0.1611786186695099
CL loss: 0.7235698699951172, CE loss: 0.08491699397563934, combined loss: 0.14878228306770325
CL loss: 0.751663327217102, CE loss: 0.08186066150665283, combined loss: 0.14884093403816223
CL loss: 0.6812997460365295, CE loss: 0.07815666496753693, combined loss: 0.13847097754478455
CL loss: 0.7402297854423523, CE loss: 0.08638273924589157, combined loss: 0.15176743268966675
CL loss: 0.7821142673492432, CE loss: 0.08584429323673248, combined loss: 0.1554712951183319
CL loss: 0.7128485441207886, CE loss: 0.07813239842653275, combined loss: 0.1416040062904358
CL loss: 0.957025408744812, CE loss: 0.09073398262262344, combined loss: 0.17736312747001648
CL loss: 0.7264948487281799, CE loss: 0.08536848425865173, combined loss: 0.14948111772537231
CL loss: 0.7733832597732544, CE loss: 0.08491150289773941, combined loss: 0.1537586748600006
CL loss: 0.9030354022979736, CE loss: 0.09793444722890854, combined loss: 0.1784445345401764
CL loss: 0.8112568855285645, CE loss: 0.0842452123761177, combined loss: 0.15694639086723328
CL loss: 1.0043208599090576, CE loss: 0.09289280325174332, combined loss: 0.18403561413288116
CL loss: 0.7950105667114258, CE loss: 0.08938872814178467, combined loss: 0.15995091199874878
CL loss: 0.8137478828430176, CE loss: 0.08536629378795624, combined loss: 0.15820445120334625
CL loss: 0.7742254734039307, CE loss: 0.08935324102640152, combined loss: 0.15784046053886414
CL loss: 0.7304617762565613, CE loss: 0.08279968798160553, combined loss: 0.14756590127944946
CL loss: 0.7238790392875671, CE loss: 0.08042357861995697, combined loss: 0.14476913213729858
CL loss: 0.7148675918579102, CE loss: 0.08386889845132828, combined loss: 0.1469687670469284
CL loss: 0.8997122049331665, CE loss: 0.09185682982206345, combined loss: 0.17264236509799957
CL loss: 1.524253010749817, CE loss: 0.08463619649410248, combined loss: 0.22859787940979004
{'loss': 0.1601, 'grad_norm': 4.910249710083008, 'learning_rate': 2.3333333333333336e-05, 'epoch': 16.0}
CL loss: 1.444690465927124, CE loss: 0.09464461356401443, combined loss: 0.22964920103549957


  0%|          | 0/23 [00:00<?, ?it/s][A

 17%|█▋        | 4/23 [00:00<00:00, 39.86it/s][A

 35%|███▍      | 8/23 [00:00<00:00, 33.17it/s][A

 52%|█████▏    | 12/23 [00:00<00:00, 31.44it/s][A

 70%|██████▉   | 16/23 [00:00<00:00, 30.70it/s][A

 87%|████████▋ | 20/23 [00:00<00:00, 30.31it/s][A

                                               
[A
                                                 

100%|██████████| 23/23 [00:01<00:00, 30.31it/s][A
 53%|█████▎    | 368/690 [03:38<01:46,  3.03it/s]

                                               [ACL loss: 1.0297285318374634, CE loss: 0.09771160036325455, combined loss: 0.19091328978538513
CL loss: 1.4131314754486084, CE loss: 0.0854276567697525, combined loss: 0.2181980311870575
CL loss: 1.5891209840774536, CE loss: 0.10131651163101196, combined loss: 0.25009697675704956
CL loss: 1.2064741849899292, CE loss: 0.07844759523868561, combined loss: 0.1912502646446228
CL loss: 1.1906943321228027, CE loss: 0.08631613850593567, combined loss: 0.19675394892692566
CL loss: 0.5106155872344971, CE loss: 0.07977599650621414, combined loss: 0.12285995483398438
CL loss: 0.5355355143547058, CE loss: 0.06294139474630356, combined loss: 0.11020080745220184
CL loss: 1.6537113189697266, CE loss: 0.07651188969612122, combined loss: 0.2342318296432495
CL loss: 1.4835916757583618, CE loss: 0.10611509531736374, combined loss: 0.24386274814605713
CL loss: 0.7481904625892639, CE loss: 0.07107792049646378, combined loss: 0.13878917694091797
CL loss: 1.4008609056472778, CE loss: 0.09753641486167908, combined loss: 0.22786886990070343
CL loss: 0.49532344937324524, CE loss: 0.07168791443109512, combined loss: 0.1140514686703682
CL loss: 1.561865210533142, CE loss: 0.09186173975467682, combined loss: 0.238862082362175
CL loss: 0.9724688529968262, CE loss: 0.08200687170028687, combined loss: 0.17105306684970856
CL loss: 0.8470491766929626, CE loss: 0.08678051829338074, combined loss: 0.1628073751926422
CL loss: 1.169787049293518, CE loss: 0.09545745700597763, combined loss: 0.20289041101932526
CL loss: 1.3102648258209229, CE loss: 0.09837193042039871, combined loss: 0.21956121921539307
CL loss: 0.7044433355331421, CE loss: 0.07872716337442398, combined loss: 0.1412987858057022
CL loss: 1.5014787912368774, CE loss: 0.09201335161924362, combined loss: 0.23295989632606506
CL loss: 1.0566153526306152, CE loss: 0.09613315016031265, combined loss: 0.19218136370182037
CL loss: 1.224658489227295, CE loss: 0.08748374134302139, combined loss: 0.20120121538639069
CL loss: 2.7114665508270264, CE loss: 0.06893674284219742, combined loss: 0.3331897258758545
{'eval_loss': 0.19333608448505402, 'eval_top_1_macro_recall': 0.45461724104964996, 'eval_top_1_macro_precision': 0.44196583575021914, 'eval_top_1_macro_f1': 0.4418457024522828, 'eval_top_1_accuracy': 0.689703808180536, 'eval_top_1_micro_recall': 0.6120150187734669, 'eval_top_1_micro_precision': 0.689703808180536, 'eval_top_1_micro_f1': 0.6485411140583556, 'eval_top_2_macro_recall': 0.6096581388595251, 'eval_top_2_macro_precision': 0.3546750529927143, 'eval_top_2_macro_f1': 0.4319871245824679, 'eval_top_2_accuracy': 0.7968970380818053, 'eval_top_2_micro_recall': 0.7634543178973717, 'eval_top_2_micro_precision': 0.4301833568406206, 'eval_top_2_micro_f1': 0.5502931889941362, 'eval_top_3_macro_recall': 0.7017377171652719, 'eval_top_3_macro_precision': 0.30735110519048026, 'eval_top_3_macro_f1': 0.3978413837047421, 'eval_top_3_accuracy': 0.8730606488011283, 'eval_top_3_micro_recall': 0.8498122653316645, 'eval_top_3_micro_precision': 0.31922896097790315, 'eval_top_3_micro_f1': 0.4641148325358852, 'eval_runtime': 1.1368, 'eval_samples_per_second': 623.669, 'eval_steps_per_second': 20.232, 'epoch': 16.0}

 53%|█████▎    | 369/690 [03:42<09:11,  1.72s/it]
 54%|█████▎    | 370/690 [03:42<07:03,  1.32s/it]
 54%|█████▍    | 371/690 [03:42<05:35,  1.05s/it]
 54%|█████▍    | 372/690 [03:43<04:33,  1.16it/s]
 54%|█████▍    | 373/690 [03:43<03:49,  1.38it/s]
 54%|█████▍    | 374/690 [03:44<03:19,  1.58it/s]
 54%|█████▍    | 375/690 [03:44<02:58,  1.77it/s]
 54%|█████▍    | 376/690 [03:44<02:43,  1.92it/s]
 55%|█████▍    | 377/690 [03:45<02:32,  2.05it/s]
 55%|█████▍    | 378/690 [03:45<02:25,  2.15it/s]
 55%|█████▍    | 379/690 [03:46<02:19,  2.23it/s]
 55%|█████▌    | 380/690 [03:46<02:15,  2.29it/s]
 55%|█████▌    | 381/690 [03:46<02:13,  2.32it/s]
 55%|█████▌    | 382/690 [03:47<02:10,  2.35it/s]
 56%|█████▌    | 383/690 [03:47<02:09,  2.38it/s]
 56%|█████▌    | 384/690 [03:48<02:08,  2.39it/s]
 56%|█████▌    | 385/690 [03:48<02:06,  2.40it/s]
 56%|█████▌    | 386/690 [03:49<02:06,  2.40it/s]
 56%|█████▌    | 387/690 [03:49<02:05,  2.42it/s]
 56%|█████▌    | 388/690 [03:49<02:04,  2.42it/s]
 56%|█████▋    | 389/690 [03:50<02:04,  2.42it/s]
 57%|█████▋    | 390/690 [03:50<02:03,  2.43it/s]
 57%|█████▋    | 391/690 [03:50<01:39,  3.00it/s]
                                                 

 57%|█████▋    | 391/690 [03:50<01:39,  3.00it/s]CL loss: 0.8187620639801025, CE loss: 0.08759870380163193, combined loss: 0.1607150435447693
CL loss: 0.738272488117218, CE loss: 0.08537501096725464, combined loss: 0.15066476166248322
CL loss: 0.7677318453788757, CE loss: 0.08540317416191101, combined loss: 0.15363603830337524
CL loss: 0.9893938302993774, CE loss: 0.09510678052902222, combined loss: 0.18453547358512878
CL loss: 0.5177223086357117, CE loss: 0.07070992141962051, combined loss: 0.11541116237640381
CL loss: 0.6527293920516968, CE loss: 0.07753226906061172, combined loss: 0.13505198061466217
CL loss: 0.5903235077857971, CE loss: 0.08215117454528809, combined loss: 0.13296839594841003
CL loss: 0.8847640752792358, CE loss: 0.08306398242712021, combined loss: 0.16323399543762207
CL loss: 0.743063747882843, CE loss: 0.07996879518032074, combined loss: 0.1462782919406891
CL loss: 0.8745070695877075, CE loss: 0.09506112337112427, combined loss: 0.17300571501255035
CL loss: 0.7320684194564819, CE loss: 0.08246711641550064, combined loss: 0.1474272459745407
CL loss: 0.7562277913093567, CE loss: 0.0836619958281517, combined loss: 0.15091857314109802
CL loss: 0.8301916122436523, CE loss: 0.0846458449959755, combined loss: 0.15920041501522064
CL loss: 0.7178299427032471, CE loss: 0.08461374789476395, combined loss: 0.14793536067008972
CL loss: 0.60723477602005, CE loss: 0.08001415431499481, combined loss: 0.1327362209558487
CL loss: 0.6691866517066956, CE loss: 0.07760649919509888, combined loss: 0.1367645114660263
CL loss: 0.8507099747657776, CE loss: 0.08852093666791916, combined loss: 0.16473984718322754
CL loss: 0.8330022096633911, CE loss: 0.09138600528240204, combined loss: 0.16554763913154602
CL loss: 0.6946194767951965, CE loss: 0.08186297118663788, combined loss: 0.14313861727714539
CL loss: 0.8109153509140015, CE loss: 0.09067894518375397, combined loss: 0.16270259022712708
CL loss: 0.8489258289337158, CE loss: 0.08808518946170807, combined loss: 0.16416925191879272
CL loss: 0.8082206845283508, CE loss: 0.0796351432800293, combined loss: 0.1524937003850937
CL loss: 0.6318138241767883, CE loss: 0.08229438960552216, combined loss: 0.13724634051322937
{'loss': 0.1513, 'grad_norm': 1.7646143436431885, 'learning_rate': 2.1666666666666667e-05, 'epoch': 17.0}
CL loss: 1.490469217300415, CE loss: 0.08910719305276871, combined loss: 0.22924339771270752


  0%|          | 0/23 [00:00<?, ?it/s][A

 17%|█▋        | 4/23 [00:00<00:00, 40.00it/s][A

 35%|███▍      | 8/23 [00:00<00:00, 33.23it/s][A

 52%|█████▏    | 12/23 [00:00<00:00, 31.40it/s][A

 70%|██████▉   | 16/23 [00:00<00:00, 30.65it/s][A

 87%|████████▋ | 20/23 [00:00<00:00, 30.29it/s][A

                                               
[A
                                                 

100%|██████████| 23/23 [00:00<00:00, 30.29it/s][A
 57%|█████▋    | 391/690 [03:52<01:39,  3.00it/s]

                                               [ACL loss: 1.2823073863983154, CE loss: 0.10142391920089722, combined loss: 0.21951225399971008
CL loss: 1.311553955078125, CE loss: 0.08189045637845993, combined loss: 0.20485681295394897
CL loss: 1.3158068656921387, CE loss: 0.09599316120147705, combined loss: 0.21797454357147217
CL loss: 1.0935802459716797, CE loss: 0.0809093713760376, combined loss: 0.18217647075653076
CL loss: 1.346489429473877, CE loss: 0.08915992826223373, combined loss: 0.21489287912845612
CL loss: 0.7274467945098877, CE loss: 0.07913776487112045, combined loss: 0.14396867156028748
CL loss: 0.6261891722679138, CE loss: 0.06108390539884567, combined loss: 0.11759443581104279
CL loss: 1.7492250204086304, CE loss: 0.07529051601886749, combined loss: 0.24268397688865662
CL loss: 1.1842715740203857, CE loss: 0.10579901933670044, combined loss: 0.21364626288414001
CL loss: 0.7431215643882751, CE loss: 0.07133853435516357, combined loss: 0.1385168433189392
CL loss: 1.596911072731018, CE loss: 0.10031387209892273, combined loss: 0.2499735951423645
CL loss: 0.643695592880249, CE loss: 0.06842974573373795, combined loss: 0.12595632672309875
CL loss: 1.598442554473877, CE loss: 0.08551370352506638, combined loss: 0.23680660128593445
CL loss: 1.110318660736084, CE loss: 0.07605402916669846, combined loss: 0.17948049306869507
CL loss: 0.9166932106018066, CE loss: 0.07962853461503983, combined loss: 0.16333499550819397
CL loss: 1.2562183141708374, CE loss: 0.09353119879961014, combined loss: 0.20979991555213928
CL loss: 1.1982172727584839, CE loss: 0.1020975261926651, combined loss: 0.21170949935913086
CL loss: 0.5701568722724915, CE loss: 0.07447836548089981, combined loss: 0.1240462139248848
CL loss: 1.7464603185653687, CE loss: 0.0919557735323906, combined loss: 0.25740623474121094
CL loss: 0.9986686706542969, CE loss: 0.09049259126186371, combined loss: 0.18131020665168762
CL loss: 1.289802074432373, CE loss: 0.08712706714868546, combined loss: 0.2073945701122284
CL loss: 2.5676231384277344, CE loss: 0.08659518510103226, combined loss: 0.33469799160957336
{'eval_loss': 0.19518564641475677, 'eval_top_1_macro_recall': 0.44991813947035125, 'eval_top_1_macro_precision': 0.4392677474402897, 'eval_top_1_macro_f1': 0.4361477161202728, 'eval_top_1_accuracy': 0.6770098730606487, 'eval_top_1_micro_recall': 0.6007509386733417, 'eval_top_1_micro_precision': 0.6770098730606487, 'eval_top_1_micro_f1': 0.6366047745358091, 'eval_top_2_macro_recall': 0.6055971745332059, 'eval_top_2_macro_precision': 0.36131222432017984, 'eval_top_2_macro_f1': 0.43622905336579004, 'eval_top_2_accuracy': 0.8011283497884344, 'eval_top_2_micro_recall': 0.7647058823529411, 'eval_top_2_micro_precision': 0.4308885754583921, 'eval_top_2_micro_f1': 0.5511953089760938, 'eval_top_3_macro_recall': 0.7055743904274493, 'eval_top_3_macro_precision': 0.30842122873382516, 'eval_top_3_macro_f1': 0.40081088504802814, 'eval_top_3_accuracy': 0.8857545839210155, 'eval_top_3_micro_recall': 0.8635794743429287, 'eval_top_3_micro_precision': 0.3244005641748942, 'eval_top_3_micro_f1': 0.47163362952836635, 'eval_runtime': 1.1506, 'eval_samples_per_second': 616.176, 'eval_steps_per_second': 19.989, 'epoch': 17.0}

 57%|█████▋    | 392/690 [03:55<08:35,  1.73s/it]
 57%|█████▋    | 393/690 [03:56<06:36,  1.34s/it]
 57%|█████▋    | 394/690 [03:56<05:13,  1.06s/it]
 57%|█████▋    | 395/690 [03:57<04:15,  1.16it/s]
 57%|█████▋    | 396/690 [03:57<03:34,  1.37it/s]
 58%|█████▊    | 397/690 [03:57<03:06,  1.58it/s]
 58%|█████▊    | 398/690 [03:58<02:45,  1.76it/s]
 58%|█████▊    | 399/690 [03:58<02:31,  1.92it/s]
 58%|█████▊    | 400/690 [03:59<02:21,  2.05it/s]
 58%|█████▊    | 401/690 [03:59<02:14,  2.15it/s]
 58%|█████▊    | 402/690 [03:59<02:09,  2.23it/s]
 58%|█████▊    | 403/690 [04:00<02:05,  2.28it/s]
 59%|█████▊    | 404/690 [04:00<02:03,  2.32it/s]
 59%|█████▊    | 405/690 [04:01<02:01,  2.35it/s]
 59%|█████▉    | 406/690 [04:01<01:59,  2.37it/s]
 59%|█████▉    | 407/690 [04:01<01:58,  2.39it/s]
 59%|█████▉    | 408/690 [04:02<01:57,  2.40it/s]
 59%|█████▉    | 409/690 [04:02<01:56,  2.41it/s]
 59%|█████▉    | 410/690 [04:03<01:56,  2.41it/s]
 60%|█████▉    | 411/690 [04:03<01:55,  2.42it/s]
 60%|█████▉    | 412/690 [04:04<01:54,  2.42it/s]
 60%|█████▉    | 413/690 [04:04<01:54,  2.42it/s]
 60%|██████    | 414/690 [04:04<01:31,  3.03it/s]
                                                 

 60%|██████    | 414/690 [04:04<01:31,  3.03it/s]CL loss: 0.809170126914978, CE loss: 0.09208909422159195, combined loss: 0.16379719972610474
CL loss: 0.6319201588630676, CE loss: 0.07940223813056946, combined loss: 0.13465403020381927
CL loss: 0.765382707118988, CE loss: 0.08953243494033813, combined loss: 0.15711745619773865
CL loss: 0.7953335046768188, CE loss: 0.08901971578598022, combined loss: 0.15965110063552856
CL loss: 0.7560585141181946, CE loss: 0.08303982019424438, combined loss: 0.1503416895866394
CL loss: 0.8521691560745239, CE loss: 0.08339695632457733, combined loss: 0.1602741777896881
CL loss: 0.7144070863723755, CE loss: 0.0789119154214859, combined loss: 0.14246143400669098
CL loss: 0.7808423042297363, CE loss: 0.08064845949411392, combined loss: 0.15066784620285034
CL loss: 0.7014110684394836, CE loss: 0.08311846107244492, combined loss: 0.14494772255420685
CL loss: 0.7841440439224243, CE loss: 0.08720779418945312, combined loss: 0.15690141916275024
CL loss: 0.7903878092765808, CE loss: 0.08467655628919601, combined loss: 0.15524768829345703
CL loss: 0.6709402203559875, CE loss: 0.08183906227350235, combined loss: 0.14074917137622833
CL loss: 0.6949641108512878, CE loss: 0.07620061188936234, combined loss: 0.13807696104049683
CL loss: 0.7423938512802124, CE loss: 0.07997804880142212, combined loss: 0.1462196409702301
CL loss: 0.6082234382629395, CE loss: 0.0757296234369278, combined loss: 0.12897899746894836
CL loss: 0.8172628283500671, CE loss: 0.0819978415966034, combined loss: 0.155524343252182
CL loss: 0.7888419032096863, CE loss: 0.0852445587515831, combined loss: 0.1556043028831482
CL loss: 0.7385161519050598, CE loss: 0.08350127935409546, combined loss: 0.14900276064872742
CL loss: 0.7476660013198853, CE loss: 0.08615104109048843, combined loss: 0.15230253338813782
CL loss: 0.6310352683067322, CE loss: 0.07516937702894211, combined loss: 0.1307559609413147
CL loss: 0.7975726127624512, CE loss: 0.07958349585533142, combined loss: 0.1513824164867401
CL loss: 0.7228893041610718, CE loss: 0.0804605558514595, combined loss: 0.14470341801643372
CL loss: 1.16550612449646, CE loss: 0.07748620957136154, combined loss: 0.18628820776939392
{'loss': 0.1502, 'grad_norm': 3.098940372467041, 'learning_rate': 2e-05, 'epoch': 18.0}
CL loss: 1.2960864305496216, CE loss: 0.08812780678272247, combined loss: 0.20892366766929626


  0%|          | 0/23 [00:00<?, ?it/s][A

 17%|█▋        | 4/23 [00:00<00:00, 39.85it/s][A

 35%|███▍      | 8/23 [00:00<00:00, 33.22it/s][A

 52%|█████▏    | 12/23 [00:00<00:00, 31.47it/s][A

 70%|██████▉   | 16/23 [00:00<00:00, 30.74it/s][A

 87%|████████▋ | 20/23 [00:00<00:00, 30.31it/s][A

                                               
[A
                                                 

100%|██████████| 23/23 [00:00<00:00, 30.31it/s][A
 60%|██████    | 414/690 [04:05<01:31,  3.03it/s]

                                               [ACL loss: 1.0419361591339111, CE loss: 0.09542898833751678, combined loss: 0.1900797039270401
CL loss: 1.1114165782928467, CE loss: 0.07984498888254166, combined loss: 0.18300214409828186
CL loss: 1.319362998008728, CE loss: 0.09837731719017029, combined loss: 0.22047588229179382
CL loss: 1.0804431438446045, CE loss: 0.07639120519161224, combined loss: 0.17679640650749207
CL loss: 1.3324143886566162, CE loss: 0.09134411066770554, combined loss: 0.21545115113258362
CL loss: 0.5829219222068787, CE loss: 0.08075805753469467, combined loss: 0.1309744417667389
CL loss: 0.5128910541534424, CE loss: 0.05916200205683708, combined loss: 0.10453490912914276
CL loss: 1.6409410238265991, CE loss: 0.07464432716369629, combined loss: 0.23127400875091553
CL loss: 0.8112586140632629, CE loss: 0.10085403919219971, combined loss: 0.17189449071884155
CL loss: 0.8594786524772644, CE loss: 0.07060493528842926, combined loss: 0.1494922935962677
CL loss: 1.3617929220199585, CE loss: 0.09649310261011124, combined loss: 0.22302308678627014
CL loss: 0.5990836024284363, CE loss: 0.06858407706022263, combined loss: 0.12163402885198593
CL loss: 1.586997151374817, CE loss: 0.08373460918664932, combined loss: 0.2340608686208725
CL loss: 0.8200310468673706, CE loss: 0.07417205721139908, combined loss: 0.1487579643726349
CL loss: 0.8103658556938171, CE loss: 0.08542465418577194, combined loss: 0.157918781042099
CL loss: 1.3611899614334106, CE loss: 0.09407737106084824, combined loss: 0.2207886278629303
CL loss: 1.1109428405761719, CE loss: 0.09960445761680603, combined loss: 0.20073829591274261
CL loss: 0.6492143273353577, CE loss: 0.07258753478527069, combined loss: 0.1302502155303955
CL loss: 1.5439856052398682, CE loss: 0.09009262174367905, combined loss: 0.23548191785812378
CL loss: 0.9297320246696472, CE loss: 0.0956784188747406, combined loss: 0.17908377945423126
CL loss: 1.1552979946136475, CE loss: 0.08475140482187271, combined loss: 0.19180606305599213
CL loss: 1.981384038925171, CE loss: 0.0834401473402977, combined loss: 0.2732345461845398
{'eval_loss': 0.18365633487701416, 'eval_top_1_macro_recall': 0.4503892727195229, 'eval_top_1_macro_precision': 0.46036795721591467, 'eval_top_1_macro_f1': 0.4410091049180805, 'eval_top_1_accuracy': 0.6967559943582511, 'eval_top_1_micro_recall': 0.6182728410513142, 'eval_top_1_micro_precision': 0.6967559943582511, 'eval_top_1_micro_f1': 0.6551724137931034, 'eval_top_2_macro_recall': 0.6199331542379104, 'eval_top_2_macro_precision': 0.3794326627908829, 'eval_top_2_macro_f1': 0.4541246042985181, 'eval_top_2_accuracy': 0.8011283497884344, 'eval_top_2_micro_recall': 0.7709637046307884, 'eval_top_2_micro_precision': 0.43441466854724964, 'eval_top_2_micro_f1': 0.5557059088858818, 'eval_top_3_macro_recall': 0.7152979120398437, 'eval_top_3_macro_precision': 0.31405671586061995, 'eval_top_3_macro_f1': 0.4117708217251516, 'eval_top_3_accuracy': 0.8829337094499294, 'eval_top_3_micro_recall': 0.8623279098873592, 'eval_top_3_micro_precision': 0.3239304184297132, 'eval_top_3_micro_f1': 0.47095010252904984, 'eval_runtime': 1.1099, 'eval_samples_per_second': 638.784, 'eval_steps_per_second': 20.722, 'epoch': 18.0}

 60%|██████    | 415/690 [04:09<08:27,  1.84s/it]
 60%|██████    | 416/690 [04:10<06:27,  1.41s/it]
 60%|██████    | 417/690 [04:10<05:04,  1.11s/it]
 61%|██████    | 418/690 [04:11<04:07,  1.10it/s]
 61%|██████    | 419/690 [04:11<03:25,  1.32it/s]
 61%|██████    | 420/690 [04:12<02:57,  1.52it/s]
 61%|██████    | 421/690 [04:12<02:36,  1.72it/s]
 61%|██████    | 422/690 [04:12<02:22,  1.88it/s]
 61%|██████▏   | 423/690 [04:13<02:12,  2.02it/s]
 61%|██████▏   | 424/690 [04:13<02:05,  2.13it/s]
 62%|██████▏   | 425/690 [04:14<02:00,  2.21it/s]
 62%|██████▏   | 426/690 [04:14<01:56,  2.27it/s]
 62%|██████▏   | 427/690 [04:14<01:53,  2.31it/s]
 62%|██████▏   | 428/690 [04:15<01:51,  2.34it/s]
 62%|██████▏   | 429/690 [04:15<01:50,  2.37it/s]
 62%|██████▏   | 430/690 [04:16<01:49,  2.38it/s]
 62%|██████▏   | 431/690 [04:16<01:48,  2.40it/s]
 63%|██████▎   | 432/690 [04:17<01:47,  2.40it/s]
 63%|██████▎   | 433/690 [04:17<01:46,  2.41it/s]
 63%|██████▎   | 434/690 [04:17<01:45,  2.42it/s]
 63%|██████▎   | 435/690 [04:18<01:45,  2.42it/s]
 63%|██████▎   | 436/690 [04:18<01:44,  2.42it/s]
 63%|██████▎   | 437/690 [04:18<01:23,  3.02it/s]
                                                 

 63%|██████▎   | 437/690 [04:18<01:23,  3.02it/s]CL loss: 0.7936261892318726, CE loss: 0.0875019058585167, combined loss: 0.15811434388160706
CL loss: 0.7455432415008545, CE loss: 0.08160661906003952, combined loss: 0.14800027012825012
CL loss: 0.6996691823005676, CE loss: 0.08121711015701294, combined loss: 0.14306232333183289
CL loss: 0.7314114570617676, CE loss: 0.08062297850847244, combined loss: 0.1457018256187439
CL loss: 0.6119384765625, CE loss: 0.0836591050028801, combined loss: 0.13648703694343567
CL loss: 0.548563539981842, CE loss: 0.07218258082866669, combined loss: 0.11982068419456482
CL loss: 0.754019558429718, CE loss: 0.07949487864971161, combined loss: 0.14694735407829285
CL loss: 0.7403475642204285, CE loss: 0.08333892375230789, combined loss: 0.14903979003429413
CL loss: 0.7250544428825378, CE loss: 0.08194275945425034, combined loss: 0.14625392854213715
CL loss: 0.6199437975883484, CE loss: 0.07199744135141373, combined loss: 0.1267920732498169
CL loss: 0.6745706796646118, CE loss: 0.07854126393795013, combined loss: 0.13814420998096466
CL loss: 0.7024059891700745, CE loss: 0.08262854814529419, combined loss: 0.14460629224777222
CL loss: 0.704526960849762, CE loss: 0.07765454053878784, combined loss: 0.14034178853034973
CL loss: 0.7146997451782227, CE loss: 0.08104996383190155, combined loss: 0.14441494643688202
CL loss: 0.7305720448493958, CE loss: 0.07631144672632217, combined loss: 0.14173750579357147
CL loss: 0.8312211036682129, CE loss: 0.08802076429128647, combined loss: 0.16234079003334045
CL loss: 0.5610301494598389, CE loss: 0.07261593639850616, combined loss: 0.12145735323429108
CL loss: 0.6377854943275452, CE loss: 0.08211918920278549, combined loss: 0.13768582046031952
CL loss: 0.6501194834709167, CE loss: 0.07676149904727936, combined loss: 0.13409729301929474
CL loss: 0.7096778750419617, CE loss: 0.07777409255504608, combined loss: 0.14096447825431824
CL loss: 0.6898030638694763, CE loss: 0.08412720263004303, combined loss: 0.14469479024410248
CL loss: 0.740301251411438, CE loss: 0.08263161033391953, combined loss: 0.14839857816696167
CL loss: 0.9075695872306824, CE loss: 0.08453469723463058, combined loss: 0.16683818399906158
{'loss': 0.1429, 'grad_norm': 4.131582736968994, 'learning_rate': 1.8333333333333333e-05, 'epoch': 19.0}
CL loss: 1.2375940084457397, CE loss: 0.0787959173321724, combined loss: 0.1946757286787033


  0%|          | 0/23 [00:00<?, ?it/s][A

 22%|██▏       | 5/23 [00:00<00:00, 37.44it/s][A

 39%|███▉      | 9/23 [00:00<00:00, 32.93it/s][A

 57%|█████▋    | 13/23 [00:00<00:00, 31.51it/s][A

 74%|███████▍  | 17/23 [00:00<00:00, 30.79it/s][A

 91%|█████████▏| 21/23 [00:00<00:00, 30.39it/s][A

                                               
[A
                                                 

100%|██████████| 23/23 [00:00<00:00, 30.39it/s][A
 63%|██████▎   | 437/690 [04:20<01:23,  3.02it/s]

                                               [ACL loss: 1.1002190113067627, CE loss: 0.09233193099498749, combined loss: 0.19312064349651337
CL loss: 1.1648293733596802, CE loss: 0.07858550548553467, combined loss: 0.18720988929271698
CL loss: 1.362579584121704, CE loss: 0.09160050749778748, combined loss: 0.2186984121799469
CL loss: 1.0487518310546875, CE loss: 0.07910141348838806, combined loss: 0.17606645822525024
CL loss: 1.1204558610916138, CE loss: 0.08412837237119675, combined loss: 0.187761127948761
CL loss: 0.5760660767555237, CE loss: 0.0743158832192421, combined loss: 0.1244909018278122
CL loss: 0.5643054246902466, CE loss: 0.05650876462459564, combined loss: 0.1072884351015091
CL loss: 1.5764285326004028, CE loss: 0.073480024933815, combined loss: 0.22377488017082214
CL loss: 0.733695387840271, CE loss: 0.09283613413572311, combined loss: 0.15692205727100372
CL loss: 0.8876579999923706, CE loss: 0.06224210932850838, combined loss: 0.14478370547294617
CL loss: 1.7322083711624146, CE loss: 0.09810025244951248, combined loss: 0.26151105761528015
CL loss: 0.7094465494155884, CE loss: 0.06882674247026443, combined loss: 0.13288873434066772
CL loss: 1.2085376977920532, CE loss: 0.08093496412038803, combined loss: 0.19369524717330933
CL loss: 0.8357356190681458, CE loss: 0.06664557754993439, combined loss: 0.14355458319187164
CL loss: 0.9626311659812927, CE loss: 0.08015815913677216, combined loss: 0.1684054583311081
CL loss: 1.3899235725402832, CE loss: 0.09005262702703476, combined loss: 0.2200397253036499
CL loss: 1.5592482089996338, CE loss: 0.09794677793979645, combined loss: 0.2440769225358963
CL loss: 0.7026840448379517, CE loss: 0.0681479349732399, combined loss: 0.13160154223442078
CL loss: 1.919411301612854, CE loss: 0.09445905685424805, combined loss: 0.2769542932510376
CL loss: 1.3229219913482666, CE loss: 0.09888217598199844, combined loss: 0.22128614783287048
CL loss: 1.4691238403320312, CE loss: 0.08867637068033218, combined loss: 0.22672110795974731
CL loss: 3.494381904602051, CE loss: 0.06817838549613953, combined loss: 0.41079872846603394
{'eval_loss': 0.18954986333847046, 'eval_top_1_macro_recall': 0.46350559865653407, 'eval_top_1_macro_precision': 0.4499321405067879, 'eval_top_1_macro_f1': 0.45330820742763556, 'eval_top_1_accuracy': 0.7094499294781382, 'eval_top_1_micro_recall': 0.6295369211514393, 'eval_top_1_micro_precision': 0.7094499294781382, 'eval_top_1_micro_f1': 0.6671087533156499, 'eval_top_2_macro_recall': 0.6131683447736344, 'eval_top_2_macro_precision': 0.35801818065219654, 'eval_top_2_macro_f1': 0.43563177235448286, 'eval_top_2_accuracy': 0.8180535966149506, 'eval_top_2_micro_recall': 0.7784730913642053, 'eval_top_2_micro_precision': 0.4386459802538787, 'eval_top_2_micro_f1': 0.5611186287776274, 'eval_top_3_macro_recall': 0.7135013740252404, 'eval_top_3_macro_precision': 0.2990623010614766, 'eval_top_3_macro_f1': 0.3979866174028188, 'eval_top_3_accuracy': 0.8815232722143864, 'eval_top_3_micro_recall': 0.8635794743429287, 'eval_top_3_micro_precision': 0.3244005641748942, 'eval_top_3_micro_f1': 0.47163362952836635, 'eval_runtime': 1.0935, 'eval_samples_per_second': 648.402, 'eval_steps_per_second': 21.034, 'epoch': 19.0}

 63%|██████▎   | 438/690 [04:23<07:06,  1.69s/it]
 64%|██████▎   | 439/690 [04:24<05:28,  1.31s/it]
 64%|██████▍   | 440/690 [04:24<04:20,  1.04s/it]
 64%|██████▍   | 441/690 [04:24<03:31,  1.17it/s]
 64%|██████▍   | 442/690 [04:25<02:58,  1.39it/s]
 64%|██████▍   | 443/690 [04:25<02:34,  1.59it/s]
 64%|██████▍   | 444/690 [04:26<02:18,  1.78it/s]
 64%|██████▍   | 445/690 [04:26<02:06,  1.93it/s]
 65%|██████▍   | 446/690 [04:26<01:58,  2.06it/s]
 65%|██████▍   | 447/690 [04:27<01:52,  2.15it/s]
 65%|██████▍   | 448/690 [04:27<01:48,  2.23it/s]
 65%|██████▌   | 449/690 [04:28<01:45,  2.28it/s]
 65%|██████▌   | 450/690 [04:28<01:43,  2.32it/s]
 65%|██████▌   | 451/690 [04:29<01:41,  2.35it/s]
 66%|██████▌   | 452/690 [04:29<01:40,  2.37it/s]
 66%|██████▌   | 453/690 [04:29<01:39,  2.39it/s]
 66%|██████▌   | 454/690 [04:30<01:38,  2.40it/s]
 66%|██████▌   | 455/690 [04:30<01:37,  2.40it/s]
 66%|██████▌   | 456/690 [04:31<01:37,  2.41it/s]
 66%|██████▌   | 457/690 [04:31<01:36,  2.41it/s]
 66%|██████▋   | 458/690 [04:31<01:35,  2.42it/s]
 67%|██████▋   | 459/690 [04:32<01:35,  2.42it/s]
 67%|██████▋   | 460/690 [04:32<01:15,  3.03it/s]
                                                 

 67%|██████▋   | 460/690 [04:32<01:15,  3.03it/s]CL loss: 0.6035997867584229, CE loss: 0.07843116670846939, combined loss: 0.1309480220079422
CL loss: 0.6589794754981995, CE loss: 0.0742165595293045, combined loss: 0.1326928436756134
CL loss: 0.709429919719696, CE loss: 0.08017341047525406, combined loss: 0.14309905469417572
CL loss: 0.6313291192054749, CE loss: 0.07195539772510529, combined loss: 0.12789276242256165
CL loss: 0.6608474850654602, CE loss: 0.07670913636684418, combined loss: 0.13512296974658966
CL loss: 0.7910693883895874, CE loss: 0.08065272867679596, combined loss: 0.1516943871974945
CL loss: 0.6052318811416626, CE loss: 0.07379946857690811, combined loss: 0.1269427090883255
CL loss: 0.6319423913955688, CE loss: 0.06922920793294907, combined loss: 0.12550053000450134
CL loss: 0.6052864193916321, CE loss: 0.07815627008676529, combined loss: 0.1308692842721939
CL loss: 0.8311320543289185, CE loss: 0.08172527700662613, combined loss: 0.15666595101356506
CL loss: 0.7737104892730713, CE loss: 0.08673417568206787, combined loss: 0.1554318070411682
CL loss: 0.7017812728881836, CE loss: 0.08111691474914551, combined loss: 0.14318335056304932
CL loss: 0.5827741622924805, CE loss: 0.07916232198476791, combined loss: 0.12952350080013275
CL loss: 0.7300586700439453, CE loss: 0.0763014629483223, combined loss: 0.14167718589305878
CL loss: 0.7464002966880798, CE loss: 0.07910138368606567, combined loss: 0.14583127200603485
CL loss: 0.6858129501342773, CE loss: 0.07490547001361847, combined loss: 0.13599622249603271
CL loss: 0.639189600944519, CE loss: 0.07152599096298218, combined loss: 0.12829235196113586
CL loss: 0.7341548800468445, CE loss: 0.08060844987630844, combined loss: 0.14596308767795563
CL loss: 0.5532604455947876, CE loss: 0.07239311933517456, combined loss: 0.12047985196113586
CL loss: 0.6507341861724854, CE loss: 0.0727696567773819, combined loss: 0.13056612014770508
CL loss: 0.6342263221740723, CE loss: 0.06833191961050034, combined loss: 0.12492136657238007
CL loss: 0.7278891801834106, CE loss: 0.07913997769355774, combined loss: 0.1440148949623108
CL loss: 1.1984238624572754, CE loss: 0.08139219880104065, combined loss: 0.1930953562259674
{'loss': 0.1391, 'grad_norm': 4.710918426513672, 'learning_rate': 1.6666666666666667e-05, 'epoch': 20.0}
CL loss: 1.3212902545928955, CE loss: 0.08043744415044785, combined loss: 0.2045227289199829


  0%|          | 0/23 [00:00<?, ?it/s][A

 17%|█▋        | 4/23 [00:00<00:00, 39.32it/s][A

 35%|███▍      | 8/23 [00:00<00:00, 33.05it/s][A

 52%|█████▏    | 12/23 [00:00<00:00, 31.38it/s][A

 70%|██████▉   | 16/23 [00:00<00:00, 30.60it/s][A

 87%|████████▋ | 20/23 [00:00<00:00, 30.24it/s][A

                                               
[A
                                                 

100%|██████████| 23/23 [00:00<00:00, 30.24it/s][A
 67%|██████▋   | 460/690 [04:33<01:15,  3.03it/s]

                                               [ACL loss: 1.1798622608184814, CE loss: 0.08978833258152008, combined loss: 0.19879572093486786
CL loss: 1.4088481664657593, CE loss: 0.07963351160287857, combined loss: 0.21255497634410858
CL loss: 1.525692343711853, CE loss: 0.09989284723997116, combined loss: 0.2424727976322174
CL loss: 1.0702669620513916, CE loss: 0.07731427997350693, combined loss: 0.17660954594612122
CL loss: 1.0093780755996704, CE loss: 0.07779747247695923, combined loss: 0.17095553874969482
CL loss: 0.7874950766563416, CE loss: 0.07792393118143082, combined loss: 0.14888104796409607
CL loss: 0.5450447797775269, CE loss: 0.05968676134943962, combined loss: 0.10822255909442902
CL loss: 1.7442671060562134, CE loss: 0.07594344764947891, combined loss: 0.2427758276462555
CL loss: 1.0117180347442627, CE loss: 0.10441617667675018, combined loss: 0.1951463520526886
CL loss: 0.9450822472572327, CE loss: 0.06404276192188263, combined loss: 0.15214671194553375
CL loss: 1.9235458374023438, CE loss: 0.10677509009838104, combined loss: 0.2884521782398224
CL loss: 0.6173302531242371, CE loss: 0.07208158075809479, combined loss: 0.12660644948482513
CL loss: 1.4169466495513916, CE loss: 0.08174571394920349, combined loss: 0.21526581048965454
CL loss: 1.1235759258270264, CE loss: 0.0697774589061737, combined loss: 0.1751573085784912
CL loss: 0.808175802230835, CE loss: 0.0790695920586586, combined loss: 0.1519802212715149
CL loss: 1.690171718597412, CE loss: 0.09533612430095673, combined loss: 0.25481969118118286
CL loss: 1.263490080833435, CE loss: 0.09420282393693924, combined loss: 0.21113155782222748
CL loss: 0.8405240774154663, CE loss: 0.06812836229801178, combined loss: 0.14536793529987335
CL loss: 1.5906010866165161, CE loss: 0.09024564921855927, combined loss: 0.24028119444847107
CL loss: 1.324430227279663, CE loss: 0.09849295020103455, combined loss: 0.22108668088912964
CL loss: 1.396554946899414, CE loss: 0.09312593191862106, combined loss: 0.2234688401222229
CL loss: 3.0764875411987305, CE loss: 0.060434941202402115, combined loss: 0.3620401918888092
{'eval_loss': 0.19693177938461304, 'eval_top_1_macro_recall': 0.474629640153908, 'eval_top_1_macro_precision': 0.462657480906144, 'eval_top_1_macro_f1': 0.46160889289173074, 'eval_top_1_accuracy': 0.7263751763046544, 'eval_top_1_micro_recall': 0.6445556946182729, 'eval_top_1_micro_precision': 0.7263751763046544, 'eval_top_1_micro_f1': 0.6830238726790451, 'eval_top_2_macro_recall': 0.6008383610243397, 'eval_top_2_macro_precision': 0.35212268016790094, 'eval_top_2_macro_f1': 0.4278673966998363, 'eval_top_2_accuracy': 0.8124118476727785, 'eval_top_2_micro_recall': 0.772215269086358, 'eval_top_2_micro_precision': 0.43511988716502115, 'eval_top_2_micro_f1': 0.5566080288678394, 'eval_top_3_macro_recall': 0.713656979866308, 'eval_top_3_macro_precision': 0.2949119737825557, 'eval_top_3_macro_f1': 0.3945921164599391, 'eval_top_3_accuracy': 0.8702397743300423, 'eval_top_3_micro_recall': 0.853566958698373, 'eval_top_3_micro_precision': 0.32063939821344617, 'eval_top_3_micro_f1': 0.4661654135338346, 'eval_runtime': 1.1176, 'eval_samples_per_second': 634.413, 'eval_steps_per_second': 20.58, 'epoch': 20.0}

 67%|██████▋   | 461/690 [04:37<06:27,  1.69s/it]
 67%|██████▋   | 462/690 [04:37<04:58,  1.31s/it]
 67%|██████▋   | 463/690 [04:38<03:55,  1.04s/it]
 67%|██████▋   | 464/690 [04:38<03:12,  1.17it/s]
 67%|██████▋   | 465/690 [04:38<02:41,  1.39it/s]
 68%|██████▊   | 466/690 [04:39<02:20,  1.59it/s]
 68%|██████▊   | 467/690 [04:39<02:05,  1.78it/s]
 68%|██████▊   | 468/690 [04:40<01:55,  1.93it/s]
 68%|██████▊   | 469/690 [04:40<01:47,  2.05it/s]
 68%|██████▊   | 470/690 [04:41<01:42,  2.15it/s]
 68%|██████▊   | 471/690 [04:41<01:38,  2.23it/s]
 68%|██████▊   | 472/690 [04:41<01:35,  2.28it/s]
 69%|██████▊   | 473/690 [04:42<01:33,  2.32it/s]
 69%|██████▊   | 474/690 [04:42<01:31,  2.35it/s]
 69%|██████▉   | 475/690 [04:43<01:30,  2.38it/s]
 69%|██████▉   | 476/690 [04:43<01:29,  2.39it/s]
 69%|██████▉   | 477/690 [04:43<01:28,  2.40it/s]
 69%|██████▉   | 478/690 [04:44<01:28,  2.41it/s]
 69%|██████▉   | 479/690 [04:44<01:27,  2.41it/s]
 70%|██████▉   | 480/690 [04:45<01:26,  2.42it/s]
 70%|██████▉   | 481/690 [04:45<01:26,  2.42it/s]
 70%|██████▉   | 482/690 [04:45<01:25,  2.42it/s]
 70%|███████   | 483/690 [04:46<01:07,  3.08it/s]
                                                 

 70%|███████   | 483/690 [04:46<01:07,  3.08it/s]CL loss: 0.5651319622993469, CE loss: 0.07112287729978561, combined loss: 0.12052378803491592
CL loss: 0.7515972852706909, CE loss: 0.08336610347032547, combined loss: 0.15018922090530396
CL loss: 0.5433162450790405, CE loss: 0.07325375080108643, combined loss: 0.12026000022888184
CL loss: 0.45435911417007446, CE loss: 0.06395517289638519, combined loss: 0.10299556702375412
CL loss: 0.7441455125808716, CE loss: 0.08347281813621521, combined loss: 0.14954009652137756
CL loss: 0.731343686580658, CE loss: 0.08370129019021988, combined loss: 0.14846552908420563
CL loss: 0.5329869389533997, CE loss: 0.0739607959985733, combined loss: 0.11986340582370758
CL loss: 0.5854688882827759, CE loss: 0.0702492892742157, combined loss: 0.12177124619483948
CL loss: 0.6682824492454529, CE loss: 0.0700877457857132, combined loss: 0.12990722060203552
CL loss: 0.6277499198913574, CE loss: 0.0756373181939125, combined loss: 0.13084858655929565
CL loss: 0.6189621090888977, CE loss: 0.07482204586267471, combined loss: 0.12923604249954224
CL loss: 0.745366632938385, CE loss: 0.08419791609048843, combined loss: 0.15031477808952332
CL loss: 0.6831145286560059, CE loss: 0.07725360244512558, combined loss: 0.1378396898508072
CL loss: 0.5147227644920349, CE loss: 0.06902941316366196, combined loss: 0.11359874904155731
CL loss: 0.5879661440849304, CE loss: 0.07833234965801239, combined loss: 0.1292957365512848
CL loss: 0.682809591293335, CE loss: 0.07466670125722885, combined loss: 0.13548098504543304
CL loss: 0.6604434251785278, CE loss: 0.07749298959970474, combined loss: 0.13578802347183228
CL loss: 0.5923042893409729, CE loss: 0.07393989711999893, combined loss: 0.12577633559703827
CL loss: 0.6786709427833557, CE loss: 0.08035648614168167, combined loss: 0.14018791913986206
CL loss: 0.6285724639892578, CE loss: 0.06795662641525269, combined loss: 0.12401820719242096
CL loss: 0.686831533908844, CE loss: 0.08132980018854141, combined loss: 0.14187997579574585
CL loss: 0.7981349229812622, CE loss: 0.07903606444597244, combined loss: 0.15094596147537231
CL loss: 0.5760238170623779, CE loss: 0.0762237086892128, combined loss: 0.126203715801239
{'loss': 0.132, 'grad_norm': 3.1207454204559326, 'learning_rate': 1.5e-05, 'epoch': 21.0}
CL loss: 1.204163670539856, CE loss: 0.07439026981592178, combined loss: 0.18736760318279266


  0%|          | 0/23 [00:00<?, ?it/s][A

 17%|█▋        | 4/23 [00:00<00:00, 39.65it/s][A

 35%|███▍      | 8/23 [00:00<00:00, 33.05it/s][A

 52%|█████▏    | 12/23 [00:00<00:00, 31.44it/s][A

 70%|██████▉   | 16/23 [00:00<00:00, 30.70it/s][A

 87%|████████▋ | 20/23 [00:00<00:00, 30.27it/s][A

                                               
[A
                                                 

100%|██████████| 23/23 [00:00<00:00, 30.27it/s][A
 70%|███████   | 483/690 [04:47<01:07,  3.08it/s]

                                               [ACL loss: 1.1407408714294434, CE loss: 0.08755240589380264, combined loss: 0.19287124276161194
CL loss: 1.274453043937683, CE loss: 0.07858686149120331, combined loss: 0.19817349314689636
CL loss: 1.4315333366394043, CE loss: 0.09493798017501831, combined loss: 0.2285975217819214
CL loss: 1.1720387935638428, CE loss: 0.0838952288031578, combined loss: 0.19270959496498108
CL loss: 0.966398298740387, CE loss: 0.07893127202987671, combined loss: 0.16767796874046326
CL loss: 0.5825365781784058, CE loss: 0.06976212561130524, combined loss: 0.12103956937789917
CL loss: 0.56495600938797, CE loss: 0.05620570853352547, combined loss: 0.10708074271678925
CL loss: 1.7664144039154053, CE loss: 0.07270261645317078, combined loss: 0.24207380414009094
CL loss: 0.750477135181427, CE loss: 0.094172403216362, combined loss: 0.1598028838634491
CL loss: 0.7490856051445007, CE loss: 0.06150951236486435, combined loss: 0.13026711344718933
CL loss: 1.5486053228378296, CE loss: 0.09230371564626694, combined loss: 0.23793387413024902
CL loss: 0.5979262590408325, CE loss: 0.06578327715396881, combined loss: 0.11899757385253906
CL loss: 1.6631414890289307, CE loss: 0.08705142140388489, combined loss: 0.24466043710708618
CL loss: 1.2242422103881836, CE loss: 0.07078400999307632, combined loss: 0.1861298382282257
CL loss: 0.98121577501297, CE loss: 0.07733406871557236, combined loss: 0.16772222518920898
CL loss: 1.2494946718215942, CE loss: 0.0900663211941719, combined loss: 0.2060091495513916
CL loss: 1.051356315612793, CE loss: 0.09337202459573746, combined loss: 0.1891704499721527
CL loss: 0.5854377746582031, CE loss: 0.06856335699558258, combined loss: 0.12025079876184464
CL loss: 1.9221365451812744, CE loss: 0.09510204941034317, combined loss: 0.27780550718307495
CL loss: 1.0416845083236694, CE loss: 0.09613412618637085, combined loss: 0.19068916141986847
CL loss: 1.5132591724395752, CE loss: 0.08474685996770859, combined loss: 0.22759810090065002
CL loss: 2.45513653755188, CE loss: 0.08437185734510422, combined loss: 0.32144832611083984
{'eval_loss': 0.18707385659217834, 'eval_top_1_macro_recall': 0.4675516431139096, 'eval_top_1_macro_precision': 0.4601459252093399, 'eval_top_1_macro_f1': 0.45971832982843513, 'eval_top_1_accuracy': 0.7221438645980254, 'eval_top_1_micro_recall': 0.6408010012515645, 'eval_top_1_micro_precision': 0.7221438645980254, 'eval_top_1_micro_f1': 0.6790450928381963, 'eval_top_2_macro_recall': 0.6582725984415062, 'eval_top_2_macro_precision': 0.38529428057771453, 'eval_top_2_macro_f1': 0.4680869310355647, 'eval_top_2_accuracy': 0.8138222849083215, 'eval_top_2_micro_recall': 0.7934918648310388, 'eval_top_2_micro_precision': 0.44710860366713684, 'eval_top_2_micro_f1': 0.5719440685611186, 'eval_top_3_macro_recall': 0.7777018308680457, 'eval_top_3_macro_precision': 0.34143934104040513, 'eval_top_3_macro_f1': 0.44544364221695754, 'eval_top_3_accuracy': 0.8843441466854725, 'eval_top_3_micro_recall': 0.869837296620776, 'eval_top_3_micro_precision': 0.32675129290079924, 'eval_top_3_micro_f1': 0.47505126452494867, 'eval_runtime': 1.1199, 'eval_samples_per_second': 633.093, 'eval_steps_per_second': 20.538, 'epoch': 21.0}

 70%|███████   | 484/690 [04:50<05:45,  1.68s/it]
 70%|███████   | 485/690 [04:51<04:26,  1.30s/it]
 70%|███████   | 486/690 [04:51<03:30,  1.03s/it]
 71%|███████   | 487/690 [04:52<02:51,  1.18it/s]
 71%|███████   | 488/690 [04:52<02:24,  1.40it/s]
 71%|███████   | 489/690 [04:53<02:05,  1.60it/s]
 71%|███████   | 490/690 [04:53<01:52,  1.78it/s]
 71%|███████   | 491/690 [04:53<01:42,  1.93it/s]
 71%|███████▏  | 492/690 [04:54<01:36,  2.06it/s]
 71%|███████▏  | 493/690 [04:54<01:31,  2.16it/s]
 72%|███████▏  | 494/690 [04:55<01:28,  2.23it/s]
 72%|███████▏  | 495/690 [04:55<01:25,  2.29it/s]
 72%|███████▏  | 496/690 [04:55<01:23,  2.32it/s]
 72%|███████▏  | 497/690 [04:56<01:21,  2.36it/s]
 72%|███████▏  | 498/690 [04:56<01:20,  2.37it/s]
 72%|███████▏  | 499/690 [04:57<01:19,  2.39it/s]
 72%|███████▏  | 500/690 [04:57<01:19,  2.40it/s]
 73%|███████▎  | 501/690 [04:57<01:18,  2.41it/s]
 73%|███████▎  | 502/690 [04:58<01:17,  2.42it/s]
 73%|███████▎  | 503/690 [04:58<01:17,  2.41it/s]
 73%|███████▎  | 504/690 [04:59<01:16,  2.42it/s]
 73%|███████▎  | 505/690 [04:59<01:16,  2.42it/s]
 73%|███████▎  | 506/690 [04:59<01:02,  2.94it/s]
                                                 

 73%|███████▎  | 506/690 [04:59<01:02,  2.94it/s]CL loss: 0.7640712261199951, CE loss: 0.08032103627920151, combined loss: 0.14869606494903564
CL loss: 0.6240622401237488, CE loss: 0.07230798900127411, combined loss: 0.12748341262340546
CL loss: 0.6801866888999939, CE loss: 0.08020436763763428, combined loss: 0.140202596783638
CL loss: 0.7896748781204224, CE loss: 0.08077914267778397, combined loss: 0.1516687124967575
CL loss: 0.5869095325469971, CE loss: 0.07244972139596939, combined loss: 0.12389570474624634
CL loss: 0.5916711091995239, CE loss: 0.07807976752519608, combined loss: 0.12943890690803528
CL loss: 0.7448652386665344, CE loss: 0.07465491443872452, combined loss: 0.1416759490966797
CL loss: 0.5969622731208801, CE loss: 0.06874062865972519, combined loss: 0.12156279385089874
CL loss: 0.5983158946037292, CE loss: 0.07502225786447525, combined loss: 0.12735161185264587
CL loss: 0.6435152888298035, CE loss: 0.07334089279174805, combined loss: 0.13035833835601807
CL loss: 0.7427680492401123, CE loss: 0.0747809112071991, combined loss: 0.14157962799072266
CL loss: 0.4583827257156372, CE loss: 0.07012088596820831, combined loss: 0.10894706845283508
CL loss: 0.5489969253540039, CE loss: 0.06699401140213013, combined loss: 0.11519430577754974
CL loss: 0.7105062007904053, CE loss: 0.07374422997236252, combined loss: 0.1374204158782959
CL loss: 0.6515214443206787, CE loss: 0.07702212035655975, combined loss: 0.1344720423221588
CL loss: 0.8019611239433289, CE loss: 0.07420468330383301, combined loss: 0.14698031544685364
CL loss: 0.5784144401550293, CE loss: 0.0786791518330574, combined loss: 0.1286526769399643
CL loss: 0.563582718372345, CE loss: 0.07330793142318726, combined loss: 0.12233540415763855
CL loss: 0.5943279266357422, CE loss: 0.06955601274967194, combined loss: 0.12203320860862732
CL loss: 0.5809032917022705, CE loss: 0.07391291856765747, combined loss: 0.12461195141077042
CL loss: 0.5862268209457397, CE loss: 0.07083413749933243, combined loss: 0.12237340211868286
CL loss: 0.610609769821167, CE loss: 0.07111946493387222, combined loss: 0.12506848573684692
CL loss: 0.6946310997009277, CE loss: 0.07181043177843094, combined loss: 0.13409249484539032
{'loss': 0.1307, 'grad_norm': 2.1848366260528564, 'learning_rate': 1.3333333333333333e-05, 'epoch': 22.0}
CL loss: 1.1866037845611572, CE loss: 0.07449710369110107, combined loss: 0.18570777773857117


  0%|          | 0/23 [00:00<?, ?it/s][A

 17%|█▋        | 4/23 [00:00<00:00, 39.83it/s][A

 35%|███▍      | 8/23 [00:00<00:00, 33.23it/s][A

 52%|█████▏    | 12/23 [00:00<00:00, 31.49it/s][A

 70%|██████▉   | 16/23 [00:00<00:00, 30.74it/s][A

 87%|████████▋ | 20/23 [00:00<00:00, 30.31it/s][A

                                               
[A
                                                 

100%|██████████| 23/23 [00:00<00:00, 30.31it/s][A
 73%|███████▎  | 506/690 [05:01<01:02,  2.94it/s]

                                               [ACL loss: 1.0740967988967896, CE loss: 0.08571404963731766, combined loss: 0.18455231189727783
CL loss: 1.150750756263733, CE loss: 0.07617585361003876, combined loss: 0.18363334238529205
CL loss: 1.474055528640747, CE loss: 0.09131123870611191, combined loss: 0.229585662484169
CL loss: 1.129194736480713, CE loss: 0.07952644675970078, combined loss: 0.1844932734966278
CL loss: 0.8308178186416626, CE loss: 0.07581541687250137, combined loss: 0.15131565928459167
CL loss: 0.8286805748939514, CE loss: 0.07183408737182617, combined loss: 0.14751873910427094
CL loss: 0.5766750574111938, CE loss: 0.054577119648456573, combined loss: 0.10678690671920776
CL loss: 1.5743637084960938, CE loss: 0.06948857009410858, combined loss: 0.21997608244419098
CL loss: 0.8459329009056091, CE loss: 0.09432172030210495, combined loss: 0.16948282718658447
CL loss: 0.7763444185256958, CE loss: 0.058925412595272064, combined loss: 0.1306673139333725
CL loss: 1.7275302410125732, CE loss: 0.09599284827709198, combined loss: 0.2591465711593628
CL loss: 0.5401889681816101, CE loss: 0.06255155801773071, combined loss: 0.11031529307365417
CL loss: 1.365617036819458, CE loss: 0.08299442380666733, combined loss: 0.21125668287277222
CL loss: 0.9675370454788208, CE loss: 0.06697962433099747, combined loss: 0.15703536570072174
CL loss: 1.0093647241592407, CE loss: 0.07317022979259491, combined loss: 0.1667896807193756
CL loss: 1.5782194137573242, CE loss: 0.09060829877853394, combined loss: 0.23936940729618073
CL loss: 1.20870840549469, CE loss: 0.09098511934280396, combined loss: 0.20275744795799255
CL loss: 0.7893549203872681, CE loss: 0.06931812316179276, combined loss: 0.1413218080997467
CL loss: 1.6218427419662476, CE loss: 0.09313259273767471, combined loss: 0.24600361287593842
CL loss: 1.2531239986419678, CE loss: 0.09201546758413315, combined loss: 0.20812632143497467
CL loss: 1.5078727006912231, CE loss: 0.08286623656749725, combined loss: 0.22536689043045044
CL loss: 3.281134605407715, CE loss: 0.0744539201259613, combined loss: 0.3951219916343689
{'eval_loss': 0.186085045337677, 'eval_top_1_macro_recall': 0.4767262024710201, 'eval_top_1_macro_precision': 0.4642956301555158, 'eval_top_1_macro_f1': 0.4684632926901173, 'eval_top_1_accuracy': 0.7376586741889986, 'eval_top_1_micro_recall': 0.6545682102628285, 'eval_top_1_micro_precision': 0.7376586741889986, 'eval_top_1_micro_f1': 0.6936339522546419, 'eval_top_2_macro_recall': 0.637723418464337, 'eval_top_2_macro_precision': 0.41126416706358104, 'eval_top_2_macro_f1': 0.46148845747133155, 'eval_top_2_accuracy': 0.8222849083215797, 'eval_top_2_micro_recall': 0.7872340425531915, 'eval_top_2_micro_precision': 0.44358251057827924, 'eval_top_2_micro_f1': 0.5674334686513307, 'eval_top_3_macro_recall': 0.7809475970152208, 'eval_top_3_macro_precision': 0.3492168726782547, 'eval_top_3_macro_f1': 0.44801296498418464, 'eval_top_3_accuracy': 0.8885754583921015, 'eval_top_3_micro_recall': 0.8735919899874843, 'eval_top_3_micro_precision': 0.32816173013634226, 'eval_top_3_micro_f1': 0.47710184552289814, 'eval_runtime': 1.0933, 'eval_samples_per_second': 648.496, 'eval_steps_per_second': 21.037, 'epoch': 22.0}

 73%|███████▎  | 507/690 [05:04<05:05,  1.67s/it]
 74%|███████▎  | 508/690 [05:04<03:55,  1.30s/it]
 74%|███████▍  | 509/690 [05:05<03:06,  1.03s/it]
 74%|███████▍  | 510/690 [05:05<02:32,  1.18it/s]
 74%|███████▍  | 511/690 [05:06<02:08,  1.40it/s]
 74%|███████▍  | 512/690 [05:06<01:51,  1.60it/s]
 74%|███████▍  | 513/690 [05:07<01:39,  1.78it/s]
 74%|███████▍  | 514/690 [05:07<01:30,  1.94it/s]
 75%|███████▍  | 515/690 [05:07<01:24,  2.06it/s]
 75%|███████▍  | 516/690 [05:08<01:20,  2.16it/s]
 75%|███████▍  | 517/690 [05:08<01:17,  2.23it/s]
 75%|███████▌  | 518/690 [05:09<01:15,  2.28it/s]
 75%|███████▌  | 519/690 [05:09<01:13,  2.33it/s]
 75%|███████▌  | 520/690 [05:09<01:12,  2.35it/s]
 76%|███████▌  | 521/690 [05:10<01:11,  2.37it/s]
 76%|███████▌  | 522/690 [05:10<01:10,  2.39it/s]
 76%|███████▌  | 523/690 [05:11<01:09,  2.40it/s]
 76%|███████▌  | 524/690 [05:11<01:08,  2.41it/s]
 76%|███████▌  | 525/690 [05:11<01:08,  2.41it/s]
 76%|███████▌  | 526/690 [05:12<01:07,  2.42it/s]
 76%|███████▋  | 527/690 [05:12<01:07,  2.42it/s]
 77%|███████▋  | 528/690 [05:13<01:06,  2.42it/s]
 77%|███████▋  | 529/690 [05:13<00:53,  3.02it/s]
                                                 

 77%|███████▋  | 529/690 [05:13<00:53,  3.02it/s]CL loss: 0.5363507866859436, CE loss: 0.06987855583429337, combined loss: 0.11652578413486481
CL loss: 0.684468150138855, CE loss: 0.0684332400560379, combined loss: 0.13003672659397125
CL loss: 0.6196990013122559, CE loss: 0.06803779304027557, combined loss: 0.12320391833782196
CL loss: 0.5741534233093262, CE loss: 0.07426871359348297, combined loss: 0.12425718456506729
CL loss: 0.544405996799469, CE loss: 0.06994614005088806, combined loss: 0.11739212274551392
CL loss: 0.5785901546478271, CE loss: 0.07290618121623993, combined loss: 0.12347458302974701
CL loss: 0.5380187630653381, CE loss: 0.06320580095052719, combined loss: 0.11068709194660187
CL loss: 0.6093555092811584, CE loss: 0.07083697617053986, combined loss: 0.12468883395195007
CL loss: 0.6626947522163391, CE loss: 0.08039147406816483, combined loss: 0.13862180709838867
CL loss: 0.6918644905090332, CE loss: 0.07339851558208466, combined loss: 0.13524511456489563
CL loss: 0.6639604568481445, CE loss: 0.07071477174758911, combined loss: 0.13003933429718018
CL loss: 0.49465394020080566, CE loss: 0.07504785060882568, combined loss: 0.11700846254825592
CL loss: 0.5180932879447937, CE loss: 0.06937918812036514, combined loss: 0.11425060033798218
CL loss: 0.6568006277084351, CE loss: 0.07326159626245499, combined loss: 0.13161548972129822
CL loss: 0.5622325539588928, CE loss: 0.06716751307249069, combined loss: 0.1166740134358406
CL loss: 0.7583842873573303, CE loss: 0.07846235483884811, combined loss: 0.14645454287528992
CL loss: 0.6125923991203308, CE loss: 0.07651451975107193, combined loss: 0.13012230396270752
CL loss: 0.680741548538208, CE loss: 0.07590983808040619, combined loss: 0.1363930106163025
CL loss: 0.7473707795143127, CE loss: 0.0765659362077713, combined loss: 0.14364641904830933
CL loss: 0.7978870272636414, CE loss: 0.07441911101341248, combined loss: 0.14676590263843536
CL loss: 0.6987306475639343, CE loss: 0.06927311420440674, combined loss: 0.1322188675403595
CL loss: 0.7309314608573914, CE loss: 0.0750381276011467, combined loss: 0.14062745869159698
CL loss: 0.7842258810997009, CE loss: 0.06947159767150879, combined loss: 0.14094702899456024
{'loss': 0.1292, 'grad_norm': 2.64542555809021, 'learning_rate': 1.1666666666666668e-05, 'epoch': 23.0}
CL loss: 1.155833125114441, CE loss: 0.07592295855283737, combined loss: 0.1839139759540558


  0%|          | 0/23 [00:00<?, ?it/s][A

 22%|██▏       | 5/23 [00:00<00:00, 37.38it/s][A

 39%|███▉      | 9/23 [00:00<00:00, 32.77it/s][A

 57%|█████▋    | 13/23 [00:00<00:00, 31.38it/s][A

 74%|███████▍  | 17/23 [00:00<00:00, 30.67it/s][A

 91%|█████████▏| 21/23 [00:00<00:00, 30.32it/s][A

                                               
[A
                                                 

100%|██████████| 23/23 [00:00<00:00, 30.32it/s][A
 77%|███████▋  | 529/690 [05:14<00:53,  3.02it/s]

                                               [A
                                                 

 77%|███████▋  | 529/690 [05:18<00:53,  3.02it/s]
 77%|███████▋  | 529/690 [05:18<01:37,  1.66it/s]
2025-04-11 06:43:20.508 | INFO     | __main__:fine_tune:229 - Training time: 319.15 seconds
CL loss: 1.2577871084213257, CE loss: 0.08623063564300537, combined loss: 0.20338629186153412
CL loss: 1.178673267364502, CE loss: 0.07783269137144089, combined loss: 0.18791675567626953
CL loss: 1.4036908149719238, CE loss: 0.09539101272821426, combined loss: 0.2262209951877594
CL loss: 0.9590694904327393, CE loss: 0.07430237531661987, combined loss: 0.1627790927886963
CL loss: 0.8550900816917419, CE loss: 0.07316171377897263, combined loss: 0.15135455131530762
CL loss: 0.6739910840988159, CE loss: 0.07112180441617966, combined loss: 0.1314087212085724
CL loss: 0.5437062382698059, CE loss: 0.05483324080705643, combined loss: 0.1037205383181572
CL loss: 1.6572781801223755, CE loss: 0.07089648395776749, combined loss: 0.22953465580940247
CL loss: 0.554344892501831, CE loss: 0.09792914241552353, combined loss: 0.14357072114944458
CL loss: 0.6849957704544067, CE loss: 0.05689702555537224, combined loss: 0.1197068989276886
CL loss: 1.8369247913360596, CE loss: 0.09732021391391754, combined loss: 0.2712806761264801
CL loss: 0.5095775723457336, CE loss: 0.05897765979170799, combined loss: 0.10403764992952347
CL loss: 1.260256052017212, CE loss: 0.08045722544193268, combined loss: 0.19843709468841553
CL loss: 0.9692143797874451, CE loss: 0.06367582082748413, combined loss: 0.15422967076301575
CL loss: 1.1900966167449951, CE loss: 0.0737014189362526, combined loss: 0.18534094095230103
CL loss: 1.5268146991729736, CE loss: 0.08787617832422256, combined loss: 0.23177003860473633
CL loss: 1.2496299743652344, CE loss: 0.09254807233810425, combined loss: 0.20825627446174622
CL loss: 0.7446532249450684, CE loss: 0.06456804275512695, combined loss: 0.13257655501365662
CL loss: 1.5544401407241821, CE loss: 0.08839112520217896, combined loss: 0.2349960207939148
CL loss: 1.3480665683746338, CE loss: 0.09533214569091797, combined loss: 0.22060558199882507
CL loss: 1.6409931182861328, CE loss: 0.09008170664310455, combined loss: 0.24517285823822021
CL loss: 2.9346818923950195, CE loss: 0.06526505947113037, combined loss: 0.3522067666053772
{'eval_loss': 0.1843835860490799, 'eval_top_1_macro_recall': 0.46852052537018396, 'eval_top_1_macro_precision': 0.45406817116993264, 'eval_top_1_macro_f1': 0.45805215096066565, 'eval_top_1_accuracy': 0.7193229901269393, 'eval_top_1_micro_recall': 0.6382978723404256, 'eval_top_1_micro_precision': 0.7193229901269393, 'eval_top_1_micro_f1': 0.6763925729442971, 'eval_top_2_macro_recall': 0.6365318506060482, 'eval_top_2_macro_precision': 0.3888331692468972, 'eval_top_2_macro_f1': 0.4570492401467652, 'eval_top_2_accuracy': 0.8307475317348378, 'eval_top_2_micro_recall': 0.7947434292866082, 'eval_top_2_micro_precision': 0.44781382228490835, 'eval_top_2_micro_f1': 0.5728461885430762, 'eval_top_3_macro_recall': 0.7796605689337898, 'eval_top_3_macro_precision': 0.3453591103015761, 'eval_top_3_macro_f1': 0.4450529606641007, 'eval_top_3_accuracy': 0.8857545839210155, 'eval_top_3_micro_recall': 0.869837296620776, 'eval_top_3_micro_precision': 0.32675129290079924, 'eval_top_3_micro_f1': 0.47505126452494867, 'eval_runtime': 1.1121, 'eval_samples_per_second': 637.523, 'eval_steps_per_second': 20.681, 'epoch': 23.0}
{'train_runtime': 318.8261, 'train_samples_per_second': 266.854, 'train_steps_per_second': 2.164, 'train_loss': 0.21124171309299866, 'epoch': 23.0}
CL loss: 0.8358656764030457, CE loss: 0.07966095954179764, combined loss: 0.1552814245223999

  0%|          | 0/23 [00:00<?, ?it/s]
 22%|██▏       | 5/23 [00:00<00:00, 37.44it/s]
 39%|███▉      | 9/23 [00:00<00:00, 32.93it/s]
 57%|█████▋    | 13/23 [00:00<00:00, 31.53it/s]
 74%|███████▍  | 17/23 [00:00<00:00, 30.81it/s]
 91%|█████████▏| 21/23 [00:00<00:00, 30.49it/s]
100%|██████████| 23/23 [00:00<00:00, 27.81it/s]
2025-04-11 06:43:21.596 | INFO     | __main__:fine_tune:235 - Prediction time: 1.09 seconds
2025-04-11 06:43:21.602 | INFO     | __main__:CV_run:413 - Fold 5, Final Eval Metrics: loss: 0.18, top_1_macro_recall: 0.47, top_1_macro_precision: 0.45, top_1_macro_f1: 0.46, top_1_accuracy: 0.72, top_1_micro_recall: 0.64, top_1_micro_precision: 0.72, top_1_micro_f1: 0.68, top_2_macro_recall: 0.64, top_2_macro_precision: 0.39, top_2_macro_f1: 0.46, top_2_accuracy: 0.83, top_2_micro_recall: 0.79, top_2_micro_precision: 0.45, top_2_micro_f1: 0.57, top_3_macro_recall: 0.78, top_3_macro_precision: 0.35, top_3_macro_f1: 0.45, top_3_accuracy: 0.89, top_3_micro_recall: 0.87, top_3_micro_precision: 0.33, top_3_micro_f1: 0.48, runtime: 1.11, samples_per_second: 637.52, steps_per_second: 20.68
2025-04-11 06:43:21.602 | SUCCESS  | __main__:CV_run:426 - 5-Fold Cross Validation completed
CL loss: 0.8793961405754089, CE loss: 0.08303991705179214, combined loss: 0.16267552971839905
CL loss: 0.8710057735443115, CE loss: 0.07990455627441406, combined loss: 0.15901467204093933
CL loss: 0.6453598737716675, CE loss: 0.08118964731693268, combined loss: 0.137606680393219
CL loss: 0.8621407747268677, CE loss: 0.07639912515878677, combined loss: 0.15497329831123352
CL loss: 1.1345099210739136, CE loss: 0.08386429399251938, combined loss: 0.18892885744571686
CL loss: 0.6384679079055786, CE loss: 0.07821694761514664, combined loss: 0.13424204289913177
CL loss: 0.5116574764251709, CE loss: 0.06561493873596191, combined loss: 0.11021919548511505
CL loss: 1.5048233270645142, CE loss: 0.0784958079457283, combined loss: 0.22112856805324554
CL loss: 0.759159505367279, CE loss: 0.09419840574264526, combined loss: 0.16069450974464417
CL loss: 1.0786139965057373, CE loss: 0.06988397985696793, combined loss: 0.1707569807767868
CL loss: 1.2874606847763062, CE loss: 0.09280144423246384, combined loss: 0.21226736903190613
CL loss: 0.6855840682983398, CE loss: 0.07090998440980911, combined loss: 0.13237738609313965
CL loss: 0.830475926399231, CE loss: 0.07818153500556946, combined loss: 0.15341097116470337
CL loss: 0.4199136197566986, CE loss: 0.07430007308721542, combined loss: 0.10886143147945404
CL loss: 0.6917914152145386, CE loss: 0.07471498847007751, combined loss: 0.13642263412475586
CL loss: 0.8598213195800781, CE loss: 0.08953353017568588, combined loss: 0.16656231880187988
CL loss: 1.0669796466827393, CE loss: 0.0935429111123085, combined loss: 0.19088658690452576
CL loss: 0.7033565044403076, CE loss: 0.0794726014137268, combined loss: 0.1418609917163849
CL loss: 1.1965211629867554, CE loss: 0.09490518271923065, combined loss: 0.2050667703151703
CL loss: 1.0417349338531494, CE loss: 0.09388848394155502, combined loss: 0.18867313861846924
CL loss: 1.241260290145874, CE loss: 0.08557035028934479, combined loss: 0.20113934576511383
CL loss: 3.496263265609741, CE loss: 0.06623167544603348, combined loss: 0.4092348515987396
Eval results: defaultdict(<class 'list'>, {'loss': [0.41779059171676636, 0.33300551772117615, 0.2996046543121338, 0.2751821279525757, 0.25363457202911377, 0.24865442514419556, 0.2379503846168518, 0.22631050646305084, 0.2174542248249054, 0.22000566124916077, 0.19910691678524017, 0.19897383451461792, 0.20747670531272888, 0.19995345175266266, 0.19857963919639587, 0.19333608448505402, 0.19518564641475677, 0.18365633487701416, 0.18954986333847046, 0.19693177938461304, 0.18707385659217834, 0.186085045337677, 0.1843835860490799], 'top_1_macro_recall': [0.13059959301500165, 0.16034666199826392, 0.1897846037356709, 0.20996687726796692, 0.2546872878979869, 0.26903979577728515, 0.2876522752389403, 0.31877053698471086, 0.34830447002742093, 0.3607026078715136, 0.39521959862341904, 0.386951544452411, 0.4512377514608687, 0.43609368575500523, 0.4555966433729708, 0.45461724104964996, 0.44991813947035125, 0.4503892727195229, 0.46350559865653407, 0.474629640153908, 0.4675516431139096, 0.4767262024710201, 0.46852052537018396], 'top_1_macro_precision': [0.0533472203642479, 0.0907043040205022, 0.13674055829228243, 0.18144882735113332, 0.22236907614815718, 0.2555197036777988, 0.24902484921014748, 0.25881771635114065, 0.3720226293637765, 0.36052837128511295, 0.3855001825498947, 0.3885152382681538, 0.4341702556629199, 0.44296426220070534, 0.4468205512350892, 0.44196583575021914, 0.4392677474402897, 0.46036795721591467, 0.4499321405067879, 0.462657480906144, 0.4601459252093399, 0.4642956301555158, 0.45406817116993264], 'top_1_macro_f1': [0.07401989183136269, 0.11224560440981536, 0.1468906841446068, 0.16195887519195787, 0.21549014819202028, 0.22942108238327805, 0.2517149026861794, 0.2800185854475312, 0.3212648354739465, 0.3384281989787414, 0.3861760021552288, 0.3711157543690893, 0.4394396646671686, 0.4325745660848334, 0.4403707411867168, 0.4418457024522828, 0.4361477161202728, 0.4410091049180805, 0.45330820742763556, 0.46160889289173074, 0.45971832982843513, 0.4684632926901173, 0.45805215096066565], 'top_1_accuracy': [0.33709449929478136, 0.3695345557122708, 0.43723554301833567, 0.4837799717912553, 0.5035260930888575, 0.5148095909732017, 0.5289139633286318, 0.5543018335684062, 0.5952045133991537, 0.6022566995768688, 0.6586741889985895, 0.6445698166431594, 0.685472496473907, 0.6784203102961918, 0.6826516220028209, 0.689703808180536, 0.6770098730606487, 0.6967559943582511, 0.7094499294781382, 0.7263751763046544, 0.7221438645980254, 0.7376586741889986, 0.7193229901269393], 'top_1_micro_recall': [0.29912390488110135, 0.327909887359199, 0.3879849812265332, 0.4292866082603254, 0.44680851063829785, 0.4568210262828536, 0.4693366708385482, 0.4918648310387985, 0.5281602002503129, 0.5344180225281602, 0.5844806007509387, 0.571964956195244, 0.6082603254067585, 0.6020025031289111, 0.6057571964956195, 0.6120150187734669, 0.6007509386733417, 0.6182728410513142, 0.6295369211514393, 0.6445556946182729, 0.6408010012515645, 0.6545682102628285, 0.6382978723404256], 'top_1_micro_precision': [0.33709449929478136, 0.3695345557122708, 0.43723554301833567, 0.4837799717912553, 0.5035260930888575, 0.5148095909732017, 0.5289139633286318, 0.5543018335684062, 0.5952045133991537, 0.6022566995768688, 0.6586741889985895, 0.6445698166431594, 0.685472496473907, 0.6784203102961918, 0.6826516220028209, 0.689703808180536, 0.6770098730606487, 0.6967559943582511, 0.7094499294781382, 0.7263751763046544, 0.7221438645980254, 0.7376586741889986, 0.7193229901269393], 'top_1_micro_f1': [0.31697612732095487, 0.34748010610079577, 0.4111405835543766, 0.45490716180371354, 0.4734748010610079, 0.48408488063660476, 0.4973474801061008, 0.5212201591511937, 0.559681697612732, 0.5663129973474802, 0.6193633952254641, 0.6061007957559682, 0.6445623342175066, 0.6379310344827586, 0.6419098143236074, 0.6485411140583556, 0.6366047745358091, 0.6551724137931034, 0.6671087533156499, 0.6830238726790451, 0.6790450928381963, 0.6936339522546419, 0.6763925729442971], 'top_2_macro_recall': [0.14910773298083277, 0.2543677009698761, 0.3232840291123053, 0.38039897957790586, 0.4470210756459325, 0.43706193210866184, 0.44409678024838245, 0.46273519975824934, 0.48746102821638926, 0.4925310740186914, 0.5084626198545856, 0.5360115423292848, 0.5989954614481524, 0.5915679395201513, 0.5954976187005508, 0.6096581388595251, 0.6055971745332059, 0.6199331542379104, 0.6131683447736344, 0.6008383610243397, 0.6582725984415062, 0.637723418464337, 0.6365318506060482], 'top_2_macro_precision': [0.04044900949561237, 0.1070707209941938, 0.16641527711147241, 0.2584308362691106, 0.2629260124915353, 0.2351685964340384, 0.2877950537306353, 0.2605404508196261, 0.2775967831204378, 0.2731050996373845, 0.33172866829983827, 0.34822632646446344, 0.38452817255223803, 0.40345516134990783, 0.3537014711649945, 0.3546750529927143, 0.36131222432017984, 0.3794326627908829, 0.35801818065219654, 0.35212268016790094, 0.38529428057771453, 0.41126416706358104, 0.3888331692468972], 'top_2_macro_f1': [0.06163203241627524, 0.14534174439107395, 0.19166475494570578, 0.24949013169472584, 0.28095587713547204, 0.29362096886685535, 0.30668599966069576, 0.3077065036452518, 0.3378748747071921, 0.33195013726053535, 0.3701590960236755, 0.4013565153943247, 0.4473695952092076, 0.4607039688230982, 0.42390813418656814, 0.4319871245824679, 0.43622905336579004, 0.4541246042985181, 0.43563177235448286, 0.4278673966998363, 0.4680869310355647, 0.46148845747133155, 0.4570492401467652], 'top_2_accuracy': [0.3921015514809591, 0.5218617771509168, 0.6191819464033851, 0.6643159379407616, 0.6967559943582511, 0.6967559943582511, 0.7023977433004231, 0.7165021156558533, 0.7517630465444288, 0.7517630465444288, 0.770098730606488, 0.7785613540197461, 0.8011283497884344, 0.7997179125528914, 0.8039492242595204, 0.7968970380818053, 0.8011283497884344, 0.8011283497884344, 0.8180535966149506, 0.8124118476727785, 0.8138222849083215, 0.8222849083215797, 0.8307475317348378], 'top_2_micro_recall': [0.3479349186483104, 0.46307884856070086, 0.5494367959949937, 0.5919899874843555, 0.6357947434292867, 0.6320400500625782, 0.6408010012515645, 0.6583229036295369, 0.6971214017521903, 0.6996245306633292, 0.7146433041301627, 0.7246558197747184, 0.7634543178973717, 0.7609511889862328, 0.7571964956195244, 0.7634543178973717, 0.7647058823529411, 0.7709637046307884, 0.7784730913642053, 0.772215269086358, 0.7934918648310388, 0.7872340425531915, 0.7947434292866082], 'top_2_micro_precision': [0.19605077574047955, 0.2609308885754584, 0.30959097320169254, 0.3335684062059238, 0.35825105782792666, 0.35613540197461213, 0.3610719322990127, 0.3709449929478138, 0.3928067700987306, 0.3942172073342736, 0.4026798307475317, 0.4083215796897038, 0.4301833568406206, 0.4287729196050776, 0.42665726375176305, 0.4301833568406206, 0.4308885754583921, 0.43441466854724964, 0.4386459802538787, 0.43511988716502115, 0.44710860366713684, 0.44358251057827924, 0.44781382228490835], 'top_2_micro_f1': [0.2507893549842129, 0.33378439332431215, 0.3960306720793865, 0.426702751465945, 0.458276950834461, 0.45557059088858814, 0.4618854307622914, 0.4745151105096978, 0.5024808299503835, 0.5042850699142986, 0.5151105096977898, 0.5223274695534507, 0.5502931889941362, 0.5484889490302209, 0.5457825890843482, 0.5502931889941362, 0.5511953089760938, 0.5557059088858818, 0.5611186287776274, 0.5566080288678394, 0.5719440685611186, 0.5674334686513307, 0.5728461885430762], 'top_3_macro_recall': [0.22322027057651644, 0.3007371466122893, 0.3887813100016725, 0.472942712607575, 0.5169504249453315, 0.5274887495838588, 0.5254452747718042, 0.5481421335534218, 0.5717587037513892, 0.596437248851545, 0.6216795601893913, 0.66481266983043, 0.6877491923153781, 0.6826767778628388, 0.6813148086424836, 0.7017377171652719, 0.7055743904274493, 0.7152979120398437, 0.7135013740252404, 0.713656979866308, 0.7777018308680457, 0.7809475970152208, 0.7796605689337898], 'top_3_macro_precision': [0.07128637549861404, 0.10120513975522555, 0.16088659242829448, 0.1923431775847818, 0.2048834955080456, 0.25462255347929824, 0.23164378813373682, 0.2252553058948247, 0.23061826690598722, 0.2732778238108363, 0.30576817746049717, 0.31850328860199495, 0.30968597730920694, 0.32842413854330027, 0.3035775263013896, 0.30735110519048026, 0.30842122873382516, 0.31405671586061995, 0.2990623010614766, 0.2949119737825557, 0.34143934104040513, 0.3492168726782547, 0.3453591103015761], 'top_3_macro_f1': [0.07561969119244202, 0.14701329539773922, 0.20907540093352095, 0.2610703678363324, 0.2811084810074504, 0.29653632746195163, 0.29842940454957334, 0.29534675504029645, 0.3138308443827901, 0.32328127212422175, 0.3775341332851349, 0.40481473103298105, 0.40260653276488295, 0.4186890792578373, 0.3892913809514248, 0.3978413837047421, 0.40081088504802814, 0.4117708217251516, 0.3979866174028188, 0.3945921164599391, 0.44544364221695754, 0.44801296498418464, 0.4450529606641007], 'top_3_accuracy': [0.4682651622002821, 0.6361071932299013, 0.764456981664316, 0.7983074753173484, 0.8095909732016925, 0.8081805359661495, 0.7940761636107193, 0.7954866008462623, 0.842031029619182, 0.8533145275035261, 0.8617771509167842, 0.8645980253878702, 0.8787023977433004, 0.8688293370944993, 0.8730606488011283, 0.8730606488011283, 0.8857545839210155, 0.8829337094499294, 0.8815232722143864, 0.8702397743300423, 0.8843441466854725, 0.8885754583921015, 0.8857545839210155], 'top_3_micro_recall': [0.4167709637046308, 0.5644555694618273, 0.6821026282853567, 0.723404255319149, 0.7484355444305382, 0.7521902377972466, 0.7396745932415519, 0.7496871088861077, 0.7922403003754693, 0.8122653316645807, 0.818523153942428, 0.8322903629536921, 0.851063829787234, 0.8448060075093867, 0.8385481852315394, 0.8498122653316645, 0.8635794743429287, 0.8623279098873592, 0.8635794743429287, 0.853566958698373, 0.869837296620776, 0.8735919899874843, 0.869837296620776], 'top_3_micro_precision': [0.15655853314527504, 0.21203573107663376, 0.2562294311236483, 0.27174424071462155, 0.28114715561824166, 0.2825575928537847, 0.2778561354019746, 0.28161730136342267, 0.29760225669957685, 0.305124588622473, 0.307475317348378, 0.3126469205453691, 0.31969910672308416, 0.31734837799717913, 0.3149976492712741, 0.31922896097790315, 0.3244005641748942, 0.3239304184297132, 0.3244005641748942, 0.32063939821344617, 0.32675129290079924, 0.32816173013634226, 0.32675129290079924], 'top_3_micro_f1': [0.2276144907723855, 0.30827067669172936, 0.3725222146274778, 0.3950786056049214, 0.40874914559125086, 0.4107997265892002, 0.4039644565960355, 0.4094326725905673, 0.43267259056732743, 0.443609022556391, 0.4470266575529734, 0.4545454545454545, 0.4647983595352016, 0.4613807245386192, 0.45796308954203696, 0.4641148325358852, 0.47163362952836635, 0.47095010252904984, 0.47163362952836635, 0.4661654135338346, 0.47505126452494867, 0.47710184552289814, 0.47505126452494867], 'runtime': [1.0758, 1.084, 1.096, 1.0986, 1.2082, 1.106, 1.0906, 1.0763, 1.0802, 1.0935, 1.1129, 1.0741, 1.1303, 1.1201, 1.1182, 1.1368, 1.1506, 1.1099, 1.0935, 1.1176, 1.1199, 1.0933, 1.1121], 'samples_per_second': [659.069, 654.042, 646.876, 645.378, 586.82, 641.063, 650.071, 658.735, 656.357, 648.391, 637.096, 660.069, 627.253, 632.953, 634.043, 623.669, 616.176, 638.784, 648.402, 634.413, 633.093, 648.496, 637.523], 'steps_per_second': [21.38, 21.217, 20.985, 20.936, 19.036, 20.796, 21.088, 21.369, 21.292, 21.034, 20.667, 21.413, 20.348, 20.533, 20.568, 20.232, 19.989, 20.722, 21.034, 20.58, 20.538, 21.037, 20.681]})
loss: 0.1766 (± 0.0057)
top_1_macro_recall: 0.4748 (± 0.0220)
top_1_macro_precision: 0.4882 (± 0.0324)
top_1_macro_f1: 0.4750 (± 0.0270)
top_1_accuracy: 0.7484 (± 0.0250)
top_1_micro_recall: 0.6588 (± 0.0219)
top_1_micro_precision: 0.7484 (± 0.0250)
top_1_micro_f1: 0.7007 (± 0.0232)
top_2_macro_recall: 0.6468 (± 0.0371)
top_2_macro_precision: 0.4284 (± 0.0390)
top_2_macro_f1: 0.4825 (± 0.0300)
top_2_accuracy: 0.8367 (± 0.0130)
top_2_micro_recall: 0.8024 (± 0.0212)
top_2_micro_precision: 0.4557 (± 0.0117)
top_2_micro_f1: 0.5813 (± 0.0150)
top_3_macro_recall: 0.7780 (± 0.0125)
top_3_macro_precision: 0.3760 (± 0.0201)
top_3_macro_f1: 0.4684 (± 0.0174)
top_3_accuracy: 0.9069 (± 0.0137)
top_3_micro_recall: 0.8880 (± 0.0161)
top_3_micro_precision: 0.3362 (± 0.0065)
top_3_micro_f1: 0.4878 (± 0.0092)
runtime: 1.0840 (± 0.0173)
samples_per_second: 654.2534 (± 10.3854)
steps_per_second: 21.2238 (± 0.3368)
