2025-04-12 03:49:20.900 | INFO     | __main__:<module>:45 - Using device: cuda
Token indices sequence length is longer than the specified maximum sequence length for this model (1146 > 512). Running this sequence through the model will result in indexing errors
2025-04-12 03:49:27.337 | INFO     | __main__:CV_run:321 - Number of classes: 81
2025-04-12 03:49:27.337 | INFO     | __main__:CV_run:322 - label type: model_type
2025-04-12 03:49:27.363 | INFO     | __main__:CV_run:351 - Starting fold 1
2025-04-12 03:49:27.364 | INFO     | __main__:CV_run:382 - Starting domain-adaptive pre-training (continued pre-training)
/depot/davisjam/data/mingyu/PTM-Naming/Naming_anomaly_detection/DARA/transformer/run.py:133: FutureWarning: `tokenizer` is deprecated and will be removed in version 5.0.0 for `Trainer.__init__`. Use `processing_class` instead.
  trainer = Trainer(
trim: 384
Average length of input_ids: 1185.8372996600292
Length of full_dataset: 4118
Train mode: pre-train
Pre-train type: continued
lr: 5e-05
batch size: 128

  0%|          | 0/260 [00:00<?, ?it/s]
  0%|          | 1/260 [00:11<47:46, 11.07s/it]
  1%|          | 2/260 [00:11<21:25,  4.98s/it]
  1%|          | 3/260 [00:12<13:00,  3.04s/it]
  2%|▏         | 4/260 [00:13<09:03,  2.12s/it]
  2%|▏         | 5/260 [00:13<06:51,  1.62s/it]
  2%|▏         | 6/260 [00:14<05:33,  1.31s/it]
  3%|▎         | 7/260 [00:15<04:42,  1.12s/it]
  3%|▎         | 8/260 [00:16<04:09,  1.01it/s]
  3%|▎         | 9/260 [00:16<03:47,  1.10it/s]
  4%|▍         | 10/260 [00:17<03:32,  1.18it/s]
  4%|▍         | 11/260 [00:18<03:21,  1.23it/s]
  5%|▍         | 12/260 [00:18<03:14,  1.28it/s]
  5%|▌         | 13/260 [00:19<03:08,  1.31it/s]
  5%|▌         | 14/260 [00:20<03:05,  1.33it/s]
  6%|▌         | 15/260 [00:21<03:01,  1.35it/s]
  6%|▌         | 16/260 [00:21<02:59,  1.36it/s]
  7%|▋         | 17/260 [00:22<02:57,  1.37it/s]
  7%|▋         | 18/260 [00:23<02:56,  1.37it/s]
  7%|▋         | 19/260 [00:24<02:55,  1.37it/s]
  8%|▊         | 20/260 [00:24<02:54,  1.38it/s]
  8%|▊         | 21/260 [00:25<02:52,  1.38it/s]
  8%|▊         | 22/260 [00:26<02:52,  1.38it/s]
  9%|▉         | 23/260 [00:26<02:51,  1.38it/s]
  9%|▉         | 24/260 [00:27<02:50,  1.38it/s]
 10%|▉         | 25/260 [00:28<02:49,  1.39it/s]
 10%|█         | 26/260 [00:28<02:33,  1.52it/s]
                                                

 10%|█         | 26/260 [00:29<02:33,  1.52it/s]{'loss': 0.1836, 'grad_norm': 2.192331314086914, 'learning_rate': 4.5e-05, 'epoch': 1.0}


  0%|          | 0/26 [00:00<?, ?it/s][A

 15%|█▌        | 4/26 [00:00<00:00, 23.06it/s][A

 27%|██▋       | 7/26 [00:00<00:01, 16.75it/s][A

 35%|███▍      | 9/26 [00:00<00:01, 15.47it/s][A

 42%|████▏     | 11/26 [00:00<00:01, 14.74it/s][A

 50%|█████     | 13/26 [00:00<00:00, 14.28it/s][A

 58%|█████▊    | 15/26 [00:00<00:00, 13.99it/s][A

 65%|██████▌   | 17/26 [00:01<00:00, 13.78it/s][A

 73%|███████▎  | 19/26 [00:01<00:00, 13.67it/s][A

 81%|████████  | 21/26 [00:01<00:00, 13.58it/s][A

 88%|████████▊ | 23/26 [00:01<00:00, 13.52it/s][A

 96%|█████████▌| 25/26 [00:01<00:00, 13.54it/s][A
                                                

                                               
[A
 10%|█         | 26/260 [00:31<02:33,  1.52it/s]

100%|██████████| 26/26 [00:01<00:00, 13.54it/s][A

                                               [A
 10%|█         | 27/260 [00:35<09:01,  2.32s/it]
 11%|█         | 28/260 [00:35<07:07,  1.84s/it]
 11%|█         | 29/260 [00:36<05:48,  1.51s/it]
 12%|█▏        | 30/260 [00:37<04:52,  1.27s/it]
 12%|█▏        | 31/260 [00:37<04:13,  1.11s/it]
 12%|█▏        | 32/260 [00:38<03:45,  1.01it/s]
 13%|█▎        | 33/260 [00:39<03:26,  1.10it/s]
 13%|█▎        | 34/260 [00:40<03:13,  1.17it/s]
 13%|█▎        | 35/260 [00:40<03:03,  1.23it/s]
 14%|█▍        | 36/260 [00:41<02:56,  1.27it/s]
 14%|█▍        | 37/260 [00:42<02:51,  1.30it/s]
 15%|█▍        | 38/260 [00:43<02:47,  1.33it/s]
 15%|█▌        | 39/260 [00:43<02:44,  1.34it/s]
 15%|█▌        | 40/260 [00:44<02:42,  1.35it/s]
 16%|█▌        | 41/260 [00:45<02:40,  1.36it/s]
 16%|█▌        | 42/260 [00:45<02:39,  1.37it/s]
 17%|█▋        | 43/260 [00:46<02:38,  1.37it/s]
 17%|█▋        | 44/260 [00:47<02:37,  1.37it/s]
 17%|█▋        | 45/260 [00:48<02:36,  1.37it/s]
 18%|█▊        | 46/260 [00:48<02:35,  1.37it/s]
 18%|█▊        | 47/260 [00:49<02:34,  1.38it/s]
 18%|█▊        | 48/260 [00:50<02:34,  1.38it/s]
 19%|█▉        | 49/260 [00:51<02:33,  1.38it/s]
 19%|█▉        | 50/260 [00:51<02:32,  1.38it/s]
 20%|█▉        | 51/260 [00:52<02:31,  1.38it/s]
 20%|██        | 52/260 [00:52<02:17,  1.51it/s]
                                                

 20%|██        | 52/260 [00:52<02:17,  1.51it/s]{'eval_loss': 0.10294918715953827, 'eval_runtime': 1.9306, 'eval_samples_per_second': 426.807, 'eval_steps_per_second': 13.467, 'epoch': 1.0}
{'loss': 0.0887, 'grad_norm': 0.8049361705780029, 'learning_rate': 4e-05, 'epoch': 2.0}


  0%|          | 0/26 [00:00<?, ?it/s][A

 12%|█▏        | 3/26 [00:00<00:01, 19.90it/s][A

 19%|█▉        | 5/26 [00:00<00:01, 16.03it/s][A

 27%|██▋       | 7/26 [00:00<00:01, 14.76it/s][A

 35%|███▍      | 9/26 [00:00<00:01, 14.19it/s][A

 42%|████▏     | 11/26 [00:00<00:01, 13.86it/s][A

 50%|█████     | 13/26 [00:00<00:00, 13.67it/s][A

 58%|█████▊    | 15/26 [00:01<00:00, 13.55it/s][A

 65%|██████▌   | 17/26 [00:01<00:00, 13.47it/s][A

 73%|███████▎  | 19/26 [00:01<00:00, 13.43it/s][A

 81%|████████  | 21/26 [00:01<00:00, 13.39it/s][A

 88%|████████▊ | 23/26 [00:01<00:00, 13.36it/s][A

 96%|█████████▌| 25/26 [00:01<00:00, 13.39it/s][A
                                                

                                               
[A
 20%|██        | 52/260 [00:54<02:17,  1.51it/s]

100%|██████████| 26/26 [00:01<00:00, 13.39it/s][A

                                               [A
 20%|██        | 53/260 [00:58<07:24,  2.15s/it]
 21%|██        | 54/260 [00:59<05:54,  1.72s/it]
 21%|██        | 55/260 [01:00<04:51,  1.42s/it]
 22%|██▏       | 56/260 [01:00<04:07,  1.21s/it]
 22%|██▏       | 57/260 [01:01<03:36,  1.07s/it]
 22%|██▏       | 58/260 [01:02<03:15,  1.04it/s]
 23%|██▎       | 59/260 [01:02<02:59,  1.12it/s]
 23%|██▎       | 60/260 [01:03<02:48,  1.18it/s]
 23%|██▎       | 61/260 [01:04<02:41,  1.24it/s]
 24%|██▍       | 62/260 [01:05<02:35,  1.27it/s]
 24%|██▍       | 63/260 [01:05<02:31,  1.30it/s]
 25%|██▍       | 64/260 [01:06<02:27,  1.33it/s]
 25%|██▌       | 65/260 [01:07<02:25,  1.34it/s]
 25%|██▌       | 66/260 [01:08<02:23,  1.35it/s]
 26%|██▌       | 67/260 [01:08<02:21,  1.36it/s]
 26%|██▌       | 68/260 [01:09<02:20,  1.37it/s]
 27%|██▋       | 69/260 [01:10<02:19,  1.37it/s]
 27%|██▋       | 70/260 [01:10<02:18,  1.37it/s]
 27%|██▋       | 71/260 [01:11<02:17,  1.37it/s]
 28%|██▊       | 72/260 [01:12<02:16,  1.37it/s]
 28%|██▊       | 73/260 [01:13<02:15,  1.38it/s]
 28%|██▊       | 74/260 [01:13<02:15,  1.38it/s]
 29%|██▉       | 75/260 [01:14<02:14,  1.37it/s]
 29%|██▉       | 76/260 [01:15<02:13,  1.38it/s]
 30%|██▉       | 77/260 [01:16<02:12,  1.38it/s]
 30%|███       | 78/260 [01:16<02:00,  1.51it/s]
                                                

 30%|███       | 78/260 [01:16<02:00,  1.51it/s]{'eval_loss': 0.060683608055114746, 'eval_runtime': 1.9399, 'eval_samples_per_second': 424.759, 'eval_steps_per_second': 13.403, 'epoch': 2.0}
{'loss': 0.0633, 'grad_norm': 0.9255405068397522, 'learning_rate': 3.5e-05, 'epoch': 3.0}


  0%|          | 0/26 [00:00<?, ?it/s][A

 12%|█▏        | 3/26 [00:00<00:01, 19.99it/s][A

 19%|█▉        | 5/26 [00:00<00:01, 16.02it/s][A

 27%|██▋       | 7/26 [00:00<00:01, 14.78it/s][A

 35%|███▍      | 9/26 [00:00<00:01, 14.18it/s][A

 42%|████▏     | 11/26 [00:00<00:01, 13.84it/s][A

 50%|█████     | 13/26 [00:00<00:00, 13.68it/s][A

 58%|█████▊    | 15/26 [00:01<00:00, 13.54it/s][A

 65%|██████▌   | 17/26 [00:01<00:00, 13.46it/s][A

 73%|███████▎  | 19/26 [00:01<00:00, 13.40it/s][A

 81%|████████  | 21/26 [00:01<00:00, 13.38it/s][A

 88%|████████▊ | 23/26 [00:01<00:00, 13.34it/s][A

 96%|█████████▌| 25/26 [00:01<00:00, 13.39it/s][A
                                                

                                               
[A
 30%|███       | 78/260 [01:18<02:00,  1.51it/s]

100%|██████████| 26/26 [00:01<00:00, 13.39it/s][A

                                               [A
 30%|███       | 79/260 [01:22<06:38,  2.20s/it]
 31%|███       | 80/260 [01:23<05:16,  1.76s/it]
 31%|███       | 81/260 [01:23<04:19,  1.45s/it]
 32%|███▏      | 82/260 [01:24<03:39,  1.23s/it]
 32%|███▏      | 83/260 [01:25<03:11,  1.08s/it]
 32%|███▏      | 84/260 [01:25<02:51,  1.03it/s]
 33%|███▎      | 85/260 [01:26<02:37,  1.11it/s]
 33%|███▎      | 86/260 [01:27<02:27,  1.18it/s]
 33%|███▎      | 87/260 [01:28<02:20,  1.23it/s]
 34%|███▍      | 88/260 [01:28<02:15,  1.27it/s]
 34%|███▍      | 89/260 [01:29<02:11,  1.30it/s]
 35%|███▍      | 90/260 [01:30<02:08,  1.32it/s]
 35%|███▌      | 91/260 [01:31<02:06,  1.34it/s]
 35%|███▌      | 92/260 [01:31<02:04,  1.35it/s]
 36%|███▌      | 93/260 [01:32<02:03,  1.36it/s]
 36%|███▌      | 94/260 [01:33<02:01,  1.36it/s]
 37%|███▋      | 95/260 [01:33<02:00,  1.37it/s]
 37%|███▋      | 96/260 [01:34<01:59,  1.37it/s]
 37%|███▋      | 97/260 [01:35<01:58,  1.37it/s]
 38%|███▊      | 98/260 [01:36<01:58,  1.37it/s]
 38%|███▊      | 99/260 [01:36<01:57,  1.37it/s]
 38%|███▊      | 100/260 [01:37<01:56,  1.37it/s]
 39%|███▉      | 101/260 [01:38<01:55,  1.38it/s]
 39%|███▉      | 102/260 [01:39<01:54,  1.38it/s]
 40%|███▉      | 103/260 [01:39<01:53,  1.38it/s]
 40%|████      | 104/260 [01:40<01:43,  1.51it/s]
                                                 

 40%|████      | 104/260 [01:40<01:43,  1.51it/s]{'eval_loss': 0.04667480289936066, 'eval_runtime': 1.9416, 'eval_samples_per_second': 424.39, 'eval_steps_per_second': 13.391, 'epoch': 3.0}
{'loss': 0.0504, 'grad_norm': 0.7941089272499084, 'learning_rate': 3e-05, 'epoch': 4.0}


  0%|          | 0/26 [00:00<?, ?it/s][A

 12%|█▏        | 3/26 [00:00<00:01, 19.98it/s][A

 19%|█▉        | 5/26 [00:00<00:01, 16.02it/s][A

 27%|██▋       | 7/26 [00:00<00:01, 14.78it/s][A

 35%|███▍      | 9/26 [00:00<00:01, 14.17it/s][A

 42%|████▏     | 11/26 [00:00<00:01, 13.86it/s][A

 50%|█████     | 13/26 [00:00<00:00, 13.67it/s][A

 58%|█████▊    | 15/26 [00:01<00:00, 13.55it/s][A

 65%|██████▌   | 17/26 [00:01<00:00, 13.45it/s][A

 73%|███████▎  | 19/26 [00:01<00:00, 13.40it/s][A

 81%|████████  | 21/26 [00:01<00:00, 13.37it/s][A

 88%|████████▊ | 23/26 [00:01<00:00, 13.33it/s][A

 96%|█████████▌| 25/26 [00:01<00:00, 13.36it/s][A
                                                 

                                               
[A
 40%|████      | 104/260 [01:42<01:43,  1.51it/s]

100%|██████████| 26/26 [00:01<00:00, 13.36it/s][A

                                               [A
 40%|████      | 105/260 [01:45<05:34,  2.16s/it]
 41%|████      | 106/260 [01:46<04:26,  1.73s/it]
 41%|████      | 107/260 [01:47<03:38,  1.43s/it]
 42%|████▏     | 108/260 [01:48<03:05,  1.22s/it]
 42%|████▏     | 109/260 [01:48<02:41,  1.07s/it]
 42%|████▏     | 110/260 [01:49<02:25,  1.03it/s]
 43%|████▎     | 111/260 [01:50<02:13,  1.12it/s]
 43%|████▎     | 112/260 [01:51<02:05,  1.18it/s]
 43%|████▎     | 113/260 [01:51<01:59,  1.23it/s]
 44%|████▍     | 114/260 [01:52<01:54,  1.27it/s]
 44%|████▍     | 115/260 [01:53<01:51,  1.30it/s]
 45%|████▍     | 116/260 [01:53<01:48,  1.32it/s]
 45%|████▌     | 117/260 [01:54<01:46,  1.34it/s]
 45%|████▌     | 118/260 [01:55<01:45,  1.35it/s]
 46%|████▌     | 119/260 [01:56<01:43,  1.36it/s]
 46%|████▌     | 120/260 [01:56<01:42,  1.36it/s]
 47%|████▋     | 121/260 [01:57<01:41,  1.37it/s]
 47%|████▋     | 122/260 [01:58<01:40,  1.37it/s]
 47%|████▋     | 123/260 [01:59<01:39,  1.37it/s]
 48%|████▊     | 124/260 [01:59<01:39,  1.37it/s]
 48%|████▊     | 125/260 [02:00<01:38,  1.37it/s]
 48%|████▊     | 126/260 [02:01<01:37,  1.37it/s]
 49%|████▉     | 127/260 [02:01<01:36,  1.37it/s]
 49%|████▉     | 128/260 [02:02<01:35,  1.38it/s]
 50%|████▉     | 129/260 [02:03<01:35,  1.38it/s]
 50%|█████     | 130/260 [02:03<01:26,  1.51it/s]
                                                 

 50%|█████     | 130/260 [02:03<01:26,  1.51it/s]{'eval_loss': 0.038160499185323715, 'eval_runtime': 1.9427, 'eval_samples_per_second': 424.141, 'eval_steps_per_second': 13.383, 'epoch': 4.0}
{'loss': 0.0442, 'grad_norm': 0.8977326154708862, 'learning_rate': 2.5e-05, 'epoch': 5.0}


  0%|          | 0/26 [00:00<?, ?it/s][A

 12%|█▏        | 3/26 [00:00<00:01, 19.98it/s][A

 19%|█▉        | 5/26 [00:00<00:01, 16.03it/s][A

 27%|██▋       | 7/26 [00:00<00:01, 14.75it/s][A

 35%|███▍      | 9/26 [00:00<00:01, 14.11it/s][A

 42%|████▏     | 11/26 [00:00<00:01, 13.81it/s][A

 50%|█████     | 13/26 [00:00<00:00, 13.62it/s][A

 58%|█████▊    | 15/26 [00:01<00:00, 13.51it/s][A

 65%|██████▌   | 17/26 [00:01<00:00, 13.43it/s][A

 73%|███████▎  | 19/26 [00:01<00:00, 13.39it/s][A

 81%|████████  | 21/26 [00:01<00:00, 13.35it/s][A

 88%|████████▊ | 23/26 [00:01<00:00, 13.33it/s][A

 96%|█████████▌| 25/26 [00:01<00:00, 13.36it/s][A
                                                 

                                               
[A
 50%|█████     | 130/260 [02:05<01:26,  1.51it/s]

100%|██████████| 26/26 [00:01<00:00, 13.36it/s][A

                                               [A
 50%|█████     | 131/260 [02:09<04:39,  2.17s/it]
 51%|█████     | 132/260 [02:10<03:42,  1.74s/it]
 51%|█████     | 133/260 [02:11<03:02,  1.43s/it]
 52%|█████▏    | 134/260 [02:11<02:33,  1.22s/it]
 52%|█████▏    | 135/260 [02:12<02:14,  1.07s/it]
 52%|█████▏    | 136/260 [02:13<02:00,  1.03it/s]
 53%|█████▎    | 137/260 [02:13<01:50,  1.11it/s]
 53%|█████▎    | 138/260 [02:14<01:43,  1.18it/s]
 53%|█████▎    | 139/260 [02:15<01:38,  1.23it/s]
 54%|█████▍    | 140/260 [02:16<01:34,  1.27it/s]
 54%|█████▍    | 141/260 [02:16<01:31,  1.30it/s]
 55%|█████▍    | 142/260 [02:17<01:29,  1.32it/s]
 55%|█████▌    | 143/260 [02:18<01:27,  1.34it/s]
 55%|█████▌    | 144/260 [02:19<01:25,  1.35it/s]
 56%|█████▌    | 145/260 [02:19<01:24,  1.36it/s]
 56%|█████▌    | 146/260 [02:20<01:23,  1.36it/s]
 57%|█████▋    | 147/260 [02:21<01:22,  1.37it/s]
 57%|█████▋    | 148/260 [02:21<01:21,  1.37it/s]
 57%|█████▋    | 149/260 [02:22<01:20,  1.37it/s]
 58%|█████▊    | 150/260 [02:23<01:20,  1.37it/s]
 58%|█████▊    | 151/260 [02:24<01:19,  1.37it/s]
 58%|█████▊    | 152/260 [02:24<01:18,  1.37it/s]
 59%|█████▉    | 153/260 [02:25<01:17,  1.37it/s]
 59%|█████▉    | 154/260 [02:26<01:17,  1.37it/s]
 60%|█████▉    | 155/260 [02:27<01:16,  1.38it/s]
 60%|██████    | 156/260 [02:27<01:08,  1.51it/s]
                                                 

 60%|██████    | 156/260 [02:27<01:08,  1.51it/s]{'eval_loss': 0.03296884894371033, 'eval_runtime': 1.9454, 'eval_samples_per_second': 423.557, 'eval_steps_per_second': 13.365, 'epoch': 5.0}
{'loss': 0.0373, 'grad_norm': 0.5797243714332581, 'learning_rate': 2e-05, 'epoch': 6.0}


  0%|          | 0/26 [00:00<?, ?it/s][A

 12%|█▏        | 3/26 [00:00<00:01, 19.86it/s][A

 19%|█▉        | 5/26 [00:00<00:01, 15.99it/s][A

 27%|██▋       | 7/26 [00:00<00:01, 14.74it/s][A

 35%|███▍      | 9/26 [00:00<00:01, 14.16it/s][A

 42%|████▏     | 11/26 [00:00<00:01, 13.84it/s][A

 50%|█████     | 13/26 [00:00<00:00, 13.62it/s][A

 58%|█████▊    | 15/26 [00:01<00:00, 13.50it/s][A

 65%|██████▌   | 17/26 [00:01<00:00, 13.40it/s][A

 73%|███████▎  | 19/26 [00:01<00:00, 13.36it/s][A

 81%|████████  | 21/26 [00:01<00:00, 13.32it/s][A

 88%|████████▊ | 23/26 [00:01<00:00, 13.31it/s][A

 96%|█████████▌| 25/26 [00:01<00:00, 13.33it/s][A
                                                 

                                               
[A
 60%|██████    | 156/260 [02:29<01:08,  1.51it/s]

100%|██████████| 26/26 [00:01<00:00, 13.33it/s][A

                                               [A
 60%|██████    | 157/260 [02:33<03:44,  2.18s/it]
 61%|██████    | 158/260 [02:33<02:57,  1.74s/it]
 61%|██████    | 159/260 [02:34<02:25,  1.44s/it]
 62%|██████▏   | 160/260 [02:35<02:02,  1.22s/it]
 62%|██████▏   | 161/260 [02:36<01:46,  1.08s/it]
 62%|██████▏   | 162/260 [02:36<01:35,  1.03it/s]
 63%|██████▎   | 163/260 [02:37<01:27,  1.11it/s]
 63%|██████▎   | 164/260 [02:38<01:21,  1.18it/s]
 63%|██████▎   | 165/260 [02:39<01:17,  1.23it/s]
 64%|██████▍   | 166/260 [02:39<01:14,  1.27it/s]
 64%|██████▍   | 167/260 [02:40<01:11,  1.30it/s]
 65%|██████▍   | 168/260 [02:41<01:09,  1.32it/s]
 65%|██████▌   | 169/260 [02:41<01:08,  1.34it/s]
 65%|██████▌   | 170/260 [02:42<01:06,  1.35it/s]
 66%|██████▌   | 171/260 [02:43<01:05,  1.36it/s]
 66%|██████▌   | 172/260 [02:44<01:04,  1.36it/s]
 67%|██████▋   | 173/260 [02:44<01:03,  1.37it/s]
 67%|██████▋   | 174/260 [02:45<01:02,  1.37it/s]
 67%|██████▋   | 175/260 [02:46<01:02,  1.37it/s]
 68%|██████▊   | 176/260 [02:47<01:01,  1.37it/s]
 68%|██████▊   | 177/260 [02:47<01:00,  1.37it/s]
 68%|██████▊   | 178/260 [02:48<00:59,  1.37it/s]
 69%|██████▉   | 179/260 [02:49<00:59,  1.37it/s]
 69%|██████▉   | 180/260 [02:49<00:58,  1.37it/s]
 70%|██████▉   | 181/260 [02:50<00:57,  1.37it/s]
 70%|███████   | 182/260 [02:51<00:51,  1.50it/s]
                                                 

 70%|███████   | 182/260 [02:51<00:51,  1.50it/s]{'eval_loss': 0.02938651666045189, 'eval_runtime': 1.9476, 'eval_samples_per_second': 423.094, 'eval_steps_per_second': 13.35, 'epoch': 6.0}
{'loss': 0.0351, 'grad_norm': 0.45845112204551697, 'learning_rate': 1.5e-05, 'epoch': 7.0}


  0%|          | 0/26 [00:00<?, ?it/s][A

 12%|█▏        | 3/26 [00:00<00:01, 19.91it/s][A

 19%|█▉        | 5/26 [00:00<00:01, 15.92it/s][A

 27%|██▋       | 7/26 [00:00<00:01, 14.71it/s][A

 35%|███▍      | 9/26 [00:00<00:01, 14.12it/s][A

 42%|████▏     | 11/26 [00:00<00:01, 13.81it/s][A

 50%|█████     | 13/26 [00:00<00:00, 13.62it/s][A

 58%|█████▊    | 15/26 [00:01<00:00, 13.49it/s][A

 65%|██████▌   | 17/26 [00:01<00:00, 13.40it/s][A

 73%|███████▎  | 19/26 [00:01<00:00, 13.36it/s][A

 81%|████████  | 21/26 [00:01<00:00, 13.32it/s][A

 88%|████████▊ | 23/26 [00:01<00:00, 13.31it/s][A

 96%|█████████▌| 25/26 [00:01<00:00, 13.33it/s][A
                                                 

                                               
[A
 70%|███████   | 182/260 [02:53<00:51,  1.50it/s]

100%|██████████| 26/26 [00:01<00:00, 13.33it/s][A

                                               [A
 70%|███████   | 183/260 [02:56<02:47,  2.18s/it]
 71%|███████   | 184/260 [02:57<02:12,  1.74s/it]
 71%|███████   | 185/260 [02:58<01:47,  1.44s/it]
 72%|███████▏  | 186/260 [02:59<01:30,  1.23s/it]
 72%|███████▏  | 187/260 [02:59<01:18,  1.08s/it]
 72%|███████▏  | 188/260 [03:00<01:10,  1.03it/s]
 73%|███████▎  | 189/260 [03:01<01:03,  1.11it/s]
 73%|███████▎  | 190/260 [03:02<00:59,  1.18it/s]
 73%|███████▎  | 191/260 [03:02<00:55,  1.23it/s]
 74%|███████▍  | 192/260 [03:03<00:53,  1.27it/s]
 74%|███████▍  | 193/260 [03:04<00:51,  1.30it/s]
 75%|███████▍  | 194/260 [03:04<00:49,  1.32it/s]
 75%|███████▌  | 195/260 [03:05<00:48,  1.34it/s]
 75%|███████▌  | 196/260 [03:06<00:47,  1.35it/s]
 76%|███████▌  | 197/260 [03:07<00:46,  1.36it/s]
 76%|███████▌  | 198/260 [03:07<00:45,  1.36it/s]
 77%|███████▋  | 199/260 [03:08<00:44,  1.36it/s]
 77%|███████▋  | 200/260 [03:09<00:43,  1.36it/s]
 77%|███████▋  | 201/260 [03:10<00:43,  1.37it/s]
 78%|███████▊  | 202/260 [03:10<00:42,  1.37it/s]
 78%|███████▊  | 203/260 [03:11<00:41,  1.37it/s]
 78%|███████▊  | 204/260 [03:12<00:40,  1.37it/s]
 79%|███████▉  | 205/260 [03:12<00:40,  1.37it/s]
 79%|███████▉  | 206/260 [03:13<00:39,  1.37it/s]
 80%|███████▉  | 207/260 [03:14<00:38,  1.38it/s]
 80%|████████  | 208/260 [03:14<00:34,  1.50it/s]
                                                 

 80%|████████  | 208/260 [03:15<00:34,  1.50it/s]{'eval_loss': 0.030489226803183556, 'eval_runtime': 1.949, 'eval_samples_per_second': 422.777, 'eval_steps_per_second': 13.34, 'epoch': 7.0}
{'loss': 0.0318, 'grad_norm': 0.7512474656105042, 'learning_rate': 1e-05, 'epoch': 8.0}


  0%|          | 0/26 [00:00<?, ?it/s][A

 12%|█▏        | 3/26 [00:00<00:01, 19.95it/s][A

 19%|█▉        | 5/26 [00:00<00:01, 16.00it/s][A

 27%|██▋       | 7/26 [00:00<00:01, 14.71it/s][A

 35%|███▍      | 9/26 [00:00<00:01, 14.13it/s][A

 42%|████▏     | 11/26 [00:00<00:01, 13.80it/s][A

 50%|█████     | 13/26 [00:00<00:00, 13.61it/s][A

 58%|█████▊    | 15/26 [00:01<00:00, 13.48it/s][A

 65%|██████▌   | 17/26 [00:01<00:00, 13.40it/s][A

 73%|███████▎  | 19/26 [00:01<00:00, 13.33it/s][A

 81%|████████  | 21/26 [00:01<00:00, 13.31it/s][A

 88%|████████▊ | 23/26 [00:01<00:00, 13.28it/s][A

 96%|█████████▌| 25/26 [00:01<00:00, 13.32it/s][A
                                                 

                                               
[A
 80%|████████  | 208/260 [03:16<00:34,  1.50it/s]

100%|██████████| 26/26 [00:01<00:00, 13.32it/s][A

                                               [A
 80%|████████  | 209/260 [03:20<01:52,  2.20s/it]
 81%|████████  | 210/260 [03:21<01:27,  1.76s/it]
 81%|████████  | 211/260 [03:22<01:10,  1.45s/it]
 82%|████████▏ | 212/260 [03:22<00:59,  1.23s/it]
 82%|████████▏ | 213/260 [03:23<00:50,  1.08s/it]
 82%|████████▏ | 214/260 [03:24<00:44,  1.03it/s]
 83%|████████▎ | 215/260 [03:25<00:40,  1.11it/s]
 83%|████████▎ | 216/260 [03:25<00:37,  1.18it/s]
 83%|████████▎ | 217/260 [03:26<00:34,  1.23it/s]
 84%|████████▍ | 218/260 [03:27<00:33,  1.27it/s]
 84%|████████▍ | 219/260 [03:28<00:31,  1.30it/s]
 85%|████████▍ | 220/260 [03:28<00:30,  1.32it/s]
 85%|████████▌ | 221/260 [03:29<00:29,  1.33it/s]
 85%|████████▌ | 222/260 [03:30<00:28,  1.34it/s]
 86%|████████▌ | 223/260 [03:30<00:27,  1.35it/s]
 86%|████████▌ | 224/260 [03:31<00:26,  1.36it/s]
 87%|████████▋ | 225/260 [03:32<00:25,  1.36it/s]
 87%|████████▋ | 226/260 [03:33<00:24,  1.37it/s]
 87%|████████▋ | 227/260 [03:33<00:24,  1.37it/s]
 88%|████████▊ | 228/260 [03:34<00:23,  1.37it/s]
 88%|████████▊ | 229/260 [03:35<00:22,  1.37it/s]
 88%|████████▊ | 230/260 [03:36<00:21,  1.37it/s]
 89%|████████▉ | 231/260 [03:36<00:21,  1.37it/s]
 89%|████████▉ | 232/260 [03:37<00:20,  1.37it/s]
 90%|████████▉ | 233/260 [03:38<00:19,  1.37it/s]
 90%|█████████ | 234/260 [03:38<00:17,  1.50it/s]
                                                 

 90%|█████████ | 234/260 [03:38<00:17,  1.50it/s]{'eval_loss': 0.025735219940543175, 'eval_runtime': 1.9507, 'eval_samples_per_second': 422.42, 'eval_steps_per_second': 13.329, 'epoch': 8.0}
{'loss': 0.0306, 'grad_norm': 0.5166969299316406, 'learning_rate': 5e-06, 'epoch': 9.0}


  0%|          | 0/26 [00:00<?, ?it/s][A

 12%|█▏        | 3/26 [00:00<00:01, 19.91it/s][A

 19%|█▉        | 5/26 [00:00<00:01, 15.98it/s][A

 27%|██▋       | 7/26 [00:00<00:01, 14.72it/s][A

 35%|███▍      | 9/26 [00:00<00:01, 14.12it/s][A

 42%|████▏     | 11/26 [00:00<00:01, 13.80it/s][A

 50%|█████     | 13/26 [00:00<00:00, 13.59it/s][A

 58%|█████▊    | 15/26 [00:01<00:00, 13.47it/s][A

 65%|██████▌   | 17/26 [00:01<00:00, 13.39it/s][A

 73%|███████▎  | 19/26 [00:01<00:00, 13.34it/s][A

 81%|████████  | 21/26 [00:01<00:00, 13.30it/s][A

 88%|████████▊ | 23/26 [00:01<00:00, 13.28it/s][A

 96%|█████████▌| 25/26 [00:01<00:00, 13.30it/s][A
                                                 

                                               
[A
 90%|█████████ | 234/260 [03:40<00:17,  1.50it/s]

100%|██████████| 26/26 [00:01<00:00, 13.30it/s][A

                                               [A
 90%|█████████ | 235/260 [03:44<00:54,  2.20s/it]
 91%|█████████ | 236/260 [03:45<00:42,  1.76s/it]
 91%|█████████ | 237/260 [03:45<00:33,  1.45s/it]
 92%|█████████▏| 238/260 [03:46<00:27,  1.23s/it]
 92%|█████████▏| 239/260 [03:47<00:22,  1.08s/it]
 92%|█████████▏| 240/260 [03:48<00:19,  1.02it/s]
 93%|█████████▎| 241/260 [03:48<00:17,  1.11it/s]
 93%|█████████▎| 242/260 [03:49<00:15,  1.18it/s]
 93%|█████████▎| 243/260 [03:50<00:13,  1.23it/s]
 94%|█████████▍| 244/260 [03:51<00:12,  1.27it/s]
 94%|█████████▍| 245/260 [03:51<00:11,  1.30it/s]
 95%|█████████▍| 246/260 [03:52<00:10,  1.32it/s]
 95%|█████████▌| 247/260 [03:53<00:09,  1.33it/s]
 95%|█████████▌| 248/260 [03:53<00:08,  1.34it/s]
 96%|█████████▌| 249/260 [03:54<00:08,  1.35it/s]
 96%|█████████▌| 250/260 [03:55<00:07,  1.36it/s]
 97%|█████████▋| 251/260 [03:56<00:06,  1.36it/s]
 97%|█████████▋| 252/260 [03:56<00:05,  1.37it/s]
 97%|█████████▋| 253/260 [03:57<00:05,  1.37it/s]
 98%|█████████▊| 254/260 [03:58<00:04,  1.37it/s]
 98%|█████████▊| 255/260 [03:59<00:03,  1.37it/s]
 98%|█████████▊| 256/260 [03:59<00:02,  1.37it/s]
 99%|█████████▉| 257/260 [04:00<00:02,  1.37it/s]
 99%|█████████▉| 258/260 [04:01<00:01,  1.37it/s]
100%|█████████▉| 259/260 [04:02<00:00,  1.37it/s]
100%|██████████| 260/260 [04:02<00:00,  1.50it/s]
                                                 

100%|██████████| 260/260 [04:03<00:00,  1.50it/s]{'eval_loss': 0.02402355521917343, 'eval_runtime': 1.9523, 'eval_samples_per_second': 422.071, 'eval_steps_per_second': 13.318, 'epoch': 9.0}
{'loss': 0.0296, 'grad_norm': 0.4874803125858307, 'learning_rate': 0.0, 'epoch': 10.0}


  0%|          | 0/26 [00:00<?, ?it/s][A

 12%|█▏        | 3/26 [00:00<00:01, 19.99it/s][A

 19%|█▉        | 5/26 [00:00<00:01, 15.99it/s][A

 27%|██▋       | 7/26 [00:00<00:01, 14.73it/s][A

 35%|███▍      | 9/26 [00:00<00:01, 14.14it/s][A

 42%|████▏     | 11/26 [00:00<00:01, 13.80it/s][A

 50%|█████     | 13/26 [00:00<00:00, 13.60it/s][A

 58%|█████▊    | 15/26 [00:01<00:00, 13.47it/s][A

 65%|██████▌   | 17/26 [00:01<00:00, 13.38it/s][A

 73%|███████▎  | 19/26 [00:01<00:00, 13.33it/s][A

 81%|████████  | 21/26 [00:01<00:00, 13.29it/s][A

 88%|████████▊ | 23/26 [00:01<00:00, 13.27it/s][A

 96%|█████████▌| 25/26 [00:01<00:00, 13.30it/s][A
                                                 

                                               
[A
100%|██████████| 260/260 [04:05<00:00,  1.50it/s]

100%|██████████| 26/26 [00:01<00:00, 13.30it/s][A

                                               [AThere were missing keys in the checkpoint model loaded: ['lm_head.decoder.weight', 'lm_head.decoder.bias'].

                                                 

100%|██████████| 260/260 [04:10<00:00,  1.50it/s]
100%|██████████| 260/260 [04:10<00:00,  1.04it/s]
Some weights of RobertaForSequenceClassification were not initialized from the model checkpoint at ./layer_pretrained_roberta and are newly initialized: ['classifier.dense.bias', 'classifier.dense.weight', 'classifier.out_proj.bias', 'classifier.out_proj.weight']
You should probably TRAIN this model on a down-stream task to be able to use it for predictions and inference.
2025-04-12 03:53:50.220 | INFO     | __main__:CV_run:403 - Starting fine-tuning with cross-entropy loss
{'eval_loss': 0.020467232912778854, 'eval_runtime': 1.9508, 'eval_samples_per_second': 422.393, 'eval_steps_per_second': 13.328, 'epoch': 10.0}
{'train_runtime': 250.2887, 'train_samples_per_second': 131.608, 'train_steps_per_second': 1.039, 'train_loss': 0.059444561371436486, 'epoch': 10.0}

  0%|          | 0/780 [00:00<?, ?it/s]
  0%|          | 1/780 [00:01<23:07,  1.78s/it]
  0%|          | 2/780 [00:02<12:36,  1.03it/s]
  0%|          | 3/780 [00:02<09:14,  1.40it/s]
  1%|          | 4/780 [00:02<07:39,  1.69it/s]
  1%|          | 5/780 [00:03<06:45,  1.91it/s]
  1%|          | 6/780 [00:03<06:13,  2.07it/s]
  1%|          | 7/780 [00:04<05:53,  2.19it/s]
  1%|          | 8/780 [00:04<05:39,  2.27it/s]
  1%|          | 9/780 [00:05<05:30,  2.33it/s]
  1%|▏         | 10/780 [00:05<05:24,  2.37it/s]
  1%|▏         | 11/780 [00:05<05:20,  2.40it/s]
  2%|▏         | 12/780 [00:06<05:17,  2.42it/s]
  2%|▏         | 13/780 [00:06<05:15,  2.43it/s]
  2%|▏         | 14/780 [00:07<05:14,  2.43it/s]
  2%|▏         | 15/780 [00:07<05:13,  2.44it/s]
  2%|▏         | 16/780 [00:07<05:12,  2.45it/s]
  2%|▏         | 17/780 [00:08<05:11,  2.45it/s]
  2%|▏         | 18/780 [00:08<05:10,  2.45it/s]
  2%|▏         | 19/780 [00:09<05:10,  2.45it/s]
  3%|▎         | 20/780 [00:09<05:10,  2.45it/s]
  3%|▎         | 21/780 [00:09<05:09,  2.45it/s]
  3%|▎         | 22/780 [00:10<05:08,  2.46it/s]
  3%|▎         | 23/780 [00:10<05:07,  2.46it/s]
  3%|▎         | 24/780 [00:11<05:06,  2.47it/s]
  3%|▎         | 25/780 [00:11<05:06,  2.47it/s]
  3%|▎         | 26/780 [00:12<07:24,  1.69it/s]
                                                

  3%|▎         | 26/780 [00:12<07:24,  1.69it/s]{'loss': 3.6811, 'grad_norm': 3.3564488887786865, 'learning_rate': 4.8333333333333334e-05, 'epoch': 1.0}


  0%|          | 0/26 [00:00<?, ?it/s][A

 15%|█▌        | 4/26 [00:00<00:00, 33.62it/s][A

 31%|███       | 8/26 [00:00<00:00, 31.55it/s][A

 46%|████▌     | 12/26 [00:00<00:00, 30.97it/s][A

 62%|██████▏   | 16/26 [00:00<00:00, 30.71it/s][A

 77%|███████▋  | 20/26 [00:00<00:00, 30.57it/s][A

 92%|█████████▏| 24/26 [00:00<00:00, 30.50it/s][A

                                               
[A
                                                

100%|██████████| 26/26 [00:02<00:00, 30.50it/s][A
  3%|▎         | 26/780 [00:15<07:24,  1.69it/s]

                                               [A{'eval_loss': 2.68925404548645, 'eval_macro_recall': 0.16879833993586116, 'eval_macro_precision': 0.10477307245521335, 'eval_macro_f1': 0.11452476620070447, 'eval_accuracy': 0.40898058252427183, 'eval_micro_recall': 0.40898058252427183, 'eval_micro_precision': 0.40898058252427183, 'eval_micro_f1': 0.40898058252427183, 'eval_runtime': 1.7296, 'eval_samples_per_second': 476.423, 'eval_steps_per_second': 15.033, 'epoch': 1.0}

  3%|▎         | 27/780 [00:20<34:49,  2.77s/it]
  4%|▎         | 28/780 [00:20<25:51,  2.06s/it]
  4%|▎         | 29/780 [00:21<19:36,  1.57s/it]
  4%|▍         | 30/780 [00:21<15:13,  1.22s/it]
  4%|▍         | 31/780 [00:22<12:09,  1.03it/s]
  4%|▍         | 32/780 [00:22<10:01,  1.24it/s]
  4%|▍         | 33/780 [00:22<08:31,  1.46it/s]
  4%|▍         | 34/780 [00:23<07:29,  1.66it/s]
  4%|▍         | 35/780 [00:23<06:44,  1.84it/s]
  5%|▍         | 36/780 [00:24<06:13,  1.99it/s]
  5%|▍         | 37/780 [00:24<05:51,  2.12it/s]
  5%|▍         | 38/780 [00:24<05:35,  2.21it/s]
  5%|▌         | 39/780 [00:25<05:24,  2.29it/s]
  5%|▌         | 40/780 [00:25<05:16,  2.34it/s]
  5%|▌         | 41/780 [00:26<05:11,  2.38it/s]
  5%|▌         | 42/780 [00:26<05:07,  2.40it/s]
  6%|▌         | 43/780 [00:26<05:04,  2.42it/s]
  6%|▌         | 44/780 [00:27<05:03,  2.43it/s]
  6%|▌         | 45/780 [00:27<05:02,  2.43it/s]
  6%|▌         | 46/780 [00:28<05:00,  2.44it/s]
  6%|▌         | 47/780 [00:28<04:59,  2.45it/s]
  6%|▌         | 48/780 [00:28<04:58,  2.46it/s]
  6%|▋         | 49/780 [00:29<04:56,  2.46it/s]
  6%|▋         | 50/780 [00:29<04:56,  2.46it/s]
  7%|▋         | 51/780 [00:30<04:56,  2.46it/s]
  7%|▋         | 52/780 [00:30<04:44,  2.56it/s]
                                                

  7%|▋         | 52/780 [00:30<04:44,  2.56it/s]{'loss': 2.1423, 'grad_norm': 3.4071249961853027, 'learning_rate': 4.666666666666667e-05, 'epoch': 2.0}


  0%|          | 0/26 [00:00<?, ?it/s][A

 19%|█▉        | 5/26 [00:00<00:00, 38.08it/s][A

 35%|███▍      | 9/26 [00:00<00:00, 33.56it/s][A

 50%|█████     | 13/26 [00:00<00:00, 32.10it/s][A

 65%|██████▌   | 17/26 [00:00<00:00, 31.45it/s][A

 81%|████████  | 21/26 [00:00<00:00, 31.10it/s][A

 96%|█████████▌| 25/26 [00:00<00:00, 30.87it/s][A

                                               
[A
                                                

100%|██████████| 26/26 [00:00<00:00, 30.87it/s][A
  7%|▋         | 52/780 [00:31<04:44,  2.56it/s]

                                               [A{'eval_loss': 1.4937506914138794, 'eval_macro_recall': 0.5854166666666667, 'eval_macro_precision': 0.4943227099283536, 'eval_macro_f1': 0.5168544866545234, 'eval_accuracy': 0.7669902912621359, 'eval_micro_recall': 0.7669902912621359, 'eval_micro_precision': 0.7669902912621359, 'eval_micro_f1': 0.7669902912621359, 'eval_runtime': 1.1258, 'eval_samples_per_second': 731.955, 'eval_steps_per_second': 23.096, 'epoch': 2.0}

  7%|▋         | 53/780 [00:35<20:16,  1.67s/it]
  7%|▋         | 54/780 [00:35<15:38,  1.29s/it]
  7%|▋         | 55/780 [00:35<12:24,  1.03s/it]
  7%|▋         | 56/780 [00:36<10:09,  1.19it/s]
  7%|▋         | 57/780 [00:36<08:34,  1.40it/s]
  7%|▋         | 58/780 [00:37<07:27,  1.61it/s]
  8%|▊         | 59/780 [00:37<06:40,  1.80it/s]
  8%|▊         | 60/780 [00:38<06:07,  1.96it/s]
  8%|▊         | 61/780 [00:38<05:44,  2.09it/s]
  8%|▊         | 62/780 [00:38<05:28,  2.19it/s]
  8%|▊         | 63/780 [00:39<05:17,  2.26it/s]
  8%|▊         | 64/780 [00:39<05:09,  2.31it/s]
  8%|▊         | 65/780 [00:40<05:03,  2.36it/s]
  8%|▊         | 66/780 [00:40<04:58,  2.39it/s]
  9%|▊         | 67/780 [00:40<04:55,  2.41it/s]
  9%|▊         | 68/780 [00:41<04:53,  2.42it/s]
  9%|▉         | 69/780 [00:41<04:52,  2.43it/s]
  9%|▉         | 70/780 [00:42<04:51,  2.43it/s]
  9%|▉         | 71/780 [00:42<04:50,  2.44it/s]
  9%|▉         | 72/780 [00:42<04:48,  2.45it/s]
  9%|▉         | 73/780 [00:43<04:47,  2.46it/s]
  9%|▉         | 74/780 [00:43<04:47,  2.46it/s]
 10%|▉         | 75/780 [00:44<04:47,  2.45it/s]
 10%|▉         | 76/780 [00:44<04:47,  2.45it/s]
 10%|▉         | 77/780 [00:44<04:46,  2.45it/s]
 10%|█         | 78/780 [00:45<04:35,  2.55it/s]
                                                

 10%|█         | 78/780 [00:45<04:35,  2.55it/s]{'loss': 1.2257, 'grad_norm': 3.3416805267333984, 'learning_rate': 4.5e-05, 'epoch': 3.0}


  0%|          | 0/26 [00:00<?, ?it/s][A

 15%|█▌        | 4/26 [00:00<00:00, 39.63it/s][A

 31%|███       | 8/26 [00:00<00:00, 33.48it/s][A

 46%|████▌     | 12/26 [00:00<00:00, 31.90it/s][A

 62%|██████▏   | 16/26 [00:00<00:00, 31.20it/s][A

 77%|███████▋  | 20/26 [00:00<00:00, 30.88it/s][A

 92%|█████████▏| 24/26 [00:00<00:00, 30.68it/s][A

                                               
[A
                                                

100%|██████████| 26/26 [00:00<00:00, 30.68it/s][A
 10%|█         | 78/780 [00:46<04:35,  2.55it/s]

                                               [A{'eval_loss': 0.8475329875946045, 'eval_macro_recall': 0.7596496629504796, 'eval_macro_precision': 0.7258549225792896, 'eval_macro_f1': 0.7304567659812415, 'eval_accuracy': 0.8944174757281553, 'eval_micro_recall': 0.8944174757281553, 'eval_micro_precision': 0.8944174757281553, 'eval_micro_f1': 0.8944174757281553, 'eval_runtime': 1.1553, 'eval_samples_per_second': 713.238, 'eval_steps_per_second': 22.505, 'epoch': 3.0}

 10%|█         | 79/780 [00:49<19:35,  1.68s/it]
 10%|█         | 80/780 [00:50<15:07,  1.30s/it]
 10%|█         | 81/780 [00:50<11:59,  1.03s/it]
 11%|█         | 82/780 [00:51<09:48,  1.19it/s]
 11%|█         | 83/780 [00:51<08:15,  1.41it/s]
 11%|█         | 84/780 [00:52<07:11,  1.61it/s]
 11%|█         | 85/780 [00:52<06:26,  1.80it/s]
 11%|█         | 86/780 [00:52<05:55,  1.95it/s]
 11%|█         | 87/780 [00:53<05:33,  2.08it/s]
 11%|█▏        | 88/780 [00:53<05:17,  2.18it/s]
 11%|█▏        | 89/780 [00:54<05:05,  2.26it/s]
 12%|█▏        | 90/780 [00:54<04:57,  2.32it/s]
 12%|█▏        | 91/780 [00:54<04:51,  2.36it/s]
 12%|█▏        | 92/780 [00:55<04:48,  2.39it/s]
 12%|█▏        | 93/780 [00:55<04:45,  2.40it/s]
 12%|█▏        | 94/780 [00:56<04:43,  2.42it/s]
 12%|█▏        | 95/780 [00:56<04:41,  2.43it/s]
 12%|█▏        | 96/780 [00:56<04:40,  2.44it/s]
 12%|█▏        | 97/780 [00:57<04:39,  2.44it/s]
 13%|█▎        | 98/780 [00:57<04:39,  2.44it/s]
 13%|█▎        | 99/780 [00:58<04:38,  2.44it/s]
 13%|█▎        | 100/780 [00:58<04:37,  2.45it/s]
 13%|█▎        | 101/780 [00:58<04:36,  2.46it/s]
 13%|█▎        | 102/780 [00:59<04:36,  2.46it/s]
 13%|█▎        | 103/780 [00:59<04:35,  2.46it/s]
 13%|█▎        | 104/780 [01:00<04:24,  2.55it/s]
                                                 

 13%|█▎        | 104/780 [01:00<04:24,  2.55it/s]{'loss': 0.7428, 'grad_norm': 2.752150297164917, 'learning_rate': 4.3333333333333334e-05, 'epoch': 4.0}


  0%|          | 0/26 [00:00<?, ?it/s][A

 19%|█▉        | 5/26 [00:00<00:00, 38.10it/s][A

 35%|███▍      | 9/26 [00:00<00:00, 33.46it/s][A

 50%|█████     | 13/26 [00:00<00:00, 32.01it/s][A

 65%|██████▌   | 17/26 [00:00<00:00, 31.31it/s][A

 81%|████████  | 21/26 [00:00<00:00, 30.95it/s][A

 96%|█████████▌| 25/26 [00:00<00:00, 30.69it/s][A

                                               
[A
                                                 

100%|██████████| 26/26 [00:00<00:00, 30.69it/s][A
 13%|█▎        | 104/780 [01:01<04:24,  2.55it/s]

                                               [A{'eval_loss': 0.5026194453239441, 'eval_macro_recall': 0.8526634474116326, 'eval_macro_precision': 0.8549269006159588, 'eval_macro_f1': 0.843283443323146, 'eval_accuracy': 0.9368932038834952, 'eval_micro_recall': 0.9368932038834952, 'eval_micro_precision': 0.9368932038834952, 'eval_micro_f1': 0.9368932038834952, 'eval_runtime': 1.1352, 'eval_samples_per_second': 725.857, 'eval_steps_per_second': 22.903, 'epoch': 4.0}

 13%|█▎        | 105/780 [01:04<19:08,  1.70s/it]
 14%|█▎        | 106/780 [01:05<14:44,  1.31s/it]
 14%|█▎        | 107/780 [01:05<11:40,  1.04s/it]
 14%|█▍        | 108/780 [01:06<09:31,  1.18it/s]
 14%|█▍        | 109/780 [01:06<08:01,  1.39it/s]
 14%|█▍        | 110/780 [01:06<06:59,  1.60it/s]
 14%|█▍        | 111/780 [01:07<06:14,  1.79it/s]
 14%|█▍        | 112/780 [01:07<05:43,  1.95it/s]
 14%|█▍        | 113/780 [01:08<05:21,  2.08it/s]
 15%|█▍        | 114/780 [01:08<05:05,  2.18it/s]
 15%|█▍        | 115/780 [01:08<04:55,  2.25it/s]
 15%|█▍        | 116/780 [01:09<04:47,  2.31it/s]
 15%|█▌        | 117/780 [01:09<04:41,  2.35it/s]
 15%|█▌        | 118/780 [01:10<04:37,  2.38it/s]
 15%|█▌        | 119/780 [01:10<04:34,  2.41it/s]
 15%|█▌        | 120/780 [01:10<04:33,  2.42it/s]
 16%|█▌        | 121/780 [01:11<04:32,  2.42it/s]
 16%|█▌        | 122/780 [01:11<04:30,  2.43it/s]
 16%|█▌        | 123/780 [01:12<04:29,  2.44it/s]
 16%|█▌        | 124/780 [01:12<04:28,  2.45it/s]
 16%|█▌        | 125/780 [01:13<04:27,  2.45it/s]
 16%|█▌        | 126/780 [01:13<04:27,  2.45it/s]
 16%|█▋        | 127/780 [01:13<04:27,  2.44it/s]
 16%|█▋        | 128/780 [01:14<04:26,  2.45it/s]
 17%|█▋        | 129/780 [01:14<04:25,  2.45it/s]
 17%|█▋        | 130/780 [01:14<04:13,  2.56it/s]
                                                 

 17%|█▋        | 130/780 [01:15<04:13,  2.56it/s]{'loss': 0.4773, 'grad_norm': 2.6456027030944824, 'learning_rate': 4.166666666666667e-05, 'epoch': 5.0}


  0%|          | 0/26 [00:00<?, ?it/s][A

 19%|█▉        | 5/26 [00:00<00:00, 38.01it/s][A

 35%|███▍      | 9/26 [00:00<00:00, 33.39it/s][A

 50%|█████     | 13/26 [00:00<00:00, 32.02it/s][A

 65%|██████▌   | 17/26 [00:00<00:00, 31.31it/s][A

 81%|████████  | 21/26 [00:00<00:00, 30.93it/s][A

 96%|█████████▌| 25/26 [00:00<00:00, 30.70it/s][A

                                               
[A
                                                 

100%|██████████| 26/26 [00:00<00:00, 30.70it/s][A
 17%|█▋        | 130/780 [01:16<04:13,  2.56it/s]

                                               [A{'eval_loss': 0.31971606612205505, 'eval_macro_recall': 0.921258010743038, 'eval_macro_precision': 0.9240388431602353, 'eval_macro_f1': 0.915770740065308, 'eval_accuracy': 0.9696601941747572, 'eval_micro_recall': 0.9696601941747572, 'eval_micro_precision': 0.9696601941747572, 'eval_micro_f1': 0.9696601941747572, 'eval_runtime': 1.1414, 'eval_samples_per_second': 721.915, 'eval_steps_per_second': 22.779, 'epoch': 5.0}

 17%|█▋        | 131/780 [01:19<18:53,  1.75s/it]
 17%|█▋        | 132/780 [01:20<14:31,  1.34s/it]
 17%|█▋        | 133/780 [01:20<11:28,  1.06s/it]
 17%|█▋        | 134/780 [01:21<09:20,  1.15it/s]
 17%|█▋        | 135/780 [01:21<07:50,  1.37it/s]
 17%|█▋        | 136/780 [01:21<06:46,  1.58it/s]
 18%|█▊        | 137/780 [01:22<06:02,  1.77it/s]
 18%|█▊        | 138/780 [01:22<05:32,  1.93it/s]
 18%|█▊        | 139/780 [01:23<05:10,  2.06it/s]
 18%|█▊        | 140/780 [01:23<04:55,  2.16it/s]
 18%|█▊        | 141/780 [01:23<04:44,  2.25it/s]
 18%|█▊        | 142/780 [01:24<04:36,  2.31it/s]
 18%|█▊        | 143/780 [01:24<04:30,  2.35it/s]
 18%|█▊        | 144/780 [01:25<04:27,  2.38it/s]
 19%|█▊        | 145/780 [01:25<04:24,  2.40it/s]
 19%|█▊        | 146/780 [01:26<04:22,  2.41it/s]
 19%|█▉        | 147/780 [01:26<04:20,  2.43it/s]
 19%|█▉        | 148/780 [01:26<04:19,  2.44it/s]
 19%|█▉        | 149/780 [01:27<04:18,  2.44it/s]
 19%|█▉        | 150/780 [01:27<04:18,  2.44it/s]
 19%|█▉        | 151/780 [01:28<04:17,  2.44it/s]
 19%|█▉        | 152/780 [01:28<04:16,  2.45it/s]
 20%|█▉        | 153/780 [01:28<04:15,  2.45it/s]
 20%|█▉        | 154/780 [01:29<04:15,  2.45it/s]
 20%|█▉        | 155/780 [01:29<04:15,  2.45it/s]
 20%|██        | 156/780 [01:30<04:04,  2.55it/s]
                                                 

 20%|██        | 156/780 [01:30<04:04,  2.55it/s]{'loss': 0.3102, 'grad_norm': 3.7433409690856934, 'learning_rate': 4e-05, 'epoch': 6.0}


  0%|          | 0/26 [00:00<?, ?it/s][A

 19%|█▉        | 5/26 [00:00<00:00, 37.82it/s][A

 35%|███▍      | 9/26 [00:00<00:00, 33.25it/s][A

 50%|█████     | 13/26 [00:00<00:00, 31.69it/s][A

 65%|██████▌   | 17/26 [00:00<00:00, 31.06it/s][A

 81%|████████  | 21/26 [00:00<00:00, 30.68it/s][A

 96%|█████████▌| 25/26 [00:00<00:00, 30.50it/s][A

                                               
[A
                                                 

100%|██████████| 26/26 [00:00<00:00, 30.50it/s][A
 20%|██        | 156/780 [01:31<04:04,  2.55it/s]

                                               [A{'eval_loss': 0.22470952570438385, 'eval_macro_recall': 0.9576968642871547, 'eval_macro_precision': 0.9656260765942619, 'eval_macro_f1': 0.9556125056423879, 'eval_accuracy': 0.9769417475728155, 'eval_micro_recall': 0.9769417475728155, 'eval_micro_precision': 0.9769417475728155, 'eval_micro_f1': 0.9769417475728155, 'eval_runtime': 1.1367, 'eval_samples_per_second': 724.923, 'eval_steps_per_second': 22.874, 'epoch': 6.0}

 20%|██        | 157/780 [01:34<18:00,  1.73s/it]
 20%|██        | 158/780 [01:35<13:51,  1.34s/it]
 20%|██        | 159/780 [01:35<10:56,  1.06s/it]
 21%|██        | 160/780 [01:36<08:54,  1.16it/s]
 21%|██        | 161/780 [01:36<07:28,  1.38it/s]
 21%|██        | 162/780 [01:36<06:28,  1.59it/s]
 21%|██        | 163/780 [01:37<05:47,  1.78it/s]
 21%|██        | 164/780 [01:37<05:17,  1.94it/s]
 21%|██        | 165/780 [01:38<04:57,  2.07it/s]
 21%|██▏       | 166/780 [01:38<04:43,  2.17it/s]
 21%|██▏       | 167/780 [01:38<04:32,  2.25it/s]
 22%|██▏       | 168/780 [01:39<04:25,  2.31it/s]
 22%|██▏       | 169/780 [01:39<04:19,  2.35it/s]
 22%|██▏       | 170/780 [01:40<04:16,  2.38it/s]
 22%|██▏       | 171/780 [01:40<04:14,  2.39it/s]
 22%|██▏       | 172/780 [01:41<04:11,  2.42it/s]
 22%|██▏       | 173/780 [01:41<04:10,  2.43it/s]
 22%|██▏       | 174/780 [01:41<04:09,  2.43it/s]
 22%|██▏       | 175/780 [01:42<04:08,  2.43it/s]
 23%|██▎       | 176/780 [01:42<04:07,  2.44it/s]
 23%|██▎       | 177/780 [01:43<04:06,  2.45it/s]
 23%|██▎       | 178/780 [01:43<04:06,  2.45it/s]
 23%|██▎       | 179/780 [01:43<04:06,  2.44it/s]
 23%|██▎       | 180/780 [01:44<04:05,  2.45it/s]
 23%|██▎       | 181/780 [01:44<04:04,  2.45it/s]
 23%|██▎       | 182/780 [01:45<04:00,  2.49it/s]
                                                 

 23%|██▎       | 182/780 [01:45<04:00,  2.49it/s]{'loss': 0.2266, 'grad_norm': 1.2384833097457886, 'learning_rate': 3.8333333333333334e-05, 'epoch': 7.0}


  0%|          | 0/26 [00:00<?, ?it/s][A

 19%|█▉        | 5/26 [00:00<00:00, 37.98it/s][A

 35%|███▍      | 9/26 [00:00<00:00, 33.31it/s][A

 50%|█████     | 13/26 [00:00<00:00, 31.87it/s][A

 65%|██████▌   | 17/26 [00:00<00:00, 31.15it/s][A

 81%|████████  | 21/26 [00:00<00:00, 30.82it/s][A

 96%|█████████▌| 25/26 [00:00<00:00, 30.55it/s][A

                                               
[A
                                                 

100%|██████████| 26/26 [00:01<00:00, 30.55it/s][A
 23%|██▎       | 182/780 [01:46<04:00,  2.49it/s]

                                               [A{'eval_loss': 0.17612820863723755, 'eval_macro_recall': 0.956182662115058, 'eval_macro_precision': 0.9626224446857066, 'eval_macro_f1': 0.9526011624474225, 'eval_accuracy': 0.9769417475728155, 'eval_micro_recall': 0.9769417475728155, 'eval_micro_precision': 0.9769417475728155, 'eval_micro_f1': 0.9769417475728155, 'eval_runtime': 1.1615, 'eval_samples_per_second': 709.45, 'eval_steps_per_second': 22.386, 'epoch': 7.0}

 23%|██▎       | 183/780 [01:50<18:36,  1.87s/it]
 24%|██▎       | 184/780 [01:50<14:13,  1.43s/it]
 24%|██▎       | 185/780 [01:51<11:09,  1.13s/it]
 24%|██▍       | 186/780 [01:51<09:01,  1.10it/s]
 24%|██▍       | 187/780 [01:52<07:31,  1.31it/s]
 24%|██▍       | 188/780 [01:52<06:28,  1.52it/s]
 24%|██▍       | 189/780 [01:52<05:43,  1.72it/s]
 24%|██▍       | 190/780 [01:53<05:12,  1.89it/s]
 24%|██▍       | 191/780 [01:53<04:50,  2.03it/s]
 25%|██▍       | 192/780 [01:54<04:35,  2.13it/s]
 25%|██▍       | 193/780 [01:54<04:24,  2.22it/s]
 25%|██▍       | 194/780 [01:54<04:16,  2.28it/s]
 25%|██▌       | 195/780 [01:55<04:11,  2.33it/s]
 25%|██▌       | 196/780 [01:55<04:07,  2.36it/s]
 25%|██▌       | 197/780 [01:56<04:04,  2.39it/s]
 25%|██▌       | 198/780 [01:56<04:01,  2.41it/s]
 26%|██▌       | 199/780 [01:56<04:00,  2.42it/s]
 26%|██▌       | 200/780 [01:57<03:58,  2.43it/s]
 26%|██▌       | 201/780 [01:57<03:58,  2.43it/s]
 26%|██▌       | 202/780 [01:58<03:56,  2.44it/s]
 26%|██▌       | 203/780 [01:58<03:56,  2.44it/s]
 26%|██▌       | 204/780 [01:58<03:55,  2.44it/s]
 26%|██▋       | 205/780 [01:59<03:55,  2.44it/s]
 26%|██▋       | 206/780 [01:59<03:54,  2.45it/s]
 27%|██▋       | 207/780 [02:00<03:54,  2.45it/s]
 27%|██▋       | 208/780 [02:00<03:44,  2.55it/s]
                                                 

 27%|██▋       | 208/780 [02:00<03:44,  2.55it/s]{'loss': 0.1644, 'grad_norm': 0.5854509472846985, 'learning_rate': 3.6666666666666666e-05, 'epoch': 8.0}


  0%|          | 0/26 [00:00<?, ?it/s][A

 19%|█▉        | 5/26 [00:00<00:00, 37.83it/s][A

 35%|███▍      | 9/26 [00:00<00:00, 33.17it/s][A

 50%|█████     | 13/26 [00:00<00:00, 31.76it/s][A

 65%|██████▌   | 17/26 [00:00<00:00, 31.09it/s][A

 81%|████████  | 21/26 [00:00<00:00, 30.75it/s][A

 96%|█████████▌| 25/26 [00:00<00:00, 30.55it/s][A

                                               
[A
                                                 

100%|██████████| 26/26 [00:00<00:00, 30.55it/s][A
 27%|██▋       | 208/780 [02:01<03:44,  2.55it/s]

                                               [A{'eval_loss': 0.13278701901435852, 'eval_macro_recall': 0.9606208408953417, 'eval_macro_precision': 0.9661352336118889, 'eval_macro_f1': 0.9540642111917442, 'eval_accuracy': 0.9781553398058253, 'eval_micro_recall': 0.9781553398058253, 'eval_micro_precision': 0.9781553398058253, 'eval_micro_f1': 0.9781553398058253, 'eval_runtime': 1.1391, 'eval_samples_per_second': 723.381, 'eval_steps_per_second': 22.825, 'epoch': 8.0}

 27%|██▋       | 209/780 [02:05<16:01,  1.68s/it]
 27%|██▋       | 210/780 [02:05<12:21,  1.30s/it]
 27%|██▋       | 211/780 [02:06<09:47,  1.03s/it]
 27%|██▋       | 212/780 [02:06<08:00,  1.18it/s]
 27%|██▋       | 213/780 [02:06<06:45,  1.40it/s]
 27%|██▋       | 214/780 [02:07<05:52,  1.61it/s]
 28%|██▊       | 215/780 [02:07<05:14,  1.79it/s]
 28%|██▊       | 216/780 [02:08<04:48,  1.95it/s]
 28%|██▊       | 217/780 [02:08<04:30,  2.08it/s]
 28%|██▊       | 218/780 [02:08<04:18,  2.18it/s]
 28%|██▊       | 219/780 [02:09<04:09,  2.25it/s]
 28%|██▊       | 220/780 [02:09<04:02,  2.31it/s]
 28%|██▊       | 221/780 [02:10<03:57,  2.35it/s]
 28%|██▊       | 222/780 [02:10<03:54,  2.38it/s]
 29%|██▊       | 223/780 [02:10<03:52,  2.40it/s]
 29%|██▊       | 224/780 [02:11<03:50,  2.41it/s]
 29%|██▉       | 225/780 [02:11<03:48,  2.43it/s]
 29%|██▉       | 226/780 [02:12<03:47,  2.44it/s]
 29%|██▉       | 227/780 [02:12<03:47,  2.44it/s]
 29%|██▉       | 228/780 [02:12<03:46,  2.44it/s]
 29%|██▉       | 229/780 [02:13<03:45,  2.44it/s]
 29%|██▉       | 230/780 [02:13<03:44,  2.45it/s]
 30%|██▉       | 231/780 [02:14<03:44,  2.45it/s]
 30%|██▉       | 232/780 [02:14<03:44,  2.44it/s]
 30%|██▉       | 233/780 [02:15<03:43,  2.44it/s]
 30%|███       | 234/780 [02:15<03:34,  2.55it/s]
                                                 

 30%|███       | 234/780 [02:15<03:34,  2.55it/s]{'loss': 0.1309, 'grad_norm': 0.9140387177467346, 'learning_rate': 3.5e-05, 'epoch': 9.0}


  0%|          | 0/26 [00:00<?, ?it/s][A

 19%|█▉        | 5/26 [00:00<00:00, 37.78it/s][A

 35%|███▍      | 9/26 [00:00<00:00, 33.24it/s][A

 50%|█████     | 13/26 [00:00<00:00, 31.80it/s][A

 65%|██████▌   | 17/26 [00:00<00:00, 31.13it/s][A

 81%|████████  | 21/26 [00:00<00:00, 30.75it/s][A

 96%|█████████▌| 25/26 [00:00<00:00, 30.51it/s][A

                                               
[A
                                                 

100%|██████████| 26/26 [00:00<00:00, 30.51it/s][A
 30%|███       | 234/780 [02:16<03:34,  2.55it/s]

                                               [A{'eval_loss': 0.1094881072640419, 'eval_macro_recall': 0.9810886771526519, 'eval_macro_precision': 0.9872593209673197, 'eval_macro_f1': 0.9802059493014355, 'eval_accuracy': 0.9866504854368932, 'eval_micro_recall': 0.9866504854368932, 'eval_micro_precision': 0.9866504854368932, 'eval_micro_f1': 0.9866504854368932, 'eval_runtime': 1.1199, 'eval_samples_per_second': 735.796, 'eval_steps_per_second': 23.217, 'epoch': 9.0}

 30%|███       | 235/780 [02:19<14:53,  1.64s/it]
 30%|███       | 236/780 [02:20<11:30,  1.27s/it]
 30%|███       | 237/780 [02:20<09:09,  1.01s/it]
 31%|███       | 238/780 [02:21<07:30,  1.20it/s]
 31%|███       | 239/780 [02:21<06:20,  1.42it/s]
 31%|███       | 240/780 [02:21<05:31,  1.63it/s]
 31%|███       | 241/780 [02:22<04:57,  1.81it/s]
 31%|███       | 242/780 [02:22<04:33,  1.97it/s]
 31%|███       | 243/780 [02:23<04:17,  2.09it/s]
 31%|███▏      | 244/780 [02:23<04:05,  2.18it/s]
 31%|███▏      | 245/780 [02:24<03:56,  2.26it/s]
 32%|███▏      | 246/780 [02:24<03:50,  2.32it/s]
 32%|███▏      | 247/780 [02:24<03:46,  2.35it/s]
 32%|███▏      | 248/780 [02:25<03:43,  2.38it/s]
 32%|███▏      | 249/780 [02:25<03:41,  2.40it/s]
 32%|███▏      | 250/780 [02:26<03:39,  2.41it/s]
 32%|███▏      | 251/780 [02:26<03:38,  2.42it/s]
 32%|███▏      | 252/780 [02:26<03:37,  2.43it/s]
 32%|███▏      | 253/780 [02:27<03:36,  2.43it/s]
 33%|███▎      | 254/780 [02:27<03:35,  2.44it/s]
 33%|███▎      | 255/780 [02:28<03:35,  2.44it/s]
 33%|███▎      | 256/780 [02:28<03:34,  2.44it/s]
 33%|███▎      | 257/780 [02:28<03:34,  2.44it/s]
 33%|███▎      | 258/780 [02:29<03:33,  2.45it/s]
 33%|███▎      | 259/780 [02:29<03:33,  2.45it/s]
 33%|███▎      | 260/780 [02:30<03:26,  2.52it/s]
                                                 

 33%|███▎      | 260/780 [02:30<03:26,  2.52it/s]{'loss': 0.1001, 'grad_norm': 0.8765753507614136, 'learning_rate': 3.3333333333333335e-05, 'epoch': 10.0}


  0%|          | 0/26 [00:00<?, ?it/s][A

 19%|█▉        | 5/26 [00:00<00:00, 38.11it/s][A

 35%|███▍      | 9/26 [00:00<00:00, 33.44it/s][A

 50%|█████     | 13/26 [00:00<00:00, 31.98it/s][A

 65%|██████▌   | 17/26 [00:00<00:00, 31.28it/s][A

 81%|████████  | 21/26 [00:00<00:00, 30.94it/s][A

 96%|█████████▌| 25/26 [00:00<00:00, 30.67it/s][A

                                               
[A
                                                 

100%|██████████| 26/26 [00:00<00:00, 30.67it/s][A
 33%|███▎      | 260/780 [02:31<03:26,  2.52it/s]

                                               [A{'eval_loss': 0.10252202302217484, 'eval_macro_recall': 0.9628138233514824, 'eval_macro_precision': 0.9697237503583005, 'eval_macro_f1': 0.9605325880161582, 'eval_accuracy': 0.9817961165048543, 'eval_micro_recall': 0.9817961165048543, 'eval_micro_precision': 0.9817961165048543, 'eval_micro_f1': 0.9817961165048543, 'eval_runtime': 1.1445, 'eval_samples_per_second': 719.982, 'eval_steps_per_second': 22.718, 'epoch': 10.0}

 33%|███▎      | 261/780 [02:34<14:18,  1.65s/it]
 34%|███▎      | 262/780 [02:35<11:03,  1.28s/it]
 34%|███▎      | 263/780 [02:35<08:47,  1.02s/it]
 34%|███▍      | 264/780 [02:35<07:11,  1.20it/s]
 34%|███▍      | 265/780 [02:36<06:04,  1.41it/s]
 34%|███▍      | 266/780 [02:36<05:17,  1.62it/s]
 34%|███▍      | 267/780 [02:37<04:44,  1.80it/s]
 34%|███▍      | 268/780 [02:37<04:21,  1.96it/s]
 34%|███▍      | 269/780 [02:37<04:05,  2.08it/s]
 35%|███▍      | 270/780 [02:38<03:53,  2.18it/s]
 35%|███▍      | 271/780 [02:38<03:45,  2.26it/s]
 35%|███▍      | 272/780 [02:39<03:40,  2.31it/s]
 35%|███▌      | 273/780 [02:39<03:36,  2.35it/s]
 35%|███▌      | 274/780 [02:40<03:32,  2.38it/s]
 35%|███▌      | 275/780 [02:40<03:30,  2.40it/s]
 35%|███▌      | 276/780 [02:40<03:28,  2.42it/s]
 36%|███▌      | 277/780 [02:41<03:27,  2.42it/s]
 36%|███▌      | 278/780 [02:41<03:26,  2.43it/s]
 36%|███▌      | 279/780 [02:42<03:25,  2.44it/s]
 36%|███▌      | 280/780 [02:42<03:25,  2.44it/s]
 36%|███▌      | 281/780 [02:42<03:24,  2.44it/s]
 36%|███▌      | 282/780 [02:43<03:24,  2.44it/s]
 36%|███▋      | 283/780 [02:43<03:23,  2.45it/s]
 36%|███▋      | 284/780 [02:44<03:23,  2.44it/s]
 37%|███▋      | 285/780 [02:44<03:22,  2.44it/s]
 37%|███▋      | 286/780 [02:44<03:17,  2.50it/s]
                                                 

 37%|███▋      | 286/780 [02:44<03:17,  2.50it/s]{'loss': 0.0851, 'grad_norm': 0.789462685585022, 'learning_rate': 3.1666666666666666e-05, 'epoch': 11.0}


  0%|          | 0/26 [00:00<?, ?it/s][A

 19%|█▉        | 5/26 [00:00<00:00, 37.83it/s][A

 35%|███▍      | 9/26 [00:00<00:00, 33.31it/s][A

 50%|█████     | 13/26 [00:00<00:00, 31.90it/s][A

 65%|██████▌   | 17/26 [00:00<00:00, 31.24it/s][A

 81%|████████  | 21/26 [00:00<00:00, 30.67it/s][A

 96%|█████████▌| 25/26 [00:00<00:00, 30.45it/s][A

                                               
[A
                                                 

100%|██████████| 26/26 [00:00<00:00, 30.45it/s][A
 37%|███▋      | 286/780 [02:46<03:17,  2.50it/s]

                                               [A{'eval_loss': 0.08810146898031235, 'eval_macro_recall': 0.9751885100682741, 'eval_macro_precision': 0.9794483459381592, 'eval_macro_f1': 0.9720722995945694, 'eval_accuracy': 0.9830097087378641, 'eval_micro_recall': 0.9830097087378641, 'eval_micro_precision': 0.9830097087378641, 'eval_micro_f1': 0.9830097087378641, 'eval_runtime': 1.1351, 'eval_samples_per_second': 725.945, 'eval_steps_per_second': 22.906, 'epoch': 11.0}

 37%|███▋      | 287/780 [02:49<13:24,  1.63s/it]
 37%|███▋      | 288/780 [02:49<10:22,  1.27s/it]
 37%|███▋      | 289/780 [02:50<08:15,  1.01s/it]
 37%|███▋      | 290/780 [02:50<06:45,  1.21it/s]
 37%|███▋      | 291/780 [02:51<05:43,  1.43it/s]
 37%|███▋      | 292/780 [02:51<04:59,  1.63it/s]
 38%|███▊      | 293/780 [02:51<04:28,  1.82it/s]
 38%|███▊      | 294/780 [02:52<04:07,  1.97it/s]
 38%|███▊      | 295/780 [02:52<03:52,  2.09it/s]
 38%|███▊      | 296/780 [02:53<03:41,  2.19it/s]
 38%|███▊      | 297/780 [02:53<03:33,  2.26it/s]
 38%|███▊      | 298/780 [02:53<03:28,  2.31it/s]
 38%|███▊      | 299/780 [02:54<03:24,  2.35it/s]
 38%|███▊      | 300/780 [02:54<03:21,  2.38it/s]
 39%|███▊      | 301/780 [02:55<03:19,  2.40it/s]
 39%|███▊      | 302/780 [02:55<03:17,  2.42it/s]
 39%|███▉      | 303/780 [02:55<03:17,  2.42it/s]
 39%|███▉      | 304/780 [02:56<03:16,  2.43it/s]
 39%|███▉      | 305/780 [02:56<03:14,  2.44it/s]
 39%|███▉      | 306/780 [02:57<03:14,  2.44it/s]
 39%|███▉      | 307/780 [02:57<03:13,  2.44it/s]
 39%|███▉      | 308/780 [02:57<03:13,  2.44it/s]
 40%|███▉      | 309/780 [02:58<03:12,  2.45it/s]
 40%|███▉      | 310/780 [02:58<03:12,  2.45it/s]
 40%|███▉      | 311/780 [02:59<03:12,  2.44it/s]
 40%|████      | 312/780 [02:59<03:03,  2.55it/s]
                                                 

 40%|████      | 312/780 [02:59<03:03,  2.55it/s]{'loss': 0.0714, 'grad_norm': 0.4247657358646393, 'learning_rate': 3e-05, 'epoch': 12.0}


  0%|          | 0/26 [00:00<?, ?it/s][A

 19%|█▉        | 5/26 [00:00<00:00, 38.01it/s][A

 35%|███▍      | 9/26 [00:00<00:00, 33.31it/s][A

 50%|█████     | 13/26 [00:00<00:00, 31.92it/s][A

 65%|██████▌   | 17/26 [00:00<00:00, 31.21it/s][A

 81%|████████  | 21/26 [00:00<00:00, 30.87it/s][A

 96%|█████████▌| 25/26 [00:00<00:00, 30.62it/s][A

                                               
[A
                                                 

100%|██████████| 26/26 [00:00<00:00, 30.62it/s][A
 40%|████      | 312/780 [03:00<03:03,  2.55it/s]

                                               [A{'eval_loss': 0.08421177417039871, 'eval_macro_recall': 0.9653200890156426, 'eval_macro_precision': 0.9696739098479336, 'eval_macro_f1': 0.9630714320410704, 'eval_accuracy': 0.9830097087378641, 'eval_micro_recall': 0.9830097087378641, 'eval_micro_precision': 0.9830097087378641, 'eval_micro_f1': 0.9830097087378641, 'eval_runtime': 1.1333, 'eval_samples_per_second': 727.061, 'eval_steps_per_second': 22.941, 'epoch': 12.0}

 40%|████      | 313/780 [03:04<12:39,  1.63s/it]
 40%|████      | 314/780 [03:04<09:47,  1.26s/it]
 40%|████      | 315/780 [03:04<07:48,  1.01s/it]
 41%|████      | 316/780 [03:05<06:23,  1.21it/s]
 41%|████      | 317/780 [03:05<05:24,  1.42it/s]
 41%|████      | 318/780 [03:06<04:43,  1.63it/s]
 41%|████      | 319/780 [03:06<04:14,  1.81it/s]
 41%|████      | 320/780 [03:06<03:54,  1.96it/s]
 41%|████      | 321/780 [03:07<03:40,  2.08it/s]
 41%|████▏     | 322/780 [03:07<03:29,  2.18it/s]
 41%|████▏     | 323/780 [03:08<03:22,  2.26it/s]
 42%|████▏     | 324/780 [03:08<03:17,  2.31it/s]
 42%|████▏     | 325/780 [03:08<03:13,  2.35it/s]
 42%|████▏     | 326/780 [03:09<03:11,  2.37it/s]
 42%|████▏     | 327/780 [03:09<03:09,  2.39it/s]
 42%|████▏     | 328/780 [03:10<03:08,  2.40it/s]
 42%|████▏     | 329/780 [03:10<03:06,  2.42it/s]
 42%|████▏     | 330/780 [03:11<03:05,  2.43it/s]
 42%|████▏     | 331/780 [03:11<03:04,  2.43it/s]
 43%|████▎     | 332/780 [03:11<03:04,  2.43it/s]
 43%|████▎     | 333/780 [03:12<03:03,  2.44it/s]
 43%|████▎     | 334/780 [03:12<03:02,  2.45it/s]
 43%|████▎     | 335/780 [03:13<03:02,  2.44it/s]
 43%|████▎     | 336/780 [03:13<03:01,  2.44it/s]
 43%|████▎     | 337/780 [03:13<03:01,  2.44it/s]
 43%|████▎     | 338/780 [03:14<02:53,  2.54it/s]
                                                 

 43%|████▎     | 338/780 [03:14<02:53,  2.54it/s]{'loss': 0.0614, 'grad_norm': 0.21896953880786896, 'learning_rate': 2.8333333333333335e-05, 'epoch': 13.0}


  0%|          | 0/26 [00:00<?, ?it/s][A

 19%|█▉        | 5/26 [00:00<00:00, 37.91it/s][A

 35%|███▍      | 9/26 [00:00<00:00, 33.32it/s][A

 50%|█████     | 13/26 [00:00<00:00, 31.84it/s][A

 65%|██████▌   | 17/26 [00:00<00:00, 31.15it/s][A

 81%|████████  | 21/26 [00:00<00:00, 30.80it/s][A

 96%|█████████▌| 25/26 [00:00<00:00, 30.53it/s][A

                                               
[A
                                                 

100%|██████████| 26/26 [00:00<00:00, 30.53it/s][A
 43%|████▎     | 338/780 [03:15<02:53,  2.54it/s]

                                               [A{'eval_loss': 0.07680948823690414, 'eval_macro_recall': 0.9784779837524846, 'eval_macro_precision': 0.9847115038328961, 'eval_macro_f1': 0.9772414725269002, 'eval_accuracy': 0.9854368932038835, 'eval_micro_recall': 0.9854368932038835, 'eval_micro_precision': 0.9854368932038835, 'eval_micro_f1': 0.9854368932038835, 'eval_runtime': 1.1448, 'eval_samples_per_second': 719.77, 'eval_steps_per_second': 22.711, 'epoch': 13.0}

 43%|████▎     | 339/780 [03:20<15:16,  2.08s/it]
 44%|████▎     | 340/780 [03:20<11:34,  1.58s/it]
 44%|████▎     | 341/780 [03:21<08:58,  1.23s/it]
 44%|████▍     | 342/780 [03:21<07:10,  1.02it/s]
 44%|████▍     | 343/780 [03:21<05:54,  1.23it/s]
 44%|████▍     | 344/780 [03:22<05:00,  1.45it/s]
 44%|████▍     | 345/780 [03:22<04:23,  1.65it/s]
 44%|████▍     | 346/780 [03:23<03:57,  1.83it/s]
 44%|████▍     | 347/780 [03:23<03:38,  1.98it/s]
 45%|████▍     | 348/780 [03:23<03:25,  2.10it/s]
 45%|████▍     | 349/780 [03:24<03:16,  2.20it/s]
 45%|████▍     | 350/780 [03:24<03:09,  2.27it/s]
 45%|████▌     | 351/780 [03:25<03:05,  2.31it/s]
 45%|████▌     | 352/780 [03:25<03:02,  2.35it/s]
 45%|████▌     | 353/780 [03:25<02:59,  2.38it/s]
 45%|████▌     | 354/780 [03:26<02:57,  2.40it/s]
 46%|████▌     | 355/780 [03:26<02:56,  2.41it/s]
 46%|████▌     | 356/780 [03:27<02:55,  2.42it/s]
 46%|████▌     | 357/780 [03:27<02:53,  2.43it/s]
 46%|████▌     | 358/780 [03:28<02:53,  2.44it/s]
 46%|████▌     | 359/780 [03:28<02:52,  2.44it/s]
 46%|████▌     | 360/780 [03:28<02:52,  2.44it/s]
 46%|████▋     | 361/780 [03:29<02:51,  2.44it/s]
 46%|████▋     | 362/780 [03:29<02:50,  2.45it/s]
 47%|████▋     | 363/780 [03:30<02:50,  2.44it/s]
 47%|████▋     | 364/780 [03:30<02:43,  2.54it/s]
                                                 

 47%|████▋     | 364/780 [03:30<02:43,  2.54it/s]{'loss': 0.0551, 'grad_norm': 0.19995331764221191, 'learning_rate': 2.6666666666666667e-05, 'epoch': 14.0}


  0%|          | 0/26 [00:00<?, ?it/s][A

 19%|█▉        | 5/26 [00:00<00:00, 37.95it/s][A

 35%|███▍      | 9/26 [00:00<00:00, 33.21it/s][A

 50%|█████     | 13/26 [00:00<00:00, 31.81it/s][A

 65%|██████▌   | 17/26 [00:00<00:00, 31.10it/s][A

 81%|████████  | 21/26 [00:00<00:00, 30.72it/s][A

 96%|█████████▌| 25/26 [00:00<00:00, 30.51it/s][A

                                               
[A
                                                 

100%|██████████| 26/26 [00:00<00:00, 30.51it/s][A
 47%|████▋     | 364/780 [03:31<02:43,  2.54it/s]

                                               [A{'eval_loss': 0.07921692728996277, 'eval_macro_recall': 0.9784779837524846, 'eval_macro_precision': 0.9847115038328961, 'eval_macro_f1': 0.9772414725269002, 'eval_accuracy': 0.9854368932038835, 'eval_micro_recall': 0.9854368932038835, 'eval_micro_precision': 0.9854368932038835, 'eval_micro_f1': 0.9854368932038835, 'eval_runtime': 1.1319, 'eval_samples_per_second': 727.953, 'eval_steps_per_second': 22.969, 'epoch': 14.0}

 47%|████▋     | 365/780 [03:35<11:26,  1.65s/it]
 47%|████▋     | 366/780 [03:35<08:50,  1.28s/it]
 47%|████▋     | 367/780 [03:35<07:01,  1.02s/it]
 47%|████▋     | 368/780 [03:36<05:44,  1.20it/s]
 47%|████▋     | 369/780 [03:36<04:50,  1.41it/s]
 47%|████▋     | 370/780 [03:37<04:12,  1.62it/s]
 48%|████▊     | 371/780 [03:37<03:46,  1.81it/s]
 48%|████▊     | 372/780 [03:37<03:28,  1.96it/s]
 48%|████▊     | 373/780 [03:38<03:15,  2.08it/s]
 48%|████▊     | 374/780 [03:38<03:06,  2.18it/s]
 48%|████▊     | 375/780 [03:39<02:59,  2.26it/s]
 48%|████▊     | 376/780 [03:39<02:54,  2.31it/s]
 48%|████▊     | 377/780 [03:39<02:51,  2.35it/s]
 48%|████▊     | 378/780 [03:40<02:49,  2.38it/s]
 49%|████▊     | 379/780 [03:40<02:47,  2.39it/s]
 49%|████▊     | 380/780 [03:41<02:45,  2.41it/s]
 49%|████▉     | 381/780 [03:41<02:44,  2.42it/s]
 49%|████▉     | 382/780 [03:41<02:44,  2.43it/s]
 49%|████▉     | 383/780 [03:42<02:43,  2.43it/s]
 49%|████▉     | 384/780 [03:42<02:42,  2.44it/s]
 49%|████▉     | 385/780 [03:43<02:41,  2.44it/s]
 49%|████▉     | 386/780 [03:43<02:41,  2.44it/s]
 50%|████▉     | 387/780 [03:43<02:41,  2.44it/s]
 50%|████▉     | 388/780 [03:44<02:40,  2.45it/s]
 50%|████▉     | 389/780 [03:44<02:40,  2.44it/s]
 50%|█████     | 390/780 [03:45<02:37,  2.47it/s]
                                                 

 50%|█████     | 390/780 [03:45<02:37,  2.47it/s]{'loss': 0.0486, 'grad_norm': 0.5225774049758911, 'learning_rate': 2.5e-05, 'epoch': 15.0}


  0%|          | 0/26 [00:00<?, ?it/s][A

 19%|█▉        | 5/26 [00:00<00:00, 37.74it/s][A

 35%|███▍      | 9/26 [00:00<00:00, 33.23it/s][A

 50%|█████     | 13/26 [00:00<00:00, 31.84it/s][A

 65%|██████▌   | 17/26 [00:00<00:00, 31.19it/s][A

 81%|████████  | 21/26 [00:00<00:00, 30.80it/s][A

 96%|█████████▌| 25/26 [00:00<00:00, 30.63it/s][A

                                               
[A
                                                 

100%|██████████| 26/26 [00:00<00:00, 30.63it/s][A
 50%|█████     | 390/780 [03:46<02:37,  2.47it/s]

                                               [A{'eval_loss': 0.07648060470819473, 'eval_macro_recall': 0.9770682093163946, 'eval_macro_precision': 0.9810930827802644, 'eval_macro_f1': 0.9739616383260135, 'eval_accuracy': 0.9842233009708737, 'eval_micro_recall': 0.9842233009708737, 'eval_micro_precision': 0.9842233009708737, 'eval_micro_f1': 0.9842233009708737, 'eval_runtime': 1.1327, 'eval_samples_per_second': 727.437, 'eval_steps_per_second': 22.953, 'epoch': 15.0}

 50%|█████     | 391/780 [03:49<11:09,  1.72s/it]
 50%|█████     | 392/780 [03:50<08:34,  1.33s/it]
 50%|█████     | 393/780 [03:50<06:46,  1.05s/it]
 51%|█████     | 394/780 [03:51<05:30,  1.17it/s]
 51%|█████     | 395/780 [03:51<04:38,  1.38it/s]
 51%|█████     | 396/780 [03:52<04:01,  1.59it/s]
 51%|█████     | 397/780 [03:52<03:35,  1.78it/s]
 51%|█████     | 398/780 [03:52<03:17,  1.94it/s]
 51%|█████     | 399/780 [03:53<03:04,  2.07it/s]
 51%|█████▏    | 400/780 [03:53<02:55,  2.17it/s]
 51%|█████▏    | 401/780 [03:54<02:49,  2.24it/s]
 52%|█████▏    | 402/780 [03:54<02:44,  2.30it/s]
 52%|█████▏    | 403/780 [03:54<02:40,  2.35it/s]
 52%|█████▏    | 404/780 [03:55<02:38,  2.38it/s]
 52%|█████▏    | 405/780 [03:55<02:36,  2.39it/s]
 52%|█████▏    | 406/780 [03:56<02:35,  2.41it/s]
 52%|█████▏    | 407/780 [03:56<02:33,  2.42it/s]
 52%|█████▏    | 408/780 [03:56<02:33,  2.43it/s]
 52%|█████▏    | 409/780 [03:57<02:32,  2.43it/s]
 53%|█████▎    | 410/780 [03:57<02:31,  2.44it/s]
 53%|█████▎    | 411/780 [03:58<02:31,  2.44it/s]
 53%|█████▎    | 412/780 [03:58<02:30,  2.44it/s]
 53%|█████▎    | 413/780 [03:58<02:30,  2.44it/s]
 53%|█████▎    | 414/780 [03:59<02:29,  2.44it/s]
 53%|█████▎    | 415/780 [03:59<02:29,  2.45it/s]
 53%|█████▎    | 416/780 [04:00<02:25,  2.50it/s]
                                                 

 53%|█████▎    | 416/780 [04:00<02:25,  2.50it/s]{'loss': 0.0474, 'grad_norm': 0.839840829372406, 'learning_rate': 2.3333333333333336e-05, 'epoch': 16.0}


  0%|          | 0/26 [00:00<?, ?it/s][A

 19%|█▉        | 5/26 [00:00<00:00, 37.80it/s][A

 35%|███▍      | 9/26 [00:00<00:00, 33.30it/s][A

 50%|█████     | 13/26 [00:00<00:00, 31.83it/s][A

 65%|██████▌   | 17/26 [00:00<00:00, 31.17it/s][A

 81%|████████  | 21/26 [00:00<00:00, 30.82it/s][A

 96%|█████████▌| 25/26 [00:00<00:00, 30.57it/s][A

                                               
[A
                                                 

100%|██████████| 26/26 [00:00<00:00, 30.57it/s][A
 53%|█████▎    | 416/780 [04:01<02:25,  2.50it/s]

                                               [A{'eval_loss': 0.0819116085767746, 'eval_macro_recall': 0.9793720458307573, 'eval_macro_precision': 0.9781294893561445, 'eval_macro_f1': 0.9746669463186489, 'eval_accuracy': 0.9817961165048543, 'eval_micro_recall': 0.9817961165048543, 'eval_micro_precision': 0.9817961165048543, 'eval_micro_f1': 0.9817961165048543, 'eval_runtime': 1.1317, 'eval_samples_per_second': 728.129, 'eval_steps_per_second': 22.975, 'epoch': 16.0}

 53%|█████▎    | 417/780 [04:04<10:04,  1.67s/it]
 54%|█████▎    | 418/780 [04:05<07:46,  1.29s/it]
 54%|█████▎    | 419/780 [04:05<06:10,  1.03s/it]
 54%|█████▍    | 420/780 [04:06<05:02,  1.19it/s]
 54%|█████▍    | 421/780 [04:06<04:14,  1.41it/s]
 54%|█████▍    | 422/780 [04:06<03:41,  1.62it/s]
 54%|█████▍    | 423/780 [04:07<03:18,  1.80it/s]
 54%|█████▍    | 424/780 [04:07<03:02,  1.95it/s]
 54%|█████▍    | 425/780 [04:08<02:50,  2.08it/s]
 55%|█████▍    | 426/780 [04:08<02:42,  2.18it/s]
 55%|█████▍    | 427/780 [04:08<02:36,  2.25it/s]
 55%|█████▍    | 428/780 [04:09<02:32,  2.31it/s]
 55%|█████▌    | 429/780 [04:09<02:29,  2.34it/s]
 55%|█████▌    | 430/780 [04:10<02:27,  2.38it/s]
 55%|█████▌    | 431/780 [04:10<02:25,  2.40it/s]
 55%|█████▌    | 432/780 [04:10<02:24,  2.41it/s]
 56%|█████▌    | 433/780 [04:11<02:23,  2.42it/s]
 56%|█████▌    | 434/780 [04:11<02:22,  2.43it/s]
 56%|█████▌    | 435/780 [04:12<02:21,  2.43it/s]
 56%|█████▌    | 436/780 [04:12<02:21,  2.43it/s]
 56%|█████▌    | 437/780 [04:12<02:20,  2.44it/s]
 56%|█████▌    | 438/780 [04:13<02:20,  2.44it/s]
 56%|█████▋    | 439/780 [04:13<02:19,  2.44it/s]
 56%|█████▋    | 440/780 [04:14<02:19,  2.44it/s]
 57%|█████▋    | 441/780 [04:14<02:18,  2.44it/s]
 57%|█████▋    | 442/780 [04:14<02:13,  2.54it/s]
                                                 

 57%|█████▋    | 442/780 [04:15<02:13,  2.54it/s]{'loss': 0.0423, 'grad_norm': 0.25819000601768494, 'learning_rate': 2.1666666666666667e-05, 'epoch': 17.0}


  0%|          | 0/26 [00:00<?, ?it/s][A

 19%|█▉        | 5/26 [00:00<00:00, 37.91it/s][A

 35%|███▍      | 9/26 [00:00<00:00, 33.29it/s][A

 50%|█████     | 13/26 [00:00<00:00, 31.78it/s][A

 65%|██████▌   | 17/26 [00:00<00:00, 31.11it/s][A

 81%|████████  | 21/26 [00:00<00:00, 30.73it/s][A

 96%|█████████▌| 25/26 [00:00<00:00, 30.53it/s][A

                                               
[A
                                                 

100%|██████████| 26/26 [00:00<00:00, 30.53it/s][A
 57%|█████▋    | 442/780 [04:16<02:13,  2.54it/s]

                                               [A{'eval_loss': 0.0753689557313919, 'eval_macro_recall': 0.9814019603606718, 'eval_macro_precision': 0.9856145841252144, 'eval_macro_f1': 0.9810678067422401, 'eval_accuracy': 0.9854368932038835, 'eval_micro_recall': 0.9854368932038835, 'eval_micro_precision': 0.9854368932038835, 'eval_micro_f1': 0.9854368932038835, 'eval_runtime': 1.1328, 'eval_samples_per_second': 727.433, 'eval_steps_per_second': 22.953, 'epoch': 17.0}

 57%|█████▋    | 443/780 [04:19<09:17,  1.65s/it]
 57%|█████▋    | 444/780 [04:19<07:10,  1.28s/it]
 57%|█████▋    | 445/780 [04:20<05:41,  1.02s/it]
 57%|█████▋    | 446/780 [04:20<04:38,  1.20it/s]
 57%|█████▋    | 447/780 [04:21<03:55,  1.41it/s]
 57%|█████▋    | 448/780 [04:21<03:25,  1.62it/s]
 58%|█████▊    | 449/780 [04:22<03:03,  1.80it/s]
 58%|█████▊    | 450/780 [04:22<02:48,  1.96it/s]
 58%|█████▊    | 451/780 [04:22<02:38,  2.08it/s]
 58%|█████▊    | 452/780 [04:23<02:30,  2.18it/s]
 58%|█████▊    | 453/780 [04:23<02:25,  2.25it/s]
 58%|█████▊    | 454/780 [04:24<02:21,  2.31it/s]
 58%|█████▊    | 455/780 [04:24<02:18,  2.35it/s]
 58%|█████▊    | 456/780 [04:24<02:16,  2.38it/s]
 59%|█████▊    | 457/780 [04:25<02:14,  2.39it/s]
 59%|█████▊    | 458/780 [04:25<02:13,  2.41it/s]
 59%|█████▉    | 459/780 [04:26<02:12,  2.43it/s]
 59%|█████▉    | 460/780 [04:26<02:11,  2.43it/s]
 59%|█████▉    | 461/780 [04:26<02:11,  2.43it/s]
 59%|█████▉    | 462/780 [04:27<02:10,  2.44it/s]
 59%|█████▉    | 463/780 [04:27<02:09,  2.44it/s]
 59%|█████▉    | 464/780 [04:28<02:09,  2.44it/s]
 60%|█████▉    | 465/780 [04:28<02:09,  2.44it/s]
 60%|█████▉    | 466/780 [04:28<02:08,  2.45it/s]
 60%|█████▉    | 467/780 [04:29<02:07,  2.45it/s]
 60%|██████    | 468/780 [04:29<02:03,  2.53it/s]
                                                 

 60%|██████    | 468/780 [04:29<02:03,  2.53it/s]{'loss': 0.0363, 'grad_norm': 0.170369490981102, 'learning_rate': 2e-05, 'epoch': 18.0}


  0%|          | 0/26 [00:00<?, ?it/s][A

 19%|█▉        | 5/26 [00:00<00:00, 38.02it/s][A

 35%|███▍      | 9/26 [00:00<00:00, 33.33it/s][A

 50%|█████     | 13/26 [00:00<00:00, 31.83it/s][A

 65%|██████▌   | 17/26 [00:00<00:00, 31.14it/s][A

 81%|████████  | 21/26 [00:00<00:00, 30.81it/s][A

 96%|█████████▌| 25/26 [00:00<00:00, 30.61it/s][A

                                               
[A
                                                 

100%|██████████| 26/26 [00:01<00:00, 30.61it/s][A
 60%|██████    | 468/780 [04:31<02:03,  2.53it/s]

                                               [A{'eval_loss': 0.0647013783454895, 'eval_macro_recall': 0.9888163296171464, 'eval_macro_precision': 0.9884826796011006, 'eval_macro_f1': 0.9869575016448178, 'eval_accuracy': 0.9878640776699029, 'eval_micro_recall': 0.9878640776699029, 'eval_micro_precision': 0.9878640776699029, 'eval_micro_f1': 0.9878640776699029, 'eval_runtime': 1.1497, 'eval_samples_per_second': 716.712, 'eval_steps_per_second': 22.615, 'epoch': 18.0}

 60%|██████    | 469/780 [04:34<08:33,  1.65s/it]
 60%|██████    | 470/780 [04:34<06:36,  1.28s/it]
 60%|██████    | 471/780 [04:35<05:14,  1.02s/it]
 61%|██████    | 472/780 [04:35<04:16,  1.20it/s]
 61%|██████    | 473/780 [04:35<03:36,  1.42it/s]
 61%|██████    | 474/780 [04:36<03:08,  1.62it/s]
 61%|██████    | 475/780 [04:36<02:49,  1.80it/s]
 61%|██████    | 476/780 [04:37<02:35,  1.96it/s]
 61%|██████    | 477/780 [04:37<02:25,  2.08it/s]
 61%|██████▏   | 478/780 [04:37<02:18,  2.18it/s]
 61%|██████▏   | 479/780 [04:38<02:13,  2.26it/s]
 62%|██████▏   | 480/780 [04:38<02:09,  2.31it/s]
 62%|██████▏   | 481/780 [04:39<02:07,  2.35it/s]
 62%|██████▏   | 482/780 [04:39<02:05,  2.38it/s]
 62%|██████▏   | 483/780 [04:40<02:03,  2.40it/s]
 62%|██████▏   | 484/780 [04:40<02:02,  2.41it/s]
 62%|██████▏   | 485/780 [04:40<02:02,  2.42it/s]
 62%|██████▏   | 486/780 [04:41<02:01,  2.43it/s]
 62%|██████▏   | 487/780 [04:41<02:00,  2.44it/s]
 63%|██████▎   | 488/780 [04:42<01:59,  2.44it/s]
 63%|██████▎   | 489/780 [04:42<01:59,  2.43it/s]
 63%|██████▎   | 490/780 [04:42<01:58,  2.44it/s]
 63%|██████▎   | 491/780 [04:43<01:58,  2.44it/s]
 63%|██████▎   | 492/780 [04:43<01:57,  2.44it/s]
 63%|██████▎   | 493/780 [04:44<01:57,  2.44it/s]
 63%|██████▎   | 494/780 [04:44<01:53,  2.52it/s]
                                                 

 63%|██████▎   | 494/780 [04:44<01:53,  2.52it/s]{'loss': 0.033, 'grad_norm': 0.8845281600952148, 'learning_rate': 1.8333333333333333e-05, 'epoch': 19.0}


  0%|          | 0/26 [00:00<?, ?it/s][A

 19%|█▉        | 5/26 [00:00<00:00, 37.69it/s][A

 35%|███▍      | 9/26 [00:00<00:00, 33.21it/s][A

 50%|█████     | 13/26 [00:00<00:00, 31.78it/s][A

 65%|██████▌   | 17/26 [00:00<00:00, 31.16it/s][A

 81%|████████  | 21/26 [00:00<00:00, 30.74it/s][A

 96%|█████████▌| 25/26 [00:00<00:00, 30.47it/s][A

                                               
[A
                                                 

100%|██████████| 26/26 [00:00<00:00, 30.47it/s][A
 63%|██████▎   | 494/780 [04:45<01:53,  2.52it/s]

                                               [A{'eval_loss': 0.07291878759860992, 'eval_macro_recall': 0.9848408737360642, 'eval_macro_precision': 0.9857638838391918, 'eval_macro_f1': 0.9833939614912177, 'eval_accuracy': 0.9817961165048543, 'eval_micro_recall': 0.9817961165048543, 'eval_micro_precision': 0.9817961165048543, 'eval_micro_f1': 0.9817961165048543, 'eval_runtime': 1.1389, 'eval_samples_per_second': 723.536, 'eval_steps_per_second': 22.83, 'epoch': 19.0}

 63%|██████▎   | 495/780 [04:49<07:50,  1.65s/it]
 64%|██████▎   | 496/780 [04:49<06:02,  1.28s/it]
 64%|██████▎   | 497/780 [04:49<04:47,  1.02s/it]
 64%|██████▍   | 498/780 [04:50<03:54,  1.20it/s]
 64%|██████▍   | 499/780 [04:50<03:18,  1.42it/s]
 64%|██████▍   | 500/780 [04:51<02:52,  1.62it/s]
 64%|██████▍   | 501/780 [04:51<02:34,  1.80it/s]
 64%|██████▍   | 502/780 [04:51<02:21,  1.96it/s]
 64%|██████▍   | 503/780 [04:52<02:12,  2.08it/s]
 65%|██████▍   | 504/780 [04:52<02:06,  2.18it/s]
 65%|██████▍   | 505/780 [04:53<02:02,  2.25it/s]
 65%|██████▍   | 506/780 [04:53<01:58,  2.31it/s]
 65%|██████▌   | 507/780 [04:53<01:56,  2.35it/s]
 65%|██████▌   | 508/780 [04:54<01:54,  2.37it/s]
 65%|██████▌   | 509/780 [04:54<01:53,  2.40it/s]
 65%|██████▌   | 510/780 [04:55<01:51,  2.41it/s]
 66%|██████▌   | 511/780 [04:55<01:50,  2.43it/s]
 66%|██████▌   | 512/780 [04:56<01:50,  2.43it/s]
 66%|██████▌   | 513/780 [04:56<01:49,  2.43it/s]
 66%|██████▌   | 514/780 [04:56<01:48,  2.44it/s]
 66%|██████▌   | 515/780 [04:57<01:48,  2.44it/s]
 66%|██████▌   | 516/780 [04:57<01:48,  2.44it/s]
 66%|██████▋   | 517/780 [04:58<01:47,  2.44it/s]
 66%|██████▋   | 518/780 [04:58<01:47,  2.45it/s]
 67%|██████▋   | 519/780 [04:58<01:46,  2.45it/s]
 67%|██████▋   | 520/780 [04:59<01:42,  2.55it/s]
                                                 

 67%|██████▋   | 520/780 [04:59<01:42,  2.55it/s]{'loss': 0.0333, 'grad_norm': 0.662557065486908, 'learning_rate': 1.6666666666666667e-05, 'epoch': 20.0}


  0%|          | 0/26 [00:00<?, ?it/s][A

 19%|█▉        | 5/26 [00:00<00:00, 37.82it/s][A

 35%|███▍      | 9/26 [00:00<00:00, 33.32it/s][A

 50%|█████     | 13/26 [00:00<00:00, 31.86it/s][A

 65%|██████▌   | 17/26 [00:00<00:00, 31.13it/s][A

 81%|████████  | 21/26 [00:00<00:00, 30.83it/s][A

 96%|█████████▌| 25/26 [00:00<00:00, 30.56it/s][A

                                               
[A
                                                 

100%|██████████| 26/26 [00:00<00:00, 30.56it/s][A
 67%|██████▋   | 520/780 [05:00<01:42,  2.55it/s]

                                               [A{'eval_loss': 0.06244807690382004, 'eval_macro_recall': 0.9872499135770462, 'eval_macro_precision': 0.9872177694970563, 'eval_macro_f1': 0.9854398530937019, 'eval_accuracy': 0.9878640776699029, 'eval_micro_recall': 0.9878640776699029, 'eval_micro_precision': 0.9878640776699029, 'eval_micro_f1': 0.9878640776699029, 'eval_runtime': 1.1361, 'eval_samples_per_second': 725.28, 'eval_steps_per_second': 22.885, 'epoch': 20.0}

 67%|██████▋   | 521/780 [05:03<07:05,  1.64s/it]
 67%|██████▋   | 522/780 [05:04<05:27,  1.27s/it]
 67%|██████▋   | 523/780 [05:04<04:19,  1.01s/it]
 67%|██████▋   | 524/780 [05:05<03:32,  1.20it/s]
 67%|██████▋   | 525/780 [05:05<02:59,  1.42it/s]
 67%|██████▋   | 526/780 [05:05<02:36,  1.63it/s]
 68%|██████▊   | 527/780 [05:06<02:19,  1.81it/s]
 68%|██████▊   | 528/780 [05:06<02:08,  1.96it/s]
 68%|██████▊   | 529/780 [05:07<02:00,  2.09it/s]
 68%|██████▊   | 530/780 [05:07<01:54,  2.18it/s]
 68%|██████▊   | 531/780 [05:07<01:50,  2.26it/s]
 68%|██████▊   | 532/780 [05:08<01:47,  2.31it/s]
 68%|██████▊   | 533/780 [05:08<01:45,  2.35it/s]
 68%|██████▊   | 534/780 [05:09<01:43,  2.37it/s]
 69%|██████▊   | 535/780 [05:09<01:42,  2.40it/s]
 69%|██████▊   | 536/780 [05:09<01:41,  2.41it/s]
 69%|██████▉   | 537/780 [05:10<01:40,  2.42it/s]
 69%|██████▉   | 538/780 [05:10<01:39,  2.43it/s]
 69%|██████▉   | 539/780 [05:11<01:39,  2.43it/s]
 69%|██████▉   | 540/780 [05:11<01:38,  2.43it/s]
 69%|██████▉   | 541/780 [05:11<01:38,  2.43it/s]
 69%|██████▉   | 542/780 [05:12<01:37,  2.44it/s]
 70%|██████▉   | 543/780 [05:12<01:36,  2.44it/s]
 70%|██████▉   | 544/780 [05:13<01:36,  2.44it/s]
 70%|██████▉   | 545/780 [05:13<01:36,  2.44it/s]
 70%|███████   | 546/780 [05:13<01:33,  2.51it/s]
                                                 

 70%|███████   | 546/780 [05:14<01:33,  2.51it/s]{'loss': 0.0305, 'grad_norm': 0.22913412749767303, 'learning_rate': 1.5e-05, 'epoch': 21.0}


  0%|          | 0/26 [00:00<?, ?it/s][A

 19%|█▉        | 5/26 [00:00<00:00, 37.86it/s][A

 35%|███▍      | 9/26 [00:00<00:00, 33.26it/s][A

 50%|█████     | 13/26 [00:00<00:00, 31.82it/s][A

 65%|██████▌   | 17/26 [00:00<00:00, 31.09it/s][A

 81%|████████  | 21/26 [00:00<00:00, 30.72it/s][A

 96%|█████████▌| 25/26 [00:00<00:00, 30.49it/s][A

                                               
[A
                                                 

100%|██████████| 26/26 [00:00<00:00, 30.49it/s][A
 70%|███████   | 546/780 [05:15<01:33,  2.51it/s]

                                               [A{'eval_loss': 0.061945535242557526, 'eval_macro_recall': 0.9891296128251665, 'eval_macro_precision': 0.9888625063391615, 'eval_macro_f1': 0.9873291918251459, 'eval_accuracy': 0.9890776699029126, 'eval_micro_recall': 0.9890776699029126, 'eval_micro_precision': 0.9890776699029126, 'eval_micro_f1': 0.9890776699029126, 'eval_runtime': 1.1379, 'eval_samples_per_second': 724.154, 'eval_steps_per_second': 22.85, 'epoch': 21.0}

 70%|███████   | 547/780 [05:18<06:19,  1.63s/it]
 70%|███████   | 548/780 [05:18<04:52,  1.26s/it]
 70%|███████   | 549/780 [05:19<03:52,  1.01s/it]
 71%|███████   | 550/780 [05:19<03:10,  1.21it/s]
 71%|███████   | 551/780 [05:20<02:40,  1.43it/s]
 71%|███████   | 552/780 [05:20<02:19,  1.63it/s]
 71%|███████   | 553/780 [05:20<02:05,  1.81it/s]
 71%|███████   | 554/780 [05:21<01:55,  1.96it/s]
 71%|███████   | 555/780 [05:21<01:47,  2.09it/s]
 71%|███████▏  | 556/780 [05:22<01:42,  2.18it/s]
 71%|███████▏  | 557/780 [05:22<01:38,  2.26it/s]
 72%|███████▏  | 558/780 [05:22<01:36,  2.31it/s]
 72%|███████▏  | 559/780 [05:23<01:34,  2.35it/s]
 72%|███████▏  | 560/780 [05:23<01:32,  2.38it/s]
 72%|███████▏  | 561/780 [05:24<01:31,  2.40it/s]
 72%|███████▏  | 562/780 [05:24<01:30,  2.41it/s]
 72%|███████▏  | 563/780 [05:25<01:29,  2.42it/s]
 72%|███████▏  | 564/780 [05:25<01:28,  2.43it/s]
 72%|███████▏  | 565/780 [05:25<01:28,  2.44it/s]
 73%|███████▎  | 566/780 [05:26<01:27,  2.44it/s]
 73%|███████▎  | 567/780 [05:26<01:27,  2.44it/s]
 73%|███████▎  | 568/780 [05:27<01:26,  2.44it/s]
 73%|███████▎  | 569/780 [05:27<01:26,  2.44it/s]
 73%|███████▎  | 570/780 [05:27<01:25,  2.44it/s]
 73%|███████▎  | 571/780 [05:28<01:25,  2.44it/s]
 73%|███████▎  | 572/780 [05:28<01:21,  2.55it/s]
                                                 

 73%|███████▎  | 572/780 [05:28<01:21,  2.55it/s]{'loss': 0.0318, 'grad_norm': 0.47366124391555786, 'learning_rate': 1.3333333333333333e-05, 'epoch': 22.0}


  0%|          | 0/26 [00:00<?, ?it/s][A

 19%|█▉        | 5/26 [00:00<00:00, 37.94it/s][A

 35%|███▍      | 9/26 [00:00<00:00, 33.32it/s][A

 50%|█████     | 13/26 [00:00<00:00, 31.90it/s][A

 65%|██████▌   | 17/26 [00:00<00:00, 31.24it/s][A

 81%|████████  | 21/26 [00:00<00:00, 30.86it/s][A

 96%|█████████▌| 25/26 [00:00<00:00, 30.65it/s][A

                                               
[A
                                                 

100%|██████████| 26/26 [00:00<00:00, 30.65it/s][A
 73%|███████▎  | 572/780 [05:29<01:21,  2.55it/s]

                                               [A{'eval_loss': 0.06528693437576294, 'eval_macro_recall': 0.9891296128251665, 'eval_macro_precision': 0.9888625063391615, 'eval_macro_f1': 0.9873291918251459, 'eval_accuracy': 0.9890776699029126, 'eval_micro_recall': 0.9890776699029126, 'eval_micro_precision': 0.9890776699029126, 'eval_micro_f1': 0.9890776699029126, 'eval_runtime': 1.1359, 'eval_samples_per_second': 725.399, 'eval_steps_per_second': 22.889, 'epoch': 22.0}

 73%|███████▎  | 573/780 [05:33<05:46,  1.67s/it]
 74%|███████▎  | 574/780 [05:33<04:26,  1.29s/it]
 74%|███████▎  | 575/780 [05:34<03:30,  1.03s/it]
 74%|███████▍  | 576/780 [05:34<02:51,  1.19it/s]
 74%|███████▍  | 577/780 [05:34<02:24,  1.40it/s]
 74%|███████▍  | 578/780 [05:35<02:05,  1.61it/s]
 74%|███████▍  | 579/780 [05:35<01:52,  1.79it/s]
 74%|███████▍  | 580/780 [05:36<01:42,  1.95it/s]
 74%|███████▍  | 581/780 [05:36<01:36,  2.07it/s]
 75%|███████▍  | 582/780 [05:36<01:31,  2.18it/s]
 75%|███████▍  | 583/780 [05:37<01:27,  2.25it/s]
 75%|███████▍  | 584/780 [05:37<01:25,  2.30it/s]
 75%|███████▌  | 585/780 [05:38<01:23,  2.34it/s]
 75%|███████▌  | 586/780 [05:38<01:21,  2.37it/s]
 75%|███████▌  | 587/780 [05:39<01:20,  2.40it/s]
 75%|███████▌  | 588/780 [05:39<01:19,  2.41it/s]
 76%|███████▌  | 589/780 [05:39<01:18,  2.42it/s]
 76%|███████▌  | 590/780 [05:40<01:18,  2.43it/s]
 76%|███████▌  | 591/780 [05:40<01:17,  2.44it/s]
 76%|███████▌  | 592/780 [05:41<01:16,  2.44it/s]
 76%|███████▌  | 593/780 [05:41<01:16,  2.44it/s]
 76%|███████▌  | 594/780 [05:41<01:16,  2.44it/s]
 76%|███████▋  | 595/780 [05:42<01:15,  2.44it/s]
 76%|███████▋  | 596/780 [05:42<01:15,  2.45it/s]
 77%|███████▋  | 597/780 [05:43<01:14,  2.45it/s]
 77%|███████▋  | 598/780 [05:43<01:13,  2.48it/s]
                                                 

 77%|███████▋  | 598/780 [05:43<01:13,  2.48it/s]{'loss': 0.0274, 'grad_norm': 0.5985469222068787, 'learning_rate': 1.1666666666666668e-05, 'epoch': 23.0}


  0%|          | 0/26 [00:00<?, ?it/s][A

 19%|█▉        | 5/26 [00:00<00:00, 37.94it/s][A

 35%|███▍      | 9/26 [00:00<00:00, 33.31it/s][A

 50%|█████     | 13/26 [00:00<00:00, 31.80it/s][A

 65%|██████▌   | 17/26 [00:00<00:00, 31.15it/s][A

 81%|████████  | 21/26 [00:00<00:00, 30.79it/s][A

 96%|█████████▌| 25/26 [00:00<00:00, 30.59it/s][A

                                               
[A
                                                 

100%|██████████| 26/26 [00:01<00:00, 30.59it/s][A
 77%|███████▋  | 598/780 [05:45<01:13,  2.48it/s]

                                               [A{'eval_loss': 0.06428799778223038, 'eval_macro_recall': 0.9891296128251665, 'eval_macro_precision': 0.9888625063391615, 'eval_macro_f1': 0.9873291918251459, 'eval_accuracy': 0.9890776699029126, 'eval_micro_recall': 0.9890776699029126, 'eval_micro_precision': 0.9890776699029126, 'eval_micro_f1': 0.9890776699029126, 'eval_runtime': 1.1358, 'eval_samples_per_second': 725.469, 'eval_steps_per_second': 22.891, 'epoch': 23.0}

 77%|███████▋  | 599/780 [05:48<05:43,  1.90s/it]
 77%|███████▋  | 600/780 [05:49<04:21,  1.45s/it]
 77%|███████▋  | 601/780 [05:49<03:23,  1.14s/it]
 77%|███████▋  | 602/780 [05:50<02:43,  1.09it/s]
 77%|███████▋  | 603/780 [05:50<02:15,  1.30it/s]
 77%|███████▋  | 604/780 [05:50<01:56,  1.52it/s]
 78%|███████▊  | 605/780 [05:51<01:42,  1.71it/s]
 78%|███████▊  | 606/780 [05:51<01:32,  1.88it/s]
 78%|███████▊  | 607/780 [05:52<01:25,  2.02it/s]
 78%|███████▊  | 608/780 [05:52<01:20,  2.13it/s]
 78%|███████▊  | 609/780 [05:52<01:16,  2.22it/s]
 78%|███████▊  | 610/780 [05:53<01:14,  2.28it/s]
 78%|███████▊  | 611/780 [05:53<01:12,  2.33it/s]
 78%|███████▊  | 612/780 [05:54<01:11,  2.36it/s]
 79%|███████▊  | 613/780 [05:54<01:10,  2.38it/s]
 79%|███████▊  | 614/780 [05:55<01:09,  2.40it/s]
 79%|███████▉  | 615/780 [05:55<01:08,  2.41it/s]
 79%|███████▉  | 616/780 [05:55<01:07,  2.42it/s]
 79%|███████▉  | 617/780 [05:56<01:07,  2.43it/s]
 79%|███████▉  | 618/780 [05:56<01:06,  2.44it/s]
 79%|███████▉  | 619/780 [05:57<01:05,  2.44it/s]
 79%|███████▉  | 620/780 [05:57<01:05,  2.44it/s]
 80%|███████▉  | 621/780 [05:57<01:05,  2.44it/s]
 80%|███████▉  | 622/780 [05:58<01:04,  2.45it/s]
 80%|███████▉  | 623/780 [05:58<01:04,  2.45it/s]
 80%|████████  | 624/780 [05:59<01:01,  2.52it/s]
                                                 

 80%|████████  | 624/780 [05:59<01:01,  2.52it/s]{'loss': 0.0271, 'grad_norm': 0.565760612487793, 'learning_rate': 1e-05, 'epoch': 24.0}


  0%|          | 0/26 [00:00<?, ?it/s][A

 19%|█▉        | 5/26 [00:00<00:00, 37.96it/s][A

 35%|███▍      | 9/26 [00:00<00:00, 33.13it/s][A

 50%|█████     | 13/26 [00:00<00:00, 31.77it/s][A

 65%|██████▌   | 17/26 [00:00<00:00, 31.06it/s][A

 81%|████████  | 21/26 [00:00<00:00, 30.72it/s][A

 96%|█████████▌| 25/26 [00:00<00:00, 30.52it/s][A

                                               
[A
                                                 

100%|██████████| 26/26 [00:01<00:00, 30.52it/s][A
 80%|████████  | 624/780 [06:00<01:01,  2.52it/s]

                                               [A{'eval_loss': 0.06412948668003082, 'eval_macro_recall': 0.9888163296171464, 'eval_macro_precision': 0.9884826796011006, 'eval_macro_f1': 0.9869575016448178, 'eval_accuracy': 0.9878640776699029, 'eval_micro_recall': 0.9878640776699029, 'eval_micro_precision': 0.9878640776699029, 'eval_micro_f1': 0.9878640776699029, 'eval_runtime': 1.1236, 'eval_samples_per_second': 733.369, 'eval_steps_per_second': 23.14, 'epoch': 24.0}

 80%|████████  | 625/780 [06:04<05:04,  1.97s/it]
 80%|████████  | 626/780 [06:05<03:50,  1.50s/it]
 80%|████████  | 627/780 [06:05<02:59,  1.17s/it]
 81%|████████  | 628/780 [06:05<02:23,  1.06it/s]
 81%|████████  | 629/780 [06:06<01:58,  1.28it/s]
 81%|████████  | 630/780 [06:06<01:40,  1.49it/s]
 81%|████████  | 631/780 [06:07<01:28,  1.69it/s]
 81%|████████  | 632/780 [06:07<01:19,  1.87it/s]
 81%|████████  | 633/780 [06:07<01:13,  2.01it/s]
 81%|████████▏ | 634/780 [06:08<01:08,  2.13it/s]
 81%|████████▏ | 635/780 [06:08<01:05,  2.21it/s]
 82%|████████▏ | 636/780 [06:09<01:03,  2.28it/s]
 82%|████████▏ | 637/780 [06:09<01:01,  2.33it/s]
 82%|████████▏ | 638/780 [06:09<00:59,  2.37it/s]
 82%|████████▏ | 639/780 [06:10<00:58,  2.39it/s]
 82%|████████▏ | 640/780 [06:10<00:58,  2.41it/s]
 82%|████████▏ | 641/780 [06:11<00:57,  2.42it/s]
 82%|████████▏ | 642/780 [06:11<00:56,  2.43it/s]
 82%|████████▏ | 643/780 [06:12<00:56,  2.44it/s]
 83%|████████▎ | 644/780 [06:12<00:55,  2.44it/s]
 83%|████████▎ | 645/780 [06:12<00:55,  2.44it/s]
 83%|████████▎ | 646/780 [06:13<00:54,  2.44it/s]
 83%|████████▎ | 647/780 [06:13<00:54,  2.45it/s]
 83%|████████▎ | 648/780 [06:14<00:54,  2.44it/s]
 83%|████████▎ | 649/780 [06:14<00:53,  2.44it/s]
 83%|████████▎ | 650/780 [06:14<00:53,  2.44it/s]
                                                 

 83%|████████▎ | 650/780 [06:14<00:53,  2.44it/s]{'loss': 0.0258, 'grad_norm': 0.13332688808441162, 'learning_rate': 8.333333333333334e-06, 'epoch': 25.0}


  0%|          | 0/26 [00:00<?, ?it/s][A

 19%|█▉        | 5/26 [00:00<00:00, 37.97it/s][A

 35%|███▍      | 9/26 [00:00<00:00, 33.40it/s][A

 50%|█████     | 13/26 [00:00<00:00, 31.96it/s][A

 65%|██████▌   | 17/26 [00:00<00:00, 31.21it/s][A

 81%|████████  | 21/26 [00:00<00:00, 30.81it/s][A

 96%|█████████▌| 25/26 [00:00<00:00, 30.58it/s][A

                                               
[A
                                                 

100%|██████████| 26/26 [00:01<00:00, 30.58it/s][A
 83%|████████▎ | 650/780 [06:16<00:53,  2.44it/s]

                                               [A{'eval_loss': 0.062245991080999374, 'eval_macro_recall': 0.9872499135770462, 'eval_macro_precision': 0.9872177694970563, 'eval_macro_f1': 0.9854398530937019, 'eval_accuracy': 0.9878640776699029, 'eval_micro_recall': 0.9878640776699029, 'eval_micro_precision': 0.9878640776699029, 'eval_micro_f1': 0.9878640776699029, 'eval_runtime': 1.1399, 'eval_samples_per_second': 722.873, 'eval_steps_per_second': 22.809, 'epoch': 25.0}

 83%|████████▎ | 651/780 [06:20<04:17,  2.00s/it]
 84%|████████▎ | 652/780 [06:20<03:14,  1.52s/it]
 84%|████████▎ | 653/780 [06:21<02:30,  1.18s/it]
 84%|████████▍ | 654/780 [06:21<01:59,  1.05it/s]
 84%|████████▍ | 655/780 [06:22<01:38,  1.27it/s]
 84%|████████▍ | 656/780 [06:22<01:23,  1.48it/s]
 84%|████████▍ | 657/780 [06:23<01:13,  1.68it/s]
 84%|████████▍ | 658/780 [06:23<01:05,  1.86it/s]
 84%|████████▍ | 659/780 [06:23<01:00,  2.01it/s]
 85%|████████▍ | 660/780 [06:24<00:56,  2.12it/s]
 85%|████████▍ | 661/780 [06:24<00:53,  2.21it/s]
 85%|████████▍ | 662/780 [06:25<00:51,  2.28it/s]
 85%|████████▌ | 663/780 [06:25<00:50,  2.33it/s]
 85%|████████▌ | 664/780 [06:25<00:49,  2.37it/s]
 85%|████████▌ | 665/780 [06:26<00:48,  2.39it/s]
 85%|████████▌ | 666/780 [06:26<00:47,  2.40it/s]
 86%|████████▌ | 667/780 [06:27<00:46,  2.41it/s]
 86%|████████▌ | 668/780 [06:27<00:46,  2.43it/s]
 86%|████████▌ | 669/780 [06:27<00:45,  2.43it/s]
 86%|████████▌ | 670/780 [06:28<00:45,  2.44it/s]
 86%|████████▌ | 671/780 [06:28<00:44,  2.44it/s]
 86%|████████▌ | 672/780 [06:29<00:44,  2.44it/s]
 86%|████████▋ | 673/780 [06:29<00:43,  2.45it/s]
 86%|████████▋ | 674/780 [06:29<00:43,  2.45it/s]
 87%|████████▋ | 675/780 [06:30<00:42,  2.45it/s]
 87%|████████▋ | 676/780 [06:30<00:43,  2.37it/s]
                                                 

 87%|████████▋ | 676/780 [06:31<00:43,  2.37it/s]{'loss': 0.0247, 'grad_norm': 0.734428882598877, 'learning_rate': 6.666666666666667e-06, 'epoch': 26.0}


  0%|          | 0/26 [00:00<?, ?it/s][A

 19%|█▉        | 5/26 [00:00<00:00, 38.09it/s][A

 35%|███▍      | 9/26 [00:00<00:00, 33.44it/s][A

 50%|█████     | 13/26 [00:00<00:00, 32.00it/s][A

 65%|██████▌   | 17/26 [00:00<00:00, 31.30it/s][A

 81%|████████  | 21/26 [00:00<00:00, 30.94it/s][A

 96%|█████████▌| 25/26 [00:00<00:00, 30.70it/s][A

                                               
[A
                                                 

100%|██████████| 26/26 [00:01<00:00, 30.70it/s][A
 87%|████████▋ | 676/780 [06:33<00:43,  2.37it/s]

                                               [A{'eval_loss': 0.06125026196241379, 'eval_macro_recall': 0.9872499135770462, 'eval_macro_precision': 0.9872177694970563, 'eval_macro_f1': 0.9854398530937019, 'eval_accuracy': 0.9878640776699029, 'eval_micro_recall': 0.9878640776699029, 'eval_micro_precision': 0.9878640776699029, 'eval_micro_f1': 0.9878640776699029, 'eval_runtime': 1.1691, 'eval_samples_per_second': 704.79, 'eval_steps_per_second': 22.239, 'epoch': 26.0}

 87%|████████▋ | 677/780 [06:37<03:47,  2.21s/it]
 87%|████████▋ | 678/780 [06:37<02:50,  1.67s/it]
 87%|████████▋ | 679/780 [06:38<02:10,  1.29s/it]
 87%|████████▋ | 680/780 [06:38<01:42,  1.03s/it]
 87%|████████▋ | 681/780 [06:38<01:23,  1.19it/s]
 87%|████████▋ | 682/780 [06:39<01:09,  1.41it/s]
 88%|████████▊ | 683/780 [06:39<01:00,  1.62it/s]
 88%|████████▊ | 684/780 [06:40<00:53,  1.80it/s]
 88%|████████▊ | 685/780 [06:40<00:48,  1.96it/s]
 88%|████████▊ | 686/780 [06:40<00:45,  2.08it/s]
 88%|████████▊ | 687/780 [06:41<00:42,  2.18it/s]
 88%|████████▊ | 688/780 [06:41<00:40,  2.25it/s]
 88%|████████▊ | 689/780 [06:42<00:39,  2.31it/s]
 88%|████████▊ | 690/780 [06:42<00:38,  2.35it/s]
 89%|████████▊ | 691/780 [06:42<00:37,  2.38it/s]
 89%|████████▊ | 692/780 [06:43<00:36,  2.39it/s]
 89%|████████▉ | 693/780 [06:43<00:36,  2.41it/s]
 89%|████████▉ | 694/780 [06:44<00:35,  2.43it/s]
 89%|████████▉ | 695/780 [06:44<00:35,  2.43it/s]
 89%|████████▉ | 696/780 [06:44<00:34,  2.43it/s]
 89%|████████▉ | 697/780 [06:45<00:33,  2.44it/s]
 89%|████████▉ | 698/780 [06:45<00:33,  2.45it/s]
 90%|████████▉ | 699/780 [06:46<00:33,  2.45it/s]
 90%|████████▉ | 700/780 [06:46<00:32,  2.44it/s]
 90%|████████▉ | 701/780 [06:47<00:32,  2.45it/s]
 90%|█████████ | 702/780 [06:47<00:30,  2.53it/s]
                                                 

 90%|█████████ | 702/780 [06:47<00:30,  2.53it/s]{'loss': 0.025, 'grad_norm': 0.18129312992095947, 'learning_rate': 5e-06, 'epoch': 27.0}


  0%|          | 0/26 [00:00<?, ?it/s][A

 19%|█▉        | 5/26 [00:00<00:00, 38.09it/s][A

 35%|███▍      | 9/26 [00:00<00:00, 33.49it/s][A

 50%|█████     | 13/26 [00:00<00:00, 32.03it/s][A

 65%|██████▌   | 17/26 [00:00<00:00, 31.34it/s][A

 81%|████████  | 21/26 [00:00<00:00, 30.94it/s][A

 96%|█████████▌| 25/26 [00:00<00:00, 30.70it/s][A

                                               
[A
                                                 

100%|██████████| 26/26 [00:01<00:00, 30.70it/s][A
 90%|█████████ | 702/780 [06:49<00:30,  2.53it/s]

                                               [A{'eval_loss': 0.06024277210235596, 'eval_macro_recall': 0.9872499135770462, 'eval_macro_precision': 0.9872177694970563, 'eval_macro_f1': 0.9854398530937019, 'eval_accuracy': 0.9878640776699029, 'eval_micro_recall': 0.9878640776699029, 'eval_micro_precision': 0.9878640776699029, 'eval_micro_f1': 0.9878640776699029, 'eval_runtime': 1.1282, 'eval_samples_per_second': 730.354, 'eval_steps_per_second': 23.045, 'epoch': 27.0}

 90%|█████████ | 703/780 [06:53<02:42,  2.12s/it]
 90%|█████████ | 704/780 [06:53<02:01,  1.60s/it]
 90%|█████████ | 705/780 [06:54<01:33,  1.25s/it]
 91%|█████████ | 706/780 [06:54<01:13,  1.01it/s]
 91%|█████████ | 707/780 [06:55<00:59,  1.22it/s]
 91%|█████████ | 708/780 [06:55<00:50,  1.44it/s]
 91%|█████████ | 709/780 [06:55<00:43,  1.64it/s]
 91%|█████████ | 710/780 [06:56<00:38,  1.82it/s]
 91%|█████████ | 711/780 [06:56<00:34,  1.97it/s]
 91%|█████████▏| 712/780 [06:57<00:32,  2.10it/s]
 91%|█████████▏| 713/780 [06:57<00:30,  2.20it/s]
 92%|█████████▏| 714/780 [06:57<00:29,  2.27it/s]
 92%|█████████▏| 715/780 [06:58<00:27,  2.32it/s]
 92%|█████████▏| 716/780 [06:58<00:27,  2.36it/s]
 92%|█████████▏| 717/780 [06:59<00:26,  2.38it/s]
 92%|█████████▏| 718/780 [06:59<00:25,  2.40it/s]
 92%|█████████▏| 719/780 [07:00<00:25,  2.42it/s]
 92%|█████████▏| 720/780 [07:00<00:24,  2.43it/s]
 92%|█████████▏| 721/780 [07:00<00:24,  2.44it/s]
 93%|█████████▎| 722/780 [07:01<00:23,  2.44it/s]
 93%|█████████▎| 723/780 [07:01<00:23,  2.44it/s]
 93%|█████████▎| 724/780 [07:02<00:22,  2.44it/s]
 93%|█████████▎| 725/780 [07:02<00:22,  2.45it/s]
 93%|█████████▎| 726/780 [07:02<00:22,  2.45it/s]
 93%|█████████▎| 727/780 [07:03<00:21,  2.45it/s]
 93%|█████████▎| 728/780 [07:03<00:21,  2.37it/s]
                                                 

 93%|█████████▎| 728/780 [07:04<00:21,  2.37it/s]{'loss': 0.0252, 'grad_norm': 0.16055159270763397, 'learning_rate': 3.3333333333333333e-06, 'epoch': 28.0}


  0%|          | 0/26 [00:00<?, ?it/s][A

 19%|█▉        | 5/26 [00:00<00:00, 38.07it/s][A

 35%|███▍      | 9/26 [00:00<00:00, 33.31it/s][A

 50%|█████     | 13/26 [00:00<00:00, 31.90it/s][A

 65%|██████▌   | 17/26 [00:00<00:00, 31.25it/s][A

 81%|████████  | 21/26 [00:00<00:00, 30.92it/s][A

 96%|█████████▌| 25/26 [00:00<00:00, 30.72it/s][A

                                               
[A
                                                 

100%|██████████| 26/26 [00:01<00:00, 30.72it/s][A
 93%|█████████▎| 728/780 [07:06<00:21,  2.37it/s]

                                               [A{'eval_loss': 0.06384025514125824, 'eval_macro_recall': 0.9891296128251665, 'eval_macro_precision': 0.9888625063391615, 'eval_macro_f1': 0.9873291918251459, 'eval_accuracy': 0.9890776699029126, 'eval_micro_recall': 0.9890776699029126, 'eval_micro_precision': 0.9890776699029126, 'eval_micro_f1': 0.9890776699029126, 'eval_runtime': 1.3371, 'eval_samples_per_second': 616.266, 'eval_steps_per_second': 19.445, 'epoch': 28.0}

 93%|█████████▎| 729/780 [07:10<02:00,  2.37s/it]
 94%|█████████▎| 730/780 [07:11<01:29,  1.78s/it]
 94%|█████████▎| 731/780 [07:11<01:07,  1.37s/it]
 94%|█████████▍| 732/780 [07:11<00:51,  1.08s/it]
 94%|█████████▍| 733/780 [07:12<00:41,  1.14it/s]
 94%|█████████▍| 734/780 [07:12<00:33,  1.36it/s]
 94%|█████████▍| 735/780 [07:13<00:28,  1.57it/s]
 94%|█████████▍| 736/780 [07:13<00:25,  1.76it/s]
 94%|█████████▍| 737/780 [07:13<00:22,  1.92it/s]
 95%|█████████▍| 738/780 [07:14<00:20,  2.06it/s]
 95%|█████████▍| 739/780 [07:14<00:18,  2.16it/s]
 95%|█████████▍| 740/780 [07:15<00:17,  2.24it/s]
 95%|█████████▌| 741/780 [07:15<00:16,  2.30it/s]
 95%|█████████▌| 742/780 [07:15<00:16,  2.34it/s]
 95%|█████████▌| 743/780 [07:16<00:15,  2.38it/s]
 95%|█████████▌| 744/780 [07:16<00:14,  2.40it/s]
 96%|█████████▌| 745/780 [07:17<00:14,  2.42it/s]
 96%|█████████▌| 746/780 [07:17<00:14,  2.43it/s]
 96%|█████████▌| 747/780 [07:17<00:13,  2.43it/s]
 96%|█████████▌| 748/780 [07:18<00:13,  2.44it/s]
 96%|█████████▌| 749/780 [07:18<00:12,  2.44it/s]
 96%|█████████▌| 750/780 [07:19<00:12,  2.44it/s]
 96%|█████████▋| 751/780 [07:19<00:11,  2.44it/s]
 96%|█████████▋| 752/780 [07:20<00:11,  2.44it/s]
 97%|█████████▋| 753/780 [07:20<00:11,  2.45it/s]
 97%|█████████▋| 754/780 [07:20<00:10,  2.54it/s]
                                                 

 97%|█████████▋| 754/780 [07:21<00:10,  2.54it/s]{'loss': 0.0232, 'grad_norm': 0.2924480140209198, 'learning_rate': 1.6666666666666667e-06, 'epoch': 29.0}


  0%|          | 0/26 [00:00<?, ?it/s][A

 19%|█▉        | 5/26 [00:00<00:00, 38.14it/s][A

 35%|███▍      | 9/26 [00:00<00:00, 33.48it/s][A

 50%|█████     | 13/26 [00:00<00:00, 32.01it/s][A

 65%|██████▌   | 17/26 [00:00<00:00, 31.30it/s][A

 81%|████████  | 21/26 [00:00<00:00, 30.93it/s][A

 96%|█████████▌| 25/26 [00:00<00:00, 30.72it/s][A

                                               
[A
                                                 

100%|██████████| 26/26 [00:01<00:00, 30.72it/s][A
 97%|█████████▋| 754/780 [07:22<00:10,  2.54it/s]

                                               [A{'eval_loss': 0.061441291123628616, 'eval_macro_recall': 0.9875631967850661, 'eval_macro_precision': 0.9876219442730995, 'eval_macro_f1': 0.9858142625480596, 'eval_accuracy': 0.9890776699029126, 'eval_micro_recall': 0.9890776699029126, 'eval_micro_precision': 0.9890776699029126, 'eval_micro_f1': 0.9890776699029126, 'eval_runtime': 1.1745, 'eval_samples_per_second': 701.548, 'eval_steps_per_second': 22.136, 'epoch': 29.0}

 97%|█████████▋| 755/780 [07:26<00:50,  2.02s/it]
 97%|█████████▋| 756/780 [07:27<00:36,  1.54s/it]
 97%|█████████▋| 757/780 [07:27<00:27,  1.20s/it]
 97%|█████████▋| 758/780 [07:27<00:21,  1.04it/s]
 97%|█████████▋| 759/780 [07:28<00:16,  1.26it/s]
 97%|█████████▋| 760/780 [07:28<00:13,  1.47it/s]
 98%|█████████▊| 761/780 [07:29<00:11,  1.68it/s]
 98%|█████████▊| 762/780 [07:29<00:09,  1.85it/s]
 98%|█████████▊| 763/780 [07:29<00:08,  2.00it/s]
 98%|█████████▊| 764/780 [07:30<00:07,  2.11it/s]
 98%|█████████▊| 765/780 [07:30<00:06,  2.21it/s]
 98%|█████████▊| 766/780 [07:31<00:06,  2.28it/s]
 98%|█████████▊| 767/780 [07:31<00:05,  2.33it/s]
 98%|█████████▊| 768/780 [07:31<00:05,  2.28it/s]
 99%|█████████▊| 769/780 [07:32<00:04,  2.33it/s]
 99%|█████████▊| 770/780 [07:32<00:04,  2.37it/s]
 99%|█████████▉| 771/780 [07:33<00:03,  2.39it/s]
 99%|█████████▉| 772/780 [07:33<00:03,  2.41it/s]
 99%|█████████▉| 773/780 [07:34<00:02,  2.42it/s]
 99%|█████████▉| 774/780 [07:34<00:02,  2.43it/s]
 99%|█████████▉| 775/780 [07:34<00:02,  2.43it/s]
 99%|█████████▉| 776/780 [07:35<00:01,  2.43it/s]
100%|█████████▉| 777/780 [07:35<00:01,  2.44it/s]
100%|█████████▉| 778/780 [07:36<00:00,  2.45it/s]
100%|█████████▉| 779/780 [07:36<00:00,  2.45it/s]
100%|██████████| 780/780 [07:37<00:00,  2.22it/s]
                                                 

100%|██████████| 780/780 [07:37<00:00,  2.22it/s]{'loss': 0.0218, 'grad_norm': 0.06179465726017952, 'learning_rate': 0.0, 'epoch': 30.0}


  0%|          | 0/26 [00:00<?, ?it/s][A

 19%|█▉        | 5/26 [00:00<00:00, 38.09it/s][A

 35%|███▍      | 9/26 [00:00<00:00, 33.44it/s][A

 50%|█████     | 13/26 [00:00<00:00, 32.00it/s][A

 65%|██████▌   | 17/26 [00:00<00:00, 31.30it/s][A

 81%|████████  | 21/26 [00:00<00:00, 30.96it/s][A

 96%|█████████▌| 25/26 [00:00<00:00, 30.71it/s][A

                                               
[A
                                                 

100%|██████████| 26/26 [00:01<00:00, 30.71it/s][A
100%|██████████| 780/780 [07:38<00:00,  2.22it/s]

                                               [A
                                                 

100%|██████████| 780/780 [07:42<00:00,  2.22it/s]
100%|██████████| 780/780 [07:42<00:00,  1.69it/s]
2025-04-12 04:01:34.304 | INFO     | __main__:fine_tune:230 - Training time: 463.51 seconds
{'eval_loss': 0.06152208521962166, 'eval_macro_recall': 0.9875631967850661, 'eval_macro_precision': 0.9876219442730995, 'eval_macro_f1': 0.9858142625480596, 'eval_accuracy': 0.9890776699029126, 'eval_micro_recall': 0.9890776699029126, 'eval_micro_precision': 0.9890776699029126, 'eval_micro_f1': 0.9890776699029126, 'eval_runtime': 1.5598, 'eval_samples_per_second': 528.26, 'eval_steps_per_second': 16.668, 'epoch': 30.0}
{'train_runtime': 463.0461, 'train_samples_per_second': 213.413, 'train_steps_per_second': 1.684, 'train_loss': 0.332585085890232, 'epoch': 30.0}

  0%|          | 0/26 [00:00<?, ?it/s]
 19%|█▉        | 5/26 [00:00<00:00, 38.08it/s]
 35%|███▍      | 9/26 [00:00<00:00, 33.44it/s]
 50%|█████     | 13/26 [00:00<00:00, 32.04it/s]
 65%|██████▌   | 17/26 [00:00<00:00, 31.35it/s]
 81%|████████  | 21/26 [00:00<00:00, 30.99it/s]
 96%|█████████▌| 25/26 [00:00<00:00, 30.77it/s]
100%|██████████| 26/26 [00:00<00:00, 29.79it/s]
2025-04-12 04:01:35.417 | INFO     | __main__:fine_tune:236 - Prediction time: 1.11 seconds
2025-04-12 04:01:35.420 | INFO     | __main__:CV_run:413 - Fold 1, Final Eval Metrics: loss: 0.06, macro_recall: 0.99, macro_precision: 0.99, macro_f1: 0.99, accuracy: 0.99, micro_recall: 0.99, micro_precision: 0.99, micro_f1: 0.99, runtime: 1.56, samples_per_second: 528.26, steps_per_second: 16.67
2025-04-12 04:01:35.421 | INFO     | __main__:CV_run:351 - Starting fold 2
2025-04-12 04:01:35.421 | INFO     | __main__:CV_run:382 - Starting domain-adaptive pre-training (continued pre-training)
/depot/davisjam/data/mingyu/PTM-Naming/Naming_anomaly_detection/DARA/transformer/run.py:133: FutureWarning: `tokenizer` is deprecated and will be removed in version 5.0.0 for `Trainer.__init__`. Use `processing_class` instead.
  trainer = Trainer(
Eval results: defaultdict(<class 'list'>, {'loss': [2.68925404548645, 1.4937506914138794, 0.8475329875946045, 0.5026194453239441, 0.31971606612205505, 0.22470952570438385, 0.17612820863723755, 0.13278701901435852, 0.1094881072640419, 0.10252202302217484, 0.08810146898031235, 0.08421177417039871, 0.07680948823690414, 0.07921692728996277, 0.07648060470819473, 0.0819116085767746, 0.0753689557313919, 0.0647013783454895, 0.07291878759860992, 0.06244807690382004, 0.061945535242557526, 0.06528693437576294, 0.06428799778223038, 0.06412948668003082, 0.062245991080999374, 0.06125026196241379, 0.06024277210235596, 0.06384025514125824, 0.061441291123628616, 0.06152208521962166], 'macro_recall': [0.16879833993586116, 0.5854166666666667, 0.7596496629504796, 0.8526634474116326, 0.921258010743038, 0.9576968642871547, 0.956182662115058, 0.9606208408953417, 0.9810886771526519, 0.9628138233514824, 0.9751885100682741, 0.9653200890156426, 0.9784779837524846, 0.9784779837524846, 0.9770682093163946, 0.9793720458307573, 0.9814019603606718, 0.9888163296171464, 0.9848408737360642, 0.9872499135770462, 0.9891296128251665, 0.9891296128251665, 0.9891296128251665, 0.9888163296171464, 0.9872499135770462, 0.9872499135770462, 0.9872499135770462, 0.9891296128251665, 0.9875631967850661, 0.9875631967850661], 'macro_precision': [0.10477307245521335, 0.4943227099283536, 0.7258549225792896, 0.8549269006159588, 0.9240388431602353, 0.9656260765942619, 0.9626224446857066, 0.9661352336118889, 0.9872593209673197, 0.9697237503583005, 0.9794483459381592, 0.9696739098479336, 0.9847115038328961, 0.9847115038328961, 0.9810930827802644, 0.9781294893561445, 0.9856145841252144, 0.9884826796011006, 0.9857638838391918, 0.9872177694970563, 0.9888625063391615, 0.9888625063391615, 0.9888625063391615, 0.9884826796011006, 0.9872177694970563, 0.9872177694970563, 0.9872177694970563, 0.9888625063391615, 0.9876219442730995, 0.9876219442730995], 'macro_f1': [0.11452476620070447, 0.5168544866545234, 0.7304567659812415, 0.843283443323146, 0.915770740065308, 0.9556125056423879, 0.9526011624474225, 0.9540642111917442, 0.9802059493014355, 0.9605325880161582, 0.9720722995945694, 0.9630714320410704, 0.9772414725269002, 0.9772414725269002, 0.9739616383260135, 0.9746669463186489, 0.9810678067422401, 0.9869575016448178, 0.9833939614912177, 0.9854398530937019, 0.9873291918251459, 0.9873291918251459, 0.9873291918251459, 0.9869575016448178, 0.9854398530937019, 0.9854398530937019, 0.9854398530937019, 0.9873291918251459, 0.9858142625480596, 0.9858142625480596], 'accuracy': [0.40898058252427183, 0.7669902912621359, 0.8944174757281553, 0.9368932038834952, 0.9696601941747572, 0.9769417475728155, 0.9769417475728155, 0.9781553398058253, 0.9866504854368932, 0.9817961165048543, 0.9830097087378641, 0.9830097087378641, 0.9854368932038835, 0.9854368932038835, 0.9842233009708737, 0.9817961165048543, 0.9854368932038835, 0.9878640776699029, 0.9817961165048543, 0.9878640776699029, 0.9890776699029126, 0.9890776699029126, 0.9890776699029126, 0.9878640776699029, 0.9878640776699029, 0.9878640776699029, 0.9878640776699029, 0.9890776699029126, 0.9890776699029126, 0.9890776699029126], 'micro_recall': [0.40898058252427183, 0.7669902912621359, 0.8944174757281553, 0.9368932038834952, 0.9696601941747572, 0.9769417475728155, 0.9769417475728155, 0.9781553398058253, 0.9866504854368932, 0.9817961165048543, 0.9830097087378641, 0.9830097087378641, 0.9854368932038835, 0.9854368932038835, 0.9842233009708737, 0.9817961165048543, 0.9854368932038835, 0.9878640776699029, 0.9817961165048543, 0.9878640776699029, 0.9890776699029126, 0.9890776699029126, 0.9890776699029126, 0.9878640776699029, 0.9878640776699029, 0.9878640776699029, 0.9878640776699029, 0.9890776699029126, 0.9890776699029126, 0.9890776699029126], 'micro_precision': [0.40898058252427183, 0.7669902912621359, 0.8944174757281553, 0.9368932038834952, 0.9696601941747572, 0.9769417475728155, 0.9769417475728155, 0.9781553398058253, 0.9866504854368932, 0.9817961165048543, 0.9830097087378641, 0.9830097087378641, 0.9854368932038835, 0.9854368932038835, 0.9842233009708737, 0.9817961165048543, 0.9854368932038835, 0.9878640776699029, 0.9817961165048543, 0.9878640776699029, 0.9890776699029126, 0.9890776699029126, 0.9890776699029126, 0.9878640776699029, 0.9878640776699029, 0.9878640776699029, 0.9878640776699029, 0.9890776699029126, 0.9890776699029126, 0.9890776699029126], 'micro_f1': [0.40898058252427183, 0.7669902912621359, 0.8944174757281553, 0.9368932038834952, 0.9696601941747572, 0.9769417475728155, 0.9769417475728155, 0.9781553398058253, 0.9866504854368932, 0.9817961165048543, 0.9830097087378641, 0.9830097087378641, 0.9854368932038835, 0.9854368932038835, 0.9842233009708737, 0.9817961165048543, 0.9854368932038835, 0.9878640776699029, 0.9817961165048543, 0.9878640776699029, 0.9890776699029126, 0.9890776699029126, 0.9890776699029126, 0.9878640776699029, 0.9878640776699029, 0.9878640776699029, 0.9878640776699029, 0.9890776699029126, 0.9890776699029126, 0.9890776699029126], 'runtime': [1.7296, 1.1258, 1.1553, 1.1352, 1.1414, 1.1367, 1.1615, 1.1391, 1.1199, 1.1445, 1.1351, 1.1333, 1.1448, 1.1319, 1.1327, 1.1317, 1.1328, 1.1497, 1.1389, 1.1361, 1.1379, 1.1359, 1.1358, 1.1236, 1.1399, 1.1691, 1.1282, 1.3371, 1.1745, 1.5598], 'samples_per_second': [476.423, 731.955, 713.238, 725.857, 721.915, 724.923, 709.45, 723.381, 735.796, 719.982, 725.945, 727.061, 719.77, 727.953, 727.437, 728.129, 727.433, 716.712, 723.536, 725.28, 724.154, 725.399, 725.469, 733.369, 722.873, 704.79, 730.354, 616.266, 701.548, 528.26], 'steps_per_second': [15.033, 23.096, 22.505, 22.903, 22.779, 22.874, 22.386, 22.825, 23.217, 22.718, 22.906, 22.941, 22.711, 22.969, 22.953, 22.975, 22.953, 22.615, 22.83, 22.885, 22.85, 22.889, 22.891, 23.14, 22.809, 22.239, 23.045, 19.445, 22.136, 16.668]})

  0%|          | 0/260 [00:00<?, ?it/s]
  0%|          | 1/260 [00:01<04:35,  1.06s/it]
  1%|          | 2/260 [00:01<03:43,  1.15it/s]
  1%|          | 3/260 [00:02<03:26,  1.25it/s]
  2%|▏         | 4/260 [00:03<03:18,  1.29it/s]
  2%|▏         | 5/260 [00:03<03:13,  1.32it/s]
  2%|▏         | 6/260 [00:04<03:10,  1.33it/s]
  3%|▎         | 7/260 [00:05<03:08,  1.34it/s]
  3%|▎         | 8/260 [00:06<03:06,  1.35it/s]
  3%|▎         | 9/260 [00:06<03:04,  1.36it/s]
  4%|▍         | 10/260 [00:07<03:03,  1.36it/s]
  4%|▍         | 11/260 [00:08<03:03,  1.36it/s]
  5%|▍         | 12/260 [00:09<03:02,  1.36it/s]
  5%|▌         | 13/260 [00:09<03:00,  1.37it/s]
  5%|▌         | 14/260 [00:10<02:59,  1.37it/s]
  6%|▌         | 15/260 [00:11<02:59,  1.37it/s]
  6%|▌         | 16/260 [00:12<02:58,  1.37it/s]
  7%|▋         | 17/260 [00:12<02:57,  1.37it/s]
  7%|▋         | 18/260 [00:13<02:57,  1.37it/s]
  7%|▋         | 19/260 [00:14<02:56,  1.37it/s]
  8%|▊         | 20/260 [00:14<02:55,  1.37it/s]
  8%|▊         | 21/260 [00:15<02:54,  1.37it/s]
  8%|▊         | 22/260 [00:16<02:53,  1.37it/s]
  9%|▉         | 23/260 [00:17<02:53,  1.37it/s]
  9%|▉         | 24/260 [00:17<02:52,  1.37it/s]
 10%|▉         | 25/260 [00:18<02:50,  1.38it/s]
 10%|█         | 26/260 [00:19<02:35,  1.51it/s]
                                                

 10%|█         | 26/260 [00:19<02:35,  1.51it/s]{'loss': 0.1841, 'grad_norm': 1.0337018966674805, 'learning_rate': 4.5e-05, 'epoch': 1.0}


  0%|          | 0/26 [00:00<?, ?it/s][A

 12%|█▏        | 3/26 [00:00<00:01, 19.94it/s][A

 19%|█▉        | 5/26 [00:00<00:01, 15.90it/s][A

 27%|██▋       | 7/26 [00:00<00:01, 14.67it/s][A

 35%|███▍      | 9/26 [00:00<00:01, 14.08it/s][A

 42%|████▏     | 11/26 [00:00<00:01, 13.76it/s][A

 50%|█████     | 13/26 [00:00<00:00, 13.49it/s][A

 58%|█████▊    | 15/26 [00:01<00:00, 13.41it/s][A

 65%|██████▌   | 17/26 [00:01<00:00, 13.35it/s][A

 73%|███████▎  | 19/26 [00:01<00:00, 13.30it/s][A

 81%|████████  | 21/26 [00:01<00:00,  7.90it/s][A

 88%|████████▊ | 23/26 [00:01<00:00,  9.06it/s][A

 96%|█████████▌| 25/26 [00:02<00:00, 10.05it/s][A

                                               
[A
                                                

100%|██████████| 26/26 [00:02<00:00, 10.05it/s][A
 10%|█         | 26/260 [00:21<02:35,  1.51it/s]

                                               [A
 10%|█         | 27/260 [00:26<10:44,  2.77s/it]
 11%|█         | 28/260 [00:27<08:20,  2.16s/it]
 11%|█         | 29/260 [00:28<06:39,  1.73s/it]
 12%|█▏        | 30/260 [00:28<05:28,  1.43s/it]
 12%|█▏        | 31/260 [00:29<04:39,  1.22s/it]
 12%|█▏        | 32/260 [00:30<04:04,  1.07s/it]
 13%|█▎        | 33/260 [00:31<03:40,  1.03it/s]
 13%|█▎        | 34/260 [00:31<03:23,  1.11it/s]
 13%|█▎        | 35/260 [00:32<03:10,  1.18it/s]
 14%|█▍        | 36/260 [00:33<03:01,  1.23it/s]
 14%|█▍        | 37/260 [00:34<02:55,  1.27it/s]
 15%|█▍        | 38/260 [00:34<02:51,  1.30it/s]
 15%|█▌        | 39/260 [00:35<02:47,  1.32it/s]
 15%|█▌        | 40/260 [00:36<02:44,  1.33it/s]
 16%|█▌        | 41/260 [00:37<02:42,  1.34it/s]
 16%|█▌        | 42/260 [00:37<02:41,  1.35it/s]
 17%|█▋        | 43/260 [00:38<02:40,  1.35it/s]
 17%|█▋        | 44/260 [00:39<02:38,  1.36it/s]
 17%|█▋        | 45/260 [00:39<02:37,  1.36it/s]
 18%|█▊        | 46/260 [00:40<02:36,  1.37it/s]
 18%|█▊        | 47/260 [00:41<02:35,  1.37it/s]
 18%|█▊        | 48/260 [00:42<02:35,  1.37it/s]
 19%|█▉        | 49/260 [00:42<02:34,  1.37it/s]
 19%|█▉        | 50/260 [00:43<02:33,  1.37it/s]
 20%|█▉        | 51/260 [00:44<02:32,  1.37it/s]
 20%|██        | 52/260 [00:44<02:18,  1.50it/s]
                                                

 20%|██        | 52/260 [00:45<02:18,  1.50it/s]{'eval_loss': 0.10150729864835739, 'eval_runtime': 2.2862, 'eval_samples_per_second': 360.42, 'eval_steps_per_second': 11.372, 'epoch': 1.0}
{'loss': 0.0872, 'grad_norm': 1.2425687313079834, 'learning_rate': 4e-05, 'epoch': 2.0}


  0%|          | 0/26 [00:00<?, ?it/s][A

 12%|█▏        | 3/26 [00:00<00:01, 19.98it/s][A

 19%|█▉        | 5/26 [00:00<00:01, 16.03it/s][A

 27%|██▋       | 7/26 [00:00<00:01, 14.75it/s][A

 35%|███▍      | 9/26 [00:00<00:01, 14.11it/s][A

 42%|████▏     | 11/26 [00:00<00:01, 13.80it/s][A

 50%|█████     | 13/26 [00:00<00:00, 13.60it/s][A

 58%|█████▊    | 15/26 [00:01<00:00, 13.47it/s][A

 65%|██████▌   | 17/26 [00:01<00:00, 13.40it/s][A

 73%|███████▎  | 19/26 [00:01<00:00, 13.33it/s][A

 81%|████████  | 21/26 [00:01<00:00, 13.31it/s][A

 88%|████████▊ | 23/26 [00:01<00:00, 13.41it/s][A

 96%|█████████▌| 25/26 [00:01<00:00, 13.40it/s][A

                                               
[A
                                                

100%|██████████| 26/26 [00:02<00:00, 13.40it/s][A
 20%|██        | 52/260 [00:47<02:18,  1.50it/s]

                                               [A
 20%|██        | 53/260 [00:52<09:53,  2.87s/it]
 21%|██        | 54/260 [00:53<07:38,  2.23s/it]
 21%|██        | 55/260 [00:54<06:04,  1.78s/it]
 22%|██▏       | 56/260 [00:55<04:58,  1.46s/it]
 22%|██▏       | 57/260 [00:55<04:12,  1.24s/it]
 22%|██▏       | 58/260 [00:56<03:40,  1.09s/it]
 23%|██▎       | 59/260 [00:57<03:17,  1.02it/s]
 23%|██▎       | 60/260 [00:57<03:01,  1.10it/s]
 23%|██▎       | 61/260 [00:58<02:49,  1.17it/s]
 24%|██▍       | 62/260 [00:59<02:41,  1.22it/s]
 24%|██▍       | 63/260 [01:00<02:35,  1.26it/s]
 25%|██▍       | 64/260 [01:00<02:31,  1.30it/s]
 25%|██▌       | 65/260 [01:01<02:27,  1.32it/s]
 25%|██▌       | 66/260 [01:02<02:25,  1.33it/s]
 26%|██▌       | 67/260 [01:03<02:23,  1.35it/s]
 26%|██▌       | 68/260 [01:03<02:21,  1.35it/s]
 27%|██▋       | 69/260 [01:04<02:20,  1.36it/s]
 27%|██▋       | 70/260 [01:05<02:19,  1.36it/s]
 27%|██▋       | 71/260 [01:05<02:18,  1.36it/s]
 28%|██▊       | 72/260 [01:06<02:17,  1.37it/s]
 28%|██▊       | 73/260 [01:07<02:16,  1.37it/s]
 28%|██▊       | 74/260 [01:08<02:15,  1.37it/s]
 29%|██▉       | 75/260 [01:08<02:15,  1.37it/s]
 29%|██▉       | 76/260 [01:09<02:14,  1.37it/s]
 30%|██▉       | 77/260 [01:10<02:13,  1.37it/s]
 30%|███       | 78/260 [01:10<02:00,  1.50it/s]
                                                

 30%|███       | 78/260 [01:11<02:00,  1.50it/s]{'eval_loss': 0.06716062873601913, 'eval_runtime': 1.9457, 'eval_samples_per_second': 423.504, 'eval_steps_per_second': 13.363, 'epoch': 2.0}
{'loss': 0.0637, 'grad_norm': 0.9056998491287231, 'learning_rate': 3.5e-05, 'epoch': 3.0}


  0%|          | 0/26 [00:00<?, ?it/s][A

 12%|█▏        | 3/26 [00:00<00:01, 20.02it/s][A

 23%|██▎       | 6/26 [00:00<00:01, 15.36it/s][A

 31%|███       | 8/26 [00:00<00:01, 14.51it/s][A

 38%|███▊      | 10/26 [00:00<00:01, 14.04it/s][A

 46%|████▌     | 12/26 [00:00<00:01, 13.75it/s][A

 54%|█████▍    | 14/26 [00:00<00:00, 13.58it/s][A

 62%|██████▏   | 16/26 [00:01<00:00, 13.46it/s][A

 69%|██████▉   | 18/26 [00:01<00:00, 13.39it/s][A

 77%|███████▋  | 20/26 [00:01<00:00, 13.33it/s][A

 85%|████████▍ | 22/26 [00:01<00:00, 13.42it/s][A

 92%|█████████▏| 24/26 [00:01<00:00, 13.36it/s][A

100%|██████████| 26/26 [00:01<00:00, 13.67it/s][A

                                               
[A
                                                

100%|██████████| 26/26 [00:02<00:00, 13.67it/s][A
 30%|███       | 78/260 [01:13<02:00,  1.50it/s]

                                               [A
 30%|███       | 79/260 [01:19<08:55,  2.96s/it]
 31%|███       | 80/260 [01:19<06:52,  2.29s/it]
 31%|███       | 81/260 [01:20<05:26,  1.82s/it]
 32%|███▏      | 82/260 [01:21<04:26,  1.50s/it]
 32%|███▏      | 83/260 [01:22<03:44,  1.27s/it]
 32%|███▏      | 84/260 [01:22<03:14,  1.10s/it]
 33%|███▎      | 85/260 [01:23<02:53,  1.01it/s]
 33%|███▎      | 86/260 [01:24<02:38,  1.10it/s]
 33%|███▎      | 87/260 [01:25<02:28,  1.17it/s]
 34%|███▍      | 88/260 [01:25<02:20,  1.22it/s]
 34%|███▍      | 89/260 [01:26<02:15,  1.26it/s]
 35%|███▍      | 90/260 [01:27<02:11,  1.29it/s]
 35%|███▌      | 91/260 [01:27<02:08,  1.31it/s]
 35%|███▌      | 92/260 [01:28<02:06,  1.33it/s]
 36%|███▌      | 93/260 [01:29<02:04,  1.34it/s]
 36%|███▌      | 94/260 [01:30<02:02,  1.35it/s]
 37%|███▋      | 95/260 [01:30<02:01,  1.36it/s]
 37%|███▋      | 96/260 [01:31<02:00,  1.36it/s]
 37%|███▋      | 97/260 [01:32<01:59,  1.36it/s]
 38%|███▊      | 98/260 [01:33<01:58,  1.36it/s]
 38%|███▊      | 99/260 [01:33<01:57,  1.37it/s]
 38%|███▊      | 100/260 [01:34<01:56,  1.37it/s]
 39%|███▉      | 101/260 [01:35<01:56,  1.37it/s]
 39%|███▉      | 102/260 [01:35<01:55,  1.37it/s]
 40%|███▉      | 103/260 [01:36<01:54,  1.37it/s]
 40%|████      | 104/260 [01:37<01:43,  1.50it/s]
                                                 

 40%|████      | 104/260 [01:37<01:43,  1.50it/s]{'eval_loss': 0.05423837527632713, 'eval_runtime': 1.9466, 'eval_samples_per_second': 423.295, 'eval_steps_per_second': 13.356, 'epoch': 3.0}
{'loss': 0.0516, 'grad_norm': 0.6392679214477539, 'learning_rate': 3e-05, 'epoch': 4.0}


  0%|          | 0/26 [00:00<?, ?it/s][A

 12%|█▏        | 3/26 [00:00<00:01, 19.92it/s][A

 19%|█▉        | 5/26 [00:00<00:01, 15.96it/s][A

 27%|██▋       | 7/26 [00:00<00:01, 14.71it/s][A

 35%|███▍      | 9/26 [00:00<00:01, 14.10it/s][A

 42%|████▏     | 11/26 [00:00<00:01, 13.79it/s][A

 50%|█████     | 13/26 [00:00<00:00, 13.60it/s][A

 58%|█████▊    | 15/26 [00:01<00:00, 13.47it/s][A

 65%|██████▌   | 17/26 [00:01<00:00, 13.39it/s][A

 73%|███████▎  | 19/26 [00:01<00:00, 13.33it/s][A

 81%|████████  | 21/26 [00:01<00:00, 13.30it/s][A

 88%|████████▊ | 23/26 [00:01<00:00, 13.41it/s][A

 96%|█████████▌| 25/26 [00:01<00:00, 13.40it/s][A

                                               
[A
                                                 

100%|██████████| 26/26 [00:02<00:00, 13.40it/s][A
 40%|████      | 104/260 [01:39<01:43,  1.50it/s]

                                               [A
 40%|████      | 105/260 [01:45<07:40,  2.97s/it]
 41%|████      | 106/260 [01:46<05:54,  2.30s/it]
 41%|████      | 107/260 [01:47<04:39,  1.83s/it]
 42%|████▏     | 108/260 [01:47<03:47,  1.50s/it]
 42%|████▏     | 109/260 [01:48<03:11,  1.27s/it]
 42%|████▏     | 110/260 [01:49<02:45,  1.11s/it]
 43%|████▎     | 111/260 [01:49<02:27,  1.01it/s]
 43%|████▎     | 112/260 [01:50<02:15,  1.09it/s]
 43%|████▎     | 113/260 [01:51<02:06,  1.16it/s]
 44%|████▍     | 114/260 [01:52<01:59,  1.22it/s]
 44%|████▍     | 115/260 [01:52<01:55,  1.26it/s]
 45%|████▍     | 116/260 [01:53<01:51,  1.29it/s]
 45%|████▌     | 117/260 [01:54<01:48,  1.31it/s]
 45%|████▌     | 118/260 [01:55<01:46,  1.33it/s]
 46%|████▌     | 119/260 [01:55<01:45,  1.34it/s]
 46%|████▌     | 120/260 [01:56<01:43,  1.35it/s]
 47%|████▋     | 121/260 [01:57<01:42,  1.36it/s]
 47%|████▋     | 122/260 [01:57<01:41,  1.36it/s]
 47%|████▋     | 123/260 [01:58<01:40,  1.36it/s]
 48%|████▊     | 124/260 [01:59<01:39,  1.36it/s]
 48%|████▊     | 125/260 [02:00<01:38,  1.36it/s]
 48%|████▊     | 126/260 [02:00<01:38,  1.37it/s]
 49%|████▉     | 127/260 [02:01<01:37,  1.37it/s]
 49%|████▉     | 128/260 [02:02<01:36,  1.37it/s]
 50%|████▉     | 129/260 [02:03<01:35,  1.37it/s]
 50%|█████     | 130/260 [02:03<01:26,  1.50it/s]
                                                 

 50%|█████     | 130/260 [02:03<01:26,  1.50it/s]{'eval_loss': 0.0407576709985733, 'eval_runtime': 1.9465, 'eval_samples_per_second': 423.334, 'eval_steps_per_second': 13.358, 'epoch': 4.0}
{'loss': 0.0462, 'grad_norm': 0.67448490858078, 'learning_rate': 2.5e-05, 'epoch': 5.0}


  0%|          | 0/26 [00:00<?, ?it/s][A

 12%|█▏        | 3/26 [00:00<00:01, 19.94it/s][A

 19%|█▉        | 5/26 [00:00<00:01, 16.02it/s][A

 27%|██▋       | 7/26 [00:00<00:01, 14.71it/s][A

 35%|███▍      | 9/26 [00:00<00:01, 14.14it/s][A

 42%|████▏     | 11/26 [00:00<00:01, 13.80it/s][A

 50%|█████     | 13/26 [00:00<00:00, 13.62it/s][A

 58%|█████▊    | 15/26 [00:01<00:00, 13.50it/s][A

 65%|██████▌   | 17/26 [00:01<00:00, 13.42it/s][A

 73%|███████▎  | 19/26 [00:01<00:00, 13.37it/s][A

 81%|████████  | 21/26 [00:01<00:00, 13.32it/s][A

 88%|████████▊ | 23/26 [00:01<00:00, 13.44it/s][A

 96%|█████████▌| 25/26 [00:01<00:00, 13.43it/s][A

                                               
[A
                                                 

100%|██████████| 26/26 [00:02<00:00, 13.43it/s][A
 50%|█████     | 130/260 [02:05<01:26,  1.50it/s]

                                               [A
 50%|█████     | 131/260 [02:10<05:15,  2.45s/it]
 51%|█████     | 132/260 [02:10<04:07,  1.93s/it]
 51%|█████     | 133/260 [02:11<03:19,  1.57s/it]
 52%|█████▏    | 134/260 [02:12<02:46,  1.32s/it]
 52%|█████▏    | 135/260 [02:13<02:22,  1.14s/it]
 52%|█████▏    | 136/260 [02:13<02:06,  1.02s/it]
 53%|█████▎    | 137/260 [02:14<01:54,  1.07it/s]
 53%|█████▎    | 138/260 [02:15<01:46,  1.15it/s]
 53%|█████▎    | 139/260 [02:16<01:40,  1.21it/s]
 54%|█████▍    | 140/260 [02:16<01:35,  1.25it/s]
 54%|█████▍    | 141/260 [02:17<01:32,  1.29it/s]
 55%|█████▍    | 142/260 [02:18<01:29,  1.31it/s]
 55%|█████▌    | 143/260 [02:18<01:28,  1.33it/s]
 55%|█████▌    | 144/260 [02:19<01:26,  1.34it/s]
 56%|█████▌    | 145/260 [02:20<01:25,  1.35it/s]
 56%|█████▌    | 146/260 [02:21<01:24,  1.35it/s]
 57%|█████▋    | 147/260 [02:21<01:23,  1.36it/s]
 57%|█████▋    | 148/260 [02:22<01:22,  1.36it/s]
 57%|█████▋    | 149/260 [02:23<01:21,  1.36it/s]
 58%|█████▊    | 150/260 [02:24<01:20,  1.36it/s]
 58%|█████▊    | 151/260 [02:24<01:19,  1.37it/s]
 58%|█████▊    | 152/260 [02:25<01:18,  1.37it/s]
 59%|█████▉    | 153/260 [02:26<01:18,  1.37it/s]
 59%|█████▉    | 154/260 [02:26<01:17,  1.37it/s]
 60%|█████▉    | 155/260 [02:27<01:16,  1.37it/s]
 60%|██████    | 156/260 [02:28<01:09,  1.50it/s]
                                                 

 60%|██████    | 156/260 [02:28<01:09,  1.50it/s]{'eval_loss': 0.0360712856054306, 'eval_runtime': 1.9433, 'eval_samples_per_second': 424.03, 'eval_steps_per_second': 13.38, 'epoch': 5.0}
{'loss': 0.0393, 'grad_norm': 0.6787111759185791, 'learning_rate': 2e-05, 'epoch': 6.0}


  0%|          | 0/26 [00:00<?, ?it/s][A

 12%|█▏        | 3/26 [00:00<00:01, 19.89it/s][A

 19%|█▉        | 5/26 [00:00<00:01, 15.95it/s][A

 27%|██▋       | 7/26 [00:00<00:01, 14.68it/s][A

 35%|███▍      | 9/26 [00:00<00:01, 14.11it/s][A

 42%|████▏     | 11/26 [00:00<00:01, 13.78it/s][A

 50%|█████     | 13/26 [00:00<00:00, 13.57it/s][A

 58%|█████▊    | 15/26 [00:01<00:00, 13.48it/s][A

 65%|██████▌   | 17/26 [00:01<00:00, 13.39it/s][A

 73%|███████▎  | 19/26 [00:01<00:00, 13.35it/s][A

 81%|████████  | 21/26 [00:01<00:00, 13.31it/s][A

 88%|████████▊ | 23/26 [00:01<00:00, 13.42it/s][A

 96%|█████████▌| 25/26 [00:01<00:00, 13.41it/s][A

                                               
[A
                                                 

100%|██████████| 26/26 [00:02<00:00, 13.41it/s][A
 60%|██████    | 156/260 [02:31<01:09,  1.50it/s]

                                               [A
 60%|██████    | 157/260 [02:36<04:54,  2.86s/it]
 61%|██████    | 158/260 [02:36<03:46,  2.22s/it]
 61%|██████    | 159/260 [02:37<02:58,  1.77s/it]
 62%|██████▏   | 160/260 [02:38<02:25,  1.46s/it]
 62%|██████▏   | 161/260 [02:39<02:02,  1.24s/it]
 62%|██████▏   | 162/260 [02:39<01:46,  1.09s/it]
 63%|██████▎   | 163/260 [02:40<01:34,  1.02it/s]
 63%|██████▎   | 164/260 [02:41<01:26,  1.11it/s]
 63%|██████▎   | 165/260 [02:42<01:20,  1.18it/s]
 64%|██████▍   | 166/260 [02:42<01:16,  1.23it/s]
 64%|██████▍   | 167/260 [02:43<01:13,  1.27it/s]
 65%|██████▍   | 168/260 [02:44<01:11,  1.30it/s]
 65%|██████▌   | 169/260 [02:44<01:09,  1.32it/s]
 65%|██████▌   | 170/260 [02:45<01:07,  1.33it/s]
 66%|██████▌   | 171/260 [02:46<01:06,  1.35it/s]
 66%|██████▌   | 172/260 [02:47<01:05,  1.35it/s]
 67%|██████▋   | 173/260 [02:47<01:04,  1.36it/s]
 67%|██████▋   | 174/260 [02:48<01:03,  1.36it/s]
 67%|██████▋   | 175/260 [02:49<01:02,  1.36it/s]
 68%|██████▊   | 176/260 [02:50<01:01,  1.37it/s]
 68%|██████▊   | 177/260 [02:50<01:00,  1.37it/s]
 68%|██████▊   | 178/260 [02:51<00:59,  1.37it/s]
 69%|██████▉   | 179/260 [02:52<00:59,  1.37it/s]
 69%|██████▉   | 180/260 [02:52<00:58,  1.37it/s]
 70%|██████▉   | 181/260 [02:53<00:57,  1.38it/s]
 70%|███████   | 182/260 [02:54<00:51,  1.50it/s]
                                                 

 70%|███████   | 182/260 [02:54<00:51,  1.50it/s]{'eval_loss': 0.03420000150799751, 'eval_runtime': 1.9468, 'eval_samples_per_second': 423.256, 'eval_steps_per_second': 13.355, 'epoch': 6.0}
{'loss': 0.034, 'grad_norm': 0.6530998945236206, 'learning_rate': 1.5e-05, 'epoch': 7.0}


  0%|          | 0/26 [00:00<?, ?it/s][A

 12%|█▏        | 3/26 [00:00<00:01, 19.91it/s][A

 19%|█▉        | 5/26 [00:00<00:01, 16.01it/s][A

 27%|██▋       | 7/26 [00:00<00:01, 14.74it/s][A

 35%|███▍      | 9/26 [00:00<00:01, 14.15it/s][A

 42%|████▏     | 11/26 [00:00<00:01, 13.81it/s][A

 50%|█████     | 13/26 [00:00<00:00, 13.62it/s][A

 58%|█████▊    | 15/26 [00:01<00:00, 13.49it/s][A

 65%|██████▌   | 17/26 [00:01<00:00, 13.41it/s][A

 73%|███████▎  | 19/26 [00:01<00:00, 13.36it/s][A

 81%|████████  | 21/26 [00:01<00:00, 13.33it/s][A

 88%|████████▊ | 23/26 [00:01<00:00, 13.44it/s][A

 96%|█████████▌| 25/26 [00:01<00:00, 13.43it/s][A

                                               
[A
                                                 

100%|██████████| 26/26 [00:02<00:00, 13.43it/s][A
 70%|███████   | 182/260 [02:56<00:51,  1.50it/s]

                                               [A
 70%|███████   | 183/260 [03:00<02:59,  2.33s/it]
 71%|███████   | 184/260 [03:01<02:20,  1.85s/it]
 71%|███████   | 185/260 [03:01<01:53,  1.51s/it]
 72%|███████▏  | 186/260 [03:02<01:34,  1.28s/it]
 72%|███████▏  | 187/260 [03:03<01:21,  1.11s/it]
 72%|███████▏  | 188/260 [03:04<01:11,  1.00it/s]
 73%|███████▎  | 189/260 [03:04<01:05,  1.09it/s]
 73%|███████▎  | 190/260 [03:05<01:00,  1.16it/s]
 73%|███████▎  | 191/260 [03:06<00:56,  1.22it/s]
 74%|███████▍  | 192/260 [03:06<00:53,  1.26it/s]
 74%|███████▍  | 193/260 [03:07<00:51,  1.29it/s]
 75%|███████▍  | 194/260 [03:08<00:50,  1.31it/s]
 75%|███████▌  | 195/260 [03:09<00:48,  1.33it/s]
 75%|███████▌  | 196/260 [03:09<00:47,  1.34it/s]
 76%|███████▌  | 197/260 [03:10<00:46,  1.35it/s]
 76%|███████▌  | 198/260 [03:11<00:45,  1.36it/s]
 77%|███████▋  | 199/260 [03:12<00:44,  1.36it/s]
 77%|███████▋  | 200/260 [03:12<00:44,  1.36it/s]
 77%|███████▋  | 201/260 [03:13<00:43,  1.36it/s]
 78%|███████▊  | 202/260 [03:14<00:42,  1.37it/s]
 78%|███████▊  | 203/260 [03:15<00:41,  1.37it/s]
 78%|███████▊  | 204/260 [03:15<00:41,  1.37it/s]
 79%|███████▉  | 205/260 [03:16<00:40,  1.37it/s]
 79%|███████▉  | 206/260 [03:17<00:39,  1.37it/s]
 80%|███████▉  | 207/260 [03:17<00:38,  1.37it/s]
 80%|████████  | 208/260 [03:18<00:34,  1.50it/s]
                                                 

 80%|████████  | 208/260 [03:18<00:34,  1.50it/s]{'eval_loss': 0.03129016235470772, 'eval_runtime': 1.9436, 'eval_samples_per_second': 423.949, 'eval_steps_per_second': 13.377, 'epoch': 7.0}
{'loss': 0.0319, 'grad_norm': 0.8127604722976685, 'learning_rate': 1e-05, 'epoch': 8.0}


  0%|          | 0/26 [00:00<?, ?it/s][A

 12%|█▏        | 3/26 [00:00<00:01, 19.90it/s][A

 19%|█▉        | 5/26 [00:00<00:01, 15.95it/s][A

 27%|██▋       | 7/26 [00:00<00:01, 14.70it/s][A

 35%|███▍      | 9/26 [00:00<00:01, 14.11it/s][A

 42%|████▏     | 11/26 [00:00<00:01, 13.78it/s][A

 50%|█████     | 13/26 [00:00<00:00, 13.59it/s][A

 58%|█████▊    | 15/26 [00:01<00:00, 13.47it/s][A

 65%|██████▌   | 17/26 [00:01<00:00, 13.39it/s][A

 73%|███████▎  | 19/26 [00:01<00:00, 13.34it/s][A

 81%|████████  | 21/26 [00:01<00:00, 13.30it/s][A

 88%|████████▊ | 23/26 [00:01<00:00, 13.40it/s][A

 96%|█████████▌| 25/26 [00:01<00:00, 13.39it/s][A

                                               
[A
                                                 

100%|██████████| 26/26 [00:02<00:00, 13.39it/s][A
 80%|████████  | 208/260 [03:20<00:34,  1.50it/s]

                                               [A
 80%|████████  | 209/260 [03:25<02:05,  2.46s/it]
 81%|████████  | 210/260 [03:25<01:37,  1.94s/it]
 81%|████████  | 211/260 [03:26<01:17,  1.58s/it]
 82%|████████▏ | 212/260 [03:27<01:03,  1.32s/it]
 82%|████████▏ | 213/260 [03:28<00:53,  1.14s/it]
 82%|████████▏ | 214/260 [03:28<00:46,  1.02s/it]
 83%|████████▎ | 215/260 [03:29<00:41,  1.07it/s]
 83%|████████▎ | 216/260 [03:30<00:38,  1.15it/s]
 83%|████████▎ | 217/260 [03:30<00:35,  1.20it/s]
 84%|████████▍ | 218/260 [03:31<00:33,  1.25it/s]
 84%|████████▍ | 219/260 [03:32<00:31,  1.28it/s]
 85%|████████▍ | 220/260 [03:33<00:30,  1.31it/s]
 85%|████████▌ | 221/260 [03:33<00:29,  1.33it/s]
 85%|████████▌ | 222/260 [03:34<00:28,  1.34it/s]
 86%|████████▌ | 223/260 [03:35<00:27,  1.35it/s]
 86%|████████▌ | 224/260 [03:36<00:26,  1.35it/s]
 87%|████████▋ | 225/260 [03:36<00:25,  1.36it/s]
 87%|████████▋ | 226/260 [03:37<00:24,  1.36it/s]
 87%|████████▋ | 227/260 [03:38<00:24,  1.36it/s]
 88%|████████▊ | 228/260 [03:38<00:23,  1.36it/s]
 88%|████████▊ | 229/260 [03:39<00:22,  1.36it/s]
 88%|████████▊ | 230/260 [03:40<00:21,  1.36it/s]
 89%|████████▉ | 231/260 [03:41<00:21,  1.37it/s]
 89%|████████▉ | 232/260 [03:41<00:20,  1.37it/s]
 90%|████████▉ | 233/260 [03:42<00:19,  1.37it/s]
 90%|█████████ | 234/260 [03:43<00:17,  1.50it/s]
                                                 

 90%|█████████ | 234/260 [03:43<00:17,  1.50it/s]{'eval_loss': 0.02544299326837063, 'eval_runtime': 1.9475, 'eval_samples_per_second': 423.112, 'eval_steps_per_second': 13.351, 'epoch': 8.0}
{'loss': 0.0308, 'grad_norm': 0.5727135539054871, 'learning_rate': 5e-06, 'epoch': 9.0}


  0%|          | 0/26 [00:00<?, ?it/s][A

 12%|█▏        | 3/26 [00:00<00:01, 19.92it/s][A

 19%|█▉        | 5/26 [00:00<00:01, 15.93it/s][A

 27%|██▋       | 7/26 [00:00<00:01, 14.69it/s][A

 35%|███▍      | 9/26 [00:00<00:01, 14.09it/s][A

 42%|████▏     | 11/26 [00:00<00:01, 13.77it/s][A

 50%|█████     | 13/26 [00:00<00:00, 13.57it/s][A

 58%|█████▊    | 15/26 [00:01<00:00, 13.45it/s][A

 65%|██████▌   | 17/26 [00:01<00:00, 13.38it/s][A

 73%|███████▎  | 19/26 [00:01<00:00, 13.33it/s][A

 81%|████████  | 21/26 [00:01<00:00, 13.29it/s][A

 88%|████████▊ | 23/26 [00:01<00:00, 13.37it/s][A

 96%|█████████▌| 25/26 [00:01<00:00, 13.39it/s][A

                                               
[A
                                                 

100%|██████████| 26/26 [00:02<00:00, 13.39it/s][A
 90%|█████████ | 234/260 [03:45<00:17,  1.50it/s]

                                               [A
 90%|█████████ | 235/260 [03:48<00:55,  2.21s/it]
 91%|█████████ | 236/260 [03:49<00:42,  1.76s/it]
 91%|█████████ | 237/260 [03:50<00:33,  1.45s/it]
 92%|█████████▏| 238/260 [03:51<00:27,  1.24s/it]
 92%|█████████▏| 239/260 [03:51<00:22,  1.09s/it]
 92%|█████████▏| 240/260 [03:52<00:19,  1.02it/s]
 93%|█████████▎| 241/260 [03:53<00:17,  1.11it/s]
 93%|█████████▎| 242/260 [03:54<00:15,  1.17it/s]
 93%|█████████▎| 243/260 [03:54<00:13,  1.23it/s]
 94%|█████████▍| 244/260 [03:55<00:12,  1.27it/s]
 94%|█████████▍| 245/260 [03:56<00:11,  1.30it/s]
 95%|█████████▍| 246/260 [03:56<00:10,  1.32it/s]
 95%|█████████▌| 247/260 [03:57<00:09,  1.33it/s]
 95%|█████████▌| 248/260 [03:58<00:08,  1.34it/s]
 96%|█████████▌| 249/260 [03:59<00:08,  1.35it/s]
 96%|█████████▌| 250/260 [03:59<00:07,  1.36it/s]
 97%|█████████▋| 251/260 [04:00<00:06,  1.36it/s]
 97%|█████████▋| 252/260 [04:01<00:05,  1.36it/s]
 97%|█████████▋| 253/260 [04:02<00:05,  1.36it/s]
 98%|█████████▊| 254/260 [04:02<00:04,  1.36it/s]
 98%|█████████▊| 255/260 [04:03<00:03,  1.36it/s]
 98%|█████████▊| 256/260 [04:04<00:02,  1.36it/s]
 99%|█████████▉| 257/260 [04:05<00:02,  1.36it/s]
 99%|█████████▉| 258/260 [04:05<00:01,  1.36it/s]
100%|█████████▉| 259/260 [04:06<00:00,  1.37it/s]
100%|██████████| 260/260 [04:07<00:00,  1.50it/s]
                                                 

100%|██████████| 260/260 [04:07<00:00,  1.50it/s]{'eval_loss': 0.026837026700377464, 'eval_runtime': 1.9496, 'eval_samples_per_second': 422.642, 'eval_steps_per_second': 13.336, 'epoch': 9.0}
{'loss': 0.0293, 'grad_norm': 0.42223164439201355, 'learning_rate': 0.0, 'epoch': 10.0}


  0%|          | 0/26 [00:00<?, ?it/s][A

 12%|█▏        | 3/26 [00:00<00:01, 19.95it/s][A

 19%|█▉        | 5/26 [00:00<00:01, 15.96it/s][A

 27%|██▋       | 7/26 [00:00<00:01, 14.69it/s][A

 35%|███▍      | 9/26 [00:00<00:01, 14.11it/s][A

 42%|████▏     | 11/26 [00:00<00:01, 13.77it/s][A

 50%|█████     | 13/26 [00:00<00:00, 13.57it/s][A

 58%|█████▊    | 15/26 [00:01<00:00, 13.44it/s][A

 65%|██████▌   | 17/26 [00:01<00:00, 13.36it/s][A

 73%|███████▎  | 19/26 [00:01<00:00, 13.31it/s][A

 81%|████████  | 21/26 [00:01<00:00, 13.27it/s][A

 88%|████████▊ | 23/26 [00:01<00:00, 13.36it/s][A

 96%|█████████▌| 25/26 [00:01<00:00, 13.36it/s][A

                                               
[A
                                                 

100%|██████████| 26/26 [00:01<00:00, 13.36it/s][A
100%|██████████| 260/260 [04:09<00:00,  1.50it/s]

                                               [AThere were missing keys in the checkpoint model loaded: ['lm_head.decoder.weight', 'lm_head.decoder.bias'].

                                                 

100%|██████████| 260/260 [04:12<00:00,  1.50it/s]
100%|██████████| 260/260 [04:12<00:00,  1.03it/s]
Some weights of RobertaForSequenceClassification were not initialized from the model checkpoint at ./layer_pretrained_roberta and are newly initialized: ['classifier.dense.bias', 'classifier.dense.weight', 'classifier.out_proj.bias', 'classifier.out_proj.weight']
You should probably TRAIN this model on a down-stream task to be able to use it for predictions and inference.
2025-04-12 04:05:49.708 | INFO     | __main__:CV_run:403 - Starting fine-tuning with cross-entropy loss
{'eval_loss': 0.026476934552192688, 'eval_runtime': 1.9514, 'eval_samples_per_second': 422.252, 'eval_steps_per_second': 13.323, 'epoch': 10.0}
{'train_runtime': 252.2154, 'train_samples_per_second': 130.603, 'train_steps_per_second': 1.031, 'train_loss': 0.05981590633208935, 'epoch': 10.0}

  0%|          | 0/780 [00:00<?, ?it/s]
  0%|          | 1/780 [00:00<11:21,  1.14it/s]
  0%|          | 2/780 [00:01<07:49,  1.66it/s]
  0%|          | 3/780 [00:01<06:41,  1.94it/s]
  1%|          | 4/780 [00:02<06:10,  2.09it/s]
  1%|          | 5/780 [00:02<05:51,  2.21it/s]
  1%|          | 6/780 [00:02<05:38,  2.28it/s]
  1%|          | 7/780 [00:03<05:31,  2.33it/s]
  1%|          | 8/780 [00:03<05:25,  2.37it/s]
  1%|          | 9/780 [00:04<05:21,  2.40it/s]
  1%|▏         | 10/780 [00:04<05:19,  2.41it/s]
  1%|▏         | 11/780 [00:04<05:17,  2.42it/s]
  2%|▏         | 12/780 [00:05<05:15,  2.43it/s]
  2%|▏         | 13/780 [00:05<05:14,  2.44it/s]
  2%|▏         | 14/780 [00:06<05:14,  2.44it/s]
  2%|▏         | 15/780 [00:06<05:13,  2.44it/s]
  2%|▏         | 16/780 [00:07<05:13,  2.44it/s]
  2%|▏         | 17/780 [00:07<05:12,  2.44it/s]
  2%|▏         | 18/780 [00:07<05:12,  2.44it/s]
  2%|▏         | 19/780 [00:08<05:12,  2.44it/s]
  3%|▎         | 20/780 [00:08<05:10,  2.45it/s]
  3%|▎         | 21/780 [00:09<05:10,  2.45it/s]
  3%|▎         | 22/780 [00:09<05:10,  2.44it/s]
  3%|▎         | 23/780 [00:09<05:09,  2.44it/s]
  3%|▎         | 24/780 [00:10<05:08,  2.45it/s]
  3%|▎         | 25/780 [00:10<05:07,  2.45it/s]
  3%|▎         | 26/780 [00:11<04:56,  2.54it/s]
                                                

  3%|▎         | 26/780 [00:11<04:56,  2.54it/s]{'loss': 3.668, 'grad_norm': 3.865408420562744, 'learning_rate': 4.8333333333333334e-05, 'epoch': 1.0}


  0%|          | 0/26 [00:00<?, ?it/s][A

 15%|█▌        | 4/26 [00:00<00:00, 39.24it/s][A

 31%|███       | 8/26 [00:00<00:00, 33.31it/s][A

 46%|████▌     | 12/26 [00:00<00:00, 31.76it/s][A

 62%|██████▏   | 16/26 [00:00<00:00, 31.11it/s][A

 77%|███████▋  | 20/26 [00:00<00:00, 30.74it/s][A

 92%|█████████▏| 24/26 [00:00<00:00, 30.91it/s][A

                                               
[A
                                                

100%|██████████| 26/26 [00:00<00:00, 30.91it/s][A
  3%|▎         | 26/780 [00:12<04:56,  2.54it/s]

                                               [A{'eval_loss': 2.5740528106689453, 'eval_macro_recall': 0.1602595029239766, 'eval_macro_precision': 0.11173070648477038, 'eval_macro_f1': 0.12220979353743167, 'eval_accuracy': 0.41383495145631066, 'eval_micro_recall': 0.41383495145631066, 'eval_micro_precision': 0.41383495145631066, 'eval_micro_f1': 0.41383495145631066, 'eval_runtime': 1.1517, 'eval_samples_per_second': 715.485, 'eval_steps_per_second': 22.576, 'epoch': 1.0}

  3%|▎         | 27/780 [00:16<22:27,  1.79s/it]
  4%|▎         | 28/780 [00:16<17:13,  1.37s/it]
  4%|▎         | 29/780 [00:16<13:35,  1.09s/it]
  4%|▍         | 30/780 [00:17<11:02,  1.13it/s]
  4%|▍         | 31/780 [00:17<09:14,  1.35it/s]
  4%|▍         | 32/780 [00:18<07:59,  1.56it/s]
  4%|▍         | 33/780 [00:18<07:07,  1.75it/s]
  4%|▍         | 34/780 [00:18<06:30,  1.91it/s]
  4%|▍         | 35/780 [00:19<06:03,  2.05it/s]
  5%|▍         | 36/780 [00:19<05:44,  2.16it/s]
  5%|▍         | 37/780 [00:20<05:31,  2.24it/s]
  5%|▍         | 38/780 [00:20<05:23,  2.30it/s]
  5%|▌         | 39/780 [00:21<05:16,  2.34it/s]
  5%|▌         | 40/780 [00:21<05:11,  2.38it/s]
  5%|▌         | 41/780 [00:21<05:08,  2.40it/s]
  5%|▌         | 42/780 [00:22<05:06,  2.41it/s]
  6%|▌         | 43/780 [00:22<05:04,  2.42it/s]
  6%|▌         | 44/780 [00:23<05:03,  2.43it/s]
  6%|▌         | 45/780 [00:23<05:01,  2.43it/s]
  6%|▌         | 46/780 [00:23<05:01,  2.44it/s]
  6%|▌         | 47/780 [00:24<05:00,  2.44it/s]
  6%|▌         | 48/780 [00:24<04:59,  2.44it/s]
  6%|▋         | 49/780 [00:25<04:59,  2.44it/s]
  6%|▋         | 50/780 [00:25<04:59,  2.44it/s]
  7%|▋         | 51/780 [00:25<04:58,  2.44it/s]
  7%|▋         | 52/780 [00:26<04:46,  2.54it/s]
                                                

  7%|▋         | 52/780 [00:26<04:46,  2.54it/s]{'loss': 2.1449, 'grad_norm': 4.558235168457031, 'learning_rate': 4.666666666666667e-05, 'epoch': 2.0}


  0%|          | 0/26 [00:00<?, ?it/s][A

 19%|█▉        | 5/26 [00:00<00:00, 38.15it/s][A

 35%|███▍      | 9/26 [00:00<00:00, 33.53it/s][A

 50%|█████     | 13/26 [00:00<00:00, 31.97it/s][A

 65%|██████▌   | 17/26 [00:00<00:00, 31.38it/s][A

 81%|████████  | 21/26 [00:00<00:00, 31.42it/s][A

 96%|█████████▌| 25/26 [00:00<00:00, 30.99it/s][A

                                               
[A
                                                

100%|██████████| 26/26 [00:00<00:00, 30.99it/s][A
  7%|▋         | 52/780 [00:27<04:46,  2.54it/s]

                                               [A{'eval_loss': 1.4699434041976929, 'eval_macro_recall': 0.5685275689223058, 'eval_macro_precision': 0.5356420837647946, 'eval_macro_f1': 0.5288462093293053, 'eval_accuracy': 0.7706310679611651, 'eval_micro_recall': 0.7706310679611651, 'eval_micro_precision': 0.7706310679611651, 'eval_micro_f1': 0.7706310679611651, 'eval_runtime': 1.1729, 'eval_samples_per_second': 702.537, 'eval_steps_per_second': 22.167, 'epoch': 2.0}

  7%|▋         | 53/780 [00:30<20:21,  1.68s/it]
  7%|▋         | 54/780 [00:31<15:42,  1.30s/it]
  7%|▋         | 55/780 [00:31<12:27,  1.03s/it]
  7%|▋         | 56/780 [00:32<10:10,  1.19it/s]
  7%|▋         | 57/780 [00:32<08:35,  1.40it/s]
  7%|▋         | 58/780 [00:32<07:28,  1.61it/s]
  8%|▊         | 59/780 [00:33<06:41,  1.80it/s]
  8%|▊         | 60/780 [00:33<06:08,  1.95it/s]
  8%|▊         | 61/780 [00:34<05:45,  2.08it/s]
  8%|▊         | 62/780 [00:34<05:29,  2.18it/s]
  8%|▊         | 63/780 [00:35<05:18,  2.25it/s]
  8%|▊         | 64/780 [00:35<05:09,  2.31it/s]
  8%|▊         | 65/780 [00:35<05:03,  2.35it/s]
  8%|▊         | 66/780 [00:36<04:59,  2.38it/s]
  9%|▊         | 67/780 [00:36<04:56,  2.40it/s]
  9%|▊         | 68/780 [00:37<04:54,  2.41it/s]
  9%|▉         | 69/780 [00:37<04:53,  2.42it/s]
  9%|▉         | 70/780 [00:37<04:51,  2.44it/s]
  9%|▉         | 71/780 [00:38<04:49,  2.45it/s]
  9%|▉         | 72/780 [00:38<04:49,  2.45it/s]
  9%|▉         | 73/780 [00:39<04:49,  2.44it/s]
  9%|▉         | 74/780 [00:39<04:48,  2.44it/s]
 10%|▉         | 75/780 [00:39<04:47,  2.45it/s]
 10%|▉         | 76/780 [00:40<04:46,  2.46it/s]
 10%|▉         | 77/780 [00:40<04:46,  2.45it/s]
 10%|█         | 78/780 [00:41<04:42,  2.49it/s]
                                                

 10%|█         | 78/780 [00:41<04:42,  2.49it/s]{'loss': 1.2447, 'grad_norm': 3.067331314086914, 'learning_rate': 4.5e-05, 'epoch': 3.0}


  0%|          | 0/26 [00:00<?, ?it/s][A

 15%|█▌        | 4/26 [00:00<00:00, 39.87it/s][A

 31%|███       | 8/26 [00:00<00:00, 33.65it/s][A

 46%|████▌     | 12/26 [00:00<00:00, 32.00it/s][A

 62%|██████▏   | 16/26 [00:00<00:00, 31.32it/s][A

 77%|███████▋  | 20/26 [00:00<00:00, 30.97it/s][A

 92%|█████████▏| 24/26 [00:00<00:00, 31.12it/s][A

                                               
[A
                                                

100%|██████████| 26/26 [00:00<00:00, 31.12it/s][A
 10%|█         | 78/780 [00:42<04:42,  2.49it/s]

                                               [A{'eval_loss': 0.8076568841934204, 'eval_macro_recall': 0.766374865735768, 'eval_macro_precision': 0.7412340104705208, 'eval_macro_f1': 0.7448973523012178, 'eval_accuracy': 0.8968446601941747, 'eval_micro_recall': 0.8968446601941747, 'eval_micro_precision': 0.8968446601941747, 'eval_micro_f1': 0.8968446601941747, 'eval_runtime': 1.1301, 'eval_samples_per_second': 729.161, 'eval_steps_per_second': 23.007, 'epoch': 3.0}

 10%|█         | 79/780 [00:45<20:09,  1.72s/it]
 10%|█         | 80/780 [00:46<15:30,  1.33s/it]
 10%|█         | 81/780 [00:46<12:16,  1.05s/it]
 11%|█         | 82/780 [00:47<10:00,  1.16it/s]
 11%|█         | 83/780 [00:47<08:25,  1.38it/s]
 11%|█         | 84/780 [00:47<07:17,  1.59it/s]
 11%|█         | 85/780 [00:48<06:31,  1.78it/s]
 11%|█         | 86/780 [00:48<05:58,  1.94it/s]
 11%|█         | 87/780 [00:49<05:35,  2.06it/s]
 11%|█▏        | 88/780 [00:49<05:18,  2.17it/s]
 11%|█▏        | 89/780 [00:50<05:07,  2.25it/s]
 12%|█▏        | 90/780 [00:50<04:59,  2.31it/s]
 12%|█▏        | 91/780 [00:50<04:53,  2.34it/s]
 12%|█▏        | 92/780 [00:51<04:49,  2.37it/s]
 12%|█▏        | 93/780 [00:51<04:46,  2.40it/s]
 12%|█▏        | 94/780 [00:52<04:43,  2.42it/s]
 12%|█▏        | 95/780 [00:52<04:41,  2.43it/s]
 12%|█▏        | 96/780 [00:52<04:40,  2.44it/s]
 12%|█▏        | 97/780 [00:53<04:40,  2.44it/s]
 13%|█▎        | 98/780 [00:53<04:39,  2.44it/s]
 13%|█▎        | 99/780 [00:54<04:38,  2.45it/s]
 13%|█▎        | 100/780 [00:54<04:38,  2.44it/s]
 13%|█▎        | 101/780 [00:54<04:37,  2.44it/s]
 13%|█▎        | 102/780 [00:55<04:37,  2.44it/s]
 13%|█▎        | 103/780 [00:55<04:36,  2.45it/s]
 13%|█▎        | 104/780 [00:56<04:44,  2.37it/s]
                                                 

 13%|█▎        | 104/780 [00:56<04:44,  2.37it/s]{'loss': 0.7019, 'grad_norm': 2.716970682144165, 'learning_rate': 4.3333333333333334e-05, 'epoch': 4.0}


  0%|          | 0/26 [00:00<?, ?it/s][A

 19%|█▉        | 5/26 [00:00<00:00, 37.87it/s][A

 35%|███▍      | 9/26 [00:00<00:00, 33.31it/s][A

 50%|█████     | 13/26 [00:00<00:00, 31.87it/s][A

 65%|██████▌   | 17/26 [00:00<00:00, 31.18it/s][A

 81%|████████  | 21/26 [00:00<00:00, 31.29it/s][A

 96%|█████████▌| 25/26 [00:00<00:00, 30.83it/s][A

                                               
[A
                                                 

100%|██████████| 26/26 [00:01<00:00, 30.83it/s][A
 13%|█▎        | 104/780 [00:57<04:44,  2.37it/s]

                                               [A{'eval_loss': 0.4730660021305084, 'eval_macro_recall': 0.8391460794844253, 'eval_macro_precision': 0.8096590988328604, 'eval_macro_f1': 0.8167019973946491, 'eval_accuracy': 0.933252427184466, 'eval_micro_recall': 0.933252427184466, 'eval_micro_precision': 0.933252427184466, 'eval_micro_f1': 0.933252427184466, 'eval_runtime': 1.1598, 'eval_samples_per_second': 710.479, 'eval_steps_per_second': 22.418, 'epoch': 4.0}

 13%|█▎        | 105/780 [01:02<24:10,  2.15s/it]
 14%|█▎        | 106/780 [01:02<18:16,  1.63s/it]
 14%|█▎        | 107/780 [01:03<14:08,  1.26s/it]
 14%|█▍        | 108/780 [01:03<11:15,  1.01s/it]
 14%|█▍        | 109/780 [01:03<09:14,  1.21it/s]
 14%|█▍        | 110/780 [01:04<07:48,  1.43it/s]
 14%|█▍        | 111/780 [01:04<06:48,  1.64it/s]
 14%|█▍        | 112/780 [01:05<06:07,  1.82it/s]
 14%|█▍        | 113/780 [01:05<05:37,  1.97it/s]
 15%|█▍        | 114/780 [01:06<05:17,  2.10it/s]
 15%|█▍        | 115/780 [01:06<05:03,  2.19it/s]
 15%|█▍        | 116/780 [01:06<04:53,  2.26it/s]
 15%|█▌        | 117/780 [01:07<04:45,  2.32it/s]
 15%|█▌        | 118/780 [01:07<04:40,  2.36it/s]
 15%|█▌        | 119/780 [01:08<04:37,  2.38it/s]
 15%|█▌        | 120/780 [01:08<04:34,  2.40it/s]
 16%|█▌        | 121/780 [01:08<04:32,  2.41it/s]
 16%|█▌        | 122/780 [01:09<04:31,  2.43it/s]
 16%|█▌        | 123/780 [01:09<04:30,  2.43it/s]
 16%|█▌        | 124/780 [01:10<04:29,  2.43it/s]
 16%|█▌        | 125/780 [01:10<04:28,  2.44it/s]
 16%|█▌        | 126/780 [01:10<04:27,  2.45it/s]
 16%|█▋        | 127/780 [01:11<04:26,  2.45it/s]
 16%|█▋        | 128/780 [01:11<04:26,  2.45it/s]
 17%|█▋        | 129/780 [01:12<04:26,  2.45it/s]
 17%|█▋        | 130/780 [01:12<04:15,  2.55it/s]
                                                 

 17%|█▋        | 130/780 [01:12<04:15,  2.55it/s]{'loss': 0.4353, 'grad_norm': 2.067254066467285, 'learning_rate': 4.166666666666667e-05, 'epoch': 5.0}


  0%|          | 0/26 [00:00<?, ?it/s][A

 19%|█▉        | 5/26 [00:00<00:00, 38.04it/s][A

 35%|███▍      | 9/26 [00:00<00:00, 33.38it/s][A

 50%|█████     | 13/26 [00:00<00:00, 31.90it/s][A

 65%|██████▌   | 17/26 [00:00<00:00, 31.26it/s][A

 81%|████████  | 21/26 [00:00<00:00, 31.30it/s][A

 96%|█████████▌| 25/26 [00:00<00:00, 30.87it/s][A

                                               
[A
                                                 

100%|██████████| 26/26 [00:00<00:00, 30.87it/s][A
 17%|█▋        | 130/780 [01:13<04:15,  2.55it/s]

                                               [A{'eval_loss': 0.32039234042167664, 'eval_macro_recall': 0.8737026239067055, 'eval_macro_precision': 0.8585906944777874, 'eval_macro_f1': 0.8585143091093441, 'eval_accuracy': 0.9538834951456311, 'eval_micro_recall': 0.9538834951456311, 'eval_micro_precision': 0.9538834951456311, 'eval_micro_f1': 0.9538834951456311, 'eval_runtime': 1.1948, 'eval_samples_per_second': 689.642, 'eval_steps_per_second': 21.761, 'epoch': 5.0}

 17%|█▋        | 131/780 [01:18<22:57,  2.12s/it]
 17%|█▋        | 132/780 [01:19<17:21,  1.61s/it]
 17%|█▋        | 133/780 [01:19<13:26,  1.25s/it]
 17%|█▋        | 134/780 [01:19<10:42,  1.01it/s]
 17%|█▋        | 135/780 [01:20<08:47,  1.22it/s]
 17%|█▋        | 136/780 [01:20<07:28,  1.44it/s]
 18%|█▊        | 137/780 [01:21<06:31,  1.64it/s]
 18%|█▊        | 138/780 [01:21<05:51,  1.82it/s]
 18%|█▊        | 139/780 [01:21<05:23,  1.98it/s]
 18%|█▊        | 140/780 [01:22<05:04,  2.10it/s]
 18%|█▊        | 141/780 [01:22<04:50,  2.20it/s]
 18%|█▊        | 142/780 [01:23<04:40,  2.27it/s]
 18%|█▊        | 143/780 [01:23<04:34,  2.32it/s]
 18%|█▊        | 144/780 [01:23<04:30,  2.35it/s]
 19%|█▊        | 145/780 [01:24<04:26,  2.38it/s]
 19%|█▊        | 146/780 [01:24<04:23,  2.41it/s]
 19%|█▉        | 147/780 [01:25<04:21,  2.43it/s]
 19%|█▉        | 148/780 [01:25<04:19,  2.43it/s]
 19%|█▉        | 149/780 [01:25<04:19,  2.44it/s]
 19%|█▉        | 150/780 [01:26<04:18,  2.44it/s]
 19%|█▉        | 151/780 [01:26<04:16,  2.45it/s]
 19%|█▉        | 152/780 [01:27<04:15,  2.45it/s]
 20%|█▉        | 153/780 [01:27<04:15,  2.45it/s]
 20%|█▉        | 154/780 [01:28<04:15,  2.45it/s]
 20%|█▉        | 155/780 [01:28<04:15,  2.45it/s]
 20%|██        | 156/780 [01:28<04:04,  2.55it/s]
                                                 

 20%|██        | 156/780 [01:28<04:04,  2.55it/s]{'loss': 0.2904, 'grad_norm': 2.225370407104492, 'learning_rate': 4e-05, 'epoch': 6.0}


  0%|          | 0/26 [00:00<?, ?it/s][A

 19%|█▉        | 5/26 [00:00<00:00, 38.33it/s][A

 35%|███▍      | 9/26 [00:00<00:00, 33.59it/s][A

 50%|█████     | 13/26 [00:00<00:00, 32.03it/s][A

 65%|██████▌   | 17/26 [00:00<00:00, 31.41it/s][A

 81%|████████  | 21/26 [00:00<00:00, 31.48it/s][A

 96%|█████████▌| 25/26 [00:00<00:00, 31.02it/s][A

                                               
[A
                                                 

100%|██████████| 26/26 [00:00<00:00, 31.02it/s][A
 20%|██        | 156/780 [01:30<04:04,  2.55it/s]

                                               [A{'eval_loss': 0.23004920780658722, 'eval_macro_recall': 0.8896271755455429, 'eval_macro_precision': 0.8924313866359823, 'eval_macro_f1': 0.8804498239986085, 'eval_accuracy': 0.9611650485436893, 'eval_micro_recall': 0.9611650485436893, 'eval_micro_precision': 0.9611650485436893, 'eval_micro_f1': 0.9611650485436893, 'eval_runtime': 1.1606, 'eval_samples_per_second': 710.0, 'eval_steps_per_second': 22.403, 'epoch': 6.0}

 20%|██        | 157/780 [01:33<18:02,  1.74s/it]
 20%|██        | 158/780 [01:34<13:52,  1.34s/it]
 20%|██        | 159/780 [01:34<10:57,  1.06s/it]
 21%|██        | 160/780 [01:34<08:55,  1.16it/s]
 21%|██        | 161/780 [01:35<07:29,  1.38it/s]
 21%|██        | 162/780 [01:35<06:29,  1.59it/s]
 21%|██        | 163/780 [01:36<05:47,  1.78it/s]
 21%|██        | 164/780 [01:36<05:17,  1.94it/s]
 21%|██        | 165/780 [01:36<04:57,  2.07it/s]
 21%|██▏       | 166/780 [01:37<04:43,  2.17it/s]
 21%|██▏       | 167/780 [01:37<04:32,  2.25it/s]
 22%|██▏       | 168/780 [01:38<04:25,  2.31it/s]
 22%|██▏       | 169/780 [01:38<04:19,  2.35it/s]
 22%|██▏       | 170/780 [01:38<04:16,  2.38it/s]
 22%|██▏       | 171/780 [01:39<04:13,  2.40it/s]
 22%|██▏       | 172/780 [01:39<04:11,  2.41it/s]
 22%|██▏       | 173/780 [01:40<04:10,  2.42it/s]
 22%|██▏       | 174/780 [01:40<04:08,  2.44it/s]
 22%|██▏       | 175/780 [01:40<04:07,  2.44it/s]
 23%|██▎       | 176/780 [01:41<04:07,  2.45it/s]
 23%|██▎       | 177/780 [01:41<04:06,  2.44it/s]
 23%|██▎       | 178/780 [01:42<04:06,  2.44it/s]
 23%|██▎       | 179/780 [01:42<04:05,  2.45it/s]
 23%|██▎       | 180/780 [01:43<04:04,  2.45it/s]
 23%|██▎       | 181/780 [01:43<04:03,  2.46it/s]
 23%|██▎       | 182/780 [01:43<03:54,  2.55it/s]
                                                 

 23%|██▎       | 182/780 [01:43<03:54,  2.55it/s]{'loss': 0.2118, 'grad_norm': 1.1958380937576294, 'learning_rate': 3.8333333333333334e-05, 'epoch': 7.0}


  0%|          | 0/26 [00:00<?, ?it/s][A

 19%|█▉        | 5/26 [00:00<00:00, 37.95it/s][A

 35%|███▍      | 9/26 [00:00<00:00, 33.43it/s][A

 50%|█████     | 13/26 [00:00<00:00, 32.06it/s][A

 65%|██████▌   | 17/26 [00:00<00:00, 31.40it/s][A

 81%|████████  | 21/26 [00:00<00:00, 31.42it/s][A

 96%|█████████▌| 25/26 [00:00<00:00, 31.02it/s][A

                                               
[A
                                                 

100%|██████████| 26/26 [00:01<00:00, 31.02it/s][A
 23%|██▎       | 182/780 [01:45<03:54,  2.55it/s]

                                               [A{'eval_loss': 0.173250213265419, 'eval_macro_recall': 0.9139623641664458, 'eval_macro_precision': 0.9163411099315522, 'eval_macro_f1': 0.9125277050101672, 'eval_accuracy': 0.9769417475728155, 'eval_micro_recall': 0.9769417475728155, 'eval_micro_precision': 0.9769417475728155, 'eval_micro_f1': 0.9769417475728155, 'eval_runtime': 1.1329, 'eval_samples_per_second': 727.312, 'eval_steps_per_second': 22.949, 'epoch': 7.0}

 23%|██▎       | 183/780 [01:48<18:16,  1.84s/it]
 24%|██▎       | 184/780 [01:49<13:59,  1.41s/it]
 24%|██▎       | 185/780 [01:49<10:59,  1.11s/it]
 24%|██▍       | 186/780 [01:50<08:53,  1.11it/s]
 24%|██▍       | 187/780 [01:50<07:25,  1.33it/s]
 24%|██▍       | 188/780 [01:51<06:23,  1.54it/s]
 24%|██▍       | 189/780 [01:51<05:40,  1.73it/s]
 24%|██▍       | 190/780 [01:51<05:10,  1.90it/s]
 24%|██▍       | 191/780 [01:52<04:48,  2.04it/s]
 25%|██▍       | 192/780 [01:52<04:32,  2.15it/s]
 25%|██▍       | 193/780 [01:53<04:22,  2.24it/s]
 25%|██▍       | 194/780 [01:53<04:14,  2.30it/s]
 25%|██▌       | 195/780 [01:53<04:09,  2.34it/s]
 25%|██▌       | 196/780 [01:54<04:06,  2.37it/s]
 25%|██▌       | 197/780 [01:54<04:03,  2.39it/s]
 25%|██▌       | 198/780 [01:55<04:00,  2.42it/s]
 26%|██▌       | 199/780 [01:55<04:00,  2.42it/s]
 26%|██▌       | 200/780 [01:55<03:59,  2.43it/s]
 26%|██▌       | 201/780 [01:56<03:57,  2.44it/s]
 26%|██▌       | 202/780 [01:56<03:56,  2.45it/s]
 26%|██▌       | 203/780 [01:57<03:55,  2.45it/s]
 26%|██▌       | 204/780 [01:57<03:55,  2.45it/s]
 26%|██▋       | 205/780 [01:57<03:55,  2.45it/s]
 26%|██▋       | 206/780 [01:58<03:54,  2.45it/s]
 27%|██▋       | 207/780 [01:58<03:53,  2.45it/s]
 27%|██▋       | 208/780 [01:59<04:39,  2.04it/s]
                                                 

 27%|██▋       | 208/780 [01:59<04:39,  2.04it/s]{'loss': 0.1598, 'grad_norm': 0.9142352342605591, 'learning_rate': 3.6666666666666666e-05, 'epoch': 8.0}


  0%|          | 0/26 [00:00<?, ?it/s][A

 19%|█▉        | 5/26 [00:00<00:00, 38.49it/s][A

 35%|███▍      | 9/26 [00:00<00:00, 33.46it/s][A

 50%|█████     | 13/26 [00:00<00:00, 31.99it/s][A

 65%|██████▌   | 17/26 [00:00<00:00, 31.32it/s][A

 81%|████████  | 21/26 [00:00<00:00, 31.37it/s][A

 96%|█████████▌| 25/26 [00:00<00:00, 30.92it/s][A

                                               
[A
                                                 

100%|██████████| 26/26 [00:01<00:00, 30.92it/s][A
 27%|██▋       | 208/780 [02:01<04:39,  2.04it/s]

                                               [A{'eval_loss': 0.13237465918064117, 'eval_macro_recall': 0.9120143122183938, 'eval_macro_precision': 0.9185548053270658, 'eval_macro_f1': 0.9087992905674671, 'eval_accuracy': 0.9757281553398058, 'eval_micro_recall': 0.9757281553398058, 'eval_micro_precision': 0.9757281553398058, 'eval_micro_f1': 0.9757281553398058, 'eval_runtime': 1.1404, 'eval_samples_per_second': 722.546, 'eval_steps_per_second': 22.799, 'epoch': 8.0}

 27%|██▋       | 209/780 [02:04<17:49,  1.87s/it]
 27%|██▋       | 210/780 [02:04<13:36,  1.43s/it]
 27%|██▋       | 211/780 [02:05<10:40,  1.13s/it]
 27%|██▋       | 212/780 [02:05<08:36,  1.10it/s]
 27%|██▋       | 213/780 [02:06<07:09,  1.32it/s]
 27%|██▋       | 214/780 [02:06<06:10,  1.53it/s]
 28%|██▊       | 215/780 [02:07<05:27,  1.72it/s]
 28%|██▊       | 216/780 [02:07<04:57,  1.89it/s]
 28%|██▊       | 217/780 [02:07<04:36,  2.04it/s]
 28%|██▊       | 218/780 [02:08<04:21,  2.15it/s]
 28%|██▊       | 219/780 [02:08<04:11,  2.23it/s]
 28%|██▊       | 220/780 [02:09<04:04,  2.29it/s]
 28%|██▊       | 221/780 [02:09<03:59,  2.33it/s]
 28%|██▊       | 222/780 [02:09<03:55,  2.37it/s]
 29%|██▊       | 223/780 [02:10<03:52,  2.40it/s]
 29%|██▊       | 224/780 [02:10<03:50,  2.41it/s]
 29%|██▉       | 225/780 [02:11<03:49,  2.42it/s]
 29%|██▉       | 226/780 [02:11<03:48,  2.43it/s]
 29%|██▉       | 227/780 [02:11<03:47,  2.43it/s]
 29%|██▉       | 228/780 [02:12<03:46,  2.43it/s]
 29%|██▉       | 229/780 [02:12<03:46,  2.44it/s]
 29%|██▉       | 230/780 [02:13<03:45,  2.44it/s]
 30%|██▉       | 231/780 [02:13<03:45,  2.44it/s]
 30%|██▉       | 232/780 [02:13<03:44,  2.44it/s]
 30%|██▉       | 233/780 [02:14<03:44,  2.44it/s]
 30%|███       | 234/780 [02:14<03:33,  2.56it/s]
                                                 

 30%|███       | 234/780 [02:14<03:33,  2.56it/s]{'loss': 0.1158, 'grad_norm': 0.8091437220573425, 'learning_rate': 3.5e-05, 'epoch': 9.0}


  0%|          | 0/26 [00:00<?, ?it/s][A

 19%|█▉        | 5/26 [00:00<00:00, 38.10it/s][A

 35%|███▍      | 9/26 [00:00<00:00, 33.39it/s][A

 50%|█████     | 13/26 [00:00<00:00, 31.90it/s][A

 65%|██████▌   | 17/26 [00:00<00:00, 31.26it/s][A

 81%|████████  | 21/26 [00:00<00:00, 31.33it/s][A

 96%|█████████▌| 25/26 [00:00<00:00, 30.89it/s][A

                                               
[A
                                                 

100%|██████████| 26/26 [00:01<00:00, 30.89it/s][A
 30%|███       | 234/780 [02:16<03:33,  2.56it/s]

                                               [A{'eval_loss': 0.11789859086275101, 'eval_macro_recall': 0.954342552810598, 'eval_macro_precision': 0.9443882010000432, 'eval_macro_f1': 0.9484167544819807, 'eval_accuracy': 0.9793689320388349, 'eval_micro_recall': 0.9793689320388349, 'eval_micro_precision': 0.9793689320388349, 'eval_micro_f1': 0.9793689320388349, 'eval_runtime': 1.2019, 'eval_samples_per_second': 685.571, 'eval_steps_per_second': 21.632, 'epoch': 9.0}

 30%|███       | 235/780 [02:20<17:01,  1.87s/it]
 30%|███       | 236/780 [02:20<12:59,  1.43s/it]
 30%|███       | 237/780 [02:20<10:10,  1.12s/it]
 31%|███       | 238/780 [02:21<08:13,  1.10it/s]
 31%|███       | 239/780 [02:21<06:50,  1.32it/s]
 31%|███       | 240/780 [02:22<05:53,  1.53it/s]
 31%|███       | 241/780 [02:22<05:12,  1.72it/s]
 31%|███       | 242/780 [02:22<04:44,  1.89it/s]
 31%|███       | 243/780 [02:23<04:24,  2.03it/s]
 31%|███▏      | 244/780 [02:23<04:10,  2.14it/s]
 31%|███▏      | 245/780 [02:24<04:00,  2.22it/s]
 32%|███▏      | 246/780 [02:24<03:53,  2.29it/s]
 32%|███▏      | 247/780 [02:24<03:47,  2.34it/s]
 32%|███▏      | 248/780 [02:25<03:43,  2.38it/s]
 32%|███▏      | 249/780 [02:25<03:41,  2.40it/s]
 32%|███▏      | 250/780 [02:26<03:39,  2.41it/s]
 32%|███▏      | 251/780 [02:26<03:38,  2.42it/s]
 32%|███▏      | 252/780 [02:26<03:37,  2.43it/s]
 32%|███▏      | 253/780 [02:27<03:35,  2.44it/s]
 33%|███▎      | 254/780 [02:27<03:35,  2.45it/s]
 33%|███▎      | 255/780 [02:28<03:34,  2.45it/s]
 33%|███▎      | 256/780 [02:28<03:34,  2.45it/s]
 33%|███▎      | 257/780 [02:29<03:34,  2.44it/s]
 33%|███▎      | 258/780 [02:29<03:33,  2.45it/s]
 33%|███▎      | 259/780 [02:29<03:32,  2.45it/s]
 33%|███▎      | 260/780 [02:30<03:24,  2.55it/s]
                                                 

 33%|███▎      | 260/780 [02:30<03:24,  2.55it/s]{'loss': 0.0911, 'grad_norm': 0.8219470977783203, 'learning_rate': 3.3333333333333335e-05, 'epoch': 10.0}


  0%|          | 0/26 [00:00<?, ?it/s][A

 19%|█▉        | 5/26 [00:00<00:00, 37.78it/s][A

 35%|███▍      | 9/26 [00:00<00:00, 33.26it/s][A

 50%|█████     | 13/26 [00:00<00:00, 31.79it/s][A

 65%|██████▌   | 17/26 [00:00<00:00, 31.06it/s][A

 81%|████████  | 21/26 [00:00<00:00, 31.12it/s][A

 96%|█████████▌| 25/26 [00:00<00:00, 30.72it/s][A

                                               
[A
                                                 

100%|██████████| 26/26 [00:00<00:00, 30.72it/s][A
 33%|███▎      | 260/780 [02:31<03:24,  2.55it/s]

                                               [A{'eval_loss': 0.09614741057157516, 'eval_macro_recall': 0.937197632299673, 'eval_macro_precision': 0.9344982290436835, 'eval_macro_f1': 0.9346096482626542, 'eval_accuracy': 0.9830097087378641, 'eval_micro_recall': 0.9830097087378641, 'eval_micro_precision': 0.9830097087378641, 'eval_micro_f1': 0.9830097087378641, 'eval_runtime': 1.1335, 'eval_samples_per_second': 726.928, 'eval_steps_per_second': 22.937, 'epoch': 10.0}

 33%|███▎      | 261/780 [02:35<15:24,  1.78s/it]
 34%|███▎      | 262/780 [02:35<11:48,  1.37s/it]
 34%|███▎      | 263/780 [02:36<09:17,  1.08s/it]
 34%|███▍      | 264/780 [02:36<07:32,  1.14it/s]
 34%|███▍      | 265/780 [02:36<06:19,  1.36it/s]
 34%|███▍      | 266/780 [02:37<05:28,  1.57it/s]
 34%|███▍      | 267/780 [02:37<04:51,  1.76it/s]
 34%|███▍      | 268/780 [02:38<04:26,  1.92it/s]
 34%|███▍      | 269/780 [02:38<04:08,  2.05it/s]
 35%|███▍      | 270/780 [02:38<03:56,  2.16it/s]
 35%|███▍      | 271/780 [02:39<03:47,  2.24it/s]
 35%|███▍      | 272/780 [02:39<03:41,  2.30it/s]
 35%|███▌      | 273/780 [02:40<03:36,  2.34it/s]
 35%|███▌      | 274/780 [02:40<03:33,  2.37it/s]
 35%|███▌      | 275/780 [02:40<03:30,  2.39it/s]
 35%|███▌      | 276/780 [02:41<03:29,  2.41it/s]
 36%|███▌      | 277/780 [02:41<03:27,  2.43it/s]
 36%|███▌      | 278/780 [02:42<03:25,  2.44it/s]
 36%|███▌      | 279/780 [02:42<03:25,  2.44it/s]
 36%|███▌      | 280/780 [02:42<03:24,  2.44it/s]
 36%|███▌      | 281/780 [02:43<03:24,  2.44it/s]
 36%|███▌      | 282/780 [02:43<03:23,  2.45it/s]
 36%|███▋      | 283/780 [02:44<03:22,  2.45it/s]
 36%|███▋      | 284/780 [02:44<03:22,  2.45it/s]
 37%|███▋      | 285/780 [02:44<03:22,  2.45it/s]
 37%|███▋      | 286/780 [02:45<03:16,  2.51it/s]
                                                 

 37%|███▋      | 286/780 [02:45<03:16,  2.51it/s]{'loss': 0.0754, 'grad_norm': 2.276768922805786, 'learning_rate': 3.1666666666666666e-05, 'epoch': 11.0}


  0%|          | 0/26 [00:00<?, ?it/s][A

 19%|█▉        | 5/26 [00:00<00:00, 37.88it/s][A

 35%|███▍      | 9/26 [00:00<00:00, 33.26it/s][A

 50%|█████     | 13/26 [00:00<00:00, 31.81it/s][A

 65%|██████▌   | 17/26 [00:00<00:00, 31.14it/s][A

 81%|████████  | 21/26 [00:00<00:00, 31.19it/s][A

 96%|█████████▌| 25/26 [00:00<00:00, 30.74it/s][A

                                               
[A
                                                 

100%|██████████| 26/26 [00:00<00:00, 30.74it/s][A
 37%|███▋      | 286/780 [02:46<03:16,  2.51it/s]

                                               [A{'eval_loss': 0.09564908593893051, 'eval_macro_recall': 0.9607133906194057, 'eval_macro_precision': 0.9596858623832307, 'eval_macro_f1': 0.9584124176641173, 'eval_accuracy': 0.9830097087378641, 'eval_micro_recall': 0.9830097087378641, 'eval_micro_precision': 0.9830097087378641, 'eval_micro_f1': 0.9830097087378641, 'eval_runtime': 1.1422, 'eval_samples_per_second': 721.443, 'eval_steps_per_second': 22.764, 'epoch': 11.0}

 37%|███▋      | 287/780 [02:50<13:54,  1.69s/it]
 37%|███▋      | 288/780 [02:50<10:42,  1.31s/it]
 37%|███▋      | 289/780 [02:50<08:28,  1.04s/it]
 37%|███▋      | 290/780 [02:51<06:54,  1.18it/s]
 37%|███▋      | 291/780 [02:51<05:49,  1.40it/s]
 37%|███▋      | 292/780 [02:52<05:04,  1.60it/s]
 38%|███▊      | 293/780 [02:52<04:32,  1.79it/s]
 38%|███▊      | 294/780 [02:52<04:09,  1.95it/s]
 38%|███▊      | 295/780 [02:53<03:53,  2.08it/s]
 38%|███▊      | 296/780 [02:53<03:42,  2.18it/s]
 38%|███▊      | 297/780 [02:54<03:34,  2.26it/s]
 38%|███▊      | 298/780 [02:54<03:28,  2.31it/s]
 38%|███▊      | 299/780 [02:54<03:25,  2.35it/s]
 38%|███▊      | 300/780 [02:55<03:22,  2.37it/s]
 39%|███▊      | 301/780 [02:55<03:19,  2.40it/s]
 39%|███▊      | 302/780 [02:56<03:17,  2.42it/s]
 39%|███▉      | 303/780 [02:56<03:17,  2.42it/s]
 39%|███▉      | 304/780 [02:57<03:16,  2.43it/s]
 39%|███▉      | 305/780 [02:57<03:15,  2.43it/s]
 39%|███▉      | 306/780 [02:57<03:14,  2.44it/s]
 39%|███▉      | 307/780 [02:58<03:13,  2.44it/s]
 39%|███▉      | 308/780 [02:58<03:13,  2.44it/s]
 40%|███▉      | 309/780 [02:59<03:12,  2.44it/s]
 40%|███▉      | 310/780 [02:59<03:12,  2.45it/s]
 40%|███▉      | 311/780 [02:59<03:11,  2.45it/s]
 40%|████      | 312/780 [03:00<03:03,  2.55it/s]
                                                 

 40%|████      | 312/780 [03:00<03:03,  2.55it/s]{'loss': 0.069, 'grad_norm': 1.1458808183670044, 'learning_rate': 3e-05, 'epoch': 12.0}


  0%|          | 0/26 [00:00<?, ?it/s][A

 19%|█▉        | 5/26 [00:00<00:00, 37.64it/s][A

 35%|███▍      | 9/26 [00:00<00:00, 33.12it/s][A

 50%|█████     | 13/26 [00:00<00:00, 31.70it/s][A

 65%|██████▌   | 17/26 [00:00<00:00, 31.13it/s][A

 81%|████████  | 21/26 [00:00<00:00, 31.21it/s][A

 96%|█████████▌| 25/26 [00:00<00:00, 30.81it/s][A

                                               
[A
                                                 

100%|██████████| 26/26 [00:00<00:00, 30.81it/s][A
 40%|████      | 312/780 [03:01<03:03,  2.55it/s]

                                               [A{'eval_loss': 0.0959191545844078, 'eval_macro_recall': 0.9580818116720372, 'eval_macro_precision': 0.9560674413305991, 'eval_macro_f1': 0.9552133841776138, 'eval_accuracy': 0.9817961165048543, 'eval_micro_recall': 0.9817961165048543, 'eval_micro_precision': 0.9817961165048543, 'eval_micro_f1': 0.9817961165048543, 'eval_runtime': 1.1336, 'eval_samples_per_second': 726.893, 'eval_steps_per_second': 22.936, 'epoch': 12.0}

 40%|████      | 313/780 [03:04<13:06,  1.68s/it]
 40%|████      | 314/780 [03:05<10:06,  1.30s/it]
 40%|████      | 315/780 [03:05<08:00,  1.03s/it]
 41%|████      | 316/780 [03:06<06:32,  1.18it/s]
 41%|████      | 317/780 [03:06<05:30,  1.40it/s]
 41%|████      | 318/780 [03:06<04:47,  1.61it/s]
 41%|████      | 319/780 [03:07<04:17,  1.79it/s]
 41%|████      | 320/780 [03:07<03:55,  1.95it/s]
 41%|████      | 321/780 [03:08<03:41,  2.07it/s]
 41%|████▏     | 322/780 [03:08<03:30,  2.17it/s]
 41%|████▏     | 323/780 [03:09<03:23,  2.25it/s]
 42%|████▏     | 324/780 [03:09<03:17,  2.31it/s]
 42%|████▏     | 325/780 [03:09<03:13,  2.35it/s]
 42%|████▏     | 326/780 [03:10<03:11,  2.37it/s]
 42%|████▏     | 327/780 [03:10<03:09,  2.39it/s]
 42%|████▏     | 328/780 [03:11<03:07,  2.41it/s]
 42%|████▏     | 329/780 [03:11<03:05,  2.43it/s]
 42%|████▏     | 330/780 [03:11<03:05,  2.43it/s]
 42%|████▏     | 331/780 [03:12<03:04,  2.43it/s]
 43%|████▎     | 332/780 [03:12<03:03,  2.44it/s]
 43%|████▎     | 333/780 [03:13<03:03,  2.44it/s]
 43%|████▎     | 334/780 [03:13<03:02,  2.44it/s]
 43%|████▎     | 335/780 [03:13<03:02,  2.44it/s]
 43%|████▎     | 336/780 [03:14<03:01,  2.44it/s]
 43%|████▎     | 337/780 [03:14<03:01,  2.45it/s]
 43%|████▎     | 338/780 [03:15<02:53,  2.54it/s]
                                                 

 43%|████▎     | 338/780 [03:15<02:53,  2.54it/s]{'loss': 0.0593, 'grad_norm': 0.6336979269981384, 'learning_rate': 2.8333333333333335e-05, 'epoch': 13.0}


  0%|          | 0/26 [00:00<?, ?it/s][A

 19%|█▉        | 5/26 [00:00<00:00, 37.99it/s][A

 35%|███▍      | 9/26 [00:00<00:00, 33.31it/s][A

 50%|█████     | 13/26 [00:00<00:00, 31.79it/s][A

 65%|██████▌   | 17/26 [00:00<00:00, 31.14it/s][A

 81%|████████  | 21/26 [00:00<00:00, 31.21it/s][A

 96%|█████████▌| 25/26 [00:00<00:00, 30.81it/s][A

                                               
[A
                                                 

100%|██████████| 26/26 [00:00<00:00, 30.81it/s][A
 43%|████▎     | 338/780 [03:16<02:53,  2.54it/s]

                                               [A{'eval_loss': 0.08414770662784576, 'eval_macro_recall': 0.9585092194772648, 'eval_macro_precision': 0.9573082048139256, 'eval_macro_f1': 0.9578541100519139, 'eval_accuracy': 0.9793689320388349, 'eval_micro_recall': 0.9793689320388349, 'eval_micro_precision': 0.9793689320388349, 'eval_micro_f1': 0.9793689320388349, 'eval_runtime': 1.1603, 'eval_samples_per_second': 710.14, 'eval_steps_per_second': 22.407, 'epoch': 13.0}

 43%|████▎     | 339/780 [03:19<12:27,  1.70s/it]
 44%|████▎     | 340/780 [03:20<09:35,  1.31s/it]
 44%|████▎     | 341/780 [03:20<07:35,  1.04s/it]
 44%|████▍     | 342/780 [03:21<06:12,  1.18it/s]
 44%|████▍     | 343/780 [03:21<05:13,  1.39it/s]
 44%|████▍     | 344/780 [03:21<04:32,  1.60it/s]
 44%|████▍     | 345/780 [03:22<04:03,  1.79it/s]
 44%|████▍     | 346/780 [03:22<03:43,  1.94it/s]
 44%|████▍     | 347/780 [03:23<03:29,  2.07it/s]
 45%|████▍     | 348/780 [03:23<03:18,  2.17it/s]
 45%|████▍     | 349/780 [03:23<03:11,  2.25it/s]
 45%|████▍     | 350/780 [03:24<03:06,  2.31it/s]
 45%|████▌     | 351/780 [03:24<03:02,  2.35it/s]
 45%|████▌     | 352/780 [03:25<03:00,  2.37it/s]
 45%|████▌     | 353/780 [03:25<02:58,  2.39it/s]
 45%|████▌     | 354/780 [03:25<02:56,  2.41it/s]
 46%|████▌     | 355/780 [03:26<02:55,  2.42it/s]
 46%|████▌     | 356/780 [03:26<02:54,  2.43it/s]
 46%|████▌     | 357/780 [03:27<02:54,  2.43it/s]
 46%|████▌     | 358/780 [03:27<02:53,  2.44it/s]
 46%|████▌     | 359/780 [03:27<02:52,  2.44it/s]
 46%|████▌     | 360/780 [03:28<02:52,  2.43it/s]
 46%|████▋     | 361/780 [03:28<02:51,  2.44it/s]
 46%|████▋     | 362/780 [03:29<02:51,  2.44it/s]
 47%|████▋     | 363/780 [03:29<02:50,  2.44it/s]
 47%|████▋     | 364/780 [03:29<02:44,  2.53it/s]
                                                 

 47%|████▋     | 364/780 [03:30<02:44,  2.53it/s]{'loss': 0.05, 'grad_norm': 0.5563757419586182, 'learning_rate': 2.6666666666666667e-05, 'epoch': 14.0}


  0%|          | 0/26 [00:00<?, ?it/s][A

 19%|█▉        | 5/26 [00:00<00:00, 37.83it/s][A

 35%|███▍      | 9/26 [00:00<00:00, 33.24it/s][A

 50%|█████     | 13/26 [00:00<00:00, 31.82it/s][A

 65%|██████▌   | 17/26 [00:00<00:00, 31.17it/s][A

 81%|████████  | 21/26 [00:00<00:00, 31.26it/s][A

 96%|█████████▌| 25/26 [00:00<00:00, 30.85it/s][A

                                               
[A
                                                 

100%|██████████| 26/26 [00:00<00:00, 30.85it/s][A
 47%|████▋     | 364/780 [03:31<02:44,  2.53it/s]

                                               [A{'eval_loss': 0.09550442546606064, 'eval_macro_recall': 0.9599078052273541, 'eval_macro_precision': 0.956665912323807, 'eval_macro_f1': 0.9575769478916382, 'eval_accuracy': 0.9793689320388349, 'eval_micro_recall': 0.9793689320388349, 'eval_micro_precision': 0.9793689320388349, 'eval_micro_f1': 0.9793689320388349, 'eval_runtime': 1.1365, 'eval_samples_per_second': 725.013, 'eval_steps_per_second': 22.877, 'epoch': 14.0}

 47%|████▋     | 365/780 [03:34<11:44,  1.70s/it]
 47%|████▋     | 366/780 [03:35<09:02,  1.31s/it]
 47%|████▋     | 367/780 [03:35<07:09,  1.04s/it]
 47%|████▋     | 368/780 [03:35<05:49,  1.18it/s]
 47%|████▋     | 369/780 [03:36<04:54,  1.39it/s]
 47%|████▋     | 370/780 [03:36<04:16,  1.60it/s]
 48%|████▊     | 371/780 [03:37<03:49,  1.78it/s]
 48%|████▊     | 372/780 [03:37<03:29,  1.95it/s]
 48%|████▊     | 373/780 [03:37<03:16,  2.08it/s]
 48%|████▊     | 374/780 [03:38<03:06,  2.17it/s]
 48%|████▊     | 375/780 [03:38<03:00,  2.25it/s]
 48%|████▊     | 376/780 [03:39<02:55,  2.30it/s]
 48%|████▊     | 377/780 [03:39<02:51,  2.35it/s]
 48%|████▊     | 378/780 [03:40<02:49,  2.37it/s]
 49%|████▊     | 379/780 [03:40<02:47,  2.39it/s]
 49%|████▊     | 380/780 [03:40<02:45,  2.41it/s]
 49%|████▉     | 381/780 [03:41<02:44,  2.43it/s]
 49%|████▉     | 382/780 [03:41<02:43,  2.43it/s]
 49%|████▉     | 383/780 [03:42<02:43,  2.43it/s]
 49%|████▉     | 384/780 [03:42<02:42,  2.44it/s]
 49%|████▉     | 385/780 [03:42<02:41,  2.44it/s]
 49%|████▉     | 386/780 [03:43<02:41,  2.44it/s]
 50%|████▉     | 387/780 [03:43<02:41,  2.44it/s]
 50%|████▉     | 388/780 [03:44<02:40,  2.44it/s]
 50%|████▉     | 389/780 [03:44<02:39,  2.45it/s]
 50%|█████     | 390/780 [03:44<02:33,  2.55it/s]
                                                 

 50%|█████     | 390/780 [03:44<02:33,  2.55it/s]{'loss': 0.0459, 'grad_norm': 1.2136479616165161, 'learning_rate': 2.5e-05, 'epoch': 15.0}


  0%|          | 0/26 [00:00<?, ?it/s][A

 19%|█▉        | 5/26 [00:00<00:00, 37.82it/s][A

 35%|███▍      | 9/26 [00:00<00:00, 33.25it/s][A

 50%|█████     | 13/26 [00:00<00:00, 31.87it/s][A

 65%|██████▌   | 17/26 [00:00<00:00, 31.23it/s][A

 81%|████████  | 21/26 [00:00<00:00, 31.28it/s][A

 96%|█████████▌| 25/26 [00:00<00:00, 30.88it/s][A

                                               
[A
                                                 

100%|██████████| 26/26 [00:00<00:00, 30.88it/s][A
 50%|█████     | 390/780 [03:46<02:33,  2.55it/s]

                                               [A{'eval_loss': 0.08419481664896011, 'eval_macro_recall': 0.9601651450053705, 'eval_macro_precision': 0.9608514840116471, 'eval_macro_f1': 0.9560976252514112, 'eval_accuracy': 0.9817961165048543, 'eval_micro_recall': 0.9817961165048543, 'eval_micro_precision': 0.9817961165048543, 'eval_micro_f1': 0.9817961165048543, 'eval_runtime': 1.1361, 'eval_samples_per_second': 725.305, 'eval_steps_per_second': 22.886, 'epoch': 15.0}

 50%|█████     | 391/780 [03:49<10:49,  1.67s/it]
 50%|█████     | 392/780 [03:49<08:20,  1.29s/it]
 50%|█████     | 393/780 [03:50<06:37,  1.03s/it]
 51%|█████     | 394/780 [03:50<05:24,  1.19it/s]
 51%|█████     | 395/780 [03:51<04:33,  1.41it/s]
 51%|█████     | 396/780 [03:51<03:57,  1.62it/s]
 51%|█████     | 397/780 [03:51<03:32,  1.80it/s]
 51%|█████     | 398/780 [03:52<03:15,  1.96it/s]
 51%|█████     | 399/780 [03:52<03:03,  2.08it/s]
 51%|█████▏    | 400/780 [03:53<02:54,  2.18it/s]
 51%|█████▏    | 401/780 [03:53<02:48,  2.25it/s]
 52%|█████▏    | 402/780 [03:54<02:43,  2.31it/s]
 52%|█████▏    | 403/780 [03:54<02:40,  2.35it/s]
 52%|█████▏    | 404/780 [03:54<02:37,  2.38it/s]
 52%|█████▏    | 405/780 [03:55<02:36,  2.40it/s]
 52%|█████▏    | 406/780 [03:55<02:35,  2.41it/s]
 52%|█████▏    | 407/780 [03:56<02:33,  2.42it/s]
 52%|█████▏    | 408/780 [03:56<02:32,  2.43it/s]
 52%|█████▏    | 409/780 [03:56<02:32,  2.43it/s]
 53%|█████▎    | 410/780 [03:57<02:31,  2.44it/s]
 53%|█████▎    | 411/780 [03:57<02:31,  2.44it/s]
 53%|█████▎    | 412/780 [03:58<02:30,  2.45it/s]
 53%|█████▎    | 413/780 [03:58<02:29,  2.45it/s]
 53%|█████▎    | 414/780 [03:58<02:29,  2.44it/s]
 53%|█████▎    | 415/780 [03:59<02:29,  2.44it/s]
 53%|█████▎    | 416/780 [03:59<02:22,  2.55it/s]
                                                 

 53%|█████▎    | 416/780 [03:59<02:22,  2.55it/s]{'loss': 0.0392, 'grad_norm': 0.5067595839500427, 'learning_rate': 2.3333333333333336e-05, 'epoch': 16.0}


  0%|          | 0/26 [00:00<?, ?it/s][A

 19%|█▉        | 5/26 [00:00<00:00, 38.12it/s][A

 35%|███▍      | 9/26 [00:00<00:00, 33.29it/s][A

 50%|█████     | 13/26 [00:00<00:00, 31.88it/s][A

 65%|██████▌   | 17/26 [00:00<00:00, 31.28it/s][A

 81%|████████  | 21/26 [00:00<00:00, 31.38it/s][A

 96%|█████████▌| 25/26 [00:00<00:00, 30.88it/s][A

                                               
[A
                                                 

100%|██████████| 26/26 [00:00<00:00, 30.88it/s][A
 53%|█████▎    | 416/780 [04:00<02:22,  2.55it/s]

                                               [A{'eval_loss': 0.0770503506064415, 'eval_macro_recall': 0.9636134980307913, 'eval_macro_precision': 0.9592186382885112, 'eval_macro_f1': 0.9601080375854789, 'eval_accuracy': 0.9854368932038835, 'eval_micro_recall': 0.9854368932038835, 'eval_micro_precision': 0.9854368932038835, 'eval_micro_f1': 0.9854368932038835, 'eval_runtime': 1.1338, 'eval_samples_per_second': 726.738, 'eval_steps_per_second': 22.931, 'epoch': 16.0}

 53%|█████▎    | 417/780 [04:04<10:03,  1.66s/it]
 54%|█████▎    | 418/780 [04:04<07:45,  1.29s/it]
 54%|█████▎    | 419/780 [04:05<06:09,  1.02s/it]
 54%|█████▍    | 420/780 [04:05<05:02,  1.19it/s]
 54%|█████▍    | 421/780 [04:05<04:15,  1.41it/s]
 54%|█████▍    | 422/780 [04:06<03:42,  1.61it/s]
 54%|█████▍    | 423/780 [04:06<03:19,  1.79it/s]
 54%|█████▍    | 424/780 [04:07<03:02,  1.95it/s]
 54%|█████▍    | 425/780 [04:07<02:50,  2.08it/s]
 55%|█████▍    | 426/780 [04:07<02:42,  2.18it/s]
 55%|█████▍    | 427/780 [04:08<02:36,  2.25it/s]
 55%|█████▍    | 428/780 [04:08<02:32,  2.30it/s]
 55%|█████▌    | 429/780 [04:09<02:29,  2.35it/s]
 55%|█████▌    | 430/780 [04:09<02:26,  2.38it/s]
 55%|█████▌    | 431/780 [04:10<02:25,  2.40it/s]
 55%|█████▌    | 432/780 [04:10<02:24,  2.41it/s]
 56%|█████▌    | 433/780 [04:10<02:23,  2.42it/s]
 56%|█████▌    | 434/780 [04:11<02:22,  2.43it/s]
 56%|█████▌    | 435/780 [04:11<02:21,  2.43it/s]
 56%|█████▌    | 436/780 [04:12<02:21,  2.43it/s]
 56%|█████▌    | 437/780 [04:12<02:20,  2.44it/s]
 56%|█████▌    | 438/780 [04:12<02:20,  2.44it/s]
 56%|█████▋    | 439/780 [04:13<02:19,  2.44it/s]
 56%|█████▋    | 440/780 [04:13<02:19,  2.44it/s]
 57%|█████▋    | 441/780 [04:14<02:18,  2.44it/s]
 57%|█████▋    | 442/780 [04:14<02:13,  2.53it/s]
                                                 

 57%|█████▋    | 442/780 [04:14<02:13,  2.53it/s]{'loss': 0.0341, 'grad_norm': 0.13581064343452454, 'learning_rate': 2.1666666666666667e-05, 'epoch': 17.0}


  0%|          | 0/26 [00:00<?, ?it/s][A

 19%|█▉        | 5/26 [00:00<00:00, 38.05it/s][A

 35%|███▍      | 9/26 [00:00<00:00, 33.31it/s][A

 50%|█████     | 13/26 [00:00<00:00, 31.93it/s][A

 65%|██████▌   | 17/26 [00:00<00:00, 31.26it/s][A

 81%|████████  | 21/26 [00:00<00:00, 31.32it/s][A

 96%|█████████▌| 25/26 [00:00<00:00, 30.89it/s][A

                                               
[A
                                                 

100%|██████████| 26/26 [00:00<00:00, 30.89it/s][A
 57%|█████▋    | 442/780 [04:15<02:13,  2.53it/s]

                                               [A{'eval_loss': 0.07639827579259872, 'eval_macro_recall': 0.9648688686000716, 'eval_macro_precision': 0.9645589826839828, 'eval_macro_f1': 0.9636847906969942, 'eval_accuracy': 0.9842233009708737, 'eval_micro_recall': 0.9842233009708737, 'eval_micro_precision': 0.9842233009708737, 'eval_micro_f1': 0.9842233009708737, 'eval_runtime': 1.1327, 'eval_samples_per_second': 727.439, 'eval_steps_per_second': 22.953, 'epoch': 17.0}

 57%|█████▋    | 443/780 [04:19<09:49,  1.75s/it]
 57%|█████▋    | 444/780 [04:19<07:32,  1.35s/it]
 57%|█████▋    | 445/780 [04:20<05:56,  1.06s/it]
 57%|█████▋    | 446/780 [04:20<04:49,  1.15it/s]
 57%|█████▋    | 447/780 [04:21<04:02,  1.37it/s]
 57%|█████▋    | 448/780 [04:21<03:30,  1.58it/s]
 58%|█████▊    | 449/780 [04:21<03:07,  1.77it/s]
 58%|█████▊    | 450/780 [04:22<02:50,  1.93it/s]
 58%|█████▊    | 451/780 [04:22<02:39,  2.06it/s]
 58%|█████▊    | 452/780 [04:23<02:31,  2.17it/s]
 58%|█████▊    | 453/780 [04:23<02:25,  2.24it/s]
 58%|█████▊    | 454/780 [04:23<02:21,  2.30it/s]
 58%|█████▊    | 455/780 [04:24<02:18,  2.35it/s]
 58%|█████▊    | 456/780 [04:24<02:16,  2.38it/s]
 59%|█████▊    | 457/780 [04:25<02:14,  2.40it/s]
 59%|█████▊    | 458/780 [04:25<02:13,  2.42it/s]
 59%|█████▉    | 459/780 [04:25<02:12,  2.42it/s]
 59%|█████▉    | 460/780 [04:26<02:11,  2.43it/s]
 59%|█████▉    | 461/780 [04:26<02:10,  2.44it/s]
 59%|█████▉    | 462/780 [04:27<02:10,  2.44it/s]
 59%|█████▉    | 463/780 [04:27<02:09,  2.44it/s]
 59%|█████▉    | 464/780 [04:27<02:09,  2.44it/s]
 60%|█████▉    | 465/780 [04:28<02:08,  2.45it/s]
 60%|█████▉    | 466/780 [04:28<02:08,  2.44it/s]
 60%|█████▉    | 467/780 [04:29<02:08,  2.44it/s]
 60%|██████    | 468/780 [04:29<02:02,  2.54it/s]
                                                 

 60%|██████    | 468/780 [04:29<02:02,  2.54it/s]{'loss': 0.029, 'grad_norm': 0.10847056657075882, 'learning_rate': 2e-05, 'epoch': 18.0}


  0%|          | 0/26 [00:00<?, ?it/s][A

 19%|█▉        | 5/26 [00:00<00:00, 38.10it/s][A

 35%|███▍      | 9/26 [00:00<00:00, 33.38it/s][A

 50%|█████     | 13/26 [00:00<00:00, 31.97it/s][A

 65%|██████▌   | 17/26 [00:00<00:00, 31.29it/s][A

 81%|████████  | 21/26 [00:00<00:00, 31.35it/s][A

 96%|█████████▌| 25/26 [00:00<00:00, 30.90it/s][A

                                               
[A
                                                 

100%|██████████| 26/26 [00:00<00:00, 30.90it/s][A
 60%|██████    | 468/780 [04:30<02:02,  2.54it/s]

                                               [A{'eval_loss': 0.07438839226961136, 'eval_macro_recall': 0.9659653598281417, 'eval_macro_precision': 0.9614448643567636, 'eval_macro_f1': 0.9624665961471404, 'eval_accuracy': 0.9866504854368932, 'eval_micro_recall': 0.9866504854368932, 'eval_micro_precision': 0.9866504854368932, 'eval_micro_f1': 0.9866504854368932, 'eval_runtime': 1.1424, 'eval_samples_per_second': 721.311, 'eval_steps_per_second': 22.76, 'epoch': 18.0}

 60%|██████    | 469/780 [04:34<08:44,  1.69s/it]
 60%|██████    | 470/780 [04:34<06:44,  1.30s/it]
 60%|██████    | 471/780 [04:35<05:19,  1.04s/it]
 61%|██████    | 472/780 [04:35<04:20,  1.18it/s]
 61%|██████    | 473/780 [04:35<03:39,  1.40it/s]
 61%|██████    | 474/780 [04:36<03:10,  1.60it/s]
 61%|██████    | 475/780 [04:36<02:50,  1.79it/s]
 61%|██████    | 476/780 [04:37<02:35,  1.95it/s]
 61%|██████    | 477/780 [04:37<02:25,  2.08it/s]
 61%|██████▏   | 478/780 [04:37<02:18,  2.18it/s]
 61%|██████▏   | 479/780 [04:38<02:13,  2.25it/s]
 62%|██████▏   | 480/780 [04:38<02:09,  2.31it/s]
 62%|██████▏   | 481/780 [04:39<02:07,  2.35it/s]
 62%|██████▏   | 482/780 [04:39<02:05,  2.38it/s]
 62%|██████▏   | 483/780 [04:39<02:03,  2.40it/s]
 62%|██████▏   | 484/780 [04:40<02:02,  2.41it/s]
 62%|██████▏   | 485/780 [04:40<02:01,  2.42it/s]
 62%|██████▏   | 486/780 [04:41<02:00,  2.43it/s]
 62%|██████▏   | 487/780 [04:41<02:00,  2.44it/s]
 63%|██████▎   | 488/780 [04:42<01:59,  2.44it/s]
 63%|██████▎   | 489/780 [04:42<01:59,  2.44it/s]
 63%|██████▎   | 490/780 [04:42<01:58,  2.44it/s]
 63%|██████▎   | 491/780 [04:43<01:58,  2.45it/s]
 63%|██████▎   | 492/780 [04:43<01:57,  2.44it/s]
 63%|██████▎   | 493/780 [04:44<01:57,  2.44it/s]
 63%|██████▎   | 494/780 [04:44<01:52,  2.55it/s]
                                                 

 63%|██████▎   | 494/780 [04:44<01:52,  2.55it/s]{'loss': 0.027, 'grad_norm': 0.09475187212228775, 'learning_rate': 1.8333333333333333e-05, 'epoch': 19.0}


  0%|          | 0/26 [00:00<?, ?it/s][A

 19%|█▉        | 5/26 [00:00<00:00, 37.69it/s][A

 35%|███▍      | 9/26 [00:00<00:00, 33.24it/s][A

 50%|█████     | 13/26 [00:00<00:00, 31.86it/s][A

 65%|██████▌   | 17/26 [00:00<00:00, 31.23it/s][A

 81%|████████  | 21/26 [00:00<00:00, 31.30it/s][A

 96%|█████████▌| 25/26 [00:00<00:00, 30.91it/s][A

                                               
[A
                                                 

100%|██████████| 26/26 [00:00<00:00, 30.91it/s][A
 63%|██████▎   | 494/780 [04:45<01:52,  2.55it/s]

                                               [A{'eval_loss': 0.07789567112922668, 'eval_macro_recall': 0.9528792296139236, 'eval_macro_precision': 0.9529123377313484, 'eval_macro_f1': 0.9518680880522984, 'eval_accuracy': 0.9854368932038835, 'eval_micro_recall': 0.9854368932038835, 'eval_micro_precision': 0.9854368932038835, 'eval_micro_f1': 0.9854368932038835, 'eval_runtime': 1.1228, 'eval_samples_per_second': 733.877, 'eval_steps_per_second': 23.156, 'epoch': 19.0}

 63%|██████▎   | 495/780 [04:49<08:02,  1.69s/it]
 64%|██████▎   | 496/780 [04:49<06:11,  1.31s/it]
 64%|██████▎   | 497/780 [04:49<04:53,  1.04s/it]
 64%|██████▍   | 498/780 [04:50<03:59,  1.18it/s]
 64%|██████▍   | 499/780 [04:50<03:21,  1.39it/s]
 64%|██████▍   | 500/780 [04:51<02:54,  1.60it/s]
 64%|██████▍   | 501/780 [04:51<02:35,  1.79it/s]
 64%|██████▍   | 502/780 [04:51<02:22,  1.95it/s]
 64%|██████▍   | 503/780 [04:52<02:13,  2.07it/s]
 65%|██████▍   | 504/780 [04:52<02:06,  2.17it/s]
 65%|██████▍   | 505/780 [04:53<02:02,  2.25it/s]
 65%|██████▍   | 506/780 [04:53<01:58,  2.31it/s]
 65%|██████▌   | 507/780 [04:54<01:56,  2.35it/s]
 65%|██████▌   | 508/780 [04:54<01:54,  2.38it/s]
 65%|██████▌   | 509/780 [04:54<01:53,  2.40it/s]
 65%|██████▌   | 510/780 [04:55<01:51,  2.41it/s]
 66%|██████▌   | 511/780 [04:55<01:51,  2.42it/s]
 66%|██████▌   | 512/780 [04:56<01:50,  2.43it/s]
 66%|██████▌   | 513/780 [04:56<01:49,  2.43it/s]
 66%|██████▌   | 514/780 [04:56<01:48,  2.44it/s]
 66%|██████▌   | 515/780 [04:57<01:48,  2.45it/s]
 66%|██████▌   | 516/780 [04:57<01:48,  2.44it/s]
 66%|██████▋   | 517/780 [04:58<01:47,  2.44it/s]
 66%|██████▋   | 518/780 [04:58<01:47,  2.45it/s]
 67%|██████▋   | 519/780 [04:58<01:46,  2.45it/s]
 67%|██████▋   | 520/780 [04:59<01:42,  2.54it/s]
                                                 

 67%|██████▋   | 520/780 [04:59<01:42,  2.54it/s]{'loss': 0.025, 'grad_norm': 0.10029499977827072, 'learning_rate': 1.6666666666666667e-05, 'epoch': 20.0}


  0%|          | 0/26 [00:00<?, ?it/s][A

 19%|█▉        | 5/26 [00:00<00:00, 37.89it/s][A

 35%|███▍      | 9/26 [00:00<00:00, 33.31it/s][A

 50%|█████     | 13/26 [00:00<00:00, 31.87it/s][A

 65%|██████▌   | 17/26 [00:00<00:00, 31.26it/s][A

 81%|████████  | 21/26 [00:00<00:00, 31.31it/s][A

 96%|█████████▌| 25/26 [00:00<00:00, 30.89it/s][A

                                               
[A
                                                 

100%|██████████| 26/26 [00:00<00:00, 30.89it/s][A
 67%|██████▋   | 520/780 [05:00<01:42,  2.54it/s]

                                               [A{'eval_loss': 0.07263357937335968, 'eval_macro_recall': 0.953696439614807, 'eval_macro_precision': 0.9521725087869288, 'eval_macro_f1': 0.9518556646905418, 'eval_accuracy': 0.9866504854368932, 'eval_micro_recall': 0.9866504854368932, 'eval_micro_precision': 0.9866504854368932, 'eval_micro_f1': 0.9866504854368932, 'eval_runtime': 1.1381, 'eval_samples_per_second': 724.021, 'eval_steps_per_second': 22.845, 'epoch': 20.0}

 67%|██████▋   | 521/780 [05:04<07:18,  1.69s/it]
 67%|██████▋   | 522/780 [05:04<05:37,  1.31s/it]
 67%|██████▋   | 523/780 [05:04<04:26,  1.04s/it]
 67%|██████▋   | 524/780 [05:05<03:37,  1.18it/s]
 67%|██████▋   | 525/780 [05:05<03:02,  1.39it/s]
 67%|██████▋   | 526/780 [05:06<02:38,  1.60it/s]
 68%|██████▊   | 527/780 [05:06<02:21,  1.78it/s]
 68%|██████▊   | 528/780 [05:06<02:09,  1.95it/s]
 68%|██████▊   | 529/780 [05:07<02:01,  2.07it/s]
 68%|██████▊   | 530/780 [05:07<01:55,  2.17it/s]
 68%|██████▊   | 531/780 [05:08<01:50,  2.24it/s]
 68%|██████▊   | 532/780 [05:08<01:47,  2.31it/s]
 68%|██████▊   | 533/780 [05:08<01:45,  2.35it/s]
 68%|██████▊   | 534/780 [05:09<01:43,  2.38it/s]
 69%|██████▊   | 535/780 [05:09<01:42,  2.40it/s]
 69%|██████▊   | 536/780 [05:10<01:41,  2.41it/s]
 69%|██████▉   | 537/780 [05:10<01:40,  2.42it/s]
 69%|██████▉   | 538/780 [05:10<01:39,  2.43it/s]
 69%|██████▉   | 539/780 [05:11<01:39,  2.43it/s]
 69%|██████▉   | 540/780 [05:11<01:38,  2.43it/s]
 69%|██████▉   | 541/780 [05:12<01:38,  2.44it/s]
 69%|██████▉   | 542/780 [05:12<01:37,  2.45it/s]
 70%|██████▉   | 543/780 [05:13<01:36,  2.45it/s]
 70%|██████▉   | 544/780 [05:13<01:36,  2.44it/s]
 70%|██████▉   | 545/780 [05:13<01:36,  2.44it/s]
 70%|███████   | 546/780 [05:14<01:31,  2.55it/s]
                                                 

 70%|███████   | 546/780 [05:14<01:31,  2.55it/s]{'loss': 0.0234, 'grad_norm': 0.0857841819524765, 'learning_rate': 1.5e-05, 'epoch': 21.0}


  0%|          | 0/26 [00:00<?, ?it/s][A

 19%|█▉        | 5/26 [00:00<00:00, 37.90it/s][A

 35%|███▍      | 9/26 [00:00<00:00, 33.29it/s][A

 50%|█████     | 13/26 [00:00<00:00, 31.86it/s][A

 65%|██████▌   | 17/26 [00:00<00:00, 31.21it/s][A

 81%|████████  | 21/26 [00:00<00:00, 31.29it/s][A

 96%|█████████▌| 25/26 [00:00<00:00, 30.86it/s][A

                                               
[A
                                                 

100%|██████████| 26/26 [00:00<00:00, 30.86it/s][A
 70%|███████   | 546/780 [05:15<01:31,  2.55it/s]

                                               [A{'eval_loss': 0.0867459774017334, 'eval_macro_recall': 0.9538532555879495, 'eval_macro_precision': 0.953018838868641, 'eval_macro_f1': 0.9530959580761068, 'eval_accuracy': 0.9830097087378641, 'eval_micro_recall': 0.9830097087378641, 'eval_micro_precision': 0.9830097087378641, 'eval_micro_f1': 0.9830097087378641, 'eval_runtime': 1.1375, 'eval_samples_per_second': 724.381, 'eval_steps_per_second': 22.857, 'epoch': 21.0}

 70%|███████   | 547/780 [05:18<06:32,  1.69s/it]
 70%|███████   | 548/780 [05:19<05:02,  1.30s/it]
 70%|███████   | 549/780 [05:19<03:58,  1.03s/it]
 71%|███████   | 550/780 [05:20<03:14,  1.18it/s]
 71%|███████   | 551/780 [05:20<02:43,  1.40it/s]
 71%|███████   | 552/780 [05:20<02:21,  1.61it/s]
 71%|███████   | 553/780 [05:21<02:06,  1.79it/s]
 71%|███████   | 554/780 [05:21<01:55,  1.95it/s]
 71%|███████   | 555/780 [05:22<01:48,  2.08it/s]
 71%|███████▏  | 556/780 [05:22<01:42,  2.18it/s]
 71%|███████▏  | 557/780 [05:22<01:38,  2.26it/s]
 72%|███████▏  | 558/780 [05:23<01:35,  2.31it/s]
 72%|███████▏  | 559/780 [05:23<01:33,  2.35it/s]
 72%|███████▏  | 560/780 [05:24<01:32,  2.38it/s]
 72%|███████▏  | 561/780 [05:24<01:31,  2.40it/s]
 72%|███████▏  | 562/780 [05:24<01:30,  2.41it/s]
 72%|███████▏  | 563/780 [05:25<01:29,  2.42it/s]
 72%|███████▏  | 564/780 [05:25<01:29,  2.43it/s]
 72%|███████▏  | 565/780 [05:26<01:28,  2.43it/s]
 73%|███████▎  | 566/780 [05:26<01:27,  2.43it/s]
 73%|███████▎  | 567/780 [05:27<01:27,  2.44it/s]
 73%|███████▎  | 568/780 [05:27<01:26,  2.44it/s]
 73%|███████▎  | 569/780 [05:27<01:26,  2.45it/s]
 73%|███████▎  | 570/780 [05:28<01:25,  2.45it/s]
 73%|███████▎  | 571/780 [05:28<01:25,  2.45it/s]
 73%|███████▎  | 572/780 [05:29<01:21,  2.56it/s]
                                                 

 73%|███████▎  | 572/780 [05:29<01:21,  2.56it/s]{'loss': 0.0228, 'grad_norm': 0.08899590373039246, 'learning_rate': 1.3333333333333333e-05, 'epoch': 22.0}


  0%|          | 0/26 [00:00<?, ?it/s][A

 19%|█▉        | 5/26 [00:00<00:00, 37.91it/s][A

 35%|███▍      | 9/26 [00:00<00:00, 33.36it/s][A

 50%|█████     | 13/26 [00:00<00:00, 31.92it/s][A

 65%|██████▌   | 17/26 [00:00<00:00, 31.22it/s][A

 81%|████████  | 21/26 [00:00<00:00, 31.34it/s][A

 96%|█████████▌| 25/26 [00:00<00:00, 31.01it/s][A

                                               
[A
                                                 

100%|██████████| 26/26 [00:00<00:00, 31.01it/s][A
 73%|███████▎  | 572/780 [05:30<01:21,  2.56it/s]

                                               [A{'eval_loss': 0.06901665031909943, 'eval_macro_recall': 0.9487666755013695, 'eval_macro_precision': 0.9462793051104739, 'eval_macro_f1': 0.9471310225173606, 'eval_accuracy': 0.9854368932038835, 'eval_micro_recall': 0.9854368932038835, 'eval_micro_precision': 0.9854368932038835, 'eval_micro_f1': 0.9854368932038835, 'eval_runtime': 1.1369, 'eval_samples_per_second': 724.786, 'eval_steps_per_second': 22.869, 'epoch': 22.0}

 73%|███████▎  | 573/780 [05:33<05:52,  1.70s/it]
 74%|███████▎  | 574/780 [05:34<04:30,  1.31s/it]
 74%|███████▎  | 575/780 [05:34<03:33,  1.04s/it]
 74%|███████▍  | 576/780 [05:34<02:53,  1.18it/s]
 74%|███████▍  | 577/780 [05:35<02:25,  1.39it/s]
 74%|███████▍  | 578/780 [05:35<02:06,  1.60it/s]
 74%|███████▍  | 579/780 [05:36<01:52,  1.79it/s]
 74%|███████▍  | 580/780 [05:36<01:42,  1.95it/s]
 74%|███████▍  | 581/780 [05:37<01:35,  2.08it/s]
 75%|███████▍  | 582/780 [05:37<01:30,  2.18it/s]
 75%|███████▍  | 583/780 [05:37<01:27,  2.26it/s]
 75%|███████▍  | 584/780 [05:38<01:24,  2.31it/s]
 75%|███████▌  | 585/780 [05:38<01:23,  2.35it/s]
 75%|███████▌  | 586/780 [05:39<01:21,  2.38it/s]
 75%|███████▌  | 587/780 [05:39<01:20,  2.40it/s]
 75%|███████▌  | 588/780 [05:39<01:19,  2.42it/s]
 76%|███████▌  | 589/780 [05:40<01:18,  2.43it/s]
 76%|███████▌  | 590/780 [05:40<01:18,  2.43it/s]
 76%|███████▌  | 591/780 [05:41<01:17,  2.44it/s]
 76%|███████▌  | 592/780 [05:41<01:16,  2.44it/s]
 76%|███████▌  | 593/780 [05:41<01:16,  2.44it/s]
 76%|███████▌  | 594/780 [05:42<01:16,  2.44it/s]
 76%|███████▋  | 595/780 [05:42<01:15,  2.45it/s]
 76%|███████▋  | 596/780 [05:43<01:15,  2.45it/s]
 77%|███████▋  | 597/780 [05:43<01:14,  2.45it/s]
 77%|███████▋  | 598/780 [05:43<01:12,  2.52it/s]
                                                 

 77%|███████▋  | 598/780 [05:43<01:12,  2.52it/s]{'loss': 0.0205, 'grad_norm': 0.21378760039806366, 'learning_rate': 1.1666666666666668e-05, 'epoch': 23.0}


  0%|          | 0/26 [00:00<?, ?it/s][A

 19%|█▉        | 5/26 [00:00<00:00, 37.87it/s][A

 35%|███▍      | 9/26 [00:00<00:00, 33.03it/s][A

 50%|█████     | 13/26 [00:00<00:00, 31.79it/s][A

 65%|██████▌   | 17/26 [00:00<00:00, 31.23it/s][A

 81%|████████  | 21/26 [00:00<00:00, 31.29it/s][A

 96%|█████████▌| 25/26 [00:00<00:00, 30.88it/s][A

                                               
[A
                                                 

100%|██████████| 26/26 [00:00<00:00, 30.88it/s][A
 77%|███████▋  | 598/780 [05:45<01:12,  2.52it/s]

                                               [A{'eval_loss': 0.07460533082485199, 'eval_macro_recall': 0.9510990370174044, 'eval_macro_precision': 0.9500080066224266, 'eval_macro_f1': 0.949494389601994, 'eval_accuracy': 0.9854368932038835, 'eval_micro_recall': 0.9854368932038835, 'eval_micro_precision': 0.9854368932038835, 'eval_micro_f1': 0.9854368932038835, 'eval_runtime': 1.1564, 'eval_samples_per_second': 712.553, 'eval_steps_per_second': 22.483, 'epoch': 23.0}

 77%|███████▋  | 599/780 [05:48<05:05,  1.69s/it]
 77%|███████▋  | 600/780 [05:49<03:54,  1.30s/it]
 77%|███████▋  | 601/780 [05:49<03:05,  1.03s/it]
 77%|███████▋  | 602/780 [05:49<02:30,  1.18it/s]
 77%|███████▋  | 603/780 [05:50<02:06,  1.40it/s]
 77%|███████▋  | 604/780 [05:50<01:49,  1.60it/s]
 78%|███████▊  | 605/780 [05:51<01:37,  1.79it/s]
 78%|███████▊  | 606/780 [05:51<01:29,  1.95it/s]
 78%|███████▊  | 607/780 [05:51<01:23,  2.08it/s]
 78%|███████▊  | 608/780 [05:52<01:19,  2.17it/s]
 78%|███████▊  | 609/780 [05:52<01:15,  2.25it/s]
 78%|███████▊  | 610/780 [05:53<01:13,  2.31it/s]
 78%|███████▊  | 611/780 [05:53<01:11,  2.36it/s]
 78%|███████▊  | 612/780 [05:53<01:10,  2.39it/s]
 79%|███████▊  | 613/780 [05:54<01:09,  2.41it/s]
 79%|███████▊  | 614/780 [05:54<01:08,  2.42it/s]
 79%|███████▉  | 615/780 [05:55<01:08,  2.42it/s]
 79%|███████▉  | 616/780 [05:55<01:07,  2.43it/s]
 79%|███████▉  | 617/780 [05:55<01:06,  2.44it/s]
 79%|███████▉  | 618/780 [05:56<01:06,  2.44it/s]
 79%|███████▉  | 619/780 [05:56<01:05,  2.44it/s]
 79%|███████▉  | 620/780 [05:57<01:05,  2.44it/s]
 80%|███████▉  | 621/780 [05:57<01:04,  2.45it/s]
 80%|███████▉  | 622/780 [05:58<01:04,  2.45it/s]
 80%|███████▉  | 623/780 [05:58<01:04,  2.45it/s]
 80%|████████  | 624/780 [05:58<01:01,  2.55it/s]
                                                 

 80%|████████  | 624/780 [05:59<01:01,  2.55it/s]{'loss': 0.0209, 'grad_norm': 0.0593709871172905, 'learning_rate': 1e-05, 'epoch': 24.0}


  0%|          | 0/26 [00:00<?, ?it/s][A

 19%|█▉        | 5/26 [00:00<00:00, 37.88it/s][A

 35%|███▍      | 9/26 [00:00<00:00, 33.37it/s][A

 50%|█████     | 13/26 [00:00<00:00, 31.92it/s][A

 65%|██████▌   | 17/26 [00:00<00:00, 31.28it/s][A

 81%|████████  | 21/26 [00:00<00:00, 31.34it/s][A

 96%|█████████▌| 25/26 [00:00<00:00, 30.89it/s][A

                                               
[A
                                                 

100%|██████████| 26/26 [00:02<00:00, 30.89it/s][A
 80%|████████  | 624/780 [06:02<01:01,  2.55it/s]

                                               [A{'eval_loss': 0.07430136203765869, 'eval_macro_recall': 0.9510990370174044, 'eval_macro_precision': 0.9500080066224266, 'eval_macro_f1': 0.949494389601994, 'eval_accuracy': 0.9854368932038835, 'eval_micro_recall': 0.9854368932038835, 'eval_micro_precision': 0.9854368932038835, 'eval_micro_f1': 0.9854368932038835, 'eval_runtime': 1.4735, 'eval_samples_per_second': 559.198, 'eval_steps_per_second': 17.645, 'epoch': 24.0}

 80%|████████  | 625/780 [06:07<07:16,  2.82s/it]
 80%|████████  | 626/780 [06:07<05:22,  2.09s/it]
 80%|████████  | 627/780 [06:08<04:02,  1.59s/it]
 81%|████████  | 628/780 [06:08<03:07,  1.23s/it]
 81%|████████  | 629/780 [06:08<02:28,  1.01it/s]
 81%|████████  | 630/780 [06:09<02:01,  1.23it/s]
 81%|████████  | 631/780 [06:09<01:42,  1.45it/s]
 81%|████████  | 632/780 [06:10<01:29,  1.65it/s]
 81%|████████  | 633/780 [06:10<01:20,  1.83it/s]
 81%|████████▏ | 634/780 [06:10<01:13,  1.99it/s]
 81%|████████▏ | 635/780 [06:11<01:08,  2.11it/s]
 82%|████████▏ | 636/780 [06:11<01:05,  2.20it/s]
 82%|████████▏ | 637/780 [06:12<01:02,  2.27it/s]
 82%|████████▏ | 638/780 [06:12<01:01,  2.32it/s]
 82%|████████▏ | 639/780 [06:12<00:59,  2.36it/s]
 82%|████████▏ | 640/780 [06:13<00:58,  2.39it/s]
 82%|████████▏ | 641/780 [06:13<00:57,  2.41it/s]
 82%|████████▏ | 642/780 [06:14<00:56,  2.43it/s]
 82%|████████▏ | 643/780 [06:14<00:56,  2.44it/s]
 83%|████████▎ | 644/780 [06:14<00:55,  2.44it/s]
 83%|████████▎ | 645/780 [06:15<00:55,  2.45it/s]
 83%|████████▎ | 646/780 [06:15<00:54,  2.44it/s]
 83%|████████▎ | 647/780 [06:16<00:54,  2.45it/s]
 83%|████████▎ | 648/780 [06:16<00:53,  2.45it/s]
 83%|████████▎ | 649/780 [06:17<00:53,  2.45it/s]
 83%|████████▎ | 650/780 [06:17<00:51,  2.53it/s]
                                                 

 83%|████████▎ | 650/780 [06:17<00:51,  2.53it/s]{'loss': 0.0194, 'grad_norm': 0.15295331180095673, 'learning_rate': 8.333333333333334e-06, 'epoch': 25.0}


  0%|          | 0/26 [00:00<?, ?it/s][A

 19%|█▉        | 5/26 [00:00<00:00, 38.08it/s][A

 35%|███▍      | 9/26 [00:00<00:00, 33.49it/s][A

 50%|█████     | 13/26 [00:00<00:00, 32.08it/s][A

 65%|██████▌   | 17/26 [00:00<00:00, 31.44it/s][A

 81%|████████  | 21/26 [00:00<00:00, 31.51it/s][A

 96%|█████████▌| 25/26 [00:00<00:00, 31.13it/s][A

                                               
[A
                                                 

100%|██████████| 26/26 [00:00<00:00, 31.13it/s][A
 83%|████████▎ | 650/780 [06:18<00:51,  2.53it/s]

                                               [A{'eval_loss': 0.07186789810657501, 'eval_macro_recall': 0.9531442706952913, 'eval_macro_precision': 0.9523120818575362, 'eval_macro_f1': 0.9517844420336927, 'eval_accuracy': 0.9866504854368932, 'eval_micro_recall': 0.9866504854368932, 'eval_micro_precision': 0.9866504854368932, 'eval_micro_f1': 0.9866504854368932, 'eval_runtime': 1.1303, 'eval_samples_per_second': 729.0, 'eval_steps_per_second': 23.002, 'epoch': 25.0}

 83%|████████▎ | 651/780 [06:22<03:36,  1.68s/it]
 84%|████████▎ | 652/780 [06:22<02:45,  1.30s/it]
 84%|████████▎ | 653/780 [06:22<02:11,  1.03s/it]
 84%|████████▍ | 654/780 [06:23<01:46,  1.18it/s]
 84%|████████▍ | 655/780 [06:23<01:29,  1.40it/s]
 84%|████████▍ | 656/780 [06:24<01:17,  1.61it/s]
 84%|████████▍ | 657/780 [06:24<01:08,  1.79it/s]
 84%|████████▍ | 658/780 [06:24<01:02,  1.95it/s]
 84%|████████▍ | 659/780 [06:25<00:58,  2.08it/s]
 85%|████████▍ | 660/780 [06:25<00:55,  2.18it/s]
 85%|████████▍ | 661/780 [06:26<00:52,  2.25it/s]
 85%|████████▍ | 662/780 [06:26<00:51,  2.31it/s]
 85%|████████▌ | 663/780 [06:26<00:49,  2.35it/s]
 85%|████████▌ | 664/780 [06:27<00:48,  2.38it/s]
 85%|████████▌ | 665/780 [06:27<00:47,  2.41it/s]
 85%|████████▌ | 666/780 [06:28<00:47,  2.43it/s]
 86%|████████▌ | 667/780 [06:28<00:46,  2.43it/s]
 86%|████████▌ | 668/780 [06:28<00:45,  2.44it/s]
 86%|████████▌ | 669/780 [06:29<00:45,  2.44it/s]
 86%|████████▌ | 670/780 [06:29<00:44,  2.45it/s]
 86%|████████▌ | 671/780 [06:30<00:44,  2.46it/s]
 86%|████████▌ | 672/780 [06:30<00:43,  2.46it/s]
 86%|████████▋ | 673/780 [06:31<00:43,  2.46it/s]
 86%|████████▋ | 674/780 [06:31<00:43,  2.46it/s]
 87%|████████▋ | 675/780 [06:31<00:42,  2.46it/s]
 87%|████████▋ | 676/780 [06:32<00:41,  2.54it/s]
                                                 

 87%|████████▋ | 676/780 [06:32<00:41,  2.54it/s]{'loss': 0.0196, 'grad_norm': 0.9930340051651001, 'learning_rate': 6.666666666666667e-06, 'epoch': 26.0}


  0%|          | 0/26 [00:00<?, ?it/s][A

 19%|█▉        | 5/26 [00:00<00:00, 37.99it/s][A

 35%|███▍      | 9/26 [00:00<00:00, 33.38it/s][A

 50%|█████     | 13/26 [00:00<00:00, 31.96it/s][A

 65%|██████▌   | 17/26 [00:00<00:00, 31.28it/s][A

 81%|████████  | 21/26 [00:00<00:00, 31.39it/s][A

 96%|█████████▌| 25/26 [00:00<00:00, 31.02it/s][A

                                               
[A
                                                 

100%|██████████| 26/26 [00:00<00:00, 31.02it/s][A
 87%|████████▋ | 676/780 [06:33<00:41,  2.54it/s]

                                               [A{'eval_loss': 0.07328255474567413, 'eval_macro_recall': 0.9510990370174044, 'eval_macro_precision': 0.9484928551072752, 'eval_macro_f1': 0.9493566485551621, 'eval_accuracy': 0.9854368932038835, 'eval_micro_recall': 0.9854368932038835, 'eval_micro_precision': 0.9854368932038835, 'eval_micro_f1': 0.9854368932038835, 'eval_runtime': 1.1312, 'eval_samples_per_second': 728.46, 'eval_steps_per_second': 22.985, 'epoch': 26.0}

 87%|████████▋ | 677/780 [06:37<03:01,  1.76s/it]
 87%|████████▋ | 678/780 [06:37<02:18,  1.35s/it]
 87%|████████▋ | 679/780 [06:37<01:48,  1.07s/it]
 87%|████████▋ | 680/780 [06:38<01:27,  1.15it/s]
 87%|████████▋ | 681/780 [06:38<01:12,  1.37it/s]
 87%|████████▋ | 682/780 [06:39<01:02,  1.58it/s]
 88%|████████▊ | 683/780 [06:39<00:54,  1.77it/s]
 88%|████████▊ | 684/780 [06:39<00:49,  1.93it/s]
 88%|████████▊ | 685/780 [06:40<00:46,  2.06it/s]
 88%|████████▊ | 686/780 [06:40<00:43,  2.16it/s]
 88%|████████▊ | 687/780 [06:41<00:41,  2.24it/s]
 88%|████████▊ | 688/780 [06:41<00:39,  2.31it/s]
 88%|████████▊ | 689/780 [06:42<00:38,  2.35it/s]
 88%|████████▊ | 690/780 [06:42<00:37,  2.38it/s]
 89%|████████▊ | 691/780 [06:42<00:37,  2.40it/s]
 89%|████████▊ | 692/780 [06:43<00:36,  2.41it/s]
 89%|████████▉ | 693/780 [06:43<00:35,  2.43it/s]
 89%|████████▉ | 694/780 [06:44<00:35,  2.44it/s]
 89%|████████▉ | 695/780 [06:44<00:34,  2.45it/s]
 89%|████████▉ | 696/780 [06:44<00:34,  2.45it/s]
 89%|████████▉ | 697/780 [06:45<00:33,  2.45it/s]
 89%|████████▉ | 698/780 [06:45<00:33,  2.45it/s]
 90%|████████▉ | 699/780 [06:46<00:33,  2.45it/s]
 90%|████████▉ | 700/780 [06:46<00:32,  2.45it/s]
 90%|████████▉ | 701/780 [06:46<00:32,  2.46it/s]
 90%|█████████ | 702/780 [06:47<00:30,  2.56it/s]
                                                 

 90%|█████████ | 702/780 [06:47<00:30,  2.56it/s]{'loss': 0.0181, 'grad_norm': 0.05819547921419144, 'learning_rate': 5e-06, 'epoch': 27.0}


  0%|          | 0/26 [00:00<?, ?it/s][A

 19%|█▉        | 5/26 [00:00<00:00, 37.96it/s][A

 35%|███▍      | 9/26 [00:00<00:00, 33.44it/s][A

 50%|█████     | 13/26 [00:00<00:00, 32.03it/s][A

 65%|██████▌   | 17/26 [00:00<00:00, 31.36it/s][A

 81%|████████  | 21/26 [00:00<00:00, 31.39it/s][A

 96%|█████████▌| 25/26 [00:00<00:00, 30.67it/s][A

                                               
[A
                                                 

100%|██████████| 26/26 [00:00<00:00, 30.67it/s][A
 90%|█████████ | 702/780 [06:48<00:30,  2.56it/s]

                                               [A
                                                 

 90%|█████████ | 702/780 [06:51<00:30,  2.56it/s]
 90%|█████████ | 702/780 [06:51<00:45,  1.70it/s]
2025-04-12 04:12:42.657 | INFO     | __main__:fine_tune:230 - Training time: 412.13 seconds
{'eval_loss': 0.0757986307144165, 'eval_macro_recall': 0.9476844244191185, 'eval_macro_precision': 0.9455839518315339, 'eval_macro_f1': 0.9463125324967429, 'eval_accuracy': 0.9830097087378641, 'eval_micro_recall': 0.9830097087378641, 'eval_micro_precision': 0.9830097087378641, 'eval_micro_f1': 0.9830097087378641, 'eval_runtime': 1.1404, 'eval_samples_per_second': 722.534, 'eval_steps_per_second': 22.798, 'epoch': 27.0}
{'train_runtime': 411.8642, 'train_samples_per_second': 239.933, 'train_steps_per_second': 1.894, 'train_loss': 0.3578603964755338, 'epoch': 27.0}

  0%|          | 0/26 [00:00<?, ?it/s]
 19%|█▉        | 5/26 [00:00<00:00, 38.19it/s]
 35%|███▍      | 9/26 [00:00<00:00, 33.54it/s]
 50%|█████     | 13/26 [00:00<00:00, 32.10it/s]
 65%|██████▌   | 17/26 [00:00<00:00, 31.40it/s]
 81%|████████  | 21/26 [00:00<00:00, 31.44it/s]
 96%|█████████▌| 25/26 [00:00<00:00, 30.99it/s]
100%|██████████| 26/26 [00:00<00:00, 29.97it/s]
2025-04-12 04:12:43.744 | INFO     | __main__:fine_tune:236 - Prediction time: 1.09 seconds
2025-04-12 04:12:43.747 | INFO     | __main__:CV_run:413 - Fold 2, Final Eval Metrics: loss: 0.08, macro_recall: 0.95, macro_precision: 0.95, macro_f1: 0.95, accuracy: 0.98, micro_recall: 0.98, micro_precision: 0.98, micro_f1: 0.98, runtime: 1.14, samples_per_second: 722.53, steps_per_second: 22.80
2025-04-12 04:12:43.747 | INFO     | __main__:CV_run:351 - Starting fold 3
2025-04-12 04:12:43.748 | INFO     | __main__:CV_run:382 - Starting domain-adaptive pre-training (continued pre-training)
/depot/davisjam/data/mingyu/PTM-Naming/Naming_anomaly_detection/DARA/transformer/run.py:133: FutureWarning: `tokenizer` is deprecated and will be removed in version 5.0.0 for `Trainer.__init__`. Use `processing_class` instead.
  trainer = Trainer(
Eval results: defaultdict(<class 'list'>, {'loss': [2.5740528106689453, 1.4699434041976929, 0.8076568841934204, 0.4730660021305084, 0.32039234042167664, 0.23004920780658722, 0.173250213265419, 0.13237465918064117, 0.11789859086275101, 0.09614741057157516, 0.09564908593893051, 0.0959191545844078, 0.08414770662784576, 0.09550442546606064, 0.08419481664896011, 0.0770503506064415, 0.07639827579259872, 0.07438839226961136, 0.07789567112922668, 0.07263357937335968, 0.0867459774017334, 0.06901665031909943, 0.07460533082485199, 0.07430136203765869, 0.07186789810657501, 0.07328255474567413, 0.0757986307144165], 'macro_recall': [0.1602595029239766, 0.5685275689223058, 0.766374865735768, 0.8391460794844253, 0.8737026239067055, 0.8896271755455429, 0.9139623641664458, 0.9120143122183938, 0.954342552810598, 0.937197632299673, 0.9607133906194057, 0.9580818116720372, 0.9585092194772648, 0.9599078052273541, 0.9601651450053705, 0.9636134980307913, 0.9648688686000716, 0.9659653598281417, 0.9528792296139236, 0.953696439614807, 0.9538532555879495, 0.9487666755013695, 0.9510990370174044, 0.9510990370174044, 0.9531442706952913, 0.9510990370174044, 0.9476844244191185], 'macro_precision': [0.11173070648477038, 0.5356420837647946, 0.7412340104705208, 0.8096590988328604, 0.8585906944777874, 0.8924313866359823, 0.9163411099315522, 0.9185548053270658, 0.9443882010000432, 0.9344982290436835, 0.9596858623832307, 0.9560674413305991, 0.9573082048139256, 0.956665912323807, 0.9608514840116471, 0.9592186382885112, 0.9645589826839828, 0.9614448643567636, 0.9529123377313484, 0.9521725087869288, 0.953018838868641, 0.9462793051104739, 0.9500080066224266, 0.9500080066224266, 0.9523120818575362, 0.9484928551072752, 0.9455839518315339], 'macro_f1': [0.12220979353743167, 0.5288462093293053, 0.7448973523012178, 0.8167019973946491, 0.8585143091093441, 0.8804498239986085, 0.9125277050101672, 0.9087992905674671, 0.9484167544819807, 0.9346096482626542, 0.9584124176641173, 0.9552133841776138, 0.9578541100519139, 0.9575769478916382, 0.9560976252514112, 0.9601080375854789, 0.9636847906969942, 0.9624665961471404, 0.9518680880522984, 0.9518556646905418, 0.9530959580761068, 0.9471310225173606, 0.949494389601994, 0.949494389601994, 0.9517844420336927, 0.9493566485551621, 0.9463125324967429], 'accuracy': [0.41383495145631066, 0.7706310679611651, 0.8968446601941747, 0.933252427184466, 0.9538834951456311, 0.9611650485436893, 0.9769417475728155, 0.9757281553398058, 0.9793689320388349, 0.9830097087378641, 0.9830097087378641, 0.9817961165048543, 0.9793689320388349, 0.9793689320388349, 0.9817961165048543, 0.9854368932038835, 0.9842233009708737, 0.9866504854368932, 0.9854368932038835, 0.9866504854368932, 0.9830097087378641, 0.9854368932038835, 0.9854368932038835, 0.9854368932038835, 0.9866504854368932, 0.9854368932038835, 0.9830097087378641], 'micro_recall': [0.41383495145631066, 0.7706310679611651, 0.8968446601941747, 0.933252427184466, 0.9538834951456311, 0.9611650485436893, 0.9769417475728155, 0.9757281553398058, 0.9793689320388349, 0.9830097087378641, 0.9830097087378641, 0.9817961165048543, 0.9793689320388349, 0.9793689320388349, 0.9817961165048543, 0.9854368932038835, 0.9842233009708737, 0.9866504854368932, 0.9854368932038835, 0.9866504854368932, 0.9830097087378641, 0.9854368932038835, 0.9854368932038835, 0.9854368932038835, 0.9866504854368932, 0.9854368932038835, 0.9830097087378641], 'micro_precision': [0.41383495145631066, 0.7706310679611651, 0.8968446601941747, 0.933252427184466, 0.9538834951456311, 0.9611650485436893, 0.9769417475728155, 0.9757281553398058, 0.9793689320388349, 0.9830097087378641, 0.9830097087378641, 0.9817961165048543, 0.9793689320388349, 0.9793689320388349, 0.9817961165048543, 0.9854368932038835, 0.9842233009708737, 0.9866504854368932, 0.9854368932038835, 0.9866504854368932, 0.9830097087378641, 0.9854368932038835, 0.9854368932038835, 0.9854368932038835, 0.9866504854368932, 0.9854368932038835, 0.9830097087378641], 'micro_f1': [0.41383495145631066, 0.7706310679611651, 0.8968446601941747, 0.933252427184466, 0.9538834951456311, 0.9611650485436893, 0.9769417475728155, 0.9757281553398058, 0.9793689320388349, 0.9830097087378641, 0.9830097087378641, 0.9817961165048543, 0.9793689320388349, 0.9793689320388349, 0.9817961165048543, 0.9854368932038835, 0.9842233009708737, 0.9866504854368932, 0.9854368932038835, 0.9866504854368932, 0.9830097087378641, 0.9854368932038835, 0.9854368932038835, 0.9854368932038835, 0.9866504854368932, 0.9854368932038835, 0.9830097087378641], 'runtime': [1.1517, 1.1729, 1.1301, 1.1598, 1.1948, 1.1606, 1.1329, 1.1404, 1.2019, 1.1335, 1.1422, 1.1336, 1.1603, 1.1365, 1.1361, 1.1338, 1.1327, 1.1424, 1.1228, 1.1381, 1.1375, 1.1369, 1.1564, 1.4735, 1.1303, 1.1312, 1.1404], 'samples_per_second': [715.485, 702.537, 729.161, 710.479, 689.642, 710.0, 727.312, 722.546, 685.571, 726.928, 721.443, 726.893, 710.14, 725.013, 725.305, 726.738, 727.439, 721.311, 733.877, 724.021, 724.381, 724.786, 712.553, 559.198, 729.0, 728.46, 722.534], 'steps_per_second': [22.576, 22.167, 23.007, 22.418, 21.761, 22.403, 22.949, 22.799, 21.632, 22.937, 22.764, 22.936, 22.407, 22.877, 22.886, 22.931, 22.953, 22.76, 23.156, 22.845, 22.857, 22.869, 22.483, 17.645, 23.002, 22.985, 22.798]})

  0%|          | 0/260 [00:00<?, ?it/s]
  0%|          | 1/260 [00:01<04:56,  1.15s/it]
  1%|          | 2/260 [00:01<03:52,  1.11it/s]
  1%|          | 3/260 [00:02<03:31,  1.21it/s]
  2%|▏         | 4/260 [00:03<03:21,  1.27it/s]
  2%|▏         | 5/260 [00:04<03:15,  1.30it/s]
  2%|▏         | 6/260 [00:04<03:11,  1.33it/s]
  3%|▎         | 7/260 [00:05<03:08,  1.34it/s]
  3%|▎         | 8/260 [00:06<03:06,  1.35it/s]
  3%|▎         | 9/260 [00:06<03:04,  1.36it/s]
  4%|▍         | 10/260 [00:07<03:03,  1.36it/s]
  4%|▍         | 11/260 [00:08<03:02,  1.37it/s]
  5%|▍         | 12/260 [00:09<03:01,  1.37it/s]
  5%|▌         | 13/260 [00:09<03:00,  1.37it/s]
  5%|▌         | 14/260 [00:10<02:59,  1.37it/s]
  6%|▌         | 15/260 [00:11<02:58,  1.37it/s]
  6%|▌         | 16/260 [00:12<02:58,  1.37it/s]
  7%|▋         | 17/260 [00:12<02:57,  1.37it/s]
  7%|▋         | 18/260 [00:13<02:56,  1.37it/s]
  7%|▋         | 19/260 [00:14<02:56,  1.37it/s]
  8%|▊         | 20/260 [00:15<02:55,  1.37it/s]
  8%|▊         | 21/260 [00:15<02:54,  1.37it/s]
  8%|▊         | 22/260 [00:16<02:53,  1.37it/s]
  9%|▉         | 23/260 [00:17<02:53,  1.37it/s]
  9%|▉         | 24/260 [00:17<02:52,  1.37it/s]
 10%|▉         | 25/260 [00:18<02:51,  1.37it/s]
 10%|█         | 26/260 [00:19<02:35,  1.50it/s]
                                                

 10%|█         | 26/260 [00:19<02:35,  1.50it/s]{'loss': 0.19, 'grad_norm': 1.0867736339569092, 'learning_rate': 4.5e-05, 'epoch': 1.0}


  0%|          | 0/26 [00:00<?, ?it/s][A

 12%|█▏        | 3/26 [00:00<00:01, 20.09it/s][A

 23%|██▎       | 6/26 [00:00<00:01, 15.41it/s][A

 31%|███       | 8/26 [00:00<00:01, 14.47it/s][A

 38%|███▊      | 10/26 [00:00<00:01, 14.04it/s][A

 46%|████▌     | 12/26 [00:00<00:01, 13.76it/s][A

 54%|█████▍    | 14/26 [00:00<00:00, 13.59it/s][A

 62%|██████▏   | 16/26 [00:01<00:00, 13.46it/s][A

 69%|██████▉   | 18/26 [00:01<00:00, 13.39it/s][A

 77%|███████▋  | 20/26 [00:01<00:00, 13.33it/s][A

 85%|████████▍ | 22/26 [00:01<00:00, 13.27it/s][A

 92%|█████████▏| 24/26 [00:01<00:00, 13.26it/s][A

100%|██████████| 26/26 [00:01<00:00, 13.59it/s][A

                                               
[A
                                                

100%|██████████| 26/26 [00:01<00:00, 13.59it/s][A
 10%|█         | 26/260 [00:21<02:35,  1.50it/s]

                                               [A
 10%|█         | 27/260 [00:25<08:37,  2.22s/it]
 11%|█         | 28/260 [00:25<06:51,  1.77s/it]
 11%|█         | 29/260 [00:26<05:37,  1.46s/it]
 12%|█▏        | 30/260 [00:27<04:45,  1.24s/it]
 12%|█▏        | 31/260 [00:27<04:08,  1.09s/it]
 12%|█▏        | 32/260 [00:28<03:43,  1.02it/s]
 13%|█▎        | 33/260 [00:29<03:25,  1.11it/s]
 13%|█▎        | 34/260 [00:30<03:13,  1.17it/s]
 13%|█▎        | 35/260 [00:30<03:03,  1.22it/s]
 14%|█▍        | 36/260 [00:31<02:57,  1.26it/s]
 14%|█▍        | 37/260 [00:32<02:52,  1.29it/s]
 15%|█▍        | 38/260 [00:33<02:48,  1.32it/s]
 15%|█▌        | 39/260 [00:33<02:46,  1.33it/s]
 15%|█▌        | 40/260 [00:34<02:44,  1.34it/s]
 16%|█▌        | 41/260 [00:35<02:42,  1.35it/s]
 16%|█▌        | 42/260 [00:35<02:40,  1.36it/s]
 17%|█▋        | 43/260 [00:36<02:39,  1.36it/s]
 17%|█▋        | 44/260 [00:37<02:38,  1.36it/s]
 17%|█▋        | 45/260 [00:38<02:37,  1.36it/s]
 18%|█▊        | 46/260 [00:38<02:36,  1.37it/s]
 18%|█▊        | 47/260 [00:39<02:36,  1.36it/s]
 18%|█▊        | 48/260 [00:40<02:35,  1.36it/s]
 19%|█▉        | 49/260 [00:41<02:34,  1.37it/s]
 19%|█▉        | 50/260 [00:41<02:33,  1.37it/s]
 20%|█▉        | 51/260 [00:42<02:32,  1.37it/s]
 20%|██        | 52/260 [00:43<02:18,  1.50it/s]
                                                

 20%|██        | 52/260 [00:43<02:18,  1.50it/s]{'eval_loss': 0.09646832197904587, 'eval_runtime': 1.9549, 'eval_samples_per_second': 421.516, 'eval_steps_per_second': 13.3, 'epoch': 1.0}
{'loss': 0.0852, 'grad_norm': 0.9049314856529236, 'learning_rate': 4e-05, 'epoch': 2.0}


  0%|          | 0/26 [00:00<?, ?it/s][A

 12%|█▏        | 3/26 [00:00<00:01, 19.93it/s][A

 19%|█▉        | 5/26 [00:00<00:01, 16.00it/s][A

 27%|██▋       | 7/26 [00:00<00:01, 14.74it/s][A

 35%|███▍      | 9/26 [00:00<00:01, 14.14it/s][A

 42%|████▏     | 11/26 [00:00<00:01, 13.77it/s][A

 50%|█████     | 13/26 [00:00<00:00, 13.60it/s][A

 58%|█████▊    | 15/26 [00:01<00:00, 13.46it/s][A

 65%|██████▌   | 17/26 [00:01<00:00, 13.39it/s][A

 73%|███████▎  | 19/26 [00:01<00:00, 13.33it/s][A

 81%|████████  | 21/26 [00:01<00:00, 13.30it/s][A

 88%|████████▊ | 23/26 [00:01<00:00, 13.25it/s][A

 96%|█████████▌| 25/26 [00:01<00:00, 13.29it/s][A

                                               
[A
                                                

100%|██████████| 26/26 [00:02<00:00, 13.29it/s][A
 20%|██        | 52/260 [00:45<02:18,  1.50it/s]

                                               [A
 20%|██        | 53/260 [00:48<07:36,  2.21s/it]
 21%|██        | 54/260 [00:49<06:03,  1.76s/it]
 21%|██        | 55/260 [00:50<04:58,  1.45s/it]
 22%|██▏       | 56/260 [00:51<04:12,  1.24s/it]
 22%|██▏       | 57/260 [00:51<03:40,  1.08s/it]
 22%|██▏       | 58/260 [00:52<03:17,  1.02it/s]
 23%|██▎       | 59/260 [00:53<03:01,  1.11it/s]
 23%|██▎       | 60/260 [00:53<02:50,  1.18it/s]
 23%|██▎       | 61/260 [00:54<02:42,  1.23it/s]
 24%|██▍       | 62/260 [00:55<02:36,  1.27it/s]
 24%|██▍       | 63/260 [00:56<02:32,  1.30it/s]
 25%|██▍       | 64/260 [00:56<02:28,  1.32it/s]
 25%|██▌       | 65/260 [00:57<02:26,  1.33it/s]
 25%|██▌       | 66/260 [00:58<02:24,  1.34it/s]
 26%|██▌       | 67/260 [00:59<02:22,  1.35it/s]
 26%|██▌       | 68/260 [00:59<02:21,  1.36it/s]
 27%|██▋       | 69/260 [01:00<02:20,  1.36it/s]
 27%|██▋       | 70/260 [01:01<02:19,  1.36it/s]
 27%|██▋       | 71/260 [01:02<02:18,  1.36it/s]
 28%|██▊       | 72/260 [01:02<02:17,  1.37it/s]
 28%|██▊       | 73/260 [01:03<02:16,  1.37it/s]
 28%|██▊       | 74/260 [01:04<02:16,  1.37it/s]
 29%|██▉       | 75/260 [01:04<02:15,  1.37it/s]
 29%|██▉       | 76/260 [01:05<02:14,  1.37it/s]
 30%|██▉       | 77/260 [01:06<02:13,  1.37it/s]
 30%|███       | 78/260 [01:06<02:01,  1.50it/s]
                                                

 30%|███       | 78/260 [01:06<02:01,  1.50it/s]{'eval_loss': 0.06048155203461647, 'eval_runtime': 1.9533, 'eval_samples_per_second': 421.848, 'eval_steps_per_second': 13.311, 'epoch': 2.0}
{'loss': 0.0635, 'grad_norm': 0.741195797920227, 'learning_rate': 3.5e-05, 'epoch': 3.0}


  0%|          | 0/26 [00:00<?, ?it/s][A

 12%|█▏        | 3/26 [00:00<00:01, 19.93it/s][A

 19%|█▉        | 5/26 [00:00<00:01, 15.95it/s][A

 27%|██▋       | 7/26 [00:00<00:01, 14.62it/s][A

 35%|███▍      | 9/26 [00:00<00:01, 14.07it/s][A

 42%|████▏     | 11/26 [00:00<00:01, 13.76it/s][A

 50%|█████     | 13/26 [00:00<00:00, 13.59it/s][A

 58%|█████▊    | 15/26 [00:01<00:00, 13.47it/s][A

 65%|██████▌   | 17/26 [00:01<00:00, 13.38it/s][A

 73%|███████▎  | 19/26 [00:01<00:00, 13.34it/s][A

 81%|████████  | 21/26 [00:01<00:00, 13.29it/s][A

 88%|████████▊ | 23/26 [00:01<00:00, 13.27it/s][A

 96%|█████████▌| 25/26 [00:01<00:00, 13.30it/s][A

                                               
[A
                                                

100%|██████████| 26/26 [00:01<00:00, 13.30it/s][A
 30%|███       | 78/260 [01:08<02:01,  1.50it/s]

                                               [A
 30%|███       | 79/260 [01:12<06:32,  2.17s/it]
 31%|███       | 80/260 [01:13<05:12,  1.74s/it]
 31%|███       | 81/260 [01:14<04:16,  1.43s/it]
 32%|███▏      | 82/260 [01:14<03:37,  1.22s/it]
 32%|███▏      | 83/260 [01:15<03:10,  1.07s/it]
 32%|███▏      | 84/260 [01:16<02:50,  1.03it/s]
 33%|███▎      | 85/260 [01:16<02:37,  1.11it/s]
 33%|███▎      | 86/260 [01:17<02:27,  1.18it/s]
 33%|███▎      | 87/260 [01:18<02:20,  1.23it/s]
 34%|███▍      | 88/260 [01:19<02:15,  1.27it/s]
 34%|███▍      | 89/260 [01:19<02:11,  1.30it/s]
 35%|███▍      | 90/260 [01:20<02:09,  1.32it/s]
 35%|███▌      | 91/260 [01:21<02:06,  1.33it/s]
 35%|███▌      | 92/260 [01:22<02:05,  1.34it/s]
 36%|███▌      | 93/260 [01:22<02:03,  1.35it/s]
 36%|███▌      | 94/260 [01:23<02:02,  1.36it/s]
 37%|███▋      | 95/260 [01:24<02:01,  1.36it/s]
 37%|███▋      | 96/260 [01:25<02:00,  1.36it/s]
 37%|███▋      | 97/260 [01:25<01:59,  1.36it/s]
 38%|███▊      | 98/260 [01:26<01:58,  1.37it/s]
 38%|███▊      | 99/260 [01:27<01:57,  1.37it/s]
 38%|███▊      | 100/260 [01:27<01:56,  1.37it/s]
 39%|███▉      | 101/260 [01:28<01:56,  1.37it/s]
 39%|███▉      | 102/260 [01:29<01:55,  1.37it/s]
 40%|███▉      | 103/260 [01:30<01:54,  1.37it/s]
 40%|████      | 104/260 [01:30<01:43,  1.50it/s]
                                                 

 40%|████      | 104/260 [01:30<01:43,  1.50it/s]{'eval_loss': 0.049792926758527756, 'eval_runtime': 1.9532, 'eval_samples_per_second': 421.866, 'eval_steps_per_second': 13.311, 'epoch': 3.0}
{'loss': 0.0513, 'grad_norm': 0.8843215703964233, 'learning_rate': 3e-05, 'epoch': 4.0}


  0%|          | 0/26 [00:00<?, ?it/s][A

 12%|█▏        | 3/26 [00:00<00:01, 19.87it/s][A

 19%|█▉        | 5/26 [00:00<00:01, 15.98it/s][A

 27%|██▋       | 7/26 [00:00<00:01, 14.72it/s][A

 35%|███▍      | 9/26 [00:00<00:01, 14.15it/s][A

 42%|████▏     | 11/26 [00:00<00:01, 13.80it/s][A

 50%|█████     | 13/26 [00:00<00:00, 13.59it/s][A

 58%|█████▊    | 15/26 [00:01<00:00, 13.47it/s][A

 65%|██████▌   | 17/26 [00:01<00:00, 13.39it/s][A

 73%|███████▎  | 19/26 [00:01<00:00, 13.33it/s][A

 81%|████████  | 21/26 [00:01<00:00, 13.28it/s][A

 88%|████████▊ | 23/26 [00:01<00:00, 13.26it/s][A

 96%|█████████▌| 25/26 [00:01<00:00, 13.29it/s][A

                                               
[A
                                                 

100%|██████████| 26/26 [00:01<00:00, 13.29it/s][A
 40%|████      | 104/260 [01:32<01:43,  1.50it/s]

                                               [A
 40%|████      | 105/260 [01:36<05:37,  2.18s/it]
 41%|████      | 106/260 [01:37<04:28,  1.74s/it]
 41%|████      | 107/260 [01:37<03:40,  1.44s/it]
 42%|████▏     | 108/260 [01:38<03:06,  1.23s/it]
 42%|████▏     | 109/260 [01:39<02:42,  1.08s/it]
 42%|████▏     | 110/260 [01:39<02:25,  1.03it/s]
 43%|████▎     | 111/260 [01:40<02:14,  1.11it/s]
 43%|████▎     | 112/260 [01:41<02:05,  1.18it/s]
 43%|████▎     | 113/260 [01:42<01:59,  1.23it/s]
 44%|████▍     | 114/260 [01:42<01:55,  1.27it/s]
 44%|████▍     | 115/260 [01:43<01:52,  1.29it/s]
 45%|████▍     | 116/260 [01:44<01:49,  1.31it/s]
 45%|████▌     | 117/260 [01:45<01:47,  1.33it/s]
 45%|████▌     | 118/260 [01:45<01:45,  1.34it/s]
 46%|████▌     | 119/260 [01:46<01:44,  1.35it/s]
 46%|████▌     | 120/260 [01:47<01:43,  1.35it/s]
 47%|████▋     | 121/260 [01:48<01:42,  1.36it/s]
 47%|████▋     | 122/260 [01:48<01:41,  1.36it/s]
 47%|████▋     | 123/260 [01:49<01:40,  1.37it/s]
 48%|████▊     | 124/260 [01:50<01:39,  1.36it/s]
 48%|████▊     | 125/260 [01:50<01:38,  1.36it/s]
 48%|████▊     | 126/260 [01:51<01:38,  1.37it/s]
 49%|████▉     | 127/260 [01:52<01:37,  1.37it/s]
 49%|████▉     | 128/260 [01:53<01:36,  1.37it/s]
 50%|████▉     | 129/260 [01:53<01:35,  1.37it/s]
 50%|█████     | 130/260 [01:54<01:26,  1.50it/s]
                                                 

 50%|█████     | 130/260 [01:54<01:26,  1.50it/s]{'eval_loss': 0.03877059742808342, 'eval_runtime': 1.9531, 'eval_samples_per_second': 421.897, 'eval_steps_per_second': 13.312, 'epoch': 4.0}
{'loss': 0.044, 'grad_norm': 0.7809324860572815, 'learning_rate': 2.5e-05, 'epoch': 5.0}


  0%|          | 0/26 [00:00<?, ?it/s][A

 12%|█▏        | 3/26 [00:00<00:01, 19.86it/s][A

 19%|█▉        | 5/26 [00:00<00:01, 15.95it/s][A

 27%|██▋       | 7/26 [00:00<00:01, 14.69it/s][A

 35%|███▍      | 9/26 [00:00<00:01, 14.12it/s][A

 42%|████▏     | 11/26 [00:00<00:01, 13.79it/s][A

 50%|█████     | 13/26 [00:00<00:00, 13.60it/s][A

 58%|█████▊    | 15/26 [00:01<00:00, 13.46it/s][A

 65%|██████▌   | 17/26 [00:01<00:00, 13.39it/s][A

 73%|███████▎  | 19/26 [00:01<00:00, 13.32it/s][A

 81%|████████  | 21/26 [00:01<00:00, 13.29it/s][A

 88%|████████▊ | 23/26 [00:01<00:00, 13.25it/s][A

 96%|█████████▌| 25/26 [00:01<00:00, 13.25it/s][A

                                               
[A
                                                 

100%|██████████| 26/26 [00:01<00:00, 13.25it/s][A
 50%|█████     | 130/260 [01:56<01:26,  1.50it/s]

                                               [A
 50%|█████     | 131/260 [02:00<04:39,  2.17s/it]
 51%|█████     | 132/260 [02:00<03:42,  1.74s/it]
 51%|█████     | 133/260 [02:01<03:02,  1.43s/it]
 52%|█████▏    | 134/260 [02:02<02:33,  1.22s/it]
 52%|█████▏    | 135/260 [02:02<02:14,  1.07s/it]
 52%|█████▏    | 136/260 [02:03<02:00,  1.03it/s]
 53%|█████▎    | 137/260 [02:04<01:50,  1.11it/s]
 53%|█████▎    | 138/260 [02:05<01:43,  1.18it/s]
 53%|█████▎    | 139/260 [02:05<01:38,  1.23it/s]
 54%|█████▍    | 140/260 [02:06<01:34,  1.27it/s]
 54%|█████▍    | 141/260 [02:07<01:31,  1.29it/s]
 55%|█████▍    | 142/260 [02:08<01:29,  1.32it/s]
 55%|█████▌    | 143/260 [02:08<01:27,  1.33it/s]
 55%|█████▌    | 144/260 [02:09<01:26,  1.34it/s]
 56%|█████▌    | 145/260 [02:10<01:25,  1.35it/s]
 56%|█████▌    | 146/260 [02:11<01:24,  1.35it/s]
 57%|█████▋    | 147/260 [02:11<01:23,  1.36it/s]
 57%|█████▋    | 148/260 [02:12<01:22,  1.36it/s]
 57%|█████▋    | 149/260 [02:13<01:21,  1.36it/s]
 58%|█████▊    | 150/260 [02:13<01:20,  1.36it/s]
 58%|█████▊    | 151/260 [02:14<01:19,  1.36it/s]
 58%|█████▊    | 152/260 [02:15<01:19,  1.36it/s]
 59%|█████▉    | 153/260 [02:16<01:18,  1.36it/s]
 59%|█████▉    | 154/260 [02:16<01:17,  1.36it/s]
 60%|█████▉    | 155/260 [02:17<01:16,  1.37it/s]
 60%|██████    | 156/260 [02:18<01:09,  1.50it/s]
                                                 

 60%|██████    | 156/260 [02:18<01:09,  1.50it/s]{'eval_loss': 0.03675072640180588, 'eval_runtime': 1.9546, 'eval_samples_per_second': 421.574, 'eval_steps_per_second': 13.302, 'epoch': 5.0}
{'loss': 0.0375, 'grad_norm': 0.6686965823173523, 'learning_rate': 2e-05, 'epoch': 6.0}


  0%|          | 0/26 [00:00<?, ?it/s][A

 12%|█▏        | 3/26 [00:00<00:01, 19.93it/s][A

 19%|█▉        | 5/26 [00:00<00:01, 15.96it/s][A

 27%|██▋       | 7/26 [00:00<00:01, 14.71it/s][A

 35%|███▍      | 9/26 [00:00<00:01, 14.13it/s][A

 42%|████▏     | 11/26 [00:00<00:01, 13.80it/s][A

 50%|█████     | 13/26 [00:00<00:00, 13.60it/s][A

 58%|█████▊    | 15/26 [00:01<00:00, 13.48it/s][A

 65%|██████▌   | 17/26 [00:01<00:00, 13.38it/s][A

 73%|███████▎  | 19/26 [00:01<00:00, 13.33it/s][A

 81%|████████  | 21/26 [00:01<00:00, 13.28it/s][A

 88%|████████▊ | 23/26 [00:01<00:00, 13.26it/s][A

 96%|█████████▌| 25/26 [00:01<00:00, 13.29it/s][A

                                               
[A
                                                 

100%|██████████| 26/26 [00:01<00:00, 13.29it/s][A
 60%|██████    | 156/260 [02:20<01:09,  1.50it/s]

                                               [A
 60%|██████    | 157/260 [02:24<03:50,  2.24s/it]
 61%|██████    | 158/260 [02:24<03:02,  1.79s/it]
 61%|██████    | 159/260 [02:25<02:28,  1.47s/it]
 62%|██████▏   | 160/260 [02:26<02:04,  1.25s/it]
 62%|██████▏   | 161/260 [02:26<01:48,  1.09s/it]
 62%|██████▏   | 162/260 [02:27<01:36,  1.02it/s]
 63%|██████▎   | 163/260 [02:28<01:28,  1.10it/s]
 63%|██████▎   | 164/260 [02:29<01:21,  1.17it/s]
 63%|██████▎   | 165/260 [02:29<01:17,  1.22it/s]
 64%|██████▍   | 166/260 [02:30<01:14,  1.26it/s]
 64%|██████▍   | 167/260 [02:31<01:12,  1.29it/s]
 65%|██████▍   | 168/260 [02:32<01:10,  1.31it/s]
 65%|██████▌   | 169/260 [02:32<01:08,  1.33it/s]
 65%|██████▌   | 170/260 [02:33<01:07,  1.34it/s]
 66%|██████▌   | 171/260 [02:34<01:05,  1.35it/s]
 66%|██████▌   | 172/260 [02:35<01:05,  1.35it/s]
 67%|██████▋   | 173/260 [02:35<01:04,  1.36it/s]
 67%|██████▋   | 174/260 [02:36<01:03,  1.36it/s]
 67%|██████▋   | 175/260 [02:37<01:02,  1.36it/s]
 68%|██████▊   | 176/260 [02:37<01:01,  1.36it/s]
 68%|██████▊   | 177/260 [02:38<01:00,  1.36it/s]
 68%|██████▊   | 178/260 [02:39<01:00,  1.37it/s]
 69%|██████▉   | 179/260 [02:40<00:59,  1.37it/s]
 69%|██████▉   | 180/260 [02:40<00:58,  1.37it/s]
 70%|██████▉   | 181/260 [02:41<00:57,  1.37it/s]
 70%|███████   | 182/260 [02:42<00:52,  1.50it/s]
                                                 

 70%|███████   | 182/260 [02:42<00:52,  1.50it/s]{'eval_loss': 0.027693456038832664, 'eval_runtime': 1.9525, 'eval_samples_per_second': 422.014, 'eval_steps_per_second': 13.316, 'epoch': 6.0}
{'loss': 0.0348, 'grad_norm': 0.8406703472137451, 'learning_rate': 1.5e-05, 'epoch': 7.0}


  0%|          | 0/26 [00:00<?, ?it/s][A

 12%|█▏        | 3/26 [00:00<00:01, 19.87it/s][A

 19%|█▉        | 5/26 [00:00<00:01, 15.98it/s][A

 27%|██▋       | 7/26 [00:00<00:01, 14.71it/s][A

 35%|███▍      | 9/26 [00:00<00:01, 14.13it/s][A

 42%|████▏     | 11/26 [00:00<00:01, 13.79it/s][A

 50%|█████     | 13/26 [00:00<00:00, 13.60it/s][A

 58%|█████▊    | 15/26 [00:01<00:00, 13.47it/s][A

 65%|██████▌   | 17/26 [00:01<00:00, 13.39it/s][A

 73%|███████▎  | 19/26 [00:01<00:00, 13.33it/s][A

 81%|████████  | 21/26 [00:01<00:00, 13.30it/s][A

 88%|████████▊ | 23/26 [00:01<00:00, 13.27it/s][A

 96%|█████████▌| 25/26 [00:01<00:00, 13.31it/s][A

                                               
[A
                                                 

100%|██████████| 26/26 [00:01<00:00, 13.31it/s][A
 70%|███████   | 182/260 [02:44<00:52,  1.50it/s]

                                               [A
 70%|███████   | 183/260 [02:47<02:49,  2.20s/it]
 71%|███████   | 184/260 [02:48<02:13,  1.76s/it]
 71%|███████   | 185/260 [02:49<01:48,  1.45s/it]
 72%|███████▏  | 186/260 [02:50<01:31,  1.24s/it]
 72%|███████▏  | 187/260 [02:50<01:19,  1.08s/it]
 72%|███████▏  | 188/260 [02:51<01:10,  1.02it/s]
 73%|███████▎  | 189/260 [02:52<01:04,  1.11it/s]
 73%|███████▎  | 190/260 [02:52<00:59,  1.17it/s]
 73%|███████▎  | 191/260 [02:53<00:56,  1.23it/s]
 74%|███████▍  | 192/260 [02:54<00:53,  1.27it/s]
 74%|███████▍  | 193/260 [02:55<00:51,  1.30it/s]
 75%|███████▍  | 194/260 [02:55<00:50,  1.32it/s]
 75%|███████▌  | 195/260 [02:56<00:48,  1.33it/s]
 75%|███████▌  | 196/260 [02:57<00:47,  1.34it/s]
 76%|███████▌  | 197/260 [02:58<00:46,  1.35it/s]
 76%|███████▌  | 198/260 [02:58<00:45,  1.35it/s]
 77%|███████▋  | 199/260 [02:59<00:44,  1.36it/s]
 77%|███████▋  | 200/260 [03:00<00:44,  1.36it/s]
 77%|███████▋  | 201/260 [03:01<00:43,  1.36it/s]
 78%|███████▊  | 202/260 [03:01<00:42,  1.36it/s]
 78%|███████▊  | 203/260 [03:02<00:41,  1.37it/s]
 78%|███████▊  | 204/260 [03:03<00:40,  1.37it/s]
 79%|███████▉  | 205/260 [03:03<00:40,  1.36it/s]
 79%|███████▉  | 206/260 [03:04<00:39,  1.37it/s]
 80%|███████▉  | 207/260 [03:05<00:38,  1.37it/s]
 80%|████████  | 208/260 [03:05<00:34,  1.50it/s]
                                                 

 80%|████████  | 208/260 [03:05<00:34,  1.50it/s]{'eval_loss': 0.029857847839593887, 'eval_runtime': 1.9522, 'eval_samples_per_second': 422.097, 'eval_steps_per_second': 13.319, 'epoch': 7.0}
{'loss': 0.0304, 'grad_norm': 0.6485580205917358, 'learning_rate': 1e-05, 'epoch': 8.0}


  0%|          | 0/26 [00:00<?, ?it/s][A

 12%|█▏        | 3/26 [00:00<00:01, 19.91it/s][A

 19%|█▉        | 5/26 [00:00<00:01, 15.98it/s][A

 27%|██▋       | 7/26 [00:00<00:01, 14.75it/s][A

 35%|███▍      | 9/26 [00:00<00:01, 14.16it/s][A

 42%|████▏     | 11/26 [00:00<00:01, 13.83it/s][A

 50%|█████     | 13/26 [00:00<00:00, 13.62it/s][A

 58%|█████▊    | 15/26 [00:01<00:00, 13.48it/s][A

 65%|██████▌   | 17/26 [00:01<00:00, 13.40it/s][A

 73%|███████▎  | 19/26 [00:01<00:00, 13.35it/s][A

 81%|████████  | 21/26 [00:01<00:00, 13.30it/s][A

 88%|████████▊ | 23/26 [00:01<00:00, 13.27it/s][A

 96%|█████████▌| 25/26 [00:01<00:00, 13.30it/s][A

                                               
[A
                                                 

100%|██████████| 26/26 [00:01<00:00, 13.30it/s][A
 80%|████████  | 208/260 [03:07<00:34,  1.50it/s]

                                               [A
 80%|████████  | 209/260 [03:11<01:49,  2.15s/it]
 81%|████████  | 210/260 [03:12<01:26,  1.72s/it]
 81%|████████  | 211/260 [03:13<01:09,  1.43s/it]
 82%|████████▏ | 212/260 [03:13<00:58,  1.22s/it]
 82%|████████▏ | 213/260 [03:14<00:50,  1.07s/it]
 82%|████████▏ | 214/260 [03:15<00:44,  1.03it/s]
 83%|████████▎ | 215/260 [03:15<00:40,  1.11it/s]
 83%|████████▎ | 216/260 [03:16<00:37,  1.18it/s]
 83%|████████▎ | 217/260 [03:17<00:34,  1.23it/s]
 84%|████████▍ | 218/260 [03:18<00:33,  1.27it/s]
 84%|████████▍ | 219/260 [03:18<00:31,  1.30it/s]
 85%|████████▍ | 220/260 [03:19<00:30,  1.32it/s]
 85%|████████▌ | 221/260 [03:20<00:29,  1.33it/s]
 85%|████████▌ | 222/260 [03:21<00:28,  1.34it/s]
 86%|████████▌ | 223/260 [03:21<00:27,  1.35it/s]
 86%|████████▌ | 224/260 [03:22<00:26,  1.35it/s]
 87%|████████▋ | 225/260 [03:23<00:25,  1.36it/s]
 87%|████████▋ | 226/260 [03:23<00:24,  1.36it/s]
 87%|████████▋ | 227/260 [03:24<00:24,  1.36it/s]
 88%|████████▊ | 228/260 [03:25<00:23,  1.37it/s]
 88%|████████▊ | 229/260 [03:26<00:22,  1.36it/s]
 88%|████████▊ | 230/260 [03:26<00:21,  1.36it/s]
 89%|████████▉ | 231/260 [03:27<00:21,  1.37it/s]
 89%|████████▉ | 232/260 [03:28<00:20,  1.37it/s]
 90%|████████▉ | 233/260 [03:29<00:19,  1.37it/s]
 90%|█████████ | 234/260 [03:29<00:17,  1.50it/s]
                                                 

 90%|█████████ | 234/260 [03:30<00:17,  1.50it/s]{'eval_loss': 0.024196092039346695, 'eval_runtime': 1.9508, 'eval_samples_per_second': 422.399, 'eval_steps_per_second': 13.328, 'epoch': 8.0}
{'loss': 0.0307, 'grad_norm': 0.6520326137542725, 'learning_rate': 5e-06, 'epoch': 9.0}


  0%|          | 0/26 [00:00<?, ?it/s][A

 12%|█▏        | 3/26 [00:00<00:01, 20.06it/s][A

 23%|██▎       | 6/26 [00:00<00:01, 15.38it/s][A

 31%|███       | 8/26 [00:00<00:01, 14.52it/s][A

 38%|███▊      | 10/26 [00:00<00:01, 14.05it/s][A

 46%|████▌     | 12/26 [00:00<00:01, 13.76it/s][A

 54%|█████▍    | 14/26 [00:00<00:00, 13.58it/s][A

 62%|██████▏   | 16/26 [00:01<00:00, 13.46it/s][A

 69%|██████▉   | 18/26 [00:01<00:00, 13.38it/s][A

 77%|███████▋  | 20/26 [00:01<00:00, 13.32it/s][A

 85%|████████▍ | 22/26 [00:01<00:00, 13.30it/s][A

 92%|█████████▏| 24/26 [00:01<00:00, 13.28it/s][A

100%|██████████| 26/26 [00:01<00:00, 13.60it/s][A

                                               
[A
                                                 

100%|██████████| 26/26 [00:02<00:00, 13.60it/s][A
 90%|█████████ | 234/260 [03:32<00:17,  1.50it/s]

                                               [A
 90%|█████████ | 235/260 [03:39<01:23,  3.35s/it]
 91%|█████████ | 236/260 [03:39<01:01,  2.56s/it]
 91%|█████████ | 237/260 [03:40<00:46,  2.01s/it]
 92%|█████████▏| 238/260 [03:41<00:35,  1.63s/it]
 92%|█████████▏| 239/260 [03:42<00:28,  1.36s/it]
 92%|█████████▏| 240/260 [03:42<00:23,  1.17s/it]
 93%|█████████▎| 241/260 [03:43<00:19,  1.04s/it]
 93%|█████████▎| 242/260 [03:44<00:17,  1.06it/s]
 93%|█████████▎| 243/260 [03:45<00:14,  1.14it/s]
 94%|█████████▍| 244/260 [03:45<00:13,  1.20it/s]
 94%|█████████▍| 245/260 [03:46<00:12,  1.24it/s]
 95%|█████████▍| 246/260 [03:47<00:10,  1.28it/s]
 95%|█████████▌| 247/260 [03:47<00:09,  1.31it/s]
 95%|█████████▌| 248/260 [03:48<00:09,  1.33it/s]
 96%|█████████▌| 249/260 [03:49<00:08,  1.34it/s]
 96%|█████████▌| 250/260 [03:50<00:07,  1.35it/s]
 97%|█████████▋| 251/260 [03:50<00:06,  1.35it/s]
 97%|█████████▋| 252/260 [03:51<00:05,  1.36it/s]
 97%|█████████▋| 253/260 [03:52<00:05,  1.36it/s]
 98%|█████████▊| 254/260 [03:53<00:04,  1.36it/s]
 98%|█████████▊| 255/260 [03:53<00:03,  1.37it/s]
 98%|█████████▊| 256/260 [03:54<00:02,  1.37it/s]
 99%|█████████▉| 257/260 [03:55<00:02,  1.37it/s]
 99%|█████████▉| 258/260 [03:55<00:01,  1.37it/s]
100%|█████████▉| 259/260 [03:56<00:00,  1.37it/s]
100%|██████████| 260/260 [03:57<00:00,  1.50it/s]
                                                 

100%|██████████| 260/260 [03:57<00:00,  1.50it/s]{'eval_loss': 0.02363092452287674, 'eval_runtime': 1.9515, 'eval_samples_per_second': 422.23, 'eval_steps_per_second': 13.323, 'epoch': 9.0}
{'loss': 0.0291, 'grad_norm': 0.6518123745918274, 'learning_rate': 0.0, 'epoch': 10.0}


  0%|          | 0/26 [00:00<?, ?it/s][A

 12%|█▏        | 3/26 [00:00<00:01, 20.00it/s][A

 19%|█▉        | 5/26 [00:00<00:01, 16.03it/s][A

 27%|██▋       | 7/26 [00:00<00:01, 14.75it/s][A

 35%|███▍      | 9/26 [00:00<00:01, 14.16it/s][A

 42%|████▏     | 11/26 [00:00<00:01, 13.83it/s][A

 50%|█████     | 13/26 [00:00<00:00, 13.64it/s][A

 58%|█████▊    | 15/26 [00:01<00:00, 13.50it/s][A

 65%|██████▌   | 17/26 [00:01<00:00, 13.42it/s][A

 73%|███████▎  | 19/26 [00:01<00:00, 13.34it/s][A

 81%|████████  | 21/26 [00:01<00:00, 13.32it/s][A

 88%|████████▊ | 23/26 [00:01<00:00, 13.28it/s][A

 96%|█████████▌| 25/26 [00:01<00:00, 13.33it/s][A

                                               
[A
                                                 

100%|██████████| 26/26 [00:01<00:00, 13.33it/s][A
100%|██████████| 260/260 [03:59<00:00,  1.50it/s]

                                               [AThere were missing keys in the checkpoint model loaded: ['lm_head.decoder.weight', 'lm_head.decoder.bias'].

                                                 

100%|██████████| 260/260 [04:02<00:00,  1.50it/s]
100%|██████████| 260/260 [04:02<00:00,  1.07it/s]
Some weights of RobertaForSequenceClassification were not initialized from the model checkpoint at ./layer_pretrained_roberta and are newly initialized: ['classifier.dense.bias', 'classifier.dense.weight', 'classifier.out_proj.bias', 'classifier.out_proj.weight']
You should probably TRAIN this model on a down-stream task to be able to use it for predictions and inference.
2025-04-12 04:16:47.964 | INFO     | __main__:CV_run:403 - Starting fine-tuning with cross-entropy loss
{'eval_loss': 0.023869723081588745, 'eval_runtime': 1.9479, 'eval_samples_per_second': 423.015, 'eval_steps_per_second': 13.348, 'epoch': 10.0}
{'train_runtime': 242.2942, 'train_samples_per_second': 135.95, 'train_steps_per_second': 1.073, 'train_loss': 0.05966017383795518, 'epoch': 10.0}

  0%|          | 0/780 [00:00<?, ?it/s]
  0%|          | 1/780 [00:00<11:14,  1.16it/s]
  0%|          | 2/780 [00:01<07:46,  1.67it/s]
  0%|          | 3/780 [00:01<06:39,  1.95it/s]
  1%|          | 4/780 [00:02<06:07,  2.11it/s]
  1%|          | 5/780 [00:02<05:49,  2.22it/s]
  1%|          | 6/780 [00:02<05:37,  2.30it/s]
  1%|          | 7/780 [00:03<05:28,  2.35it/s]
  1%|          | 8/780 [00:03<05:23,  2.39it/s]
  1%|          | 9/780 [00:04<05:19,  2.42it/s]
  1%|▏         | 10/780 [00:04<05:16,  2.43it/s]
  1%|▏         | 11/780 [00:04<05:14,  2.44it/s]
  2%|▏         | 12/780 [00:05<05:13,  2.45it/s]
  2%|▏         | 13/780 [00:05<05:13,  2.45it/s]
  2%|▏         | 14/780 [00:06<05:13,  2.44it/s]
  2%|▏         | 15/780 [00:06<05:12,  2.45it/s]
  2%|▏         | 16/780 [00:06<05:11,  2.45it/s]
  2%|▏         | 17/780 [00:07<05:10,  2.45it/s]
  2%|▏         | 18/780 [00:07<05:10,  2.46it/s]
  2%|▏         | 19/780 [00:08<05:10,  2.45it/s]
  3%|▎         | 20/780 [00:08<05:09,  2.45it/s]
  3%|▎         | 21/780 [00:09<05:09,  2.45it/s]
  3%|▎         | 22/780 [00:09<05:08,  2.46it/s]
  3%|▎         | 23/780 [00:09<05:07,  2.46it/s]
  3%|▎         | 24/780 [00:10<05:07,  2.46it/s]
  3%|▎         | 25/780 [00:10<05:06,  2.46it/s]
  3%|▎         | 26/780 [00:10<04:55,  2.55it/s]
                                                

  3%|▎         | 26/780 [00:11<04:55,  2.55it/s]{'loss': 3.6342, 'grad_norm': 4.142245769500732, 'learning_rate': 4.8333333333333334e-05, 'epoch': 1.0}


  0%|          | 0/26 [00:00<?, ?it/s][A

 19%|█▉        | 5/26 [00:00<00:00, 37.93it/s][A

 35%|███▍      | 9/26 [00:00<00:00, 33.44it/s][A

 50%|█████     | 13/26 [00:00<00:00, 31.96it/s][A

 65%|██████▌   | 17/26 [00:00<00:00, 31.35it/s][A

 81%|████████  | 21/26 [00:00<00:00, 31.01it/s][A

 96%|█████████▌| 25/26 [00:00<00:00, 30.79it/s][A

                                               
[A
                                                

100%|██████████| 26/26 [00:00<00:00, 30.79it/s][A
  3%|▎         | 26/780 [00:12<04:55,  2.55it/s]

                                               [A{'eval_loss': 2.63450026512146, 'eval_macro_recall': 0.15669515669515668, 'eval_macro_precision': 0.10185629468562986, 'eval_macro_f1': 0.1124368858983329, 'eval_accuracy': 0.4065533980582524, 'eval_micro_recall': 0.4065533980582524, 'eval_micro_precision': 0.4065533980582524, 'eval_micro_f1': 0.4065533980582524, 'eval_runtime': 1.1529, 'eval_samples_per_second': 714.693, 'eval_steps_per_second': 22.551, 'epoch': 1.0}

  3%|▎         | 27/780 [00:15<21:19,  1.70s/it]
  4%|▎         | 28/780 [00:16<16:26,  1.31s/it]
  4%|▎         | 29/780 [00:16<13:00,  1.04s/it]
  4%|▍         | 30/780 [00:16<10:36,  1.18it/s]
  4%|▍         | 31/780 [00:17<08:56,  1.40it/s]
  4%|▍         | 32/780 [00:17<07:46,  1.60it/s]
  4%|▍         | 33/780 [00:18<06:57,  1.79it/s]
  4%|▍         | 34/780 [00:18<06:23,  1.95it/s]
  4%|▍         | 35/780 [00:19<05:58,  2.08it/s]
  5%|▍         | 36/780 [00:19<05:41,  2.18it/s]
  5%|▍         | 37/780 [00:19<05:29,  2.26it/s]
  5%|▍         | 38/780 [00:20<05:20,  2.31it/s]
  5%|▌         | 39/780 [00:20<05:14,  2.35it/s]
  5%|▌         | 40/780 [00:21<05:11,  2.38it/s]
  5%|▌         | 41/780 [00:21<05:08,  2.40it/s]
  5%|▌         | 42/780 [00:21<05:05,  2.42it/s]
  6%|▌         | 43/780 [00:22<05:04,  2.42it/s]
  6%|▌         | 44/780 [00:22<05:03,  2.43it/s]
  6%|▌         | 45/780 [00:23<05:02,  2.43it/s]
  6%|▌         | 46/780 [00:23<05:00,  2.44it/s]
  6%|▌         | 47/780 [00:23<05:00,  2.44it/s]
  6%|▌         | 48/780 [00:24<04:59,  2.44it/s]
  6%|▋         | 49/780 [00:24<04:58,  2.45it/s]
  6%|▋         | 50/780 [00:25<04:57,  2.45it/s]
  7%|▋         | 51/780 [00:25<04:56,  2.45it/s]
  7%|▋         | 52/780 [00:25<04:47,  2.53it/s]
                                                

  7%|▋         | 52/780 [00:25<04:47,  2.53it/s]{'loss': 2.0518, 'grad_norm': 4.018121242523193, 'learning_rate': 4.666666666666667e-05, 'epoch': 2.0}


  0%|          | 0/26 [00:00<?, ?it/s][A

 19%|█▉        | 5/26 [00:00<00:00, 38.17it/s][A

 35%|███▍      | 9/26 [00:00<00:00, 33.51it/s][A

 50%|█████     | 13/26 [00:00<00:00, 32.13it/s][A

 65%|██████▌   | 17/26 [00:00<00:00, 31.46it/s][A

 81%|████████  | 21/26 [00:00<00:00, 31.07it/s][A

 96%|█████████▌| 25/26 [00:00<00:00, 30.85it/s][A

                                               
[A
                                                

100%|██████████| 26/26 [00:00<00:00, 30.85it/s][A
  7%|▋         | 52/780 [00:27<04:47,  2.53it/s]

                                               [A{'eval_loss': 1.4254838228225708, 'eval_macro_recall': 0.5701566951566951, 'eval_macro_precision': 0.527139118557883, 'eval_macro_f1': 0.523510298204632, 'eval_accuracy': 0.7694174757281553, 'eval_micro_recall': 0.7694174757281553, 'eval_micro_precision': 0.7694174757281553, 'eval_micro_f1': 0.7694174757281554, 'eval_runtime': 1.1589, 'eval_samples_per_second': 711.039, 'eval_steps_per_second': 22.436, 'epoch': 2.0}

  7%|▋         | 53/780 [00:30<20:49,  1.72s/it]
  7%|▋         | 54/780 [00:31<16:01,  1.33s/it]
  7%|▋         | 55/780 [00:31<12:40,  1.05s/it]
  7%|▋         | 56/780 [00:31<10:19,  1.17it/s]
  7%|▋         | 57/780 [00:32<08:41,  1.39it/s]
  7%|▋         | 58/780 [00:32<07:32,  1.60it/s]
  8%|▊         | 59/780 [00:33<06:44,  1.78it/s]
  8%|▊         | 60/780 [00:33<06:11,  1.94it/s]
  8%|▊         | 61/780 [00:33<05:47,  2.07it/s]
  8%|▊         | 62/780 [00:34<05:30,  2.17it/s]
  8%|▊         | 63/780 [00:34<05:18,  2.25it/s]
  8%|▊         | 64/780 [00:35<05:09,  2.31it/s]
  8%|▊         | 65/780 [00:35<05:04,  2.35it/s]
  8%|▊         | 66/780 [00:35<05:00,  2.38it/s]
  9%|▊         | 67/780 [00:36<04:57,  2.40it/s]
  9%|▊         | 68/780 [00:36<04:54,  2.42it/s]
  9%|▉         | 69/780 [00:37<04:52,  2.43it/s]
  9%|▉         | 70/780 [00:37<04:51,  2.44it/s]
  9%|▉         | 71/780 [00:38<04:50,  2.44it/s]
  9%|▉         | 72/780 [00:38<04:50,  2.44it/s]
  9%|▉         | 73/780 [00:38<04:49,  2.45it/s]
  9%|▉         | 74/780 [00:39<04:48,  2.44it/s]
 10%|▉         | 75/780 [00:39<04:48,  2.44it/s]
 10%|▉         | 76/780 [00:40<04:48,  2.44it/s]
 10%|▉         | 77/780 [00:40<04:47,  2.45it/s]
 10%|█         | 78/780 [00:40<04:36,  2.54it/s]
                                                

 10%|█         | 78/780 [00:40<04:36,  2.54it/s]{'loss': 1.1806, 'grad_norm': 2.8499722480773926, 'learning_rate': 4.5e-05, 'epoch': 3.0}


  0%|          | 0/26 [00:00<?, ?it/s][A

 19%|█▉        | 5/26 [00:00<00:00, 37.98it/s][A

 35%|███▍      | 9/26 [00:00<00:00, 33.41it/s][A

 50%|█████     | 13/26 [00:00<00:00, 31.93it/s][A

 65%|██████▌   | 17/26 [00:00<00:00, 31.28it/s][A

 81%|████████  | 21/26 [00:00<00:00, 30.93it/s][A

 96%|█████████▌| 25/26 [00:00<00:00, 30.71it/s][A

                                               
[A
                                                

100%|██████████| 26/26 [00:00<00:00, 30.71it/s][A
 10%|█         | 78/780 [00:42<04:36,  2.54it/s]

                                               [A{'eval_loss': 0.816276490688324, 'eval_macro_recall': 0.78823699840649, 'eval_macro_precision': 0.7615533695799848, 'eval_macro_f1': 0.7637556438301697, 'eval_accuracy': 0.9053398058252428, 'eval_micro_recall': 0.9053398058252428, 'eval_micro_precision': 0.9053398058252428, 'eval_micro_f1': 0.9053398058252428, 'eval_runtime': 1.1541, 'eval_samples_per_second': 713.976, 'eval_steps_per_second': 22.528, 'epoch': 3.0}

 10%|█         | 79/780 [00:45<19:48,  1.70s/it]
 10%|█         | 80/780 [00:45<15:16,  1.31s/it]
 10%|█         | 81/780 [00:46<12:06,  1.04s/it]
 11%|█         | 82/780 [00:46<09:52,  1.18it/s]
 11%|█         | 83/780 [00:47<08:18,  1.40it/s]
 11%|█         | 84/780 [00:47<07:13,  1.61it/s]
 11%|█         | 85/780 [00:48<06:27,  1.79it/s]
 11%|█         | 86/780 [00:48<05:56,  1.95it/s]
 11%|█         | 87/780 [00:48<05:33,  2.07it/s]
 11%|█▏        | 88/780 [00:49<05:17,  2.18it/s]
 11%|█▏        | 89/780 [00:49<05:05,  2.26it/s]
 12%|█▏        | 90/780 [00:50<04:57,  2.32it/s]
 12%|█▏        | 91/780 [00:50<04:51,  2.36it/s]
 12%|█▏        | 92/780 [00:50<04:47,  2.39it/s]
 12%|█▏        | 93/780 [00:51<04:45,  2.41it/s]
 12%|█▏        | 94/780 [00:51<04:43,  2.42it/s]
 12%|█▏        | 95/780 [00:52<04:42,  2.43it/s]
 12%|█▏        | 96/780 [00:52<04:40,  2.44it/s]
 12%|█▏        | 97/780 [00:52<04:39,  2.44it/s]
 13%|█▎        | 98/780 [00:53<04:38,  2.44it/s]
 13%|█▎        | 99/780 [00:53<04:38,  2.44it/s]
 13%|█▎        | 100/780 [00:54<04:38,  2.44it/s]
 13%|█▎        | 101/780 [00:54<04:37,  2.45it/s]
 13%|█▎        | 102/780 [00:54<04:36,  2.45it/s]
 13%|█▎        | 103/780 [00:55<04:36,  2.45it/s]
 13%|█▎        | 104/780 [00:55<04:24,  2.55it/s]
                                                 

 13%|█▎        | 104/780 [00:55<04:24,  2.55it/s]{'loss': 0.7038, 'grad_norm': 2.4116106033325195, 'learning_rate': 4.3333333333333334e-05, 'epoch': 4.0}


  0%|          | 0/26 [00:00<?, ?it/s][A

 19%|█▉        | 5/26 [00:00<00:00, 38.09it/s][A

 35%|███▍      | 9/26 [00:00<00:00, 33.40it/s][A

 50%|█████     | 13/26 [00:00<00:00, 31.92it/s][A

 65%|██████▌   | 17/26 [00:00<00:00, 31.28it/s][A

 81%|████████  | 21/26 [00:00<00:00, 30.90it/s][A

 96%|█████████▌| 25/26 [00:00<00:00, 30.69it/s][A

                                               
[A
                                                 

100%|██████████| 26/26 [00:01<00:00, 30.69it/s][A
 13%|█▎        | 104/780 [00:57<04:24,  2.55it/s]

                                               [A{'eval_loss': 0.5020953416824341, 'eval_macro_recall': 0.8589634941329857, 'eval_macro_precision': 0.8504816922270482, 'eval_macro_f1': 0.847725163718913, 'eval_accuracy': 0.941747572815534, 'eval_micro_recall': 0.941747572815534, 'eval_micro_precision': 0.941747572815534, 'eval_micro_f1': 0.941747572815534, 'eval_runtime': 1.2417, 'eval_samples_per_second': 663.586, 'eval_steps_per_second': 20.938, 'epoch': 4.0}

 13%|█▎        | 105/780 [01:00<20:27,  1.82s/it]
 14%|█▎        | 106/780 [01:01<15:39,  1.39s/it]
 14%|█▎        | 107/780 [01:01<12:20,  1.10s/it]
 14%|█▍        | 108/780 [01:02<09:59,  1.12it/s]
 14%|█▍        | 109/780 [01:02<08:20,  1.34it/s]
 14%|█▍        | 110/780 [01:02<07:11,  1.55it/s]
 14%|█▍        | 111/780 [01:03<06:23,  1.74it/s]
 14%|█▍        | 112/780 [01:03<05:50,  1.91it/s]
 14%|█▍        | 113/780 [01:04<05:26,  2.04it/s]
 15%|█▍        | 114/780 [01:04<05:09,  2.15it/s]
 15%|█▍        | 115/780 [01:04<04:57,  2.24it/s]
 15%|█▍        | 116/780 [01:05<04:48,  2.30it/s]
 15%|█▌        | 117/780 [01:05<04:43,  2.34it/s]
 15%|█▌        | 118/780 [01:06<04:39,  2.37it/s]
 15%|█▌        | 119/780 [01:06<04:36,  2.39it/s]
 15%|█▌        | 120/780 [01:06<04:33,  2.41it/s]
 16%|█▌        | 121/780 [01:07<04:31,  2.43it/s]
 16%|█▌        | 122/780 [01:07<04:30,  2.43it/s]
 16%|█▌        | 123/780 [01:08<04:29,  2.44it/s]
 16%|█▌        | 124/780 [01:08<04:28,  2.44it/s]
 16%|█▌        | 125/780 [01:08<04:27,  2.45it/s]
 16%|█▌        | 126/780 [01:09<04:27,  2.45it/s]
 16%|█▋        | 127/780 [01:09<04:27,  2.44it/s]
 16%|█▋        | 128/780 [01:10<04:26,  2.45it/s]
 17%|█▋        | 129/780 [01:10<04:25,  2.45it/s]
 17%|█▋        | 130/780 [01:10<04:17,  2.53it/s]
                                                 

 17%|█▋        | 130/780 [01:11<04:17,  2.53it/s]{'loss': 0.4555, 'grad_norm': 1.8413840532302856, 'learning_rate': 4.166666666666667e-05, 'epoch': 5.0}


  0%|          | 0/26 [00:00<?, ?it/s][A

 19%|█▉        | 5/26 [00:00<00:00, 37.80it/s][A

 35%|███▍      | 9/26 [00:00<00:00, 33.29it/s][A

 50%|█████     | 13/26 [00:00<00:00, 31.92it/s][A

 65%|██████▌   | 17/26 [00:00<00:00, 31.25it/s][A

 81%|████████  | 21/26 [00:00<00:00, 30.91it/s][A

 96%|█████████▌| 25/26 [00:00<00:00, 30.68it/s][A

                                               
[A
                                                 

100%|██████████| 26/26 [00:00<00:00, 30.68it/s][A
 17%|█▋        | 130/780 [01:12<04:17,  2.53it/s]

                                               [A{'eval_loss': 0.3211938142776489, 'eval_macro_recall': 0.88823699840649, 'eval_macro_precision': 0.8740937011331746, 'eval_macro_f1': 0.8782678107057419, 'eval_accuracy': 0.9538834951456311, 'eval_micro_recall': 0.9538834951456311, 'eval_micro_precision': 0.9538834951456311, 'eval_micro_f1': 0.9538834951456311, 'eval_runtime': 1.1616, 'eval_samples_per_second': 709.339, 'eval_steps_per_second': 22.382, 'epoch': 5.0}

 17%|█▋        | 131/780 [01:15<18:16,  1.69s/it]
 17%|█▋        | 132/780 [01:16<14:04,  1.30s/it]
 17%|█▋        | 133/780 [01:16<11:09,  1.04s/it]
 17%|█▋        | 134/780 [01:16<09:07,  1.18it/s]
 17%|█▋        | 135/780 [01:17<07:41,  1.40it/s]
 17%|█▋        | 136/780 [01:17<06:41,  1.60it/s]
 18%|█▊        | 137/780 [01:18<05:58,  1.79it/s]
 18%|█▊        | 138/780 [01:18<05:29,  1.95it/s]
 18%|█▊        | 139/780 [01:18<05:09,  2.07it/s]
 18%|█▊        | 140/780 [01:19<04:54,  2.17it/s]
 18%|█▊        | 141/780 [01:19<04:43,  2.25it/s]
 18%|█▊        | 142/780 [01:20<04:36,  2.31it/s]
 18%|█▊        | 143/780 [01:20<04:31,  2.35it/s]
 18%|█▊        | 144/780 [01:21<04:28,  2.37it/s]
 19%|█▊        | 145/780 [01:21<04:25,  2.39it/s]
 19%|█▊        | 146/780 [01:21<04:22,  2.41it/s]
 19%|█▉        | 147/780 [01:22<04:20,  2.43it/s]
 19%|█▉        | 148/780 [01:22<04:20,  2.43it/s]
 19%|█▉        | 149/780 [01:23<04:19,  2.43it/s]
 19%|█▉        | 150/780 [01:23<04:18,  2.44it/s]
 19%|█▉        | 151/780 [01:23<04:17,  2.44it/s]
 19%|█▉        | 152/780 [01:24<04:17,  2.44it/s]
 20%|█▉        | 153/780 [01:24<04:17,  2.44it/s]
 20%|█▉        | 154/780 [01:25<04:16,  2.44it/s]
 20%|█▉        | 155/780 [01:25<04:15,  2.45it/s]
 20%|██        | 156/780 [01:25<04:06,  2.54it/s]
                                                 

 20%|██        | 156/780 [01:25<04:06,  2.54it/s]{'loss': 0.3028, 'grad_norm': 3.4362540245056152, 'learning_rate': 4e-05, 'epoch': 6.0}


  0%|          | 0/26 [00:00<?, ?it/s][A

 19%|█▉        | 5/26 [00:00<00:00, 37.90it/s][A

 35%|███▍      | 9/26 [00:00<00:00, 33.24it/s][A

 50%|█████     | 13/26 [00:00<00:00, 31.86it/s][A

 65%|██████▌   | 17/26 [00:00<00:00, 31.20it/s][A

 81%|████████  | 21/26 [00:00<00:00, 30.86it/s][A

 96%|█████████▌| 25/26 [00:00<00:00, 30.65it/s][A

                                               
[A
                                                 

100%|██████████| 26/26 [00:00<00:00, 30.65it/s][A
 20%|██        | 156/780 [01:27<04:06,  2.54it/s]

                                               [A{'eval_loss': 0.22232025861740112, 'eval_macro_recall': 0.9278737505432421, 'eval_macro_precision': 0.9313250057913609, 'eval_macro_f1': 0.9254733507682857, 'eval_accuracy': 0.9696601941747572, 'eval_micro_recall': 0.9696601941747572, 'eval_micro_precision': 0.9696601941747572, 'eval_micro_f1': 0.9696601941747572, 'eval_runtime': 1.1586, 'eval_samples_per_second': 711.213, 'eval_steps_per_second': 22.441, 'epoch': 6.0}

 20%|██        | 157/780 [01:30<17:24,  1.68s/it]
 20%|██        | 158/780 [01:30<13:26,  1.30s/it]
 20%|██        | 159/780 [01:31<10:39,  1.03s/it]
 21%|██        | 160/780 [01:31<08:42,  1.19it/s]
 21%|██        | 161/780 [01:32<07:21,  1.40it/s]
 21%|██        | 162/780 [01:32<06:24,  1.61it/s]
 21%|██        | 163/780 [01:32<05:43,  1.79it/s]
 21%|██        | 164/780 [01:33<05:15,  1.95it/s]
 21%|██        | 165/780 [01:33<04:55,  2.08it/s]
 21%|██▏       | 166/780 [01:34<04:42,  2.18it/s]
 21%|██▏       | 167/780 [01:34<04:32,  2.25it/s]
 22%|██▏       | 168/780 [01:35<04:25,  2.31it/s]
 22%|██▏       | 169/780 [01:35<04:20,  2.34it/s]
 22%|██▏       | 170/780 [01:35<04:17,  2.37it/s]
 22%|██▏       | 171/780 [01:36<04:14,  2.39it/s]
 22%|██▏       | 172/780 [01:36<04:12,  2.40it/s]
 22%|██▏       | 173/780 [01:37<04:11,  2.41it/s]
 22%|██▏       | 174/780 [01:37<04:10,  2.42it/s]
 22%|██▏       | 175/780 [01:37<04:08,  2.43it/s]
 23%|██▎       | 176/780 [01:38<04:07,  2.44it/s]
 23%|██▎       | 177/780 [01:38<04:07,  2.44it/s]
 23%|██▎       | 178/780 [01:39<04:06,  2.44it/s]
 23%|██▎       | 179/780 [01:39<04:05,  2.45it/s]
 23%|██▎       | 180/780 [01:39<04:05,  2.45it/s]
 23%|██▎       | 181/780 [01:40<04:05,  2.44it/s]
 23%|██▎       | 182/780 [01:40<03:59,  2.50it/s]
                                                 

 23%|██▎       | 182/780 [01:40<03:59,  2.50it/s]{'loss': 0.2119, 'grad_norm': 2.1625452041625977, 'learning_rate': 3.8333333333333334e-05, 'epoch': 7.0}


  0%|          | 0/26 [00:00<?, ?it/s][A

 19%|█▉        | 5/26 [00:00<00:00, 37.93it/s][A

 35%|███▍      | 9/26 [00:00<00:00, 33.27it/s][A

 50%|█████     | 13/26 [00:00<00:00, 31.81it/s][A

 65%|██████▌   | 17/26 [00:00<00:00, 31.18it/s][A

 81%|████████  | 21/26 [00:00<00:00, 30.83it/s][A

 96%|█████████▌| 25/26 [00:00<00:00, 30.60it/s][A

                                               
[A
                                                 

100%|██████████| 26/26 [00:01<00:00, 30.60it/s][A
 23%|██▎       | 182/780 [01:42<03:59,  2.50it/s]

                                               [A{'eval_loss': 0.16432197391986847, 'eval_macro_recall': 0.9412284513979429, 'eval_macro_precision': 0.9462217150200538, 'eval_macro_f1': 0.9395377115467897, 'eval_accuracy': 0.9830097087378641, 'eval_micro_recall': 0.9830097087378641, 'eval_micro_precision': 0.9830097087378641, 'eval_micro_f1': 0.9830097087378641, 'eval_runtime': 1.195, 'eval_samples_per_second': 689.523, 'eval_steps_per_second': 21.757, 'epoch': 7.0}

 23%|██▎       | 183/780 [01:46<21:17,  2.14s/it]
 24%|██▎       | 184/780 [01:47<16:05,  1.62s/it]
 24%|██▎       | 185/780 [01:47<12:28,  1.26s/it]
 24%|██▍       | 186/780 [01:48<09:55,  1.00s/it]
 24%|██▍       | 187/780 [01:48<08:07,  1.22it/s]
 24%|██▍       | 188/780 [01:48<06:53,  1.43it/s]
 24%|██▍       | 189/780 [01:49<06:00,  1.64it/s]
 24%|██▍       | 190/780 [01:49<05:23,  1.82it/s]
 24%|██▍       | 191/780 [01:50<04:58,  1.97it/s]
 25%|██▍       | 192/780 [01:50<04:40,  2.09it/s]
 25%|██▍       | 193/780 [01:51<04:28,  2.19it/s]
 25%|██▍       | 194/780 [01:51<04:19,  2.26it/s]
 25%|██▌       | 195/780 [01:51<04:12,  2.32it/s]
 25%|██▌       | 196/780 [01:52<04:07,  2.36it/s]
 25%|██▌       | 197/780 [01:52<04:04,  2.38it/s]
 25%|██▌       | 198/780 [01:53<04:02,  2.40it/s]
 26%|██▌       | 199/780 [01:53<04:00,  2.42it/s]
 26%|██▌       | 200/780 [01:53<03:58,  2.43it/s]
 26%|██▌       | 201/780 [01:54<03:57,  2.44it/s]
 26%|██▌       | 202/780 [01:54<03:57,  2.44it/s]
 26%|██▌       | 203/780 [01:55<03:56,  2.44it/s]
 26%|██▌       | 204/780 [01:55<03:55,  2.44it/s]
 26%|██▋       | 205/780 [01:55<03:54,  2.45it/s]
 26%|██▋       | 206/780 [01:56<03:54,  2.45it/s]
 27%|██▋       | 207/780 [01:56<03:54,  2.45it/s]
 27%|██▋       | 208/780 [01:57<03:48,  2.50it/s]
                                                 

 27%|██▋       | 208/780 [01:57<03:48,  2.50it/s]{'loss': 0.1456, 'grad_norm': 0.6029433012008667, 'learning_rate': 3.6666666666666666e-05, 'epoch': 8.0}


  0%|          | 0/26 [00:00<?, ?it/s][A

 19%|█▉        | 5/26 [00:00<00:00, 37.94it/s][A

 35%|███▍      | 9/26 [00:00<00:00, 33.39it/s][A

 50%|█████     | 13/26 [00:00<00:00, 31.98it/s][A

 65%|██████▌   | 17/26 [00:00<00:00, 31.30it/s][A

 81%|████████  | 21/26 [00:00<00:00, 30.88it/s][A

 96%|█████████▌| 25/26 [00:00<00:00, 30.64it/s][A

                                               
[A
                                                 

100%|██████████| 26/26 [00:00<00:00, 30.64it/s][A
 27%|██▋       | 208/780 [01:58<03:48,  2.50it/s]

                                               [A{'eval_loss': 0.13943873345851898, 'eval_macro_recall': 0.9316130667825582, 'eval_macro_precision': 0.9339193563893411, 'eval_macro_f1': 0.9284539720070857, 'eval_accuracy': 0.9720873786407767, 'eval_micro_recall': 0.9720873786407767, 'eval_micro_precision': 0.9720873786407767, 'eval_micro_f1': 0.9720873786407767, 'eval_runtime': 1.1645, 'eval_samples_per_second': 707.576, 'eval_steps_per_second': 22.326, 'epoch': 8.0}

 27%|██▋       | 209/780 [02:01<16:07,  1.69s/it]
 27%|██▋       | 210/780 [02:02<12:25,  1.31s/it]
 27%|██▋       | 211/780 [02:02<09:51,  1.04s/it]
 27%|██▋       | 212/780 [02:03<08:02,  1.18it/s]
 27%|██▋       | 213/780 [02:03<06:46,  1.39it/s]
 27%|██▋       | 214/780 [02:03<05:53,  1.60it/s]
 28%|██▊       | 215/780 [02:04<05:15,  1.79it/s]
 28%|██▊       | 216/780 [02:04<04:50,  1.94it/s]
 28%|██▊       | 217/780 [02:05<04:32,  2.07it/s]
 28%|██▊       | 218/780 [02:05<04:19,  2.17it/s]
 28%|██▊       | 219/780 [02:05<04:10,  2.24it/s]
 28%|██▊       | 220/780 [02:06<04:03,  2.30it/s]
 28%|██▊       | 221/780 [02:06<03:59,  2.34it/s]
 28%|██▊       | 222/780 [02:07<03:55,  2.37it/s]
 29%|██▊       | 223/780 [02:07<03:52,  2.39it/s]
 29%|██▊       | 224/780 [02:07<03:51,  2.41it/s]
 29%|██▉       | 225/780 [02:08<03:49,  2.42it/s]
 29%|██▉       | 226/780 [02:08<03:47,  2.43it/s]
 29%|██▉       | 227/780 [02:09<03:47,  2.43it/s]
 29%|██▉       | 228/780 [02:09<03:46,  2.44it/s]
 29%|██▉       | 229/780 [02:09<03:45,  2.44it/s]
 29%|██▉       | 230/780 [02:10<03:44,  2.45it/s]
 30%|██▉       | 231/780 [02:10<03:44,  2.45it/s]
 30%|██▉       | 232/780 [02:11<03:44,  2.44it/s]
 30%|██▉       | 233/780 [02:11<03:43,  2.44it/s]
 30%|███       | 234/780 [02:12<03:40,  2.48it/s]
                                                 

 30%|███       | 234/780 [02:12<03:40,  2.48it/s]{'loss': 0.1113, 'grad_norm': 1.7609392404556274, 'learning_rate': 3.5e-05, 'epoch': 9.0}


  0%|          | 0/26 [00:00<?, ?it/s][A

 15%|█▌        | 4/26 [00:00<00:00, 39.60it/s][A

 31%|███       | 8/26 [00:00<00:00, 33.39it/s][A

 46%|████▌     | 12/26 [00:00<00:00, 31.84it/s][A

 62%|██████▏   | 16/26 [00:00<00:00, 31.16it/s][A

 77%|███████▋  | 20/26 [00:00<00:00, 30.73it/s][A

 92%|█████████▏| 24/26 [00:00<00:00, 30.50it/s][A

                                               
[A
                                                 

100%|██████████| 26/26 [00:00<00:00, 30.50it/s][A
 30%|███       | 234/780 [02:13<03:40,  2.48it/s]

                                               [A{'eval_loss': 0.1087663546204567, 'eval_macro_recall': 0.9477516363109584, 'eval_macro_precision': 0.9467686603230943, 'eval_macro_f1': 0.9438316530468835, 'eval_accuracy': 0.9854368932038835, 'eval_micro_recall': 0.9854368932038835, 'eval_micro_precision': 0.9854368932038835, 'eval_micro_f1': 0.9854368932038835, 'eval_runtime': 1.1665, 'eval_samples_per_second': 706.378, 'eval_steps_per_second': 22.289, 'epoch': 9.0}

 30%|███       | 235/780 [02:16<15:33,  1.71s/it]
 30%|███       | 236/780 [02:17<11:58,  1.32s/it]
 30%|███       | 237/780 [02:17<09:28,  1.05s/it]
 31%|███       | 238/780 [02:18<07:44,  1.17it/s]
 31%|███       | 239/780 [02:18<06:30,  1.39it/s]
 31%|███       | 240/780 [02:18<05:38,  1.59it/s]
 31%|███       | 241/780 [02:19<05:02,  1.78it/s]
 31%|███       | 242/780 [02:19<04:37,  1.94it/s]
 31%|███       | 243/780 [02:20<04:19,  2.07it/s]
 31%|███▏      | 244/780 [02:20<04:06,  2.17it/s]
 31%|███▏      | 245/780 [02:20<03:58,  2.25it/s]
 32%|███▏      | 246/780 [02:21<03:52,  2.30it/s]
 32%|███▏      | 247/780 [02:21<03:47,  2.35it/s]
 32%|███▏      | 248/780 [02:22<03:43,  2.38it/s]
 32%|███▏      | 249/780 [02:22<03:41,  2.40it/s]
 32%|███▏      | 250/780 [02:22<03:40,  2.40it/s]
 32%|███▏      | 251/780 [02:23<03:38,  2.42it/s]
 32%|███▏      | 252/780 [02:23<03:37,  2.42it/s]
 32%|███▏      | 253/780 [02:24<03:37,  2.42it/s]
 33%|███▎      | 254/780 [02:24<03:36,  2.43it/s]
 33%|███▎      | 255/780 [02:24<03:36,  2.43it/s]
 33%|███▎      | 256/780 [02:25<03:35,  2.43it/s]
 33%|███▎      | 257/780 [02:25<03:34,  2.44it/s]
 33%|███▎      | 258/780 [02:26<03:33,  2.44it/s]
 33%|███▎      | 259/780 [02:26<03:33,  2.44it/s]
 33%|███▎      | 260/780 [02:26<03:24,  2.54it/s]
                                                 

 33%|███▎      | 260/780 [02:26<03:24,  2.54it/s]{'loss': 0.092, 'grad_norm': 0.7246372699737549, 'learning_rate': 3.3333333333333335e-05, 'epoch': 10.0}


  0%|          | 0/26 [00:00<?, ?it/s][A

 19%|█▉        | 5/26 [00:00<00:00, 37.69it/s][A

 35%|███▍      | 9/26 [00:00<00:00, 33.22it/s][A

 50%|█████     | 13/26 [00:00<00:00, 31.85it/s][A

 65%|██████▌   | 17/26 [00:00<00:00, 31.18it/s][A

 81%|████████  | 21/26 [00:00<00:00, 30.79it/s][A

 96%|█████████▌| 25/26 [00:00<00:00, 30.53it/s][A

                                               
[A
                                                 

100%|██████████| 26/26 [00:00<00:00, 30.53it/s][A
 33%|███▎      | 260/780 [02:28<03:24,  2.54it/s]

                                               [A{'eval_loss': 0.1008293405175209, 'eval_macro_recall': 0.9468969354562576, 'eval_macro_precision': 0.9480507116051456, 'eval_macro_f1': 0.9455649761496838, 'eval_accuracy': 0.9817961165048543, 'eval_micro_recall': 0.9817961165048543, 'eval_micro_precision': 0.9817961165048543, 'eval_micro_f1': 0.9817961165048543, 'eval_runtime': 1.1443, 'eval_samples_per_second': 720.11, 'eval_steps_per_second': 22.722, 'epoch': 10.0}

 33%|███▎      | 261/780 [02:31<15:04,  1.74s/it]
 34%|███▎      | 262/780 [02:32<11:35,  1.34s/it]
 34%|███▎      | 263/780 [02:32<09:09,  1.06s/it]
 34%|███▍      | 264/780 [02:33<07:27,  1.15it/s]
 34%|███▍      | 265/780 [02:33<06:15,  1.37it/s]
 34%|███▍      | 266/780 [02:33<05:25,  1.58it/s]
 34%|███▍      | 267/780 [02:34<04:49,  1.77it/s]
 34%|███▍      | 268/780 [02:34<04:25,  1.93it/s]
 34%|███▍      | 269/780 [02:35<04:08,  2.06it/s]
 35%|███▍      | 270/780 [02:35<03:55,  2.16it/s]
 35%|███▍      | 271/780 [02:35<03:46,  2.24it/s]
 35%|███▍      | 272/780 [02:36<03:40,  2.30it/s]
 35%|███▌      | 273/780 [02:36<03:37,  2.34it/s]
 35%|███▌      | 274/780 [02:37<03:33,  2.37it/s]
 35%|███▌      | 275/780 [02:37<03:31,  2.39it/s]
 35%|███▌      | 276/780 [02:37<03:29,  2.40it/s]
 36%|███▌      | 277/780 [02:38<03:28,  2.42it/s]
 36%|███▌      | 278/780 [02:38<03:26,  2.43it/s]
 36%|███▌      | 279/780 [02:39<03:26,  2.43it/s]
 36%|███▌      | 280/780 [02:39<03:25,  2.43it/s]
 36%|███▌      | 281/780 [02:40<03:24,  2.44it/s]
 36%|███▌      | 282/780 [02:40<03:24,  2.44it/s]
 36%|███▋      | 283/780 [02:40<03:24,  2.44it/s]
 36%|███▋      | 284/780 [02:41<03:23,  2.44it/s]
 37%|███▋      | 285/780 [02:41<03:22,  2.45it/s]
 37%|███▋      | 286/780 [02:42<03:15,  2.52it/s]
                                                 

 37%|███▋      | 286/780 [02:42<03:15,  2.52it/s]{'loss': 0.074, 'grad_norm': 1.570430874824524, 'learning_rate': 3.1666666666666666e-05, 'epoch': 11.0}


  0%|          | 0/26 [00:00<?, ?it/s][A

 19%|█▉        | 5/26 [00:00<00:00, 37.80it/s][A

 35%|███▍      | 9/26 [00:00<00:00, 33.20it/s][A

 50%|█████     | 13/26 [00:00<00:00, 31.77it/s][A

 65%|██████▌   | 17/26 [00:00<00:00, 31.17it/s][A

 81%|████████  | 21/26 [00:00<00:00, 30.78it/s][A

 96%|█████████▌| 25/26 [00:00<00:00, 30.53it/s][A

                                               
[A
                                                 

100%|██████████| 26/26 [00:00<00:00, 30.53it/s][A
 37%|███▋      | 286/780 [02:43<03:15,  2.52it/s]

                                               [A{'eval_loss': 0.08032559603452682, 'eval_macro_recall': 0.9534079385774302, 'eval_macro_precision': 0.9515133593317191, 'eval_macro_f1': 0.951187011119545, 'eval_accuracy': 0.9890776699029126, 'eval_micro_recall': 0.9890776699029126, 'eval_micro_precision': 0.9890776699029126, 'eval_micro_f1': 0.9890776699029126, 'eval_runtime': 1.1569, 'eval_samples_per_second': 712.245, 'eval_steps_per_second': 22.474, 'epoch': 11.0}

 37%|███▋      | 287/780 [02:46<13:57,  1.70s/it]
 37%|███▋      | 288/780 [02:47<10:44,  1.31s/it]
 37%|███▋      | 289/780 [02:47<08:30,  1.04s/it]
 37%|███▋      | 290/780 [02:47<06:56,  1.18it/s]
 37%|███▋      | 291/780 [02:48<05:51,  1.39it/s]
 37%|███▋      | 292/780 [02:48<05:05,  1.60it/s]
 38%|███▊      | 293/780 [02:49<04:32,  1.79it/s]
 38%|███▊      | 294/780 [02:49<04:09,  1.95it/s]
 38%|███▊      | 295/780 [02:50<03:54,  2.07it/s]
 38%|███▊      | 296/780 [02:50<03:43,  2.17it/s]
 38%|███▊      | 297/780 [02:50<03:35,  2.25it/s]
 38%|███▊      | 298/780 [02:51<03:29,  2.30it/s]
 38%|███▊      | 299/780 [02:51<03:25,  2.34it/s]
 38%|███▊      | 300/780 [02:52<03:22,  2.37it/s]
 39%|███▊      | 301/780 [02:52<03:19,  2.40it/s]
 39%|███▊      | 302/780 [02:52<03:18,  2.41it/s]
 39%|███▉      | 303/780 [02:53<03:17,  2.42it/s]
 39%|███▉      | 304/780 [02:53<03:15,  2.43it/s]
 39%|███▉      | 305/780 [02:54<03:14,  2.44it/s]
 39%|███▉      | 306/780 [02:54<03:14,  2.44it/s]
 39%|███▉      | 307/780 [02:54<03:13,  2.44it/s]
 39%|███▉      | 308/780 [02:55<03:13,  2.44it/s]
 40%|███▉      | 309/780 [02:55<03:12,  2.45it/s]
 40%|███▉      | 310/780 [02:56<03:12,  2.44it/s]
 40%|███▉      | 311/780 [02:56<03:12,  2.44it/s]
 40%|████      | 312/780 [02:56<03:05,  2.53it/s]
                                                 

 40%|████      | 312/780 [02:57<03:05,  2.53it/s]{'loss': 0.0649, 'grad_norm': 0.3904155492782593, 'learning_rate': 3e-05, 'epoch': 12.0}


  0%|          | 0/26 [00:00<?, ?it/s][A

 19%|█▉        | 5/26 [00:00<00:00, 37.94it/s][A

 35%|███▍      | 9/26 [00:00<00:00, 33.17it/s][A

 50%|█████     | 13/26 [00:00<00:00, 31.82it/s][A

 65%|██████▌   | 17/26 [00:00<00:00, 31.15it/s][A

 81%|████████  | 21/26 [00:00<00:00, 30.76it/s][A

 96%|█████████▌| 25/26 [00:00<00:00, 30.51it/s][A

                                               
[A
                                                 

100%|██████████| 26/26 [00:00<00:00, 30.51it/s][A
 40%|████      | 312/780 [02:58<03:05,  2.53it/s]

                                               [A{'eval_loss': 0.07977954298257828, 'eval_macro_recall': 0.9469976821671738, 'eval_macro_precision': 0.9529555743366871, 'eval_macro_f1': 0.9471755414195733, 'eval_accuracy': 0.9866504854368932, 'eval_micro_recall': 0.9866504854368932, 'eval_micro_precision': 0.9866504854368932, 'eval_micro_f1': 0.9866504854368932, 'eval_runtime': 1.1657, 'eval_samples_per_second': 706.881, 'eval_steps_per_second': 22.305, 'epoch': 12.0}

 40%|████      | 313/780 [03:01<13:18,  1.71s/it]
 40%|████      | 314/780 [03:02<10:14,  1.32s/it]
 40%|████      | 315/780 [03:02<08:06,  1.05s/it]
 41%|████      | 316/780 [03:02<06:36,  1.17it/s]
 41%|████      | 317/780 [03:03<05:33,  1.39it/s]
 41%|████      | 318/780 [03:03<04:49,  1.59it/s]
 41%|████      | 319/780 [03:04<04:19,  1.78it/s]
 41%|████      | 320/780 [03:04<03:57,  1.94it/s]
 41%|████      | 321/780 [03:04<03:42,  2.06it/s]
 41%|████▏     | 322/780 [03:05<03:32,  2.16it/s]
 41%|████▏     | 323/780 [03:05<03:24,  2.24it/s]
 42%|████▏     | 324/780 [03:06<03:18,  2.29it/s]
 42%|████▏     | 325/780 [03:06<03:14,  2.34it/s]
 42%|████▏     | 326/780 [03:07<03:11,  2.37it/s]
 42%|████▏     | 327/780 [03:07<03:09,  2.39it/s]
 42%|████▏     | 328/780 [03:07<03:07,  2.41it/s]
 42%|████▏     | 329/780 [03:08<03:06,  2.41it/s]
 42%|████▏     | 330/780 [03:08<03:05,  2.42it/s]
 42%|████▏     | 331/780 [03:09<03:04,  2.43it/s]
 43%|████▎     | 332/780 [03:09<03:04,  2.43it/s]
 43%|████▎     | 333/780 [03:09<03:03,  2.43it/s]
 43%|████▎     | 334/780 [03:10<03:02,  2.44it/s]
 43%|████▎     | 335/780 [03:10<03:02,  2.44it/s]
 43%|████▎     | 336/780 [03:11<03:01,  2.44it/s]
 43%|████▎     | 337/780 [03:11<03:01,  2.45it/s]
 43%|████▎     | 338/780 [03:11<02:57,  2.50it/s]
                                                 

 43%|████▎     | 338/780 [03:11<02:57,  2.50it/s]{'loss': 0.0603, 'grad_norm': 0.9603903889656067, 'learning_rate': 2.8333333333333335e-05, 'epoch': 13.0}


  0%|          | 0/26 [00:00<?, ?it/s][A

 19%|█▉        | 5/26 [00:00<00:00, 37.99it/s][A

 35%|███▍      | 9/26 [00:00<00:00, 33.42it/s][A

 50%|█████     | 13/26 [00:00<00:00, 31.91it/s][A

 65%|██████▌   | 17/26 [00:00<00:00, 31.26it/s][A

 81%|████████  | 21/26 [00:00<00:00, 30.85it/s][A

 96%|█████████▌| 25/26 [00:00<00:00, 30.60it/s][A

                                               
[A
                                                 

100%|██████████| 26/26 [00:01<00:00, 30.60it/s][A
 43%|████▎     | 338/780 [03:13<02:57,  2.50it/s]

                                               [A{'eval_loss': 0.07483210414648056, 'eval_macro_recall': 0.9491344343039259, 'eval_macro_precision': 0.9512884380541663, 'eval_macro_f1': 0.9472332187849429, 'eval_accuracy': 0.9878640776699029, 'eval_micro_recall': 0.9878640776699029, 'eval_micro_precision': 0.9878640776699029, 'eval_micro_f1': 0.9878640776699029, 'eval_runtime': 1.1662, 'eval_samples_per_second': 706.561, 'eval_steps_per_second': 22.294, 'epoch': 13.0}

 43%|████▎     | 339/780 [03:16<13:00,  1.77s/it]
 44%|████▎     | 340/780 [03:17<09:58,  1.36s/it]
 44%|████▎     | 341/780 [03:17<07:51,  1.08s/it]
 44%|████▍     | 342/780 [03:18<06:23,  1.14it/s]
 44%|████▍     | 343/780 [03:18<05:21,  1.36it/s]
 44%|████▍     | 344/780 [03:18<04:37,  1.57it/s]
 44%|████▍     | 345/780 [03:19<04:07,  1.76it/s]
 44%|████▍     | 346/780 [03:19<03:46,  1.92it/s]
 44%|████▍     | 347/780 [03:20<03:31,  2.05it/s]
 45%|████▍     | 348/780 [03:20<03:20,  2.16it/s]
 45%|████▍     | 349/780 [03:20<03:12,  2.24it/s]
 45%|████▍     | 350/780 [03:21<03:07,  2.29it/s]
 45%|████▌     | 351/780 [03:21<03:03,  2.34it/s]
 45%|████▌     | 352/780 [03:22<03:00,  2.37it/s]
 45%|████▌     | 353/780 [03:22<02:58,  2.39it/s]
 45%|████▌     | 354/780 [03:23<02:57,  2.40it/s]
 46%|████▌     | 355/780 [03:23<02:56,  2.41it/s]
 46%|████▌     | 356/780 [03:23<02:55,  2.42it/s]
 46%|████▌     | 357/780 [03:24<02:54,  2.42it/s]
 46%|████▌     | 358/780 [03:24<02:53,  2.43it/s]
 46%|████▌     | 359/780 [03:25<02:53,  2.43it/s]
 46%|████▌     | 360/780 [03:25<02:52,  2.43it/s]
 46%|████▋     | 361/780 [03:25<02:51,  2.44it/s]
 46%|████▋     | 362/780 [03:26<02:51,  2.44it/s]
 47%|████▋     | 363/780 [03:26<02:50,  2.44it/s]
 47%|████▋     | 364/780 [03:27<02:46,  2.50it/s]
                                                 

 47%|████▋     | 364/780 [03:27<02:46,  2.50it/s]{'loss': 0.052, 'grad_norm': 0.532241940498352, 'learning_rate': 2.6666666666666667e-05, 'epoch': 14.0}


  0%|          | 0/26 [00:00<?, ?it/s][A

 19%|█▉        | 5/26 [00:00<00:00, 37.88it/s][A

 35%|███▍      | 9/26 [00:00<00:00, 33.30it/s][A

 50%|█████     | 13/26 [00:00<00:00, 31.86it/s][A

 65%|██████▌   | 17/26 [00:00<00:00, 31.14it/s][A

 81%|████████  | 21/26 [00:00<00:00, 30.78it/s][A

 96%|█████████▌| 25/26 [00:00<00:00, 30.57it/s][A

                                               
[A
                                                 

100%|██████████| 26/26 [00:00<00:00, 30.57it/s][A
 47%|████▋     | 364/780 [03:28<02:46,  2.50it/s]

                                               [A{'eval_loss': 0.06733359396457672, 'eval_macro_recall': 0.9550105026799943, 'eval_macro_precision': 0.9564659528470657, 'eval_macro_f1': 0.9551312386394847, 'eval_accuracy': 0.9902912621359223, 'eval_micro_recall': 0.9902912621359223, 'eval_micro_precision': 0.9902912621359223, 'eval_micro_f1': 0.9902912621359223, 'eval_runtime': 1.1575, 'eval_samples_per_second': 711.869, 'eval_steps_per_second': 22.462, 'epoch': 14.0}

 47%|████▋     | 365/780 [03:31<11:42,  1.69s/it]
 47%|████▋     | 366/780 [03:32<09:00,  1.31s/it]
 47%|████▋     | 367/780 [03:32<07:07,  1.04s/it]
 47%|████▋     | 368/780 [03:33<05:49,  1.18it/s]
 47%|████▋     | 369/780 [03:33<04:54,  1.40it/s]
 47%|████▋     | 370/780 [03:33<04:15,  1.60it/s]
 48%|████▊     | 371/780 [03:34<03:48,  1.79it/s]
 48%|████▊     | 372/780 [03:34<03:29,  1.94it/s]
 48%|████▊     | 373/780 [03:35<03:16,  2.07it/s]
 48%|████▊     | 374/780 [03:35<03:07,  2.17it/s]
 48%|████▊     | 375/780 [03:35<03:00,  2.24it/s]
 48%|████▊     | 376/780 [03:36<02:55,  2.30it/s]
 48%|████▊     | 377/780 [03:36<02:51,  2.35it/s]
 48%|████▊     | 378/780 [03:37<02:49,  2.37it/s]
 49%|████▊     | 379/780 [03:37<02:47,  2.39it/s]
 49%|████▊     | 380/780 [03:37<02:45,  2.41it/s]
 49%|████▉     | 381/780 [03:38<02:44,  2.42it/s]
 49%|████▉     | 382/780 [03:38<02:44,  2.42it/s]
 49%|████▉     | 383/780 [03:39<02:43,  2.43it/s]
 49%|████▉     | 384/780 [03:39<02:42,  2.44it/s]
 49%|████▉     | 385/780 [03:39<02:41,  2.44it/s]
 49%|████▉     | 386/780 [03:40<02:41,  2.44it/s]
 50%|████▉     | 387/780 [03:40<02:40,  2.44it/s]
 50%|████▉     | 388/780 [03:41<02:40,  2.45it/s]
 50%|████▉     | 389/780 [03:41<02:39,  2.45it/s]
 50%|█████     | 390/780 [03:41<02:36,  2.50it/s]
                                                 

 50%|█████     | 390/780 [03:41<02:36,  2.50it/s]{'loss': 0.0456, 'grad_norm': 0.4922991693019867, 'learning_rate': 2.5e-05, 'epoch': 15.0}


  0%|          | 0/26 [00:00<?, ?it/s][A

 19%|█▉        | 5/26 [00:00<00:00, 37.66it/s][A

 35%|███▍      | 9/26 [00:00<00:00, 33.23it/s][A

 50%|█████     | 13/26 [00:00<00:00, 31.84it/s][A

 65%|██████▌   | 17/26 [00:00<00:00, 31.12it/s][A

 81%|████████  | 21/26 [00:00<00:00, 30.77it/s][A

 96%|█████████▌| 25/26 [00:00<00:00, 30.53it/s][A

                                               
[A
                                                 

100%|██████████| 26/26 [00:00<00:00, 30.53it/s][A
 50%|█████     | 390/780 [03:43<02:36,  2.50it/s]

                                               [A{'eval_loss': 0.06980747729539871, 'eval_macro_recall': 0.9472404949099863, 'eval_macro_precision': 0.9520465082733562, 'eval_macro_f1': 0.9471782953215315, 'eval_accuracy': 0.9854368932038835, 'eval_micro_recall': 0.9854368932038835, 'eval_micro_precision': 0.9854368932038835, 'eval_micro_f1': 0.9854368932038835, 'eval_runtime': 1.1592, 'eval_samples_per_second': 710.817, 'eval_steps_per_second': 22.429, 'epoch': 15.0}

 50%|█████     | 391/780 [03:46<11:07,  1.72s/it]
 50%|█████     | 392/780 [03:47<08:33,  1.32s/it]
 50%|█████     | 393/780 [03:47<06:46,  1.05s/it]
 51%|█████     | 394/780 [03:48<05:31,  1.16it/s]
 51%|█████     | 395/780 [03:48<04:38,  1.38it/s]
 51%|█████     | 396/780 [03:48<04:01,  1.59it/s]
 51%|█████     | 397/780 [03:49<03:36,  1.77it/s]
 51%|█████     | 398/780 [03:49<03:17,  1.93it/s]
 51%|█████     | 399/780 [03:50<03:04,  2.06it/s]
 51%|█████▏    | 400/780 [03:50<02:55,  2.17it/s]
 51%|█████▏    | 401/780 [03:50<02:48,  2.24it/s]
 52%|█████▏    | 402/780 [03:51<02:44,  2.30it/s]
 52%|█████▏    | 403/780 [03:51<02:41,  2.34it/s]
 52%|█████▏    | 404/780 [03:52<02:38,  2.37it/s]
 52%|█████▏    | 405/780 [03:52<02:36,  2.39it/s]
 52%|█████▏    | 406/780 [03:52<02:35,  2.40it/s]
 52%|█████▏    | 407/780 [03:53<02:34,  2.42it/s]
 52%|█████▏    | 408/780 [03:53<02:33,  2.43it/s]
 52%|█████▏    | 409/780 [03:54<02:32,  2.43it/s]
 53%|█████▎    | 410/780 [03:54<02:32,  2.43it/s]
 53%|█████▎    | 411/780 [03:54<02:31,  2.43it/s]
 53%|█████▎    | 412/780 [03:55<02:31,  2.43it/s]
 53%|█████▎    | 413/780 [03:55<02:30,  2.43it/s]
 53%|█████▎    | 414/780 [03:56<02:29,  2.44it/s]
 53%|█████▎    | 415/780 [03:56<02:29,  2.45it/s]
 53%|█████▎    | 416/780 [03:56<02:22,  2.55it/s]
                                                 

 53%|█████▎    | 416/780 [03:56<02:22,  2.55it/s]{'loss': 0.041, 'grad_norm': 0.1360647827386856, 'learning_rate': 2.3333333333333336e-05, 'epoch': 16.0}


  0%|          | 0/26 [00:00<?, ?it/s][A

 19%|█▉        | 5/26 [00:00<00:00, 37.85it/s][A

 35%|███▍      | 9/26 [00:00<00:00, 33.25it/s][A

 50%|█████     | 13/26 [00:00<00:00, 31.80it/s][A

 65%|██████▌   | 17/26 [00:00<00:00, 31.12it/s][A

 81%|████████  | 21/26 [00:00<00:00, 30.75it/s][A

 96%|█████████▌| 25/26 [00:00<00:00, 30.51it/s][A

                                               
[A
                                                 

100%|██████████| 26/26 [00:00<00:00, 30.51it/s][A
 53%|█████▎    | 416/780 [03:58<02:22,  2.55it/s]

                                               [A{'eval_loss': 0.06802971661090851, 'eval_macro_recall': 0.95073699840649, 'eval_macro_precision': 0.9562487874756354, 'eval_macro_f1': 0.9511792862790441, 'eval_accuracy': 0.9890776699029126, 'eval_micro_recall': 0.9890776699029126, 'eval_micro_precision': 0.9890776699029126, 'eval_micro_f1': 0.9890776699029126, 'eval_runtime': 1.1876, 'eval_samples_per_second': 693.817, 'eval_steps_per_second': 21.892, 'epoch': 16.0}

 53%|█████▎    | 417/780 [04:01<10:11,  1.68s/it]
 54%|█████▎    | 418/780 [04:02<07:50,  1.30s/it]
 54%|█████▎    | 419/780 [04:02<06:12,  1.03s/it]
 54%|█████▍    | 420/780 [04:02<05:04,  1.18it/s]
 54%|█████▍    | 421/780 [04:03<04:16,  1.40it/s]
 54%|█████▍    | 422/780 [04:03<03:43,  1.60it/s]
 54%|█████▍    | 423/780 [04:04<03:19,  1.79it/s]
 54%|█████▍    | 424/780 [04:04<03:02,  1.95it/s]
 54%|█████▍    | 425/780 [04:04<02:51,  2.07it/s]
 55%|█████▍    | 426/780 [04:05<02:43,  2.17it/s]
 55%|█████▍    | 427/780 [04:05<02:37,  2.25it/s]
 55%|█████▍    | 428/780 [04:06<02:32,  2.31it/s]
 55%|█████▌    | 429/780 [04:06<02:29,  2.35it/s]
 55%|█████▌    | 430/780 [04:06<02:27,  2.38it/s]
 55%|█████▌    | 431/780 [04:07<02:25,  2.40it/s]
 55%|█████▌    | 432/780 [04:07<02:24,  2.41it/s]
 56%|█████▌    | 433/780 [04:08<02:22,  2.43it/s]
 56%|█████▌    | 434/780 [04:08<02:22,  2.43it/s]
 56%|█████▌    | 435/780 [04:09<02:21,  2.43it/s]
 56%|█████▌    | 436/780 [04:09<02:21,  2.43it/s]
 56%|█████▌    | 437/780 [04:09<02:20,  2.44it/s]
 56%|█████▌    | 438/780 [04:10<02:20,  2.44it/s]
 56%|█████▋    | 439/780 [04:10<02:20,  2.43it/s]
 56%|█████▋    | 440/780 [04:11<02:19,  2.44it/s]
 57%|█████▋    | 441/780 [04:11<02:18,  2.45it/s]
 57%|█████▋    | 442/780 [04:11<02:13,  2.54it/s]
                                                 

 57%|█████▋    | 442/780 [04:11<02:13,  2.54it/s]{'loss': 0.0395, 'grad_norm': 0.9302539825439453, 'learning_rate': 2.1666666666666667e-05, 'epoch': 17.0}


  0%|          | 0/26 [00:00<?, ?it/s][A

 19%|█▉        | 5/26 [00:00<00:00, 38.37it/s][A

 35%|███▍      | 9/26 [00:00<00:00, 33.51it/s][A

 50%|█████     | 13/26 [00:00<00:00, 31.94it/s][A

 65%|██████▌   | 17/26 [00:00<00:00, 31.23it/s][A

 81%|████████  | 21/26 [00:00<00:00, 30.82it/s][A

 96%|█████████▌| 25/26 [00:00<00:00, 30.60it/s][A

                                               
[A
                                                 

100%|██████████| 26/26 [00:00<00:00, 30.60it/s][A
 57%|█████▋    | 442/780 [04:13<02:13,  2.54it/s]

                                               [A{'eval_loss': 0.06651248782873154, 'eval_macro_recall': 0.95073699840649, 'eval_macro_precision': 0.9562487874756354, 'eval_macro_f1': 0.9511792862790441, 'eval_accuracy': 0.9890776699029126, 'eval_micro_recall': 0.9890776699029126, 'eval_micro_precision': 0.9890776699029126, 'eval_micro_f1': 0.9890776699029126, 'eval_runtime': 1.1631, 'eval_samples_per_second': 708.45, 'eval_steps_per_second': 22.354, 'epoch': 17.0}

 57%|█████▋    | 443/780 [04:16<09:32,  1.70s/it]
 57%|█████▋    | 444/780 [04:16<07:20,  1.31s/it]
 57%|█████▋    | 445/780 [04:17<05:48,  1.04s/it]
 57%|█████▋    | 446/780 [04:17<04:44,  1.18it/s]
 57%|█████▋    | 447/780 [04:18<03:59,  1.39it/s]
 57%|█████▋    | 448/780 [04:18<03:27,  1.60it/s]
 58%|█████▊    | 449/780 [04:19<03:05,  1.79it/s]
 58%|█████▊    | 450/780 [04:19<02:50,  1.94it/s]
 58%|█████▊    | 451/780 [04:19<02:39,  2.07it/s]
 58%|█████▊    | 452/780 [04:20<02:31,  2.17it/s]
 58%|█████▊    | 453/780 [04:20<02:25,  2.25it/s]
 58%|█████▊    | 454/780 [04:21<02:21,  2.30it/s]
 58%|█████▊    | 455/780 [04:21<02:18,  2.34it/s]
 58%|█████▊    | 456/780 [04:21<02:16,  2.37it/s]
 59%|█████▊    | 457/780 [04:22<02:14,  2.40it/s]
 59%|█████▊    | 458/780 [04:22<02:13,  2.41it/s]
 59%|█████▉    | 459/780 [04:23<02:12,  2.42it/s]
 59%|█████▉    | 460/780 [04:23<02:11,  2.43it/s]
 59%|█████▉    | 461/780 [04:23<02:10,  2.44it/s]
 59%|█████▉    | 462/780 [04:24<02:10,  2.44it/s]
 59%|█████▉    | 463/780 [04:24<02:09,  2.44it/s]
 59%|█████▉    | 464/780 [04:25<02:09,  2.44it/s]
 60%|█████▉    | 465/780 [04:25<02:08,  2.45it/s]
 60%|█████▉    | 466/780 [04:25<02:08,  2.45it/s]
 60%|█████▉    | 467/780 [04:26<02:08,  2.44it/s]
 60%|██████    | 468/780 [04:26<02:03,  2.53it/s]
                                                 

 60%|██████    | 468/780 [04:26<02:03,  2.53it/s]{'loss': 0.0379, 'grad_norm': 0.10402531176805496, 'learning_rate': 2e-05, 'epoch': 18.0}


  0%|          | 0/26 [00:00<?, ?it/s][A

 19%|█▉        | 5/26 [00:00<00:00, 38.05it/s][A

 35%|███▍      | 9/26 [00:00<00:00, 33.44it/s][A

 50%|█████     | 13/26 [00:00<00:00, 32.01it/s][A

 65%|██████▌   | 17/26 [00:00<00:00, 31.31it/s][A

 81%|████████  | 21/26 [00:00<00:00, 30.89it/s][A

 96%|█████████▌| 25/26 [00:00<00:00, 30.69it/s][A

                                               
[A
                                                 

100%|██████████| 26/26 [00:00<00:00, 30.69it/s][A
 60%|██████    | 468/780 [04:27<02:03,  2.53it/s]

                                               [A{'eval_loss': 0.06100426986813545, 'eval_macro_recall': 0.952339562509054, 'eval_macro_precision': 0.9532608246419375, 'eval_macro_f1': 0.9501330966848207, 'eval_accuracy': 0.9902912621359223, 'eval_micro_recall': 0.9902912621359223, 'eval_micro_precision': 0.9902912621359223, 'eval_micro_f1': 0.9902912621359223, 'eval_runtime': 1.1576, 'eval_samples_per_second': 711.812, 'eval_steps_per_second': 22.46, 'epoch': 18.0}

 60%|██████    | 469/780 [04:31<08:38,  1.67s/it]
 60%|██████    | 470/780 [04:31<06:39,  1.29s/it]
 60%|██████    | 471/780 [04:32<05:16,  1.02s/it]
 61%|██████    | 472/780 [04:32<04:18,  1.19it/s]
 61%|██████    | 473/780 [04:32<03:37,  1.41it/s]
 61%|██████    | 474/780 [04:33<03:09,  1.62it/s]
 61%|██████    | 475/780 [04:33<02:49,  1.80it/s]
 61%|██████    | 476/780 [04:34<02:35,  1.95it/s]
 61%|██████    | 477/780 [04:34<02:25,  2.08it/s]
 61%|██████▏   | 478/780 [04:35<02:18,  2.19it/s]
 61%|██████▏   | 479/780 [04:35<02:13,  2.26it/s]
 62%|██████▏   | 480/780 [04:35<02:09,  2.31it/s]
 62%|██████▏   | 481/780 [04:36<02:07,  2.35it/s]
 62%|██████▏   | 482/780 [04:36<02:05,  2.38it/s]
 62%|██████▏   | 483/780 [04:37<02:03,  2.40it/s]
 62%|██████▏   | 484/780 [04:37<02:02,  2.42it/s]
 62%|██████▏   | 485/780 [04:37<02:01,  2.43it/s]
 62%|██████▏   | 486/780 [04:38<02:01,  2.43it/s]
 62%|██████▏   | 487/780 [04:38<02:00,  2.44it/s]
 63%|██████▎   | 488/780 [04:39<01:59,  2.44it/s]
 63%|██████▎   | 489/780 [04:39<01:59,  2.44it/s]
 63%|██████▎   | 490/780 [04:39<01:58,  2.44it/s]
 63%|██████▎   | 491/780 [04:40<01:58,  2.45it/s]
 63%|██████▎   | 492/780 [04:40<01:57,  2.45it/s]
 63%|██████▎   | 493/780 [04:41<01:57,  2.45it/s]
 63%|██████▎   | 494/780 [04:41<01:55,  2.49it/s]
                                                 

 63%|██████▎   | 494/780 [04:41<01:55,  2.49it/s]{'loss': 0.0327, 'grad_norm': 0.10200311243534088, 'learning_rate': 1.8333333333333333e-05, 'epoch': 19.0}


  0%|          | 0/26 [00:00<?, ?it/s][A

 19%|█▉        | 5/26 [00:00<00:00, 38.05it/s][A

 35%|███▍      | 9/26 [00:00<00:00, 33.41it/s][A

 50%|█████     | 13/26 [00:00<00:00, 31.93it/s][A

 65%|██████▌   | 17/26 [00:00<00:00, 31.24it/s][A

 81%|████████  | 21/26 [00:00<00:00, 30.83it/s][A

 96%|█████████▌| 25/26 [00:00<00:00, 30.61it/s][A

                                               
[A
                                                 

100%|██████████| 26/26 [00:00<00:00, 30.61it/s][A
 63%|██████▎   | 494/780 [04:42<01:55,  2.49it/s]

                                               [A{'eval_loss': 0.062407467514276505, 'eval_macro_recall': 0.95073699840649, 'eval_macro_precision': 0.9521924485735616, 'eval_macro_f1': 0.9487209822292281, 'eval_accuracy': 0.9890776699029126, 'eval_micro_recall': 0.9890776699029126, 'eval_micro_precision': 0.9890776699029126, 'eval_micro_f1': 0.9890776699029126, 'eval_runtime': 1.1615, 'eval_samples_per_second': 709.418, 'eval_steps_per_second': 22.385, 'epoch': 19.0}

 63%|██████▎   | 495/780 [04:46<08:01,  1.69s/it]
 64%|██████▎   | 496/780 [04:46<06:10,  1.31s/it]
 64%|██████▎   | 497/780 [04:47<04:53,  1.04s/it]
 64%|██████▍   | 498/780 [04:47<03:58,  1.18it/s]
 64%|██████▍   | 499/780 [04:47<03:20,  1.40it/s]
 64%|██████▍   | 500/780 [04:48<02:54,  1.61it/s]
 64%|██████▍   | 501/780 [04:48<02:35,  1.79it/s]
 64%|██████▍   | 502/780 [04:49<02:22,  1.95it/s]
 64%|██████▍   | 503/780 [04:49<02:13,  2.08it/s]
 65%|██████▍   | 504/780 [04:49<02:06,  2.18it/s]
 65%|██████▍   | 505/780 [04:50<02:01,  2.26it/s]
 65%|██████▍   | 506/780 [04:50<01:58,  2.31it/s]
 65%|██████▌   | 507/780 [04:51<01:56,  2.35it/s]
 65%|██████▌   | 508/780 [04:51<01:54,  2.38it/s]
 65%|██████▌   | 509/780 [04:51<01:52,  2.40it/s]
 65%|██████▌   | 510/780 [04:52<01:51,  2.42it/s]
 66%|██████▌   | 511/780 [04:52<01:50,  2.43it/s]
 66%|██████▌   | 512/780 [04:53<01:50,  2.43it/s]
 66%|██████▌   | 513/780 [04:53<01:49,  2.43it/s]
 66%|██████▌   | 514/780 [04:53<01:48,  2.44it/s]
 66%|██████▌   | 515/780 [04:54<01:48,  2.45it/s]
 66%|██████▌   | 516/780 [04:54<01:47,  2.45it/s]
 66%|██████▋   | 517/780 [04:55<01:47,  2.44it/s]
 66%|██████▋   | 518/780 [04:55<01:47,  2.45it/s]
 67%|██████▋   | 519/780 [04:56<01:46,  2.45it/s]
 67%|██████▋   | 520/780 [04:56<01:42,  2.53it/s]
                                                 

 67%|██████▋   | 520/780 [04:56<01:42,  2.53it/s]{'loss': 0.0293, 'grad_norm': 0.1318754106760025, 'learning_rate': 1.6666666666666667e-05, 'epoch': 20.0}


  0%|          | 0/26 [00:00<?, ?it/s][A

 19%|█▉        | 5/26 [00:00<00:00, 38.13it/s][A

 35%|███▍      | 9/26 [00:00<00:00, 33.44it/s][A

 50%|█████     | 13/26 [00:00<00:00, 31.98it/s][A

 65%|██████▌   | 17/26 [00:00<00:00, 31.27it/s][A

 81%|████████  | 21/26 [00:00<00:00, 30.84it/s][A

 96%|█████████▌| 25/26 [00:00<00:00, 30.60it/s][A

                                               
[A
                                                 

100%|██████████| 26/26 [00:01<00:00, 30.60it/s][A
 67%|██████▋   | 520/780 [04:57<01:42,  2.53it/s]

                                               [A{'eval_loss': 0.06116189435124397, 'eval_macro_recall': 0.952339562509054, 'eval_macro_precision': 0.9573171635440113, 'eval_macro_f1': 0.9525914007346368, 'eval_accuracy': 0.9902912621359223, 'eval_micro_recall': 0.9902912621359223, 'eval_micro_precision': 0.9902912621359223, 'eval_micro_f1': 0.9902912621359223, 'eval_runtime': 1.1429, 'eval_samples_per_second': 721.0, 'eval_steps_per_second': 22.75, 'epoch': 20.0}

 67%|██████▋   | 521/780 [05:01<07:24,  1.71s/it]
 67%|██████▋   | 522/780 [05:01<05:41,  1.32s/it]
 67%|██████▋   | 523/780 [05:01<04:29,  1.05s/it]
 67%|██████▋   | 524/780 [05:02<03:39,  1.17it/s]
 67%|██████▋   | 525/780 [05:02<03:04,  1.38it/s]
 67%|██████▋   | 526/780 [05:03<02:39,  1.59it/s]
 68%|██████▊   | 527/780 [05:03<02:21,  1.78it/s]
 68%|██████▊   | 528/780 [05:04<02:09,  1.94it/s]
 68%|██████▊   | 529/780 [05:04<02:01,  2.07it/s]
 68%|██████▊   | 530/780 [05:04<01:55,  2.17it/s]
 68%|██████▊   | 531/780 [05:05<01:50,  2.25it/s]
 68%|██████▊   | 532/780 [05:05<01:47,  2.31it/s]
 68%|██████▊   | 533/780 [05:06<01:45,  2.35it/s]
 68%|██████▊   | 534/780 [05:06<01:43,  2.37it/s]
 69%|██████▊   | 535/780 [05:06<01:42,  2.39it/s]
 69%|██████▊   | 536/780 [05:07<01:40,  2.42it/s]
 69%|██████▉   | 537/780 [05:07<01:39,  2.43it/s]
 69%|██████▉   | 538/780 [05:08<01:39,  2.44it/s]
 69%|██████▉   | 539/780 [05:08<01:38,  2.44it/s]
 69%|██████▉   | 540/780 [05:08<01:38,  2.44it/s]
 69%|██████▉   | 541/780 [05:09<01:37,  2.44it/s]
 69%|██████▉   | 542/780 [05:09<01:37,  2.45it/s]
 70%|██████▉   | 543/780 [05:10<01:36,  2.45it/s]
 70%|██████▉   | 544/780 [05:10<01:36,  2.45it/s]
 70%|██████▉   | 545/780 [05:10<01:36,  2.44it/s]
 70%|███████   | 546/780 [05:11<01:34,  2.48it/s]
                                                 

 70%|███████   | 546/780 [05:11<01:34,  2.48it/s]{'loss': 0.0293, 'grad_norm': 0.07291918992996216, 'learning_rate': 1.5e-05, 'epoch': 21.0}


  0%|          | 0/26 [00:00<?, ?it/s][A

 19%|█▉        | 5/26 [00:00<00:00, 38.02it/s][A

 35%|███▍      | 9/26 [00:00<00:00, 33.41it/s][A

 50%|█████     | 13/26 [00:00<00:00, 31.99it/s][A

 65%|██████▌   | 17/26 [00:00<00:00, 31.32it/s][A

 81%|████████  | 21/26 [00:00<00:00, 30.96it/s][A

 96%|█████████▌| 25/26 [00:00<00:00, 30.72it/s][A

                                               
[A
                                                 

100%|██████████| 26/26 [00:00<00:00, 30.72it/s][A
 70%|███████   | 546/780 [05:12<01:34,  2.48it/s]

                                               [A{'eval_loss': 0.06047980114817619, 'eval_macro_recall': 0.952339562509054, 'eval_macro_precision': 0.9532608246419375, 'eval_macro_f1': 0.9501330966848207, 'eval_accuracy': 0.9902912621359223, 'eval_micro_recall': 0.9902912621359223, 'eval_micro_precision': 0.9902912621359223, 'eval_micro_f1': 0.9902912621359223, 'eval_runtime': 1.1619, 'eval_samples_per_second': 709.164, 'eval_steps_per_second': 22.377, 'epoch': 21.0}

 70%|███████   | 547/780 [05:16<06:43,  1.73s/it]
 70%|███████   | 548/780 [05:16<05:09,  1.33s/it]
 70%|███████   | 549/780 [05:17<04:03,  1.06s/it]
 71%|███████   | 550/780 [05:17<03:18,  1.16it/s]
 71%|███████   | 551/780 [05:17<02:46,  1.38it/s]
 71%|███████   | 552/780 [05:18<02:23,  1.59it/s]
 71%|███████   | 553/780 [05:18<02:07,  1.78it/s]
 71%|███████   | 554/780 [05:19<01:56,  1.94it/s]
 71%|███████   | 555/780 [05:19<01:48,  2.07it/s]
 71%|███████▏  | 556/780 [05:19<01:43,  2.17it/s]
 71%|███████▏  | 557/780 [05:20<01:39,  2.24it/s]
 72%|███████▏  | 558/780 [05:20<01:36,  2.31it/s]
 72%|███████▏  | 559/780 [05:21<01:33,  2.35it/s]
 72%|███████▏  | 560/780 [05:21<01:32,  2.38it/s]
 72%|███████▏  | 561/780 [05:21<01:31,  2.40it/s]
 72%|███████▏  | 562/780 [05:22<01:30,  2.41it/s]
 72%|███████▏  | 563/780 [05:22<01:29,  2.42it/s]
 72%|███████▏  | 564/780 [05:23<01:28,  2.43it/s]
 72%|███████▏  | 565/780 [05:23<01:28,  2.44it/s]
 73%|███████▎  | 566/780 [05:23<01:27,  2.44it/s]
 73%|███████▎  | 567/780 [05:24<01:27,  2.44it/s]
 73%|███████▎  | 568/780 [05:24<01:26,  2.45it/s]
 73%|███████▎  | 569/780 [05:25<01:26,  2.45it/s]
 73%|███████▎  | 570/780 [05:25<01:25,  2.45it/s]
 73%|███████▎  | 571/780 [05:25<01:25,  2.44it/s]
 73%|███████▎  | 572/780 [05:26<01:22,  2.53it/s]
                                                 

 73%|███████▎  | 572/780 [05:26<01:22,  2.53it/s]{'loss': 0.0255, 'grad_norm': 0.2983698844909668, 'learning_rate': 1.3333333333333333e-05, 'epoch': 22.0}


  0%|          | 0/26 [00:00<?, ?it/s][A

 19%|█▉        | 5/26 [00:00<00:00, 38.00it/s][A

 35%|███▍      | 9/26 [00:00<00:00, 33.37it/s][A

 50%|█████     | 13/26 [00:00<00:00, 31.93it/s][A

 65%|██████▌   | 17/26 [00:00<00:00, 31.24it/s][A

 81%|████████  | 21/26 [00:00<00:00, 30.87it/s][A

 96%|█████████▌| 25/26 [00:00<00:00, 30.64it/s][A

                                               
[A
                                                 

100%|██████████| 26/26 [00:01<00:00, 30.64it/s][A
 73%|███████▎  | 572/780 [05:27<01:22,  2.53it/s]

                                               [A{'eval_loss': 0.06207595765590668, 'eval_macro_recall': 0.9508602725682257, 'eval_macro_precision': 0.9565553584925164, 'eval_macro_f1': 0.9515045958016781, 'eval_accuracy': 0.9866504854368932, 'eval_micro_recall': 0.9866504854368932, 'eval_micro_precision': 0.9866504854368932, 'eval_micro_f1': 0.9866504854368932, 'eval_runtime': 1.1971, 'eval_samples_per_second': 688.357, 'eval_steps_per_second': 21.72, 'epoch': 22.0}

 73%|███████▎  | 573/780 [05:31<06:09,  1.79s/it]
 74%|███████▎  | 574/780 [05:31<04:42,  1.37s/it]
 74%|███████▎  | 575/780 [05:32<03:42,  1.08s/it]
 74%|███████▍  | 576/780 [05:32<02:59,  1.13it/s]
 74%|███████▍  | 577/780 [05:33<02:29,  1.35it/s]
 74%|███████▍  | 578/780 [05:33<02:09,  1.56it/s]
 74%|███████▍  | 579/780 [05:33<01:54,  1.75it/s]
 74%|███████▍  | 580/780 [05:34<01:44,  1.92it/s]
 74%|███████▍  | 581/780 [05:34<01:37,  2.05it/s]
 75%|███████▍  | 582/780 [05:35<01:31,  2.16it/s]
 75%|███████▍  | 583/780 [05:35<01:27,  2.24it/s]
 75%|███████▍  | 584/780 [05:35<01:25,  2.30it/s]
 75%|███████▌  | 585/780 [05:36<01:23,  2.34it/s]
 75%|███████▌  | 586/780 [05:36<01:21,  2.37it/s]
 75%|███████▌  | 587/780 [05:37<01:20,  2.39it/s]
 75%|███████▌  | 588/780 [05:37<01:19,  2.41it/s]
 76%|███████▌  | 589/780 [05:37<01:18,  2.42it/s]
 76%|███████▌  | 590/780 [05:38<01:18,  2.43it/s]
 76%|███████▌  | 591/780 [05:38<01:17,  2.43it/s]
 76%|███████▌  | 592/780 [05:39<01:17,  2.44it/s]
 76%|███████▌  | 593/780 [05:39<01:16,  2.43it/s]
 76%|███████▌  | 594/780 [05:39<01:16,  2.44it/s]
 76%|███████▋  | 595/780 [05:40<01:15,  2.45it/s]
 76%|███████▋  | 596/780 [05:40<01:15,  2.44it/s]
 77%|███████▋  | 597/780 [05:41<01:14,  2.44it/s]
 77%|███████▋  | 598/780 [05:41<01:12,  2.51it/s]
                                                 

 77%|███████▋  | 598/780 [05:41<01:12,  2.51it/s]{'loss': 0.0256, 'grad_norm': 0.40510934591293335, 'learning_rate': 1.1666666666666668e-05, 'epoch': 23.0}


  0%|          | 0/26 [00:00<?, ?it/s][A

 19%|█▉        | 5/26 [00:00<00:00, 37.87it/s][A

 35%|███▍      | 9/26 [00:00<00:00, 33.30it/s][A

 50%|█████     | 13/26 [00:00<00:00, 31.87it/s][A

 65%|██████▌   | 17/26 [00:00<00:00, 31.18it/s][A

 81%|████████  | 21/26 [00:00<00:00, 30.80it/s][A

 96%|█████████▌| 25/26 [00:00<00:00, 30.56it/s][A

                                               
[A
                                                 

100%|██████████| 26/26 [00:01<00:00, 30.56it/s][A
 77%|███████▋  | 598/780 [05:43<01:12,  2.51it/s]

                                               [A{'eval_loss': 0.06171000748872757, 'eval_macro_recall': 0.952339562509054, 'eval_macro_precision': 0.9573171635440113, 'eval_macro_f1': 0.9525914007346368, 'eval_accuracy': 0.9902912621359223, 'eval_micro_recall': 0.9902912621359223, 'eval_micro_precision': 0.9902912621359223, 'eval_micro_f1': 0.9902912621359223, 'eval_runtime': 1.1792, 'eval_samples_per_second': 698.773, 'eval_steps_per_second': 22.049, 'epoch': 23.0}

 77%|███████▋  | 599/780 [05:46<05:19,  1.77s/it]
 77%|███████▋  | 600/780 [05:46<04:04,  1.36s/it]
 77%|███████▋  | 601/780 [05:47<03:12,  1.07s/it]
 77%|███████▋  | 602/780 [05:47<02:35,  1.14it/s]
 77%|███████▋  | 603/780 [05:48<02:09,  1.36it/s]
 77%|███████▋  | 604/780 [05:48<01:51,  1.57it/s]
 78%|███████▊  | 605/780 [05:48<01:39,  1.76it/s]
 78%|███████▊  | 606/780 [05:49<01:30,  1.92it/s]
 78%|███████▊  | 607/780 [05:49<01:24,  2.06it/s]
 78%|███████▊  | 608/780 [05:50<01:19,  2.16it/s]
 78%|███████▊  | 609/780 [05:50<01:16,  2.24it/s]
 78%|███████▊  | 610/780 [05:50<01:13,  2.30it/s]
 78%|███████▊  | 611/780 [05:51<01:12,  2.34it/s]
 78%|███████▊  | 612/780 [05:51<01:10,  2.37it/s]
 79%|███████▊  | 613/780 [05:52<01:09,  2.40it/s]
 79%|███████▊  | 614/780 [05:52<01:08,  2.42it/s]
 79%|███████▉  | 615/780 [05:53<01:08,  2.42it/s]
 79%|███████▉  | 616/780 [05:53<01:07,  2.42it/s]
 79%|███████▉  | 617/780 [05:53<01:06,  2.43it/s]
 79%|███████▉  | 618/780 [05:54<01:06,  2.44it/s]
 79%|███████▉  | 619/780 [05:54<01:06,  2.44it/s]
 79%|███████▉  | 620/780 [05:55<01:05,  2.44it/s]
 80%|███████▉  | 621/780 [05:55<01:05,  2.45it/s]
 80%|███████▉  | 622/780 [05:55<01:04,  2.45it/s]
 80%|███████▉  | 623/780 [05:56<01:04,  2.44it/s]
 80%|████████  | 624/780 [05:56<01:01,  2.54it/s]
                                                 

 80%|████████  | 624/780 [05:56<01:01,  2.54it/s]{'loss': 0.026, 'grad_norm': 0.1594427227973938, 'learning_rate': 1e-05, 'epoch': 24.0}


  0%|          | 0/26 [00:00<?, ?it/s][A

 19%|█▉        | 5/26 [00:00<00:00, 37.82it/s][A

 35%|███▍      | 9/26 [00:00<00:00, 33.27it/s][A

 50%|█████     | 13/26 [00:00<00:00, 31.87it/s][A

 65%|██████▌   | 17/26 [00:00<00:00, 31.22it/s][A

 81%|████████  | 21/26 [00:00<00:00, 30.82it/s][A

 96%|█████████▌| 25/26 [00:00<00:00, 30.61it/s][A

                                               
[A
                                                 

100%|██████████| 26/26 [00:00<00:00, 30.61it/s][A
 80%|████████  | 624/780 [05:58<01:01,  2.54it/s]

                                               [A{'eval_loss': 0.06080944091081619, 'eval_macro_recall': 0.952339562509054, 'eval_macro_precision': 0.9573171635440113, 'eval_macro_f1': 0.9525914007346368, 'eval_accuracy': 0.9902912621359223, 'eval_micro_recall': 0.9902912621359223, 'eval_micro_precision': 0.9902912621359223, 'eval_micro_f1': 0.9902912621359223, 'eval_runtime': 1.1962, 'eval_samples_per_second': 688.875, 'eval_steps_per_second': 21.736, 'epoch': 24.0}

 80%|████████  | 625/780 [06:01<04:42,  1.82s/it]
 80%|████████  | 626/780 [06:02<03:35,  1.40s/it]
 80%|████████  | 627/780 [06:02<02:48,  1.10s/it]
 81%|████████  | 628/780 [06:03<02:15,  1.12it/s]
 81%|████████  | 629/780 [06:03<01:52,  1.34it/s]
 81%|████████  | 630/780 [06:03<01:36,  1.55it/s]
 81%|████████  | 631/780 [06:04<01:25,  1.74it/s]
 81%|████████  | 632/780 [06:04<01:17,  1.91it/s]
 81%|████████  | 633/780 [06:05<01:12,  2.04it/s]
 81%|████████▏ | 634/780 [06:05<01:07,  2.15it/s]
 81%|████████▏ | 635/780 [06:05<01:04,  2.23it/s]
 82%|████████▏ | 636/780 [06:06<01:02,  2.30it/s]
 82%|████████▏ | 637/780 [06:06<01:01,  2.34it/s]
 82%|████████▏ | 638/780 [06:07<00:59,  2.37it/s]
 82%|████████▏ | 639/780 [06:07<00:58,  2.39it/s]
 82%|████████▏ | 640/780 [06:07<00:58,  2.41it/s]
 82%|████████▏ | 641/780 [06:08<00:57,  2.42it/s]
 82%|████████▏ | 642/780 [06:08<00:56,  2.43it/s]
 82%|████████▏ | 643/780 [06:09<00:56,  2.43it/s]
 83%|████████▎ | 644/780 [06:09<00:55,  2.44it/s]
 83%|████████▎ | 645/780 [06:09<00:55,  2.45it/s]
 83%|████████▎ | 646/780 [06:10<00:54,  2.44it/s]
 83%|████████▎ | 647/780 [06:10<00:54,  2.44it/s]
 83%|████████▎ | 648/780 [06:11<00:54,  2.44it/s]
 83%|████████▎ | 649/780 [06:11<00:53,  2.45it/s]
 83%|████████▎ | 650/780 [06:11<00:51,  2.52it/s]
                                                 

 83%|████████▎ | 650/780 [06:12<00:51,  2.52it/s]{'loss': 0.0234, 'grad_norm': 0.10417237132787704, 'learning_rate': 8.333333333333334e-06, 'epoch': 25.0}


  0%|          | 0/26 [00:00<?, ?it/s][A

 19%|█▉        | 5/26 [00:00<00:00, 37.92it/s][A

 35%|███▍      | 9/26 [00:00<00:00, 33.37it/s][A

 50%|█████     | 13/26 [00:00<00:00, 31.93it/s][A

 65%|██████▌   | 17/26 [00:00<00:00, 31.31it/s][A

 81%|████████  | 21/26 [00:00<00:00, 30.93it/s][A

 96%|█████████▌| 25/26 [00:00<00:00, 30.66it/s][A

                                               
[A
                                                 

100%|██████████| 26/26 [00:00<00:00, 30.66it/s][A
 83%|████████▎ | 650/780 [06:13<00:51,  2.52it/s]

                                               [A{'eval_loss': 0.06170858070254326, 'eval_macro_recall': 0.9508602725682257, 'eval_macro_precision': 0.9565553584925164, 'eval_macro_f1': 0.9515045958016781, 'eval_accuracy': 0.9866504854368932, 'eval_micro_recall': 0.9866504854368932, 'eval_micro_precision': 0.9866504854368932, 'eval_micro_f1': 0.9866504854368932, 'eval_runtime': 1.1664, 'eval_samples_per_second': 706.456, 'eval_steps_per_second': 22.291, 'epoch': 25.0}

 83%|████████▎ | 651/780 [06:16<03:47,  1.76s/it]
 84%|████████▎ | 652/780 [06:17<02:53,  1.36s/it]
 84%|████████▎ | 653/780 [06:17<02:16,  1.07s/it]
 84%|████████▍ | 654/780 [06:18<01:50,  1.14it/s]
 84%|████████▍ | 655/780 [06:18<01:31,  1.36it/s]
 84%|████████▍ | 656/780 [06:18<01:18,  1.57it/s]
 84%|████████▍ | 657/780 [06:19<01:09,  1.76it/s]
 84%|████████▍ | 658/780 [06:19<01:03,  1.92it/s]
 84%|████████▍ | 659/780 [06:20<00:59,  2.05it/s]
 85%|████████▍ | 660/780 [06:20<00:55,  2.16it/s]
 85%|████████▍ | 661/780 [06:21<00:53,  2.24it/s]
 85%|████████▍ | 662/780 [06:21<00:51,  2.30it/s]
 85%|████████▌ | 663/780 [06:21<00:50,  2.34it/s]
 85%|████████▌ | 664/780 [06:22<00:49,  2.36it/s]
 85%|████████▌ | 665/780 [06:22<00:48,  2.38it/s]
 85%|████████▌ | 666/780 [06:23<00:47,  2.40it/s]
 86%|████████▌ | 667/780 [06:23<00:46,  2.41it/s]
 86%|████████▌ | 668/780 [06:23<00:46,  2.41it/s]
 86%|████████▌ | 669/780 [06:24<00:45,  2.42it/s]
 86%|████████▌ | 670/780 [06:24<00:45,  2.43it/s]
 86%|████████▌ | 671/780 [06:25<00:44,  2.43it/s]
 86%|████████▌ | 672/780 [06:25<00:44,  2.43it/s]
 86%|████████▋ | 673/780 [06:25<00:43,  2.44it/s]
 86%|████████▋ | 674/780 [06:26<00:43,  2.44it/s]
 87%|████████▋ | 675/780 [06:26<00:43,  2.44it/s]
 87%|████████▋ | 676/780 [06:27<00:41,  2.49it/s]
                                                 

 87%|████████▋ | 676/780 [06:27<00:41,  2.49it/s]{'loss': 0.0228, 'grad_norm': 0.19059163331985474, 'learning_rate': 6.666666666666667e-06, 'epoch': 26.0}


  0%|          | 0/26 [00:00<?, ?it/s][A

 19%|█▉        | 5/26 [00:00<00:00, 37.99it/s][A

 35%|███▍      | 9/26 [00:00<00:00, 33.28it/s][A

 50%|█████     | 13/26 [00:00<00:00, 31.89it/s][A

 65%|██████▌   | 17/26 [00:00<00:00, 31.18it/s][A

 81%|████████  | 21/26 [00:00<00:00, 30.85it/s][A

 96%|█████████▌| 25/26 [00:00<00:00, 30.60it/s][A

                                               
[A
                                                 

100%|██████████| 26/26 [00:00<00:00, 30.60it/s][A
 87%|████████▋ | 676/780 [06:28<00:41,  2.49it/s]

                                               [A{'eval_loss': 0.059767842292785645, 'eval_macro_recall': 0.952339562509054, 'eval_macro_precision': 0.9557028270839399, 'eval_macro_f1': 0.9517110059550379, 'eval_accuracy': 0.9902912621359223, 'eval_micro_recall': 0.9902912621359223, 'eval_micro_precision': 0.9902912621359223, 'eval_micro_f1': 0.9902912621359223, 'eval_runtime': 1.1886, 'eval_samples_per_second': 693.277, 'eval_steps_per_second': 21.875, 'epoch': 26.0}

 87%|████████▋ | 677/780 [06:32<03:01,  1.76s/it]
 87%|████████▋ | 678/780 [06:32<02:18,  1.35s/it]
 87%|████████▋ | 679/780 [06:32<01:48,  1.07s/it]
 87%|████████▋ | 680/780 [06:33<01:27,  1.15it/s]
 87%|████████▋ | 681/780 [06:33<01:12,  1.37it/s]
 87%|████████▋ | 682/780 [06:34<01:02,  1.58it/s]
 88%|████████▊ | 683/780 [06:34<00:55,  1.76it/s]
 88%|████████▊ | 684/780 [06:34<00:49,  1.92it/s]
 88%|████████▊ | 685/780 [06:35<00:46,  2.05it/s]
 88%|████████▊ | 686/780 [06:35<00:43,  2.16it/s]
 88%|████████▊ | 687/780 [06:36<00:41,  2.24it/s]
 88%|████████▊ | 688/780 [06:36<00:39,  2.30it/s]
 88%|████████▊ | 689/780 [06:36<00:38,  2.34it/s]
 88%|████████▊ | 690/780 [06:37<00:38,  2.37it/s]
 89%|████████▊ | 691/780 [06:37<00:37,  2.39it/s]
 89%|████████▊ | 692/780 [06:38<00:36,  2.41it/s]
 89%|████████▉ | 693/780 [06:38<00:36,  2.41it/s]
 89%|████████▉ | 694/780 [06:39<00:35,  2.43it/s]
 89%|████████▉ | 695/780 [06:39<00:34,  2.43it/s]
 89%|████████▉ | 696/780 [06:39<00:34,  2.43it/s]
 89%|████████▉ | 697/780 [06:40<00:34,  2.44it/s]
 89%|████████▉ | 698/780 [06:40<00:33,  2.44it/s]
 90%|████████▉ | 699/780 [06:41<00:33,  2.44it/s]
 90%|████████▉ | 700/780 [06:41<00:32,  2.44it/s]
 90%|████████▉ | 701/780 [06:41<00:32,  2.44it/s]
 90%|█████████ | 702/780 [06:42<00:30,  2.53it/s]
                                                 

 90%|█████████ | 702/780 [06:42<00:30,  2.53it/s]{'loss': 0.0223, 'grad_norm': 0.09210042655467987, 'learning_rate': 5e-06, 'epoch': 27.0}


  0%|          | 0/26 [00:00<?, ?it/s][A

 19%|█▉        | 5/26 [00:00<00:00, 38.12it/s][A

 35%|███▍      | 9/26 [00:00<00:00, 33.36it/s][A

 50%|█████     | 13/26 [00:00<00:00, 31.99it/s][A

 65%|██████▌   | 17/26 [00:00<00:00, 31.28it/s][A

 81%|████████  | 21/26 [00:00<00:00, 30.89it/s][A

 96%|█████████▌| 25/26 [00:00<00:00, 30.69it/s][A

                                               
[A
                                                 

100%|██████████| 26/26 [00:01<00:00, 30.69it/s][A
 90%|█████████ | 702/780 [06:43<00:30,  2.53it/s]

                                               [A{'eval_loss': 0.059544887393713, 'eval_macro_recall': 0.9518464658621113, 'eval_macro_precision': 0.9570599932839189, 'eval_macro_f1': 0.952237028498474, 'eval_accuracy': 0.9890776699029126, 'eval_micro_recall': 0.9890776699029126, 'eval_micro_precision': 0.9890776699029126, 'eval_micro_f1': 0.9890776699029126, 'eval_runtime': 1.182, 'eval_samples_per_second': 697.108, 'eval_steps_per_second': 21.996, 'epoch': 27.0}

 90%|█████████ | 703/780 [06:47<02:26,  1.90s/it]
 90%|█████████ | 704/780 [06:48<01:50,  1.45s/it]
 90%|█████████ | 705/780 [06:48<01:25,  1.14s/it]
 91%|█████████ | 706/780 [06:48<01:08,  1.09it/s]
 91%|█████████ | 707/780 [06:49<00:55,  1.30it/s]
 91%|█████████ | 708/780 [06:49<00:47,  1.52it/s]
 91%|█████████ | 709/780 [06:50<00:41,  1.71it/s]
 91%|█████████ | 710/780 [06:50<00:37,  1.88it/s]
 91%|█████████ | 711/780 [06:50<00:34,  2.02it/s]
 91%|█████████▏| 712/780 [06:51<00:31,  2.13it/s]
 91%|█████████▏| 713/780 [06:51<00:30,  2.21it/s]
 92%|█████████▏| 714/780 [06:52<00:28,  2.28it/s]
 92%|█████████▏| 715/780 [06:52<00:27,  2.33it/s]
 92%|█████████▏| 716/780 [06:53<00:27,  2.36it/s]
 92%|█████████▏| 717/780 [06:53<00:26,  2.38it/s]
 92%|█████████▏| 718/780 [06:53<00:25,  2.40it/s]
 92%|█████████▏| 719/780 [06:54<00:25,  2.41it/s]
 92%|█████████▏| 720/780 [06:54<00:24,  2.42it/s]
 92%|█████████▏| 721/780 [06:55<00:24,  2.43it/s]
 93%|█████████▎| 722/780 [06:55<00:23,  2.43it/s]
 93%|█████████▎| 723/780 [06:55<00:23,  2.43it/s]
 93%|█████████▎| 724/780 [06:56<00:22,  2.44it/s]
 93%|█████████▎| 725/780 [06:56<00:22,  2.44it/s]
 93%|█████████▎| 726/780 [06:57<00:22,  2.44it/s]
 93%|█████████▎| 727/780 [06:57<00:21,  2.44it/s]
 93%|█████████▎| 728/780 [06:57<00:20,  2.53it/s]
                                                 

 93%|█████████▎| 728/780 [06:57<00:20,  2.53it/s]{'loss': 0.0204, 'grad_norm': 0.3501431345939636, 'learning_rate': 3.3333333333333333e-06, 'epoch': 28.0}


  0%|          | 0/26 [00:00<?, ?it/s][A

 19%|█▉        | 5/26 [00:00<00:00, 38.11it/s][A

 35%|███▍      | 9/26 [00:00<00:00, 33.41it/s][A

 50%|█████     | 13/26 [00:00<00:00, 31.98it/s][A

 65%|██████▌   | 17/26 [00:00<00:00, 31.26it/s][A

 81%|████████  | 21/26 [00:00<00:00, 30.90it/s][A

 96%|█████████▌| 25/26 [00:00<00:00, 30.68it/s][A

                                               
[A
                                                 

100%|██████████| 26/26 [00:00<00:00, 30.68it/s][A
 93%|█████████▎| 728/780 [06:59<00:20,  2.53it/s]

                                               [A{'eval_loss': 0.06377095729112625, 'eval_macro_recall': 0.9510775693956919, 'eval_macro_precision': 0.9570259567900683, 'eval_macro_f1': 0.951839991015724, 'eval_accuracy': 0.9878640776699029, 'eval_micro_recall': 0.9878640776699029, 'eval_micro_precision': 0.9878640776699029, 'eval_micro_f1': 0.9878640776699029, 'eval_runtime': 1.1728, 'eval_samples_per_second': 702.598, 'eval_steps_per_second': 22.169, 'epoch': 28.0}

 93%|█████████▎| 729/780 [07:02<01:25,  1.68s/it]
 94%|█████████▎| 730/780 [07:02<01:04,  1.30s/it]
 94%|█████████▎| 731/780 [07:03<00:50,  1.03s/it]
 94%|█████████▍| 732/780 [07:03<00:40,  1.18it/s]
 94%|█████████▍| 733/780 [07:04<00:33,  1.40it/s]
 94%|█████████▍| 734/780 [07:04<00:28,  1.60it/s]
 94%|█████████▍| 735/780 [07:05<00:25,  1.79it/s]
 94%|█████████▍| 736/780 [07:05<00:22,  1.94it/s]
 94%|█████████▍| 737/780 [07:05<00:20,  2.07it/s]
 95%|█████████▍| 738/780 [07:06<00:19,  2.18it/s]
 95%|█████████▍| 739/780 [07:06<00:18,  2.25it/s]
 95%|█████████▍| 740/780 [07:07<00:17,  2.31it/s]
 95%|█████████▌| 741/780 [07:07<00:16,  2.34it/s]
 95%|█████████▌| 742/780 [07:07<00:16,  2.37it/s]
 95%|█████████▌| 743/780 [07:08<00:15,  2.40it/s]
 95%|█████████▌| 744/780 [07:08<00:14,  2.41it/s]
 96%|█████████▌| 745/780 [07:09<00:14,  2.42it/s]
 96%|█████████▌| 746/780 [07:09<00:14,  2.43it/s]
 96%|█████████▌| 747/780 [07:09<00:13,  2.43it/s]
 96%|█████████▌| 748/780 [07:10<00:13,  2.43it/s]
 96%|█████████▌| 749/780 [07:10<00:12,  2.43it/s]
 96%|█████████▌| 750/780 [07:11<00:12,  2.44it/s]
 96%|█████████▋| 751/780 [07:11<00:11,  2.44it/s]
 96%|█████████▋| 752/780 [07:11<00:11,  2.44it/s]
 97%|█████████▋| 753/780 [07:12<00:11,  2.44it/s]
 97%|█████████▋| 754/780 [07:12<00:10,  2.53it/s]
                                                 

 97%|█████████▋| 754/780 [07:12<00:10,  2.53it/s]{'loss': 0.0195, 'grad_norm': 0.07819599658250809, 'learning_rate': 1.6666666666666667e-06, 'epoch': 29.0}


  0%|          | 0/26 [00:00<?, ?it/s][A

 19%|█▉        | 5/26 [00:00<00:00, 38.21it/s][A

 35%|███▍      | 9/26 [00:00<00:00, 33.45it/s][A

 50%|█████     | 13/26 [00:00<00:00, 31.99it/s][A

 65%|██████▌   | 17/26 [00:00<00:00, 31.27it/s][A

 81%|████████  | 21/26 [00:00<00:00, 30.93it/s][A

 96%|█████████▌| 25/26 [00:00<00:00, 30.69it/s][A

                                               
[A
                                                 

100%|██████████| 26/26 [00:00<00:00, 30.69it/s][A
 97%|█████████▋| 754/780 [07:13<00:10,  2.53it/s]

                                               [A{'eval_loss': 0.062000423669815063, 'eval_macro_recall': 0.9518464658621113, 'eval_macro_precision': 0.9570599932839189, 'eval_macro_f1': 0.952237028498474, 'eval_accuracy': 0.9890776699029126, 'eval_micro_recall': 0.9890776699029126, 'eval_micro_precision': 0.9890776699029126, 'eval_micro_f1': 0.9890776699029126, 'eval_runtime': 1.1818, 'eval_samples_per_second': 697.222, 'eval_steps_per_second': 22.0, 'epoch': 29.0}

 97%|█████████▋| 755/780 [07:17<00:42,  1.71s/it]
 97%|█████████▋| 756/780 [07:17<00:31,  1.32s/it]
 97%|█████████▋| 757/780 [07:18<00:24,  1.05s/it]
 97%|█████████▋| 758/780 [07:18<00:18,  1.17it/s]
 97%|█████████▋| 759/780 [07:19<00:15,  1.39it/s]
 97%|█████████▋| 760/780 [07:19<00:12,  1.60it/s]
 98%|█████████▊| 761/780 [07:19<00:10,  1.78it/s]
 98%|█████████▊| 762/780 [07:20<00:09,  1.94it/s]
 98%|█████████▊| 763/780 [07:20<00:08,  2.06it/s]
 98%|█████████▊| 764/780 [07:21<00:07,  2.17it/s]
 98%|█████████▊| 765/780 [07:21<00:06,  2.25it/s]
 98%|█████████▊| 766/780 [07:22<00:06,  2.30it/s]
 98%|█████████▊| 767/780 [07:22<00:05,  2.34it/s]
 98%|█████████▊| 768/780 [07:22<00:05,  2.37it/s]
 99%|█████████▊| 769/780 [07:23<00:04,  2.39it/s]
 99%|█████████▊| 770/780 [07:23<00:04,  2.41it/s]
 99%|█████████▉| 771/780 [07:24<00:03,  2.41it/s]
 99%|█████████▉| 772/780 [07:24<00:03,  2.42it/s]
 99%|█████████▉| 773/780 [07:24<00:02,  2.43it/s]
 99%|█████████▉| 774/780 [07:25<00:02,  2.42it/s]
 99%|█████████▉| 775/780 [07:25<00:02,  2.43it/s]
 99%|█████████▉| 776/780 [07:26<00:01,  2.43it/s]
100%|█████████▉| 777/780 [07:26<00:01,  2.43it/s]
100%|█████████▉| 778/780 [07:26<00:00,  2.44it/s]
100%|█████████▉| 779/780 [07:27<00:00,  2.43it/s]
100%|██████████| 780/780 [07:27<00:00,  2.50it/s]
                                                 

100%|██████████| 780/780 [07:27<00:00,  2.50it/s]{'loss': 0.0205, 'grad_norm': 2.491041421890259, 'learning_rate': 0.0, 'epoch': 30.0}


  0%|          | 0/26 [00:00<?, ?it/s][A

 19%|█▉        | 5/26 [00:00<00:00, 37.88it/s][A

 35%|███▍      | 9/26 [00:00<00:00, 33.28it/s][A

 50%|█████     | 13/26 [00:00<00:00, 31.87it/s][A

 65%|██████▌   | 17/26 [00:00<00:00, 31.22it/s][A

 81%|████████  | 21/26 [00:00<00:00, 30.90it/s][A

 96%|█████████▌| 25/26 [00:00<00:00, 30.64it/s][A

                                               
[A
                                                 

100%|██████████| 26/26 [00:00<00:00, 30.64it/s][A
100%|██████████| 780/780 [07:28<00:00,  2.50it/s]

                                               [A
                                                 

100%|██████████| 780/780 [07:32<00:00,  2.50it/s]
100%|██████████| 780/780 [07:32<00:00,  1.72it/s]
2025-04-12 04:24:21.305 | INFO     | __main__:fine_tune:230 - Training time: 452.80 seconds
{'eval_loss': 0.06297183781862259, 'eval_macro_recall': 0.9510775693956919, 'eval_macro_precision': 0.9570259567900683, 'eval_macro_f1': 0.951839991015724, 'eval_accuracy': 0.9878640776699029, 'eval_micro_recall': 0.9878640776699029, 'eval_micro_precision': 0.9878640776699029, 'eval_micro_f1': 0.9878640776699029, 'eval_runtime': 1.1715, 'eval_samples_per_second': 703.355, 'eval_steps_per_second': 22.193, 'epoch': 30.0}
{'train_runtime': 452.5483, 'train_samples_per_second': 218.363, 'train_steps_per_second': 1.724, 'train_loss': 0.3200609999589431, 'epoch': 30.0}

  0%|          | 0/26 [00:00<?, ?it/s]
 19%|█▉        | 5/26 [00:00<00:00, 37.51it/s]
 35%|███▍      | 9/26 [00:00<00:00, 33.24it/s]
 50%|█████     | 13/26 [00:00<00:00, 31.88it/s]
 65%|██████▌   | 17/26 [00:00<00:00, 31.26it/s]
 81%|████████  | 21/26 [00:00<00:00, 30.91it/s]
 96%|█████████▌| 25/26 [00:00<00:00, 30.68it/s]
100%|██████████| 26/26 [00:00<00:00, 29.55it/s]
2025-04-12 04:24:22.436 | INFO     | __main__:fine_tune:236 - Prediction time: 1.13 seconds
2025-04-12 04:24:22.440 | INFO     | __main__:CV_run:413 - Fold 3, Final Eval Metrics: loss: 0.06, macro_recall: 0.95, macro_precision: 0.96, macro_f1: 0.95, accuracy: 0.99, micro_recall: 0.99, micro_precision: 0.99, micro_f1: 0.99, runtime: 1.17, samples_per_second: 703.36, steps_per_second: 22.19
2025-04-12 04:24:22.440 | INFO     | __main__:CV_run:351 - Starting fold 4
2025-04-12 04:24:22.440 | INFO     | __main__:CV_run:382 - Starting domain-adaptive pre-training (continued pre-training)
/depot/davisjam/data/mingyu/PTM-Naming/Naming_anomaly_detection/DARA/transformer/run.py:133: FutureWarning: `tokenizer` is deprecated and will be removed in version 5.0.0 for `Trainer.__init__`. Use `processing_class` instead.
  trainer = Trainer(
Eval results: defaultdict(<class 'list'>, {'loss': [2.63450026512146, 1.4254838228225708, 0.816276490688324, 0.5020953416824341, 0.3211938142776489, 0.22232025861740112, 0.16432197391986847, 0.13943873345851898, 0.1087663546204567, 0.1008293405175209, 0.08032559603452682, 0.07977954298257828, 0.07483210414648056, 0.06733359396457672, 0.06980747729539871, 0.06802971661090851, 0.06651248782873154, 0.06100426986813545, 0.062407467514276505, 0.06116189435124397, 0.06047980114817619, 0.06207595765590668, 0.06171000748872757, 0.06080944091081619, 0.06170858070254326, 0.059767842292785645, 0.059544887393713, 0.06377095729112625, 0.062000423669815063, 0.06297183781862259], 'macro_recall': [0.15669515669515668, 0.5701566951566951, 0.78823699840649, 0.8589634941329857, 0.88823699840649, 0.9278737505432421, 0.9412284513979429, 0.9316130667825582, 0.9477516363109584, 0.9468969354562576, 0.9534079385774302, 0.9469976821671738, 0.9491344343039259, 0.9550105026799943, 0.9472404949099863, 0.95073699840649, 0.95073699840649, 0.952339562509054, 0.95073699840649, 0.952339562509054, 0.952339562509054, 0.9508602725682257, 0.952339562509054, 0.952339562509054, 0.9508602725682257, 0.952339562509054, 0.9518464658621113, 0.9510775693956919, 0.9518464658621113, 0.9510775693956919], 'macro_precision': [0.10185629468562986, 0.527139118557883, 0.7615533695799848, 0.8504816922270482, 0.8740937011331746, 0.9313250057913609, 0.9462217150200538, 0.9339193563893411, 0.9467686603230943, 0.9480507116051456, 0.9515133593317191, 0.9529555743366871, 0.9512884380541663, 0.9564659528470657, 0.9520465082733562, 0.9562487874756354, 0.9562487874756354, 0.9532608246419375, 0.9521924485735616, 0.9573171635440113, 0.9532608246419375, 0.9565553584925164, 0.9573171635440113, 0.9573171635440113, 0.9565553584925164, 0.9557028270839399, 0.9570599932839189, 0.9570259567900683, 0.9570599932839189, 0.9570259567900683], 'macro_f1': [0.1124368858983329, 0.523510298204632, 0.7637556438301697, 0.847725163718913, 0.8782678107057419, 0.9254733507682857, 0.9395377115467897, 0.9284539720070857, 0.9438316530468835, 0.9455649761496838, 0.951187011119545, 0.9471755414195733, 0.9472332187849429, 0.9551312386394847, 0.9471782953215315, 0.9511792862790441, 0.9511792862790441, 0.9501330966848207, 0.9487209822292281, 0.9525914007346368, 0.9501330966848207, 0.9515045958016781, 0.9525914007346368, 0.9525914007346368, 0.9515045958016781, 0.9517110059550379, 0.952237028498474, 0.951839991015724, 0.952237028498474, 0.951839991015724], 'accuracy': [0.4065533980582524, 0.7694174757281553, 0.9053398058252428, 0.941747572815534, 0.9538834951456311, 0.9696601941747572, 0.9830097087378641, 0.9720873786407767, 0.9854368932038835, 0.9817961165048543, 0.9890776699029126, 0.9866504854368932, 0.9878640776699029, 0.9902912621359223, 0.9854368932038835, 0.9890776699029126, 0.9890776699029126, 0.9902912621359223, 0.9890776699029126, 0.9902912621359223, 0.9902912621359223, 0.9866504854368932, 0.9902912621359223, 0.9902912621359223, 0.9866504854368932, 0.9902912621359223, 0.9890776699029126, 0.9878640776699029, 0.9890776699029126, 0.9878640776699029], 'micro_recall': [0.4065533980582524, 0.7694174757281553, 0.9053398058252428, 0.941747572815534, 0.9538834951456311, 0.9696601941747572, 0.9830097087378641, 0.9720873786407767, 0.9854368932038835, 0.9817961165048543, 0.9890776699029126, 0.9866504854368932, 0.9878640776699029, 0.9902912621359223, 0.9854368932038835, 0.9890776699029126, 0.9890776699029126, 0.9902912621359223, 0.9890776699029126, 0.9902912621359223, 0.9902912621359223, 0.9866504854368932, 0.9902912621359223, 0.9902912621359223, 0.9866504854368932, 0.9902912621359223, 0.9890776699029126, 0.9878640776699029, 0.9890776699029126, 0.9878640776699029], 'micro_precision': [0.4065533980582524, 0.7694174757281553, 0.9053398058252428, 0.941747572815534, 0.9538834951456311, 0.9696601941747572, 0.9830097087378641, 0.9720873786407767, 0.9854368932038835, 0.9817961165048543, 0.9890776699029126, 0.9866504854368932, 0.9878640776699029, 0.9902912621359223, 0.9854368932038835, 0.9890776699029126, 0.9890776699029126, 0.9902912621359223, 0.9890776699029126, 0.9902912621359223, 0.9902912621359223, 0.9866504854368932, 0.9902912621359223, 0.9902912621359223, 0.9866504854368932, 0.9902912621359223, 0.9890776699029126, 0.9878640776699029, 0.9890776699029126, 0.9878640776699029], 'micro_f1': [0.4065533980582524, 0.7694174757281554, 0.9053398058252428, 0.941747572815534, 0.9538834951456311, 0.9696601941747572, 0.9830097087378641, 0.9720873786407767, 0.9854368932038835, 0.9817961165048543, 0.9890776699029126, 0.9866504854368932, 0.9878640776699029, 0.9902912621359223, 0.9854368932038835, 0.9890776699029126, 0.9890776699029126, 0.9902912621359223, 0.9890776699029126, 0.9902912621359223, 0.9902912621359223, 0.9866504854368932, 0.9902912621359223, 0.9902912621359223, 0.9866504854368932, 0.9902912621359223, 0.9890776699029126, 0.9878640776699029, 0.9890776699029126, 0.9878640776699029], 'runtime': [1.1529, 1.1589, 1.1541, 1.2417, 1.1616, 1.1586, 1.195, 1.1645, 1.1665, 1.1443, 1.1569, 1.1657, 1.1662, 1.1575, 1.1592, 1.1876, 1.1631, 1.1576, 1.1615, 1.1429, 1.1619, 1.1971, 1.1792, 1.1962, 1.1664, 1.1886, 1.182, 1.1728, 1.1818, 1.1715], 'samples_per_second': [714.693, 711.039, 713.976, 663.586, 709.339, 711.213, 689.523, 707.576, 706.378, 720.11, 712.245, 706.881, 706.561, 711.869, 710.817, 693.817, 708.45, 711.812, 709.418, 721.0, 709.164, 688.357, 698.773, 688.875, 706.456, 693.277, 697.108, 702.598, 697.222, 703.355], 'steps_per_second': [22.551, 22.436, 22.528, 20.938, 22.382, 22.441, 21.757, 22.326, 22.289, 22.722, 22.474, 22.305, 22.294, 22.462, 22.429, 21.892, 22.354, 22.46, 22.385, 22.75, 22.377, 21.72, 22.049, 21.736, 22.291, 21.875, 21.996, 22.169, 22.0, 22.193]})

  0%|          | 0/260 [00:00<?, ?it/s]
  0%|          | 1/260 [00:01<04:52,  1.13s/it]
  1%|          | 2/260 [00:01<03:52,  1.11it/s]
  1%|          | 3/260 [00:02<03:32,  1.21it/s]
  2%|▏         | 4/260 [00:03<03:22,  1.26it/s]
  2%|▏         | 5/260 [00:04<03:16,  1.30it/s]
  2%|▏         | 6/260 [00:04<03:12,  1.32it/s]
  3%|▎         | 7/260 [00:05<03:09,  1.33it/s]
  3%|▎         | 8/260 [00:06<03:08,  1.34it/s]
  3%|▎         | 9/260 [00:07<03:06,  1.35it/s]
  4%|▍         | 10/260 [00:07<03:05,  1.35it/s]
  4%|▍         | 11/260 [00:08<03:03,  1.35it/s]
  5%|▍         | 12/260 [00:09<03:02,  1.36it/s]
  5%|▌         | 13/260 [00:09<03:02,  1.36it/s]
  5%|▌         | 14/260 [00:10<03:01,  1.36it/s]
  6%|▌         | 15/260 [00:11<03:00,  1.36it/s]
  6%|▌         | 16/260 [00:12<02:59,  1.36it/s]
  7%|▋         | 17/260 [00:12<02:58,  1.36it/s]
  7%|▋         | 18/260 [00:13<02:58,  1.36it/s]
  7%|▋         | 19/260 [00:14<02:57,  1.36it/s]
  8%|▊         | 20/260 [00:15<02:56,  1.36it/s]
  8%|▊         | 21/260 [00:15<02:55,  1.36it/s]
  8%|▊         | 22/260 [00:16<02:55,  1.36it/s]
  9%|▉         | 23/260 [00:17<02:54,  1.36it/s]
  9%|▉         | 24/260 [00:18<02:53,  1.36it/s]
 10%|▉         | 25/260 [00:18<02:52,  1.36it/s]
 10%|█         | 26/260 [00:19<02:37,  1.49it/s]
                                                

 10%|█         | 26/260 [00:19<02:37,  1.49it/s]{'loss': 0.1996, 'grad_norm': 1.1670746803283691, 'learning_rate': 4.5e-05, 'epoch': 1.0}


  0%|          | 0/26 [00:00<?, ?it/s][A

 12%|█▏        | 3/26 [00:00<00:01, 19.73it/s][A

 19%|█▉        | 5/26 [00:00<00:01, 15.83it/s][A

 27%|██▋       | 7/26 [00:00<00:01, 14.56it/s][A

 35%|███▍      | 9/26 [00:00<00:01, 13.97it/s][A

 42%|████▏     | 11/26 [00:00<00:01, 13.67it/s][A

 50%|█████     | 13/26 [00:00<00:00, 13.47it/s][A

 58%|█████▊    | 15/26 [00:01<00:00, 13.36it/s][A

 65%|██████▌   | 17/26 [00:01<00:00, 13.30it/s][A

 73%|███████▎  | 19/26 [00:01<00:00, 13.24it/s][A

 81%|████████  | 21/26 [00:01<00:00, 13.21it/s][A

 88%|████████▊ | 23/26 [00:01<00:00, 13.19it/s][A

 96%|█████████▌| 25/26 [00:01<00:00, 13.19it/s][A

                                               
[A
                                                

100%|██████████| 26/26 [00:01<00:00, 13.19it/s][A
 10%|█         | 26/260 [00:21<02:37,  1.49it/s]

                                               [A
 10%|█         | 27/260 [00:24<08:22,  2.16s/it]
 11%|█         | 28/260 [00:25<06:41,  1.73s/it]
 11%|█         | 29/260 [00:26<05:30,  1.43s/it]
 12%|█▏        | 30/260 [00:27<04:40,  1.22s/it]
 12%|█▏        | 31/260 [00:27<04:06,  1.08s/it]
 12%|█▏        | 32/260 [00:28<03:41,  1.03it/s]
 13%|█▎        | 33/260 [00:29<03:24,  1.11it/s]
 13%|█▎        | 34/260 [00:30<03:12,  1.17it/s]
 13%|█▎        | 35/260 [00:30<03:03,  1.23it/s]
 14%|█▍        | 36/260 [00:31<02:57,  1.26it/s]
 14%|█▍        | 37/260 [00:32<02:52,  1.29it/s]
 15%|█▍        | 38/260 [00:33<02:49,  1.31it/s]
 15%|█▌        | 39/260 [00:33<02:46,  1.33it/s]
 15%|█▌        | 40/260 [00:34<02:44,  1.34it/s]
 16%|█▌        | 41/260 [00:35<02:42,  1.34it/s]
 16%|█▌        | 42/260 [00:35<02:41,  1.35it/s]
 17%|█▋        | 43/260 [00:36<02:40,  1.35it/s]
 17%|█▋        | 44/260 [00:37<02:39,  1.35it/s]
 17%|█▋        | 45/260 [00:38<02:38,  1.36it/s]
 18%|█▊        | 46/260 [00:38<02:37,  1.36it/s]
 18%|█▊        | 47/260 [00:39<02:36,  1.36it/s]
 18%|█▊        | 48/260 [00:40<02:35,  1.36it/s]
 19%|█▉        | 49/260 [00:41<02:35,  1.36it/s]
 19%|█▉        | 50/260 [00:41<02:34,  1.36it/s]
 20%|█▉        | 51/260 [00:42<02:33,  1.37it/s]
 20%|██        | 52/260 [00:43<02:19,  1.49it/s]
                                                

 20%|██        | 52/260 [00:43<02:19,  1.49it/s]{'eval_loss': 0.08919454365968704, 'eval_runtime': 1.9693, 'eval_samples_per_second': 417.923, 'eval_steps_per_second': 13.203, 'epoch': 1.0}
{'loss': 0.0898, 'grad_norm': 1.0363636016845703, 'learning_rate': 4e-05, 'epoch': 2.0}


  0%|          | 0/26 [00:00<?, ?it/s][A

 12%|█▏        | 3/26 [00:00<00:01, 19.81it/s][A

 19%|█▉        | 5/26 [00:00<00:01, 15.86it/s][A

 27%|██▋       | 7/26 [00:00<00:01, 14.63it/s][A

 35%|███▍      | 9/26 [00:00<00:01, 14.00it/s][A

 42%|████▏     | 11/26 [00:00<00:01, 13.70it/s][A

 50%|█████     | 13/26 [00:00<00:00, 13.50it/s][A

 58%|█████▊    | 15/26 [00:01<00:00, 13.39it/s][A

 65%|██████▌   | 17/26 [00:01<00:00, 13.30it/s][A

 73%|███████▎  | 19/26 [00:01<00:00, 13.26it/s][A

 81%|████████  | 21/26 [00:01<00:00, 13.22it/s][A

 88%|████████▊ | 23/26 [00:01<00:00, 13.19it/s][A

 96%|█████████▌| 25/26 [00:01<00:00, 13.23it/s][A

                                               
[A
                                                

100%|██████████| 26/26 [00:01<00:00, 13.23it/s][A
 20%|██        | 52/260 [00:45<02:19,  1.49it/s]

                                               [A
 20%|██        | 53/260 [00:48<07:26,  2.16s/it]
 21%|██        | 54/260 [00:49<05:56,  1.73s/it]
 21%|██        | 55/260 [00:50<04:53,  1.43s/it]
 22%|██▏       | 56/260 [00:50<04:09,  1.22s/it]
 22%|██▏       | 57/260 [00:51<03:38,  1.08s/it]
 22%|██▏       | 58/260 [00:52<03:16,  1.03it/s]
 23%|██▎       | 59/260 [00:53<03:01,  1.11it/s]
 23%|██▎       | 60/260 [00:53<02:50,  1.17it/s]
 23%|██▎       | 61/260 [00:54<02:42,  1.23it/s]
 24%|██▍       | 62/260 [00:55<02:36,  1.26it/s]
 24%|██▍       | 63/260 [00:56<02:32,  1.29it/s]
 25%|██▍       | 64/260 [00:56<02:29,  1.31it/s]
 25%|██▌       | 65/260 [00:57<02:27,  1.32it/s]
 25%|██▌       | 66/260 [00:58<02:25,  1.33it/s]
 26%|██▌       | 67/260 [00:58<02:23,  1.34it/s]
 26%|██▌       | 68/260 [00:59<02:22,  1.35it/s]
 27%|██▋       | 69/260 [01:00<02:21,  1.35it/s]
 27%|██▋       | 70/260 [01:01<02:20,  1.36it/s]
 27%|██▋       | 71/260 [01:01<02:19,  1.36it/s]
 28%|██▊       | 72/260 [01:02<02:18,  1.36it/s]
 28%|██▊       | 73/260 [01:03<02:17,  1.36it/s]
 28%|██▊       | 74/260 [01:04<02:16,  1.36it/s]
 29%|██▉       | 75/260 [01:04<02:16,  1.36it/s]
 29%|██▉       | 76/260 [01:05<02:15,  1.36it/s]
 30%|██▉       | 77/260 [01:06<02:13,  1.37it/s]
 30%|███       | 78/260 [01:06<02:01,  1.49it/s]
                                                

 30%|███       | 78/260 [01:06<02:01,  1.49it/s]{'eval_loss': 0.05991022288799286, 'eval_runtime': 1.9648, 'eval_samples_per_second': 418.873, 'eval_steps_per_second': 13.233, 'epoch': 2.0}
{'loss': 0.0657, 'grad_norm': 0.882840633392334, 'learning_rate': 3.5e-05, 'epoch': 3.0}


  0%|          | 0/26 [00:00<?, ?it/s][A

 12%|█▏        | 3/26 [00:00<00:01, 19.72it/s][A

 19%|█▉        | 5/26 [00:00<00:01, 15.88it/s][A

 27%|██▋       | 7/26 [00:00<00:01, 14.66it/s][A

 35%|███▍      | 9/26 [00:00<00:01, 14.07it/s][A

 42%|████▏     | 11/26 [00:00<00:01, 13.76it/s][A

 50%|█████     | 13/26 [00:00<00:00, 13.56it/s][A

 58%|█████▊    | 15/26 [00:01<00:00, 13.44it/s][A

 65%|██████▌   | 17/26 [00:01<00:00, 13.36it/s][A

 73%|███████▎  | 19/26 [00:01<00:00, 13.31it/s][A

 81%|████████  | 21/26 [00:01<00:00, 13.27it/s][A

 88%|████████▊ | 23/26 [00:01<00:00, 13.24it/s][A

 96%|█████████▌| 25/26 [00:01<00:00, 13.28it/s][A

                                               
[A
                                                

100%|██████████| 26/26 [00:01<00:00, 13.28it/s][A
 30%|███       | 78/260 [01:08<02:01,  1.49it/s]

                                               [A
 30%|███       | 79/260 [01:12<06:28,  2.15s/it]
 31%|███       | 80/260 [01:13<05:10,  1.73s/it]
 31%|███       | 81/260 [01:13<04:15,  1.43s/it]
 32%|███▏      | 82/260 [01:14<03:37,  1.22s/it]
 32%|███▏      | 83/260 [01:15<03:10,  1.07s/it]
 32%|███▏      | 84/260 [01:16<02:51,  1.03it/s]
 33%|███▎      | 85/260 [01:16<02:37,  1.11it/s]
 33%|███▎      | 86/260 [01:17<02:28,  1.17it/s]
 33%|███▎      | 87/260 [01:18<02:21,  1.22it/s]
 34%|███▍      | 88/260 [01:19<02:16,  1.26it/s]
 34%|███▍      | 89/260 [01:19<02:12,  1.29it/s]
 35%|███▍      | 90/260 [01:20<02:09,  1.31it/s]
 35%|███▌      | 91/260 [01:21<02:07,  1.32it/s]
 35%|███▌      | 92/260 [01:22<02:05,  1.34it/s]
 36%|███▌      | 93/260 [01:22<02:04,  1.34it/s]
 36%|███▌      | 94/260 [01:23<02:03,  1.35it/s]
 37%|███▋      | 95/260 [01:24<02:01,  1.35it/s]
 37%|███▋      | 96/260 [01:24<02:01,  1.35it/s]
 37%|███▋      | 97/260 [01:25<02:00,  1.36it/s]
 38%|███▊      | 98/260 [01:26<01:59,  1.36it/s]
 38%|███▊      | 99/260 [01:27<01:58,  1.36it/s]
 38%|███▊      | 100/260 [01:27<01:57,  1.36it/s]
 39%|███▉      | 101/260 [01:28<01:56,  1.36it/s]
 39%|███▉      | 102/260 [01:29<01:56,  1.36it/s]
 40%|███▉      | 103/260 [01:30<01:54,  1.37it/s]
 40%|████      | 104/260 [01:30<01:44,  1.49it/s]
                                                 

 40%|████      | 104/260 [01:30<01:44,  1.49it/s]{'eval_loss': 0.044196803122758865, 'eval_runtime': 1.956, 'eval_samples_per_second': 420.749, 'eval_steps_per_second': 13.292, 'epoch': 3.0}
{'loss': 0.054, 'grad_norm': 0.7754935622215271, 'learning_rate': 3e-05, 'epoch': 4.0}


  0%|          | 0/26 [00:00<?, ?it/s][A

 12%|█▏        | 3/26 [00:00<00:01, 19.84it/s][A

 19%|█▉        | 5/26 [00:00<00:01, 15.88it/s][A

 27%|██▋       | 7/26 [00:00<00:01, 14.63it/s][A

 35%|███▍      | 9/26 [00:00<00:01, 14.06it/s][A

 42%|████▏     | 11/26 [00:00<00:01, 13.72it/s][A

 50%|█████     | 13/26 [00:00<00:00, 13.56it/s][A

 58%|█████▊    | 15/26 [00:01<00:00, 13.37it/s][A

 65%|██████▌   | 17/26 [00:01<00:00, 13.32it/s][A

 73%|███████▎  | 19/26 [00:01<00:00, 13.26it/s][A

 81%|████████  | 21/26 [00:01<00:00, 13.24it/s][A

 88%|████████▊ | 23/26 [00:01<00:00, 13.21it/s][A

 96%|█████████▌| 25/26 [00:01<00:00, 13.27it/s][A

                                               
[A
                                                 

100%|██████████| 26/26 [00:01<00:00, 13.27it/s][A
 40%|████      | 104/260 [01:32<01:44,  1.49it/s]

                                               [A
 40%|████      | 105/260 [01:36<05:25,  2.10s/it]
 41%|████      | 106/260 [01:36<04:20,  1.69s/it]
 41%|████      | 107/260 [01:37<03:35,  1.41s/it]
 42%|████▏     | 108/260 [01:38<03:02,  1.20s/it]
 42%|████▏     | 109/260 [01:39<02:40,  1.06s/it]
 42%|████▏     | 110/260 [01:39<02:24,  1.04it/s]
 43%|████▎     | 111/260 [01:40<02:13,  1.12it/s]
 43%|████▎     | 112/260 [01:41<02:05,  1.18it/s]
 43%|████▎     | 113/260 [01:41<01:59,  1.23it/s]
 44%|████▍     | 114/260 [01:42<01:55,  1.27it/s]
 44%|████▍     | 115/260 [01:43<01:52,  1.29it/s]
 45%|████▍     | 116/260 [01:44<01:49,  1.31it/s]
 45%|████▌     | 117/260 [01:44<01:47,  1.33it/s]
 45%|████▌     | 118/260 [01:45<01:46,  1.34it/s]
 46%|████▌     | 119/260 [01:46<01:44,  1.34it/s]
 46%|████▌     | 120/260 [01:47<01:43,  1.35it/s]
 47%|████▋     | 121/260 [01:47<01:42,  1.35it/s]
 47%|████▋     | 122/260 [01:48<01:41,  1.35it/s]
 47%|████▋     | 123/260 [01:49<01:41,  1.36it/s]
 48%|████▊     | 124/260 [01:50<01:40,  1.36it/s]
 48%|████▊     | 125/260 [01:50<01:39,  1.36it/s]
 48%|████▊     | 126/260 [01:51<01:38,  1.36it/s]
 49%|████▉     | 127/260 [01:52<01:38,  1.36it/s]
 49%|████▉     | 128/260 [01:52<01:37,  1.36it/s]
 50%|████▉     | 129/260 [01:53<01:35,  1.37it/s]
 50%|█████     | 130/260 [01:54<01:27,  1.49it/s]
                                                 

 50%|█████     | 130/260 [01:54<01:27,  1.49it/s]{'eval_loss': 0.03907923772931099, 'eval_runtime': 1.9605, 'eval_samples_per_second': 419.793, 'eval_steps_per_second': 13.262, 'epoch': 4.0}
{'loss': 0.0455, 'grad_norm': 0.7047842144966125, 'learning_rate': 2.5e-05, 'epoch': 5.0}


  0%|          | 0/26 [00:00<?, ?it/s][A

 12%|█▏        | 3/26 [00:00<00:01, 19.87it/s][A

 19%|█▉        | 5/26 [00:00<00:01, 15.90it/s][A

 27%|██▋       | 7/26 [00:00<00:01, 14.66it/s][A

 35%|███▍      | 9/26 [00:00<00:01, 14.05it/s][A

 42%|████▏     | 11/26 [00:00<00:01, 13.74it/s][A

 50%|█████     | 13/26 [00:00<00:00, 13.55it/s][A

 58%|█████▊    | 15/26 [00:01<00:00, 13.42it/s][A

 65%|██████▌   | 17/26 [00:01<00:00, 13.36it/s][A

 73%|███████▎  | 19/26 [00:01<00:00, 13.31it/s][A

 81%|████████  | 21/26 [00:01<00:00, 13.26it/s][A

 88%|████████▊ | 23/26 [00:01<00:00, 13.19it/s][A

 96%|█████████▌| 25/26 [00:01<00:00, 13.23it/s][A

                                               
[A
                                                 

100%|██████████| 26/26 [00:01<00:00, 13.23it/s][A
 50%|█████     | 130/260 [01:56<01:27,  1.49it/s]

                                               [A
 50%|█████     | 131/260 [01:59<04:40,  2.17s/it]
 51%|█████     | 132/260 [02:00<03:42,  1.74s/it]
 51%|█████     | 133/260 [02:01<03:02,  1.44s/it]
 52%|█████▏    | 134/260 [02:02<02:34,  1.23s/it]
 52%|█████▏    | 135/260 [02:02<02:14,  1.08s/it]
 52%|█████▏    | 136/260 [02:03<02:00,  1.02it/s]
 53%|█████▎    | 137/260 [02:04<01:51,  1.11it/s]
 53%|█████▎    | 138/260 [02:05<01:44,  1.17it/s]
 53%|█████▎    | 139/260 [02:05<01:38,  1.22it/s]
 54%|█████▍    | 140/260 [02:06<01:35,  1.26it/s]
 54%|█████▍    | 141/260 [02:07<01:32,  1.29it/s]
 55%|█████▍    | 142/260 [02:07<01:30,  1.31it/s]
 55%|█████▌    | 143/260 [02:08<01:28,  1.32it/s]
 55%|█████▌    | 144/260 [02:09<01:26,  1.34it/s]
 56%|█████▌    | 145/260 [02:10<01:25,  1.34it/s]
 56%|█████▌    | 146/260 [02:10<01:24,  1.35it/s]
 57%|█████▋    | 147/260 [02:11<01:23,  1.35it/s]
 57%|█████▋    | 148/260 [02:12<01:22,  1.35it/s]
 57%|█████▋    | 149/260 [02:13<01:21,  1.36it/s]
 58%|█████▊    | 150/260 [02:13<01:21,  1.35it/s]
 58%|█████▊    | 151/260 [02:14<01:20,  1.36it/s]
 58%|█████▊    | 152/260 [02:15<01:19,  1.36it/s]
 59%|█████▉    | 153/260 [02:16<01:18,  1.36it/s]
 59%|█████▉    | 154/260 [02:16<01:17,  1.36it/s]
 60%|█████▉    | 155/260 [02:17<01:16,  1.37it/s]
 60%|██████    | 156/260 [02:18<01:09,  1.49it/s]
                                                 

 60%|██████    | 156/260 [02:18<01:09,  1.49it/s]{'eval_loss': 0.031099790707230568, 'eval_runtime': 1.9608, 'eval_samples_per_second': 419.734, 'eval_steps_per_second': 13.26, 'epoch': 5.0}
{'loss': 0.0389, 'grad_norm': 0.791022002696991, 'learning_rate': 2e-05, 'epoch': 6.0}


  0%|          | 0/26 [00:00<?, ?it/s][A

 12%|█▏        | 3/26 [00:00<00:01, 19.90it/s][A

 19%|█▉        | 5/26 [00:00<00:01, 15.91it/s][A

 27%|██▋       | 7/26 [00:00<00:01, 14.67it/s][A

 35%|███▍      | 9/26 [00:00<00:01, 14.04it/s][A

 42%|████▏     | 11/26 [00:00<00:01, 13.74it/s][A

 50%|█████     | 13/26 [00:00<00:00, 13.52it/s][A

 58%|█████▊    | 15/26 [00:01<00:00, 13.42it/s][A

 65%|██████▌   | 17/26 [00:01<00:00, 13.33it/s][A

 73%|███████▎  | 19/26 [00:01<00:00, 13.28it/s][A

 81%|████████  | 21/26 [00:01<00:00, 13.24it/s][A

 88%|████████▊ | 23/26 [00:01<00:00, 13.23it/s][A

 96%|█████████▌| 25/26 [00:01<00:00, 13.27it/s][A

                                               
[A
                                                 

100%|██████████| 26/26 [00:01<00:00, 13.27it/s][A
 60%|██████    | 156/260 [02:20<01:09,  1.49it/s]

                                               [A
 60%|██████    | 157/260 [02:23<03:37,  2.11s/it]
 61%|██████    | 158/260 [02:24<02:52,  1.70s/it]
 61%|██████    | 159/260 [02:24<02:22,  1.41s/it]
 62%|██████▏   | 160/260 [02:25<02:00,  1.21s/it]
 62%|██████▏   | 161/260 [02:26<01:45,  1.06s/it]
 62%|██████▏   | 162/260 [02:27<01:34,  1.04it/s]
 63%|██████▎   | 163/260 [02:27<01:26,  1.12it/s]
 63%|██████▎   | 164/260 [02:28<01:21,  1.18it/s]
 63%|██████▎   | 165/260 [02:29<01:17,  1.23it/s]
 64%|██████▍   | 166/260 [02:30<01:14,  1.26it/s]
 64%|██████▍   | 167/260 [02:30<01:12,  1.29it/s]
 65%|██████▍   | 168/260 [02:31<01:10,  1.31it/s]
 65%|██████▌   | 169/260 [02:32<01:08,  1.32it/s]
 65%|██████▌   | 170/260 [02:33<01:07,  1.33it/s]
 66%|██████▌   | 171/260 [02:33<01:06,  1.34it/s]
 66%|██████▌   | 172/260 [02:34<01:05,  1.35it/s]
 67%|██████▋   | 173/260 [02:35<01:04,  1.35it/s]
 67%|██████▋   | 174/260 [02:36<01:03,  1.35it/s]
 67%|██████▋   | 175/260 [02:36<01:02,  1.36it/s]
 68%|██████▊   | 176/260 [02:37<01:01,  1.36it/s]
 68%|██████▊   | 177/260 [02:38<01:01,  1.36it/s]
 68%|██████▊   | 178/260 [02:38<01:00,  1.36it/s]
 69%|██████▉   | 179/260 [02:39<00:59,  1.36it/s]
 69%|██████▉   | 180/260 [02:40<00:58,  1.36it/s]
 70%|██████▉   | 181/260 [02:41<00:57,  1.36it/s]
 70%|███████   | 182/260 [02:41<00:52,  1.49it/s]
                                                 

 70%|███████   | 182/260 [02:41<00:52,  1.49it/s]{'eval_loss': 0.025986598804593086, 'eval_runtime': 1.9596, 'eval_samples_per_second': 419.986, 'eval_steps_per_second': 13.268, 'epoch': 6.0}
{'loss': 0.0345, 'grad_norm': 0.6303833723068237, 'learning_rate': 1.5e-05, 'epoch': 7.0}


  0%|          | 0/26 [00:00<?, ?it/s][A

 12%|█▏        | 3/26 [00:00<00:01, 19.78it/s][A

 19%|█▉        | 5/26 [00:00<00:01, 15.92it/s][A

 27%|██▋       | 7/26 [00:00<00:01, 14.66it/s][A

 35%|███▍      | 9/26 [00:00<00:01, 14.07it/s][A

 42%|████▏     | 11/26 [00:00<00:01, 13.75it/s][A

 50%|█████     | 13/26 [00:00<00:00, 13.55it/s][A

 58%|█████▊    | 15/26 [00:01<00:00, 13.42it/s][A

 65%|██████▌   | 17/26 [00:01<00:00, 13.33it/s][A

 73%|███████▎  | 19/26 [00:01<00:00, 13.26it/s][A

 81%|████████  | 21/26 [00:01<00:00, 13.24it/s][A

 88%|████████▊ | 23/26 [00:01<00:00, 13.21it/s][A

 96%|█████████▌| 25/26 [00:01<00:00, 13.23it/s][A

                                               
[A
                                                 

100%|██████████| 26/26 [00:01<00:00, 13.23it/s][A
 70%|███████   | 182/260 [02:43<00:52,  1.49it/s]

                                               [A
 70%|███████   | 183/260 [02:47<02:46,  2.16s/it]
 71%|███████   | 184/260 [02:48<02:11,  1.73s/it]
 71%|███████   | 185/260 [02:48<01:47,  1.43s/it]
 72%|███████▏  | 186/260 [02:49<01:30,  1.22s/it]
 72%|███████▏  | 187/260 [02:50<01:18,  1.08s/it]
 72%|███████▏  | 188/260 [02:50<01:10,  1.03it/s]
 73%|███████▎  | 189/260 [02:51<01:04,  1.11it/s]
 73%|███████▎  | 190/260 [02:52<00:59,  1.17it/s]
 73%|███████▎  | 191/260 [02:53<00:56,  1.22it/s]
 74%|███████▍  | 192/260 [02:53<00:53,  1.26it/s]
 74%|███████▍  | 193/260 [02:54<00:51,  1.29it/s]
 75%|███████▍  | 194/260 [02:55<00:50,  1.31it/s]
 75%|███████▌  | 195/260 [02:56<00:49,  1.32it/s]
 75%|███████▌  | 196/260 [02:56<00:47,  1.33it/s]
 76%|███████▌  | 197/260 [02:57<00:46,  1.34it/s]
 76%|███████▌  | 198/260 [02:58<00:46,  1.35it/s]
 77%|███████▋  | 199/260 [02:59<00:45,  1.35it/s]
 77%|███████▋  | 200/260 [02:59<00:44,  1.36it/s]
 77%|███████▋  | 201/260 [03:00<00:43,  1.36it/s]
 78%|███████▊  | 202/260 [03:01<00:42,  1.36it/s]
 78%|███████▊  | 203/260 [03:02<00:41,  1.36it/s]
 78%|███████▊  | 204/260 [03:02<00:41,  1.36it/s]
 79%|███████▉  | 205/260 [03:03<00:40,  1.36it/s]
 79%|███████▉  | 206/260 [03:04<00:39,  1.36it/s]
 80%|███████▉  | 207/260 [03:04<00:38,  1.37it/s]
 80%|████████  | 208/260 [03:05<00:34,  1.49it/s]
                                                 

 80%|████████  | 208/260 [03:05<00:34,  1.49it/s]{'eval_loss': 0.02316421829164028, 'eval_runtime': 1.9606, 'eval_samples_per_second': 419.763, 'eval_steps_per_second': 13.261, 'epoch': 7.0}
{'loss': 0.0338, 'grad_norm': 0.8395028114318848, 'learning_rate': 1e-05, 'epoch': 8.0}


  0%|          | 0/26 [00:00<?, ?it/s][A

 12%|█▏        | 3/26 [00:00<00:01, 19.85it/s][A

 19%|█▉        | 5/26 [00:00<00:01, 15.88it/s][A

 27%|██▋       | 7/26 [00:00<00:01, 14.64it/s][A

 35%|███▍      | 9/26 [00:00<00:01, 14.03it/s][A

 42%|████▏     | 11/26 [00:00<00:01, 13.73it/s][A

 50%|█████     | 13/26 [00:00<00:00, 13.53it/s][A

 58%|█████▊    | 15/26 [00:01<00:00, 13.41it/s][A

 65%|██████▌   | 17/26 [00:01<00:00, 13.31it/s][A

 73%|███████▎  | 19/26 [00:01<00:00, 13.25it/s][A

 81%|████████  | 21/26 [00:01<00:00, 13.23it/s][A

 88%|████████▊ | 23/26 [00:01<00:00, 13.19it/s][A

 96%|█████████▌| 25/26 [00:01<00:00, 13.25it/s][A

                                               
[A
                                                 

100%|██████████| 26/26 [00:02<00:00, 13.25it/s][A
 80%|████████  | 208/260 [03:07<00:34,  1.49it/s]

                                               [A
 80%|████████  | 209/260 [03:11<01:52,  2.20s/it]
 81%|████████  | 210/260 [03:11<01:27,  1.76s/it]
 81%|████████  | 211/260 [03:12<01:11,  1.45s/it]
 82%|████████▏ | 212/260 [03:13<00:59,  1.23s/it]
 82%|████████▏ | 213/260 [03:14<00:51,  1.09s/it]
 82%|████████▏ | 214/260 [03:14<00:45,  1.02it/s]
 83%|████████▎ | 215/260 [03:15<00:40,  1.10it/s]
 83%|████████▎ | 216/260 [03:16<00:37,  1.17it/s]
 83%|████████▎ | 217/260 [03:17<00:35,  1.22it/s]
 84%|████████▍ | 218/260 [03:17<00:33,  1.26it/s]
 84%|████████▍ | 219/260 [03:18<00:31,  1.29it/s]
 85%|████████▍ | 220/260 [03:19<00:30,  1.31it/s]
 85%|████████▌ | 221/260 [03:20<00:29,  1.32it/s]
 85%|████████▌ | 222/260 [03:20<00:28,  1.34it/s]
 86%|████████▌ | 223/260 [03:21<00:27,  1.34it/s]
 86%|████████▌ | 224/260 [03:22<00:26,  1.35it/s]
 87%|████████▋ | 225/260 [03:22<00:25,  1.35it/s]
 87%|████████▋ | 226/260 [03:23<00:25,  1.35it/s]
 87%|████████▋ | 227/260 [03:24<00:24,  1.36it/s]
 88%|████████▊ | 228/260 [03:25<00:23,  1.36it/s]
 88%|████████▊ | 229/260 [03:25<00:22,  1.36it/s]
 88%|████████▊ | 230/260 [03:26<00:22,  1.36it/s]
 89%|████████▉ | 231/260 [03:27<00:21,  1.36it/s]
 89%|████████▉ | 232/260 [03:28<00:20,  1.36it/s]
 90%|████████▉ | 233/260 [03:28<00:19,  1.37it/s]
 90%|█████████ | 234/260 [03:29<00:17,  1.49it/s]
                                                 

 90%|█████████ | 234/260 [03:29<00:17,  1.49it/s]{'eval_loss': 0.022027693688869476, 'eval_runtime': 1.9633, 'eval_samples_per_second': 419.197, 'eval_steps_per_second': 13.243, 'epoch': 8.0}
{'loss': 0.0294, 'grad_norm': 0.7885849475860596, 'learning_rate': 5e-06, 'epoch': 9.0}


  0%|          | 0/26 [00:00<?, ?it/s][A

 12%|█▏        | 3/26 [00:00<00:01, 19.84it/s][A

 19%|█▉        | 5/26 [00:00<00:01, 15.91it/s][A

 27%|██▋       | 7/26 [00:00<00:01, 14.65it/s][A

 35%|███▍      | 9/26 [00:00<00:01, 14.01it/s][A

 42%|████▏     | 11/26 [00:00<00:01, 13.71it/s][A

 50%|█████     | 13/26 [00:00<00:00, 13.51it/s][A

 58%|█████▊    | 15/26 [00:01<00:00, 13.42it/s][A

 65%|██████▌   | 17/26 [00:01<00:00, 13.33it/s][A

 73%|███████▎  | 19/26 [00:01<00:00, 13.29it/s][A

 81%|████████  | 21/26 [00:01<00:00, 13.24it/s][A

 88%|████████▊ | 23/26 [00:01<00:00, 13.18it/s][A

 96%|█████████▌| 25/26 [00:01<00:00, 13.23it/s][A

                                               
[A
                                                 

100%|██████████| 26/26 [00:01<00:00, 13.23it/s][A
 90%|█████████ | 234/260 [03:31<00:17,  1.49it/s]

                                               [A
 90%|█████████ | 235/260 [03:34<00:53,  2.13s/it]
 91%|█████████ | 236/260 [03:35<00:41,  1.71s/it]
 91%|█████████ | 237/260 [03:36<00:32,  1.42s/it]
 92%|█████████▏| 238/260 [03:37<00:26,  1.21s/it]
 92%|█████████▏| 239/260 [03:37<00:22,  1.07s/it]
 92%|█████████▏| 240/260 [03:38<00:19,  1.03it/s]
 93%|█████████▎| 241/260 [03:39<00:17,  1.11it/s]
 93%|█████████▎| 242/260 [03:40<00:15,  1.18it/s]
 93%|█████████▎| 243/260 [03:40<00:13,  1.23it/s]
 94%|█████████▍| 244/260 [03:41<00:12,  1.26it/s]
 94%|█████████▍| 245/260 [03:42<00:11,  1.29it/s]
 95%|█████████▍| 246/260 [03:42<00:10,  1.31it/s]
 95%|█████████▌| 247/260 [03:43<00:09,  1.32it/s]
 95%|█████████▌| 248/260 [03:44<00:08,  1.34it/s]
 96%|█████████▌| 249/260 [03:45<00:08,  1.34it/s]
 96%|█████████▌| 250/260 [03:45<00:07,  1.35it/s]
 97%|█████████▋| 251/260 [03:46<00:06,  1.35it/s]
 97%|█████████▋| 252/260 [03:47<00:05,  1.35it/s]
 97%|█████████▋| 253/260 [03:48<00:05,  1.35it/s]
 98%|█████████▊| 254/260 [03:48<00:04,  1.36it/s]
 98%|█████████▊| 255/260 [03:49<00:03,  1.36it/s]
 98%|█████████▊| 256/260 [03:50<00:02,  1.36it/s]
 99%|█████████▉| 257/260 [03:51<00:02,  1.36it/s]
 99%|█████████▉| 258/260 [03:51<00:01,  1.36it/s]
100%|█████████▉| 259/260 [03:52<00:00,  1.36it/s]
100%|██████████| 260/260 [03:53<00:00,  1.49it/s]
                                                 

100%|██████████| 260/260 [03:53<00:00,  1.49it/s]{'eval_loss': 0.01992425136268139, 'eval_runtime': 1.9623, 'eval_samples_per_second': 419.405, 'eval_steps_per_second': 13.25, 'epoch': 9.0}
{'loss': 0.0274, 'grad_norm': 0.5849887132644653, 'learning_rate': 0.0, 'epoch': 10.0}


  0%|          | 0/26 [00:00<?, ?it/s][A

 12%|█▏        | 3/26 [00:00<00:01, 19.77it/s][A

 19%|█▉        | 5/26 [00:00<00:01, 15.91it/s][A

 27%|██▋       | 7/26 [00:00<00:01, 14.63it/s][A

 35%|███▍      | 9/26 [00:00<00:01, 14.07it/s][A

 42%|████▏     | 11/26 [00:00<00:01, 13.74it/s][A

 50%|█████     | 13/26 [00:00<00:00, 13.55it/s][A

 58%|█████▊    | 15/26 [00:01<00:00, 13.42it/s][A

 65%|██████▌   | 17/26 [00:01<00:00, 13.36it/s][A

 73%|███████▎  | 19/26 [00:01<00:00, 13.29it/s][A

 81%|████████  | 21/26 [00:01<00:00, 13.26it/s][A

 88%|████████▊ | 23/26 [00:01<00:00, 13.22it/s][A

 96%|█████████▌| 25/26 [00:01<00:00, 13.28it/s][A

                                               
[A
                                                 

100%|██████████| 26/26 [00:01<00:00, 13.28it/s][A
100%|██████████| 260/260 [03:55<00:00,  1.49it/s]

                                               [AThere were missing keys in the checkpoint model loaded: ['lm_head.decoder.weight', 'lm_head.decoder.bias'].

                                                 

100%|██████████| 260/260 [03:57<00:00,  1.49it/s]
100%|██████████| 260/260 [03:57<00:00,  1.09it/s]
Some weights of RobertaForSequenceClassification were not initialized from the model checkpoint at ./layer_pretrained_roberta and are newly initialized: ['classifier.dense.bias', 'classifier.dense.weight', 'classifier.out_proj.bias', 'classifier.out_proj.weight']
You should probably TRAIN this model on a down-stream task to be able to use it for predictions and inference.
2025-04-12 04:28:22.986 | INFO     | __main__:CV_run:403 - Starting fine-tuning with cross-entropy loss
{'eval_loss': 0.020558256655931473, 'eval_runtime': 1.9583, 'eval_samples_per_second': 420.265, 'eval_steps_per_second': 13.277, 'epoch': 10.0}
{'train_runtime': 237.9757, 'train_samples_per_second': 138.459, 'train_steps_per_second': 1.093, 'train_loss': 0.06186142174097208, 'epoch': 10.0}

  0%|          | 0/780 [00:00<?, ?it/s]
  0%|          | 1/780 [00:00<11:12,  1.16it/s]
  0%|          | 2/780 [00:01<07:44,  1.68it/s]
  0%|          | 3/780 [00:01<06:39,  1.95it/s]
  1%|          | 4/780 [00:02<06:08,  2.11it/s]
  1%|          | 5/780 [00:02<05:49,  2.22it/s]
  1%|          | 6/780 [00:02<05:37,  2.29it/s]
  1%|          | 7/780 [00:03<05:30,  2.34it/s]
  1%|          | 8/780 [00:03<05:26,  2.37it/s]
  1%|          | 9/780 [00:04<05:22,  2.39it/s]
  1%|▏         | 10/780 [00:04<05:19,  2.41it/s]
  1%|▏         | 11/780 [00:04<05:17,  2.42it/s]
  2%|▏         | 12/780 [00:05<05:16,  2.43it/s]
  2%|▏         | 13/780 [00:05<05:15,  2.43it/s]
  2%|▏         | 14/780 [00:06<05:13,  2.44it/s]
  2%|▏         | 15/780 [00:06<05:13,  2.44it/s]
  2%|▏         | 16/780 [00:07<05:13,  2.44it/s]
  2%|▏         | 17/780 [00:07<05:13,  2.44it/s]
  2%|▏         | 18/780 [00:07<05:12,  2.44it/s]
  2%|▏         | 19/780 [00:08<05:11,  2.45it/s]
  3%|▎         | 20/780 [00:08<05:11,  2.44it/s]
  3%|▎         | 21/780 [00:09<05:10,  2.44it/s]
  3%|▎         | 22/780 [00:09<05:09,  2.45it/s]
  3%|▎         | 23/780 [00:09<05:09,  2.45it/s]
  3%|▎         | 24/780 [00:10<05:09,  2.44it/s]
  3%|▎         | 25/780 [00:10<05:09,  2.44it/s]
  3%|▎         | 26/780 [00:11<04:59,  2.52it/s]
                                                

  3%|▎         | 26/780 [00:11<04:59,  2.52it/s]{'loss': 3.6313, 'grad_norm': 4.064901351928711, 'learning_rate': 4.8333333333333334e-05, 'epoch': 1.0}


  0%|          | 0/26 [00:00<?, ?it/s][A

 19%|█▉        | 5/26 [00:00<00:00, 38.11it/s][A

 35%|███▍      | 9/26 [00:00<00:00, 33.38it/s][A

 50%|█████     | 13/26 [00:00<00:00, 31.99it/s][A

 65%|██████▌   | 17/26 [00:00<00:00, 31.28it/s][A

 81%|████████  | 21/26 [00:00<00:00, 30.96it/s][A

 96%|█████████▌| 25/26 [00:00<00:00, 30.70it/s][A

                                               
[A
                                                

100%|██████████| 26/26 [00:00<00:00, 30.70it/s][A
  3%|▎         | 26/780 [00:12<04:59,  2.52it/s]

                                               [A{'eval_loss': 2.4881200790405273, 'eval_macro_recall': 0.1561289587605377, 'eval_macro_precision': 0.10715970420400023, 'eval_macro_f1': 0.11413911213898398, 'eval_accuracy': 0.4422843256379101, 'eval_micro_recall': 0.4422843256379101, 'eval_micro_precision': 0.4422843256379101, 'eval_micro_f1': 0.4422843256379101, 'eval_runtime': 1.1854, 'eval_samples_per_second': 694.253, 'eval_steps_per_second': 21.933, 'epoch': 1.0}

  3%|▎         | 27/780 [00:15<21:10,  1.69s/it]
  4%|▎         | 28/780 [00:16<16:20,  1.30s/it]
  4%|▎         | 29/780 [00:16<12:57,  1.04s/it]
  4%|▍         | 30/780 [00:16<10:35,  1.18it/s]
  4%|▍         | 31/780 [00:17<08:56,  1.40it/s]
  4%|▍         | 32/780 [00:17<07:46,  1.60it/s]
  4%|▍         | 33/780 [00:18<06:58,  1.79it/s]
  4%|▍         | 34/780 [00:18<06:23,  1.94it/s]
  4%|▍         | 35/780 [00:19<05:59,  2.07it/s]
  5%|▍         | 36/780 [00:19<05:42,  2.17it/s]
  5%|▍         | 37/780 [00:19<05:31,  2.24it/s]
  5%|▍         | 38/780 [00:20<05:22,  2.30it/s]
  5%|▌         | 39/780 [00:20<05:15,  2.35it/s]
  5%|▌         | 40/780 [00:21<05:11,  2.37it/s]
  5%|▌         | 41/780 [00:21<05:08,  2.39it/s]
  5%|▌         | 42/780 [00:21<05:06,  2.41it/s]
  6%|▌         | 43/780 [00:22<05:04,  2.42it/s]
  6%|▌         | 44/780 [00:22<05:02,  2.43it/s]
  6%|▌         | 45/780 [00:23<05:02,  2.43it/s]
  6%|▌         | 46/780 [00:23<05:01,  2.43it/s]
  6%|▌         | 47/780 [00:23<05:00,  2.44it/s]
  6%|▌         | 48/780 [00:24<04:59,  2.44it/s]
  6%|▋         | 49/780 [00:24<04:59,  2.44it/s]
  6%|▋         | 50/780 [00:25<04:59,  2.44it/s]
  7%|▋         | 51/780 [00:25<04:58,  2.44it/s]
  7%|▋         | 52/780 [00:25<04:49,  2.52it/s]
                                                

  7%|▋         | 52/780 [00:25<04:49,  2.52it/s]{'loss': 2.048, 'grad_norm': 3.2447893619537354, 'learning_rate': 4.666666666666667e-05, 'epoch': 2.0}


  0%|          | 0/26 [00:00<?, ?it/s][A

 19%|█▉        | 5/26 [00:00<00:00, 37.79it/s][A

 35%|███▍      | 9/26 [00:00<00:00, 33.19it/s][A

 50%|█████     | 13/26 [00:00<00:00, 31.77it/s][A

 65%|██████▌   | 17/26 [00:00<00:00, 31.13it/s][A

 81%|████████  | 21/26 [00:00<00:00, 30.77it/s][A

 96%|█████████▌| 25/26 [00:00<00:00, 30.51it/s][A

                                               
[A
                                                

100%|██████████| 26/26 [00:00<00:00, 30.51it/s][A
  7%|▋         | 52/780 [00:27<04:49,  2.52it/s]

                                               [A{'eval_loss': 1.2838687896728516, 'eval_macro_recall': 0.6073735475051264, 'eval_macro_precision': 0.5717125744558089, 'eval_macro_f1': 0.5663828611332565, 'eval_accuracy': 0.7910085054678008, 'eval_micro_recall': 0.7910085054678008, 'eval_micro_precision': 0.7910085054678008, 'eval_micro_f1': 0.7910085054678008, 'eval_runtime': 1.1955, 'eval_samples_per_second': 688.435, 'eval_steps_per_second': 21.749, 'epoch': 2.0}

  7%|▋         | 53/780 [00:30<20:57,  1.73s/it]
  7%|▋         | 54/780 [00:31<16:09,  1.33s/it]
  7%|▋         | 55/780 [00:31<12:46,  1.06s/it]
  7%|▋         | 56/780 [00:32<10:24,  1.16it/s]
  7%|▋         | 57/780 [00:32<08:45,  1.38it/s]
  7%|▋         | 58/780 [00:32<07:36,  1.58it/s]
  8%|▊         | 59/780 [00:33<06:46,  1.77it/s]
  8%|▊         | 60/780 [00:33<06:12,  1.93it/s]
  8%|▊         | 61/780 [00:34<05:49,  2.06it/s]
  8%|▊         | 62/780 [00:34<05:32,  2.16it/s]
  8%|▊         | 63/780 [00:34<05:20,  2.24it/s]
  8%|▊         | 64/780 [00:35<05:12,  2.29it/s]
  8%|▊         | 65/780 [00:35<05:06,  2.33it/s]
  8%|▊         | 66/780 [00:36<05:02,  2.36it/s]
  9%|▊         | 67/780 [00:36<04:59,  2.38it/s]
  9%|▊         | 68/780 [00:36<04:56,  2.40it/s]
  9%|▉         | 69/780 [00:37<04:54,  2.42it/s]
  9%|▉         | 70/780 [00:37<04:53,  2.42it/s]
  9%|▉         | 71/780 [00:38<04:52,  2.42it/s]
  9%|▉         | 72/780 [00:38<04:51,  2.43it/s]
  9%|▉         | 73/780 [00:38<04:50,  2.43it/s]
  9%|▉         | 74/780 [00:39<04:50,  2.43it/s]
 10%|▉         | 75/780 [00:39<04:49,  2.44it/s]
 10%|▉         | 76/780 [00:40<04:48,  2.44it/s]
 10%|▉         | 77/780 [00:40<04:48,  2.44it/s]
 10%|█         | 78/780 [00:40<04:37,  2.53it/s]
                                                

 10%|█         | 78/780 [00:41<04:37,  2.53it/s]{'loss': 1.1699, 'grad_norm': 3.9336979389190674, 'learning_rate': 4.5e-05, 'epoch': 3.0}


  0%|          | 0/26 [00:00<?, ?it/s][A

 19%|█▉        | 5/26 [00:00<00:00, 37.87it/s][A

 35%|███▍      | 9/26 [00:00<00:00, 33.19it/s][A

 50%|█████     | 13/26 [00:00<00:00, 31.82it/s][A

 65%|██████▌   | 17/26 [00:00<00:00, 31.10it/s][A

 81%|████████  | 21/26 [00:00<00:00, 30.74it/s][A

 96%|█████████▌| 25/26 [00:00<00:00, 30.53it/s][A

                                               
[A
                                                

100%|██████████| 26/26 [00:00<00:00, 30.53it/s][A
 10%|█         | 78/780 [00:42<04:37,  2.53it/s]

                                               [A{'eval_loss': 0.7282420992851257, 'eval_macro_recall': 0.8216948621553885, 'eval_macro_precision': 0.8010107381653434, 'eval_macro_f1': 0.8028157683194792, 'eval_accuracy': 0.9307411907654921, 'eval_micro_recall': 0.9307411907654921, 'eval_micro_precision': 0.9307411907654921, 'eval_micro_f1': 0.9307411907654922, 'eval_runtime': 1.1788, 'eval_samples_per_second': 698.174, 'eval_steps_per_second': 22.057, 'epoch': 3.0}

 10%|█         | 79/780 [00:45<19:40,  1.68s/it]
 10%|█         | 80/780 [00:46<15:10,  1.30s/it]
 10%|█         | 81/780 [00:46<12:02,  1.03s/it]
 11%|█         | 82/780 [00:46<09:50,  1.18it/s]
 11%|█         | 83/780 [00:47<08:17,  1.40it/s]
 11%|█         | 84/780 [00:47<07:13,  1.60it/s]
 11%|█         | 85/780 [00:48<06:28,  1.79it/s]
 11%|█         | 86/780 [00:48<05:56,  1.94it/s]
 11%|█         | 87/780 [00:48<05:34,  2.07it/s]
 11%|█▏        | 88/780 [00:49<05:17,  2.18it/s]
 11%|█▏        | 89/780 [00:49<05:07,  2.25it/s]
 12%|█▏        | 90/780 [00:50<05:00,  2.30it/s]
 12%|█▏        | 91/780 [00:50<04:53,  2.34it/s]
 12%|█▏        | 92/780 [00:50<04:49,  2.37it/s]
 12%|█▏        | 93/780 [00:51<04:48,  2.39it/s]
 12%|█▏        | 94/780 [00:51<04:45,  2.41it/s]
 12%|█▏        | 95/780 [00:52<04:43,  2.42it/s]
 12%|█▏        | 96/780 [00:52<04:42,  2.42it/s]
 12%|█▏        | 97/780 [00:53<04:41,  2.43it/s]
 13%|█▎        | 98/780 [00:53<04:39,  2.44it/s]
 13%|█▎        | 99/780 [00:53<04:39,  2.44it/s]
 13%|█▎        | 100/780 [00:54<04:39,  2.43it/s]
 13%|█▎        | 101/780 [00:54<04:38,  2.44it/s]
 13%|█▎        | 102/780 [00:55<04:37,  2.44it/s]
 13%|█▎        | 103/780 [00:55<04:37,  2.44it/s]
 13%|█▎        | 104/780 [00:55<04:30,  2.50it/s]
                                                 

 13%|█▎        | 104/780 [00:55<04:30,  2.50it/s]{'loss': 0.7153, 'grad_norm': 2.5129096508026123, 'learning_rate': 4.3333333333333334e-05, 'epoch': 4.0}


  0%|          | 0/26 [00:00<?, ?it/s][A

 19%|█▉        | 5/26 [00:00<00:00, 38.13it/s][A

 35%|███▍      | 9/26 [00:00<00:00, 33.44it/s][A

 50%|█████     | 13/26 [00:00<00:00, 31.95it/s][A

 65%|██████▌   | 17/26 [00:00<00:00, 31.26it/s][A

 81%|████████  | 21/26 [00:00<00:00, 30.87it/s][A

 96%|█████████▌| 25/26 [00:00<00:00, 30.62it/s][A

                                               
[A
                                                 

100%|██████████| 26/26 [00:00<00:00, 30.62it/s][A
 13%|█▎        | 104/780 [00:57<04:30,  2.50it/s]

                                               [A{'eval_loss': 0.4304353594779968, 'eval_macro_recall': 0.8672462406015038, 'eval_macro_precision': 0.8564131725973833, 'eval_macro_f1': 0.8551685303001092, 'eval_accuracy': 0.9477521263669502, 'eval_micro_recall': 0.9477521263669502, 'eval_micro_precision': 0.9477521263669502, 'eval_micro_f1': 0.9477521263669502, 'eval_runtime': 1.1727, 'eval_samples_per_second': 701.809, 'eval_steps_per_second': 22.171, 'epoch': 4.0}

 13%|█▎        | 105/780 [01:00<19:09,  1.70s/it]
 14%|█▎        | 106/780 [01:01<14:46,  1.32s/it]
 14%|█▎        | 107/780 [01:01<11:42,  1.04s/it]
 14%|█▍        | 108/780 [01:01<09:33,  1.17it/s]
 14%|█▍        | 109/780 [01:02<08:03,  1.39it/s]
 14%|█▍        | 110/780 [01:02<07:00,  1.59it/s]
 14%|█▍        | 111/780 [01:03<06:15,  1.78it/s]
 14%|█▍        | 112/780 [01:03<05:44,  1.94it/s]
 14%|█▍        | 113/780 [01:03<05:22,  2.07it/s]
 15%|█▍        | 114/780 [01:04<05:07,  2.17it/s]
 15%|█▍        | 115/780 [01:04<04:56,  2.25it/s]
 15%|█▍        | 116/780 [01:05<04:48,  2.30it/s]
 15%|█▌        | 117/780 [01:05<04:43,  2.34it/s]
 15%|█▌        | 118/780 [01:05<04:39,  2.37it/s]
 15%|█▌        | 119/780 [01:06<04:36,  2.39it/s]
 15%|█▌        | 120/780 [01:06<04:34,  2.40it/s]
 16%|█▌        | 121/780 [01:07<04:33,  2.41it/s]
 16%|█▌        | 122/780 [01:07<04:31,  2.43it/s]
 16%|█▌        | 123/780 [01:07<04:29,  2.44it/s]
 16%|█▌        | 124/780 [01:08<04:29,  2.43it/s]
 16%|█▌        | 125/780 [01:08<04:28,  2.44it/s]
 16%|█▌        | 126/780 [01:09<04:27,  2.44it/s]
 16%|█▋        | 127/780 [01:09<04:27,  2.44it/s]
 16%|█▋        | 128/780 [01:10<04:27,  2.44it/s]
 17%|█▋        | 129/780 [01:10<04:26,  2.44it/s]
 17%|█▋        | 130/780 [01:10<04:18,  2.52it/s]
                                                 

 17%|█▋        | 130/780 [01:10<04:18,  2.52it/s]{'loss': 0.4576, 'grad_norm': 1.7250547409057617, 'learning_rate': 4.166666666666667e-05, 'epoch': 5.0}


  0%|          | 0/26 [00:00<?, ?it/s][A

 19%|█▉        | 5/26 [00:00<00:00, 37.95it/s][A

 35%|███▍      | 9/26 [00:00<00:00, 33.37it/s][A

 50%|█████     | 13/26 [00:00<00:00, 31.94it/s][A

 65%|██████▌   | 17/26 [00:00<00:00, 31.28it/s][A

 81%|████████  | 21/26 [00:00<00:00, 30.91it/s][A

 96%|█████████▌| 25/26 [00:00<00:00, 30.69it/s][A

                                               
[A
                                                 

100%|██████████| 26/26 [00:01<00:00, 30.69it/s][A
 17%|█▋        | 130/780 [01:12<04:18,  2.52it/s]

                                               [A{'eval_loss': 0.27003613114356995, 'eval_macro_recall': 0.9272399749373434, 'eval_macro_precision': 0.9193730854915066, 'eval_macro_f1': 0.9136350361809712, 'eval_accuracy': 0.9671931956257594, 'eval_micro_recall': 0.9671931956257594, 'eval_micro_precision': 0.9671931956257594, 'eval_micro_f1': 0.9671931956257594, 'eval_runtime': 1.1812, 'eval_samples_per_second': 696.745, 'eval_steps_per_second': 22.011, 'epoch': 5.0}

 17%|█▋        | 131/780 [01:15<19:16,  1.78s/it]
 17%|█▋        | 132/780 [01:16<14:47,  1.37s/it]
 17%|█▋        | 133/780 [01:16<11:39,  1.08s/it]
 17%|█▋        | 134/780 [01:17<09:28,  1.14it/s]
 17%|█▋        | 135/780 [01:17<07:56,  1.35it/s]
 17%|█▋        | 136/780 [01:17<06:51,  1.56it/s]
 18%|█▊        | 137/780 [01:18<06:06,  1.75it/s]
 18%|█▊        | 138/780 [01:18<05:35,  1.91it/s]
 18%|█▊        | 139/780 [01:19<05:12,  2.05it/s]
 18%|█▊        | 140/780 [01:19<04:56,  2.16it/s]
 18%|█▊        | 141/780 [01:19<04:45,  2.24it/s]
 18%|█▊        | 142/780 [01:20<04:37,  2.30it/s]
 18%|█▊        | 143/780 [01:20<04:32,  2.34it/s]
 18%|█▊        | 144/780 [01:21<04:28,  2.37it/s]
 19%|█▊        | 145/780 [01:21<04:25,  2.39it/s]
 19%|█▊        | 146/780 [01:21<04:23,  2.40it/s]
 19%|█▉        | 147/780 [01:22<04:21,  2.42it/s]
 19%|█▉        | 148/780 [01:22<04:20,  2.43it/s]
 19%|█▉        | 149/780 [01:23<04:19,  2.43it/s]
 19%|█▉        | 150/780 [01:23<04:19,  2.43it/s]
 19%|█▉        | 151/780 [01:24<04:17,  2.44it/s]
 19%|█▉        | 152/780 [01:24<04:16,  2.45it/s]
 20%|█▉        | 153/780 [01:24<04:16,  2.45it/s]
 20%|█▉        | 154/780 [01:25<04:16,  2.44it/s]
 20%|█▉        | 155/780 [01:25<04:15,  2.44it/s]
 20%|██        | 156/780 [01:26<04:09,  2.50it/s]
                                                 

 20%|██        | 156/780 [01:26<04:09,  2.50it/s]{'loss': 0.3045, 'grad_norm': 1.4158482551574707, 'learning_rate': 4e-05, 'epoch': 6.0}


  0%|          | 0/26 [00:00<?, ?it/s][A

 19%|█▉        | 5/26 [00:00<00:00, 37.74it/s][A

 35%|███▍      | 9/26 [00:00<00:00, 33.22it/s][A

 50%|█████     | 13/26 [00:00<00:00, 31.92it/s][A

 65%|██████▌   | 17/26 [00:00<00:00, 31.31it/s][A

 81%|████████  | 21/26 [00:00<00:00, 30.91it/s][A

 96%|█████████▌| 25/26 [00:00<00:00, 30.69it/s][A

                                               
[A
                                                 

100%|██████████| 26/26 [00:01<00:00, 30.69it/s][A
 20%|██        | 156/780 [01:27<04:09,  2.50it/s]

                                               [A{'eval_loss': 0.1768614947795868, 'eval_macro_recall': 0.9574718045112781, 'eval_macro_precision': 0.9396668755221388, 'eval_macro_f1': 0.940641331761851, 'eval_accuracy': 0.9744835965978129, 'eval_micro_recall': 0.9744835965978129, 'eval_micro_precision': 0.9744835965978129, 'eval_micro_f1': 0.9744835965978129, 'eval_runtime': 1.1578, 'eval_samples_per_second': 710.825, 'eval_steps_per_second': 22.456, 'epoch': 6.0}

 20%|██        | 157/780 [01:30<17:51,  1.72s/it]
 20%|██        | 158/780 [01:31<13:44,  1.33s/it]
 20%|██        | 159/780 [01:31<10:52,  1.05s/it]
 21%|██        | 160/780 [01:32<08:52,  1.17it/s]
 21%|██        | 161/780 [01:32<07:28,  1.38it/s]
 21%|██        | 162/780 [01:32<06:28,  1.59it/s]
 21%|██        | 163/780 [01:33<05:46,  1.78it/s]
 21%|██        | 164/780 [01:33<05:18,  1.94it/s]
 21%|██        | 165/780 [01:34<04:57,  2.06it/s]
 21%|██▏       | 166/780 [01:34<04:43,  2.16it/s]
 21%|██▏       | 167/780 [01:34<04:33,  2.24it/s]
 22%|██▏       | 168/780 [01:35<04:25,  2.30it/s]
 22%|██▏       | 169/780 [01:35<04:20,  2.34it/s]
 22%|██▏       | 170/780 [01:36<04:17,  2.37it/s]
 22%|██▏       | 171/780 [01:36<04:14,  2.39it/s]
 22%|██▏       | 172/780 [01:36<04:12,  2.41it/s]
 22%|██▏       | 173/780 [01:37<04:10,  2.42it/s]
 22%|██▏       | 174/780 [01:37<04:09,  2.43it/s]
 22%|██▏       | 175/780 [01:38<04:08,  2.43it/s]
 23%|██▎       | 176/780 [01:38<04:07,  2.44it/s]
 23%|██▎       | 177/780 [01:38<04:06,  2.45it/s]
 23%|██▎       | 178/780 [01:39<04:06,  2.44it/s]
 23%|██▎       | 179/780 [01:39<04:06,  2.44it/s]
 23%|██▎       | 180/780 [01:40<04:05,  2.45it/s]
 23%|██▎       | 181/780 [01:40<04:04,  2.45it/s]
 23%|██▎       | 182/780 [01:40<03:58,  2.51it/s]
                                                 

 23%|██▎       | 182/780 [01:41<03:58,  2.51it/s]{'loss': 0.2116, 'grad_norm': 1.9100322723388672, 'learning_rate': 3.8333333333333334e-05, 'epoch': 7.0}


  0%|          | 0/26 [00:00<?, ?it/s][A

 19%|█▉        | 5/26 [00:00<00:00, 38.24it/s][A

 35%|███▍      | 9/26 [00:00<00:00, 33.42it/s][A

 50%|█████     | 13/26 [00:00<00:00, 31.99it/s][A

 65%|██████▌   | 17/26 [00:00<00:00, 31.34it/s][A

 81%|████████  | 21/26 [00:00<00:00, 30.95it/s][A

 96%|█████████▌| 25/26 [00:00<00:00, 30.74it/s][A

                                               
[A
                                                 

100%|██████████| 26/26 [00:00<00:00, 30.74it/s][A
 23%|██▎       | 182/780 [01:42<03:58,  2.51it/s]

                                               [A{'eval_loss': 0.12905368208885193, 'eval_macro_recall': 0.9703477443609024, 'eval_macro_precision': 0.9626409774436089, 'eval_macro_f1': 0.9605408902387313, 'eval_accuracy': 0.9842041312272175, 'eval_micro_recall': 0.9842041312272175, 'eval_micro_precision': 0.9842041312272175, 'eval_micro_f1': 0.9842041312272175, 'eval_runtime': 1.1704, 'eval_samples_per_second': 703.187, 'eval_steps_per_second': 22.215, 'epoch': 7.0}

 23%|██▎       | 183/780 [01:45<16:44,  1.68s/it]
 24%|██▎       | 184/780 [01:46<12:55,  1.30s/it]
 24%|██▎       | 185/780 [01:46<10:14,  1.03s/it]
 24%|██▍       | 186/780 [01:46<08:22,  1.18it/s]
 24%|██▍       | 187/780 [01:47<07:03,  1.40it/s]
 24%|██▍       | 188/780 [01:47<06:08,  1.61it/s]
 24%|██▍       | 189/780 [01:48<05:29,  1.79it/s]
 24%|██▍       | 190/780 [01:48<05:03,  1.95it/s]
 24%|██▍       | 191/780 [01:48<04:44,  2.07it/s]
 25%|██▍       | 192/780 [01:49<04:30,  2.17it/s]
 25%|██▍       | 193/780 [01:49<04:21,  2.25it/s]
 25%|██▍       | 194/780 [01:50<04:14,  2.30it/s]
 25%|██▌       | 195/780 [01:50<04:09,  2.34it/s]
 25%|██▌       | 196/780 [01:50<04:05,  2.37it/s]
 25%|██▌       | 197/780 [01:51<04:03,  2.39it/s]
 25%|██▌       | 198/780 [01:51<04:01,  2.41it/s]
 26%|██▌       | 199/780 [01:52<03:59,  2.42it/s]
 26%|██▌       | 200/780 [01:52<03:58,  2.43it/s]
 26%|██▌       | 201/780 [01:53<03:57,  2.43it/s]
 26%|██▌       | 202/780 [01:53<03:57,  2.43it/s]
 26%|██▌       | 203/780 [01:53<03:56,  2.44it/s]
 26%|██▌       | 204/780 [01:54<03:55,  2.45it/s]
 26%|██▋       | 205/780 [01:54<03:55,  2.44it/s]
 26%|██▋       | 206/780 [01:55<03:55,  2.44it/s]
 27%|██▋       | 207/780 [01:55<03:54,  2.45it/s]
 27%|██▋       | 208/780 [01:55<03:45,  2.53it/s]
                                                 

 27%|██▋       | 208/780 [01:55<03:45,  2.53it/s]{'loss': 0.152, 'grad_norm': 1.1880532503128052, 'learning_rate': 3.6666666666666666e-05, 'epoch': 8.0}


  0%|          | 0/26 [00:00<?, ?it/s][A

 19%|█▉        | 5/26 [00:00<00:00, 37.99it/s][A

 35%|███▍      | 9/26 [00:00<00:00, 33.33it/s][A

 50%|█████     | 13/26 [00:00<00:00, 31.89it/s][A

 65%|██████▌   | 17/26 [00:00<00:00, 31.23it/s][A

 81%|████████  | 21/26 [00:00<00:00, 30.86it/s][A

 96%|█████████▌| 25/26 [00:00<00:00, 30.58it/s][A

                                               
[A
                                                 

100%|██████████| 26/26 [00:00<00:00, 30.58it/s][A
 27%|██▋       | 208/780 [01:57<03:45,  2.53it/s]

                                               [A{'eval_loss': 0.10054247826337814, 'eval_macro_recall': 0.9797149122807017, 'eval_macro_precision': 0.968687343358396, 'eval_macro_f1': 0.969547448165869, 'eval_accuracy': 0.9890643985419199, 'eval_micro_recall': 0.9890643985419199, 'eval_micro_precision': 0.9890643985419199, 'eval_micro_f1': 0.9890643985419199, 'eval_runtime': 1.1322, 'eval_samples_per_second': 726.909, 'eval_steps_per_second': 22.964, 'epoch': 8.0}

 27%|██▋       | 209/780 [02:00<16:29,  1.73s/it]
 27%|██▋       | 210/780 [02:01<12:41,  1.34s/it]
 27%|██▋       | 211/780 [02:01<10:01,  1.06s/it]
 27%|██▋       | 212/780 [02:01<08:10,  1.16it/s]
 27%|██▋       | 213/780 [02:02<06:51,  1.38it/s]
 27%|██▋       | 214/780 [02:02<05:56,  1.59it/s]
 28%|██▊       | 215/780 [02:03<05:18,  1.77it/s]
 28%|██▊       | 216/780 [02:03<04:52,  1.93it/s]
 28%|██▊       | 217/780 [02:03<04:32,  2.06it/s]
 28%|██▊       | 218/780 [02:04<04:19,  2.17it/s]
 28%|██▊       | 219/780 [02:04<04:09,  2.25it/s]
 28%|██▊       | 220/780 [02:05<04:03,  2.30it/s]
 28%|██▊       | 221/780 [02:05<03:58,  2.34it/s]
 28%|██▊       | 222/780 [02:06<03:55,  2.37it/s]
 29%|██▊       | 223/780 [02:06<03:52,  2.40it/s]
 29%|██▊       | 224/780 [02:06<03:50,  2.41it/s]
 29%|██▉       | 225/780 [02:07<03:49,  2.42it/s]
 29%|██▉       | 226/780 [02:07<03:48,  2.43it/s]
 29%|██▉       | 227/780 [02:08<03:47,  2.44it/s]
 29%|██▉       | 228/780 [02:08<03:46,  2.44it/s]
 29%|██▉       | 229/780 [02:08<03:45,  2.44it/s]
 29%|██▉       | 230/780 [02:09<03:45,  2.44it/s]
 30%|██▉       | 231/780 [02:09<03:44,  2.45it/s]
 30%|██▉       | 232/780 [02:10<03:44,  2.45it/s]
 30%|██▉       | 233/780 [02:10<03:44,  2.44it/s]
 30%|███       | 234/780 [02:10<03:36,  2.52it/s]
                                                 

 30%|███       | 234/780 [02:10<03:36,  2.52it/s]{'loss': 0.115, 'grad_norm': 0.7346696257591248, 'learning_rate': 3.5e-05, 'epoch': 9.0}


  0%|          | 0/26 [00:00<?, ?it/s][A

 19%|█▉        | 5/26 [00:00<00:00, 38.38it/s][A

 35%|███▍      | 9/26 [00:00<00:00, 33.61it/s][A

 50%|█████     | 13/26 [00:00<00:00, 32.07it/s][A

 65%|██████▌   | 17/26 [00:00<00:00, 31.39it/s][A

 81%|████████  | 21/26 [00:00<00:00, 31.04it/s][A

 96%|█████████▌| 25/26 [00:00<00:00, 30.80it/s][A

                                               
[A
                                                 

100%|██████████| 26/26 [00:00<00:00, 30.80it/s][A
 30%|███       | 234/780 [02:12<03:36,  2.52it/s]

                                               [A{'eval_loss': 0.08052131533622742, 'eval_macro_recall': 0.9925595238095238, 'eval_macro_precision': 0.9876931913116124, 'eval_macro_f1': 0.987481024576776, 'eval_accuracy': 0.9890643985419199, 'eval_micro_recall': 0.9890643985419199, 'eval_micro_precision': 0.9890643985419199, 'eval_micro_f1': 0.9890643985419199, 'eval_runtime': 1.1851, 'eval_samples_per_second': 694.476, 'eval_steps_per_second': 21.94, 'epoch': 9.0}

 30%|███       | 235/780 [02:15<15:29,  1.71s/it]
 30%|███       | 236/780 [02:16<11:55,  1.32s/it]
 30%|███       | 237/780 [02:16<09:26,  1.04s/it]
 31%|███       | 238/780 [02:16<07:42,  1.17it/s]
 31%|███       | 239/780 [02:17<06:29,  1.39it/s]
 31%|███       | 240/780 [02:17<05:38,  1.59it/s]
 31%|███       | 241/780 [02:18<05:03,  1.78it/s]
 31%|███       | 242/780 [02:18<04:37,  1.94it/s]
 31%|███       | 243/780 [02:18<04:19,  2.07it/s]
 31%|███▏      | 244/780 [02:19<04:07,  2.17it/s]
 31%|███▏      | 245/780 [02:19<03:58,  2.24it/s]
 32%|███▏      | 246/780 [02:20<03:52,  2.30it/s]
 32%|███▏      | 247/780 [02:20<03:47,  2.34it/s]
 32%|███▏      | 248/780 [02:20<03:44,  2.37it/s]
 32%|███▏      | 249/780 [02:21<03:42,  2.39it/s]
 32%|███▏      | 250/780 [02:21<03:40,  2.41it/s]
 32%|███▏      | 251/780 [02:22<03:38,  2.43it/s]
 32%|███▏      | 252/780 [02:22<03:37,  2.43it/s]
 32%|███▏      | 253/780 [02:22<03:36,  2.43it/s]
 33%|███▎      | 254/780 [02:23<03:35,  2.44it/s]
 33%|███▎      | 255/780 [02:23<03:34,  2.45it/s]
 33%|███▎      | 256/780 [02:24<03:34,  2.45it/s]
 33%|███▎      | 257/780 [02:24<03:33,  2.45it/s]
 33%|███▎      | 258/780 [02:25<03:33,  2.44it/s]
 33%|███▎      | 259/780 [02:25<03:32,  2.45it/s]
 33%|███▎      | 260/780 [02:25<03:27,  2.51it/s]
                                                 

 33%|███▎      | 260/780 [02:25<03:27,  2.51it/s]{'loss': 0.0893, 'grad_norm': 1.1683562994003296, 'learning_rate': 3.3333333333333335e-05, 'epoch': 10.0}


  0%|          | 0/26 [00:00<?, ?it/s][A

 19%|█▉        | 5/26 [00:00<00:00, 38.02it/s][A

 35%|███▍      | 9/26 [00:00<00:00, 33.37it/s][A

 50%|█████     | 13/26 [00:00<00:00, 31.95it/s][A

 65%|██████▌   | 17/26 [00:00<00:00, 31.28it/s][A

 81%|████████  | 21/26 [00:00<00:00, 30.94it/s][A

 96%|█████████▌| 25/26 [00:00<00:00, 30.70it/s][A

                                               
[A
                                                 

100%|██████████| 26/26 [00:00<00:00, 30.70it/s][A
 33%|███▎      | 260/780 [02:27<03:27,  2.51it/s]

                                               [A{'eval_loss': 0.06023862212896347, 'eval_macro_recall': 0.9966322055137845, 'eval_macro_precision': 0.994125939849624, 'eval_macro_f1': 0.9948681800655486, 'eval_accuracy': 0.9939246658566221, 'eval_micro_recall': 0.9939246658566221, 'eval_micro_precision': 0.9939246658566221, 'eval_micro_f1': 0.9939246658566221, 'eval_runtime': 1.1865, 'eval_samples_per_second': 693.661, 'eval_steps_per_second': 21.914, 'epoch': 10.0}

 33%|███▎      | 261/780 [02:30<14:44,  1.70s/it]
 34%|███▎      | 262/780 [02:30<11:21,  1.32s/it]
 34%|███▎      | 263/780 [02:31<08:59,  1.04s/it]
 34%|███▍      | 264/780 [02:31<07:19,  1.17it/s]
 34%|███▍      | 265/780 [02:32<06:09,  1.39it/s]
 34%|███▍      | 266/780 [02:32<05:21,  1.60it/s]
 34%|███▍      | 267/780 [02:33<04:46,  1.79it/s]
 34%|███▍      | 268/780 [02:33<04:23,  1.95it/s]
 34%|███▍      | 269/780 [02:33<04:06,  2.07it/s]
 35%|███▍      | 270/780 [02:34<03:54,  2.17it/s]
 35%|███▍      | 271/780 [02:34<03:45,  2.25it/s]
 35%|███▍      | 272/780 [02:35<03:39,  2.31it/s]
 35%|███▌      | 273/780 [02:35<03:35,  2.35it/s]
 35%|███▌      | 274/780 [02:35<03:33,  2.37it/s]
 35%|███▌      | 275/780 [02:36<03:30,  2.40it/s]
 35%|███▌      | 276/780 [02:36<03:28,  2.42it/s]
 36%|███▌      | 277/780 [02:37<03:27,  2.42it/s]
 36%|███▌      | 278/780 [02:37<03:26,  2.43it/s]
 36%|███▌      | 279/780 [02:37<03:25,  2.43it/s]
 36%|███▌      | 280/780 [02:38<03:25,  2.44it/s]
 36%|███▌      | 281/780 [02:38<03:24,  2.44it/s]
 36%|███▌      | 282/780 [02:39<03:24,  2.44it/s]
 36%|███▋      | 283/780 [02:39<03:23,  2.44it/s]
 36%|███▋      | 284/780 [02:39<03:23,  2.44it/s]
 37%|███▋      | 285/780 [02:40<03:22,  2.44it/s]
 37%|███▋      | 286/780 [02:40<03:15,  2.52it/s]
                                                 

 37%|███▋      | 286/780 [02:40<03:15,  2.52it/s]{'loss': 0.0731, 'grad_norm': 0.6683025360107422, 'learning_rate': 3.1666666666666666e-05, 'epoch': 11.0}


  0%|          | 0/26 [00:00<?, ?it/s][A

 19%|█▉        | 5/26 [00:00<00:00, 37.90it/s][A

 35%|███▍      | 9/26 [00:00<00:00, 33.26it/s][A

 50%|█████     | 13/26 [00:00<00:00, 31.91it/s][A

 65%|██████▌   | 17/26 [00:00<00:00, 31.29it/s][A

 81%|████████  | 21/26 [00:00<00:00, 30.94it/s][A

 96%|█████████▌| 25/26 [00:00<00:00, 30.69it/s][A

                                               
[A
                                                 

100%|██████████| 26/26 [00:00<00:00, 30.69it/s][A
 37%|███▋      | 286/780 [02:42<03:15,  2.52it/s]

                                               [A{'eval_loss': 0.056847091764211655, 'eval_macro_recall': 0.9920895989974937, 'eval_macro_precision': 0.9908364661654135, 'eval_macro_f1': 0.9904034253644245, 'eval_accuracy': 0.991494532199271, 'eval_micro_recall': 0.991494532199271, 'eval_micro_precision': 0.991494532199271, 'eval_micro_f1': 0.991494532199271, 'eval_runtime': 1.1844, 'eval_samples_per_second': 694.887, 'eval_steps_per_second': 21.953, 'epoch': 11.0}

 37%|███▋      | 287/780 [02:45<14:29,  1.76s/it]
 37%|███▋      | 288/780 [02:46<11:07,  1.36s/it]
 37%|███▋      | 289/780 [02:46<08:46,  1.07s/it]
 37%|███▋      | 290/780 [02:46<07:07,  1.15it/s]
 37%|███▋      | 291/780 [02:47<05:58,  1.36it/s]
 37%|███▋      | 292/780 [02:47<05:09,  1.57it/s]
 38%|███▊      | 293/780 [02:48<04:36,  1.76it/s]
 38%|███▊      | 294/780 [02:48<04:12,  1.93it/s]
 38%|███▊      | 295/780 [02:48<03:55,  2.06it/s]
 38%|███▊      | 296/780 [02:49<03:43,  2.16it/s]
 38%|███▊      | 297/780 [02:49<03:35,  2.24it/s]
 38%|███▊      | 298/780 [02:50<03:29,  2.30it/s]
 38%|███▊      | 299/780 [02:50<03:25,  2.34it/s]
 38%|███▊      | 300/780 [02:50<03:22,  2.37it/s]
 39%|███▊      | 301/780 [02:51<03:20,  2.39it/s]
 39%|███▊      | 302/780 [02:51<03:17,  2.41it/s]
 39%|███▉      | 303/780 [02:52<03:16,  2.43it/s]
 39%|███▉      | 304/780 [02:52<03:15,  2.43it/s]
 39%|███▉      | 305/780 [02:53<03:15,  2.43it/s]
 39%|███▉      | 306/780 [02:53<03:14,  2.44it/s]
 39%|███▉      | 307/780 [02:53<03:13,  2.45it/s]
 39%|███▉      | 308/780 [02:54<03:12,  2.45it/s]
 40%|███▉      | 309/780 [02:54<03:12,  2.44it/s]
 40%|███▉      | 310/780 [02:55<03:12,  2.44it/s]
 40%|███▉      | 311/780 [02:55<03:11,  2.45it/s]
 40%|████      | 312/780 [02:55<03:06,  2.51it/s]
                                                 

 40%|████      | 312/780 [02:55<03:06,  2.51it/s]{'loss': 0.0665, 'grad_norm': 1.2578744888305664, 'learning_rate': 3e-05, 'epoch': 12.0}


  0%|          | 0/26 [00:00<?, ?it/s][A

 19%|█▉        | 5/26 [00:00<00:00, 37.84it/s][A

 35%|███▍      | 9/26 [00:00<00:00, 33.26it/s][A

 50%|█████     | 13/26 [00:00<00:00, 31.90it/s][A

 65%|██████▌   | 17/26 [00:00<00:00, 31.28it/s][A

 81%|████████  | 21/26 [00:00<00:00, 30.91it/s][A

 96%|█████████▌| 25/26 [00:00<00:00, 30.70it/s][A

                                               
[A
                                                 

100%|██████████| 26/26 [00:00<00:00, 30.70it/s][A
 40%|████      | 312/780 [02:57<03:06,  2.51it/s]

                                               [A{'eval_loss': 0.051902834326028824, 'eval_macro_recall': 0.9966322055137845, 'eval_macro_precision': 0.994125939849624, 'eval_macro_f1': 0.9948681800655486, 'eval_accuracy': 0.9939246658566221, 'eval_micro_recall': 0.9939246658566221, 'eval_micro_precision': 0.9939246658566221, 'eval_micro_f1': 0.9939246658566221, 'eval_runtime': 1.2037, 'eval_samples_per_second': 683.728, 'eval_steps_per_second': 21.6, 'epoch': 12.0}

 40%|████      | 313/780 [03:00<13:21,  1.72s/it]
 40%|████      | 314/780 [03:01<10:16,  1.32s/it]
 40%|████      | 315/780 [03:01<08:07,  1.05s/it]
 41%|████      | 316/780 [03:01<06:37,  1.17it/s]
 41%|████      | 317/780 [03:02<05:34,  1.39it/s]
 41%|████      | 318/780 [03:02<04:49,  1.60it/s]
 41%|████      | 319/780 [03:03<04:18,  1.78it/s]
 41%|████      | 320/780 [03:03<03:56,  1.94it/s]
 41%|████      | 321/780 [03:03<03:41,  2.07it/s]
 41%|████▏     | 322/780 [03:04<03:31,  2.17it/s]
 41%|████▏     | 323/780 [03:04<03:22,  2.25it/s]
 42%|████▏     | 324/780 [03:05<03:17,  2.31it/s]
 42%|████▏     | 325/780 [03:05<03:13,  2.35it/s]
 42%|████▏     | 326/780 [03:05<03:11,  2.38it/s]
 42%|████▏     | 327/780 [03:06<03:08,  2.40it/s]
 42%|████▏     | 328/780 [03:06<03:06,  2.42it/s]
 42%|████▏     | 329/780 [03:07<03:05,  2.43it/s]
 42%|████▏     | 330/780 [03:07<03:05,  2.43it/s]
 42%|████▏     | 331/780 [03:07<03:04,  2.43it/s]
 43%|████▎     | 332/780 [03:08<03:03,  2.44it/s]
 43%|████▎     | 333/780 [03:08<03:02,  2.44it/s]
 43%|████▎     | 334/780 [03:09<03:02,  2.44it/s]
 43%|████▎     | 335/780 [03:09<03:02,  2.44it/s]
 43%|████▎     | 336/780 [03:10<03:01,  2.45it/s]
 43%|████▎     | 337/780 [03:10<03:00,  2.45it/s]
 43%|████▎     | 338/780 [03:10<02:56,  2.51it/s]
                                                 

 43%|████▎     | 338/780 [03:10<02:56,  2.51it/s]{'loss': 0.057, 'grad_norm': 1.5964030027389526, 'learning_rate': 2.8333333333333335e-05, 'epoch': 13.0}


  0%|          | 0/26 [00:00<?, ?it/s][A

 19%|█▉        | 5/26 [00:00<00:00, 38.01it/s][A

 35%|███▍      | 9/26 [00:00<00:00, 33.41it/s][A

 50%|█████     | 13/26 [00:00<00:00, 31.99it/s][A

 65%|██████▌   | 17/26 [00:00<00:00, 31.32it/s][A

 81%|████████  | 21/26 [00:00<00:00, 30.92it/s][A

 96%|█████████▌| 25/26 [00:00<00:00, 30.69it/s][A

                                               
[A
                                                 

100%|██████████| 26/26 [00:00<00:00, 30.69it/s][A
 43%|████▎     | 338/780 [03:12<02:56,  2.51it/s]

                                               [A{'eval_loss': 0.051205456256866455, 'eval_macro_recall': 0.9964755639097743, 'eval_macro_precision': 0.9924812030075189, 'eval_macro_f1': 0.9939121972942488, 'eval_accuracy': 0.9927095990279465, 'eval_micro_recall': 0.9927095990279465, 'eval_micro_precision': 0.9927095990279465, 'eval_micro_f1': 0.9927095990279465, 'eval_runtime': 1.1804, 'eval_samples_per_second': 697.217, 'eval_steps_per_second': 22.026, 'epoch': 13.0}

 43%|████▎     | 339/780 [03:15<12:40,  1.72s/it]
 44%|████▎     | 340/780 [03:16<09:44,  1.33s/it]
 44%|████▎     | 341/780 [03:16<07:41,  1.05s/it]
 44%|████▍     | 342/780 [03:16<06:16,  1.16it/s]
 44%|████▍     | 343/780 [03:17<05:16,  1.38it/s]
 44%|████▍     | 344/780 [03:17<04:34,  1.59it/s]
 44%|████▍     | 345/780 [03:18<04:05,  1.78it/s]
 44%|████▍     | 346/780 [03:18<03:44,  1.93it/s]
 44%|████▍     | 347/780 [03:18<03:29,  2.06it/s]
 45%|████▍     | 348/780 [03:19<03:19,  2.17it/s]
 45%|████▍     | 349/780 [03:19<03:11,  2.25it/s]
 45%|████▍     | 350/780 [03:20<03:06,  2.31it/s]
 45%|████▌     | 351/780 [03:20<03:02,  2.35it/s]
 45%|████▌     | 352/780 [03:20<03:00,  2.37it/s]
 45%|████▌     | 353/780 [03:21<02:58,  2.40it/s]
 45%|████▌     | 354/780 [03:21<02:56,  2.41it/s]
 46%|████▌     | 355/780 [03:22<02:55,  2.42it/s]
 46%|████▌     | 356/780 [03:22<02:54,  2.43it/s]
 46%|████▌     | 357/780 [03:22<02:53,  2.44it/s]
 46%|████▌     | 358/780 [03:23<02:52,  2.44it/s]
 46%|████▌     | 359/780 [03:23<02:52,  2.44it/s]
 46%|████▌     | 360/780 [03:24<02:52,  2.44it/s]
 46%|████▋     | 361/780 [03:24<02:51,  2.45it/s]
 46%|████▋     | 362/780 [03:25<02:50,  2.45it/s]
 47%|████▋     | 363/780 [03:25<02:50,  2.45it/s]
 47%|████▋     | 364/780 [03:25<02:44,  2.53it/s]
                                                 

 47%|████▋     | 364/780 [03:25<02:44,  2.53it/s]{'loss': 0.0512, 'grad_norm': 0.23018807172775269, 'learning_rate': 2.6666666666666667e-05, 'epoch': 14.0}


  0%|          | 0/26 [00:00<?, ?it/s][A

 19%|█▉        | 5/26 [00:00<00:00, 38.06it/s][A

 35%|███▍      | 9/26 [00:00<00:00, 33.41it/s][A

 50%|█████     | 13/26 [00:00<00:00, 31.99it/s][A

 65%|██████▌   | 17/26 [00:00<00:00, 31.31it/s][A

 81%|████████  | 21/26 [00:00<00:00, 30.94it/s][A

 96%|█████████▌| 25/26 [00:00<00:00, 30.72it/s][A

                                               
[A
                                                 

100%|██████████| 26/26 [00:01<00:00, 30.72it/s][A
 47%|████▋     | 364/780 [03:27<02:44,  2.53it/s]

                                               [A{'eval_loss': 0.057806190103292465, 'eval_macro_recall': 0.9956923558897244, 'eval_macro_precision': 0.9880530653556969, 'eval_macro_f1': 0.9904334822097979, 'eval_accuracy': 0.9866342648845686, 'eval_micro_recall': 0.9866342648845686, 'eval_micro_precision': 0.9866342648845686, 'eval_micro_f1': 0.9866342648845686, 'eval_runtime': 1.1533, 'eval_samples_per_second': 713.629, 'eval_steps_per_second': 22.545, 'epoch': 14.0}

 47%|████▋     | 365/780 [03:31<13:21,  1.93s/it]
 47%|████▋     | 366/780 [03:31<10:09,  1.47s/it]
 47%|████▋     | 367/780 [03:32<07:56,  1.15s/it]
 47%|████▋     | 368/780 [03:32<06:23,  1.07it/s]
 47%|████▋     | 369/780 [03:32<05:18,  1.29it/s]
 47%|████▋     | 370/780 [03:33<04:32,  1.51it/s]
 48%|████▊     | 371/780 [03:33<03:59,  1.70it/s]
 48%|████▊     | 372/780 [03:34<03:37,  1.87it/s]
 48%|████▊     | 373/780 [03:34<03:22,  2.01it/s]
 48%|████▊     | 374/780 [03:34<03:10,  2.13it/s]
 48%|████▊     | 375/780 [03:35<03:02,  2.22it/s]
 48%|████▊     | 376/780 [03:35<02:56,  2.29it/s]
 48%|████▊     | 377/780 [03:36<02:52,  2.33it/s]
 48%|████▊     | 378/780 [03:36<02:50,  2.36it/s]
 49%|████▊     | 379/780 [03:37<02:47,  2.39it/s]
 49%|████▊     | 380/780 [03:37<02:46,  2.40it/s]
 49%|████▉     | 381/780 [03:37<02:45,  2.41it/s]
 49%|████▉     | 382/780 [03:38<02:44,  2.42it/s]
 49%|████▉     | 383/780 [03:38<02:43,  2.43it/s]
 49%|████▉     | 384/780 [03:39<02:42,  2.44it/s]
 49%|████▉     | 385/780 [03:39<02:41,  2.44it/s]
 49%|████▉     | 386/780 [03:39<02:41,  2.44it/s]
 50%|████▉     | 387/780 [03:40<02:40,  2.44it/s]
 50%|████▉     | 388/780 [03:40<02:40,  2.45it/s]
 50%|████▉     | 389/780 [03:41<02:39,  2.45it/s]
 50%|█████     | 390/780 [03:41<02:35,  2.51it/s]
                                                 

 50%|█████     | 390/780 [03:41<02:35,  2.51it/s]{'loss': 0.0517, 'grad_norm': 3.6804444789886475, 'learning_rate': 2.5e-05, 'epoch': 15.0}


  0%|          | 0/26 [00:00<?, ?it/s][A

 19%|█▉        | 5/26 [00:00<00:00, 37.53it/s][A

 35%|███▍      | 9/26 [00:00<00:00, 33.08it/s][A

 50%|█████     | 13/26 [00:00<00:00, 31.80it/s][A

 65%|██████▌   | 17/26 [00:00<00:00, 31.20it/s][A

 81%|████████  | 21/26 [00:00<00:00, 30.87it/s][A

 96%|█████████▌| 25/26 [00:00<00:00, 30.65it/s][A

                                               
[A
                                                 

100%|██████████| 26/26 [00:01<00:00, 30.65it/s][A
 50%|█████     | 390/780 [03:43<02:35,  2.51it/s]

                                               [A{'eval_loss': 0.04696454852819443, 'eval_macro_recall': 0.9964755639097743, 'eval_macro_precision': 0.9924812030075189, 'eval_macro_f1': 0.9939121972942488, 'eval_accuracy': 0.9927095990279465, 'eval_micro_recall': 0.9927095990279465, 'eval_micro_precision': 0.9927095990279465, 'eval_micro_f1': 0.9927095990279465, 'eval_runtime': 1.1891, 'eval_samples_per_second': 692.131, 'eval_steps_per_second': 21.866, 'epoch': 15.0}

 50%|█████     | 391/780 [03:46<11:48,  1.82s/it]
 50%|█████     | 392/780 [03:47<09:02,  1.40s/it]
 50%|█████     | 393/780 [03:47<07:06,  1.10s/it]
 51%|█████     | 394/780 [03:47<05:44,  1.12it/s]
 51%|█████     | 395/780 [03:48<04:48,  1.34it/s]
 51%|█████     | 396/780 [03:48<04:07,  1.55it/s]
 51%|█████     | 397/780 [03:49<03:39,  1.74it/s]
 51%|█████     | 398/780 [03:49<03:20,  1.91it/s]
 51%|█████     | 399/780 [03:49<03:06,  2.04it/s]
 51%|█████▏    | 400/780 [03:50<02:56,  2.15it/s]
 51%|█████▏    | 401/780 [03:50<02:49,  2.23it/s]
 52%|█████▏    | 402/780 [03:51<02:44,  2.29it/s]
 52%|█████▏    | 403/780 [03:51<02:41,  2.34it/s]
 52%|█████▏    | 404/780 [03:51<02:38,  2.37it/s]
 52%|█████▏    | 405/780 [03:52<02:36,  2.39it/s]
 52%|█████▏    | 406/780 [03:52<02:35,  2.41it/s]
 52%|█████▏    | 407/780 [03:53<02:33,  2.42it/s]
 52%|█████▏    | 408/780 [03:53<02:33,  2.43it/s]
 52%|█████▏    | 409/780 [03:53<02:32,  2.43it/s]
 53%|█████▎    | 410/780 [03:54<02:31,  2.44it/s]
 53%|█████▎    | 411/780 [03:54<02:31,  2.44it/s]
 53%|█████▎    | 412/780 [03:55<02:31,  2.44it/s]
 53%|█████▎    | 413/780 [03:55<02:30,  2.44it/s]
 53%|█████▎    | 414/780 [03:56<02:29,  2.45it/s]
 53%|█████▎    | 415/780 [03:56<02:28,  2.45it/s]
 53%|█████▎    | 416/780 [03:56<02:23,  2.53it/s]
                                                 

 53%|█████▎    | 416/780 [03:56<02:23,  2.53it/s]{'loss': 0.0462, 'grad_norm': 0.3281829059123993, 'learning_rate': 2.3333333333333336e-05, 'epoch': 16.0}


  0%|          | 0/26 [00:00<?, ?it/s][A

 19%|█▉        | 5/26 [00:00<00:00, 38.05it/s][A

 35%|███▍      | 9/26 [00:00<00:00, 33.39it/s][A

 50%|█████     | 13/26 [00:00<00:00, 31.93it/s][A

 65%|██████▌   | 17/26 [00:00<00:00, 31.27it/s][A

 81%|████████  | 21/26 [00:00<00:00, 30.90it/s][A

 96%|█████████▌| 25/26 [00:00<00:00, 30.69it/s][A

                                               
[A
                                                 

100%|██████████| 26/26 [00:00<00:00, 30.69it/s][A
 53%|█████▎    | 416/780 [03:58<02:23,  2.53it/s]

                                               [A{'eval_loss': 0.04101286083459854, 'eval_macro_recall': 0.9964755639097743, 'eval_macro_precision': 0.9924812030075189, 'eval_macro_f1': 0.9939121972942488, 'eval_accuracy': 0.9927095990279465, 'eval_micro_recall': 0.9927095990279465, 'eval_micro_precision': 0.9927095990279465, 'eval_micro_f1': 0.9927095990279465, 'eval_runtime': 1.1756, 'eval_samples_per_second': 700.076, 'eval_steps_per_second': 22.117, 'epoch': 16.0}

 53%|█████▎    | 417/780 [04:01<10:17,  1.70s/it]
 54%|█████▎    | 418/780 [04:01<07:55,  1.31s/it]
 54%|█████▎    | 419/780 [04:02<06:16,  1.04s/it]
 54%|█████▍    | 420/780 [04:02<05:06,  1.17it/s]
 54%|█████▍    | 421/780 [04:03<04:18,  1.39it/s]
 54%|█████▍    | 422/780 [04:03<03:43,  1.60it/s]
 54%|█████▍    | 423/780 [04:03<03:20,  1.78it/s]
 54%|█████▍    | 424/780 [04:04<03:03,  1.94it/s]
 54%|█████▍    | 425/780 [04:04<02:51,  2.07it/s]
 55%|█████▍    | 426/780 [04:05<02:42,  2.17it/s]
 55%|█████▍    | 427/780 [04:05<02:36,  2.25it/s]
 55%|█████▍    | 428/780 [04:06<02:32,  2.30it/s]
 55%|█████▌    | 429/780 [04:06<02:29,  2.35it/s]
 55%|█████▌    | 430/780 [04:06<02:27,  2.38it/s]
 55%|█████▌    | 431/780 [04:07<02:25,  2.40it/s]
 55%|█████▌    | 432/780 [04:07<02:24,  2.41it/s]
 56%|█████▌    | 433/780 [04:08<02:23,  2.42it/s]
 56%|█████▌    | 434/780 [04:08<02:22,  2.43it/s]
 56%|█████▌    | 435/780 [04:08<02:21,  2.44it/s]
 56%|█████▌    | 436/780 [04:09<02:21,  2.43it/s]
 56%|█████▌    | 437/780 [04:09<02:20,  2.44it/s]
 56%|█████▌    | 438/780 [04:10<02:19,  2.44it/s]
 56%|█████▋    | 439/780 [04:10<02:19,  2.44it/s]
 56%|█████▋    | 440/780 [04:10<02:19,  2.44it/s]
 57%|█████▋    | 441/780 [04:11<02:18,  2.44it/s]
 57%|█████▋    | 442/780 [04:11<02:16,  2.48it/s]
                                                 

 57%|█████▋    | 442/780 [04:11<02:16,  2.48it/s]{'loss': 0.0418, 'grad_norm': 0.8424432873725891, 'learning_rate': 2.1666666666666667e-05, 'epoch': 17.0}


  0%|          | 0/26 [00:00<?, ?it/s][A

 19%|█▉        | 5/26 [00:00<00:00, 38.01it/s][A

 35%|███▍      | 9/26 [00:00<00:00, 33.37it/s][A

 50%|█████     | 13/26 [00:00<00:00, 31.91it/s][A

 65%|██████▌   | 17/26 [00:00<00:00, 31.20it/s][A

 81%|████████  | 21/26 [00:00<00:00, 30.85it/s][A

 96%|█████████▌| 25/26 [00:00<00:00, 30.59it/s][A

                                               
[A
                                                 

100%|██████████| 26/26 [00:00<00:00, 30.59it/s][A
 57%|█████▋    | 442/780 [04:12<02:16,  2.48it/s]

                                               [A{'eval_loss': 0.04140593856573105, 'eval_macro_recall': 0.9961622807017543, 'eval_macro_precision': 0.9938337908262721, 'eval_macro_f1': 0.9944818610580954, 'eval_accuracy': 0.9927095990279465, 'eval_micro_recall': 0.9927095990279465, 'eval_micro_precision': 0.9927095990279465, 'eval_micro_f1': 0.9927095990279465, 'eval_runtime': 1.1812, 'eval_samples_per_second': 696.771, 'eval_steps_per_second': 22.012, 'epoch': 17.0}

 57%|█████▋    | 443/780 [04:16<09:33,  1.70s/it]
 57%|█████▋    | 444/780 [04:16<07:21,  1.31s/it]
 57%|█████▋    | 445/780 [04:17<05:48,  1.04s/it]
 57%|█████▋    | 446/780 [04:17<04:44,  1.17it/s]
 57%|█████▋    | 447/780 [04:18<03:59,  1.39it/s]
 57%|█████▋    | 448/780 [04:18<03:27,  1.60it/s]
 58%|█████▊    | 449/780 [04:18<03:05,  1.78it/s]
 58%|█████▊    | 450/780 [04:19<02:50,  1.94it/s]
 58%|█████▊    | 451/780 [04:19<02:39,  2.07it/s]
 58%|█████▊    | 452/780 [04:20<02:30,  2.17it/s]
 58%|█████▊    | 453/780 [04:20<02:25,  2.25it/s]
 58%|█████▊    | 454/780 [04:20<02:21,  2.30it/s]
 58%|█████▊    | 455/780 [04:21<02:18,  2.34it/s]
 58%|█████▊    | 456/780 [04:21<02:16,  2.38it/s]
 59%|█████▊    | 457/780 [04:22<02:14,  2.40it/s]
 59%|█████▊    | 458/780 [04:22<02:13,  2.41it/s]
 59%|█████▉    | 459/780 [04:22<02:12,  2.42it/s]
 59%|█████▉    | 460/780 [04:23<02:11,  2.43it/s]
 59%|█████▉    | 461/780 [04:23<02:11,  2.43it/s]
 59%|█████▉    | 462/780 [04:24<02:10,  2.43it/s]
 59%|█████▉    | 463/780 [04:24<02:10,  2.43it/s]
 59%|█████▉    | 464/780 [04:25<02:09,  2.44it/s]
 60%|█████▉    | 465/780 [04:25<02:09,  2.44it/s]
 60%|█████▉    | 466/780 [04:25<02:08,  2.44it/s]
 60%|█████▉    | 467/780 [04:26<02:08,  2.44it/s]
 60%|██████    | 468/780 [04:26<02:04,  2.51it/s]
                                                 

 60%|██████    | 468/780 [04:26<02:04,  2.51it/s]{'loss': 0.0369, 'grad_norm': 0.15349797904491425, 'learning_rate': 2e-05, 'epoch': 18.0}


  0%|          | 0/26 [00:00<?, ?it/s][A

 19%|█▉        | 5/26 [00:00<00:00, 38.09it/s][A

 35%|███▍      | 9/26 [00:00<00:00, 33.41it/s][A

 50%|█████     | 13/26 [00:00<00:00, 32.01it/s][A

 65%|██████▌   | 17/26 [00:00<00:00, 31.32it/s][A

 81%|████████  | 21/26 [00:00<00:00, 30.91it/s][A

 96%|█████████▌| 25/26 [00:00<00:00, 30.71it/s][A

                                               
[A
                                                 

100%|██████████| 26/26 [00:00<00:00, 30.71it/s][A
 60%|██████    | 468/780 [04:27<02:04,  2.51it/s]

                                               [A{'eval_loss': 0.038290105760097504, 'eval_macro_recall': 0.9966322055137845, 'eval_macro_precision': 0.994125939849624, 'eval_macro_f1': 0.9948681800655486, 'eval_accuracy': 0.9939246658566221, 'eval_micro_recall': 0.9939246658566221, 'eval_micro_precision': 0.9939246658566221, 'eval_micro_f1': 0.9939246658566221, 'eval_runtime': 1.1851, 'eval_samples_per_second': 694.436, 'eval_steps_per_second': 21.938, 'epoch': 18.0}

 60%|██████    | 469/780 [04:31<08:55,  1.72s/it]
 60%|██████    | 470/780 [04:31<06:51,  1.33s/it]
 60%|██████    | 471/780 [04:32<05:24,  1.05s/it]
 61%|██████    | 472/780 [04:32<04:24,  1.17it/s]
 61%|██████    | 473/780 [04:33<03:42,  1.38it/s]
 61%|██████    | 474/780 [04:33<03:12,  1.59it/s]
 61%|██████    | 475/780 [04:33<02:51,  1.78it/s]
 61%|██████    | 476/780 [04:34<02:36,  1.94it/s]
 61%|██████    | 477/780 [04:34<02:26,  2.06it/s]
 61%|██████▏   | 478/780 [04:35<02:19,  2.16it/s]
 61%|██████▏   | 479/780 [04:35<02:14,  2.24it/s]
 62%|██████▏   | 480/780 [04:35<02:10,  2.30it/s]
 62%|██████▏   | 481/780 [04:36<02:07,  2.34it/s]
 62%|██████▏   | 482/780 [04:36<02:05,  2.37it/s]
 62%|██████▏   | 483/780 [04:37<02:04,  2.39it/s]
 62%|██████▏   | 484/780 [04:37<02:02,  2.41it/s]
 62%|██████▏   | 485/780 [04:37<02:01,  2.42it/s]
 62%|██████▏   | 486/780 [04:38<02:01,  2.42it/s]
 62%|██████▏   | 487/780 [04:38<02:00,  2.43it/s]
 63%|██████▎   | 488/780 [04:39<01:59,  2.44it/s]
 63%|██████▎   | 489/780 [04:39<01:59,  2.43it/s]
 63%|██████▎   | 490/780 [04:40<01:59,  2.43it/s]
 63%|██████▎   | 491/780 [04:40<01:58,  2.44it/s]
 63%|██████▎   | 492/780 [04:40<01:58,  2.44it/s]
 63%|██████▎   | 493/780 [04:41<01:58,  2.43it/s]
 63%|██████▎   | 494/780 [04:41<01:54,  2.50it/s]
                                                 

 63%|██████▎   | 494/780 [04:41<01:54,  2.50it/s]{'loss': 0.036, 'grad_norm': 0.6750173568725586, 'learning_rate': 1.8333333333333333e-05, 'epoch': 19.0}


  0%|          | 0/26 [00:00<?, ?it/s][A

 19%|█▉        | 5/26 [00:00<00:00, 37.92it/s][A

 35%|███▍      | 9/26 [00:00<00:00, 33.16it/s][A

 50%|█████     | 13/26 [00:00<00:00, 31.72it/s][A

 65%|██████▌   | 17/26 [00:00<00:00, 31.08it/s][A

 81%|████████  | 21/26 [00:00<00:00, 30.73it/s][A

 96%|█████████▌| 25/26 [00:00<00:00, 30.51it/s][A

                                               
[A
                                                 

100%|██████████| 26/26 [00:00<00:00, 30.51it/s][A
 63%|██████▎   | 494/780 [04:42<01:54,  2.50it/s]

                                               [A{'eval_loss': 0.035394586622714996, 'eval_macro_recall': 0.9964364035087719, 'eval_macro_precision': 0.9943184885290149, 'eval_macro_f1': 0.9948445595062136, 'eval_accuracy': 0.9939246658566221, 'eval_micro_recall': 0.9939246658566221, 'eval_micro_precision': 0.9939246658566221, 'eval_micro_f1': 0.9939246658566221, 'eval_runtime': 1.2007, 'eval_samples_per_second': 685.462, 'eval_steps_per_second': 21.655, 'epoch': 19.0}

 63%|██████▎   | 495/780 [04:46<08:17,  1.75s/it]
 64%|██████▎   | 496/780 [04:46<06:21,  1.34s/it]
 64%|██████▎   | 497/780 [04:47<05:01,  1.06s/it]
 64%|██████▍   | 498/780 [04:47<04:04,  1.15it/s]
 64%|██████▍   | 499/780 [04:48<03:25,  1.37it/s]
 64%|██████▍   | 500/780 [04:48<02:57,  1.58it/s]
 64%|██████▍   | 501/780 [04:48<02:37,  1.77it/s]
 64%|██████▍   | 502/780 [04:49<02:24,  1.92it/s]
 64%|██████▍   | 503/780 [04:49<02:14,  2.06it/s]
 65%|██████▍   | 504/780 [04:50<02:07,  2.16it/s]
 65%|██████▍   | 505/780 [04:50<02:02,  2.24it/s]
 65%|██████▍   | 506/780 [04:51<01:59,  2.29it/s]
 65%|██████▌   | 507/780 [04:51<01:56,  2.34it/s]
 65%|██████▌   | 508/780 [04:51<01:54,  2.37it/s]
 65%|██████▌   | 509/780 [04:52<01:53,  2.39it/s]
 65%|██████▌   | 510/780 [04:52<01:52,  2.40it/s]
 66%|██████▌   | 511/780 [04:53<01:51,  2.42it/s]
 66%|██████▌   | 512/780 [04:53<01:50,  2.43it/s]
 66%|██████▌   | 513/780 [04:53<01:49,  2.43it/s]
 66%|██████▌   | 514/780 [04:54<01:49,  2.43it/s]
 66%|██████▌   | 515/780 [04:54<01:48,  2.44it/s]
 66%|██████▌   | 516/780 [04:55<01:48,  2.44it/s]
 66%|██████▋   | 517/780 [04:55<01:47,  2.44it/s]
 66%|██████▋   | 518/780 [04:55<01:47,  2.44it/s]
 67%|██████▋   | 519/780 [04:56<01:46,  2.44it/s]
 67%|██████▋   | 520/780 [04:56<01:42,  2.53it/s]
                                                 

 67%|██████▋   | 520/780 [04:56<01:42,  2.53it/s]{'loss': 0.0341, 'grad_norm': 0.15549464523792267, 'learning_rate': 1.6666666666666667e-05, 'epoch': 20.0}


  0%|          | 0/26 [00:00<?, ?it/s][A

 19%|█▉        | 5/26 [00:00<00:00, 37.96it/s][A

 35%|███▍      | 9/26 [00:00<00:00, 33.23it/s][A

 50%|█████     | 13/26 [00:00<00:00, 31.80it/s][A

 65%|██████▌   | 17/26 [00:00<00:00, 31.12it/s][A

 81%|████████  | 21/26 [00:00<00:00, 30.78it/s][A

 96%|█████████▌| 25/26 [00:00<00:00, 30.56it/s][A

                                               
[A
                                                 

100%|██████████| 26/26 [00:00<00:00, 30.56it/s][A
 67%|██████▋   | 520/780 [04:57<01:42,  2.53it/s]

                                               [A{'eval_loss': 0.04300710931420326, 'eval_macro_recall': 0.995966478696742, 'eval_macro_precision': 0.9940557275541796, 'eval_macro_f1': 0.9944504243411888, 'eval_accuracy': 0.9927095990279465, 'eval_micro_recall': 0.9927095990279465, 'eval_micro_precision': 0.9927095990279465, 'eval_micro_f1': 0.9927095990279465, 'eval_runtime': 1.1836, 'eval_samples_per_second': 695.365, 'eval_steps_per_second': 21.968, 'epoch': 20.0}

 67%|██████▋   | 521/780 [05:01<07:20,  1.70s/it]
 67%|██████▋   | 522/780 [05:01<05:38,  1.31s/it]
 67%|██████▋   | 523/780 [05:02<04:27,  1.04s/it]
 67%|██████▋   | 524/780 [05:02<03:37,  1.17it/s]
 67%|██████▋   | 525/780 [05:03<03:03,  1.39it/s]
 67%|██████▋   | 526/780 [05:03<02:39,  1.60it/s]
 68%|██████▊   | 527/780 [05:03<02:21,  1.78it/s]
 68%|██████▊   | 528/780 [05:04<02:10,  1.94it/s]
 68%|██████▊   | 529/780 [05:04<02:01,  2.06it/s]
 68%|██████▊   | 530/780 [05:05<01:55,  2.16it/s]
 68%|██████▊   | 531/780 [05:05<01:51,  2.24it/s]
 68%|██████▊   | 532/780 [05:05<01:47,  2.30it/s]
 68%|██████▊   | 533/780 [05:06<01:45,  2.34it/s]
 68%|██████▊   | 534/780 [05:06<01:43,  2.37it/s]
 69%|██████▊   | 535/780 [05:07<01:42,  2.39it/s]
 69%|██████▊   | 536/780 [05:07<01:41,  2.41it/s]
 69%|██████▉   | 537/780 [05:08<01:40,  2.41it/s]
 69%|██████▉   | 538/780 [05:08<01:39,  2.42it/s]
 69%|██████▉   | 539/780 [05:08<01:39,  2.43it/s]
 69%|██████▉   | 540/780 [05:09<01:38,  2.43it/s]
 69%|██████▉   | 541/780 [05:09<01:38,  2.43it/s]
 69%|██████▉   | 542/780 [05:10<01:37,  2.44it/s]
 70%|██████▉   | 543/780 [05:10<01:37,  2.44it/s]
 70%|██████▉   | 544/780 [05:10<01:36,  2.43it/s]
 70%|██████▉   | 545/780 [05:11<01:36,  2.44it/s]
 70%|███████   | 546/780 [05:11<01:34,  2.48it/s]
                                                 

 70%|███████   | 546/780 [05:11<01:34,  2.48it/s]{'loss': 0.0309, 'grad_norm': 0.7175039052963257, 'learning_rate': 1.5e-05, 'epoch': 21.0}


  0%|          | 0/26 [00:00<?, ?it/s][A

 19%|█▉        | 5/26 [00:00<00:00, 38.11it/s][A

 35%|███▍      | 9/26 [00:00<00:00, 33.34it/s][A

 50%|█████     | 13/26 [00:00<00:00, 31.97it/s][A

 65%|██████▌   | 17/26 [00:00<00:00, 31.25it/s][A

 81%|████████  | 21/26 [00:00<00:00, 30.91it/s][A

 96%|█████████▌| 25/26 [00:00<00:00, 30.61it/s][A

                                               
[A
                                                 

100%|██████████| 26/26 [00:00<00:00, 30.61it/s][A
 70%|███████   | 546/780 [05:13<01:34,  2.48it/s]

                                               [A{'eval_loss': 0.039047278463840485, 'eval_macro_recall': 0.9964364035087719, 'eval_macro_precision': 0.9943184885290149, 'eval_macro_f1': 0.9948445595062136, 'eval_accuracy': 0.9939246658566221, 'eval_micro_recall': 0.9939246658566221, 'eval_micro_precision': 0.9939246658566221, 'eval_micro_f1': 0.9939246658566221, 'eval_runtime': 1.1736, 'eval_samples_per_second': 701.238, 'eval_steps_per_second': 22.153, 'epoch': 21.0}

 70%|███████   | 547/780 [05:16<06:44,  1.73s/it]
 70%|███████   | 548/780 [05:16<05:10,  1.34s/it]
 70%|███████   | 549/780 [05:17<04:04,  1.06s/it]
 71%|███████   | 550/780 [05:17<03:18,  1.16it/s]
 71%|███████   | 551/780 [05:18<02:46,  1.37it/s]
 71%|███████   | 552/780 [05:18<02:24,  1.58it/s]
 71%|███████   | 553/780 [05:18<02:08,  1.77it/s]
 71%|███████   | 554/780 [05:19<01:57,  1.93it/s]
 71%|███████   | 555/780 [05:19<01:49,  2.06it/s]
 71%|███████▏  | 556/780 [05:20<01:43,  2.16it/s]
 71%|███████▏  | 557/780 [05:20<01:39,  2.24it/s]
 72%|███████▏  | 558/780 [05:21<01:36,  2.30it/s]
 72%|███████▏  | 559/780 [05:21<01:34,  2.34it/s]
 72%|███████▏  | 560/780 [05:21<01:32,  2.37it/s]
 72%|███████▏  | 561/780 [05:22<01:31,  2.39it/s]
 72%|███████▏  | 562/780 [05:22<01:30,  2.40it/s]
 72%|███████▏  | 563/780 [05:23<01:30,  2.41it/s]
 72%|███████▏  | 564/780 [05:23<01:29,  2.42it/s]
 72%|███████▏  | 565/780 [05:23<01:28,  2.42it/s]
 73%|███████▎  | 566/780 [05:24<01:28,  2.43it/s]
 73%|███████▎  | 567/780 [05:24<01:27,  2.44it/s]
 73%|███████▎  | 568/780 [05:25<01:27,  2.43it/s]
 73%|███████▎  | 569/780 [05:25<01:26,  2.43it/s]
 73%|███████▎  | 570/780 [05:25<01:26,  2.44it/s]
 73%|███████▎  | 571/780 [05:26<01:25,  2.44it/s]
 73%|███████▎  | 572/780 [05:26<01:22,  2.51it/s]
                                                 

 73%|███████▎  | 572/780 [05:26<01:22,  2.51it/s]{'loss': 0.0294, 'grad_norm': 0.3230995833873749, 'learning_rate': 1.3333333333333333e-05, 'epoch': 22.0}


  0%|          | 0/26 [00:00<?, ?it/s][A

 19%|█▉        | 5/26 [00:00<00:00, 37.88it/s][A

 35%|███▍      | 9/26 [00:00<00:00, 33.25it/s][A

 50%|█████     | 13/26 [00:00<00:00, 31.86it/s][A

 65%|██████▌   | 17/26 [00:00<00:00, 31.21it/s][A

 81%|████████  | 21/26 [00:00<00:00, 30.77it/s][A

 96%|█████████▌| 25/26 [00:00<00:00, 30.53it/s][A

                                               
[A
                                                 

100%|██████████| 26/26 [00:00<00:00, 30.53it/s][A
 73%|███████▎  | 572/780 [05:27<01:22,  2.51it/s]

                                               [A{'eval_loss': 0.0375952273607254, 'eval_macro_recall': 0.9962797619047619, 'eval_macro_precision': 0.9926737516869096, 'eval_macro_f1': 0.9938885767349142, 'eval_accuracy': 0.9927095990279465, 'eval_micro_recall': 0.9927095990279465, 'eval_micro_precision': 0.9927095990279465, 'eval_micro_f1': 0.9927095990279465, 'eval_runtime': 1.186, 'eval_samples_per_second': 693.952, 'eval_steps_per_second': 21.923, 'epoch': 22.0}

 73%|███████▎  | 573/780 [05:31<05:50,  1.69s/it]
 74%|███████▎  | 574/780 [05:31<04:29,  1.31s/it]
 74%|███████▎  | 575/780 [05:32<03:32,  1.04s/it]
 74%|███████▍  | 576/780 [05:32<02:53,  1.18it/s]
 74%|███████▍  | 577/780 [05:33<02:25,  1.39it/s]
 74%|███████▍  | 578/780 [05:33<02:06,  1.60it/s]
 74%|███████▍  | 579/780 [05:33<01:52,  1.78it/s]
 74%|███████▍  | 580/780 [05:34<01:43,  1.94it/s]
 74%|███████▍  | 581/780 [05:34<01:36,  2.06it/s]
 75%|███████▍  | 582/780 [05:35<01:31,  2.17it/s]
 75%|███████▍  | 583/780 [05:35<01:27,  2.24it/s]
 75%|███████▍  | 584/780 [05:35<01:25,  2.30it/s]
 75%|███████▌  | 585/780 [05:36<01:23,  2.34it/s]
 75%|███████▌  | 586/780 [05:36<01:21,  2.37it/s]
 75%|███████▌  | 587/780 [05:37<01:20,  2.38it/s]
 75%|███████▌  | 588/780 [05:37<01:19,  2.41it/s]
 76%|███████▌  | 589/780 [05:37<01:18,  2.42it/s]
 76%|███████▌  | 590/780 [05:38<01:18,  2.42it/s]
 76%|███████▌  | 591/780 [05:38<01:17,  2.42it/s]
 76%|███████▌  | 592/780 [05:39<01:17,  2.43it/s]
 76%|███████▌  | 593/780 [05:39<01:16,  2.43it/s]
 76%|███████▌  | 594/780 [05:40<01:16,  2.43it/s]
 76%|███████▋  | 595/780 [05:40<01:15,  2.44it/s]
 76%|███████▋  | 596/780 [05:40<01:15,  2.43it/s]
 77%|███████▋  | 597/780 [05:41<01:15,  2.43it/s]
 77%|███████▋  | 598/780 [05:41<01:12,  2.52it/s]
                                                 

 77%|███████▋  | 598/780 [05:41<01:12,  2.52it/s]{'loss': 0.0278, 'grad_norm': 0.15286296606063843, 'learning_rate': 1.1666666666666668e-05, 'epoch': 23.0}


  0%|          | 0/26 [00:00<?, ?it/s][A

 19%|█▉        | 5/26 [00:00<00:00, 37.96it/s][A

 35%|███▍      | 9/26 [00:00<00:00, 33.22it/s][A

 50%|█████     | 13/26 [00:00<00:00, 31.83it/s][A

 65%|██████▌   | 17/26 [00:00<00:00, 31.19it/s][A

 81%|████████  | 21/26 [00:00<00:00, 30.74it/s][A

 96%|█████████▌| 25/26 [00:00<00:00, 30.53it/s][A

                                               
[A
                                                 

100%|██████████| 26/26 [00:01<00:00, 30.53it/s][A
 77%|███████▋  | 598/780 [05:43<01:12,  2.52it/s]

                                               [A{'eval_loss': 0.037936095148324966, 'eval_macro_recall': 0.9962797619047619, 'eval_macro_precision': 0.9926737516869096, 'eval_macro_f1': 0.9938885767349142, 'eval_accuracy': 0.9927095990279465, 'eval_micro_recall': 0.9927095990279465, 'eval_micro_precision': 0.9927095990279465, 'eval_micro_f1': 0.9927095990279465, 'eval_runtime': 1.3933, 'eval_samples_per_second': 590.674, 'eval_steps_per_second': 18.66, 'epoch': 23.0}

 77%|███████▋  | 599/780 [05:47<05:53,  1.95s/it]
 77%|███████▋  | 600/780 [05:47<04:27,  1.49s/it]
 77%|███████▋  | 601/780 [05:48<03:28,  1.16s/it]
 77%|███████▋  | 602/780 [05:48<02:47,  1.07it/s]
 77%|███████▋  | 603/780 [05:48<02:18,  1.28it/s]
 77%|███████▋  | 604/780 [05:49<01:57,  1.50it/s]
 78%|███████▊  | 605/780 [05:49<01:43,  1.69it/s]
 78%|███████▊  | 606/780 [05:50<01:33,  1.86it/s]
 78%|███████▊  | 607/780 [05:50<01:26,  2.00it/s]
 78%|███████▊  | 608/780 [05:50<01:21,  2.12it/s]
 78%|███████▊  | 609/780 [05:51<01:17,  2.21it/s]
 78%|███████▊  | 610/780 [05:51<01:14,  2.27it/s]
 78%|███████▊  | 611/780 [05:52<01:12,  2.32it/s]
 78%|███████▊  | 612/780 [05:52<01:11,  2.36it/s]
 79%|███████▊  | 613/780 [05:52<01:10,  2.38it/s]
 79%|███████▊  | 614/780 [05:53<01:09,  2.40it/s]
 79%|███████▉  | 615/780 [05:53<01:08,  2.41it/s]
 79%|███████▉  | 616/780 [05:54<01:07,  2.42it/s]
 79%|███████▉  | 617/780 [05:54<01:07,  2.42it/s]
 79%|███████▉  | 618/780 [05:55<01:06,  2.43it/s]
 79%|███████▉  | 619/780 [05:55<01:06,  2.43it/s]
 79%|███████▉  | 620/780 [05:55<01:05,  2.43it/s]
 80%|███████▉  | 621/780 [05:56<01:05,  2.44it/s]
 80%|███████▉  | 622/780 [05:56<01:04,  2.44it/s]
 80%|███████▉  | 623/780 [05:57<01:04,  2.44it/s]
 80%|████████  | 624/780 [05:57<01:02,  2.51it/s]
                                                 

 80%|████████  | 624/780 [05:57<01:02,  2.51it/s]{'loss': 0.0273, 'grad_norm': 0.4605669677257538, 'learning_rate': 1e-05, 'epoch': 24.0}


  0%|          | 0/26 [00:00<?, ?it/s][A

 19%|█▉        | 5/26 [00:00<00:00, 38.15it/s][A

 35%|███▍      | 9/26 [00:00<00:00, 33.28it/s][A

 50%|█████     | 13/26 [00:00<00:00, 31.83it/s][A

 65%|██████▌   | 17/26 [00:00<00:00, 31.18it/s][A

 81%|████████  | 21/26 [00:00<00:00, 30.83it/s][A

 96%|█████████▌| 25/26 [00:00<00:00, 30.56it/s][A

                                               
[A
                                                 

100%|██████████| 26/26 [00:08<00:00, 30.56it/s][A
 80%|████████  | 624/780 [06:06<01:02,  2.51it/s]

                                               [A
                                                 

 80%|████████  | 624/780 [06:11<01:02,  2.51it/s]
 80%|████████  | 624/780 [06:11<01:32,  1.68it/s]
2025-04-12 04:34:35.137 | INFO     | __main__:fine_tune:230 - Training time: 371.55 seconds
{'eval_loss': 0.03645966202020645, 'eval_macro_recall': 0.9962797619047619, 'eval_macro_precision': 0.9926737516869096, 'eval_macro_f1': 0.9938885767349142, 'eval_accuracy': 0.9927095990279465, 'eval_micro_recall': 0.9927095990279465, 'eval_micro_precision': 0.9927095990279465, 'eval_micro_f1': 0.9927095990279465, 'eval_runtime': 1.5023, 'eval_samples_per_second': 547.822, 'eval_steps_per_second': 17.307, 'epoch': 24.0}
{'train_runtime': 371.2016, 'train_samples_per_second': 266.297, 'train_steps_per_second': 2.101, 'train_loss': 0.3960138358748876, 'epoch': 24.0}

  0%|          | 0/26 [00:00<?, ?it/s]
 19%|█▉        | 5/26 [00:00<00:00, 38.13it/s]
 35%|███▍      | 9/26 [00:00<00:00, 33.45it/s]
 50%|█████     | 13/26 [00:00<00:00, 31.99it/s]
 65%|██████▌   | 17/26 [00:00<00:00, 31.36it/s]
 81%|████████  | 21/26 [00:00<00:00, 31.00it/s]
 96%|█████████▌| 25/26 [00:00<00:00, 30.78it/s]
100%|██████████| 26/26 [00:00<00:00, 29.53it/s]
2025-04-12 04:34:36.245 | INFO     | __main__:fine_tune:236 - Prediction time: 1.11 seconds
2025-04-12 04:34:36.248 | INFO     | __main__:CV_run:413 - Fold 4, Final Eval Metrics: loss: 0.04, macro_recall: 1.00, macro_precision: 0.99, macro_f1: 0.99, accuracy: 0.99, micro_recall: 0.99, micro_precision: 0.99, micro_f1: 0.99, runtime: 1.50, samples_per_second: 547.82, steps_per_second: 17.31
2025-04-12 04:34:36.248 | INFO     | __main__:CV_run:351 - Starting fold 5
2025-04-12 04:34:36.248 | INFO     | __main__:CV_run:382 - Starting domain-adaptive pre-training (continued pre-training)
/depot/davisjam/data/mingyu/PTM-Naming/Naming_anomaly_detection/DARA/transformer/run.py:133: FutureWarning: `tokenizer` is deprecated and will be removed in version 5.0.0 for `Trainer.__init__`. Use `processing_class` instead.
  trainer = Trainer(
Eval results: defaultdict(<class 'list'>, {'loss': [2.4881200790405273, 1.2838687896728516, 0.7282420992851257, 0.4304353594779968, 0.27003613114356995, 0.1768614947795868, 0.12905368208885193, 0.10054247826337814, 0.08052131533622742, 0.06023862212896347, 0.056847091764211655, 0.051902834326028824, 0.051205456256866455, 0.057806190103292465, 0.04696454852819443, 0.04101286083459854, 0.04140593856573105, 0.038290105760097504, 0.035394586622714996, 0.04300710931420326, 0.039047278463840485, 0.0375952273607254, 0.037936095148324966, 0.03645966202020645], 'macro_recall': [0.1561289587605377, 0.6073735475051264, 0.8216948621553885, 0.8672462406015038, 0.9272399749373434, 0.9574718045112781, 0.9703477443609024, 0.9797149122807017, 0.9925595238095238, 0.9966322055137845, 0.9920895989974937, 0.9966322055137845, 0.9964755639097743, 0.9956923558897244, 0.9964755639097743, 0.9964755639097743, 0.9961622807017543, 0.9966322055137845, 0.9964364035087719, 0.995966478696742, 0.9964364035087719, 0.9962797619047619, 0.9962797619047619, 0.9962797619047619], 'macro_precision': [0.10715970420400023, 0.5717125744558089, 0.8010107381653434, 0.8564131725973833, 0.9193730854915066, 0.9396668755221388, 0.9626409774436089, 0.968687343358396, 0.9876931913116124, 0.994125939849624, 0.9908364661654135, 0.994125939849624, 0.9924812030075189, 0.9880530653556969, 0.9924812030075189, 0.9924812030075189, 0.9938337908262721, 0.994125939849624, 0.9943184885290149, 0.9940557275541796, 0.9943184885290149, 0.9926737516869096, 0.9926737516869096, 0.9926737516869096], 'macro_f1': [0.11413911213898398, 0.5663828611332565, 0.8028157683194792, 0.8551685303001092, 0.9136350361809712, 0.940641331761851, 0.9605408902387313, 0.969547448165869, 0.987481024576776, 0.9948681800655486, 0.9904034253644245, 0.9948681800655486, 0.9939121972942488, 0.9904334822097979, 0.9939121972942488, 0.9939121972942488, 0.9944818610580954, 0.9948681800655486, 0.9948445595062136, 0.9944504243411888, 0.9948445595062136, 0.9938885767349142, 0.9938885767349142, 0.9938885767349142], 'accuracy': [0.4422843256379101, 0.7910085054678008, 0.9307411907654921, 0.9477521263669502, 0.9671931956257594, 0.9744835965978129, 0.9842041312272175, 0.9890643985419199, 0.9890643985419199, 0.9939246658566221, 0.991494532199271, 0.9939246658566221, 0.9927095990279465, 0.9866342648845686, 0.9927095990279465, 0.9927095990279465, 0.9927095990279465, 0.9939246658566221, 0.9939246658566221, 0.9927095990279465, 0.9939246658566221, 0.9927095990279465, 0.9927095990279465, 0.9927095990279465], 'micro_recall': [0.4422843256379101, 0.7910085054678008, 0.9307411907654921, 0.9477521263669502, 0.9671931956257594, 0.9744835965978129, 0.9842041312272175, 0.9890643985419199, 0.9890643985419199, 0.9939246658566221, 0.991494532199271, 0.9939246658566221, 0.9927095990279465, 0.9866342648845686, 0.9927095990279465, 0.9927095990279465, 0.9927095990279465, 0.9939246658566221, 0.9939246658566221, 0.9927095990279465, 0.9939246658566221, 0.9927095990279465, 0.9927095990279465, 0.9927095990279465], 'micro_precision': [0.4422843256379101, 0.7910085054678008, 0.9307411907654921, 0.9477521263669502, 0.9671931956257594, 0.9744835965978129, 0.9842041312272175, 0.9890643985419199, 0.9890643985419199, 0.9939246658566221, 0.991494532199271, 0.9939246658566221, 0.9927095990279465, 0.9866342648845686, 0.9927095990279465, 0.9927095990279465, 0.9927095990279465, 0.9939246658566221, 0.9939246658566221, 0.9927095990279465, 0.9939246658566221, 0.9927095990279465, 0.9927095990279465, 0.9927095990279465], 'micro_f1': [0.4422843256379101, 0.7910085054678008, 0.9307411907654922, 0.9477521263669502, 0.9671931956257594, 0.9744835965978129, 0.9842041312272175, 0.9890643985419199, 0.9890643985419199, 0.9939246658566221, 0.991494532199271, 0.9939246658566221, 0.9927095990279465, 0.9866342648845686, 0.9927095990279465, 0.9927095990279465, 0.9927095990279465, 0.9939246658566221, 0.9939246658566221, 0.9927095990279465, 0.9939246658566221, 0.9927095990279465, 0.9927095990279465, 0.9927095990279465], 'runtime': [1.1854, 1.1955, 1.1788, 1.1727, 1.1812, 1.1578, 1.1704, 1.1322, 1.1851, 1.1865, 1.1844, 1.2037, 1.1804, 1.1533, 1.1891, 1.1756, 1.1812, 1.1851, 1.2007, 1.1836, 1.1736, 1.186, 1.3933, 1.5023], 'samples_per_second': [694.253, 688.435, 698.174, 701.809, 696.745, 710.825, 703.187, 726.909, 694.476, 693.661, 694.887, 683.728, 697.217, 713.629, 692.131, 700.076, 696.771, 694.436, 685.462, 695.365, 701.238, 693.952, 590.674, 547.822], 'steps_per_second': [21.933, 21.749, 22.057, 22.171, 22.011, 22.456, 22.215, 22.964, 21.94, 21.914, 21.953, 21.6, 22.026, 22.545, 21.866, 22.117, 22.012, 21.938, 21.655, 21.968, 22.153, 21.923, 18.66, 17.307]})

  0%|          | 0/260 [00:00<?, ?it/s]
  0%|          | 1/260 [00:01<04:56,  1.15s/it]
  1%|          | 2/260 [00:01<03:53,  1.10it/s]
  1%|          | 3/260 [00:02<03:32,  1.21it/s]
  2%|▏         | 4/260 [00:03<03:22,  1.27it/s]
  2%|▏         | 5/260 [00:04<03:16,  1.30it/s]
  2%|▏         | 6/260 [00:04<03:12,  1.32it/s]
  3%|▎         | 7/260 [00:05<03:09,  1.34it/s]
  3%|▎         | 8/260 [00:06<03:07,  1.34it/s]
  3%|▎         | 9/260 [00:07<03:05,  1.35it/s]
  4%|▍         | 10/260 [00:07<03:04,  1.36it/s]
  4%|▍         | 11/260 [00:08<03:03,  1.36it/s]
  5%|▍         | 12/260 [00:09<03:02,  1.36it/s]
  5%|▌         | 13/260 [00:09<03:01,  1.36it/s]
  5%|▌         | 14/260 [00:10<03:00,  1.36it/s]
  6%|▌         | 15/260 [00:11<02:59,  1.36it/s]
  6%|▌         | 16/260 [00:12<02:58,  1.36it/s]
  7%|▋         | 17/260 [00:12<02:58,  1.36it/s]
  7%|▋         | 18/260 [00:13<02:57,  1.36it/s]
  7%|▋         | 19/260 [00:14<02:56,  1.36it/s]
  8%|▊         | 20/260 [00:15<02:55,  1.37it/s]
  8%|▊         | 21/260 [00:15<02:55,  1.36it/s]
  8%|▊         | 22/260 [00:16<02:54,  1.36it/s]
  9%|▉         | 23/260 [00:17<02:53,  1.36it/s]
  9%|▉         | 24/260 [00:18<02:53,  1.36it/s]
 10%|▉         | 25/260 [00:18<02:51,  1.37it/s]
 10%|█         | 26/260 [00:19<02:36,  1.49it/s]
                                                

 10%|█         | 26/260 [00:23<02:36,  1.49it/s]{'loss': 0.1892, 'grad_norm': 1.2586390972137451, 'learning_rate': 4.5e-05, 'epoch': 1.0}


  0%|          | 0/26 [00:00<?, ?it/s][A

 12%|█▏        | 3/26 [00:00<00:01, 20.02it/s][A

 23%|██▎       | 6/26 [00:00<00:01, 15.34it/s][A

 31%|███       | 8/26 [00:00<00:01, 14.52it/s][A

 38%|███▊      | 10/26 [00:00<00:01, 14.04it/s][A

 46%|████▌     | 12/26 [00:00<00:01, 13.77it/s][A

 54%|█████▍    | 14/26 [00:00<00:00, 13.58it/s][A

 62%|██████▏   | 16/26 [00:01<00:00, 13.44it/s][A

 69%|██████▉   | 18/26 [00:01<00:00, 13.37it/s][A

 77%|███████▋  | 20/26 [00:01<00:00, 13.32it/s][A

 85%|████████▍ | 22/26 [00:01<00:00, 13.27it/s][A

 92%|█████████▏| 24/26 [00:01<00:00, 13.27it/s][A

100%|██████████| 26/26 [00:01<00:00, 13.62it/s][A

                                               
[A
                                                

100%|██████████| 26/26 [00:01<00:00, 13.62it/s][A
 10%|█         | 26/260 [00:25<02:36,  1.49it/s]

                                               [A
 10%|█         | 27/260 [00:29<13:30,  3.48s/it]
 11%|█         | 28/260 [00:30<10:15,  2.65s/it]
 11%|█         | 29/260 [00:30<07:59,  2.08s/it]
 12%|█▏        | 30/260 [00:31<06:25,  1.67s/it]
 12%|█▏        | 31/260 [00:32<05:18,  1.39s/it]
 12%|█▏        | 32/260 [00:32<04:32,  1.19s/it]
 13%|█▎        | 33/260 [00:33<03:59,  1.05s/it]
 13%|█▎        | 34/260 [00:34<03:36,  1.04it/s]
 13%|█▎        | 35/260 [00:35<03:20,  1.12it/s]
 14%|█▍        | 36/260 [00:35<03:08,  1.19it/s]
 14%|█▍        | 37/260 [00:36<03:00,  1.24it/s]
 15%|█▍        | 38/260 [00:37<02:54,  1.27it/s]
 15%|█▌        | 39/260 [00:38<02:50,  1.30it/s]
 15%|█▌        | 40/260 [00:38<02:46,  1.32it/s]
 16%|█▌        | 41/260 [00:39<02:44,  1.33it/s]
 16%|█▌        | 42/260 [00:40<02:42,  1.34it/s]
 17%|█▋        | 43/260 [00:41<02:41,  1.35it/s]
 17%|█▋        | 44/260 [00:41<02:39,  1.35it/s]
 17%|█▋        | 45/260 [00:42<02:38,  1.36it/s]
 18%|█▊        | 46/260 [00:43<02:37,  1.36it/s]
 18%|█▊        | 47/260 [00:43<02:36,  1.36it/s]
 18%|█▊        | 48/260 [00:44<02:35,  1.36it/s]
 19%|█▉        | 49/260 [00:45<02:34,  1.36it/s]
 19%|█▉        | 50/260 [00:46<02:34,  1.36it/s]
 20%|█▉        | 51/260 [00:46<02:32,  1.37it/s]
 20%|██        | 52/260 [00:47<02:19,  1.49it/s]
                                                

 20%|██        | 52/260 [00:47<02:19,  1.49it/s]{'eval_loss': 0.09644337743520737, 'eval_runtime': 1.9551, 'eval_samples_per_second': 420.949, 'eval_steps_per_second': 13.299, 'epoch': 1.0}
{'loss': 0.0888, 'grad_norm': 1.1760563850402832, 'learning_rate': 4e-05, 'epoch': 2.0}


  0%|          | 0/26 [00:00<?, ?it/s][A

 12%|█▏        | 3/26 [00:00<00:01, 19.89it/s][A

 19%|█▉        | 5/26 [00:00<00:01, 15.97it/s][A

 27%|██▋       | 7/26 [00:00<00:01, 14.71it/s][A

 35%|███▍      | 9/26 [00:00<00:01, 14.08it/s][A

 42%|████▏     | 11/26 [00:00<00:01, 13.76it/s][A

 50%|█████     | 13/26 [00:00<00:00, 13.57it/s][A

 58%|█████▊    | 15/26 [00:01<00:00, 13.45it/s][A

 65%|██████▌   | 17/26 [00:01<00:00, 13.37it/s][A

 73%|███████▎  | 19/26 [00:01<00:00, 13.31it/s][A

 81%|████████  | 21/26 [00:01<00:00, 13.28it/s][A

 88%|████████▊ | 23/26 [00:01<00:00, 13.25it/s][A

 96%|█████████▌| 25/26 [00:01<00:00, 13.30it/s][A

                                               
[A
                                                

100%|██████████| 26/26 [00:02<00:00, 13.30it/s][A
 20%|██        | 52/260 [00:49<02:19,  1.49it/s]

                                               [A
 20%|██        | 53/260 [00:53<07:34,  2.20s/it]
 21%|██        | 54/260 [00:53<06:02,  1.76s/it]
 21%|██        | 55/260 [00:54<04:57,  1.45s/it]
 22%|██▏       | 56/260 [00:55<04:11,  1.23s/it]
 22%|██▏       | 57/260 [00:56<03:40,  1.08s/it]
 22%|██▏       | 58/260 [00:56<03:17,  1.02it/s]
 23%|██▎       | 59/260 [00:57<03:01,  1.10it/s]
 23%|██▎       | 60/260 [00:58<02:50,  1.17it/s]
 23%|██▎       | 61/260 [00:59<02:42,  1.22it/s]
 24%|██▍       | 62/260 [00:59<02:36,  1.26it/s]
 24%|██▍       | 63/260 [01:00<02:32,  1.29it/s]
 25%|██▍       | 64/260 [01:01<02:29,  1.31it/s]
 25%|██▌       | 65/260 [01:01<02:27,  1.33it/s]
 25%|██▌       | 66/260 [01:02<02:25,  1.34it/s]
 26%|██▌       | 67/260 [01:03<02:23,  1.35it/s]
 26%|██▌       | 68/260 [01:04<02:22,  1.35it/s]
 27%|██▋       | 69/260 [01:04<02:21,  1.35it/s]
 27%|██▋       | 70/260 [01:05<02:19,  1.36it/s]
 27%|██▋       | 71/260 [01:06<02:19,  1.36it/s]
 28%|██▊       | 72/260 [01:07<02:18,  1.36it/s]
 28%|██▊       | 73/260 [01:07<02:17,  1.36it/s]
 28%|██▊       | 74/260 [01:08<02:16,  1.36it/s]
 29%|██▉       | 75/260 [01:09<02:15,  1.36it/s]
 29%|██▉       | 76/260 [01:10<02:14,  1.36it/s]
 30%|██▉       | 77/260 [01:10<02:13,  1.37it/s]
 30%|███       | 78/260 [01:11<02:01,  1.49it/s]
                                                

 30%|███       | 78/260 [01:12<02:01,  1.49it/s]{'eval_loss': 0.05931135639548302, 'eval_runtime': 1.9566, 'eval_samples_per_second': 420.637, 'eval_steps_per_second': 13.289, 'epoch': 2.0}
{'loss': 0.0667, 'grad_norm': 0.9710709452629089, 'learning_rate': 3.5e-05, 'epoch': 3.0}


  0%|          | 0/26 [00:00<?, ?it/s][A

 12%|█▏        | 3/26 [00:00<00:01, 19.95it/s][A

 19%|█▉        | 5/26 [00:00<00:01, 15.96it/s][A

 27%|██▋       | 7/26 [00:00<00:01, 14.71it/s][A

 35%|███▍      | 9/26 [00:00<00:01, 14.13it/s][A

 42%|████▏     | 11/26 [00:00<00:01, 13.80it/s][A

 50%|█████     | 13/26 [00:00<00:00, 13.59it/s][A

 58%|█████▊    | 15/26 [00:01<00:00, 13.45it/s][A

 65%|██████▌   | 17/26 [00:01<00:00, 13.38it/s][A

 73%|███████▎  | 19/26 [00:01<00:00, 13.31it/s][A

 81%|████████  | 21/26 [00:01<00:00, 13.27it/s][A

 88%|████████▊ | 23/26 [00:01<00:00, 13.22it/s][A

 96%|█████████▌| 25/26 [00:01<00:00, 13.28it/s][A

                                               
[A
                                                

100%|██████████| 26/26 [00:03<00:00, 13.28it/s][A
 30%|███       | 78/260 [01:15<02:01,  1.49it/s]

                                               [A
 30%|███       | 79/260 [01:24<13:26,  4.45s/it]
 31%|███       | 80/260 [01:25<10:00,  3.34s/it]
 31%|███       | 81/260 [01:26<07:37,  2.56s/it]
 32%|███▏      | 82/260 [01:26<05:57,  2.01s/it]
 32%|███▏      | 83/260 [01:27<04:47,  1.63s/it]
 32%|███▏      | 84/260 [01:28<03:58,  1.36s/it]
 33%|███▎      | 85/260 [01:28<03:24,  1.17s/it]
 33%|███▎      | 86/260 [01:29<03:00,  1.04s/it]
 33%|███▎      | 87/260 [01:30<02:43,  1.06it/s]
 34%|███▍      | 88/260 [01:31<02:31,  1.13it/s]
 34%|███▍      | 89/260 [01:31<02:23,  1.19it/s]
 35%|███▍      | 90/260 [01:32<02:16,  1.24it/s]
 35%|███▌      | 91/260 [01:33<02:12,  1.28it/s]
 35%|███▌      | 92/260 [01:34<02:09,  1.30it/s]
 36%|███▌      | 93/260 [01:34<02:06,  1.32it/s]
 36%|███▌      | 94/260 [01:35<02:13,  1.25it/s]
 37%|███▋      | 95/260 [01:36<02:08,  1.28it/s]
 37%|███▋      | 96/260 [01:37<02:05,  1.30it/s]
 37%|███▋      | 97/260 [01:37<02:03,  1.32it/s]
 38%|███▊      | 98/260 [01:38<02:01,  1.34it/s]
 38%|███▊      | 99/260 [01:39<01:59,  1.34it/s]
 38%|███▊      | 100/260 [01:40<01:58,  1.35it/s]
 39%|███▉      | 101/260 [01:40<01:57,  1.35it/s]
 39%|███▉      | 102/260 [01:41<01:56,  1.36it/s]
 40%|███▉      | 103/260 [01:42<01:55,  1.36it/s]
 40%|████      | 104/260 [01:42<01:44,  1.49it/s]
                                                 

 40%|████      | 104/260 [01:42<01:44,  1.49it/s]{'eval_loss': 0.04983014240860939, 'eval_runtime': 1.9544, 'eval_samples_per_second': 421.106, 'eval_steps_per_second': 13.303, 'epoch': 3.0}
{'loss': 0.055, 'grad_norm': 0.6522111892700195, 'learning_rate': 3e-05, 'epoch': 4.0}


  0%|          | 0/26 [00:00<?, ?it/s][A

 12%|█▏        | 3/26 [00:00<00:01, 19.91it/s][A

 19%|█▉        | 5/26 [00:00<00:01, 16.00it/s][A

 27%|██▋       | 7/26 [00:00<00:01, 14.74it/s][A

 35%|███▍      | 9/26 [00:00<00:01, 14.14it/s][A

 42%|████▏     | 11/26 [00:00<00:01, 13.80it/s][A

 50%|█████     | 13/26 [00:00<00:00, 13.61it/s][A

 58%|█████▊    | 15/26 [00:01<00:00, 13.44it/s][A

 65%|██████▌   | 17/26 [00:01<00:00, 13.38it/s][A

 73%|███████▎  | 19/26 [00:01<00:00, 13.33it/s][A

 81%|████████  | 21/26 [00:01<00:00, 13.30it/s][A

 88%|████████▊ | 23/26 [00:01<00:00, 13.29it/s][A

 96%|█████████▌| 25/26 [00:01<00:00, 13.32it/s][A

                                               
[A
                                                 

100%|██████████| 26/26 [00:02<00:00, 13.32it/s][A
 40%|████      | 104/260 [01:45<01:44,  1.49it/s]

                                               [A
 40%|████      | 105/260 [01:49<06:42,  2.60s/it]
 41%|████      | 106/260 [01:50<05:13,  2.04s/it]
 41%|████      | 107/260 [01:51<04:12,  1.65s/it]
 42%|████▏     | 108/260 [01:52<03:28,  1.37s/it]
 42%|████▏     | 109/260 [01:52<02:58,  1.18s/it]
 42%|████▏     | 110/260 [01:53<02:36,  1.05s/it]
 43%|████▎     | 111/260 [01:54<02:21,  1.05it/s]
 43%|████▎     | 112/260 [01:55<02:11,  1.13it/s]
 43%|████▎     | 113/260 [01:55<02:03,  1.19it/s]
 44%|████▍     | 114/260 [01:56<01:58,  1.24it/s]
 44%|████▍     | 115/260 [01:57<01:54,  1.27it/s]
 45%|████▍     | 116/260 [01:57<01:50,  1.30it/s]
 45%|████▌     | 117/260 [01:58<01:48,  1.32it/s]
 45%|████▌     | 118/260 [01:59<01:46,  1.33it/s]
 46%|████▌     | 119/260 [02:00<01:45,  1.34it/s]
 46%|████▌     | 120/260 [02:00<01:43,  1.35it/s]
 47%|████▋     | 121/260 [02:01<01:42,  1.35it/s]
 47%|████▋     | 122/260 [02:02<01:41,  1.36it/s]
 47%|████▋     | 123/260 [02:03<01:40,  1.36it/s]
 48%|████▊     | 124/260 [02:03<01:39,  1.36it/s]
 48%|████▊     | 125/260 [02:04<01:39,  1.36it/s]
 48%|████▊     | 126/260 [02:05<01:38,  1.36it/s]
 49%|████▉     | 127/260 [02:06<01:37,  1.36it/s]
 49%|████▉     | 128/260 [02:06<01:36,  1.36it/s]
 50%|████▉     | 129/260 [02:07<01:35,  1.37it/s]
 50%|█████     | 130/260 [02:08<01:27,  1.49it/s]
                                                 

 50%|█████     | 130/260 [02:08<01:27,  1.49it/s]{'eval_loss': 0.038800716400146484, 'eval_runtime': 1.9497, 'eval_samples_per_second': 422.127, 'eval_steps_per_second': 13.336, 'epoch': 4.0}
{'loss': 0.0453, 'grad_norm': 0.6653720736503601, 'learning_rate': 2.5e-05, 'epoch': 5.0}


  0%|          | 0/26 [00:00<?, ?it/s][A

 12%|█▏        | 3/26 [00:00<00:01, 19.92it/s][A

 19%|█▉        | 5/26 [00:00<00:01, 15.91it/s][A

 27%|██▋       | 7/26 [00:00<00:01, 14.67it/s][A

 35%|███▍      | 9/26 [00:00<00:01, 14.09it/s][A

 42%|████▏     | 11/26 [00:00<00:01, 13.76it/s][A

 50%|█████     | 13/26 [00:00<00:00, 13.57it/s][A

 58%|█████▊    | 15/26 [00:01<00:00, 13.45it/s][A

 65%|██████▌   | 17/26 [00:01<00:00, 13.37it/s][A

 73%|███████▎  | 19/26 [00:01<00:00, 13.31it/s][A

 81%|████████  | 21/26 [00:01<00:00, 13.28it/s][A

 88%|████████▊ | 23/26 [00:01<00:00, 13.26it/s][A

 96%|█████████▌| 25/26 [00:01<00:00, 13.30it/s][A

                                               
[A
                                                 

100%|██████████| 26/26 [00:02<00:00, 13.30it/s][A
 50%|█████     | 130/260 [02:10<01:27,  1.49it/s]

                                               [A
 50%|█████     | 131/260 [02:14<05:09,  2.40s/it]
 51%|█████     | 132/260 [02:15<04:03,  1.90s/it]
 51%|█████     | 133/260 [02:15<03:16,  1.55s/it]
 52%|█████▏    | 134/260 [02:16<02:44,  1.30s/it]
 52%|█████▏    | 135/260 [02:17<02:21,  1.13s/it]
 52%|█████▏    | 136/260 [02:18<02:05,  1.01s/it]
 53%|█████▎    | 137/260 [02:18<01:54,  1.08it/s]
 53%|█████▎    | 138/260 [02:19<01:46,  1.15it/s]
 53%|█████▎    | 139/260 [02:20<01:40,  1.21it/s]
 54%|█████▍    | 140/260 [02:21<01:36,  1.25it/s]
 54%|█████▍    | 141/260 [02:21<01:32,  1.28it/s]
 55%|█████▍    | 142/260 [02:22<01:30,  1.30it/s]
 55%|█████▌    | 143/260 [02:23<01:28,  1.32it/s]
 55%|█████▌    | 144/260 [02:24<01:26,  1.33it/s]
 56%|█████▌    | 145/260 [02:24<01:25,  1.34it/s]
 56%|█████▌    | 146/260 [02:25<01:24,  1.35it/s]
 57%|█████▋    | 147/260 [02:26<01:23,  1.35it/s]
 57%|█████▋    | 148/260 [02:26<01:22,  1.35it/s]
 57%|█████▋    | 149/260 [02:27<01:21,  1.36it/s]
 58%|█████▊    | 150/260 [02:28<01:20,  1.36it/s]
 58%|█████▊    | 151/260 [02:29<01:20,  1.36it/s]
 58%|█████▊    | 152/260 [02:29<01:19,  1.36it/s]
 59%|█████▉    | 153/260 [02:30<01:18,  1.36it/s]
 59%|█████▉    | 154/260 [02:31<01:17,  1.36it/s]
 60%|█████▉    | 155/260 [02:32<01:16,  1.37it/s]
 60%|██████    | 156/260 [02:32<01:09,  1.49it/s]
                                                 

 60%|██████    | 156/260 [02:32<01:09,  1.49it/s]{'eval_loss': 0.034460388123989105, 'eval_runtime': 1.9548, 'eval_samples_per_second': 421.022, 'eval_steps_per_second': 13.301, 'epoch': 5.0}
{'loss': 0.0392, 'grad_norm': 0.6145995855331421, 'learning_rate': 2e-05, 'epoch': 6.0}


  0%|          | 0/26 [00:00<?, ?it/s][A

 12%|█▏        | 3/26 [00:00<00:01, 19.83it/s][A

 19%|█▉        | 5/26 [00:00<00:01, 15.88it/s][A

 27%|██▋       | 7/26 [00:00<00:01, 14.64it/s][A

 35%|███▍      | 9/26 [00:00<00:01, 14.08it/s][A

 42%|████▏     | 11/26 [00:00<00:01, 13.75it/s][A

 50%|█████     | 13/26 [00:00<00:00, 13.57it/s][A

 58%|█████▊    | 15/26 [00:01<00:00, 13.45it/s][A

 65%|██████▌   | 17/26 [00:01<00:00, 13.37it/s][A

 73%|███████▎  | 19/26 [00:01<00:00, 13.32it/s][A

 81%|████████  | 21/26 [00:01<00:00, 13.26it/s][A

 88%|████████▊ | 23/26 [00:01<00:00, 13.25it/s][A

 96%|█████████▌| 25/26 [00:01<00:00, 13.29it/s][A

                                               
[A
                                                 

100%|██████████| 26/26 [00:01<00:00, 13.29it/s][A
 60%|██████    | 156/260 [02:34<01:09,  1.49it/s]

                                               [A
 60%|██████    | 157/260 [02:38<03:38,  2.12s/it]
 61%|██████    | 158/260 [02:38<02:54,  1.71s/it]
 61%|██████    | 159/260 [02:39<02:22,  1.41s/it]
 62%|██████▏   | 160/260 [02:40<02:00,  1.21s/it]
 62%|██████▏   | 161/260 [02:41<01:45,  1.07s/it]
 62%|██████▏   | 162/260 [02:41<01:34,  1.03it/s]
 63%|██████▎   | 163/260 [02:42<01:27,  1.11it/s]
 63%|██████▎   | 164/260 [02:43<01:21,  1.18it/s]
 63%|██████▎   | 165/260 [02:43<01:17,  1.23it/s]
 64%|██████▍   | 166/260 [02:44<01:14,  1.26it/s]
 64%|██████▍   | 167/260 [02:45<01:11,  1.29it/s]
 65%|██████▍   | 168/260 [02:46<01:10,  1.31it/s]
 65%|██████▌   | 169/260 [02:46<01:08,  1.33it/s]
 65%|██████▌   | 170/260 [02:47<01:07,  1.34it/s]
 66%|██████▌   | 171/260 [02:48<01:06,  1.34it/s]
 66%|██████▌   | 172/260 [02:49<01:05,  1.35it/s]
 67%|██████▋   | 173/260 [02:49<01:04,  1.35it/s]
 67%|██████▋   | 174/260 [02:50<01:03,  1.36it/s]
 67%|██████▋   | 175/260 [02:51<01:02,  1.36it/s]
 68%|██████▊   | 176/260 [02:52<01:01,  1.36it/s]
 68%|██████▊   | 177/260 [02:52<01:01,  1.36it/s]
 68%|██████▊   | 178/260 [02:53<01:00,  1.36it/s]
 69%|██████▉   | 179/260 [02:54<00:59,  1.36it/s]
 69%|██████▉   | 180/260 [02:55<00:58,  1.36it/s]
 70%|██████▉   | 181/260 [02:55<00:57,  1.37it/s]
 70%|███████   | 182/260 [02:56<00:52,  1.49it/s]
                                                 

 70%|███████   | 182/260 [02:56<00:52,  1.49it/s]{'eval_loss': 0.029885735362768173, 'eval_runtime': 1.9572, 'eval_samples_per_second': 420.492, 'eval_steps_per_second': 13.284, 'epoch': 6.0}
{'loss': 0.0364, 'grad_norm': 0.6504131555557251, 'learning_rate': 1.5e-05, 'epoch': 7.0}


  0%|          | 0/26 [00:00<?, ?it/s][A

 12%|█▏        | 3/26 [00:00<00:01, 19.98it/s][A

 19%|█▉        | 5/26 [00:00<00:01, 15.93it/s][A

 27%|██▋       | 7/26 [00:00<00:01, 14.68it/s][A

 35%|███▍      | 9/26 [00:00<00:01, 14.08it/s][A

 42%|████▏     | 11/26 [00:00<00:01, 13.73it/s][A

 50%|█████     | 13/26 [00:00<00:00, 13.53it/s][A

 58%|█████▊    | 15/26 [00:01<00:00, 13.36it/s][A

 65%|██████▌   | 17/26 [00:01<00:00, 13.30it/s][A

 73%|███████▎  | 19/26 [00:01<00:00, 13.27it/s][A

 81%|████████  | 21/26 [00:01<00:00, 13.24it/s][A

 88%|████████▊ | 23/26 [00:01<00:00, 13.23it/s][A

 96%|█████████▌| 25/26 [00:01<00:00, 13.26it/s][A

                                               
[A
                                                 

100%|██████████| 26/26 [00:02<00:00, 13.26it/s][A
 70%|███████   | 182/260 [02:58<00:52,  1.49it/s]

                                               [A
 70%|███████   | 183/260 [03:02<02:54,  2.27s/it]
 71%|███████   | 184/260 [03:02<02:17,  1.81s/it]
 71%|███████   | 185/260 [03:03<01:51,  1.49s/it]
 72%|███████▏  | 186/260 [03:04<01:33,  1.26s/it]
 72%|███████▏  | 187/260 [03:05<01:20,  1.10s/it]
 72%|███████▏  | 188/260 [03:05<01:11,  1.01it/s]
 73%|███████▎  | 189/260 [03:06<01:04,  1.09it/s]
 73%|███████▎  | 190/260 [03:07<01:00,  1.16it/s]
 73%|███████▎  | 191/260 [03:08<00:56,  1.21it/s]
 74%|███████▍  | 192/260 [03:08<00:54,  1.25it/s]
 74%|███████▍  | 193/260 [03:09<00:52,  1.29it/s]
 75%|███████▍  | 194/260 [03:10<00:50,  1.31it/s]
 75%|███████▌  | 195/260 [03:11<00:49,  1.32it/s]
 75%|███████▌  | 196/260 [03:11<00:47,  1.33it/s]
 76%|███████▌  | 197/260 [03:12<00:46,  1.34it/s]
 76%|███████▌  | 198/260 [03:13<00:45,  1.35it/s]
 77%|███████▋  | 199/260 [03:14<00:45,  1.35it/s]
 77%|███████▋  | 200/260 [03:14<00:44,  1.35it/s]
 77%|███████▋  | 201/260 [03:15<00:43,  1.35it/s]
 78%|███████▊  | 202/260 [03:16<00:42,  1.35it/s]
 78%|███████▊  | 203/260 [03:16<00:42,  1.36it/s]
 78%|███████▊  | 204/260 [03:17<00:41,  1.36it/s]
 79%|███████▉  | 205/260 [03:18<00:40,  1.36it/s]
 79%|███████▉  | 206/260 [03:19<00:39,  1.36it/s]
 80%|███████▉  | 207/260 [03:19<00:38,  1.36it/s]
 80%|████████  | 208/260 [03:20<00:34,  1.49it/s]
                                                 

 80%|████████  | 208/260 [03:20<00:34,  1.49it/s]{'eval_loss': 0.02640574425458908, 'eval_runtime': 1.9592, 'eval_samples_per_second': 420.073, 'eval_steps_per_second': 13.271, 'epoch': 7.0}
{'loss': 0.0329, 'grad_norm': 0.6448606848716736, 'learning_rate': 1e-05, 'epoch': 8.0}


  0%|          | 0/26 [00:00<?, ?it/s][A

 12%|█▏        | 3/26 [00:00<00:01, 19.92it/s][A

 19%|█▉        | 5/26 [00:00<00:01, 15.91it/s][A

 27%|██▋       | 7/26 [00:00<00:01, 14.68it/s][A

 35%|███▍      | 9/26 [00:00<00:01, 14.06it/s][A

 42%|████▏     | 11/26 [00:00<00:01, 13.75it/s][A

 50%|█████     | 13/26 [00:00<00:00, 13.55it/s][A

 58%|█████▊    | 15/26 [00:01<00:00, 13.44it/s][A

 65%|██████▌   | 17/26 [00:01<00:00, 13.34it/s][A

 73%|███████▎  | 19/26 [00:01<00:00, 13.29it/s][A

 81%|████████  | 21/26 [00:01<00:00, 13.25it/s][A

 88%|████████▊ | 23/26 [00:01<00:00, 13.23it/s][A

 96%|█████████▌| 25/26 [00:01<00:00, 13.28it/s][A

                                               
[A
                                                 

100%|██████████| 26/26 [00:01<00:00, 13.28it/s][A
 80%|████████  | 208/260 [03:22<00:34,  1.49it/s]

                                               [A
 80%|████████  | 209/260 [03:31<03:20,  3.93s/it]
 81%|████████  | 210/260 [03:32<02:28,  2.97s/it]
 81%|████████  | 211/260 [03:33<01:52,  2.30s/it]
 82%|████████▏ | 212/260 [03:34<01:27,  1.83s/it]
 82%|████████▏ | 213/260 [03:34<01:10,  1.50s/it]
 82%|████████▏ | 214/260 [03:35<00:58,  1.27s/it]
 83%|████████▎ | 215/260 [03:36<00:49,  1.11s/it]
 83%|████████▎ | 216/260 [03:37<00:43,  1.00it/s]
 83%|████████▎ | 217/260 [03:37<00:39,  1.09it/s]
 84%|████████▍ | 218/260 [03:38<00:36,  1.16it/s]
 84%|████████▍ | 219/260 [03:39<00:33,  1.21it/s]
 85%|████████▍ | 220/260 [03:40<00:31,  1.25it/s]
 85%|████████▌ | 221/260 [03:40<00:30,  1.28it/s]
 85%|████████▌ | 222/260 [03:41<00:29,  1.31it/s]
 86%|████████▌ | 223/260 [03:42<00:27,  1.32it/s]
 86%|████████▌ | 224/260 [03:42<00:27,  1.33it/s]
 87%|████████▋ | 225/260 [03:43<00:26,  1.34it/s]
 87%|████████▋ | 226/260 [03:44<00:25,  1.35it/s]
 87%|████████▋ | 227/260 [03:45<00:24,  1.35it/s]
 88%|████████▊ | 228/260 [03:45<00:23,  1.35it/s]
 88%|████████▊ | 229/260 [03:46<00:22,  1.36it/s]
 88%|████████▊ | 230/260 [03:47<00:22,  1.36it/s]
 89%|████████▉ | 231/260 [03:48<00:21,  1.36it/s]
 89%|████████▉ | 232/260 [03:48<00:20,  1.36it/s]
 90%|████████▉ | 233/260 [03:49<00:19,  1.37it/s]
 90%|█████████ | 234/260 [03:50<00:17,  1.49it/s]
                                                 

 90%|█████████ | 234/260 [03:50<00:17,  1.49it/s]{'eval_loss': 0.028454193845391273, 'eval_runtime': 1.9584, 'eval_samples_per_second': 420.243, 'eval_steps_per_second': 13.276, 'epoch': 8.0}
{'loss': 0.0298, 'grad_norm': 0.41572654247283936, 'learning_rate': 5e-06, 'epoch': 9.0}


  0%|          | 0/26 [00:00<?, ?it/s][A

 12%|█▏        | 3/26 [00:00<00:01, 19.84it/s][A

 19%|█▉        | 5/26 [00:00<00:01, 15.90it/s][A

 27%|██▋       | 7/26 [00:00<00:01, 14.68it/s][A

 35%|███▍      | 9/26 [00:00<00:01, 14.08it/s][A

 42%|████▏     | 11/26 [00:00<00:01, 13.78it/s][A

 50%|█████     | 13/26 [00:00<00:00, 13.56it/s][A

 58%|█████▊    | 15/26 [00:01<00:00, 13.44it/s][A

 65%|██████▌   | 17/26 [00:01<00:00, 13.35it/s][A

 73%|███████▎  | 19/26 [00:01<00:00, 13.30it/s][A

 81%|████████  | 21/26 [00:01<00:00, 13.26it/s][A

 88%|████████▊ | 23/26 [00:01<00:00, 13.25it/s][A

 96%|█████████▌| 25/26 [00:01<00:00, 13.27it/s][A

                                               
[A
                                                 

100%|██████████| 26/26 [00:01<00:00, 13.27it/s][A
 90%|█████████ | 234/260 [03:52<00:17,  1.49it/s]

                                               [A
 90%|█████████ | 235/260 [03:56<00:56,  2.27s/it]
 91%|█████████ | 236/260 [03:56<00:43,  1.81s/it]
 91%|█████████ | 237/260 [03:57<00:34,  1.49s/it]
 92%|█████████▏| 238/260 [03:58<00:27,  1.26s/it]
 92%|█████████▏| 239/260 [03:59<00:23,  1.10s/it]
 92%|█████████▏| 240/260 [03:59<00:19,  1.01it/s]
 93%|█████████▎| 241/260 [04:00<00:17,  1.09it/s]
 93%|█████████▎| 242/260 [04:01<00:15,  1.16it/s]
 93%|█████████▎| 243/260 [04:01<00:13,  1.22it/s]
 94%|█████████▍| 244/260 [04:02<00:12,  1.26it/s]
 94%|█████████▍| 245/260 [04:03<00:11,  1.29it/s]
 95%|█████████▍| 246/260 [04:04<00:10,  1.31it/s]
 95%|█████████▌| 247/260 [04:04<00:09,  1.32it/s]
 95%|█████████▌| 248/260 [04:05<00:08,  1.33it/s]
 96%|█████████▌| 249/260 [04:06<00:08,  1.34it/s]
 96%|█████████▌| 250/260 [04:07<00:07,  1.35it/s]
 97%|█████████▋| 251/260 [04:07<00:06,  1.35it/s]
 97%|█████████▋| 252/260 [04:08<00:05,  1.36it/s]
 97%|█████████▋| 253/260 [04:09<00:05,  1.36it/s]
 98%|█████████▊| 254/260 [04:10<00:04,  1.36it/s]
 98%|█████████▊| 255/260 [04:10<00:03,  1.36it/s]
 98%|█████████▊| 256/260 [04:11<00:02,  1.36it/s]
 99%|█████████▉| 257/260 [04:12<00:02,  1.36it/s]
 99%|█████████▉| 258/260 [04:12<00:01,  1.36it/s]
100%|█████████▉| 259/260 [04:13<00:00,  1.37it/s]
100%|██████████| 260/260 [04:14<00:00,  1.49it/s]
                                                 

100%|██████████| 260/260 [04:14<00:00,  1.49it/s]{'eval_loss': 0.02415323629975319, 'eval_runtime': 1.956, 'eval_samples_per_second': 420.752, 'eval_steps_per_second': 13.292, 'epoch': 9.0}
{'loss': 0.0296, 'grad_norm': 0.5619049072265625, 'learning_rate': 0.0, 'epoch': 10.0}


  0%|          | 0/26 [00:00<?, ?it/s][A

 12%|█▏        | 3/26 [00:00<00:01, 19.84it/s][A

 19%|█▉        | 5/26 [00:00<00:01, 15.88it/s][A

 27%|██▋       | 7/26 [00:00<00:01, 14.66it/s][A

 35%|███▍      | 9/26 [00:00<00:01, 14.07it/s][A

 42%|████▏     | 11/26 [00:00<00:01, 13.73it/s][A

 50%|█████     | 13/26 [00:00<00:00, 13.53it/s][A

 58%|█████▊    | 15/26 [00:01<00:00, 13.40it/s][A

 65%|██████▌   | 17/26 [00:01<00:00, 13.34it/s][A

 73%|███████▎  | 19/26 [00:01<00:00, 13.30it/s][A

 81%|████████  | 21/26 [00:01<00:00, 13.25it/s][A

 88%|████████▊ | 23/26 [00:01<00:00, 13.22it/s][A

 96%|█████████▌| 25/26 [00:01<00:00, 13.28it/s][A

                                               
[A
                                                 

100%|██████████| 26/26 [00:01<00:00, 13.28it/s][A
100%|██████████| 260/260 [04:16<00:00,  1.49it/s]

                                               [AThere were missing keys in the checkpoint model loaded: ['lm_head.decoder.weight', 'lm_head.decoder.bias'].

                                                 

100%|██████████| 260/260 [04:19<00:00,  1.49it/s]
100%|██████████| 260/260 [04:19<00:00,  1.00it/s]
Some weights of RobertaForSequenceClassification were not initialized from the model checkpoint at ./layer_pretrained_roberta and are newly initialized: ['classifier.dense.bias', 'classifier.dense.weight', 'classifier.out_proj.bias', 'classifier.out_proj.weight']
You should probably TRAIN this model on a down-stream task to be able to use it for predictions and inference.
2025-04-12 04:38:57.766 | INFO     | __main__:CV_run:403 - Starting fine-tuning with cross-entropy loss
{'eval_loss': 0.0239421296864748, 'eval_runtime': 1.9609, 'eval_samples_per_second': 419.715, 'eval_steps_per_second': 13.26, 'epoch': 10.0}
{'train_runtime': 259.2313, 'train_samples_per_second': 127.107, 'train_steps_per_second': 1.003, 'train_loss': 0.06128489008316627, 'epoch': 10.0}

  0%|          | 0/780 [00:00<?, ?it/s]
  0%|          | 1/780 [00:00<11:25,  1.14it/s]
  0%|          | 2/780 [00:01<07:49,  1.66it/s]
  0%|          | 3/780 [00:01<06:41,  1.93it/s]
  1%|          | 4/780 [00:02<06:09,  2.10it/s]
  1%|          | 5/780 [00:02<05:50,  2.21it/s]
  1%|          | 6/780 [00:02<05:39,  2.28it/s]
  1%|          | 7/780 [00:03<05:31,  2.33it/s]
  1%|          | 8/780 [00:03<05:25,  2.37it/s]
  1%|          | 9/780 [00:04<05:21,  2.40it/s]
  1%|▏         | 10/780 [00:04<05:18,  2.42it/s]
  1%|▏         | 11/780 [00:04<05:16,  2.43it/s]
  2%|▏         | 12/780 [00:05<05:15,  2.43it/s]
  2%|▏         | 13/780 [00:05<05:14,  2.44it/s]
  2%|▏         | 14/780 [00:06<05:13,  2.44it/s]
  2%|▏         | 15/780 [00:06<05:12,  2.45it/s]
  2%|▏         | 16/780 [00:07<05:11,  2.45it/s]
  2%|▏         | 17/780 [00:07<05:11,  2.45it/s]
  2%|▏         | 18/780 [00:07<05:11,  2.45it/s]
  2%|▏         | 19/780 [00:08<05:10,  2.45it/s]
  3%|▎         | 20/780 [00:08<05:10,  2.45it/s]
  3%|▎         | 21/780 [00:09<05:10,  2.44it/s]
  3%|▎         | 22/780 [00:09<05:10,  2.44it/s]
  3%|▎         | 23/780 [00:09<05:09,  2.45it/s]
  3%|▎         | 24/780 [00:10<05:08,  2.45it/s]
  3%|▎         | 25/780 [00:10<05:09,  2.44it/s]
  3%|▎         | 26/780 [00:11<04:57,  2.54it/s]
                                                

  3%|▎         | 26/780 [00:11<04:57,  2.54it/s]{'loss': 3.6462, 'grad_norm': 4.177131175994873, 'learning_rate': 4.8333333333333334e-05, 'epoch': 1.0}


  0%|          | 0/26 [00:00<?, ?it/s][A

 19%|█▉        | 5/26 [00:00<00:00, 38.27it/s][A

 35%|███▍      | 9/26 [00:00<00:00, 33.56it/s][A

 50%|█████     | 13/26 [00:00<00:00, 32.10it/s][A

 65%|██████▌   | 17/26 [00:00<00:00, 31.42it/s][A

 81%|████████  | 21/26 [00:00<00:00, 31.06it/s][A

 96%|█████████▌| 25/26 [00:00<00:00, 30.84it/s][A

                                               
[A
                                                

100%|██████████| 26/26 [00:00<00:00, 30.84it/s][A
  3%|▎         | 26/780 [00:12<04:57,  2.54it/s]

                                               [A{'eval_loss': 2.6683342456817627, 'eval_macro_recall': 0.14914000687994494, 'eval_macro_precision': 0.10211450992140116, 'eval_macro_f1': 0.10199810231788939, 'eval_accuracy': 0.3827460510328068, 'eval_micro_recall': 0.3827460510328068, 'eval_micro_precision': 0.3827460510328068, 'eval_micro_f1': 0.38274605103280684, 'eval_runtime': 1.181, 'eval_samples_per_second': 696.896, 'eval_steps_per_second': 22.016, 'epoch': 1.0}

  3%|▎         | 27/780 [00:15<20:54,  1.67s/it]
  4%|▎         | 28/780 [00:16<16:08,  1.29s/it]
  4%|▎         | 29/780 [00:16<12:48,  1.02s/it]
  4%|▍         | 30/780 [00:16<10:29,  1.19it/s]
  4%|▍         | 31/780 [00:17<08:51,  1.41it/s]
  4%|▍         | 32/780 [00:17<07:43,  1.61it/s]
  4%|▍         | 33/780 [00:18<06:55,  1.80it/s]
  4%|▍         | 34/780 [00:18<06:21,  1.96it/s]
  4%|▍         | 35/780 [00:18<06:00,  2.07it/s]
  5%|▍         | 36/780 [00:19<05:42,  2.17it/s]
  5%|▍         | 37/780 [00:19<05:30,  2.25it/s]
  5%|▍         | 38/780 [00:20<05:22,  2.30it/s]
  5%|▌         | 39/780 [00:20<05:16,  2.34it/s]
  5%|▌         | 40/780 [00:21<05:11,  2.38it/s]
  5%|▌         | 41/780 [00:21<05:08,  2.40it/s]
  5%|▌         | 42/780 [00:21<05:06,  2.41it/s]
  6%|▌         | 43/780 [00:22<05:04,  2.42it/s]
  6%|▌         | 44/780 [00:22<05:02,  2.43it/s]
  6%|▌         | 45/780 [00:23<05:01,  2.44it/s]
  6%|▌         | 46/780 [00:23<05:00,  2.44it/s]
  6%|▌         | 47/780 [00:23<05:00,  2.44it/s]
  6%|▌         | 48/780 [00:24<04:59,  2.44it/s]
  6%|▋         | 49/780 [00:24<04:59,  2.44it/s]
  6%|▋         | 50/780 [00:25<04:58,  2.44it/s]
  7%|▋         | 51/780 [00:25<04:58,  2.44it/s]
  7%|▋         | 52/780 [00:25<04:51,  2.50it/s]
                                                

  7%|▋         | 52/780 [00:25<04:51,  2.50it/s]{'loss': 2.0916, 'grad_norm': 3.4888782501220703, 'learning_rate': 4.666666666666667e-05, 'epoch': 2.0}


  0%|          | 0/26 [00:00<?, ?it/s][A

 19%|█▉        | 5/26 [00:00<00:00, 38.06it/s][A

 35%|███▍      | 9/26 [00:00<00:00, 33.38it/s][A

 50%|█████     | 13/26 [00:00<00:00, 31.93it/s][A

 65%|██████▌   | 17/26 [00:00<00:00, 31.26it/s][A

 81%|████████  | 21/26 [00:00<00:00, 30.90it/s][A

 96%|█████████▌| 25/26 [00:00<00:00, 30.66it/s][A

                                               
[A
                                                

100%|██████████| 26/26 [00:00<00:00, 30.66it/s][A
  7%|▋         | 52/780 [00:27<04:51,  2.50it/s]

                                               [A{'eval_loss': 1.4309618473052979, 'eval_macro_recall': 0.5988085744664692, 'eval_macro_precision': 0.5461848685537924, 'eval_macro_f1': 0.5479592468283435, 'eval_accuracy': 0.7691373025516404, 'eval_micro_recall': 0.7691373025516404, 'eval_micro_precision': 0.7691373025516404, 'eval_micro_f1': 0.7691373025516404, 'eval_runtime': 1.1707, 'eval_samples_per_second': 702.983, 'eval_steps_per_second': 22.208, 'epoch': 2.0}

  7%|▋         | 53/780 [00:41<59:54,  4.94s/it]
  7%|▋         | 54/780 [00:41<43:21,  3.58s/it]
  7%|▋         | 55/780 [00:42<31:47,  2.63s/it]
  7%|▋         | 56/780 [00:42<23:41,  1.96s/it]
  7%|▋         | 57/780 [00:43<18:02,  1.50s/it]
  7%|▋         | 58/780 [00:43<14:04,  1.17s/it]
  8%|▊         | 59/780 [00:43<11:19,  1.06it/s]
  8%|▊         | 60/780 [00:44<09:23,  1.28it/s]
  8%|▊         | 61/780 [00:44<08:01,  1.49it/s]
  8%|▊         | 62/780 [00:45<07:03,  1.69it/s]
  8%|▊         | 63/780 [00:45<06:23,  1.87it/s]
  8%|▊         | 64/780 [00:45<05:54,  2.02it/s]
  8%|▊         | 65/780 [00:46<05:34,  2.13it/s]
  8%|▊         | 66/780 [00:46<05:21,  2.22it/s]
  9%|▊         | 67/780 [00:47<05:12,  2.28it/s]
  9%|▊         | 68/780 [00:47<05:05,  2.33it/s]
  9%|▉         | 69/780 [00:47<05:00,  2.37it/s]
  9%|▉         | 70/780 [00:48<04:56,  2.40it/s]
  9%|▉         | 71/780 [00:48<04:53,  2.42it/s]
  9%|▉         | 72/780 [00:49<04:51,  2.43it/s]
  9%|▉         | 73/780 [00:49<04:50,  2.43it/s]
  9%|▉         | 74/780 [00:49<04:49,  2.44it/s]
 10%|▉         | 75/780 [00:50<04:48,  2.45it/s]
 10%|▉         | 76/780 [00:50<04:47,  2.45it/s]
 10%|▉         | 77/780 [00:51<04:46,  2.46it/s]
 10%|█         | 78/780 [00:53<09:54,  1.18it/s]
                                                

 10%|█         | 78/780 [00:54<09:54,  1.18it/s]{'loss': 1.2005, 'grad_norm': 3.23089599609375, 'learning_rate': 4.5e-05, 'epoch': 3.0}


  0%|          | 0/26 [00:00<?, ?it/s][A

 19%|█▉        | 5/26 [00:00<00:00, 38.23it/s][A

 35%|███▍      | 9/26 [00:00<00:00, 33.46it/s][A

 50%|█████     | 13/26 [00:00<00:00, 32.08it/s][A

 65%|██████▌   | 17/26 [00:00<00:00, 31.38it/s][A

 81%|████████  | 21/26 [00:00<00:00, 30.99it/s][A

 96%|█████████▌| 25/26 [00:00<00:00, 30.76it/s][A

                                               
[A
                                                

100%|██████████| 26/26 [00:02<00:00, 30.76it/s][A
 10%|█         | 78/780 [00:57<09:54,  1.18it/s]

                                               [A{'eval_loss': 0.8075827956199646, 'eval_macro_recall': 0.7963303394051318, 'eval_macro_precision': 0.7619443936014813, 'eval_macro_f1': 0.7647978309654623, 'eval_accuracy': 0.9064398541919806, 'eval_micro_recall': 0.9064398541919806, 'eval_micro_precision': 0.9064398541919806, 'eval_micro_f1': 0.9064398541919806, 'eval_runtime': 1.9529, 'eval_samples_per_second': 421.434, 'eval_steps_per_second': 13.314, 'epoch': 3.0}

 10%|█         | 79/780 [01:03<42:03,  3.60s/it]
 10%|█         | 80/780 [01:03<30:48,  2.64s/it]
 10%|█         | 81/780 [01:03<22:57,  1.97s/it]
 11%|█         | 82/780 [01:04<18:32,  1.59s/it]
 11%|█         | 83/780 [01:05<14:22,  1.24s/it]
 11%|█         | 84/780 [01:05<11:27,  1.01it/s]
 11%|█         | 85/780 [01:05<09:25,  1.23it/s]
 11%|█         | 86/780 [01:06<07:59,  1.45it/s]
 11%|█         | 87/780 [01:06<06:59,  1.65it/s]
 11%|█▏        | 88/780 [01:07<06:17,  1.83it/s]
 11%|█▏        | 89/780 [01:07<05:48,  1.98it/s]
 12%|█▏        | 90/780 [01:07<05:28,  2.10it/s]
 12%|█▏        | 91/780 [01:08<05:13,  2.20it/s]
 12%|█▏        | 92/780 [01:08<05:02,  2.27it/s]
 12%|█▏        | 93/780 [01:09<04:55,  2.33it/s]
 12%|█▏        | 94/780 [01:09<04:49,  2.37it/s]
 12%|█▏        | 95/780 [01:09<04:46,  2.39it/s]
 12%|█▏        | 96/780 [01:10<04:43,  2.41it/s]
 12%|█▏        | 97/780 [01:10<04:42,  2.42it/s]
 13%|█▎        | 98/780 [01:11<04:40,  2.43it/s]
 13%|█▎        | 99/780 [01:11<04:38,  2.44it/s]
 13%|█▎        | 100/780 [01:11<04:37,  2.45it/s]
 13%|█▎        | 101/780 [01:12<04:36,  2.46it/s]
 13%|█▎        | 102/780 [01:12<04:35,  2.46it/s]
 13%|█▎        | 103/780 [01:13<04:35,  2.46it/s]
 13%|█▎        | 104/780 [01:13<04:47,  2.35it/s]
                                                 

 13%|█▎        | 104/780 [01:13<04:47,  2.35it/s]{'loss': 0.7163, 'grad_norm': 6.048116207122803, 'learning_rate': 4.3333333333333334e-05, 'epoch': 4.0}


  0%|          | 0/26 [00:00<?, ?it/s][A

 19%|█▉        | 5/26 [00:00<00:00, 38.18it/s][A

 35%|███▍      | 9/26 [00:00<00:00, 33.46it/s][A

 50%|█████     | 13/26 [00:00<00:00, 32.03it/s][A

 65%|██████▌   | 17/26 [00:00<00:00, 31.34it/s][A

 81%|████████  | 21/26 [00:00<00:00, 30.98it/s][A

 96%|█████████▌| 25/26 [00:00<00:00, 30.73it/s][A

                                               
[A
                                                 

100%|██████████| 26/26 [00:01<00:00, 30.73it/s][A
 13%|█▎        | 104/780 [01:15<04:47,  2.35it/s]

                                               [A{'eval_loss': 0.4638182520866394, 'eval_macro_recall': 0.8686590379457416, 'eval_macro_precision': 0.8754499017198628, 'eval_macro_f1': 0.8546776000858367, 'eval_accuracy': 0.9477521263669502, 'eval_micro_recall': 0.9477521263669502, 'eval_micro_precision': 0.9477521263669502, 'eval_micro_f1': 0.9477521263669502, 'eval_runtime': 1.176, 'eval_samples_per_second': 699.801, 'eval_steps_per_second': 22.108, 'epoch': 4.0}

 13%|█▎        | 105/780 [01:19<23:48,  2.12s/it]
 14%|█▎        | 106/780 [01:20<18:00,  1.60s/it]
 14%|█▎        | 107/780 [01:20<13:57,  1.24s/it]
 14%|█▍        | 108/780 [01:20<11:07,  1.01it/s]
 14%|█▍        | 109/780 [01:21<09:08,  1.22it/s]
 14%|█▍        | 110/780 [01:21<07:44,  1.44it/s]
 14%|█▍        | 111/780 [01:22<06:46,  1.65it/s]
 14%|█▍        | 112/780 [01:22<06:05,  1.83it/s]
 14%|█▍        | 113/780 [01:22<05:37,  1.98it/s]
 15%|█▍        | 114/780 [01:23<05:17,  2.10it/s]
 15%|█▍        | 115/780 [01:23<05:03,  2.19it/s]
 15%|█▍        | 116/780 [01:24<04:52,  2.27it/s]
 15%|█▌        | 117/780 [01:24<04:45,  2.33it/s]
 15%|█▌        | 118/780 [01:24<04:40,  2.36it/s]
 15%|█▌        | 119/780 [01:25<04:36,  2.39it/s]
 15%|█▌        | 120/780 [01:25<04:34,  2.40it/s]
 16%|█▌        | 121/780 [01:26<04:32,  2.42it/s]
 16%|█▌        | 122/780 [01:26<04:30,  2.44it/s]
 16%|█▌        | 123/780 [01:26<04:28,  2.45it/s]
 16%|█▌        | 124/780 [01:27<04:27,  2.45it/s]
 16%|█▌        | 125/780 [01:27<04:27,  2.45it/s]
 16%|█▌        | 126/780 [01:28<04:27,  2.45it/s]
 16%|█▋        | 127/780 [01:28<04:26,  2.45it/s]
 16%|█▋        | 128/780 [01:29<04:25,  2.46it/s]
 17%|█▋        | 129/780 [01:29<04:24,  2.46it/s]
 17%|█▋        | 130/780 [01:29<04:24,  2.46it/s]
                                                 

 17%|█▋        | 130/780 [01:31<04:24,  2.46it/s]{'loss': 0.4553, 'grad_norm': 2.492072343826294, 'learning_rate': 4.166666666666667e-05, 'epoch': 5.0}


  0%|          | 0/26 [00:00<?, ?it/s][A

 19%|█▉        | 5/26 [00:00<00:00, 38.10it/s][A

 35%|███▍      | 9/26 [00:00<00:00, 33.27it/s][A

 50%|█████     | 13/26 [00:00<00:00, 31.95it/s][A

 65%|██████▌   | 17/26 [00:00<00:00, 31.26it/s][A

 81%|████████  | 21/26 [00:00<00:00, 30.94it/s][A

 96%|█████████▌| 25/26 [00:00<00:00, 30.69it/s][A

                                               
[A
                                                 

100%|██████████| 26/26 [00:06<00:00, 30.69it/s][A
 17%|█▋        | 130/780 [01:38<04:24,  2.46it/s]

                                               [A{'eval_loss': 0.31259018182754517, 'eval_macro_recall': 0.9419100482466134, 'eval_macro_precision': 0.9348411091832144, 'eval_macro_f1': 0.9282482137790129, 'eval_accuracy': 0.9659781287970839, 'eval_micro_recall': 0.9659781287970839, 'eval_micro_precision': 0.9659781287970839, 'eval_micro_f1': 0.9659781287970839, 'eval_runtime': 1.8065, 'eval_samples_per_second': 455.584, 'eval_steps_per_second': 14.393, 'epoch': 5.0}

 17%|█▋        | 131/780 [01:42<43:22,  4.01s/it]
 17%|█▋        | 132/780 [01:42<31:37,  2.93s/it]
 17%|█▋        | 133/780 [01:43<23:24,  2.17s/it]
 17%|█▋        | 134/780 [01:43<17:39,  1.64s/it]
 17%|█▋        | 135/780 [01:43<13:39,  1.27s/it]
 17%|█▋        | 136/780 [01:44<10:50,  1.01s/it]
 18%|█▊        | 137/780 [01:44<08:53,  1.21it/s]
 18%|█▊        | 138/780 [01:45<07:31,  1.42it/s]
 18%|█▊        | 139/780 [01:45<06:33,  1.63it/s]
 18%|█▊        | 140/780 [01:45<05:53,  1.81it/s]
 18%|█▊        | 141/780 [01:46<05:24,  1.97it/s]
 18%|█▊        | 142/780 [01:46<05:04,  2.10it/s]
 18%|█▊        | 143/780 [01:47<04:50,  2.20it/s]
 18%|█▊        | 144/780 [01:47<04:39,  2.27it/s]
 19%|█▊        | 145/780 [01:47<04:32,  2.33it/s]
 19%|█▊        | 146/780 [01:48<04:28,  2.36it/s]
 19%|█▉        | 147/780 [01:48<04:25,  2.39it/s]
 19%|█▉        | 148/780 [01:49<04:22,  2.41it/s]
 19%|█▉        | 149/780 [01:49<04:20,  2.42it/s]
 19%|█▉        | 150/780 [01:49<04:18,  2.44it/s]
 19%|█▉        | 151/780 [01:50<04:17,  2.45it/s]
 19%|█▉        | 152/780 [01:50<04:15,  2.45it/s]
 20%|█▉        | 153/780 [01:51<04:15,  2.46it/s]
 20%|█▉        | 154/780 [01:51<04:15,  2.45it/s]
 20%|█▉        | 155/780 [01:52<04:14,  2.45it/s]
 20%|██        | 156/780 [01:52<04:06,  2.54it/s]
                                                 

 20%|██        | 156/780 [01:52<04:06,  2.54it/s]{'loss': 0.2989, 'grad_norm': 1.3080185651779175, 'learning_rate': 4e-05, 'epoch': 6.0}


  0%|          | 0/26 [00:00<?, ?it/s][A

 19%|█▉        | 5/26 [00:00<00:00, 38.36it/s][A

 35%|███▍      | 9/26 [00:00<00:00, 33.61it/s][A

 50%|█████     | 13/26 [00:00<00:00, 32.11it/s][A

 65%|██████▌   | 17/26 [00:00<00:00, 31.42it/s][A

 81%|████████  | 21/26 [00:00<00:00, 31.06it/s][A

 96%|█████████▌| 25/26 [00:00<00:00, 30.80it/s][A

                                               
[A
                                                 

100%|██████████| 26/26 [00:01<00:00, 30.80it/s][A
 20%|██        | 156/780 [01:54<04:06,  2.54it/s]

                                               [A{'eval_loss': 0.19977407157421112, 'eval_macro_recall': 0.9637289495668998, 'eval_macro_precision': 0.9622336171310629, 'eval_macro_f1': 0.9574147819922495, 'eval_accuracy': 0.9805589307411907, 'eval_micro_recall': 0.9805589307411907, 'eval_micro_precision': 0.9805589307411907, 'eval_micro_f1': 0.9805589307411907, 'eval_runtime': 1.1453, 'eval_samples_per_second': 718.611, 'eval_steps_per_second': 22.702, 'epoch': 6.0}

 20%|██        | 157/780 [01:58<21:00,  2.02s/it]
 20%|██        | 158/780 [01:58<15:56,  1.54s/it]
 20%|██        | 159/780 [01:59<12:24,  1.20s/it]
 21%|██        | 160/780 [01:59<09:55,  1.04it/s]
 21%|██        | 161/780 [01:59<08:11,  1.26it/s]
 21%|██        | 162/780 [02:00<06:58,  1.48it/s]
 21%|██        | 163/780 [02:00<06:07,  1.68it/s]
 21%|██        | 164/780 [02:01<05:32,  1.86it/s]
 21%|██        | 165/780 [02:01<05:07,  2.00it/s]
 21%|██▏       | 166/780 [02:01<04:50,  2.12it/s]
 21%|██▏       | 167/780 [02:02<04:37,  2.21it/s]
 22%|██▏       | 168/780 [02:02<04:28,  2.28it/s]
 22%|██▏       | 169/780 [02:03<04:22,  2.33it/s]
 22%|██▏       | 170/780 [02:03<04:17,  2.37it/s]
 22%|██▏       | 171/780 [02:03<04:14,  2.39it/s]
 22%|██▏       | 172/780 [02:04<04:12,  2.41it/s]
 22%|██▏       | 173/780 [02:04<04:10,  2.42it/s]
 22%|██▏       | 174/780 [02:05<04:08,  2.43it/s]
 22%|██▏       | 175/780 [02:05<04:07,  2.45it/s]
 23%|██▎       | 176/780 [02:05<04:06,  2.45it/s]
 23%|██▎       | 177/780 [02:06<04:05,  2.45it/s]
 23%|██▎       | 178/780 [02:06<04:05,  2.45it/s]
 23%|██▎       | 179/780 [02:07<04:05,  2.45it/s]
 23%|██▎       | 180/780 [02:07<04:04,  2.45it/s]
 23%|██▎       | 181/780 [02:07<04:04,  2.45it/s]
 23%|██▎       | 182/780 [02:08<03:55,  2.54it/s]
                                                 

 23%|██▎       | 182/780 [02:08<03:55,  2.54it/s]{'loss': 0.2124, 'grad_norm': 1.9847968816757202, 'learning_rate': 3.8333333333333334e-05, 'epoch': 7.0}


  0%|          | 0/26 [00:00<?, ?it/s][A

 19%|█▉        | 5/26 [00:00<00:00, 38.05it/s][A

 35%|███▍      | 9/26 [00:00<00:00, 33.48it/s][A

 50%|█████     | 13/26 [00:00<00:00, 32.08it/s][A

 65%|██████▌   | 17/26 [00:00<00:00, 31.36it/s][A

 81%|████████  | 21/26 [00:00<00:00, 30.99it/s][A

 96%|█████████▌| 25/26 [00:00<00:00, 30.74it/s][A

                                               
[A
                                                 

100%|██████████| 26/26 [00:01<00:00, 30.74it/s][A
 23%|██▎       | 182/780 [02:09<03:55,  2.54it/s]

                                               [A{'eval_loss': 0.14307886362075806, 'eval_macro_recall': 0.9700770566767796, 'eval_macro_precision': 0.9654249689079412, 'eval_macro_f1': 0.9634873199176563, 'eval_accuracy': 0.982989064398542, 'eval_micro_recall': 0.982989064398542, 'eval_micro_precision': 0.982989064398542, 'eval_micro_f1': 0.982989064398542, 'eval_runtime': 1.1616, 'eval_samples_per_second': 708.513, 'eval_steps_per_second': 22.383, 'epoch': 7.0}

 23%|██▎       | 183/780 [02:13<17:08,  1.72s/it]
 24%|██▎       | 184/780 [02:13<13:11,  1.33s/it]
 24%|██▎       | 185/780 [02:13<10:25,  1.05s/it]
 24%|██▍       | 186/780 [02:14<08:30,  1.16it/s]
 24%|██▍       | 187/780 [02:14<07:09,  1.38it/s]
 24%|██▍       | 188/780 [02:15<06:12,  1.59it/s]
 24%|██▍       | 189/780 [02:15<05:31,  1.78it/s]
 24%|██▍       | 190/780 [02:15<05:03,  1.94it/s]
 24%|██▍       | 191/780 [02:16<04:43,  2.08it/s]
 25%|██▍       | 192/780 [02:16<04:30,  2.18it/s]
 25%|██▍       | 193/780 [02:17<04:20,  2.25it/s]
 25%|██▍       | 194/780 [02:17<04:13,  2.31it/s]
 25%|██▌       | 195/780 [02:18<04:08,  2.35it/s]
 25%|██▌       | 196/780 [02:18<04:04,  2.39it/s]
 25%|██▌       | 197/780 [02:18<04:01,  2.41it/s]
 25%|██▌       | 198/780 [02:19<04:00,  2.42it/s]
 26%|██▌       | 199/780 [02:19<03:58,  2.43it/s]
 26%|██▌       | 200/780 [02:20<03:58,  2.43it/s]
 26%|██▌       | 201/780 [02:20<03:57,  2.44it/s]
 26%|██▌       | 202/780 [02:20<03:56,  2.45it/s]
 26%|██▌       | 203/780 [02:21<03:55,  2.45it/s]
 26%|██▌       | 204/780 [02:21<03:54,  2.45it/s]
 26%|██▋       | 205/780 [02:22<03:54,  2.45it/s]
 26%|██▋       | 206/780 [02:22<03:54,  2.45it/s]
 27%|██▋       | 207/780 [02:22<03:53,  2.45it/s]
 27%|██▋       | 208/780 [02:23<03:45,  2.54it/s]
                                                 

 27%|██▋       | 208/780 [02:23<03:45,  2.54it/s]{'loss': 0.1487, 'grad_norm': 2.093564033508301, 'learning_rate': 3.6666666666666666e-05, 'epoch': 8.0}


  0%|          | 0/26 [00:00<?, ?it/s][A

 19%|█▉        | 5/26 [00:00<00:00, 37.96it/s][A

 35%|███▍      | 9/26 [00:00<00:00, 33.36it/s][A

 50%|█████     | 13/26 [00:00<00:00, 31.95it/s][A

 65%|██████▌   | 17/26 [00:00<00:00, 31.30it/s][A

 81%|████████  | 21/26 [00:00<00:00, 30.94it/s][A

 96%|█████████▌| 25/26 [00:00<00:00, 30.70it/s][A

                                               
[A
                                                 

100%|██████████| 26/26 [00:01<00:00, 30.70it/s][A
 27%|██▋       | 208/780 [02:25<03:45,  2.54it/s]

                                               [A{'eval_loss': 0.11739374697208405, 'eval_macro_recall': 0.9840673753762396, 'eval_macro_precision': 0.9829102427786638, 'eval_macro_f1': 0.9805957998069024, 'eval_accuracy': 0.9817739975698664, 'eval_micro_recall': 0.9817739975698664, 'eval_micro_precision': 0.9817739975698664, 'eval_micro_f1': 0.9817739975698664, 'eval_runtime': 1.1521, 'eval_samples_per_second': 714.349, 'eval_steps_per_second': 22.568, 'epoch': 8.0}

 27%|██▋       | 209/780 [02:29<20:33,  2.16s/it]
 27%|██▋       | 210/780 [02:29<15:31,  1.63s/it]
 27%|██▋       | 211/780 [02:30<12:00,  1.27s/it]
 27%|██▋       | 212/780 [02:30<09:32,  1.01s/it]
 27%|██▋       | 213/780 [02:31<07:49,  1.21it/s]
 27%|██▋       | 214/780 [02:31<06:37,  1.42it/s]
 28%|██▊       | 215/780 [02:31<05:46,  1.63it/s]
 28%|██▊       | 216/780 [02:32<05:11,  1.81it/s]
 28%|██▊       | 217/780 [02:32<04:46,  1.97it/s]
 28%|██▊       | 218/780 [02:33<04:28,  2.09it/s]
 28%|██▊       | 219/780 [02:33<04:16,  2.19it/s]
 28%|██▊       | 220/780 [02:34<04:07,  2.26it/s]
 28%|██▊       | 221/780 [02:34<04:01,  2.32it/s]
 28%|██▊       | 222/780 [02:34<03:56,  2.36it/s]
 29%|██▊       | 223/780 [02:35<03:53,  2.38it/s]
 29%|██▊       | 224/780 [02:35<03:51,  2.40it/s]
 29%|██▉       | 225/780 [02:36<03:49,  2.42it/s]
 29%|██▉       | 226/780 [02:36<03:48,  2.43it/s]
 29%|██▉       | 227/780 [02:36<03:47,  2.44it/s]
 29%|██▉       | 228/780 [02:37<03:46,  2.44it/s]
 29%|██▉       | 229/780 [02:37<03:45,  2.44it/s]
 29%|██▉       | 230/780 [02:38<03:44,  2.45it/s]
 30%|██▉       | 231/780 [02:38<03:43,  2.45it/s]
 30%|██▉       | 232/780 [02:38<03:43,  2.45it/s]
 30%|██▉       | 233/780 [02:39<03:43,  2.45it/s]
 30%|███       | 234/780 [02:39<03:39,  2.49it/s]
                                                 

 30%|███       | 234/780 [02:39<03:39,  2.49it/s]{'loss': 0.1153, 'grad_norm': 0.9458933472633362, 'learning_rate': 3.5e-05, 'epoch': 9.0}


  0%|          | 0/26 [00:00<?, ?it/s][A

 19%|█▉        | 5/26 [00:00<00:00, 38.15it/s][A

 35%|███▍      | 9/26 [00:00<00:00, 33.45it/s][A

 50%|█████     | 13/26 [00:00<00:00, 31.98it/s][A

 65%|██████▌   | 17/26 [00:00<00:00, 31.30it/s][A

 81%|████████  | 21/26 [00:00<00:00, 30.93it/s][A

 96%|█████████▌| 25/26 [00:00<00:00, 30.71it/s][A

                                               
[A
                                                 

100%|██████████| 26/26 [00:00<00:00, 30.71it/s][A
 30%|███       | 234/780 [02:41<03:39,  2.49it/s]

                                               [A{'eval_loss': 0.09325608611106873, 'eval_macro_recall': 0.9865766389658356, 'eval_macro_precision': 0.988487834405017, 'eval_macro_f1': 0.9857216387464023, 'eval_accuracy': 0.9866342648845686, 'eval_micro_recall': 0.9866342648845686, 'eval_micro_precision': 0.9866342648845686, 'eval_micro_f1': 0.9866342648845686, 'eval_runtime': 1.1603, 'eval_samples_per_second': 709.301, 'eval_steps_per_second': 22.408, 'epoch': 9.0}

 30%|███       | 235/780 [02:44<15:51,  1.75s/it]
 30%|███       | 236/780 [02:45<12:10,  1.34s/it]
 30%|███       | 237/780 [02:45<09:36,  1.06s/it]
 31%|███       | 238/780 [02:45<07:49,  1.15it/s]
 31%|███       | 239/780 [02:46<06:34,  1.37it/s]
 31%|███       | 240/780 [02:46<05:41,  1.58it/s]
 31%|███       | 241/780 [02:47<05:04,  1.77it/s]
 31%|███       | 242/780 [02:47<04:38,  1.93it/s]
 31%|███       | 243/780 [02:47<04:20,  2.06it/s]
 31%|███▏      | 244/780 [02:48<04:07,  2.16it/s]
 31%|███▏      | 245/780 [02:48<03:58,  2.24it/s]
 32%|███▏      | 246/780 [02:49<03:51,  2.31it/s]
 32%|███▏      | 247/780 [02:49<03:46,  2.35it/s]
 32%|███▏      | 248/780 [02:49<03:43,  2.38it/s]
 32%|███▏      | 249/780 [02:50<03:41,  2.39it/s]
 32%|███▏      | 250/780 [02:50<03:39,  2.41it/s]
 32%|███▏      | 251/780 [02:51<03:38,  2.43it/s]
 32%|███▏      | 252/780 [02:51<03:37,  2.43it/s]
 32%|███▏      | 253/780 [02:51<03:36,  2.44it/s]
 33%|███▎      | 254/780 [02:52<03:35,  2.44it/s]
 33%|███▎      | 255/780 [02:52<03:34,  2.44it/s]
 33%|███▎      | 256/780 [02:53<03:33,  2.45it/s]
 33%|███▎      | 257/780 [02:53<03:33,  2.45it/s]
 33%|███▎      | 258/780 [02:53<03:33,  2.45it/s]
 33%|███▎      | 259/780 [02:54<03:32,  2.45it/s]
 33%|███▎      | 260/780 [02:54<03:25,  2.53it/s]
                                                 

 33%|███▎      | 260/780 [02:55<03:25,  2.53it/s]{'loss': 0.0942, 'grad_norm': 1.2905527353286743, 'learning_rate': 3.3333333333333335e-05, 'epoch': 10.0}


  0%|          | 0/26 [00:00<?, ?it/s][A

 19%|█▉        | 5/26 [00:00<00:00, 38.00it/s][A

 35%|███▍      | 9/26 [00:00<00:00, 33.40it/s][A

 50%|█████     | 13/26 [00:00<00:00, 31.96it/s][A

 65%|██████▌   | 17/26 [00:00<00:00, 31.27it/s][A

 81%|████████  | 21/26 [00:00<00:00, 30.93it/s][A

 96%|█████████▌| 25/26 [00:00<00:00, 30.69it/s][A

                                               
[A
                                                 

100%|██████████| 26/26 [00:02<00:00, 30.69it/s][A
 33%|███▎      | 260/780 [02:58<03:25,  2.53it/s]

                                               [A{'eval_loss': 0.08596901595592499, 'eval_macro_recall': 0.986177914882901, 'eval_macro_precision': 0.9846383879278617, 'eval_macro_f1': 0.983232333733531, 'eval_accuracy': 0.9842041312272175, 'eval_micro_recall': 0.9842041312272175, 'eval_micro_precision': 0.9842041312272175, 'eval_micro_f1': 0.9842041312272175, 'eval_runtime': 1.1518, 'eval_samples_per_second': 714.547, 'eval_steps_per_second': 22.574, 'epoch': 10.0}

 33%|███▎      | 261/780 [03:03<26:21,  3.05s/it]
 34%|███▎      | 262/780 [03:04<19:28,  2.26s/it]
 34%|███▎      | 263/780 [03:04<14:39,  1.70s/it]
 34%|███▍      | 264/780 [03:05<11:17,  1.31s/it]
 34%|███▍      | 265/780 [03:05<08:55,  1.04s/it]
 34%|███▍      | 266/780 [03:06<07:17,  1.18it/s]
 34%|███▍      | 267/780 [03:06<06:08,  1.39it/s]
 34%|███▍      | 268/780 [03:06<05:20,  1.60it/s]
 34%|███▍      | 269/780 [03:07<04:45,  1.79it/s]
 35%|███▍      | 270/780 [03:07<04:21,  1.95it/s]
 35%|███▍      | 271/780 [03:08<04:04,  2.08it/s]
 35%|███▍      | 272/780 [03:08<03:52,  2.18it/s]
 35%|███▌      | 273/780 [03:08<03:44,  2.25it/s]
 35%|███▌      | 274/780 [03:09<03:39,  2.31it/s]
 35%|███▌      | 275/780 [03:09<03:35,  2.35it/s]
 35%|███▌      | 276/780 [03:10<03:31,  2.38it/s]
 36%|███▌      | 277/780 [03:10<03:29,  2.40it/s]
 36%|███▌      | 278/780 [03:10<03:27,  2.42it/s]
 36%|███▌      | 279/780 [03:11<03:26,  2.42it/s]
 36%|███▌      | 280/780 [03:11<03:25,  2.43it/s]
 36%|███▌      | 281/780 [03:12<03:24,  2.44it/s]
 36%|███▌      | 282/780 [03:12<03:23,  2.45it/s]
 36%|███▋      | 283/780 [03:12<03:22,  2.45it/s]
 36%|███▋      | 284/780 [03:13<03:22,  2.45it/s]
 37%|███▋      | 285/780 [03:13<03:22,  2.45it/s]
 37%|███▋      | 286/780 [03:14<03:14,  2.54it/s]
                                                 

 37%|███▋      | 286/780 [03:14<03:14,  2.54it/s]{'loss': 0.0759, 'grad_norm': 0.6766059398651123, 'learning_rate': 3.1666666666666666e-05, 'epoch': 11.0}


  0%|          | 0/26 [00:00<?, ?it/s][A

 19%|█▉        | 5/26 [00:00<00:00, 38.07it/s][A

 35%|███▍      | 9/26 [00:00<00:00, 33.31it/s][A

 50%|█████     | 13/26 [00:00<00:00, 31.94it/s][A

 65%|██████▌   | 17/26 [00:00<00:00, 31.26it/s][A

 81%|████████  | 21/26 [00:00<00:00, 30.89it/s][A

 96%|█████████▌| 25/26 [00:00<00:00, 30.69it/s][A

                                               
[A
                                                 

100%|██████████| 26/26 [00:00<00:00, 30.69it/s][A
 37%|███▋      | 286/780 [03:15<03:14,  2.54it/s]

                                               [A{'eval_loss': 0.07849492132663727, 'eval_macro_recall': 0.9883708973390414, 'eval_macro_precision': 0.9868313703840019, 'eval_macro_f1': 0.986422126397008, 'eval_accuracy': 0.9854191980558931, 'eval_micro_recall': 0.9854191980558931, 'eval_micro_precision': 0.9854191980558931, 'eval_micro_f1': 0.9854191980558931, 'eval_runtime': 1.1486, 'eval_samples_per_second': 716.551, 'eval_steps_per_second': 22.637, 'epoch': 11.0}

 37%|███▋      | 287/780 [03:18<13:40,  1.66s/it]
 37%|███▋      | 288/780 [03:19<10:33,  1.29s/it]
 37%|███▋      | 289/780 [03:19<08:23,  1.03s/it]
 37%|███▋      | 290/780 [03:19<06:51,  1.19it/s]
 37%|███▋      | 291/780 [03:20<05:46,  1.41it/s]
 37%|███▋      | 292/780 [03:20<05:02,  1.62it/s]
 38%|███▊      | 293/780 [03:21<04:30,  1.80it/s]
 38%|███▊      | 294/780 [03:21<04:08,  1.95it/s]
 38%|███▊      | 295/780 [03:22<03:53,  2.08it/s]
 38%|███▊      | 296/780 [03:22<03:41,  2.18it/s]
 38%|███▊      | 297/780 [03:22<03:34,  2.26it/s]
 38%|███▊      | 298/780 [03:23<03:28,  2.31it/s]
 38%|███▊      | 299/780 [03:23<03:24,  2.35it/s]
 38%|███▊      | 300/780 [03:24<03:22,  2.37it/s]
 39%|███▊      | 301/780 [03:24<03:19,  2.40it/s]
 39%|███▊      | 302/780 [03:24<03:18,  2.41it/s]
 39%|███▉      | 303/780 [03:25<03:17,  2.42it/s]
 39%|███▉      | 304/780 [03:25<03:15,  2.43it/s]
 39%|███▉      | 305/780 [03:26<03:14,  2.44it/s]
 39%|███▉      | 306/780 [03:26<03:13,  2.44it/s]
 39%|███▉      | 307/780 [03:26<03:13,  2.45it/s]
 39%|███▉      | 308/780 [03:27<03:13,  2.44it/s]
 40%|███▉      | 309/780 [03:27<03:12,  2.44it/s]
 40%|███▉      | 310/780 [03:28<03:12,  2.45it/s]
 40%|███▉      | 311/780 [03:28<03:11,  2.44it/s]
 40%|████      | 312/780 [03:28<03:05,  2.53it/s]
                                                 

 40%|████      | 312/780 [03:28<03:05,  2.53it/s]{'loss': 0.0683, 'grad_norm': 0.540381133556366, 'learning_rate': 3e-05, 'epoch': 12.0}


  0%|          | 0/26 [00:00<?, ?it/s][A

 19%|█▉        | 5/26 [00:00<00:00, 38.04it/s][A

 35%|███▍      | 9/26 [00:00<00:00, 33.45it/s][A

 50%|█████     | 13/26 [00:00<00:00, 32.05it/s][A

 65%|██████▌   | 17/26 [00:00<00:00, 31.41it/s][A

 81%|████████  | 21/26 [00:00<00:00, 31.02it/s][A

 96%|█████████▌| 25/26 [00:00<00:00, 30.78it/s][A

                                               
[A
                                                 

100%|██████████| 26/26 [00:01<00:00, 30.78it/s][A
 40%|████      | 312/780 [03:30<03:05,  2.53it/s]

                                               [A{'eval_loss': 0.06583020091056824, 'eval_macro_recall': 0.986671073617057, 'eval_macro_precision': 0.9891349539060148, 'eval_macro_f1': 0.9855904795085948, 'eval_accuracy': 0.9890643985419199, 'eval_micro_recall': 0.9890643985419199, 'eval_micro_precision': 0.9890643985419199, 'eval_micro_f1': 0.9890643985419199, 'eval_runtime': 1.186, 'eval_samples_per_second': 693.948, 'eval_steps_per_second': 21.923, 'epoch': 12.0}

 40%|████      | 313/780 [03:34<14:02,  1.81s/it]
 40%|████      | 314/780 [03:34<10:45,  1.39s/it]
 40%|████      | 315/780 [03:34<08:28,  1.09s/it]
 41%|████      | 316/780 [03:35<06:51,  1.13it/s]
 41%|████      | 317/780 [03:35<05:43,  1.35it/s]
 41%|████      | 318/780 [03:36<04:56,  1.56it/s]
 41%|████      | 319/780 [03:36<04:24,  1.75it/s]
 41%|████      | 320/780 [03:36<04:00,  1.91it/s]
 41%|████      | 321/780 [03:37<03:44,  2.05it/s]
 41%|████▏     | 322/780 [03:37<03:32,  2.15it/s]
 41%|████▏     | 323/780 [03:38<03:25,  2.23it/s]
 42%|████▏     | 324/780 [03:38<03:19,  2.29it/s]
 42%|████▏     | 325/780 [03:38<03:14,  2.34it/s]
 42%|████▏     | 326/780 [03:39<03:11,  2.37it/s]
 42%|████▏     | 327/780 [03:39<03:09,  2.39it/s]
 42%|████▏     | 328/780 [03:40<03:07,  2.40it/s]
 42%|████▏     | 329/780 [03:40<03:06,  2.42it/s]
 42%|████▏     | 330/780 [03:40<03:05,  2.43it/s]
 42%|████▏     | 331/780 [03:41<03:04,  2.43it/s]
 43%|████▎     | 332/780 [03:41<03:04,  2.43it/s]
 43%|████▎     | 333/780 [03:42<03:03,  2.44it/s]
 43%|████▎     | 334/780 [03:42<03:02,  2.44it/s]
 43%|████▎     | 335/780 [03:43<03:02,  2.44it/s]
 43%|████▎     | 336/780 [03:43<03:01,  2.44it/s]
 43%|████▎     | 337/780 [03:43<03:01,  2.45it/s]
 43%|████▎     | 338/780 [03:44<02:55,  2.52it/s]
                                                 

 43%|████▎     | 338/780 [03:44<02:55,  2.52it/s]{'loss': 0.0601, 'grad_norm': 0.19243383407592773, 'learning_rate': 2.8333333333333335e-05, 'epoch': 13.0}


  0%|          | 0/26 [00:00<?, ?it/s][A

 19%|█▉        | 5/26 [00:00<00:00, 38.30it/s][A

 35%|███▍      | 9/26 [00:00<00:00, 33.53it/s][A

 50%|█████     | 13/26 [00:00<00:00, 32.10it/s][A

 65%|██████▌   | 17/26 [00:00<00:00, 31.43it/s][A

 81%|████████  | 21/26 [00:00<00:00, 31.06it/s][A

 96%|█████████▌| 25/26 [00:00<00:00, 30.82it/s][A

                                               
[A
                                                 

100%|██████████| 26/26 [00:00<00:00, 30.82it/s][A
 43%|████▎     | 338/780 [03:45<02:55,  2.52it/s]

                                               [A{'eval_loss': 0.053201038390398026, 'eval_macro_recall': 0.9905586334256694, 'eval_macro_precision': 0.9897787948131199, 'eval_macro_f1': 0.9880866524211052, 'eval_accuracy': 0.9927095990279465, 'eval_micro_recall': 0.9927095990279465, 'eval_micro_precision': 0.9927095990279465, 'eval_micro_f1': 0.9927095990279465, 'eval_runtime': 1.1526, 'eval_samples_per_second': 714.035, 'eval_steps_per_second': 22.558, 'epoch': 13.0}

 43%|████▎     | 339/780 [03:48<12:07,  1.65s/it]
 44%|████▎     | 340/780 [03:49<09:22,  1.28s/it]
 44%|████▎     | 341/780 [03:49<07:26,  1.02s/it]
 44%|████▍     | 342/780 [03:49<06:04,  1.20it/s]
 44%|████▍     | 343/780 [03:50<05:08,  1.42it/s]
 44%|████▍     | 344/780 [03:50<04:29,  1.62it/s]
 44%|████▍     | 345/780 [03:51<04:01,  1.80it/s]
 44%|████▍     | 346/780 [03:51<03:41,  1.96it/s]
 44%|████▍     | 347/780 [03:52<03:27,  2.09it/s]
 45%|████▍     | 348/780 [03:52<03:18,  2.18it/s]
 45%|████▍     | 349/780 [03:52<03:11,  2.25it/s]
 45%|████▍     | 350/780 [03:53<03:06,  2.31it/s]
 45%|████▌     | 351/780 [03:53<03:02,  2.35it/s]
 45%|████▌     | 352/780 [03:54<02:59,  2.38it/s]
 45%|████▌     | 353/780 [03:54<02:58,  2.40it/s]
 45%|████▌     | 354/780 [03:54<02:56,  2.41it/s]
 46%|████▌     | 355/780 [03:55<02:55,  2.42it/s]
 46%|████▌     | 356/780 [03:55<02:54,  2.42it/s]
 46%|████▌     | 357/780 [03:56<02:54,  2.43it/s]
 46%|████▌     | 358/780 [03:56<02:53,  2.43it/s]
 46%|████▌     | 359/780 [03:56<02:53,  2.43it/s]
 46%|████▌     | 360/780 [03:57<02:52,  2.43it/s]
 46%|████▋     | 361/780 [03:57<02:51,  2.44it/s]
 46%|████▋     | 362/780 [03:58<02:51,  2.44it/s]
 47%|████▋     | 363/780 [03:58<02:50,  2.44it/s]
 47%|████▋     | 364/780 [03:58<02:44,  2.52it/s]
                                                 

 47%|████▋     | 364/780 [03:58<02:44,  2.52it/s]{'loss': 0.0531, 'grad_norm': 0.37739798426628113, 'learning_rate': 2.6666666666666667e-05, 'epoch': 14.0}


  0%|          | 0/26 [00:00<?, ?it/s][A

 19%|█▉        | 5/26 [00:00<00:00, 38.05it/s][A

 35%|███▍      | 9/26 [00:00<00:00, 33.44it/s][A

 50%|█████     | 13/26 [00:00<00:00, 32.04it/s][A

 65%|██████▌   | 17/26 [00:00<00:00, 31.38it/s][A

 81%|████████  | 21/26 [00:00<00:00, 31.04it/s][A

 96%|█████████▌| 25/26 [00:00<00:00, 30.82it/s][A

                                               
[A
                                                 

100%|██████████| 26/26 [00:00<00:00, 30.82it/s][A
 47%|████▋     | 364/780 [04:00<02:44,  2.52it/s]

                                               [A{'eval_loss': 0.048980750143527985, 'eval_macro_recall': 0.9905586334256694, 'eval_macro_precision': 0.9897787948131199, 'eval_macro_f1': 0.9880866524211052, 'eval_accuracy': 0.9927095990279465, 'eval_micro_recall': 0.9927095990279465, 'eval_micro_precision': 0.9927095990279465, 'eval_micro_f1': 0.9927095990279465, 'eval_runtime': 1.1641, 'eval_samples_per_second': 706.996, 'eval_steps_per_second': 22.335, 'epoch': 14.0}

 47%|████▋     | 365/780 [04:03<11:26,  1.65s/it]
 47%|████▋     | 366/780 [04:03<08:49,  1.28s/it]
 47%|████▋     | 367/780 [04:04<07:01,  1.02s/it]
 47%|████▋     | 368/780 [04:04<05:45,  1.19it/s]
 47%|████▋     | 369/780 [04:05<04:51,  1.41it/s]
 47%|████▋     | 370/780 [04:05<04:13,  1.62it/s]
 48%|████▊     | 371/780 [04:05<03:47,  1.80it/s]
 48%|████▊     | 372/780 [04:06<03:28,  1.95it/s]
 48%|████▊     | 373/780 [04:06<03:16,  2.07it/s]
 48%|████▊     | 374/780 [04:07<03:06,  2.18it/s]
 48%|████▊     | 375/780 [04:07<02:59,  2.25it/s]
 48%|████▊     | 376/780 [04:08<02:55,  2.30it/s]
 48%|████▊     | 377/780 [04:08<02:52,  2.34it/s]
 48%|████▊     | 378/780 [04:08<02:49,  2.37it/s]
 49%|████▊     | 379/780 [04:09<02:47,  2.39it/s]
 49%|████▊     | 380/780 [04:09<02:46,  2.40it/s]
 49%|████▉     | 381/780 [04:10<02:44,  2.42it/s]
 49%|████▉     | 382/780 [04:10<02:43,  2.43it/s]
 49%|████▉     | 383/780 [04:10<02:43,  2.43it/s]
 49%|████▉     | 384/780 [04:11<02:42,  2.43it/s]
 49%|████▉     | 385/780 [04:11<02:41,  2.44it/s]
 49%|████▉     | 386/780 [04:12<02:41,  2.44it/s]
 50%|████▉     | 387/780 [04:12<02:41,  2.44it/s]
 50%|████▉     | 388/780 [04:12<02:40,  2.44it/s]
 50%|████▉     | 389/780 [04:13<02:40,  2.44it/s]
 50%|█████     | 390/780 [04:13<02:34,  2.53it/s]
                                                 

 50%|█████     | 390/780 [04:13<02:34,  2.53it/s]{'loss': 0.0468, 'grad_norm': 0.7511273622512817, 'learning_rate': 2.5e-05, 'epoch': 15.0}


  0%|          | 0/26 [00:00<?, ?it/s][A

 19%|█▉        | 5/26 [00:00<00:00, 38.00it/s][A

 35%|███▍      | 9/26 [00:00<00:00, 33.35it/s][A

 50%|█████     | 13/26 [00:00<00:00, 31.94it/s][A

 65%|██████▌   | 17/26 [00:00<00:00, 31.26it/s][A

 81%|████████  | 21/26 [00:00<00:00, 30.90it/s][A

 96%|█████████▌| 25/26 [00:00<00:00, 30.69it/s][A

                                               
[A
                                                 

100%|██████████| 26/26 [00:00<00:00, 30.69it/s][A
 50%|█████     | 390/780 [04:14<02:34,  2.53it/s]

                                               [A{'eval_loss': 0.054928191006183624, 'eval_macro_recall': 0.9893624611768658, 'eval_macro_precision': 0.985933434063628, 'eval_macro_f1': 0.9852830053664353, 'eval_accuracy': 0.9878493317132442, 'eval_micro_recall': 0.9878493317132442, 'eval_micro_precision': 0.9878493317132442, 'eval_micro_f1': 0.9878493317132442, 'eval_runtime': 1.1681, 'eval_samples_per_second': 704.579, 'eval_steps_per_second': 22.259, 'epoch': 15.0}

 50%|█████     | 391/780 [04:18<10:38,  1.64s/it]
 50%|█████     | 392/780 [04:18<08:13,  1.27s/it]
 50%|█████     | 393/780 [04:19<06:32,  1.01s/it]
 51%|█████     | 394/780 [04:19<05:21,  1.20it/s]
 51%|█████     | 395/780 [04:19<04:31,  1.42it/s]
 51%|█████     | 396/780 [04:20<03:56,  1.62it/s]
 51%|█████     | 397/780 [04:20<03:32,  1.80it/s]
 51%|█████     | 398/780 [04:21<03:15,  1.96it/s]
 51%|█████     | 399/780 [04:21<03:02,  2.08it/s]
 51%|█████▏    | 400/780 [04:21<02:54,  2.18it/s]
 51%|█████▏    | 401/780 [04:22<02:48,  2.25it/s]
 52%|█████▏    | 402/780 [04:22<02:44,  2.30it/s]
 52%|█████▏    | 403/780 [04:23<02:40,  2.34it/s]
 52%|█████▏    | 404/780 [04:23<02:38,  2.37it/s]
 52%|█████▏    | 405/780 [04:24<02:37,  2.39it/s]
 52%|█████▏    | 406/780 [04:24<02:35,  2.41it/s]
 52%|█████▏    | 407/780 [04:24<02:34,  2.42it/s]
 52%|█████▏    | 408/780 [04:25<02:33,  2.42it/s]
 52%|█████▏    | 409/780 [04:25<02:33,  2.42it/s]
 53%|█████▎    | 410/780 [04:26<02:32,  2.43it/s]
 53%|█████▎    | 411/780 [04:26<02:31,  2.43it/s]
 53%|█████▎    | 412/780 [04:26<02:31,  2.43it/s]
 53%|█████▎    | 413/780 [04:27<02:30,  2.44it/s]
 53%|█████▎    | 414/780 [04:27<02:29,  2.45it/s]
 53%|█████▎    | 415/780 [04:28<02:29,  2.44it/s]
 53%|█████▎    | 416/780 [04:28<02:24,  2.52it/s]
                                                 

 53%|█████▎    | 416/780 [04:28<02:24,  2.52it/s]{'loss': 0.0435, 'grad_norm': 0.16014306247234344, 'learning_rate': 2.3333333333333336e-05, 'epoch': 16.0}


  0%|          | 0/26 [00:00<?, ?it/s][A

 19%|█▉        | 5/26 [00:00<00:00, 38.12it/s][A

 35%|███▍      | 9/26 [00:00<00:00, 33.46it/s][A

 50%|█████     | 13/26 [00:00<00:00, 32.02it/s][A

 65%|██████▌   | 17/26 [00:00<00:00, 31.34it/s][A

 81%|████████  | 21/26 [00:00<00:00, 30.99it/s][A

 96%|█████████▌| 25/26 [00:00<00:00, 30.80it/s][A

                                               
[A
                                                 

100%|██████████| 26/26 [00:01<00:00, 30.80it/s][A
 53%|█████▎    | 416/780 [04:29<02:24,  2.52it/s]

                                               [A{'eval_loss': 0.06035822629928589, 'eval_macro_recall': 0.9940841937379334, 'eval_macro_precision': 0.9927192982456141, 'eval_macro_f1': 0.9926531336358537, 'eval_accuracy': 0.9902794653705954, 'eval_micro_recall': 0.9902794653705954, 'eval_micro_precision': 0.9902794653705954, 'eval_micro_f1': 0.9902794653705954, 'eval_runtime': 1.1518, 'eval_samples_per_second': 714.506, 'eval_steps_per_second': 22.572, 'epoch': 16.0}

 53%|█████▎    | 417/780 [04:33<10:55,  1.81s/it]
 54%|█████▎    | 418/780 [04:33<08:21,  1.39s/it]
 54%|█████▎    | 419/780 [04:34<06:34,  1.09s/it]
 54%|█████▍    | 420/780 [04:34<05:19,  1.13it/s]
 54%|█████▍    | 421/780 [04:35<04:26,  1.35it/s]
 54%|█████▍    | 422/780 [04:35<03:49,  1.56it/s]
 54%|█████▍    | 423/780 [04:36<03:24,  1.75it/s]
 54%|█████▍    | 424/780 [04:36<03:06,  1.91it/s]
 54%|█████▍    | 425/780 [04:36<02:53,  2.04it/s]
 55%|█████▍    | 426/780 [04:37<02:44,  2.15it/s]
 55%|█████▍    | 427/780 [04:37<02:38,  2.23it/s]
 55%|█████▍    | 428/780 [04:38<02:33,  2.29it/s]
 55%|█████▌    | 429/780 [04:38<02:30,  2.33it/s]
 55%|█████▌    | 430/780 [04:38<02:28,  2.36it/s]
 55%|█████▌    | 431/780 [04:39<02:26,  2.38it/s]
 55%|█████▌    | 432/780 [04:39<02:24,  2.41it/s]
 56%|█████▌    | 433/780 [04:40<02:23,  2.42it/s]
 56%|█████▌    | 434/780 [04:40<02:22,  2.42it/s]
 56%|█████▌    | 435/780 [04:40<02:22,  2.43it/s]
 56%|█████▌    | 436/780 [04:41<02:21,  2.44it/s]
 56%|█████▌    | 437/780 [04:41<02:20,  2.44it/s]
 56%|█████▌    | 438/780 [04:42<02:20,  2.44it/s]
 56%|█████▋    | 439/780 [04:42<02:20,  2.44it/s]
 56%|█████▋    | 440/780 [04:42<02:19,  2.44it/s]
 57%|█████▋    | 441/780 [04:43<02:18,  2.44it/s]
 57%|█████▋    | 442/780 [04:43<02:13,  2.54it/s]
                                                 

 57%|█████▋    | 442/780 [04:43<02:13,  2.54it/s]{'loss': 0.041, 'grad_norm': 0.2101425677537918, 'learning_rate': 2.1666666666666667e-05, 'epoch': 17.0}


  0%|          | 0/26 [00:00<?, ?it/s][A

 19%|█▉        | 5/26 [00:00<00:00, 37.99it/s][A

 35%|███▍      | 9/26 [00:00<00:00, 33.38it/s][A

 50%|█████     | 13/26 [00:00<00:00, 31.95it/s][A

 65%|██████▌   | 17/26 [00:00<00:00, 31.28it/s][A

 81%|████████  | 21/26 [00:00<00:00, 30.91it/s][A

 96%|█████████▌| 25/26 [00:00<00:00, 30.70it/s][A

                                               
[A
                                                 

100%|██████████| 26/26 [00:00<00:00, 30.70it/s][A
 57%|█████▋    | 442/780 [04:45<02:13,  2.54it/s]

                                               [A{'eval_loss': 0.056758634746074677, 'eval_macro_recall': 0.9892365483085704, 'eval_macro_precision': 0.9852826510721249, 'eval_macro_f1': 0.9848848587012246, 'eval_accuracy': 0.9854191980558931, 'eval_micro_recall': 0.9854191980558931, 'eval_micro_precision': 0.9854191980558931, 'eval_micro_f1': 0.9854191980558931, 'eval_runtime': 1.1725, 'eval_samples_per_second': 701.916, 'eval_steps_per_second': 22.175, 'epoch': 17.0}

 57%|█████▋    | 443/780 [04:48<09:41,  1.73s/it]
 57%|█████▋    | 444/780 [04:48<07:26,  1.33s/it]
 57%|█████▋    | 445/780 [04:49<05:53,  1.05s/it]
 57%|█████▋    | 446/780 [04:49<04:47,  1.16it/s]
 57%|█████▋    | 447/780 [04:50<04:01,  1.38it/s]
 57%|█████▋    | 448/780 [04:50<03:28,  1.59it/s]
 58%|█████▊    | 449/780 [04:51<03:06,  1.78it/s]
 58%|█████▊    | 450/780 [04:51<02:50,  1.93it/s]
 58%|█████▊    | 451/780 [04:51<02:39,  2.07it/s]
 58%|█████▊    | 452/780 [04:52<02:31,  2.17it/s]
 58%|█████▊    | 453/780 [04:52<02:25,  2.25it/s]
 58%|█████▊    | 454/780 [04:53<02:21,  2.30it/s]
 58%|█████▊    | 455/780 [04:53<02:18,  2.34it/s]
 58%|█████▊    | 456/780 [04:53<02:16,  2.38it/s]
 59%|█████▊    | 457/780 [04:54<02:14,  2.40it/s]
 59%|█████▊    | 458/780 [04:54<02:13,  2.42it/s]
 59%|█████▉    | 459/780 [04:55<02:12,  2.42it/s]
 59%|█████▉    | 460/780 [04:55<02:11,  2.43it/s]
 59%|█████▉    | 461/780 [04:55<02:10,  2.44it/s]
 59%|█████▉    | 462/780 [04:56<02:10,  2.44it/s]
 59%|█████▉    | 463/780 [04:56<02:09,  2.44it/s]
 59%|█████▉    | 464/780 [04:57<02:09,  2.44it/s]
 60%|█████▉    | 465/780 [04:57<02:08,  2.44it/s]
 60%|█████▉    | 466/780 [04:57<02:08,  2.44it/s]
 60%|█████▉    | 467/780 [04:58<02:08,  2.44it/s]
 60%|██████    | 468/780 [04:58<02:03,  2.53it/s]
                                                 

 60%|██████    | 468/780 [04:58<02:03,  2.53it/s]{'loss': 0.0425, 'grad_norm': 0.7749127149581909, 'learning_rate': 2e-05, 'epoch': 18.0}


  0%|          | 0/26 [00:00<?, ?it/s][A

 19%|█▉        | 5/26 [00:00<00:00, 38.10it/s][A

 35%|███▍      | 9/26 [00:00<00:00, 33.49it/s][A

 50%|█████     | 13/26 [00:00<00:00, 32.03it/s][A

 65%|██████▌   | 17/26 [00:00<00:00, 31.33it/s][A

 81%|████████  | 21/26 [00:00<00:00, 30.95it/s][A

 96%|█████████▌| 25/26 [00:00<00:00, 30.72it/s][A

                                               
[A
                                                 

100%|██████████| 26/26 [00:00<00:00, 30.72it/s][A
 60%|██████    | 468/780 [04:59<02:03,  2.53it/s]

                                               [A{'eval_loss': 0.054410506039857864, 'eval_macro_recall': 0.9943150339964745, 'eval_macro_precision': 0.9932017543859651, 'eval_macro_f1': 0.9930415732481481, 'eval_accuracy': 0.991494532199271, 'eval_micro_recall': 0.991494532199271, 'eval_micro_precision': 0.991494532199271, 'eval_micro_f1': 0.991494532199271, 'eval_runtime': 1.1549, 'eval_samples_per_second': 712.613, 'eval_steps_per_second': 22.513, 'epoch': 18.0}

 60%|██████    | 469/780 [05:03<08:42,  1.68s/it]
 60%|██████    | 470/780 [05:03<06:42,  1.30s/it]
 60%|██████    | 471/780 [05:04<05:18,  1.03s/it]
 61%|██████    | 472/780 [05:04<04:19,  1.19it/s]
 61%|██████    | 473/780 [05:05<03:38,  1.40it/s]
 61%|██████    | 474/780 [05:05<03:10,  1.61it/s]
 61%|██████    | 475/780 [05:05<02:50,  1.79it/s]
 61%|██████    | 476/780 [05:06<02:35,  1.95it/s]
 61%|██████    | 477/780 [05:06<02:25,  2.08it/s]
 61%|██████▏   | 478/780 [05:07<02:18,  2.18it/s]
 61%|██████▏   | 479/780 [05:07<02:13,  2.25it/s]
 62%|██████▏   | 480/780 [05:07<02:10,  2.30it/s]
 62%|██████▏   | 481/780 [05:08<02:07,  2.35it/s]
 62%|██████▏   | 482/780 [05:08<02:05,  2.38it/s]
 62%|██████▏   | 483/780 [05:09<02:03,  2.40it/s]
 62%|██████▏   | 484/780 [05:09<02:02,  2.41it/s]
 62%|██████▏   | 485/780 [05:09<02:01,  2.42it/s]
 62%|██████▏   | 486/780 [05:10<02:00,  2.43it/s]
 62%|██████▏   | 487/780 [05:10<02:00,  2.44it/s]
 63%|██████▎   | 488/780 [05:11<01:59,  2.44it/s]
 63%|██████▎   | 489/780 [05:11<01:59,  2.44it/s]
 63%|██████▎   | 490/780 [05:11<01:58,  2.44it/s]
 63%|██████▎   | 491/780 [05:12<01:58,  2.44it/s]
 63%|██████▎   | 492/780 [05:12<01:58,  2.44it/s]
 63%|██████▎   | 493/780 [05:13<01:57,  2.44it/s]
 63%|██████▎   | 494/780 [05:13<01:53,  2.53it/s]
                                                 

 63%|██████▎   | 494/780 [05:13<01:53,  2.53it/s]{'loss': 0.0394, 'grad_norm': 1.1526291370391846, 'learning_rate': 1.8333333333333333e-05, 'epoch': 19.0}


  0%|          | 0/26 [00:00<?, ?it/s][A

 19%|█▉        | 5/26 [00:00<00:00, 37.84it/s][A

 35%|███▍      | 9/26 [00:00<00:00, 33.34it/s][A

 50%|█████     | 13/26 [00:00<00:00, 31.91it/s][A

 65%|██████▌   | 17/26 [00:00<00:00, 31.24it/s][A

 81%|████████  | 21/26 [00:00<00:00, 30.83it/s][A

 96%|█████████▌| 25/26 [00:00<00:00, 30.63it/s][A

                                               
[A
                                                 

100%|██████████| 26/26 [00:00<00:00, 30.63it/s][A
 63%|██████▎   | 494/780 [05:14<01:53,  2.53it/s]

                                               [A
                                                 

 63%|██████▎   | 494/780 [05:18<01:53,  2.53it/s]
 63%|██████▎   | 494/780 [05:18<03:04,  1.55it/s]
2025-04-12 04:44:17.064 | INFO     | __main__:fine_tune:230 - Training time: 318.70 seconds
{'eval_loss': 0.05490746349096298, 'eval_macro_recall': 0.9893309829597917, 'eval_macro_precision': 0.9863401710798738, 'eval_macro_f1': 0.9856045565528895, 'eval_accuracy': 0.9878493317132442, 'eval_micro_recall': 0.9878493317132442, 'eval_micro_precision': 0.9878493317132442, 'eval_micro_f1': 0.9878493317132442, 'eval_runtime': 1.1466, 'eval_samples_per_second': 717.782, 'eval_steps_per_second': 22.676, 'epoch': 19.0}
{'train_runtime': 318.3204, 'train_samples_per_second': 310.536, 'train_steps_per_second': 2.45, 'train_loss': 0.4973743466230539, 'epoch': 19.0}

  0%|          | 0/26 [00:00<?, ?it/s]
 19%|█▉        | 5/26 [00:00<00:00, 38.07it/s]
 35%|███▍      | 9/26 [00:00<00:00, 33.42it/s]
 50%|█████     | 13/26 [00:00<00:00, 31.98it/s]
 65%|██████▌   | 17/26 [00:00<00:00, 31.29it/s]
 81%|████████  | 21/26 [00:00<00:00, 30.91it/s]
 96%|█████████▌| 25/26 [00:00<00:00, 30.71it/s]
100%|██████████| 26/26 [00:00<00:00, 29.66it/s]
2025-04-12 04:44:18.188 | INFO     | __main__:fine_tune:236 - Prediction time: 1.12 seconds
2025-04-12 04:44:18.192 | INFO     | __main__:CV_run:413 - Fold 5, Final Eval Metrics: loss: 0.05, macro_recall: 0.99, macro_precision: 0.99, macro_f1: 0.99, accuracy: 0.99, micro_recall: 0.99, micro_precision: 0.99, micro_f1: 0.99, runtime: 1.15, samples_per_second: 717.78, steps_per_second: 22.68
2025-04-12 04:44:18.192 | SUCCESS  | __main__:CV_run:424 - 5-Fold Cross Validation completed
Eval results: defaultdict(<class 'list'>, {'loss': [2.6683342456817627, 1.4309618473052979, 0.8075827956199646, 0.4638182520866394, 0.31259018182754517, 0.19977407157421112, 0.14307886362075806, 0.11739374697208405, 0.09325608611106873, 0.08596901595592499, 0.07849492132663727, 0.06583020091056824, 0.053201038390398026, 0.048980750143527985, 0.054928191006183624, 0.06035822629928589, 0.056758634746074677, 0.054410506039857864, 0.05490746349096298], 'macro_recall': [0.14914000687994494, 0.5988085744664692, 0.7963303394051318, 0.8686590379457416, 0.9419100482466134, 0.9637289495668998, 0.9700770566767796, 0.9840673753762396, 0.9865766389658356, 0.986177914882901, 0.9883708973390414, 0.986671073617057, 0.9905586334256694, 0.9905586334256694, 0.9893624611768658, 0.9940841937379334, 0.9892365483085704, 0.9943150339964745, 0.9893309829597917], 'macro_precision': [0.10211450992140116, 0.5461848685537924, 0.7619443936014813, 0.8754499017198628, 0.9348411091832144, 0.9622336171310629, 0.9654249689079412, 0.9829102427786638, 0.988487834405017, 0.9846383879278617, 0.9868313703840019, 0.9891349539060148, 0.9897787948131199, 0.9897787948131199, 0.985933434063628, 0.9927192982456141, 0.9852826510721249, 0.9932017543859651, 0.9863401710798738], 'macro_f1': [0.10199810231788939, 0.5479592468283435, 0.7647978309654623, 0.8546776000858367, 0.9282482137790129, 0.9574147819922495, 0.9634873199176563, 0.9805957998069024, 0.9857216387464023, 0.983232333733531, 0.986422126397008, 0.9855904795085948, 0.9880866524211052, 0.9880866524211052, 0.9852830053664353, 0.9926531336358537, 0.9848848587012246, 0.9930415732481481, 0.9856045565528895], 'accuracy': [0.3827460510328068, 0.7691373025516404, 0.9064398541919806, 0.9477521263669502, 0.9659781287970839, 0.9805589307411907, 0.982989064398542, 0.9817739975698664, 0.9866342648845686, 0.9842041312272175, 0.9854191980558931, 0.9890643985419199, 0.9927095990279465, 0.9927095990279465, 0.9878493317132442, 0.9902794653705954, 0.9854191980558931, 0.991494532199271, 0.9878493317132442], 'micro_recall': [0.3827460510328068, 0.7691373025516404, 0.9064398541919806, 0.9477521263669502, 0.9659781287970839, 0.9805589307411907, 0.982989064398542, 0.9817739975698664, 0.9866342648845686, 0.9842041312272175, 0.9854191980558931, 0.9890643985419199, 0.9927095990279465, 0.9927095990279465, 0.9878493317132442, 0.9902794653705954, 0.9854191980558931, 0.991494532199271, 0.9878493317132442], 'micro_precision': [0.3827460510328068, 0.7691373025516404, 0.9064398541919806, 0.9477521263669502, 0.9659781287970839, 0.9805589307411907, 0.982989064398542, 0.9817739975698664, 0.9866342648845686, 0.9842041312272175, 0.9854191980558931, 0.9890643985419199, 0.9927095990279465, 0.9927095990279465, 0.9878493317132442, 0.9902794653705954, 0.9854191980558931, 0.991494532199271, 0.9878493317132442], 'micro_f1': [0.38274605103280684, 0.7691373025516404, 0.9064398541919806, 0.9477521263669502, 0.9659781287970839, 0.9805589307411907, 0.982989064398542, 0.9817739975698664, 0.9866342648845686, 0.9842041312272175, 0.9854191980558931, 0.9890643985419199, 0.9927095990279465, 0.9927095990279465, 0.9878493317132442, 0.9902794653705954, 0.9854191980558931, 0.991494532199271, 0.9878493317132442], 'runtime': [1.181, 1.1707, 1.9529, 1.176, 1.8065, 1.1453, 1.1616, 1.1521, 1.1603, 1.1518, 1.1486, 1.186, 1.1526, 1.1641, 1.1681, 1.1518, 1.1725, 1.1549, 1.1466], 'samples_per_second': [696.896, 702.983, 421.434, 699.801, 455.584, 718.611, 708.513, 714.349, 709.301, 714.547, 716.551, 693.948, 714.035, 706.996, 704.579, 714.506, 701.916, 712.613, 717.782], 'steps_per_second': [22.016, 22.208, 13.314, 22.108, 14.393, 22.702, 22.383, 22.568, 22.408, 22.574, 22.637, 21.923, 22.558, 22.335, 22.259, 22.572, 22.175, 22.513, 22.676]})
loss: 0.0583 (± 0.0129)
macro_recall: 0.9744 (± 0.0207)
macro_precision: 0.9738 (± 0.0189)
macro_f1: 0.9727 (± 0.0196)
accuracy: 0.9881 (± 0.0031)
micro_recall: 0.9881 (± 0.0031)
micro_precision: 0.9881 (± 0.0031)
micro_f1: 0.9881 (± 0.0031)
runtime: 1.3041 (± 0.1865)
samples_per_second: 643.9506 (± 86.9256)
steps_per_second: 20.3284 (± 2.7428)
