2025-04-11 15:40:01.424 | INFO     | __main__:<module>:45 - Using device: cuda
2025-04-11 15:40:09.121 | INFO     | __main__:CV_run:321 - Number of classes: 184
2025-04-11 15:40:09.122 | INFO     | __main__:CV_run:322 - label type: arch
2025-04-11 15:40:09.143 | INFO     | __main__:CV_run:351 - Starting fold 1
Some weights of LongformerForSequenceClassification were not initialized from the model checkpoint at allenai/longformer-base-4096 and are newly initialized: ['classifier.dense.bias', 'classifier.dense.weight', 'classifier.out_proj.bias', 'classifier.out_proj.weight']
You should probably TRAIN this model on a down-stream task to be able to use it for predictions and inference.
2025-04-11 15:40:13.026 | INFO     | __main__:CV_run:403 - Starting fine-tuning with cross-entropy loss
2025-04-11 15:40:13.026 | INFO     | __main__:fine_tune:150 - Gradient accumulation steps: 8
trim: 3072
Average length of input_ids: 1185.8372996600292
Length of full_dataset: 4118
Train mode: fine-tune
Fine-tune type: cross-entropy
lr: 5e-05
batch size: 8

  0%|          | 0/1530 [00:00<?, ?it/s]Initializing global attention on CLS token...

  0%|          | 1/1530 [00:26<11:11:54, 26.37s/it]
  0%|          | 2/1530 [00:36<7:04:08, 16.65s/it] 
  0%|          | 3/1530 [00:46<5:44:50, 13.55s/it]
  0%|          | 4/1530 [00:55<5:07:30, 12.09s/it]
  0%|          | 5/1530 [01:05<4:46:50, 11.29s/it]
  0%|          | 6/1530 [01:15<4:34:19, 10.80s/it]
  0%|          | 7/1530 [01:25<4:26:27, 10.50s/it]
  1%|          | 8/1530 [01:35<4:21:13, 10.30s/it]
  1%|          | 9/1530 [01:45<4:17:41, 10.17s/it]
  1%|          | 10/1530 [01:55<4:15:15, 10.08s/it]
  1%|          | 11/1530 [02:05<4:13:32, 10.01s/it]
  1%|          | 12/1530 [02:14<4:12:20,  9.97s/it]
  1%|          | 13/1530 [02:24<4:11:27,  9.95s/it]
  1%|          | 14/1530 [02:34<4:10:49,  9.93s/it]
  1%|          | 15/1530 [02:44<4:10:19,  9.91s/it]
  1%|          | 16/1530 [02:54<4:09:57,  9.91s/it]
  1%|          | 17/1530 [03:04<4:09:38,  9.90s/it]
  1%|          | 18/1530 [03:14<4:09:23,  9.90s/it]
  1%|          | 19/1530 [03:24<4:09:12,  9.90s/it]
  1%|▏         | 20/1530 [03:33<4:09:00,  9.89s/it]
  1%|▏         | 21/1530 [03:43<4:08:48,  9.89s/it]
  1%|▏         | 22/1530 [03:53<4:08:39,  9.89s/it]
  2%|▏         | 23/1530 [04:03<4:08:30,  9.89s/it]
  2%|▏         | 24/1530 [04:13<4:08:21,  9.89s/it]
  2%|▏         | 25/1530 [04:23<4:08:11,  9.89s/it]
  2%|▏         | 26/1530 [04:33<4:08:01,  9.89s/it]
  2%|▏         | 27/1530 [04:43<4:07:51,  9.89s/it]
  2%|▏         | 28/1530 [04:53<4:07:42,  9.90s/it]
  2%|▏         | 29/1530 [05:03<4:07:32,  9.89s/it]
  2%|▏         | 30/1530 [05:12<4:07:26,  9.90s/it]
  2%|▏         | 31/1530 [05:22<4:07:16,  9.90s/it]
  2%|▏         | 32/1530 [05:32<4:07:07,  9.90s/it]
  2%|▏         | 33/1530 [05:42<4:06:57,  9.90s/it]
  2%|▏         | 34/1530 [05:52<4:06:47,  9.90s/it]
  2%|▏         | 35/1530 [06:02<4:06:37,  9.90s/it]
  2%|▏         | 36/1530 [06:12<4:06:27,  9.90s/it]
  2%|▏         | 37/1530 [06:22<4:06:19,  9.90s/it]
  2%|▏         | 38/1530 [06:32<4:06:11,  9.90s/it]
  3%|▎         | 39/1530 [06:42<4:06:01,  9.90s/it]
  3%|▎         | 40/1530 [06:51<4:05:52,  9.90s/it]
  3%|▎         | 41/1530 [07:01<4:05:40,  9.90s/it]
  3%|▎         | 42/1530 [07:11<4:05:30,  9.90s/it]
  3%|▎         | 43/1530 [07:21<4:05:20,  9.90s/it]
  3%|▎         | 44/1530 [07:31<4:05:10,  9.90s/it]
  3%|▎         | 45/1530 [07:41<4:05:00,  9.90s/it]
  3%|▎         | 46/1530 [07:51<4:04:50,  9.90s/it]
  3%|▎         | 47/1530 [08:01<4:04:39,  9.90s/it]
  3%|▎         | 48/1530 [08:11<4:04:32,  9.90s/it]
  3%|▎         | 49/1530 [08:21<4:04:23,  9.90s/it]
  3%|▎         | 50/1530 [08:30<4:04:13,  9.90s/it]
  3%|▎         | 51/1530 [08:40<4:04:03,  9.90s/it]
  3%|▎         | 52/1530 [08:45<3:25:47,  8.35s/it]
                                                   

  3%|▎         | 52/1530 [08:46<3:25:47,  8.35s/it]{'loss': 4.8745, 'grad_norm': 3.3527519702911377, 'learning_rate': 4.830065359477124e-05, 'epoch': 1.0}


  0%|          | 0/26 [00:00<?, ?it/s][A

  8%|▊         | 2/26 [00:01<00:14,  1.66it/s][A

 12%|█▏        | 3/26 [00:02<00:19,  1.17it/s][A

 15%|█▌        | 4/26 [00:03<00:21,  1.02it/s][A

 19%|█▉        | 5/26 [00:04<00:22,  1.06s/it][A

 23%|██▎       | 6/26 [00:06<00:22,  1.11s/it][A

 27%|██▋       | 7/26 [00:07<00:21,  1.14s/it][A

 31%|███       | 8/26 [00:08<00:20,  1.16s/it][A

 35%|███▍      | 9/26 [00:09<00:19,  1.17s/it][A

 38%|███▊      | 10/26 [00:10<00:18,  1.18s/it][A

 42%|████▏     | 11/26 [00:12<00:17,  1.19s/it][A

 46%|████▌     | 12/26 [00:13<00:16,  1.19s/it][A

 50%|█████     | 13/26 [00:14<00:15,  1.20s/it][A

 54%|█████▍    | 14/26 [00:15<00:14,  1.20s/it][A

 58%|█████▊    | 15/26 [00:16<00:13,  1.20s/it][A

 62%|██████▏   | 16/26 [00:18<00:11,  1.20s/it][A

 65%|██████▌   | 17/26 [00:19<00:10,  1.20s/it][A

 69%|██████▉   | 18/26 [00:20<00:09,  1.20s/it][A

 73%|███████▎  | 19/26 [00:21<00:08,  1.20s/it][A

 77%|███████▋  | 20/26 [00:22<00:07,  1.20s/it][A

 81%|████████  | 21/26 [00:24<00:06,  1.20s/it][A

 85%|████████▍ | 22/26 [00:25<00:04,  1.20s/it][A

 88%|████████▊ | 23/26 [00:26<00:03,  1.20s/it][A

 92%|█████████▏| 24/26 [00:27<00:02,  1.20s/it][A

 96%|█████████▌| 25/26 [00:28<00:01,  1.20s/it][A

100%|██████████| 26/26 [00:29<00:00,  1.15s/it][A
                                                   

                                               
[A
  3%|▎         | 52/1530 [09:18<3:25:47,  8.35s/it]

100%|██████████| 26/26 [00:29<00:00,  1.15s/it][A

                                               [A{'eval_loss': 4.3794941902160645, 'eval_macro_recall': 0.23563311688311692, 'eval_macro_precision': 0.1633062661198878, 'eval_macro_f1': 0.15585374773623717, 'eval_accuracy': 0.2536407766990291, 'eval_micro_recall': 0.2536407766990291, 'eval_micro_precision': 0.2536407766990291, 'eval_micro_f1': 0.2536407766990291, 'eval_runtime': 31.9599, 'eval_samples_per_second': 25.782, 'eval_steps_per_second': 0.814, 'epoch': 1.0}

  3%|▎         | 53/1530 [09:31<8:04:28, 19.68s/it]
  4%|▎         | 54/1530 [09:41<6:51:56, 16.75s/it]
  4%|▎         | 55/1530 [09:51<6:01:12, 14.69s/it]
  4%|▎         | 56/1530 [10:01<5:25:37, 13.25s/it]
  4%|▎         | 57/1530 [10:11<5:00:40, 12.25s/it]
  4%|▍         | 58/1530 [10:21<4:43:13, 11.54s/it]
  4%|▍         | 59/1530 [10:31<4:30:57, 11.05s/it]
  4%|▍         | 60/1530 [10:41<4:22:18, 10.71s/it]
  4%|▍         | 61/1530 [10:50<4:16:11, 10.46s/it]
  4%|▍         | 62/1530 [11:00<4:11:54, 10.30s/it]
  4%|▍         | 63/1530 [11:10<4:08:48, 10.18s/it]
  4%|▍         | 64/1530 [11:20<4:06:40, 10.10s/it]
  4%|▍         | 65/1530 [11:30<4:05:11, 10.04s/it]
  4%|▍         | 66/1530 [11:40<4:03:59, 10.00s/it]
  4%|▍         | 67/1530 [11:50<4:03:04,  9.97s/it]
  4%|▍         | 68/1530 [12:00<4:02:24,  9.95s/it]
  5%|▍         | 69/1530 [12:10<4:01:53,  9.93s/it]
  5%|▍         | 70/1530 [12:20<4:01:29,  9.92s/it]
  5%|▍         | 71/1530 [12:29<4:01:09,  9.92s/it]
  5%|▍         | 72/1530 [12:39<4:00:53,  9.91s/it]
  5%|▍         | 73/1530 [12:49<4:00:41,  9.91s/it]
  5%|▍         | 74/1530 [12:59<4:00:26,  9.91s/it]
  5%|▍         | 75/1530 [13:09<4:00:14,  9.91s/it]
  5%|▍         | 76/1530 [13:19<4:00:01,  9.90s/it]
  5%|▌         | 77/1530 [13:29<3:59:50,  9.90s/it]
  5%|▌         | 78/1530 [13:39<3:59:39,  9.90s/it]
  5%|▌         | 79/1530 [13:49<3:59:29,  9.90s/it]
  5%|▌         | 80/1530 [13:59<3:59:18,  9.90s/it]
  5%|▌         | 81/1530 [14:08<3:59:09,  9.90s/it]
  5%|▌         | 82/1530 [14:18<3:58:58,  9.90s/it]
  5%|▌         | 83/1530 [14:28<3:58:46,  9.90s/it]
  5%|▌         | 84/1530 [14:38<3:58:35,  9.90s/it]
  6%|▌         | 85/1530 [14:48<3:58:26,  9.90s/it]
  6%|▌         | 86/1530 [14:58<3:58:16,  9.90s/it]
  6%|▌         | 87/1530 [15:08<3:58:08,  9.90s/it]
  6%|▌         | 88/1530 [15:18<3:57:56,  9.90s/it]
  6%|▌         | 89/1530 [15:28<3:57:46,  9.90s/it]
  6%|▌         | 90/1530 [15:38<3:57:39,  9.90s/it]
  6%|▌         | 91/1530 [15:47<3:57:28,  9.90s/it]
  6%|▌         | 92/1530 [15:57<3:57:16,  9.90s/it]
  6%|▌         | 93/1530 [16:07<3:57:10,  9.90s/it]
  6%|▌         | 94/1530 [16:17<3:56:57,  9.90s/it]
  6%|▌         | 95/1530 [16:27<3:56:49,  9.90s/it]
  6%|▋         | 96/1530 [16:37<3:56:39,  9.90s/it]
  6%|▋         | 97/1530 [16:47<3:56:29,  9.90s/it]
  6%|▋         | 98/1530 [16:57<3:56:19,  9.90s/it]
  6%|▋         | 99/1530 [17:07<3:56:09,  9.90s/it]
  7%|▋         | 100/1530 [17:17<3:56:01,  9.90s/it]
  7%|▋         | 101/1530 [17:26<3:55:50,  9.90s/it]
  7%|▋         | 102/1530 [17:36<3:55:40,  9.90s/it]
  7%|▋         | 103/1530 [17:46<3:55:29,  9.90s/it]
  7%|▋         | 104/1530 [17:51<3:18:29,  8.35s/it]
                                                    

  7%|▋         | 104/1530 [17:51<3:18:29,  8.35s/it]{'loss': 3.8486, 'grad_norm': 3.524553060531616, 'learning_rate': 4.660130718954249e-05, 'epoch': 2.0}


  0%|          | 0/26 [00:00<?, ?it/s][A

  8%|▊         | 2/26 [00:01<00:14,  1.67it/s][A

 12%|█▏        | 3/26 [00:02<00:19,  1.18it/s][A

 15%|█▌        | 4/26 [00:03<00:21,  1.02it/s][A

 19%|█▉        | 5/26 [00:04<00:22,  1.06s/it][A

 23%|██▎       | 6/26 [00:06<00:22,  1.10s/it][A

 27%|██▋       | 7/26 [00:07<00:21,  1.14s/it][A

 31%|███       | 8/26 [00:08<00:20,  1.16s/it][A

 35%|███▍      | 9/26 [00:09<00:19,  1.17s/it][A

 38%|███▊      | 10/26 [00:10<00:18,  1.18s/it][A

 42%|████▏     | 11/26 [00:12<00:17,  1.19s/it][A

 46%|████▌     | 12/26 [00:13<00:16,  1.19s/it][A

 50%|█████     | 13/26 [00:14<00:15,  1.19s/it][A

 54%|█████▍    | 14/26 [00:15<00:14,  1.20s/it][A

 58%|█████▊    | 15/26 [00:16<00:13,  1.20s/it][A

 62%|██████▏   | 16/26 [00:18<00:11,  1.20s/it][A

 65%|██████▌   | 17/26 [00:19<00:10,  1.20s/it][A

 69%|██████▉   | 18/26 [00:20<00:09,  1.20s/it][A

 73%|███████▎  | 19/26 [00:21<00:08,  1.20s/it][A

 77%|███████▋  | 20/26 [00:22<00:07,  1.20s/it][A

 81%|████████  | 21/26 [00:24<00:05,  1.20s/it][A

 85%|████████▍ | 22/26 [00:25<00:04,  1.20s/it][A

 88%|████████▊ | 23/26 [00:26<00:03,  1.20s/it][A

 92%|█████████▏| 24/26 [00:27<00:02,  1.20s/it][A

 96%|█████████▌| 25/26 [00:28<00:01,  1.20s/it][A

100%|██████████| 26/26 [00:29<00:00,  1.14s/it][A
                                                    

                                               
[A
  7%|▋         | 104/1530 [18:22<3:18:29,  8.35s/it]

100%|██████████| 26/26 [00:29<00:00,  1.14s/it][A

                                               [A{'eval_loss': 3.3092668056488037, 'eval_macro_recall': 0.39314799783549775, 'eval_macro_precision': 0.3109760257494765, 'eval_macro_f1': 0.31459861129385946, 'eval_accuracy': 0.4162621359223301, 'eval_micro_recall': 0.4162621359223301, 'eval_micro_precision': 0.4162621359223301, 'eval_micro_f1': 0.4162621359223301, 'eval_runtime': 31.3021, 'eval_samples_per_second': 26.324, 'eval_steps_per_second': 0.831, 'epoch': 2.0}

  7%|▋         | 105/1530 [18:36<7:39:06, 19.33s/it]
  7%|▋         | 106/1530 [18:46<6:31:42, 16.50s/it]
  7%|▋         | 107/1530 [18:56<5:44:28, 14.52s/it]
  7%|▋         | 108/1530 [19:06<5:11:22, 13.14s/it]
  7%|▋         | 109/1530 [19:16<4:48:08, 12.17s/it]
  7%|▋         | 110/1530 [19:25<4:31:51, 11.49s/it]
  7%|▋         | 111/1530 [19:35<4:20:27, 11.01s/it]
  7%|▋         | 112/1530 [19:45<4:12:25, 10.68s/it]
  7%|▋         | 113/1530 [19:55<4:06:44, 10.45s/it]
  7%|▋         | 114/1530 [20:05<4:02:40, 10.28s/it]
  8%|▊         | 115/1530 [20:15<3:59:49, 10.17s/it]
  8%|▊         | 116/1530 [20:25<3:57:45, 10.09s/it]
  8%|▊         | 117/1530 [20:35<3:56:16, 10.03s/it]
  8%|▊         | 118/1530 [20:45<3:55:14, 10.00s/it]
  8%|▊         | 119/1530 [20:55<3:54:26,  9.97s/it]
  8%|▊         | 120/1530 [21:05<3:53:48,  9.95s/it]
  8%|▊         | 121/1530 [21:14<3:53:18,  9.94s/it]
  8%|▊         | 122/1530 [21:24<3:52:54,  9.92s/it]
  8%|▊         | 123/1530 [21:34<3:52:35,  9.92s/it]
  8%|▊         | 124/1530 [21:44<3:52:20,  9.91s/it]
  8%|▊         | 125/1530 [21:54<3:52:05,  9.91s/it]
  8%|▊         | 126/1530 [22:04<3:51:53,  9.91s/it]
  8%|▊         | 127/1530 [22:14<3:51:38,  9.91s/it]
  8%|▊         | 128/1530 [22:24<3:51:26,  9.91s/it]
  8%|▊         | 129/1530 [22:34<3:51:17,  9.91s/it]
  8%|▊         | 130/1530 [22:44<3:51:06,  9.90s/it]
  9%|▊         | 131/1530 [22:53<3:50:56,  9.90s/it]
  9%|▊         | 132/1530 [23:03<3:50:45,  9.90s/it]
  9%|▊         | 133/1530 [23:13<3:50:35,  9.90s/it]
  9%|▉         | 134/1530 [23:23<3:50:25,  9.90s/it]
  9%|▉         | 135/1530 [23:33<3:50:16,  9.90s/it]
  9%|▉         | 136/1530 [23:43<3:50:04,  9.90s/it]
  9%|▉         | 137/1530 [23:53<3:49:54,  9.90s/it]
  9%|▉         | 138/1530 [24:03<3:49:46,  9.90s/it]
  9%|▉         | 139/1530 [24:13<3:49:35,  9.90s/it]
  9%|▉         | 140/1530 [24:23<3:49:23,  9.90s/it]
  9%|▉         | 141/1530 [24:32<3:49:13,  9.90s/it]
  9%|▉         | 142/1530 [24:42<3:49:03,  9.90s/it]
  9%|▉         | 143/1530 [24:52<3:48:54,  9.90s/it]
  9%|▉         | 144/1530 [25:02<3:48:42,  9.90s/it]
  9%|▉         | 145/1530 [25:12<3:48:33,  9.90s/it]
 10%|▉         | 146/1530 [25:22<3:48:25,  9.90s/it]
 10%|▉         | 147/1530 [25:32<3:48:17,  9.90s/it]
 10%|▉         | 148/1530 [25:42<3:48:07,  9.90s/it]
 10%|▉         | 149/1530 [25:52<3:47:58,  9.90s/it]
 10%|▉         | 150/1530 [26:02<3:47:47,  9.90s/it]
 10%|▉         | 151/1530 [26:12<3:47:35,  9.90s/it]
 10%|▉         | 152/1530 [26:21<3:47:27,  9.90s/it]
 10%|█         | 153/1530 [26:31<3:47:18,  9.90s/it]
 10%|█         | 154/1530 [26:41<3:47:07,  9.90s/it]
 10%|█         | 155/1530 [26:51<3:46:56,  9.90s/it]
 10%|█         | 156/1530 [26:56<3:11:33,  8.37s/it]
                                                    

 10%|█         | 156/1530 [26:56<3:11:33,  8.37s/it]{'loss': 2.9529, 'grad_norm': 3.706237554550171, 'learning_rate': 4.490196078431373e-05, 'epoch': 3.0}


  0%|          | 0/26 [00:00<?, ?it/s][A

  8%|▊         | 2/26 [00:01<00:14,  1.67it/s][A

 12%|█▏        | 3/26 [00:02<00:19,  1.18it/s][A

 15%|█▌        | 4/26 [00:03<00:21,  1.02it/s][A

 19%|█▉        | 5/26 [00:04<00:22,  1.06s/it][A

 23%|██▎       | 6/26 [00:05<00:22,  1.10s/it][A

 27%|██▋       | 7/26 [00:07<00:21,  1.14s/it][A

 31%|███       | 8/26 [00:08<00:20,  1.16s/it][A

 35%|███▍      | 9/26 [00:09<00:19,  1.17s/it][A

 38%|███▊      | 10/26 [00:10<00:18,  1.18s/it][A

 42%|████▏     | 11/26 [00:11<00:17,  1.19s/it][A

 46%|████▌     | 12/26 [00:13<00:16,  1.19s/it][A

 50%|█████     | 13/26 [00:14<00:15,  1.19s/it][A

 54%|█████▍    | 14/26 [00:15<00:14,  1.20s/it][A

 58%|█████▊    | 15/26 [00:16<00:13,  1.20s/it][A

 62%|██████▏   | 16/26 [00:18<00:11,  1.20s/it][A

 65%|██████▌   | 17/26 [00:19<00:10,  1.20s/it][A

 69%|██████▉   | 18/26 [00:20<00:09,  1.20s/it][A

 73%|███████▎  | 19/26 [00:21<00:08,  1.20s/it][A

 77%|███████▋  | 20/26 [00:22<00:07,  1.20s/it][A

 81%|████████  | 21/26 [00:24<00:05,  1.20s/it][A

 85%|████████▍ | 22/26 [00:25<00:04,  1.20s/it][A

 88%|████████▊ | 23/26 [00:26<00:03,  1.20s/it][A

 92%|█████████▏| 24/26 [00:27<00:02,  1.20s/it][A

 96%|█████████▌| 25/26 [00:28<00:01,  1.20s/it][A

100%|██████████| 26/26 [00:29<00:00,  1.15s/it][A
                                                    

                                               
[A
 10%|█         | 156/1530 [27:27<3:11:33,  8.37s/it]

100%|██████████| 26/26 [00:29<00:00,  1.15s/it][A

                                               [A{'eval_loss': 2.550496816635132, 'eval_macro_recall': 0.48653950216450215, 'eval_macro_precision': 0.40871469264439286, 'eval_macro_f1': 0.41683873738534616, 'eval_accuracy': 0.5169902912621359, 'eval_micro_recall': 0.5169902912621359, 'eval_micro_precision': 0.5169902912621359, 'eval_micro_f1': 0.5169902912621359, 'eval_runtime': 31.3141, 'eval_samples_per_second': 26.314, 'eval_steps_per_second': 0.83, 'epoch': 3.0}

 10%|█         | 157/1530 [27:41<7:23:42, 19.39s/it]
 10%|█         | 158/1530 [27:51<6:18:16, 16.54s/it]
 10%|█         | 159/1530 [28:01<5:32:27, 14.55s/it]
 10%|█         | 160/1530 [28:11<5:00:23, 13.16s/it]
 11%|█         | 161/1530 [28:21<4:37:54, 12.18s/it]
 11%|█         | 162/1530 [28:31<4:22:05, 11.49s/it]
 11%|█         | 163/1530 [28:40<4:11:00, 11.02s/it]
 11%|█         | 164/1530 [28:50<4:03:10, 10.68s/it]
 11%|█         | 165/1530 [29:00<3:57:43, 10.45s/it]
 11%|█         | 166/1530 [29:10<3:53:48, 10.28s/it]
 11%|█         | 167/1530 [29:20<3:51:01, 10.17s/it]
 11%|█         | 168/1530 [29:30<3:49:00, 10.09s/it]
 11%|█         | 169/1530 [29:40<3:47:31, 10.03s/it]
 11%|█         | 170/1530 [29:50<3:46:28,  9.99s/it]
 11%|█         | 171/1530 [30:00<3:45:43,  9.97s/it]
 11%|█         | 172/1530 [30:10<3:45:05,  9.95s/it]
 11%|█▏        | 173/1530 [30:19<3:44:40,  9.93s/it]
 11%|█▏        | 174/1530 [30:29<3:44:19,  9.93s/it]
 11%|█▏        | 175/1530 [30:39<3:44:02,  9.92s/it]
 12%|█▏        | 176/1530 [30:49<3:43:45,  9.92s/it]
 12%|█▏        | 177/1530 [30:59<3:43:32,  9.91s/it]
 12%|█▏        | 178/1530 [31:09<3:43:19,  9.91s/it]
 12%|█▏        | 179/1530 [31:19<3:43:04,  9.91s/it]
 12%|█▏        | 180/1530 [31:29<3:42:50,  9.90s/it]
 12%|█▏        | 181/1530 [31:39<3:42:37,  9.90s/it]
 12%|█▏        | 182/1530 [31:49<3:42:25,  9.90s/it]
 12%|█▏        | 183/1530 [31:58<3:42:14,  9.90s/it]
 12%|█▏        | 184/1530 [32:08<3:42:01,  9.90s/it]
 12%|█▏        | 185/1530 [32:18<3:41:51,  9.90s/it]
 12%|█▏        | 186/1530 [32:28<3:41:41,  9.90s/it]
 12%|█▏        | 187/1530 [32:38<3:41:30,  9.90s/it]
 12%|█▏        | 188/1530 [32:48<3:41:21,  9.90s/it]
 12%|█▏        | 189/1530 [32:58<3:41:10,  9.90s/it]
 12%|█▏        | 190/1530 [33:08<3:41:01,  9.90s/it]
 12%|█▏        | 191/1530 [33:18<3:40:50,  9.90s/it]
 13%|█▎        | 192/1530 [33:28<3:40:41,  9.90s/it]
 13%|█▎        | 193/1530 [33:37<3:40:31,  9.90s/it]
 13%|█▎        | 194/1530 [33:47<3:40:20,  9.90s/it]
 13%|█▎        | 195/1530 [33:57<3:40:11,  9.90s/it]
 13%|█▎        | 196/1530 [34:07<3:40:01,  9.90s/it]
 13%|█▎        | 197/1530 [34:17<3:39:52,  9.90s/it]
 13%|█▎        | 198/1530 [34:27<3:39:42,  9.90s/it]
 13%|█▎        | 199/1530 [34:37<3:39:28,  9.89s/it]
 13%|█▎        | 200/1530 [34:47<3:39:20,  9.90s/it]
 13%|█▎        | 201/1530 [34:57<3:39:09,  9.89s/it]
 13%|█▎        | 202/1530 [35:06<3:38:58,  9.89s/it]
 13%|█▎        | 203/1530 [35:16<3:38:50,  9.89s/it]
 13%|█▎        | 204/1530 [35:26<3:38:40,  9.89s/it]
 13%|█▎        | 205/1530 [35:36<3:38:30,  9.89s/it]
 13%|█▎        | 206/1530 [35:46<3:38:22,  9.90s/it]
 14%|█▎        | 207/1530 [35:56<3:38:12,  9.90s/it]
 14%|█▎        | 208/1530 [36:01<3:03:55,  8.35s/it]
                                                    

 14%|█▎        | 208/1530 [36:01<3:03:55,  8.35s/it]{'loss': 2.3284, 'grad_norm': 3.655559539794922, 'learning_rate': 4.320261437908497e-05, 'epoch': 4.0}


  0%|          | 0/26 [00:00<?, ?it/s][A

  8%|▊         | 2/26 [00:01<00:14,  1.67it/s][A

 12%|█▏        | 3/26 [00:02<00:19,  1.18it/s][A

 15%|█▌        | 4/26 [00:03<00:21,  1.02it/s][A

 19%|█▉        | 5/26 [00:04<00:22,  1.06s/it][A

 23%|██▎       | 6/26 [00:05<00:22,  1.10s/it][A

 27%|██▋       | 7/26 [00:07<00:21,  1.13s/it][A

 31%|███       | 8/26 [00:08<00:20,  1.15s/it][A

 35%|███▍      | 9/26 [00:09<00:19,  1.17s/it][A

 38%|███▊      | 10/26 [00:10<00:18,  1.18s/it][A

 42%|████▏     | 11/26 [00:11<00:17,  1.18s/it][A

 46%|████▌     | 12/26 [00:13<00:16,  1.19s/it][A

 50%|█████     | 13/26 [00:14<00:15,  1.19s/it][A

 54%|█████▍    | 14/26 [00:15<00:14,  1.20s/it][A

 58%|█████▊    | 15/26 [00:16<00:13,  1.20s/it][A

 62%|██████▏   | 16/26 [00:17<00:11,  1.20s/it][A

 65%|██████▌   | 17/26 [00:19<00:10,  1.20s/it][A

 69%|██████▉   | 18/26 [00:20<00:09,  1.20s/it][A

 73%|███████▎  | 19/26 [00:21<00:08,  1.20s/it][A

 77%|███████▋  | 20/26 [00:22<00:07,  1.20s/it][A

 81%|████████  | 21/26 [00:23<00:05,  1.20s/it][A

 85%|████████▍ | 22/26 [00:25<00:04,  1.20s/it][A

 88%|████████▊ | 23/26 [00:26<00:03,  1.20s/it][A

 92%|█████████▏| 24/26 [00:27<00:02,  1.20s/it][A

 96%|█████████▌| 25/26 [00:28<00:01,  1.20s/it][A

100%|██████████| 26/26 [00:29<00:00,  1.14s/it][A
                                                    

                                               
[A
 14%|█▎        | 208/1530 [36:32<3:03:55,  8.35s/it]

100%|██████████| 26/26 [00:29<00:00,  1.14s/it][A

                                               [A{'eval_loss': 2.0636022090911865, 'eval_macro_recall': 0.5097943722943724, 'eval_macro_precision': 0.4407699687991558, 'eval_macro_f1': 0.44147252350282573, 'eval_accuracy': 0.5327669902912622, 'eval_micro_recall': 0.5327669902912622, 'eval_micro_precision': 0.5327669902912622, 'eval_micro_f1': 0.5327669902912622, 'eval_runtime': 31.2879, 'eval_samples_per_second': 26.336, 'eval_steps_per_second': 0.831, 'epoch': 4.0}

 14%|█▎        | 209/1530 [36:46<7:05:24, 19.32s/it]
 14%|█▎        | 210/1530 [36:56<6:02:52, 16.49s/it]
 14%|█▍        | 211/1530 [37:05<5:19:06, 14.52s/it]
 14%|█▍        | 212/1530 [37:15<4:48:27, 13.13s/it]
 14%|█▍        | 213/1530 [37:25<4:27:03, 12.17s/it]
 14%|█▍        | 214/1530 [37:35<4:11:57, 11.49s/it]
 14%|█▍        | 215/1530 [37:45<4:01:20, 11.01s/it]
 14%|█▍        | 216/1530 [37:55<3:53:53, 10.68s/it]
 14%|█▍        | 217/1530 [38:05<3:48:37, 10.45s/it]
 14%|█▍        | 218/1530 [38:15<3:44:52, 10.28s/it]
 14%|█▍        | 219/1530 [38:25<3:42:11, 10.17s/it]
 14%|█▍        | 220/1530 [38:35<3:40:27, 10.10s/it]
 14%|█▍        | 221/1530 [38:44<3:39:06, 10.04s/it]
 15%|█▍        | 222/1530 [38:54<3:38:15, 10.01s/it]
 15%|█▍        | 223/1530 [39:04<3:37:34,  9.99s/it]
 15%|█▍        | 224/1530 [39:14<3:37:03,  9.97s/it]
 15%|█▍        | 225/1530 [39:24<3:36:35,  9.96s/it]
 15%|█▍        | 226/1530 [39:34<3:36:12,  9.95s/it]
 15%|█▍        | 227/1530 [39:44<3:35:53,  9.94s/it]
 15%|█▍        | 228/1530 [39:54<3:35:31,  9.93s/it]
 15%|█▍        | 229/1530 [40:04<3:35:10,  9.92s/it]
 15%|█▌        | 230/1530 [40:14<3:34:52,  9.92s/it]
 15%|█▌        | 231/1530 [40:24<3:34:41,  9.92s/it]
 15%|█▌        | 232/1530 [40:34<3:34:27,  9.91s/it]
 15%|█▌        | 233/1530 [40:44<3:34:16,  9.91s/it]
 15%|█▌        | 234/1530 [40:53<3:34:03,  9.91s/it]
 15%|█▌        | 235/1530 [41:03<3:33:53,  9.91s/it]
 15%|█▌        | 236/1530 [41:13<3:33:42,  9.91s/it]
 15%|█▌        | 237/1530 [41:23<3:33:32,  9.91s/it]
 16%|█▌        | 238/1530 [41:33<3:33:23,  9.91s/it]
 16%|█▌        | 239/1530 [41:43<3:33:15,  9.91s/it]
 16%|█▌        | 240/1530 [41:53<3:33:02,  9.91s/it]
 16%|█▌        | 241/1530 [42:03<3:32:52,  9.91s/it]
 16%|█▌        | 242/1530 [42:13<3:32:41,  9.91s/it]
 16%|█▌        | 243/1530 [42:23<3:32:31,  9.91s/it]
 16%|█▌        | 244/1530 [42:33<3:32:20,  9.91s/it]
 16%|█▌        | 245/1530 [42:42<3:32:10,  9.91s/it]
 16%|█▌        | 246/1530 [42:52<3:31:59,  9.91s/it]
 16%|█▌        | 247/1530 [43:02<3:31:49,  9.91s/it]
 16%|█▌        | 248/1530 [43:12<3:31:41,  9.91s/it]
 16%|█▋        | 249/1530 [43:22<3:31:31,  9.91s/it]
 16%|█▋        | 250/1530 [43:32<3:31:20,  9.91s/it]
 16%|█▋        | 251/1530 [43:42<3:31:09,  9.91s/it]
 16%|█▋        | 252/1530 [43:52<3:31:00,  9.91s/it]
 17%|█▋        | 253/1530 [44:02<3:30:50,  9.91s/it]
 17%|█▋        | 254/1530 [44:12<3:30:42,  9.91s/it]
 17%|█▋        | 255/1530 [44:21<3:30:30,  9.91s/it]
 17%|█▋        | 256/1530 [44:31<3:30:19,  9.91s/it]
 17%|█▋        | 257/1530 [44:41<3:30:10,  9.91s/it]
 17%|█▋        | 258/1530 [44:51<3:30:00,  9.91s/it]
 17%|█▋        | 259/1530 [45:01<3:29:51,  9.91s/it]
 17%|█▋        | 260/1530 [45:06<2:56:55,  8.36s/it]
                                                    

 17%|█▋        | 260/1530 [45:06<2:56:55,  8.36s/it]{'loss': 1.8918, 'grad_norm': 2.726600170135498, 'learning_rate': 4.150326797385621e-05, 'epoch': 5.0}


  0%|          | 0/26 [00:00<?, ?it/s][A

  8%|▊         | 2/26 [00:01<00:14,  1.67it/s][A

 12%|█▏        | 3/26 [00:02<00:19,  1.18it/s][A

 15%|█▌        | 4/26 [00:03<00:21,  1.02it/s][A

 19%|█▉        | 5/26 [00:04<00:22,  1.06s/it][A

 23%|██▎       | 6/26 [00:06<00:22,  1.11s/it][A

 27%|██▋       | 7/26 [00:07<00:21,  1.14s/it][A

 31%|███       | 8/26 [00:08<00:20,  1.16s/it][A

 35%|███▍      | 9/26 [00:09<00:19,  1.17s/it][A

 38%|███▊      | 10/26 [00:10<00:18,  1.18s/it][A

 42%|████▏     | 11/26 [00:12<00:17,  1.19s/it][A

 46%|████▌     | 12/26 [00:13<00:16,  1.19s/it][A

 50%|█████     | 13/26 [00:14<00:15,  1.19s/it][A

 54%|█████▍    | 14/26 [00:15<00:14,  1.20s/it][A

 58%|█████▊    | 15/26 [00:16<00:13,  1.20s/it][A

 62%|██████▏   | 16/26 [00:18<00:11,  1.20s/it][A

 65%|██████▌   | 17/26 [00:19<00:10,  1.20s/it][A

 69%|██████▉   | 18/26 [00:20<00:09,  1.20s/it][A

 73%|███████▎  | 19/26 [00:21<00:08,  1.20s/it][A

 77%|███████▋  | 20/26 [00:22<00:07,  1.20s/it][A

 81%|████████  | 21/26 [00:24<00:05,  1.20s/it][A

 85%|████████▍ | 22/26 [00:25<00:04,  1.20s/it][A

 88%|████████▊ | 23/26 [00:26<00:03,  1.20s/it][A

 92%|█████████▏| 24/26 [00:27<00:02,  1.20s/it][A

 96%|█████████▌| 25/26 [00:28<00:01,  1.20s/it][A

100%|██████████| 26/26 [00:29<00:00,  1.14s/it][A
                                                    

                                               
[A
 17%|█▋        | 260/1530 [45:37<2:56:55,  8.36s/it]

100%|██████████| 26/26 [00:29<00:00,  1.14s/it][A

                                               [A{'eval_loss': 1.7043753862380981, 'eval_macro_recall': 0.5505140692640693, 'eval_macro_precision': 0.5086561530977659, 'eval_macro_f1': 0.5018907700788023, 'eval_accuracy': 0.5691747572815534, 'eval_micro_recall': 0.5691747572815534, 'eval_micro_precision': 0.5691747572815534, 'eval_micro_f1': 0.5691747572815534, 'eval_runtime': 31.2887, 'eval_samples_per_second': 26.335, 'eval_steps_per_second': 0.831, 'epoch': 5.0}

 17%|█▋        | 261/1530 [45:51<6:48:09, 19.30s/it]
 17%|█▋        | 262/1530 [46:01<5:48:14, 16.48s/it]
 17%|█▋        | 263/1530 [46:10<5:06:18, 14.51s/it]
 17%|█▋        | 264/1530 [46:20<4:36:53, 13.12s/it]
 17%|█▋        | 265/1530 [46:30<4:16:18, 12.16s/it]
 17%|█▋        | 266/1530 [46:40<4:01:52, 11.48s/it]
 17%|█▋        | 267/1530 [46:50<3:51:47, 11.01s/it]
 18%|█▊        | 268/1530 [47:00<3:44:35, 10.68s/it]
 18%|█▊        | 269/1530 [47:10<3:39:31, 10.45s/it]
 18%|█▊        | 270/1530 [47:20<3:35:55, 10.28s/it]
 18%|█▊        | 271/1530 [47:30<3:33:21, 10.17s/it]
 18%|█▊        | 272/1530 [47:40<3:31:33, 10.09s/it]
 18%|█▊        | 273/1530 [47:50<3:30:11, 10.03s/it]
 18%|█▊        | 274/1530 [47:59<3:29:12,  9.99s/it]
 18%|█▊        | 275/1530 [48:09<3:28:28,  9.97s/it]
 18%|█▊        | 276/1530 [48:19<3:27:56,  9.95s/it]
 18%|█▊        | 277/1530 [48:29<3:27:30,  9.94s/it]
 18%|█▊        | 278/1530 [48:39<3:27:06,  9.93s/it]
 18%|█▊        | 279/1530 [48:49<3:26:48,  9.92s/it]
 18%|█▊        | 280/1530 [48:59<3:26:32,  9.91s/it]
 18%|█▊        | 281/1530 [49:09<3:26:18,  9.91s/it]
 18%|█▊        | 282/1530 [49:19<3:26:03,  9.91s/it]
 18%|█▊        | 283/1530 [49:29<3:25:51,  9.91s/it]
 19%|█▊        | 284/1530 [49:38<3:25:40,  9.90s/it]
 19%|█▊        | 285/1530 [49:48<3:25:29,  9.90s/it]
 19%|█▊        | 286/1530 [49:58<3:25:19,  9.90s/it]
 19%|█▉        | 287/1530 [50:08<3:25:08,  9.90s/it]
 19%|█▉        | 288/1530 [50:18<3:24:59,  9.90s/it]
 19%|█▉        | 289/1530 [50:28<3:24:47,  9.90s/it]
 19%|█▉        | 290/1530 [50:38<3:24:38,  9.90s/it]
 19%|█▉        | 291/1530 [50:48<3:24:28,  9.90s/it]
 19%|█▉        | 292/1530 [50:58<3:24:17,  9.90s/it]
 19%|█▉        | 293/1530 [51:08<3:24:06,  9.90s/it]
 19%|█▉        | 294/1530 [51:17<3:23:56,  9.90s/it]
 19%|█▉        | 295/1530 [51:27<3:23:45,  9.90s/it]
 19%|█▉        | 296/1530 [51:37<3:23:35,  9.90s/it]
 19%|█▉        | 297/1530 [51:47<3:23:26,  9.90s/it]
 19%|█▉        | 298/1530 [51:57<3:23:16,  9.90s/it]
 20%|█▉        | 299/1530 [52:07<3:23:06,  9.90s/it]
 20%|█▉        | 300/1530 [52:17<3:22:55,  9.90s/it]
 20%|█▉        | 301/1530 [52:27<3:22:46,  9.90s/it]
 20%|█▉        | 302/1530 [52:37<3:22:35,  9.90s/it]
 20%|█▉        | 303/1530 [52:47<3:22:26,  9.90s/it]
 20%|█▉        | 304/1530 [52:56<3:22:17,  9.90s/it]
 20%|█▉        | 305/1530 [53:06<3:22:08,  9.90s/it]
 20%|██        | 306/1530 [53:16<3:21:59,  9.90s/it]
 20%|██        | 307/1530 [53:26<3:21:49,  9.90s/it]
 20%|██        | 308/1530 [53:36<3:21:39,  9.90s/it]
 20%|██        | 309/1530 [53:46<3:21:29,  9.90s/it]
 20%|██        | 310/1530 [53:56<3:21:19,  9.90s/it]
 20%|██        | 311/1530 [54:06<3:21:08,  9.90s/it]
 20%|██        | 312/1530 [54:11<2:49:37,  8.36s/it]
                                                    

 20%|██        | 312/1530 [54:11<2:49:37,  8.36s/it]{'loss': 1.6038, 'grad_norm': 2.5146281719207764, 'learning_rate': 3.980392156862745e-05, 'epoch': 6.0}


  0%|          | 0/26 [00:00<?, ?it/s][A

  8%|▊         | 2/26 [00:01<00:14,  1.66it/s][A

 12%|█▏        | 3/26 [00:02<00:19,  1.17it/s][A

 15%|█▌        | 4/26 [00:03<00:21,  1.02it/s][A

 19%|█▉        | 5/26 [00:04<00:22,  1.06s/it][A

 23%|██▎       | 6/26 [00:06<00:22,  1.10s/it][A

 27%|██▋       | 7/26 [00:07<00:21,  1.14s/it][A

 31%|███       | 8/26 [00:08<00:20,  1.16s/it][A

 35%|███▍      | 9/26 [00:09<00:19,  1.17s/it][A

 38%|███▊      | 10/26 [00:10<00:18,  1.18s/it][A

 42%|████▏     | 11/26 [00:12<00:17,  1.19s/it][A

 46%|████▌     | 12/26 [00:13<00:16,  1.19s/it][A

 50%|█████     | 13/26 [00:14<00:15,  1.19s/it][A

 54%|█████▍    | 14/26 [00:15<00:14,  1.20s/it][A

 58%|█████▊    | 15/26 [00:16<00:13,  1.20s/it][A

 62%|██████▏   | 16/26 [00:18<00:11,  1.20s/it][A

 65%|██████▌   | 17/26 [00:19<00:10,  1.20s/it][A

 69%|██████▉   | 18/26 [00:20<00:09,  1.20s/it][A

 73%|███████▎  | 19/26 [00:21<00:08,  1.20s/it][A

 77%|███████▋  | 20/26 [00:22<00:07,  1.20s/it][A

 81%|████████  | 21/26 [00:24<00:06,  1.20s/it][A

 85%|████████▍ | 22/26 [00:25<00:04,  1.20s/it][A

 88%|████████▊ | 23/26 [00:26<00:03,  1.20s/it][A

 92%|█████████▏| 24/26 [00:27<00:02,  1.20s/it][A

 96%|█████████▌| 25/26 [00:28<00:01,  1.20s/it][A

100%|██████████| 26/26 [00:29<00:00,  1.14s/it][A
                                                    

                                               
[A
 20%|██        | 312/1530 [54:42<2:49:37,  8.36s/it]

100%|██████████| 26/26 [00:29<00:00,  1.14s/it][A

                                               [A{'eval_loss': 1.5234113931655884, 'eval_macro_recall': 0.5732931998556998, 'eval_macro_precision': 0.5265736891283921, 'eval_macro_f1': 0.5267382218386192, 'eval_accuracy': 0.6007281553398058, 'eval_micro_recall': 0.6007281553398058, 'eval_micro_precision': 0.6007281553398058, 'eval_micro_f1': 0.6007281553398058, 'eval_runtime': 31.3183, 'eval_samples_per_second': 26.311, 'eval_steps_per_second': 0.83, 'epoch': 6.0}

 20%|██        | 313/1530 [54:56<6:32:39, 19.36s/it]
 21%|██        | 314/1530 [55:05<5:34:50, 16.52s/it]
 21%|██        | 315/1530 [55:15<4:54:20, 14.54s/it]
 21%|██        | 316/1530 [55:25<4:25:57, 13.14s/it]
 21%|██        | 317/1530 [55:35<4:06:03, 12.17s/it]
 21%|██        | 318/1530 [55:45<3:52:05, 11.49s/it]
 21%|██        | 319/1530 [55:55<3:42:15, 11.01s/it]
 21%|██        | 320/1530 [56:05<3:35:19, 10.68s/it]
 21%|██        | 321/1530 [56:15<3:30:25, 10.44s/it]
 21%|██        | 322/1530 [56:25<3:26:57, 10.28s/it]
 21%|██        | 323/1530 [56:35<3:24:29, 10.16s/it]
 21%|██        | 324/1530 [56:44<3:22:43, 10.09s/it]
 21%|██        | 325/1530 [56:54<3:21:26, 10.03s/it]
 21%|██▏       | 326/1530 [57:04<3:20:29,  9.99s/it]
 21%|██▏       | 327/1530 [57:14<3:19:46,  9.96s/it]
 21%|██▏       | 328/1530 [57:24<3:19:10,  9.94s/it]
 22%|██▏       | 329/1530 [57:34<3:18:44,  9.93s/it]
 22%|██▏       | 330/1530 [57:44<3:18:26,  9.92s/it]
 22%|██▏       | 331/1530 [57:54<3:18:07,  9.91s/it]
 22%|██▏       | 332/1530 [58:04<3:17:59,  9.92s/it]
 22%|██▏       | 333/1530 [58:14<3:17:44,  9.91s/it]
 22%|██▏       | 334/1530 [58:23<3:17:28,  9.91s/it]
 22%|██▏       | 335/1530 [58:33<3:17:15,  9.90s/it]
 22%|██▏       | 336/1530 [58:43<3:17:01,  9.90s/it]
 22%|██▏       | 337/1530 [58:53<3:16:51,  9.90s/it]
 22%|██▏       | 338/1530 [59:03<3:16:39,  9.90s/it]
 22%|██▏       | 339/1530 [59:13<3:16:29,  9.90s/it]
 22%|██▏       | 340/1530 [59:23<3:16:21,  9.90s/it]
 22%|██▏       | 341/1530 [59:33<3:16:11,  9.90s/it]
 22%|██▏       | 342/1530 [59:43<3:15:59,  9.90s/it]
 22%|██▏       | 343/1530 [59:53<3:15:50,  9.90s/it]
 22%|██▏       | 344/1530 [1:00:02<3:15:38,  9.90s/it]
 23%|██▎       | 345/1530 [1:00:12<3:15:29,  9.90s/it]
 23%|██▎       | 346/1530 [1:00:22<3:15:18,  9.90s/it]
 23%|██▎       | 347/1530 [1:00:32<3:15:07,  9.90s/it]
 23%|██▎       | 348/1530 [1:00:42<3:14:58,  9.90s/it]
 23%|██▎       | 349/1530 [1:00:52<3:14:46,  9.90s/it]
 23%|██▎       | 350/1530 [1:01:02<3:14:36,  9.90s/it]
 23%|██▎       | 351/1530 [1:01:12<3:14:27,  9.90s/it]
 23%|██▎       | 352/1530 [1:01:22<3:14:20,  9.90s/it]
 23%|██▎       | 353/1530 [1:01:31<3:14:09,  9.90s/it]
 23%|██▎       | 354/1530 [1:01:41<3:14:00,  9.90s/it]
 23%|██▎       | 355/1530 [1:01:51<3:13:49,  9.90s/it]
 23%|██▎       | 356/1530 [1:02:01<3:13:40,  9.90s/it]
 23%|██▎       | 357/1530 [1:02:11<3:13:29,  9.90s/it]
 23%|██▎       | 358/1530 [1:02:21<3:13:19,  9.90s/it]
 23%|██▎       | 359/1530 [1:02:31<3:13:57,  9.94s/it]
 24%|██▎       | 360/1530 [1:02:41<3:13:31,  9.92s/it]
 24%|██▎       | 361/1530 [1:02:51<3:13:11,  9.92s/it]
 24%|██▎       | 362/1530 [1:03:01<3:12:55,  9.91s/it]
 24%|██▎       | 363/1530 [1:03:11<3:12:39,  9.91s/it]
 24%|██▍       | 364/1530 [1:03:15<2:42:53,  8.38s/it]
                                                      

 24%|██▍       | 364/1530 [1:03:16<2:42:53,  8.38s/it]{'loss': 1.4102, 'grad_norm': 2.5326554775238037, 'learning_rate': 3.810457516339869e-05, 'epoch': 7.0}


  0%|          | 0/26 [00:00<?, ?it/s][A

  8%|▊         | 2/26 [00:01<00:14,  1.67it/s][A

 12%|█▏        | 3/26 [00:02<00:19,  1.18it/s][A

 15%|█▌        | 4/26 [00:03<00:21,  1.02it/s][A

 19%|█▉        | 5/26 [00:04<00:22,  1.06s/it][A

 23%|██▎       | 6/26 [00:05<00:22,  1.10s/it][A

 27%|██▋       | 7/26 [00:07<00:21,  1.13s/it][A

 31%|███       | 8/26 [00:08<00:20,  1.15s/it][A

 35%|███▍      | 9/26 [00:09<00:19,  1.17s/it][A

 38%|███▊      | 10/26 [00:10<00:18,  1.18s/it][A

 42%|████▏     | 11/26 [00:11<00:17,  1.18s/it][A

 46%|████▌     | 12/26 [00:13<00:16,  1.19s/it][A

 50%|█████     | 13/26 [00:14<00:15,  1.19s/it][A

 54%|█████▍    | 14/26 [00:15<00:14,  1.20s/it][A

 58%|█████▊    | 15/26 [00:16<00:13,  1.20s/it][A

 62%|██████▏   | 16/26 [00:17<00:11,  1.20s/it][A

 65%|██████▌   | 17/26 [00:19<00:10,  1.20s/it][A

 69%|██████▉   | 18/26 [00:20<00:09,  1.20s/it][A

 73%|███████▎  | 19/26 [00:21<00:08,  1.20s/it][A

 77%|███████▋  | 20/26 [00:22<00:07,  1.20s/it][A

 81%|████████  | 21/26 [00:23<00:05,  1.20s/it][A

 85%|████████▍ | 22/26 [00:25<00:04,  1.20s/it][A

 88%|████████▊ | 23/26 [00:26<00:03,  1.20s/it][A

 92%|█████████▏| 24/26 [00:27<00:02,  1.20s/it][A

 96%|█████████▌| 25/26 [00:28<00:01,  1.20s/it][A

100%|██████████| 26/26 [00:29<00:00,  1.14s/it][A
                                                      

                                               
[A
 24%|██▍       | 364/1530 [1:03:47<2:42:53,  8.38s/it]

100%|██████████| 26/26 [00:29<00:00,  1.14s/it][A

                                               [A{'eval_loss': 1.3670985698699951, 'eval_macro_recall': 0.5791607224845862, 'eval_macro_precision': 0.5333886515854219, 'eval_macro_f1': 0.528480998513113, 'eval_accuracy': 0.5970873786407767, 'eval_micro_recall': 0.5970873786407767, 'eval_micro_precision': 0.5970873786407767, 'eval_micro_f1': 0.5970873786407767, 'eval_runtime': 31.5124, 'eval_samples_per_second': 26.148, 'eval_steps_per_second': 0.825, 'epoch': 7.0}

 24%|██▍       | 365/1530 [1:04:01<6:18:40, 19.50s/it]
 24%|██▍       | 366/1530 [1:04:11<5:22:25, 16.62s/it]
 24%|██▍       | 367/1530 [1:04:21<4:43:02, 14.60s/it]
 24%|██▍       | 368/1530 [1:04:31<4:15:26, 13.19s/it]
 24%|██▍       | 369/1530 [1:04:43<4:08:04, 12.82s/it]
 24%|██▍       | 370/1530 [1:04:52<3:50:57, 11.95s/it]
 24%|██▍       | 371/1530 [1:05:02<3:39:18, 11.35s/it]
 24%|██▍       | 372/1530 [1:05:24<4:38:14, 14.42s/it]
 24%|██▍       | 373/1530 [1:05:34<4:14:28, 13.20s/it]
 24%|██▍       | 374/1530 [1:05:44<3:55:08, 12.20s/it]
 25%|██▍       | 375/1530 [1:05:54<3:41:35, 11.51s/it]
 25%|██▍       | 376/1530 [1:06:04<3:32:04, 11.03s/it]
 25%|██▍       | 377/1530 [1:06:14<3:25:21, 10.69s/it]
 25%|██▍       | 378/1530 [1:06:24<3:20:36, 10.45s/it]
 25%|██▍       | 379/1530 [1:06:34<3:17:13, 10.28s/it]
 25%|██▍       | 380/1530 [1:06:44<3:14:49, 10.16s/it]
 25%|██▍       | 381/1530 [1:06:53<3:13:06, 10.08s/it]
 25%|██▍       | 382/1530 [1:07:03<3:11:52, 10.03s/it]
 25%|██▌       | 383/1530 [1:07:13<3:10:58,  9.99s/it]
 25%|██▌       | 384/1530 [1:07:23<3:10:16,  9.96s/it]
 25%|██▌       | 385/1530 [1:07:33<3:09:44,  9.94s/it]
 25%|██▌       | 386/1530 [1:07:43<3:09:19,  9.93s/it]
 25%|██▌       | 387/1530 [1:07:53<3:09:00,  9.92s/it]
 25%|██▌       | 388/1530 [1:08:03<3:08:45,  9.92s/it]
 25%|██▌       | 389/1530 [1:08:13<3:08:30,  9.91s/it]
 25%|██▌       | 390/1530 [1:08:23<3:08:16,  9.91s/it]
 26%|██▌       | 391/1530 [1:08:32<3:08:04,  9.91s/it]
 26%|██▌       | 392/1530 [1:08:42<3:07:53,  9.91s/it]
 26%|██▌       | 393/1530 [1:08:52<3:07:42,  9.91s/it]
 26%|██▌       | 394/1530 [1:09:02<3:07:31,  9.90s/it]
 26%|██▌       | 395/1530 [1:09:12<3:07:21,  9.90s/it]
 26%|██▌       | 396/1530 [1:09:22<3:07:11,  9.90s/it]
 26%|██▌       | 397/1530 [1:09:32<3:07:01,  9.90s/it]
 26%|██▌       | 398/1530 [1:09:42<3:06:51,  9.90s/it]
 26%|██▌       | 399/1530 [1:09:52<3:06:42,  9.90s/it]
 26%|██▌       | 400/1530 [1:10:02<3:06:32,  9.91s/it]
 26%|██▌       | 401/1530 [1:10:11<3:06:22,  9.91s/it]
 26%|██▋       | 402/1530 [1:10:21<3:06:14,  9.91s/it]
 26%|██▋       | 403/1530 [1:10:31<3:06:06,  9.91s/it]
 26%|██▋       | 404/1530 [1:10:41<3:05:55,  9.91s/it]
 26%|██▋       | 405/1530 [1:10:51<3:05:44,  9.91s/it]
 27%|██▋       | 406/1530 [1:11:01<3:05:33,  9.91s/it]
 27%|██▋       | 407/1530 [1:11:11<3:05:23,  9.91s/it]
 27%|██▋       | 408/1530 [1:11:21<3:05:12,  9.90s/it]
 27%|██▋       | 409/1530 [1:11:31<3:05:03,  9.90s/it]
 27%|██▋       | 410/1530 [1:11:41<3:04:53,  9.90s/it]
 27%|██▋       | 411/1530 [1:11:51<3:04:43,  9.91s/it]
 27%|██▋       | 412/1530 [1:12:00<3:04:33,  9.90s/it]
 27%|██▋       | 413/1530 [1:12:10<3:04:24,  9.91s/it]
 27%|██▋       | 414/1530 [1:12:20<3:05:18,  9.96s/it]
 27%|██▋       | 415/1530 [1:12:30<3:04:47,  9.94s/it]
 27%|██▋       | 416/1530 [1:12:35<2:35:41,  8.39s/it]
                                                      

 27%|██▋       | 416/1530 [1:12:36<2:35:41,  8.39s/it]{'loss': 1.2544, 'grad_norm': 2.932387113571167, 'learning_rate': 3.640522875816993e-05, 'epoch': 8.0}


  0%|          | 0/26 [00:00<?, ?it/s][A

  8%|▊         | 2/26 [00:01<00:14,  1.66it/s][A

 12%|█▏        | 3/26 [00:02<00:19,  1.17it/s][A

 15%|█▌        | 4/26 [00:03<00:21,  1.02it/s][A

 19%|█▉        | 5/26 [00:04<00:22,  1.06s/it][A

 23%|██▎       | 6/26 [00:06<00:22,  1.10s/it][A

 27%|██▋       | 7/26 [00:07<00:21,  1.14s/it][A

 31%|███       | 8/26 [00:08<00:20,  1.16s/it][A

 35%|███▍      | 9/26 [00:09<00:19,  1.17s/it][A

 38%|███▊      | 10/26 [00:10<00:18,  1.18s/it][A

 42%|████▏     | 11/26 [00:12<00:17,  1.19s/it][A

 46%|████▌     | 12/26 [00:13<00:16,  1.19s/it][A

 50%|█████     | 13/26 [00:14<00:15,  1.19s/it][A

 54%|█████▍    | 14/26 [00:15<00:14,  1.20s/it][A

 58%|█████▊    | 15/26 [00:16<00:13,  1.20s/it][A

 62%|██████▏   | 16/26 [00:18<00:11,  1.20s/it][A

 65%|██████▌   | 17/26 [00:19<00:10,  1.20s/it][A

 69%|██████▉   | 18/26 [00:20<00:09,  1.20s/it][A

 73%|███████▎  | 19/26 [00:21<00:08,  1.20s/it][A

 77%|███████▋  | 20/26 [00:22<00:07,  1.20s/it][A

 81%|████████  | 21/26 [00:24<00:06,  1.20s/it][A

 85%|████████▍ | 22/26 [00:25<00:04,  1.20s/it][A

 88%|████████▊ | 23/26 [00:26<00:03,  1.20s/it][A

 92%|█████████▏| 24/26 [00:27<00:02,  1.20s/it][A

 96%|█████████▌| 25/26 [00:28<00:01,  1.20s/it][A

100%|██████████| 26/26 [00:29<00:00,  1.14s/it][A
                                                      

                                               
[A
 27%|██▋       | 416/1530 [1:13:09<2:35:41,  8.39s/it]

100%|██████████| 26/26 [00:30<00:00,  1.14s/it][A

                                               [A{'eval_loss': 1.2785484790802002, 'eval_macro_recall': 0.5984518480257117, 'eval_macro_precision': 0.5638465747809868, 'eval_macro_f1': 0.5544649946103218, 'eval_accuracy': 0.6237864077669902, 'eval_micro_recall': 0.6237864077669902, 'eval_micro_precision': 0.6237864077669902, 'eval_micro_f1': 0.6237864077669902, 'eval_runtime': 32.9506, 'eval_samples_per_second': 25.007, 'eval_steps_per_second': 0.789, 'epoch': 8.0}

 27%|██▋       | 417/1530 [1:13:24<6:20:52, 20.53s/it]
 27%|██▋       | 418/1530 [1:13:34<5:21:28, 17.35s/it]
 27%|██▋       | 419/1530 [1:13:44<4:39:51, 15.11s/it]
 27%|██▋       | 420/1530 [1:13:54<4:10:40, 13.55s/it]
 28%|██▊       | 421/1530 [1:14:04<3:50:12, 12.45s/it]
 28%|██▊       | 422/1530 [1:14:14<3:35:52, 11.69s/it]
 28%|██▊       | 423/1530 [1:14:23<3:25:47, 11.15s/it]
 28%|██▊       | 424/1530 [1:14:33<3:18:41, 10.78s/it]
 28%|██▊       | 425/1530 [1:14:43<3:13:41, 10.52s/it]
 28%|██▊       | 426/1530 [1:14:53<3:10:07, 10.33s/it]
 28%|██▊       | 427/1530 [1:15:03<3:07:35, 10.20s/it]
 28%|██▊       | 428/1530 [1:15:13<3:05:47, 10.12s/it]
 28%|██▊       | 429/1530 [1:15:23<3:04:27, 10.05s/it]
 28%|██▊       | 430/1530 [1:15:33<3:03:28, 10.01s/it]
 28%|██▊       | 431/1530 [1:15:43<3:02:44,  9.98s/it]
 28%|██▊       | 432/1530 [1:15:53<3:02:11,  9.96s/it]
 28%|██▊       | 433/1530 [1:16:02<3:01:45,  9.94s/it]
 28%|██▊       | 434/1530 [1:16:12<3:01:24,  9.93s/it]
 28%|██▊       | 435/1530 [1:16:22<3:01:05,  9.92s/it]
 28%|██▊       | 436/1530 [1:16:32<3:00:51,  9.92s/it]
 29%|██▊       | 437/1530 [1:16:42<3:00:37,  9.92s/it]
 29%|██▊       | 438/1530 [1:16:52<3:00:24,  9.91s/it]
 29%|██▊       | 439/1530 [1:17:02<3:00:12,  9.91s/it]
 29%|██▉       | 440/1530 [1:17:12<3:00:01,  9.91s/it]
 29%|██▉       | 441/1530 [1:17:22<2:59:50,  9.91s/it]
 29%|██▉       | 442/1530 [1:17:32<2:59:38,  9.91s/it]
 29%|██▉       | 443/1530 [1:17:42<2:59:44,  9.92s/it]
 29%|██▉       | 444/1530 [1:17:51<2:59:28,  9.92s/it]
 29%|██▉       | 445/1530 [1:18:01<2:59:15,  9.91s/it]
 29%|██▉       | 446/1530 [1:18:11<2:59:03,  9.91s/it]
 29%|██▉       | 447/1530 [1:18:21<2:58:52,  9.91s/it]
 29%|██▉       | 448/1530 [1:18:31<2:58:42,  9.91s/it]
 29%|██▉       | 449/1530 [1:18:41<2:58:31,  9.91s/it]
 29%|██▉       | 450/1530 [1:18:51<2:58:20,  9.91s/it]
 29%|██▉       | 451/1530 [1:19:01<2:58:09,  9.91s/it]
 30%|██▉       | 452/1530 [1:19:11<2:57:59,  9.91s/it]
 30%|██▉       | 453/1530 [1:19:21<2:57:48,  9.91s/it]
 30%|██▉       | 454/1530 [1:19:31<2:57:38,  9.91s/it]
 30%|██▉       | 455/1530 [1:19:40<2:57:28,  9.91s/it]
 30%|██▉       | 456/1530 [1:19:50<2:57:17,  9.90s/it]
 30%|██▉       | 457/1530 [1:20:00<2:57:07,  9.90s/it]
 30%|██▉       | 458/1530 [1:20:10<2:56:57,  9.90s/it]
 30%|███       | 459/1530 [1:20:20<2:56:48,  9.91s/it]
 30%|███       | 460/1530 [1:20:30<2:56:38,  9.91s/it]
 30%|███       | 461/1530 [1:20:40<2:56:28,  9.91s/it]
 30%|███       | 462/1530 [1:20:50<2:56:20,  9.91s/it]
 30%|███       | 463/1530 [1:21:00<2:56:11,  9.91s/it]
 30%|███       | 464/1530 [1:21:10<2:56:03,  9.91s/it]
 30%|███       | 465/1530 [1:21:20<2:55:53,  9.91s/it]
 30%|███       | 466/1530 [1:21:29<2:55:42,  9.91s/it]
 31%|███       | 467/1530 [1:21:39<2:55:30,  9.91s/it]
 31%|███       | 468/1530 [1:21:44<2:27:53,  8.36s/it]
                                                      

 31%|███       | 468/1530 [1:21:44<2:27:53,  8.36s/it]{'loss': 1.1443, 'grad_norm': 1.8686392307281494, 'learning_rate': 3.470588235294118e-05, 'epoch': 9.0}


  0%|          | 0/26 [00:00<?, ?it/s][A

  8%|▊         | 2/26 [00:01<00:14,  1.67it/s][A

 12%|█▏        | 3/26 [00:02<00:19,  1.18it/s][A

 15%|█▌        | 4/26 [00:03<00:21,  1.02it/s][A

 19%|█▉        | 5/26 [00:04<00:22,  1.06s/it][A

 23%|██▎       | 6/26 [00:05<00:22,  1.10s/it][A

 27%|██▋       | 7/26 [00:07<00:21,  1.13s/it][A

 31%|███       | 8/26 [00:08<00:20,  1.15s/it][A

 35%|███▍      | 9/26 [00:09<00:19,  1.17s/it][A

 38%|███▊      | 10/26 [00:10<00:18,  1.18s/it][A

 42%|████▏     | 11/26 [00:11<00:17,  1.18s/it][A

 46%|████▌     | 12/26 [00:13<00:16,  1.19s/it][A

 50%|█████     | 13/26 [00:14<00:15,  1.19s/it][A

 54%|█████▍    | 14/26 [00:15<00:14,  1.20s/it][A

 58%|█████▊    | 15/26 [00:16<00:13,  1.20s/it][A

 62%|██████▏   | 16/26 [00:17<00:11,  1.20s/it][A

 65%|██████▌   | 17/26 [00:19<00:10,  1.20s/it][A

 69%|██████▉   | 18/26 [00:20<00:09,  1.20s/it][A

 73%|███████▎  | 19/26 [00:21<00:08,  1.20s/it][A

 77%|███████▋  | 20/26 [00:22<00:07,  1.20s/it][A

 81%|████████  | 21/26 [00:24<00:05,  1.20s/it][A

 85%|████████▍ | 22/26 [00:25<00:04,  1.20s/it][A

 88%|████████▊ | 23/26 [00:26<00:03,  1.20s/it][A

 92%|█████████▏| 24/26 [00:27<00:02,  1.20s/it][A

 96%|█████████▌| 25/26 [00:28<00:01,  1.20s/it][A

100%|██████████| 26/26 [00:29<00:00,  1.14s/it][A
                                                      

                                               
[A
 31%|███       | 468/1530 [1:22:15<2:27:53,  8.36s/it]

100%|██████████| 26/26 [00:29<00:00,  1.14s/it][A

                                               [A{'eval_loss': 1.182882308959961, 'eval_macro_recall': 0.6216593696707332, 'eval_macro_precision': 0.5904265251032492, 'eval_macro_f1': 0.5792504549766989, 'eval_accuracy': 0.6395631067961165, 'eval_micro_recall': 0.6395631067961165, 'eval_micro_precision': 0.6395631067961165, 'eval_micro_f1': 0.6395631067961165, 'eval_runtime': 31.2955, 'eval_samples_per_second': 26.33, 'eval_steps_per_second': 0.831, 'epoch': 9.0}

 31%|███       | 469/1530 [1:22:29<5:41:38, 19.32s/it]
 31%|███       | 470/1530 [1:22:39<4:51:22, 16.49s/it]
 31%|███       | 471/1530 [1:22:49<4:16:09, 14.51s/it]
 31%|███       | 472/1530 [1:22:59<3:51:29, 13.13s/it]
 31%|███       | 473/1530 [1:23:09<3:34:11, 12.16s/it]
 31%|███       | 474/1530 [1:23:18<3:22:06, 11.48s/it]
 31%|███       | 475/1530 [1:23:28<3:13:35, 11.01s/it]
 31%|███       | 476/1530 [1:23:38<3:07:33, 10.68s/it]
 31%|███       | 477/1530 [1:23:48<3:03:18, 10.44s/it]
 31%|███       | 478/1530 [1:23:58<3:00:15, 10.28s/it]
 31%|███▏      | 479/1530 [1:24:08<2:58:06, 10.17s/it]
 31%|███▏      | 480/1530 [1:24:18<2:56:31, 10.09s/it]
 31%|███▏      | 481/1530 [1:24:28<2:55:22, 10.03s/it]
 32%|███▏      | 482/1530 [1:24:38<2:54:30,  9.99s/it]
 32%|███▏      | 483/1530 [1:24:48<2:53:50,  9.96s/it]
 32%|███▏      | 484/1530 [1:24:57<2:53:22,  9.94s/it]
 32%|███▏      | 485/1530 [1:25:07<2:52:57,  9.93s/it]
 32%|███▏      | 486/1530 [1:25:17<2:52:36,  9.92s/it]
 32%|███▏      | 487/1530 [1:25:27<2:52:19,  9.91s/it]
 32%|███▏      | 488/1530 [1:25:37<2:52:04,  9.91s/it]
 32%|███▏      | 489/1530 [1:25:47<2:51:49,  9.90s/it]
 32%|███▏      | 490/1530 [1:25:57<2:51:37,  9.90s/it]
 32%|███▏      | 491/1530 [1:26:07<2:51:24,  9.90s/it]
 32%|███▏      | 492/1530 [1:26:17<2:51:13,  9.90s/it]
 32%|███▏      | 493/1530 [1:26:27<2:51:01,  9.90s/it]
 32%|███▏      | 494/1530 [1:26:36<2:50:51,  9.90s/it]
 32%|███▏      | 495/1530 [1:26:46<2:50:41,  9.90s/it]
 32%|███▏      | 496/1530 [1:26:56<2:50:32,  9.90s/it]
 32%|███▏      | 497/1530 [1:27:06<2:50:21,  9.90s/it]
 33%|███▎      | 498/1530 [1:27:16<2:50:11,  9.89s/it]
 33%|███▎      | 499/1530 [1:27:26<2:50:02,  9.90s/it]
 33%|███▎      | 500/1530 [1:27:36<2:49:53,  9.90s/it]
 33%|███▎      | 501/1530 [1:27:46<2:49:42,  9.90s/it]
 33%|███▎      | 502/1530 [1:27:56<2:49:32,  9.90s/it]
 33%|███▎      | 503/1530 [1:28:05<2:49:22,  9.90s/it]
 33%|███▎      | 504/1530 [1:28:15<2:49:11,  9.89s/it]
 33%|███▎      | 505/1530 [1:28:25<2:49:02,  9.90s/it]
 33%|███▎      | 506/1530 [1:28:35<2:48:53,  9.90s/it]
 33%|███▎      | 507/1530 [1:28:45<2:48:43,  9.90s/it]
 33%|███▎      | 508/1530 [1:28:55<2:48:32,  9.90s/it]
 33%|███▎      | 509/1530 [1:29:05<2:48:24,  9.90s/it]
 33%|███▎      | 510/1530 [1:29:15<2:48:14,  9.90s/it]
 33%|███▎      | 511/1530 [1:29:25<2:48:04,  9.90s/it]
 33%|███▎      | 512/1530 [1:29:35<2:47:54,  9.90s/it]
 34%|███▎      | 513/1530 [1:29:44<2:47:43,  9.90s/it]
 34%|███▎      | 514/1530 [1:29:54<2:47:33,  9.90s/it]
 34%|███▎      | 515/1530 [1:30:04<2:47:23,  9.90s/it]
 34%|███▎      | 516/1530 [1:30:14<2:47:13,  9.89s/it]
 34%|███▍      | 517/1530 [1:30:24<2:47:04,  9.90s/it]
 34%|███▍      | 518/1530 [1:30:34<2:46:54,  9.90s/it]
 34%|███▍      | 519/1530 [1:30:44<2:46:44,  9.90s/it]
 34%|███▍      | 520/1530 [1:30:49<2:20:36,  8.35s/it]
                                                      

 34%|███▍      | 520/1530 [1:30:49<2:20:36,  8.35s/it]{'loss': 1.0593, 'grad_norm': 1.8314353227615356, 'learning_rate': 3.300653594771242e-05, 'epoch': 10.0}


  0%|          | 0/26 [00:00<?, ?it/s][A

  8%|▊         | 2/26 [00:01<00:14,  1.67it/s][A

 12%|█▏        | 3/26 [00:02<00:19,  1.18it/s][A

 15%|█▌        | 4/26 [00:03<00:21,  1.02it/s][A

 19%|█▉        | 5/26 [00:04<00:22,  1.06s/it][A

 23%|██▎       | 6/26 [00:05<00:22,  1.10s/it][A

 27%|██▋       | 7/26 [00:07<00:21,  1.13s/it][A

 31%|███       | 8/26 [00:08<00:20,  1.16s/it][A

 35%|███▍      | 9/26 [00:09<00:19,  1.17s/it][A

 38%|███▊      | 10/26 [00:10<00:18,  1.18s/it][A

 42%|████▏     | 11/26 [00:11<00:17,  1.18s/it][A

 46%|████▌     | 12/26 [00:13<00:16,  1.19s/it][A

 50%|█████     | 13/26 [00:14<00:15,  1.19s/it][A

 54%|█████▍    | 14/26 [00:15<00:14,  1.20s/it][A

 58%|█████▊    | 15/26 [00:16<00:13,  1.20s/it][A

 62%|██████▏   | 16/26 [00:17<00:11,  1.20s/it][A

 65%|██████▌   | 17/26 [00:19<00:10,  1.20s/it][A

 69%|██████▉   | 18/26 [00:20<00:09,  1.20s/it][A

 73%|███████▎  | 19/26 [00:21<00:08,  1.20s/it][A

 77%|███████▋  | 20/26 [00:22<00:07,  1.20s/it][A

 81%|████████  | 21/26 [00:24<00:05,  1.20s/it][A

 85%|████████▍ | 22/26 [00:25<00:04,  1.20s/it][A

 88%|████████▊ | 23/26 [00:26<00:03,  1.20s/it][A

 92%|█████████▏| 24/26 [00:27<00:02,  1.20s/it][A

 96%|█████████▌| 25/26 [00:28<00:01,  1.20s/it][A

100%|██████████| 26/26 [00:29<00:00,  1.14s/it][A
                                                      

                                               
[A
 34%|███▍      | 520/1530 [1:31:20<2:20:36,  8.35s/it]

100%|██████████| 26/26 [00:29<00:00,  1.14s/it][A

                                               [A{'eval_loss': 1.1498804092407227, 'eval_macro_recall': 0.6197972009051554, 'eval_macro_precision': 0.5918450083110669, 'eval_macro_f1': 0.5772868806078112, 'eval_accuracy': 0.6468446601941747, 'eval_micro_recall': 0.6468446601941747, 'eval_micro_precision': 0.6468446601941747, 'eval_micro_f1': 0.6468446601941747, 'eval_runtime': 31.2964, 'eval_samples_per_second': 26.329, 'eval_steps_per_second': 0.831, 'epoch': 10.0}

 34%|███▍      | 521/1530 [1:31:34<5:25:06, 19.33s/it]
 34%|███▍      | 522/1530 [1:31:43<4:37:15, 16.50s/it]
 34%|███▍      | 523/1530 [1:31:53<4:03:43, 14.52s/it]
 34%|███▍      | 524/1530 [1:32:03<3:40:16, 13.14s/it]
 34%|███▍      | 525/1530 [1:32:13<3:23:47, 12.17s/it]
 34%|███▍      | 526/1530 [1:32:23<3:12:12, 11.49s/it]
 34%|███▍      | 527/1530 [1:32:33<3:04:04, 11.01s/it]
 35%|███▍      | 528/1530 [1:32:43<2:58:21, 10.68s/it]
 35%|███▍      | 529/1530 [1:32:53<2:54:15, 10.44s/it]
 35%|███▍      | 530/1530 [1:33:03<2:51:21, 10.28s/it]
 35%|███▍      | 531/1530 [1:33:13<2:49:16, 10.17s/it]
 35%|███▍      | 532/1530 [1:33:22<2:47:47, 10.09s/it]
 35%|███▍      | 533/1530 [1:33:32<2:46:42, 10.03s/it]
 35%|███▍      | 534/1530 [1:33:42<2:45:51,  9.99s/it]
 35%|███▍      | 535/1530 [1:33:52<2:45:13,  9.96s/it]
 35%|███▌      | 536/1530 [1:34:02<2:44:45,  9.94s/it]
 35%|███▌      | 537/1530 [1:34:12<2:44:22,  9.93s/it]
 35%|███▌      | 538/1530 [1:34:22<2:44:03,  9.92s/it]
 35%|███▌      | 539/1530 [1:34:32<2:43:46,  9.92s/it]
 35%|███▌      | 540/1530 [1:34:42<2:43:31,  9.91s/it]
 35%|███▌      | 541/1530 [1:34:52<2:43:17,  9.91s/it]
 35%|███▌      | 542/1530 [1:35:01<2:43:07,  9.91s/it]
 35%|███▌      | 543/1530 [1:35:11<2:42:55,  9.90s/it]
 36%|███▌      | 544/1530 [1:35:21<2:42:45,  9.90s/it]
 36%|███▌      | 545/1530 [1:35:31<2:42:32,  9.90s/it]
 36%|███▌      | 546/1530 [1:35:41<2:42:22,  9.90s/it]
 36%|███▌      | 547/1530 [1:35:51<2:42:12,  9.90s/it]
 36%|███▌      | 548/1530 [1:36:01<2:42:01,  9.90s/it]
 36%|███▌      | 549/1530 [1:36:11<2:41:51,  9.90s/it]
 36%|███▌      | 550/1530 [1:36:21<2:41:40,  9.90s/it]
 36%|███▌      | 551/1530 [1:36:31<2:41:30,  9.90s/it]
 36%|███▌      | 552/1530 [1:36:40<2:41:20,  9.90s/it]
 36%|███▌      | 553/1530 [1:36:50<2:41:09,  9.90s/it]
 36%|███▌      | 554/1530 [1:37:00<2:41:00,  9.90s/it]
 36%|███▋      | 555/1530 [1:37:10<2:40:50,  9.90s/it]
 36%|███▋      | 556/1530 [1:37:20<2:40:40,  9.90s/it]
 36%|███▋      | 557/1530 [1:37:30<2:40:30,  9.90s/it]
 36%|███▋      | 558/1530 [1:37:40<2:40:18,  9.90s/it]
 37%|███▋      | 559/1530 [1:37:50<2:40:09,  9.90s/it]
 37%|███▋      | 560/1530 [1:38:00<2:40:00,  9.90s/it]
 37%|███▋      | 561/1530 [1:38:09<2:39:50,  9.90s/it]
 37%|███▋      | 562/1530 [1:38:19<2:39:41,  9.90s/it]
 37%|███▋      | 563/1530 [1:38:29<2:39:31,  9.90s/it]
 37%|███▋      | 564/1530 [1:38:39<2:39:20,  9.90s/it]
 37%|███▋      | 565/1530 [1:38:49<2:39:10,  9.90s/it]
 37%|███▋      | 566/1530 [1:38:59<2:39:01,  9.90s/it]
 37%|███▋      | 567/1530 [1:39:09<2:38:52,  9.90s/it]
 37%|███▋      | 568/1530 [1:39:19<2:38:43,  9.90s/it]
 37%|███▋      | 569/1530 [1:39:29<2:38:31,  9.90s/it]
 37%|███▋      | 570/1530 [1:39:39<2:38:23,  9.90s/it]
 37%|███▋      | 571/1530 [1:39:48<2:38:11,  9.90s/it]
 37%|███▋      | 572/1530 [1:39:53<2:13:17,  8.35s/it]
                                                      

 37%|███▋      | 572/1530 [1:39:53<2:13:17,  8.35s/it]{'loss': 0.9879, 'grad_norm': 2.293952226638794, 'learning_rate': 3.130718954248366e-05, 'epoch': 11.0}


  0%|          | 0/26 [00:00<?, ?it/s][A

  8%|▊         | 2/26 [00:01<00:14,  1.67it/s][A

 12%|█▏        | 3/26 [00:02<00:19,  1.18it/s][A

 15%|█▌        | 4/26 [00:03<00:21,  1.02it/s][A

 19%|█▉        | 5/26 [00:04<00:22,  1.05s/it][A

 23%|██▎       | 6/26 [00:05<00:22,  1.10s/it][A

 27%|██▋       | 7/26 [00:07<00:21,  1.13s/it][A

 31%|███       | 8/26 [00:08<00:20,  1.15s/it][A

 35%|███▍      | 9/26 [00:09<00:19,  1.17s/it][A

 38%|███▊      | 10/26 [00:10<00:18,  1.18s/it][A

 42%|████▏     | 11/26 [00:11<00:17,  1.18s/it][A

 46%|████▌     | 12/26 [00:13<00:16,  1.19s/it][A

 50%|█████     | 13/26 [00:14<00:15,  1.19s/it][A

 54%|█████▍    | 14/26 [00:15<00:14,  1.19s/it][A

 58%|█████▊    | 15/26 [00:16<00:13,  1.20s/it][A

 62%|██████▏   | 16/26 [00:17<00:11,  1.20s/it][A

 65%|██████▌   | 17/26 [00:19<00:10,  1.20s/it][A

 69%|██████▉   | 18/26 [00:20<00:09,  1.20s/it][A

 73%|███████▎  | 19/26 [00:21<00:08,  1.20s/it][A

 77%|███████▋  | 20/26 [00:22<00:07,  1.20s/it][A

 81%|████████  | 21/26 [00:23<00:05,  1.20s/it][A

 85%|████████▍ | 22/26 [00:25<00:04,  1.20s/it][A

 88%|████████▊ | 23/26 [00:26<00:03,  1.20s/it][A

 92%|█████████▏| 24/26 [00:27<00:02,  1.20s/it][A

 96%|█████████▌| 25/26 [00:28<00:01,  1.20s/it][A

100%|██████████| 26/26 [00:29<00:00,  1.14s/it][A
                                                      

                                               
[A
 37%|███▋      | 572/1530 [1:40:25<2:13:17,  8.35s/it]

100%|██████████| 26/26 [00:30<00:00,  1.14s/it][A

                                               [A{'eval_loss': 1.1003282070159912, 'eval_macro_recall': 0.6318870523415977, 'eval_macro_precision': 0.612288264134855, 'eval_macro_f1': 0.5942665617407912, 'eval_accuracy': 0.654126213592233, 'eval_micro_recall': 0.654126213592233, 'eval_micro_precision': 0.654126213592233, 'eval_micro_f1': 0.654126213592233, 'eval_runtime': 31.2636, 'eval_samples_per_second': 26.357, 'eval_steps_per_second': 0.832, 'epoch': 11.0}

 37%|███▋      | 573/1530 [1:40:38<5:09:36, 19.41s/it]
 38%|███▊      | 574/1530 [1:40:48<4:23:50, 16.56s/it]
 38%|███▊      | 575/1530 [1:40:58<3:51:45, 14.56s/it]
 38%|███▊      | 576/1530 [1:41:08<3:29:16, 13.16s/it]
 38%|███▊      | 577/1530 [1:41:18<3:13:29, 12.18s/it]
 38%|███▊      | 578/1530 [1:41:28<3:02:25, 11.50s/it]
 38%|███▊      | 579/1530 [1:41:38<2:54:36, 11.02s/it]
 38%|███▊      | 580/1530 [1:41:48<2:49:03, 10.68s/it]
 38%|███▊      | 581/1530 [1:41:58<2:45:10, 10.44s/it]
 38%|███▊      | 582/1530 [1:42:08<2:42:27, 10.28s/it]
 38%|███▊      | 583/1530 [1:42:17<2:40:28, 10.17s/it]
 38%|███▊      | 584/1530 [1:42:27<2:39:01, 10.09s/it]
 38%|███▊      | 585/1530 [1:42:37<2:38:01, 10.03s/it]
 38%|███▊      | 586/1530 [1:42:47<2:37:12,  9.99s/it]
 38%|███▊      | 587/1530 [1:42:57<2:36:35,  9.96s/it]
 38%|███▊      | 588/1530 [1:43:07<2:36:06,  9.94s/it]
 38%|███▊      | 589/1530 [1:43:17<2:35:46,  9.93s/it]
 39%|███▊      | 590/1530 [1:43:27<2:35:25,  9.92s/it]
 39%|███▊      | 591/1530 [1:43:37<2:35:08,  9.91s/it]
 39%|███▊      | 592/1530 [1:43:46<2:34:53,  9.91s/it]
 39%|███▉      | 593/1530 [1:43:56<2:34:39,  9.90s/it]
 39%|███▉      | 594/1530 [1:44:06<2:34:27,  9.90s/it]
 39%|███▉      | 595/1530 [1:44:16<2:34:17,  9.90s/it]
 39%|███▉      | 596/1530 [1:44:26<2:34:06,  9.90s/it]
 39%|███▉      | 597/1530 [1:44:36<2:33:54,  9.90s/it]
 39%|███▉      | 598/1530 [1:44:46<2:33:43,  9.90s/it]
 39%|███▉      | 599/1530 [1:44:56<2:33:34,  9.90s/it]
 39%|███▉      | 600/1530 [1:45:06<2:33:24,  9.90s/it]
 39%|███▉      | 601/1530 [1:45:16<2:33:13,  9.90s/it]
 39%|███▉      | 602/1530 [1:45:25<2:33:04,  9.90s/it]
 39%|███▉      | 603/1530 [1:45:35<2:32:53,  9.90s/it]
 39%|███▉      | 604/1530 [1:45:45<2:32:43,  9.90s/it]
 40%|███▉      | 605/1530 [1:45:55<2:32:34,  9.90s/it]
 40%|███▉      | 606/1530 [1:46:05<2:32:25,  9.90s/it]
 40%|███▉      | 607/1530 [1:46:15<2:32:15,  9.90s/it]
 40%|███▉      | 608/1530 [1:46:25<2:32:04,  9.90s/it]
 40%|███▉      | 609/1530 [1:46:35<2:31:55,  9.90s/it]
 40%|███▉      | 610/1530 [1:46:45<2:31:45,  9.90s/it]
 40%|███▉      | 611/1530 [1:46:55<2:31:34,  9.90s/it]
 40%|████      | 612/1530 [1:47:04<2:31:24,  9.90s/it]
 40%|████      | 613/1530 [1:47:14<2:31:15,  9.90s/it]
 40%|████      | 614/1530 [1:47:24<2:31:04,  9.90s/it]
 40%|████      | 615/1530 [1:47:34<2:30:54,  9.90s/it]
 40%|████      | 616/1530 [1:47:44<2:30:45,  9.90s/it]
 40%|████      | 617/1530 [1:47:54<2:30:36,  9.90s/it]
 40%|████      | 618/1530 [1:48:04<2:30:27,  9.90s/it]
 40%|████      | 619/1530 [1:48:14<2:30:16,  9.90s/it]
 41%|████      | 620/1530 [1:48:24<2:30:06,  9.90s/it]
 41%|████      | 621/1530 [1:48:33<2:29:56,  9.90s/it]
 41%|████      | 622/1530 [1:48:43<2:29:45,  9.90s/it]
 41%|████      | 623/1530 [1:48:53<2:29:35,  9.90s/it]
 41%|████      | 624/1530 [1:48:58<2:06:03,  8.35s/it]
                                                      

 41%|████      | 624/1530 [1:48:58<2:06:03,  8.35s/it]{'loss': 0.9283, 'grad_norm': 2.5682566165924072, 'learning_rate': 2.9607843137254905e-05, 'epoch': 12.0}


  0%|          | 0/26 [00:00<?, ?it/s][A

  8%|▊         | 2/26 [00:01<00:14,  1.67it/s][A

 12%|█▏        | 3/26 [00:02<00:19,  1.18it/s][A

 15%|█▌        | 4/26 [00:03<00:21,  1.02it/s][A

 19%|█▉        | 5/26 [00:04<00:22,  1.06s/it][A

 23%|██▎       | 6/26 [00:05<00:22,  1.10s/it][A

 27%|██▋       | 7/26 [00:07<00:21,  1.13s/it][A

 31%|███       | 8/26 [00:08<00:20,  1.15s/it][A

 35%|███▍      | 9/26 [00:09<00:19,  1.17s/it][A

 38%|███▊      | 10/26 [00:10<00:18,  1.18s/it][A

 42%|████▏     | 11/26 [00:11<00:17,  1.18s/it][A

 46%|████▌     | 12/26 [00:13<00:16,  1.19s/it][A

 50%|█████     | 13/26 [00:14<00:15,  1.19s/it][A

 54%|█████▍    | 14/26 [00:15<00:14,  1.19s/it][A

 58%|█████▊    | 15/26 [00:16<00:13,  1.20s/it][A

 62%|██████▏   | 16/26 [00:17<00:11,  1.20s/it][A

 65%|██████▌   | 17/26 [00:19<00:10,  1.20s/it][A

 69%|██████▉   | 18/26 [00:20<00:09,  1.20s/it][A

 73%|███████▎  | 19/26 [00:21<00:08,  1.20s/it][A

 77%|███████▋  | 20/26 [00:22<00:07,  1.20s/it][A

 81%|████████  | 21/26 [00:23<00:05,  1.20s/it][A

 85%|████████▍ | 22/26 [00:25<00:04,  1.20s/it][A

 88%|████████▊ | 23/26 [00:26<00:03,  1.20s/it][A

 92%|█████████▏| 24/26 [00:27<00:02,  1.20s/it][A

 96%|█████████▌| 25/26 [00:28<00:01,  1.20s/it][A

100%|██████████| 26/26 [00:29<00:00,  1.14s/it][A
                                                      

                                               
[A
 41%|████      | 624/1530 [1:49:30<2:06:03,  8.35s/it]

100%|██████████| 26/26 [00:29<00:00,  1.14s/it][A

                                               [A{'eval_loss': 1.0387468338012695, 'eval_macro_recall': 0.6548664612223934, 'eval_macro_precision': 0.6332226504709056, 'eval_macro_f1': 0.6216583199965889, 'eval_accuracy': 0.6796116504854369, 'eval_micro_recall': 0.6796116504854369, 'eval_micro_precision': 0.6796116504854369, 'eval_micro_f1': 0.6796116504854369, 'eval_runtime': 31.258, 'eval_samples_per_second': 26.361, 'eval_steps_per_second': 0.832, 'epoch': 12.0}

 41%|████      | 625/1530 [1:49:43<4:51:52, 19.35s/it]
 41%|████      | 626/1530 [1:49:53<4:08:53, 16.52s/it]
 41%|████      | 627/1530 [1:50:03<3:38:45, 14.54s/it]
 41%|████      | 628/1530 [1:50:13<3:17:38, 13.15s/it]
 41%|████      | 629/1530 [1:50:23<3:02:49, 12.18s/it]
 41%|████      | 630/1530 [1:50:33<2:52:25, 11.50s/it]
 41%|████      | 631/1530 [1:50:42<2:45:04, 11.02s/it]
 41%|████▏     | 632/1530 [1:50:52<2:39:55, 10.69s/it]
 41%|████▏     | 633/1530 [1:51:02<2:36:15, 10.45s/it]
 41%|████▏     | 634/1530 [1:51:12<2:33:38, 10.29s/it]
 42%|████▏     | 635/1530 [1:51:22<2:31:44, 10.17s/it]
 42%|████▏     | 636/1530 [1:51:32<2:30:23, 10.09s/it]
 42%|████▏     | 637/1530 [1:51:42<2:29:23, 10.04s/it]
 42%|████▏     | 638/1530 [1:51:52<2:28:37, 10.00s/it]
 42%|████▏     | 639/1530 [1:52:02<2:28:02,  9.97s/it]
 42%|████▏     | 640/1530 [1:52:12<2:27:36,  9.95s/it]
 42%|████▏     | 641/1530 [1:52:22<2:27:15,  9.94s/it]
 42%|████▏     | 642/1530 [1:52:31<2:26:55,  9.93s/it]
 42%|████▏     | 643/1530 [1:52:41<2:26:41,  9.92s/it]
 42%|████▏     | 644/1530 [1:52:51<2:26:27,  9.92s/it]
 42%|████▏     | 645/1530 [1:53:01<2:26:15,  9.92s/it]
 42%|████▏     | 646/1530 [1:53:11<2:26:03,  9.91s/it]
 42%|████▏     | 647/1530 [1:53:21<2:25:52,  9.91s/it]
 42%|████▏     | 648/1530 [1:53:31<2:25:39,  9.91s/it]
 42%|████▏     | 649/1530 [1:53:41<2:25:28,  9.91s/it]
 42%|████▏     | 650/1530 [1:53:51<2:25:17,  9.91s/it]
 43%|████▎     | 651/1530 [1:54:01<2:25:10,  9.91s/it]
 43%|████▎     | 652/1530 [1:54:11<2:25:00,  9.91s/it]
 43%|████▎     | 653/1530 [1:54:20<2:24:50,  9.91s/it]
 43%|████▎     | 654/1530 [1:54:30<2:24:39,  9.91s/it]
 43%|████▎     | 655/1530 [1:54:40<2:24:29,  9.91s/it]
 43%|████▎     | 656/1530 [1:54:50<2:24:18,  9.91s/it]
 43%|████▎     | 657/1530 [1:55:00<2:24:08,  9.91s/it]
 43%|████▎     | 658/1530 [1:55:10<2:23:58,  9.91s/it]
 43%|████▎     | 659/1530 [1:55:20<2:23:48,  9.91s/it]
 43%|████▎     | 660/1530 [1:55:30<2:23:38,  9.91s/it]
 43%|████▎     | 661/1530 [1:55:40<2:23:28,  9.91s/it]
 43%|████▎     | 662/1530 [1:55:50<2:23:18,  9.91s/it]
 43%|████▎     | 663/1530 [1:56:00<2:23:07,  9.91s/it]
 43%|████▎     | 664/1530 [1:56:09<2:22:58,  9.91s/it]
 43%|████▎     | 665/1530 [1:56:19<2:22:49,  9.91s/it]
 44%|████▎     | 666/1530 [1:56:29<2:22:39,  9.91s/it]
 44%|████▎     | 667/1530 [1:56:39<2:22:30,  9.91s/it]
 44%|████▎     | 668/1530 [1:56:49<2:22:19,  9.91s/it]
 44%|████▎     | 669/1530 [1:56:59<2:22:08,  9.91s/it]
 44%|████▍     | 670/1530 [1:57:09<2:21:58,  9.91s/it]
 44%|████▍     | 671/1530 [1:57:19<2:21:49,  9.91s/it]
 44%|████▍     | 672/1530 [1:57:29<2:21:39,  9.91s/it]
 44%|████▍     | 673/1530 [1:57:39<2:21:30,  9.91s/it]
 44%|████▍     | 674/1530 [1:57:48<2:21:19,  9.91s/it]
 44%|████▍     | 675/1530 [1:57:58<2:21:09,  9.91s/it]
 44%|████▍     | 676/1530 [1:58:03<1:59:01,  8.36s/it]
                                                      

 44%|████▍     | 676/1530 [1:58:03<1:59:01,  8.36s/it]{'loss': 0.8723, 'grad_norm': 1.377829909324646, 'learning_rate': 2.7908496732026145e-05, 'epoch': 13.0}


  0%|          | 0/26 [00:00<?, ?it/s][A

  8%|▊         | 2/26 [00:01<00:14,  1.67it/s][A

 12%|█▏        | 3/26 [00:02<00:19,  1.18it/s][A

 15%|█▌        | 4/26 [00:03<00:21,  1.02it/s][A

 19%|█▉        | 5/26 [00:04<00:22,  1.05s/it][A

 23%|██▎       | 6/26 [00:05<00:22,  1.10s/it][A

 27%|██▋       | 7/26 [00:07<00:21,  1.13s/it][A

 31%|███       | 8/26 [00:08<00:20,  1.15s/it][A

 35%|███▍      | 9/26 [00:09<00:19,  1.17s/it][A

 38%|███▊      | 10/26 [00:10<00:18,  1.18s/it][A

 42%|████▏     | 11/26 [00:11<00:17,  1.18s/it][A

 46%|████▌     | 12/26 [00:13<00:16,  1.19s/it][A

 50%|█████     | 13/26 [00:14<00:15,  1.19s/it][A

 54%|█████▍    | 14/26 [00:15<00:14,  1.19s/it][A

 58%|█████▊    | 15/26 [00:16<00:13,  1.20s/it][A

 62%|██████▏   | 16/26 [00:17<00:11,  1.20s/it][A

 65%|██████▌   | 17/26 [00:19<00:10,  1.20s/it][A

 69%|██████▉   | 18/26 [00:20<00:09,  1.20s/it][A

 73%|███████▎  | 19/26 [00:21<00:08,  1.20s/it][A

 77%|███████▋  | 20/26 [00:22<00:07,  1.20s/it][A

 81%|████████  | 21/26 [00:23<00:05,  1.20s/it][A

 85%|████████▍ | 22/26 [00:25<00:04,  1.20s/it][A

 88%|████████▊ | 23/26 [00:26<00:03,  1.20s/it][A

 92%|█████████▏| 24/26 [00:27<00:02,  1.20s/it][A

 96%|█████████▌| 25/26 [00:28<00:01,  1.20s/it][A

100%|██████████| 26/26 [00:29<00:00,  1.14s/it][A
                                                      

                                               
[A
 44%|████▍     | 676/1530 [1:58:35<1:59:01,  8.36s/it]

100%|██████████| 26/26 [00:29<00:00,  1.14s/it][A

                                               [A{'eval_loss': 1.0300514698028564, 'eval_macro_recall': 0.6615612291748655, 'eval_macro_precision': 0.6287165366416935, 'eval_macro_f1': 0.6213055208299862, 'eval_accuracy': 0.6820388349514563, 'eval_micro_recall': 0.6820388349514563, 'eval_micro_precision': 0.6820388349514563, 'eval_micro_f1': 0.6820388349514563, 'eval_runtime': 31.2626, 'eval_samples_per_second': 26.357, 'eval_steps_per_second': 0.832, 'epoch': 13.0}

 44%|████▍     | 677/1530 [1:58:48<4:34:45, 19.33s/it]
 44%|████▍     | 678/1530 [1:58:58<3:54:16, 16.50s/it]
 44%|████▍     | 679/1530 [1:59:08<3:25:54, 14.52s/it]
 44%|████▍     | 680/1530 [1:59:18<3:06:01, 13.13s/it]
 45%|████▍     | 681/1530 [1:59:28<2:52:05, 12.16s/it]
 45%|████▍     | 682/1530 [1:59:38<2:42:18, 11.48s/it]
 45%|████▍     | 683/1530 [1:59:47<2:35:24, 11.01s/it]
 45%|████▍     | 684/1530 [1:59:57<2:30:33, 10.68s/it]
 45%|████▍     | 685/1530 [2:00:07<2:27:06, 10.45s/it]
 45%|████▍     | 686/1530 [2:00:17<2:24:39, 10.28s/it]
 45%|████▍     | 687/1530 [2:00:27<2:22:52, 10.17s/it]
 45%|████▍     | 688/1530 [2:00:37<2:21:33, 10.09s/it]
 45%|████▌     | 689/1530 [2:00:47<2:20:35, 10.03s/it]
 45%|████▌     | 690/1530 [2:00:57<2:19:52,  9.99s/it]
 45%|████▌     | 691/1530 [2:01:07<2:19:20,  9.96s/it]
 45%|████▌     | 692/1530 [2:01:17<2:18:54,  9.95s/it]
 45%|████▌     | 693/1530 [2:01:26<2:18:33,  9.93s/it]
 45%|████▌     | 694/1530 [2:01:36<2:18:16,  9.92s/it]
 45%|████▌     | 695/1530 [2:01:46<2:18:01,  9.92s/it]
 45%|████▌     | 696/1530 [2:01:56<2:17:48,  9.91s/it]
 46%|████▌     | 697/1530 [2:02:06<2:17:35,  9.91s/it]
 46%|████▌     | 698/1530 [2:02:16<2:17:23,  9.91s/it]
 46%|████▌     | 699/1530 [2:02:26<2:17:12,  9.91s/it]
 46%|████▌     | 700/1530 [2:02:36<2:17:02,  9.91s/it]
 46%|████▌     | 701/1530 [2:02:46<2:16:51,  9.91s/it]
 46%|████▌     | 702/1530 [2:02:56<2:16:39,  9.90s/it]
 46%|████▌     | 703/1530 [2:03:05<2:16:29,  9.90s/it]
 46%|████▌     | 704/1530 [2:03:15<2:16:20,  9.90s/it]
 46%|████▌     | 705/1530 [2:03:25<2:16:10,  9.90s/it]
 46%|████▌     | 706/1530 [2:03:35<2:16:00,  9.90s/it]
 46%|████▌     | 707/1530 [2:03:45<2:15:49,  9.90s/it]
 46%|████▋     | 708/1530 [2:03:55<2:15:39,  9.90s/it]
 46%|████▋     | 709/1530 [2:04:05<2:15:28,  9.90s/it]
 46%|████▋     | 710/1530 [2:04:15<2:15:18,  9.90s/it]
 46%|████▋     | 711/1530 [2:04:25<2:15:08,  9.90s/it]
 47%|████▋     | 712/1530 [2:04:35<2:14:59,  9.90s/it]
 47%|████▋     | 713/1530 [2:04:45<2:14:50,  9.90s/it]
 47%|████▋     | 714/1530 [2:04:54<2:14:40,  9.90s/it]
 47%|████▋     | 715/1530 [2:05:04<2:14:30,  9.90s/it]
 47%|████▋     | 716/1530 [2:05:14<2:14:21,  9.90s/it]
 47%|████▋     | 717/1530 [2:05:24<2:14:12,  9.90s/it]
 47%|████▋     | 718/1530 [2:05:34<2:14:00,  9.90s/it]
 47%|████▋     | 719/1530 [2:05:44<2:13:51,  9.90s/it]
 47%|████▋     | 720/1530 [2:05:54<2:13:40,  9.90s/it]
 47%|████▋     | 721/1530 [2:06:04<2:13:30,  9.90s/it]
 47%|████▋     | 722/1530 [2:06:14<2:13:20,  9.90s/it]
 47%|████▋     | 723/1530 [2:06:24<2:13:09,  9.90s/it]
 47%|████▋     | 724/1530 [2:06:33<2:13:00,  9.90s/it]
 47%|████▋     | 725/1530 [2:06:43<2:12:51,  9.90s/it]
 47%|████▋     | 726/1530 [2:06:53<2:12:41,  9.90s/it]
 48%|████▊     | 727/1530 [2:07:03<2:12:31,  9.90s/it]
 48%|████▊     | 728/1530 [2:07:08<1:51:37,  8.35s/it]
                                                      

 48%|████▊     | 728/1530 [2:07:08<1:51:37,  8.35s/it]{'loss': 0.8359, 'grad_norm': 3.145822763442993, 'learning_rate': 2.620915032679739e-05, 'epoch': 14.0}


  0%|          | 0/26 [00:00<?, ?it/s][A

  8%|▊         | 2/26 [00:01<00:14,  1.67it/s][A

 12%|█▏        | 3/26 [00:02<00:19,  1.18it/s][A

 15%|█▌        | 4/26 [00:03<00:21,  1.02it/s][A

 19%|█▉        | 5/26 [00:04<00:22,  1.06s/it][A

 23%|██▎       | 6/26 [00:05<00:22,  1.10s/it][A

 27%|██▋       | 7/26 [00:07<00:21,  1.13s/it][A

 31%|███       | 8/26 [00:08<00:20,  1.15s/it][A

 35%|███▍      | 9/26 [00:09<00:19,  1.17s/it][A

 38%|███▊      | 10/26 [00:10<00:18,  1.18s/it][A

 42%|████▏     | 11/26 [00:11<00:17,  1.18s/it][A

 46%|████▌     | 12/26 [00:13<00:16,  1.19s/it][A

 50%|█████     | 13/26 [00:14<00:15,  1.19s/it][A

 54%|█████▍    | 14/26 [00:15<00:14,  1.19s/it][A

 58%|█████▊    | 15/26 [00:16<00:13,  1.20s/it][A

 62%|██████▏   | 16/26 [00:17<00:11,  1.20s/it][A

 65%|██████▌   | 17/26 [00:19<00:10,  1.20s/it][A

 69%|██████▉   | 18/26 [00:20<00:09,  1.20s/it][A

 73%|███████▎  | 19/26 [00:21<00:08,  1.20s/it][A

 77%|███████▋  | 20/26 [00:22<00:07,  1.20s/it][A

 81%|████████  | 21/26 [00:23<00:05,  1.20s/it][A

 85%|████████▍ | 22/26 [00:25<00:04,  1.20s/it][A

 88%|████████▊ | 23/26 [00:26<00:03,  1.20s/it][A

 92%|█████████▏| 24/26 [00:27<00:02,  1.20s/it][A

 96%|█████████▌| 25/26 [00:28<00:01,  1.20s/it][A

100%|██████████| 26/26 [00:29<00:00,  1.15s/it][A
                                                      

                                               
[A
 48%|████▊     | 728/1530 [2:07:39<1:51:37,  8.35s/it]

100%|██████████| 26/26 [00:29<00:00,  1.15s/it][A

                                               [A{'eval_loss': 1.002295732498169, 'eval_macro_recall': 0.6758764593991867, 'eval_macro_precision': 0.6403355113190536, 'eval_macro_f1': 0.6338350184892158, 'eval_accuracy': 0.691747572815534, 'eval_micro_recall': 0.691747572815534, 'eval_micro_precision': 0.691747572815534, 'eval_micro_f1': 0.691747572815534, 'eval_runtime': 31.2949, 'eval_samples_per_second': 26.33, 'eval_steps_per_second': 0.831, 'epoch': 14.0}

 48%|████▊     | 729/1530 [2:07:53<4:18:06, 19.33s/it]
 48%|████▊     | 730/1530 [2:08:03<3:40:01, 16.50s/it]
 48%|████▊     | 731/1530 [2:08:13<3:13:20, 14.52s/it]
 48%|████▊     | 732/1530 [2:08:23<2:54:39, 13.13s/it]
 48%|████▊     | 733/1530 [2:08:32<2:41:31, 12.16s/it]
 48%|████▊     | 734/1530 [2:08:42<2:32:17, 11.48s/it]
 48%|████▊     | 735/1530 [2:08:52<2:25:48, 11.00s/it]
 48%|████▊     | 736/1530 [2:09:02<2:21:13, 10.67s/it]
 48%|████▊     | 737/1530 [2:09:12<2:17:58, 10.44s/it]
 48%|████▊     | 738/1530 [2:09:22<2:15:39, 10.28s/it]
 48%|████▊     | 739/1530 [2:09:32<2:13:58, 10.16s/it]
 48%|████▊     | 740/1530 [2:09:42<2:12:45, 10.08s/it]
 48%|████▊     | 741/1530 [2:09:52<2:11:51, 10.03s/it]
 48%|████▊     | 742/1530 [2:10:01<2:11:09,  9.99s/it]
 49%|████▊     | 743/1530 [2:10:11<2:10:37,  9.96s/it]
 49%|████▊     | 744/1530 [2:10:28<2:36:57, 11.98s/it]
 49%|████▊     | 745/1530 [2:10:39<2:31:26, 11.58s/it]
 49%|████▉     | 746/1530 [2:10:49<2:24:45, 11.08s/it]
 49%|████▉     | 747/1530 [2:10:59<2:19:55, 10.72s/it]
 49%|████▉     | 748/1530 [2:11:08<2:16:31, 10.48s/it]
 49%|████▉     | 749/1530 [2:11:18<2:14:13, 10.31s/it]
 49%|████▉     | 750/1530 [2:11:28<2:12:28, 10.19s/it]
 49%|████▉     | 751/1530 [2:11:38<2:11:11, 10.10s/it]
 49%|████▉     | 752/1530 [2:11:48<2:10:15, 10.05s/it]
 49%|████▉     | 753/1530 [2:11:58<2:09:32, 10.00s/it]
 49%|████▉     | 754/1530 [2:12:08<2:08:59,  9.97s/it]
 49%|████▉     | 755/1530 [2:12:18<2:08:41,  9.96s/it]
 49%|████▉     | 756/1530 [2:12:28<2:08:22,  9.95s/it]
 49%|████▉     | 757/1530 [2:12:38<2:08:03,  9.94s/it]
 50%|████▉     | 758/1530 [2:12:48<2:07:45,  9.93s/it]
 50%|████▉     | 759/1530 [2:12:57<2:07:31,  9.92s/it]
 50%|████▉     | 760/1530 [2:13:07<2:07:17,  9.92s/it]
 50%|████▉     | 761/1530 [2:13:17<2:07:04,  9.92s/it]
 50%|████▉     | 762/1530 [2:13:27<2:06:52,  9.91s/it]
 50%|████▉     | 763/1530 [2:13:37<2:06:40,  9.91s/it]
 50%|████▉     | 764/1530 [2:13:47<2:06:29,  9.91s/it]
 50%|█████     | 765/1530 [2:13:57<2:06:20,  9.91s/it]
 50%|█████     | 766/1530 [2:14:07<2:06:10,  9.91s/it]
 50%|█████     | 767/1530 [2:14:17<2:05:59,  9.91s/it]
 50%|█████     | 768/1530 [2:14:27<2:05:50,  9.91s/it]
 50%|█████     | 769/1530 [2:14:37<2:05:40,  9.91s/it]
 50%|█████     | 770/1530 [2:14:46<2:05:33,  9.91s/it]
 50%|█████     | 771/1530 [2:14:56<2:05:22,  9.91s/it]
 50%|█████     | 772/1530 [2:15:06<2:05:11,  9.91s/it]
 51%|█████     | 773/1530 [2:15:16<2:05:02,  9.91s/it]
 51%|█████     | 774/1530 [2:15:26<2:04:51,  9.91s/it]
 51%|█████     | 775/1530 [2:15:36<2:04:43,  9.91s/it]
 51%|█████     | 776/1530 [2:15:46<2:04:32,  9.91s/it]
 51%|█████     | 777/1530 [2:15:56<2:04:25,  9.91s/it]
 51%|█████     | 778/1530 [2:16:06<2:04:58,  9.97s/it]
 51%|█████     | 779/1530 [2:16:16<2:04:33,  9.95s/it]
 51%|█████     | 780/1530 [2:16:21<1:44:50,  8.39s/it]
                                                      

 51%|█████     | 780/1530 [2:16:21<1:44:50,  8.39s/it]{'loss': 0.7876, 'grad_norm': 2.646209716796875, 'learning_rate': 2.4509803921568626e-05, 'epoch': 15.0}


  0%|          | 0/26 [00:00<?, ?it/s][A

  8%|▊         | 2/26 [00:01<00:14,  1.67it/s][A

 12%|█▏        | 3/26 [00:02<00:19,  1.18it/s][A

 15%|█▌        | 4/26 [00:03<00:21,  1.02it/s][A

 19%|█▉        | 5/26 [00:04<00:22,  1.06s/it][A

 23%|██▎       | 6/26 [00:05<00:22,  1.10s/it][A

 27%|██▋       | 7/26 [00:07<00:21,  1.13s/it][A

 31%|███       | 8/26 [00:08<00:20,  1.15s/it][A

 35%|███▍      | 9/26 [00:09<00:19,  1.17s/it][A

 38%|███▊      | 10/26 [00:10<00:18,  1.18s/it][A

 42%|████▏     | 11/26 [00:11<00:17,  1.18s/it][A

 46%|████▌     | 12/26 [00:13<00:16,  1.19s/it][A

 50%|█████     | 13/26 [00:14<00:15,  1.19s/it][A

 54%|█████▍    | 14/26 [00:15<00:14,  1.19s/it][A

 58%|█████▊    | 15/26 [00:16<00:13,  1.20s/it][A

 62%|██████▏   | 16/26 [00:17<00:11,  1.20s/it][A

 65%|██████▌   | 17/26 [00:19<00:10,  1.20s/it][A

 69%|██████▉   | 18/26 [00:20<00:09,  1.20s/it][A

 73%|███████▎  | 19/26 [00:21<00:08,  1.20s/it][A

 77%|███████▋  | 20/26 [00:22<00:07,  1.20s/it][A

 81%|████████  | 21/26 [00:23<00:05,  1.20s/it][A

 85%|████████▍ | 22/26 [00:25<00:04,  1.20s/it][A

 88%|████████▊ | 23/26 [00:26<00:03,  1.20s/it][A

 92%|█████████▏| 24/26 [00:27<00:02,  1.20s/it][A

 96%|█████████▌| 25/26 [00:28<00:01,  1.20s/it][A

100%|██████████| 26/26 [00:29<00:00,  1.14s/it][A
                                                      

                                               
[A
 51%|█████     | 780/1530 [2:16:53<1:44:50,  8.39s/it]

100%|██████████| 26/26 [00:29<00:00,  1.14s/it][A

                                               [A{'eval_loss': 0.9979036450386047, 'eval_macro_recall': 0.6674904483143119, 'eval_macro_precision': 0.6421167792935034, 'eval_macro_f1': 0.6284910377446614, 'eval_accuracy': 0.6905339805825242, 'eval_micro_recall': 0.6905339805825242, 'eval_micro_precision': 0.6905339805825242, 'eval_micro_f1': 0.6905339805825242, 'eval_runtime': 31.9391, 'eval_samples_per_second': 25.799, 'eval_steps_per_second': 0.814, 'epoch': 15.0}

 51%|█████     | 781/1530 [2:17:06<4:05:05, 19.63s/it]
 51%|█████     | 782/1530 [2:17:16<3:28:24, 16.72s/it]
 51%|█████     | 783/1530 [2:17:26<3:02:48, 14.68s/it]
 51%|█████     | 784/1530 [2:17:36<2:44:46, 13.25s/it]
 51%|█████▏    | 785/1530 [2:17:47<2:33:35, 12.37s/it]
 51%|█████▏    | 786/1530 [2:17:56<2:24:19, 11.64s/it]
 51%|█████▏    | 787/1530 [2:18:06<2:17:40, 11.12s/it]
 52%|█████▏    | 788/1530 [2:18:16<2:12:58, 10.75s/it]
 52%|█████▏    | 789/1530 [2:18:26<2:09:38, 10.50s/it]
 52%|█████▏    | 790/1530 [2:18:36<2:07:15, 10.32s/it]
 52%|█████▏    | 791/1530 [2:18:46<2:05:35, 10.20s/it]
 52%|█████▏    | 792/1530 [2:18:56<2:04:20, 10.11s/it]
 52%|█████▏    | 793/1530 [2:19:06<2:03:24, 10.05s/it]
 52%|█████▏    | 794/1530 [2:19:16<2:02:43, 10.00s/it]
 52%|█████▏    | 795/1530 [2:19:26<2:02:10,  9.97s/it]
 52%|█████▏    | 796/1530 [2:19:36<2:01:47,  9.96s/it]
 52%|█████▏    | 797/1530 [2:19:45<2:01:25,  9.94s/it]
 52%|█████▏    | 798/1530 [2:19:55<2:01:09,  9.93s/it]
 52%|█████▏    | 799/1530 [2:20:05<2:00:53,  9.92s/it]
 52%|█████▏    | 800/1530 [2:20:15<2:00:38,  9.92s/it]
 52%|█████▏    | 801/1530 [2:20:25<2:00:25,  9.91s/it]
 52%|█████▏    | 802/1530 [2:20:35<2:00:13,  9.91s/it]
 52%|█████▏    | 803/1530 [2:20:45<2:00:01,  9.91s/it]
 53%|█████▎    | 804/1530 [2:20:55<1:59:52,  9.91s/it]
 53%|█████▎    | 805/1530 [2:21:05<1:59:41,  9.91s/it]
 53%|█████▎    | 806/1530 [2:21:15<1:59:31,  9.90s/it]
 53%|█████▎    | 807/1530 [2:21:24<1:59:20,  9.90s/it]
 53%|█████▎    | 808/1530 [2:21:34<1:59:10,  9.90s/it]
 53%|█████▎    | 809/1530 [2:21:44<1:59:00,  9.90s/it]
 53%|█████▎    | 810/1530 [2:21:54<1:58:50,  9.90s/it]
 53%|█████▎    | 811/1530 [2:22:04<1:58:39,  9.90s/it]
 53%|█████▎    | 812/1530 [2:22:14<1:58:30,  9.90s/it]
 53%|█████▎    | 813/1530 [2:22:24<1:58:20,  9.90s/it]
 53%|█████▎    | 814/1530 [2:22:34<1:58:12,  9.91s/it]
 53%|█████▎    | 815/1530 [2:22:44<1:58:01,  9.90s/it]
 53%|█████▎    | 816/1530 [2:22:54<1:57:51,  9.90s/it]
 53%|█████▎    | 817/1530 [2:23:03<1:57:41,  9.90s/it]
 53%|█████▎    | 818/1530 [2:23:13<1:57:30,  9.90s/it]
 54%|█████▎    | 819/1530 [2:23:23<1:57:21,  9.90s/it]
 54%|█████▎    | 820/1530 [2:23:33<1:57:11,  9.90s/it]
 54%|█████▎    | 821/1530 [2:23:43<1:57:01,  9.90s/it]
 54%|█████▎    | 822/1530 [2:23:53<1:56:50,  9.90s/it]
 54%|█████▍    | 823/1530 [2:24:03<1:56:41,  9.90s/it]
 54%|█████▍    | 824/1530 [2:24:13<1:56:31,  9.90s/it]
 54%|█████▍    | 825/1530 [2:24:23<1:56:21,  9.90s/it]
 54%|█████▍    | 826/1530 [2:24:33<1:56:11,  9.90s/it]
 54%|█████▍    | 827/1530 [2:24:43<1:56:01,  9.90s/it]
 54%|█████▍    | 828/1530 [2:24:52<1:55:50,  9.90s/it]
 54%|█████▍    | 829/1530 [2:25:02<1:55:40,  9.90s/it]
 54%|█████▍    | 830/1530 [2:25:12<1:55:30,  9.90s/it]
 54%|█████▍    | 831/1530 [2:25:22<1:55:20,  9.90s/it]
 54%|█████▍    | 832/1530 [2:25:27<1:37:15,  8.36s/it]
                                                      

 54%|█████▍    | 832/1530 [2:25:27<1:37:15,  8.36s/it]{'loss': 0.7559, 'grad_norm': 2.2250709533691406, 'learning_rate': 2.281045751633987e-05, 'epoch': 16.0}


  0%|          | 0/26 [00:00<?, ?it/s][A

  8%|▊         | 2/26 [00:01<00:14,  1.67it/s][A

 12%|█▏        | 3/26 [00:02<00:19,  1.18it/s][A

 15%|█▌        | 4/26 [00:03<00:21,  1.02it/s][A

 19%|█▉        | 5/26 [00:04<00:22,  1.06s/it][A

 23%|██▎       | 6/26 [00:05<00:22,  1.10s/it][A

 27%|██▋       | 7/26 [00:07<00:21,  1.13s/it][A

 31%|███       | 8/26 [00:08<00:20,  1.15s/it][A

 35%|███▍      | 9/26 [00:09<00:19,  1.17s/it][A

 38%|███▊      | 10/26 [00:10<00:18,  1.18s/it][A

 42%|████▏     | 11/26 [00:11<00:17,  1.19s/it][A

 46%|████▌     | 12/26 [00:13<00:16,  1.19s/it][A

 50%|█████     | 13/26 [00:14<00:15,  1.19s/it][A

 54%|█████▍    | 14/26 [00:15<00:14,  1.20s/it][A

 58%|█████▊    | 15/26 [00:16<00:13,  1.20s/it][A

 62%|██████▏   | 16/26 [00:18<00:11,  1.20s/it][A

 65%|██████▌   | 17/26 [00:19<00:10,  1.20s/it][A

 69%|██████▉   | 18/26 [00:20<00:09,  1.20s/it][A

 73%|███████▎  | 19/26 [00:21<00:08,  1.20s/it][A

 77%|███████▋  | 20/26 [00:22<00:07,  1.20s/it][A

 81%|████████  | 21/26 [00:24<00:06,  1.20s/it][A

 85%|████████▍ | 22/26 [00:25<00:04,  1.20s/it][A

 88%|████████▊ | 23/26 [00:26<00:03,  1.20s/it][A

 92%|█████████▏| 24/26 [00:27<00:02,  1.20s/it][A

 96%|█████████▌| 25/26 [00:28<00:01,  1.20s/it][A

100%|██████████| 26/26 [00:29<00:00,  1.14s/it][A
                                                      

                                               
[A
 54%|█████▍    | 832/1530 [2:26:00<1:37:15,  8.36s/it]

100%|██████████| 26/26 [00:30<00:00,  1.14s/it][A

                                               [A{'eval_loss': 0.9773064851760864, 'eval_macro_recall': 0.6721467926013381, 'eval_macro_precision': 0.6308553819917456, 'eval_macro_f1': 0.6282068310142614, 'eval_accuracy': 0.6929611650485437, 'eval_micro_recall': 0.6929611650485437, 'eval_micro_precision': 0.6929611650485437, 'eval_micro_f1': 0.6929611650485437, 'eval_runtime': 32.4725, 'eval_samples_per_second': 25.375, 'eval_steps_per_second': 0.801, 'epoch': 16.0}

 54%|█████▍    | 833/1530 [2:26:14<3:50:52, 19.87s/it]
 55%|█████▍    | 834/1530 [2:26:24<3:15:48, 16.88s/it]
 55%|█████▍    | 835/1530 [2:26:33<2:51:21, 14.79s/it]
 55%|█████▍    | 836/1530 [2:26:43<2:34:09, 13.33s/it]
 55%|█████▍    | 837/1530 [2:26:53<2:22:04, 12.30s/it]
 55%|█████▍    | 838/1530 [2:27:03<2:13:37, 11.59s/it]
 55%|█████▍    | 839/1530 [2:27:13<2:07:38, 11.08s/it]
 55%|█████▍    | 840/1530 [2:27:23<2:03:23, 10.73s/it]
 55%|█████▍    | 841/1530 [2:27:33<2:00:20, 10.48s/it]
 55%|█████▌    | 842/1530 [2:27:43<1:58:11, 10.31s/it]
 55%|█████▌    | 843/1530 [2:27:53<1:56:37, 10.19s/it]
 55%|█████▌    | 844/1530 [2:28:03<1:55:32, 10.11s/it]
 55%|█████▌    | 845/1530 [2:28:13<1:54:43, 10.05s/it]
 55%|█████▌    | 846/1530 [2:28:22<1:54:07, 10.01s/it]
 55%|█████▌    | 847/1530 [2:28:32<1:53:37,  9.98s/it]
 55%|█████▌    | 848/1530 [2:28:42<1:53:09,  9.96s/it]
 55%|█████▌    | 849/1530 [2:28:52<1:52:48,  9.94s/it]
 56%|█████▌    | 850/1530 [2:29:02<1:52:31,  9.93s/it]
 56%|█████▌    | 851/1530 [2:29:12<1:52:16,  9.92s/it]
 56%|█████▌    | 852/1530 [2:29:22<1:52:01,  9.91s/it]
 56%|█████▌    | 853/1530 [2:29:32<1:51:49,  9.91s/it]
 56%|█████▌    | 854/1530 [2:29:42<1:51:37,  9.91s/it]
 56%|█████▌    | 855/1530 [2:29:52<1:51:26,  9.91s/it]
 56%|█████▌    | 856/1530 [2:30:01<1:51:14,  9.90s/it]
 56%|█████▌    | 857/1530 [2:30:11<1:51:03,  9.90s/it]
 56%|█████▌    | 858/1530 [2:30:21<1:50:53,  9.90s/it]
 56%|█████▌    | 859/1530 [2:30:31<1:50:44,  9.90s/it]
 56%|█████▌    | 860/1530 [2:30:41<1:50:33,  9.90s/it]
 56%|█████▋    | 861/1530 [2:30:51<1:50:24,  9.90s/it]
 56%|█████▋    | 862/1530 [2:31:01<1:50:14,  9.90s/it]
 56%|█████▋    | 863/1530 [2:31:11<1:50:03,  9.90s/it]
 56%|█████▋    | 864/1530 [2:31:21<1:49:53,  9.90s/it]
 57%|█████▋    | 865/1530 [2:31:31<1:49:43,  9.90s/it]
 57%|█████▋    | 866/1530 [2:31:40<1:49:33,  9.90s/it]
 57%|█████▋    | 867/1530 [2:31:50<1:49:23,  9.90s/it]
 57%|█████▋    | 868/1530 [2:32:00<1:49:13,  9.90s/it]
 57%|█████▋    | 869/1530 [2:32:10<1:49:03,  9.90s/it]
 57%|█████▋    | 870/1530 [2:32:20<1:48:54,  9.90s/it]
 57%|█████▋    | 871/1530 [2:32:30<1:48:44,  9.90s/it]
 57%|█████▋    | 872/1530 [2:32:40<1:48:34,  9.90s/it]
 57%|█████▋    | 873/1530 [2:32:50<1:48:24,  9.90s/it]
 57%|█████▋    | 874/1530 [2:33:00<1:48:14,  9.90s/it]
 57%|█████▋    | 875/1530 [2:33:10<1:48:03,  9.90s/it]
 57%|█████▋    | 876/1530 [2:33:19<1:47:54,  9.90s/it]
 57%|█████▋    | 877/1530 [2:33:29<1:47:44,  9.90s/it]
 57%|█████▋    | 878/1530 [2:33:39<1:47:34,  9.90s/it]
 57%|█████▋    | 879/1530 [2:33:49<1:47:24,  9.90s/it]
 58%|█████▊    | 880/1530 [2:33:59<1:47:15,  9.90s/it]
 58%|█████▊    | 881/1530 [2:34:09<1:47:05,  9.90s/it]
 58%|█████▊    | 882/1530 [2:34:19<1:46:55,  9.90s/it]
 58%|█████▊    | 883/1530 [2:34:29<1:46:46,  9.90s/it]
 58%|█████▊    | 884/1530 [2:34:33<1:29:55,  8.35s/it]
                                                      

 58%|█████▊    | 884/1530 [2:34:34<1:29:55,  8.35s/it]{'loss': 0.7219, 'grad_norm': 2.2163641452789307, 'learning_rate': 2.111111111111111e-05, 'epoch': 17.0}


  0%|          | 0/26 [00:00<?, ?it/s][A

  8%|▊         | 2/26 [00:01<00:14,  1.66it/s][A

 12%|█▏        | 3/26 [00:02<00:19,  1.18it/s][A

 15%|█▌        | 4/26 [00:03<00:21,  1.02it/s][A

 19%|█▉        | 5/26 [00:04<00:22,  1.06s/it][A

 23%|██▎       | 6/26 [00:05<00:22,  1.10s/it][A

 27%|██▋       | 7/26 [00:07<00:21,  1.13s/it][A

 31%|███       | 8/26 [00:08<00:20,  1.16s/it][A

 35%|███▍      | 9/26 [00:09<00:19,  1.17s/it][A

 38%|███▊      | 10/26 [00:10<00:18,  1.18s/it][A

 42%|████▏     | 11/26 [00:12<00:17,  1.19s/it][A

 46%|████▌     | 12/26 [00:13<00:16,  1.19s/it][A

 50%|█████     | 13/26 [00:14<00:15,  1.19s/it][A

 54%|█████▍    | 14/26 [00:15<00:14,  1.20s/it][A

 58%|█████▊    | 15/26 [00:16<00:13,  1.20s/it][A

 62%|██████▏   | 16/26 [00:18<00:11,  1.20s/it][A

 65%|██████▌   | 17/26 [00:19<00:10,  1.20s/it][A

 69%|██████▉   | 18/26 [00:20<00:09,  1.20s/it][A

 73%|███████▎  | 19/26 [00:21<00:08,  1.20s/it][A

 77%|███████▋  | 20/26 [00:22<00:07,  1.20s/it][A

 81%|████████  | 21/26 [00:24<00:05,  1.20s/it][A

 85%|████████▍ | 22/26 [00:25<00:04,  1.20s/it][A

 88%|████████▊ | 23/26 [00:26<00:03,  1.20s/it][A

 92%|█████████▏| 24/26 [00:28<00:02,  1.20s/it][A

 96%|█████████▌| 25/26 [00:29<00:01,  1.51s/it][A

100%|██████████| 26/26 [00:31<00:00,  1.48s/it][A
                                                      

                                               
[A
 58%|█████▊    | 884/1530 [2:35:15<1:29:55,  8.35s/it]

100%|██████████| 26/26 [00:40<00:00,  1.48s/it][A

                                               [A{'eval_loss': 0.9762631058692932, 'eval_macro_recall': 0.6692995293847567, 'eval_macro_precision': 0.6457647504228617, 'eval_macro_f1': 0.6327531816473974, 'eval_accuracy': 0.6929611650485437, 'eval_micro_recall': 0.6929611650485437, 'eval_micro_precision': 0.6929611650485437, 'eval_micro_f1': 0.6929611650485437, 'eval_runtime': 32.755, 'eval_samples_per_second': 25.156, 'eval_steps_per_second': 0.794, 'epoch': 17.0}

 58%|█████▊    | 885/1530 [2:36:03<5:51:50, 32.73s/it]
 58%|█████▊    | 886/1530 [2:36:13<4:37:48, 25.88s/it]
 58%|█████▊    | 887/1530 [2:36:23<3:45:57, 21.08s/it]
 58%|█████▊    | 888/1530 [2:36:33<3:09:42, 17.73s/it]
 58%|█████▊    | 889/1530 [2:36:43<2:44:17, 15.38s/it]
 58%|█████▊    | 890/1530 [2:36:53<2:26:29, 13.73s/it]
 58%|█████▊    | 891/1530 [2:37:02<2:13:59, 12.58s/it]
 58%|█████▊    | 892/1530 [2:37:12<2:05:13, 11.78s/it]
 58%|█████▊    | 893/1530 [2:37:22<1:59:02, 11.21s/it]
 58%|█████▊    | 894/1530 [2:37:32<1:54:40, 10.82s/it]
 58%|█████▊    | 895/1530 [2:37:42<1:51:34, 10.54s/it]
 59%|█████▊    | 896/1530 [2:37:52<1:49:21, 10.35s/it]
 59%|█████▊    | 897/1530 [2:38:02<1:47:47, 10.22s/it]
 59%|█████▊    | 898/1530 [2:38:12<1:46:37, 10.12s/it]
 59%|█████▉    | 899/1530 [2:38:22<1:45:46, 10.06s/it]
 59%|█████▉    | 900/1530 [2:38:32<1:45:07, 10.01s/it]
 59%|█████▉    | 901/1530 [2:38:41<1:44:37,  9.98s/it]
 59%|█████▉    | 902/1530 [2:38:51<1:44:14,  9.96s/it]
 59%|█████▉    | 903/1530 [2:39:01<1:43:55,  9.94s/it]
 59%|█████▉    | 904/1530 [2:39:11<1:43:39,  9.94s/it]
 59%|█████▉    | 905/1530 [2:39:21<1:43:24,  9.93s/it]
 59%|█████▉    | 906/1530 [2:39:31<1:43:11,  9.92s/it]
 59%|█████▉    | 907/1530 [2:39:41<1:42:59,  9.92s/it]
 59%|█████▉    | 908/1530 [2:39:51<1:42:49,  9.92s/it]
 59%|█████▉    | 909/1530 [2:40:01<1:42:37,  9.92s/it]
 59%|█████▉    | 910/1530 [2:40:11<1:42:26,  9.91s/it]
 60%|█████▉    | 911/1530 [2:40:21<1:42:17,  9.91s/it]
 60%|█████▉    | 912/1530 [2:40:31<1:42:07,  9.91s/it]
 60%|█████▉    | 913/1530 [2:40:40<1:41:57,  9.91s/it]
 60%|█████▉    | 914/1530 [2:40:50<1:41:46,  9.91s/it]
 60%|█████▉    | 915/1530 [2:41:00<1:41:37,  9.91s/it]
 60%|█████▉    | 916/1530 [2:41:10<1:41:28,  9.92s/it]
 60%|█████▉    | 917/1530 [2:41:20<1:41:18,  9.92s/it]
 60%|██████    | 918/1530 [2:41:30<1:41:07,  9.91s/it]
 60%|██████    | 919/1530 [2:41:40<1:40:58,  9.92s/it]
 60%|██████    | 920/1530 [2:41:50<1:40:48,  9.92s/it]
 60%|██████    | 921/1530 [2:42:00<1:40:40,  9.92s/it]
 60%|██████    | 922/1530 [2:42:10<1:40:30,  9.92s/it]
 60%|██████    | 923/1530 [2:42:20<1:40:19,  9.92s/it]
 60%|██████    | 924/1530 [2:42:30<1:40:09,  9.92s/it]
 60%|██████    | 925/1530 [2:42:39<1:39:59,  9.92s/it]
 61%|██████    | 926/1530 [2:42:49<1:39:50,  9.92s/it]
 61%|██████    | 927/1530 [2:42:59<1:39:40,  9.92s/it]
 61%|██████    | 928/1530 [2:43:09<1:39:30,  9.92s/it]
 61%|██████    | 929/1530 [2:43:19<1:39:18,  9.91s/it]
 61%|██████    | 930/1530 [2:43:29<1:39:08,  9.91s/it]
 61%|██████    | 931/1530 [2:43:39<1:38:58,  9.91s/it]
 61%|██████    | 932/1530 [2:43:49<1:38:47,  9.91s/it]
 61%|██████    | 933/1530 [2:43:59<1:38:36,  9.91s/it]
 61%|██████    | 934/1530 [2:44:09<1:38:26,  9.91s/it]
 61%|██████    | 935/1530 [2:44:19<1:38:15,  9.91s/it]
 61%|██████    | 936/1530 [2:44:23<1:22:46,  8.36s/it]
                                                      

 61%|██████    | 936/1530 [2:44:23<1:22:46,  8.36s/it]{'loss': 0.6976, 'grad_norm': 1.967543125152588, 'learning_rate': 1.9411764705882355e-05, 'epoch': 18.0}


  0%|          | 0/26 [00:00<?, ?it/s][A

  8%|▊         | 2/26 [00:01<00:14,  1.66it/s][A

 12%|█▏        | 3/26 [00:02<00:19,  1.17it/s][A

 15%|█▌        | 4/26 [00:03<00:21,  1.02it/s][A

 19%|█▉        | 5/26 [00:04<00:22,  1.06s/it][A

 23%|██▎       | 6/26 [00:06<00:22,  1.11s/it][A

 27%|██▋       | 7/26 [00:07<00:21,  1.14s/it][A

 31%|███       | 8/26 [00:08<00:20,  1.16s/it][A

 35%|███▍      | 9/26 [00:09<00:19,  1.17s/it][A

 38%|███▊      | 10/26 [00:10<00:18,  1.18s/it][A

 42%|████▏     | 11/26 [00:12<00:17,  1.19s/it][A

 46%|████▌     | 12/26 [00:13<00:16,  1.19s/it][A

 50%|█████     | 13/26 [00:14<00:15,  1.20s/it][A

 54%|█████▍    | 14/26 [00:15<00:14,  1.20s/it][A

 58%|█████▊    | 15/26 [00:16<00:13,  1.20s/it][A

 62%|██████▏   | 16/26 [00:18<00:11,  1.20s/it][A

 65%|██████▌   | 17/26 [00:19<00:10,  1.20s/it][A

 69%|██████▉   | 18/26 [00:20<00:09,  1.20s/it][A

 73%|███████▎  | 19/26 [00:21<00:08,  1.20s/it][A

 77%|███████▋  | 20/26 [00:22<00:07,  1.20s/it][A

 81%|████████  | 21/26 [00:24<00:06,  1.20s/it][A

 85%|████████▍ | 22/26 [00:25<00:04,  1.20s/it][A

 88%|████████▊ | 23/26 [00:26<00:03,  1.20s/it][A

 92%|█████████▏| 24/26 [00:27<00:02,  1.20s/it][A

 96%|█████████▌| 25/26 [00:28<00:01,  1.20s/it][A

100%|██████████| 26/26 [00:29<00:00,  1.14s/it][A
                                                      

                                               
[A
 61%|██████    | 936/1530 [2:44:55<1:22:46,  8.36s/it]

100%|██████████| 26/26 [00:29<00:00,  1.14s/it][A

                                               [A{'eval_loss': 0.9689092636108398, 'eval_macro_recall': 0.6703858799029254, 'eval_macro_precision': 0.6359514240761471, 'eval_macro_f1': 0.6295841985119034, 'eval_accuracy': 0.691747572815534, 'eval_micro_recall': 0.691747572815534, 'eval_micro_precision': 0.691747572815534, 'eval_micro_f1': 0.691747572815534, 'eval_runtime': 31.3463, 'eval_samples_per_second': 26.287, 'eval_steps_per_second': 0.829, 'epoch': 18.0}

 61%|██████    | 937/1530 [2:45:08<3:11:08, 19.34s/it]
 61%|██████▏   | 938/1530 [2:45:18<2:42:52, 16.51s/it]
 61%|██████▏   | 939/1530 [2:45:28<2:23:04, 14.53s/it]
 61%|██████▏   | 940/1530 [2:45:38<2:09:10, 13.14s/it]
 62%|██████▏   | 941/1530 [2:45:48<1:59:25, 12.17s/it]
 62%|██████▏   | 942/1530 [2:45:58<1:52:32, 11.48s/it]
 62%|██████▏   | 943/1530 [2:46:08<1:47:41, 11.01s/it]
 62%|██████▏   | 944/1530 [2:46:18<1:44:19, 10.68s/it]
 62%|██████▏   | 945/1530 [2:46:27<1:41:52, 10.45s/it]
 62%|██████▏   | 946/1530 [2:46:37<1:40:05, 10.28s/it]
 62%|██████▏   | 947/1530 [2:46:47<1:38:48, 10.17s/it]
 62%|██████▏   | 948/1530 [2:46:57<1:37:51, 10.09s/it]
 62%|██████▏   | 949/1530 [2:47:07<1:37:07, 10.03s/it]
 62%|██████▏   | 950/1530 [2:47:17<1:36:34,  9.99s/it]
 62%|██████▏   | 951/1530 [2:47:27<1:36:08,  9.96s/it]
 62%|██████▏   | 952/1530 [2:47:37<1:35:47,  9.94s/it]
 62%|██████▏   | 953/1530 [2:47:47<1:35:33,  9.94s/it]
 62%|██████▏   | 954/1530 [2:47:57<1:35:17,  9.93s/it]
 62%|██████▏   | 955/1530 [2:48:06<1:35:02,  9.92s/it]
 62%|██████▏   | 956/1530 [2:48:16<1:34:49,  9.91s/it]
 63%|██████▎   | 957/1530 [2:48:26<1:34:46,  9.92s/it]
 63%|██████▎   | 958/1530 [2:48:36<1:34:32,  9.92s/it]
 63%|██████▎   | 959/1530 [2:48:46<1:34:20,  9.91s/it]
 63%|██████▎   | 960/1530 [2:48:56<1:34:10,  9.91s/it]
 63%|██████▎   | 961/1530 [2:49:06<1:33:58,  9.91s/it]
 63%|██████▎   | 962/1530 [2:49:16<1:33:47,  9.91s/it]
 63%|██████▎   | 963/1530 [2:49:26<1:33:36,  9.91s/it]
 63%|██████▎   | 964/1530 [2:49:36<1:33:26,  9.91s/it]
 63%|██████▎   | 965/1530 [2:49:46<1:33:15,  9.90s/it]
 63%|██████▎   | 966/1530 [2:49:55<1:33:05,  9.90s/it]
 63%|██████▎   | 967/1530 [2:50:05<1:32:55,  9.90s/it]
 63%|██████▎   | 968/1530 [2:50:15<1:32:45,  9.90s/it]
 63%|██████▎   | 969/1530 [2:50:25<1:32:35,  9.90s/it]
 63%|██████▎   | 970/1530 [2:50:35<1:32:25,  9.90s/it]
 63%|██████▎   | 971/1530 [2:50:45<1:32:15,  9.90s/it]
 64%|██████▎   | 972/1530 [2:50:55<1:32:05,  9.90s/it]
 64%|██████▎   | 973/1530 [2:51:05<1:31:55,  9.90s/it]
 64%|██████▎   | 974/1530 [2:51:15<1:31:46,  9.90s/it]
 64%|██████▎   | 975/1530 [2:51:25<1:31:35,  9.90s/it]
 64%|██████▍   | 976/1530 [2:51:34<1:31:25,  9.90s/it]
 64%|██████▍   | 977/1530 [2:51:44<1:31:15,  9.90s/it]
 64%|██████▍   | 978/1530 [2:51:54<1:31:05,  9.90s/it]
 64%|██████▍   | 979/1530 [2:52:04<1:30:55,  9.90s/it]
 64%|██████▍   | 980/1530 [2:52:14<1:30:46,  9.90s/it]
 64%|██████▍   | 981/1530 [2:52:24<1:30:36,  9.90s/it]
 64%|██████▍   | 982/1530 [2:52:34<1:30:26,  9.90s/it]
 64%|██████▍   | 983/1530 [2:52:44<1:30:15,  9.90s/it]
 64%|██████▍   | 984/1530 [2:52:54<1:30:05,  9.90s/it]
 64%|██████▍   | 985/1530 [2:53:04<1:29:55,  9.90s/it]
 64%|██████▍   | 986/1530 [2:53:14<1:29:46,  9.90s/it]
 65%|██████▍   | 987/1530 [2:53:23<1:29:35,  9.90s/it]
 65%|██████▍   | 988/1530 [2:53:28<1:15:26,  8.35s/it]
                                                      

 65%|██████▍   | 988/1530 [2:53:29<1:15:26,  8.35s/it]{'loss': 0.6728, 'grad_norm': 2.109907388687134, 'learning_rate': 1.7712418300653595e-05, 'epoch': 19.0}


  0%|          | 0/26 [00:00<?, ?it/s][A

  8%|▊         | 2/26 [00:01<00:14,  1.67it/s][A

 12%|█▏        | 3/26 [00:02<00:19,  1.18it/s][A

 15%|█▌        | 4/26 [00:03<00:21,  1.02it/s][A

 19%|█▉        | 5/26 [00:04<00:22,  1.06s/it][A

 23%|██▎       | 6/26 [00:05<00:22,  1.10s/it][A

 27%|██▋       | 7/26 [00:07<00:21,  1.13s/it][A

 31%|███       | 8/26 [00:08<00:20,  1.15s/it][A

 35%|███▍      | 9/26 [00:09<00:19,  1.17s/it][A

 38%|███▊      | 10/26 [00:10<00:18,  1.18s/it][A

 42%|████▏     | 11/26 [00:11<00:17,  1.18s/it][A

 46%|████▌     | 12/26 [00:13<00:16,  1.19s/it][A

 50%|█████     | 13/26 [00:14<00:15,  1.19s/it][A

 54%|█████▍    | 14/26 [00:15<00:14,  1.20s/it][A

 58%|█████▊    | 15/26 [00:16<00:13,  1.20s/it][A

 62%|██████▏   | 16/26 [00:17<00:11,  1.20s/it][A

 65%|██████▌   | 17/26 [00:19<00:10,  1.20s/it][A

 69%|██████▉   | 18/26 [00:20<00:09,  1.20s/it][A

 73%|███████▎  | 19/26 [00:21<00:08,  1.20s/it][A

 77%|███████▋  | 20/26 [00:22<00:07,  1.20s/it][A

 81%|████████  | 21/26 [00:23<00:05,  1.20s/it][A

 85%|████████▍ | 22/26 [00:25<00:04,  1.20s/it][A

 88%|████████▊ | 23/26 [00:26<00:03,  1.20s/it][A

 92%|█████████▏| 24/26 [00:27<00:02,  1.20s/it][A

 96%|█████████▌| 25/26 [00:28<00:01,  1.20s/it][A

100%|██████████| 26/26 [00:29<00:00,  1.14s/it][A
                                                      

                                               
[A
 65%|██████▍   | 988/1530 [2:54:00<1:15:26,  8.35s/it]

100%|██████████| 26/26 [00:30<00:00,  1.14s/it][A

                                               [A{'eval_loss': 0.9632894396781921, 'eval_macro_recall': 0.6749788033686339, 'eval_macro_precision': 0.6471395560086385, 'eval_macro_f1': 0.6400939895345898, 'eval_accuracy': 0.7014563106796117, 'eval_micro_recall': 0.7014563106796117, 'eval_micro_precision': 0.7014563106796117, 'eval_micro_f1': 0.7014563106796117, 'eval_runtime': 31.3218, 'eval_samples_per_second': 26.308, 'eval_steps_per_second': 0.83, 'epoch': 19.0}

 65%|██████▍   | 989/1530 [2:54:14<2:56:38, 19.59s/it]
 65%|██████▍   | 990/1530 [2:54:24<2:30:07, 16.68s/it]
 65%|██████▍   | 991/1530 [2:54:34<2:11:33, 14.64s/it]
 65%|██████▍   | 992/1530 [2:54:44<1:58:31, 13.22s/it]
 65%|██████▍   | 993/1530 [2:54:54<1:49:22, 12.22s/it]
 65%|██████▍   | 994/1530 [2:55:03<1:42:56, 11.52s/it]
 65%|██████▌   | 995/1530 [2:55:13<1:38:23, 11.04s/it]
 65%|██████▌   | 996/1530 [2:55:23<1:35:10, 10.69s/it]
 65%|██████▌   | 997/1530 [2:55:33<1:32:53, 10.46s/it]
 65%|██████▌   | 998/1530 [2:55:43<1:31:14, 10.29s/it]
 65%|██████▌   | 999/1530 [2:55:53<1:30:02, 10.17s/it]
 65%|██████▌   | 1000/1530 [2:56:03<1:29:08, 10.09s/it]
 65%|██████▌   | 1001/1530 [2:56:13<1:28:28, 10.04s/it]
 65%|██████▌   | 1002/1530 [2:56:23<1:27:57, 10.00s/it]
 66%|██████▌   | 1003/1530 [2:56:33<1:27:32,  9.97s/it]
 66%|██████▌   | 1004/1530 [2:56:42<1:27:11,  9.95s/it]
 66%|██████▌   | 1005/1530 [2:56:52<1:26:54,  9.93s/it]
 66%|██████▌   | 1006/1530 [2:57:02<1:26:39,  9.92s/it]
 66%|██████▌   | 1007/1530 [2:57:12<1:26:26,  9.92s/it]
 66%|██████▌   | 1008/1530 [2:57:22<1:26:14,  9.91s/it]
 66%|██████▌   | 1009/1530 [2:57:32<1:26:01,  9.91s/it]
 66%|██████▌   | 1010/1530 [2:57:42<1:25:51,  9.91s/it]
 66%|██████▌   | 1011/1530 [2:57:52<1:25:40,  9.91s/it]
 66%|██████▌   | 1012/1530 [2:58:02<1:25:30,  9.90s/it]
 66%|██████▌   | 1013/1530 [2:58:12<1:25:20,  9.90s/it]
 66%|██████▋   | 1014/1530 [2:58:21<1:25:09,  9.90s/it]
 66%|██████▋   | 1015/1530 [2:58:31<1:24:59,  9.90s/it]
 66%|██████▋   | 1016/1530 [2:58:41<1:24:49,  9.90s/it]
 66%|██████▋   | 1017/1530 [2:58:51<1:24:39,  9.90s/it]
 67%|██████▋   | 1018/1530 [2:59:01<1:24:29,  9.90s/it]
 67%|██████▋   | 1019/1530 [2:59:11<1:24:19,  9.90s/it]
 67%|██████▋   | 1020/1530 [2:59:21<1:24:10,  9.90s/it]
 67%|██████▋   | 1021/1530 [2:59:31<1:24:00,  9.90s/it]
 67%|██████▋   | 1022/1530 [2:59:41<1:23:50,  9.90s/it]
 67%|██████▋   | 1023/1530 [2:59:51<1:23:40,  9.90s/it]
 67%|██████▋   | 1024/1530 [3:00:00<1:23:30,  9.90s/it]
 67%|██████▋   | 1025/1530 [3:00:10<1:23:20,  9.90s/it]
 67%|██████▋   | 1026/1530 [3:00:20<1:23:11,  9.90s/it]
 67%|██████▋   | 1027/1530 [3:00:30<1:23:00,  9.90s/it]
 67%|██████▋   | 1028/1530 [3:00:40<1:22:50,  9.90s/it]
 67%|██████▋   | 1029/1530 [3:00:50<1:22:41,  9.90s/it]
 67%|██████▋   | 1030/1530 [3:01:00<1:22:30,  9.90s/it]
 67%|██████▋   | 1031/1530 [3:01:10<1:22:21,  9.90s/it]
 67%|██████▋   | 1032/1530 [3:01:20<1:22:11,  9.90s/it]
 68%|██████▊   | 1033/1530 [3:01:30<1:22:01,  9.90s/it]
 68%|██████▊   | 1034/1530 [3:01:39<1:21:51,  9.90s/it]
 68%|██████▊   | 1035/1530 [3:01:49<1:21:41,  9.90s/it]
 68%|██████▊   | 1036/1530 [3:01:59<1:21:31,  9.90s/it]
 68%|██████▊   | 1037/1530 [3:02:09<1:21:21,  9.90s/it]
 68%|██████▊   | 1038/1530 [3:02:19<1:21:11,  9.90s/it]
 68%|██████▊   | 1039/1530 [3:02:29<1:21:01,  9.90s/it]
 68%|██████▊   | 1040/1530 [3:02:34<1:08:12,  8.35s/it]
                                                       

 68%|██████▊   | 1040/1530 [3:02:34<1:08:12,  8.35s/it]{'loss': 0.6552, 'grad_norm': 2.6066009998321533, 'learning_rate': 1.6013071895424836e-05, 'epoch': 20.0}


  0%|          | 0/26 [00:00<?, ?it/s][A

  8%|▊         | 2/26 [00:01<00:14,  1.67it/s][A

 12%|█▏        | 3/26 [00:02<00:19,  1.18it/s][A

 15%|█▌        | 4/26 [00:03<00:21,  1.02it/s][A

 19%|█▉        | 5/26 [00:04<00:22,  1.06s/it][A

 23%|██▎       | 6/26 [00:05<00:22,  1.10s/it][A

 27%|██▋       | 7/26 [00:07<00:21,  1.13s/it][A

 31%|███       | 8/26 [00:08<00:20,  1.16s/it][A

 35%|███▍      | 9/26 [00:09<00:19,  1.17s/it][A

 38%|███▊      | 10/26 [00:10<00:18,  1.18s/it][A

 42%|████▏     | 11/26 [00:11<00:17,  1.19s/it][A

 46%|████▌     | 12/26 [00:13<00:16,  1.19s/it][A

 50%|█████     | 13/26 [00:14<00:15,  1.19s/it][A

 54%|█████▍    | 14/26 [00:15<00:14,  1.20s/it][A

 58%|█████▊    | 15/26 [00:16<00:13,  1.20s/it][A

 62%|██████▏   | 16/26 [00:18<00:11,  1.20s/it][A

 65%|██████▌   | 17/26 [00:19<00:10,  1.20s/it][A

 69%|██████▉   | 18/26 [00:20<00:09,  1.20s/it][A

 73%|███████▎  | 19/26 [00:21<00:08,  1.20s/it][A

 77%|███████▋  | 20/26 [00:22<00:07,  1.20s/it][A

 81%|████████  | 21/26 [00:24<00:06,  1.20s/it][A

 85%|████████▍ | 22/26 [00:25<00:04,  1.20s/it][A

 88%|████████▊ | 23/26 [00:26<00:03,  1.20s/it][A

 92%|█████████▏| 24/26 [00:27<00:02,  1.20s/it][A

 96%|█████████▌| 25/26 [00:28<00:01,  1.20s/it][A

100%|██████████| 26/26 [00:29<00:00,  1.14s/it][A
                                                       

                                               
[A
 68%|██████▊   | 1040/1530 [3:03:05<1:08:12,  8.35s/it]

100%|██████████| 26/26 [00:29<00:00,  1.14s/it][A

                                               [A{'eval_loss': 0.9615256190299988, 'eval_macro_recall': 0.6807722095857689, 'eval_macro_precision': 0.6450798730459748, 'eval_macro_f1': 0.642462618935338, 'eval_accuracy': 0.7087378640776699, 'eval_micro_recall': 0.7087378640776699, 'eval_micro_precision': 0.7087378640776699, 'eval_micro_f1': 0.7087378640776699, 'eval_runtime': 31.3046, 'eval_samples_per_second': 26.322, 'eval_steps_per_second': 0.831, 'epoch': 20.0}

 68%|██████▊   | 1041/1530 [3:03:20<2:41:21, 19.80s/it]
 68%|██████▊   | 1042/1530 [3:03:30<2:16:52, 16.83s/it]
 68%|██████▊   | 1043/1530 [3:03:40<1:59:42, 14.75s/it]
 68%|██████▊   | 1044/1530 [3:03:50<1:47:40, 13.29s/it]
 68%|██████▊   | 1045/1530 [3:04:00<1:39:12, 12.27s/it]
 68%|██████▊   | 1046/1530 [3:04:10<1:33:15, 11.56s/it]
 68%|██████▊   | 1047/1530 [3:04:20<1:29:02, 11.06s/it]
 68%|██████▊   | 1048/1530 [3:04:30<1:26:05, 10.72s/it]
 69%|██████▊   | 1049/1530 [3:04:39<1:23:56, 10.47s/it]
 69%|██████▊   | 1050/1530 [3:04:49<1:22:23, 10.30s/it]
 69%|██████▊   | 1051/1530 [3:04:59<1:21:15, 10.18s/it]
 69%|██████▉   | 1052/1530 [3:05:09<1:20:24, 10.09s/it]
 69%|██████▉   | 1053/1530 [3:05:19<1:19:45, 10.03s/it]
 69%|██████▉   | 1054/1530 [3:05:29<1:19:16,  9.99s/it]
 69%|██████▉   | 1055/1530 [3:05:39<1:18:53,  9.96s/it]
 69%|██████▉   | 1056/1530 [3:05:49<1:18:33,  9.94s/it]
 69%|██████▉   | 1057/1530 [3:05:59<1:18:17,  9.93s/it]
 69%|██████▉   | 1058/1530 [3:06:08<1:18:01,  9.92s/it]
 69%|██████▉   | 1059/1530 [3:06:18<1:17:48,  9.91s/it]
 69%|██████▉   | 1060/1530 [3:06:28<1:17:38,  9.91s/it]
 69%|██████▉   | 1061/1530 [3:06:38<1:17:26,  9.91s/it]
 69%|██████▉   | 1062/1530 [3:06:48<1:17:14,  9.90s/it]
 69%|██████▉   | 1063/1530 [3:06:58<1:17:03,  9.90s/it]
 70%|██████▉   | 1064/1530 [3:07:08<1:16:53,  9.90s/it]
 70%|██████▉   | 1065/1530 [3:07:18<1:16:43,  9.90s/it]
 70%|██████▉   | 1066/1530 [3:07:28<1:16:33,  9.90s/it]
 70%|██████▉   | 1067/1530 [3:07:38<1:16:22,  9.90s/it]
 70%|██████▉   | 1068/1530 [3:07:47<1:16:12,  9.90s/it]
 70%|██████▉   | 1069/1530 [3:07:57<1:16:02,  9.90s/it]
 70%|██████▉   | 1070/1530 [3:08:07<1:15:52,  9.90s/it]
 70%|███████   | 1071/1530 [3:08:17<1:15:42,  9.90s/it]
 70%|███████   | 1072/1530 [3:08:27<1:15:32,  9.90s/it]
 70%|███████   | 1073/1530 [3:08:37<1:15:22,  9.90s/it]
 70%|███████   | 1074/1530 [3:08:47<1:15:11,  9.89s/it]
 70%|███████   | 1075/1530 [3:08:57<1:15:02,  9.89s/it]
 70%|███████   | 1076/1530 [3:09:07<1:14:51,  9.89s/it]
 70%|███████   | 1077/1530 [3:09:17<1:14:42,  9.89s/it]
 70%|███████   | 1078/1530 [3:09:26<1:14:32,  9.89s/it]
 71%|███████   | 1079/1530 [3:09:36<1:14:26,  9.90s/it]
 71%|███████   | 1080/1530 [3:09:46<1:14:15,  9.90s/it]
 71%|███████   | 1081/1530 [3:09:56<1:14:05,  9.90s/it]
 71%|███████   | 1082/1530 [3:10:06<1:13:55,  9.90s/it]
 71%|███████   | 1083/1530 [3:10:16<1:13:45,  9.90s/it]
 71%|███████   | 1084/1530 [3:10:26<1:13:34,  9.90s/it]
 71%|███████   | 1085/1530 [3:10:36<1:13:24,  9.90s/it]
 71%|███████   | 1086/1530 [3:10:46<1:13:13,  9.90s/it]
 71%|███████   | 1087/1530 [3:10:56<1:13:04,  9.90s/it]
 71%|███████   | 1088/1530 [3:11:05<1:12:53,  9.90s/it]
 71%|███████   | 1089/1530 [3:11:15<1:12:43,  9.90s/it]
 71%|███████   | 1090/1530 [3:11:25<1:12:34,  9.90s/it]
 71%|███████▏  | 1091/1530 [3:11:35<1:12:23,  9.89s/it]
 71%|███████▏  | 1092/1530 [3:11:40<1:00:56,  8.35s/it]
                                                       

 71%|███████▏  | 1092/1530 [3:11:40<1:00:56,  8.35s/it]{'loss': 0.6432, 'grad_norm': 1.6392592191696167, 'learning_rate': 1.4313725490196078e-05, 'epoch': 21.0}


  0%|          | 0/26 [00:00<?, ?it/s][A

  8%|▊         | 2/26 [00:01<00:14,  1.67it/s][A

 12%|█▏        | 3/26 [00:02<00:19,  1.18it/s][A

 15%|█▌        | 4/26 [00:03<00:21,  1.02it/s][A

 19%|█▉        | 5/26 [00:04<00:22,  1.06s/it][A

 23%|██▎       | 6/26 [00:05<00:22,  1.10s/it][A

 27%|██▋       | 7/26 [00:07<00:21,  1.13s/it][A

 31%|███       | 8/26 [00:08<00:20,  1.15s/it][A

 35%|███▍      | 9/26 [00:09<00:19,  1.17s/it][A

 38%|███▊      | 10/26 [00:10<00:18,  1.18s/it][A

 42%|████▏     | 11/26 [00:11<00:17,  1.18s/it][A

 46%|████▌     | 12/26 [00:13<00:16,  1.19s/it][A

 50%|█████     | 13/26 [00:14<00:15,  1.19s/it][A

 54%|█████▍    | 14/26 [00:15<00:14,  1.19s/it][A

 58%|█████▊    | 15/26 [00:16<00:13,  1.20s/it][A

 62%|██████▏   | 16/26 [00:17<00:11,  1.20s/it][A

 65%|██████▌   | 17/26 [00:19<00:10,  1.20s/it][A

 69%|██████▉   | 18/26 [00:20<00:09,  1.20s/it][A

 73%|███████▎  | 19/26 [00:21<00:08,  1.20s/it][A

 77%|███████▋  | 20/26 [00:22<00:07,  1.20s/it][A

 81%|████████  | 21/26 [00:23<00:05,  1.20s/it][A

 85%|████████▍ | 22/26 [00:25<00:04,  1.20s/it][A

 88%|████████▊ | 23/26 [00:26<00:03,  1.20s/it][A

 92%|█████████▏| 24/26 [00:27<00:02,  1.20s/it][A

 96%|█████████▌| 25/26 [00:28<00:01,  1.20s/it][A

100%|██████████| 26/26 [00:29<00:00,  1.14s/it][A
                                                       

                                               
[A
 71%|███████▏  | 1092/1530 [3:12:11<1:00:56,  8.35s/it]

100%|██████████| 26/26 [00:29<00:00,  1.14s/it][A

                                               [A{'eval_loss': 0.9708385467529297, 'eval_macro_recall': 0.673585489636626, 'eval_macro_precision': 0.6490232408874651, 'eval_macro_f1': 0.6407990716799918, 'eval_accuracy': 0.7014563106796117, 'eval_micro_recall': 0.7014563106796117, 'eval_micro_precision': 0.7014563106796117, 'eval_micro_f1': 0.7014563106796117, 'eval_runtime': 31.2758, 'eval_samples_per_second': 26.346, 'eval_steps_per_second': 0.831, 'epoch': 21.0}

 71%|███████▏  | 1093/1530 [3:12:25<2:20:46, 19.33s/it]
 72%|███████▏  | 1094/1530 [3:12:35<1:59:55, 16.50s/it]
 72%|███████▏  | 1095/1530 [3:12:45<1:45:17, 14.52s/it]
 72%|███████▏  | 1096/1530 [3:12:54<1:35:00, 13.13s/it]
 72%|███████▏  | 1097/1530 [3:13:04<1:27:46, 12.16s/it]
 72%|███████▏  | 1098/1530 [3:13:14<1:22:40, 11.48s/it]
 72%|███████▏  | 1099/1530 [3:13:24<1:19:03, 11.01s/it]
 72%|███████▏  | 1100/1530 [3:13:34<1:16:30, 10.68s/it]
 72%|███████▏  | 1101/1530 [3:13:44<1:14:39, 10.44s/it]
 72%|███████▏  | 1102/1530 [3:13:54<1:13:18, 10.28s/it]
 72%|███████▏  | 1103/1530 [3:14:04<1:12:21, 10.17s/it]
 72%|███████▏  | 1104/1530 [3:14:14<1:11:37, 10.09s/it]
 72%|███████▏  | 1105/1530 [3:14:24<1:11:02, 10.03s/it]
 72%|███████▏  | 1106/1530 [3:14:33<1:10:35,  9.99s/it]
 72%|███████▏  | 1107/1530 [3:14:43<1:10:14,  9.96s/it]
 72%|███████▏  | 1108/1530 [3:14:53<1:09:56,  9.94s/it]
 72%|███████▏  | 1109/1530 [3:15:03<1:09:40,  9.93s/it]
 73%|███████▎  | 1110/1530 [3:15:13<1:09:26,  9.92s/it]
 73%|███████▎  | 1111/1530 [3:15:23<1:09:13,  9.91s/it]
 73%|███████▎  | 1112/1530 [3:15:44<1:32:15, 13.24s/it]
 73%|███████▎  | 1113/1530 [3:15:55<1:27:10, 12.54s/it]
 73%|███████▎  | 1114/1530 [3:16:05<1:21:32, 11.76s/it]
 73%|███████▎  | 1115/1530 [3:16:15<1:17:28, 11.20s/it]
 73%|███████▎  | 1116/1530 [3:16:25<1:14:35, 10.81s/it]
 73%|███████▎  | 1117/1530 [3:16:35<1:12:32, 10.54s/it]
 73%|███████▎  | 1118/1530 [3:16:44<1:11:03, 10.35s/it]
 73%|███████▎  | 1119/1530 [3:16:54<1:09:57, 10.21s/it]
 73%|███████▎  | 1120/1530 [3:17:04<1:09:08, 10.12s/it]
 73%|███████▎  | 1121/1530 [3:17:14<1:08:32, 10.05s/it]
 73%|███████▎  | 1122/1530 [3:17:24<1:08:02, 10.01s/it]
 73%|███████▎  | 1123/1530 [3:17:34<1:07:39,  9.97s/it]
 73%|███████▎  | 1124/1530 [3:17:44<1:07:19,  9.95s/it]
 74%|███████▎  | 1125/1530 [3:17:54<1:07:03,  9.94s/it]
 74%|███████▎  | 1126/1530 [3:18:04<1:06:49,  9.92s/it]
 74%|███████▎  | 1127/1530 [3:18:14<1:06:36,  9.92s/it]
 74%|███████▎  | 1128/1530 [3:18:23<1:06:24,  9.91s/it]
 74%|███████▍  | 1129/1530 [3:18:33<1:06:12,  9.91s/it]
 74%|███████▍  | 1130/1530 [3:18:43<1:06:02,  9.91s/it]
 74%|███████▍  | 1131/1530 [3:18:53<1:05:51,  9.90s/it]
 74%|███████▍  | 1132/1530 [3:19:03<1:05:40,  9.90s/it]
 74%|███████▍  | 1133/1530 [3:19:13<1:05:30,  9.90s/it]
 74%|███████▍  | 1134/1530 [3:19:23<1:05:21,  9.90s/it]
 74%|███████▍  | 1135/1530 [3:19:33<1:05:13,  9.91s/it]
 74%|███████▍  | 1136/1530 [3:19:43<1:05:02,  9.90s/it]
 74%|███████▍  | 1137/1530 [3:19:53<1:04:51,  9.90s/it]
 74%|███████▍  | 1138/1530 [3:20:02<1:04:41,  9.90s/it]
 74%|███████▍  | 1139/1530 [3:20:12<1:04:30,  9.90s/it]
 75%|███████▍  | 1140/1530 [3:20:22<1:04:20,  9.90s/it]
 75%|███████▍  | 1141/1530 [3:20:32<1:04:10,  9.90s/it]
 75%|███████▍  | 1142/1530 [3:20:42<1:04:29,  9.97s/it]
 75%|███████▍  | 1143/1530 [3:20:52<1:04:11,  9.95s/it]
 75%|███████▍  | 1144/1530 [3:20:57<53:59,  8.39s/it]  
                                                     

 75%|███████▍  | 1144/1530 [3:20:57<53:59,  8.39s/it]{'loss': 0.6269, 'grad_norm': 1.3132537603378296, 'learning_rate': 1.261437908496732e-05, 'epoch': 22.0}


  0%|          | 0/26 [00:00<?, ?it/s][A

  8%|▊         | 2/26 [00:01<00:14,  1.65it/s][A

 12%|█▏        | 3/26 [00:02<00:19,  1.17it/s][A

 15%|█▌        | 4/26 [00:03<00:21,  1.02it/s][A

 19%|█▉        | 5/26 [00:04<00:22,  1.06s/it][A

 23%|██▎       | 6/26 [00:06<00:22,  1.10s/it][A

 27%|██▋       | 7/26 [00:07<00:21,  1.13s/it][A

 31%|███       | 8/26 [00:08<00:20,  1.15s/it][A

 35%|███▍      | 9/26 [00:09<00:19,  1.17s/it][A

 38%|███▊      | 10/26 [00:10<00:18,  1.18s/it][A

 42%|████▏     | 11/26 [00:12<00:17,  1.18s/it][A

 46%|████▌     | 12/26 [00:13<00:16,  1.19s/it][A

 50%|█████     | 13/26 [00:14<00:15,  1.19s/it][A

 54%|█████▍    | 14/26 [00:15<00:14,  1.19s/it][A

 58%|█████▊    | 15/26 [00:16<00:13,  1.20s/it][A

 62%|██████▏   | 16/26 [00:18<00:11,  1.20s/it][A

 65%|██████▌   | 17/26 [00:19<00:10,  1.20s/it][A

 69%|██████▉   | 18/26 [00:20<00:09,  1.20s/it][A

 73%|███████▎  | 19/26 [00:21<00:08,  1.20s/it][A

 77%|███████▋  | 20/26 [00:22<00:07,  1.20s/it][A

 81%|████████  | 21/26 [00:24<00:05,  1.20s/it][A

 85%|████████▍ | 22/26 [00:25<00:04,  1.20s/it][A

 88%|████████▊ | 23/26 [00:26<00:03,  1.20s/it][A

 92%|█████████▏| 24/26 [00:27<00:02,  1.20s/it][A

 96%|█████████▌| 25/26 [00:28<00:01,  1.20s/it][A

100%|██████████| 26/26 [00:29<00:00,  1.14s/it][A
                                                     

                                               
[A
 75%|███████▍  | 1144/1530 [3:21:29<53:59,  8.39s/it]

100%|██████████| 26/26 [00:29<00:00,  1.14s/it][A

                                               [A{'eval_loss': 0.9782251119613647, 'eval_macro_recall': 0.6747757608553063, 'eval_macro_precision': 0.6481162934287934, 'eval_macro_f1': 0.639687670896831, 'eval_accuracy': 0.7002427184466019, 'eval_micro_recall': 0.7002427184466019, 'eval_micro_precision': 0.7002427184466019, 'eval_micro_f1': 0.7002427184466019, 'eval_runtime': 32.1219, 'eval_samples_per_second': 25.652, 'eval_steps_per_second': 0.809, 'epoch': 22.0}

 75%|███████▍  | 1145/1530 [3:21:43<2:06:58, 19.79s/it]
 75%|███████▍  | 1146/1530 [3:21:53<1:47:38, 16.82s/it]
 75%|███████▍  | 1147/1530 [3:22:03<1:34:07, 14.75s/it]
 75%|███████▌  | 1148/1530 [3:22:13<1:24:38, 13.29s/it]
 75%|███████▌  | 1149/1530 [3:22:23<1:17:56, 12.27s/it]
 75%|███████▌  | 1150/1530 [3:22:33<1:13:13, 11.56s/it]
 75%|███████▌  | 1151/1530 [3:22:43<1:09:53, 11.06s/it]
 75%|███████▌  | 1152/1530 [3:22:53<1:07:56, 10.78s/it]
 75%|███████▌  | 1153/1530 [3:23:03<1:06:04, 10.52s/it]
 75%|███████▌  | 1154/1530 [3:23:13<1:04:44, 10.33s/it]
 75%|███████▌  | 1155/1530 [3:23:23<1:03:45, 10.20s/it]
 76%|███████▌  | 1156/1530 [3:23:32<1:03:00, 10.11s/it]
 76%|███████▌  | 1157/1530 [3:23:42<1:02:26, 10.04s/it]
 76%|███████▌  | 1158/1530 [3:23:52<1:01:59, 10.00s/it]
 76%|███████▌  | 1159/1530 [3:24:02<1:01:37,  9.97s/it]
 76%|███████▌  | 1160/1530 [3:24:12<1:01:19,  9.95s/it]
 76%|███████▌  | 1161/1530 [3:24:22<1:01:03,  9.93s/it]
 76%|███████▌  | 1162/1530 [3:24:32<1:00:49,  9.92s/it]
 76%|███████▌  | 1163/1530 [3:24:42<1:00:36,  9.91s/it]
 76%|███████▌  | 1164/1530 [3:24:52<1:00:25,  9.91s/it]
 76%|███████▌  | 1165/1530 [3:25:01<1:00:13,  9.90s/it]
 76%|███████▌  | 1166/1530 [3:25:11<1:00:03,  9.90s/it]
 76%|███████▋  | 1167/1530 [3:25:21<59:52,  9.90s/it]  
 76%|███████▋  | 1168/1530 [3:25:31<59:42,  9.90s/it]
 76%|███████▋  | 1169/1530 [3:25:41<59:32,  9.90s/it]
 76%|███████▋  | 1170/1530 [3:25:51<59:22,  9.90s/it]
 77%|███████▋  | 1171/1530 [3:26:01<59:11,  9.89s/it]
 77%|███████▋  | 1172/1530 [3:26:11<59:01,  9.89s/it]
 77%|███████▋  | 1173/1530 [3:26:21<58:51,  9.89s/it]
 77%|███████▋  | 1174/1530 [3:26:30<58:41,  9.89s/it]
 77%|███████▋  | 1175/1530 [3:26:40<58:31,  9.89s/it]
 77%|███████▋  | 1176/1530 [3:26:50<58:21,  9.89s/it]
 77%|███████▋  | 1177/1530 [3:27:00<58:12,  9.89s/it]
 77%|███████▋  | 1178/1530 [3:27:10<58:02,  9.89s/it]
 77%|███████▋  | 1179/1530 [3:27:20<57:51,  9.89s/it]
 77%|███████▋  | 1180/1530 [3:27:30<57:42,  9.89s/it]
 77%|███████▋  | 1181/1530 [3:27:40<57:32,  9.89s/it]
 77%|███████▋  | 1182/1530 [3:27:50<57:22,  9.89s/it]
 77%|███████▋  | 1183/1530 [3:28:00<57:11,  9.89s/it]
 77%|███████▋  | 1184/1530 [3:28:09<57:01,  9.89s/it]
 77%|███████▋  | 1185/1530 [3:28:19<56:52,  9.89s/it]
 78%|███████▊  | 1186/1530 [3:28:29<56:43,  9.89s/it]
 78%|███████▊  | 1187/1530 [3:28:39<56:33,  9.89s/it]
 78%|███████▊  | 1188/1530 [3:28:49<56:23,  9.89s/it]
 78%|███████▊  | 1189/1530 [3:28:59<56:13,  9.89s/it]
 78%|███████▊  | 1190/1530 [3:29:09<56:03,  9.89s/it]
 78%|███████▊  | 1191/1530 [3:29:19<55:52,  9.89s/it]
 78%|███████▊  | 1192/1530 [3:29:29<55:43,  9.89s/it]
 78%|███████▊  | 1193/1530 [3:29:38<55:33,  9.89s/it]
 78%|███████▊  | 1194/1530 [3:29:48<55:24,  9.89s/it]
 78%|███████▊  | 1195/1530 [3:29:58<55:13,  9.89s/it]
 78%|███████▊  | 1196/1530 [3:30:03<46:27,  8.34s/it]
                                                     

 78%|███████▊  | 1196/1530 [3:30:03<46:27,  8.34s/it]{'loss': 0.6178, 'grad_norm': 2.5178513526916504, 'learning_rate': 1.0915032679738562e-05, 'epoch': 23.0}


  0%|          | 0/26 [00:00<?, ?it/s][A

  8%|▊         | 2/26 [00:01<00:14,  1.67it/s][A

 12%|█▏        | 3/26 [00:02<00:19,  1.18it/s][A

 15%|█▌        | 4/26 [00:03<00:21,  1.02it/s][A

 19%|█▉        | 5/26 [00:04<00:22,  1.05s/it][A

 23%|██▎       | 6/26 [00:05<00:22,  1.10s/it][A

 27%|██▋       | 7/26 [00:07<00:21,  1.13s/it][A

 31%|███       | 8/26 [00:08<00:20,  1.15s/it][A

 35%|███▍      | 9/26 [00:09<00:19,  1.17s/it][A

 38%|███▊      | 10/26 [00:10<00:18,  1.18s/it][A

 42%|████▏     | 11/26 [00:11<00:17,  1.18s/it][A

 46%|████▌     | 12/26 [00:13<00:16,  1.19s/it][A

 50%|█████     | 13/26 [00:14<00:15,  1.19s/it][A

 54%|█████▍    | 14/26 [00:15<00:14,  1.19s/it][A

 58%|█████▊    | 15/26 [00:16<00:13,  1.20s/it][A

 62%|██████▏   | 16/26 [00:17<00:11,  1.20s/it][A

 65%|██████▌   | 17/26 [00:19<00:10,  1.20s/it][A

 69%|██████▉   | 18/26 [00:20<00:09,  1.20s/it][A

 73%|███████▎  | 19/26 [00:21<00:08,  1.20s/it][A

 77%|███████▋  | 20/26 [00:22<00:07,  1.20s/it][A

 81%|████████  | 21/26 [00:23<00:05,  1.20s/it][A

 85%|████████▍ | 22/26 [00:25<00:04,  1.20s/it][A

 88%|████████▊ | 23/26 [00:26<00:03,  1.20s/it][A

 92%|█████████▏| 24/26 [00:27<00:02,  1.20s/it][A

 96%|█████████▌| 25/26 [00:28<00:01,  1.27s/it][A

100%|██████████| 26/26 [00:29<00:00,  1.19s/it][A
                                                     

                                               
[A
 78%|███████▊  | 1196/1530 [3:30:36<46:27,  8.34s/it]

100%|██████████| 26/26 [00:30<00:00,  1.19s/it][A

                                               [A{'eval_loss': 0.972466230392456, 'eval_macro_recall': 0.6759450844196607, 'eval_macro_precision': 0.6559471288284847, 'eval_macro_f1': 0.6454836330495027, 'eval_accuracy': 0.7063106796116505, 'eval_micro_recall': 0.7063106796116505, 'eval_micro_precision': 0.7063106796116505, 'eval_micro_f1': 0.7063106796116505, 'eval_runtime': 32.2586, 'eval_samples_per_second': 25.544, 'eval_steps_per_second': 0.806, 'epoch': 23.0}

 78%|███████▊  | 1197/1530 [3:30:49<1:49:26, 19.72s/it]
 78%|███████▊  | 1198/1530 [3:30:59<1:32:47, 16.77s/it]
 78%|███████▊  | 1199/1530 [3:31:09<1:21:07, 14.70s/it]
 78%|███████▊  | 1200/1530 [3:31:19<1:12:56, 13.26s/it]
 78%|███████▊  | 1201/1530 [3:31:29<1:07:10, 12.25s/it]
 79%|███████▊  | 1202/1530 [3:31:39<1:03:05, 11.54s/it]
 79%|███████▊  | 1203/1530 [3:31:49<1:00:11, 11.05s/it]
 79%|███████▊  | 1204/1530 [3:31:58<58:08, 10.70s/it]  
 79%|███████▉  | 1205/1530 [3:32:08<56:39, 10.46s/it]
 79%|███████▉  | 1206/1530 [3:32:18<55:33, 10.29s/it]
 79%|███████▉  | 1207/1530 [3:32:28<54:44, 10.17s/it]
 79%|███████▉  | 1208/1530 [3:32:38<54:07, 10.09s/it]
 79%|███████▉  | 1209/1530 [3:32:48<53:38, 10.03s/it]
 79%|███████▉  | 1210/1530 [3:32:58<53:16,  9.99s/it]
 79%|███████▉  | 1211/1530 [3:33:08<52:57,  9.96s/it]
 79%|███████▉  | 1212/1530 [3:33:18<52:41,  9.94s/it]
 79%|███████▉  | 1213/1530 [3:33:27<52:26,  9.93s/it]
 79%|███████▉  | 1214/1530 [3:33:37<52:13,  9.92s/it]
 79%|███████▉  | 1215/1530 [3:33:47<52:01,  9.91s/it]
 79%|███████▉  | 1216/1530 [3:33:57<51:49,  9.90s/it]
 80%|███████▉  | 1217/1530 [3:34:07<51:38,  9.90s/it]
 80%|███████▉  | 1218/1530 [3:34:17<51:27,  9.90s/it]
 80%|███████▉  | 1219/1530 [3:34:27<51:17,  9.90s/it]
 80%|███████▉  | 1220/1530 [3:34:37<51:07,  9.89s/it]
 80%|███████▉  | 1221/1530 [3:34:47<50:57,  9.89s/it]
 80%|███████▉  | 1222/1530 [3:34:57<50:47,  9.89s/it]
 80%|███████▉  | 1223/1530 [3:35:06<50:37,  9.89s/it]
 80%|████████  | 1224/1530 [3:35:16<50:26,  9.89s/it]
 80%|████████  | 1225/1530 [3:35:26<50:16,  9.89s/it]
 80%|████████  | 1226/1530 [3:35:36<50:06,  9.89s/it]
 80%|████████  | 1227/1530 [3:35:46<49:56,  9.89s/it]
 80%|████████  | 1228/1530 [3:35:56<49:47,  9.89s/it]
 80%|████████  | 1229/1530 [3:36:06<49:36,  9.89s/it]
 80%|████████  | 1230/1530 [3:36:16<49:27,  9.89s/it]
 80%|████████  | 1231/1530 [3:36:26<49:17,  9.89s/it]
 81%|████████  | 1232/1530 [3:36:35<49:07,  9.89s/it]
 81%|████████  | 1233/1530 [3:36:45<48:57,  9.89s/it]
 81%|████████  | 1234/1530 [3:36:55<48:47,  9.89s/it]
 81%|████████  | 1235/1530 [3:37:05<48:37,  9.89s/it]
 81%|████████  | 1236/1530 [3:37:15<48:28,  9.89s/it]
 81%|████████  | 1237/1530 [3:37:25<48:18,  9.89s/it]
 81%|████████  | 1238/1530 [3:37:35<48:08,  9.89s/it]
 81%|████████  | 1239/1530 [3:37:45<47:58,  9.89s/it]
 81%|████████  | 1240/1530 [3:37:55<47:48,  9.89s/it]
 81%|████████  | 1241/1530 [3:38:04<47:38,  9.89s/it]
 81%|████████  | 1242/1530 [3:38:14<47:27,  9.89s/it]
 81%|████████  | 1243/1530 [3:38:24<47:18,  9.89s/it]
 81%|████████▏ | 1244/1530 [3:38:34<47:08,  9.89s/it]
 81%|████████▏ | 1245/1530 [3:38:44<46:59,  9.89s/it]
 81%|████████▏ | 1246/1530 [3:38:54<46:49,  9.89s/it]
 82%|████████▏ | 1247/1530 [3:39:04<46:39,  9.89s/it]
 82%|████████▏ | 1248/1530 [3:39:09<39:12,  8.34s/it]
                                                     

 82%|████████▏ | 1248/1530 [3:39:09<39:12,  8.34s/it]{'loss': 0.6081, 'grad_norm': 1.6953245401382446, 'learning_rate': 9.215686274509804e-06, 'epoch': 24.0}


  0%|          | 0/26 [00:00<?, ?it/s][A

  8%|▊         | 2/26 [00:01<00:14,  1.67it/s][A

 12%|█▏        | 3/26 [00:02<00:19,  1.18it/s][A

 15%|█▌        | 4/26 [00:03<00:21,  1.02it/s][A

 19%|█▉        | 5/26 [00:04<00:22,  1.05s/it][A

 23%|██▎       | 6/26 [00:05<00:22,  1.10s/it][A

 27%|██▋       | 7/26 [00:07<00:21,  1.13s/it][A

 31%|███       | 8/26 [00:08<00:20,  1.15s/it][A

 35%|███▍      | 9/26 [00:09<00:19,  1.17s/it][A

 38%|███▊      | 10/26 [00:10<00:18,  1.18s/it][A

 42%|████▏     | 11/26 [00:11<00:17,  1.18s/it][A

 46%|████▌     | 12/26 [00:13<00:16,  1.19s/it][A

 50%|█████     | 13/26 [00:14<00:15,  1.19s/it][A

 54%|█████▍    | 14/26 [00:15<00:14,  1.19s/it][A

 58%|█████▊    | 15/26 [00:16<00:13,  1.20s/it][A

 62%|██████▏   | 16/26 [00:17<00:11,  1.20s/it][A

 65%|██████▌   | 17/26 [00:19<00:10,  1.20s/it][A

 69%|██████▉   | 18/26 [00:20<00:09,  1.20s/it][A

 73%|███████▎  | 19/26 [00:21<00:08,  1.20s/it][A

 77%|███████▋  | 20/26 [00:22<00:07,  1.20s/it][A

 81%|████████  | 21/26 [00:23<00:05,  1.20s/it][A

 85%|████████▍ | 22/26 [00:25<00:04,  1.20s/it][A

 88%|████████▊ | 23/26 [00:26<00:03,  1.20s/it][A

 92%|█████████▏| 24/26 [00:27<00:02,  1.20s/it][A

 96%|█████████▌| 25/26 [00:28<00:01,  1.20s/it][A

100%|██████████| 26/26 [00:29<00:00,  1.14s/it][A
                                                     

                                               
[A
 82%|████████▏ | 1248/1530 [3:39:40<39:12,  8.34s/it]

100%|██████████| 26/26 [00:29<00:00,  1.14s/it][A

                                               [A{'eval_loss': 0.9660022854804993, 'eval_macro_recall': 0.6781222230374773, 'eval_macro_precision': 0.6492132553573231, 'eval_macro_f1': 0.6411685616416782, 'eval_accuracy': 0.7038834951456311, 'eval_micro_recall': 0.7038834951456311, 'eval_micro_precision': 0.7038834951456311, 'eval_micro_f1': 0.7038834951456311, 'eval_runtime': 31.2368, 'eval_samples_per_second': 26.379, 'eval_steps_per_second': 0.832, 'epoch': 24.0}

 82%|████████▏ | 1249/1530 [3:39:54<1:30:34, 19.34s/it]
 82%|████████▏ | 1250/1530 [3:40:03<1:17:03, 16.51s/it]
 82%|████████▏ | 1251/1530 [3:40:13<1:07:32, 14.53s/it]
 82%|████████▏ | 1252/1530 [3:40:23<1:00:52, 13.14s/it]
 82%|████████▏ | 1253/1530 [3:40:33<56:10, 12.17s/it]  
 82%|████████▏ | 1254/1530 [3:40:43<52:50, 11.49s/it]
 82%|████████▏ | 1255/1530 [3:40:53<50:27, 11.01s/it]
 82%|████████▏ | 1256/1530 [3:41:03<48:44, 10.67s/it]
 82%|████████▏ | 1257/1530 [3:41:13<47:31, 10.45s/it]
 82%|████████▏ | 1258/1530 [3:41:23<46:38, 10.29s/it]
 82%|████████▏ | 1259/1530 [3:41:33<45:58, 10.18s/it]
 82%|████████▏ | 1260/1530 [3:41:42<45:25, 10.10s/it]
 82%|████████▏ | 1261/1530 [3:41:52<45:00, 10.04s/it]
 82%|████████▏ | 1262/1530 [3:42:02<44:39, 10.00s/it]
 83%|████████▎ | 1263/1530 [3:42:12<44:21,  9.97s/it]
 83%|████████▎ | 1264/1530 [3:42:22<44:07,  9.95s/it]
 83%|████████▎ | 1265/1530 [3:42:32<43:54,  9.94s/it]
 83%|████████▎ | 1266/1530 [3:42:42<43:41,  9.93s/it]
 83%|████████▎ | 1267/1530 [3:42:52<43:29,  9.92s/it]
 83%|████████▎ | 1268/1530 [3:43:02<43:18,  9.92s/it]
 83%|████████▎ | 1269/1530 [3:43:12<43:06,  9.91s/it]
 83%|████████▎ | 1270/1530 [3:43:22<42:55,  9.91s/it]
 83%|████████▎ | 1271/1530 [3:43:31<42:44,  9.90s/it]
 83%|████████▎ | 1272/1530 [3:43:41<42:34,  9.90s/it]
 83%|████████▎ | 1273/1530 [3:43:51<42:24,  9.90s/it]
 83%|████████▎ | 1274/1530 [3:44:01<42:14,  9.90s/it]
 83%|████████▎ | 1275/1530 [3:44:11<42:03,  9.90s/it]
 83%|████████▎ | 1276/1530 [3:44:21<41:53,  9.90s/it]
 83%|████████▎ | 1277/1530 [3:44:31<41:43,  9.90s/it]
 84%|████████▎ | 1278/1530 [3:44:41<41:33,  9.90s/it]
 84%|████████▎ | 1279/1530 [3:44:51<41:24,  9.90s/it]
 84%|████████▎ | 1280/1530 [3:45:00<41:14,  9.90s/it]
 84%|████████▎ | 1281/1530 [3:45:10<41:04,  9.90s/it]
 84%|████████▍ | 1282/1530 [3:45:20<40:54,  9.90s/it]
 84%|████████▍ | 1283/1530 [3:45:30<40:43,  9.89s/it]
 84%|████████▍ | 1284/1530 [3:45:40<40:34,  9.90s/it]
 84%|████████▍ | 1285/1530 [3:45:50<40:24,  9.90s/it]
 84%|████████▍ | 1286/1530 [3:46:00<40:14,  9.90s/it]
 84%|████████▍ | 1287/1530 [3:46:10<40:04,  9.89s/it]
 84%|████████▍ | 1288/1530 [3:46:20<39:54,  9.89s/it]
 84%|████████▍ | 1289/1530 [3:46:30<39:44,  9.89s/it]
 84%|████████▍ | 1290/1530 [3:46:39<39:34,  9.89s/it]
 84%|████████▍ | 1291/1530 [3:46:49<39:24,  9.89s/it]
 84%|████████▍ | 1292/1530 [3:46:59<39:14,  9.89s/it]
 85%|████████▍ | 1293/1530 [3:47:09<39:05,  9.89s/it]
 85%|████████▍ | 1294/1530 [3:47:19<38:55,  9.90s/it]
 85%|████████▍ | 1295/1530 [3:47:29<38:45,  9.90s/it]
 85%|████████▍ | 1296/1530 [3:47:39<38:35,  9.90s/it]
 85%|████████▍ | 1297/1530 [3:47:49<38:25,  9.90s/it]
 85%|████████▍ | 1298/1530 [3:47:59<38:15,  9.90s/it]
 85%|████████▍ | 1299/1530 [3:48:08<38:05,  9.90s/it]
 85%|████████▍ | 1300/1530 [3:48:13<31:59,  8.34s/it]
                                                     

 85%|████████▍ | 1300/1530 [3:48:13<31:59,  8.34s/it]{'loss': 0.5979, 'grad_norm': 1.1731055974960327, 'learning_rate': 7.5163398692810456e-06, 'epoch': 25.0}


  0%|          | 0/26 [00:00<?, ?it/s][A

  8%|▊         | 2/26 [00:01<00:14,  1.67it/s][A

 12%|█▏        | 3/26 [00:02<00:19,  1.18it/s][A

 15%|█▌        | 4/26 [00:03<00:21,  1.02it/s][A

 19%|█▉        | 5/26 [00:04<00:22,  1.05s/it][A

 23%|██▎       | 6/26 [00:05<00:22,  1.10s/it][A

 27%|██▋       | 7/26 [00:07<00:21,  1.13s/it][A

 31%|███       | 8/26 [00:08<00:20,  1.15s/it][A

 35%|███▍      | 9/26 [00:09<00:19,  1.17s/it][A

 38%|███▊      | 10/26 [00:10<00:18,  1.18s/it][A

 42%|████▏     | 11/26 [00:11<00:17,  1.18s/it][A

 46%|████▌     | 12/26 [00:13<00:16,  1.19s/it][A

 50%|█████     | 13/26 [00:14<00:15,  1.19s/it][A

 54%|█████▍    | 14/26 [00:15<00:14,  1.19s/it][A

 58%|█████▊    | 15/26 [00:16<00:13,  1.20s/it][A

 62%|██████▏   | 16/26 [00:17<00:11,  1.20s/it][A

 65%|██████▌   | 17/26 [00:19<00:10,  1.20s/it][A

 69%|██████▉   | 18/26 [00:20<00:09,  1.20s/it][A

 73%|███████▎  | 19/26 [00:21<00:08,  1.20s/it][A

 77%|███████▋  | 20/26 [00:22<00:07,  1.20s/it][A

 81%|████████  | 21/26 [00:23<00:05,  1.20s/it][A

 85%|████████▍ | 22/26 [00:25<00:04,  1.20s/it][A

 88%|████████▊ | 23/26 [00:26<00:03,  1.20s/it][A

 92%|█████████▏| 24/26 [00:27<00:02,  1.20s/it][A

 96%|█████████▌| 25/26 [00:28<00:01,  1.20s/it][A

100%|██████████| 26/26 [00:29<00:00,  1.14s/it][A
                                                     

                                               
[A
 85%|████████▍ | 1300/1530 [3:48:45<31:59,  8.34s/it]

100%|██████████| 26/26 [00:29<00:00,  1.14s/it][A

                                               [A
                                                     

 85%|████████▍ | 1300/1530 [3:48:48<31:59,  8.34s/it]
 85%|████████▍ | 1300/1530 [3:48:48<40:28, 10.56s/it]
2025-04-11 19:29:07.042 | INFO     | __main__:fine_tune:230 - Training time: 13729.13 seconds
{'eval_loss': 0.9719641208648682, 'eval_macro_recall': 0.6793393988309242, 'eval_macro_precision': 0.6571891542230525, 'eval_macro_f1': 0.6476010037228758, 'eval_accuracy': 0.7099514563106796, 'eval_micro_recall': 0.7099514563106796, 'eval_micro_precision': 0.7099514563106796, 'eval_micro_f1': 0.7099514563106797, 'eval_runtime': 31.2776, 'eval_samples_per_second': 26.345, 'eval_steps_per_second': 0.831, 'epoch': 25.0}
{'train_runtime': 13728.8079, 'train_samples_per_second': 7.198, 'train_steps_per_second': 0.111, 'train_loss': 1.3350952295156626, 'epoch': 25.0}

  0%|          | 0/26 [00:00<?, ?it/s]
  8%|▊         | 2/26 [00:01<00:14,  1.67it/s]
 12%|█▏        | 3/26 [00:02<00:19,  1.18it/s]
 15%|█▌        | 4/26 [00:03<00:21,  1.02it/s]
 19%|█▉        | 5/26 [00:04<00:22,  1.05s/it]
 23%|██▎       | 6/26 [00:05<00:22,  1.10s/it]
 27%|██▋       | 7/26 [00:07<00:21,  1.13s/it]
 31%|███       | 8/26 [00:08<00:20,  1.15s/it]
 35%|███▍      | 9/26 [00:09<00:19,  1.17s/it]
 38%|███▊      | 10/26 [00:10<00:18,  1.18s/it]
 42%|████▏     | 11/26 [00:11<00:17,  1.18s/it]
 46%|████▌     | 12/26 [00:13<00:16,  1.19s/it]
 50%|█████     | 13/26 [00:14<00:15,  1.19s/it]
 54%|█████▍    | 14/26 [00:15<00:14,  1.19s/it]
 58%|█████▊    | 15/26 [00:16<00:13,  1.19s/it]
 62%|██████▏   | 16/26 [00:17<00:11,  1.20s/it]
 65%|██████▌   | 17/26 [00:19<00:10,  1.20s/it]
 69%|██████▉   | 18/26 [00:20<00:09,  1.20s/it]
 73%|███████▎  | 19/26 [00:21<00:08,  1.20s/it]
 77%|███████▋  | 20/26 [00:22<00:07,  1.20s/it]
 81%|████████  | 21/26 [00:23<00:05,  1.20s/it]
 85%|████████▍ | 22/26 [00:25<00:04,  1.20s/it]
 88%|████████▊ | 23/26 [00:26<00:03,  1.20s/it]
 92%|█████████▏| 24/26 [00:27<00:02,  1.20s/it]
 96%|█████████▌| 25/26 [00:28<00:01,  1.20s/it]
100%|██████████| 26/26 [00:29<00:00,  1.14s/it]
100%|██████████| 26/26 [00:29<00:00,  1.14s/it]
2025-04-11 19:29:38.312 | INFO     | __main__:fine_tune:236 - Prediction time: 31.27 seconds
2025-04-11 19:29:38.315 | INFO     | __main__:CV_run:413 - Fold 1, Final Eval Metrics: loss: 0.97, macro_recall: 0.68, macro_precision: 0.66, macro_f1: 0.65, accuracy: 0.71, micro_recall: 0.71, micro_precision: 0.71, micro_f1: 0.71, runtime: 31.28, samples_per_second: 26.34, steps_per_second: 0.83
2025-04-11 19:29:38.381 | INFO     | __main__:CV_run:351 - Starting fold 2
Some weights of LongformerForSequenceClassification were not initialized from the model checkpoint at allenai/longformer-base-4096 and are newly initialized: ['classifier.dense.bias', 'classifier.dense.weight', 'classifier.out_proj.bias', 'classifier.out_proj.weight']
You should probably TRAIN this model on a down-stream task to be able to use it for predictions and inference.
2025-04-11 19:29:40.769 | INFO     | __main__:CV_run:403 - Starting fine-tuning with cross-entropy loss
2025-04-11 19:29:40.769 | INFO     | __main__:fine_tune:150 - Gradient accumulation steps: 8
Eval results: defaultdict(<class 'list'>, {'loss': [4.3794941902160645, 3.3092668056488037, 2.550496816635132, 2.0636022090911865, 1.7043753862380981, 1.5234113931655884, 1.3670985698699951, 1.2785484790802002, 1.182882308959961, 1.1498804092407227, 1.1003282070159912, 1.0387468338012695, 1.0300514698028564, 1.002295732498169, 0.9979036450386047, 0.9773064851760864, 0.9762631058692932, 0.9689092636108398, 0.9632894396781921, 0.9615256190299988, 0.9708385467529297, 0.9782251119613647, 0.972466230392456, 0.9660022854804993, 0.9719641208648682], 'macro_recall': [0.23563311688311692, 0.39314799783549775, 0.48653950216450215, 0.5097943722943724, 0.5505140692640693, 0.5732931998556998, 0.5791607224845862, 0.5984518480257117, 0.6216593696707332, 0.6197972009051554, 0.6318870523415977, 0.6548664612223934, 0.6615612291748655, 0.6758764593991867, 0.6674904483143119, 0.6721467926013381, 0.6692995293847567, 0.6703858799029254, 0.6749788033686339, 0.6807722095857689, 0.673585489636626, 0.6747757608553063, 0.6759450844196607, 0.6781222230374773, 0.6793393988309242], 'macro_precision': [0.1633062661198878, 0.3109760257494765, 0.40871469264439286, 0.4407699687991558, 0.5086561530977659, 0.5265736891283921, 0.5333886515854219, 0.5638465747809868, 0.5904265251032492, 0.5918450083110669, 0.612288264134855, 0.6332226504709056, 0.6287165366416935, 0.6403355113190536, 0.6421167792935034, 0.6308553819917456, 0.6457647504228617, 0.6359514240761471, 0.6471395560086385, 0.6450798730459748, 0.6490232408874651, 0.6481162934287934, 0.6559471288284847, 0.6492132553573231, 0.6571891542230525], 'macro_f1': [0.15585374773623717, 0.31459861129385946, 0.41683873738534616, 0.44147252350282573, 0.5018907700788023, 0.5267382218386192, 0.528480998513113, 0.5544649946103218, 0.5792504549766989, 0.5772868806078112, 0.5942665617407912, 0.6216583199965889, 0.6213055208299862, 0.6338350184892158, 0.6284910377446614, 0.6282068310142614, 0.6327531816473974, 0.6295841985119034, 0.6400939895345898, 0.642462618935338, 0.6407990716799918, 0.639687670896831, 0.6454836330495027, 0.6411685616416782, 0.6476010037228758], 'accuracy': [0.2536407766990291, 0.4162621359223301, 0.5169902912621359, 0.5327669902912622, 0.5691747572815534, 0.6007281553398058, 0.5970873786407767, 0.6237864077669902, 0.6395631067961165, 0.6468446601941747, 0.654126213592233, 0.6796116504854369, 0.6820388349514563, 0.691747572815534, 0.6905339805825242, 0.6929611650485437, 0.6929611650485437, 0.691747572815534, 0.7014563106796117, 0.7087378640776699, 0.7014563106796117, 0.7002427184466019, 0.7063106796116505, 0.7038834951456311, 0.7099514563106796], 'micro_recall': [0.2536407766990291, 0.4162621359223301, 0.5169902912621359, 0.5327669902912622, 0.5691747572815534, 0.6007281553398058, 0.5970873786407767, 0.6237864077669902, 0.6395631067961165, 0.6468446601941747, 0.654126213592233, 0.6796116504854369, 0.6820388349514563, 0.691747572815534, 0.6905339805825242, 0.6929611650485437, 0.6929611650485437, 0.691747572815534, 0.7014563106796117, 0.7087378640776699, 0.7014563106796117, 0.7002427184466019, 0.7063106796116505, 0.7038834951456311, 0.7099514563106796], 'micro_precision': [0.2536407766990291, 0.4162621359223301, 0.5169902912621359, 0.5327669902912622, 0.5691747572815534, 0.6007281553398058, 0.5970873786407767, 0.6237864077669902, 0.6395631067961165, 0.6468446601941747, 0.654126213592233, 0.6796116504854369, 0.6820388349514563, 0.691747572815534, 0.6905339805825242, 0.6929611650485437, 0.6929611650485437, 0.691747572815534, 0.7014563106796117, 0.7087378640776699, 0.7014563106796117, 0.7002427184466019, 0.7063106796116505, 0.7038834951456311, 0.7099514563106796], 'micro_f1': [0.2536407766990291, 0.4162621359223301, 0.5169902912621359, 0.5327669902912622, 0.5691747572815534, 0.6007281553398058, 0.5970873786407767, 0.6237864077669902, 0.6395631067961165, 0.6468446601941747, 0.654126213592233, 0.6796116504854369, 0.6820388349514563, 0.691747572815534, 0.6905339805825242, 0.6929611650485437, 0.6929611650485437, 0.691747572815534, 0.7014563106796117, 0.7087378640776699, 0.7014563106796117, 0.7002427184466019, 0.7063106796116505, 0.7038834951456311, 0.7099514563106797], 'runtime': [31.9599, 31.3021, 31.3141, 31.2879, 31.2887, 31.3183, 31.5124, 32.9506, 31.2955, 31.2964, 31.2636, 31.258, 31.2626, 31.2949, 31.9391, 32.4725, 32.755, 31.3463, 31.3218, 31.3046, 31.2758, 32.1219, 32.2586, 31.2368, 31.2776], 'samples_per_second': [25.782, 26.324, 26.314, 26.336, 26.335, 26.311, 26.148, 25.007, 26.33, 26.329, 26.357, 26.361, 26.357, 26.33, 25.799, 25.375, 25.156, 26.287, 26.308, 26.322, 26.346, 25.652, 25.544, 26.379, 26.345], 'steps_per_second': [0.814, 0.831, 0.83, 0.831, 0.831, 0.83, 0.825, 0.789, 0.831, 0.831, 0.832, 0.832, 0.832, 0.831, 0.814, 0.801, 0.794, 0.829, 0.83, 0.831, 0.831, 0.809, 0.806, 0.832, 0.831]})

  0%|          | 0/1530 [00:00<?, ?it/s]
  0%|          | 1/1530 [00:10<4:22:08, 10.29s/it]
  0%|          | 2/1530 [00:20<4:16:14, 10.06s/it]
  0%|          | 3/1530 [00:30<4:14:00,  9.98s/it]
  0%|          | 4/1530 [00:39<4:12:54,  9.94s/it]
  0%|          | 5/1530 [00:49<4:12:18,  9.93s/it]
  0%|          | 6/1530 [00:59<4:11:55,  9.92s/it]
  0%|          | 7/1530 [01:09<4:11:36,  9.91s/it]
  1%|          | 8/1530 [01:19<4:11:18,  9.91s/it]
  1%|          | 9/1530 [01:29<4:11:05,  9.90s/it]
  1%|          | 10/1530 [01:39<4:10:53,  9.90s/it]
  1%|          | 11/1530 [01:49<4:10:40,  9.90s/it]
  1%|          | 12/1530 [01:59<4:10:28,  9.90s/it]
  1%|          | 13/1530 [02:09<4:10:18,  9.90s/it]
  1%|          | 14/1530 [02:18<4:10:08,  9.90s/it]
  1%|          | 15/1530 [02:28<4:09:57,  9.90s/it]
  1%|          | 16/1530 [02:38<4:09:47,  9.90s/it]
  1%|          | 17/1530 [02:48<4:09:37,  9.90s/it]
  1%|          | 18/1530 [02:58<4:09:28,  9.90s/it]
  1%|          | 19/1530 [03:08<4:09:17,  9.90s/it]
  1%|▏         | 20/1530 [03:18<4:09:10,  9.90s/it]
  1%|▏         | 21/1530 [03:28<4:08:59,  9.90s/it]
  1%|▏         | 22/1530 [03:38<4:08:48,  9.90s/it]
  2%|▏         | 23/1530 [03:48<4:08:36,  9.90s/it]
  2%|▏         | 24/1530 [03:57<4:08:28,  9.90s/it]
  2%|▏         | 25/1530 [04:07<4:08:17,  9.90s/it]
  2%|▏         | 26/1530 [04:17<4:08:07,  9.90s/it]
  2%|▏         | 27/1530 [04:27<4:07:56,  9.90s/it]
  2%|▏         | 28/1530 [04:37<4:07:47,  9.90s/it]
  2%|▏         | 29/1530 [04:47<4:07:38,  9.90s/it]
  2%|▏         | 30/1530 [04:57<4:07:29,  9.90s/it]
  2%|▏         | 31/1530 [05:07<4:07:18,  9.90s/it]
  2%|▏         | 32/1530 [05:17<4:07:08,  9.90s/it]
  2%|▏         | 33/1530 [05:27<4:06:57,  9.90s/it]
  2%|▏         | 34/1530 [05:36<4:06:48,  9.90s/it]
  2%|▏         | 35/1530 [05:46<4:06:37,  9.90s/it]
  2%|▏         | 36/1530 [05:56<4:06:27,  9.90s/it]
  2%|▏         | 37/1530 [06:06<4:06:18,  9.90s/it]
  2%|▏         | 38/1530 [06:16<4:06:08,  9.90s/it]
  3%|▎         | 39/1530 [06:26<4:05:57,  9.90s/it]
  3%|▎         | 40/1530 [06:36<4:05:46,  9.90s/it]
  3%|▎         | 41/1530 [06:46<4:05:37,  9.90s/it]
  3%|▎         | 42/1530 [06:56<4:05:26,  9.90s/it]
  3%|▎         | 43/1530 [07:06<4:05:17,  9.90s/it]
  3%|▎         | 44/1530 [07:15<4:05:06,  9.90s/it]
  3%|▎         | 45/1530 [07:25<4:04:57,  9.90s/it]
  3%|▎         | 46/1530 [07:35<4:04:47,  9.90s/it]
  3%|▎         | 47/1530 [07:45<4:04:37,  9.90s/it]
  3%|▎         | 48/1530 [07:55<4:04:29,  9.90s/it]
  3%|▎         | 49/1530 [08:05<4:04:19,  9.90s/it]
  3%|▎         | 50/1530 [08:15<4:04:08,  9.90s/it]
  3%|▎         | 51/1530 [08:25<4:03:57,  9.90s/it]
  3%|▎         | 52/1530 [08:29<3:25:45,  8.35s/it]
                                                   

  3%|▎         | 52/1530 [08:30<3:25:45,  8.35s/it]{'loss': 5.0185, 'grad_norm': 2.4366185665130615, 'learning_rate': 4.830065359477124e-05, 'epoch': 1.0}


  0%|          | 0/26 [00:00<?, ?it/s][A

  8%|▊         | 2/26 [00:01<00:14,  1.67it/s][A

 12%|█▏        | 3/26 [00:02<00:19,  1.18it/s][A

 15%|█▌        | 4/26 [00:03<00:21,  1.02it/s][A

 19%|█▉        | 5/26 [00:04<00:22,  1.06s/it][A

 23%|██▎       | 6/26 [00:05<00:22,  1.10s/it][A

 27%|██▋       | 7/26 [00:07<00:21,  1.13s/it][A

 31%|███       | 8/26 [00:08<00:20,  1.15s/it][A

 35%|███▍      | 9/26 [00:09<00:19,  1.17s/it][A

 38%|███▊      | 10/26 [00:10<00:18,  1.18s/it][A

 42%|████▏     | 11/26 [00:11<00:17,  1.18s/it][A

 46%|████▌     | 12/26 [00:13<00:16,  1.19s/it][A

 50%|█████     | 13/26 [00:14<00:15,  1.19s/it][A

 54%|█████▍    | 14/26 [00:15<00:14,  1.19s/it][A

 58%|█████▊    | 15/26 [00:16<00:13,  1.19s/it][A

 62%|██████▏   | 16/26 [00:17<00:11,  1.20s/it][A

 65%|██████▌   | 17/26 [00:19<00:10,  1.20s/it][A

 69%|██████▉   | 18/26 [00:20<00:09,  1.20s/it][A

 73%|███████▎  | 19/26 [00:21<00:08,  1.20s/it][A

 77%|███████▋  | 20/26 [00:22<00:07,  1.20s/it][A

 81%|████████  | 21/26 [00:23<00:05,  1.20s/it][A

 85%|████████▍ | 22/26 [00:25<00:04,  1.20s/it][A

 88%|████████▊ | 23/26 [00:26<00:03,  1.20s/it][A

 92%|█████████▏| 24/26 [00:27<00:02,  1.20s/it][A

 96%|█████████▌| 25/26 [00:28<00:01,  1.20s/it][A

100%|██████████| 26/26 [00:29<00:00,  1.14s/it][A

                                               
[A
                                                   

100%|██████████| 26/26 [00:29<00:00,  1.14s/it][A
  3%|▎         | 52/1530 [09:01<3:25:45,  8.35s/it]

                                               [A{'eval_loss': 4.539005756378174, 'eval_macro_recall': 0.17582312925170068, 'eval_macro_precision': 0.09546749724033035, 'eval_macro_f1': 0.10182583538866814, 'eval_accuracy': 0.15655339805825244, 'eval_micro_recall': 0.15655339805825244, 'eval_micro_precision': 0.15655339805825244, 'eval_micro_f1': 0.15655339805825244, 'eval_runtime': 31.2562, 'eval_samples_per_second': 26.363, 'eval_steps_per_second': 0.832, 'epoch': 1.0}

  3%|▎         | 53/1530 [09:15<7:56:55, 19.37s/it]
  4%|▎         | 54/1530 [09:24<6:46:45, 16.53s/it]
  4%|▎         | 55/1530 [09:34<5:57:31, 14.54s/it]
  4%|▎         | 56/1530 [09:44<5:23:02, 13.15s/it]
  4%|▎         | 57/1530 [09:54<4:58:49, 12.17s/it]
  4%|▍         | 58/1530 [10:04<4:41:56, 11.49s/it]
  4%|▍         | 59/1530 [10:14<4:30:05, 11.02s/it]
  4%|▍         | 60/1530 [10:24<4:21:41, 10.68s/it]
  4%|▍         | 61/1530 [10:34<4:15:45, 10.45s/it]
  4%|▍         | 62/1530 [10:44<4:11:32, 10.28s/it]
  4%|▍         | 63/1530 [10:54<4:08:31, 10.16s/it]
  4%|▍         | 64/1530 [11:03<4:06:20, 10.08s/it]
  4%|▍         | 65/1530 [11:13<4:04:48, 10.03s/it]
  4%|▍         | 66/1530 [11:23<4:03:39,  9.99s/it]
  4%|▍         | 67/1530 [11:33<4:02:50,  9.96s/it]
  4%|▍         | 68/1530 [11:43<4:02:12,  9.94s/it]
  5%|▍         | 69/1530 [11:53<4:01:41,  9.93s/it]
  5%|▍         | 70/1530 [12:03<4:01:18,  9.92s/it]
  5%|▍         | 71/1530 [12:13<4:00:57,  9.91s/it]
  5%|▍         | 72/1530 [12:23<4:00:42,  9.91s/it]
  5%|▍         | 73/1530 [12:32<4:00:25,  9.90s/it]
  5%|▍         | 74/1530 [12:42<4:00:11,  9.90s/it]
  5%|▍         | 75/1530 [12:52<3:59:58,  9.90s/it]
  5%|▍         | 76/1530 [13:02<3:59:47,  9.90s/it]
  5%|▌         | 77/1530 [13:12<3:59:37,  9.89s/it]
  5%|▌         | 78/1530 [13:22<3:59:27,  9.89s/it]
  5%|▌         | 79/1530 [13:32<3:59:16,  9.89s/it]
  5%|▌         | 80/1530 [13:42<3:59:07,  9.90s/it]
  5%|▌         | 81/1530 [13:52<3:59:00,  9.90s/it]
  5%|▌         | 82/1530 [14:02<3:58:48,  9.90s/it]
  5%|▌         | 83/1530 [14:11<3:58:36,  9.89s/it]
  5%|▌         | 84/1530 [14:21<3:58:26,  9.89s/it]
  6%|▌         | 85/1530 [14:31<3:58:16,  9.89s/it]
  6%|▌         | 86/1530 [14:41<3:58:10,  9.90s/it]
  6%|▌         | 87/1530 [14:51<3:57:59,  9.90s/it]
  6%|▌         | 88/1530 [15:01<3:57:49,  9.90s/it]
  6%|▌         | 89/1530 [15:11<3:57:40,  9.90s/it]
  6%|▌         | 90/1530 [15:21<3:57:31,  9.90s/it]
  6%|▌         | 91/1530 [15:31<3:57:22,  9.90s/it]
  6%|▌         | 92/1530 [15:40<3:57:11,  9.90s/it]
  6%|▌         | 93/1530 [15:50<3:57:00,  9.90s/it]
  6%|▌         | 94/1530 [16:00<3:56:51,  9.90s/it]
  6%|▌         | 95/1530 [16:10<3:56:38,  9.89s/it]
  6%|▋         | 96/1530 [16:20<3:56:30,  9.90s/it]
  6%|▋         | 97/1530 [16:30<3:56:19,  9.90s/it]
  6%|▋         | 98/1530 [16:40<3:56:09,  9.90s/it]
  6%|▋         | 99/1530 [16:50<3:55:59,  9.89s/it]
  7%|▋         | 100/1530 [17:00<3:55:49,  9.89s/it]
  7%|▋         | 101/1530 [17:10<3:55:38,  9.89s/it]
  7%|▋         | 102/1530 [17:19<3:55:29,  9.89s/it]
  7%|▋         | 103/1530 [17:29<3:55:17,  9.89s/it]
  7%|▋         | 104/1530 [17:34<3:18:24,  8.35s/it]
                                                    

  7%|▋         | 104/1530 [17:34<3:18:24,  8.35s/it]{'loss': 3.9444, 'grad_norm': 2.5088071823120117, 'learning_rate': 4.660130718954249e-05, 'epoch': 2.0}


  0%|          | 0/26 [00:00<?, ?it/s][A

  8%|▊         | 2/26 [00:01<00:14,  1.67it/s][A

 12%|█▏        | 3/26 [00:02<00:19,  1.18it/s][A

 15%|█▌        | 4/26 [00:03<00:21,  1.02it/s][A

 19%|█▉        | 5/26 [00:04<00:22,  1.06s/it][A

 23%|██▎       | 6/26 [00:05<00:22,  1.10s/it][A

 27%|██▋       | 7/26 [00:07<00:21,  1.13s/it][A

 31%|███       | 8/26 [00:08<00:20,  1.15s/it][A

 35%|███▍      | 9/26 [00:09<00:19,  1.17s/it][A

 38%|███▊      | 10/26 [00:10<00:18,  1.18s/it][A

 42%|████▏     | 11/26 [00:11<00:17,  1.18s/it][A

 46%|████▌     | 12/26 [00:13<00:16,  1.19s/it][A

 50%|█████     | 13/26 [00:14<00:15,  1.19s/it][A

 54%|█████▍    | 14/26 [00:15<00:14,  1.19s/it][A

 58%|█████▊    | 15/26 [00:16<00:13,  1.20s/it][A

 62%|██████▏   | 16/26 [00:17<00:11,  1.20s/it][A

 65%|██████▌   | 17/26 [00:19<00:10,  1.20s/it][A

 69%|██████▉   | 18/26 [00:20<00:09,  1.20s/it][A

 73%|███████▎  | 19/26 [00:21<00:08,  1.20s/it][A

 77%|███████▋  | 20/26 [00:22<00:07,  1.20s/it][A

 81%|████████  | 21/26 [00:23<00:05,  1.20s/it][A

 85%|████████▍ | 22/26 [00:25<00:04,  1.20s/it][A

 88%|████████▊ | 23/26 [00:26<00:03,  1.20s/it][A

 92%|█████████▏| 24/26 [00:27<00:02,  1.20s/it][A

 96%|█████████▌| 25/26 [00:28<00:01,  1.20s/it][A

100%|██████████| 26/26 [00:29<00:00,  1.14s/it][A

                                               
[A
                                                    

100%|██████████| 26/26 [00:29<00:00,  1.14s/it][A
  7%|▋         | 104/1530 [18:05<3:18:24,  8.35s/it]

                                               [A{'eval_loss': 3.403803825378418, 'eval_macro_recall': 0.3354679802955665, 'eval_macro_precision': 0.23844032500600737, 'eval_macro_f1': 0.24965228342624401, 'eval_accuracy': 0.32281553398058255, 'eval_micro_recall': 0.32281553398058255, 'eval_micro_precision': 0.32281553398058255, 'eval_micro_f1': 0.32281553398058255, 'eval_runtime': 31.3063, 'eval_samples_per_second': 26.321, 'eval_steps_per_second': 0.831, 'epoch': 2.0}

  7%|▋         | 105/1530 [18:19<7:39:52, 19.36s/it]
  7%|▋         | 106/1530 [18:29<6:32:09, 16.52s/it]
  7%|▋         | 107/1530 [18:39<5:44:42, 14.53s/it]
  7%|▋         | 108/1530 [18:49<5:11:24, 13.14s/it]
  7%|▋         | 109/1530 [18:59<4:48:06, 12.17s/it]
  7%|▋         | 110/1530 [19:09<4:31:46, 11.48s/it]
  7%|▋         | 111/1530 [19:18<4:20:16, 11.01s/it]
  7%|▋         | 112/1530 [19:28<4:12:09, 10.67s/it]
  7%|▋         | 113/1530 [19:38<4:06:28, 10.44s/it]
  7%|▋         | 114/1530 [19:48<4:02:23, 10.27s/it]
  8%|▊         | 115/1530 [19:58<3:59:32, 10.16s/it]
  8%|▊         | 116/1530 [20:08<3:57:28, 10.08s/it]
  8%|▊         | 117/1530 [20:18<3:55:58, 10.02s/it]
  8%|▊         | 118/1530 [20:28<3:54:54,  9.98s/it]
  8%|▊         | 119/1530 [20:38<3:54:08,  9.96s/it]
  8%|▊         | 120/1530 [20:47<3:53:30,  9.94s/it]
  8%|▊         | 121/1530 [20:57<3:53:01,  9.92s/it]
  8%|▊         | 122/1530 [21:07<3:52:38,  9.91s/it]
  8%|▊         | 123/1530 [21:17<3:52:24,  9.91s/it]
  8%|▊         | 124/1530 [21:27<3:52:12,  9.91s/it]
  8%|▊         | 125/1530 [21:37<3:51:56,  9.91s/it]
  8%|▊         | 126/1530 [21:47<3:51:42,  9.90s/it]
  8%|▊         | 127/1530 [21:57<3:51:31,  9.90s/it]
  8%|▊         | 128/1530 [22:07<3:51:21,  9.90s/it]
  8%|▊         | 129/1530 [22:17<3:51:08,  9.90s/it]
  8%|▊         | 130/1530 [22:26<3:50:59,  9.90s/it]
  9%|▊         | 131/1530 [22:36<3:50:46,  9.90s/it]
  9%|▊         | 132/1530 [22:46<3:50:35,  9.90s/it]
  9%|▊         | 133/1530 [22:56<3:50:24,  9.90s/it]
  9%|▉         | 134/1530 [23:06<3:50:13,  9.89s/it]
  9%|▉         | 135/1530 [23:16<3:50:03,  9.89s/it]
  9%|▉         | 136/1530 [23:26<3:49:53,  9.89s/it]
  9%|▉         | 137/1530 [23:36<3:49:41,  9.89s/it]
  9%|▉         | 138/1530 [23:46<3:49:33,  9.89s/it]
  9%|▉         | 139/1530 [23:55<3:49:23,  9.89s/it]
  9%|▉         | 140/1530 [24:05<3:49:13,  9.89s/it]
  9%|▉         | 141/1530 [24:15<3:49:06,  9.90s/it]
  9%|▉         | 142/1530 [24:25<3:48:55,  9.90s/it]
  9%|▉         | 143/1530 [24:35<3:48:45,  9.90s/it]
  9%|▉         | 144/1530 [24:45<3:48:35,  9.90s/it]
  9%|▉         | 145/1530 [24:55<3:48:27,  9.90s/it]
 10%|▉         | 146/1530 [25:05<3:48:15,  9.90s/it]
 10%|▉         | 147/1530 [25:15<3:48:08,  9.90s/it]
 10%|▉         | 148/1530 [25:25<3:47:57,  9.90s/it]
 10%|▉         | 149/1530 [25:34<3:47:46,  9.90s/it]
 10%|▉         | 150/1530 [25:44<3:47:37,  9.90s/it]
 10%|▉         | 151/1530 [25:54<3:47:25,  9.90s/it]
 10%|▉         | 152/1530 [26:04<3:47:17,  9.90s/it]
 10%|█         | 153/1530 [26:14<3:47:06,  9.90s/it]
 10%|█         | 154/1530 [26:24<3:46:58,  9.90s/it]
 10%|█         | 155/1530 [26:34<3:46:46,  9.90s/it]
 10%|█         | 156/1530 [26:39<3:11:13,  8.35s/it]
                                                    

 10%|█         | 156/1530 [26:39<3:11:13,  8.35s/it]{'loss': 3.0354, 'grad_norm': 2.471637010574341, 'learning_rate': 4.490196078431373e-05, 'epoch': 3.0}


  0%|          | 0/26 [00:00<?, ?it/s][A

  8%|▊         | 2/26 [00:01<00:14,  1.67it/s][A

 12%|█▏        | 3/26 [00:02<00:19,  1.18it/s][A

 15%|█▌        | 4/26 [00:03<00:21,  1.02it/s][A

 19%|█▉        | 5/26 [00:04<00:22,  1.06s/it][A

 23%|██▎       | 6/26 [00:05<00:22,  1.10s/it][A

 27%|██▋       | 7/26 [00:07<00:21,  1.13s/it][A

 31%|███       | 8/26 [00:08<00:20,  1.15s/it][A

 35%|███▍      | 9/26 [00:09<00:19,  1.17s/it][A

 38%|███▊      | 10/26 [00:10<00:18,  1.18s/it][A

 42%|████▏     | 11/26 [00:11<00:17,  1.18s/it][A

 46%|████▌     | 12/26 [00:13<00:16,  1.19s/it][A

 50%|█████     | 13/26 [00:14<00:15,  1.19s/it][A

 54%|█████▍    | 14/26 [00:15<00:14,  1.19s/it][A

 58%|█████▊    | 15/26 [00:16<00:13,  1.19s/it][A

 62%|██████▏   | 16/26 [00:17<00:11,  1.20s/it][A

 65%|██████▌   | 17/26 [00:19<00:10,  1.20s/it][A

 69%|██████▉   | 18/26 [00:20<00:09,  1.20s/it][A

 73%|███████▎  | 19/26 [00:21<00:08,  1.20s/it][A

 77%|███████▋  | 20/26 [00:22<00:07,  1.20s/it][A

 81%|████████  | 21/26 [00:23<00:05,  1.20s/it][A

 85%|████████▍ | 22/26 [00:25<00:04,  1.20s/it][A

 88%|████████▊ | 23/26 [00:26<00:03,  1.20s/it][A

 92%|█████████▏| 24/26 [00:27<00:02,  1.20s/it][A

 96%|█████████▌| 25/26 [00:28<00:01,  1.20s/it][A

100%|██████████| 26/26 [00:29<00:00,  1.14s/it][A

                                               
[A
                                                    

100%|██████████| 26/26 [00:29<00:00,  1.14s/it][A
 10%|█         | 156/1530 [27:10<3:11:13,  8.35s/it]

                                               [A{'eval_loss': 2.675963878631592, 'eval_macro_recall': 0.43240284619594965, 'eval_macro_precision': 0.3164155887492831, 'eval_macro_f1': 0.33755125181140505, 'eval_accuracy': 0.4211165048543689, 'eval_micro_recall': 0.4211165048543689, 'eval_micro_precision': 0.4211165048543689, 'eval_micro_f1': 0.4211165048543689, 'eval_runtime': 31.2494, 'eval_samples_per_second': 26.369, 'eval_steps_per_second': 0.832, 'epoch': 3.0}

 10%|█         | 157/1530 [27:24<7:23:57, 19.40s/it]
 10%|█         | 158/1530 [27:34<6:18:26, 16.55s/it]
 10%|█         | 159/1530 [27:44<5:32:36, 14.56s/it]
 10%|█         | 160/1530 [27:53<5:00:28, 13.16s/it]
 11%|█         | 161/1530 [28:03<4:37:56, 12.18s/it]
 11%|█         | 162/1530 [28:13<4:22:10, 11.50s/it]
 11%|█         | 163/1530 [28:23<4:11:05, 11.02s/it]
 11%|█         | 164/1530 [28:33<4:03:17, 10.69s/it]
 11%|█         | 165/1530 [28:43<3:57:45, 10.45s/it]
 11%|█         | 166/1530 [28:53<3:53:50, 10.29s/it]
 11%|█         | 167/1530 [29:03<3:51:03, 10.17s/it]
 11%|█         | 168/1530 [29:13<3:49:05, 10.09s/it]
 11%|█         | 169/1530 [29:23<3:47:39, 10.04s/it]
 11%|█         | 170/1530 [29:33<3:46:34, 10.00s/it]
 11%|█         | 171/1530 [29:42<3:45:48,  9.97s/it]
 11%|█         | 172/1530 [29:52<3:45:13,  9.95s/it]
 11%|█▏        | 173/1530 [30:02<3:44:44,  9.94s/it]
 11%|█▏        | 174/1530 [30:12<3:44:21,  9.93s/it]
 11%|█▏        | 175/1530 [30:22<3:44:02,  9.92s/it]
 12%|█▏        | 176/1530 [30:32<3:43:48,  9.92s/it]
 12%|█▏        | 177/1530 [30:42<3:43:34,  9.91s/it]
 12%|█▏        | 178/1530 [30:52<3:43:20,  9.91s/it]
 12%|█▏        | 179/1530 [31:02<3:43:07,  9.91s/it]
 12%|█▏        | 180/1530 [31:12<3:43:06,  9.92s/it]
 12%|█▏        | 181/1530 [31:22<3:43:38,  9.95s/it]
 12%|█▏        | 182/1530 [31:32<3:43:27,  9.95s/it]
 12%|█▏        | 183/1530 [31:42<3:49:35, 10.23s/it]
 12%|█▏        | 184/1530 [31:52<3:47:14, 10.13s/it]
 12%|█▏        | 185/1530 [32:02<3:45:30, 10.06s/it]
 12%|█▏        | 186/1530 [32:12<3:44:14, 10.01s/it]
 12%|█▏        | 187/1530 [32:22<3:43:19,  9.98s/it]
 12%|█▏        | 188/1530 [32:32<3:42:36,  9.95s/it]
 12%|█▏        | 189/1530 [32:42<3:42:02,  9.94s/it]
 12%|█▏        | 190/1530 [32:52<3:41:36,  9.92s/it]
 12%|█▏        | 191/1530 [33:02<3:41:17,  9.92s/it]
 13%|█▎        | 192/1530 [33:12<3:41:00,  9.91s/it]
 13%|█▎        | 193/1530 [33:21<3:40:44,  9.91s/it]
 13%|█▎        | 194/1530 [33:31<3:40:30,  9.90s/it]
 13%|█▎        | 195/1530 [33:41<3:40:19,  9.90s/it]
 13%|█▎        | 196/1530 [33:51<3:40:06,  9.90s/it]
 13%|█▎        | 197/1530 [34:01<3:39:54,  9.90s/it]
 13%|█▎        | 198/1530 [34:11<3:39:44,  9.90s/it]
 13%|█▎        | 199/1530 [34:21<3:39:35,  9.90s/it]
 13%|█▎        | 200/1530 [34:31<3:39:25,  9.90s/it]
 13%|█▎        | 201/1530 [34:41<3:39:15,  9.90s/it]
 13%|█▎        | 202/1530 [34:50<3:39:04,  9.90s/it]
 13%|█▎        | 203/1530 [35:00<3:38:56,  9.90s/it]
 13%|█▎        | 204/1530 [35:10<3:38:47,  9.90s/it]
 13%|█▎        | 205/1530 [35:20<3:38:37,  9.90s/it]
 13%|█▎        | 206/1530 [35:30<3:38:26,  9.90s/it]
 14%|█▎        | 207/1530 [35:40<3:38:14,  9.90s/it]
 14%|█▎        | 208/1530 [35:45<3:03:58,  8.35s/it]
                                                    

 14%|█▎        | 208/1530 [35:45<3:03:58,  8.35s/it]{'loss': 2.4157, 'grad_norm': 2.2077465057373047, 'learning_rate': 4.320261437908497e-05, 'epoch': 4.0}


  0%|          | 0/26 [00:00<?, ?it/s][A

  8%|▊         | 2/26 [00:01<00:14,  1.67it/s][A

 12%|█▏        | 3/26 [00:02<00:19,  1.18it/s][A

 15%|█▌        | 4/26 [00:03<00:21,  1.02it/s][A

 19%|█▉        | 5/26 [00:04<00:22,  1.06s/it][A

 23%|██▎       | 6/26 [00:05<00:22,  1.10s/it][A

 27%|██▋       | 7/26 [00:07<00:21,  1.13s/it][A

 31%|███       | 8/26 [00:08<00:20,  1.16s/it][A

 35%|███▍      | 9/26 [00:09<00:19,  1.17s/it][A

 38%|███▊      | 10/26 [00:10<00:18,  1.18s/it][A

 42%|████▏     | 11/26 [00:11<00:17,  1.18s/it][A

 46%|████▌     | 12/26 [00:13<00:16,  1.19s/it][A

 50%|█████     | 13/26 [00:14<00:15,  1.19s/it][A

 54%|█████▍    | 14/26 [00:15<00:14,  1.19s/it][A

 58%|█████▊    | 15/26 [00:16<00:13,  1.20s/it][A

 62%|██████▏   | 16/26 [00:17<00:11,  1.20s/it][A

 65%|██████▌   | 17/26 [00:19<00:10,  1.20s/it][A

 69%|██████▉   | 18/26 [00:20<00:09,  1.20s/it][A

 73%|███████▎  | 19/26 [00:21<00:08,  1.20s/it][A

 77%|███████▋  | 20/26 [00:22<00:07,  1.20s/it][A

 81%|████████  | 21/26 [00:23<00:05,  1.20s/it][A

 85%|████████▍ | 22/26 [00:25<00:04,  1.20s/it][A

 88%|████████▊ | 23/26 [00:26<00:03,  1.20s/it][A

 92%|█████████▏| 24/26 [00:27<00:02,  1.20s/it][A

 96%|█████████▌| 25/26 [00:28<00:01,  1.20s/it][A

100%|██████████| 26/26 [00:29<00:00,  1.14s/it][A

                                               
[A
                                                    

100%|██████████| 26/26 [00:29<00:00,  1.14s/it][A
 14%|█▎        | 208/1530 [36:16<3:03:58,  8.35s/it]

                                               [A{'eval_loss': 2.168787717819214, 'eval_macro_recall': 0.47336252508666304, 'eval_macro_precision': 0.3925122153568357, 'eval_macro_f1': 0.39972495281654363, 'eval_accuracy': 0.46601941747572817, 'eval_micro_recall': 0.46601941747572817, 'eval_micro_precision': 0.46601941747572817, 'eval_micro_f1': 0.46601941747572817, 'eval_runtime': 31.4661, 'eval_samples_per_second': 26.187, 'eval_steps_per_second': 0.826, 'epoch': 4.0}

 14%|█▎        | 209/1530 [36:30<7:07:44, 19.43s/it]
 14%|█▎        | 210/1530 [36:40<6:04:35, 16.57s/it]
 14%|█▍        | 211/1530 [36:50<5:20:22, 14.57s/it]
 14%|█▍        | 212/1530 [37:00<4:49:21, 13.17s/it]
 14%|█▍        | 213/1530 [37:10<4:27:34, 12.19s/it]
 14%|█▍        | 214/1530 [37:20<4:12:17, 11.50s/it]
 14%|█▍        | 215/1530 [37:29<4:01:32, 11.02s/it]
 14%|█▍        | 216/1530 [37:39<3:54:05, 10.69s/it]
 14%|█▍        | 217/1530 [37:49<3:48:48, 10.46s/it]
 14%|█▍        | 218/1530 [37:59<3:45:02, 10.29s/it]
 14%|█▍        | 219/1530 [38:09<3:42:20, 10.18s/it]
 14%|█▍        | 220/1530 [38:19<3:40:25, 10.10s/it]
 14%|█▍        | 221/1530 [38:29<3:40:13, 10.09s/it]
 15%|█▍        | 222/1530 [38:39<3:38:49, 10.04s/it]
 15%|█▍        | 223/1530 [38:49<3:37:48, 10.00s/it]
 15%|█▍        | 224/1530 [38:59<3:37:11,  9.98s/it]
 15%|█▍        | 225/1530 [39:09<3:36:31,  9.96s/it]
 15%|█▍        | 226/1530 [39:19<3:36:04,  9.94s/it]
 15%|█▍        | 227/1530 [39:29<3:35:40,  9.93s/it]
 15%|█▍        | 228/1530 [39:38<3:35:21,  9.92s/it]
 15%|█▍        | 229/1530 [39:48<3:35:04,  9.92s/it]
 15%|█▌        | 230/1530 [39:58<3:34:50,  9.92s/it]
 15%|█▌        | 231/1530 [40:08<3:34:36,  9.91s/it]
 15%|█▌        | 232/1530 [40:18<3:34:23,  9.91s/it]
 15%|█▌        | 233/1530 [40:28<3:34:10,  9.91s/it]
 15%|█▌        | 234/1530 [40:38<3:33:59,  9.91s/it]
 15%|█▌        | 235/1530 [40:48<3:33:49,  9.91s/it]
 15%|█▌        | 236/1530 [40:58<3:33:37,  9.91s/it]
 15%|█▌        | 237/1530 [41:08<3:33:28,  9.91s/it]
 16%|█▌        | 238/1530 [41:17<3:33:19,  9.91s/it]
 16%|█▌        | 239/1530 [41:27<3:33:08,  9.91s/it]
 16%|█▌        | 240/1530 [41:37<3:32:58,  9.91s/it]
 16%|█▌        | 241/1530 [41:47<3:32:51,  9.91s/it]
 16%|█▌        | 242/1530 [41:57<3:32:41,  9.91s/it]
 16%|█▌        | 243/1530 [42:07<3:32:32,  9.91s/it]
 16%|█▌        | 244/1530 [42:17<3:32:20,  9.91s/it]
 16%|█▌        | 245/1530 [42:27<3:32:09,  9.91s/it]
 16%|█▌        | 246/1530 [42:37<3:31:59,  9.91s/it]
 16%|█▌        | 247/1530 [42:47<3:31:50,  9.91s/it]
 16%|█▌        | 248/1530 [42:57<3:31:39,  9.91s/it]
 16%|█▋        | 249/1530 [43:06<3:31:30,  9.91s/it]
 16%|█▋        | 250/1530 [43:16<3:31:19,  9.91s/it]
 16%|█▋        | 251/1530 [43:26<3:31:07,  9.90s/it]
 16%|█▋        | 252/1530 [43:36<3:30:59,  9.91s/it]
 17%|█▋        | 253/1530 [43:46<3:30:48,  9.90s/it]
 17%|█▋        | 254/1530 [43:56<3:30:40,  9.91s/it]
 17%|█▋        | 255/1530 [44:06<3:30:32,  9.91s/it]
 17%|█▋        | 256/1530 [44:16<3:30:22,  9.91s/it]
 17%|█▋        | 257/1530 [44:26<3:30:11,  9.91s/it]
 17%|█▋        | 258/1530 [44:36<3:30:01,  9.91s/it]
 17%|█▋        | 259/1530 [44:46<3:29:50,  9.91s/it]
 17%|█▋        | 260/1530 [44:50<2:56:55,  8.36s/it]
                                                    

 17%|█▋        | 260/1530 [44:50<2:56:55,  8.36s/it]{'loss': 1.9839, 'grad_norm': 2.404716730117798, 'learning_rate': 4.150326797385621e-05, 'epoch': 5.0}


  0%|          | 0/26 [00:00<?, ?it/s][A

  8%|▊         | 2/26 [00:01<00:14,  1.67it/s][A

 12%|█▏        | 3/26 [00:02<00:19,  1.18it/s][A

 15%|█▌        | 4/26 [00:03<00:21,  1.02it/s][A

 19%|█▉        | 5/26 [00:04<00:22,  1.05s/it][A

 23%|██▎       | 6/26 [00:05<00:22,  1.10s/it][A

 27%|██▋       | 7/26 [00:07<00:21,  1.13s/it][A

 31%|███       | 8/26 [00:08<00:20,  1.15s/it][A

 35%|███▍      | 9/26 [00:09<00:19,  1.17s/it][A

 38%|███▊      | 10/26 [00:10<00:18,  1.18s/it][A

 42%|████▏     | 11/26 [00:11<00:17,  1.18s/it][A

 46%|████▌     | 12/26 [00:13<00:16,  1.19s/it][A

 50%|█████     | 13/26 [00:14<00:15,  1.19s/it][A

 54%|█████▍    | 14/26 [00:15<00:14,  1.19s/it][A

 58%|█████▊    | 15/26 [00:16<00:13,  1.19s/it][A

 62%|██████▏   | 16/26 [00:17<00:11,  1.20s/it][A

 65%|██████▌   | 17/26 [00:19<00:10,  1.20s/it][A

 69%|██████▉   | 18/26 [00:20<00:09,  1.20s/it][A

 73%|███████▎  | 19/26 [00:21<00:08,  1.20s/it][A

 77%|███████▋  | 20/26 [00:22<00:07,  1.20s/it][A

 81%|████████  | 21/26 [00:23<00:05,  1.20s/it][A

 85%|████████▍ | 22/26 [00:25<00:04,  1.20s/it][A

 88%|████████▊ | 23/26 [00:26<00:03,  1.20s/it][A

 92%|█████████▏| 24/26 [00:27<00:02,  1.20s/it][A

 96%|█████████▌| 25/26 [00:28<00:01,  1.20s/it][A

100%|██████████| 26/26 [00:29<00:00,  1.14s/it][A

                                               
[A
                                                    

100%|██████████| 26/26 [00:29<00:00,  1.14s/it][A
 17%|█▋        | 260/1530 [45:22<2:56:55,  8.36s/it]

                                               [A{'eval_loss': 1.8206443786621094, 'eval_macro_recall': 0.49166666666666675, 'eval_macro_precision': 0.4147484874022002, 'eval_macro_f1': 0.4166090720091403, 'eval_accuracy': 0.4866504854368932, 'eval_micro_recall': 0.4866504854368932, 'eval_micro_precision': 0.4866504854368932, 'eval_micro_f1': 0.4866504854368932, 'eval_runtime': 31.3496, 'eval_samples_per_second': 26.284, 'eval_steps_per_second': 0.829, 'epoch': 5.0}

 17%|█▋        | 261/1530 [45:35<6:50:26, 19.41s/it]
 17%|█▋        | 262/1530 [45:45<5:49:58, 16.56s/it]
 17%|█▋        | 263/1530 [45:55<5:07:33, 14.56s/it]
 17%|█▋        | 264/1530 [46:05<4:37:49, 13.17s/it]
 17%|█▋        | 265/1530 [46:15<4:16:58, 12.19s/it]
 17%|█▋        | 266/1530 [46:25<4:02:20, 11.50s/it]
 17%|█▋        | 267/1530 [46:35<3:52:05, 11.03s/it]
 18%|█▊        | 268/1530 [46:45<3:44:51, 10.69s/it]
 18%|█▊        | 269/1530 [46:55<3:39:43, 10.46s/it]
 18%|█▊        | 270/1530 [47:05<3:36:06, 10.29s/it]
 18%|█▊        | 271/1530 [47:15<3:33:32, 10.18s/it]
 18%|█▊        | 272/1530 [47:24<3:31:41, 10.10s/it]
 18%|█▊        | 273/1530 [47:34<3:30:21, 10.04s/it]
 18%|█▊        | 274/1530 [47:44<3:29:20, 10.00s/it]
 18%|█▊        | 275/1530 [47:54<3:28:37,  9.97s/it]
 18%|█▊        | 276/1530 [48:04<3:28:05,  9.96s/it]
 18%|█▊        | 277/1530 [48:14<3:27:36,  9.94s/it]
 18%|█▊        | 278/1530 [48:24<3:27:12,  9.93s/it]
 18%|█▊        | 279/1530 [48:34<3:26:54,  9.92s/it]
 18%|█▊        | 280/1530 [48:44<3:26:37,  9.92s/it]
 18%|█▊        | 281/1530 [48:54<3:26:22,  9.91s/it]
 18%|█▊        | 282/1530 [49:04<3:26:07,  9.91s/it]
 18%|█▊        | 283/1530 [49:13<3:25:54,  9.91s/it]
 19%|█▊        | 284/1530 [49:23<3:25:42,  9.91s/it]
 19%|█▊        | 285/1530 [49:33<3:25:31,  9.90s/it]
 19%|█▊        | 286/1530 [49:43<3:25:22,  9.91s/it]
 19%|█▉        | 287/1530 [49:53<3:25:18,  9.91s/it]
 19%|█▉        | 288/1530 [50:03<3:25:05,  9.91s/it]
 19%|█▉        | 289/1530 [50:13<3:24:54,  9.91s/it]
 19%|█▉        | 290/1530 [50:23<3:24:43,  9.91s/it]
 19%|█▉        | 291/1530 [50:33<3:24:33,  9.91s/it]
 19%|█▉        | 292/1530 [50:43<3:24:22,  9.90s/it]
 19%|█▉        | 293/1530 [50:52<3:24:11,  9.90s/it]
 19%|█▉        | 294/1530 [51:02<3:24:00,  9.90s/it]
 19%|█▉        | 295/1530 [51:12<3:23:48,  9.90s/it]
 19%|█▉        | 296/1530 [51:22<3:23:37,  9.90s/it]
 19%|█▉        | 297/1530 [51:32<3:23:27,  9.90s/it]
 19%|█▉        | 298/1530 [51:42<3:23:17,  9.90s/it]
 20%|█▉        | 299/1530 [51:52<3:23:06,  9.90s/it]
 20%|█▉        | 300/1530 [52:02<3:22:56,  9.90s/it]
 20%|█▉        | 301/1530 [52:12<3:22:48,  9.90s/it]
 20%|█▉        | 302/1530 [52:22<3:22:38,  9.90s/it]
 20%|█▉        | 303/1530 [52:31<3:22:27,  9.90s/it]
 20%|█▉        | 304/1530 [52:41<3:22:16,  9.90s/it]
 20%|█▉        | 305/1530 [52:51<3:22:05,  9.90s/it]
 20%|██        | 306/1530 [53:01<3:21:56,  9.90s/it]
 20%|██        | 307/1530 [53:11<3:21:46,  9.90s/it]
 20%|██        | 308/1530 [53:21<3:21:37,  9.90s/it]
 20%|██        | 309/1530 [53:31<3:21:27,  9.90s/it]
 20%|██        | 310/1530 [53:41<3:21:17,  9.90s/it]
 20%|██        | 311/1530 [53:51<3:21:05,  9.90s/it]
 20%|██        | 312/1530 [53:55<2:49:43,  8.36s/it]
                                                    

 20%|██        | 312/1530 [53:56<2:49:43,  8.36s/it]{'loss': 1.6856, 'grad_norm': 2.1519546508789062, 'learning_rate': 3.980392156862745e-05, 'epoch': 6.0}


  0%|          | 0/26 [00:00<?, ?it/s][A

  8%|▊         | 2/26 [00:01<00:14,  1.67it/s][A

 12%|█▏        | 3/26 [00:02<00:19,  1.18it/s][A

 15%|█▌        | 4/26 [00:03<00:21,  1.02it/s][A

 19%|█▉        | 5/26 [00:04<00:22,  1.06s/it][A

 23%|██▎       | 6/26 [00:05<00:22,  1.10s/it][A

 27%|██▋       | 7/26 [00:07<00:21,  1.13s/it][A

 31%|███       | 8/26 [00:08<00:20,  1.15s/it][A

 35%|███▍      | 9/26 [00:09<00:19,  1.17s/it][A

 38%|███▊      | 10/26 [00:10<00:18,  1.18s/it][A

 42%|████▏     | 11/26 [00:11<00:17,  1.18s/it][A

 46%|████▌     | 12/26 [00:13<00:16,  1.19s/it][A

 50%|█████     | 13/26 [00:14<00:15,  1.19s/it][A

 54%|█████▍    | 14/26 [00:15<00:14,  1.19s/it][A

 58%|█████▊    | 15/26 [00:16<00:13,  1.19s/it][A

 62%|██████▏   | 16/26 [00:17<00:11,  1.20s/it][A

 65%|██████▌   | 17/26 [00:19<00:10,  1.20s/it][A

 69%|██████▉   | 18/26 [00:20<00:09,  1.20s/it][A

 73%|███████▎  | 19/26 [00:21<00:08,  1.20s/it][A

 77%|███████▋  | 20/26 [00:22<00:07,  1.20s/it][A

 81%|████████  | 21/26 [00:23<00:05,  1.20s/it][A

 85%|████████▍ | 22/26 [00:25<00:04,  1.20s/it][A

 88%|████████▊ | 23/26 [00:26<00:03,  1.20s/it][A

 92%|█████████▏| 24/26 [00:27<00:02,  1.20s/it][A

 96%|█████████▌| 25/26 [00:28<00:01,  1.20s/it][A

100%|██████████| 26/26 [00:29<00:00,  1.14s/it][A

                                               
[A
                                                    

100%|██████████| 26/26 [00:29<00:00,  1.14s/it][A
 20%|██        | 312/1530 [54:27<2:49:43,  8.36s/it]

                                               [A{'eval_loss': 1.6042486429214478, 'eval_macro_recall': 0.5437192118226601, 'eval_macro_precision': 0.46680284515365894, 'eval_macro_f1': 0.4739174030956588, 'eval_accuracy': 0.5388349514563107, 'eval_micro_recall': 0.5388349514563107, 'eval_micro_precision': 0.5388349514563107, 'eval_micro_f1': 0.5388349514563107, 'eval_runtime': 31.4529, 'eval_samples_per_second': 26.198, 'eval_steps_per_second': 0.827, 'epoch': 6.0}

 20%|██        | 313/1530 [54:41<6:34:15, 19.44s/it]
 21%|██        | 314/1530 [54:51<5:35:56, 16.58s/it]
 21%|██        | 315/1530 [55:01<4:55:05, 14.57s/it]
 21%|██        | 316/1530 [55:10<4:26:37, 13.18s/it]
 21%|██        | 317/1530 [55:20<4:06:34, 12.20s/it]
 21%|██        | 318/1530 [55:30<3:52:29, 11.51s/it]
 21%|██        | 319/1530 [55:40<3:42:32, 11.03s/it]
 21%|██        | 320/1530 [55:50<3:35:33, 10.69s/it]
 21%|██        | 321/1530 [56:00<3:30:36, 10.45s/it]
 21%|██        | 322/1530 [56:10<3:27:12, 10.29s/it]
 21%|██        | 323/1530 [56:20<3:24:41, 10.18s/it]
 21%|██        | 324/1530 [56:30<3:22:52, 10.09s/it]
 21%|██        | 325/1530 [56:40<3:21:33, 10.04s/it]
 21%|██▏       | 326/1530 [56:49<3:20:38, 10.00s/it]
 21%|██▏       | 327/1530 [56:59<3:19:53,  9.97s/it]
 21%|██▏       | 328/1530 [57:09<3:19:17,  9.95s/it]
 22%|██▏       | 329/1530 [57:19<3:18:51,  9.93s/it]
 22%|██▏       | 330/1530 [57:29<3:18:28,  9.92s/it]
 22%|██▏       | 331/1530 [57:39<3:18:11,  9.92s/it]
 22%|██▏       | 332/1530 [57:49<3:17:53,  9.91s/it]
 22%|██▏       | 333/1530 [57:59<3:17:41,  9.91s/it]
 22%|██▏       | 334/1530 [58:09<3:17:29,  9.91s/it]
 22%|██▏       | 335/1530 [58:19<3:17:16,  9.91s/it]
 22%|██▏       | 336/1530 [58:28<3:17:04,  9.90s/it]
 22%|██▏       | 337/1530 [58:38<3:16:52,  9.90s/it]
 22%|██▏       | 338/1530 [58:48<3:16:41,  9.90s/it]
 22%|██▏       | 339/1530 [58:58<3:16:32,  9.90s/it]
 22%|██▏       | 340/1530 [59:08<3:16:21,  9.90s/it]
 22%|██▏       | 341/1530 [59:18<3:16:11,  9.90s/it]
 22%|██▏       | 342/1530 [59:28<3:16:01,  9.90s/it]
 22%|██▏       | 343/1530 [59:38<3:15:50,  9.90s/it]
 22%|██▏       | 344/1530 [59:48<3:15:43,  9.90s/it]
 23%|██▎       | 345/1530 [59:58<3:15:33,  9.90s/it]
 23%|██▎       | 346/1530 [1:00:08<3:15:24,  9.90s/it]
 23%|██▎       | 347/1530 [1:00:17<3:15:15,  9.90s/it]
 23%|██▎       | 348/1530 [1:00:27<3:15:06,  9.90s/it]
 23%|██▎       | 349/1530 [1:00:37<3:14:54,  9.90s/it]
 23%|██▎       | 350/1530 [1:00:47<3:14:43,  9.90s/it]
 23%|██▎       | 351/1530 [1:00:57<3:14:34,  9.90s/it]
 23%|██▎       | 352/1530 [1:01:07<3:14:23,  9.90s/it]
 23%|██▎       | 353/1530 [1:01:17<3:14:14,  9.90s/it]
 23%|██▎       | 354/1530 [1:01:27<3:14:03,  9.90s/it]
 23%|██▎       | 355/1530 [1:01:37<3:13:53,  9.90s/it]
 23%|██▎       | 356/1530 [1:01:47<3:13:43,  9.90s/it]
 23%|██▎       | 357/1530 [1:01:56<3:13:37,  9.90s/it]
 23%|██▎       | 358/1530 [1:02:06<3:13:29,  9.91s/it]
 23%|██▎       | 359/1530 [1:02:16<3:13:19,  9.91s/it]
 24%|██▎       | 360/1530 [1:02:26<3:13:08,  9.90s/it]
 24%|██▎       | 361/1530 [1:02:36<3:12:58,  9.90s/it]
 24%|██▎       | 362/1530 [1:02:46<3:12:48,  9.90s/it]
 24%|██▎       | 363/1530 [1:02:56<3:12:38,  9.90s/it]
 24%|██▍       | 364/1530 [1:03:01<2:42:30,  8.36s/it]
                                                      

 24%|██▍       | 364/1530 [1:03:01<2:42:30,  8.36s/it]{'loss': 1.4658, 'grad_norm': 1.7519322633743286, 'learning_rate': 3.810457516339869e-05, 'epoch': 7.0}


  0%|          | 0/26 [00:00<?, ?it/s][A

  8%|▊         | 2/26 [00:01<00:14,  1.67it/s][A

 12%|█▏        | 3/26 [00:02<00:19,  1.18it/s][A

 15%|█▌        | 4/26 [00:03<00:21,  1.02it/s][A

 19%|█▉        | 5/26 [00:04<00:22,  1.05s/it][A

 23%|██▎       | 6/26 [00:05<00:22,  1.10s/it][A

 27%|██▋       | 7/26 [00:07<00:21,  1.13s/it][A

 31%|███       | 8/26 [00:08<00:20,  1.15s/it][A

 35%|███▍      | 9/26 [00:09<00:19,  1.17s/it][A

 38%|███▊      | 10/26 [00:10<00:18,  1.18s/it][A

 42%|████▏     | 11/26 [00:11<00:17,  1.18s/it][A

 46%|████▌     | 12/26 [00:13<00:16,  1.19s/it][A

 50%|█████     | 13/26 [00:14<00:15,  1.19s/it][A

 54%|█████▍    | 14/26 [00:15<00:14,  1.19s/it][A

 58%|█████▊    | 15/26 [00:16<00:13,  1.19s/it][A

 62%|██████▏   | 16/26 [00:17<00:11,  1.20s/it][A

 65%|██████▌   | 17/26 [00:19<00:10,  1.20s/it][A

 69%|██████▉   | 18/26 [00:20<00:09,  1.20s/it][A

 73%|███████▎  | 19/26 [00:21<00:08,  1.20s/it][A

 77%|███████▋  | 20/26 [00:22<00:07,  1.20s/it][A

 81%|████████  | 21/26 [00:23<00:05,  1.20s/it][A

 85%|████████▍ | 22/26 [00:25<00:04,  1.20s/it][A

 88%|████████▊ | 23/26 [00:26<00:03,  1.20s/it][A

 92%|█████████▏| 24/26 [00:27<00:02,  1.20s/it][A

 96%|█████████▌| 25/26 [00:28<00:01,  1.20s/it][A

100%|██████████| 26/26 [00:29<00:00,  1.14s/it][A

                                               
[A
                                                      

100%|██████████| 26/26 [00:29<00:00,  1.14s/it][A
 24%|██▍       | 364/1530 [1:03:32<2:42:30,  8.36s/it]

                                               [A{'eval_loss': 1.4277207851409912, 'eval_macro_recall': 0.569396551724138, 'eval_macro_precision': 0.5041679104865202, 'eval_macro_f1': 0.5003486984284828, 'eval_accuracy': 0.5594660194174758, 'eval_micro_recall': 0.5594660194174758, 'eval_micro_precision': 0.5594660194174758, 'eval_micro_f1': 0.5594660194174758, 'eval_runtime': 31.2812, 'eval_samples_per_second': 26.342, 'eval_steps_per_second': 0.831, 'epoch': 7.0}

 24%|██▍       | 365/1530 [1:03:46<6:16:11, 19.37s/it]
 24%|██▍       | 366/1530 [1:03:56<5:20:40, 16.53s/it]
 24%|██▍       | 367/1530 [1:04:05<4:41:48, 14.54s/it]
 24%|██▍       | 368/1530 [1:04:15<4:14:36, 13.15s/it]
 24%|██▍       | 369/1530 [1:04:25<3:55:29, 12.17s/it]
 24%|██▍       | 370/1530 [1:04:35<3:42:07, 11.49s/it]
 24%|██▍       | 371/1530 [1:04:45<3:32:42, 11.01s/it]
 24%|██▍       | 372/1530 [1:04:55<3:26:04, 10.68s/it]
 24%|██▍       | 373/1530 [1:05:05<3:22:14, 10.49s/it]
 24%|██▍       | 374/1530 [1:05:15<3:20:21, 10.40s/it]
 25%|██▍       | 375/1530 [1:05:25<3:18:20, 10.30s/it]
 25%|██▍       | 376/1530 [1:05:35<3:15:54, 10.19s/it]
 25%|██▍       | 377/1530 [1:05:45<3:14:07, 10.10s/it]
 25%|██▍       | 378/1530 [1:05:55<3:12:48, 10.04s/it]
 25%|██▍       | 379/1530 [1:06:05<3:11:52, 10.00s/it]
 25%|██▍       | 380/1530 [1:06:15<3:11:08,  9.97s/it]
 25%|██▍       | 381/1530 [1:06:25<3:10:35,  9.95s/it]
 25%|██▍       | 382/1530 [1:06:35<3:10:07,  9.94s/it]
 25%|██▌       | 383/1530 [1:06:45<3:09:44,  9.93s/it]
 25%|██▌       | 384/1530 [1:06:54<3:09:27,  9.92s/it]
 25%|██▌       | 385/1530 [1:07:04<3:09:13,  9.92s/it]
 25%|██▌       | 386/1530 [1:07:14<3:08:59,  9.91s/it]
 25%|██▌       | 387/1530 [1:07:24<3:08:47,  9.91s/it]
 25%|██▌       | 388/1530 [1:07:34<3:08:35,  9.91s/it]
 25%|██▌       | 389/1530 [1:07:44<3:08:23,  9.91s/it]
 25%|██▌       | 390/1530 [1:07:54<3:08:14,  9.91s/it]
 26%|██▌       | 391/1530 [1:08:04<3:08:02,  9.91s/it]
 26%|██▌       | 392/1530 [1:08:14<3:07:54,  9.91s/it]
 26%|██▌       | 393/1530 [1:08:24<3:07:43,  9.91s/it]
 26%|██▌       | 394/1530 [1:08:33<3:07:32,  9.91s/it]
 26%|██▌       | 395/1530 [1:08:43<3:07:20,  9.90s/it]
 26%|██▌       | 396/1530 [1:08:53<3:07:10,  9.90s/it]
 26%|██▌       | 397/1530 [1:09:03<3:07:01,  9.90s/it]
 26%|██▌       | 398/1530 [1:09:13<3:06:50,  9.90s/it]
 26%|██▌       | 399/1530 [1:09:23<3:06:40,  9.90s/it]
 26%|██▌       | 400/1530 [1:09:33<3:06:30,  9.90s/it]
 26%|██▌       | 401/1530 [1:09:43<3:06:21,  9.90s/it]
 26%|██▋       | 402/1530 [1:09:53<3:06:13,  9.91s/it]
 26%|██▋       | 403/1530 [1:10:03<3:06:04,  9.91s/it]
 26%|██▋       | 404/1530 [1:10:13<3:05:55,  9.91s/it]
 26%|██▋       | 405/1530 [1:10:22<3:05:44,  9.91s/it]
 27%|██▋       | 406/1530 [1:10:32<3:05:34,  9.91s/it]
 27%|██▋       | 407/1530 [1:10:42<3:05:23,  9.91s/it]
 27%|██▋       | 408/1530 [1:10:52<3:05:13,  9.90s/it]
 27%|██▋       | 409/1530 [1:11:02<3:05:03,  9.90s/it]
 27%|██▋       | 410/1530 [1:11:12<3:04:52,  9.90s/it]
 27%|██▋       | 411/1530 [1:11:22<3:04:42,  9.90s/it]
 27%|██▋       | 412/1530 [1:11:32<3:04:33,  9.90s/it]
 27%|██▋       | 413/1530 [1:11:42<3:04:23,  9.90s/it]
 27%|██▋       | 414/1530 [1:11:52<3:04:13,  9.90s/it]
 27%|██▋       | 415/1530 [1:12:01<3:04:02,  9.90s/it]
 27%|██▋       | 416/1530 [1:12:06<2:35:09,  8.36s/it]
                                                      

 27%|██▋       | 416/1530 [1:12:06<2:35:09,  8.36s/it]{'loss': 1.2984, 'grad_norm': 2.1906938552856445, 'learning_rate': 3.640522875816993e-05, 'epoch': 8.0}


  0%|          | 0/26 [00:00<?, ?it/s][A

  8%|▊         | 2/26 [00:01<00:14,  1.67it/s][A

 12%|█▏        | 3/26 [00:02<00:19,  1.18it/s][A

 15%|█▌        | 4/26 [00:03<00:21,  1.02it/s][A

 19%|█▉        | 5/26 [00:04<00:22,  1.06s/it][A

 23%|██▎       | 6/26 [00:05<00:22,  1.10s/it][A

 27%|██▋       | 7/26 [00:07<00:21,  1.13s/it][A

 31%|███       | 8/26 [00:08<00:20,  1.15s/it][A

 35%|███▍      | 9/26 [00:09<00:19,  1.17s/it][A

 38%|███▊      | 10/26 [00:10<00:18,  1.18s/it][A

 42%|████▏     | 11/26 [00:11<00:17,  1.18s/it][A

 46%|████▌     | 12/26 [00:13<00:16,  1.19s/it][A

 50%|█████     | 13/26 [00:14<00:15,  1.19s/it][A

 54%|█████▍    | 14/26 [00:15<00:14,  1.19s/it][A

 58%|█████▊    | 15/26 [00:16<00:13,  1.20s/it][A

 62%|██████▏   | 16/26 [00:17<00:11,  1.20s/it][A

 65%|██████▌   | 17/26 [00:19<00:10,  1.20s/it][A

 69%|██████▉   | 18/26 [00:20<00:09,  1.20s/it][A

 73%|███████▎  | 19/26 [00:21<00:08,  1.20s/it][A

 77%|███████▋  | 20/26 [00:22<00:07,  1.20s/it][A

 81%|████████  | 21/26 [00:23<00:05,  1.20s/it][A

 85%|████████▍ | 22/26 [00:25<00:04,  1.20s/it][A

 88%|████████▊ | 23/26 [00:26<00:03,  1.20s/it][A

 92%|█████████▏| 24/26 [00:27<00:02,  1.20s/it][A

 96%|█████████▌| 25/26 [00:28<00:01,  1.20s/it][A

100%|██████████| 26/26 [00:29<00:00,  1.15s/it][A

                                               
[A
                                                      

100%|██████████| 26/26 [00:29<00:00,  1.15s/it][A
 27%|██▋       | 416/1530 [1:12:38<2:35:09,  8.36s/it]

                                               [A{'eval_loss': 1.290629267692566, 'eval_macro_recall': 0.5929297052154195, 'eval_macro_precision': 0.52496229509221, 'eval_macro_f1': 0.5261762717329049, 'eval_accuracy': 0.5837378640776699, 'eval_micro_recall': 0.5837378640776699, 'eval_micro_precision': 0.5837378640776699, 'eval_micro_f1': 0.5837378640776699, 'eval_runtime': 31.5117, 'eval_samples_per_second': 26.149, 'eval_steps_per_second': 0.825, 'epoch': 8.0}

 27%|██▋       | 417/1530 [1:12:52<6:01:53, 19.51s/it]
 27%|██▋       | 418/1530 [1:13:02<5:08:06, 16.62s/it]
 27%|██▋       | 419/1530 [1:13:12<4:30:27, 14.61s/it]
 27%|██▋       | 420/1530 [1:13:21<4:04:05, 13.19s/it]
 28%|██▊       | 421/1530 [1:13:31<3:45:35, 12.20s/it]
 28%|██▊       | 422/1530 [1:13:41<3:32:37, 11.51s/it]
 28%|██▊       | 423/1530 [1:13:51<3:23:32, 11.03s/it]
 28%|██▊       | 424/1530 [1:14:01<3:17:09, 10.70s/it]
 28%|██▊       | 425/1530 [1:14:11<3:12:37, 10.46s/it]
 28%|██▊       | 426/1530 [1:14:21<3:09:26, 10.30s/it]
 28%|██▊       | 427/1530 [1:14:31<3:07:09, 10.18s/it]
 28%|██▊       | 428/1530 [1:14:41<3:05:30, 10.10s/it]
 28%|██▊       | 429/1530 [1:14:51<3:04:16, 10.04s/it]
 28%|██▊       | 430/1530 [1:15:01<3:03:20, 10.00s/it]
 28%|██▊       | 431/1530 [1:15:10<3:02:37,  9.97s/it]
 28%|██▊       | 432/1530 [1:15:20<3:02:06,  9.95s/it]
 28%|██▊       | 433/1530 [1:15:30<3:01:40,  9.94s/it]
 28%|██▊       | 434/1530 [1:15:40<3:01:20,  9.93s/it]
 28%|██▊       | 435/1530 [1:15:50<3:01:02,  9.92s/it]
 28%|██▊       | 436/1530 [1:16:00<3:00:47,  9.92s/it]
 29%|██▊       | 437/1530 [1:16:10<3:00:33,  9.91s/it]
 29%|██▊       | 438/1530 [1:16:20<3:00:20,  9.91s/it]
 29%|██▊       | 439/1530 [1:16:30<3:00:09,  9.91s/it]
 29%|██▉       | 440/1530 [1:16:40<2:59:58,  9.91s/it]
 29%|██▉       | 441/1530 [1:16:49<2:59:47,  9.91s/it]
 29%|██▉       | 442/1530 [1:16:59<2:59:36,  9.90s/it]
 29%|██▉       | 443/1530 [1:17:09<2:59:25,  9.90s/it]
 29%|██▉       | 444/1530 [1:17:19<2:59:14,  9.90s/it]
 29%|██▉       | 445/1530 [1:17:29<2:59:05,  9.90s/it]
 29%|██▉       | 446/1530 [1:17:39<2:58:55,  9.90s/it]
 29%|██▉       | 447/1530 [1:17:49<2:58:46,  9.90s/it]
 29%|██▉       | 448/1530 [1:17:59<2:58:34,  9.90s/it]
 29%|██▉       | 449/1530 [1:18:09<2:58:25,  9.90s/it]
 29%|██▉       | 450/1530 [1:18:19<2:58:16,  9.90s/it]
 29%|██▉       | 451/1530 [1:18:28<2:58:06,  9.90s/it]
 30%|██▉       | 452/1530 [1:18:38<2:57:55,  9.90s/it]
 30%|██▉       | 453/1530 [1:18:48<2:57:45,  9.90s/it]
 30%|██▉       | 454/1530 [1:18:58<2:57:33,  9.90s/it]
 30%|██▉       | 455/1530 [1:19:08<2:57:26,  9.90s/it]
 30%|██▉       | 456/1530 [1:19:18<2:57:15,  9.90s/it]
 30%|██▉       | 457/1530 [1:19:28<2:57:06,  9.90s/it]
 30%|██▉       | 458/1530 [1:19:38<2:56:55,  9.90s/it]
 30%|███       | 459/1530 [1:19:48<2:56:44,  9.90s/it]
 30%|███       | 460/1530 [1:19:58<2:56:33,  9.90s/it]
 30%|███       | 461/1530 [1:20:08<2:56:23,  9.90s/it]
 30%|███       | 462/1530 [1:20:17<2:56:16,  9.90s/it]
 30%|███       | 463/1530 [1:20:27<2:56:08,  9.90s/it]
 30%|███       | 464/1530 [1:20:37<2:56:02,  9.91s/it]
 30%|███       | 465/1530 [1:20:47<2:55:55,  9.91s/it]
 30%|███       | 466/1530 [1:20:57<2:55:43,  9.91s/it]
 31%|███       | 467/1530 [1:21:07<2:55:33,  9.91s/it]
 31%|███       | 468/1530 [1:21:12<2:28:07,  8.37s/it]
                                                      

 31%|███       | 468/1530 [1:21:12<2:28:07,  8.37s/it]{'loss': 1.1627, 'grad_norm': 2.10420298576355, 'learning_rate': 3.470588235294118e-05, 'epoch': 9.0}


  0%|          | 0/26 [00:00<?, ?it/s][A

  8%|▊         | 2/26 [00:01<00:14,  1.67it/s][A

 12%|█▏        | 3/26 [00:02<00:19,  1.18it/s][A

 15%|█▌        | 4/26 [00:03<00:21,  1.02it/s][A

 19%|█▉        | 5/26 [00:04<00:22,  1.06s/it][A

 23%|██▎       | 6/26 [00:05<00:22,  1.10s/it][A

 27%|██▋       | 7/26 [00:07<00:21,  1.14s/it][A

 31%|███       | 8/26 [00:08<00:20,  1.16s/it][A

 35%|███▍      | 9/26 [00:09<00:19,  1.17s/it][A

 38%|███▊      | 10/26 [00:10<00:18,  1.18s/it][A

 42%|████▏     | 11/26 [00:12<00:17,  1.19s/it][A

 46%|████▌     | 12/26 [00:13<00:16,  1.19s/it][A

 50%|█████     | 13/26 [00:14<00:15,  1.19s/it][A

 54%|█████▍    | 14/26 [00:15<00:14,  1.20s/it][A

 58%|█████▊    | 15/26 [00:16<00:13,  1.20s/it][A

 62%|██████▏   | 16/26 [00:18<00:11,  1.20s/it][A

 65%|██████▌   | 17/26 [00:19<00:10,  1.20s/it][A

 69%|██████▉   | 18/26 [00:20<00:09,  1.20s/it][A

 73%|███████▎  | 19/26 [00:21<00:08,  1.20s/it][A

 77%|███████▋  | 20/26 [00:22<00:07,  1.20s/it][A

 81%|████████  | 21/26 [00:24<00:05,  1.20s/it][A

 85%|████████▍ | 22/26 [00:25<00:04,  1.20s/it][A

 88%|████████▊ | 23/26 [00:26<00:03,  1.20s/it][A

 92%|█████████▏| 24/26 [00:27<00:02,  1.20s/it][A

 96%|█████████▌| 25/26 [00:28<00:01,  1.20s/it][A

100%|██████████| 26/26 [00:29<00:00,  1.14s/it][A

                                               
[A
                                                      

100%|██████████| 26/26 [00:29<00:00,  1.14s/it][A
 31%|███       | 468/1530 [1:21:43<2:28:07,  8.37s/it]

                                               [A{'eval_loss': 1.196847915649414, 'eval_macro_recall': 0.6156371882086168, 'eval_macro_precision': 0.5616522732569752, 'eval_macro_f1': 0.5585872176340801, 'eval_accuracy': 0.6274271844660194, 'eval_micro_recall': 0.6274271844660194, 'eval_micro_precision': 0.6274271844660194, 'eval_micro_f1': 0.6274271844660194, 'eval_runtime': 31.3443, 'eval_samples_per_second': 26.289, 'eval_steps_per_second': 0.829, 'epoch': 9.0}

 31%|███       | 469/1530 [1:21:57<5:43:00, 19.40s/it]
 31%|███       | 470/1530 [1:22:07<4:52:19, 16.55s/it]
 31%|███       | 471/1530 [1:22:17<4:16:50, 14.55s/it]
 31%|███       | 472/1530 [1:22:27<3:51:58, 13.16s/it]
 31%|███       | 473/1530 [1:22:36<3:34:33, 12.18s/it]
 31%|███       | 474/1530 [1:22:46<3:22:19, 11.50s/it]
 31%|███       | 475/1530 [1:22:56<3:13:42, 11.02s/it]
 31%|███       | 476/1530 [1:23:06<3:07:36, 10.68s/it]
 31%|███       | 477/1530 [1:23:16<3:03:17, 10.44s/it]
 31%|███       | 478/1530 [1:23:26<3:00:14, 10.28s/it]
 31%|███▏      | 479/1530 [1:23:36<2:58:04, 10.17s/it]
 31%|███▏      | 480/1530 [1:23:46<2:56:29, 10.09s/it]
 31%|███▏      | 481/1530 [1:23:56<2:55:20, 10.03s/it]
 32%|███▏      | 482/1530 [1:24:06<2:54:28,  9.99s/it]
 32%|███▏      | 483/1530 [1:24:15<2:53:50,  9.96s/it]
 32%|███▏      | 484/1530 [1:24:25<2:53:19,  9.94s/it]
 32%|███▏      | 485/1530 [1:24:35<2:52:54,  9.93s/it]
 32%|███▏      | 486/1530 [1:24:45<2:52:34,  9.92s/it]
 32%|███▏      | 487/1530 [1:24:55<2:52:17,  9.91s/it]
 32%|███▏      | 488/1530 [1:25:05<2:52:03,  9.91s/it]
 32%|███▏      | 489/1530 [1:25:15<2:51:50,  9.90s/it]
 32%|███▏      | 490/1530 [1:25:25<2:51:37,  9.90s/it]
 32%|███▏      | 491/1530 [1:25:35<2:51:25,  9.90s/it]
 32%|███▏      | 492/1530 [1:25:45<2:51:15,  9.90s/it]
 32%|███▏      | 493/1530 [1:25:54<2:51:05,  9.90s/it]
 32%|███▏      | 494/1530 [1:26:04<2:50:53,  9.90s/it]
 32%|███▏      | 495/1530 [1:26:14<2:50:43,  9.90s/it]
 32%|███▏      | 496/1530 [1:26:24<2:50:33,  9.90s/it]
 32%|███▏      | 497/1530 [1:26:34<2:50:22,  9.90s/it]
 33%|███▎      | 498/1530 [1:26:44<2:50:13,  9.90s/it]
 33%|███▎      | 499/1530 [1:26:54<2:50:03,  9.90s/it]
 33%|███▎      | 500/1530 [1:27:04<2:49:54,  9.90s/it]
 33%|███▎      | 501/1530 [1:27:14<2:49:44,  9.90s/it]
 33%|███▎      | 502/1530 [1:27:23<2:49:33,  9.90s/it]
 33%|███▎      | 503/1530 [1:27:33<2:49:31,  9.90s/it]
 33%|███▎      | 504/1530 [1:27:43<2:49:20,  9.90s/it]
 33%|███▎      | 505/1530 [1:27:53<2:49:09,  9.90s/it]
 33%|███▎      | 506/1530 [1:28:03<2:48:59,  9.90s/it]
 33%|███▎      | 507/1530 [1:28:13<2:48:48,  9.90s/it]
 33%|███▎      | 508/1530 [1:28:23<2:48:38,  9.90s/it]
 33%|███▎      | 509/1530 [1:28:33<2:48:28,  9.90s/it]
 33%|███▎      | 510/1530 [1:28:43<2:48:18,  9.90s/it]
 33%|███▎      | 511/1530 [1:28:53<2:48:07,  9.90s/it]
 33%|███▎      | 512/1530 [1:29:02<2:47:55,  9.90s/it]
 34%|███▎      | 513/1530 [1:29:12<2:47:46,  9.90s/it]
 34%|███▎      | 514/1530 [1:29:22<2:47:35,  9.90s/it]
 34%|███▎      | 515/1530 [1:29:32<2:47:25,  9.90s/it]
 34%|███▎      | 516/1530 [1:29:42<2:47:15,  9.90s/it]
 34%|███▍      | 517/1530 [1:29:52<2:47:04,  9.90s/it]
 34%|███▍      | 518/1530 [1:30:02<2:46:55,  9.90s/it]
 34%|███▍      | 519/1530 [1:30:12<2:46:44,  9.90s/it]
 34%|███▍      | 520/1530 [1:30:17<2:20:33,  8.35s/it]
                                                      

 34%|███▍      | 520/1530 [1:30:17<2:20:33,  8.35s/it]{'loss': 1.0678, 'grad_norm': 2.0601348876953125, 'learning_rate': 3.300653594771242e-05, 'epoch': 10.0}


  0%|          | 0/26 [00:00<?, ?it/s][A

  8%|▊         | 2/26 [00:01<00:14,  1.67it/s][A

 12%|█▏        | 3/26 [00:02<00:19,  1.18it/s][A

 15%|█▌        | 4/26 [00:03<00:21,  1.02it/s][A

 19%|█▉        | 5/26 [00:04<00:22,  1.05s/it][A

 23%|██▎       | 6/26 [00:05<00:22,  1.10s/it][A

 27%|██▋       | 7/26 [00:07<00:21,  1.13s/it][A

 31%|███       | 8/26 [00:08<00:20,  1.15s/it][A

 35%|███▍      | 9/26 [00:09<00:19,  1.17s/it][A

 38%|███▊      | 10/26 [00:10<00:18,  1.18s/it][A

 42%|████▏     | 11/26 [00:11<00:17,  1.18s/it][A

 46%|████▌     | 12/26 [00:13<00:16,  1.19s/it][A

 50%|█████     | 13/26 [00:14<00:15,  1.19s/it][A

 54%|█████▍    | 14/26 [00:15<00:14,  1.19s/it][A

 58%|█████▊    | 15/26 [00:16<00:13,  1.19s/it][A

 62%|██████▏   | 16/26 [00:17<00:11,  1.20s/it][A

 65%|██████▌   | 17/26 [00:19<00:10,  1.20s/it][A

 69%|██████▉   | 18/26 [00:20<00:09,  1.20s/it][A

 73%|███████▎  | 19/26 [00:21<00:08,  1.20s/it][A

 77%|███████▋  | 20/26 [00:22<00:07,  1.20s/it][A

 81%|████████  | 21/26 [00:23<00:05,  1.20s/it][A

 85%|████████▍ | 22/26 [00:25<00:04,  1.20s/it][A

 88%|████████▊ | 23/26 [00:26<00:03,  1.20s/it][A

 92%|█████████▏| 24/26 [00:27<00:02,  1.20s/it][A

 96%|█████████▌| 25/26 [00:28<00:01,  1.20s/it][A

100%|██████████| 26/26 [00:29<00:00,  1.14s/it][A

                                               
[A
                                                      

100%|██████████| 26/26 [00:29<00:00,  1.14s/it][A
 34%|███▍      | 520/1530 [1:30:48<2:20:33,  8.35s/it]

                                               [A{'eval_loss': 1.1269347667694092, 'eval_macro_recall': 0.6233832199546485, 'eval_macro_precision': 0.5646942964106169, 'eval_macro_f1': 0.5635768920505876, 'eval_accuracy': 0.6383495145631068, 'eval_micro_recall': 0.6383495145631068, 'eval_micro_precision': 0.6383495145631068, 'eval_micro_f1': 0.6383495145631068, 'eval_runtime': 31.2639, 'eval_samples_per_second': 26.356, 'eval_steps_per_second': 0.832, 'epoch': 10.0}

 34%|███▍      | 521/1530 [1:31:02<5:26:12, 19.40s/it]
 34%|███▍      | 522/1530 [1:31:12<4:37:58, 16.55s/it]
 34%|███▍      | 523/1530 [1:31:21<4:04:12, 14.55s/it]
 34%|███▍      | 524/1530 [1:31:31<3:40:32, 13.15s/it]
 34%|███▍      | 525/1530 [1:31:41<3:23:57, 12.18s/it]
 34%|███▍      | 526/1530 [1:31:51<3:12:19, 11.49s/it]
 34%|███▍      | 527/1530 [1:32:01<3:04:05, 11.01s/it]
 35%|███▍      | 528/1530 [1:32:11<2:58:18, 10.68s/it]
 35%|███▍      | 529/1530 [1:32:21<2:54:13, 10.44s/it]
 35%|███▍      | 530/1530 [1:32:31<2:51:18, 10.28s/it]
 35%|███▍      | 531/1530 [1:32:41<2:49:12, 10.16s/it]
 35%|███▍      | 532/1530 [1:32:51<2:47:41, 10.08s/it]
 35%|███▍      | 533/1530 [1:33:00<2:46:34, 10.03s/it]
 35%|███▍      | 534/1530 [1:33:10<2:45:46,  9.99s/it]
 35%|███▍      | 535/1530 [1:33:20<2:45:08,  9.96s/it]
 35%|███▌      | 536/1530 [1:33:30<2:44:40,  9.94s/it]
 35%|███▌      | 537/1530 [1:33:40<2:44:16,  9.93s/it]
 35%|███▌      | 538/1530 [1:33:50<2:43:59,  9.92s/it]
 35%|███▌      | 539/1530 [1:34:00<2:43:41,  9.91s/it]
 35%|███▌      | 540/1530 [1:34:10<2:43:26,  9.91s/it]
 35%|███▌      | 541/1530 [1:34:20<2:43:13,  9.90s/it]
 35%|███▌      | 542/1530 [1:34:29<2:43:00,  9.90s/it]
 35%|███▌      | 543/1530 [1:34:39<2:42:48,  9.90s/it]
 36%|███▌      | 544/1530 [1:34:49<2:42:39,  9.90s/it]
 36%|███▌      | 545/1530 [1:34:59<2:42:27,  9.90s/it]
 36%|███▌      | 546/1530 [1:35:09<2:42:18,  9.90s/it]
 36%|███▌      | 547/1530 [1:35:19<2:42:10,  9.90s/it]
 36%|███▌      | 548/1530 [1:35:29<2:41:59,  9.90s/it]
 36%|███▌      | 549/1530 [1:35:39<2:41:48,  9.90s/it]
 36%|███▌      | 550/1530 [1:35:49<2:41:38,  9.90s/it]
 36%|███▌      | 551/1530 [1:35:59<2:41:28,  9.90s/it]
 36%|███▌      | 552/1530 [1:36:08<2:41:17,  9.90s/it]
 36%|███▌      | 553/1530 [1:36:18<2:41:09,  9.90s/it]
 36%|███▌      | 554/1530 [1:36:30<2:51:37, 10.55s/it]
 36%|███▋      | 555/1530 [1:36:40<2:48:17, 10.36s/it]
 36%|███▋      | 556/1530 [1:36:51<2:49:48, 10.46s/it]
 36%|███▋      | 557/1530 [1:37:01<2:46:53, 10.29s/it]
 36%|███▋      | 558/1530 [1:37:11<2:44:47, 10.17s/it]
 37%|███▋      | 559/1530 [1:37:21<2:43:16, 10.09s/it]
 37%|███▋      | 560/1530 [1:37:31<2:42:10, 10.03s/it]
 37%|███▋      | 561/1530 [1:37:40<2:41:21,  9.99s/it]
 37%|███▋      | 562/1530 [1:37:50<2:40:42,  9.96s/it]
 37%|███▋      | 563/1530 [1:38:00<2:40:13,  9.94s/it]
 37%|███▋      | 564/1530 [1:38:10<2:39:50,  9.93s/it]
 37%|███▋      | 565/1530 [1:38:20<2:39:29,  9.92s/it]
 37%|███▋      | 566/1530 [1:38:30<2:39:13,  9.91s/it]
 37%|███▋      | 567/1530 [1:38:40<2:38:59,  9.91s/it]
 37%|███▋      | 568/1530 [1:38:50<2:38:46,  9.90s/it]
 37%|███▋      | 569/1530 [1:39:00<2:38:34,  9.90s/it]
 37%|███▋      | 570/1530 [1:39:10<2:38:35,  9.91s/it]
 37%|███▋      | 571/1530 [1:39:19<2:38:19,  9.91s/it]
 37%|███▋      | 572/1530 [1:39:24<2:13:41,  8.37s/it]
                                                      

 37%|███▋      | 572/1530 [1:39:24<2:13:41,  8.37s/it]{'loss': 0.9921, 'grad_norm': 2.171314001083374, 'learning_rate': 3.130718954248366e-05, 'epoch': 11.0}


  0%|          | 0/26 [00:00<?, ?it/s][A

  8%|▊         | 2/26 [00:01<00:14,  1.66it/s][A

 12%|█▏        | 3/26 [00:02<00:19,  1.17it/s][A

 15%|█▌        | 4/26 [00:03<00:21,  1.02it/s][A

 19%|█▉        | 5/26 [00:04<00:22,  1.06s/it][A

 23%|██▎       | 6/26 [00:05<00:22,  1.10s/it][A

 27%|██▋       | 7/26 [00:07<00:21,  1.13s/it][A

 31%|███       | 8/26 [00:08<00:20,  1.15s/it][A

 35%|███▍      | 9/26 [00:09<00:19,  1.17s/it][A

 38%|███▊      | 10/26 [00:10<00:18,  1.18s/it][A

 42%|████▏     | 11/26 [00:11<00:17,  1.18s/it][A

 46%|████▌     | 12/26 [00:13<00:16,  1.19s/it][A

 50%|█████     | 13/26 [00:14<00:15,  1.19s/it][A

 54%|█████▍    | 14/26 [00:15<00:14,  1.19s/it][A

 58%|█████▊    | 15/26 [00:16<00:13,  1.20s/it][A

 62%|██████▏   | 16/26 [00:17<00:11,  1.20s/it][A

 65%|██████▌   | 17/26 [00:19<00:10,  1.20s/it][A

 69%|██████▉   | 18/26 [00:20<00:09,  1.20s/it][A

 73%|███████▎  | 19/26 [00:21<00:08,  1.20s/it][A

 77%|███████▋  | 20/26 [00:22<00:07,  1.20s/it][A

 81%|████████  | 21/26 [00:23<00:05,  1.20s/it][A

 85%|████████▍ | 22/26 [00:25<00:04,  1.20s/it][A

 88%|████████▊ | 23/26 [00:26<00:03,  1.20s/it][A

 92%|█████████▏| 24/26 [00:27<00:02,  1.20s/it][A

 96%|█████████▌| 25/26 [00:28<00:01,  1.20s/it][A

100%|██████████| 26/26 [00:29<00:00,  1.14s/it][A

                                               
[A
                                                      

100%|██████████| 26/26 [00:29<00:00,  1.14s/it][A
 37%|███▋      | 572/1530 [1:39:56<2:13:41,  8.37s/it]

                                               [A{'eval_loss': 1.0712980031967163, 'eval_macro_recall': 0.6248390022675737, 'eval_macro_precision': 0.5826016952878732, 'eval_macro_f1': 0.5728618317948548, 'eval_accuracy': 0.6371359223300971, 'eval_micro_recall': 0.6371359223300971, 'eval_micro_precision': 0.6371359223300971, 'eval_micro_f1': 0.6371359223300971, 'eval_runtime': 31.4664, 'eval_samples_per_second': 26.187, 'eval_steps_per_second': 0.826, 'epoch': 11.0}

 37%|███▋      | 573/1530 [1:40:10<5:11:16, 19.52s/it]
 38%|███▊      | 574/1530 [1:40:20<4:24:59, 16.63s/it]
 38%|███▊      | 575/1530 [1:40:30<3:52:35, 14.61s/it]
 38%|███▊      | 576/1530 [1:40:39<3:29:51, 13.20s/it]
 38%|███▊      | 577/1530 [1:40:49<3:13:55, 12.21s/it]
 38%|███▊      | 578/1530 [1:41:02<3:15:57, 12.35s/it]
 38%|███▊      | 579/1530 [1:41:12<3:04:25, 11.64s/it]
 38%|███▊      | 580/1530 [1:41:22<2:55:58, 11.11s/it]
 38%|███▊      | 581/1530 [1:41:32<2:50:01, 10.75s/it]
 38%|███▊      | 582/1530 [1:41:42<2:45:49, 10.50s/it]
 38%|███▊      | 583/1530 [1:41:52<2:42:48, 10.32s/it]
 38%|███▊      | 584/1530 [1:42:02<2:40:40, 10.19s/it]
 38%|███▊      | 585/1530 [1:42:11<2:39:09, 10.10s/it]
 38%|███▊      | 586/1530 [1:42:21<2:38:00, 10.04s/it]
 38%|███▊      | 587/1530 [1:42:31<2:37:10, 10.00s/it]
 38%|███▊      | 588/1530 [1:42:41<2:36:32,  9.97s/it]
 38%|███▊      | 589/1530 [1:42:51<2:36:04,  9.95s/it]
 39%|███▊      | 590/1530 [1:43:01<2:35:40,  9.94s/it]
 39%|███▊      | 591/1530 [1:43:11<2:35:21,  9.93s/it]
 39%|███▊      | 592/1530 [1:43:21<2:35:05,  9.92s/it]
 39%|███▉      | 593/1530 [1:43:31<2:35:55,  9.98s/it]
 39%|███▉      | 594/1530 [1:43:41<2:35:23,  9.96s/it]
 39%|███▉      | 595/1530 [1:43:51<2:34:57,  9.94s/it]
 39%|███▉      | 596/1530 [1:44:01<2:34:37,  9.93s/it]
 39%|███▉      | 597/1530 [1:44:11<2:34:28,  9.93s/it]
 39%|███▉      | 598/1530 [1:44:20<2:34:11,  9.93s/it]
 39%|███▉      | 599/1530 [1:44:30<2:33:55,  9.92s/it]
 39%|███▉      | 600/1530 [1:44:40<2:33:41,  9.92s/it]
 39%|███▉      | 601/1530 [1:44:50<2:33:29,  9.91s/it]
 39%|███▉      | 602/1530 [1:45:00<2:33:15,  9.91s/it]
 39%|███▉      | 603/1530 [1:45:10<2:33:05,  9.91s/it]
 39%|███▉      | 604/1530 [1:45:20<2:32:53,  9.91s/it]
 40%|███▉      | 605/1530 [1:45:30<2:32:44,  9.91s/it]
 40%|███▉      | 606/1530 [1:45:40<2:32:34,  9.91s/it]
 40%|███▉      | 607/1530 [1:45:50<2:32:23,  9.91s/it]
 40%|███▉      | 608/1530 [1:46:00<2:32:12,  9.91s/it]
 40%|███▉      | 609/1530 [1:46:09<2:32:03,  9.91s/it]
 40%|███▉      | 610/1530 [1:46:19<2:31:53,  9.91s/it]
 40%|███▉      | 611/1530 [1:46:29<2:31:44,  9.91s/it]
 40%|████      | 612/1530 [1:46:39<2:31:34,  9.91s/it]
 40%|████      | 613/1530 [1:46:49<2:31:25,  9.91s/it]
 40%|████      | 614/1530 [1:46:59<2:31:13,  9.91s/it]
 40%|████      | 615/1530 [1:47:09<2:31:04,  9.91s/it]
 40%|████      | 616/1530 [1:47:19<2:30:54,  9.91s/it]
 40%|████      | 617/1530 [1:47:29<2:30:44,  9.91s/it]
 40%|████      | 618/1530 [1:47:39<2:30:34,  9.91s/it]
 40%|████      | 619/1530 [1:47:48<2:30:24,  9.91s/it]
 41%|████      | 620/1530 [1:47:58<2:30:15,  9.91s/it]
 41%|████      | 621/1530 [1:48:08<2:30:03,  9.91s/it]
 41%|████      | 622/1530 [1:48:18<2:30:54,  9.97s/it]
 41%|████      | 623/1530 [1:48:28<2:30:26,  9.95s/it]
 41%|████      | 624/1530 [1:48:33<2:06:43,  8.39s/it]
                                                      

 41%|████      | 624/1530 [1:48:33<2:06:43,  8.39s/it]{'loss': 0.9228, 'grad_norm': 2.466115713119507, 'learning_rate': 2.9607843137254905e-05, 'epoch': 12.0}


  0%|          | 0/26 [00:00<?, ?it/s][A

  8%|▊         | 2/26 [00:01<00:14,  1.67it/s][A

 12%|█▏        | 3/26 [00:02<00:19,  1.18it/s][A

 15%|█▌        | 4/26 [00:03<00:21,  1.02it/s][A

 19%|█▉        | 5/26 [00:04<00:22,  1.06s/it][A

 23%|██▎       | 6/26 [00:05<00:22,  1.10s/it][A

 27%|██▋       | 7/26 [00:07<00:21,  1.14s/it][A

 31%|███       | 8/26 [00:08<00:20,  1.16s/it][A

 35%|███▍      | 9/26 [00:09<00:19,  1.17s/it][A

 38%|███▊      | 10/26 [00:10<00:18,  1.18s/it][A

 42%|████▏     | 11/26 [00:11<00:17,  1.18s/it][A

 46%|████▌     | 12/26 [00:13<00:16,  1.19s/it][A

 50%|█████     | 13/26 [00:14<00:15,  1.19s/it][A

 54%|█████▍    | 14/26 [00:15<00:14,  1.19s/it][A

 58%|█████▊    | 15/26 [00:16<00:13,  1.20s/it][A

 62%|██████▏   | 16/26 [00:17<00:11,  1.20s/it][A

 65%|██████▌   | 17/26 [00:19<00:10,  1.20s/it][A

 69%|██████▉   | 18/26 [00:20<00:09,  1.20s/it][A

 73%|███████▎  | 19/26 [00:21<00:08,  1.20s/it][A

 77%|███████▋  | 20/26 [00:22<00:07,  1.20s/it][A

 81%|████████  | 21/26 [00:23<00:05,  1.20s/it][A

 85%|████████▍ | 22/26 [00:25<00:04,  1.20s/it][A

 88%|████████▊ | 23/26 [00:26<00:03,  1.20s/it][A

 92%|█████████▏| 24/26 [00:27<00:02,  1.20s/it][A

 96%|█████████▌| 25/26 [00:28<00:01,  1.20s/it][A

100%|██████████| 26/26 [00:29<00:00,  1.15s/it][A

                                               
[A
                                                      

100%|██████████| 26/26 [00:30<00:00,  1.15s/it][A
 41%|████      | 624/1530 [1:49:06<2:06:43,  8.39s/it]

                                               [A{'eval_loss': 1.0158827304840088, 'eval_macro_recall': 0.655591836734694, 'eval_macro_precision': 0.6191717540806211, 'eval_macro_f1': 0.6075666526889303, 'eval_accuracy': 0.6686893203883495, 'eval_micro_recall': 0.6686893203883495, 'eval_micro_precision': 0.6686893203883495, 'eval_micro_f1': 0.6686893203883495, 'eval_runtime': 32.2046, 'eval_samples_per_second': 25.586, 'eval_steps_per_second': 0.807, 'epoch': 12.0}

 41%|████      | 625/1530 [1:49:20<4:59:26, 19.85s/it]
 41%|████      | 626/1530 [1:49:30<4:14:08, 16.87s/it]
 41%|████      | 627/1530 [1:49:39<3:42:24, 14.78s/it]
 41%|████      | 628/1530 [1:49:49<3:20:11, 13.32s/it]
 41%|████      | 629/1530 [1:49:59<3:04:35, 12.29s/it]
 41%|████      | 630/1530 [1:50:09<2:53:38, 11.58s/it]
 41%|████      | 631/1530 [1:50:19<2:45:56, 11.08s/it]
 41%|████▏     | 632/1530 [1:50:29<2:40:30, 10.72s/it]
 41%|████▏     | 633/1530 [1:50:39<2:36:39, 10.48s/it]
 41%|████▏     | 634/1530 [1:50:49<2:33:53, 10.31s/it]
 42%|████▏     | 635/1530 [1:50:59<2:31:54, 10.18s/it]
 42%|████▏     | 636/1530 [1:51:09<2:30:28, 10.10s/it]
 42%|████▏     | 637/1530 [1:51:19<2:29:27, 10.04s/it]
 42%|████▏     | 638/1530 [1:51:28<2:28:40, 10.00s/it]
 42%|████▏     | 639/1530 [1:51:38<2:28:05,  9.97s/it]
 42%|████▏     | 640/1530 [1:51:48<2:27:39,  9.95s/it]
 42%|████▏     | 641/1530 [1:51:58<2:27:16,  9.94s/it]
 42%|████▏     | 642/1530 [1:52:08<2:26:58,  9.93s/it]
 42%|████▏     | 643/1530 [1:52:18<2:26:42,  9.92s/it]
 42%|████▏     | 644/1530 [1:52:28<2:26:28,  9.92s/it]
 42%|████▏     | 645/1530 [1:52:38<2:26:15,  9.92s/it]
 42%|████▏     | 646/1530 [1:52:48<2:26:02,  9.91s/it]
 42%|████▏     | 647/1530 [1:52:58<2:25:51,  9.91s/it]
 42%|████▏     | 648/1530 [1:53:08<2:25:41,  9.91s/it]
 42%|████▏     | 649/1530 [1:53:17<2:25:29,  9.91s/it]
 42%|████▏     | 650/1530 [1:53:27<2:25:19,  9.91s/it]
 43%|████▎     | 651/1530 [1:53:37<2:25:08,  9.91s/it]
 43%|████▎     | 652/1530 [1:53:47<2:24:58,  9.91s/it]
 43%|████▎     | 653/1530 [1:53:57<2:24:48,  9.91s/it]
 43%|████▎     | 654/1530 [1:54:07<2:24:38,  9.91s/it]
 43%|████▎     | 655/1530 [1:54:17<2:24:28,  9.91s/it]
 43%|████▎     | 656/1530 [1:54:27<2:24:19,  9.91s/it]
 43%|████▎     | 657/1530 [1:54:37<2:24:09,  9.91s/it]
 43%|████▎     | 658/1530 [1:54:47<2:23:58,  9.91s/it]
 43%|████▎     | 659/1530 [1:54:56<2:23:49,  9.91s/it]
 43%|████▎     | 660/1530 [1:55:06<2:23:38,  9.91s/it]
 43%|████▎     | 661/1530 [1:55:16<2:23:29,  9.91s/it]
 43%|████▎     | 662/1530 [1:55:26<2:23:19,  9.91s/it]
 43%|████▎     | 663/1530 [1:55:36<2:23:09,  9.91s/it]
 43%|████▎     | 664/1530 [1:55:46<2:22:59,  9.91s/it]
 43%|████▎     | 665/1530 [1:55:56<2:22:49,  9.91s/it]
 44%|████▎     | 666/1530 [1:56:06<2:22:39,  9.91s/it]
 44%|████▎     | 667/1530 [1:56:16<2:22:29,  9.91s/it]
 44%|████▎     | 668/1530 [1:56:26<2:22:18,  9.91s/it]
 44%|████▎     | 669/1530 [1:56:36<2:22:08,  9.91s/it]
 44%|████▍     | 670/1530 [1:56:45<2:21:57,  9.90s/it]
 44%|████▍     | 671/1530 [1:56:55<2:21:47,  9.90s/it]
 44%|████▍     | 672/1530 [1:57:05<2:21:38,  9.90s/it]
 44%|████▍     | 673/1530 [1:57:15<2:21:28,  9.91s/it]
 44%|████▍     | 674/1530 [1:57:25<2:21:18,  9.90s/it]
 44%|████▍     | 675/1530 [1:57:35<2:21:07,  9.90s/it]
 44%|████▍     | 676/1530 [1:57:40<1:58:55,  8.35s/it]
                                                      

 44%|████▍     | 676/1530 [1:57:40<1:58:55,  8.35s/it]{'loss': 0.8745, 'grad_norm': 1.8335198163986206, 'learning_rate': 2.7908496732026145e-05, 'epoch': 13.0}


  0%|          | 0/26 [00:00<?, ?it/s][A

  8%|▊         | 2/26 [00:01<00:14,  1.67it/s][A

 12%|█▏        | 3/26 [00:02<00:19,  1.18it/s][A

 15%|█▌        | 4/26 [00:03<00:21,  1.02it/s][A

 19%|█▉        | 5/26 [00:04<00:22,  1.06s/it][A

 23%|██▎       | 6/26 [00:06<00:22,  1.11s/it][A

 27%|██▋       | 7/26 [00:07<00:21,  1.14s/it][A

 31%|███       | 8/26 [00:08<00:20,  1.16s/it][A

 35%|███▍      | 9/26 [00:09<00:19,  1.17s/it][A

 38%|███▊      | 10/26 [00:10<00:18,  1.18s/it][A

 42%|████▏     | 11/26 [00:12<00:17,  1.19s/it][A

 46%|████▌     | 12/26 [00:13<00:16,  1.19s/it][A

 50%|█████     | 13/26 [00:14<00:15,  1.19s/it][A

 54%|█████▍    | 14/26 [00:15<00:14,  1.20s/it][A

 58%|█████▊    | 15/26 [00:16<00:13,  1.20s/it][A

 62%|██████▏   | 16/26 [00:18<00:11,  1.20s/it][A

 65%|██████▌   | 17/26 [00:19<00:10,  1.20s/it][A

 69%|██████▉   | 18/26 [00:20<00:09,  1.20s/it][A

 73%|███████▎  | 19/26 [00:21<00:08,  1.20s/it][A

 77%|███████▋  | 20/26 [00:22<00:07,  1.20s/it][A

 81%|████████  | 21/26 [00:24<00:06,  1.20s/it][A

 85%|████████▍ | 22/26 [00:25<00:04,  1.20s/it][A

 88%|████████▊ | 23/26 [00:26<00:03,  1.20s/it][A

 92%|█████████▏| 24/26 [00:27<00:02,  1.20s/it][A

 96%|█████████▌| 25/26 [00:28<00:01,  1.20s/it][A

100%|██████████| 26/26 [00:29<00:00,  1.14s/it][A

                                               
[A
                                                      

100%|██████████| 26/26 [00:29<00:00,  1.14s/it][A
 44%|████▍     | 676/1530 [1:58:11<1:58:55,  8.35s/it]

                                               [A{'eval_loss': 1.0023462772369385, 'eval_macro_recall': 0.6500204081632653, 'eval_macro_precision': 0.5970849454441229, 'eval_macro_f1': 0.5995212655833776, 'eval_accuracy': 0.6614077669902912, 'eval_micro_recall': 0.6614077669902912, 'eval_micro_precision': 0.6614077669902912, 'eval_micro_f1': 0.6614077669902912, 'eval_runtime': 31.3316, 'eval_samples_per_second': 26.299, 'eval_steps_per_second': 0.83, 'epoch': 13.0}

 44%|████▍     | 677/1530 [1:58:25<4:35:44, 19.40s/it]
 44%|████▍     | 678/1530 [1:58:35<3:54:56, 16.54s/it]
 44%|████▍     | 679/1530 [1:58:45<3:26:23, 14.55s/it]
 44%|████▍     | 680/1530 [1:58:55<3:06:21, 13.16s/it]
 45%|████▍     | 681/1530 [1:59:04<2:52:18, 12.18s/it]
 45%|████▍     | 682/1530 [1:59:14<2:42:26, 11.49s/it]
 45%|████▍     | 683/1530 [1:59:24<2:35:28, 11.01s/it]
 45%|████▍     | 684/1530 [1:59:34<2:30:40, 10.69s/it]
 45%|████▍     | 685/1530 [1:59:44<2:27:10, 10.45s/it]
 45%|████▍     | 686/1530 [1:59:54<2:24:40, 10.28s/it]
 45%|████▍     | 687/1530 [2:00:04<2:22:50, 10.17s/it]
 45%|████▍     | 688/1530 [2:00:14<2:21:32, 10.09s/it]
 45%|████▌     | 689/1530 [2:00:24<2:20:35, 10.03s/it]
 45%|████▌     | 690/1530 [2:00:34<2:19:52,  9.99s/it]
 45%|████▌     | 691/1530 [2:00:43<2:19:19,  9.96s/it]
 45%|████▌     | 692/1530 [2:00:53<2:18:53,  9.94s/it]
 45%|████▌     | 693/1530 [2:01:03<2:18:32,  9.93s/it]
 45%|████▌     | 694/1530 [2:01:13<2:18:14,  9.92s/it]
 45%|████▌     | 695/1530 [2:01:23<2:17:57,  9.91s/it]
 45%|████▌     | 696/1530 [2:01:33<2:17:43,  9.91s/it]
 46%|████▌     | 697/1530 [2:01:43<2:17:31,  9.91s/it]
 46%|████▌     | 698/1530 [2:01:53<2:17:18,  9.90s/it]
 46%|████▌     | 699/1530 [2:02:03<2:17:07,  9.90s/it]
 46%|████▌     | 700/1530 [2:02:13<2:16:56,  9.90s/it]
 46%|████▌     | 701/1530 [2:02:22<2:16:46,  9.90s/it]
 46%|████▌     | 702/1530 [2:02:32<2:16:36,  9.90s/it]
 46%|████▌     | 703/1530 [2:02:42<2:16:27,  9.90s/it]
 46%|████▌     | 704/1530 [2:02:52<2:16:16,  9.90s/it]
 46%|████▌     | 705/1530 [2:03:02<2:16:07,  9.90s/it]
 46%|████▌     | 706/1530 [2:03:12<2:15:57,  9.90s/it]
 46%|████▌     | 707/1530 [2:03:22<2:15:46,  9.90s/it]
 46%|████▋     | 708/1530 [2:03:32<2:15:36,  9.90s/it]
 46%|████▋     | 709/1530 [2:03:42<2:15:25,  9.90s/it]
 46%|████▋     | 710/1530 [2:03:52<2:15:15,  9.90s/it]
 46%|████▋     | 711/1530 [2:04:01<2:15:06,  9.90s/it]
 47%|████▋     | 712/1530 [2:04:11<2:14:56,  9.90s/it]
 47%|████▋     | 713/1530 [2:04:21<2:14:47,  9.90s/it]
 47%|████▋     | 714/1530 [2:04:31<2:14:36,  9.90s/it]
 47%|████▋     | 715/1530 [2:04:41<2:14:26,  9.90s/it]
 47%|████▋     | 716/1530 [2:04:51<2:14:16,  9.90s/it]
 47%|████▋     | 717/1530 [2:05:01<2:14:07,  9.90s/it]
 47%|████▋     | 718/1530 [2:05:11<2:13:57,  9.90s/it]
 47%|████▋     | 719/1530 [2:05:21<2:13:47,  9.90s/it]
 47%|████▋     | 720/1530 [2:05:30<2:13:37,  9.90s/it]
 47%|████▋     | 721/1530 [2:05:40<2:13:27,  9.90s/it]
 47%|████▋     | 722/1530 [2:05:50<2:13:17,  9.90s/it]
 47%|████▋     | 723/1530 [2:06:00<2:13:06,  9.90s/it]
 47%|████▋     | 724/1530 [2:06:10<2:12:56,  9.90s/it]
 47%|████▋     | 725/1530 [2:06:20<2:12:46,  9.90s/it]
 47%|████▋     | 726/1530 [2:06:30<2:12:36,  9.90s/it]
 48%|████▊     | 727/1530 [2:06:40<2:12:26,  9.90s/it]
 48%|████▊     | 728/1530 [2:06:45<1:51:37,  8.35s/it]
                                                      

 48%|████▊     | 728/1530 [2:06:45<1:51:37,  8.35s/it]{'loss': 0.8328, 'grad_norm': 1.6828240156173706, 'learning_rate': 2.620915032679739e-05, 'epoch': 14.0}


  0%|          | 0/26 [00:00<?, ?it/s][A

  8%|▊         | 2/26 [00:01<00:14,  1.67it/s][A

 12%|█▏        | 3/26 [00:02<00:19,  1.18it/s][A

 15%|█▌        | 4/26 [00:03<00:21,  1.02it/s][A

 19%|█▉        | 5/26 [00:04<00:22,  1.06s/it][A

 23%|██▎       | 6/26 [00:05<00:22,  1.10s/it][A

 27%|██▋       | 7/26 [00:07<00:21,  1.13s/it][A

 31%|███       | 8/26 [00:08<00:20,  1.16s/it][A

 35%|███▍      | 9/26 [00:09<00:19,  1.17s/it][A

 38%|███▊      | 10/26 [00:10<00:18,  1.18s/it][A

 42%|████▏     | 11/26 [00:11<00:17,  1.18s/it][A

 46%|████▌     | 12/26 [00:13<00:16,  1.19s/it][A

 50%|█████     | 13/26 [00:14<00:15,  1.19s/it][A

 54%|█████▍    | 14/26 [00:15<00:14,  1.19s/it][A

 58%|█████▊    | 15/26 [00:16<00:13,  1.20s/it][A

 62%|██████▏   | 16/26 [00:17<00:11,  1.20s/it][A

 65%|██████▌   | 17/26 [00:19<00:10,  1.20s/it][A

 69%|██████▉   | 18/26 [00:20<00:09,  1.20s/it][A

 73%|███████▎  | 19/26 [00:21<00:08,  1.20s/it][A

 77%|███████▋  | 20/26 [00:22<00:07,  1.20s/it][A

 81%|████████  | 21/26 [00:23<00:05,  1.20s/it][A

 85%|████████▍ | 22/26 [00:25<00:04,  1.20s/it][A

 88%|████████▊ | 23/26 [00:26<00:03,  1.20s/it][A

 92%|█████████▏| 24/26 [00:27<00:02,  1.20s/it][A

 96%|█████████▌| 25/26 [00:28<00:01,  1.20s/it][A

100%|██████████| 26/26 [00:29<00:00,  1.14s/it][A

                                               
[A
                                                      

100%|██████████| 26/26 [00:29<00:00,  1.14s/it][A
 48%|████▊     | 728/1530 [2:07:16<1:51:37,  8.35s/it]

                                               [A{'eval_loss': 0.9809718728065491, 'eval_macro_recall': 0.6470816326530613, 'eval_macro_precision': 0.6045123833494563, 'eval_macro_f1': 0.5975838505355443, 'eval_accuracy': 0.6553398058252428, 'eval_micro_recall': 0.6553398058252428, 'eval_micro_precision': 0.6553398058252428, 'eval_micro_f1': 0.6553398058252428, 'eval_runtime': 31.3097, 'eval_samples_per_second': 26.318, 'eval_steps_per_second': 0.83, 'epoch': 14.0}

 48%|████▊     | 729/1530 [2:07:30<4:18:28, 19.36s/it]
 48%|████▊     | 730/1530 [2:07:39<3:40:18, 16.52s/it]
 48%|████▊     | 731/1530 [2:07:49<3:13:32, 14.53s/it]
 48%|████▊     | 732/1530 [2:07:59<2:54:47, 13.14s/it]
 48%|████▊     | 733/1530 [2:08:09<2:41:38, 12.17s/it]
 48%|████▊     | 734/1530 [2:08:19<2:32:25, 11.49s/it]
 48%|████▊     | 735/1530 [2:08:29<2:25:54, 11.01s/it]
 48%|████▊     | 736/1530 [2:08:39<2:21:18, 10.68s/it]
 48%|████▊     | 737/1530 [2:08:49<2:18:03, 10.45s/it]
 48%|████▊     | 738/1530 [2:08:59<2:15:42, 10.28s/it]
 48%|████▊     | 739/1530 [2:09:09<2:14:01, 10.17s/it]
 48%|████▊     | 740/1530 [2:09:18<2:12:48, 10.09s/it]
 48%|████▊     | 741/1530 [2:09:28<2:11:53, 10.03s/it]
 48%|████▊     | 742/1530 [2:09:38<2:11:13,  9.99s/it]
 49%|████▊     | 743/1530 [2:09:48<2:10:41,  9.96s/it]
 49%|████▊     | 744/1530 [2:09:58<2:10:15,  9.94s/it]
 49%|████▊     | 745/1530 [2:10:08<2:09:55,  9.93s/it]
 49%|████▉     | 746/1530 [2:10:18<2:09:57,  9.95s/it]
 49%|████▉     | 747/1530 [2:10:28<2:11:13, 10.06s/it]
 49%|████▉     | 748/1530 [2:10:38<2:10:31, 10.01s/it]
 49%|████▉     | 749/1530 [2:10:48<2:09:57,  9.98s/it]
 49%|████▉     | 750/1530 [2:10:58<2:09:27,  9.96s/it]
 49%|████▉     | 751/1530 [2:11:08<2:09:03,  9.94s/it]
 49%|████▉     | 752/1530 [2:11:18<2:08:48,  9.93s/it]
 49%|████▉     | 753/1530 [2:11:28<2:08:32,  9.93s/it]
 49%|████▉     | 754/1530 [2:11:38<2:08:16,  9.92s/it]
 49%|████▉     | 755/1530 [2:11:47<2:08:02,  9.91s/it]
 49%|████▉     | 756/1530 [2:11:57<2:07:51,  9.91s/it]
 49%|████▉     | 757/1530 [2:12:07<2:07:41,  9.91s/it]
 50%|████▉     | 758/1530 [2:12:17<2:07:37,  9.92s/it]
 50%|████▉     | 759/1530 [2:12:27<2:07:29,  9.92s/it]
 50%|████▉     | 760/1530 [2:12:37<2:07:16,  9.92s/it]
 50%|████▉     | 761/1530 [2:12:47<2:07:02,  9.91s/it]
 50%|████▉     | 762/1530 [2:12:57<2:06:53,  9.91s/it]
 50%|████▉     | 763/1530 [2:13:07<2:06:41,  9.91s/it]
 50%|████▉     | 764/1530 [2:13:17<2:06:28,  9.91s/it]
 50%|█████     | 765/1530 [2:13:27<2:06:17,  9.91s/it]
 50%|█████     | 766/1530 [2:13:37<2:06:06,  9.90s/it]
 50%|█████     | 767/1530 [2:13:46<2:05:55,  9.90s/it]
 50%|█████     | 768/1530 [2:13:56<2:05:44,  9.90s/it]
 50%|█████     | 769/1530 [2:14:06<2:05:34,  9.90s/it]
 50%|█████     | 770/1530 [2:14:16<2:05:24,  9.90s/it]
 50%|█████     | 771/1530 [2:14:26<2:05:14,  9.90s/it]
 50%|█████     | 772/1530 [2:14:36<2:05:05,  9.90s/it]
 51%|█████     | 773/1530 [2:14:46<2:04:56,  9.90s/it]
 51%|█████     | 774/1530 [2:14:56<2:04:46,  9.90s/it]
 51%|█████     | 775/1530 [2:15:06<2:04:35,  9.90s/it]
 51%|█████     | 776/1530 [2:15:16<2:04:25,  9.90s/it]
 51%|█████     | 777/1530 [2:15:25<2:04:15,  9.90s/it]
 51%|█████     | 778/1530 [2:15:35<2:04:04,  9.90s/it]
 51%|█████     | 779/1530 [2:15:45<2:03:54,  9.90s/it]
 51%|█████     | 780/1530 [2:15:50<1:44:26,  8.36s/it]
                                                      

 51%|█████     | 780/1530 [2:15:50<1:44:26,  8.36s/it]{'loss': 0.7946, 'grad_norm': 1.4460171461105347, 'learning_rate': 2.4509803921568626e-05, 'epoch': 15.0}


  0%|          | 0/26 [00:00<?, ?it/s][A

  8%|▊         | 2/26 [00:01<00:14,  1.66it/s][A

 12%|█▏        | 3/26 [00:02<00:19,  1.17it/s][A

 15%|█▌        | 4/26 [00:03<00:21,  1.02it/s][A

 19%|█▉        | 5/26 [00:04<00:22,  1.06s/it][A

 23%|██▎       | 6/26 [00:06<00:22,  1.11s/it][A

 27%|██▋       | 7/26 [00:07<00:21,  1.14s/it][A

 31%|███       | 8/26 [00:08<00:20,  1.16s/it][A

 35%|███▍      | 9/26 [00:09<00:19,  1.17s/it][A

 38%|███▊      | 10/26 [00:11<00:18,  1.18s/it][A

 42%|████▏     | 11/26 [00:12<00:19,  1.28s/it][A

 46%|████▌     | 12/26 [00:13<00:17,  1.25s/it][A

 50%|█████     | 13/26 [00:14<00:16,  1.24s/it][A

 54%|█████▍    | 14/26 [00:15<00:14,  1.23s/it][A

 58%|█████▊    | 15/26 [00:17<00:13,  1.22s/it][A

 62%|██████▏   | 16/26 [00:18<00:12,  1.21s/it][A

 65%|██████▌   | 17/26 [00:19<00:10,  1.21s/it][A

 69%|██████▉   | 18/26 [00:20<00:09,  1.21s/it][A

 73%|███████▎  | 19/26 [00:21<00:08,  1.20s/it][A

 77%|███████▋  | 20/26 [00:23<00:07,  1.20s/it][A

 81%|████████  | 21/26 [00:24<00:06,  1.20s/it][A

 85%|████████▍ | 22/26 [00:25<00:04,  1.20s/it][A

 88%|████████▊ | 23/26 [00:26<00:03,  1.20s/it][A

 92%|█████████▏| 24/26 [00:27<00:02,  1.20s/it][A

 96%|█████████▌| 25/26 [00:29<00:01,  1.20s/it][A

100%|██████████| 26/26 [00:30<00:00,  1.15s/it][A

                                               
[A
                                                      

100%|██████████| 26/26 [00:30<00:00,  1.15s/it][A
 51%|█████     | 780/1530 [2:16:22<1:44:26,  8.36s/it]

                                               [A{'eval_loss': 0.9614614844322205, 'eval_macro_recall': 0.6627278911564625, 'eval_macro_precision': 0.6246885626688582, 'eval_macro_f1': 0.6142154707733963, 'eval_accuracy': 0.6577669902912622, 'eval_micro_recall': 0.6577669902912622, 'eval_micro_precision': 0.6577669902912622, 'eval_micro_f1': 0.6577669902912622, 'eval_runtime': 31.827, 'eval_samples_per_second': 25.89, 'eval_steps_per_second': 0.817, 'epoch': 15.0}

 51%|█████     | 781/1530 [2:16:36<4:04:56, 19.62s/it]
 51%|█████     | 782/1530 [2:16:46<3:28:21, 16.71s/it]
 51%|█████     | 783/1530 [2:16:56<3:02:42, 14.68s/it]
 51%|█████     | 784/1530 [2:17:06<2:44:42, 13.25s/it]
 51%|█████▏    | 785/1530 [2:17:16<2:32:03, 12.25s/it]
 51%|█████▏    | 786/1530 [2:17:25<2:23:12, 11.55s/it]
 51%|█████▏    | 787/1530 [2:17:35<2:16:53, 11.05s/it]
 52%|█████▏    | 788/1530 [2:17:45<2:12:26, 10.71s/it]
 52%|█████▏    | 789/1530 [2:17:55<2:09:17, 10.47s/it]
 52%|█████▏    | 790/1530 [2:18:05<2:07:01, 10.30s/it]
 52%|█████▏    | 791/1530 [2:18:15<2:05:23, 10.18s/it]
 52%|█████▏    | 792/1530 [2:18:25<2:04:11, 10.10s/it]
 52%|█████▏    | 793/1530 [2:18:35<2:03:19, 10.04s/it]
 52%|█████▏    | 794/1530 [2:18:45<2:02:39, 10.00s/it]
 52%|█████▏    | 795/1530 [2:18:55<2:02:08,  9.97s/it]
 52%|█████▏    | 796/1530 [2:19:05<2:01:44,  9.95s/it]
 52%|█████▏    | 797/1530 [2:19:14<2:01:23,  9.94s/it]
 52%|█████▏    | 798/1530 [2:19:24<2:01:07,  9.93s/it]
 52%|█████▏    | 799/1530 [2:19:34<2:00:51,  9.92s/it]
 52%|█████▏    | 800/1530 [2:19:44<2:00:39,  9.92s/it]
 52%|█████▏    | 801/1530 [2:19:54<2:00:27,  9.91s/it]
 52%|█████▏    | 802/1530 [2:20:04<2:00:15,  9.91s/it]
 52%|█████▏    | 803/1530 [2:20:14<2:00:05,  9.91s/it]
 53%|█████▎    | 804/1530 [2:20:24<1:59:53,  9.91s/it]
 53%|█████▎    | 805/1530 [2:20:34<1:59:42,  9.91s/it]
 53%|█████▎    | 806/1530 [2:20:44<1:59:31,  9.91s/it]
 53%|█████▎    | 807/1530 [2:20:53<1:59:21,  9.91s/it]
 53%|█████▎    | 808/1530 [2:21:03<1:59:11,  9.90s/it]
 53%|█████▎    | 809/1530 [2:21:13<1:59:01,  9.91s/it]
 53%|█████▎    | 810/1530 [2:21:23<1:58:52,  9.91s/it]
 53%|█████▎    | 811/1530 [2:21:33<1:58:42,  9.91s/it]
 53%|█████▎    | 812/1530 [2:21:43<1:58:33,  9.91s/it]
 53%|█████▎    | 813/1530 [2:21:53<1:58:23,  9.91s/it]
 53%|█████▎    | 814/1530 [2:22:03<1:58:13,  9.91s/it]
 53%|█████▎    | 815/1530 [2:22:13<1:58:02,  9.91s/it]
 53%|█████▎    | 816/1530 [2:22:23<1:57:52,  9.91s/it]
 53%|█████▎    | 817/1530 [2:22:33<1:57:42,  9.91s/it]
 53%|█████▎    | 818/1530 [2:22:42<1:57:32,  9.91s/it]
 54%|█████▎    | 819/1530 [2:22:52<1:57:22,  9.90s/it]
 54%|█████▎    | 820/1530 [2:23:02<1:57:13,  9.91s/it]
 54%|█████▎    | 821/1530 [2:23:12<1:57:02,  9.91s/it]
 54%|█████▎    | 822/1530 [2:23:22<1:56:52,  9.90s/it]
 54%|█████▍    | 823/1530 [2:23:32<1:56:42,  9.90s/it]
 54%|█████▍    | 824/1530 [2:23:42<1:56:33,  9.91s/it]
 54%|█████▍    | 825/1530 [2:23:52<1:56:23,  9.91s/it]
 54%|█████▍    | 826/1530 [2:24:02<1:56:12,  9.90s/it]
 54%|█████▍    | 827/1530 [2:24:12<1:56:03,  9.90s/it]
 54%|█████▍    | 828/1530 [2:24:21<1:55:52,  9.90s/it]
 54%|█████▍    | 829/1530 [2:24:31<1:55:43,  9.91s/it]
 54%|█████▍    | 830/1530 [2:24:41<1:55:34,  9.91s/it]
 54%|█████▍    | 831/1530 [2:24:51<1:55:23,  9.91s/it]
 54%|█████▍    | 832/1530 [2:24:56<1:37:19,  8.37s/it]
                                                      

 54%|█████▍    | 832/1530 [2:24:56<1:37:19,  8.37s/it]{'loss': 0.7637, 'grad_norm': 2.6545791625976562, 'learning_rate': 2.281045751633987e-05, 'epoch': 16.0}


  0%|          | 0/26 [00:00<?, ?it/s][A

  8%|▊         | 2/26 [00:01<00:14,  1.67it/s][A

 12%|█▏        | 3/26 [00:02<00:19,  1.18it/s][A

 15%|█▌        | 4/26 [00:03<00:21,  1.02it/s][A

 19%|█▉        | 5/26 [00:04<00:22,  1.06s/it][A

 23%|██▎       | 6/26 [00:05<00:22,  1.10s/it][A

 27%|██▋       | 7/26 [00:07<00:21,  1.13s/it][A

 31%|███       | 8/26 [00:08<00:20,  1.16s/it][A

 35%|███▍      | 9/26 [00:09<00:19,  1.17s/it][A

 38%|███▊      | 10/26 [00:10<00:18,  1.18s/it][A

 42%|████▏     | 11/26 [00:11<00:17,  1.18s/it][A

 46%|████▌     | 12/26 [00:13<00:16,  1.19s/it][A

 50%|█████     | 13/26 [00:14<00:15,  1.19s/it][A

 54%|█████▍    | 14/26 [00:15<00:14,  1.19s/it][A

 58%|█████▊    | 15/26 [00:16<00:13,  1.20s/it][A

 62%|██████▏   | 16/26 [00:17<00:11,  1.20s/it][A

 65%|██████▌   | 17/26 [00:19<00:10,  1.20s/it][A

 69%|██████▉   | 18/26 [00:20<00:09,  1.20s/it][A

 73%|███████▎  | 19/26 [00:21<00:08,  1.20s/it][A

 77%|███████▋  | 20/26 [00:22<00:07,  1.20s/it][A

 81%|████████  | 21/26 [00:24<00:06,  1.20s/it][A

 85%|████████▍ | 22/26 [00:25<00:04,  1.20s/it][A

 88%|████████▊ | 23/26 [00:26<00:03,  1.20s/it][A

 92%|█████████▏| 24/26 [00:27<00:02,  1.20s/it][A

 96%|█████████▌| 25/26 [00:28<00:01,  1.20s/it][A

100%|██████████| 26/26 [00:29<00:00,  1.14s/it][A

                                               
[A
                                                      

100%|██████████| 26/26 [00:29<00:00,  1.14s/it][A
 54%|█████▍    | 832/1530 [2:25:27<1:37:19,  8.37s/it]

                                               [A{'eval_loss': 0.927084743976593, 'eval_macro_recall': 0.6738207972582972, 'eval_macro_precision': 0.6390403360668139, 'eval_macro_f1': 0.6251727691296671, 'eval_accuracy': 0.6808252427184466, 'eval_micro_recall': 0.6808252427184466, 'eval_micro_precision': 0.6808252427184466, 'eval_micro_f1': 0.6808252427184466, 'eval_runtime': 31.3606, 'eval_samples_per_second': 26.275, 'eval_steps_per_second': 0.829, 'epoch': 16.0}

 54%|█████▍    | 833/1530 [2:25:41<3:45:09, 19.38s/it]
 55%|█████▍    | 834/1530 [2:25:51<3:11:50, 16.54s/it]
 55%|█████▍    | 835/1530 [2:26:01<2:48:29, 14.55s/it]
 55%|█████▍    | 836/1530 [2:26:11<2:32:07, 13.15s/it]
 55%|█████▍    | 837/1530 [2:26:21<2:20:38, 12.18s/it]
 55%|█████▍    | 838/1530 [2:26:31<2:12:34, 11.49s/it]
 55%|█████▍    | 839/1530 [2:26:40<2:06:53, 11.02s/it]
 55%|█████▍    | 840/1530 [2:26:50<2:02:52, 10.68s/it]
 55%|█████▍    | 841/1530 [2:27:00<2:00:00, 10.45s/it]
 55%|█████▌    | 842/1530 [2:27:10<1:57:56, 10.29s/it]
 55%|█████▌    | 843/1530 [2:27:20<1:56:26, 10.17s/it]
 55%|█████▌    | 844/1530 [2:27:30<1:55:22, 10.09s/it]
 55%|█████▌    | 845/1530 [2:27:40<1:54:34, 10.04s/it]
 55%|█████▌    | 846/1530 [2:27:50<1:53:56,  9.99s/it]
 55%|█████▌    | 847/1530 [2:28:00<1:53:27,  9.97s/it]
 55%|█████▌    | 848/1530 [2:28:10<1:53:03,  9.95s/it]
 55%|█████▌    | 849/1530 [2:28:19<1:52:45,  9.93s/it]
 56%|█████▌    | 850/1530 [2:28:29<1:52:28,  9.92s/it]
 56%|█████▌    | 851/1530 [2:28:39<1:52:14,  9.92s/it]
 56%|█████▌    | 852/1530 [2:28:49<1:52:02,  9.91s/it]
 56%|█████▌    | 853/1530 [2:28:59<1:51:48,  9.91s/it]
 56%|█████▌    | 854/1530 [2:29:09<1:51:37,  9.91s/it]
 56%|█████▌    | 855/1530 [2:29:19<1:51:26,  9.91s/it]
 56%|█████▌    | 856/1530 [2:29:29<1:51:15,  9.90s/it]
 56%|█████▌    | 857/1530 [2:29:39<1:51:04,  9.90s/it]
 56%|█████▌    | 858/1530 [2:29:49<1:50:54,  9.90s/it]
 56%|█████▌    | 859/1530 [2:29:59<1:50:45,  9.90s/it]
 56%|█████▌    | 860/1530 [2:30:08<1:50:36,  9.90s/it]
 56%|█████▋    | 861/1530 [2:30:18<1:50:26,  9.90s/it]
 56%|█████▋    | 862/1530 [2:30:28<1:50:15,  9.90s/it]
 56%|█████▋    | 863/1530 [2:30:38<1:50:06,  9.90s/it]
 56%|█████▋    | 864/1530 [2:30:48<1:49:55,  9.90s/it]
 57%|█████▋    | 865/1530 [2:30:58<1:49:44,  9.90s/it]
 57%|█████▋    | 866/1530 [2:31:08<1:49:35,  9.90s/it]
 57%|█████▋    | 867/1530 [2:31:18<1:49:25,  9.90s/it]
 57%|█████▋    | 868/1530 [2:31:28<1:49:15,  9.90s/it]
 57%|█████▋    | 869/1530 [2:31:38<1:49:05,  9.90s/it]
 57%|█████▋    | 870/1530 [2:31:47<1:48:55,  9.90s/it]
 57%|█████▋    | 871/1530 [2:31:57<1:48:46,  9.90s/it]
 57%|█████▋    | 872/1530 [2:32:07<1:48:36,  9.90s/it]
 57%|█████▋    | 873/1530 [2:32:17<1:48:26,  9.90s/it]
 57%|█████▋    | 874/1530 [2:32:27<1:48:16,  9.90s/it]
 57%|█████▋    | 875/1530 [2:32:37<1:48:06,  9.90s/it]
 57%|█████▋    | 876/1530 [2:32:47<1:47:56,  9.90s/it]
 57%|█████▋    | 877/1530 [2:32:57<1:47:46,  9.90s/it]
 57%|█████▋    | 878/1530 [2:33:07<1:47:35,  9.90s/it]
 57%|█████▋    | 879/1530 [2:33:17<1:47:25,  9.90s/it]
 58%|█████▊    | 880/1530 [2:33:26<1:47:16,  9.90s/it]
 58%|█████▊    | 881/1530 [2:33:36<1:47:06,  9.90s/it]
 58%|█████▊    | 882/1530 [2:33:46<1:46:56,  9.90s/it]
 58%|█████▊    | 883/1530 [2:33:56<1:46:44,  9.90s/it]
 58%|█████▊    | 884/1530 [2:34:01<1:29:56,  8.35s/it]
                                                      

 58%|█████▊    | 884/1530 [2:34:01<1:29:56,  8.35s/it]{'loss': 0.7413, 'grad_norm': 2.736191749572754, 'learning_rate': 2.111111111111111e-05, 'epoch': 17.0}


  0%|          | 0/26 [00:00<?, ?it/s][A

  8%|▊         | 2/26 [00:01<00:14,  1.67it/s][A

 12%|█▏        | 3/26 [00:02<00:19,  1.18it/s][A

 15%|█▌        | 4/26 [00:03<00:21,  1.02it/s][A

 19%|█▉        | 5/26 [00:04<00:22,  1.06s/it][A

 23%|██▎       | 6/26 [00:05<00:22,  1.10s/it][A

 27%|██▋       | 7/26 [00:07<00:21,  1.13s/it][A

 31%|███       | 8/26 [00:08<00:20,  1.15s/it][A

 35%|███▍      | 9/26 [00:09<00:19,  1.17s/it][A

 38%|███▊      | 10/26 [00:10<00:18,  1.18s/it][A

 42%|████▏     | 11/26 [00:11<00:17,  1.18s/it][A

 46%|████▌     | 12/26 [00:13<00:16,  1.19s/it][A

 50%|█████     | 13/26 [00:14<00:15,  1.19s/it][A

 54%|█████▍    | 14/26 [00:15<00:14,  1.19s/it][A

 58%|█████▊    | 15/26 [00:16<00:13,  1.20s/it][A

 62%|██████▏   | 16/26 [00:17<00:11,  1.20s/it][A

 65%|██████▌   | 17/26 [00:19<00:10,  1.20s/it][A

 69%|██████▉   | 18/26 [00:20<00:09,  1.20s/it][A

 73%|███████▎  | 19/26 [00:21<00:08,  1.20s/it][A

 77%|███████▋  | 20/26 [00:22<00:07,  1.20s/it][A

 81%|████████  | 21/26 [00:23<00:06,  1.20s/it][A

 85%|████████▍ | 22/26 [00:25<00:04,  1.20s/it][A

 88%|████████▊ | 23/26 [00:26<00:03,  1.20s/it][A

 92%|█████████▏| 24/26 [00:27<00:02,  1.20s/it][A

 96%|█████████▌| 25/26 [00:28<00:01,  1.20s/it][A

100%|██████████| 26/26 [00:29<00:00,  1.14s/it][A

                                               
[A
                                                      

100%|██████████| 26/26 [00:29<00:00,  1.14s/it][A
 58%|█████▊    | 884/1530 [2:34:32<1:29:56,  8.35s/it]

                                               [A{'eval_loss': 0.9117347002029419, 'eval_macro_recall': 0.6724476911976911, 'eval_macro_precision': 0.6533971559889896, 'eval_macro_f1': 0.633799840337211, 'eval_accuracy': 0.6771844660194175, 'eval_micro_recall': 0.6771844660194175, 'eval_micro_precision': 0.6771844660194175, 'eval_micro_f1': 0.6771844660194175, 'eval_runtime': 31.3171, 'eval_samples_per_second': 26.311, 'eval_steps_per_second': 0.83, 'epoch': 17.0}

 58%|█████▊    | 885/1530 [2:34:46<3:28:02, 19.35s/it]
 58%|█████▊    | 886/1530 [2:34:56<2:57:19, 16.52s/it]
 58%|█████▊    | 887/1530 [2:35:06<2:35:45, 14.53s/it]
 58%|█████▊    | 888/1530 [2:35:16<2:20:40, 13.15s/it]
 58%|█████▊    | 889/1530 [2:35:26<2:10:02, 12.17s/it]
 58%|█████▊    | 890/1530 [2:35:35<2:02:33, 11.49s/it]
 58%|█████▊    | 891/1530 [2:35:45<1:57:16, 11.01s/it]
 58%|█████▊    | 892/1530 [2:35:55<1:53:33, 10.68s/it]
 58%|█████▊    | 893/1530 [2:36:05<1:50:53, 10.45s/it]
 58%|█████▊    | 894/1530 [2:36:15<1:48:58, 10.28s/it]
 58%|█████▊    | 895/1530 [2:36:25<1:47:38, 10.17s/it]
 59%|█████▊    | 896/1530 [2:36:35<1:46:37, 10.09s/it]
 59%|█████▊    | 897/1530 [2:36:45<1:45:51, 10.03s/it]
 59%|█████▊    | 898/1530 [2:36:55<1:45:15,  9.99s/it]
 59%|█████▉    | 899/1530 [2:37:05<1:44:49,  9.97s/it]
 59%|█████▉    | 900/1530 [2:37:15<1:44:31,  9.96s/it]
 59%|█████▉    | 901/1530 [2:37:24<1:44:10,  9.94s/it]
 59%|█████▉    | 902/1530 [2:37:34<1:43:58,  9.93s/it]
 59%|█████▉    | 903/1530 [2:37:44<1:43:48,  9.93s/it]
 59%|█████▉    | 904/1530 [2:37:54<1:43:33,  9.93s/it]
 59%|█████▉    | 905/1530 [2:38:04<1:43:24,  9.93s/it]
 59%|█████▉    | 906/1530 [2:38:14<1:43:13,  9.93s/it]
 59%|█████▉    | 907/1530 [2:38:24<1:43:00,  9.92s/it]
 59%|█████▉    | 908/1530 [2:38:34<1:42:47,  9.92s/it]
 59%|█████▉    | 909/1530 [2:38:44<1:42:40,  9.92s/it]
 59%|█████▉    | 910/1530 [2:38:54<1:42:28,  9.92s/it]
 60%|█████▉    | 911/1530 [2:39:04<1:42:16,  9.91s/it]
 60%|█████▉    | 912/1530 [2:39:13<1:42:03,  9.91s/it]
 60%|█████▉    | 913/1530 [2:39:23<1:41:52,  9.91s/it]
 60%|█████▉    | 914/1530 [2:39:33<1:41:41,  9.91s/it]
 60%|█████▉    | 915/1530 [2:39:43<1:41:30,  9.90s/it]
 60%|█████▉    | 916/1530 [2:39:53<1:41:19,  9.90s/it]
 60%|█████▉    | 917/1530 [2:40:03<1:41:08,  9.90s/it]
 60%|██████    | 918/1530 [2:40:13<1:40:59,  9.90s/it]
 60%|██████    | 919/1530 [2:40:23<1:40:49,  9.90s/it]
 60%|██████    | 920/1530 [2:40:33<1:40:38,  9.90s/it]
 60%|██████    | 921/1530 [2:40:43<1:40:29,  9.90s/it]
 60%|██████    | 922/1530 [2:40:52<1:40:18,  9.90s/it]
 60%|██████    | 923/1530 [2:41:02<1:40:08,  9.90s/it]
 60%|██████    | 924/1530 [2:41:12<1:39:58,  9.90s/it]
 60%|██████    | 925/1530 [2:41:22<1:39:48,  9.90s/it]
 61%|██████    | 926/1530 [2:41:32<1:39:39,  9.90s/it]
 61%|██████    | 927/1530 [2:41:44<1:46:35, 10.61s/it]
 61%|██████    | 928/1530 [2:41:54<1:44:30, 10.42s/it]
 61%|██████    | 929/1530 [2:42:04<1:42:46, 10.26s/it]
 61%|██████    | 930/1530 [2:42:14<1:41:30, 10.15s/it]
 61%|██████    | 931/1530 [2:42:24<1:40:34, 10.08s/it]
 61%|██████    | 932/1530 [2:42:34<1:39:55, 10.03s/it]
 61%|██████    | 933/1530 [2:42:44<1:39:22,  9.99s/it]
 61%|██████    | 934/1530 [2:42:54<1:39:03,  9.97s/it]
 61%|██████    | 935/1530 [2:43:04<1:38:40,  9.95s/it]
 61%|██████    | 936/1530 [2:43:08<1:23:06,  8.39s/it]
                                                      

 61%|██████    | 936/1530 [2:43:08<1:23:06,  8.39s/it]{'loss': 0.715, 'grad_norm': 1.7380229234695435, 'learning_rate': 1.9411764705882355e-05, 'epoch': 18.0}


  0%|          | 0/26 [00:00<?, ?it/s][A

  8%|▊         | 2/26 [00:01<00:14,  1.66it/s][A

 12%|█▏        | 3/26 [00:02<00:19,  1.17it/s][A

 15%|█▌        | 4/26 [00:03<00:21,  1.02it/s][A

 19%|█▉        | 5/26 [00:04<00:22,  1.06s/it][A

 23%|██▎       | 6/26 [00:06<00:22,  1.11s/it][A

 27%|██▋       | 7/26 [00:07<00:21,  1.14s/it][A

 31%|███       | 8/26 [00:08<00:20,  1.16s/it][A

 35%|███▍      | 9/26 [00:09<00:19,  1.17s/it][A

 38%|███▊      | 10/26 [00:10<00:18,  1.18s/it][A

 42%|████▏     | 11/26 [00:12<00:17,  1.19s/it][A

 46%|████▌     | 12/26 [00:13<00:16,  1.19s/it][A

 50%|█████     | 13/26 [00:14<00:15,  1.19s/it][A

 54%|█████▍    | 14/26 [00:15<00:14,  1.20s/it][A

 58%|█████▊    | 15/26 [00:16<00:13,  1.20s/it][A

 62%|██████▏   | 16/26 [00:18<00:11,  1.20s/it][A

 65%|██████▌   | 17/26 [00:19<00:10,  1.20s/it][A

 69%|██████▉   | 18/26 [00:20<00:09,  1.20s/it][A

 73%|███████▎  | 19/26 [00:21<00:08,  1.20s/it][A

 77%|███████▋  | 20/26 [00:22<00:07,  1.20s/it][A

 81%|████████  | 21/26 [00:24<00:06,  1.20s/it][A

 85%|████████▍ | 22/26 [00:25<00:04,  1.20s/it][A

 88%|████████▊ | 23/26 [00:26<00:03,  1.20s/it][A

 92%|█████████▏| 24/26 [00:27<00:02,  1.20s/it][A

 96%|█████████▌| 25/26 [00:28<00:01,  1.20s/it][A

100%|██████████| 26/26 [00:29<00:00,  1.14s/it][A

                                               
[A
                                                      

100%|██████████| 26/26 [00:30<00:00,  1.14s/it][A
 61%|██████    | 936/1530 [2:43:41<1:23:06,  8.39s/it]

                                               [A{'eval_loss': 0.907623291015625, 'eval_macro_recall': 0.6810249433106575, 'eval_macro_precision': 0.6567389350199825, 'eval_macro_f1': 0.6411746996691173, 'eval_accuracy': 0.6856796116504854, 'eval_micro_recall': 0.6856796116504854, 'eval_micro_precision': 0.6856796116504854, 'eval_micro_f1': 0.6856796116504854, 'eval_runtime': 31.4565, 'eval_samples_per_second': 26.195, 'eval_steps_per_second': 0.827, 'epoch': 18.0}

 61%|██████    | 937/1530 [2:43:55<3:17:05, 19.94s/it]
 61%|██████▏   | 938/1530 [2:44:05<2:47:02, 16.93s/it]
 61%|██████▏   | 939/1530 [2:44:15<2:26:01, 14.82s/it]
 61%|██████▏   | 940/1530 [2:44:25<2:11:16, 13.35s/it]
 62%|██████▏   | 941/1530 [2:44:36<2:03:18, 12.56s/it]
 62%|██████▏   | 942/1530 [2:44:46<1:55:38, 11.80s/it]
 62%|██████▏   | 943/1530 [2:44:56<1:49:52, 11.23s/it]
 62%|██████▏   | 944/1530 [2:45:06<1:45:49, 10.84s/it]
 62%|██████▏   | 945/1530 [2:45:15<1:42:55, 10.56s/it]
 62%|██████▏   | 946/1530 [2:45:25<1:40:50, 10.36s/it]
 62%|██████▏   | 947/1530 [2:45:35<1:39:20, 10.22s/it]
 62%|██████▏   | 948/1530 [2:45:45<1:38:13, 10.13s/it]
 62%|██████▏   | 949/1530 [2:45:55<1:37:26, 10.06s/it]
 62%|██████▏   | 950/1530 [2:46:09<1:47:17, 11.10s/it]
 62%|██████▏   | 951/1530 [2:46:19<1:43:46, 10.75s/it]
 62%|██████▏   | 952/1530 [2:46:28<1:41:08, 10.50s/it]
 62%|██████▏   | 953/1530 [2:46:38<1:39:15, 10.32s/it]
 62%|██████▏   | 954/1530 [2:46:48<1:37:53, 10.20s/it]
 62%|██████▏   | 955/1530 [2:46:58<1:36:52, 10.11s/it]
 62%|██████▏   | 956/1530 [2:47:08<1:36:05, 10.04s/it]
 63%|██████▎   | 957/1530 [2:47:18<1:35:30, 10.00s/it]
 63%|██████▎   | 958/1530 [2:47:28<1:35:03,  9.97s/it]
 63%|██████▎   | 959/1530 [2:47:38<1:34:42,  9.95s/it]
 63%|██████▎   | 960/1530 [2:47:48<1:34:25,  9.94s/it]
 63%|██████▎   | 961/1530 [2:47:58<1:34:08,  9.93s/it]
 63%|██████▎   | 962/1530 [2:48:08<1:33:55,  9.92s/it]
 63%|██████▎   | 963/1530 [2:48:17<1:33:43,  9.92s/it]
 63%|██████▎   | 964/1530 [2:48:27<1:33:32,  9.92s/it]
 63%|██████▎   | 965/1530 [2:48:37<1:33:49,  9.96s/it]
 63%|██████▎   | 966/1530 [2:48:47<1:33:29,  9.95s/it]
 63%|██████▎   | 967/1530 [2:48:57<1:33:13,  9.93s/it]
 63%|██████▎   | 968/1530 [2:49:07<1:32:58,  9.93s/it]
 63%|██████▎   | 969/1530 [2:49:17<1:32:46,  9.92s/it]
 63%|██████▎   | 970/1530 [2:49:27<1:32:38,  9.93s/it]
 63%|██████▎   | 971/1530 [2:49:37<1:32:25,  9.92s/it]
 64%|██████▎   | 972/1530 [2:49:47<1:32:12,  9.91s/it]
 64%|██████▎   | 973/1530 [2:49:57<1:32:01,  9.91s/it]
 64%|██████▎   | 974/1530 [2:50:07<1:31:49,  9.91s/it]
 64%|██████▎   | 975/1530 [2:50:16<1:31:38,  9.91s/it]
 64%|██████▍   | 976/1530 [2:50:26<1:31:29,  9.91s/it]
 64%|██████▍   | 977/1530 [2:50:36<1:31:18,  9.91s/it]
 64%|██████▍   | 978/1530 [2:50:46<1:31:08,  9.91s/it]
 64%|██████▍   | 979/1530 [2:50:56<1:30:58,  9.91s/it]
 64%|██████▍   | 980/1530 [2:51:06<1:30:48,  9.91s/it]
 64%|██████▍   | 981/1530 [2:51:16<1:30:38,  9.91s/it]
 64%|██████▍   | 982/1530 [2:51:26<1:30:29,  9.91s/it]
 64%|██████▍   | 983/1530 [2:51:36<1:30:20,  9.91s/it]
 64%|██████▍   | 984/1530 [2:51:46<1:30:09,  9.91s/it]
 64%|██████▍   | 985/1530 [2:51:56<1:29:58,  9.91s/it]
 64%|██████▍   | 986/1530 [2:52:06<1:30:12,  9.95s/it]
 65%|██████▍   | 987/1530 [2:52:16<1:29:55,  9.94s/it]
 65%|██████▍   | 988/1530 [2:52:20<1:15:52,  8.40s/it]
                                                      

 65%|██████▍   | 988/1530 [2:52:21<1:15:52,  8.40s/it]{'loss': 0.694, 'grad_norm': 1.6420812606811523, 'learning_rate': 1.7712418300653595e-05, 'epoch': 19.0}


  0%|          | 0/26 [00:00<?, ?it/s][A

  8%|▊         | 2/26 [00:01<00:14,  1.66it/s][A

 12%|█▏        | 3/26 [00:02<00:19,  1.18it/s][A

 15%|█▌        | 4/26 [00:03<00:21,  1.02it/s][A

 19%|█▉        | 5/26 [00:04<00:22,  1.06s/it][A

 23%|██▎       | 6/26 [00:06<00:22,  1.10s/it][A

 27%|██▋       | 7/26 [00:07<00:21,  1.13s/it][A

 31%|███       | 8/26 [00:08<00:20,  1.15s/it][A

 35%|███▍      | 9/26 [00:09<00:19,  1.17s/it][A

 38%|███▊      | 10/26 [00:10<00:18,  1.18s/it][A

 42%|████▏     | 11/26 [00:11<00:17,  1.18s/it][A

 46%|████▌     | 12/26 [00:13<00:16,  1.19s/it][A

 50%|█████     | 13/26 [00:14<00:15,  1.19s/it][A

 54%|█████▍    | 14/26 [00:15<00:14,  1.19s/it][A

 58%|█████▊    | 15/26 [00:16<00:13,  1.20s/it][A

 62%|██████▏   | 16/26 [00:17<00:11,  1.20s/it][A

 65%|██████▌   | 17/26 [00:19<00:10,  1.20s/it][A

 69%|██████▉   | 18/26 [00:20<00:09,  1.20s/it][A

 73%|███████▎  | 19/26 [00:21<00:08,  1.20s/it][A

 77%|███████▋  | 20/26 [00:22<00:07,  1.20s/it][A

 81%|████████  | 21/26 [00:23<00:05,  1.20s/it][A

 85%|████████▍ | 22/26 [00:25<00:04,  1.20s/it][A

 88%|████████▊ | 23/26 [00:26<00:03,  1.20s/it][A

 92%|█████████▏| 24/26 [00:27<00:02,  1.20s/it][A

 96%|█████████▌| 25/26 [00:28<00:01,  1.20s/it][A

100%|██████████| 26/26 [00:29<00:00,  1.15s/it][A

                                               
[A
                                                      

100%|██████████| 26/26 [00:30<00:00,  1.15s/it][A
 65%|██████▍   | 988/1530 [2:52:54<1:15:52,  8.40s/it]

                                               [A{'eval_loss': 0.9115456938743591, 'eval_macro_recall': 0.6829793470418472, 'eval_macro_precision': 0.6584468451084023, 'eval_macro_f1': 0.6415985974576044, 'eval_accuracy': 0.6868932038834952, 'eval_micro_recall': 0.6868932038834952, 'eval_micro_precision': 0.6868932038834952, 'eval_micro_f1': 0.6868932038834952, 'eval_runtime': 32.5134, 'eval_samples_per_second': 25.343, 'eval_steps_per_second': 0.8, 'epoch': 19.0}

 65%|██████▍   | 989/1530 [2:53:08<3:01:12, 20.10s/it]
 65%|██████▍   | 990/1530 [2:53:18<2:33:19, 17.04s/it]
 65%|██████▍   | 991/1530 [2:53:28<2:13:47, 14.89s/it]
 65%|██████▍   | 992/1530 [2:53:37<2:00:06, 13.40s/it]
 65%|██████▍   | 993/1530 [2:53:47<1:50:29, 12.35s/it]
 65%|██████▍   | 994/1530 [2:53:57<1:43:44, 11.61s/it]
 65%|██████▌   | 995/1530 [2:54:07<1:38:58, 11.10s/it]
 65%|██████▌   | 996/1530 [2:54:17<1:35:35, 10.74s/it]
 65%|██████▌   | 997/1530 [2:54:27<1:33:10, 10.49s/it]
 65%|██████▌   | 998/1530 [2:54:37<1:31:25, 10.31s/it]
 65%|██████▌   | 999/1530 [2:54:47<1:30:09, 10.19s/it]
 65%|██████▌   | 1000/1530 [2:54:57<1:29:13, 10.10s/it]
 65%|██████▌   | 1001/1530 [2:55:07<1:28:32, 10.04s/it]
 65%|██████▌   | 1002/1530 [2:55:16<1:27:59, 10.00s/it]
 66%|██████▌   | 1003/1530 [2:55:26<1:27:34,  9.97s/it]
 66%|██████▌   | 1004/1530 [2:55:36<1:27:13,  9.95s/it]
 66%|██████▌   | 1005/1530 [2:55:46<1:26:55,  9.94s/it]
 66%|██████▌   | 1006/1530 [2:55:56<1:26:39,  9.92s/it]
 66%|██████▌   | 1007/1530 [2:56:06<1:26:26,  9.92s/it]
 66%|██████▌   | 1008/1530 [2:56:16<1:26:14,  9.91s/it]
 66%|██████▌   | 1009/1530 [2:56:26<1:26:02,  9.91s/it]
 66%|██████▌   | 1010/1530 [2:56:36<1:25:52,  9.91s/it]
 66%|██████▌   | 1011/1530 [2:56:46<1:25:41,  9.91s/it]
 66%|██████▌   | 1012/1530 [2:56:55<1:25:30,  9.91s/it]
 66%|██████▌   | 1013/1530 [2:57:05<1:25:20,  9.90s/it]
 66%|██████▋   | 1014/1530 [2:57:15<1:25:10,  9.90s/it]
 66%|██████▋   | 1015/1530 [2:57:25<1:25:01,  9.91s/it]
 66%|██████▋   | 1016/1530 [2:57:35<1:24:50,  9.90s/it]
 66%|██████▋   | 1017/1530 [2:57:45<1:24:40,  9.90s/it]
 67%|██████▋   | 1018/1530 [2:57:55<1:24:30,  9.90s/it]
 67%|██████▋   | 1019/1530 [2:58:05<1:24:20,  9.90s/it]
 67%|██████▋   | 1020/1530 [2:58:15<1:24:10,  9.90s/it]
 67%|██████▋   | 1021/1530 [2:58:25<1:24:00,  9.90s/it]
 67%|██████▋   | 1022/1530 [2:58:34<1:23:49,  9.90s/it]
 67%|██████▋   | 1023/1530 [2:58:44<1:23:39,  9.90s/it]
 67%|██████▋   | 1024/1530 [2:58:54<1:23:30,  9.90s/it]
 67%|██████▋   | 1025/1530 [2:59:04<1:23:20,  9.90s/it]
 67%|██████▋   | 1026/1530 [2:59:14<1:23:10,  9.90s/it]
 67%|██████▋   | 1027/1530 [2:59:24<1:22:59,  9.90s/it]
 67%|██████▋   | 1028/1530 [2:59:34<1:22:50,  9.90s/it]
 67%|██████▋   | 1029/1530 [2:59:44<1:22:40,  9.90s/it]
 67%|██████▋   | 1030/1530 [2:59:54<1:22:30,  9.90s/it]
 67%|██████▋   | 1031/1530 [3:00:04<1:22:20,  9.90s/it]
 67%|██████▋   | 1032/1530 [3:00:13<1:22:11,  9.90s/it]
 68%|██████▊   | 1033/1530 [3:00:23<1:22:01,  9.90s/it]
 68%|██████▊   | 1034/1530 [3:00:33<1:21:51,  9.90s/it]
 68%|██████▊   | 1035/1530 [3:00:43<1:21:41,  9.90s/it]
 68%|██████▊   | 1036/1530 [3:00:53<1:21:32,  9.90s/it]
 68%|██████▊   | 1037/1530 [3:01:03<1:21:22,  9.90s/it]
 68%|██████▊   | 1038/1530 [3:01:13<1:21:11,  9.90s/it]
 68%|██████▊   | 1039/1530 [3:01:23<1:21:01,  9.90s/it]
 68%|██████▊   | 1040/1530 [3:01:28<1:08:14,  8.36s/it]
                                                       

 68%|██████▊   | 1040/1530 [3:01:28<1:08:14,  8.36s/it]{'loss': 0.6814, 'grad_norm': 1.4699472188949585, 'learning_rate': 1.6013071895424836e-05, 'epoch': 20.0}


  0%|          | 0/26 [00:00<?, ?it/s][A

  8%|▊         | 2/26 [00:01<00:14,  1.67it/s][A

 12%|█▏        | 3/26 [00:02<00:19,  1.18it/s][A

 15%|█▌        | 4/26 [00:03<00:21,  1.02it/s][A

 19%|█▉        | 5/26 [00:04<00:22,  1.06s/it][A

 23%|██▎       | 6/26 [00:05<00:22,  1.10s/it][A

 27%|██▋       | 7/26 [00:07<00:21,  1.13s/it][A

 31%|███       | 8/26 [00:08<00:20,  1.15s/it][A

 35%|███▍      | 9/26 [00:09<00:19,  1.17s/it][A

 38%|███▊      | 10/26 [00:10<00:18,  1.18s/it][A

 42%|████▏     | 11/26 [00:11<00:17,  1.18s/it][A

 46%|████▌     | 12/26 [00:13<00:16,  1.19s/it][A

 50%|█████     | 13/26 [00:14<00:15,  1.19s/it][A

 54%|█████▍    | 14/26 [00:15<00:14,  1.19s/it][A

 58%|█████▊    | 15/26 [00:16<00:13,  1.19s/it][A

 62%|██████▏   | 16/26 [00:17<00:11,  1.20s/it][A

 65%|██████▌   | 17/26 [00:19<00:10,  1.20s/it][A

 69%|██████▉   | 18/26 [00:20<00:09,  1.20s/it][A

 73%|███████▎  | 19/26 [00:21<00:08,  1.20s/it][A

 77%|███████▋  | 20/26 [00:22<00:07,  1.20s/it][A

 81%|████████  | 21/26 [00:23<00:05,  1.20s/it][A

 85%|████████▍ | 22/26 [00:25<00:04,  1.20s/it][A

 88%|████████▊ | 23/26 [00:26<00:03,  1.20s/it][A

 92%|█████████▏| 24/26 [00:27<00:02,  1.20s/it][A

 96%|█████████▌| 25/26 [00:28<00:01,  1.20s/it][A

100%|██████████| 26/26 [00:29<00:00,  1.14s/it][A

                                               
[A
                                                       

100%|██████████| 26/26 [00:29<00:00,  1.14s/it][A
 68%|██████▊   | 1040/1530 [3:01:59<1:08:14,  8.36s/it]

                                               [A{'eval_loss': 0.8872031569480896, 'eval_macro_recall': 0.6892290249433106, 'eval_macro_precision': 0.6617251572600746, 'eval_macro_f1': 0.6477077538434575, 'eval_accuracy': 0.6966019417475728, 'eval_micro_recall': 0.6966019417475728, 'eval_micro_precision': 0.6966019417475728, 'eval_micro_f1': 0.6966019417475728, 'eval_runtime': 31.296, 'eval_samples_per_second': 26.329, 'eval_steps_per_second': 0.831, 'epoch': 20.0}

 68%|██████▊   | 1041/1530 [3:02:13<2:38:05, 19.40s/it]
 68%|██████▊   | 1042/1530 [3:02:23<2:14:34, 16.55s/it]
 68%|██████▊   | 1043/1530 [3:02:32<1:58:06, 14.55s/it]
 68%|██████▊   | 1044/1530 [3:02:42<1:46:33, 13.16s/it]
 68%|██████▊   | 1045/1530 [3:02:52<1:38:26, 12.18s/it]
 68%|██████▊   | 1046/1530 [3:03:02<1:32:44, 11.50s/it]
 68%|██████▊   | 1047/1530 [3:03:12<1:28:42, 11.02s/it]
 68%|██████▊   | 1048/1530 [3:03:22<1:25:49, 10.68s/it]
 69%|██████▊   | 1049/1530 [3:03:32<1:23:47, 10.45s/it]
 69%|██████▊   | 1050/1530 [3:03:42<1:22:17, 10.29s/it]
 69%|██████▊   | 1051/1530 [3:03:52<1:21:12, 10.17s/it]
 69%|██████▉   | 1052/1530 [3:04:02<1:20:23, 10.09s/it]
 69%|██████▉   | 1053/1530 [3:04:12<1:19:47, 10.04s/it]
 69%|██████▉   | 1054/1530 [3:04:21<1:19:18, 10.00s/it]
 69%|██████▉   | 1055/1530 [3:04:31<1:18:54,  9.97s/it]
 69%|██████▉   | 1056/1530 [3:04:41<1:18:35,  9.95s/it]
 69%|██████▉   | 1057/1530 [3:04:51<1:18:18,  9.93s/it]
 69%|██████▉   | 1058/1530 [3:05:01<1:18:03,  9.92s/it]
 69%|██████▉   | 1059/1530 [3:05:11<1:17:51,  9.92s/it]
 69%|██████▉   | 1060/1530 [3:05:21<1:17:39,  9.91s/it]
 69%|██████▉   | 1061/1530 [3:05:31<1:17:27,  9.91s/it]
 69%|██████▉   | 1062/1530 [3:05:41<1:17:17,  9.91s/it]
 69%|██████▉   | 1063/1530 [3:05:51<1:17:05,  9.91s/it]
 70%|██████▉   | 1064/1530 [3:06:00<1:16:55,  9.90s/it]
 70%|██████▉   | 1065/1530 [3:06:10<1:16:45,  9.90s/it]
 70%|██████▉   | 1066/1530 [3:06:20<1:16:35,  9.90s/it]
 70%|██████▉   | 1067/1530 [3:06:30<1:16:25,  9.90s/it]
 70%|██████▉   | 1068/1530 [3:06:40<1:16:15,  9.90s/it]
 70%|██████▉   | 1069/1530 [3:06:50<1:16:05,  9.90s/it]
 70%|██████▉   | 1070/1530 [3:07:00<1:15:55,  9.90s/it]
 70%|███████   | 1071/1530 [3:07:10<1:15:45,  9.90s/it]
 70%|███████   | 1072/1530 [3:07:20<1:15:35,  9.90s/it]
 70%|███████   | 1073/1530 [3:07:30<1:15:25,  9.90s/it]
 70%|███████   | 1074/1530 [3:07:39<1:15:15,  9.90s/it]
 70%|███████   | 1075/1530 [3:07:49<1:15:05,  9.90s/it]
 70%|███████   | 1076/1530 [3:07:59<1:14:55,  9.90s/it]
 70%|███████   | 1077/1530 [3:08:09<1:14:45,  9.90s/it]
 70%|███████   | 1078/1530 [3:08:19<1:14:35,  9.90s/it]
 71%|███████   | 1079/1530 [3:08:29<1:14:25,  9.90s/it]
 71%|███████   | 1080/1530 [3:08:39<1:14:16,  9.90s/it]
 71%|███████   | 1081/1530 [3:08:49<1:14:06,  9.90s/it]
 71%|███████   | 1082/1530 [3:08:59<1:13:56,  9.90s/it]
 71%|███████   | 1083/1530 [3:09:09<1:13:46,  9.90s/it]
 71%|███████   | 1084/1530 [3:09:18<1:13:36,  9.90s/it]
 71%|███████   | 1085/1530 [3:09:28<1:13:26,  9.90s/it]
 71%|███████   | 1086/1530 [3:09:38<1:13:16,  9.90s/it]
 71%|███████   | 1087/1530 [3:09:48<1:13:07,  9.90s/it]
 71%|███████   | 1088/1530 [3:09:58<1:12:57,  9.90s/it]
 71%|███████   | 1089/1530 [3:10:08<1:12:46,  9.90s/it]
 71%|███████   | 1090/1530 [3:10:18<1:12:36,  9.90s/it]
 71%|███████▏  | 1091/1530 [3:10:28<1:12:27,  9.90s/it]
 71%|███████▏  | 1092/1530 [3:10:33<1:00:59,  8.36s/it]
                                                       

 71%|███████▏  | 1092/1530 [3:10:33<1:00:59,  8.36s/it]{'loss': 0.6628, 'grad_norm': 1.7828062772750854, 'learning_rate': 1.4313725490196078e-05, 'epoch': 21.0}


  0%|          | 0/26 [00:00<?, ?it/s][A

  8%|▊         | 2/26 [00:01<00:14,  1.67it/s][A

 12%|█▏        | 3/26 [00:02<00:19,  1.18it/s][A

 15%|█▌        | 4/26 [00:03<00:21,  1.02it/s][A

 19%|█▉        | 5/26 [00:04<00:22,  1.06s/it][A

 23%|██▎       | 6/26 [00:06<00:22,  1.11s/it][A

 27%|██▋       | 7/26 [00:07<00:21,  1.14s/it][A

 31%|███       | 8/26 [00:08<00:20,  1.16s/it][A

 35%|███▍      | 9/26 [00:09<00:19,  1.17s/it][A

 38%|███▊      | 10/26 [00:10<00:18,  1.18s/it][A

 42%|████▏     | 11/26 [00:12<00:17,  1.19s/it][A

 46%|████▌     | 12/26 [00:13<00:16,  1.19s/it][A

 50%|█████     | 13/26 [00:14<00:15,  1.19s/it][A

 54%|█████▍    | 14/26 [00:15<00:14,  1.20s/it][A

 58%|█████▊    | 15/26 [00:16<00:13,  1.20s/it][A

 62%|██████▏   | 16/26 [00:18<00:11,  1.20s/it][A

 65%|██████▌   | 17/26 [00:19<00:10,  1.20s/it][A

 69%|██████▉   | 18/26 [00:20<00:09,  1.20s/it][A

 73%|███████▎  | 19/26 [00:21<00:08,  1.20s/it][A

 77%|███████▋  | 20/26 [00:22<00:07,  1.20s/it][A

 81%|████████  | 21/26 [00:24<00:06,  1.20s/it][A

 85%|████████▍ | 22/26 [00:25<00:04,  1.20s/it][A

 88%|████████▊ | 23/26 [00:26<00:03,  1.20s/it][A

 92%|█████████▏| 24/26 [00:27<00:02,  1.20s/it][A

 96%|█████████▌| 25/26 [00:28<00:01,  1.20s/it][A

100%|██████████| 26/26 [00:29<00:00,  1.14s/it][A

                                               
[A
                                                       

100%|██████████| 26/26 [00:29<00:00,  1.14s/it][A
 71%|███████▏  | 1092/1530 [3:11:04<1:00:59,  8.36s/it]

                                               [A{'eval_loss': 0.8983829617500305, 'eval_macro_recall': 0.6921201814058957, 'eval_macro_precision': 0.6782273180311429, 'eval_macro_f1': 0.6536049314760389, 'eval_accuracy': 0.6966019417475728, 'eval_micro_recall': 0.6966019417475728, 'eval_micro_precision': 0.6966019417475728, 'eval_micro_f1': 0.6966019417475728, 'eval_runtime': 31.3561, 'eval_samples_per_second': 26.279, 'eval_steps_per_second': 0.829, 'epoch': 21.0}

 71%|███████▏  | 1093/1530 [3:11:18<2:21:37, 19.45s/it]
 72%|███████▏  | 1094/1530 [3:11:28<2:00:30, 16.58s/it]
 72%|███████▏  | 1095/1530 [3:11:38<1:45:41, 14.58s/it]
 72%|███████▏  | 1096/1530 [3:11:48<1:35:16, 13.17s/it]
 72%|███████▏  | 1097/1530 [3:11:57<1:27:58, 12.19s/it]
 72%|███████▏  | 1098/1530 [3:12:07<1:22:49, 11.50s/it]
 72%|███████▏  | 1099/1530 [3:12:17<1:19:12, 11.03s/it]
 72%|███████▏  | 1100/1530 [3:12:27<1:16:39, 10.70s/it]
 72%|███████▏  | 1101/1530 [3:12:37<1:14:48, 10.46s/it]
 72%|███████▏  | 1102/1530 [3:12:47<1:13:27, 10.30s/it]
 72%|███████▏  | 1103/1530 [3:12:57<1:12:27, 10.18s/it]
 72%|███████▏  | 1104/1530 [3:13:07<1:11:44, 10.10s/it]
 72%|███████▏  | 1105/1530 [3:13:17<1:11:08, 10.04s/it]
 72%|███████▏  | 1106/1530 [3:13:27<1:10:40, 10.00s/it]
 72%|███████▏  | 1107/1530 [3:13:37<1:10:18,  9.97s/it]
 72%|███████▏  | 1108/1530 [3:13:47<1:10:00,  9.95s/it]
 72%|███████▏  | 1109/1530 [3:13:56<1:09:44,  9.94s/it]
 73%|███████▎  | 1110/1530 [3:14:06<1:09:30,  9.93s/it]
 73%|███████▎  | 1111/1530 [3:14:16<1:09:16,  9.92s/it]
 73%|███████▎  | 1112/1530 [3:14:26<1:09:04,  9.91s/it]
 73%|███████▎  | 1113/1530 [3:14:36<1:08:52,  9.91s/it]
 73%|███████▎  | 1114/1530 [3:14:46<1:08:41,  9.91s/it]
 73%|███████▎  | 1115/1530 [3:14:56<1:08:30,  9.90s/it]
 73%|███████▎  | 1116/1530 [3:15:06<1:08:20,  9.90s/it]
 73%|███████▎  | 1117/1530 [3:15:16<1:08:10,  9.90s/it]
 73%|███████▎  | 1118/1530 [3:15:26<1:08:10,  9.93s/it]
 73%|███████▎  | 1119/1530 [3:15:35<1:07:57,  9.92s/it]
 73%|███████▎  | 1120/1530 [3:15:45<1:07:44,  9.91s/it]
 73%|███████▎  | 1121/1530 [3:15:55<1:07:32,  9.91s/it]
 73%|███████▎  | 1122/1530 [3:16:05<1:07:21,  9.91s/it]
 73%|███████▎  | 1123/1530 [3:16:15<1:07:11,  9.90s/it]
 73%|███████▎  | 1124/1530 [3:16:25<1:07:00,  9.90s/it]
 74%|███████▎  | 1125/1530 [3:16:35<1:06:49,  9.90s/it]
 74%|███████▎  | 1126/1530 [3:16:45<1:06:40,  9.90s/it]
 74%|███████▎  | 1127/1530 [3:16:55<1:06:30,  9.90s/it]
 74%|███████▎  | 1128/1530 [3:17:05<1:06:20,  9.90s/it]
 74%|███████▍  | 1129/1530 [3:17:14<1:06:10,  9.90s/it]
 74%|███████▍  | 1130/1530 [3:17:24<1:06:00,  9.90s/it]
 74%|███████▍  | 1131/1530 [3:17:34<1:05:50,  9.90s/it]
 74%|███████▍  | 1132/1530 [3:17:44<1:05:40,  9.90s/it]
 74%|███████▍  | 1133/1530 [3:17:54<1:05:30,  9.90s/it]
 74%|███████▍  | 1134/1530 [3:18:04<1:05:20,  9.90s/it]
 74%|███████▍  | 1135/1530 [3:18:14<1:05:10,  9.90s/it]
 74%|███████▍  | 1136/1530 [3:18:24<1:05:00,  9.90s/it]
 74%|███████▍  | 1137/1530 [3:18:34<1:04:50,  9.90s/it]
 74%|███████▍  | 1138/1530 [3:18:44<1:04:40,  9.90s/it]
 74%|███████▍  | 1139/1530 [3:18:53<1:04:30,  9.90s/it]
 75%|███████▍  | 1140/1530 [3:19:03<1:04:20,  9.90s/it]
 75%|███████▍  | 1141/1530 [3:19:13<1:04:10,  9.90s/it]
 75%|███████▍  | 1142/1530 [3:19:23<1:04:00,  9.90s/it]
 75%|███████▍  | 1143/1530 [3:19:33<1:03:50,  9.90s/it]
 75%|███████▍  | 1144/1530 [3:19:38<53:42,  8.35s/it]  
                                                     

 75%|███████▍  | 1144/1530 [3:19:38<53:42,  8.35s/it]{'loss': 0.6509, 'grad_norm': 1.4497458934783936, 'learning_rate': 1.261437908496732e-05, 'epoch': 22.0}


  0%|          | 0/26 [00:00<?, ?it/s][A

  8%|▊         | 2/26 [00:01<00:14,  1.67it/s][A

 12%|█▏        | 3/26 [00:02<00:19,  1.18it/s][A

 15%|█▌        | 4/26 [00:03<00:21,  1.02it/s][A

 19%|█▉        | 5/26 [00:04<00:22,  1.06s/it][A

 23%|██▎       | 6/26 [00:05<00:22,  1.10s/it][A

 27%|██▋       | 7/26 [00:07<00:21,  1.13s/it][A

 31%|███       | 8/26 [00:08<00:20,  1.15s/it][A

 35%|███▍      | 9/26 [00:09<00:19,  1.17s/it][A

 38%|███▊      | 10/26 [00:10<00:18,  1.18s/it][A

 42%|████▏     | 11/26 [00:11<00:17,  1.18s/it][A

 46%|████▌     | 12/26 [00:13<00:16,  1.19s/it][A

 50%|█████     | 13/26 [00:14<00:15,  1.19s/it][A

 54%|█████▍    | 14/26 [00:15<00:14,  1.19s/it][A

 58%|█████▊    | 15/26 [00:16<00:13,  1.20s/it][A

 62%|██████▏   | 16/26 [00:17<00:11,  1.20s/it][A

 65%|██████▌   | 17/26 [00:19<00:10,  1.20s/it][A

 69%|██████▉   | 18/26 [00:20<00:09,  1.20s/it][A

 73%|███████▎  | 19/26 [00:21<00:08,  1.20s/it][A

 77%|███████▋  | 20/26 [00:22<00:07,  1.20s/it][A

 81%|████████  | 21/26 [00:23<00:05,  1.20s/it][A

 85%|████████▍ | 22/26 [00:25<00:04,  1.20s/it][A

 88%|████████▊ | 23/26 [00:26<00:03,  1.20s/it][A

 92%|█████████▏| 24/26 [00:27<00:02,  1.20s/it][A

 96%|█████████▌| 25/26 [00:28<00:01,  1.20s/it][A

100%|██████████| 26/26 [00:29<00:00,  1.14s/it][A

                                               
[A
                                                     

100%|██████████| 26/26 [00:29<00:00,  1.14s/it][A
 75%|███████▍  | 1144/1530 [3:20:09<53:42,  8.35s/it]

                                               [A{'eval_loss': 0.8859289884567261, 'eval_macro_recall': 0.6903197278911565, 'eval_macro_precision': 0.6700831298197278, 'eval_macro_f1': 0.6516124892809162, 'eval_accuracy': 0.6953883495145631, 'eval_micro_recall': 0.6953883495145631, 'eval_micro_precision': 0.6953883495145631, 'eval_micro_f1': 0.6953883495145631, 'eval_runtime': 31.4522, 'eval_samples_per_second': 26.198, 'eval_steps_per_second': 0.827, 'epoch': 22.0}

 75%|███████▍  | 1145/1530 [3:20:23<2:04:31, 19.41s/it]
 75%|███████▍  | 1146/1530 [3:20:33<1:45:56, 16.55s/it]
 75%|███████▍  | 1147/1530 [3:20:43<1:32:56, 14.56s/it]
 75%|███████▌  | 1148/1530 [3:20:53<1:23:47, 13.16s/it]
 75%|███████▌  | 1149/1530 [3:21:03<1:17:20, 12.18s/it]
 75%|███████▌  | 1150/1530 [3:21:13<1:12:47, 11.49s/it]
 75%|███████▌  | 1151/1530 [3:21:22<1:09:35, 11.02s/it]
 75%|███████▌  | 1152/1530 [3:21:35<1:12:46, 11.55s/it]
 75%|███████▌  | 1153/1530 [3:21:45<1:09:46, 11.10s/it]
 75%|███████▌  | 1154/1530 [3:21:55<1:07:17, 10.74s/it]
 75%|███████▌  | 1155/1530 [3:22:05<1:05:31, 10.48s/it]
 76%|███████▌  | 1156/1530 [3:22:15<1:04:14, 10.31s/it]
 76%|███████▌  | 1157/1530 [3:22:25<1:03:18, 10.18s/it]
 76%|███████▌  | 1158/1530 [3:22:35<1:02:35, 10.10s/it]
 76%|███████▌  | 1159/1530 [3:22:45<1:02:05, 10.04s/it]
 76%|███████▌  | 1160/1530 [3:22:55<1:01:39, 10.00s/it]
 76%|███████▌  | 1161/1530 [3:23:04<1:01:17,  9.97s/it]
 76%|███████▌  | 1162/1530 [3:23:14<1:00:59,  9.94s/it]
 76%|███████▌  | 1163/1530 [3:23:24<1:00:43,  9.93s/it]
 76%|███████▌  | 1164/1530 [3:23:34<1:00:29,  9.92s/it]
 76%|███████▌  | 1165/1530 [3:23:44<1:00:18,  9.91s/it]
 76%|███████▌  | 1166/1530 [3:23:54<1:00:05,  9.91s/it]
 76%|███████▋  | 1167/1530 [3:24:04<59:55,  9.90s/it]  
 76%|███████▋  | 1168/1530 [3:24:14<59:44,  9.90s/it]
 76%|███████▋  | 1169/1530 [3:24:24<59:34,  9.90s/it]
 76%|███████▋  | 1170/1530 [3:24:33<59:23,  9.90s/it]
 77%|███████▋  | 1171/1530 [3:24:43<59:12,  9.90s/it]
 77%|███████▋  | 1172/1530 [3:24:53<59:02,  9.90s/it]
 77%|███████▋  | 1173/1530 [3:25:03<58:52,  9.90s/it]
 77%|███████▋  | 1174/1530 [3:25:13<58:42,  9.89s/it]
 77%|███████▋  | 1175/1530 [3:25:23<58:32,  9.89s/it]
 77%|███████▋  | 1176/1530 [3:25:33<58:22,  9.89s/it]
 77%|███████▋  | 1177/1530 [3:25:43<58:12,  9.89s/it]
 77%|███████▋  | 1178/1530 [3:25:53<58:02,  9.89s/it]
 77%|███████▋  | 1179/1530 [3:26:03<57:52,  9.89s/it]
 77%|███████▋  | 1180/1530 [3:26:12<57:42,  9.89s/it]
 77%|███████▋  | 1181/1530 [3:26:22<57:34,  9.90s/it]
 77%|███████▋  | 1182/1530 [3:26:32<57:24,  9.90s/it]
 77%|███████▋  | 1183/1530 [3:26:42<57:14,  9.90s/it]
 77%|███████▋  | 1184/1530 [3:26:52<57:03,  9.90s/it]
 77%|███████▋  | 1185/1530 [3:27:02<56:53,  9.89s/it]
 78%|███████▊  | 1186/1530 [3:27:12<56:44,  9.90s/it]
 78%|███████▊  | 1187/1530 [3:27:22<56:33,  9.89s/it]
 78%|███████▊  | 1188/1530 [3:27:32<56:23,  9.89s/it]
 78%|███████▊  | 1189/1530 [3:27:41<56:14,  9.89s/it]
 78%|███████▊  | 1190/1530 [3:27:51<56:03,  9.89s/it]
 78%|███████▊  | 1191/1530 [3:28:01<55:53,  9.89s/it]
 78%|███████▊  | 1192/1530 [3:28:11<55:43,  9.89s/it]
 78%|███████▊  | 1193/1530 [3:28:21<55:34,  9.89s/it]
 78%|███████▊  | 1194/1530 [3:28:31<55:24,  9.89s/it]
 78%|███████▊  | 1195/1530 [3:28:41<55:14,  9.89s/it]
 78%|███████▊  | 1196/1530 [3:28:46<46:28,  8.35s/it]
                                                     

 78%|███████▊  | 1196/1530 [3:28:46<46:28,  8.35s/it]{'loss': 0.6377, 'grad_norm': 1.893472671508789, 'learning_rate': 1.0915032679738562e-05, 'epoch': 23.0}


  0%|          | 0/26 [00:00<?, ?it/s][A

  8%|▊         | 2/26 [00:01<00:14,  1.67it/s][A

 12%|█▏        | 3/26 [00:02<00:19,  1.18it/s][A

 15%|█▌        | 4/26 [00:03<00:21,  1.02it/s][A

 19%|█▉        | 5/26 [00:04<00:22,  1.06s/it][A

 23%|██▎       | 6/26 [00:05<00:22,  1.10s/it][A

 27%|██▋       | 7/26 [00:07<00:21,  1.14s/it][A

 31%|███       | 8/26 [00:08<00:20,  1.16s/it][A

 35%|███▍      | 9/26 [00:09<00:19,  1.17s/it][A

 38%|███▊      | 10/26 [00:10<00:18,  1.18s/it][A

 42%|████▏     | 11/26 [00:11<00:17,  1.18s/it][A

 46%|████▌     | 12/26 [00:13<00:16,  1.19s/it][A

 50%|█████     | 13/26 [00:14<00:15,  1.19s/it][A

 54%|█████▍    | 14/26 [00:15<00:14,  1.19s/it][A

 58%|█████▊    | 15/26 [00:16<00:13,  1.20s/it][A

 62%|██████▏   | 16/26 [00:17<00:11,  1.20s/it][A

 65%|██████▌   | 17/26 [00:19<00:10,  1.20s/it][A

 69%|██████▉   | 18/26 [00:20<00:09,  1.20s/it][A

 73%|███████▎  | 19/26 [00:21<00:08,  1.20s/it][A

 77%|███████▋  | 20/26 [00:22<00:07,  1.20s/it][A

 81%|████████  | 21/26 [00:23<00:05,  1.20s/it][A

 85%|████████▍ | 22/26 [00:25<00:04,  1.20s/it][A

 88%|████████▊ | 23/26 [00:26<00:03,  1.20s/it][A

 92%|█████████▏| 24/26 [00:27<00:02,  1.20s/it][A

 96%|█████████▌| 25/26 [00:28<00:01,  1.20s/it][A

100%|██████████| 26/26 [00:29<00:00,  1.14s/it][A

                                               
[A
                                                     

100%|██████████| 26/26 [00:30<00:00,  1.14s/it][A
 78%|███████▊  | 1196/1530 [3:29:18<46:28,  8.35s/it]

                                               [A{'eval_loss': 0.8567929267883301, 'eval_macro_recall': 0.699857142857143, 'eval_macro_precision': 0.6788071900731999, 'eval_macro_f1': 0.6647427693212206, 'eval_accuracy': 0.7075242718446602, 'eval_micro_recall': 0.7075242718446602, 'eval_micro_precision': 0.7075242718446602, 'eval_micro_f1': 0.7075242718446602, 'eval_runtime': 31.3094, 'eval_samples_per_second': 26.318, 'eval_steps_per_second': 0.83, 'epoch': 23.0}

 78%|███████▊  | 1197/1530 [3:29:32<1:48:53, 19.62s/it]
 78%|███████▊  | 1198/1530 [3:29:41<1:32:24, 16.70s/it]
 78%|███████▊  | 1199/1530 [3:29:51<1:20:51, 14.66s/it]
 78%|███████▊  | 1200/1530 [3:30:01<1:12:45, 13.23s/it]
 78%|███████▊  | 1201/1530 [3:30:11<1:07:02, 12.23s/it]
 79%|███████▊  | 1202/1530 [3:30:21<1:03:00, 11.53s/it]
 79%|███████▊  | 1203/1530 [3:30:31<1:00:09, 11.04s/it]
 79%|███████▊  | 1204/1530 [3:30:41<58:06, 10.69s/it]  
 79%|███████▉  | 1205/1530 [3:30:51<56:37, 10.45s/it]
 79%|███████▉  | 1206/1530 [3:31:01<55:32, 10.29s/it]
 79%|███████▉  | 1207/1530 [3:31:10<54:44, 10.17s/it]
 79%|███████▉  | 1208/1530 [3:31:20<54:07, 10.09s/it]
 79%|███████▉  | 1209/1530 [3:31:30<53:38, 10.03s/it]
 79%|███████▉  | 1210/1530 [3:31:40<53:16,  9.99s/it]
 79%|███████▉  | 1211/1530 [3:31:50<52:57,  9.96s/it]
 79%|███████▉  | 1212/1530 [3:32:00<52:40,  9.94s/it]
 79%|███████▉  | 1213/1530 [3:32:10<52:25,  9.92s/it]
 79%|███████▉  | 1214/1530 [3:32:20<52:13,  9.91s/it]
 79%|███████▉  | 1215/1530 [3:32:30<52:00,  9.91s/it]
 79%|███████▉  | 1216/1530 [3:32:39<51:49,  9.90s/it]
 80%|███████▉  | 1217/1530 [3:32:49<51:38,  9.90s/it]
 80%|███████▉  | 1218/1530 [3:32:59<51:28,  9.90s/it]
 80%|███████▉  | 1219/1530 [3:33:09<51:17,  9.90s/it]
 80%|███████▉  | 1220/1530 [3:33:19<51:07,  9.89s/it]
 80%|███████▉  | 1221/1530 [3:33:29<50:56,  9.89s/it]
 80%|███████▉  | 1222/1530 [3:33:39<50:47,  9.89s/it]
 80%|███████▉  | 1223/1530 [3:33:49<50:37,  9.89s/it]
 80%|████████  | 1224/1530 [3:33:59<50:27,  9.89s/it]
 80%|████████  | 1225/1530 [3:34:08<50:17,  9.89s/it]
 80%|████████  | 1226/1530 [3:34:18<50:07,  9.89s/it]
 80%|████████  | 1227/1530 [3:34:28<49:56,  9.89s/it]
 80%|████████  | 1228/1530 [3:34:38<49:46,  9.89s/it]
 80%|████████  | 1229/1530 [3:34:48<49:37,  9.89s/it]
 80%|████████  | 1230/1530 [3:34:58<49:27,  9.89s/it]
 80%|████████  | 1231/1530 [3:35:08<49:17,  9.89s/it]
 81%|████████  | 1232/1530 [3:35:18<49:07,  9.89s/it]
 81%|████████  | 1233/1530 [3:35:28<48:58,  9.89s/it]
 81%|████████  | 1234/1530 [3:35:38<48:48,  9.89s/it]
 81%|████████  | 1235/1530 [3:35:47<48:38,  9.89s/it]
 81%|████████  | 1236/1530 [3:35:57<48:28,  9.89s/it]
 81%|████████  | 1237/1530 [3:36:07<48:18,  9.89s/it]
 81%|████████  | 1238/1530 [3:36:17<48:08,  9.89s/it]
 81%|████████  | 1239/1530 [3:36:27<47:58,  9.89s/it]
 81%|████████  | 1240/1530 [3:36:37<47:48,  9.89s/it]
 81%|████████  | 1241/1530 [3:36:47<47:39,  9.89s/it]
 81%|████████  | 1242/1530 [3:36:57<47:29,  9.89s/it]
 81%|████████  | 1243/1530 [3:37:07<47:19,  9.89s/it]
 81%|████████▏ | 1244/1530 [3:37:16<47:09,  9.89s/it]
 81%|████████▏ | 1245/1530 [3:37:26<46:59,  9.89s/it]
 81%|████████▏ | 1246/1530 [3:37:36<46:49,  9.89s/it]
 82%|████████▏ | 1247/1530 [3:37:46<46:39,  9.89s/it]
 82%|████████▏ | 1248/1530 [3:37:51<39:13,  8.35s/it]
                                                     

 82%|████████▏ | 1248/1530 [3:37:51<39:13,  8.35s/it]{'loss': 0.6232, 'grad_norm': 2.704608678817749, 'learning_rate': 9.215686274509804e-06, 'epoch': 24.0}


  0%|          | 0/26 [00:00<?, ?it/s][A

  8%|▊         | 2/26 [00:01<00:14,  1.67it/s][A

 12%|█▏        | 3/26 [00:02<00:19,  1.18it/s][A

 15%|█▌        | 4/26 [00:03<00:21,  1.02it/s][A

 19%|█▉        | 5/26 [00:04<00:22,  1.05s/it][A

 23%|██▎       | 6/26 [00:05<00:22,  1.10s/it][A

 27%|██▋       | 7/26 [00:07<00:21,  1.13s/it][A

 31%|███       | 8/26 [00:08<00:20,  1.15s/it][A

 35%|███▍      | 9/26 [00:09<00:19,  1.17s/it][A

 38%|███▊      | 10/26 [00:10<00:18,  1.18s/it][A

 42%|████▏     | 11/26 [00:11<00:17,  1.18s/it][A

 46%|████▌     | 12/26 [00:13<00:16,  1.19s/it][A

 50%|█████     | 13/26 [00:14<00:15,  1.19s/it][A

 54%|█████▍    | 14/26 [00:15<00:14,  1.19s/it][A

 58%|█████▊    | 15/26 [00:16<00:13,  1.19s/it][A

 62%|██████▏   | 16/26 [00:17<00:11,  1.20s/it][A

 65%|██████▌   | 17/26 [00:19<00:10,  1.20s/it][A

 69%|██████▉   | 18/26 [00:20<00:09,  1.20s/it][A

 73%|███████▎  | 19/26 [00:21<00:08,  1.20s/it][A

 77%|███████▋  | 20/26 [00:22<00:07,  1.20s/it][A

 81%|████████  | 21/26 [00:23<00:05,  1.20s/it][A

 85%|████████▍ | 22/26 [00:25<00:04,  1.20s/it][A

 88%|████████▊ | 23/26 [00:26<00:03,  1.20s/it][A

 92%|█████████▏| 24/26 [00:27<00:02,  1.20s/it][A

 96%|█████████▌| 25/26 [00:28<00:01,  1.20s/it][A

100%|██████████| 26/26 [00:29<00:00,  1.14s/it][A

                                               
[A
                                                     

100%|██████████| 26/26 [00:29<00:00,  1.14s/it][A
 82%|████████▏ | 1248/1530 [3:38:22<39:13,  8.35s/it]

                                               [A{'eval_loss': 0.8763778805732727, 'eval_macro_recall': 0.691373556998557, 'eval_macro_precision': 0.6690614421869032, 'eval_macro_f1': 0.6565338603649002, 'eval_accuracy': 0.7014563106796117, 'eval_micro_recall': 0.7014563106796117, 'eval_micro_precision': 0.7014563106796117, 'eval_micro_f1': 0.7014563106796117, 'eval_runtime': 31.2689, 'eval_samples_per_second': 26.352, 'eval_steps_per_second': 0.831, 'epoch': 24.0}

 82%|████████▏ | 1249/1530 [3:38:36<1:30:34, 19.34s/it]
 82%|████████▏ | 1250/1530 [3:38:46<1:17:02, 16.51s/it]
 82%|████████▏ | 1251/1530 [3:38:56<1:07:33, 14.53s/it]
 82%|████████▏ | 1252/1530 [3:39:06<1:00:53, 13.14s/it]
 82%|████████▏ | 1253/1530 [3:39:15<56:10, 12.17s/it]  
 82%|████████▏ | 1254/1530 [3:39:25<52:51, 11.49s/it]
 82%|████████▏ | 1255/1530 [3:39:35<50:28, 11.01s/it]
 82%|████████▏ | 1256/1530 [3:39:45<48:46, 10.68s/it]
 82%|████████▏ | 1257/1530 [3:39:55<47:32, 10.45s/it]
 82%|████████▏ | 1258/1530 [3:40:05<46:37, 10.29s/it]
 82%|████████▏ | 1259/1530 [3:40:15<45:56, 10.17s/it]
 82%|████████▏ | 1260/1530 [3:40:25<45:24, 10.09s/it]
 82%|████████▏ | 1261/1530 [3:40:35<44:59, 10.03s/it]
 82%|████████▏ | 1262/1530 [3:40:45<44:38, 10.00s/it]
 83%|████████▎ | 1263/1530 [3:40:55<44:21,  9.97s/it]
 83%|████████▎ | 1264/1530 [3:41:04<44:06,  9.95s/it]
 83%|████████▎ | 1265/1530 [3:41:14<43:52,  9.93s/it]
 83%|████████▎ | 1266/1530 [3:41:24<43:40,  9.92s/it]
 83%|████████▎ | 1267/1530 [3:41:34<43:28,  9.92s/it]
 83%|████████▎ | 1268/1530 [3:41:44<43:17,  9.91s/it]
 83%|████████▎ | 1269/1530 [3:41:54<43:06,  9.91s/it]
 83%|████████▎ | 1270/1530 [3:42:04<42:56,  9.91s/it]
 83%|████████▎ | 1271/1530 [3:42:14<42:46,  9.91s/it]
 83%|████████▎ | 1272/1530 [3:42:24<42:35,  9.91s/it]
 83%|████████▎ | 1273/1530 [3:42:34<42:25,  9.90s/it]
 83%|████████▎ | 1274/1530 [3:42:43<42:15,  9.90s/it]
 83%|████████▎ | 1275/1530 [3:42:53<42:05,  9.90s/it]
 83%|████████▎ | 1276/1530 [3:43:03<41:55,  9.90s/it]
 83%|████████▎ | 1277/1530 [3:43:13<41:45,  9.90s/it]
 84%|████████▎ | 1278/1530 [3:43:23<41:35,  9.90s/it]
 84%|████████▎ | 1279/1530 [3:43:33<41:25,  9.90s/it]
 84%|████████▎ | 1280/1530 [3:43:43<41:16,  9.90s/it]
 84%|████████▎ | 1281/1530 [3:43:53<41:05,  9.90s/it]
 84%|████████▍ | 1282/1530 [3:44:03<40:55,  9.90s/it]
 84%|████████▍ | 1283/1530 [3:44:13<40:45,  9.90s/it]
 84%|████████▍ | 1284/1530 [3:44:22<40:36,  9.90s/it]
 84%|████████▍ | 1285/1530 [3:44:32<40:26,  9.90s/it]
 84%|████████▍ | 1286/1530 [3:44:42<40:16,  9.90s/it]
 84%|████████▍ | 1287/1530 [3:44:52<40:06,  9.90s/it]
 84%|████████▍ | 1288/1530 [3:45:02<39:56,  9.90s/it]
 84%|████████▍ | 1289/1530 [3:45:12<39:46,  9.90s/it]
 84%|████████▍ | 1290/1530 [3:45:22<39:36,  9.90s/it]
 84%|████████▍ | 1291/1530 [3:45:32<39:26,  9.90s/it]
 84%|████████▍ | 1292/1530 [3:45:42<39:16,  9.90s/it]
 85%|████████▍ | 1293/1530 [3:45:52<39:07,  9.90s/it]
 85%|████████▍ | 1294/1530 [3:46:01<38:57,  9.90s/it]
 85%|████████▍ | 1295/1530 [3:46:11<38:47,  9.90s/it]
 85%|████████▍ | 1296/1530 [3:46:21<38:37,  9.90s/it]
 85%|████████▍ | 1297/1530 [3:46:31<38:27,  9.90s/it]
 85%|████████▍ | 1298/1530 [3:46:44<41:10, 10.65s/it]
 85%|████████▍ | 1299/1530 [3:46:53<40:07, 10.42s/it]
 85%|████████▍ | 1300/1530 [3:46:58<33:27,  8.73s/it]
                                                     

 85%|████████▍ | 1300/1530 [3:46:58<33:27,  8.73s/it]{'loss': 0.6194, 'grad_norm': 1.7948919534683228, 'learning_rate': 7.5163398692810456e-06, 'epoch': 25.0}


  0%|          | 0/26 [00:00<?, ?it/s][A

  8%|▊         | 2/26 [00:01<00:14,  1.66it/s][A

 12%|█▏        | 3/26 [00:02<00:19,  1.18it/s][A

 15%|█▌        | 4/26 [00:03<00:21,  1.02it/s][A

 19%|█▉        | 5/26 [00:04<00:22,  1.06s/it][A

 23%|██▎       | 6/26 [00:05<00:22,  1.10s/it][A

 27%|██▋       | 7/26 [00:07<00:21,  1.13s/it][A

 31%|███       | 8/26 [00:08<00:20,  1.15s/it][A

 35%|███▍      | 9/26 [00:09<00:19,  1.17s/it][A

 38%|███▊      | 10/26 [00:10<00:18,  1.18s/it][A

 42%|████▏     | 11/26 [00:11<00:17,  1.18s/it][A

 46%|████▌     | 12/26 [00:13<00:16,  1.19s/it][A

 50%|█████     | 13/26 [00:14<00:15,  1.19s/it][A

 54%|█████▍    | 14/26 [00:15<00:14,  1.19s/it][A

 58%|█████▊    | 15/26 [00:16<00:13,  1.19s/it][A

 62%|██████▏   | 16/26 [00:17<00:11,  1.20s/it][A

 65%|██████▌   | 17/26 [00:19<00:10,  1.20s/it][A

 69%|██████▉   | 18/26 [00:20<00:09,  1.20s/it][A

 73%|███████▎  | 19/26 [00:21<00:08,  1.20s/it][A

 77%|███████▋  | 20/26 [00:22<00:07,  1.20s/it][A

 81%|████████  | 21/26 [00:23<00:05,  1.20s/it][A

 85%|████████▍ | 22/26 [00:25<00:04,  1.20s/it][A

 88%|████████▊ | 23/26 [00:26<00:03,  1.20s/it][A

 92%|█████████▏| 24/26 [00:27<00:02,  1.20s/it][A

 96%|█████████▌| 25/26 [00:28<00:01,  1.20s/it][A

100%|██████████| 26/26 [00:29<00:00,  1.14s/it][A

                                               
[A
                                                     

100%|██████████| 26/26 [00:29<00:00,  1.14s/it][A
 85%|████████▍ | 1300/1530 [3:47:30<33:27,  8.73s/it]

                                               [A{'eval_loss': 0.8791136741638184, 'eval_macro_recall': 0.6986031746031746, 'eval_macro_precision': 0.6875417505640629, 'eval_macro_f1': 0.6636878258073805, 'eval_accuracy': 0.7038834951456311, 'eval_micro_recall': 0.7038834951456311, 'eval_micro_precision': 0.7038834951456311, 'eval_micro_f1': 0.7038834951456311, 'eval_runtime': 31.5107, 'eval_samples_per_second': 26.15, 'eval_steps_per_second': 0.825, 'epoch': 25.0}

 85%|████████▌ | 1301/1530 [3:47:44<1:15:57, 19.90s/it]
 85%|████████▌ | 1302/1530 [3:47:54<1:04:12, 16.90s/it]
 85%|████████▌ | 1303/1530 [3:48:04<55:58, 14.80s/it]  
 85%|████████▌ | 1304/1530 [3:48:14<50:11, 13.32s/it]
 85%|████████▌ | 1305/1530 [3:48:24<46:06, 12.29s/it]
 85%|████████▌ | 1306/1530 [3:48:34<43:12, 11.57s/it]
 85%|████████▌ | 1307/1530 [3:48:44<41:08, 11.07s/it]
 85%|████████▌ | 1308/1530 [3:48:53<39:39, 10.72s/it]
 86%|████████▌ | 1309/1530 [3:49:03<38:34, 10.47s/it]
 86%|████████▌ | 1310/1530 [3:49:13<37:45, 10.30s/it]
 86%|████████▌ | 1311/1530 [3:49:23<37:08, 10.18s/it]
 86%|████████▌ | 1312/1530 [3:49:33<36:40, 10.09s/it]
 86%|████████▌ | 1313/1530 [3:49:44<37:05, 10.26s/it]
 86%|████████▌ | 1314/1530 [3:49:54<36:32, 10.15s/it]
 86%|████████▌ | 1315/1530 [3:50:04<36:06, 10.08s/it]
 86%|████████▌ | 1316/1530 [3:50:13<35:45, 10.02s/it]
 86%|████████▌ | 1317/1530 [3:50:23<35:27,  9.99s/it]
 86%|████████▌ | 1318/1530 [3:50:33<35:11,  9.96s/it]
 86%|████████▌ | 1319/1530 [3:50:43<34:59,  9.95s/it]
 86%|████████▋ | 1320/1530 [3:50:53<34:46,  9.94s/it]
 86%|████████▋ | 1321/1530 [3:51:03<34:34,  9.92s/it]
 86%|████████▋ | 1322/1530 [3:51:16<37:39, 10.86s/it]
 86%|████████▋ | 1323/1530 [3:51:26<36:31, 10.59s/it]
 87%|████████▋ | 1324/1530 [3:51:36<35:37, 10.38s/it]
 87%|████████▋ | 1325/1530 [3:51:46<34:57, 10.23s/it]
 87%|████████▋ | 1326/1530 [3:51:56<34:27, 10.13s/it]
 87%|████████▋ | 1327/1530 [3:52:06<34:02, 10.06s/it]
 87%|████████▋ | 1328/1530 [3:52:15<33:42, 10.01s/it]
 87%|████████▋ | 1329/1530 [3:52:25<33:25,  9.98s/it]
 87%|████████▋ | 1330/1530 [3:52:35<33:10,  9.95s/it]
 87%|████████▋ | 1331/1530 [3:52:45<32:58,  9.94s/it]
 87%|████████▋ | 1332/1530 [3:52:55<32:45,  9.93s/it]
 87%|████████▋ | 1333/1530 [3:53:05<32:34,  9.92s/it]
 87%|████████▋ | 1334/1530 [3:53:15<32:23,  9.91s/it]
 87%|████████▋ | 1335/1530 [3:53:25<32:12,  9.91s/it]
 87%|████████▋ | 1336/1530 [3:53:35<32:01,  9.91s/it]
 87%|████████▋ | 1337/1530 [3:53:45<32:06,  9.98s/it]
 87%|████████▋ | 1338/1530 [3:53:55<31:51,  9.96s/it]
 88%|████████▊ | 1339/1530 [3:54:05<31:38,  9.94s/it]
 88%|████████▊ | 1340/1530 [3:54:14<31:26,  9.93s/it]
 88%|████████▊ | 1341/1530 [3:54:24<31:14,  9.92s/it]
 88%|████████▊ | 1342/1530 [3:54:34<31:03,  9.91s/it]
 88%|████████▊ | 1343/1530 [3:54:44<30:53,  9.91s/it]
 88%|████████▊ | 1344/1530 [3:54:54<30:42,  9.91s/it]
 88%|████████▊ | 1345/1530 [3:55:04<30:32,  9.91s/it]
 88%|████████▊ | 1346/1530 [3:55:14<30:22,  9.90s/it]
 88%|████████▊ | 1347/1530 [3:55:24<30:12,  9.90s/it]
 88%|████████▊ | 1348/1530 [3:55:34<30:02,  9.90s/it]
 88%|████████▊ | 1349/1530 [3:55:44<29:52,  9.90s/it]
 88%|████████▊ | 1350/1530 [3:55:54<29:49,  9.94s/it]
 88%|████████▊ | 1351/1530 [3:56:04<29:37,  9.93s/it]
 88%|████████▊ | 1352/1530 [3:56:08<24:49,  8.37s/it]
                                                     

 88%|████████▊ | 1352/1530 [3:56:08<24:49,  8.37s/it]{'loss': 0.6084, 'grad_norm': 2.751504421234131, 'learning_rate': 5.816993464052288e-06, 'epoch': 26.0}


  0%|          | 0/26 [00:00<?, ?it/s][A

  8%|▊         | 2/26 [00:01<00:14,  1.66it/s][A

 12%|█▏        | 3/26 [00:02<00:19,  1.18it/s][A

 15%|█▌        | 4/26 [00:03<00:21,  1.02it/s][A

 19%|█▉        | 5/26 [00:04<00:22,  1.06s/it][A

 23%|██▎       | 6/26 [00:06<00:22,  1.10s/it][A

 27%|██▋       | 7/26 [00:07<00:21,  1.13s/it][A

 31%|███       | 8/26 [00:08<00:20,  1.16s/it][A

 35%|███▍      | 9/26 [00:09<00:19,  1.17s/it][A

 38%|███▊      | 10/26 [00:10<00:18,  1.18s/it][A

 42%|████▏     | 11/26 [00:11<00:17,  1.18s/it][A

 46%|████▌     | 12/26 [00:13<00:16,  1.19s/it][A

 50%|█████     | 13/26 [00:14<00:15,  1.19s/it][A

 54%|█████▍    | 14/26 [00:15<00:14,  1.19s/it][A

 58%|█████▊    | 15/26 [00:16<00:13,  1.20s/it][A

 62%|██████▏   | 16/26 [00:17<00:11,  1.20s/it][A

 65%|██████▌   | 17/26 [00:19<00:10,  1.20s/it][A

 69%|██████▉   | 18/26 [00:20<00:09,  1.20s/it][A

 73%|███████▎  | 19/26 [00:21<00:08,  1.20s/it][A

 77%|███████▋  | 20/26 [00:22<00:07,  1.20s/it][A

 81%|████████  | 21/26 [00:23<00:05,  1.20s/it][A

 85%|████████▍ | 22/26 [00:25<00:04,  1.20s/it][A

 88%|████████▊ | 23/26 [00:26<00:03,  1.20s/it][A

 92%|█████████▏| 24/26 [00:27<00:02,  1.20s/it][A

 96%|█████████▌| 25/26 [00:28<00:01,  1.20s/it][A

100%|██████████| 26/26 [00:29<00:00,  1.14s/it][A

                                               
[A
                                                     

100%|██████████| 26/26 [00:29<00:00,  1.14s/it][A
 88%|████████▊ | 1352/1530 [3:56:40<24:49,  8.37s/it]

                                               [A{'eval_loss': 0.8817123770713806, 'eval_macro_recall': 0.7101441342820652, 'eval_macro_precision': 0.6945017589173705, 'eval_macro_f1': 0.6758633436185181, 'eval_accuracy': 0.7087378640776699, 'eval_micro_recall': 0.7087378640776699, 'eval_micro_precision': 0.7087378640776699, 'eval_micro_f1': 0.7087378640776699, 'eval_runtime': 31.9911, 'eval_samples_per_second': 25.757, 'eval_steps_per_second': 0.813, 'epoch': 26.0}

 88%|████████▊ | 1353/1530 [3:56:54<57:48, 19.60s/it]
 88%|████████▊ | 1354/1530 [3:57:04<48:56, 16.69s/it]
 89%|████████▊ | 1355/1530 [3:57:14<42:43, 14.65s/it]
 89%|████████▊ | 1356/1530 [3:57:24<38:20, 13.22s/it]
 89%|████████▊ | 1357/1530 [3:57:34<35:14, 12.22s/it]
 89%|████████▉ | 1358/1530 [3:57:44<33:02, 11.52s/it]
 89%|████████▉ | 1359/1530 [3:57:53<31:26, 11.03s/it]
 89%|████████▉ | 1360/1530 [3:58:03<30:17, 10.69s/it]
 89%|████████▉ | 1361/1530 [3:58:13<29:26, 10.45s/it]
 89%|████████▉ | 1362/1530 [3:58:23<28:48, 10.29s/it]
 89%|████████▉ | 1363/1530 [3:58:33<28:17, 10.17s/it]
 89%|████████▉ | 1364/1530 [3:58:43<27:54, 10.08s/it]
 89%|████████▉ | 1365/1530 [3:58:53<27:34, 10.03s/it]
 89%|████████▉ | 1366/1530 [3:59:03<27:17,  9.99s/it]
 89%|████████▉ | 1367/1530 [3:59:13<27:03,  9.96s/it]
 89%|████████▉ | 1368/1530 [3:59:22<26:49,  9.94s/it]
 89%|████████▉ | 1369/1530 [3:59:32<26:37,  9.92s/it]
 90%|████████▉ | 1370/1530 [3:59:42<26:26,  9.91s/it]
 90%|████████▉ | 1371/1530 [3:59:52<26:15,  9.91s/it]
 90%|████████▉ | 1372/1530 [4:00:02<26:04,  9.90s/it]
 90%|████████▉ | 1373/1530 [4:00:12<25:54,  9.90s/it]
 90%|████████▉ | 1374/1530 [4:00:22<25:44,  9.90s/it]
 90%|████████▉ | 1375/1530 [4:00:32<25:34,  9.90s/it]
 90%|████████▉ | 1376/1530 [4:00:42<25:23,  9.90s/it]
 90%|█████████ | 1377/1530 [4:00:51<25:14,  9.90s/it]
 90%|█████████ | 1378/1530 [4:01:01<25:03,  9.89s/it]
 90%|█████████ | 1379/1530 [4:01:11<24:54,  9.89s/it]
 90%|█████████ | 1380/1530 [4:01:21<24:44,  9.89s/it]
 90%|█████████ | 1381/1530 [4:01:31<24:34,  9.89s/it]
 90%|█████████ | 1382/1530 [4:01:41<24:24,  9.89s/it]
 90%|█████████ | 1383/1530 [4:01:51<24:14,  9.89s/it]
 90%|█████████ | 1384/1530 [4:02:01<24:04,  9.89s/it]
 91%|█████████ | 1385/1530 [4:02:11<23:54,  9.89s/it]
 91%|█████████ | 1386/1530 [4:02:21<23:44,  9.89s/it]
 91%|█████████ | 1387/1530 [4:02:30<23:34,  9.89s/it]
 91%|█████████ | 1388/1530 [4:02:40<23:24,  9.89s/it]
 91%|█████████ | 1389/1530 [4:02:50<23:14,  9.89s/it]
 91%|█████████ | 1390/1530 [4:03:00<23:05,  9.89s/it]
 91%|█████████ | 1391/1530 [4:03:10<22:55,  9.89s/it]
 91%|█████████ | 1392/1530 [4:03:20<22:45,  9.89s/it]
 91%|█████████ | 1393/1530 [4:03:30<22:35,  9.89s/it]
 91%|█████████ | 1394/1530 [4:03:40<22:25,  9.89s/it]
 91%|█████████ | 1395/1530 [4:03:50<22:15,  9.89s/it]
 91%|█████████ | 1396/1530 [4:03:59<22:05,  9.89s/it]
 91%|█████████▏| 1397/1530 [4:04:09<21:55,  9.89s/it]
 91%|█████████▏| 1398/1530 [4:04:19<21:45,  9.89s/it]
 91%|█████████▏| 1399/1530 [4:04:29<21:35,  9.89s/it]
 92%|█████████▏| 1400/1530 [4:04:39<21:26,  9.89s/it]
 92%|█████████▏| 1401/1530 [4:04:49<21:16,  9.89s/it]
 92%|█████████▏| 1402/1530 [4:04:59<21:06,  9.89s/it]
 92%|█████████▏| 1403/1530 [4:05:09<20:56,  9.89s/it]
 92%|█████████▏| 1404/1530 [4:05:13<17:33,  8.36s/it]
                                                     

 92%|█████████▏| 1404/1530 [4:05:13<17:33,  8.36s/it]{'loss': 0.6006, 'grad_norm': 1.8326694965362549, 'learning_rate': 4.11764705882353e-06, 'epoch': 27.0}


  0%|          | 0/26 [00:00<?, ?it/s][A

  8%|▊         | 2/26 [00:01<00:14,  1.67it/s][A

 12%|█▏        | 3/26 [00:02<00:19,  1.18it/s][A

 15%|█▌        | 4/26 [00:03<00:21,  1.02it/s][A

 19%|█▉        | 5/26 [00:04<00:22,  1.06s/it][A

 23%|██▎       | 6/26 [00:05<00:22,  1.10s/it][A

 27%|██▋       | 7/26 [00:07<00:21,  1.13s/it][A

 31%|███       | 8/26 [00:08<00:20,  1.15s/it][A

 35%|███▍      | 9/26 [00:09<00:19,  1.17s/it][A

 38%|███▊      | 10/26 [00:10<00:18,  1.18s/it][A

 42%|████▏     | 11/26 [00:11<00:17,  1.18s/it][A

 46%|████▌     | 12/26 [00:13<00:16,  1.19s/it][A

 50%|█████     | 13/26 [00:14<00:15,  1.19s/it][A

 54%|█████▍    | 14/26 [00:15<00:14,  1.19s/it][A

 58%|█████▊    | 15/26 [00:16<00:13,  1.20s/it][A

 62%|██████▏   | 16/26 [00:17<00:11,  1.20s/it][A

 65%|██████▌   | 17/26 [00:19<00:10,  1.20s/it][A

 69%|██████▉   | 18/26 [00:20<00:09,  1.20s/it][A

 73%|███████▎  | 19/26 [00:21<00:08,  1.20s/it][A

 77%|███████▋  | 20/26 [00:22<00:07,  1.20s/it][A

 81%|████████  | 21/26 [00:23<00:05,  1.20s/it][A

 85%|████████▍ | 22/26 [00:25<00:04,  1.20s/it][A

 88%|████████▊ | 23/26 [00:26<00:03,  1.20s/it][A

 92%|█████████▏| 24/26 [00:27<00:02,  1.20s/it][A

 96%|█████████▌| 25/26 [00:28<00:01,  1.20s/it][A

100%|██████████| 26/26 [00:29<00:00,  1.14s/it][A

                                               
[A
                                                     

100%|██████████| 26/26 [00:29<00:00,  1.14s/it][A
 92%|█████████▏| 1404/1530 [4:05:45<17:33,  8.36s/it]

                                               [A{'eval_loss': 0.8754965662956238, 'eval_macro_recall': 0.7119161649334063, 'eval_macro_precision': 0.6944447437741486, 'eval_macro_f1': 0.6779558870903717, 'eval_accuracy': 0.712378640776699, 'eval_micro_recall': 0.712378640776699, 'eval_micro_precision': 0.712378640776699, 'eval_micro_f1': 0.712378640776699, 'eval_runtime': 31.3118, 'eval_samples_per_second': 26.316, 'eval_steps_per_second': 0.83, 'epoch': 27.0}

 92%|█████████▏| 1405/1530 [4:05:58<40:13, 19.31s/it]
 92%|█████████▏| 1406/1530 [4:06:08<34:04, 16.49s/it]
 92%|█████████▏| 1407/1530 [4:06:18<29:44, 14.51s/it]
 92%|█████████▏| 1408/1530 [4:06:28<26:41, 13.13s/it]
 92%|█████████▏| 1409/1530 [4:06:38<24:31, 12.16s/it]
 92%|█████████▏| 1410/1530 [4:06:48<22:57, 11.48s/it]
 92%|█████████▏| 1411/1530 [4:06:58<21:49, 11.01s/it]
 92%|█████████▏| 1412/1530 [4:07:08<20:59, 10.67s/it]
 92%|█████████▏| 1413/1530 [4:07:18<20:21, 10.44s/it]
 92%|█████████▏| 1414/1530 [4:07:27<19:52, 10.28s/it]
 92%|█████████▏| 1415/1530 [4:07:37<19:28, 10.16s/it]
 93%|█████████▎| 1416/1530 [4:07:47<19:09, 10.08s/it]
 93%|█████████▎| 1417/1530 [4:07:57<18:53, 10.03s/it]
 93%|█████████▎| 1418/1530 [4:08:07<18:38,  9.99s/it]
 93%|█████████▎| 1419/1530 [4:08:17<18:25,  9.96s/it]
 93%|█████████▎| 1420/1530 [4:08:27<18:13,  9.94s/it]
 93%|█████████▎| 1421/1530 [4:08:37<18:02,  9.93s/it]
 93%|█████████▎| 1422/1530 [4:08:47<17:51,  9.92s/it]
 93%|█████████▎| 1423/1530 [4:08:56<17:40,  9.91s/it]
 93%|█████████▎| 1424/1530 [4:09:06<17:30,  9.91s/it]
 93%|█████████▎| 1425/1530 [4:09:16<17:20,  9.90s/it]
 93%|█████████▎| 1426/1530 [4:09:26<17:09,  9.90s/it]
 93%|█████████▎| 1427/1530 [4:09:36<16:59,  9.90s/it]
 93%|█████████▎| 1428/1530 [4:09:46<16:49,  9.90s/it]
 93%|█████████▎| 1429/1530 [4:09:56<16:39,  9.90s/it]
 93%|█████████▎| 1430/1530 [4:10:06<16:29,  9.90s/it]
 94%|█████████▎| 1431/1530 [4:10:16<16:19,  9.90s/it]
 94%|█████████▎| 1432/1530 [4:10:26<16:10,  9.90s/it]
 94%|█████████▎| 1433/1530 [4:10:35<16:00,  9.90s/it]
 94%|█████████▎| 1434/1530 [4:10:45<15:50,  9.90s/it]
 94%|█████████▍| 1435/1530 [4:10:55<15:40,  9.90s/it]
 94%|█████████▍| 1436/1530 [4:11:05<15:30,  9.90s/it]
 94%|█████████▍| 1437/1530 [4:11:15<15:20,  9.90s/it]
 94%|█████████▍| 1438/1530 [4:11:25<15:10,  9.90s/it]
 94%|█████████▍| 1439/1530 [4:11:35<15:00,  9.90s/it]
 94%|█████████▍| 1440/1530 [4:11:45<14:50,  9.90s/it]
 94%|█████████▍| 1441/1530 [4:11:55<14:40,  9.90s/it]
 94%|█████████▍| 1442/1530 [4:12:05<14:31,  9.90s/it]
 94%|█████████▍| 1443/1530 [4:12:14<14:21,  9.90s/it]
 94%|█████████▍| 1444/1530 [4:12:24<14:11,  9.90s/it]
 94%|█████████▍| 1445/1530 [4:12:34<14:01,  9.90s/it]
 95%|█████████▍| 1446/1530 [4:12:44<13:51,  9.90s/it]
 95%|█████████▍| 1447/1530 [4:12:54<13:41,  9.90s/it]
 95%|█████████▍| 1448/1530 [4:13:04<13:31,  9.90s/it]
 95%|█████████▍| 1449/1530 [4:13:14<13:21,  9.90s/it]
 95%|█████████▍| 1450/1530 [4:13:24<13:12,  9.90s/it]
 95%|█████████▍| 1451/1530 [4:13:34<13:01,  9.90s/it]
 95%|█████████▍| 1452/1530 [4:13:44<12:52,  9.90s/it]
 95%|█████████▍| 1453/1530 [4:13:53<12:42,  9.90s/it]
 95%|█████████▌| 1454/1530 [4:14:03<12:32,  9.90s/it]
 95%|█████████▌| 1455/1530 [4:14:13<12:22,  9.90s/it]
 95%|█████████▌| 1456/1530 [4:14:18<10:18,  8.35s/it]
                                                     

 95%|█████████▌| 1456/1530 [4:14:18<10:18,  8.35s/it]{'loss': 0.5934, 'grad_norm': 1.6669621467590332, 'learning_rate': 2.4183006535947716e-06, 'epoch': 28.0}


  0%|          | 0/26 [00:00<?, ?it/s][A

  8%|▊         | 2/26 [00:01<00:14,  1.67it/s][A

 12%|█▏        | 3/26 [00:02<00:19,  1.18it/s][A

 15%|█▌        | 4/26 [00:03<00:21,  1.02it/s][A

 19%|█▉        | 5/26 [00:04<00:22,  1.06s/it][A

 23%|██▎       | 6/26 [00:06<00:22,  1.10s/it][A

 27%|██▋       | 7/26 [00:07<00:21,  1.14s/it][A

 31%|███       | 8/26 [00:08<00:20,  1.16s/it][A

 35%|███▍      | 9/26 [00:09<00:19,  1.17s/it][A

 38%|███▊      | 10/26 [00:10<00:18,  1.18s/it][A

 42%|████▏     | 11/26 [00:11<00:17,  1.18s/it][A

 46%|████▌     | 12/26 [00:13<00:16,  1.19s/it][A

 50%|█████     | 13/26 [00:14<00:15,  1.19s/it][A

 54%|█████▍    | 14/26 [00:15<00:14,  1.19s/it][A

 58%|█████▊    | 15/26 [00:16<00:13,  1.20s/it][A

 62%|██████▏   | 16/26 [00:17<00:11,  1.20s/it][A

 65%|██████▌   | 17/26 [00:19<00:10,  1.20s/it][A

 69%|██████▉   | 18/26 [00:20<00:09,  1.20s/it][A

 73%|███████▎  | 19/26 [00:21<00:08,  1.20s/it][A

 77%|███████▋  | 20/26 [00:22<00:07,  1.20s/it][A

 81%|████████  | 21/26 [00:24<00:06,  1.20s/it][A

 85%|████████▍ | 22/26 [00:25<00:04,  1.20s/it][A

 88%|████████▊ | 23/26 [00:26<00:03,  1.20s/it][A

 92%|█████████▏| 24/26 [00:27<00:02,  1.20s/it][A

 96%|█████████▌| 25/26 [00:28<00:01,  1.20s/it][A

100%|██████████| 26/26 [00:29<00:00,  1.14s/it][A

                                               
[A
                                                     

100%|██████████| 26/26 [00:29<00:00,  1.14s/it][A
 95%|█████████▌| 1456/1530 [4:14:49<10:18,  8.35s/it]

                                               [A
                                                     

 95%|█████████▌| 1456/1530 [4:14:54<10:18,  8.35s/it]
 95%|█████████▌| 1456/1530 [4:14:54<12:57, 10.50s/it]
2025-04-11 23:44:38.747 | INFO     | __main__:fine_tune:230 - Training time: 15297.61 seconds
{'eval_loss': 0.8779090046882629, 'eval_macro_recall': 0.7120598430943259, 'eval_macro_precision': 0.6935074148195782, 'eval_macro_f1': 0.6751576954990768, 'eval_accuracy': 0.7111650485436893, 'eval_micro_recall': 0.7111650485436893, 'eval_micro_precision': 0.7111650485436893, 'eval_micro_f1': 0.7111650485436893, 'eval_runtime': 31.3459, 'eval_samples_per_second': 26.287, 'eval_steps_per_second': 0.829, 'epoch': 28.0}
{'train_runtime': 15294.658, 'train_samples_per_second': 6.461, 'train_steps_per_second': 0.1, 'train_loss': 1.2888135648035741, 'epoch': 28.0}

  0%|          | 0/26 [00:00<?, ?it/s]
  8%|▊         | 2/26 [00:01<00:14,  1.67it/s]
 12%|█▏        | 3/26 [00:02<00:19,  1.18it/s]
 15%|█▌        | 4/26 [00:03<00:21,  1.02it/s]
 19%|█▉        | 5/26 [00:04<00:22,  1.05s/it]
 23%|██▎       | 6/26 [00:05<00:22,  1.10s/it]
 27%|██▋       | 7/26 [00:07<00:21,  1.13s/it]
 31%|███       | 8/26 [00:08<00:20,  1.15s/it]
 35%|███▍      | 9/26 [00:09<00:19,  1.17s/it]
 38%|███▊      | 10/26 [00:10<00:18,  1.18s/it]
 42%|████▏     | 11/26 [00:11<00:17,  1.18s/it]
 46%|████▌     | 12/26 [00:13<00:16,  1.19s/it]
 50%|█████     | 13/26 [00:14<00:15,  1.19s/it]
 54%|█████▍    | 14/26 [00:15<00:14,  1.19s/it]
 58%|█████▊    | 15/26 [00:16<00:13,  1.19s/it]
 62%|██████▏   | 16/26 [00:17<00:11,  1.20s/it]
 65%|██████▌   | 17/26 [00:19<00:10,  1.20s/it]
 69%|██████▉   | 18/26 [00:20<00:09,  1.20s/it]
 73%|███████▎  | 19/26 [00:21<00:08,  1.20s/it]
 77%|███████▋  | 20/26 [00:22<00:07,  1.20s/it]
 81%|████████  | 21/26 [00:23<00:05,  1.20s/it]
 85%|████████▍ | 22/26 [00:25<00:04,  1.20s/it]
 88%|████████▊ | 23/26 [00:26<00:03,  1.20s/it]
 92%|█████████▏| 24/26 [00:27<00:02,  1.20s/it]
 96%|█████████▌| 25/26 [00:28<00:01,  1.20s/it]
100%|██████████| 26/26 [00:29<00:00,  1.14s/it]
100%|██████████| 26/26 [00:29<00:00,  1.14s/it]
2025-04-11 23:45:10.014 | INFO     | __main__:fine_tune:236 - Prediction time: 31.27 seconds
2025-04-11 23:45:10.019 | INFO     | __main__:CV_run:413 - Fold 2, Final Eval Metrics: loss: 0.88, macro_recall: 0.71, macro_precision: 0.69, macro_f1: 0.68, accuracy: 0.71, micro_recall: 0.71, micro_precision: 0.71, micro_f1: 0.71, runtime: 31.35, samples_per_second: 26.29, steps_per_second: 0.83
2025-04-11 23:45:10.048 | INFO     | __main__:CV_run:351 - Starting fold 3
Some weights of LongformerForSequenceClassification were not initialized from the model checkpoint at allenai/longformer-base-4096 and are newly initialized: ['classifier.dense.bias', 'classifier.dense.weight', 'classifier.out_proj.bias', 'classifier.out_proj.weight']
You should probably TRAIN this model on a down-stream task to be able to use it for predictions and inference.
2025-04-11 23:45:12.310 | INFO     | __main__:CV_run:403 - Starting fine-tuning with cross-entropy loss
2025-04-11 23:45:12.310 | INFO     | __main__:fine_tune:150 - Gradient accumulation steps: 8
Eval results: defaultdict(<class 'list'>, {'loss': [4.539005756378174, 3.403803825378418, 2.675963878631592, 2.168787717819214, 1.8206443786621094, 1.6042486429214478, 1.4277207851409912, 1.290629267692566, 1.196847915649414, 1.1269347667694092, 1.0712980031967163, 1.0158827304840088, 1.0023462772369385, 0.9809718728065491, 0.9614614844322205, 0.927084743976593, 0.9117347002029419, 0.907623291015625, 0.9115456938743591, 0.8872031569480896, 0.8983829617500305, 0.8859289884567261, 0.8567929267883301, 0.8763778805732727, 0.8791136741638184, 0.8817123770713806, 0.8754965662956238, 0.8779090046882629], 'macro_recall': [0.17582312925170068, 0.3354679802955665, 0.43240284619594965, 0.47336252508666304, 0.49166666666666675, 0.5437192118226601, 0.569396551724138, 0.5929297052154195, 0.6156371882086168, 0.6233832199546485, 0.6248390022675737, 0.655591836734694, 0.6500204081632653, 0.6470816326530613, 0.6627278911564625, 0.6738207972582972, 0.6724476911976911, 0.6810249433106575, 0.6829793470418472, 0.6892290249433106, 0.6921201814058957, 0.6903197278911565, 0.699857142857143, 0.691373556998557, 0.6986031746031746, 0.7101441342820652, 0.7119161649334063, 0.7120598430943259], 'macro_precision': [0.09546749724033035, 0.23844032500600737, 0.3164155887492831, 0.3925122153568357, 0.4147484874022002, 0.46680284515365894, 0.5041679104865202, 0.52496229509221, 0.5616522732569752, 0.5646942964106169, 0.5826016952878732, 0.6191717540806211, 0.5970849454441229, 0.6045123833494563, 0.6246885626688582, 0.6390403360668139, 0.6533971559889896, 0.6567389350199825, 0.6584468451084023, 0.6617251572600746, 0.6782273180311429, 0.6700831298197278, 0.6788071900731999, 0.6690614421869032, 0.6875417505640629, 0.6945017589173705, 0.6944447437741486, 0.6935074148195782], 'macro_f1': [0.10182583538866814, 0.24965228342624401, 0.33755125181140505, 0.39972495281654363, 0.4166090720091403, 0.4739174030956588, 0.5003486984284828, 0.5261762717329049, 0.5585872176340801, 0.5635768920505876, 0.5728618317948548, 0.6075666526889303, 0.5995212655833776, 0.5975838505355443, 0.6142154707733963, 0.6251727691296671, 0.633799840337211, 0.6411746996691173, 0.6415985974576044, 0.6477077538434575, 0.6536049314760389, 0.6516124892809162, 0.6647427693212206, 0.6565338603649002, 0.6636878258073805, 0.6758633436185181, 0.6779558870903717, 0.6751576954990768], 'accuracy': [0.15655339805825244, 0.32281553398058255, 0.4211165048543689, 0.46601941747572817, 0.4866504854368932, 0.5388349514563107, 0.5594660194174758, 0.5837378640776699, 0.6274271844660194, 0.6383495145631068, 0.6371359223300971, 0.6686893203883495, 0.6614077669902912, 0.6553398058252428, 0.6577669902912622, 0.6808252427184466, 0.6771844660194175, 0.6856796116504854, 0.6868932038834952, 0.6966019417475728, 0.6966019417475728, 0.6953883495145631, 0.7075242718446602, 0.7014563106796117, 0.7038834951456311, 0.7087378640776699, 0.712378640776699, 0.7111650485436893], 'micro_recall': [0.15655339805825244, 0.32281553398058255, 0.4211165048543689, 0.46601941747572817, 0.4866504854368932, 0.5388349514563107, 0.5594660194174758, 0.5837378640776699, 0.6274271844660194, 0.6383495145631068, 0.6371359223300971, 0.6686893203883495, 0.6614077669902912, 0.6553398058252428, 0.6577669902912622, 0.6808252427184466, 0.6771844660194175, 0.6856796116504854, 0.6868932038834952, 0.6966019417475728, 0.6966019417475728, 0.6953883495145631, 0.7075242718446602, 0.7014563106796117, 0.7038834951456311, 0.7087378640776699, 0.712378640776699, 0.7111650485436893], 'micro_precision': [0.15655339805825244, 0.32281553398058255, 0.4211165048543689, 0.46601941747572817, 0.4866504854368932, 0.5388349514563107, 0.5594660194174758, 0.5837378640776699, 0.6274271844660194, 0.6383495145631068, 0.6371359223300971, 0.6686893203883495, 0.6614077669902912, 0.6553398058252428, 0.6577669902912622, 0.6808252427184466, 0.6771844660194175, 0.6856796116504854, 0.6868932038834952, 0.6966019417475728, 0.6966019417475728, 0.6953883495145631, 0.7075242718446602, 0.7014563106796117, 0.7038834951456311, 0.7087378640776699, 0.712378640776699, 0.7111650485436893], 'micro_f1': [0.15655339805825244, 0.32281553398058255, 0.4211165048543689, 0.46601941747572817, 0.4866504854368932, 0.5388349514563107, 0.5594660194174758, 0.5837378640776699, 0.6274271844660194, 0.6383495145631068, 0.6371359223300971, 0.6686893203883495, 0.6614077669902912, 0.6553398058252428, 0.6577669902912622, 0.6808252427184466, 0.6771844660194175, 0.6856796116504854, 0.6868932038834952, 0.6966019417475728, 0.6966019417475728, 0.6953883495145631, 0.7075242718446602, 0.7014563106796117, 0.7038834951456311, 0.7087378640776699, 0.712378640776699, 0.7111650485436893], 'runtime': [31.2562, 31.3063, 31.2494, 31.4661, 31.3496, 31.4529, 31.2812, 31.5117, 31.3443, 31.2639, 31.4664, 32.2046, 31.3316, 31.3097, 31.827, 31.3606, 31.3171, 31.4565, 32.5134, 31.296, 31.3561, 31.4522, 31.3094, 31.2689, 31.5107, 31.9911, 31.3118, 31.3459], 'samples_per_second': [26.363, 26.321, 26.369, 26.187, 26.284, 26.198, 26.342, 26.149, 26.289, 26.356, 26.187, 25.586, 26.299, 26.318, 25.89, 26.275, 26.311, 26.195, 25.343, 26.329, 26.279, 26.198, 26.318, 26.352, 26.15, 25.757, 26.316, 26.287], 'steps_per_second': [0.832, 0.831, 0.832, 0.826, 0.829, 0.827, 0.831, 0.825, 0.829, 0.832, 0.826, 0.807, 0.83, 0.83, 0.817, 0.829, 0.83, 0.827, 0.8, 0.831, 0.829, 0.827, 0.83, 0.831, 0.825, 0.813, 0.83, 0.829]})

  0%|          | 0/1530 [00:00<?, ?it/s]
  0%|          | 1/1530 [00:10<4:23:51, 10.35s/it]
  0%|          | 2/1530 [00:20<4:16:51, 10.09s/it]
  0%|          | 3/1530 [00:30<4:14:28, 10.00s/it]
  0%|          | 4/1530 [00:40<4:13:15,  9.96s/it]
  0%|          | 5/1530 [00:49<4:12:29,  9.93s/it]
  0%|          | 6/1530 [00:59<4:12:48,  9.95s/it]
  0%|          | 7/1530 [01:09<4:12:11,  9.94s/it]
  1%|          | 8/1530 [01:19<4:11:43,  9.92s/it]
  1%|          | 9/1530 [01:29<4:11:21,  9.92s/it]
  1%|          | 10/1530 [01:39<4:11:02,  9.91s/it]
  1%|          | 11/1530 [01:49<4:10:45,  9.90s/it]
  1%|          | 12/1530 [01:59<4:10:31,  9.90s/it]
  1%|          | 13/1530 [02:09<4:10:19,  9.90s/it]
  1%|          | 14/1530 [02:19<4:10:06,  9.90s/it]
  1%|          | 15/1530 [02:29<4:09:59,  9.90s/it]
  1%|          | 16/1530 [02:38<4:09:47,  9.90s/it]
  1%|          | 17/1530 [02:48<4:09:33,  9.90s/it]
  1%|          | 18/1530 [02:58<4:09:21,  9.90s/it]
  1%|          | 19/1530 [03:08<4:09:11,  9.89s/it]
  1%|▏         | 20/1530 [03:18<4:08:59,  9.89s/it]
  1%|▏         | 21/1530 [03:28<4:08:48,  9.89s/it]
  1%|▏         | 22/1530 [03:38<4:08:37,  9.89s/it]
  2%|▏         | 23/1530 [03:48<4:08:28,  9.89s/it]
  2%|▏         | 24/1530 [03:58<4:08:18,  9.89s/it]
  2%|▏         | 25/1530 [04:07<4:08:12,  9.90s/it]
  2%|▏         | 26/1530 [04:17<4:08:02,  9.90s/it]
  2%|▏         | 27/1530 [04:27<4:07:52,  9.90s/it]
  2%|▏         | 28/1530 [04:37<4:07:44,  9.90s/it]
  2%|▏         | 29/1530 [04:47<4:07:32,  9.90s/it]
  2%|▏         | 30/1530 [04:57<4:07:25,  9.90s/it]
  2%|▏         | 31/1530 [05:07<4:07:15,  9.90s/it]
  2%|▏         | 32/1530 [05:17<4:07:05,  9.90s/it]
  2%|▏         | 33/1530 [05:27<4:06:55,  9.90s/it]
  2%|▏         | 34/1530 [05:37<4:06:44,  9.90s/it]
  2%|▏         | 35/1530 [05:46<4:06:35,  9.90s/it]
  2%|▏         | 36/1530 [05:56<4:06:26,  9.90s/it]
  2%|▏         | 37/1530 [06:06<4:06:15,  9.90s/it]
  2%|▏         | 38/1530 [06:16<4:06:06,  9.90s/it]
  3%|▎         | 39/1530 [06:26<4:05:53,  9.90s/it]
  3%|▎         | 40/1530 [06:36<4:05:42,  9.89s/it]
  3%|▎         | 41/1530 [06:46<4:05:31,  9.89s/it]
  3%|▎         | 42/1530 [06:56<4:05:21,  9.89s/it]
  3%|▎         | 43/1530 [07:06<4:05:13,  9.89s/it]
  3%|▎         | 44/1530 [07:15<4:05:03,  9.89s/it]
  3%|▎         | 45/1530 [07:25<4:04:50,  9.89s/it]
  3%|▎         | 46/1530 [07:35<4:04:42,  9.89s/it]
  3%|▎         | 47/1530 [07:45<4:04:32,  9.89s/it]
  3%|▎         | 48/1530 [07:55<4:04:22,  9.89s/it]
  3%|▎         | 49/1530 [08:05<4:04:13,  9.89s/it]
  3%|▎         | 50/1530 [08:15<4:04:05,  9.90s/it]
  3%|▎         | 51/1530 [08:25<4:03:52,  9.89s/it]
  3%|▎         | 52/1530 [08:29<3:25:37,  8.35s/it]
                                                   

  3%|▎         | 52/1530 [08:30<3:25:37,  8.35s/it]{'loss': 5.0845, 'grad_norm': 3.1767055988311768, 'learning_rate': 4.830065359477124e-05, 'epoch': 1.0}


  0%|          | 0/26 [00:00<?, ?it/s][A

  8%|▊         | 2/26 [00:01<00:14,  1.66it/s][A

 12%|█▏        | 3/26 [00:02<00:19,  1.18it/s][A

 15%|█▌        | 4/26 [00:03<00:21,  1.02it/s][A

 19%|█▉        | 5/26 [00:04<00:22,  1.05s/it][A

 23%|██▎       | 6/26 [00:05<00:22,  1.10s/it][A

 27%|██▋       | 7/26 [00:07<00:21,  1.13s/it][A

 31%|███       | 8/26 [00:08<00:20,  1.15s/it][A

 35%|███▍      | 9/26 [00:09<00:19,  1.17s/it][A

 38%|███▊      | 10/26 [00:10<00:18,  1.18s/it][A

 42%|████▏     | 11/26 [00:11<00:17,  1.18s/it][A

 46%|████▌     | 12/26 [00:13<00:16,  1.19s/it][A

 50%|█████     | 13/26 [00:14<00:15,  1.19s/it][A

 54%|█████▍    | 14/26 [00:15<00:14,  1.19s/it][A

 58%|█████▊    | 15/26 [00:16<00:13,  1.20s/it][A

 62%|██████▏   | 16/26 [00:17<00:11,  1.20s/it][A

 65%|██████▌   | 17/26 [00:19<00:10,  1.20s/it][A

 69%|██████▉   | 18/26 [00:20<00:09,  1.20s/it][A

 73%|███████▎  | 19/26 [00:21<00:08,  1.20s/it][A

 77%|███████▋  | 20/26 [00:22<00:07,  1.20s/it][A

 81%|████████  | 21/26 [00:23<00:05,  1.20s/it][A

 85%|████████▍ | 22/26 [00:25<00:04,  1.20s/it][A

 88%|████████▊ | 23/26 [00:26<00:03,  1.20s/it][A

 92%|█████████▏| 24/26 [00:27<00:02,  1.20s/it][A

 96%|█████████▌| 25/26 [00:28<00:01,  1.20s/it][A

100%|██████████| 26/26 [00:29<00:00,  1.14s/it][A

                                               
[A
                                                   

100%|██████████| 26/26 [00:29<00:00,  1.14s/it][A
  3%|▎         | 52/1530 [09:01<3:25:37,  8.35s/it]

                                               [A{'eval_loss': 4.7232441902160645, 'eval_macro_recall': 0.06440886699507388, 'eval_macro_precision': 0.013526900678111891, 'eval_macro_f1': 0.02077211664621993, 'eval_accuracy': 0.07160194174757281, 'eval_micro_recall': 0.07160194174757281, 'eval_micro_precision': 0.07160194174757281, 'eval_micro_f1': 0.07160194174757281, 'eval_runtime': 31.2669, 'eval_samples_per_second': 26.354, 'eval_steps_per_second': 0.832, 'epoch': 1.0}

  3%|▎         | 53/1530 [09:15<7:59:40, 19.49s/it]
  4%|▎         | 54/1530 [09:25<6:48:34, 16.61s/it]
  4%|▎         | 55/1530 [09:35<5:58:44, 14.59s/it]
  4%|▎         | 56/1530 [09:45<5:23:50, 13.18s/it]
  4%|▎         | 57/1530 [09:54<4:59:22, 12.19s/it]
  4%|▍         | 58/1530 [10:04<4:42:14, 11.50s/it]
  4%|▍         | 59/1530 [10:14<4:30:13, 11.02s/it]
  4%|▍         | 60/1530 [10:24<4:21:43, 10.68s/it]
  4%|▍         | 61/1530 [10:34<4:15:46, 10.45s/it]
  4%|▍         | 62/1530 [10:44<4:11:30, 10.28s/it]
  4%|▍         | 63/1530 [10:54<4:08:30, 10.16s/it]
  4%|▍         | 64/1530 [11:04<4:06:21, 10.08s/it]
  4%|▍         | 65/1530 [11:14<4:05:06, 10.04s/it]
  4%|▍         | 66/1530 [11:24<4:04:54, 10.04s/it]
  4%|▍         | 67/1530 [11:34<4:03:41,  9.99s/it]
  4%|▍         | 68/1530 [11:44<4:02:48,  9.96s/it]
  5%|▍         | 69/1530 [11:53<4:02:04,  9.94s/it]
  5%|▍         | 70/1530 [12:03<4:01:34,  9.93s/it]
  5%|▍         | 71/1530 [12:13<4:01:08,  9.92s/it]
  5%|▍         | 72/1530 [12:23<4:00:50,  9.91s/it]
  5%|▍         | 73/1530 [12:33<4:00:31,  9.91s/it]
  5%|▍         | 74/1530 [12:43<4:00:17,  9.90s/it]
  5%|▍         | 75/1530 [12:53<4:00:04,  9.90s/it]
  5%|▍         | 76/1530 [13:03<3:59:52,  9.90s/it]
  5%|▌         | 77/1530 [13:13<3:59:41,  9.90s/it]
  5%|▌         | 78/1530 [13:22<3:59:29,  9.90s/it]
  5%|▌         | 79/1530 [13:32<3:59:19,  9.90s/it]
  5%|▌         | 80/1530 [13:42<3:59:09,  9.90s/it]
  5%|▌         | 81/1530 [13:52<3:58:59,  9.90s/it]
  5%|▌         | 82/1530 [14:02<3:58:49,  9.90s/it]
  5%|▌         | 83/1530 [14:12<3:58:38,  9.90s/it]
  5%|▌         | 84/1530 [14:22<3:58:28,  9.90s/it]
  6%|▌         | 85/1530 [14:32<3:58:17,  9.89s/it]
  6%|▌         | 86/1530 [14:42<3:58:09,  9.90s/it]
  6%|▌         | 87/1530 [14:51<3:57:58,  9.90s/it]
  6%|▌         | 88/1530 [15:01<3:57:48,  9.90s/it]
  6%|▌         | 89/1530 [15:11<3:57:38,  9.89s/it]
  6%|▌         | 90/1530 [15:21<3:57:28,  9.90s/it]
  6%|▌         | 91/1530 [15:31<3:57:21,  9.90s/it]
  6%|▌         | 92/1530 [15:41<3:57:12,  9.90s/it]
  6%|▌         | 93/1530 [15:51<3:57:03,  9.90s/it]
  6%|▌         | 94/1530 [16:01<3:57:01,  9.90s/it]
  6%|▌         | 95/1530 [16:11<3:56:48,  9.90s/it]
  6%|▋         | 96/1530 [16:21<3:56:51,  9.91s/it]
  6%|▋         | 97/1530 [16:31<3:56:37,  9.91s/it]
  6%|▋         | 98/1530 [16:40<3:56:20,  9.90s/it]
  6%|▋         | 99/1530 [16:50<3:56:06,  9.90s/it]
  7%|▋         | 100/1530 [17:00<3:55:55,  9.90s/it]
  7%|▋         | 101/1530 [17:10<3:55:42,  9.90s/it]
  7%|▋         | 102/1530 [17:20<3:55:31,  9.90s/it]
  7%|▋         | 103/1530 [17:30<3:55:19,  9.89s/it]
  7%|▋         | 104/1530 [17:35<3:18:26,  8.35s/it]
                                                    

  7%|▋         | 104/1530 [17:35<3:18:26,  8.35s/it]{'loss': 4.2196, 'grad_norm': 2.8289477825164795, 'learning_rate': 4.660130718954249e-05, 'epoch': 2.0}


  0%|          | 0/26 [00:00<?, ?it/s][A

  8%|▊         | 2/26 [00:01<00:14,  1.67it/s][A

 12%|█▏        | 3/26 [00:02<00:19,  1.18it/s][A

 15%|█▌        | 4/26 [00:03<00:24,  1.09s/it][A

 19%|█▉        | 5/26 [00:05<00:23,  1.13s/it][A

 23%|██▎       | 6/26 [00:06<00:23,  1.15s/it][A

 27%|██▋       | 7/26 [00:07<00:22,  1.17s/it][A

 31%|███       | 8/26 [00:08<00:21,  1.18s/it][A

 35%|███▍      | 9/26 [00:09<00:20,  1.19s/it][A

 38%|███▊      | 10/26 [00:11<00:19,  1.19s/it][A

 42%|████▏     | 11/26 [00:12<00:17,  1.19s/it][A

 46%|████▌     | 12/26 [00:13<00:16,  1.20s/it][A

 50%|█████     | 13/26 [00:14<00:15,  1.20s/it][A

 54%|█████▍    | 14/26 [00:15<00:14,  1.20s/it][A

 58%|█████▊    | 15/26 [00:17<00:13,  1.20s/it][A

 62%|██████▏   | 16/26 [00:18<00:11,  1.20s/it][A

 65%|██████▌   | 17/26 [00:19<00:10,  1.20s/it][A

 69%|██████▉   | 18/26 [00:20<00:09,  1.20s/it][A

 73%|███████▎  | 19/26 [00:21<00:08,  1.20s/it][A

 77%|███████▋  | 20/26 [00:23<00:07,  1.20s/it][A

 81%|████████  | 21/26 [00:24<00:06,  1.22s/it][A

 85%|████████▍ | 22/26 [00:25<00:04,  1.21s/it][A

 88%|████████▊ | 23/26 [00:26<00:03,  1.21s/it][A

 92%|█████████▏| 24/26 [00:28<00:02,  1.21s/it][A

 96%|█████████▌| 25/26 [00:29<00:01,  1.26s/it][A

100%|██████████| 26/26 [00:30<00:00,  1.20s/it][A

                                               
[A
                                                    

100%|██████████| 26/26 [00:31<00:00,  1.20s/it][A
  7%|▋         | 104/1530 [18:09<3:18:26,  8.35s/it]

                                               [A{'eval_loss': 3.584676504135132, 'eval_macro_recall': 0.26563492063492067, 'eval_macro_precision': 0.1568455517264496, 'eval_macro_f1': 0.17664197806474558, 'eval_accuracy': 0.2766990291262136, 'eval_micro_recall': 0.2766990291262136, 'eval_micro_precision': 0.2766990291262136, 'eval_micro_f1': 0.2766990291262136, 'eval_runtime': 32.1995, 'eval_samples_per_second': 25.59, 'eval_steps_per_second': 0.807, 'epoch': 2.0}

  7%|▋         | 105/1530 [18:25<8:16:46, 20.92s/it]
  7%|▋         | 106/1530 [18:35<6:57:56, 17.61s/it]
  7%|▋         | 107/1530 [18:45<6:02:45, 15.30s/it]
  7%|▋         | 108/1530 [18:55<5:24:07, 13.68s/it]
  7%|▋         | 109/1530 [19:04<4:57:05, 12.54s/it]
  7%|▋         | 110/1530 [19:14<4:38:05, 11.75s/it]
  7%|▋         | 111/1530 [19:24<4:24:46, 11.20s/it]
  7%|▋         | 112/1530 [19:34<4:15:26, 10.81s/it]
  7%|▋         | 113/1530 [19:44<4:08:52, 10.54s/it]
  7%|▋         | 114/1530 [19:54<4:04:13, 10.35s/it]
  8%|▊         | 115/1530 [20:04<4:00:54, 10.22s/it]
  8%|▊         | 116/1530 [20:14<3:58:32, 10.12s/it]
  8%|▊         | 117/1530 [20:24<3:56:48, 10.06s/it]
  8%|▊         | 118/1530 [20:34<3:55:33, 10.01s/it]
  8%|▊         | 119/1530 [20:43<3:54:37,  9.98s/it]
  8%|▊         | 120/1530 [20:53<3:53:58,  9.96s/it]
  8%|▊         | 121/1530 [21:03<3:53:28,  9.94s/it]
  8%|▊         | 122/1530 [21:13<3:53:03,  9.93s/it]
  8%|▊         | 123/1530 [21:23<3:52:40,  9.92s/it]
  8%|▊         | 124/1530 [21:33<3:52:22,  9.92s/it]
  8%|▊         | 125/1530 [21:43<3:52:14,  9.92s/it]
  8%|▊         | 126/1530 [21:53<3:52:01,  9.92s/it]
  8%|▊         | 127/1530 [22:03<3:51:48,  9.91s/it]
  8%|▊         | 128/1530 [22:13<3:51:36,  9.91s/it]
  8%|▊         | 129/1530 [22:23<3:51:24,  9.91s/it]
  8%|▊         | 130/1530 [22:32<3:51:10,  9.91s/it]
  9%|▊         | 131/1530 [22:42<3:50:58,  9.91s/it]
  9%|▊         | 132/1530 [22:52<3:50:47,  9.91s/it]
  9%|▊         | 133/1530 [23:02<3:50:37,  9.91s/it]
  9%|▉         | 134/1530 [23:12<3:50:29,  9.91s/it]
  9%|▉         | 135/1530 [23:22<3:50:17,  9.90s/it]
  9%|▉         | 136/1530 [23:32<3:50:05,  9.90s/it]
  9%|▉         | 137/1530 [23:42<3:49:54,  9.90s/it]
  9%|▉         | 138/1530 [23:52<3:49:45,  9.90s/it]
  9%|▉         | 139/1530 [24:02<3:49:36,  9.90s/it]
  9%|▉         | 140/1530 [24:12<3:49:26,  9.90s/it]
  9%|▉         | 141/1530 [24:21<3:49:16,  9.90s/it]
  9%|▉         | 142/1530 [24:31<3:49:05,  9.90s/it]
  9%|▉         | 143/1530 [24:41<3:48:56,  9.90s/it]
  9%|▉         | 144/1530 [24:51<3:48:47,  9.90s/it]
  9%|▉         | 145/1530 [25:01<3:48:37,  9.90s/it]
 10%|▉         | 146/1530 [25:11<3:48:28,  9.90s/it]
 10%|▉         | 147/1530 [25:21<3:48:18,  9.90s/it]
 10%|▉         | 148/1530 [25:31<3:48:08,  9.90s/it]
 10%|▉         | 149/1530 [25:41<3:47:57,  9.90s/it]
 10%|▉         | 150/1530 [25:51<3:47:48,  9.90s/it]
 10%|▉         | 151/1530 [26:00<3:47:37,  9.90s/it]
 10%|▉         | 152/1530 [26:10<3:47:27,  9.90s/it]
 10%|█         | 153/1530 [26:20<3:47:18,  9.90s/it]
 10%|█         | 154/1530 [26:30<3:47:05,  9.90s/it]
 10%|█         | 155/1530 [26:40<3:46:55,  9.90s/it]
 10%|█         | 156/1530 [26:45<3:11:19,  8.35s/it]
                                                    

 10%|█         | 156/1530 [26:45<3:11:19,  8.35s/it]{'loss': 3.2861, 'grad_norm': 2.3657801151275635, 'learning_rate': 4.490196078431373e-05, 'epoch': 3.0}


  0%|          | 0/26 [00:00<?, ?it/s][A

  8%|▊         | 2/26 [00:01<00:14,  1.66it/s][A

 12%|█▏        | 3/26 [00:02<00:19,  1.17it/s][A

 15%|█▌        | 4/26 [00:03<00:21,  1.02it/s][A

 19%|█▉        | 5/26 [00:04<00:22,  1.06s/it][A

 23%|██▎       | 6/26 [00:06<00:22,  1.11s/it][A

 27%|██▋       | 7/26 [00:07<00:21,  1.14s/it][A

 31%|███       | 8/26 [00:08<00:20,  1.16s/it][A

 35%|███▍      | 9/26 [00:09<00:19,  1.17s/it][A

 38%|███▊      | 10/26 [00:10<00:18,  1.18s/it][A

 42%|████▏     | 11/26 [00:12<00:17,  1.19s/it][A

 46%|████▌     | 12/26 [00:13<00:16,  1.19s/it][A

 50%|█████     | 13/26 [00:14<00:15,  1.19s/it][A

 54%|█████▍    | 14/26 [00:15<00:14,  1.20s/it][A

 58%|█████▊    | 15/26 [00:16<00:13,  1.20s/it][A

 62%|██████▏   | 16/26 [00:18<00:11,  1.20s/it][A

 65%|██████▌   | 17/26 [00:19<00:10,  1.20s/it][A

 69%|██████▉   | 18/26 [00:20<00:09,  1.20s/it][A

 73%|███████▎  | 19/26 [00:21<00:08,  1.20s/it][A

 77%|███████▋  | 20/26 [00:22<00:07,  1.20s/it][A

 81%|████████  | 21/26 [00:24<00:06,  1.20s/it][A

 85%|████████▍ | 22/26 [00:25<00:04,  1.20s/it][A

 88%|████████▊ | 23/26 [00:26<00:03,  1.20s/it][A

 92%|█████████▏| 24/26 [00:27<00:02,  1.20s/it][A

 96%|█████████▌| 25/26 [00:28<00:01,  1.20s/it][A

100%|██████████| 26/26 [00:29<00:00,  1.15s/it][A

                                               
[A
                                                    

100%|██████████| 26/26 [00:29<00:00,  1.15s/it][A
 10%|█         | 156/1530 [27:16<3:11:19,  8.35s/it]

                                               [A{'eval_loss': 2.826627016067505, 'eval_macro_recall': 0.34402253238460134, 'eval_macro_precision': 0.23804295641690087, 'eval_macro_f1': 0.2593737771692581, 'eval_accuracy': 0.36529126213592233, 'eval_micro_recall': 0.36529126213592233, 'eval_micro_precision': 0.36529126213592233, 'eval_micro_f1': 0.3652912621359224, 'eval_runtime': 31.4067, 'eval_samples_per_second': 26.236, 'eval_steps_per_second': 0.828, 'epoch': 3.0}

 10%|█         | 157/1530 [27:30<7:25:36, 19.47s/it]
 10%|█         | 158/1530 [27:40<6:19:35, 16.60s/it]
 10%|█         | 159/1530 [27:50<5:33:23, 14.59s/it]
 10%|█         | 160/1530 [28:00<5:01:01, 13.18s/it]
 11%|█         | 161/1530 [28:10<4:38:18, 12.20s/it]
 11%|█         | 162/1530 [28:20<4:22:22, 11.51s/it]
 11%|█         | 163/1530 [28:30<4:11:11, 11.03s/it]
 11%|█         | 164/1530 [28:40<4:03:18, 10.69s/it]
 11%|█         | 165/1530 [28:49<3:57:45, 10.45s/it]
 11%|█         | 166/1530 [28:59<3:53:48, 10.28s/it]
 11%|█         | 167/1530 [29:09<3:51:00, 10.17s/it]
 11%|█         | 168/1530 [29:19<3:48:58, 10.09s/it]
 11%|█         | 169/1530 [29:29<3:47:30, 10.03s/it]
 11%|█         | 170/1530 [29:39<3:46:26,  9.99s/it]
 11%|█         | 171/1530 [29:49<3:45:37,  9.96s/it]
 11%|█         | 172/1530 [29:59<3:45:02,  9.94s/it]
 11%|█▏        | 173/1530 [30:09<3:44:34,  9.93s/it]
 11%|█▏        | 174/1530 [30:18<3:44:12,  9.92s/it]
 11%|█▏        | 175/1530 [30:28<3:43:53,  9.91s/it]
 12%|█▏        | 176/1530 [30:38<3:43:37,  9.91s/it]
 12%|█▏        | 177/1530 [30:48<3:43:21,  9.90s/it]
 12%|█▏        | 178/1530 [30:58<3:43:08,  9.90s/it]
 12%|█▏        | 179/1530 [31:08<3:42:56,  9.90s/it]
 12%|█▏        | 180/1530 [31:18<3:42:45,  9.90s/it]
 12%|█▏        | 181/1530 [31:28<3:42:32,  9.90s/it]
 12%|█▏        | 182/1530 [31:38<3:42:22,  9.90s/it]
 12%|█▏        | 183/1530 [31:48<3:42:12,  9.90s/it]
 12%|█▏        | 184/1530 [31:57<3:42:02,  9.90s/it]
 12%|█▏        | 185/1530 [32:07<3:41:51,  9.90s/it]
 12%|█▏        | 186/1530 [32:17<3:41:41,  9.90s/it]
 12%|█▏        | 187/1530 [32:27<3:41:31,  9.90s/it]
 12%|█▏        | 188/1530 [32:37<3:41:20,  9.90s/it]
 12%|█▏        | 189/1530 [32:47<3:41:11,  9.90s/it]
 12%|█▏        | 190/1530 [32:57<3:41:00,  9.90s/it]
 12%|█▏        | 191/1530 [33:07<3:40:50,  9.90s/it]
 13%|█▎        | 192/1530 [33:17<3:40:40,  9.90s/it]
 13%|█▎        | 193/1530 [33:27<3:40:32,  9.90s/it]
 13%|█▎        | 194/1530 [33:36<3:40:23,  9.90s/it]
 13%|█▎        | 195/1530 [33:46<3:40:12,  9.90s/it]
 13%|█▎        | 196/1530 [33:56<3:40:03,  9.90s/it]
 13%|█▎        | 197/1530 [34:06<3:39:53,  9.90s/it]
 13%|█▎        | 198/1530 [34:16<3:39:43,  9.90s/it]
 13%|█▎        | 199/1530 [34:26<3:39:34,  9.90s/it]
 13%|█▎        | 200/1530 [34:36<3:39:26,  9.90s/it]
 13%|█▎        | 201/1530 [34:46<3:39:16,  9.90s/it]
 13%|█▎        | 202/1530 [34:56<3:39:05,  9.90s/it]
 13%|█▎        | 203/1530 [35:06<3:38:55,  9.90s/it]
 13%|█▎        | 204/1530 [35:15<3:38:44,  9.90s/it]
 13%|█▎        | 205/1530 [35:25<3:38:35,  9.90s/it]
 13%|█▎        | 206/1530 [35:35<3:38:25,  9.90s/it]
 14%|█▎        | 207/1530 [35:45<3:38:15,  9.90s/it]
 14%|█▎        | 208/1530 [35:50<3:04:10,  8.36s/it]
                                                    

 14%|█▎        | 208/1530 [35:50<3:04:10,  8.36s/it]{'loss': 2.6444, 'grad_norm': 2.26137638092041, 'learning_rate': 4.320261437908497e-05, 'epoch': 4.0}


  0%|          | 0/26 [00:00<?, ?it/s][A

  8%|▊         | 2/26 [00:01<00:14,  1.67it/s][A

 12%|█▏        | 3/26 [00:02<00:19,  1.18it/s][A

 15%|█▌        | 4/26 [00:03<00:21,  1.02it/s][A

 19%|█▉        | 5/26 [00:04<00:22,  1.06s/it][A

 23%|██▎       | 6/26 [00:05<00:22,  1.10s/it][A

 27%|██▋       | 7/26 [00:07<00:21,  1.13s/it][A

 31%|███       | 8/26 [00:08<00:20,  1.15s/it][A

 35%|███▍      | 9/26 [00:09<00:19,  1.17s/it][A

 38%|███▊      | 10/26 [00:10<00:18,  1.18s/it][A

 42%|████▏     | 11/26 [00:11<00:17,  1.18s/it][A

 46%|████▌     | 12/26 [00:13<00:16,  1.19s/it][A

 50%|█████     | 13/26 [00:14<00:15,  1.19s/it][A

 54%|█████▍    | 14/26 [00:15<00:14,  1.19s/it][A

 58%|█████▊    | 15/26 [00:16<00:13,  1.20s/it][A

 62%|██████▏   | 16/26 [00:17<00:11,  1.20s/it][A

 65%|██████▌   | 17/26 [00:19<00:11,  1.22s/it][A

 69%|██████▉   | 18/26 [00:20<00:09,  1.22s/it][A

 73%|███████▎  | 19/26 [00:21<00:08,  1.21s/it][A

 77%|███████▋  | 20/26 [00:22<00:07,  1.21s/it][A

 81%|████████  | 21/26 [00:24<00:06,  1.21s/it][A

 85%|████████▍ | 22/26 [00:25<00:04,  1.21s/it][A

 88%|████████▊ | 23/26 [00:26<00:03,  1.20s/it][A

 92%|█████████▏| 24/26 [00:27<00:02,  1.20s/it][A

 96%|█████████▌| 25/26 [00:28<00:01,  1.20s/it][A

100%|██████████| 26/26 [00:29<00:00,  1.15s/it][A

                                               
[A
                                                    

100%|██████████| 26/26 [00:29<00:00,  1.15s/it][A
 14%|█▎        | 208/1530 [36:21<3:04:10,  8.36s/it]

                                               [A{'eval_loss': 2.289856433868408, 'eval_macro_recall': 0.44921541950113386, 'eval_macro_precision': 0.35622448078408314, 'eval_macro_f1': 0.3733926755057119, 'eval_accuracy': 0.47572815533980584, 'eval_micro_recall': 0.47572815533980584, 'eval_micro_precision': 0.47572815533980584, 'eval_micro_f1': 0.47572815533980584, 'eval_runtime': 31.4102, 'eval_samples_per_second': 26.234, 'eval_steps_per_second': 0.828, 'epoch': 4.0}

 14%|█▎        | 209/1530 [36:35<7:08:11, 19.45s/it]
 14%|█▎        | 210/1530 [36:45<6:04:47, 16.58s/it]
 14%|█▍        | 211/1530 [36:55<5:20:25, 14.58s/it]
 14%|█▍        | 212/1530 [37:05<4:49:20, 13.17s/it]
 14%|█▍        | 213/1530 [37:15<4:27:33, 12.19s/it]
 14%|█▍        | 214/1530 [37:25<4:12:16, 11.50s/it]
 14%|█▍        | 215/1530 [37:35<4:01:33, 11.02s/it]
 14%|█▍        | 216/1530 [37:44<3:53:58, 10.68s/it]
 14%|█▍        | 217/1530 [37:54<3:48:45, 10.45s/it]
 14%|█▍        | 218/1530 [38:04<3:45:00, 10.29s/it]
 14%|█▍        | 219/1530 [38:14<3:42:15, 10.17s/it]
 14%|█▍        | 220/1530 [38:24<3:40:19, 10.09s/it]
 14%|█▍        | 221/1530 [38:34<3:38:55, 10.03s/it]
 15%|█▍        | 222/1530 [38:44<3:37:51,  9.99s/it]
 15%|█▍        | 223/1530 [38:54<3:37:04,  9.97s/it]
 15%|█▍        | 224/1530 [39:04<3:36:28,  9.95s/it]
 15%|█▍        | 225/1530 [39:14<3:36:01,  9.93s/it]
 15%|█▍        | 226/1530 [39:24<3:40:56, 10.17s/it]
 15%|█▍        | 227/1530 [39:34<3:39:04, 10.09s/it]
 15%|█▍        | 228/1530 [39:44<3:37:41, 10.03s/it]
 15%|█▍        | 229/1530 [39:54<3:36:40,  9.99s/it]
 15%|█▌        | 230/1530 [40:04<3:35:52,  9.96s/it]
 15%|█▌        | 231/1530 [40:14<3:35:17,  9.94s/it]
 15%|█▌        | 232/1530 [40:24<3:34:49,  9.93s/it]
 15%|█▌        | 233/1530 [40:34<3:34:27,  9.92s/it]
 15%|█▌        | 234/1530 [40:44<3:34:09,  9.91s/it]
 15%|█▌        | 235/1530 [40:53<3:34:07,  9.92s/it]
 15%|█▌        | 236/1530 [41:03<3:33:59,  9.92s/it]
 15%|█▌        | 237/1530 [41:13<3:33:40,  9.92s/it]
 16%|█▌        | 238/1530 [41:23<3:33:25,  9.91s/it]
 16%|█▌        | 239/1530 [41:33<3:33:11,  9.91s/it]
 16%|█▌        | 240/1530 [41:43<3:32:56,  9.90s/it]
 16%|█▌        | 241/1530 [41:53<3:32:45,  9.90s/it]
 16%|█▌        | 242/1530 [42:03<3:32:32,  9.90s/it]
 16%|█▌        | 243/1530 [42:13<3:32:22,  9.90s/it]
 16%|█▌        | 244/1530 [42:23<3:32:12,  9.90s/it]
 16%|█▌        | 245/1530 [42:32<3:32:02,  9.90s/it]
 16%|█▌        | 246/1530 [42:42<3:31:52,  9.90s/it]
 16%|█▌        | 247/1530 [42:52<3:31:43,  9.90s/it]
 16%|█▌        | 248/1530 [43:02<3:31:33,  9.90s/it]
 16%|█▋        | 249/1530 [43:12<3:31:22,  9.90s/it]
 16%|█▋        | 250/1530 [43:22<3:33:38, 10.01s/it]
 16%|█▋        | 251/1530 [43:32<3:32:41,  9.98s/it]
 16%|█▋        | 252/1530 [43:42<3:31:58,  9.95s/it]
 17%|█▋        | 253/1530 [43:52<3:31:26,  9.93s/it]
 17%|█▋        | 254/1530 [44:02<3:31:01,  9.92s/it]
 17%|█▋        | 255/1530 [44:12<3:30:41,  9.91s/it]
 17%|█▋        | 256/1530 [44:22<3:30:29,  9.91s/it]
 17%|█▋        | 257/1530 [44:32<3:30:10,  9.91s/it]
 17%|█▋        | 258/1530 [44:42<3:29:54,  9.90s/it]
 17%|█▋        | 259/1530 [44:51<3:29:42,  9.90s/it]
 17%|█▋        | 260/1530 [44:56<2:56:44,  8.35s/it]
                                                    

 17%|█▋        | 260/1530 [44:56<2:56:44,  8.35s/it]{'loss': 2.1835, 'grad_norm': 2.457977056503296, 'learning_rate': 4.150326797385621e-05, 'epoch': 5.0}


  0%|          | 0/26 [00:00<?, ?it/s][A

  8%|▊         | 2/26 [00:01<00:14,  1.67it/s][A

 12%|█▏        | 3/26 [00:02<00:19,  1.18it/s][A

 15%|█▌        | 4/26 [00:03<00:21,  1.02it/s][A

 19%|█▉        | 5/26 [00:04<00:22,  1.06s/it][A

 23%|██▎       | 6/26 [00:05<00:22,  1.10s/it][A

 27%|██▋       | 7/26 [00:07<00:21,  1.14s/it][A

 31%|███       | 8/26 [00:08<00:20,  1.16s/it][A

 35%|███▍      | 9/26 [00:09<00:19,  1.17s/it][A

 38%|███▊      | 10/26 [00:10<00:18,  1.18s/it][A

 42%|████▏     | 11/26 [00:11<00:17,  1.19s/it][A

 46%|████▌     | 12/26 [00:13<00:16,  1.19s/it][A

 50%|█████     | 13/26 [00:14<00:15,  1.19s/it][A

 54%|█████▍    | 14/26 [00:15<00:14,  1.20s/it][A

 58%|█████▊    | 15/26 [00:16<00:13,  1.20s/it][A

 62%|██████▏   | 16/26 [00:18<00:11,  1.20s/it][A

 65%|██████▌   | 17/26 [00:19<00:10,  1.20s/it][A

 69%|██████▉   | 18/26 [00:20<00:09,  1.20s/it][A

 73%|███████▎  | 19/26 [00:21<00:08,  1.20s/it][A

 77%|███████▋  | 20/26 [00:22<00:07,  1.20s/it][A

 81%|████████  | 21/26 [00:24<00:06,  1.20s/it][A

 85%|████████▍ | 22/26 [00:25<00:04,  1.20s/it][A

 88%|████████▊ | 23/26 [00:26<00:03,  1.20s/it][A

 92%|█████████▏| 24/26 [00:27<00:02,  1.20s/it][A

 96%|█████████▌| 25/26 [00:28<00:01,  1.20s/it][A

100%|██████████| 26/26 [00:29<00:00,  1.14s/it][A

                                               
[A
                                                    

100%|██████████| 26/26 [00:30<00:00,  1.14s/it][A
 17%|█▋        | 260/1530 [45:28<2:56:44,  8.35s/it]

                                               [A{'eval_loss': 1.9122765064239502, 'eval_macro_recall': 0.5101422387136673, 'eval_macro_precision': 0.44317836820190826, 'eval_macro_f1': 0.4446545393325814, 'eval_accuracy': 0.5351941747572816, 'eval_micro_recall': 0.5351941747572816, 'eval_micro_precision': 0.5351941747572816, 'eval_micro_f1': 0.5351941747572816, 'eval_runtime': 31.9436, 'eval_samples_per_second': 25.795, 'eval_steps_per_second': 0.814, 'epoch': 5.0}

 17%|█▋        | 261/1530 [45:42<6:56:01, 19.67s/it]
 17%|█▋        | 262/1530 [45:52<5:53:44, 16.74s/it]
 17%|█▋        | 263/1530 [46:02<5:10:04, 14.68s/it]
 17%|█▋        | 264/1530 [46:12<4:39:30, 13.25s/it]
 17%|█▋        | 265/1530 [46:22<4:18:04, 12.24s/it]
 17%|█▋        | 266/1530 [46:32<4:03:02, 11.54s/it]
 17%|█▋        | 267/1530 [46:42<3:52:28, 11.04s/it]
 18%|█▊        | 268/1530 [46:51<3:45:06, 10.70s/it]
 18%|█▊        | 269/1530 [47:01<3:39:58, 10.47s/it]
 18%|█▊        | 270/1530 [47:11<3:36:31, 10.31s/it]
 18%|█▊        | 271/1530 [47:21<3:33:51, 10.19s/it]
 18%|█▊        | 272/1530 [47:31<3:31:57, 10.11s/it]
 18%|█▊        | 273/1530 [47:41<3:30:34, 10.05s/it]
 18%|█▊        | 274/1530 [47:51<3:29:33, 10.01s/it]
 18%|█▊        | 275/1530 [48:01<3:28:49,  9.98s/it]
 18%|█▊        | 276/1530 [48:11<3:28:14,  9.96s/it]
 18%|█▊        | 277/1530 [48:21<3:27:44,  9.95s/it]
 18%|█▊        | 278/1530 [48:31<3:27:21,  9.94s/it]
 18%|█▊        | 279/1530 [48:41<3:26:58,  9.93s/it]
 18%|█▊        | 280/1530 [48:50<3:26:41,  9.92s/it]
 18%|█▊        | 281/1530 [49:00<3:26:24,  9.92s/it]
 18%|█▊        | 282/1530 [49:10<3:26:11,  9.91s/it]
 18%|█▊        | 283/1530 [49:20<3:25:58,  9.91s/it]
 19%|█▊        | 284/1530 [49:30<3:25:43,  9.91s/it]
 19%|█▊        | 285/1530 [49:40<3:25:29,  9.90s/it]
 19%|█▊        | 286/1530 [49:50<3:25:22,  9.91s/it]
 19%|█▉        | 287/1530 [50:00<3:25:09,  9.90s/it]
 19%|█▉        | 288/1530 [50:10<3:24:58,  9.90s/it]
 19%|█▉        | 289/1530 [50:20<3:24:48,  9.90s/it]
 19%|█▉        | 290/1530 [50:30<3:24:35,  9.90s/it]
 19%|█▉        | 291/1530 [50:39<3:24:25,  9.90s/it]
 19%|█▉        | 292/1530 [50:49<3:24:15,  9.90s/it]
 19%|█▉        | 293/1530 [50:59<3:24:04,  9.90s/it]
 19%|█▉        | 294/1530 [51:09<3:23:56,  9.90s/it]
 19%|█▉        | 295/1530 [51:19<3:23:46,  9.90s/it]
 19%|█▉        | 296/1530 [51:29<3:23:35,  9.90s/it]
 19%|█▉        | 297/1530 [51:39<3:23:24,  9.90s/it]
 19%|█▉        | 298/1530 [51:49<3:23:13,  9.90s/it]
 20%|█▉        | 299/1530 [51:59<3:23:03,  9.90s/it]
 20%|█▉        | 300/1530 [52:08<3:22:53,  9.90s/it]
 20%|█▉        | 301/1530 [52:18<3:22:45,  9.90s/it]
 20%|█▉        | 302/1530 [52:28<3:22:34,  9.90s/it]
 20%|█▉        | 303/1530 [52:38<3:22:24,  9.90s/it]
 20%|█▉        | 304/1530 [52:48<3:22:14,  9.90s/it]
 20%|█▉        | 305/1530 [52:58<3:22:03,  9.90s/it]
 20%|██        | 306/1530 [53:08<3:21:55,  9.90s/it]
 20%|██        | 307/1530 [53:18<3:21:44,  9.90s/it]
 20%|██        | 308/1530 [53:28<3:21:34,  9.90s/it]
 20%|██        | 309/1530 [53:38<3:21:25,  9.90s/it]
 20%|██        | 310/1530 [53:47<3:21:16,  9.90s/it]
 20%|██        | 311/1530 [53:57<3:21:04,  9.90s/it]
 20%|██        | 312/1530 [54:02<2:49:35,  8.35s/it]
                                                    

 20%|██        | 312/1530 [54:02<2:49:35,  8.35s/it]{'loss': 1.8459, 'grad_norm': 2.6561899185180664, 'learning_rate': 3.980392156862745e-05, 'epoch': 6.0}


  0%|          | 0/26 [00:00<?, ?it/s][A

  8%|▊         | 2/26 [00:01<00:14,  1.66it/s][A

 12%|█▏        | 3/26 [00:02<00:19,  1.18it/s][A

 15%|█▌        | 4/26 [00:03<00:21,  1.02it/s][A

 19%|█▉        | 5/26 [00:04<00:22,  1.06s/it][A

 23%|██▎       | 6/26 [00:06<00:22,  1.10s/it][A

 27%|██▋       | 7/26 [00:07<00:21,  1.14s/it][A

 31%|███       | 8/26 [00:08<00:20,  1.16s/it][A

 35%|███▍      | 9/26 [00:09<00:19,  1.17s/it][A

 38%|███▊      | 10/26 [00:10<00:18,  1.18s/it][A

 42%|████▏     | 11/26 [00:12<00:17,  1.19s/it][A

 46%|████▌     | 12/26 [00:13<00:16,  1.19s/it][A

 50%|█████     | 13/26 [00:14<00:15,  1.19s/it][A

 54%|█████▍    | 14/26 [00:15<00:14,  1.20s/it][A

 58%|█████▊    | 15/26 [00:16<00:13,  1.20s/it][A

 62%|██████▏   | 16/26 [00:18<00:11,  1.20s/it][A

 65%|██████▌   | 17/26 [00:19<00:10,  1.20s/it][A

 69%|██████▉   | 18/26 [00:20<00:09,  1.20s/it][A

 73%|███████▎  | 19/26 [00:21<00:08,  1.20s/it][A

 77%|███████▋  | 20/26 [00:22<00:07,  1.20s/it][A

 81%|████████  | 21/26 [00:24<00:06,  1.20s/it][A

 85%|████████▍ | 22/26 [00:25<00:04,  1.20s/it][A

 88%|████████▊ | 23/26 [00:26<00:03,  1.20s/it][A

 92%|█████████▏| 24/26 [00:27<00:02,  1.20s/it][A

 96%|█████████▌| 25/26 [00:28<00:01,  1.20s/it][A

100%|██████████| 26/26 [00:29<00:00,  1.15s/it][A

                                               
[A
                                                    

100%|██████████| 26/26 [00:29<00:00,  1.15s/it][A
 20%|██        | 312/1530 [54:34<2:49:35,  8.35s/it]

                                               [A{'eval_loss': 1.6459368467330933, 'eval_macro_recall': 0.5315192743764172, 'eval_macro_precision': 0.4646689475505913, 'eval_macro_f1': 0.46675751856103276, 'eval_accuracy': 0.5655339805825242, 'eval_micro_recall': 0.5655339805825242, 'eval_micro_precision': 0.5655339805825242, 'eval_micro_f1': 0.5655339805825242, 'eval_runtime': 31.3565, 'eval_samples_per_second': 26.278, 'eval_steps_per_second': 0.829, 'epoch': 6.0}

 20%|██        | 313/1530 [54:47<6:33:18, 19.39s/it]
 21%|██        | 314/1530 [54:57<5:35:13, 16.54s/it]
 21%|██        | 315/1530 [55:07<4:54:34, 14.55s/it]
 21%|██        | 316/1530 [55:17<4:26:07, 13.15s/it]
 21%|██        | 317/1530 [55:27<4:06:08, 12.17s/it]
 21%|██        | 318/1530 [55:37<3:52:06, 11.49s/it]
 21%|██        | 319/1530 [55:47<3:42:16, 11.01s/it]
 21%|██        | 320/1530 [55:57<3:35:18, 10.68s/it]
 21%|██        | 321/1530 [56:06<3:30:24, 10.44s/it]
 21%|██        | 322/1530 [56:16<3:26:54, 10.28s/it]
 21%|██        | 323/1530 [56:26<3:24:23, 10.16s/it]
 21%|██        | 324/1530 [56:36<3:22:34, 10.08s/it]
 21%|██        | 325/1530 [56:46<3:21:18, 10.02s/it]
 21%|██▏       | 326/1530 [56:56<3:20:20,  9.98s/it]
 21%|██▏       | 327/1530 [57:06<3:19:37,  9.96s/it]
 21%|██▏       | 328/1530 [57:16<3:19:03,  9.94s/it]
 22%|██▏       | 329/1530 [57:26<3:18:38,  9.92s/it]
 22%|██▏       | 330/1530 [57:35<3:18:18,  9.92s/it]
 22%|██▏       | 331/1530 [57:45<3:17:58,  9.91s/it]
 22%|██▏       | 332/1530 [57:55<3:17:43,  9.90s/it]
 22%|██▏       | 333/1530 [58:05<3:17:28,  9.90s/it]
 22%|██▏       | 334/1530 [58:15<3:17:16,  9.90s/it]
 22%|██▏       | 335/1530 [58:25<3:17:02,  9.89s/it]
 22%|██▏       | 336/1530 [58:35<3:16:50,  9.89s/it]
 22%|██▏       | 337/1530 [58:45<3:16:39,  9.89s/it]
 22%|██▏       | 338/1530 [58:55<3:16:32,  9.89s/it]
 22%|██▏       | 339/1530 [59:04<3:16:22,  9.89s/it]
 22%|██▏       | 340/1530 [59:14<3:16:14,  9.89s/it]
 22%|██▏       | 341/1530 [59:24<3:16:06,  9.90s/it]
 22%|██▏       | 342/1530 [59:34<3:15:57,  9.90s/it]
 22%|██▏       | 343/1530 [59:44<3:15:47,  9.90s/it]
 22%|██▏       | 344/1530 [59:54<3:15:38,  9.90s/it]
 23%|██▎       | 345/1530 [1:00:04<3:15:27,  9.90s/it]
 23%|██▎       | 346/1530 [1:00:14<3:15:19,  9.90s/it]
 23%|██▎       | 347/1530 [1:00:24<3:15:09,  9.90s/it]
 23%|██▎       | 348/1530 [1:00:34<3:14:58,  9.90s/it]
 23%|██▎       | 349/1530 [1:00:43<3:14:47,  9.90s/it]
 23%|██▎       | 350/1530 [1:00:53<3:14:36,  9.90s/it]
 23%|██▎       | 351/1530 [1:01:03<3:14:27,  9.90s/it]
 23%|██▎       | 352/1530 [1:01:13<3:14:18,  9.90s/it]
 23%|██▎       | 353/1530 [1:01:23<3:14:09,  9.90s/it]
 23%|██▎       | 354/1530 [1:01:33<3:13:59,  9.90s/it]
 23%|██▎       | 355/1530 [1:01:43<3:13:48,  9.90s/it]
 23%|██▎       | 356/1530 [1:01:53<3:13:39,  9.90s/it]
 23%|██▎       | 357/1530 [1:02:03<3:13:30,  9.90s/it]
 23%|██▎       | 358/1530 [1:02:13<3:13:20,  9.90s/it]
 23%|██▎       | 359/1530 [1:02:22<3:13:10,  9.90s/it]
 24%|██▎       | 360/1530 [1:02:32<3:13:00,  9.90s/it]
 24%|██▎       | 361/1530 [1:02:42<3:12:49,  9.90s/it]
 24%|██▎       | 362/1530 [1:02:52<3:12:40,  9.90s/it]
 24%|██▎       | 363/1530 [1:03:02<3:12:29,  9.90s/it]
 24%|██▍       | 364/1530 [1:03:07<2:42:29,  8.36s/it]
                                                      

 24%|██▍       | 364/1530 [1:03:07<2:42:29,  8.36s/it]{'loss': 1.6079, 'grad_norm': 2.2879483699798584, 'learning_rate': 3.810457516339869e-05, 'epoch': 7.0}


  0%|          | 0/26 [00:00<?, ?it/s][A

  8%|▊         | 2/26 [00:01<00:14,  1.67it/s][A

 12%|█▏        | 3/26 [00:02<00:19,  1.18it/s][A

 15%|█▌        | 4/26 [00:03<00:21,  1.02it/s][A

 19%|█▉        | 5/26 [00:04<00:22,  1.05s/it][A

 23%|██▎       | 6/26 [00:05<00:22,  1.10s/it][A

 27%|██▋       | 7/26 [00:07<00:21,  1.13s/it][A

 31%|███       | 8/26 [00:08<00:20,  1.15s/it][A

 35%|███▍      | 9/26 [00:09<00:19,  1.17s/it][A

 38%|███▊      | 10/26 [00:10<00:18,  1.18s/it][A

 42%|████▏     | 11/26 [00:11<00:17,  1.18s/it][A

 46%|████▌     | 12/26 [00:13<00:16,  1.19s/it][A

 50%|█████     | 13/26 [00:14<00:15,  1.19s/it][A

 54%|█████▍    | 14/26 [00:15<00:14,  1.19s/it][A

 58%|█████▊    | 15/26 [00:16<00:13,  1.19s/it][A

 62%|██████▏   | 16/26 [00:17<00:11,  1.20s/it][A

 65%|██████▌   | 17/26 [00:19<00:10,  1.20s/it][A

 69%|██████▉   | 18/26 [00:20<00:09,  1.20s/it][A

 73%|███████▎  | 19/26 [00:21<00:08,  1.20s/it][A

 77%|███████▋  | 20/26 [00:22<00:07,  1.20s/it][A

 81%|████████  | 21/26 [00:23<00:05,  1.20s/it][A

 85%|████████▍ | 22/26 [00:25<00:04,  1.20s/it][A

 88%|████████▊ | 23/26 [00:26<00:03,  1.20s/it][A

 92%|█████████▏| 24/26 [00:27<00:02,  1.20s/it][A

 96%|█████████▌| 25/26 [00:28<00:01,  1.20s/it][A

100%|██████████| 26/26 [00:29<00:00,  1.14s/it][A

                                               
[A
                                                      

100%|██████████| 26/26 [00:29<00:00,  1.14s/it][A
 24%|██▍       | 364/1530 [1:03:38<2:42:29,  8.36s/it]

                                               [A{'eval_loss': 1.427991509437561, 'eval_macro_recall': 0.5646802590768107, 'eval_macro_precision': 0.5062784134252433, 'eval_macro_f1': 0.5058332816377471, 'eval_accuracy': 0.6043689320388349, 'eval_micro_recall': 0.6043689320388349, 'eval_micro_precision': 0.6043689320388349, 'eval_micro_f1': 0.6043689320388349, 'eval_runtime': 31.2854, 'eval_samples_per_second': 26.338, 'eval_steps_per_second': 0.831, 'epoch': 7.0}

 24%|██▍       | 365/1530 [1:03:52<6:16:01, 19.37s/it]
 24%|██▍       | 366/1530 [1:04:02<5:20:36, 16.53s/it]
 24%|██▍       | 367/1530 [1:04:12<4:41:46, 14.54s/it]
 24%|██▍       | 368/1530 [1:04:21<4:14:32, 13.14s/it]
 24%|██▍       | 369/1530 [1:04:31<3:55:27, 12.17s/it]
 24%|██▍       | 370/1530 [1:04:41<3:42:07, 11.49s/it]
 24%|██▍       | 371/1530 [1:04:51<3:32:40, 11.01s/it]
 24%|██▍       | 372/1530 [1:05:01<3:26:30, 10.70s/it]
 24%|██▍       | 373/1530 [1:05:16<3:47:40, 11.81s/it]
 24%|██▍       | 374/1530 [1:05:26<3:37:35, 11.29s/it]
 25%|██▍       | 375/1530 [1:05:36<3:29:21, 10.88s/it]
 25%|██▍       | 376/1530 [1:05:45<3:23:33, 10.58s/it]
 25%|██▍       | 377/1530 [1:05:55<3:19:26, 10.38s/it]
 25%|██▍       | 378/1530 [1:06:05<3:16:32, 10.24s/it]
 25%|██▍       | 379/1530 [1:06:15<3:14:28, 10.14s/it]
 25%|██▍       | 380/1530 [1:06:25<3:12:56, 10.07s/it]
 25%|██▍       | 381/1530 [1:06:35<3:11:50, 10.02s/it]
 25%|██▍       | 382/1530 [1:06:45<3:11:00,  9.98s/it]
 25%|██▌       | 383/1530 [1:06:55<3:10:29,  9.96s/it]
 25%|██▌       | 384/1530 [1:07:05<3:10:00,  9.95s/it]
 25%|██▌       | 385/1530 [1:07:15<3:09:35,  9.94s/it]
 25%|██▌       | 386/1530 [1:07:25<3:09:16,  9.93s/it]
 25%|██▌       | 387/1530 [1:07:34<3:09:00,  9.92s/it]
 25%|██▌       | 388/1530 [1:07:44<3:08:46,  9.92s/it]
 25%|██▌       | 389/1530 [1:07:54<3:08:31,  9.91s/it]
 25%|██▌       | 390/1530 [1:08:04<3:08:20,  9.91s/it]
 26%|██▌       | 391/1530 [1:08:14<3:08:07,  9.91s/it]
 26%|██▌       | 392/1530 [1:08:24<3:07:56,  9.91s/it]
 26%|██▌       | 393/1530 [1:08:34<3:07:45,  9.91s/it]
 26%|██▌       | 394/1530 [1:08:44<3:07:35,  9.91s/it]
 26%|██▌       | 395/1530 [1:08:54<3:07:25,  9.91s/it]
 26%|██▌       | 396/1530 [1:09:04<3:07:13,  9.91s/it]
 26%|██▌       | 397/1530 [1:09:13<3:07:04,  9.91s/it]
 26%|██▌       | 398/1530 [1:09:23<3:06:54,  9.91s/it]
 26%|██▌       | 399/1530 [1:09:33<3:06:46,  9.91s/it]
 26%|██▌       | 400/1530 [1:09:43<3:06:36,  9.91s/it]
 26%|██▌       | 401/1530 [1:09:53<3:06:26,  9.91s/it]
 26%|██▋       | 402/1530 [1:10:03<3:06:17,  9.91s/it]
 26%|██▋       | 403/1530 [1:10:13<3:06:06,  9.91s/it]
 26%|██▋       | 404/1530 [1:10:23<3:05:55,  9.91s/it]
 26%|██▋       | 405/1530 [1:10:33<3:05:46,  9.91s/it]
 27%|██▋       | 406/1530 [1:10:43<3:05:39,  9.91s/it]
 27%|██▋       | 407/1530 [1:10:53<3:05:28,  9.91s/it]
 27%|██▋       | 408/1530 [1:11:02<3:05:15,  9.91s/it]
 27%|██▋       | 409/1530 [1:11:12<3:05:03,  9.90s/it]
 27%|██▋       | 410/1530 [1:11:22<3:04:52,  9.90s/it]
 27%|██▋       | 411/1530 [1:11:32<3:04:42,  9.90s/it]
 27%|██▋       | 412/1530 [1:11:42<3:04:32,  9.90s/it]
 27%|██▋       | 413/1530 [1:11:52<3:04:21,  9.90s/it]
 27%|██▋       | 414/1530 [1:12:02<3:04:31,  9.92s/it]
 27%|██▋       | 415/1530 [1:12:12<3:04:15,  9.92s/it]
 27%|██▋       | 416/1530 [1:12:17<2:35:36,  8.38s/it]
                                                      

 27%|██▋       | 416/1530 [1:12:17<2:35:36,  8.38s/it]{'loss': 1.4187, 'grad_norm': 2.4690892696380615, 'learning_rate': 3.640522875816993e-05, 'epoch': 8.0}


  0%|          | 0/26 [00:00<?, ?it/s][A

  8%|▊         | 2/26 [00:01<00:14,  1.65it/s][A

 12%|█▏        | 3/26 [00:02<00:19,  1.17it/s][A

 15%|█▌        | 4/26 [00:03<00:21,  1.02it/s][A

 19%|█▉        | 5/26 [00:04<00:22,  1.06s/it][A

 23%|██▎       | 6/26 [00:06<00:22,  1.11s/it][A

 27%|██▋       | 7/26 [00:07<00:21,  1.14s/it][A

 31%|███       | 8/26 [00:08<00:20,  1.16s/it][A

 35%|███▍      | 9/26 [00:09<00:19,  1.17s/it][A

 38%|███▊      | 10/26 [00:10<00:18,  1.18s/it][A

 42%|████▏     | 11/26 [00:12<00:17,  1.18s/it][A

 46%|████▌     | 12/26 [00:13<00:16,  1.19s/it][A

 50%|█████     | 13/26 [00:14<00:15,  1.19s/it][A

 54%|█████▍    | 14/26 [00:15<00:14,  1.20s/it][A

 58%|█████▊    | 15/26 [00:16<00:13,  1.20s/it][A

 62%|██████▏   | 16/26 [00:18<00:11,  1.20s/it][A

 65%|██████▌   | 17/26 [00:19<00:10,  1.20s/it][A

 69%|██████▉   | 18/26 [00:20<00:09,  1.20s/it][A

 73%|███████▎  | 19/26 [00:21<00:08,  1.20s/it][A

 77%|███████▋  | 20/26 [00:22<00:07,  1.20s/it][A

 81%|████████  | 21/26 [00:24<00:06,  1.20s/it][A

 85%|████████▍ | 22/26 [00:25<00:04,  1.20s/it][A

 88%|████████▊ | 23/26 [00:26<00:03,  1.20s/it][A

 92%|█████████▏| 24/26 [00:27<00:02,  1.20s/it][A

 96%|█████████▌| 25/26 [00:28<00:01,  1.20s/it][A

100%|██████████| 26/26 [00:29<00:00,  1.14s/it][A

                                               
[A
                                                      

100%|██████████| 26/26 [00:29<00:00,  1.14s/it][A
 27%|██▋       | 416/1530 [1:12:49<2:35:36,  8.38s/it]

                                               [A{'eval_loss': 1.2838609218597412, 'eval_macro_recall': 0.5768950731807875, 'eval_macro_precision': 0.521537069653036, 'eval_macro_f1': 0.522169210508904, 'eval_accuracy': 0.6225728155339806, 'eval_micro_recall': 0.6225728155339806, 'eval_micro_precision': 0.6225728155339806, 'eval_micro_f1': 0.6225728155339806, 'eval_runtime': 31.7295, 'eval_samples_per_second': 25.97, 'eval_steps_per_second': 0.819, 'epoch': 8.0}

 27%|██▋       | 417/1530 [1:13:03<6:06:59, 19.78s/it]
 27%|██▋       | 418/1530 [1:13:13<5:11:37, 16.81s/it]
 27%|██▋       | 419/1530 [1:13:23<4:32:52, 14.74s/it]
 27%|██▋       | 420/1530 [1:13:33<4:05:44, 13.28s/it]
 28%|██▊       | 421/1530 [1:13:43<3:46:43, 12.27s/it]
 28%|██▊       | 422/1530 [1:13:53<3:33:22, 11.55s/it]
 28%|██▊       | 423/1530 [1:14:02<3:23:56, 11.05s/it]
 28%|██▊       | 424/1530 [1:14:12<3:17:20, 10.71s/it]
 28%|██▊       | 425/1530 [1:14:22<3:12:38, 10.46s/it]
 28%|██▊       | 426/1530 [1:14:32<3:09:19, 10.29s/it]
 28%|██▊       | 427/1530 [1:14:42<3:06:57, 10.17s/it]
 28%|██▊       | 428/1530 [1:14:52<3:05:15, 10.09s/it]
 28%|██▊       | 429/1530 [1:15:02<3:04:01, 10.03s/it]
 28%|██▊       | 430/1530 [1:15:12<3:03:05,  9.99s/it]
 28%|██▊       | 431/1530 [1:15:22<3:02:25,  9.96s/it]
 28%|██▊       | 432/1530 [1:15:31<3:01:51,  9.94s/it]
 28%|██▊       | 433/1530 [1:15:41<3:01:27,  9.92s/it]
 28%|██▊       | 434/1530 [1:15:51<3:01:06,  9.91s/it]
 28%|██▊       | 435/1530 [1:16:01<3:00:47,  9.91s/it]
 28%|██▊       | 436/1530 [1:16:11<3:00:33,  9.90s/it]
 29%|██▊       | 437/1530 [1:16:21<3:00:21,  9.90s/it]
 29%|██▊       | 438/1530 [1:16:31<3:00:09,  9.90s/it]
 29%|██▊       | 439/1530 [1:16:41<2:59:58,  9.90s/it]
 29%|██▉       | 440/1530 [1:16:51<2:59:47,  9.90s/it]
 29%|██▉       | 441/1530 [1:17:00<2:59:39,  9.90s/it]
 29%|██▉       | 442/1530 [1:17:10<2:59:28,  9.90s/it]
 29%|██▉       | 443/1530 [1:17:20<2:59:18,  9.90s/it]
 29%|██▉       | 444/1530 [1:17:30<2:59:08,  9.90s/it]
 29%|██▉       | 445/1530 [1:17:40<2:58:57,  9.90s/it]
 29%|██▉       | 446/1530 [1:17:50<2:58:47,  9.90s/it]
 29%|██▉       | 447/1530 [1:18:00<2:58:37,  9.90s/it]
 29%|██▉       | 448/1530 [1:18:10<2:58:26,  9.89s/it]
 29%|██▉       | 449/1530 [1:18:20<2:58:17,  9.90s/it]
 29%|██▉       | 450/1530 [1:18:30<2:58:13,  9.90s/it]
 29%|██▉       | 451/1530 [1:18:39<2:58:00,  9.90s/it]
 30%|██▉       | 452/1530 [1:18:49<2:57:48,  9.90s/it]
 30%|██▉       | 453/1530 [1:18:59<2:57:37,  9.90s/it]
 30%|██▉       | 454/1530 [1:19:09<2:57:26,  9.89s/it]
 30%|██▉       | 455/1530 [1:19:19<2:57:15,  9.89s/it]
 30%|██▉       | 456/1530 [1:19:29<2:57:05,  9.89s/it]
 30%|██▉       | 457/1530 [1:19:39<2:56:54,  9.89s/it]
 30%|██▉       | 458/1530 [1:19:49<2:56:44,  9.89s/it]
 30%|███       | 459/1530 [1:19:59<2:56:34,  9.89s/it]
 30%|███       | 460/1530 [1:20:08<2:56:24,  9.89s/it]
 30%|███       | 461/1530 [1:20:18<2:56:13,  9.89s/it]
 30%|███       | 462/1530 [1:20:28<2:56:03,  9.89s/it]
 30%|███       | 463/1530 [1:20:38<2:55:52,  9.89s/it]
 30%|███       | 464/1530 [1:20:48<2:55:43,  9.89s/it]
 30%|███       | 465/1530 [1:20:58<2:55:32,  9.89s/it]
 30%|███       | 466/1530 [1:21:08<2:55:22,  9.89s/it]
 31%|███       | 467/1530 [1:21:18<2:55:11,  9.89s/it]
 31%|███       | 468/1530 [1:21:22<2:27:41,  8.34s/it]
                                                      

 31%|███       | 468/1530 [1:21:22<2:27:41,  8.34s/it]{'loss': 1.2775, 'grad_norm': 2.444260358810425, 'learning_rate': 3.470588235294118e-05, 'epoch': 9.0}


  0%|          | 0/26 [00:00<?, ?it/s][A

  8%|▊         | 2/26 [00:01<00:14,  1.67it/s][A

 12%|█▏        | 3/26 [00:02<00:19,  1.18it/s][A

 15%|█▌        | 4/26 [00:03<00:21,  1.02it/s][A

 19%|█▉        | 5/26 [00:04<00:22,  1.06s/it][A

 23%|██▎       | 6/26 [00:05<00:22,  1.10s/it][A

 27%|██▋       | 7/26 [00:07<00:21,  1.13s/it][A

 31%|███       | 8/26 [00:08<00:20,  1.16s/it][A

 35%|███▍      | 9/26 [00:09<00:19,  1.17s/it][A

 38%|███▊      | 10/26 [00:10<00:18,  1.18s/it][A

 42%|████▏     | 11/26 [00:11<00:17,  1.18s/it][A

 46%|████▌     | 12/26 [00:13<00:16,  1.19s/it][A

 50%|█████     | 13/26 [00:14<00:15,  1.19s/it][A

 54%|█████▍    | 14/26 [00:15<00:14,  1.19s/it][A

 58%|█████▊    | 15/26 [00:16<00:13,  1.20s/it][A

 62%|██████▏   | 16/26 [00:17<00:11,  1.20s/it][A

 65%|██████▌   | 17/26 [00:19<00:10,  1.20s/it][A

 69%|██████▉   | 18/26 [00:20<00:09,  1.20s/it][A

 73%|███████▎  | 19/26 [00:21<00:08,  1.20s/it][A

 77%|███████▋  | 20/26 [00:22<00:07,  1.20s/it][A

 81%|████████  | 21/26 [00:23<00:05,  1.20s/it][A

 85%|████████▍ | 22/26 [00:25<00:04,  1.20s/it][A

 88%|████████▊ | 23/26 [00:26<00:03,  1.20s/it][A

 92%|█████████▏| 24/26 [00:27<00:02,  1.20s/it][A

 96%|█████████▌| 25/26 [00:28<00:01,  1.20s/it][A

100%|██████████| 26/26 [00:29<00:00,  1.15s/it][A

                                               
[A
                                                      

100%|██████████| 26/26 [00:29<00:00,  1.15s/it][A
 31%|███       | 468/1530 [1:21:54<2:27:41,  8.34s/it]

                                               [A{'eval_loss': 1.1666704416275024, 'eval_macro_recall': 0.6043741496598639, 'eval_macro_precision': 0.5495598445526296, 'eval_macro_f1': 0.5506235090061898, 'eval_accuracy': 0.6516990291262136, 'eval_micro_recall': 0.6516990291262136, 'eval_micro_precision': 0.6516990291262136, 'eval_micro_f1': 0.6516990291262136, 'eval_runtime': 31.3432, 'eval_samples_per_second': 26.29, 'eval_steps_per_second': 0.83, 'epoch': 9.0}

 31%|███       | 469/1530 [1:22:08<5:43:28, 19.42s/it]
 31%|███       | 470/1530 [1:22:18<4:52:39, 16.57s/it]
 31%|███       | 471/1530 [1:22:27<4:17:00, 14.56s/it]
 31%|███       | 472/1530 [1:22:37<3:52:05, 13.16s/it]
 31%|███       | 473/1530 [1:22:47<3:34:41, 12.19s/it]
 31%|███       | 474/1530 [1:22:57<3:22:25, 11.50s/it]
 31%|███       | 475/1530 [1:23:07<3:13:48, 11.02s/it]
 31%|███       | 476/1530 [1:23:17<3:07:43, 10.69s/it]
 31%|███       | 477/1530 [1:23:27<3:03:25, 10.45s/it]
 31%|███       | 478/1530 [1:23:37<3:00:22, 10.29s/it]
 31%|███▏      | 479/1530 [1:23:47<2:58:10, 10.17s/it]
 31%|███▏      | 480/1530 [1:23:57<2:56:41, 10.10s/it]
 31%|███▏      | 481/1530 [1:24:07<2:55:28, 10.04s/it]
 32%|███▏      | 482/1530 [1:24:16<2:54:35, 10.00s/it]
 32%|███▏      | 483/1530 [1:24:26<2:53:53,  9.97s/it]
 32%|███▏      | 484/1530 [1:24:36<2:53:23,  9.95s/it]
 32%|███▏      | 485/1530 [1:24:46<2:53:01,  9.93s/it]
 32%|███▏      | 486/1530 [1:24:56<2:52:40,  9.92s/it]
 32%|███▏      | 487/1530 [1:25:06<2:52:24,  9.92s/it]
 32%|███▏      | 488/1530 [1:25:16<2:52:06,  9.91s/it]
 32%|███▏      | 489/1530 [1:25:26<2:51:52,  9.91s/it]
 32%|███▏      | 490/1530 [1:25:36<2:51:39,  9.90s/it]
 32%|███▏      | 491/1530 [1:25:46<2:51:30,  9.90s/it]
 32%|███▏      | 492/1530 [1:25:55<2:51:17,  9.90s/it]
 32%|███▏      | 493/1530 [1:26:05<2:51:05,  9.90s/it]
 32%|███▏      | 494/1530 [1:26:15<2:50:55,  9.90s/it]
 32%|███▏      | 495/1530 [1:26:25<2:50:45,  9.90s/it]
 32%|███▏      | 496/1530 [1:26:35<2:50:36,  9.90s/it]
 32%|███▏      | 497/1530 [1:26:45<2:50:28,  9.90s/it]
 33%|███▎      | 498/1530 [1:26:55<2:50:19,  9.90s/it]
 33%|███▎      | 499/1530 [1:27:05<2:50:08,  9.90s/it]
 33%|███▎      | 500/1530 [1:27:15<2:49:58,  9.90s/it]
 33%|███▎      | 501/1530 [1:27:25<2:49:52,  9.90s/it]
 33%|███▎      | 502/1530 [1:27:34<2:49:41,  9.90s/it]
 33%|███▎      | 503/1530 [1:27:44<2:49:29,  9.90s/it]
 33%|███▎      | 504/1530 [1:27:54<2:49:17,  9.90s/it]
 33%|███▎      | 505/1530 [1:28:04<2:49:07,  9.90s/it]
 33%|███▎      | 506/1530 [1:28:14<2:49:00,  9.90s/it]
 33%|███▎      | 507/1530 [1:28:24<2:48:50,  9.90s/it]
 33%|███▎      | 508/1530 [1:28:34<2:48:40,  9.90s/it]
 33%|███▎      | 509/1530 [1:28:44<2:48:31,  9.90s/it]
 33%|███▎      | 510/1530 [1:28:54<2:48:18,  9.90s/it]
 33%|███▎      | 511/1530 [1:29:04<2:48:07,  9.90s/it]
 33%|███▎      | 512/1530 [1:29:13<2:47:59,  9.90s/it]
 34%|███▎      | 513/1530 [1:29:23<2:47:48,  9.90s/it]
 34%|███▎      | 514/1530 [1:29:33<2:47:38,  9.90s/it]
 34%|███▎      | 515/1530 [1:29:43<2:47:27,  9.90s/it]
 34%|███▎      | 516/1530 [1:29:53<2:47:17,  9.90s/it]
 34%|███▍      | 517/1530 [1:30:03<2:47:08,  9.90s/it]
 34%|███▍      | 518/1530 [1:30:13<2:46:56,  9.90s/it]
 34%|███▍      | 519/1530 [1:30:23<2:46:47,  9.90s/it]
 34%|███▍      | 520/1530 [1:30:28<2:20:49,  8.37s/it]
                                                      

 34%|███▍      | 520/1530 [1:30:28<2:20:49,  8.37s/it]{'loss': 1.1534, 'grad_norm': 2.0885486602783203, 'learning_rate': 3.300653594771242e-05, 'epoch': 10.0}


  0%|          | 0/26 [00:00<?, ?it/s][A

  8%|▊         | 2/26 [00:01<00:14,  1.67it/s][A

 12%|█▏        | 3/26 [00:02<00:19,  1.18it/s][A

 15%|█▌        | 4/26 [00:03<00:21,  1.02it/s][A

 19%|█▉        | 5/26 [00:04<00:22,  1.06s/it][A

 23%|██▎       | 6/26 [00:05<00:22,  1.10s/it][A

 27%|██▋       | 7/26 [00:07<00:21,  1.13s/it][A

 31%|███       | 8/26 [00:08<00:20,  1.16s/it][A

 35%|███▍      | 9/26 [00:09<00:19,  1.17s/it][A

 38%|███▊      | 10/26 [00:10<00:18,  1.18s/it][A

 42%|████▏     | 11/26 [00:11<00:17,  1.18s/it][A

 46%|████▌     | 12/26 [00:13<00:16,  1.19s/it][A

 50%|█████     | 13/26 [00:14<00:15,  1.19s/it][A

 54%|█████▍    | 14/26 [00:15<00:14,  1.19s/it][A

 58%|█████▊    | 15/26 [00:16<00:13,  1.20s/it][A

 62%|██████▏   | 16/26 [00:17<00:11,  1.20s/it][A

 65%|██████▌   | 17/26 [00:19<00:10,  1.20s/it][A

 69%|██████▉   | 18/26 [00:20<00:09,  1.20s/it][A

 73%|███████▎  | 19/26 [00:21<00:08,  1.20s/it][A

 77%|███████▋  | 20/26 [00:22<00:07,  1.20s/it][A

 81%|████████  | 21/26 [00:23<00:05,  1.20s/it][A

 85%|████████▍ | 22/26 [00:25<00:04,  1.20s/it][A

 88%|████████▊ | 23/26 [00:26<00:03,  1.20s/it][A

 92%|█████████▏| 24/26 [00:27<00:02,  1.20s/it][A

 96%|█████████▌| 25/26 [00:28<00:01,  1.20s/it][A

100%|██████████| 26/26 [00:29<00:00,  1.14s/it][A

                                               
[A
                                                      

100%|██████████| 26/26 [00:29<00:00,  1.14s/it][A
 34%|███▍      | 520/1530 [1:30:59<2:20:49,  8.37s/it]

                                               [A{'eval_loss': 1.0898665189743042, 'eval_macro_recall': 0.601010101010101, 'eval_macro_precision': 0.5567174731169947, 'eval_macro_f1': 0.5475774889609547, 'eval_accuracy': 0.6419902912621359, 'eval_micro_recall': 0.6419902912621359, 'eval_micro_precision': 0.6419902912621359, 'eval_micro_f1': 0.6419902912621359, 'eval_runtime': 31.3376, 'eval_samples_per_second': 26.294, 'eval_steps_per_second': 0.83, 'epoch': 10.0}

 34%|███▍      | 521/1530 [1:31:13<5:26:09, 19.39s/it]
 34%|███▍      | 522/1530 [1:31:23<4:37:57, 16.55s/it]
 34%|███▍      | 523/1530 [1:31:32<4:04:12, 14.55s/it]
 34%|███▍      | 524/1530 [1:31:42<3:40:32, 13.15s/it]
 34%|███▍      | 525/1530 [1:31:52<3:23:56, 12.18s/it]
 34%|███▍      | 526/1530 [1:32:02<3:12:20, 11.49s/it]
 34%|███▍      | 527/1530 [1:32:12<3:04:07, 11.01s/it]
 35%|███▍      | 528/1530 [1:32:22<2:58:19, 10.68s/it]
 35%|███▍      | 529/1530 [1:32:32<2:54:12, 10.44s/it]
 35%|███▍      | 530/1530 [1:32:42<2:51:19, 10.28s/it]
 35%|███▍      | 531/1530 [1:32:52<2:49:11, 10.16s/it]
 35%|███▍      | 532/1530 [1:33:01<2:47:38, 10.08s/it]
 35%|███▍      | 533/1530 [1:33:11<2:46:32, 10.02s/it]
 35%|███▍      | 534/1530 [1:33:21<2:45:44,  9.98s/it]
 35%|███▍      | 535/1530 [1:33:31<2:45:06,  9.96s/it]
 35%|███▌      | 536/1530 [1:33:41<2:44:37,  9.94s/it]
 35%|███▌      | 537/1530 [1:33:51<2:44:13,  9.92s/it]
 35%|███▌      | 538/1530 [1:34:01<2:43:55,  9.91s/it]
 35%|███▌      | 539/1530 [1:34:11<2:43:38,  9.91s/it]
 35%|███▌      | 540/1530 [1:34:21<2:43:22,  9.90s/it]
 35%|███▌      | 541/1530 [1:34:31<2:43:10,  9.90s/it]
 35%|███▌      | 542/1530 [1:34:40<2:42:57,  9.90s/it]
 35%|███▌      | 543/1530 [1:34:50<2:42:45,  9.89s/it]
 36%|███▌      | 544/1530 [1:35:00<2:42:34,  9.89s/it]
 36%|███▌      | 545/1530 [1:35:10<2:42:24,  9.89s/it]
 36%|███▌      | 546/1530 [1:35:20<2:42:14,  9.89s/it]
 36%|███▌      | 547/1530 [1:35:30<2:42:03,  9.89s/it]
 36%|███▌      | 548/1530 [1:35:40<2:41:53,  9.89s/it]
 36%|███▌      | 549/1530 [1:35:50<2:41:42,  9.89s/it]
 36%|███▌      | 550/1530 [1:36:00<2:41:35,  9.89s/it]
 36%|███▌      | 551/1530 [1:36:09<2:41:27,  9.90s/it]
 36%|███▌      | 552/1530 [1:36:19<2:41:15,  9.89s/it]
 36%|███▌      | 553/1530 [1:36:29<2:41:05,  9.89s/it]
 36%|███▌      | 554/1530 [1:36:39<2:40:54,  9.89s/it]
 36%|███▋      | 555/1530 [1:36:49<2:40:45,  9.89s/it]
 36%|███▋      | 556/1530 [1:36:59<2:40:33,  9.89s/it]
 36%|███▋      | 557/1530 [1:37:09<2:40:22,  9.89s/it]
 36%|███▋      | 558/1530 [1:37:19<2:40:13,  9.89s/it]
 37%|███▋      | 559/1530 [1:37:29<2:40:03,  9.89s/it]
 37%|███▋      | 560/1530 [1:37:38<2:39:53,  9.89s/it]
 37%|███▋      | 561/1530 [1:37:48<2:39:44,  9.89s/it]
 37%|███▋      | 562/1530 [1:37:58<2:39:34,  9.89s/it]
 37%|███▋      | 563/1530 [1:38:08<2:39:25,  9.89s/it]
 37%|███▋      | 564/1530 [1:38:18<2:39:16,  9.89s/it]
 37%|███▋      | 565/1530 [1:38:28<2:39:06,  9.89s/it]
 37%|███▋      | 566/1530 [1:38:38<2:38:55,  9.89s/it]
 37%|███▋      | 567/1530 [1:38:48<2:38:45,  9.89s/it]
 37%|███▋      | 568/1530 [1:38:58<2:38:35,  9.89s/it]
 37%|███▋      | 569/1530 [1:39:07<2:38:25,  9.89s/it]
 37%|███▋      | 570/1530 [1:39:17<2:38:14,  9.89s/it]
 37%|███▋      | 571/1530 [1:39:27<2:38:04,  9.89s/it]
 37%|███▋      | 572/1530 [1:39:32<2:13:20,  8.35s/it]
                                                      

 37%|███▋      | 572/1530 [1:39:32<2:13:20,  8.35s/it]{'loss': 1.0709, 'grad_norm': 1.8820500373840332, 'learning_rate': 3.130718954248366e-05, 'epoch': 11.0}


  0%|          | 0/26 [00:00<?, ?it/s][A

  8%|▊         | 2/26 [00:01<00:14,  1.67it/s][A

 12%|█▏        | 3/26 [00:02<00:19,  1.18it/s][A

 15%|█▌        | 4/26 [00:03<00:21,  1.02it/s][A

 19%|█▉        | 5/26 [00:04<00:22,  1.06s/it][A

 23%|██▎       | 6/26 [00:05<00:22,  1.10s/it][A

 27%|██▋       | 7/26 [00:07<00:21,  1.13s/it][A

 31%|███       | 8/26 [00:08<00:20,  1.15s/it][A

 35%|███▍      | 9/26 [00:09<00:19,  1.17s/it][A

 38%|███▊      | 10/26 [00:10<00:18,  1.18s/it][A

 42%|████▏     | 11/26 [00:11<00:17,  1.18s/it][A

 46%|████▌     | 12/26 [00:13<00:16,  1.19s/it][A

 50%|█████     | 13/26 [00:14<00:15,  1.19s/it][A

 54%|█████▍    | 14/26 [00:15<00:14,  1.19s/it][A

 58%|█████▊    | 15/26 [00:16<00:13,  1.19s/it][A

 62%|██████▏   | 16/26 [00:17<00:11,  1.20s/it][A

 65%|██████▌   | 17/26 [00:19<00:10,  1.20s/it][A

 69%|██████▉   | 18/26 [00:20<00:09,  1.20s/it][A

 73%|███████▎  | 19/26 [00:21<00:08,  1.20s/it][A

 77%|███████▋  | 20/26 [00:22<00:07,  1.20s/it][A

 81%|████████  | 21/26 [00:23<00:05,  1.20s/it][A

 85%|████████▍ | 22/26 [00:25<00:04,  1.20s/it][A

 88%|████████▊ | 23/26 [00:26<00:03,  1.20s/it][A

 92%|█████████▏| 24/26 [00:27<00:02,  1.20s/it][A

 96%|█████████▌| 25/26 [00:28<00:01,  1.20s/it][A

100%|██████████| 26/26 [00:29<00:00,  1.14s/it][A

                                               
[A
                                                      

100%|██████████| 26/26 [00:29<00:00,  1.14s/it][A
 37%|███▋      | 572/1530 [1:40:04<2:13:20,  8.35s/it]

                                               [A{'eval_loss': 1.0377626419067383, 'eval_macro_recall': 0.6173265306122449, 'eval_macro_precision': 0.5847102030604905, 'eval_macro_f1': 0.5769359072022764, 'eval_accuracy': 0.6614077669902912, 'eval_micro_recall': 0.6614077669902912, 'eval_micro_precision': 0.6614077669902912, 'eval_micro_f1': 0.6614077669902912, 'eval_runtime': 31.3148, 'eval_samples_per_second': 26.313, 'eval_steps_per_second': 0.83, 'epoch': 11.0}

 37%|███▋      | 573/1530 [1:40:17<5:09:53, 19.43s/it]
 38%|███▊      | 574/1530 [1:40:27<4:23:57, 16.57s/it]
 38%|███▊      | 575/1530 [1:40:37<3:51:46, 14.56s/it]
 38%|███▊      | 576/1530 [1:40:47<3:29:13, 13.16s/it]
 38%|███▊      | 577/1530 [1:40:57<3:13:25, 12.18s/it]
 38%|███▊      | 578/1530 [1:41:07<3:02:25, 11.50s/it]
 38%|███▊      | 579/1530 [1:41:17<2:54:48, 11.03s/it]
 38%|███▊      | 580/1530 [1:41:27<2:49:19, 10.69s/it]
 38%|███▊      | 581/1530 [1:41:37<2:45:24, 10.46s/it]
 38%|███▊      | 582/1530 [1:41:46<2:42:39, 10.30s/it]
 38%|███▊      | 583/1530 [1:41:56<2:40:39, 10.18s/it]
 38%|███▊      | 584/1530 [1:42:06<2:39:13, 10.10s/it]
 38%|███▊      | 585/1530 [1:42:16<2:38:11, 10.04s/it]
 38%|███▊      | 586/1530 [1:42:26<2:37:24, 10.00s/it]
 38%|███▊      | 587/1530 [1:42:36<2:36:46,  9.98s/it]
 38%|███▊      | 588/1530 [1:42:46<2:36:19,  9.96s/it]
 38%|███▊      | 589/1530 [1:42:56<2:35:56,  9.94s/it]
 39%|███▊      | 590/1530 [1:43:06<2:35:34,  9.93s/it]
 39%|███▊      | 591/1530 [1:43:16<2:35:16,  9.92s/it]
 39%|███▊      | 592/1530 [1:43:26<2:35:03,  9.92s/it]
 39%|███▉      | 593/1530 [1:43:35<2:34:48,  9.91s/it]
 39%|███▉      | 594/1530 [1:43:45<2:34:36,  9.91s/it]
 39%|███▉      | 595/1530 [1:43:55<2:34:22,  9.91s/it]
 39%|███▉      | 596/1530 [1:44:05<2:34:11,  9.91s/it]
 39%|███▉      | 597/1530 [1:44:15<2:33:59,  9.90s/it]
 39%|███▉      | 598/1530 [1:44:25<2:33:52,  9.91s/it]
 39%|███▉      | 599/1530 [1:44:35<2:33:48,  9.91s/it]
 39%|███▉      | 600/1530 [1:44:45<2:33:39,  9.91s/it]
 39%|███▉      | 601/1530 [1:44:55<2:33:28,  9.91s/it]
 39%|███▉      | 602/1530 [1:45:05<2:33:17,  9.91s/it]
 39%|███▉      | 603/1530 [1:45:14<2:33:02,  9.91s/it]
 39%|███▉      | 604/1530 [1:45:24<2:32:50,  9.90s/it]
 40%|███▉      | 605/1530 [1:45:34<2:32:39,  9.90s/it]
 40%|███▉      | 606/1530 [1:45:44<2:32:27,  9.90s/it]
 40%|███▉      | 607/1530 [1:45:54<2:32:15,  9.90s/it]
 40%|███▉      | 608/1530 [1:46:04<2:32:05,  9.90s/it]
 40%|███▉      | 609/1530 [1:46:14<2:31:55,  9.90s/it]
 40%|███▉      | 610/1530 [1:46:24<2:31:47,  9.90s/it]
 40%|███▉      | 611/1530 [1:46:34<2:31:45,  9.91s/it]
 40%|████      | 612/1530 [1:46:44<2:31:38,  9.91s/it]
 40%|████      | 613/1530 [1:46:54<2:31:28,  9.91s/it]
 40%|████      | 614/1530 [1:47:03<2:31:20,  9.91s/it]
 40%|████      | 615/1530 [1:47:13<2:31:12,  9.92s/it]
 40%|████      | 616/1530 [1:47:23<2:31:02,  9.92s/it]
 40%|████      | 617/1530 [1:47:33<2:30:50,  9.91s/it]
 40%|████      | 618/1530 [1:47:43<2:30:41,  9.91s/it]
 40%|████      | 619/1530 [1:47:53<2:30:31,  9.91s/it]
 41%|████      | 620/1530 [1:48:03<2:30:15,  9.91s/it]
 41%|████      | 621/1530 [1:48:13<2:30:03,  9.90s/it]
 41%|████      | 622/1530 [1:48:23<2:29:48,  9.90s/it]
 41%|████      | 623/1530 [1:48:33<2:29:35,  9.90s/it]
 41%|████      | 624/1530 [1:48:37<2:06:10,  8.36s/it]
                                                      

 41%|████      | 624/1530 [1:48:37<2:06:10,  8.36s/it]{'loss': 1.0013, 'grad_norm': 1.746340036392212, 'learning_rate': 2.9607843137254905e-05, 'epoch': 12.0}


  0%|          | 0/26 [00:00<?, ?it/s][A

  8%|▊         | 2/26 [00:01<00:14,  1.67it/s][A

 12%|█▏        | 3/26 [00:02<00:19,  1.18it/s][A

 15%|█▌        | 4/26 [00:03<00:21,  1.02it/s][A

 19%|█▉        | 5/26 [00:04<00:22,  1.06s/it][A

 23%|██▎       | 6/26 [00:05<00:22,  1.10s/it][A

 27%|██▋       | 7/26 [00:07<00:21,  1.13s/it][A

 31%|███       | 8/26 [00:08<00:20,  1.16s/it][A

 35%|███▍      | 9/26 [00:09<00:19,  1.17s/it][A

 38%|███▊      | 10/26 [00:10<00:18,  1.18s/it][A

 42%|████▏     | 11/26 [00:11<00:17,  1.18s/it][A

 46%|████▌     | 12/26 [00:13<00:16,  1.19s/it][A

 50%|█████     | 13/26 [00:14<00:15,  1.19s/it][A

 54%|█████▍    | 14/26 [00:15<00:14,  1.19s/it][A

 58%|█████▊    | 15/26 [00:16<00:13,  1.20s/it][A

 62%|██████▏   | 16/26 [00:17<00:11,  1.20s/it][A

 65%|██████▌   | 17/26 [00:19<00:10,  1.20s/it][A

 69%|██████▉   | 18/26 [00:20<00:09,  1.20s/it][A

 73%|███████▎  | 19/26 [00:21<00:08,  1.20s/it][A

 77%|███████▋  | 20/26 [00:22<00:07,  1.20s/it][A

 81%|████████  | 21/26 [00:23<00:06,  1.20s/it][A

 85%|████████▍ | 22/26 [00:25<00:04,  1.20s/it][A

 88%|████████▊ | 23/26 [00:26<00:03,  1.20s/it][A

 92%|█████████▏| 24/26 [00:27<00:02,  1.20s/it][A

 96%|█████████▌| 25/26 [00:28<00:01,  1.20s/it][A

100%|██████████| 26/26 [00:29<00:00,  1.14s/it][A

                                               
[A
                                                      

100%|██████████| 26/26 [00:29<00:00,  1.14s/it][A
 41%|████      | 624/1530 [1:49:09<2:06:10,  8.36s/it]

                                               [A{'eval_loss': 1.0110011100769043, 'eval_macro_recall': 0.6258274711399711, 'eval_macro_precision': 0.5767887370803041, 'eval_macro_f1': 0.5781130568619531, 'eval_accuracy': 0.662621359223301, 'eval_micro_recall': 0.662621359223301, 'eval_micro_precision': 0.662621359223301, 'eval_micro_f1': 0.662621359223301, 'eval_runtime': 31.5331, 'eval_samples_per_second': 26.131, 'eval_steps_per_second': 0.825, 'epoch': 12.0}

 41%|████      | 625/1530 [1:49:23<4:56:53, 19.68s/it]
 41%|████      | 626/1530 [1:49:33<4:12:19, 16.75s/it]
 41%|████      | 627/1530 [1:49:43<3:41:07, 14.69s/it]
 41%|████      | 628/1530 [1:49:53<3:19:15, 13.25s/it]
 41%|████      | 629/1530 [1:50:03<3:03:56, 12.25s/it]
 41%|████      | 630/1530 [1:50:13<2:53:09, 11.54s/it]
 41%|████      | 631/1530 [1:50:23<2:45:35, 11.05s/it]
 41%|████▏     | 632/1530 [1:50:33<2:40:14, 10.71s/it]
 41%|████▏     | 633/1530 [1:50:43<2:37:48, 10.56s/it]
 41%|████▏     | 634/1530 [1:50:53<2:34:47, 10.37s/it]
 42%|████▏     | 635/1530 [1:51:03<2:32:39, 10.23s/it]
 42%|████▏     | 636/1530 [1:51:13<2:31:01, 10.14s/it]
 42%|████▏     | 637/1530 [1:51:23<2:29:52, 10.07s/it]
 42%|████▏     | 638/1530 [1:51:33<2:29:07, 10.03s/it]
 42%|████▏     | 639/1530 [1:51:42<2:28:28, 10.00s/it]
 42%|████▏     | 640/1530 [1:51:52<2:27:56,  9.97s/it]
 42%|████▏     | 641/1530 [1:52:02<2:27:32,  9.96s/it]
 42%|████▏     | 642/1530 [1:52:12<2:27:08,  9.94s/it]
 42%|████▏     | 643/1530 [1:52:22<2:26:48,  9.93s/it]
 42%|████▏     | 644/1530 [1:52:32<2:26:30,  9.92s/it]
 42%|████▏     | 645/1530 [1:52:42<2:26:15,  9.92s/it]
 42%|████▏     | 646/1530 [1:52:52<2:26:01,  9.91s/it]
 42%|████▏     | 647/1530 [1:53:02<2:25:48,  9.91s/it]
 42%|████▏     | 648/1530 [1:53:12<2:25:37,  9.91s/it]
 42%|████▏     | 649/1530 [1:53:22<2:25:26,  9.91s/it]
 42%|████▏     | 650/1530 [1:53:31<2:25:14,  9.90s/it]
 43%|████▎     | 651/1530 [1:53:41<2:25:04,  9.90s/it]
 43%|████▎     | 652/1530 [1:53:51<2:24:53,  9.90s/it]
 43%|████▎     | 653/1530 [1:54:01<2:24:43,  9.90s/it]
 43%|████▎     | 654/1530 [1:54:11<2:24:34,  9.90s/it]
 43%|████▎     | 655/1530 [1:54:21<2:24:23,  9.90s/it]
 43%|████▎     | 656/1530 [1:54:31<2:24:13,  9.90s/it]
 43%|████▎     | 657/1530 [1:54:41<2:24:04,  9.90s/it]
 43%|████▎     | 658/1530 [1:54:51<2:23:53,  9.90s/it]
 43%|████▎     | 659/1530 [1:55:01<2:23:42,  9.90s/it]
 43%|████▎     | 660/1530 [1:55:10<2:23:32,  9.90s/it]
 43%|████▎     | 661/1530 [1:55:20<2:23:23,  9.90s/it]
 43%|████▎     | 662/1530 [1:55:30<2:23:16,  9.90s/it]
 43%|████▎     | 663/1530 [1:55:40<2:23:07,  9.90s/it]
 43%|████▎     | 664/1530 [1:55:50<2:22:58,  9.91s/it]
 43%|████▎     | 665/1530 [1:56:00<2:22:49,  9.91s/it]
 44%|████▎     | 666/1530 [1:56:10<2:22:38,  9.91s/it]
 44%|████▎     | 667/1530 [1:56:20<2:22:31,  9.91s/it]
 44%|████▎     | 668/1530 [1:56:30<2:22:21,  9.91s/it]
 44%|████▎     | 669/1530 [1:56:40<2:22:08,  9.91s/it]
 44%|████▍     | 670/1530 [1:56:50<2:21:57,  9.90s/it]
 44%|████▍     | 671/1530 [1:56:59<2:21:46,  9.90s/it]
 44%|████▍     | 672/1530 [1:57:09<2:21:36,  9.90s/it]
 44%|████▍     | 673/1530 [1:57:19<2:21:26,  9.90s/it]
 44%|████▍     | 674/1530 [1:57:29<2:21:20,  9.91s/it]
 44%|████▍     | 675/1530 [1:57:39<2:21:07,  9.90s/it]
 44%|████▍     | 676/1530 [1:57:44<1:58:54,  8.35s/it]
                                                      

 44%|████▍     | 676/1530 [1:57:44<1:58:54,  8.35s/it]{'loss': 0.9426, 'grad_norm': 2.124645948410034, 'learning_rate': 2.7908496732026145e-05, 'epoch': 13.0}


  0%|          | 0/26 [00:00<?, ?it/s][A

  8%|▊         | 2/26 [00:01<00:14,  1.67it/s][A

 12%|█▏        | 3/26 [00:02<00:19,  1.18it/s][A

 15%|█▌        | 4/26 [00:03<00:21,  1.02it/s][A

 19%|█▉        | 5/26 [00:04<00:22,  1.05s/it][A

 23%|██▎       | 6/26 [00:05<00:22,  1.10s/it][A

 27%|██▋       | 7/26 [00:07<00:21,  1.13s/it][A

 31%|███       | 8/26 [00:08<00:20,  1.15s/it][A

 35%|███▍      | 9/26 [00:09<00:19,  1.17s/it][A

 38%|███▊      | 10/26 [00:10<00:18,  1.18s/it][A

 42%|████▏     | 11/26 [00:11<00:17,  1.18s/it][A

 46%|████▌     | 12/26 [00:13<00:16,  1.19s/it][A

 50%|█████     | 13/26 [00:14<00:15,  1.19s/it][A

 54%|█████▍    | 14/26 [00:15<00:14,  1.19s/it][A

 58%|█████▊    | 15/26 [00:16<00:13,  1.19s/it][A

 62%|██████▏   | 16/26 [00:17<00:11,  1.20s/it][A

 65%|██████▌   | 17/26 [00:19<00:10,  1.20s/it][A

 69%|██████▉   | 18/26 [00:20<00:09,  1.20s/it][A

 73%|███████▎  | 19/26 [00:21<00:08,  1.20s/it][A

 77%|███████▋  | 20/26 [00:22<00:07,  1.20s/it][A

 81%|████████  | 21/26 [00:23<00:05,  1.20s/it][A

 85%|████████▍ | 22/26 [00:25<00:04,  1.20s/it][A

 88%|████████▊ | 23/26 [00:26<00:03,  1.20s/it][A

 92%|█████████▏| 24/26 [00:27<00:02,  1.20s/it][A

 96%|█████████▌| 25/26 [00:28<00:01,  1.20s/it][A

100%|██████████| 26/26 [00:29<00:00,  1.14s/it][A

                                               
[A
                                                      

100%|██████████| 26/26 [00:30<00:00,  1.14s/it][A
 44%|████▍     | 676/1530 [1:58:16<1:58:54,  8.35s/it]

                                               [A{'eval_loss': 0.9536535739898682, 'eval_macro_recall': 0.6514580498866214, 'eval_macro_precision': 0.6157184444628054, 'eval_macro_f1': 0.6130052426646951, 'eval_accuracy': 0.6905339805825242, 'eval_micro_recall': 0.6905339805825242, 'eval_micro_precision': 0.6905339805825242, 'eval_micro_f1': 0.6905339805825242, 'eval_runtime': 31.55, 'eval_samples_per_second': 26.117, 'eval_steps_per_second': 0.824, 'epoch': 13.0}

 44%|████▍     | 677/1530 [1:58:30<4:41:37, 19.81s/it]
 44%|████▍     | 678/1530 [1:58:40<3:59:03, 16.84s/it]
 44%|████▍     | 679/1530 [1:58:50<3:29:15, 14.75s/it]
 44%|████▍     | 680/1530 [1:59:00<3:08:22, 13.30s/it]
 45%|████▍     | 681/1530 [1:59:10<2:53:41, 12.27s/it]
 45%|████▍     | 682/1530 [1:59:20<2:43:24, 11.56s/it]
 45%|████▍     | 683/1530 [1:59:30<2:36:09, 11.06s/it]
 45%|████▍     | 684/1530 [1:59:40<2:31:03, 10.71s/it]
 45%|████▍     | 685/1530 [1:59:49<2:27:25, 10.47s/it]
 45%|████▍     | 686/1530 [1:59:59<2:24:51, 10.30s/it]
 45%|████▍     | 687/1530 [2:00:09<2:22:59, 10.18s/it]
 45%|████▍     | 688/1530 [2:00:19<2:21:38, 10.09s/it]
 45%|████▌     | 689/1530 [2:00:29<2:20:39, 10.03s/it]
 45%|████▌     | 690/1530 [2:00:39<2:19:54,  9.99s/it]
 45%|████▌     | 691/1530 [2:00:49<2:19:20,  9.96s/it]
 45%|████▌     | 692/1530 [2:00:59<2:18:53,  9.94s/it]
 45%|████▌     | 693/1530 [2:01:09<2:18:33,  9.93s/it]
 45%|████▌     | 694/1530 [2:01:19<2:18:13,  9.92s/it]
 45%|████▌     | 695/1530 [2:01:28<2:17:56,  9.91s/it]
 45%|████▌     | 696/1530 [2:01:38<2:17:41,  9.91s/it]
 46%|████▌     | 697/1530 [2:01:48<2:17:26,  9.90s/it]
 46%|████▌     | 698/1530 [2:01:58<2:17:14,  9.90s/it]
 46%|████▌     | 699/1530 [2:02:08<2:17:01,  9.89s/it]
 46%|████▌     | 700/1530 [2:02:18<2:16:51,  9.89s/it]
 46%|████▌     | 701/1530 [2:02:28<2:16:41,  9.89s/it]
 46%|████▌     | 702/1530 [2:02:38<2:16:30,  9.89s/it]
 46%|████▌     | 703/1530 [2:02:48<2:16:21,  9.89s/it]
 46%|████▌     | 704/1530 [2:02:57<2:16:10,  9.89s/it]
 46%|████▌     | 705/1530 [2:03:07<2:15:59,  9.89s/it]
 46%|████▌     | 706/1530 [2:03:17<2:15:50,  9.89s/it]
 46%|████▌     | 707/1530 [2:03:27<2:15:40,  9.89s/it]
 46%|████▋     | 708/1530 [2:03:37<2:15:30,  9.89s/it]
 46%|████▋     | 709/1530 [2:03:47<2:15:20,  9.89s/it]
 46%|████▋     | 710/1530 [2:03:57<2:15:11,  9.89s/it]
 46%|████▋     | 711/1530 [2:04:07<2:15:01,  9.89s/it]
 47%|████▋     | 712/1530 [2:04:17<2:14:51,  9.89s/it]
 47%|████▋     | 713/1530 [2:04:26<2:14:42,  9.89s/it]
 47%|████▋     | 714/1530 [2:04:36<2:14:32,  9.89s/it]
 47%|████▋     | 715/1530 [2:04:46<2:14:22,  9.89s/it]
 47%|████▋     | 716/1530 [2:04:56<2:14:13,  9.89s/it]
 47%|████▋     | 717/1530 [2:05:06<2:14:02,  9.89s/it]
 47%|████▋     | 718/1530 [2:05:16<2:13:51,  9.89s/it]
 47%|████▋     | 719/1530 [2:05:26<2:13:41,  9.89s/it]
 47%|████▋     | 720/1530 [2:05:36<2:13:32,  9.89s/it]
 47%|████▋     | 721/1530 [2:05:46<2:13:22,  9.89s/it]
 47%|████▋     | 722/1530 [2:05:56<2:13:12,  9.89s/it]
 47%|████▋     | 723/1530 [2:06:05<2:13:02,  9.89s/it]
 47%|████▋     | 724/1530 [2:06:15<2:12:52,  9.89s/it]
 47%|████▋     | 725/1530 [2:06:25<2:12:41,  9.89s/it]
 47%|████▋     | 726/1530 [2:06:35<2:12:31,  9.89s/it]
 48%|████▊     | 727/1530 [2:06:45<2:12:21,  9.89s/it]
 48%|████▊     | 728/1530 [2:06:50<1:51:34,  8.35s/it]
                                                      

 48%|████▊     | 728/1530 [2:06:50<1:51:34,  8.35s/it]{'loss': 0.8939, 'grad_norm': 1.5647902488708496, 'learning_rate': 2.620915032679739e-05, 'epoch': 14.0}


  0%|          | 0/26 [00:00<?, ?it/s][A

  8%|▊         | 2/26 [00:01<00:14,  1.67it/s][A

 12%|█▏        | 3/26 [00:02<00:19,  1.18it/s][A

 15%|█▌        | 4/26 [00:03<00:21,  1.02it/s][A

 19%|█▉        | 5/26 [00:04<00:22,  1.05s/it][A

 23%|██▎       | 6/26 [00:05<00:22,  1.10s/it][A

 27%|██▋       | 7/26 [00:07<00:21,  1.13s/it][A

 31%|███       | 8/26 [00:08<00:20,  1.15s/it][A

 35%|███▍      | 9/26 [00:09<00:19,  1.17s/it][A

 38%|███▊      | 10/26 [00:10<00:18,  1.18s/it][A

 42%|████▏     | 11/26 [00:11<00:17,  1.18s/it][A

 46%|████▌     | 12/26 [00:13<00:16,  1.19s/it][A

 50%|█████     | 13/26 [00:14<00:15,  1.19s/it][A

 54%|█████▍    | 14/26 [00:15<00:14,  1.19s/it][A

 58%|█████▊    | 15/26 [00:16<00:13,  1.19s/it][A

 62%|██████▏   | 16/26 [00:17<00:11,  1.20s/it][A

 65%|██████▌   | 17/26 [00:19<00:10,  1.20s/it][A

 69%|██████▉   | 18/26 [00:20<00:09,  1.20s/it][A

 73%|███████▎  | 19/26 [00:21<00:08,  1.20s/it][A

 77%|███████▋  | 20/26 [00:22<00:07,  1.20s/it][A

 81%|████████  | 21/26 [00:23<00:05,  1.20s/it][A

 85%|████████▍ | 22/26 [00:25<00:04,  1.20s/it][A

 88%|████████▊ | 23/26 [00:26<00:03,  1.20s/it][A

 92%|█████████▏| 24/26 [00:27<00:02,  1.20s/it][A

 96%|█████████▌| 25/26 [00:28<00:01,  1.20s/it][A

100%|██████████| 26/26 [00:29<00:00,  1.14s/it][A

                                               
[A
                                                      

100%|██████████| 26/26 [00:29<00:00,  1.14s/it][A
 48%|████▊     | 728/1530 [2:07:21<1:51:34,  8.35s/it]

                                               [A{'eval_loss': 0.9361939430236816, 'eval_macro_recall': 0.639673469387755, 'eval_macro_precision': 0.6094402623274803, 'eval_macro_f1': 0.603366814440487, 'eval_accuracy': 0.6844660194174758, 'eval_micro_recall': 0.6844660194174758, 'eval_micro_precision': 0.6844660194174758, 'eval_micro_f1': 0.6844660194174758, 'eval_runtime': 31.3019, 'eval_samples_per_second': 26.324, 'eval_steps_per_second': 0.831, 'epoch': 14.0}

 48%|████▊     | 729/1530 [2:07:35<4:19:25, 19.43s/it]
 48%|████▊     | 730/1530 [2:07:45<3:40:58, 16.57s/it]
 48%|████▊     | 731/1530 [2:07:55<3:14:01, 14.57s/it]
 48%|████▊     | 732/1530 [2:08:05<2:55:10, 13.17s/it]
 48%|████▊     | 733/1530 [2:08:15<2:41:56, 12.19s/it]
 48%|████▊     | 734/1530 [2:08:25<2:32:37, 11.50s/it]
 48%|████▊     | 735/1530 [2:08:34<2:26:04, 11.02s/it]
 48%|████▊     | 736/1530 [2:08:44<2:21:26, 10.69s/it]
 48%|████▊     | 737/1530 [2:08:54<2:18:09, 10.45s/it]
 48%|████▊     | 738/1530 [2:09:04<2:15:49, 10.29s/it]
 48%|████▊     | 739/1530 [2:09:14<2:14:08, 10.18s/it]
 48%|████▊     | 740/1530 [2:09:24<2:12:54, 10.09s/it]
 48%|████▊     | 741/1530 [2:09:34<2:11:58, 10.04s/it]
 48%|████▊     | 742/1530 [2:09:44<2:11:17, 10.00s/it]
 49%|████▊     | 743/1530 [2:09:54<2:10:45,  9.97s/it]
 49%|████▊     | 744/1530 [2:10:04<2:10:21,  9.95s/it]
 49%|████▊     | 745/1530 [2:10:15<2:15:11, 10.33s/it]
 49%|████▉     | 746/1530 [2:10:25<2:13:19, 10.20s/it]
 49%|████▉     | 747/1530 [2:10:35<2:11:57, 10.11s/it]
 49%|████▉     | 748/1530 [2:10:44<2:10:56, 10.05s/it]
 49%|████▉     | 749/1530 [2:10:54<2:10:12, 10.00s/it]
 49%|████▉     | 750/1530 [2:11:04<2:09:36,  9.97s/it]
 49%|████▉     | 751/1530 [2:11:14<2:09:09,  9.95s/it]
 49%|████▉     | 752/1530 [2:11:24<2:08:48,  9.93s/it]
 49%|████▉     | 753/1530 [2:11:34<2:08:30,  9.92s/it]
 49%|████▉     | 754/1530 [2:11:44<2:08:15,  9.92s/it]
 49%|████▉     | 755/1530 [2:11:54<2:08:02,  9.91s/it]
 49%|████▉     | 756/1530 [2:12:04<2:07:48,  9.91s/it]
 49%|████▉     | 757/1530 [2:12:14<2:07:36,  9.90s/it]
 50%|████▉     | 758/1530 [2:12:23<2:07:26,  9.90s/it]
 50%|████▉     | 759/1530 [2:12:33<2:07:15,  9.90s/it]
 50%|████▉     | 760/1530 [2:12:43<2:07:05,  9.90s/it]
 50%|████▉     | 761/1530 [2:12:53<2:06:54,  9.90s/it]
 50%|████▉     | 762/1530 [2:13:03<2:06:43,  9.90s/it]
 50%|████▉     | 763/1530 [2:13:13<2:06:32,  9.90s/it]
 50%|████▉     | 764/1530 [2:13:23<2:06:23,  9.90s/it]
 50%|█████     | 765/1530 [2:13:33<2:06:13,  9.90s/it]
 50%|█████     | 766/1530 [2:13:43<2:06:03,  9.90s/it]
 50%|█████     | 767/1530 [2:13:53<2:05:52,  9.90s/it]
 50%|█████     | 768/1530 [2:14:02<2:05:43,  9.90s/it]
 50%|█████     | 769/1530 [2:14:12<2:05:33,  9.90s/it]
 50%|█████     | 770/1530 [2:14:22<2:05:24,  9.90s/it]
 50%|█████     | 771/1530 [2:14:32<2:05:14,  9.90s/it]
 50%|█████     | 772/1530 [2:14:42<2:05:04,  9.90s/it]
 51%|█████     | 773/1530 [2:14:52<2:04:54,  9.90s/it]
 51%|█████     | 774/1530 [2:15:02<2:04:44,  9.90s/it]
 51%|█████     | 775/1530 [2:15:12<2:04:35,  9.90s/it]
 51%|█████     | 776/1530 [2:15:22<2:04:25,  9.90s/it]
 51%|█████     | 777/1530 [2:15:32<2:04:15,  9.90s/it]
 51%|█████     | 778/1530 [2:15:42<2:04:12,  9.91s/it]
 51%|█████     | 779/1530 [2:15:51<2:04:00,  9.91s/it]
 51%|█████     | 780/1530 [2:15:56<1:44:41,  8.38s/it]
                                                      

 51%|█████     | 780/1530 [2:15:57<1:44:41,  8.38s/it]{'loss': 0.8494, 'grad_norm': 2.0414113998413086, 'learning_rate': 2.4509803921568626e-05, 'epoch': 15.0}


  0%|          | 0/26 [00:00<?, ?it/s][A

  8%|▊         | 2/26 [00:01<00:14,  1.66it/s][A

 12%|█▏        | 3/26 [00:02<00:19,  1.17it/s][A

 15%|█▌        | 4/26 [00:03<00:21,  1.02it/s][A

 19%|█▉        | 5/26 [00:04<00:22,  1.06s/it][A

 23%|██▎       | 6/26 [00:06<00:22,  1.10s/it][A

 27%|██▋       | 7/26 [00:07<00:21,  1.13s/it][A

 31%|███       | 8/26 [00:08<00:20,  1.16s/it][A

 35%|███▍      | 9/26 [00:09<00:19,  1.17s/it][A

 38%|███▊      | 10/26 [00:10<00:18,  1.18s/it][A

 42%|████▏     | 11/26 [00:11<00:17,  1.18s/it][A

 46%|████▌     | 12/26 [00:13<00:16,  1.19s/it][A

 50%|█████     | 13/26 [00:14<00:15,  1.19s/it][A

 54%|█████▍    | 14/26 [00:15<00:14,  1.20s/it][A

 58%|█████▊    | 15/26 [00:16<00:13,  1.20s/it][A

 62%|██████▏   | 16/26 [00:18<00:11,  1.20s/it][A

 65%|██████▌   | 17/26 [00:19<00:10,  1.20s/it][A

 69%|██████▉   | 18/26 [00:20<00:09,  1.20s/it][A

 73%|███████▎  | 19/26 [00:21<00:08,  1.20s/it][A

 77%|███████▋  | 20/26 [00:22<00:07,  1.20s/it][A

 81%|████████  | 21/26 [00:24<00:06,  1.20s/it][A

 85%|████████▍ | 22/26 [00:25<00:04,  1.20s/it][A

 88%|████████▊ | 23/26 [00:26<00:03,  1.20s/it][A

 92%|█████████▏| 24/26 [00:27<00:02,  1.20s/it][A

 96%|█████████▌| 25/26 [00:28<00:01,  1.20s/it][A

100%|██████████| 26/26 [00:30<00:00,  1.21s/it][A

                                               
[A
                                                      

100%|██████████| 26/26 [00:30<00:00,  1.21s/it][A
 51%|█████     | 780/1530 [2:16:29<1:44:41,  8.38s/it]

                                               [A{'eval_loss': 0.9218880534172058, 'eval_macro_recall': 0.6394104308390023, 'eval_macro_precision': 0.6181717443792631, 'eval_macro_f1': 0.6072928936470248, 'eval_accuracy': 0.6808252427184466, 'eval_micro_recall': 0.6808252427184466, 'eval_micro_precision': 0.6808252427184466, 'eval_micro_f1': 0.6808252427184466, 'eval_runtime': 32.5081, 'eval_samples_per_second': 25.348, 'eval_steps_per_second': 0.8, 'epoch': 15.0}

 51%|█████     | 781/1530 [2:16:44<4:11:34, 20.15s/it]
 51%|█████     | 782/1530 [2:16:54<3:32:51, 17.07s/it]
 51%|█████     | 783/1530 [2:17:04<3:05:43, 14.92s/it]
 51%|█████     | 784/1530 [2:17:14<2:46:44, 13.41s/it]
 51%|█████▏    | 785/1530 [2:17:27<2:47:56, 13.53s/it]
 51%|█████▏    | 786/1530 [2:17:37<2:34:46, 12.48s/it]
 51%|█████▏    | 787/1530 [2:17:47<2:24:57, 11.71s/it]
 52%|█████▏    | 788/1530 [2:17:57<2:18:03, 11.16s/it]
 52%|█████▏    | 789/1530 [2:18:07<2:13:10, 10.78s/it]
 52%|█████▏    | 790/1530 [2:18:17<2:09:42, 10.52s/it]
 52%|█████▏    | 791/1530 [2:18:27<2:07:15, 10.33s/it]
 52%|█████▏    | 792/1530 [2:18:37<2:05:28, 10.20s/it]
 52%|█████▏    | 793/1530 [2:18:47<2:04:12, 10.11s/it]
 52%|█████▏    | 794/1530 [2:18:57<2:03:15, 10.05s/it]
 52%|█████▏    | 795/1530 [2:19:06<2:02:32, 10.00s/it]
 52%|█████▏    | 796/1530 [2:19:16<2:02:01,  9.98s/it]
 52%|█████▏    | 797/1530 [2:19:26<2:01:34,  9.95s/it]
 52%|█████▏    | 798/1530 [2:19:36<2:01:13,  9.94s/it]
 52%|█████▏    | 799/1530 [2:19:46<2:00:56,  9.93s/it]
 52%|█████▏    | 800/1530 [2:19:56<2:00:41,  9.92s/it]
 52%|█████▏    | 801/1530 [2:20:06<2:00:27,  9.91s/it]
 52%|█████▏    | 802/1530 [2:20:16<2:00:14,  9.91s/it]
 52%|█████▏    | 803/1530 [2:20:26<2:00:03,  9.91s/it]
 53%|█████▎    | 804/1530 [2:20:36<1:59:51,  9.91s/it]
 53%|█████▎    | 805/1530 [2:20:45<1:59:41,  9.90s/it]
 53%|█████▎    | 806/1530 [2:20:55<1:59:30,  9.90s/it]
 53%|█████▎    | 807/1530 [2:21:05<1:59:21,  9.90s/it]
 53%|█████▎    | 808/1530 [2:21:15<1:59:11,  9.90s/it]
 53%|█████▎    | 809/1530 [2:21:25<1:59:00,  9.90s/it]
 53%|█████▎    | 810/1530 [2:21:35<1:58:51,  9.90s/it]
 53%|█████▎    | 811/1530 [2:21:45<1:58:41,  9.90s/it]
 53%|█████▎    | 812/1530 [2:21:55<1:58:30,  9.90s/it]
 53%|█████▎    | 813/1530 [2:22:05<1:58:20,  9.90s/it]
 53%|█████▎    | 814/1530 [2:22:15<1:58:10,  9.90s/it]
 53%|█████▎    | 815/1530 [2:22:25<1:58:01,  9.90s/it]
 53%|█████▎    | 816/1530 [2:22:34<1:57:52,  9.91s/it]
 53%|█████▎    | 817/1530 [2:22:44<1:57:42,  9.90s/it]
 53%|█████▎    | 818/1530 [2:22:54<1:57:32,  9.90s/it]
 54%|█████▎    | 819/1530 [2:23:04<1:57:21,  9.90s/it]
 54%|█████▎    | 820/1530 [2:23:14<1:57:12,  9.91s/it]
 54%|█████▎    | 821/1530 [2:23:24<1:57:02,  9.91s/it]
 54%|█████▎    | 822/1530 [2:23:34<1:56:52,  9.90s/it]
 54%|█████▍    | 823/1530 [2:23:44<1:56:41,  9.90s/it]
 54%|█████▍    | 824/1530 [2:23:54<1:56:31,  9.90s/it]
 54%|█████▍    | 825/1530 [2:24:04<1:56:21,  9.90s/it]
 54%|█████▍    | 826/1530 [2:24:13<1:56:11,  9.90s/it]
 54%|█████▍    | 827/1530 [2:24:23<1:56:01,  9.90s/it]
 54%|█████▍    | 828/1530 [2:24:33<1:55:52,  9.90s/it]
 54%|█████▍    | 829/1530 [2:24:43<1:55:41,  9.90s/it]
 54%|█████▍    | 830/1530 [2:24:53<1:55:32,  9.90s/it]
 54%|█████▍    | 831/1530 [2:25:03<1:55:23,  9.91s/it]
 54%|█████▍    | 832/1530 [2:25:08<1:37:13,  8.36s/it]
                                                      

 54%|█████▍    | 832/1530 [2:25:08<1:37:13,  8.36s/it]{'loss': 0.8145, 'grad_norm': 2.0502400398254395, 'learning_rate': 2.281045751633987e-05, 'epoch': 16.0}


  0%|          | 0/26 [00:00<?, ?it/s][A

  8%|▊         | 2/26 [00:01<00:14,  1.66it/s][A

 12%|█▏        | 3/26 [00:02<00:19,  1.17it/s][A

 15%|█▌        | 4/26 [00:03<00:21,  1.02it/s][A

 19%|█▉        | 5/26 [00:04<00:22,  1.06s/it][A

 23%|██▎       | 6/26 [00:06<00:22,  1.10s/it][A

 27%|██▋       | 7/26 [00:07<00:21,  1.14s/it][A

 31%|███       | 8/26 [00:08<00:20,  1.16s/it][A

 35%|███▍      | 9/26 [00:09<00:19,  1.17s/it][A

 38%|███▊      | 10/26 [00:10<00:18,  1.18s/it][A

 42%|████▏     | 11/26 [00:12<00:17,  1.19s/it][A

 46%|████▌     | 12/26 [00:13<00:16,  1.19s/it][A

 50%|█████     | 13/26 [00:14<00:15,  1.19s/it][A

 54%|█████▍    | 14/26 [00:15<00:14,  1.20s/it][A

 58%|█████▊    | 15/26 [00:16<00:13,  1.20s/it][A

 62%|██████▏   | 16/26 [00:18<00:11,  1.20s/it][A

 65%|██████▌   | 17/26 [00:19<00:10,  1.20s/it][A

 69%|██████▉   | 18/26 [00:20<00:09,  1.20s/it][A

 73%|███████▎  | 19/26 [00:21<00:08,  1.20s/it][A

 77%|███████▋  | 20/26 [00:22<00:07,  1.20s/it][A

 81%|████████  | 21/26 [00:24<00:06,  1.20s/it][A

 85%|████████▍ | 22/26 [00:25<00:04,  1.20s/it][A

 88%|████████▊ | 23/26 [00:26<00:03,  1.20s/it][A

 92%|█████████▏| 24/26 [00:27<00:02,  1.20s/it][A

 96%|█████████▌| 25/26 [00:28<00:01,  1.20s/it][A

100%|██████████| 26/26 [00:29<00:00,  1.15s/it][A

                                               
[A
                                                      

100%|██████████| 26/26 [00:30<00:00,  1.15s/it][A
 54%|█████▍    | 832/1530 [2:25:39<1:37:13,  8.36s/it]

                                               [A{'eval_loss': 0.8905192017555237, 'eval_macro_recall': 0.6573083900226757, 'eval_macro_precision': 0.6336986872776347, 'eval_macro_f1': 0.6213273721413483, 'eval_accuracy': 0.6881067961165048, 'eval_micro_recall': 0.6881067961165048, 'eval_micro_precision': 0.6881067961165048, 'eval_micro_f1': 0.6881067961165048, 'eval_runtime': 31.3844, 'eval_samples_per_second': 26.255, 'eval_steps_per_second': 0.828, 'epoch': 16.0}

 54%|█████▍    | 833/1530 [2:25:53<3:46:55, 19.53s/it]
 55%|█████▍    | 834/1530 [2:26:03<3:13:02, 16.64s/it]
 55%|█████▍    | 835/1530 [2:26:13<2:49:19, 14.62s/it]
 55%|█████▍    | 836/1530 [2:26:23<2:32:41, 13.20s/it]
 55%|█████▍    | 837/1530 [2:26:33<2:21:01, 12.21s/it]
 55%|█████▍    | 838/1530 [2:26:43<2:12:49, 11.52s/it]
 55%|█████▍    | 839/1530 [2:26:53<2:07:02, 11.03s/it]
 55%|█████▍    | 840/1530 [2:27:03<2:02:56, 10.69s/it]
 55%|█████▍    | 841/1530 [2:27:13<2:00:02, 10.45s/it]
 55%|█████▌    | 842/1530 [2:27:22<1:57:59, 10.29s/it]
 55%|█████▌    | 843/1530 [2:27:32<1:56:28, 10.17s/it]
 55%|█████▌    | 844/1530 [2:27:42<1:55:20, 10.09s/it]
 55%|█████▌    | 845/1530 [2:27:52<1:54:30, 10.03s/it]
 55%|█████▌    | 846/1530 [2:28:02<1:53:53,  9.99s/it]
 55%|█████▌    | 847/1530 [2:28:12<1:53:24,  9.96s/it]
 55%|█████▌    | 848/1530 [2:28:22<1:53:03,  9.95s/it]
 55%|█████▌    | 849/1530 [2:28:32<1:52:45,  9.93s/it]
 56%|█████▌    | 850/1530 [2:28:42<1:52:28,  9.92s/it]
 56%|█████▌    | 851/1530 [2:28:52<1:52:17,  9.92s/it]
 56%|█████▌    | 852/1530 [2:29:01<1:52:02,  9.92s/it]
 56%|█████▌    | 853/1530 [2:29:11<1:51:50,  9.91s/it]
 56%|█████▌    | 854/1530 [2:29:21<1:51:36,  9.91s/it]
 56%|█████▌    | 855/1530 [2:29:31<1:51:27,  9.91s/it]
 56%|█████▌    | 856/1530 [2:29:41<1:51:16,  9.91s/it]
 56%|█████▌    | 857/1530 [2:29:51<1:51:05,  9.90s/it]
 56%|█████▌    | 858/1530 [2:30:01<1:50:53,  9.90s/it]
 56%|█████▌    | 859/1530 [2:30:11<1:50:42,  9.90s/it]
 56%|█████▌    | 860/1530 [2:30:21<1:50:34,  9.90s/it]
 56%|█████▋    | 861/1530 [2:30:31<1:50:22,  9.90s/it]
 56%|█████▋    | 862/1530 [2:30:40<1:50:12,  9.90s/it]
 56%|█████▋    | 863/1530 [2:30:50<1:50:04,  9.90s/it]
 56%|█████▋    | 864/1530 [2:31:00<1:49:53,  9.90s/it]
 57%|█████▋    | 865/1530 [2:31:10<1:49:43,  9.90s/it]
 57%|█████▋    | 866/1530 [2:31:20<1:49:34,  9.90s/it]
 57%|█████▋    | 867/1530 [2:31:30<1:49:27,  9.91s/it]
 57%|█████▋    | 868/1530 [2:31:40<1:49:17,  9.91s/it]
 57%|█████▋    | 869/1530 [2:31:50<1:49:06,  9.90s/it]
 57%|█████▋    | 870/1530 [2:32:00<1:48:57,  9.91s/it]
 57%|█████▋    | 871/1530 [2:32:10<1:48:45,  9.90s/it]
 57%|█████▋    | 872/1530 [2:32:19<1:48:34,  9.90s/it]
 57%|█████▋    | 873/1530 [2:32:29<1:48:23,  9.90s/it]
 57%|█████▋    | 874/1530 [2:32:39<1:48:13,  9.90s/it]
 57%|█████▋    | 875/1530 [2:32:49<1:48:02,  9.90s/it]
 57%|█████▋    | 876/1530 [2:32:59<1:47:56,  9.90s/it]
 57%|█████▋    | 877/1530 [2:33:09<1:47:45,  9.90s/it]
 57%|█████▋    | 878/1530 [2:33:19<1:47:34,  9.90s/it]
 57%|█████▋    | 879/1530 [2:33:29<1:47:26,  9.90s/it]
 58%|█████▊    | 880/1530 [2:33:39<1:47:14,  9.90s/it]
 58%|█████▊    | 881/1530 [2:33:49<1:47:04,  9.90s/it]
 58%|█████▊    | 882/1530 [2:33:58<1:46:53,  9.90s/it]
 58%|█████▊    | 883/1530 [2:34:08<1:46:43,  9.90s/it]
 58%|█████▊    | 884/1530 [2:34:13<1:29:55,  8.35s/it]
                                                      

 58%|█████▊    | 884/1530 [2:34:13<1:29:55,  8.35s/it]{'loss': 0.7841, 'grad_norm': 1.3048425912857056, 'learning_rate': 2.111111111111111e-05, 'epoch': 17.0}


  0%|          | 0/26 [00:00<?, ?it/s][A

  8%|▊         | 2/26 [00:01<00:14,  1.67it/s][A

 12%|█▏        | 3/26 [00:02<00:19,  1.18it/s][A

 15%|█▌        | 4/26 [00:03<00:21,  1.02it/s][A

 19%|█▉        | 5/26 [00:04<00:22,  1.05s/it][A

 23%|██▎       | 6/26 [00:05<00:22,  1.10s/it][A

 27%|██▋       | 7/26 [00:07<00:21,  1.13s/it][A

 31%|███       | 8/26 [00:08<00:20,  1.15s/it][A

 35%|███▍      | 9/26 [00:09<00:19,  1.17s/it][A

 38%|███▊      | 10/26 [00:10<00:18,  1.18s/it][A

 42%|████▏     | 11/26 [00:11<00:17,  1.18s/it][A

 46%|████▌     | 12/26 [00:13<00:16,  1.19s/it][A

 50%|█████     | 13/26 [00:14<00:15,  1.19s/it][A

 54%|█████▍    | 14/26 [00:15<00:14,  1.19s/it][A

 58%|█████▊    | 15/26 [00:16<00:13,  1.19s/it][A

 62%|██████▏   | 16/26 [00:17<00:11,  1.20s/it][A

 65%|██████▌   | 17/26 [00:19<00:10,  1.20s/it][A

 69%|██████▉   | 18/26 [00:20<00:09,  1.20s/it][A

 73%|███████▎  | 19/26 [00:21<00:08,  1.20s/it][A

 77%|███████▋  | 20/26 [00:22<00:07,  1.20s/it][A

 81%|████████  | 21/26 [00:23<00:05,  1.20s/it][A

 85%|████████▍ | 22/26 [00:25<00:04,  1.20s/it][A

 88%|████████▊ | 23/26 [00:26<00:03,  1.20s/it][A

 92%|█████████▏| 24/26 [00:27<00:02,  1.20s/it][A

 96%|█████████▌| 25/26 [00:28<00:01,  1.20s/it][A

100%|██████████| 26/26 [00:29<00:00,  1.14s/it][A

                                               
[A
                                                      

100%|██████████| 26/26 [00:29<00:00,  1.14s/it][A
 58%|█████▊    | 884/1530 [2:34:45<1:29:55,  8.35s/it]

                                               [A{'eval_loss': 0.8801570534706116, 'eval_macro_recall': 0.6572844774273345, 'eval_macro_precision': 0.6298098926971107, 'eval_macro_f1': 0.6240353104670201, 'eval_accuracy': 0.6905339805825242, 'eval_micro_recall': 0.6905339805825242, 'eval_micro_precision': 0.6905339805825242, 'eval_micro_f1': 0.6905339805825242, 'eval_runtime': 31.2759, 'eval_samples_per_second': 26.346, 'eval_steps_per_second': 0.831, 'epoch': 17.0}

 58%|█████▊    | 885/1530 [2:34:58<3:28:54, 19.43s/it]
 58%|█████▊    | 886/1530 [2:35:08<2:57:55, 16.58s/it]
 58%|█████▊    | 887/1530 [2:35:18<2:36:10, 14.57s/it]
 58%|█████▊    | 888/1530 [2:35:28<2:20:55, 13.17s/it]
 58%|█████▊    | 889/1530 [2:35:38<2:10:11, 12.19s/it]
 58%|█████▊    | 890/1530 [2:35:48<2:02:39, 11.50s/it]
 58%|█████▊    | 891/1530 [2:35:58<1:57:19, 11.02s/it]
 58%|█████▊    | 892/1530 [2:36:08<1:53:32, 10.68s/it]
 58%|█████▊    | 893/1530 [2:36:18<1:50:54, 10.45s/it]
 58%|█████▊    | 894/1530 [2:36:27<1:49:01, 10.28s/it]
 58%|█████▊    | 895/1530 [2:36:37<1:47:37, 10.17s/it]
 59%|█████▊    | 896/1530 [2:36:47<1:46:35, 10.09s/it]
 59%|█████▊    | 897/1530 [2:36:57<1:45:48, 10.03s/it]
 59%|█████▊    | 898/1530 [2:37:07<1:45:12,  9.99s/it]
 59%|█████▉    | 899/1530 [2:37:17<1:44:44,  9.96s/it]
 59%|█████▉    | 900/1530 [2:37:27<1:44:22,  9.94s/it]
 59%|█████▉    | 901/1530 [2:37:37<1:44:03,  9.93s/it]
 59%|█████▉    | 902/1530 [2:37:47<1:43:48,  9.92s/it]
 59%|█████▉    | 903/1530 [2:37:57<1:43:33,  9.91s/it]
 59%|█████▉    | 904/1530 [2:38:06<1:43:21,  9.91s/it]
 59%|█████▉    | 905/1530 [2:38:16<1:43:09,  9.90s/it]
 59%|█████▉    | 906/1530 [2:38:26<1:42:57,  9.90s/it]
 59%|█████▉    | 907/1530 [2:38:36<1:42:47,  9.90s/it]
 59%|█████▉    | 908/1530 [2:38:46<1:42:39,  9.90s/it]
 59%|█████▉    | 909/1530 [2:38:56<1:42:27,  9.90s/it]
 59%|█████▉    | 910/1530 [2:39:06<1:42:16,  9.90s/it]
 60%|█████▉    | 911/1530 [2:39:16<1:42:06,  9.90s/it]
 60%|█████▉    | 912/1530 [2:39:26<1:41:55,  9.90s/it]
 60%|█████▉    | 913/1530 [2:39:35<1:41:45,  9.90s/it]
 60%|█████▉    | 914/1530 [2:39:45<1:41:35,  9.90s/it]
 60%|█████▉    | 915/1530 [2:39:55<1:41:25,  9.90s/it]
 60%|█████▉    | 916/1530 [2:40:05<1:41:15,  9.90s/it]
 60%|█████▉    | 917/1530 [2:40:15<1:41:06,  9.90s/it]
 60%|██████    | 918/1530 [2:40:25<1:40:57,  9.90s/it]
 60%|██████    | 919/1530 [2:40:35<1:40:46,  9.90s/it]
 60%|██████    | 920/1530 [2:40:45<1:40:37,  9.90s/it]
 60%|██████    | 921/1530 [2:40:55<1:40:27,  9.90s/it]
 60%|██████    | 922/1530 [2:41:05<1:40:17,  9.90s/it]
 60%|██████    | 923/1530 [2:41:14<1:40:07,  9.90s/it]
 60%|██████    | 924/1530 [2:41:24<1:39:57,  9.90s/it]
 60%|██████    | 925/1530 [2:41:34<1:39:47,  9.90s/it]
 61%|██████    | 926/1530 [2:41:44<1:39:37,  9.90s/it]
 61%|██████    | 927/1530 [2:41:54<1:39:27,  9.90s/it]
 61%|██████    | 928/1530 [2:42:04<1:39:17,  9.90s/it]
 61%|██████    | 929/1530 [2:42:14<1:39:07,  9.90s/it]
 61%|██████    | 930/1530 [2:42:24<1:38:57,  9.90s/it]
 61%|██████    | 931/1530 [2:42:34<1:38:48,  9.90s/it]
 61%|██████    | 932/1530 [2:42:44<1:38:37,  9.90s/it]
 61%|██████    | 933/1530 [2:42:53<1:38:27,  9.90s/it]
 61%|██████    | 934/1530 [2:43:03<1:38:18,  9.90s/it]
 61%|██████    | 935/1530 [2:43:13<1:38:08,  9.90s/it]
 61%|██████    | 936/1530 [2:43:18<1:22:41,  8.35s/it]
                                                      

 61%|██████    | 936/1530 [2:43:18<1:22:41,  8.35s/it]{'loss': 0.7604, 'grad_norm': 2.5700085163116455, 'learning_rate': 1.9411764705882355e-05, 'epoch': 18.0}


  0%|          | 0/26 [00:00<?, ?it/s][A

  8%|▊         | 2/26 [00:01<00:14,  1.67it/s][A

 12%|█▏        | 3/26 [00:02<00:19,  1.18it/s][A

 15%|█▌        | 4/26 [00:03<00:21,  1.02it/s][A

 19%|█▉        | 5/26 [00:04<00:22,  1.05s/it][A

 23%|██▎       | 6/26 [00:05<00:22,  1.10s/it][A

 27%|██▋       | 7/26 [00:07<00:21,  1.13s/it][A

 31%|███       | 8/26 [00:08<00:20,  1.15s/it][A

 35%|███▍      | 9/26 [00:09<00:19,  1.17s/it][A

 38%|███▊      | 10/26 [00:10<00:18,  1.18s/it][A

 42%|████▏     | 11/26 [00:11<00:17,  1.18s/it][A

 46%|████▌     | 12/26 [00:13<00:16,  1.19s/it][A

 50%|█████     | 13/26 [00:14<00:15,  1.19s/it][A

 54%|█████▍    | 14/26 [00:15<00:14,  1.19s/it][A

 58%|█████▊    | 15/26 [00:16<00:13,  1.19s/it][A

 62%|██████▏   | 16/26 [00:17<00:11,  1.20s/it][A

 65%|██████▌   | 17/26 [00:19<00:10,  1.20s/it][A

 69%|██████▉   | 18/26 [00:20<00:09,  1.20s/it][A

 73%|███████▎  | 19/26 [00:21<00:08,  1.20s/it][A

 77%|███████▋  | 20/26 [00:22<00:07,  1.20s/it][A

 81%|████████  | 21/26 [00:23<00:05,  1.20s/it][A

 85%|████████▍ | 22/26 [00:25<00:04,  1.20s/it][A

 88%|████████▊ | 23/26 [00:26<00:03,  1.20s/it][A

 92%|█████████▏| 24/26 [00:27<00:02,  1.20s/it][A

 96%|█████████▌| 25/26 [00:28<00:01,  1.20s/it][A

100%|██████████| 26/26 [00:29<00:00,  1.16s/it][A

                                               
[A
                                                      

100%|██████████| 26/26 [00:29<00:00,  1.16s/it][A
 61%|██████    | 936/1530 [2:43:49<1:22:41,  8.35s/it]

                                               [A{'eval_loss': 0.8667925596237183, 'eval_macro_recall': 0.6758140589569162, 'eval_macro_precision': 0.6544493141631574, 'eval_macro_f1': 0.6431651689485275, 'eval_accuracy': 0.7135922330097088, 'eval_micro_recall': 0.7135922330097088, 'eval_micro_precision': 0.7135922330097088, 'eval_micro_f1': 0.7135922330097088, 'eval_runtime': 31.3407, 'eval_samples_per_second': 26.292, 'eval_steps_per_second': 0.83, 'epoch': 18.0}

 61%|██████    | 937/1530 [2:44:03<3:11:52, 19.41s/it]
 61%|██████▏   | 938/1530 [2:44:13<2:43:21, 16.56s/it]
 61%|██████▏   | 939/1530 [2:44:23<2:23:23, 14.56s/it]
 61%|██████▏   | 940/1530 [2:44:33<2:09:22, 13.16s/it]
 62%|██████▏   | 941/1530 [2:44:43<1:59:32, 12.18s/it]
 62%|██████▏   | 942/1530 [2:44:53<1:52:37, 11.49s/it]
 62%|██████▏   | 943/1530 [2:45:03<1:47:43, 11.01s/it]
 62%|██████▏   | 944/1530 [2:45:12<1:44:16, 10.68s/it]
 62%|██████▏   | 945/1530 [2:45:22<1:41:48, 10.44s/it]
 62%|██████▏   | 946/1530 [2:45:32<1:40:01, 10.28s/it]
 62%|██████▏   | 947/1530 [2:45:42<1:38:43, 10.16s/it]
 62%|██████▏   | 948/1530 [2:45:52<1:37:47, 10.08s/it]
 62%|██████▏   | 949/1530 [2:46:02<1:37:04, 10.02s/it]
 62%|██████▏   | 950/1530 [2:46:12<1:36:31,  9.99s/it]
 62%|██████▏   | 951/1530 [2:46:22<1:36:05,  9.96s/it]
 62%|██████▏   | 952/1530 [2:46:32<1:35:44,  9.94s/it]
 62%|██████▏   | 953/1530 [2:46:41<1:35:28,  9.93s/it]
 62%|██████▏   | 954/1530 [2:46:51<1:35:12,  9.92s/it]
 62%|██████▏   | 955/1530 [2:47:01<1:34:58,  9.91s/it]
 62%|██████▏   | 956/1530 [2:47:11<1:34:54,  9.92s/it]
 63%|██████▎   | 957/1530 [2:47:21<1:34:40,  9.91s/it]
 63%|██████▎   | 958/1530 [2:47:31<1:34:26,  9.91s/it]
 63%|██████▎   | 959/1530 [2:47:41<1:34:14,  9.90s/it]
 63%|██████▎   | 960/1530 [2:47:51<1:34:02,  9.90s/it]
 63%|██████▎   | 961/1530 [2:48:01<1:33:52,  9.90s/it]
 63%|██████▎   | 962/1530 [2:48:11<1:33:41,  9.90s/it]
 63%|██████▎   | 963/1530 [2:48:20<1:33:31,  9.90s/it]
 63%|██████▎   | 964/1530 [2:48:30<1:33:20,  9.90s/it]
 63%|██████▎   | 965/1530 [2:48:40<1:33:11,  9.90s/it]
 63%|██████▎   | 966/1530 [2:48:50<1:33:01,  9.90s/it]
 63%|██████▎   | 967/1530 [2:49:00<1:32:51,  9.90s/it]
 63%|██████▎   | 968/1530 [2:49:10<1:32:41,  9.90s/it]
 63%|██████▎   | 969/1530 [2:49:20<1:32:31,  9.90s/it]
 63%|██████▎   | 970/1530 [2:49:30<1:32:22,  9.90s/it]
 63%|██████▎   | 971/1530 [2:49:40<1:33:34, 10.04s/it]
 64%|██████▎   | 972/1530 [2:49:50<1:32:59, 10.00s/it]
 64%|██████▎   | 973/1530 [2:50:00<1:32:32,  9.97s/it]
 64%|██████▎   | 974/1530 [2:50:10<1:32:10,  9.95s/it]
 64%|██████▎   | 975/1530 [2:50:20<1:31:52,  9.93s/it]
 64%|██████▍   | 976/1530 [2:50:30<1:31:36,  9.92s/it]
 64%|██████▍   | 977/1530 [2:50:40<1:31:21,  9.91s/it]
 64%|██████▍   | 978/1530 [2:50:49<1:31:09,  9.91s/it]
 64%|██████▍   | 979/1530 [2:50:59<1:30:56,  9.90s/it]
 64%|██████▍   | 980/1530 [2:51:09<1:30:44,  9.90s/it]
 64%|██████▍   | 981/1530 [2:51:19<1:30:34,  9.90s/it]
 64%|██████▍   | 982/1530 [2:51:29<1:30:23,  9.90s/it]
 64%|██████▍   | 983/1530 [2:51:39<1:30:13,  9.90s/it]
 64%|██████▍   | 984/1530 [2:51:49<1:30:03,  9.90s/it]
 64%|██████▍   | 985/1530 [2:51:59<1:29:52,  9.89s/it]
 64%|██████▍   | 986/1530 [2:52:09<1:29:42,  9.89s/it]
 65%|██████▍   | 987/1530 [2:52:18<1:29:31,  9.89s/it]
 65%|██████▍   | 988/1530 [2:52:23<1:15:23,  8.35s/it]
                                                      

 65%|██████▍   | 988/1530 [2:52:23<1:15:23,  8.35s/it]{'loss': 0.7369, 'grad_norm': 1.5754300355911255, 'learning_rate': 1.7712418300653595e-05, 'epoch': 19.0}


  0%|          | 0/26 [00:00<?, ?it/s][A

  8%|▊         | 2/26 [00:01<00:14,  1.67it/s][A

 12%|█▏        | 3/26 [00:02<00:19,  1.18it/s][A

 15%|█▌        | 4/26 [00:03<00:21,  1.02it/s][A

 19%|█▉        | 5/26 [00:04<00:22,  1.06s/it][A

 23%|██▎       | 6/26 [00:05<00:22,  1.10s/it][A

 27%|██▋       | 7/26 [00:07<00:21,  1.13s/it][A

 31%|███       | 8/26 [00:08<00:20,  1.16s/it][A

 35%|███▍      | 9/26 [00:09<00:19,  1.17s/it][A

 38%|███▊      | 10/26 [00:10<00:18,  1.18s/it][A

 42%|████▏     | 11/26 [00:11<00:17,  1.19s/it][A

 46%|████▌     | 12/26 [00:13<00:16,  1.19s/it][A

 50%|█████     | 13/26 [00:14<00:15,  1.19s/it][A

 54%|█████▍    | 14/26 [00:15<00:14,  1.19s/it][A

 58%|█████▊    | 15/26 [00:16<00:13,  1.20s/it][A

 62%|██████▏   | 16/26 [00:17<00:11,  1.20s/it][A

 65%|██████▌   | 17/26 [00:19<00:10,  1.20s/it][A

 69%|██████▉   | 18/26 [00:20<00:09,  1.20s/it][A

 73%|███████▎  | 19/26 [00:21<00:08,  1.20s/it][A

 77%|███████▋  | 20/26 [00:22<00:07,  1.20s/it][A

 81%|████████  | 21/26 [00:24<00:06,  1.20s/it][A

 85%|████████▍ | 22/26 [00:25<00:04,  1.20s/it][A

 88%|████████▊ | 23/26 [00:26<00:03,  1.20s/it][A

 92%|█████████▏| 24/26 [00:27<00:02,  1.20s/it][A

 96%|█████████▌| 25/26 [00:28<00:01,  1.20s/it][A

100%|██████████| 26/26 [00:29<00:00,  1.14s/it][A

                                               
[A
                                                      

100%|██████████| 26/26 [00:29<00:00,  1.14s/it][A
 65%|██████▍   | 988/1530 [2:52:55<1:15:23,  8.35s/it]

                                               [A{'eval_loss': 0.8476423025131226, 'eval_macro_recall': 0.6805056689342404, 'eval_macro_precision': 0.6478546724787325, 'eval_macro_f1': 0.6449231246909265, 'eval_accuracy': 0.7184466019417476, 'eval_micro_recall': 0.7184466019417476, 'eval_micro_precision': 0.7184466019417476, 'eval_micro_f1': 0.7184466019417476, 'eval_runtime': 31.4784, 'eval_samples_per_second': 26.177, 'eval_steps_per_second': 0.826, 'epoch': 19.0}

 65%|██████▍   | 989/1530 [2:53:08<2:55:13, 19.43s/it]
 65%|██████▍   | 990/1530 [2:53:18<2:29:09, 16.57s/it]
 65%|██████▍   | 991/1530 [2:53:28<2:10:54, 14.57s/it]
 65%|██████▍   | 992/1530 [2:53:38<1:58:05, 13.17s/it]
 65%|██████▍   | 993/1530 [2:53:48<1:49:05, 12.19s/it]
 65%|██████▍   | 994/1530 [2:53:58<1:42:44, 11.50s/it]
 65%|██████▌   | 995/1530 [2:54:08<1:38:15, 11.02s/it]
 65%|██████▌   | 996/1530 [2:54:18<1:35:04, 10.68s/it]
 65%|██████▌   | 997/1530 [2:54:28<1:32:49, 10.45s/it]
 65%|██████▌   | 998/1530 [2:54:38<1:31:11, 10.28s/it]
 65%|██████▌   | 999/1530 [2:54:47<1:29:59, 10.17s/it]
 65%|██████▌   | 1000/1530 [2:54:57<1:29:06, 10.09s/it]
 65%|██████▌   | 1001/1530 [2:55:07<1:28:27, 10.03s/it]
 65%|██████▌   | 1002/1530 [2:55:17<1:27:56,  9.99s/it]
 66%|██████▌   | 1003/1530 [2:55:27<1:27:31,  9.97s/it]
 66%|██████▌   | 1004/1530 [2:55:37<1:27:11,  9.95s/it]
 66%|██████▌   | 1005/1530 [2:55:52<1:40:35, 11.50s/it]
 66%|██████▌   | 1006/1530 [2:56:02<1:36:24, 11.04s/it]
 66%|██████▌   | 1007/1530 [2:56:12<1:33:15, 10.70s/it]
 66%|██████▌   | 1008/1530 [2:56:22<1:30:59, 10.46s/it]
 66%|██████▌   | 1009/1530 [2:56:32<1:29:22, 10.29s/it]
 66%|██████▌   | 1010/1530 [2:56:42<1:28:10, 10.17s/it]
 66%|██████▌   | 1011/1530 [2:56:52<1:27:18, 10.09s/it]
 66%|██████▌   | 1012/1530 [2:57:01<1:26:38, 10.04s/it]
 66%|██████▌   | 1013/1530 [2:57:11<1:26:08, 10.00s/it]
 66%|██████▋   | 1014/1530 [2:57:21<1:25:44,  9.97s/it]
 66%|██████▋   | 1015/1530 [2:57:31<1:25:24,  9.95s/it]
 66%|██████▋   | 1016/1530 [2:57:41<1:25:07,  9.94s/it]
 66%|██████▋   | 1017/1530 [2:57:51<1:24:52,  9.93s/it]
 67%|██████▋   | 1018/1530 [2:58:01<1:24:39,  9.92s/it]
 67%|██████▋   | 1019/1530 [2:58:11<1:24:28,  9.92s/it]
 67%|██████▋   | 1020/1530 [2:58:21<1:24:17,  9.92s/it]
 67%|██████▋   | 1021/1530 [2:58:31<1:24:05,  9.91s/it]
 67%|██████▋   | 1022/1530 [2:58:41<1:23:55,  9.91s/it]
 67%|██████▋   | 1023/1530 [2:58:50<1:23:44,  9.91s/it]
 67%|██████▋   | 1024/1530 [2:59:00<1:23:34,  9.91s/it]
 67%|██████▋   | 1025/1530 [2:59:10<1:23:23,  9.91s/it]
 67%|██████▋   | 1026/1530 [2:59:20<1:23:13,  9.91s/it]
 67%|██████▋   | 1027/1530 [2:59:30<1:23:04,  9.91s/it]
 67%|██████▋   | 1028/1530 [2:59:40<1:22:54,  9.91s/it]
 67%|██████▋   | 1029/1530 [2:59:50<1:22:45,  9.91s/it]
 67%|██████▋   | 1030/1530 [3:00:00<1:22:36,  9.91s/it]
 67%|██████▋   | 1031/1530 [3:00:10<1:22:25,  9.91s/it]
 67%|██████▋   | 1032/1530 [3:00:20<1:22:15,  9.91s/it]
 68%|██████▊   | 1033/1530 [3:00:30<1:22:05,  9.91s/it]
 68%|██████▊   | 1034/1530 [3:00:39<1:21:54,  9.91s/it]
 68%|██████▊   | 1035/1530 [3:00:49<1:21:44,  9.91s/it]
 68%|██████▊   | 1036/1530 [3:00:59<1:21:34,  9.91s/it]
 68%|██████▊   | 1037/1530 [3:01:09<1:21:24,  9.91s/it]
 68%|██████▊   | 1038/1530 [3:01:19<1:21:44,  9.97s/it]
 68%|██████▊   | 1039/1530 [3:01:29<1:21:25,  9.95s/it]
 68%|██████▊   | 1040/1530 [3:01:34<1:08:32,  8.39s/it]
                                                       

 68%|██████▊   | 1040/1530 [3:01:34<1:08:32,  8.39s/it]{'loss': 0.7181, 'grad_norm': 1.7512727975845337, 'learning_rate': 1.6013071895424836e-05, 'epoch': 20.0}


  0%|          | 0/26 [00:00<?, ?it/s][A

  8%|▊         | 2/26 [00:01<00:14,  1.66it/s][A

 12%|█▏        | 3/26 [00:02<00:19,  1.18it/s][A

 15%|█▌        | 4/26 [00:03<00:21,  1.02it/s][A

 19%|█▉        | 5/26 [00:04<00:22,  1.06s/it][A

 23%|██▎       | 6/26 [00:06<00:22,  1.10s/it][A

 27%|██▋       | 7/26 [00:07<00:21,  1.14s/it][A

 31%|███       | 8/26 [00:08<00:20,  1.16s/it][A

 35%|███▍      | 9/26 [00:09<00:19,  1.17s/it][A

 38%|███▊      | 10/26 [00:10<00:18,  1.18s/it][A

 42%|████▏     | 11/26 [00:12<00:17,  1.19s/it][A

 46%|████▌     | 12/26 [00:13<00:16,  1.19s/it][A

 50%|█████     | 13/26 [00:14<00:15,  1.19s/it][A

 54%|█████▍    | 14/26 [00:15<00:14,  1.20s/it][A

 58%|█████▊    | 15/26 [00:16<00:13,  1.20s/it][A

 62%|██████▏   | 16/26 [00:18<00:11,  1.20s/it][A

 65%|██████▌   | 17/26 [00:19<00:10,  1.20s/it][A

 69%|██████▉   | 18/26 [00:20<00:09,  1.20s/it][A

 73%|███████▎  | 19/26 [00:21<00:08,  1.20s/it][A

 77%|███████▋  | 20/26 [00:22<00:07,  1.20s/it][A

 81%|████████  | 21/26 [00:24<00:06,  1.20s/it][A

 85%|████████▍ | 22/26 [00:25<00:04,  1.20s/it][A

 88%|████████▊ | 23/26 [00:26<00:03,  1.20s/it][A

 92%|█████████▏| 24/26 [00:27<00:02,  1.20s/it][A

 96%|█████████▌| 25/26 [00:28<00:01,  1.20s/it][A

100%|██████████| 26/26 [00:29<00:00,  1.15s/it][A

                                               
[A
                                                       

100%|██████████| 26/26 [00:30<00:00,  1.15s/it][A
 68%|██████▊   | 1040/1530 [3:02:07<1:08:32,  8.39s/it]

                                               [A{'eval_loss': 0.8589310050010681, 'eval_macro_recall': 0.6726689342403627, 'eval_macro_precision': 0.6534759876714764, 'eval_macro_f1': 0.6431188104543103, 'eval_accuracy': 0.712378640776699, 'eval_micro_recall': 0.712378640776699, 'eval_micro_precision': 0.712378640776699, 'eval_micro_f1': 0.712378640776699, 'eval_runtime': 31.7421, 'eval_samples_per_second': 25.959, 'eval_steps_per_second': 0.819, 'epoch': 20.0}

 68%|██████▊   | 1041/1530 [3:02:21<2:42:56, 19.99s/it]
 68%|██████▊   | 1042/1530 [3:02:31<2:18:01, 16.97s/it]
 68%|██████▊   | 1043/1530 [3:02:41<2:00:32, 14.85s/it]
 68%|██████▊   | 1044/1530 [3:02:51<1:48:16, 13.37s/it]
 68%|██████▊   | 1045/1530 [3:03:01<1:39:38, 12.33s/it]
 68%|██████▊   | 1046/1530 [3:03:11<1:33:36, 11.60s/it]
 68%|██████▊   | 1047/1530 [3:03:20<1:29:17, 11.09s/it]
 68%|██████▊   | 1048/1530 [3:03:30<1:26:14, 10.73s/it]
 69%|██████▊   | 1049/1530 [3:03:40<1:24:02, 10.48s/it]
 69%|██████▊   | 1050/1530 [3:03:50<1:22:27, 10.31s/it]
 69%|██████▊   | 1051/1530 [3:04:00<1:21:18, 10.19s/it]
 69%|██████▉   | 1052/1530 [3:04:10<1:20:27, 10.10s/it]
 69%|██████▉   | 1053/1530 [3:04:20<1:19:49, 10.04s/it]
 69%|██████▉   | 1054/1530 [3:04:30<1:19:19, 10.00s/it]
 69%|██████▉   | 1055/1530 [3:04:40<1:18:54,  9.97s/it]
 69%|██████▉   | 1056/1530 [3:04:50<1:18:34,  9.95s/it]
 69%|██████▉   | 1057/1530 [3:04:59<1:18:17,  9.93s/it]
 69%|██████▉   | 1058/1530 [3:05:09<1:18:02,  9.92s/it]
 69%|██████▉   | 1059/1530 [3:05:19<1:17:52,  9.92s/it]
 69%|██████▉   | 1060/1530 [3:05:29<1:17:40,  9.92s/it]
 69%|██████▉   | 1061/1530 [3:05:39<1:17:29,  9.91s/it]
 69%|██████▉   | 1062/1530 [3:05:49<1:17:17,  9.91s/it]
 69%|██████▉   | 1063/1530 [3:05:59<1:17:06,  9.91s/it]
 70%|██████▉   | 1064/1530 [3:06:09<1:16:55,  9.90s/it]
 70%|██████▉   | 1065/1530 [3:06:19<1:16:44,  9.90s/it]
 70%|██████▉   | 1066/1530 [3:06:29<1:16:34,  9.90s/it]
 70%|██████▉   | 1067/1530 [3:06:38<1:16:23,  9.90s/it]
 70%|██████▉   | 1068/1530 [3:06:48<1:16:13,  9.90s/it]
 70%|██████▉   | 1069/1530 [3:06:58<1:16:03,  9.90s/it]
 70%|██████▉   | 1070/1530 [3:07:08<1:15:53,  9.90s/it]
 70%|███████   | 1071/1530 [3:07:18<1:15:43,  9.90s/it]
 70%|███████   | 1072/1530 [3:07:28<1:15:33,  9.90s/it]
 70%|███████   | 1073/1530 [3:07:38<1:15:23,  9.90s/it]
 70%|███████   | 1074/1530 [3:07:48<1:15:13,  9.90s/it]
 70%|███████   | 1075/1530 [3:07:58<1:15:03,  9.90s/it]
 70%|███████   | 1076/1530 [3:08:08<1:14:52,  9.90s/it]
 70%|███████   | 1077/1530 [3:08:17<1:14:45,  9.90s/it]
 70%|███████   | 1078/1530 [3:08:27<1:14:36,  9.90s/it]
 71%|███████   | 1079/1530 [3:08:37<1:14:26,  9.90s/it]
 71%|███████   | 1080/1530 [3:08:47<1:14:16,  9.90s/it]
 71%|███████   | 1081/1530 [3:08:57<1:14:05,  9.90s/it]
 71%|███████   | 1082/1530 [3:09:07<1:13:55,  9.90s/it]
 71%|███████   | 1083/1530 [3:09:17<1:13:47,  9.90s/it]
 71%|███████   | 1084/1530 [3:09:27<1:13:36,  9.90s/it]
 71%|███████   | 1085/1530 [3:09:37<1:13:26,  9.90s/it]
 71%|███████   | 1086/1530 [3:09:47<1:13:15,  9.90s/it]
 71%|███████   | 1087/1530 [3:09:56<1:13:05,  9.90s/it]
 71%|███████   | 1088/1530 [3:10:06<1:12:57,  9.90s/it]
 71%|███████   | 1089/1530 [3:10:16<1:12:47,  9.90s/it]
 71%|███████   | 1090/1530 [3:10:26<1:12:37,  9.90s/it]
 71%|███████▏  | 1091/1530 [3:10:36<1:12:26,  9.90s/it]
 71%|███████▏  | 1092/1530 [3:10:41<1:01:01,  8.36s/it]
                                                       

 71%|███████▏  | 1092/1530 [3:10:41<1:01:01,  8.36s/it]{'loss': 0.7032, 'grad_norm': 1.7077150344848633, 'learning_rate': 1.4313725490196078e-05, 'epoch': 21.0}


  0%|          | 0/26 [00:00<?, ?it/s][A

  8%|▊         | 2/26 [00:01<00:14,  1.66it/s][A

 12%|█▏        | 3/26 [00:02<00:19,  1.18it/s][A

 15%|█▌        | 4/26 [00:03<00:21,  1.02it/s][A

 19%|█▉        | 5/26 [00:04<00:22,  1.06s/it][A

 23%|██▎       | 6/26 [00:05<00:22,  1.10s/it][A

 27%|██▋       | 7/26 [00:07<00:21,  1.13s/it][A

 31%|███       | 8/26 [00:08<00:20,  1.15s/it][A

 35%|███▍      | 9/26 [00:09<00:19,  1.17s/it][A

 38%|███▊      | 10/26 [00:10<00:18,  1.18s/it][A

 42%|████▏     | 11/26 [00:11<00:17,  1.18s/it][A

 46%|████▌     | 12/26 [00:13<00:16,  1.19s/it][A

 50%|█████     | 13/26 [00:14<00:15,  1.19s/it][A

 54%|█████▍    | 14/26 [00:15<00:14,  1.19s/it][A

 58%|█████▊    | 15/26 [00:16<00:13,  1.20s/it][A

 62%|██████▏   | 16/26 [00:17<00:11,  1.20s/it][A

 65%|██████▌   | 17/26 [00:19<00:10,  1.20s/it][A

 69%|██████▉   | 18/26 [00:20<00:09,  1.20s/it][A

 73%|███████▎  | 19/26 [00:21<00:08,  1.20s/it][A

 77%|███████▋  | 20/26 [00:22<00:07,  1.20s/it][A

 81%|████████  | 21/26 [00:23<00:06,  1.20s/it][A

 85%|████████▍ | 22/26 [00:25<00:04,  1.20s/it][A

 88%|████████▊ | 23/26 [00:26<00:03,  1.20s/it][A

 92%|█████████▏| 24/26 [00:27<00:02,  1.20s/it][A

 96%|█████████▌| 25/26 [00:28<00:01,  1.20s/it][A

100%|██████████| 26/26 [00:29<00:00,  1.14s/it][A

                                               
[A
                                                       

100%|██████████| 26/26 [00:30<00:00,  1.14s/it][A
 71%|███████▏  | 1092/1530 [3:11:13<1:01:01,  8.36s/it]

                                               [A{'eval_loss': 0.8500622510910034, 'eval_macro_recall': 0.6735260770975056, 'eval_macro_precision': 0.6529884995342757, 'eval_macro_f1': 0.6436355914446024, 'eval_accuracy': 0.7148058252427184, 'eval_micro_recall': 0.7148058252427184, 'eval_micro_precision': 0.7148058252427184, 'eval_micro_f1': 0.7148058252427183, 'eval_runtime': 31.3492, 'eval_samples_per_second': 26.285, 'eval_steps_per_second': 0.829, 'epoch': 21.0}

 71%|███████▏  | 1093/1530 [3:11:28<2:25:47, 20.02s/it]
 72%|███████▏  | 1094/1530 [3:11:38<2:03:22, 16.98s/it]
 72%|███████▏  | 1095/1530 [3:11:48<1:47:44, 14.86s/it]
 72%|███████▏  | 1096/1530 [3:11:58<1:36:43, 13.37s/it]
 72%|███████▏  | 1097/1530 [3:12:08<1:28:58, 12.33s/it]
 72%|███████▏  | 1098/1530 [3:12:18<1:23:31, 11.60s/it]
 72%|███████▏  | 1099/1530 [3:12:27<1:19:39, 11.09s/it]
 72%|███████▏  | 1100/1530 [3:12:37<1:16:54, 10.73s/it]
 72%|███████▏  | 1101/1530 [3:12:47<1:14:56, 10.48s/it]
 72%|███████▏  | 1102/1530 [3:12:57<1:13:31, 10.31s/it]
 72%|███████▏  | 1103/1530 [3:13:07<1:12:28, 10.18s/it]
 72%|███████▏  | 1104/1530 [3:13:17<1:11:41, 10.10s/it]
 72%|███████▏  | 1105/1530 [3:13:27<1:11:06, 10.04s/it]
 72%|███████▏  | 1106/1530 [3:13:37<1:10:37,  9.99s/it]
 72%|███████▏  | 1107/1530 [3:13:47<1:10:15,  9.97s/it]
 72%|███████▏  | 1108/1530 [3:13:57<1:09:56,  9.94s/it]
 72%|███████▏  | 1109/1530 [3:14:06<1:09:40,  9.93s/it]
 73%|███████▎  | 1110/1530 [3:14:16<1:09:26,  9.92s/it]
 73%|███████▎  | 1111/1530 [3:14:26<1:09:13,  9.91s/it]
 73%|███████▎  | 1112/1530 [3:14:36<1:09:02,  9.91s/it]
 73%|███████▎  | 1113/1530 [3:14:46<1:08:50,  9.90s/it]
 73%|███████▎  | 1114/1530 [3:14:56<1:08:39,  9.90s/it]
 73%|███████▎  | 1115/1530 [3:15:06<1:08:28,  9.90s/it]
 73%|███████▎  | 1116/1530 [3:15:18<1:13:44, 10.69s/it]
 73%|███████▎  | 1117/1530 [3:15:28<1:12:08, 10.48s/it]
 73%|███████▎  | 1118/1530 [3:15:38<1:10:45, 10.30s/it]
 73%|███████▎  | 1119/1530 [3:15:48<1:09:44, 10.18s/it]
 73%|███████▎  | 1120/1530 [3:15:58<1:08:59, 10.10s/it]
 73%|███████▎  | 1121/1530 [3:16:08<1:08:24, 10.03s/it]
 73%|███████▎  | 1122/1530 [3:16:18<1:07:57,  9.99s/it]
 73%|███████▎  | 1123/1530 [3:16:28<1:07:36,  9.97s/it]
 73%|███████▎  | 1124/1530 [3:16:38<1:07:17,  9.95s/it]
 74%|███████▎  | 1125/1530 [3:16:48<1:07:02,  9.93s/it]
 74%|███████▎  | 1126/1530 [3:16:57<1:06:48,  9.92s/it]
 74%|███████▎  | 1127/1530 [3:17:07<1:06:35,  9.92s/it]
 74%|███████▎  | 1128/1530 [3:17:17<1:06:23,  9.91s/it]
 74%|███████▍  | 1129/1530 [3:17:27<1:06:13,  9.91s/it]
 74%|███████▍  | 1130/1530 [3:17:37<1:06:02,  9.91s/it]
 74%|███████▍  | 1131/1530 [3:17:47<1:05:52,  9.91s/it]
 74%|███████▍  | 1132/1530 [3:17:57<1:05:41,  9.90s/it]
 74%|███████▍  | 1133/1530 [3:18:07<1:05:30,  9.90s/it]
 74%|███████▍  | 1134/1530 [3:18:17<1:05:20,  9.90s/it]
 74%|███████▍  | 1135/1530 [3:18:26<1:05:10,  9.90s/it]
 74%|███████▍  | 1136/1530 [3:18:36<1:05:00,  9.90s/it]
 74%|███████▍  | 1137/1530 [3:18:46<1:04:50,  9.90s/it]
 74%|███████▍  | 1138/1530 [3:18:56<1:04:41,  9.90s/it]
 74%|███████▍  | 1139/1530 [3:19:06<1:04:30,  9.90s/it]
 75%|███████▍  | 1140/1530 [3:19:16<1:04:21,  9.90s/it]
 75%|███████▍  | 1141/1530 [3:19:26<1:04:11,  9.90s/it]
 75%|███████▍  | 1142/1530 [3:19:36<1:04:09,  9.92s/it]
 75%|███████▍  | 1143/1530 [3:19:46<1:03:57,  9.92s/it]
 75%|███████▍  | 1144/1530 [3:19:51<53:48,  8.36s/it]  
                                                     

 75%|███████▍  | 1144/1530 [3:19:51<53:48,  8.36s/it]{'loss': 0.6857, 'grad_norm': 1.831800937652588, 'learning_rate': 1.261437908496732e-05, 'epoch': 22.0}


  0%|          | 0/26 [00:00<?, ?it/s][A

  8%|▊         | 2/26 [00:01<00:14,  1.66it/s][A

 12%|█▏        | 3/26 [00:02<00:19,  1.18it/s][A

 15%|█▌        | 4/26 [00:03<00:21,  1.02it/s][A

 19%|█▉        | 5/26 [00:04<00:22,  1.06s/it][A

 23%|██▎       | 6/26 [00:06<00:22,  1.10s/it][A

 27%|██▋       | 7/26 [00:07<00:21,  1.13s/it][A

 31%|███       | 8/26 [00:08<00:20,  1.16s/it][A

 35%|███▍      | 9/26 [00:09<00:19,  1.17s/it][A

 38%|███▊      | 10/26 [00:10<00:18,  1.18s/it][A

 42%|████▏     | 11/26 [00:12<00:17,  1.19s/it][A

 46%|████▌     | 12/26 [00:13<00:16,  1.19s/it][A

 50%|█████     | 13/26 [00:14<00:15,  1.19s/it][A

 54%|█████▍    | 14/26 [00:15<00:14,  1.20s/it][A

 58%|█████▊    | 15/26 [00:16<00:13,  1.20s/it][A

 62%|██████▏   | 16/26 [00:18<00:11,  1.20s/it][A

 65%|██████▌   | 17/26 [00:19<00:10,  1.20s/it][A

 69%|██████▉   | 18/26 [00:20<00:09,  1.20s/it][A

 73%|███████▎  | 19/26 [00:21<00:08,  1.20s/it][A

 77%|███████▋  | 20/26 [00:22<00:07,  1.20s/it][A

 81%|████████  | 21/26 [00:24<00:06,  1.20s/it][A

 85%|████████▍ | 22/26 [00:25<00:04,  1.20s/it][A

 88%|████████▊ | 23/26 [00:26<00:03,  1.20s/it][A

 92%|█████████▏| 24/26 [00:27<00:02,  1.20s/it][A

 96%|█████████▌| 25/26 [00:28<00:01,  1.20s/it][A

100%|██████████| 26/26 [00:29<00:00,  1.14s/it][A

                                               
[A
                                                     

100%|██████████| 26/26 [00:30<00:00,  1.14s/it][A
 75%|███████▍  | 1144/1530 [3:20:22<53:48,  8.36s/it]

                                               [A{'eval_loss': 0.8613632321357727, 'eval_macro_recall': 0.6686553287981859, 'eval_macro_precision': 0.6560064263222157, 'eval_macro_f1': 0.6419160358711768, 'eval_accuracy': 0.7002427184466019, 'eval_micro_recall': 0.7002427184466019, 'eval_micro_precision': 0.7002427184466019, 'eval_micro_f1': 0.7002427184466019, 'eval_runtime': 31.5791, 'eval_samples_per_second': 26.093, 'eval_steps_per_second': 0.823, 'epoch': 22.0}

 75%|███████▍  | 1145/1530 [3:20:37<2:06:06, 19.65s/it]
 75%|███████▍  | 1146/1530 [3:20:46<1:47:02, 16.73s/it]
 75%|███████▍  | 1147/1530 [3:20:56<1:33:41, 14.68s/it]
 75%|███████▌  | 1148/1530 [3:21:06<1:24:18, 13.24s/it]
 75%|███████▌  | 1149/1530 [3:21:16<1:17:42, 12.24s/it]
 75%|███████▌  | 1150/1530 [3:21:26<1:13:02, 11.53s/it]
 75%|███████▌  | 1151/1530 [3:21:36<1:09:44, 11.04s/it]
 75%|███████▌  | 1152/1530 [3:21:46<1:07:23, 10.70s/it]
 75%|███████▌  | 1153/1530 [3:21:56<1:05:41, 10.46s/it]
 75%|███████▌  | 1154/1530 [3:22:06<1:04:28, 10.29s/it]
 75%|███████▌  | 1155/1530 [3:22:15<1:03:33, 10.17s/it]
 76%|███████▌  | 1156/1530 [3:22:25<1:02:52, 10.09s/it]
 76%|███████▌  | 1157/1530 [3:22:35<1:02:34, 10.07s/it]
 76%|███████▌  | 1158/1530 [3:22:45<1:02:05, 10.01s/it]
 76%|███████▌  | 1159/1530 [3:22:55<1:01:41,  9.98s/it]
 76%|███████▌  | 1160/1530 [3:23:05<1:01:22,  9.95s/it]
 76%|███████▌  | 1161/1530 [3:23:15<1:01:06,  9.94s/it]
 76%|███████▌  | 1162/1530 [3:23:25<1:00:51,  9.92s/it]
 76%|███████▌  | 1163/1530 [3:23:35<1:00:38,  9.91s/it]
 76%|███████▌  | 1164/1530 [3:23:45<1:00:26,  9.91s/it]
 76%|███████▌  | 1165/1530 [3:23:55<1:00:14,  9.90s/it]
 76%|███████▌  | 1166/1530 [3:24:04<1:00:03,  9.90s/it]
 76%|███████▋  | 1167/1530 [3:24:14<59:53,  9.90s/it]  
 76%|███████▋  | 1168/1530 [3:24:24<59:43,  9.90s/it]
 76%|███████▋  | 1169/1530 [3:24:34<59:32,  9.90s/it]
 76%|███████▋  | 1170/1530 [3:24:44<59:22,  9.90s/it]
 77%|███████▋  | 1171/1530 [3:24:54<59:12,  9.90s/it]
 77%|███████▋  | 1172/1530 [3:25:04<59:02,  9.89s/it]
 77%|███████▋  | 1173/1530 [3:25:14<58:51,  9.89s/it]
 77%|███████▋  | 1174/1530 [3:25:24<58:41,  9.89s/it]
 77%|███████▋  | 1175/1530 [3:25:33<58:31,  9.89s/it]
 77%|███████▋  | 1176/1530 [3:25:43<58:22,  9.89s/it]
 77%|███████▋  | 1177/1530 [3:25:53<58:12,  9.89s/it]
 77%|███████▋  | 1178/1530 [3:26:03<58:02,  9.89s/it]
 77%|███████▋  | 1179/1530 [3:26:13<57:52,  9.89s/it]
 77%|███████▋  | 1180/1530 [3:26:23<57:42,  9.89s/it]
 77%|███████▋  | 1181/1530 [3:26:33<57:32,  9.89s/it]
 77%|███████▋  | 1182/1530 [3:26:43<57:22,  9.89s/it]
 77%|███████▋  | 1183/1530 [3:26:53<57:12,  9.89s/it]
 77%|███████▋  | 1184/1530 [3:27:02<57:03,  9.89s/it]
 77%|███████▋  | 1185/1530 [3:27:12<56:53,  9.89s/it]
 78%|███████▊  | 1186/1530 [3:27:22<56:44,  9.90s/it]
 78%|███████▊  | 1187/1530 [3:27:32<56:33,  9.89s/it]
 78%|███████▊  | 1188/1530 [3:27:42<56:23,  9.89s/it]
 78%|███████▊  | 1189/1530 [3:27:52<56:13,  9.89s/it]
 78%|███████▊  | 1190/1530 [3:28:02<56:03,  9.89s/it]
 78%|███████▊  | 1191/1530 [3:28:12<55:53,  9.89s/it]
 78%|███████▊  | 1192/1530 [3:28:22<55:44,  9.89s/it]
 78%|███████▊  | 1193/1530 [3:28:32<55:34,  9.89s/it]
 78%|███████▊  | 1194/1530 [3:28:41<55:23,  9.89s/it]
 78%|███████▊  | 1195/1530 [3:28:51<55:14,  9.89s/it]
 78%|███████▊  | 1196/1530 [3:28:56<46:28,  8.35s/it]
                                                     

 78%|███████▊  | 1196/1530 [3:28:56<46:28,  8.35s/it]{'loss': 0.6697, 'grad_norm': 1.6467584371566772, 'learning_rate': 1.0915032679738562e-05, 'epoch': 23.0}


  0%|          | 0/26 [00:00<?, ?it/s][A

  8%|▊         | 2/26 [00:01<00:14,  1.67it/s][A

 12%|█▏        | 3/26 [00:02<00:19,  1.18it/s][A

 15%|█▌        | 4/26 [00:03<00:21,  1.02it/s][A

 19%|█▉        | 5/26 [00:04<00:22,  1.06s/it][A

 23%|██▎       | 6/26 [00:05<00:22,  1.10s/it][A

 27%|██▋       | 7/26 [00:07<00:21,  1.13s/it][A

 31%|███       | 8/26 [00:08<00:20,  1.15s/it][A

 35%|███▍      | 9/26 [00:09<00:19,  1.17s/it][A

 38%|███▊      | 10/26 [00:10<00:18,  1.18s/it][A

 42%|████▏     | 11/26 [00:11<00:17,  1.18s/it][A

 46%|████▌     | 12/26 [00:13<00:16,  1.19s/it][A

 50%|█████     | 13/26 [00:14<00:15,  1.19s/it][A

 54%|█████▍    | 14/26 [00:15<00:14,  1.19s/it][A

 58%|█████▊    | 15/26 [00:16<00:13,  1.20s/it][A

 62%|██████▏   | 16/26 [00:17<00:11,  1.20s/it][A

 65%|██████▌   | 17/26 [00:19<00:10,  1.20s/it][A

 69%|██████▉   | 18/26 [00:20<00:09,  1.20s/it][A

 73%|███████▎  | 19/26 [00:21<00:08,  1.20s/it][A

 77%|███████▋  | 20/26 [00:22<00:07,  1.20s/it][A

 81%|████████  | 21/26 [00:23<00:05,  1.20s/it][A

 85%|████████▍ | 22/26 [00:25<00:04,  1.20s/it][A

 88%|████████▊ | 23/26 [00:26<00:03,  1.20s/it][A

 92%|█████████▏| 24/26 [00:27<00:02,  1.20s/it][A

 96%|█████████▌| 25/26 [00:28<00:01,  1.20s/it][A

100%|██████████| 26/26 [00:29<00:00,  1.14s/it][A

                                               
[A
                                                     

100%|██████████| 26/26 [00:29<00:00,  1.14s/it][A
 78%|███████▊  | 1196/1530 [3:29:28<46:28,  8.35s/it]

                                               [A{'eval_loss': 0.8558444380760193, 'eval_macro_recall': 0.6761315192743764, 'eval_macro_precision': 0.6554566102235274, 'eval_macro_f1': 0.6459581115724415, 'eval_accuracy': 0.7111650485436893, 'eval_micro_recall': 0.7111650485436893, 'eval_micro_precision': 0.7111650485436893, 'eval_micro_f1': 0.7111650485436893, 'eval_runtime': 31.3189, 'eval_samples_per_second': 26.31, 'eval_steps_per_second': 0.83, 'epoch': 23.0}

 78%|███████▊  | 1197/1530 [3:29:41<1:47:59, 19.46s/it]
 78%|███████▊  | 1198/1530 [3:29:51<1:31:48, 16.59s/it]
 78%|███████▊  | 1199/1530 [3:30:01<1:20:27, 14.58s/it]
 78%|███████▊  | 1200/1530 [3:30:11<1:12:28, 13.18s/it]
 78%|███████▊  | 1201/1530 [3:30:21<1:06:51, 12.19s/it]
 79%|███████▊  | 1202/1530 [3:30:31<1:02:53, 11.51s/it]
 79%|███████▊  | 1203/1530 [3:30:41<1:00:04, 11.02s/it]
 79%|███████▊  | 1204/1530 [3:30:51<58:03, 10.69s/it]  
 79%|███████▉  | 1205/1530 [3:31:01<56:37, 10.45s/it]
 79%|███████▉  | 1206/1530 [3:31:11<55:33, 10.29s/it]
 79%|███████▉  | 1207/1530 [3:31:20<54:45, 10.17s/it]
 79%|███████▉  | 1208/1530 [3:31:30<54:09, 10.09s/it]
 79%|███████▉  | 1209/1530 [3:31:40<53:41, 10.04s/it]
 79%|███████▉  | 1210/1530 [3:31:50<53:18, 10.00s/it]
 79%|███████▉  | 1211/1530 [3:32:00<53:00,  9.97s/it]
 79%|███████▉  | 1212/1530 [3:32:10<52:44,  9.95s/it]
 79%|███████▉  | 1213/1530 [3:32:20<52:35,  9.95s/it]
 79%|███████▉  | 1214/1530 [3:32:30<52:20,  9.94s/it]
 79%|███████▉  | 1215/1530 [3:32:40<52:07,  9.93s/it]
 79%|███████▉  | 1216/1530 [3:32:50<51:55,  9.92s/it]
 80%|███████▉  | 1217/1530 [3:33:00<51:44,  9.92s/it]
 80%|███████▉  | 1218/1530 [3:33:09<51:33,  9.91s/it]
 80%|███████▉  | 1219/1530 [3:33:19<51:22,  9.91s/it]
 80%|███████▉  | 1220/1530 [3:33:29<51:11,  9.91s/it]
 80%|███████▉  | 1221/1530 [3:33:39<51:01,  9.91s/it]
 80%|███████▉  | 1222/1530 [3:33:49<50:51,  9.91s/it]
 80%|███████▉  | 1223/1530 [3:33:59<50:40,  9.91s/it]
 80%|████████  | 1224/1530 [3:34:09<50:31,  9.91s/it]
 80%|████████  | 1225/1530 [3:34:19<50:20,  9.90s/it]
 80%|████████  | 1226/1530 [3:34:29<50:10,  9.90s/it]
 80%|████████  | 1227/1530 [3:34:39<50:00,  9.90s/it]
 80%|████████  | 1228/1530 [3:34:49<49:51,  9.90s/it]
 80%|████████  | 1229/1530 [3:34:58<49:41,  9.90s/it]
 80%|████████  | 1230/1530 [3:35:08<49:31,  9.90s/it]
 80%|████████  | 1231/1530 [3:35:18<49:20,  9.90s/it]
 81%|████████  | 1232/1530 [3:35:28<49:11,  9.90s/it]
 81%|████████  | 1233/1530 [3:35:38<49:01,  9.90s/it]
 81%|████████  | 1234/1530 [3:35:48<48:52,  9.91s/it]
 81%|████████  | 1235/1530 [3:35:58<48:42,  9.91s/it]
 81%|████████  | 1236/1530 [3:36:08<48:31,  9.90s/it]
 81%|████████  | 1237/1530 [3:36:18<48:21,  9.90s/it]
 81%|████████  | 1238/1530 [3:36:28<48:12,  9.91s/it]
 81%|████████  | 1239/1530 [3:36:37<48:03,  9.91s/it]
 81%|████████  | 1240/1530 [3:36:47<47:52,  9.91s/it]
 81%|████████  | 1241/1530 [3:36:57<47:42,  9.91s/it]
 81%|████████  | 1242/1530 [3:37:07<47:32,  9.91s/it]
 81%|████████  | 1243/1530 [3:37:17<47:22,  9.91s/it]
 81%|████████▏ | 1244/1530 [3:37:27<47:12,  9.91s/it]
 81%|████████▏ | 1245/1530 [3:37:37<47:02,  9.90s/it]
 81%|████████▏ | 1246/1530 [3:37:47<46:52,  9.90s/it]
 82%|████████▏ | 1247/1530 [3:37:57<46:42,  9.90s/it]
 82%|████████▏ | 1248/1530 [3:38:01<39:20,  8.37s/it]
                                                     

 82%|████████▏ | 1248/1530 [3:38:02<39:20,  8.37s/it]{'loss': 0.6628, 'grad_norm': 1.4070680141448975, 'learning_rate': 9.215686274509804e-06, 'epoch': 24.0}


  0%|          | 0/26 [00:00<?, ?it/s][A

  8%|▊         | 2/26 [00:01<00:14,  1.66it/s][A

 12%|█▏        | 3/26 [00:02<00:19,  1.18it/s][A

 15%|█▌        | 4/26 [00:03<00:21,  1.02it/s][A

 19%|█▉        | 5/26 [00:04<00:22,  1.06s/it][A

 23%|██▎       | 6/26 [00:05<00:22,  1.10s/it][A

 27%|██▋       | 7/26 [00:07<00:21,  1.13s/it][A

 31%|███       | 8/26 [00:08<00:20,  1.16s/it][A

 35%|███▍      | 9/26 [00:09<00:19,  1.17s/it][A

 38%|███▊      | 10/26 [00:10<00:18,  1.18s/it][A

 42%|████▏     | 11/26 [00:11<00:17,  1.18s/it][A

 46%|████▌     | 12/26 [00:13<00:16,  1.19s/it][A

 50%|█████     | 13/26 [00:14<00:15,  1.19s/it][A

 54%|█████▍    | 14/26 [00:15<00:14,  1.20s/it][A

 58%|█████▊    | 15/26 [00:16<00:13,  1.20s/it][A

 62%|██████▏   | 16/26 [00:17<00:11,  1.20s/it][A

 65%|██████▌   | 17/26 [00:19<00:10,  1.20s/it][A

 69%|██████▉   | 18/26 [00:20<00:09,  1.20s/it][A

 73%|███████▎  | 19/26 [00:21<00:08,  1.20s/it][A

 77%|███████▋  | 20/26 [00:22<00:07,  1.20s/it][A

 81%|████████  | 21/26 [00:24<00:06,  1.20s/it][A

 85%|████████▍ | 22/26 [00:25<00:04,  1.20s/it][A

 88%|████████▊ | 23/26 [00:26<00:03,  1.20s/it][A

 92%|█████████▏| 24/26 [00:27<00:02,  1.20s/it][A

 96%|█████████▌| 25/26 [00:28<00:01,  1.20s/it][A

100%|██████████| 26/26 [00:29<00:00,  1.14s/it][A

                                               
[A
                                                     

100%|██████████| 26/26 [00:29<00:00,  1.14s/it][A
 82%|████████▏ | 1248/1530 [3:38:33<39:20,  8.37s/it]

                                               [A
                                                     

 82%|████████▏ | 1248/1530 [3:38:40<39:20,  8.37s/it]
 82%|████████▏ | 1248/1530 [3:38:40<49:24, 10.51s/it]
2025-04-12 03:23:56.291 | INFO     | __main__:fine_tune:230 - Training time: 13123.55 seconds
{'eval_loss': 0.8485808372497559, 'eval_macro_recall': 0.6724716553287982, 'eval_macro_precision': 0.6532943614447373, 'eval_macro_f1': 0.643392453013594, 'eval_accuracy': 0.7099514563106796, 'eval_micro_recall': 0.7099514563106796, 'eval_micro_precision': 0.7099514563106796, 'eval_micro_f1': 0.7099514563106797, 'eval_runtime': 31.3706, 'eval_samples_per_second': 26.267, 'eval_steps_per_second': 0.829, 'epoch': 24.0}
{'train_runtime': 13120.6201, 'train_samples_per_second': 7.532, 'train_steps_per_second': 0.117, 'train_loss': 1.5006301341912684, 'epoch': 24.0}

  0%|          | 0/26 [00:00<?, ?it/s]
  8%|▊         | 2/26 [00:01<00:14,  1.67it/s]
 12%|█▏        | 3/26 [00:02<00:19,  1.18it/s]
 15%|█▌        | 4/26 [00:03<00:21,  1.02it/s]
 19%|█▉        | 5/26 [00:04<00:22,  1.05s/it]
 23%|██▎       | 6/26 [00:05<00:22,  1.10s/it]
 27%|██▋       | 7/26 [00:07<00:21,  1.13s/it]
 31%|███       | 8/26 [00:08<00:20,  1.15s/it]
 35%|███▍      | 9/26 [00:09<00:19,  1.17s/it]
 38%|███▊      | 10/26 [00:10<00:18,  1.18s/it]
 42%|████▏     | 11/26 [00:11<00:17,  1.18s/it]
 46%|████▌     | 12/26 [00:13<00:16,  1.19s/it]
 50%|█████     | 13/26 [00:14<00:15,  1.19s/it]
 54%|█████▍    | 14/26 [00:15<00:14,  1.19s/it]
 58%|█████▊    | 15/26 [00:16<00:13,  1.19s/it]
 62%|██████▏   | 16/26 [00:17<00:11,  1.20s/it]
 65%|██████▌   | 17/26 [00:19<00:10,  1.20s/it]
 69%|██████▉   | 18/26 [00:20<00:09,  1.20s/it]
 73%|███████▎  | 19/26 [00:21<00:08,  1.20s/it]
 77%|███████▋  | 20/26 [00:22<00:07,  1.20s/it]
 81%|████████  | 21/26 [00:23<00:05,  1.20s/it]
 85%|████████▍ | 22/26 [00:25<00:04,  1.20s/it]
 88%|████████▊ | 23/26 [00:26<00:03,  1.20s/it]
 92%|█████████▏| 24/26 [00:27<00:02,  1.20s/it]
 96%|█████████▌| 25/26 [00:28<00:01,  1.20s/it]
100%|██████████| 26/26 [00:29<00:00,  1.14s/it]
100%|██████████| 26/26 [00:29<00:00,  1.14s/it]
2025-04-12 03:24:27.555 | INFO     | __main__:fine_tune:236 - Prediction time: 31.26 seconds
2025-04-12 03:24:27.560 | INFO     | __main__:CV_run:413 - Fold 3, Final Eval Metrics: loss: 0.85, macro_recall: 0.67, macro_precision: 0.65, macro_f1: 0.64, accuracy: 0.71, micro_recall: 0.71, micro_precision: 0.71, micro_f1: 0.71, runtime: 31.37, samples_per_second: 26.27, steps_per_second: 0.83
2025-04-12 03:24:27.578 | INFO     | __main__:CV_run:351 - Starting fold 4
Some weights of LongformerForSequenceClassification were not initialized from the model checkpoint at allenai/longformer-base-4096 and are newly initialized: ['classifier.dense.bias', 'classifier.dense.weight', 'classifier.out_proj.bias', 'classifier.out_proj.weight']
You should probably TRAIN this model on a down-stream task to be able to use it for predictions and inference.
2025-04-12 03:24:29.961 | INFO     | __main__:CV_run:403 - Starting fine-tuning with cross-entropy loss
2025-04-12 03:24:29.962 | INFO     | __main__:fine_tune:150 - Gradient accumulation steps: 8
Eval results: defaultdict(<class 'list'>, {'loss': [4.7232441902160645, 3.584676504135132, 2.826627016067505, 2.289856433868408, 1.9122765064239502, 1.6459368467330933, 1.427991509437561, 1.2838609218597412, 1.1666704416275024, 1.0898665189743042, 1.0377626419067383, 1.0110011100769043, 0.9536535739898682, 0.9361939430236816, 0.9218880534172058, 0.8905192017555237, 0.8801570534706116, 0.8667925596237183, 0.8476423025131226, 0.8589310050010681, 0.8500622510910034, 0.8613632321357727, 0.8558444380760193, 0.8485808372497559], 'macro_recall': [0.06440886699507388, 0.26563492063492067, 0.34402253238460134, 0.44921541950113386, 0.5101422387136673, 0.5315192743764172, 0.5646802590768107, 0.5768950731807875, 0.6043741496598639, 0.601010101010101, 0.6173265306122449, 0.6258274711399711, 0.6514580498866214, 0.639673469387755, 0.6394104308390023, 0.6573083900226757, 0.6572844774273345, 0.6758140589569162, 0.6805056689342404, 0.6726689342403627, 0.6735260770975056, 0.6686553287981859, 0.6761315192743764, 0.6724716553287982], 'macro_precision': [0.013526900678111891, 0.1568455517264496, 0.23804295641690087, 0.35622448078408314, 0.44317836820190826, 0.4646689475505913, 0.5062784134252433, 0.521537069653036, 0.5495598445526296, 0.5567174731169947, 0.5847102030604905, 0.5767887370803041, 0.6157184444628054, 0.6094402623274803, 0.6181717443792631, 0.6336986872776347, 0.6298098926971107, 0.6544493141631574, 0.6478546724787325, 0.6534759876714764, 0.6529884995342757, 0.6560064263222157, 0.6554566102235274, 0.6532943614447373], 'macro_f1': [0.02077211664621993, 0.17664197806474558, 0.2593737771692581, 0.3733926755057119, 0.4446545393325814, 0.46675751856103276, 0.5058332816377471, 0.522169210508904, 0.5506235090061898, 0.5475774889609547, 0.5769359072022764, 0.5781130568619531, 0.6130052426646951, 0.603366814440487, 0.6072928936470248, 0.6213273721413483, 0.6240353104670201, 0.6431651689485275, 0.6449231246909265, 0.6431188104543103, 0.6436355914446024, 0.6419160358711768, 0.6459581115724415, 0.643392453013594], 'accuracy': [0.07160194174757281, 0.2766990291262136, 0.36529126213592233, 0.47572815533980584, 0.5351941747572816, 0.5655339805825242, 0.6043689320388349, 0.6225728155339806, 0.6516990291262136, 0.6419902912621359, 0.6614077669902912, 0.662621359223301, 0.6905339805825242, 0.6844660194174758, 0.6808252427184466, 0.6881067961165048, 0.6905339805825242, 0.7135922330097088, 0.7184466019417476, 0.712378640776699, 0.7148058252427184, 0.7002427184466019, 0.7111650485436893, 0.7099514563106796], 'micro_recall': [0.07160194174757281, 0.2766990291262136, 0.36529126213592233, 0.47572815533980584, 0.5351941747572816, 0.5655339805825242, 0.6043689320388349, 0.6225728155339806, 0.6516990291262136, 0.6419902912621359, 0.6614077669902912, 0.662621359223301, 0.6905339805825242, 0.6844660194174758, 0.6808252427184466, 0.6881067961165048, 0.6905339805825242, 0.7135922330097088, 0.7184466019417476, 0.712378640776699, 0.7148058252427184, 0.7002427184466019, 0.7111650485436893, 0.7099514563106796], 'micro_precision': [0.07160194174757281, 0.2766990291262136, 0.36529126213592233, 0.47572815533980584, 0.5351941747572816, 0.5655339805825242, 0.6043689320388349, 0.6225728155339806, 0.6516990291262136, 0.6419902912621359, 0.6614077669902912, 0.662621359223301, 0.6905339805825242, 0.6844660194174758, 0.6808252427184466, 0.6881067961165048, 0.6905339805825242, 0.7135922330097088, 0.7184466019417476, 0.712378640776699, 0.7148058252427184, 0.7002427184466019, 0.7111650485436893, 0.7099514563106796], 'micro_f1': [0.07160194174757281, 0.2766990291262136, 0.3652912621359224, 0.47572815533980584, 0.5351941747572816, 0.5655339805825242, 0.6043689320388349, 0.6225728155339806, 0.6516990291262136, 0.6419902912621359, 0.6614077669902912, 0.662621359223301, 0.6905339805825242, 0.6844660194174758, 0.6808252427184466, 0.6881067961165048, 0.6905339805825242, 0.7135922330097088, 0.7184466019417476, 0.712378640776699, 0.7148058252427183, 0.7002427184466019, 0.7111650485436893, 0.7099514563106797], 'runtime': [31.2669, 32.1995, 31.4067, 31.4102, 31.9436, 31.3565, 31.2854, 31.7295, 31.3432, 31.3376, 31.3148, 31.5331, 31.55, 31.3019, 32.5081, 31.3844, 31.2759, 31.3407, 31.4784, 31.7421, 31.3492, 31.5791, 31.3189, 31.3706], 'samples_per_second': [26.354, 25.59, 26.236, 26.234, 25.795, 26.278, 26.338, 25.97, 26.29, 26.294, 26.313, 26.131, 26.117, 26.324, 25.348, 26.255, 26.346, 26.292, 26.177, 25.959, 26.285, 26.093, 26.31, 26.267], 'steps_per_second': [0.832, 0.807, 0.828, 0.828, 0.814, 0.829, 0.831, 0.819, 0.83, 0.83, 0.83, 0.825, 0.824, 0.831, 0.8, 0.828, 0.831, 0.83, 0.826, 0.819, 0.829, 0.823, 0.83, 0.829]})

  0%|          | 0/1530 [00:00<?, ?it/s]
  0%|          | 1/1530 [00:10<4:23:21, 10.33s/it]
  0%|          | 2/1530 [00:20<4:16:35, 10.08s/it]
  0%|          | 3/1530 [00:30<4:14:16,  9.99s/it]
  0%|          | 4/1530 [00:40<4:13:06,  9.95s/it]
  0%|          | 5/1530 [00:49<4:12:22,  9.93s/it]
  0%|          | 6/1530 [00:59<4:11:53,  9.92s/it]
  0%|          | 7/1530 [01:09<4:11:32,  9.91s/it]
  1%|          | 8/1530 [01:19<4:11:14,  9.90s/it]
  1%|          | 9/1530 [01:29<4:11:00,  9.90s/it]
  1%|          | 10/1530 [01:39<4:10:47,  9.90s/it]
  1%|          | 11/1530 [01:49<4:10:37,  9.90s/it]
  1%|          | 12/1530 [01:59<4:10:27,  9.90s/it]
  1%|          | 13/1530 [02:09<4:10:16,  9.90s/it]
  1%|          | 14/1530 [02:18<4:10:06,  9.90s/it]
  1%|          | 15/1530 [02:28<4:10:04,  9.90s/it]
  1%|          | 16/1530 [02:38<4:09:57,  9.91s/it]
  1%|          | 17/1530 [02:48<4:09:48,  9.91s/it]
  1%|          | 18/1530 [02:58<4:09:40,  9.91s/it]
  1%|          | 19/1530 [03:08<4:09:44,  9.92s/it]
  1%|▏         | 20/1530 [03:18<4:09:32,  9.92s/it]
  1%|▏         | 21/1530 [03:28<4:09:22,  9.92s/it]
  1%|▏         | 22/1530 [03:38<4:09:10,  9.91s/it]
  2%|▏         | 23/1530 [03:48<4:08:57,  9.91s/it]
  2%|▏         | 24/1530 [03:58<4:08:45,  9.91s/it]
  2%|▏         | 25/1530 [04:08<4:08:34,  9.91s/it]
  2%|▏         | 26/1530 [04:17<4:08:23,  9.91s/it]
  2%|▏         | 27/1530 [04:27<4:08:10,  9.91s/it]
  2%|▏         | 28/1530 [04:37<4:08:02,  9.91s/it]
  2%|▏         | 29/1530 [04:47<4:07:51,  9.91s/it]
  2%|▏         | 30/1530 [04:57<4:07:41,  9.91s/it]
  2%|▏         | 31/1530 [05:07<4:07:29,  9.91s/it]
  2%|▏         | 32/1530 [05:17<4:07:20,  9.91s/it]
  2%|▏         | 33/1530 [05:27<4:07:11,  9.91s/it]
  2%|▏         | 34/1530 [05:37<4:07:01,  9.91s/it]
  2%|▏         | 35/1530 [05:47<4:06:52,  9.91s/it]
  2%|▏         | 36/1530 [05:56<4:06:42,  9.91s/it]
  2%|▏         | 37/1530 [06:06<4:06:32,  9.91s/it]
  2%|▏         | 38/1530 [06:16<4:06:20,  9.91s/it]
  3%|▎         | 39/1530 [06:26<4:06:11,  9.91s/it]
  3%|▎         | 40/1530 [06:36<4:06:00,  9.91s/it]
  3%|▎         | 41/1530 [06:46<4:05:53,  9.91s/it]
  3%|▎         | 42/1530 [06:56<4:05:41,  9.91s/it]
  3%|▎         | 43/1530 [07:06<4:05:28,  9.90s/it]
  3%|▎         | 44/1530 [07:16<4:05:18,  9.90s/it]
  3%|▎         | 45/1530 [07:26<4:05:10,  9.91s/it]
  3%|▎         | 46/1530 [07:36<4:05:01,  9.91s/it]
  3%|▎         | 47/1530 [07:45<4:04:53,  9.91s/it]
  3%|▎         | 48/1530 [07:55<4:04:42,  9.91s/it]
  3%|▎         | 49/1530 [08:05<4:04:32,  9.91s/it]
  3%|▎         | 50/1530 [08:15<4:04:21,  9.91s/it]
  3%|▎         | 51/1530 [08:25<4:04:12,  9.91s/it]
  3%|▎         | 52/1530 [08:31<3:33:06,  8.65s/it]
                                                   

  3%|▎         | 52/1530 [08:31<3:33:06,  8.65s/it]{'loss': 4.9331, 'grad_norm': 3.2191593647003174, 'learning_rate': 4.830065359477124e-05, 'epoch': 1.0}


  0%|          | 0/26 [00:00<?, ?it/s][A

  8%|▊         | 2/26 [00:01<00:14,  1.67it/s][A

 12%|█▏        | 3/26 [00:02<00:19,  1.18it/s][A

 15%|█▌        | 4/26 [00:03<00:21,  1.02it/s][A

 19%|█▉        | 5/26 [00:04<00:22,  1.06s/it][A

 23%|██▎       | 6/26 [00:06<00:22,  1.11s/it][A

 27%|██▋       | 7/26 [00:07<00:21,  1.14s/it][A

 31%|███       | 8/26 [00:08<00:20,  1.16s/it][A

 35%|███▍      | 9/26 [00:09<00:19,  1.17s/it][A

 38%|███▊      | 10/26 [00:10<00:18,  1.18s/it][A

 42%|████▏     | 11/26 [00:12<00:17,  1.19s/it][A

 46%|████▌     | 12/26 [00:13<00:16,  1.19s/it][A

 50%|█████     | 13/26 [00:14<00:15,  1.19s/it][A

 54%|█████▍    | 14/26 [00:15<00:14,  1.20s/it][A

 58%|█████▊    | 15/26 [00:16<00:13,  1.20s/it][A

 62%|██████▏   | 16/26 [00:18<00:11,  1.20s/it][A

 65%|██████▌   | 17/26 [00:19<00:10,  1.20s/it][A

 69%|██████▉   | 18/26 [00:20<00:09,  1.20s/it][A

 73%|███████▎  | 19/26 [00:21<00:08,  1.20s/it][A

 77%|███████▋  | 20/26 [00:22<00:07,  1.20s/it][A

 81%|████████  | 21/26 [00:24<00:06,  1.20s/it][A

 85%|████████▍ | 22/26 [00:25<00:04,  1.20s/it][A

 88%|████████▊ | 23/26 [00:26<00:03,  1.20s/it][A

 92%|█████████▏| 24/26 [00:27<00:02,  1.20s/it][A

 96%|█████████▌| 25/26 [00:28<00:01,  1.20s/it][A

100%|██████████| 26/26 [00:29<00:00,  1.13s/it][A

                                               
[A
                                                   

100%|██████████| 26/26 [00:29<00:00,  1.13s/it][A
  3%|▎         | 52/1530 [09:02<3:33:06,  8.65s/it]

                                               [A{'eval_loss': 4.339231491088867, 'eval_macro_recall': 0.20623781676413255, 'eval_macro_precision': 0.10603115209079332, 'eval_macro_f1': 0.1216299329138604, 'eval_accuracy': 0.20899149453219928, 'eval_micro_recall': 0.20899149453219928, 'eval_micro_precision': 0.20899149453219928, 'eval_micro_f1': 0.20899149453219928, 'eval_runtime': 31.3213, 'eval_samples_per_second': 26.276, 'eval_steps_per_second': 0.83, 'epoch': 1.0}

  3%|▎         | 53/1530 [09:16<8:05:31, 19.72s/it]
  4%|▎         | 54/1530 [09:26<6:52:39, 16.77s/it]
  4%|▎         | 55/1530 [09:36<6:01:39, 14.71s/it]
  4%|▎         | 56/1530 [09:46<5:25:57, 13.27s/it]
  4%|▎         | 57/1530 [09:56<5:00:54, 12.26s/it]
  4%|▍         | 58/1530 [10:06<4:43:24, 11.55s/it]
  4%|▍         | 59/1530 [10:16<4:31:04, 11.06s/it]
  4%|▍         | 60/1530 [10:26<4:22:22, 10.71s/it]
  4%|▍         | 61/1530 [10:36<4:16:13, 10.47s/it]
  4%|▍         | 62/1530 [10:45<4:11:54, 10.30s/it]
  4%|▍         | 63/1530 [10:55<4:08:49, 10.18s/it]
  4%|▍         | 64/1530 [11:05<4:06:37, 10.09s/it]
  4%|▍         | 65/1530 [11:15<4:05:01, 10.04s/it]
  4%|▍         | 66/1530 [11:25<4:03:55, 10.00s/it]
  4%|▍         | 67/1530 [11:35<4:03:03,  9.97s/it]
  4%|▍         | 68/1530 [11:45<4:02:25,  9.95s/it]
  5%|▍         | 69/1530 [11:55<4:01:52,  9.93s/it]
  5%|▍         | 70/1530 [12:05<4:01:29,  9.92s/it]
  5%|▍         | 71/1530 [12:15<4:01:10,  9.92s/it]
  5%|▍         | 72/1530 [12:24<4:00:53,  9.91s/it]
  5%|▍         | 73/1530 [12:34<4:00:36,  9.91s/it]
  5%|▍         | 74/1530 [12:44<4:00:25,  9.91s/it]
  5%|▍         | 75/1530 [12:54<4:00:12,  9.91s/it]
  5%|▍         | 76/1530 [13:04<3:59:59,  9.90s/it]
  5%|▌         | 77/1530 [13:14<3:59:50,  9.90s/it]
  5%|▌         | 78/1530 [13:24<3:59:38,  9.90s/it]
  5%|▌         | 79/1530 [13:34<3:59:28,  9.90s/it]
  5%|▌         | 80/1530 [13:44<3:59:17,  9.90s/it]
  5%|▌         | 81/1530 [13:54<3:59:07,  9.90s/it]
  5%|▌         | 82/1530 [14:03<3:58:54,  9.90s/it]
  5%|▌         | 83/1530 [14:13<3:58:45,  9.90s/it]
  5%|▌         | 84/1530 [14:23<3:58:34,  9.90s/it]
  6%|▌         | 85/1530 [14:33<3:58:26,  9.90s/it]
  6%|▌         | 86/1530 [14:43<3:58:17,  9.90s/it]
  6%|▌         | 87/1530 [14:53<3:58:06,  9.90s/it]
  6%|▌         | 88/1530 [15:03<3:57:56,  9.90s/it]
  6%|▌         | 89/1530 [15:13<3:57:46,  9.90s/it]
  6%|▌         | 90/1530 [15:23<3:57:37,  9.90s/it]
  6%|▌         | 91/1530 [15:33<3:58:21,  9.94s/it]
  6%|▌         | 92/1530 [15:43<3:57:55,  9.93s/it]
  6%|▌         | 93/1530 [15:53<3:57:31,  9.92s/it]
  6%|▌         | 94/1530 [16:02<3:57:14,  9.91s/it]
  6%|▌         | 95/1530 [16:12<3:57:00,  9.91s/it]
  6%|▋         | 96/1530 [16:22<3:56:46,  9.91s/it]
  6%|▋         | 97/1530 [16:32<3:56:33,  9.91s/it]
  6%|▋         | 98/1530 [16:42<3:56:21,  9.90s/it]
  6%|▋         | 99/1530 [16:52<3:56:09,  9.90s/it]
  7%|▋         | 100/1530 [17:02<3:55:59,  9.90s/it]
  7%|▋         | 101/1530 [17:12<3:55:49,  9.90s/it]
  7%|▋         | 102/1530 [17:22<3:55:37,  9.90s/it]
  7%|▋         | 103/1530 [17:32<3:55:27,  9.90s/it]
  7%|▋         | 104/1530 [17:36<3:19:32,  8.40s/it]
                                                    

  7%|▋         | 104/1530 [17:36<3:19:32,  8.40s/it]{'loss': 3.8031, 'grad_norm': 2.6264007091522217, 'learning_rate': 4.660130718954249e-05, 'epoch': 2.0}


  0%|          | 0/26 [00:00<?, ?it/s][A

  8%|▊         | 2/26 [00:01<00:14,  1.67it/s][A

 12%|█▏        | 3/26 [00:02<00:19,  1.18it/s][A

 15%|█▌        | 4/26 [00:03<00:21,  1.02it/s][A

 19%|█▉        | 5/26 [00:04<00:22,  1.06s/it][A

 23%|██▎       | 6/26 [00:06<00:22,  1.11s/it][A

 27%|██▋       | 7/26 [00:07<00:21,  1.14s/it][A

 31%|███       | 8/26 [00:08<00:20,  1.16s/it][A

 35%|███▍      | 9/26 [00:09<00:19,  1.17s/it][A

 38%|███▊      | 10/26 [00:10<00:18,  1.18s/it][A

 42%|████▏     | 11/26 [00:12<00:17,  1.19s/it][A

 46%|████▌     | 12/26 [00:13<00:16,  1.19s/it][A

 50%|█████     | 13/26 [00:14<00:15,  1.19s/it][A

 54%|█████▍    | 14/26 [00:15<00:14,  1.20s/it][A

 58%|█████▊    | 15/26 [00:16<00:13,  1.20s/it][A

 62%|██████▏   | 16/26 [00:18<00:11,  1.20s/it][A

 65%|██████▌   | 17/26 [00:19<00:10,  1.20s/it][A

 69%|██████▉   | 18/26 [00:20<00:09,  1.20s/it][A

 73%|███████▎  | 19/26 [00:21<00:08,  1.20s/it][A

 77%|███████▋  | 20/26 [00:22<00:07,  1.20s/it][A

 81%|████████  | 21/26 [00:24<00:06,  1.20s/it][A

 85%|████████▍ | 22/26 [00:25<00:04,  1.20s/it][A

 88%|████████▊ | 23/26 [00:26<00:03,  1.20s/it][A

 92%|█████████▏| 24/26 [00:27<00:02,  1.20s/it][A

 96%|█████████▌| 25/26 [00:28<00:01,  1.20s/it][A

100%|██████████| 26/26 [00:29<00:00,  1.14s/it][A

                                               
[A
                                                    

100%|██████████| 26/26 [00:29<00:00,  1.14s/it][A
  7%|▋         | 104/1530 [18:08<3:19:32,  8.40s/it]

                                               [A{'eval_loss': 3.2321441173553467, 'eval_macro_recall': 0.3475076580339738, 'eval_macro_precision': 0.2580303168368476, 'eval_macro_f1': 0.26573627630714824, 'eval_accuracy': 0.3244228432563791, 'eval_micro_recall': 0.3244228432563791, 'eval_micro_precision': 0.3244228432563791, 'eval_micro_f1': 0.3244228432563791, 'eval_runtime': 31.3678, 'eval_samples_per_second': 26.237, 'eval_steps_per_second': 0.829, 'epoch': 2.0}

  7%|▋         | 105/1530 [18:22<7:42:06, 19.46s/it]
  7%|▋         | 106/1530 [18:32<6:33:46, 16.59s/it]
  7%|▋         | 107/1530 [18:41<5:45:51, 14.58s/it]
  7%|▋         | 108/1530 [18:51<5:12:20, 13.18s/it]
  7%|▋         | 109/1530 [19:01<4:48:48, 12.19s/it]
  7%|▋         | 110/1530 [19:11<4:32:20, 11.51s/it]
  7%|▋         | 111/1530 [19:21<4:20:44, 11.03s/it]
  7%|▋         | 112/1530 [19:31<4:12:35, 10.69s/it]
  7%|▋         | 113/1530 [19:41<4:06:50, 10.45s/it]
  7%|▋         | 114/1530 [19:51<4:02:46, 10.29s/it]
  8%|▊         | 115/1530 [20:01<3:59:51, 10.17s/it]
  8%|▊         | 116/1530 [20:11<3:57:46, 10.09s/it]
  8%|▊         | 117/1530 [20:20<3:56:17, 10.03s/it]
  8%|▊         | 118/1530 [20:30<3:55:18, 10.00s/it]
  8%|▊         | 119/1530 [20:40<3:54:28,  9.97s/it]
  8%|▊         | 120/1530 [20:50<3:53:49,  9.95s/it]
  8%|▊         | 121/1530 [21:00<3:53:18,  9.93s/it]
  8%|▊         | 122/1530 [21:10<3:52:54,  9.93s/it]
  8%|▊         | 123/1530 [21:20<3:52:34,  9.92s/it]
  8%|▊         | 124/1530 [21:30<3:52:16,  9.91s/it]
  8%|▊         | 125/1530 [21:40<3:52:14,  9.92s/it]
  8%|▊         | 126/1530 [21:50<3:52:17,  9.93s/it]
  8%|▊         | 127/1530 [22:00<3:51:56,  9.92s/it]
  8%|▊         | 128/1530 [22:09<3:51:38,  9.91s/it]
  8%|▊         | 129/1530 [22:19<3:51:26,  9.91s/it]
  8%|▊         | 130/1530 [22:29<3:51:13,  9.91s/it]
  9%|▊         | 131/1530 [22:39<3:51:03,  9.91s/it]
  9%|▊         | 132/1530 [22:49<3:50:52,  9.91s/it]
  9%|▊         | 133/1530 [22:59<3:50:39,  9.91s/it]
  9%|▉         | 134/1530 [23:09<3:50:28,  9.91s/it]
  9%|▉         | 135/1530 [23:19<3:50:17,  9.91s/it]
  9%|▉         | 136/1530 [23:29<3:50:06,  9.90s/it]
  9%|▉         | 137/1530 [23:39<3:49:57,  9.90s/it]
  9%|▉         | 138/1530 [23:49<3:49:46,  9.90s/it]
  9%|▉         | 139/1530 [23:58<3:49:35,  9.90s/it]
  9%|▉         | 140/1530 [24:08<3:49:25,  9.90s/it]
  9%|▉         | 141/1530 [24:18<3:49:15,  9.90s/it]
  9%|▉         | 142/1530 [24:28<3:49:06,  9.90s/it]
  9%|▉         | 143/1530 [24:38<3:48:57,  9.90s/it]
  9%|▉         | 144/1530 [24:48<3:48:45,  9.90s/it]
  9%|▉         | 145/1530 [24:58<3:48:37,  9.90s/it]
 10%|▉         | 146/1530 [25:08<3:48:26,  9.90s/it]
 10%|▉         | 147/1530 [25:18<3:48:18,  9.90s/it]
 10%|▉         | 148/1530 [25:28<3:48:06,  9.90s/it]
 10%|▉         | 149/1530 [25:37<3:47:56,  9.90s/it]
 10%|▉         | 150/1530 [25:47<3:47:47,  9.90s/it]
 10%|▉         | 151/1530 [25:57<3:47:38,  9.90s/it]
 10%|▉         | 152/1530 [26:07<3:47:28,  9.90s/it]
 10%|█         | 153/1530 [26:17<3:47:17,  9.90s/it]
 10%|█         | 154/1530 [26:27<3:47:08,  9.90s/it]
 10%|█         | 155/1530 [26:37<3:46:58,  9.90s/it]
 10%|█         | 156/1530 [26:42<3:12:28,  8.40s/it]
                                                    

 10%|█         | 156/1530 [26:42<3:12:28,  8.40s/it]{'loss': 2.9255, 'grad_norm': 2.543038845062256, 'learning_rate': 4.490196078431373e-05, 'epoch': 3.0}


  0%|          | 0/26 [00:00<?, ?it/s][A

  8%|▊         | 2/26 [00:01<00:14,  1.67it/s][A

 12%|█▏        | 3/26 [00:02<00:19,  1.18it/s][A

 15%|█▌        | 4/26 [00:03<00:21,  1.02it/s][A

 19%|█▉        | 5/26 [00:04<00:22,  1.06s/it][A

 23%|██▎       | 6/26 [00:06<00:22,  1.11s/it][A

 27%|██▋       | 7/26 [00:07<00:21,  1.14s/it][A

 31%|███       | 8/26 [00:08<00:20,  1.16s/it][A

 35%|███▍      | 9/26 [00:09<00:19,  1.17s/it][A

 38%|███▊      | 10/26 [00:10<00:18,  1.18s/it][A

 42%|████▏     | 11/26 [00:12<00:17,  1.19s/it][A

 46%|████▌     | 12/26 [00:13<00:16,  1.19s/it][A

 50%|█████     | 13/26 [00:14<00:15,  1.19s/it][A

 54%|█████▍    | 14/26 [00:15<00:14,  1.20s/it][A

 58%|█████▊    | 15/26 [00:16<00:13,  1.20s/it][A

 62%|██████▏   | 16/26 [00:18<00:11,  1.20s/it][A

 65%|██████▌   | 17/26 [00:19<00:10,  1.20s/it][A

 69%|██████▉   | 18/26 [00:20<00:09,  1.20s/it][A

 73%|███████▎  | 19/26 [00:21<00:08,  1.20s/it][A

 77%|███████▋  | 20/26 [00:22<00:07,  1.20s/it][A

 81%|████████  | 21/26 [00:24<00:06,  1.20s/it][A

 85%|████████▍ | 22/26 [00:25<00:04,  1.20s/it][A

 88%|████████▊ | 23/26 [00:26<00:03,  1.20s/it][A

 92%|█████████▏| 24/26 [00:27<00:02,  1.20s/it][A

 96%|█████████▌| 25/26 [00:28<00:01,  1.20s/it][A

100%|██████████| 26/26 [00:29<00:00,  1.13s/it][A

                                               
[A
                                                    

100%|██████████| 26/26 [00:29<00:00,  1.13s/it][A
 10%|█         | 156/1530 [27:13<3:12:28,  8.40s/it]

                                               [A{'eval_loss': 2.566819190979004, 'eval_macro_recall': 0.41609579504316346, 'eval_macro_precision': 0.32975400847862535, 'eval_macro_f1': 0.33436124049492494, 'eval_accuracy': 0.3997569866342649, 'eval_micro_recall': 0.3997569866342649, 'eval_micro_precision': 0.3997569866342649, 'eval_micro_f1': 0.3997569866342649, 'eval_runtime': 31.3846, 'eval_samples_per_second': 26.223, 'eval_steps_per_second': 0.828, 'epoch': 3.0}

 10%|█         | 157/1530 [27:27<7:25:15, 19.46s/it]
 10%|█         | 158/1530 [27:37<6:19:19, 16.59s/it]
 10%|█         | 159/1530 [27:47<5:33:09, 14.58s/it]
 10%|█         | 160/1530 [27:57<5:00:51, 13.18s/it]
 11%|█         | 161/1530 [28:07<4:38:11, 12.19s/it]
 11%|█         | 162/1530 [28:17<4:22:15, 11.50s/it]
 11%|█         | 163/1530 [28:26<4:11:04, 11.02s/it]
 11%|█         | 164/1530 [28:36<4:03:12, 10.68s/it]
 11%|█         | 165/1530 [28:46<3:57:40, 10.45s/it]
 11%|█         | 166/1530 [28:56<3:53:44, 10.28s/it]
 11%|█         | 167/1530 [29:06<3:50:56, 10.17s/it]
 11%|█         | 168/1530 [29:16<3:48:56, 10.09s/it]
 11%|█         | 169/1530 [29:26<3:47:29, 10.03s/it]
 11%|█         | 170/1530 [29:36<3:46:24,  9.99s/it]
 11%|█         | 171/1530 [29:46<3:45:39,  9.96s/it]
 11%|█         | 172/1530 [29:55<3:45:01,  9.94s/it]
 11%|█▏        | 173/1530 [30:05<3:44:32,  9.93s/it]
 11%|█▏        | 174/1530 [30:15<3:44:09,  9.92s/it]
 11%|█▏        | 175/1530 [30:25<3:43:54,  9.91s/it]
 12%|█▏        | 176/1530 [30:35<3:43:37,  9.91s/it]
 12%|█▏        | 177/1530 [30:45<3:43:23,  9.91s/it]
 12%|█▏        | 178/1530 [30:55<3:43:09,  9.90s/it]
 12%|█▏        | 179/1530 [31:05<3:42:54,  9.90s/it]
 12%|█▏        | 180/1530 [31:15<3:42:42,  9.90s/it]
 12%|█▏        | 181/1530 [31:25<3:42:29,  9.90s/it]
 12%|█▏        | 182/1530 [31:34<3:42:19,  9.90s/it]
 12%|█▏        | 183/1530 [31:44<3:42:08,  9.90s/it]
 12%|█▏        | 184/1530 [31:54<3:41:57,  9.89s/it]
 12%|█▏        | 185/1530 [32:04<3:41:46,  9.89s/it]
 12%|█▏        | 186/1530 [32:14<3:41:36,  9.89s/it]
 12%|█▏        | 187/1530 [32:24<3:41:25,  9.89s/it]
 12%|█▏        | 188/1530 [32:34<3:41:15,  9.89s/it]
 12%|█▏        | 189/1530 [32:44<3:41:05,  9.89s/it]
 12%|█▏        | 190/1530 [32:54<3:40:54,  9.89s/it]
 12%|█▏        | 191/1530 [33:03<3:40:46,  9.89s/it]
 13%|█▎        | 192/1530 [33:13<3:40:37,  9.89s/it]
 13%|█▎        | 193/1530 [33:23<3:40:28,  9.89s/it]
 13%|█▎        | 194/1530 [33:33<3:40:17,  9.89s/it]
 13%|█▎        | 195/1530 [33:43<3:40:07,  9.89s/it]
 13%|█▎        | 196/1530 [33:53<3:39:59,  9.89s/it]
 13%|█▎        | 197/1530 [34:03<3:39:50,  9.90s/it]
 13%|█▎        | 198/1530 [34:13<3:39:39,  9.89s/it]
 13%|█▎        | 199/1530 [34:23<3:39:29,  9.89s/it]
 13%|█▎        | 200/1530 [34:33<3:39:19,  9.89s/it]
 13%|█▎        | 201/1530 [34:42<3:39:08,  9.89s/it]
 13%|█▎        | 202/1530 [34:52<3:38:58,  9.89s/it]
 13%|█▎        | 203/1530 [35:02<3:38:49,  9.89s/it]
 13%|█▎        | 204/1530 [35:12<3:38:41,  9.90s/it]
 13%|█▎        | 205/1530 [35:22<3:38:32,  9.90s/it]
 13%|█▎        | 206/1530 [35:32<3:38:20,  9.89s/it]
 14%|█▎        | 207/1530 [35:42<3:38:10,  9.89s/it]
 14%|█▎        | 208/1530 [35:47<3:05:39,  8.43s/it]
                                                    

 14%|█▎        | 208/1530 [35:47<3:05:39,  8.43s/it]{'loss': 2.3645, 'grad_norm': 2.2280566692352295, 'learning_rate': 4.320261437908497e-05, 'epoch': 4.0}


  0%|          | 0/26 [00:00<?, ?it/s][A

  8%|▊         | 2/26 [00:01<00:14,  1.67it/s][A

 12%|█▏        | 3/26 [00:02<00:19,  1.18it/s][A

 15%|█▌        | 4/26 [00:03<00:21,  1.02it/s][A

 19%|█▉        | 5/26 [00:04<00:22,  1.06s/it][A

 23%|██▎       | 6/26 [00:05<00:22,  1.10s/it][A

 27%|██▋       | 7/26 [00:07<00:21,  1.13s/it][A

 31%|███       | 8/26 [00:08<00:20,  1.15s/it][A

 35%|███▍      | 9/26 [00:09<00:19,  1.17s/it][A

 38%|███▊      | 10/26 [00:10<00:18,  1.19s/it][A

 42%|████▏     | 11/26 [00:12<00:17,  1.19s/it][A

 46%|████▌     | 12/26 [00:13<00:16,  1.19s/it][A

 50%|█████     | 13/26 [00:14<00:15,  1.20s/it][A

 54%|█████▍    | 14/26 [00:15<00:14,  1.20s/it][A

 58%|█████▊    | 15/26 [00:16<00:13,  1.20s/it][A

 62%|██████▏   | 16/26 [00:18<00:11,  1.20s/it][A

 65%|██████▌   | 17/26 [00:19<00:10,  1.20s/it][A

 69%|██████▉   | 18/26 [00:20<00:09,  1.20s/it][A

 73%|███████▎  | 19/26 [00:21<00:08,  1.20s/it][A

 77%|███████▋  | 20/26 [00:22<00:07,  1.20s/it][A

 81%|████████  | 21/26 [00:24<00:06,  1.20s/it][A

 85%|████████▍ | 22/26 [00:25<00:04,  1.20s/it][A

 88%|████████▊ | 23/26 [00:26<00:03,  1.20s/it][A

 92%|█████████▏| 24/26 [00:27<00:02,  1.20s/it][A

 96%|█████████▌| 25/26 [00:28<00:01,  1.20s/it][A

100%|██████████| 26/26 [00:29<00:00,  1.14s/it][A

                                               
[A
                                                    

100%|██████████| 26/26 [00:30<00:00,  1.14s/it][A
 14%|█▎        | 208/1530 [36:20<3:05:39,  8.43s/it]

                                               [A{'eval_loss': 2.110644578933716, 'eval_macro_recall': 0.46514898357003615, 'eval_macro_precision': 0.4003536673494008, 'eval_macro_f1': 0.3917883950397653, 'eval_accuracy': 0.4459295261239368, 'eval_micro_recall': 0.4459295261239368, 'eval_micro_precision': 0.4459295261239368, 'eval_micro_f1': 0.4459295261239368, 'eval_runtime': 31.3636, 'eval_samples_per_second': 26.241, 'eval_steps_per_second': 0.829, 'epoch': 4.0}

 14%|█▎        | 209/1530 [36:35<7:28:44, 20.38s/it]
 14%|█▎        | 210/1530 [36:45<6:19:12, 17.24s/it]
 14%|█▍        | 211/1530 [36:55<5:30:32, 15.04s/it]
 14%|█▍        | 212/1530 [37:05<4:56:29, 13.50s/it]
 14%|█▍        | 213/1530 [37:15<4:32:37, 12.42s/it]
 14%|█▍        | 214/1530 [37:25<4:15:52, 11.67s/it]
 14%|█▍        | 215/1530 [37:35<4:04:06, 11.14s/it]
 14%|█▍        | 216/1530 [37:44<3:55:49, 10.77s/it]
 14%|█▍        | 217/1530 [37:54<3:50:00, 10.51s/it]
 14%|█▍        | 218/1530 [38:04<3:45:54, 10.33s/it]
 14%|█▍        | 219/1530 [38:14<3:42:58, 10.20s/it]
 14%|█▍        | 220/1530 [38:24<3:40:52, 10.12s/it]
 14%|█▍        | 221/1530 [38:34<3:39:22, 10.06s/it]
 15%|█▍        | 222/1530 [38:44<3:38:14, 10.01s/it]
 15%|█▍        | 223/1530 [38:54<3:37:26,  9.98s/it]
 15%|█▍        | 224/1530 [39:04<3:36:48,  9.96s/it]
 15%|█▍        | 225/1530 [39:14<3:36:20,  9.95s/it]
 15%|█▍        | 226/1530 [39:24<3:35:55,  9.94s/it]
 15%|█▍        | 227/1530 [39:33<3:35:35,  9.93s/it]
 15%|█▍        | 228/1530 [39:43<3:35:20,  9.92s/it]
 15%|█▍        | 229/1530 [39:53<3:35:04,  9.92s/it]
 15%|█▌        | 230/1530 [40:03<3:34:50,  9.92s/it]
 15%|█▌        | 231/1530 [40:13<3:34:39,  9.92s/it]
 15%|█▌        | 232/1530 [40:23<3:34:29,  9.91s/it]
 15%|█▌        | 233/1530 [40:33<3:34:17,  9.91s/it]
 15%|█▌        | 234/1530 [40:43<3:34:06,  9.91s/it]
 15%|█▌        | 235/1530 [40:53<3:33:55,  9.91s/it]
 15%|█▌        | 236/1530 [41:03<3:35:49, 10.01s/it]
 15%|█▌        | 237/1530 [41:13<3:35:03,  9.98s/it]
 16%|█▌        | 238/1530 [41:23<3:34:26,  9.96s/it]
 16%|█▌        | 239/1530 [41:33<3:33:58,  9.94s/it]
 16%|█▌        | 240/1530 [41:43<3:33:34,  9.93s/it]
 16%|█▌        | 241/1530 [41:53<3:33:14,  9.93s/it]
 16%|█▌        | 242/1530 [42:02<3:32:58,  9.92s/it]
 16%|█▌        | 243/1530 [42:12<3:32:45,  9.92s/it]
 16%|█▌        | 244/1530 [42:22<3:32:32,  9.92s/it]
 16%|█▌        | 245/1530 [42:32<3:32:18,  9.91s/it]
 16%|█▌        | 246/1530 [42:42<3:32:08,  9.91s/it]
 16%|█▌        | 247/1530 [42:52<3:31:57,  9.91s/it]
 16%|█▌        | 248/1530 [43:02<3:31:48,  9.91s/it]
 16%|█▋        | 249/1530 [43:12<3:31:37,  9.91s/it]
 16%|█▋        | 250/1530 [43:22<3:31:28,  9.91s/it]
 16%|█▋        | 251/1530 [43:32<3:31:17,  9.91s/it]
 16%|█▋        | 252/1530 [43:42<3:31:09,  9.91s/it]
 17%|█▋        | 253/1530 [43:51<3:30:57,  9.91s/it]
 17%|█▋        | 254/1530 [44:01<3:30:46,  9.91s/it]
 17%|█▋        | 255/1530 [44:11<3:30:37,  9.91s/it]
 17%|█▋        | 256/1530 [44:21<3:30:28,  9.91s/it]
 17%|█▋        | 257/1530 [44:31<3:30:18,  9.91s/it]
 17%|█▋        | 258/1530 [44:41<3:30:04,  9.91s/it]
 17%|█▋        | 259/1530 [44:51<3:29:51,  9.91s/it]
 17%|█▋        | 260/1530 [44:56<2:57:50,  8.40s/it]
                                                    

 17%|█▋        | 260/1530 [44:56<2:57:50,  8.40s/it]{'loss': 1.9735, 'grad_norm': 2.304414749145508, 'learning_rate': 4.150326797385621e-05, 'epoch': 5.0}


  0%|          | 0/26 [00:00<?, ?it/s][A

  8%|▊         | 2/26 [00:01<00:14,  1.67it/s][A

 12%|█▏        | 3/26 [00:02<00:19,  1.18it/s][A

 15%|█▌        | 4/26 [00:03<00:21,  1.02it/s][A

 19%|█▉        | 5/26 [00:04<00:22,  1.06s/it][A

 23%|██▎       | 6/26 [00:06<00:22,  1.11s/it][A

 27%|██▋       | 7/26 [00:07<00:21,  1.14s/it][A

 31%|███       | 8/26 [00:08<00:20,  1.16s/it][A

 35%|███▍      | 9/26 [00:09<00:19,  1.17s/it][A

 38%|███▊      | 10/26 [00:10<00:18,  1.18s/it][A

 42%|████▏     | 11/26 [00:12<00:17,  1.19s/it][A

 46%|████▌     | 12/26 [00:13<00:16,  1.19s/it][A

 50%|█████     | 13/26 [00:14<00:15,  1.19s/it][A

 54%|█████▍    | 14/26 [00:15<00:14,  1.20s/it][A

 58%|█████▊    | 15/26 [00:16<00:13,  1.20s/it][A

 62%|██████▏   | 16/26 [00:18<00:11,  1.20s/it][A

 65%|██████▌   | 17/26 [00:19<00:10,  1.20s/it][A

 69%|██████▉   | 18/26 [00:20<00:09,  1.20s/it][A

 73%|███████▎  | 19/26 [00:21<00:08,  1.20s/it][A

 77%|███████▋  | 20/26 [00:22<00:07,  1.20s/it][A

 81%|████████  | 21/26 [00:24<00:06,  1.20s/it][A

 85%|████████▍ | 22/26 [00:25<00:04,  1.20s/it][A

 88%|████████▊ | 23/26 [00:26<00:03,  1.20s/it][A

 92%|█████████▏| 24/26 [00:27<00:02,  1.20s/it][A

 96%|█████████▌| 25/26 [00:28<00:01,  1.20s/it][A

100%|██████████| 26/26 [00:29<00:00,  1.13s/it][A

                                               
[A
                                                    

100%|██████████| 26/26 [00:29<00:00,  1.13s/it][A
 17%|█▋        | 260/1530 [45:27<2:57:50,  8.40s/it]

                                               [A{'eval_loss': 1.798071026802063, 'eval_macro_recall': 0.4961988304093567, 'eval_macro_precision': 0.41458804355070294, 'eval_macro_f1': 0.4232978891532616, 'eval_accuracy': 0.48602673147023084, 'eval_micro_recall': 0.48602673147023084, 'eval_micro_precision': 0.48602673147023084, 'eval_micro_f1': 0.48602673147023084, 'eval_runtime': 31.4014, 'eval_samples_per_second': 26.209, 'eval_steps_per_second': 0.828, 'epoch': 5.0}

 17%|█▋        | 261/1530 [45:41<6:52:22, 19.50s/it]
 17%|█▋        | 262/1530 [45:51<5:51:21, 16.63s/it]
 17%|█▋        | 263/1530 [46:01<5:08:29, 14.61s/it]
 17%|█▋        | 264/1530 [46:11<4:38:29, 13.20s/it]
 17%|█▋        | 265/1530 [46:21<4:17:25, 12.21s/it]
 17%|█▋        | 266/1530 [46:31<4:02:41, 11.52s/it]
 17%|█▋        | 267/1530 [46:41<3:52:15, 11.03s/it]
 18%|█▊        | 268/1530 [46:51<3:44:55, 10.69s/it]
 18%|█▊        | 269/1530 [47:00<3:39:45, 10.46s/it]
 18%|█▊        | 270/1530 [47:10<3:36:07, 10.29s/it]
 18%|█▊        | 271/1530 [47:20<3:33:30, 10.18s/it]
 18%|█▊        | 272/1530 [47:30<3:31:39, 10.10s/it]
 18%|█▊        | 273/1530 [47:40<3:30:17, 10.04s/it]
 18%|█▊        | 274/1530 [47:50<3:29:19, 10.00s/it]
 18%|█▊        | 275/1530 [48:00<3:28:34,  9.97s/it]
 18%|█▊        | 276/1530 [48:10<3:28:01,  9.95s/it]
 18%|█▊        | 277/1530 [48:20<3:27:43,  9.95s/it]
 18%|█▊        | 278/1530 [48:30<3:27:16,  9.93s/it]
 18%|█▊        | 279/1530 [48:40<3:26:54,  9.92s/it]
 18%|█▊        | 280/1530 [48:49<3:26:38,  9.92s/it]
 18%|█▊        | 281/1530 [48:59<3:26:23,  9.91s/it]
 18%|█▊        | 282/1530 [49:09<3:26:09,  9.91s/it]
 18%|█▊        | 283/1530 [49:19<3:25:56,  9.91s/it]
 19%|█▊        | 284/1530 [49:29<3:25:44,  9.91s/it]
 19%|█▊        | 285/1530 [49:39<3:25:32,  9.91s/it]
 19%|█▊        | 286/1530 [49:49<3:25:20,  9.90s/it]
 19%|█▉        | 287/1530 [49:59<3:25:09,  9.90s/it]
 19%|█▉        | 288/1530 [50:09<3:25:00,  9.90s/it]
 19%|█▉        | 289/1530 [50:19<3:24:50,  9.90s/it]
 19%|█▉        | 290/1530 [50:28<3:24:42,  9.90s/it]
 19%|█▉        | 291/1530 [50:38<3:24:30,  9.90s/it]
 19%|█▉        | 292/1530 [50:48<3:24:21,  9.90s/it]
 19%|█▉        | 293/1530 [50:58<3:24:10,  9.90s/it]
 19%|█▉        | 294/1530 [51:08<3:24:01,  9.90s/it]
 19%|█▉        | 295/1530 [51:18<3:23:55,  9.91s/it]
 19%|█▉        | 296/1530 [51:28<3:23:44,  9.91s/it]
 19%|█▉        | 297/1530 [51:38<3:23:34,  9.91s/it]
 19%|█▉        | 298/1530 [51:48<3:23:23,  9.91s/it]
 20%|█▉        | 299/1530 [51:58<3:23:14,  9.91s/it]
 20%|█▉        | 300/1530 [52:08<3:23:04,  9.91s/it]
 20%|█▉        | 301/1530 [52:17<3:22:53,  9.91s/it]
 20%|█▉        | 302/1530 [52:27<3:22:44,  9.91s/it]
 20%|█▉        | 303/1530 [52:37<3:22:32,  9.90s/it]
 20%|█▉        | 304/1530 [52:47<3:22:21,  9.90s/it]
 20%|█▉        | 305/1530 [52:57<3:22:12,  9.90s/it]
 20%|██        | 306/1530 [53:07<3:22:01,  9.90s/it]
 20%|██        | 307/1530 [53:17<3:21:51,  9.90s/it]
 20%|██        | 308/1530 [53:27<3:21:43,  9.90s/it]
 20%|██        | 309/1530 [53:37<3:21:32,  9.90s/it]
 20%|██        | 310/1530 [53:47<3:21:21,  9.90s/it]
 20%|██        | 311/1530 [53:56<3:21:12,  9.90s/it]
 20%|██        | 312/1530 [54:01<2:50:34,  8.40s/it]
                                                    

 20%|██        | 312/1530 [54:02<2:50:34,  8.40s/it]{'loss': 1.6881, 'grad_norm': 1.9612624645233154, 'learning_rate': 3.980392156862745e-05, 'epoch': 6.0}


  0%|          | 0/26 [00:00<?, ?it/s][A

  8%|▊         | 2/26 [00:01<00:14,  1.67it/s][A

 12%|█▏        | 3/26 [00:02<00:19,  1.18it/s][A

 15%|█▌        | 4/26 [00:03<00:21,  1.02it/s][A

 19%|█▉        | 5/26 [00:04<00:22,  1.06s/it][A

 23%|██▎       | 6/26 [00:05<00:22,  1.10s/it][A

 27%|██▋       | 7/26 [00:07<00:21,  1.13s/it][A

 31%|███       | 8/26 [00:08<00:20,  1.16s/it][A

 35%|███▍      | 9/26 [00:09<00:19,  1.17s/it][A

 38%|███▊      | 10/26 [00:10<00:18,  1.18s/it][A

 42%|████▏     | 11/26 [00:11<00:17,  1.18s/it][A

 46%|████▌     | 12/26 [00:13<00:16,  1.19s/it][A

 50%|█████     | 13/26 [00:14<00:15,  1.19s/it][A

 54%|█████▍    | 14/26 [00:15<00:14,  1.19s/it][A

 58%|█████▊    | 15/26 [00:16<00:13,  1.20s/it][A

 62%|██████▏   | 16/26 [00:17<00:11,  1.20s/it][A

 65%|██████▌   | 17/26 [00:19<00:10,  1.20s/it][A

 69%|██████▉   | 18/26 [00:20<00:09,  1.20s/it][A

 73%|███████▎  | 19/26 [00:21<00:08,  1.20s/it][A

 77%|███████▋  | 20/26 [00:22<00:07,  1.20s/it][A

 81%|████████  | 21/26 [00:23<00:06,  1.20s/it][A

 85%|████████▍ | 22/26 [00:25<00:04,  1.20s/it][A

 88%|████████▊ | 23/26 [00:26<00:03,  1.20s/it][A

 92%|█████████▏| 24/26 [00:27<00:02,  1.20s/it][A

 96%|█████████▌| 25/26 [00:28<00:01,  1.20s/it][A

100%|██████████| 26/26 [00:29<00:00,  1.13s/it][A

                                               
[A
                                                    

100%|██████████| 26/26 [00:29<00:00,  1.13s/it][A
 20%|██        | 312/1530 [54:33<2:50:34,  8.40s/it]

                                               [A{'eval_loss': 1.5598995685577393, 'eval_macro_recall': 0.5491993873572821, 'eval_macro_precision': 0.4916920862059751, 'eval_macro_f1': 0.48860621527464587, 'eval_accuracy': 0.5358444714459295, 'eval_micro_recall': 0.5358444714459295, 'eval_micro_precision': 0.5358444714459295, 'eval_micro_f1': 0.5358444714459295, 'eval_runtime': 31.4964, 'eval_samples_per_second': 26.13, 'eval_steps_per_second': 0.825, 'epoch': 6.0}

 20%|██        | 313/1530 [54:47<6:37:21, 19.59s/it]
 21%|██        | 314/1530 [54:57<5:38:06, 16.68s/it]
 21%|██        | 315/1530 [55:07<4:56:39, 14.65s/it]
 21%|██        | 316/1530 [55:17<4:27:36, 13.23s/it]
 21%|██        | 317/1530 [55:27<4:07:12, 12.23s/it]
 21%|██        | 318/1530 [55:37<3:52:53, 11.53s/it]
 21%|██        | 319/1530 [55:46<3:42:48, 11.04s/it]
 21%|██        | 320/1530 [55:56<3:35:43, 10.70s/it]
 21%|██        | 321/1530 [56:06<3:30:43, 10.46s/it]
 21%|██        | 322/1530 [56:16<3:27:09, 10.29s/it]
 21%|██        | 323/1530 [56:26<3:24:37, 10.17s/it]
 21%|██        | 324/1530 [56:36<3:22:48, 10.09s/it]
 21%|██        | 325/1530 [56:46<3:21:28, 10.03s/it]
 21%|██▏       | 326/1530 [56:56<3:20:29,  9.99s/it]
 21%|██▏       | 327/1530 [57:06<3:19:47,  9.96s/it]
 21%|██▏       | 328/1530 [57:16<3:19:14,  9.95s/it]
 22%|██▏       | 329/1530 [57:25<3:18:46,  9.93s/it]
 22%|██▏       | 330/1530 [57:35<3:18:25,  9.92s/it]
 22%|██▏       | 331/1530 [57:45<3:18:06,  9.91s/it]
 22%|██▏       | 332/1530 [57:55<3:17:49,  9.91s/it]
 22%|██▏       | 333/1530 [58:05<3:17:36,  9.91s/it]
 22%|██▏       | 334/1530 [58:15<3:17:23,  9.90s/it]
 22%|██▏       | 335/1530 [58:25<3:17:12,  9.90s/it]
 22%|██▏       | 336/1530 [58:35<3:17:01,  9.90s/it]
 22%|██▏       | 337/1530 [58:45<3:16:50,  9.90s/it]
 22%|██▏       | 338/1530 [58:55<3:16:39,  9.90s/it]
 22%|██▏       | 339/1530 [59:04<3:16:29,  9.90s/it]
 22%|██▏       | 340/1530 [59:14<3:16:18,  9.90s/it]
 22%|██▏       | 341/1530 [59:24<3:16:09,  9.90s/it]
 22%|██▏       | 342/1530 [59:34<3:15:58,  9.90s/it]
 22%|██▏       | 343/1530 [59:44<3:15:48,  9.90s/it]
 22%|██▏       | 344/1530 [59:54<3:15:38,  9.90s/it]
 23%|██▎       | 345/1530 [1:00:04<3:15:29,  9.90s/it]
 23%|██▎       | 346/1530 [1:00:14<3:15:19,  9.90s/it]
 23%|██▎       | 347/1530 [1:00:24<3:15:09,  9.90s/it]
 23%|██▎       | 348/1530 [1:00:33<3:14:59,  9.90s/it]
 23%|██▎       | 349/1530 [1:00:43<3:14:51,  9.90s/it]
 23%|██▎       | 350/1530 [1:00:53<3:14:40,  9.90s/it]
 23%|██▎       | 351/1530 [1:01:03<3:14:30,  9.90s/it]
 23%|██▎       | 352/1530 [1:01:13<3:14:20,  9.90s/it]
 23%|██▎       | 353/1530 [1:01:23<3:14:10,  9.90s/it]
 23%|██▎       | 354/1530 [1:01:33<3:14:00,  9.90s/it]
 23%|██▎       | 355/1530 [1:01:43<3:13:48,  9.90s/it]
 23%|██▎       | 356/1530 [1:01:53<3:13:40,  9.90s/it]
 23%|██▎       | 357/1530 [1:02:03<3:13:30,  9.90s/it]
 23%|██▎       | 358/1530 [1:02:12<3:13:19,  9.90s/it]
 23%|██▎       | 359/1530 [1:02:22<3:13:10,  9.90s/it]
 24%|██▎       | 360/1530 [1:02:32<3:13:00,  9.90s/it]
 24%|██▎       | 361/1530 [1:02:42<3:12:51,  9.90s/it]
 24%|██▎       | 362/1530 [1:02:52<3:12:42,  9.90s/it]
 24%|██▎       | 363/1530 [1:03:02<3:12:32,  9.90s/it]
 24%|██▍       | 364/1530 [1:03:07<2:43:16,  8.40s/it]
                                                      

 24%|██▍       | 364/1530 [1:03:07<2:43:16,  8.40s/it]{'loss': 1.4846, 'grad_norm': 2.306861162185669, 'learning_rate': 3.810457516339869e-05, 'epoch': 7.0}


  0%|          | 0/26 [00:00<?, ?it/s][A

  8%|▊         | 2/26 [00:01<00:14,  1.67it/s][A

 12%|█▏        | 3/26 [00:02<00:19,  1.18it/s][A

 15%|█▌        | 4/26 [00:03<00:21,  1.02it/s][A

 19%|█▉        | 5/26 [00:04<00:22,  1.06s/it][A

 23%|██▎       | 6/26 [00:05<00:22,  1.10s/it][A

 27%|██▋       | 7/26 [00:07<00:21,  1.13s/it][A

 31%|███       | 8/26 [00:08<00:20,  1.16s/it][A

 35%|███▍      | 9/26 [00:09<00:19,  1.17s/it][A

 38%|███▊      | 10/26 [00:10<00:18,  1.18s/it][A

 42%|████▏     | 11/26 [00:11<00:17,  1.19s/it][A

 46%|████▌     | 12/26 [00:13<00:16,  1.19s/it][A

 50%|█████     | 13/26 [00:14<00:15,  1.19s/it][A

 54%|█████▍    | 14/26 [00:15<00:14,  1.19s/it][A

 58%|█████▊    | 15/26 [00:16<00:13,  1.20s/it][A

 62%|██████▏   | 16/26 [00:17<00:11,  1.20s/it][A

 65%|██████▌   | 17/26 [00:19<00:10,  1.20s/it][A

 69%|██████▉   | 18/26 [00:20<00:09,  1.20s/it][A

 73%|███████▎  | 19/26 [00:21<00:08,  1.20s/it][A

 77%|███████▋  | 20/26 [00:22<00:07,  1.20s/it][A

 81%|████████  | 21/26 [00:23<00:05,  1.20s/it][A

 85%|████████▍ | 22/26 [00:25<00:04,  1.20s/it][A

 88%|████████▊ | 23/26 [00:26<00:03,  1.20s/it][A

 92%|█████████▏| 24/26 [00:27<00:02,  1.20s/it][A

 96%|█████████▌| 25/26 [00:28<00:01,  1.20s/it][A

100%|██████████| 26/26 [00:29<00:00,  1.13s/it][A

                                               
[A
                                                      

100%|██████████| 26/26 [00:29<00:00,  1.13s/it][A
 24%|██▍       | 364/1530 [1:03:38<2:43:16,  8.40s/it]

                                               [A{'eval_loss': 1.4024089574813843, 'eval_macro_recall': 0.5937628161312372, 'eval_macro_precision': 0.542355833510966, 'eval_macro_f1': 0.5379485506262132, 'eval_accuracy': 0.5990279465370595, 'eval_micro_recall': 0.5990279465370595, 'eval_micro_precision': 0.5990279465370595, 'eval_micro_f1': 0.5990279465370595, 'eval_runtime': 31.3356, 'eval_samples_per_second': 26.264, 'eval_steps_per_second': 0.83, 'epoch': 7.0}

 24%|██▍       | 365/1530 [1:03:52<6:17:10, 19.43s/it]
 24%|██▍       | 366/1530 [1:04:02<5:21:23, 16.57s/it]
 24%|██▍       | 367/1530 [1:04:12<4:42:21, 14.57s/it]
 24%|██▍       | 368/1530 [1:04:22<4:14:59, 13.17s/it]
 24%|██▍       | 369/1530 [1:04:32<3:55:46, 12.18s/it]
 24%|██▍       | 370/1530 [1:04:42<3:42:19, 11.50s/it]
 24%|██▍       | 371/1530 [1:04:51<3:32:50, 11.02s/it]
 24%|██▍       | 372/1530 [1:05:01<3:26:11, 10.68s/it]
 24%|██▍       | 373/1530 [1:05:19<4:07:04, 12.81s/it]
 24%|██▍       | 374/1530 [1:05:29<3:50:38, 11.97s/it]
 25%|██▍       | 375/1530 [1:05:39<3:38:28, 11.35s/it]
 25%|██▍       | 376/1530 [1:05:49<3:29:55, 10.91s/it]
 25%|██▍       | 377/1530 [1:05:59<3:23:55, 10.61s/it]
 25%|██▍       | 378/1530 [1:06:09<3:19:39, 10.40s/it]
 25%|██▍       | 379/1530 [1:06:19<3:16:36, 10.25s/it]
 25%|██▍       | 380/1530 [1:06:29<3:14:26, 10.14s/it]
 25%|██▍       | 381/1530 [1:06:38<3:12:51, 10.07s/it]
 25%|██▍       | 382/1530 [1:06:48<3:11:41, 10.02s/it]
 25%|██▌       | 383/1530 [1:06:58<3:10:57,  9.99s/it]
 25%|██▌       | 384/1530 [1:07:08<3:10:18,  9.96s/it]
 25%|██▌       | 385/1530 [1:07:18<3:09:48,  9.95s/it]
 25%|██▌       | 386/1530 [1:07:28<3:09:23,  9.93s/it]
 25%|██▌       | 387/1530 [1:07:38<3:09:03,  9.92s/it]
 25%|██▌       | 388/1530 [1:07:48<3:08:45,  9.92s/it]
 25%|██▌       | 389/1530 [1:07:58<3:08:30,  9.91s/it]
 25%|██▌       | 390/1530 [1:08:08<3:08:17,  9.91s/it]
 26%|██▌       | 391/1530 [1:08:17<3:08:04,  9.91s/it]
 26%|██▌       | 392/1530 [1:08:27<3:07:52,  9.91s/it]
 26%|██▌       | 393/1530 [1:08:37<3:07:41,  9.90s/it]
 26%|██▌       | 394/1530 [1:08:47<3:07:31,  9.90s/it]
 26%|██▌       | 395/1530 [1:08:57<3:07:21,  9.90s/it]
 26%|██▌       | 396/1530 [1:09:07<3:07:12,  9.91s/it]
 26%|██▌       | 397/1530 [1:09:17<3:07:01,  9.90s/it]
 26%|██▌       | 398/1530 [1:09:27<3:06:51,  9.90s/it]
 26%|██▌       | 399/1530 [1:09:37<3:06:42,  9.90s/it]
 26%|██▌       | 400/1530 [1:09:47<3:06:32,  9.90s/it]
 26%|██▌       | 401/1530 [1:09:56<3:06:23,  9.91s/it]
 26%|██▋       | 402/1530 [1:10:06<3:06:12,  9.90s/it]
 26%|██▋       | 403/1530 [1:10:16<3:06:04,  9.91s/it]
 26%|██▋       | 404/1530 [1:10:26<3:05:55,  9.91s/it]
 26%|██▋       | 405/1530 [1:10:36<3:05:45,  9.91s/it]
 27%|██▋       | 406/1530 [1:10:46<3:05:34,  9.91s/it]
 27%|██▋       | 407/1530 [1:10:56<3:05:23,  9.91s/it]
 27%|██▋       | 408/1530 [1:11:06<3:05:12,  9.90s/it]
 27%|██▋       | 409/1530 [1:11:16<3:05:02,  9.90s/it]
 27%|██▋       | 410/1530 [1:11:26<3:04:51,  9.90s/it]
 27%|██▋       | 411/1530 [1:11:36<3:04:41,  9.90s/it]
 27%|██▋       | 412/1530 [1:11:45<3:04:31,  9.90s/it]
 27%|██▋       | 413/1530 [1:11:55<3:04:22,  9.90s/it]
 27%|██▋       | 414/1530 [1:12:05<3:05:16,  9.96s/it]
 27%|██▋       | 415/1530 [1:12:15<3:04:47,  9.94s/it]
 27%|██▋       | 416/1530 [1:12:20<2:36:55,  8.45s/it]
                                                      

 27%|██▋       | 416/1530 [1:12:21<2:36:55,  8.45s/it]{'loss': 1.3253, 'grad_norm': 2.807128429412842, 'learning_rate': 3.640522875816993e-05, 'epoch': 8.0}


  0%|          | 0/26 [00:00<?, ?it/s][A

  8%|▊         | 2/26 [00:01<00:14,  1.66it/s][A

 12%|█▏        | 3/26 [00:02<00:19,  1.18it/s][A

 15%|█▌        | 4/26 [00:03<00:21,  1.02it/s][A

 19%|█▉        | 5/26 [00:04<00:22,  1.06s/it][A

 23%|██▎       | 6/26 [00:05<00:22,  1.10s/it][A

 27%|██▋       | 7/26 [00:07<00:21,  1.13s/it][A

 31%|███       | 8/26 [00:08<00:20,  1.15s/it][A

 35%|███▍      | 9/26 [00:09<00:19,  1.17s/it][A

 38%|███▊      | 10/26 [00:10<00:18,  1.18s/it][A

 42%|████▏     | 11/26 [00:11<00:17,  1.18s/it][A

 46%|████▌     | 12/26 [00:13<00:16,  1.19s/it][A

 50%|█████     | 13/26 [00:14<00:15,  1.19s/it][A

 54%|█████▍    | 14/26 [00:15<00:14,  1.19s/it][A

 58%|█████▊    | 15/26 [00:16<00:13,  1.20s/it][A

 62%|██████▏   | 16/26 [00:17<00:11,  1.20s/it][A

 65%|██████▌   | 17/26 [00:19<00:10,  1.20s/it][A

 69%|██████▉   | 18/26 [00:20<00:09,  1.20s/it][A

 73%|███████▎  | 19/26 [00:21<00:08,  1.20s/it][A

 77%|███████▋  | 20/26 [00:22<00:07,  1.20s/it][A

 81%|████████  | 21/26 [00:23<00:05,  1.20s/it][A

 85%|████████▍ | 22/26 [00:25<00:04,  1.20s/it][A

 88%|████████▊ | 23/26 [00:26<00:03,  1.20s/it][A

 92%|█████████▏| 24/26 [00:27<00:02,  1.20s/it][A

 96%|█████████▌| 25/26 [00:28<00:01,  1.20s/it][A

100%|██████████| 26/26 [00:29<00:00,  1.14s/it][A

                                               
[A
                                                      

100%|██████████| 26/26 [00:30<00:00,  1.14s/it][A
 27%|██▋       | 416/1530 [1:12:54<2:36:55,  8.45s/it]

                                               [A{'eval_loss': 1.2700557708740234, 'eval_macro_recall': 0.6258113718640034, 'eval_macro_precision': 0.5818932128043349, 'eval_macro_f1': 0.5740335539727708, 'eval_accuracy': 0.6196840826245443, 'eval_micro_recall': 0.6196840826245443, 'eval_micro_precision': 0.6196840826245443, 'eval_micro_f1': 0.6196840826245443, 'eval_runtime': 32.8367, 'eval_samples_per_second': 25.063, 'eval_steps_per_second': 0.792, 'epoch': 8.0}

 27%|██▋       | 417/1530 [1:13:08<6:15:33, 20.25s/it]
 27%|██▋       | 418/1530 [1:13:18<5:17:44, 17.14s/it]
 27%|██▋       | 419/1530 [1:13:28<4:37:13, 14.97s/it]
 27%|██▋       | 420/1530 [1:13:38<4:08:57, 13.46s/it]
 28%|██▊       | 421/1530 [1:13:48<3:49:02, 12.39s/it]
 28%|██▊       | 422/1530 [1:13:58<3:35:05, 11.65s/it]
 28%|██▊       | 423/1530 [1:14:08<3:25:14, 11.12s/it]
 28%|██▊       | 424/1530 [1:14:17<3:18:20, 10.76s/it]
 28%|██▊       | 425/1530 [1:14:27<3:13:27, 10.50s/it]
 28%|██▊       | 426/1530 [1:14:37<3:09:58, 10.33s/it]
 28%|██▊       | 427/1530 [1:14:47<3:07:29, 10.20s/it]
 28%|██▊       | 428/1530 [1:14:57<3:05:43, 10.11s/it]
 28%|██▊       | 429/1530 [1:15:07<3:04:25, 10.05s/it]
 28%|██▊       | 430/1530 [1:15:17<3:03:27, 10.01s/it]
 28%|██▊       | 431/1530 [1:15:27<3:02:45,  9.98s/it]
 28%|██▊       | 432/1530 [1:15:37<3:02:12,  9.96s/it]
 28%|██▊       | 433/1530 [1:15:47<3:01:46,  9.94s/it]
 28%|██▊       | 434/1530 [1:15:57<3:01:26,  9.93s/it]
 28%|██▊       | 435/1530 [1:16:06<3:01:08,  9.93s/it]
 28%|██▊       | 436/1530 [1:16:16<3:00:52,  9.92s/it]
 29%|██▊       | 437/1530 [1:16:26<3:00:39,  9.92s/it]
 29%|██▊       | 438/1530 [1:16:36<3:00:27,  9.92s/it]
 29%|██▊       | 439/1530 [1:16:46<3:00:14,  9.91s/it]
 29%|██▉       | 440/1530 [1:16:56<3:00:09,  9.92s/it]
 29%|██▉       | 441/1530 [1:17:06<2:59:59,  9.92s/it]
 29%|██▉       | 442/1530 [1:17:16<2:59:46,  9.91s/it]
 29%|██▉       | 443/1530 [1:17:26<2:59:33,  9.91s/it]
 29%|██▉       | 444/1530 [1:17:36<2:59:24,  9.91s/it]
 29%|██▉       | 445/1530 [1:17:46<2:59:13,  9.91s/it]
 29%|██▉       | 446/1530 [1:17:55<2:59:02,  9.91s/it]
 29%|██▉       | 447/1530 [1:18:05<2:58:52,  9.91s/it]
 29%|██▉       | 448/1530 [1:18:15<2:58:43,  9.91s/it]
 29%|██▉       | 449/1530 [1:18:25<2:58:34,  9.91s/it]
 29%|██▉       | 450/1530 [1:18:35<2:58:23,  9.91s/it]
 29%|██▉       | 451/1530 [1:18:45<2:58:13,  9.91s/it]
 30%|██▉       | 452/1530 [1:18:55<2:58:03,  9.91s/it]
 30%|██▉       | 453/1530 [1:19:05<2:57:52,  9.91s/it]
 30%|██▉       | 454/1530 [1:19:15<2:57:48,  9.91s/it]
 30%|██▉       | 455/1530 [1:19:25<2:57:39,  9.92s/it]
 30%|██▉       | 456/1530 [1:19:35<2:57:27,  9.91s/it]
 30%|██▉       | 457/1530 [1:19:44<2:57:17,  9.91s/it]
 30%|██▉       | 458/1530 [1:19:54<2:57:06,  9.91s/it]
 30%|███       | 459/1530 [1:20:04<2:56:56,  9.91s/it]
 30%|███       | 460/1530 [1:20:14<2:56:46,  9.91s/it]
 30%|███       | 461/1530 [1:20:24<2:56:34,  9.91s/it]
 30%|███       | 462/1530 [1:20:34<2:56:28,  9.91s/it]
 30%|███       | 463/1530 [1:20:44<2:56:17,  9.91s/it]
 30%|███       | 464/1530 [1:20:54<2:56:06,  9.91s/it]
 30%|███       | 465/1530 [1:21:04<2:55:56,  9.91s/it]
 30%|███       | 466/1530 [1:21:14<2:55:45,  9.91s/it]
 31%|███       | 467/1530 [1:21:24<2:55:34,  9.91s/it]
 31%|███       | 468/1530 [1:21:29<2:28:51,  8.41s/it]
                                                      

 31%|███       | 468/1530 [1:21:29<2:28:51,  8.41s/it]{'loss': 1.1843, 'grad_norm': 2.1287624835968018, 'learning_rate': 3.470588235294118e-05, 'epoch': 9.0}


  0%|          | 0/26 [00:00<?, ?it/s][A

  8%|▊         | 2/26 [00:01<00:14,  1.67it/s][A

 12%|█▏        | 3/26 [00:02<00:19,  1.18it/s][A

 15%|█▌        | 4/26 [00:03<00:21,  1.02it/s][A

 19%|█▉        | 5/26 [00:04<00:22,  1.06s/it][A

 23%|██▎       | 6/26 [00:05<00:22,  1.10s/it][A

 27%|██▋       | 7/26 [00:07<00:21,  1.14s/it][A

 31%|███       | 8/26 [00:08<00:20,  1.16s/it][A

 35%|███▍      | 9/26 [00:09<00:19,  1.17s/it][A

 38%|███▊      | 10/26 [00:10<00:18,  1.18s/it][A

 42%|████▏     | 11/26 [00:12<00:17,  1.19s/it][A

 46%|████▌     | 12/26 [00:13<00:16,  1.19s/it][A

 50%|█████     | 13/26 [00:14<00:15,  1.19s/it][A

 54%|█████▍    | 14/26 [00:15<00:14,  1.19s/it][A

 58%|█████▊    | 15/26 [00:16<00:13,  1.20s/it][A

 62%|██████▏   | 16/26 [00:18<00:11,  1.20s/it][A

 65%|██████▌   | 17/26 [00:19<00:10,  1.20s/it][A

 69%|██████▉   | 18/26 [00:20<00:09,  1.20s/it][A

 73%|███████▎  | 19/26 [00:21<00:08,  1.20s/it][A

 77%|███████▋  | 20/26 [00:22<00:07,  1.20s/it][A

 81%|████████  | 21/26 [00:24<00:05,  1.20s/it][A

 85%|████████▍ | 22/26 [00:25<00:04,  1.20s/it][A

 88%|████████▊ | 23/26 [00:26<00:03,  1.20s/it][A

 92%|█████████▏| 24/26 [00:27<00:02,  1.20s/it][A

 96%|█████████▌| 25/26 [00:28<00:01,  1.20s/it][A

100%|██████████| 26/26 [00:29<00:00,  1.13s/it][A

                                               
[A
                                                      

100%|██████████| 26/26 [00:29<00:00,  1.13s/it][A
 31%|███       | 468/1530 [1:22:00<2:28:51,  8.41s/it]

                                               [A{'eval_loss': 1.1650390625, 'eval_macro_recall': 0.630337007953287, 'eval_macro_precision': 0.5790166265648935, 'eval_macro_f1': 0.5786069519490371, 'eval_accuracy': 0.6257594167679222, 'eval_micro_recall': 0.6257594167679222, 'eval_micro_precision': 0.6257594167679222, 'eval_micro_f1': 0.6257594167679222, 'eval_runtime': 31.3524, 'eval_samples_per_second': 26.25, 'eval_steps_per_second': 0.829, 'epoch': 9.0}

 31%|███       | 469/1530 [1:22:14<5:43:40, 19.43s/it]
 31%|███       | 470/1530 [1:22:24<4:52:48, 16.57s/it]
 31%|███       | 471/1530 [1:22:33<4:17:10, 14.57s/it]
 31%|███       | 472/1530 [1:22:43<3:52:13, 13.17s/it]
 31%|███       | 473/1530 [1:22:54<3:37:53, 12.37s/it]
 31%|███       | 474/1530 [1:23:04<3:24:39, 11.63s/it]
 31%|███       | 475/1530 [1:23:14<3:15:19, 11.11s/it]
 31%|███       | 476/1530 [1:23:24<3:08:46, 10.75s/it]
 31%|███       | 477/1530 [1:23:33<3:04:07, 10.49s/it]
 31%|███       | 478/1530 [1:23:43<3:00:49, 10.31s/it]
 31%|███▏      | 479/1530 [1:23:53<2:58:26, 10.19s/it]
 31%|███▏      | 480/1530 [1:24:03<2:56:44, 10.10s/it]
 31%|███▏      | 481/1530 [1:24:13<2:55:34, 10.04s/it]
 32%|███▏      | 482/1530 [1:24:23<2:54:39, 10.00s/it]
 32%|███▏      | 483/1530 [1:24:33<2:53:56,  9.97s/it]
 32%|███▏      | 484/1530 [1:24:43<2:53:24,  9.95s/it]
 32%|███▏      | 485/1530 [1:24:53<2:53:03,  9.94s/it]
 32%|███▏      | 486/1530 [1:25:03<2:52:40,  9.92s/it]
 32%|███▏      | 487/1530 [1:25:12<2:52:21,  9.92s/it]
 32%|███▏      | 488/1530 [1:25:22<2:52:11,  9.91s/it]
 32%|███▏      | 489/1530 [1:25:32<2:51:55,  9.91s/it]
 32%|███▏      | 490/1530 [1:25:42<2:51:41,  9.91s/it]
 32%|███▏      | 491/1530 [1:25:52<2:51:31,  9.91s/it]
 32%|███▏      | 492/1530 [1:26:02<2:51:19,  9.90s/it]
 32%|███▏      | 493/1530 [1:26:12<2:51:07,  9.90s/it]
 32%|███▏      | 494/1530 [1:26:22<2:51:02,  9.91s/it]
 32%|███▏      | 495/1530 [1:26:32<2:50:49,  9.90s/it]
 32%|███▏      | 496/1530 [1:26:42<2:50:37,  9.90s/it]
 32%|███▏      | 497/1530 [1:26:51<2:50:30,  9.90s/it]
 33%|███▎      | 498/1530 [1:27:01<2:50:18,  9.90s/it]
 33%|███▎      | 499/1530 [1:27:11<2:50:07,  9.90s/it]
 33%|███▎      | 500/1530 [1:27:21<2:49:57,  9.90s/it]
 33%|███▎      | 501/1530 [1:27:31<2:49:44,  9.90s/it]
 33%|███▎      | 502/1530 [1:27:41<2:49:35,  9.90s/it]
 33%|███▎      | 503/1530 [1:27:51<2:49:24,  9.90s/it]
 33%|███▎      | 504/1530 [1:28:01<2:49:13,  9.90s/it]
 33%|███▎      | 505/1530 [1:28:11<2:49:03,  9.90s/it]
 33%|███▎      | 506/1530 [1:28:21<2:48:55,  9.90s/it]
 33%|███▎      | 507/1530 [1:28:30<2:48:47,  9.90s/it]
 33%|███▎      | 508/1530 [1:28:40<2:48:36,  9.90s/it]
 33%|███▎      | 509/1530 [1:28:50<2:48:26,  9.90s/it]
 33%|███▎      | 510/1530 [1:29:00<2:48:16,  9.90s/it]
 33%|███▎      | 511/1530 [1:29:10<2:48:04,  9.90s/it]
 33%|███▎      | 512/1530 [1:29:20<2:47:54,  9.90s/it]
 34%|███▎      | 513/1530 [1:29:30<2:47:44,  9.90s/it]
 34%|███▎      | 514/1530 [1:29:40<2:47:34,  9.90s/it]
 34%|███▎      | 515/1530 [1:29:50<2:47:24,  9.90s/it]
 34%|███▎      | 516/1530 [1:30:00<2:47:15,  9.90s/it]
 34%|███▍      | 517/1530 [1:30:09<2:47:05,  9.90s/it]
 34%|███▍      | 518/1530 [1:30:19<2:46:56,  9.90s/it]
 34%|███▍      | 519/1530 [1:30:29<2:46:44,  9.90s/it]
 34%|███▍      | 520/1530 [1:30:34<2:21:17,  8.39s/it]
                                                      

 34%|███▍      | 520/1530 [1:30:34<2:21:17,  8.39s/it]{'loss': 1.077, 'grad_norm': 2.0027434825897217, 'learning_rate': 3.300653594771242e-05, 'epoch': 10.0}


  0%|          | 0/26 [00:00<?, ?it/s][A

  8%|▊         | 2/26 [00:01<00:14,  1.67it/s][A

 12%|█▏        | 3/26 [00:02<00:19,  1.18it/s][A

 15%|█▌        | 4/26 [00:03<00:21,  1.02it/s][A

 19%|█▉        | 5/26 [00:04<00:22,  1.06s/it][A

 23%|██▎       | 6/26 [00:05<00:22,  1.10s/it][A

 27%|██▋       | 7/26 [00:07<00:21,  1.13s/it][A

 31%|███       | 8/26 [00:08<00:20,  1.16s/it][A

 35%|███▍      | 9/26 [00:09<00:19,  1.17s/it][A

 38%|███▊      | 10/26 [00:10<00:18,  1.18s/it][A

 42%|████▏     | 11/26 [00:11<00:17,  1.18s/it][A

 46%|████▌     | 12/26 [00:13<00:16,  1.19s/it][A

 50%|█████     | 13/26 [00:14<00:15,  1.19s/it][A

 54%|█████▍    | 14/26 [00:15<00:14,  1.19s/it][A

 58%|█████▊    | 15/26 [00:16<00:13,  1.20s/it][A

 62%|██████▏   | 16/26 [00:17<00:11,  1.20s/it][A

 65%|██████▌   | 17/26 [00:19<00:10,  1.20s/it][A

 69%|██████▉   | 18/26 [00:20<00:09,  1.20s/it][A

 73%|███████▎  | 19/26 [00:21<00:08,  1.20s/it][A

 77%|███████▋  | 20/26 [00:22<00:07,  1.20s/it][A

 81%|████████  | 21/26 [00:23<00:05,  1.20s/it][A

 85%|████████▍ | 22/26 [00:25<00:04,  1.20s/it][A

 88%|████████▊ | 23/26 [00:26<00:03,  1.20s/it][A

 92%|█████████▏| 24/26 [00:27<00:02,  1.20s/it][A

 96%|█████████▌| 25/26 [00:28<00:01,  1.20s/it][A

100%|██████████| 26/26 [00:29<00:00,  1.13s/it][A

                                               
[A
                                                      

100%|██████████| 26/26 [00:29<00:00,  1.13s/it][A
 34%|███▍      | 520/1530 [1:31:06<2:21:17,  8.39s/it]

                                               [A{'eval_loss': 1.0650286674499512, 'eval_macro_recall': 0.6464442108950781, 'eval_macro_precision': 0.6106206289923163, 'eval_macro_f1': 0.6056979718284862, 'eval_accuracy': 0.6500607533414338, 'eval_micro_recall': 0.6500607533414338, 'eval_micro_precision': 0.6500607533414338, 'eval_micro_f1': 0.6500607533414338, 'eval_runtime': 31.4965, 'eval_samples_per_second': 26.13, 'eval_steps_per_second': 0.825, 'epoch': 10.0}

 34%|███▍      | 521/1530 [1:31:19<5:27:34, 19.48s/it]
 34%|███▍      | 522/1530 [1:31:29<4:38:58, 16.61s/it]
 34%|███▍      | 523/1530 [1:31:39<4:04:57, 14.60s/it]
 34%|███▍      | 524/1530 [1:31:49<3:41:06, 13.19s/it]
 34%|███▍      | 525/1530 [1:31:59<3:24:22, 12.20s/it]
 34%|███▍      | 526/1530 [1:32:09<3:12:37, 11.51s/it]
 34%|███▍      | 527/1530 [1:32:19<3:04:22, 11.03s/it]
 35%|███▍      | 528/1530 [1:32:29<2:58:33, 10.69s/it]
 35%|███▍      | 529/1530 [1:32:39<2:54:27, 10.46s/it]
 35%|███▍      | 530/1530 [1:32:49<2:51:31, 10.29s/it]
 35%|███▍      | 531/1530 [1:32:58<2:49:25, 10.18s/it]
 35%|███▍      | 532/1530 [1:33:08<2:47:54, 10.09s/it]
 35%|███▍      | 533/1530 [1:33:18<2:46:48, 10.04s/it]
 35%|███▍      | 534/1530 [1:33:28<2:45:57, 10.00s/it]
 35%|███▍      | 535/1530 [1:33:38<2:45:20,  9.97s/it]
 35%|███▌      | 536/1530 [1:33:48<2:44:51,  9.95s/it]
 35%|███▌      | 537/1530 [1:33:58<2:44:28,  9.94s/it]
 35%|███▌      | 538/1530 [1:34:08<2:44:10,  9.93s/it]
 35%|███▌      | 539/1530 [1:34:18<2:43:53,  9.92s/it]
 35%|███▌      | 540/1530 [1:34:28<2:43:38,  9.92s/it]
 35%|███▌      | 541/1530 [1:34:38<2:43:25,  9.91s/it]
 35%|███▌      | 542/1530 [1:34:47<2:43:12,  9.91s/it]
 35%|███▌      | 543/1530 [1:34:57<2:43:01,  9.91s/it]
 36%|███▌      | 544/1530 [1:35:07<2:42:50,  9.91s/it]
 36%|███▌      | 545/1530 [1:35:17<2:42:39,  9.91s/it]
 36%|███▌      | 546/1530 [1:35:27<2:42:30,  9.91s/it]
 36%|███▌      | 547/1530 [1:35:37<2:42:20,  9.91s/it]
 36%|███▌      | 548/1530 [1:35:47<2:42:09,  9.91s/it]
 36%|███▌      | 549/1530 [1:35:57<2:41:59,  9.91s/it]
 36%|███▌      | 550/1530 [1:36:07<2:41:49,  9.91s/it]
 36%|███▌      | 551/1530 [1:36:17<2:41:38,  9.91s/it]
 36%|███▌      | 552/1530 [1:36:27<2:41:29,  9.91s/it]
 36%|███▌      | 553/1530 [1:36:36<2:41:19,  9.91s/it]
 36%|███▌      | 554/1530 [1:36:46<2:41:10,  9.91s/it]
 36%|███▋      | 555/1530 [1:36:56<2:40:59,  9.91s/it]
 36%|███▋      | 556/1530 [1:37:06<2:40:49,  9.91s/it]
 36%|███▋      | 557/1530 [1:37:16<2:40:39,  9.91s/it]
 36%|███▋      | 558/1530 [1:37:26<2:40:29,  9.91s/it]
 37%|███▋      | 559/1530 [1:37:36<2:40:19,  9.91s/it]
 37%|███▋      | 560/1530 [1:37:46<2:40:09,  9.91s/it]
 37%|███▋      | 561/1530 [1:37:56<2:40:01,  9.91s/it]
 37%|███▋      | 562/1530 [1:38:06<2:39:51,  9.91s/it]
 37%|███▋      | 563/1530 [1:38:16<2:39:40,  9.91s/it]
 37%|███▋      | 564/1530 [1:38:25<2:39:30,  9.91s/it]
 37%|███▋      | 565/1530 [1:38:35<2:39:20,  9.91s/it]
 37%|███▋      | 566/1530 [1:38:45<2:39:10,  9.91s/it]
 37%|███▋      | 567/1530 [1:38:55<2:38:59,  9.91s/it]
 37%|███▋      | 568/1530 [1:39:05<2:38:50,  9.91s/it]
 37%|███▋      | 569/1530 [1:39:15<2:38:40,  9.91s/it]
 37%|███▋      | 570/1530 [1:39:25<2:38:30,  9.91s/it]
 37%|███▋      | 571/1530 [1:39:35<2:38:20,  9.91s/it]
 37%|███▋      | 572/1530 [1:39:40<2:14:07,  8.40s/it]
                                                      

 37%|███▋      | 572/1530 [1:39:40<2:14:07,  8.40s/it]{'loss': 0.9814, 'grad_norm': 2.089081048965454, 'learning_rate': 3.130718954248366e-05, 'epoch': 11.0}


  0%|          | 0/26 [00:00<?, ?it/s][A

  8%|▊         | 2/26 [00:01<00:14,  1.67it/s][A

 12%|█▏        | 3/26 [00:02<00:19,  1.18it/s][A

 15%|█▌        | 4/26 [00:03<00:21,  1.02it/s][A

 19%|█▉        | 5/26 [00:04<00:22,  1.06s/it][A

 23%|██▎       | 6/26 [00:05<00:22,  1.10s/it][A

 27%|██▋       | 7/26 [00:07<00:21,  1.13s/it][A

 31%|███       | 8/26 [00:08<00:20,  1.15s/it][A

 35%|███▍      | 9/26 [00:09<00:19,  1.17s/it][A

 38%|███▊      | 10/26 [00:10<00:18,  1.18s/it][A

 42%|████▏     | 11/26 [00:11<00:17,  1.18s/it][A

 46%|████▌     | 12/26 [00:13<00:16,  1.19s/it][A

 50%|█████     | 13/26 [00:14<00:15,  1.19s/it][A

 54%|█████▍    | 14/26 [00:15<00:14,  1.19s/it][A

 58%|█████▊    | 15/26 [00:16<00:13,  1.20s/it][A

 62%|██████▏   | 16/26 [00:17<00:11,  1.20s/it][A

 65%|██████▌   | 17/26 [00:19<00:10,  1.20s/it][A

 69%|██████▉   | 18/26 [00:20<00:09,  1.20s/it][A

 73%|███████▎  | 19/26 [00:21<00:08,  1.20s/it][A

 77%|███████▋  | 20/26 [00:22<00:07,  1.20s/it][A

 81%|████████  | 21/26 [00:23<00:05,  1.20s/it][A

 85%|████████▍ | 22/26 [00:25<00:04,  1.20s/it][A

 88%|████████▊ | 23/26 [00:26<00:03,  1.20s/it][A

 92%|█████████▏| 24/26 [00:27<00:02,  1.20s/it][A

 96%|█████████▌| 25/26 [00:28<00:01,  1.20s/it][A

100%|██████████| 26/26 [00:29<00:00,  1.15s/it][A

                                               
[A
                                                      

100%|██████████| 26/26 [00:29<00:00,  1.15s/it][A
 37%|███▋      | 572/1530 [1:40:11<2:14:07,  8.40s/it]

                                               [A{'eval_loss': 0.9949240684509277, 'eval_macro_recall': 0.6639948068727137, 'eval_macro_precision': 0.6328505457720575, 'eval_macro_f1': 0.629774867907134, 'eval_accuracy': 0.6743620899149453, 'eval_micro_recall': 0.6743620899149453, 'eval_micro_precision': 0.6743620899149453, 'eval_micro_f1': 0.6743620899149453, 'eval_runtime': 31.3576, 'eval_samples_per_second': 26.246, 'eval_steps_per_second': 0.829, 'epoch': 11.0}

 37%|███▋      | 573/1530 [1:40:25<5:09:30, 19.40s/it]
 38%|███▊      | 574/1530 [1:40:35<4:23:44, 16.55s/it]
 38%|███▊      | 575/1530 [1:40:45<3:51:42, 14.56s/it]
 38%|███▊      | 576/1530 [1:40:54<3:29:14, 13.16s/it]
 38%|███▊      | 577/1530 [1:41:04<3:13:28, 12.18s/it]
 38%|███▊      | 578/1530 [1:41:14<3:02:25, 11.50s/it]
 38%|███▊      | 579/1530 [1:41:24<2:54:38, 11.02s/it]
 38%|███▊      | 580/1530 [1:41:34<2:49:07, 10.68s/it]
 38%|███▊      | 581/1530 [1:41:44<2:45:13, 10.45s/it]
 38%|███▊      | 582/1530 [1:41:54<2:42:28, 10.28s/it]
 38%|███▊      | 583/1530 [1:42:04<2:40:30, 10.17s/it]
 38%|███▊      | 584/1530 [1:42:14<2:39:06, 10.09s/it]
 38%|███▊      | 585/1530 [1:42:24<2:38:03, 10.04s/it]
 38%|███▊      | 586/1530 [1:42:33<2:37:14,  9.99s/it]
 38%|███▊      | 587/1530 [1:42:43<2:36:38,  9.97s/it]
 38%|███▊      | 588/1530 [1:42:53<2:36:15,  9.95s/it]
 38%|███▊      | 589/1530 [1:43:03<2:35:49,  9.94s/it]
 39%|███▊      | 590/1530 [1:43:13<2:35:29,  9.93s/it]
 39%|███▊      | 591/1530 [1:43:23<2:35:13,  9.92s/it]
 39%|███▊      | 592/1530 [1:43:33<2:35:00,  9.92s/it]
 39%|███▉      | 593/1530 [1:43:43<2:34:46,  9.91s/it]
 39%|███▉      | 594/1530 [1:43:53<2:34:32,  9.91s/it]
 39%|███▉      | 595/1530 [1:44:03<2:34:21,  9.91s/it]
 39%|███▉      | 596/1530 [1:44:12<2:34:11,  9.91s/it]
 39%|███▉      | 597/1530 [1:44:22<2:34:02,  9.91s/it]
 39%|███▉      | 598/1530 [1:44:32<2:33:50,  9.90s/it]
 39%|███▉      | 599/1530 [1:44:42<2:33:45,  9.91s/it]
 39%|███▉      | 600/1530 [1:44:52<2:33:36,  9.91s/it]
 39%|███▉      | 601/1530 [1:45:02<2:33:23,  9.91s/it]
 39%|███▉      | 602/1530 [1:45:12<2:33:12,  9.91s/it]
 39%|███▉      | 603/1530 [1:45:22<2:33:01,  9.90s/it]
 39%|███▉      | 604/1530 [1:45:32<2:32:50,  9.90s/it]
 40%|███▉      | 605/1530 [1:45:42<2:32:39,  9.90s/it]
 40%|███▉      | 606/1530 [1:45:52<2:32:29,  9.90s/it]
 40%|███▉      | 607/1530 [1:46:01<2:32:19,  9.90s/it]
 40%|███▉      | 608/1530 [1:46:11<2:32:09,  9.90s/it]
 40%|███▉      | 609/1530 [1:46:21<2:32:00,  9.90s/it]
 40%|███▉      | 610/1530 [1:46:31<2:31:50,  9.90s/it]
 40%|███▉      | 611/1530 [1:46:41<2:31:40,  9.90s/it]
 40%|████      | 612/1530 [1:46:51<2:31:30,  9.90s/it]
 40%|████      | 613/1530 [1:47:01<2:31:20,  9.90s/it]
 40%|████      | 614/1530 [1:47:11<2:31:08,  9.90s/it]
 40%|████      | 615/1530 [1:47:21<2:31:00,  9.90s/it]
 40%|████      | 616/1530 [1:47:31<2:30:52,  9.90s/it]
 40%|████      | 617/1530 [1:47:40<2:30:41,  9.90s/it]
 40%|████      | 618/1530 [1:47:50<2:30:30,  9.90s/it]
 40%|████      | 619/1530 [1:48:00<2:30:21,  9.90s/it]
 41%|████      | 620/1530 [1:48:10<2:30:10,  9.90s/it]
 41%|████      | 621/1530 [1:48:20<2:30:04,  9.91s/it]
 41%|████      | 622/1530 [1:48:30<2:29:52,  9.90s/it]
 41%|████      | 623/1530 [1:48:40<2:29:40,  9.90s/it]
 41%|████      | 624/1530 [1:48:45<2:06:54,  8.40s/it]
                                                      

 41%|████      | 624/1530 [1:48:45<2:06:54,  8.40s/it]{'loss': 0.9114, 'grad_norm': 2.0270509719848633, 'learning_rate': 2.9607843137254905e-05, 'epoch': 12.0}


  0%|          | 0/26 [00:00<?, ?it/s][A

  8%|▊         | 2/26 [00:01<00:14,  1.67it/s][A

 12%|█▏        | 3/26 [00:02<00:19,  1.18it/s][A

 15%|█▌        | 4/26 [00:03<00:21,  1.02it/s][A

 19%|█▉        | 5/26 [00:04<00:22,  1.06s/it][A

 23%|██▎       | 6/26 [00:05<00:22,  1.10s/it][A

 27%|██▋       | 7/26 [00:07<00:21,  1.14s/it][A

 31%|███       | 8/26 [00:08<00:20,  1.16s/it][A

 35%|███▍      | 9/26 [00:09<00:19,  1.17s/it][A

 38%|███▊      | 10/26 [00:10<00:18,  1.18s/it][A

 42%|████▏     | 11/26 [00:12<00:17,  1.19s/it][A

 46%|████▌     | 12/26 [00:13<00:16,  1.19s/it][A

 50%|█████     | 13/26 [00:14<00:15,  1.19s/it][A

 54%|█████▍    | 14/26 [00:15<00:14,  1.20s/it][A

 58%|█████▊    | 15/26 [00:16<00:13,  1.20s/it][A

 62%|██████▏   | 16/26 [00:18<00:11,  1.20s/it][A

 65%|██████▌   | 17/26 [00:19<00:10,  1.20s/it][A

 69%|██████▉   | 18/26 [00:20<00:09,  1.20s/it][A

 73%|███████▎  | 19/26 [00:21<00:08,  1.20s/it][A

 77%|███████▋  | 20/26 [00:22<00:07,  1.20s/it][A

 81%|████████  | 21/26 [00:24<00:06,  1.20s/it][A

 85%|████████▍ | 22/26 [00:25<00:04,  1.20s/it][A

 88%|████████▊ | 23/26 [00:26<00:03,  1.20s/it][A

 92%|█████████▏| 24/26 [00:27<00:02,  1.20s/it][A

 96%|█████████▌| 25/26 [00:28<00:01,  1.20s/it][A

100%|██████████| 26/26 [00:29<00:00,  1.13s/it][A

                                               
[A
                                                      

100%|██████████| 26/26 [00:30<00:00,  1.13s/it][A
 41%|████      | 624/1530 [1:49:17<2:06:54,  8.40s/it]

                                               [A{'eval_loss': 0.9530852437019348, 'eval_macro_recall': 0.6707431457431458, 'eval_macro_precision': 0.6494355650049904, 'eval_macro_f1': 0.6427782390946508, 'eval_accuracy': 0.6877278250303767, 'eval_micro_recall': 0.6877278250303767, 'eval_micro_precision': 0.6877278250303767, 'eval_micro_f1': 0.6877278250303767, 'eval_runtime': 31.3478, 'eval_samples_per_second': 26.254, 'eval_steps_per_second': 0.829, 'epoch': 12.0}

 41%|████      | 625/1530 [1:49:31<4:58:15, 19.77s/it]
 41%|████      | 626/1530 [1:49:41<4:13:15, 16.81s/it]
 41%|████      | 627/1530 [1:49:51<3:41:45, 14.73s/it]
 41%|████      | 628/1530 [1:50:01<3:19:40, 13.28s/it]
 41%|████      | 629/1530 [1:50:11<3:04:12, 12.27s/it]
 41%|████      | 630/1530 [1:50:21<2:53:20, 11.56s/it]
 41%|████      | 631/1530 [1:50:30<2:45:42, 11.06s/it]
 41%|████▏     | 632/1530 [1:50:40<2:40:18, 10.71s/it]
 41%|████▏     | 633/1530 [1:50:50<2:36:28, 10.47s/it]
 41%|████▏     | 634/1530 [1:51:00<2:33:44, 10.30s/it]
 42%|████▏     | 635/1530 [1:51:10<2:31:47, 10.18s/it]
 42%|████▏     | 636/1530 [1:51:20<2:30:22, 10.09s/it]
 42%|████▏     | 637/1530 [1:51:30<2:29:19, 10.03s/it]
 42%|████▏     | 638/1530 [1:51:40<2:28:32,  9.99s/it]
 42%|████▏     | 639/1530 [1:51:50<2:27:56,  9.96s/it]
 42%|████▏     | 640/1530 [1:52:00<2:27:29,  9.94s/it]
 42%|████▏     | 641/1530 [1:52:09<2:27:06,  9.93s/it]
 42%|████▏     | 642/1530 [1:52:19<2:26:48,  9.92s/it]
 42%|████▏     | 643/1530 [1:52:29<2:26:33,  9.91s/it]
 42%|████▏     | 644/1530 [1:52:39<2:26:18,  9.91s/it]
 42%|████▏     | 645/1530 [1:52:49<2:26:05,  9.90s/it]
 42%|████▏     | 646/1530 [1:52:59<2:25:54,  9.90s/it]
 42%|████▏     | 647/1530 [1:53:09<2:25:42,  9.90s/it]
 42%|████▏     | 648/1530 [1:53:19<2:25:30,  9.90s/it]
 42%|████▏     | 649/1530 [1:53:29<2:25:20,  9.90s/it]
 42%|████▏     | 650/1530 [1:53:38<2:25:10,  9.90s/it]
 43%|████▎     | 651/1530 [1:53:48<2:25:00,  9.90s/it]
 43%|████▎     | 652/1530 [1:53:58<2:24:51,  9.90s/it]
 43%|████▎     | 653/1530 [1:54:08<2:24:38,  9.90s/it]
 43%|████▎     | 654/1530 [1:54:18<2:24:29,  9.90s/it]
 43%|████▎     | 655/1530 [1:54:28<2:24:19,  9.90s/it]
 43%|████▎     | 656/1530 [1:54:38<2:24:09,  9.90s/it]
 43%|████▎     | 657/1530 [1:54:48<2:24:00,  9.90s/it]
 43%|████▎     | 658/1530 [1:54:58<2:23:51,  9.90s/it]
 43%|████▎     | 659/1530 [1:55:08<2:23:40,  9.90s/it]
 43%|████▎     | 660/1530 [1:55:17<2:23:29,  9.90s/it]
 43%|████▎     | 661/1530 [1:55:27<2:23:22,  9.90s/it]
 43%|████▎     | 662/1530 [1:55:37<2:23:11,  9.90s/it]
 43%|████▎     | 663/1530 [1:55:47<2:23:01,  9.90s/it]
 43%|████▎     | 664/1530 [1:55:57<2:22:51,  9.90s/it]
 43%|████▎     | 665/1530 [1:56:07<2:22:42,  9.90s/it]
 44%|████▎     | 666/1530 [1:56:17<2:22:31,  9.90s/it]
 44%|████▎     | 667/1530 [1:56:27<2:22:20,  9.90s/it]
 44%|████▎     | 668/1530 [1:56:37<2:22:11,  9.90s/it]
 44%|████▎     | 669/1530 [1:56:47<2:22:01,  9.90s/it]
 44%|████▍     | 670/1530 [1:56:56<2:21:51,  9.90s/it]
 44%|████▍     | 671/1530 [1:57:06<2:21:41,  9.90s/it]
 44%|████▍     | 672/1530 [1:57:16<2:21:31,  9.90s/it]
 44%|████▍     | 673/1530 [1:57:26<2:21:20,  9.90s/it]
 44%|████▍     | 674/1530 [1:57:36<2:21:09,  9.89s/it]
 44%|████▍     | 675/1530 [1:57:46<2:20:58,  9.89s/it]
 44%|████▍     | 676/1530 [1:57:51<1:59:26,  8.39s/it]
                                                      

 44%|████▍     | 676/1530 [1:57:51<1:59:26,  8.39s/it]{'loss': 0.8578, 'grad_norm': 1.42281973361969, 'learning_rate': 2.7908496732026145e-05, 'epoch': 13.0}


  0%|          | 0/26 [00:00<?, ?it/s][A

  8%|▊         | 2/26 [00:01<00:14,  1.67it/s][A

 12%|█▏        | 3/26 [00:02<00:19,  1.18it/s][A

 15%|█▌        | 4/26 [00:03<00:21,  1.02it/s][A

 19%|█▉        | 5/26 [00:04<00:22,  1.06s/it][A

 23%|██▎       | 6/26 [00:05<00:22,  1.10s/it][A

 27%|██▋       | 7/26 [00:07<00:21,  1.13s/it][A

 31%|███       | 8/26 [00:08<00:20,  1.15s/it][A

 35%|███▍      | 9/26 [00:09<00:19,  1.17s/it][A

 38%|███▊      | 10/26 [00:10<00:18,  1.18s/it][A

 42%|████▏     | 11/26 [00:11<00:17,  1.18s/it][A

 46%|████▌     | 12/26 [00:13<00:16,  1.19s/it][A

 50%|█████     | 13/26 [00:14<00:15,  1.19s/it][A

 54%|█████▍    | 14/26 [00:15<00:14,  1.19s/it][A

 58%|█████▊    | 15/26 [00:16<00:13,  1.19s/it][A

 62%|██████▏   | 16/26 [00:17<00:11,  1.20s/it][A

 65%|██████▌   | 17/26 [00:19<00:10,  1.20s/it][A

 69%|██████▉   | 18/26 [00:20<00:09,  1.20s/it][A

 73%|███████▎  | 19/26 [00:21<00:08,  1.20s/it][A

 77%|███████▋  | 20/26 [00:22<00:07,  1.20s/it][A

 81%|████████  | 21/26 [00:23<00:05,  1.20s/it][A

 85%|████████▍ | 22/26 [00:25<00:04,  1.20s/it][A

 88%|████████▊ | 23/26 [00:26<00:03,  1.20s/it][A

 92%|█████████▏| 24/26 [00:27<00:02,  1.20s/it][A

 96%|█████████▌| 25/26 [00:28<00:01,  1.20s/it][A

100%|██████████| 26/26 [00:29<00:00,  1.13s/it][A

                                               
[A
                                                      

100%|██████████| 26/26 [00:29<00:00,  1.13s/it][A
 44%|████▍     | 676/1530 [1:58:22<1:59:26,  8.39s/it]

                                               [A{'eval_loss': 0.9264801740646362, 'eval_macro_recall': 0.7006342494714589, 'eval_macro_precision': 0.6808351741927324, 'eval_macro_f1': 0.6706715705712019, 'eval_accuracy': 0.6998784933171325, 'eval_micro_recall': 0.6998784933171325, 'eval_micro_precision': 0.6998784933171325, 'eval_micro_f1': 0.6998784933171325, 'eval_runtime': 31.2854, 'eval_samples_per_second': 26.306, 'eval_steps_per_second': 0.831, 'epoch': 13.0}

 44%|████▍     | 677/1530 [1:58:36<4:35:19, 19.37s/it]
 44%|████▍     | 678/1530 [1:58:46<3:54:39, 16.53s/it]
 44%|████▍     | 679/1530 [1:58:56<3:26:10, 14.54s/it]
 44%|████▍     | 680/1530 [1:59:05<3:06:14, 13.15s/it]
 45%|████▍     | 681/1530 [1:59:15<2:52:17, 12.18s/it]
 45%|████▍     | 682/1530 [1:59:25<2:42:25, 11.49s/it]
 45%|████▍     | 683/1530 [1:59:35<2:35:28, 11.01s/it]
 45%|████▍     | 684/1530 [1:59:45<2:30:34, 10.68s/it]
 45%|████▍     | 685/1530 [1:59:55<2:27:06, 10.45s/it]
 45%|████▍     | 686/1530 [2:00:05<2:24:36, 10.28s/it]
 45%|████▍     | 687/1530 [2:00:15<2:22:50, 10.17s/it]
 45%|████▍     | 688/1530 [2:00:25<2:21:33, 10.09s/it]
 45%|████▌     | 689/1530 [2:00:35<2:20:35, 10.03s/it]
 45%|████▌     | 690/1530 [2:00:44<2:19:52,  9.99s/it]
 45%|████▌     | 691/1530 [2:00:54<2:19:19,  9.96s/it]
 45%|████▌     | 692/1530 [2:01:04<2:18:52,  9.94s/it]
 45%|████▌     | 693/1530 [2:01:14<2:18:30,  9.93s/it]
 45%|████▌     | 694/1530 [2:01:24<2:18:12,  9.92s/it]
 45%|████▌     | 695/1530 [2:01:34<2:17:57,  9.91s/it]
 45%|████▌     | 696/1530 [2:01:44<2:17:43,  9.91s/it]
 46%|████▌     | 697/1530 [2:01:54<2:17:31,  9.91s/it]
 46%|████▌     | 698/1530 [2:02:04<2:17:19,  9.90s/it]
 46%|████▌     | 699/1530 [2:02:14<2:17:09,  9.90s/it]
 46%|████▌     | 700/1530 [2:02:23<2:16:58,  9.90s/it]
 46%|████▌     | 701/1530 [2:02:33<2:16:46,  9.90s/it]
 46%|████▌     | 702/1530 [2:02:43<2:16:36,  9.90s/it]
 46%|████▌     | 703/1530 [2:02:53<2:16:26,  9.90s/it]
 46%|████▌     | 704/1530 [2:03:03<2:16:16,  9.90s/it]
 46%|████▌     | 705/1530 [2:03:13<2:16:05,  9.90s/it]
 46%|████▌     | 706/1530 [2:03:23<2:15:54,  9.90s/it]
 46%|████▌     | 707/1530 [2:03:33<2:15:44,  9.90s/it]
 46%|████▋     | 708/1530 [2:03:43<2:15:35,  9.90s/it]
 46%|████▋     | 709/1530 [2:03:53<2:15:25,  9.90s/it]
 46%|████▋     | 710/1530 [2:04:02<2:15:16,  9.90s/it]
 46%|████▋     | 711/1530 [2:04:12<2:15:06,  9.90s/it]
 47%|████▋     | 712/1530 [2:04:22<2:14:55,  9.90s/it]
 47%|████▋     | 713/1530 [2:04:32<2:14:46,  9.90s/it]
 47%|████▋     | 714/1530 [2:04:42<2:14:37,  9.90s/it]
 47%|████▋     | 715/1530 [2:04:52<2:14:26,  9.90s/it]
 47%|████▋     | 716/1530 [2:05:02<2:14:17,  9.90s/it]
 47%|████▋     | 717/1530 [2:05:12<2:14:08,  9.90s/it]
 47%|████▋     | 718/1530 [2:05:22<2:13:59,  9.90s/it]
 47%|████▋     | 719/1530 [2:05:32<2:13:49,  9.90s/it]
 47%|████▋     | 720/1530 [2:05:41<2:13:39,  9.90s/it]
 47%|████▋     | 721/1530 [2:05:51<2:13:28,  9.90s/it]
 47%|████▋     | 722/1530 [2:06:01<2:13:17,  9.90s/it]
 47%|████▋     | 723/1530 [2:06:11<2:13:08,  9.90s/it]
 47%|████▋     | 724/1530 [2:06:21<2:12:57,  9.90s/it]
 47%|████▋     | 725/1530 [2:06:31<2:12:49,  9.90s/it]
 47%|████▋     | 726/1530 [2:06:41<2:12:38,  9.90s/it]
 48%|████▊     | 727/1530 [2:06:51<2:12:28,  9.90s/it]
 48%|████▊     | 728/1530 [2:06:56<1:52:24,  8.41s/it]
                                                      

 48%|████▊     | 728/1530 [2:06:56<1:52:24,  8.41s/it]{'loss': 0.8048, 'grad_norm': 2.9589996337890625, 'learning_rate': 2.620915032679739e-05, 'epoch': 14.0}


  0%|          | 0/26 [00:00<?, ?it/s][A

  8%|▊         | 2/26 [00:01<00:14,  1.67it/s][A

 12%|█▏        | 3/26 [00:02<00:19,  1.18it/s][A

 15%|█▌        | 4/26 [00:03<00:21,  1.02it/s][A

 19%|█▉        | 5/26 [00:04<00:22,  1.06s/it][A

 23%|██▎       | 6/26 [00:05<00:22,  1.10s/it][A

 27%|██▋       | 7/26 [00:07<00:21,  1.13s/it][A

 31%|███       | 8/26 [00:08<00:20,  1.15s/it][A

 35%|███▍      | 9/26 [00:09<00:19,  1.17s/it][A

 38%|███▊      | 10/26 [00:10<00:18,  1.18s/it][A

 42%|████▏     | 11/26 [00:11<00:17,  1.18s/it][A

 46%|████▌     | 12/26 [00:13<00:16,  1.19s/it][A

 50%|█████     | 13/26 [00:14<00:15,  1.19s/it][A

 54%|█████▍    | 14/26 [00:15<00:14,  1.19s/it][A

 58%|█████▊    | 15/26 [00:16<00:13,  1.19s/it][A

 62%|██████▏   | 16/26 [00:17<00:11,  1.20s/it][A

 65%|██████▌   | 17/26 [00:19<00:10,  1.20s/it][A

 69%|██████▉   | 18/26 [00:20<00:09,  1.20s/it][A

 73%|███████▎  | 19/26 [00:21<00:08,  1.20s/it][A

 77%|███████▋  | 20/26 [00:22<00:07,  1.20s/it][A

 81%|████████  | 21/26 [00:23<00:05,  1.20s/it][A

 85%|████████▍ | 22/26 [00:25<00:04,  1.20s/it][A

 88%|████████▊ | 23/26 [00:26<00:03,  1.20s/it][A

 92%|█████████▏| 24/26 [00:27<00:02,  1.20s/it][A

 96%|█████████▌| 25/26 [00:28<00:01,  1.20s/it][A

100%|██████████| 26/26 [00:29<00:00,  1.14s/it][A

                                               
[A
                                                      

100%|██████████| 26/26 [00:29<00:00,  1.14s/it][A
 48%|████▊     | 728/1530 [2:07:27<1:52:24,  8.41s/it]

                                               [A{'eval_loss': 0.9003520607948303, 'eval_macro_recall': 0.6980179704016913, 'eval_macro_precision': 0.6744827786947352, 'eval_macro_f1': 0.6701448299093133, 'eval_accuracy': 0.7083839611178615, 'eval_micro_recall': 0.7083839611178615, 'eval_micro_precision': 0.7083839611178615, 'eval_micro_f1': 0.7083839611178615, 'eval_runtime': 31.31, 'eval_samples_per_second': 26.286, 'eval_steps_per_second': 0.83, 'epoch': 14.0}

 48%|████▊     | 729/1530 [2:07:41<4:20:37, 19.52s/it]
 48%|████▊     | 730/1530 [2:07:51<3:41:49, 16.64s/it]
 48%|████▊     | 731/1530 [2:08:01<3:14:38, 14.62s/it]
 48%|████▊     | 732/1530 [2:08:11<2:55:34, 13.20s/it]
 48%|████▊     | 733/1530 [2:08:21<2:42:13, 12.21s/it]
 48%|████▊     | 734/1530 [2:08:31<2:32:49, 11.52s/it]
 48%|████▊     | 735/1530 [2:08:40<2:26:11, 11.03s/it]
 48%|████▊     | 736/1530 [2:08:50<2:21:31, 10.70s/it]
 48%|████▊     | 737/1530 [2:09:00<2:18:12, 10.46s/it]
 48%|████▊     | 738/1530 [2:09:10<2:15:49, 10.29s/it]
 48%|████▊     | 739/1530 [2:09:20<2:14:07, 10.17s/it]
 48%|████▊     | 740/1530 [2:09:30<2:12:53, 10.09s/it]
 48%|████▊     | 741/1530 [2:09:40<2:11:59, 10.04s/it]
 48%|████▊     | 742/1530 [2:09:50<2:11:17, 10.00s/it]
 49%|████▊     | 743/1530 [2:10:00<2:10:44,  9.97s/it]
 49%|████▊     | 744/1530 [2:10:14<2:27:58, 11.30s/it]
 49%|████▊     | 745/1530 [2:10:24<2:23:59, 11.01s/it]
 49%|████▉     | 746/1530 [2:10:34<2:19:27, 10.67s/it]
 49%|████▉     | 747/1530 [2:10:44<2:16:13, 10.44s/it]
 49%|████▉     | 748/1530 [2:10:54<2:13:55, 10.28s/it]
 49%|████▉     | 749/1530 [2:11:04<2:12:16, 10.16s/it]
 49%|████▉     | 750/1530 [2:11:14<2:11:03, 10.08s/it]
 49%|████▉     | 751/1530 [2:11:24<2:10:10, 10.03s/it]
 49%|████▉     | 752/1530 [2:11:34<2:09:30,  9.99s/it]
 49%|████▉     | 753/1530 [2:11:44<2:09:00,  9.96s/it]
 49%|████▉     | 754/1530 [2:11:54<2:08:35,  9.94s/it]
 49%|████▉     | 755/1530 [2:12:03<2:08:15,  9.93s/it]
 49%|████▉     | 756/1530 [2:12:13<2:07:58,  9.92s/it]
 49%|████▉     | 757/1530 [2:12:23<2:07:44,  9.91s/it]
 50%|████▉     | 758/1530 [2:12:33<2:07:29,  9.91s/it]
 50%|████▉     | 759/1530 [2:12:43<2:07:18,  9.91s/it]
 50%|████▉     | 760/1530 [2:12:53<2:07:07,  9.91s/it]
 50%|████▉     | 761/1530 [2:13:03<2:06:56,  9.90s/it]
 50%|████▉     | 762/1530 [2:13:13<2:06:47,  9.91s/it]
 50%|████▉     | 763/1530 [2:13:23<2:06:36,  9.90s/it]
 50%|████▉     | 764/1530 [2:13:33<2:06:26,  9.90s/it]
 50%|█████     | 765/1530 [2:13:42<2:06:16,  9.90s/it]
 50%|█████     | 766/1530 [2:13:52<2:06:06,  9.90s/it]
 50%|█████     | 767/1530 [2:14:02<2:05:56,  9.90s/it]
 50%|█████     | 768/1530 [2:14:12<2:05:46,  9.90s/it]
 50%|█████     | 769/1530 [2:14:22<2:05:36,  9.90s/it]
 50%|█████     | 770/1530 [2:14:32<2:05:26,  9.90s/it]
 50%|█████     | 771/1530 [2:14:42<2:05:16,  9.90s/it]
 50%|█████     | 772/1530 [2:14:52<2:05:06,  9.90s/it]
 51%|█████     | 773/1530 [2:15:02<2:04:55,  9.90s/it]
 51%|█████     | 774/1530 [2:15:12<2:04:44,  9.90s/it]
 51%|█████     | 775/1530 [2:15:21<2:04:34,  9.90s/it]
 51%|█████     | 776/1530 [2:15:31<2:04:24,  9.90s/it]
 51%|█████     | 777/1530 [2:15:41<2:04:15,  9.90s/it]
 51%|█████     | 778/1530 [2:15:51<2:04:40,  9.95s/it]
 51%|█████     | 779/1530 [2:16:01<2:04:20,  9.93s/it]
 51%|█████     | 780/1530 [2:16:06<1:45:19,  8.43s/it]
                                                      

 51%|█████     | 780/1530 [2:16:06<1:45:19,  8.43s/it]{'loss': 0.7677, 'grad_norm': 1.6136337518692017, 'learning_rate': 2.4509803921568626e-05, 'epoch': 15.0}


  0%|          | 0/26 [00:00<?, ?it/s][A

  8%|▊         | 2/26 [00:01<00:14,  1.65it/s][A

 12%|█▏        | 3/26 [00:02<00:19,  1.18it/s][A

 15%|█▌        | 4/26 [00:03<00:21,  1.02it/s][A

 19%|█▉        | 5/26 [00:04<00:22,  1.06s/it][A

 23%|██▎       | 6/26 [00:06<00:22,  1.10s/it][A

 27%|██▋       | 7/26 [00:07<00:21,  1.13s/it][A

 31%|███       | 8/26 [00:08<00:20,  1.16s/it][A

 35%|███▍      | 9/26 [00:09<00:19,  1.17s/it][A

 38%|███▊      | 10/26 [00:10<00:18,  1.18s/it][A

 42%|████▏     | 11/26 [00:11<00:17,  1.18s/it][A

 46%|████▌     | 12/26 [00:13<00:16,  1.19s/it][A

 50%|█████     | 13/26 [00:14<00:15,  1.19s/it][A

 54%|█████▍    | 14/26 [00:15<00:14,  1.19s/it][A

 58%|█████▊    | 15/26 [00:16<00:13,  1.19s/it][A

 62%|██████▏   | 16/26 [00:17<00:11,  1.20s/it][A

 65%|██████▌   | 17/26 [00:19<00:10,  1.20s/it][A

 69%|██████▉   | 18/26 [00:20<00:09,  1.20s/it][A

 73%|███████▎  | 19/26 [00:21<00:08,  1.20s/it][A

 77%|███████▋  | 20/26 [00:22<00:07,  1.20s/it][A

 81%|████████  | 21/26 [00:23<00:05,  1.20s/it][A

 85%|████████▍ | 22/26 [00:25<00:04,  1.20s/it][A

 88%|████████▊ | 23/26 [00:26<00:03,  1.20s/it][A

 92%|█████████▏| 24/26 [00:27<00:02,  1.20s/it][A

 96%|█████████▌| 25/26 [00:28<00:01,  1.20s/it][A

100%|██████████| 26/26 [00:29<00:00,  1.13s/it][A

                                               
[A
                                                      

100%|██████████| 26/26 [00:29<00:00,  1.13s/it][A
 51%|█████     | 780/1530 [2:16:38<1:45:19,  8.43s/it]

                                               [A{'eval_loss': 0.8735406398773193, 'eval_macro_recall': 0.7048355230041277, 'eval_macro_precision': 0.6947901388017668, 'eval_macro_f1': 0.6793019322345587, 'eval_accuracy': 0.7132442284325637, 'eval_micro_recall': 0.7132442284325637, 'eval_micro_precision': 0.7132442284325637, 'eval_micro_f1': 0.7132442284325637, 'eval_runtime': 31.7395, 'eval_samples_per_second': 25.93, 'eval_steps_per_second': 0.819, 'epoch': 15.0}

 51%|█████     | 781/1530 [2:16:52<4:06:29, 19.75s/it]
 51%|█████     | 782/1530 [2:17:02<3:29:21, 16.79s/it]
 51%|█████     | 783/1530 [2:17:12<3:03:20, 14.73s/it]
 51%|█████     | 784/1530 [2:17:22<2:45:06, 13.28s/it]
 51%|█████▏    | 785/1530 [2:17:32<2:32:17, 12.26s/it]
 51%|█████▏    | 786/1530 [2:17:42<2:23:20, 11.56s/it]
 51%|█████▏    | 787/1530 [2:17:52<2:16:58, 11.06s/it]
 52%|█████▏    | 788/1530 [2:18:02<2:12:27, 10.71s/it]
 52%|█████▏    | 789/1530 [2:18:11<2:09:15, 10.47s/it]
 52%|█████▏    | 790/1530 [2:18:21<2:06:57, 10.29s/it]
 52%|█████▏    | 791/1530 [2:18:31<2:05:18, 10.17s/it]
 52%|█████▏    | 792/1530 [2:18:41<2:04:05, 10.09s/it]
 52%|█████▏    | 793/1530 [2:18:51<2:03:14, 10.03s/it]
 52%|█████▏    | 794/1530 [2:19:01<2:02:33,  9.99s/it]
 52%|█████▏    | 795/1530 [2:19:11<2:02:03,  9.96s/it]
 52%|█████▏    | 796/1530 [2:19:21<2:01:38,  9.94s/it]
 52%|█████▏    | 797/1530 [2:19:31<2:01:18,  9.93s/it]
 52%|█████▏    | 798/1530 [2:19:41<2:01:02,  9.92s/it]
 52%|█████▏    | 799/1530 [2:19:50<2:00:47,  9.91s/it]
 52%|█████▏    | 800/1530 [2:20:00<2:00:33,  9.91s/it]
 52%|█████▏    | 801/1530 [2:20:10<2:00:20,  9.91s/it]
 52%|█████▏    | 802/1530 [2:20:20<2:00:10,  9.90s/it]
 52%|█████▏    | 803/1530 [2:20:30<1:59:59,  9.90s/it]
 53%|█████▎    | 804/1530 [2:20:40<1:59:47,  9.90s/it]
 53%|█████▎    | 805/1530 [2:20:50<1:59:36,  9.90s/it]
 53%|█████▎    | 806/1530 [2:21:00<1:59:26,  9.90s/it]
 53%|█████▎    | 807/1530 [2:21:10<1:59:16,  9.90s/it]
 53%|█████▎    | 808/1530 [2:21:20<1:59:06,  9.90s/it]
 53%|█████▎    | 809/1530 [2:21:29<1:58:56,  9.90s/it]
 53%|█████▎    | 810/1530 [2:21:39<1:58:46,  9.90s/it]
 53%|█████▎    | 811/1530 [2:21:49<1:58:36,  9.90s/it]
 53%|█████▎    | 812/1530 [2:21:59<1:58:26,  9.90s/it]
 53%|█████▎    | 813/1530 [2:22:09<1:58:16,  9.90s/it]
 53%|█████▎    | 814/1530 [2:22:19<1:58:06,  9.90s/it]
 53%|█████▎    | 815/1530 [2:22:29<1:57:56,  9.90s/it]
 53%|█████▎    | 816/1530 [2:22:39<1:57:46,  9.90s/it]
 53%|█████▎    | 817/1530 [2:22:49<1:57:37,  9.90s/it]
 53%|█████▎    | 818/1530 [2:22:59<1:57:27,  9.90s/it]
 54%|█████▎    | 819/1530 [2:23:08<1:57:16,  9.90s/it]
 54%|█████▎    | 820/1530 [2:23:18<1:57:07,  9.90s/it]
 54%|█████▎    | 821/1530 [2:23:28<1:56:58,  9.90s/it]
 54%|█████▎    | 822/1530 [2:23:38<1:56:47,  9.90s/it]
 54%|█████▍    | 823/1530 [2:23:48<1:56:37,  9.90s/it]
 54%|█████▍    | 824/1530 [2:23:58<1:56:26,  9.90s/it]
 54%|█████▍    | 825/1530 [2:24:08<1:56:16,  9.90s/it]
 54%|█████▍    | 826/1530 [2:24:18<1:56:06,  9.90s/it]
 54%|█████▍    | 827/1530 [2:24:28<1:55:56,  9.90s/it]
 54%|█████▍    | 828/1530 [2:24:37<1:55:46,  9.90s/it]
 54%|█████▍    | 829/1530 [2:24:47<1:55:36,  9.90s/it]
 54%|█████▍    | 830/1530 [2:24:57<1:55:27,  9.90s/it]
 54%|█████▍    | 831/1530 [2:25:07<1:55:17,  9.90s/it]
 54%|█████▍    | 832/1530 [2:25:12<1:37:38,  8.39s/it]
                                                      

 54%|█████▍    | 832/1530 [2:25:12<1:37:38,  8.39s/it]{'loss': 0.736, 'grad_norm': 1.2977286577224731, 'learning_rate': 2.281045751633987e-05, 'epoch': 16.0}


  0%|          | 0/26 [00:00<?, ?it/s][A

  8%|▊         | 2/26 [00:01<00:14,  1.67it/s][A

 12%|█▏        | 3/26 [00:02<00:19,  1.18it/s][A

 15%|█▌        | 4/26 [00:03<00:21,  1.02it/s][A

 19%|█▉        | 5/26 [00:04<00:22,  1.06s/it][A

 23%|██▎       | 6/26 [00:06<00:22,  1.11s/it][A

 27%|██▋       | 7/26 [00:07<00:21,  1.14s/it][A

 31%|███       | 8/26 [00:08<00:20,  1.16s/it][A

 35%|███▍      | 9/26 [00:09<00:19,  1.17s/it][A

 38%|███▊      | 10/26 [00:10<00:18,  1.18s/it][A

 42%|████▏     | 11/26 [00:12<00:17,  1.19s/it][A

 46%|████▌     | 12/26 [00:13<00:16,  1.19s/it][A

 50%|█████     | 13/26 [00:14<00:15,  1.19s/it][A

 54%|█████▍    | 14/26 [00:15<00:14,  1.20s/it][A

 58%|█████▊    | 15/26 [00:16<00:13,  1.20s/it][A

 62%|██████▏   | 16/26 [00:18<00:11,  1.20s/it][A

 65%|██████▌   | 17/26 [00:19<00:10,  1.20s/it][A

 69%|██████▉   | 18/26 [00:20<00:09,  1.20s/it][A

 73%|███████▎  | 19/26 [00:21<00:08,  1.20s/it][A

 77%|███████▋  | 20/26 [00:22<00:07,  1.20s/it][A

 81%|████████  | 21/26 [00:24<00:05,  1.20s/it][A

 85%|████████▍ | 22/26 [00:25<00:04,  1.20s/it][A

 88%|████████▊ | 23/26 [00:26<00:03,  1.20s/it][A

 92%|█████████▏| 24/26 [00:27<00:02,  1.20s/it][A

 96%|█████████▌| 25/26 [00:28<00:01,  1.20s/it][A

100%|██████████| 26/26 [00:29<00:00,  1.14s/it][A

                                               
[A
                                                      

100%|██████████| 26/26 [00:29<00:00,  1.14s/it][A
 54%|█████▍    | 832/1530 [2:25:43<1:37:38,  8.39s/it]

                                               [A{'eval_loss': 0.8569638729095459, 'eval_macro_recall': 0.7040047484814927, 'eval_macro_precision': 0.7100249556644905, 'eval_macro_f1': 0.6873306420308546, 'eval_accuracy': 0.7144592952612394, 'eval_micro_recall': 0.7144592952612394, 'eval_micro_precision': 0.7144592952612394, 'eval_micro_f1': 0.7144592952612394, 'eval_runtime': 31.3606, 'eval_samples_per_second': 26.243, 'eval_steps_per_second': 0.829, 'epoch': 16.0}

 54%|█████▍    | 833/1530 [2:25:58<3:47:14, 19.56s/it]
 55%|█████▍    | 834/1530 [2:26:08<3:13:15, 16.66s/it]
 55%|█████▍    | 835/1530 [2:26:17<2:49:28, 14.63s/it]
 55%|█████▍    | 836/1530 [2:26:27<2:32:48, 13.21s/it]
 55%|█████▍    | 837/1530 [2:26:37<2:21:05, 12.22s/it]
 55%|█████▍    | 838/1530 [2:26:47<2:12:50, 11.52s/it]
 55%|█████▍    | 839/1530 [2:26:57<2:07:01, 11.03s/it]
 55%|█████▍    | 840/1530 [2:27:07<2:02:55, 10.69s/it]
 55%|█████▍    | 841/1530 [2:27:17<1:59:59, 10.45s/it]
 55%|█████▌    | 842/1530 [2:27:27<1:57:52, 10.28s/it]
 55%|█████▌    | 843/1530 [2:27:37<1:56:22, 10.16s/it]
 55%|█████▌    | 844/1530 [2:27:46<1:55:15, 10.08s/it]
 55%|█████▌    | 845/1530 [2:27:56<1:54:27, 10.03s/it]
 55%|█████▌    | 846/1530 [2:28:07<1:55:28, 10.13s/it]
 55%|█████▌    | 847/1530 [2:28:17<1:54:30, 10.06s/it]
 55%|█████▌    | 848/1530 [2:28:27<1:53:48, 10.01s/it]
 55%|█████▌    | 849/1530 [2:28:36<1:53:12,  9.97s/it]
 56%|█████▌    | 850/1530 [2:28:46<1:52:45,  9.95s/it]
 56%|█████▌    | 851/1530 [2:28:56<1:52:24,  9.93s/it]
 56%|█████▌    | 852/1530 [2:29:06<1:52:06,  9.92s/it]
 56%|█████▌    | 853/1530 [2:29:16<1:51:50,  9.91s/it]
 56%|█████▌    | 854/1530 [2:29:26<1:51:36,  9.91s/it]
 56%|█████▌    | 855/1530 [2:29:36<1:51:25,  9.90s/it]
 56%|█████▌    | 856/1530 [2:29:46<1:51:13,  9.90s/it]
 56%|█████▌    | 857/1530 [2:29:56<1:51:05,  9.90s/it]
 56%|█████▌    | 858/1530 [2:30:05<1:50:52,  9.90s/it]
 56%|█████▌    | 859/1530 [2:30:15<1:50:42,  9.90s/it]
 56%|█████▌    | 860/1530 [2:30:25<1:50:31,  9.90s/it]
 56%|█████▋    | 861/1530 [2:30:35<1:50:20,  9.90s/it]
 56%|█████▋    | 862/1530 [2:30:45<1:50:15,  9.90s/it]
 56%|█████▋    | 863/1530 [2:30:55<1:50:04,  9.90s/it]
 56%|█████▋    | 864/1530 [2:31:05<1:49:52,  9.90s/it]
 57%|█████▋    | 865/1530 [2:31:15<1:49:41,  9.90s/it]
 57%|█████▋    | 866/1530 [2:31:25<1:49:30,  9.90s/it]
 57%|█████▋    | 867/1530 [2:31:35<1:49:20,  9.90s/it]
 57%|█████▋    | 868/1530 [2:31:44<1:49:09,  9.89s/it]
 57%|█████▋    | 869/1530 [2:31:54<1:48:58,  9.89s/it]
 57%|█████▋    | 870/1530 [2:32:04<1:48:48,  9.89s/it]
 57%|█████▋    | 871/1530 [2:32:14<1:48:39,  9.89s/it]
 57%|█████▋    | 872/1530 [2:32:24<1:48:29,  9.89s/it]
 57%|█████▋    | 873/1530 [2:32:34<1:48:20,  9.89s/it]
 57%|█████▋    | 874/1530 [2:32:44<1:48:09,  9.89s/it]
 57%|█████▋    | 875/1530 [2:32:54<1:47:59,  9.89s/it]
 57%|█████▋    | 876/1530 [2:33:04<1:47:50,  9.89s/it]
 57%|█████▋    | 877/1530 [2:33:13<1:47:40,  9.89s/it]
 57%|█████▋    | 878/1530 [2:33:23<1:47:31,  9.89s/it]
 57%|█████▋    | 879/1530 [2:33:33<1:47:20,  9.89s/it]
 58%|█████▊    | 880/1530 [2:33:43<1:47:10,  9.89s/it]
 58%|█████▊    | 881/1530 [2:33:53<1:47:00,  9.89s/it]
 58%|█████▊    | 882/1530 [2:34:03<1:46:50,  9.89s/it]
 58%|█████▊    | 883/1530 [2:34:13<1:46:40,  9.89s/it]
 58%|█████▊    | 884/1530 [2:34:18<1:30:18,  8.39s/it]
                                                      

 58%|█████▊    | 884/1530 [2:34:18<1:30:18,  8.39s/it]{'loss': 0.708, 'grad_norm': 1.584348440170288, 'learning_rate': 2.111111111111111e-05, 'epoch': 17.0}


  0%|          | 0/26 [00:00<?, ?it/s][A

  8%|▊         | 2/26 [00:01<00:14,  1.67it/s][A

 12%|█▏        | 3/26 [00:02<00:19,  1.18it/s][A

 15%|█▌        | 4/26 [00:03<00:21,  1.02it/s][A

 19%|█▉        | 5/26 [00:04<00:22,  1.06s/it][A

 23%|██▎       | 6/26 [00:05<00:22,  1.10s/it][A

 27%|██▋       | 7/26 [00:07<00:21,  1.13s/it][A

 31%|███       | 8/26 [00:08<00:20,  1.15s/it][A

 35%|███▍      | 9/26 [00:09<00:19,  1.17s/it][A

 38%|███▊      | 10/26 [00:10<00:18,  1.18s/it][A

 42%|████▏     | 11/26 [00:11<00:17,  1.18s/it][A

 46%|████▌     | 12/26 [00:13<00:16,  1.19s/it][A

 50%|█████     | 13/26 [00:14<00:15,  1.19s/it][A

 54%|█████▍    | 14/26 [00:15<00:14,  1.19s/it][A

 58%|█████▊    | 15/26 [00:16<00:13,  1.19s/it][A

 62%|██████▏   | 16/26 [00:17<00:11,  1.19s/it][A

 65%|██████▌   | 17/26 [00:19<00:10,  1.20s/it][A

 69%|██████▉   | 18/26 [00:20<00:09,  1.20s/it][A

 73%|███████▎  | 19/26 [00:21<00:08,  1.20s/it][A

 77%|███████▋  | 20/26 [00:22<00:07,  1.20s/it][A

 81%|████████  | 21/26 [00:23<00:05,  1.20s/it][A

 85%|████████▍ | 22/26 [00:25<00:04,  1.20s/it][A

 88%|████████▊ | 23/26 [00:26<00:03,  1.20s/it][A

 92%|█████████▏| 24/26 [00:27<00:02,  1.20s/it][A

 96%|█████████▌| 25/26 [00:28<00:01,  1.20s/it][A

100%|██████████| 26/26 [00:29<00:00,  1.13s/it][A

                                               
[A
                                                      

100%|██████████| 26/26 [00:29<00:00,  1.13s/it][A
 58%|█████▊    | 884/1530 [2:34:49<1:30:18,  8.39s/it]

                                               [A{'eval_loss': 0.8547350168228149, 'eval_macro_recall': 0.7049852763515555, 'eval_macro_precision': 0.7012855684367313, 'eval_macro_f1': 0.6860057736088229, 'eval_accuracy': 0.7217496962332929, 'eval_micro_recall': 0.7217496962332929, 'eval_micro_precision': 0.7217496962332929, 'eval_micro_f1': 0.7217496962332928, 'eval_runtime': 31.3776, 'eval_samples_per_second': 26.229, 'eval_steps_per_second': 0.829, 'epoch': 17.0}

 58%|█████▊    | 885/1530 [2:35:03<3:28:43, 19.42s/it]
 58%|█████▊    | 886/1530 [2:35:13<2:57:43, 16.56s/it]
 58%|█████▊    | 887/1530 [2:35:23<2:36:00, 14.56s/it]
 58%|█████▊    | 888/1530 [2:35:33<2:20:47, 13.16s/it]
 58%|█████▊    | 889/1530 [2:35:42<2:10:08, 12.18s/it]
 58%|█████▊    | 890/1530 [2:35:52<2:02:36, 11.49s/it]
 58%|█████▊    | 891/1530 [2:36:02<1:57:19, 11.02s/it]
 58%|█████▊    | 892/1530 [2:36:12<1:53:32, 10.68s/it]
 58%|█████▊    | 893/1530 [2:36:22<1:50:51, 10.44s/it]
 58%|█████▊    | 894/1530 [2:36:32<1:48:56, 10.28s/it]
 58%|█████▊    | 895/1530 [2:36:42<1:47:32, 10.16s/it]
 59%|█████▊    | 896/1530 [2:36:52<1:46:30, 10.08s/it]
 59%|█████▊    | 897/1530 [2:37:02<1:45:45, 10.02s/it]
 59%|█████▊    | 898/1530 [2:37:11<1:45:11,  9.99s/it]
 59%|█████▉    | 899/1530 [2:37:21<1:44:44,  9.96s/it]
 59%|█████▉    | 900/1530 [2:37:31<1:44:21,  9.94s/it]
 59%|█████▉    | 901/1530 [2:37:41<1:44:03,  9.93s/it]
 59%|█████▉    | 902/1530 [2:37:51<1:43:46,  9.91s/it]
 59%|█████▉    | 903/1530 [2:38:01<1:43:32,  9.91s/it]
 59%|█████▉    | 904/1530 [2:38:11<1:43:19,  9.90s/it]
 59%|█████▉    | 905/1530 [2:38:21<1:43:08,  9.90s/it]
 59%|█████▉    | 906/1530 [2:38:31<1:42:57,  9.90s/it]
 59%|█████▉    | 907/1530 [2:38:41<1:42:45,  9.90s/it]
 59%|█████▉    | 908/1530 [2:38:50<1:42:34,  9.89s/it]
 59%|█████▉    | 909/1530 [2:39:00<1:42:24,  9.89s/it]
 59%|█████▉    | 910/1530 [2:39:10<1:42:13,  9.89s/it]
 60%|█████▉    | 911/1530 [2:39:20<1:42:04,  9.89s/it]
 60%|█████▉    | 912/1530 [2:39:30<1:41:54,  9.89s/it]
 60%|█████▉    | 913/1530 [2:39:40<1:41:44,  9.89s/it]
 60%|█████▉    | 914/1530 [2:39:50<1:41:35,  9.89s/it]
 60%|█████▉    | 915/1530 [2:40:00<1:41:24,  9.89s/it]
 60%|█████▉    | 916/1530 [2:40:10<1:41:14,  9.89s/it]
 60%|█████▉    | 917/1530 [2:40:19<1:41:04,  9.89s/it]
 60%|██████    | 918/1530 [2:40:29<1:40:54,  9.89s/it]
 60%|██████    | 919/1530 [2:40:39<1:40:45,  9.89s/it]
 60%|██████    | 920/1530 [2:40:49<1:40:35,  9.89s/it]
 60%|██████    | 921/1530 [2:40:59<1:40:25,  9.89s/it]
 60%|██████    | 922/1530 [2:41:09<1:40:15,  9.89s/it]
 60%|██████    | 923/1530 [2:41:19<1:40:05,  9.89s/it]
 60%|██████    | 924/1530 [2:41:29<1:39:55,  9.89s/it]
 60%|██████    | 925/1530 [2:41:39<1:39:44,  9.89s/it]
 61%|██████    | 926/1530 [2:41:48<1:39:35,  9.89s/it]
 61%|██████    | 927/1530 [2:41:58<1:39:25,  9.89s/it]
 61%|██████    | 928/1530 [2:42:08<1:39:15,  9.89s/it]
 61%|██████    | 929/1530 [2:42:18<1:39:07,  9.90s/it]
 61%|██████    | 930/1530 [2:42:28<1:38:56,  9.89s/it]
 61%|██████    | 931/1530 [2:42:38<1:38:45,  9.89s/it]
 61%|██████    | 932/1530 [2:42:48<1:38:35,  9.89s/it]
 61%|██████    | 933/1530 [2:42:58<1:38:25,  9.89s/it]
 61%|██████    | 934/1530 [2:43:08<1:38:15,  9.89s/it]
 61%|██████    | 935/1530 [2:43:18<1:38:05,  9.89s/it]
 61%|██████    | 936/1530 [2:43:22<1:23:05,  8.39s/it]
                                                      

 61%|██████    | 936/1530 [2:43:22<1:23:05,  8.39s/it]{'loss': 0.6838, 'grad_norm': 1.8517192602157593, 'learning_rate': 1.9411764705882355e-05, 'epoch': 18.0}


  0%|          | 0/26 [00:00<?, ?it/s][A

  8%|▊         | 2/26 [00:01<00:14,  1.66it/s][A

 12%|█▏        | 3/26 [00:02<00:19,  1.18it/s][A

 15%|█▌        | 4/26 [00:03<00:21,  1.02it/s][A

 19%|█▉        | 5/26 [00:04<00:22,  1.06s/it][A

 23%|██▎       | 6/26 [00:05<00:22,  1.10s/it][A

 27%|██▋       | 7/26 [00:07<00:21,  1.13s/it][A

 31%|███       | 8/26 [00:08<00:20,  1.15s/it][A

 35%|███▍      | 9/26 [00:09<00:19,  1.17s/it][A

 38%|███▊      | 10/26 [00:10<00:18,  1.18s/it][A

 42%|████▏     | 11/26 [00:11<00:17,  1.18s/it][A

 46%|████▌     | 12/26 [00:13<00:16,  1.19s/it][A

 50%|█████     | 13/26 [00:14<00:15,  1.19s/it][A

 54%|█████▍    | 14/26 [00:15<00:14,  1.19s/it][A

 58%|█████▊    | 15/26 [00:16<00:13,  1.20s/it][A

 62%|██████▏   | 16/26 [00:17<00:11,  1.20s/it][A

 65%|██████▌   | 17/26 [00:19<00:10,  1.20s/it][A

 69%|██████▉   | 18/26 [00:20<00:09,  1.20s/it][A

 73%|███████▎  | 19/26 [00:21<00:08,  1.20s/it][A

 77%|███████▋  | 20/26 [00:22<00:07,  1.20s/it][A

 81%|████████  | 21/26 [00:23<00:05,  1.20s/it][A

 85%|████████▍ | 22/26 [00:25<00:04,  1.20s/it][A

 88%|████████▊ | 23/26 [00:26<00:03,  1.20s/it][A

 92%|█████████▏| 24/26 [00:27<00:02,  1.20s/it][A

 96%|█████████▌| 25/26 [00:28<00:01,  1.20s/it][A

100%|██████████| 26/26 [00:29<00:00,  1.14s/it][A

                                               
[A
                                                      

100%|██████████| 26/26 [00:29<00:00,  1.14s/it][A
 61%|██████    | 936/1530 [2:43:54<1:23:05,  8.39s/it]

                                               [A{'eval_loss': 0.834823727607727, 'eval_macro_recall': 0.7126403151112454, 'eval_macro_precision': 0.7021810715124669, 'eval_macro_f1': 0.6900140325217724, 'eval_accuracy': 0.7217496962332929, 'eval_micro_recall': 0.7217496962332929, 'eval_micro_precision': 0.7217496962332929, 'eval_micro_f1': 0.7217496962332928, 'eval_runtime': 31.3432, 'eval_samples_per_second': 26.258, 'eval_steps_per_second': 0.83, 'epoch': 18.0}

 61%|██████    | 937/1530 [2:44:08<3:11:46, 19.40s/it]
 61%|██████▏   | 938/1530 [2:44:17<2:43:21, 16.56s/it]
 61%|██████▏   | 939/1530 [2:44:27<2:23:24, 14.56s/it]
 61%|██████▏   | 940/1530 [2:44:37<2:09:23, 13.16s/it]
 62%|██████▏   | 941/1530 [2:44:47<1:59:34, 12.18s/it]
 62%|██████▏   | 942/1530 [2:44:57<1:52:38, 11.49s/it]
 62%|██████▏   | 943/1530 [2:45:07<1:47:45, 11.01s/it]
 62%|██████▏   | 944/1530 [2:45:17<1:44:17, 10.68s/it]
 62%|██████▏   | 945/1530 [2:45:27<1:41:48, 10.44s/it]
 62%|██████▏   | 946/1530 [2:45:37<1:40:04, 10.28s/it]
 62%|██████▏   | 947/1530 [2:45:46<1:38:45, 10.16s/it]
 62%|██████▏   | 948/1530 [2:45:56<1:37:49, 10.08s/it]
 62%|██████▏   | 949/1530 [2:46:06<1:37:06, 10.03s/it]
 62%|██████▏   | 950/1530 [2:46:16<1:36:34,  9.99s/it]
 62%|██████▏   | 951/1530 [2:46:26<1:36:08,  9.96s/it]
 62%|██████▏   | 952/1530 [2:46:36<1:35:46,  9.94s/it]
 62%|██████▏   | 953/1530 [2:46:46<1:35:29,  9.93s/it]
 62%|██████▏   | 954/1530 [2:46:56<1:35:13,  9.92s/it]
 62%|██████▏   | 955/1530 [2:47:06<1:34:59,  9.91s/it]
 62%|██████▏   | 956/1530 [2:47:16<1:34:46,  9.91s/it]
 63%|██████▎   | 957/1530 [2:47:25<1:34:34,  9.90s/it]
 63%|██████▎   | 958/1530 [2:47:35<1:34:24,  9.90s/it]
 63%|██████▎   | 959/1530 [2:47:45<1:34:12,  9.90s/it]
 63%|██████▎   | 960/1530 [2:47:55<1:34:00,  9.90s/it]
 63%|██████▎   | 961/1530 [2:48:05<1:33:51,  9.90s/it]
 63%|██████▎   | 962/1530 [2:48:15<1:33:40,  9.89s/it]
 63%|██████▎   | 963/1530 [2:48:25<1:33:29,  9.89s/it]
 63%|██████▎   | 964/1530 [2:48:35<1:33:19,  9.89s/it]
 63%|██████▎   | 965/1530 [2:48:45<1:33:09,  9.89s/it]
 63%|██████▎   | 966/1530 [2:48:54<1:32:58,  9.89s/it]
 63%|██████▎   | 967/1530 [2:49:04<1:32:48,  9.89s/it]
 63%|██████▎   | 968/1530 [2:49:14<1:32:37,  9.89s/it]
 63%|██████▎   | 969/1530 [2:49:24<1:32:27,  9.89s/it]
 63%|██████▎   | 970/1530 [2:49:34<1:32:18,  9.89s/it]
 63%|██████▎   | 971/1530 [2:49:44<1:32:08,  9.89s/it]
 64%|██████▎   | 972/1530 [2:49:54<1:31:59,  9.89s/it]
 64%|██████▎   | 973/1530 [2:50:04<1:31:50,  9.89s/it]
 64%|██████▎   | 974/1530 [2:50:14<1:31:40,  9.89s/it]
 64%|██████▎   | 975/1530 [2:50:23<1:31:29,  9.89s/it]
 64%|██████▍   | 976/1530 [2:50:33<1:31:19,  9.89s/it]
 64%|██████▍   | 977/1530 [2:50:43<1:31:09,  9.89s/it]
 64%|██████▍   | 978/1530 [2:50:53<1:30:59,  9.89s/it]
 64%|██████▍   | 979/1530 [2:51:03<1:30:50,  9.89s/it]
 64%|██████▍   | 980/1530 [2:51:13<1:30:40,  9.89s/it]
 64%|██████▍   | 981/1530 [2:51:23<1:30:30,  9.89s/it]
 64%|██████▍   | 982/1530 [2:51:33<1:30:20,  9.89s/it]
 64%|██████▍   | 983/1530 [2:51:43<1:30:10,  9.89s/it]
 64%|██████▍   | 984/1530 [2:51:53<1:30:00,  9.89s/it]
 64%|██████▍   | 985/1530 [2:52:02<1:29:50,  9.89s/it]
 64%|██████▍   | 986/1530 [2:52:12<1:29:40,  9.89s/it]
 65%|██████▍   | 987/1530 [2:52:22<1:29:30,  9.89s/it]
 65%|██████▍   | 988/1530 [2:52:27<1:15:45,  8.39s/it]
                                                      

 65%|██████▍   | 988/1530 [2:52:27<1:15:45,  8.39s/it]{'loss': 0.6614, 'grad_norm': 2.035478115081787, 'learning_rate': 1.7712418300653595e-05, 'epoch': 19.0}


  0%|          | 0/26 [00:00<?, ?it/s][A

  8%|▊         | 2/26 [00:01<00:14,  1.67it/s][A

 12%|█▏        | 3/26 [00:02<00:19,  1.18it/s][A

 15%|█▌        | 4/26 [00:03<00:21,  1.02it/s][A

 19%|█▉        | 5/26 [00:04<00:22,  1.05s/it][A

 23%|██▎       | 6/26 [00:05<00:22,  1.10s/it][A

 27%|██▋       | 7/26 [00:07<00:21,  1.13s/it][A

 31%|███       | 8/26 [00:08<00:20,  1.15s/it][A

 35%|███▍      | 9/26 [00:09<00:19,  1.17s/it][A

 38%|███▊      | 10/26 [00:10<00:18,  1.18s/it][A

 42%|████▏     | 11/26 [00:11<00:17,  1.18s/it][A

 46%|████▌     | 12/26 [00:13<00:16,  1.19s/it][A

 50%|█████     | 13/26 [00:14<00:15,  1.19s/it][A

 54%|█████▍    | 14/26 [00:15<00:14,  1.19s/it][A

 58%|█████▊    | 15/26 [00:16<00:13,  1.19s/it][A

 62%|██████▏   | 16/26 [00:17<00:11,  1.19s/it][A

 65%|██████▌   | 17/26 [00:19<00:10,  1.20s/it][A

 69%|██████▉   | 18/26 [00:20<00:09,  1.20s/it][A

 73%|███████▎  | 19/26 [00:21<00:08,  1.20s/it][A

 77%|███████▋  | 20/26 [00:22<00:07,  1.20s/it][A

 81%|████████  | 21/26 [00:23<00:05,  1.20s/it][A

 85%|████████▍ | 22/26 [00:25<00:04,  1.20s/it][A

 88%|████████▊ | 23/26 [00:26<00:03,  1.20s/it][A

 92%|█████████▏| 24/26 [00:27<00:02,  1.20s/it][A

 96%|█████████▌| 25/26 [00:28<00:01,  1.20s/it][A

100%|██████████| 26/26 [00:29<00:00,  1.13s/it][A

                                               
[A
                                                      

100%|██████████| 26/26 [00:29<00:00,  1.13s/it][A
 65%|██████▍   | 988/1530 [2:52:58<1:15:45,  8.39s/it]

                                               [A{'eval_loss': 0.8427515029907227, 'eval_macro_recall': 0.7131040471156751, 'eval_macro_precision': 0.719157812471766, 'eval_macro_f1': 0.6958251762923625, 'eval_accuracy': 0.7205346294046172, 'eval_micro_recall': 0.7205346294046172, 'eval_micro_precision': 0.7205346294046172, 'eval_micro_f1': 0.7205346294046172, 'eval_runtime': 31.2757, 'eval_samples_per_second': 26.314, 'eval_steps_per_second': 0.831, 'epoch': 19.0}

 65%|██████▍   | 989/1530 [2:53:12<2:55:26, 19.46s/it]
 65%|██████▍   | 990/1530 [2:53:22<2:29:17, 16.59s/it]
 65%|██████▍   | 991/1530 [2:53:32<2:10:58, 14.58s/it]
 65%|██████▍   | 992/1530 [2:53:42<1:58:11, 13.18s/it]
 65%|██████▍   | 993/1530 [2:53:52<1:49:09, 12.20s/it]
 65%|██████▍   | 994/1530 [2:54:02<1:42:49, 11.51s/it]
 65%|██████▌   | 995/1530 [2:54:12<1:38:21, 11.03s/it]
 65%|██████▌   | 996/1530 [2:54:22<1:35:12, 10.70s/it]
 65%|██████▌   | 997/1530 [2:54:32<1:32:57, 10.46s/it]
 65%|██████▌   | 998/1530 [2:54:42<1:31:16, 10.29s/it]
 65%|██████▌   | 999/1530 [2:54:51<1:30:05, 10.18s/it]
 65%|██████▌   | 1000/1530 [2:55:01<1:29:12, 10.10s/it]
 65%|██████▌   | 1001/1530 [2:55:11<1:28:31, 10.04s/it]
 65%|██████▌   | 1002/1530 [2:55:21<1:28:00, 10.00s/it]
 66%|██████▌   | 1003/1530 [2:55:31<1:27:34,  9.97s/it]
 66%|██████▌   | 1004/1530 [2:55:41<1:27:13,  9.95s/it]
 66%|██████▌   | 1005/1530 [2:55:51<1:26:55,  9.93s/it]
 66%|██████▌   | 1006/1530 [2:56:01<1:26:40,  9.92s/it]
 66%|██████▌   | 1007/1530 [2:56:11<1:26:27,  9.92s/it]
 66%|██████▌   | 1008/1530 [2:56:21<1:26:15,  9.91s/it]
 66%|██████▌   | 1009/1530 [2:56:30<1:26:05,  9.92s/it]
 66%|██████▌   | 1010/1530 [2:56:40<1:25:53,  9.91s/it]
 66%|██████▌   | 1011/1530 [2:56:50<1:25:42,  9.91s/it]
 66%|██████▌   | 1012/1530 [2:57:00<1:25:31,  9.91s/it]
 66%|██████▌   | 1013/1530 [2:57:10<1:25:20,  9.90s/it]
 66%|██████▋   | 1014/1530 [2:57:20<1:25:10,  9.90s/it]
 66%|██████▋   | 1015/1530 [2:57:30<1:24:58,  9.90s/it]
 66%|██████▋   | 1016/1530 [2:57:40<1:24:49,  9.90s/it]
 66%|██████▋   | 1017/1530 [2:57:50<1:24:39,  9.90s/it]
 67%|██████▋   | 1018/1530 [2:58:00<1:24:29,  9.90s/it]
 67%|██████▋   | 1019/1530 [2:58:09<1:24:19,  9.90s/it]
 67%|██████▋   | 1020/1530 [2:58:19<1:24:09,  9.90s/it]
 67%|██████▋   | 1021/1530 [2:58:29<1:23:59,  9.90s/it]
 67%|██████▋   | 1022/1530 [2:58:39<1:23:49,  9.90s/it]
 67%|██████▋   | 1023/1530 [2:58:49<1:23:40,  9.90s/it]
 67%|██████▋   | 1024/1530 [2:58:59<1:23:29,  9.90s/it]
 67%|██████▋   | 1025/1530 [2:59:09<1:23:19,  9.90s/it]
 67%|██████▋   | 1026/1530 [2:59:19<1:23:09,  9.90s/it]
 67%|██████▋   | 1027/1530 [2:59:29<1:22:59,  9.90s/it]
 67%|██████▋   | 1028/1530 [2:59:39<1:22:49,  9.90s/it]
 67%|██████▋   | 1029/1530 [2:59:49<1:22:40,  9.90s/it]
 67%|██████▋   | 1030/1530 [2:59:58<1:22:30,  9.90s/it]
 67%|██████▋   | 1031/1530 [3:00:08<1:22:20,  9.90s/it]
 67%|██████▋   | 1032/1530 [3:00:18<1:22:10,  9.90s/it]
 68%|██████▊   | 1033/1530 [3:00:28<1:22:00,  9.90s/it]
 68%|██████▊   | 1034/1530 [3:00:38<1:21:50,  9.90s/it]
 68%|██████▊   | 1035/1530 [3:00:48<1:21:40,  9.90s/it]
 68%|██████▊   | 1036/1530 [3:00:58<1:21:30,  9.90s/it]
 68%|██████▊   | 1037/1530 [3:01:08<1:21:21,  9.90s/it]
 68%|██████▊   | 1038/1530 [3:01:18<1:21:11,  9.90s/it]
 68%|██████▊   | 1039/1530 [3:01:28<1:21:01,  9.90s/it]
 68%|██████▊   | 1040/1530 [3:01:32<1:08:33,  8.40s/it]
                                                       

 68%|██████▊   | 1040/1530 [3:01:32<1:08:33,  8.40s/it]{'loss': 0.6537, 'grad_norm': 2.160810708999634, 'learning_rate': 1.6013071895424836e-05, 'epoch': 20.0}


  0%|          | 0/26 [00:00<?, ?it/s][A

  8%|▊         | 2/26 [00:01<00:14,  1.67it/s][A

 12%|█▏        | 3/26 [00:02<00:19,  1.18it/s][A

 15%|█▌        | 4/26 [00:03<00:21,  1.02it/s][A

 19%|█▉        | 5/26 [00:04<00:22,  1.06s/it][A

 23%|██▎       | 6/26 [00:05<00:22,  1.10s/it][A

 27%|██▋       | 7/26 [00:07<00:21,  1.13s/it][A

 31%|███       | 8/26 [00:08<00:20,  1.15s/it][A

 35%|███▍      | 9/26 [00:09<00:19,  1.17s/it][A

 38%|███▊      | 10/26 [00:10<00:18,  1.18s/it][A

 42%|████▏     | 11/26 [00:11<00:17,  1.18s/it][A

 46%|████▌     | 12/26 [00:13<00:16,  1.19s/it][A

 50%|█████     | 13/26 [00:14<00:15,  1.19s/it][A

 54%|█████▍    | 14/26 [00:15<00:14,  1.19s/it][A

 58%|█████▊    | 15/26 [00:16<00:13,  1.20s/it][A

 62%|██████▏   | 16/26 [00:17<00:11,  1.20s/it][A

 65%|██████▌   | 17/26 [00:19<00:10,  1.20s/it][A

 69%|██████▉   | 18/26 [00:20<00:09,  1.20s/it][A

 73%|███████▎  | 19/26 [00:21<00:08,  1.20s/it][A

 77%|███████▋  | 20/26 [00:22<00:07,  1.20s/it][A

 81%|████████  | 21/26 [00:23<00:05,  1.20s/it][A

 85%|████████▍ | 22/26 [00:25<00:04,  1.20s/it][A

 88%|████████▊ | 23/26 [00:26<00:03,  1.20s/it][A

 92%|█████████▏| 24/26 [00:27<00:02,  1.20s/it][A

 96%|█████████▌| 25/26 [00:28<00:01,  1.20s/it][A

100%|██████████| 26/26 [00:29<00:00,  1.13s/it][A

                                               
[A
                                                       

100%|██████████| 26/26 [00:29<00:00,  1.13s/it][A
 68%|██████▊   | 1040/1530 [3:02:04<1:08:33,  8.40s/it]

                                               [A{'eval_loss': 0.8269286155700684, 'eval_macro_recall': 0.7068213097114832, 'eval_macro_precision': 0.7022403947335496, 'eval_macro_f1': 0.6884437778445367, 'eval_accuracy': 0.7205346294046172, 'eval_micro_recall': 0.7205346294046172, 'eval_micro_precision': 0.7205346294046172, 'eval_micro_f1': 0.7205346294046172, 'eval_runtime': 31.2776, 'eval_samples_per_second': 26.313, 'eval_steps_per_second': 0.831, 'epoch': 20.0}

 68%|██████▊   | 1041/1530 [3:02:18<2:38:14, 19.42s/it]
 68%|██████▊   | 1042/1530 [3:02:27<2:14:40, 16.56s/it]
 68%|██████▊   | 1043/1530 [3:02:37<1:58:13, 14.57s/it]
 68%|██████▊   | 1044/1530 [3:02:47<1:46:37, 13.16s/it]
 68%|██████▊   | 1045/1530 [3:02:57<1:38:29, 12.18s/it]
 68%|██████▊   | 1046/1530 [3:03:07<1:32:44, 11.50s/it]
 68%|██████▊   | 1047/1530 [3:03:17<1:28:42, 11.02s/it]
 68%|██████▊   | 1048/1530 [3:03:27<1:25:48, 10.68s/it]
 69%|██████▊   | 1049/1530 [3:03:37<1:23:45, 10.45s/it]
 69%|██████▊   | 1050/1530 [3:03:47<1:22:15, 10.28s/it]
 69%|██████▊   | 1051/1530 [3:03:57<1:21:09, 10.17s/it]
 69%|██████▉   | 1052/1530 [3:04:06<1:20:20, 10.08s/it]
 69%|██████▉   | 1053/1530 [3:04:16<1:19:43, 10.03s/it]
 69%|██████▉   | 1054/1530 [3:04:26<1:19:15,  9.99s/it]
 69%|██████▉   | 1055/1530 [3:04:36<1:18:51,  9.96s/it]
 69%|██████▉   | 1056/1530 [3:04:46<1:18:31,  9.94s/it]
 69%|██████▉   | 1057/1530 [3:04:56<1:18:14,  9.93s/it]
 69%|██████▉   | 1058/1530 [3:05:06<1:18:00,  9.92s/it]
 69%|██████▉   | 1059/1530 [3:05:16<1:17:47,  9.91s/it]
 69%|██████▉   | 1060/1530 [3:05:26<1:17:35,  9.91s/it]
 69%|██████▉   | 1061/1530 [3:05:35<1:17:23,  9.90s/it]
 69%|██████▉   | 1062/1530 [3:05:45<1:17:12,  9.90s/it]
 69%|██████▉   | 1063/1530 [3:05:55<1:17:01,  9.90s/it]
 70%|██████▉   | 1064/1530 [3:06:05<1:16:52,  9.90s/it]
 70%|██████▉   | 1065/1530 [3:06:15<1:16:41,  9.90s/it]
 70%|██████▉   | 1066/1530 [3:06:25<1:16:31,  9.90s/it]
 70%|██████▉   | 1067/1530 [3:06:35<1:16:21,  9.90s/it]
 70%|██████▉   | 1068/1530 [3:06:45<1:16:11,  9.89s/it]
 70%|██████▉   | 1069/1530 [3:06:55<1:16:01,  9.89s/it]
 70%|██████▉   | 1070/1530 [3:07:05<1:15:51,  9.89s/it]
 70%|███████   | 1071/1530 [3:07:14<1:15:42,  9.90s/it]
 70%|███████   | 1072/1530 [3:07:24<1:15:32,  9.90s/it]
 70%|███████   | 1073/1530 [3:07:34<1:15:21,  9.89s/it]
 70%|███████   | 1074/1530 [3:07:44<1:15:11,  9.89s/it]
 70%|███████   | 1075/1530 [3:07:54<1:15:02,  9.90s/it]
 70%|███████   | 1076/1530 [3:08:04<1:14:52,  9.90s/it]
 70%|███████   | 1077/1530 [3:08:14<1:14:43,  9.90s/it]
 70%|███████   | 1078/1530 [3:08:24<1:14:32,  9.90s/it]
 71%|███████   | 1079/1530 [3:08:34<1:14:22,  9.89s/it]
 71%|███████   | 1080/1530 [3:08:43<1:14:12,  9.89s/it]
 71%|███████   | 1081/1530 [3:08:53<1:14:02,  9.90s/it]
 71%|███████   | 1082/1530 [3:09:03<1:13:52,  9.89s/it]
 71%|███████   | 1083/1530 [3:09:13<1:13:43,  9.90s/it]
 71%|███████   | 1084/1530 [3:09:23<1:13:32,  9.89s/it]
 71%|███████   | 1085/1530 [3:09:33<1:13:22,  9.89s/it]
 71%|███████   | 1086/1530 [3:09:43<1:13:13,  9.89s/it]
 71%|███████   | 1087/1530 [3:09:53<1:13:03,  9.89s/it]
 71%|███████   | 1088/1530 [3:10:03<1:12:53,  9.89s/it]
 71%|███████   | 1089/1530 [3:10:12<1:12:43,  9.89s/it]
 71%|███████   | 1090/1530 [3:10:22<1:12:33,  9.89s/it]
 71%|███████▏  | 1091/1530 [3:10:32<1:12:23,  9.89s/it]
 71%|███████▏  | 1092/1530 [3:10:37<1:01:16,  8.39s/it]
                                                       

 71%|███████▏  | 1092/1530 [3:10:37<1:01:16,  8.39s/it]{'loss': 0.6348, 'grad_norm': 1.8979883193969727, 'learning_rate': 1.4313725490196078e-05, 'epoch': 21.0}


  0%|          | 0/26 [00:00<?, ?it/s][A

  8%|▊         | 2/26 [00:01<00:14,  1.66it/s][A

 12%|█▏        | 3/26 [00:02<00:19,  1.18it/s][A

 15%|█▌        | 4/26 [00:03<00:21,  1.02it/s][A

 19%|█▉        | 5/26 [00:04<00:22,  1.06s/it][A

 23%|██▎       | 6/26 [00:06<00:22,  1.11s/it][A

 27%|██▋       | 7/26 [00:07<00:21,  1.14s/it][A

 31%|███       | 8/26 [00:08<00:20,  1.16s/it][A

 35%|███▍      | 9/26 [00:09<00:19,  1.17s/it][A

 38%|███▊      | 10/26 [00:10<00:18,  1.18s/it][A

 42%|████▏     | 11/26 [00:12<00:17,  1.19s/it][A

 46%|████▌     | 12/26 [00:13<00:16,  1.19s/it][A

 50%|█████     | 13/26 [00:14<00:15,  1.19s/it][A

 54%|█████▍    | 14/26 [00:15<00:14,  1.20s/it][A

 58%|█████▊    | 15/26 [00:16<00:13,  1.20s/it][A

 62%|██████▏   | 16/26 [00:18<00:11,  1.20s/it][A

 65%|██████▌   | 17/26 [00:19<00:10,  1.20s/it][A

 69%|██████▉   | 18/26 [00:20<00:09,  1.20s/it][A

 73%|███████▎  | 19/26 [00:21<00:08,  1.20s/it][A

 77%|███████▋  | 20/26 [00:22<00:07,  1.20s/it][A

 81%|████████  | 21/26 [00:24<00:06,  1.20s/it][A

 85%|████████▍ | 22/26 [00:25<00:04,  1.20s/it][A

 88%|████████▊ | 23/26 [00:26<00:03,  1.20s/it][A

 92%|█████████▏| 24/26 [00:27<00:02,  1.20s/it][A

 96%|█████████▌| 25/26 [00:28<00:01,  1.20s/it][A

100%|██████████| 26/26 [00:29<00:00,  1.13s/it][A

                                               
[A
                                                       

100%|██████████| 26/26 [00:29<00:00,  1.13s/it][A
 71%|███████▏  | 1092/1530 [3:11:09<1:01:16,  8.39s/it]

                                               [A{'eval_loss': 0.818386971950531, 'eval_macro_recall': 0.7143793425585333, 'eval_macro_precision': 0.7139302893638155, 'eval_macro_f1': 0.6922772141239723, 'eval_accuracy': 0.7217496962332929, 'eval_micro_recall': 0.7217496962332929, 'eval_micro_precision': 0.7217496962332929, 'eval_micro_f1': 0.7217496962332928, 'eval_runtime': 31.3654, 'eval_samples_per_second': 26.239, 'eval_steps_per_second': 0.829, 'epoch': 21.0}

 71%|███████▏  | 1093/1530 [3:11:22<2:21:06, 19.37s/it]
 72%|███████▏  | 1094/1530 [3:11:32<2:00:07, 16.53s/it]
 72%|███████▏  | 1095/1530 [3:11:42<1:45:24, 14.54s/it]
 72%|███████▏  | 1096/1530 [3:11:52<1:35:05, 13.15s/it]
 72%|███████▏  | 1097/1530 [3:12:02<1:27:50, 12.17s/it]
 72%|███████▏  | 1098/1530 [3:12:12<1:22:43, 11.49s/it]
 72%|███████▏  | 1099/1530 [3:12:22<1:19:05, 11.01s/it]
 72%|███████▏  | 1100/1530 [3:12:31<1:16:30, 10.68s/it]
 72%|███████▏  | 1101/1530 [3:12:41<1:14:39, 10.44s/it]
 72%|███████▏  | 1102/1530 [3:12:51<1:13:18, 10.28s/it]
 72%|███████▏  | 1103/1530 [3:13:01<1:12:19, 10.16s/it]
 72%|███████▏  | 1104/1530 [3:13:11<1:11:35, 10.08s/it]
 72%|███████▏  | 1105/1530 [3:13:21<1:11:01, 10.03s/it]
 72%|███████▏  | 1106/1530 [3:13:31<1:10:34,  9.99s/it]
 72%|███████▏  | 1107/1530 [3:13:41<1:10:13,  9.96s/it]
 72%|███████▏  | 1108/1530 [3:13:51<1:09:54,  9.94s/it]
 72%|███████▏  | 1109/1530 [3:14:01<1:09:41,  9.93s/it]
 73%|███████▎  | 1110/1530 [3:14:10<1:09:27,  9.92s/it]
 73%|███████▎  | 1111/1530 [3:14:20<1:09:14,  9.91s/it]
 73%|███████▎  | 1112/1530 [3:14:30<1:09:01,  9.91s/it]
 73%|███████▎  | 1113/1530 [3:14:40<1:08:50,  9.90s/it]
 73%|███████▎  | 1114/1530 [3:14:50<1:08:38,  9.90s/it]
 73%|███████▎  | 1115/1530 [3:15:00<1:08:28,  9.90s/it]
 73%|███████▎  | 1116/1530 [3:15:10<1:08:19,  9.90s/it]
 73%|███████▎  | 1117/1530 [3:15:30<1:29:36, 13.02s/it]
 73%|███████▎  | 1118/1530 [3:15:40<1:23:36, 12.18s/it]
 73%|███████▎  | 1119/1530 [3:15:50<1:18:43, 11.49s/it]
 73%|███████▎  | 1120/1530 [3:16:00<1:15:14, 11.01s/it]
 73%|███████▎  | 1121/1530 [3:16:10<1:12:46, 10.68s/it]
 73%|███████▎  | 1122/1530 [3:16:20<1:11:00, 10.44s/it]
 73%|███████▎  | 1123/1530 [3:16:30<1:09:43, 10.28s/it]
 73%|███████▎  | 1124/1530 [3:16:40<1:08:46, 10.16s/it]
 74%|███████▎  | 1125/1530 [3:16:50<1:08:04, 10.09s/it]
 74%|███████▎  | 1126/1530 [3:16:59<1:07:32, 10.03s/it]
 74%|███████▎  | 1127/1530 [3:17:09<1:07:06,  9.99s/it]
 74%|███████▎  | 1128/1530 [3:17:19<1:06:45,  9.96s/it]
 74%|███████▍  | 1129/1530 [3:17:29<1:06:28,  9.95s/it]
 74%|███████▍  | 1130/1530 [3:17:39<1:06:13,  9.93s/it]
 74%|███████▍  | 1131/1530 [3:17:49<1:05:59,  9.92s/it]
 74%|███████▍  | 1132/1530 [3:17:59<1:05:47,  9.92s/it]
 74%|███████▍  | 1133/1530 [3:18:09<1:05:35,  9.91s/it]
 74%|███████▍  | 1134/1530 [3:18:19<1:05:24,  9.91s/it]
 74%|███████▍  | 1135/1530 [3:18:29<1:05:14,  9.91s/it]
 74%|███████▍  | 1136/1530 [3:18:39<1:05:03,  9.91s/it]
 74%|███████▍  | 1137/1530 [3:18:48<1:04:52,  9.91s/it]
 74%|███████▍  | 1138/1530 [3:18:58<1:04:42,  9.90s/it]
 74%|███████▍  | 1139/1530 [3:19:08<1:04:32,  9.90s/it]
 75%|███████▍  | 1140/1530 [3:19:18<1:04:23,  9.91s/it]
 75%|███████▍  | 1141/1530 [3:19:28<1:04:12,  9.90s/it]
 75%|███████▍  | 1142/1530 [3:19:38<1:04:27,  9.97s/it]
 75%|███████▍  | 1143/1530 [3:19:48<1:04:09,  9.95s/it]
 75%|███████▍  | 1144/1530 [3:19:53<54:18,  8.44s/it]  
                                                     

 75%|███████▍  | 1144/1530 [3:19:54<54:18,  8.44s/it]{'loss': 0.6242, 'grad_norm': 1.2616119384765625, 'learning_rate': 1.261437908496732e-05, 'epoch': 22.0}


  0%|          | 0/26 [00:00<?, ?it/s][A

  8%|▊         | 2/26 [00:01<00:14,  1.63it/s][A

 12%|█▏        | 3/26 [00:02<00:19,  1.17it/s][A

 15%|█▌        | 4/26 [00:03<00:21,  1.01it/s][A

 19%|█▉        | 5/26 [00:04<00:22,  1.06s/it][A

 23%|██▎       | 6/26 [00:06<00:22,  1.11s/it][A

 27%|██▋       | 7/26 [00:07<00:21,  1.14s/it][A

 31%|███       | 8/26 [00:08<00:20,  1.16s/it][A

 35%|███▍      | 9/26 [00:09<00:19,  1.17s/it][A

 38%|███▊      | 10/26 [00:10<00:18,  1.18s/it][A

 42%|████▏     | 11/26 [00:12<00:17,  1.19s/it][A

 46%|████▌     | 12/26 [00:13<00:16,  1.19s/it][A

 50%|█████     | 13/26 [00:14<00:15,  1.19s/it][A

 54%|█████▍    | 14/26 [00:15<00:14,  1.20s/it][A

 58%|█████▊    | 15/26 [00:16<00:13,  1.20s/it][A

 62%|██████▏   | 16/26 [00:18<00:11,  1.20s/it][A

 65%|██████▌   | 17/26 [00:19<00:10,  1.20s/it][A

 69%|██████▉   | 18/26 [00:20<00:09,  1.20s/it][A

 73%|███████▎  | 19/26 [00:21<00:08,  1.20s/it][A

 77%|███████▋  | 20/26 [00:22<00:07,  1.20s/it][A

 81%|████████  | 21/26 [00:24<00:06,  1.20s/it][A

 85%|████████▍ | 22/26 [00:25<00:04,  1.20s/it][A

 88%|████████▊ | 23/26 [00:26<00:03,  1.20s/it][A

 92%|█████████▏| 24/26 [00:27<00:02,  1.20s/it][A

 96%|█████████▌| 25/26 [00:28<00:01,  1.20s/it][A

100%|██████████| 26/26 [00:29<00:00,  1.13s/it][A

                                               
[A
                                                     

100%|██████████| 26/26 [00:30<00:00,  1.13s/it][A
 75%|███████▍  | 1144/1530 [3:20:27<54:18,  8.44s/it]

                                               [A{'eval_loss': 0.8306964635848999, 'eval_macro_recall': 0.7145100884985278, 'eval_macro_precision': 0.7138418814041491, 'eval_macro_f1': 0.6936610785577395, 'eval_accuracy': 0.7205346294046172, 'eval_micro_recall': 0.7205346294046172, 'eval_micro_precision': 0.7205346294046172, 'eval_micro_f1': 0.7205346294046172, 'eval_runtime': 32.9988, 'eval_samples_per_second': 24.94, 'eval_steps_per_second': 0.788, 'epoch': 22.0}

 75%|███████▍  | 1145/1530 [3:20:41<2:09:48, 20.23s/it]
 75%|███████▍  | 1146/1530 [3:20:51<1:49:37, 17.13s/it]
 75%|███████▍  | 1147/1530 [3:21:01<1:35:30, 14.96s/it]
 75%|███████▌  | 1148/1530 [3:21:10<1:25:34, 13.44s/it]
 75%|███████▌  | 1149/1530 [3:21:20<1:18:36, 12.38s/it]
 75%|███████▌  | 1150/1530 [3:21:30<1:13:41, 11.64s/it]
 75%|███████▌  | 1151/1530 [3:21:40<1:10:11, 11.11s/it]
 75%|███████▌  | 1152/1530 [3:21:50<1:07:42, 10.75s/it]
 75%|███████▌  | 1153/1530 [3:22:00<1:05:55, 10.49s/it]
 75%|███████▌  | 1154/1530 [3:22:10<1:04:37, 10.31s/it]
 75%|███████▌  | 1155/1530 [3:22:20<1:03:40, 10.19s/it]
 76%|███████▌  | 1156/1530 [3:22:30<1:02:58, 10.10s/it]
 76%|███████▌  | 1157/1530 [3:22:39<1:02:24, 10.04s/it]
 76%|███████▌  | 1158/1530 [3:22:49<1:01:58, 10.00s/it]
 76%|███████▌  | 1159/1530 [3:22:59<1:01:38,  9.97s/it]
 76%|███████▌  | 1160/1530 [3:23:09<1:01:20,  9.95s/it]
 76%|███████▌  | 1161/1530 [3:23:19<1:01:04,  9.93s/it]
 76%|███████▌  | 1162/1530 [3:23:29<1:00:51,  9.92s/it]
 76%|███████▌  | 1163/1530 [3:23:39<1:00:38,  9.91s/it]
 76%|███████▌  | 1164/1530 [3:23:49<1:00:27,  9.91s/it]
 76%|███████▌  | 1165/1530 [3:23:59<1:00:15,  9.91s/it]
 76%|███████▌  | 1166/1530 [3:24:09<1:00:04,  9.90s/it]
 76%|███████▋  | 1167/1530 [3:24:18<59:53,  9.90s/it]  
 76%|███████▋  | 1168/1530 [3:24:28<59:43,  9.90s/it]
 76%|███████▋  | 1169/1530 [3:24:38<59:32,  9.90s/it]
 76%|███████▋  | 1170/1530 [3:24:48<59:22,  9.90s/it]
 77%|███████▋  | 1171/1530 [3:24:58<59:12,  9.90s/it]
 77%|███████▋  | 1172/1530 [3:25:08<59:03,  9.90s/it]
 77%|███████▋  | 1173/1530 [3:25:18<58:53,  9.90s/it]
 77%|███████▋  | 1174/1530 [3:25:28<58:43,  9.90s/it]
 77%|███████▋  | 1175/1530 [3:25:38<58:33,  9.90s/it]
 77%|███████▋  | 1176/1530 [3:25:48<58:23,  9.90s/it]
 77%|███████▋  | 1177/1530 [3:25:57<58:13,  9.90s/it]
 77%|███████▋  | 1178/1530 [3:26:07<58:05,  9.90s/it]
 77%|███████▋  | 1179/1530 [3:26:17<57:55,  9.90s/it]
 77%|███████▋  | 1180/1530 [3:26:27<57:44,  9.90s/it]
 77%|███████▋  | 1181/1530 [3:26:37<57:35,  9.90s/it]
 77%|███████▋  | 1182/1530 [3:26:47<57:24,  9.90s/it]
 77%|███████▋  | 1183/1530 [3:26:57<57:14,  9.90s/it]
 77%|███████▋  | 1184/1530 [3:27:07<57:04,  9.90s/it]
 77%|███████▋  | 1185/1530 [3:27:17<56:54,  9.90s/it]
 78%|███████▊  | 1186/1530 [3:27:26<56:44,  9.90s/it]
 78%|███████▊  | 1187/1530 [3:27:36<56:34,  9.90s/it]
 78%|███████▊  | 1188/1530 [3:27:46<56:24,  9.90s/it]
 78%|███████▊  | 1189/1530 [3:27:56<56:14,  9.90s/it]
 78%|███████▊  | 1190/1530 [3:28:06<56:04,  9.90s/it]
 78%|███████▊  | 1191/1530 [3:28:16<55:54,  9.90s/it]
 78%|███████▊  | 1192/1530 [3:28:26<55:44,  9.90s/it]
 78%|███████▊  | 1193/1530 [3:28:36<55:34,  9.90s/it]
 78%|███████▊  | 1194/1530 [3:28:46<55:24,  9.90s/it]
 78%|███████▊  | 1195/1530 [3:28:56<55:14,  9.90s/it]
 78%|███████▊  | 1196/1530 [3:29:00<46:47,  8.41s/it]
                                                     

 78%|███████▊  | 1196/1530 [3:29:01<46:47,  8.41s/it]{'loss': 0.613, 'grad_norm': 1.3818937540054321, 'learning_rate': 1.0915032679738562e-05, 'epoch': 23.0}


  0%|          | 0/26 [00:00<?, ?it/s][A

  8%|▊         | 2/26 [00:01<00:14,  1.67it/s][A

 12%|█▏        | 3/26 [00:02<00:19,  1.18it/s][A

 15%|█▌        | 4/26 [00:03<00:21,  1.02it/s][A

 19%|█▉        | 5/26 [00:04<00:22,  1.06s/it][A

 23%|██▎       | 6/26 [00:05<00:22,  1.10s/it][A

 27%|██▋       | 7/26 [00:07<00:21,  1.14s/it][A

 31%|███       | 8/26 [00:08<00:20,  1.16s/it][A

 35%|███▍      | 9/26 [00:09<00:19,  1.17s/it][A

 38%|███▊      | 10/26 [00:10<00:18,  1.18s/it][A

 42%|████▏     | 11/26 [00:11<00:17,  1.19s/it][A

 46%|████▌     | 12/26 [00:13<00:16,  1.19s/it][A

 50%|█████     | 13/26 [00:14<00:15,  1.19s/it][A

 54%|█████▍    | 14/26 [00:15<00:14,  1.20s/it][A

 58%|█████▊    | 15/26 [00:16<00:13,  1.20s/it][A

 62%|██████▏   | 16/26 [00:17<00:11,  1.20s/it][A

 65%|██████▌   | 17/26 [00:19<00:10,  1.20s/it][A

 69%|██████▉   | 18/26 [00:20<00:09,  1.20s/it][A

 73%|███████▎  | 19/26 [00:21<00:08,  1.20s/it][A

 77%|███████▋  | 20/26 [00:22<00:07,  1.20s/it][A

 81%|████████  | 21/26 [00:24<00:06,  1.20s/it][A

 85%|████████▍ | 22/26 [00:25<00:04,  1.20s/it][A

 88%|████████▊ | 23/26 [00:26<00:03,  1.20s/it][A

 92%|█████████▏| 24/26 [00:27<00:02,  1.20s/it][A

 96%|█████████▌| 25/26 [00:28<00:01,  1.20s/it][A

100%|██████████| 26/26 [00:29<00:00,  1.12s/it][A

                                               
[A
                                                     

100%|██████████| 26/26 [00:29<00:00,  1.12s/it][A
 78%|███████▊  | 1196/1530 [3:29:32<46:47,  8.41s/it]

                                               [A{'eval_loss': 0.818413496017456, 'eval_macro_recall': 0.7193270441825356, 'eval_macro_precision': 0.7309374865055346, 'eval_macro_f1': 0.7012375843746398, 'eval_accuracy': 0.7278250303766707, 'eval_micro_recall': 0.7278250303766707, 'eval_micro_precision': 0.7278250303766707, 'eval_micro_f1': 0.7278250303766707, 'eval_runtime': 31.3751, 'eval_samples_per_second': 26.231, 'eval_steps_per_second': 0.829, 'epoch': 23.0}

 78%|███████▊  | 1197/1530 [3:29:46<1:47:51, 19.43s/it]
 78%|███████▊  | 1198/1530 [3:29:56<1:31:41, 16.57s/it]
 78%|███████▊  | 1199/1530 [3:30:05<1:20:21, 14.57s/it]
 78%|███████▊  | 1200/1530 [3:30:15<1:12:24, 13.17s/it]
 78%|███████▊  | 1201/1530 [3:30:25<1:06:48, 12.18s/it]
 79%|███████▊  | 1202/1530 [3:30:35<1:02:51, 11.50s/it]
 79%|███████▊  | 1203/1530 [3:30:45<1:00:02, 11.02s/it]
 79%|███████▊  | 1204/1530 [3:30:55<58:01, 10.68s/it]  
 79%|███████▉  | 1205/1530 [3:31:05<56:34, 10.44s/it]
 79%|███████▉  | 1206/1530 [3:31:15<55:30, 10.28s/it]
 79%|███████▉  | 1207/1530 [3:31:25<54:43, 10.16s/it]
 79%|███████▉  | 1208/1530 [3:31:34<54:06, 10.08s/it]
 79%|███████▉  | 1209/1530 [3:31:44<53:38, 10.03s/it]
 79%|███████▉  | 1210/1530 [3:31:54<53:15,  9.99s/it]
 79%|███████▉  | 1211/1530 [3:32:04<52:56,  9.96s/it]
 79%|███████▉  | 1212/1530 [3:32:14<52:40,  9.94s/it]
 79%|███████▉  | 1213/1530 [3:32:24<52:26,  9.93s/it]
 79%|███████▉  | 1214/1530 [3:32:34<52:13,  9.92s/it]
 79%|███████▉  | 1215/1530 [3:32:44<52:04,  9.92s/it]
 79%|███████▉  | 1216/1530 [3:32:54<51:52,  9.91s/it]
 80%|███████▉  | 1217/1530 [3:33:04<51:41,  9.91s/it]
 80%|███████▉  | 1218/1530 [3:33:13<51:30,  9.90s/it]
 80%|███████▉  | 1219/1530 [3:33:24<52:33, 10.14s/it]
 80%|███████▉  | 1220/1530 [3:33:34<52:01, 10.07s/it]
 80%|███████▉  | 1221/1530 [3:33:44<51:34, 10.01s/it]
 80%|███████▉  | 1222/1530 [3:33:54<51:13,  9.98s/it]
 80%|███████▉  | 1223/1530 [3:34:04<50:55,  9.95s/it]
 80%|████████  | 1224/1530 [3:34:14<50:39,  9.93s/it]
 80%|████████  | 1225/1530 [3:34:24<50:26,  9.92s/it]
 80%|████████  | 1226/1530 [3:34:33<50:13,  9.91s/it]
 80%|████████  | 1227/1530 [3:34:43<50:01,  9.91s/it]
 80%|████████  | 1228/1530 [3:34:53<49:50,  9.90s/it]
 80%|████████  | 1229/1530 [3:35:03<49:39,  9.90s/it]
 80%|████████  | 1230/1530 [3:35:13<49:29,  9.90s/it]
 80%|████████  | 1231/1530 [3:35:23<49:18,  9.90s/it]
 81%|████████  | 1232/1530 [3:35:33<49:09,  9.90s/it]
 81%|████████  | 1233/1530 [3:35:43<49:00,  9.90s/it]
 81%|████████  | 1234/1530 [3:35:53<48:49,  9.90s/it]
 81%|████████  | 1235/1530 [3:36:02<48:40,  9.90s/it]
 81%|████████  | 1236/1530 [3:36:12<48:30,  9.90s/it]
 81%|████████  | 1237/1530 [3:36:22<48:21,  9.90s/it]
 81%|████████  | 1238/1530 [3:36:32<48:10,  9.90s/it]
 81%|████████  | 1239/1530 [3:36:42<47:59,  9.90s/it]
 81%|████████  | 1240/1530 [3:36:52<47:49,  9.90s/it]
 81%|████████  | 1241/1530 [3:37:02<47:39,  9.89s/it]
 81%|████████  | 1242/1530 [3:37:12<47:31,  9.90s/it]
 81%|████████  | 1243/1530 [3:37:22<47:20,  9.90s/it]
 81%|████████▏ | 1244/1530 [3:37:32<47:10,  9.90s/it]
 81%|████████▏ | 1245/1530 [3:37:41<47:01,  9.90s/it]
 81%|████████▏ | 1246/1530 [3:37:51<46:50,  9.90s/it]
 82%|████████▏ | 1247/1530 [3:38:01<46:40,  9.90s/it]
 82%|████████▏ | 1248/1530 [3:38:06<39:30,  8.41s/it]
                                                     

 82%|████████▏ | 1248/1530 [3:38:07<39:30,  8.41s/it]{'loss': 0.6044, 'grad_norm': 2.0397660732269287, 'learning_rate': 9.215686274509804e-06, 'epoch': 24.0}


  0%|          | 0/26 [00:00<?, ?it/s][A

  8%|▊         | 2/26 [00:01<00:14,  1.67it/s][A

 12%|█▏        | 3/26 [00:02<00:19,  1.18it/s][A

 15%|█▌        | 4/26 [00:03<00:21,  1.02it/s][A

 19%|█▉        | 5/26 [00:04<00:22,  1.06s/it][A

 23%|██▎       | 6/26 [00:05<00:22,  1.10s/it][A

 27%|██▋       | 7/26 [00:07<00:21,  1.13s/it][A

 31%|███       | 8/26 [00:08<00:20,  1.15s/it][A

 35%|███▍      | 9/26 [00:09<00:19,  1.17s/it][A

 38%|███▊      | 10/26 [00:10<00:18,  1.18s/it][A

 42%|████▏     | 11/26 [00:11<00:17,  1.18s/it][A

 46%|████▌     | 12/26 [00:13<00:16,  1.19s/it][A

 50%|█████     | 13/26 [00:14<00:15,  1.19s/it][A

 54%|█████▍    | 14/26 [00:15<00:14,  1.19s/it][A

 58%|█████▊    | 15/26 [00:16<00:13,  1.19s/it][A

 62%|██████▏   | 16/26 [00:17<00:11,  1.20s/it][A

 65%|██████▌   | 17/26 [00:19<00:10,  1.20s/it][A

 69%|██████▉   | 18/26 [00:20<00:09,  1.20s/it][A

 73%|███████▎  | 19/26 [00:21<00:08,  1.20s/it][A

 77%|███████▋  | 20/26 [00:22<00:07,  1.20s/it][A

 81%|████████  | 21/26 [00:23<00:05,  1.20s/it][A

 85%|████████▍ | 22/26 [00:25<00:04,  1.20s/it][A

 88%|████████▊ | 23/26 [00:26<00:03,  1.20s/it][A

 92%|█████████▏| 24/26 [00:27<00:02,  1.20s/it][A

 96%|█████████▌| 25/26 [00:28<00:01,  1.20s/it][A

100%|██████████| 26/26 [00:29<00:00,  1.13s/it][A

                                               
[A
                                                     

100%|██████████| 26/26 [00:29<00:00,  1.13s/it][A
 82%|████████▏ | 1248/1530 [3:38:38<39:30,  8.41s/it]

                                               [A{'eval_loss': 0.8176561594009399, 'eval_macro_recall': 0.7191068404941238, 'eval_macro_precision': 0.7344161137513738, 'eval_macro_f1': 0.7046011432793587, 'eval_accuracy': 0.7302551640340219, 'eval_micro_recall': 0.7302551640340219, 'eval_micro_precision': 0.7302551640340219, 'eval_micro_f1': 0.7302551640340219, 'eval_runtime': 31.4356, 'eval_samples_per_second': 26.181, 'eval_steps_per_second': 0.827, 'epoch': 24.0}

 82%|████████▏ | 1249/1530 [3:38:52<1:31:53, 19.62s/it]
 82%|████████▏ | 1250/1530 [3:39:02<1:17:57, 16.70s/it]
 82%|████████▏ | 1251/1530 [3:39:12<1:08:10, 14.66s/it]
 82%|████████▏ | 1252/1530 [3:39:22<1:01:19, 13.23s/it]
 82%|████████▏ | 1253/1530 [3:39:32<56:28, 12.23s/it]  
 82%|████████▏ | 1254/1530 [3:39:41<53:02, 11.53s/it]
 82%|████████▏ | 1255/1530 [3:39:51<50:36, 11.04s/it]
 82%|████████▏ | 1256/1530 [3:40:01<48:51, 10.70s/it]
 82%|████████▏ | 1257/1530 [3:40:11<47:34, 10.46s/it]
 82%|████████▏ | 1258/1530 [3:40:21<46:39, 10.29s/it]
 82%|████████▏ | 1259/1530 [3:40:31<45:57, 10.17s/it]
 82%|████████▏ | 1260/1530 [3:40:41<45:25, 10.09s/it]
 82%|████████▏ | 1261/1530 [3:40:51<45:00, 10.04s/it]
 82%|████████▏ | 1262/1530 [3:41:01<44:39, 10.00s/it]
 83%|████████▎ | 1263/1530 [3:41:11<44:21,  9.97s/it]
 83%|████████▎ | 1264/1530 [3:41:20<44:06,  9.95s/it]
 83%|████████▎ | 1265/1530 [3:41:30<43:52,  9.94s/it]
 83%|████████▎ | 1266/1530 [3:41:40<43:40,  9.93s/it]
 83%|████████▎ | 1267/1530 [3:41:50<43:28,  9.92s/it]
 83%|████████▎ | 1268/1530 [3:42:00<43:17,  9.91s/it]
 83%|████████▎ | 1269/1530 [3:42:10<43:06,  9.91s/it]
 83%|████████▎ | 1270/1530 [3:42:20<42:55,  9.91s/it]
 83%|████████▎ | 1271/1530 [3:42:30<42:45,  9.91s/it]
 83%|████████▎ | 1272/1530 [3:42:40<42:35,  9.90s/it]
 83%|████████▎ | 1273/1530 [3:42:50<42:25,  9.90s/it]
 83%|████████▎ | 1274/1530 [3:42:59<42:15,  9.90s/it]
 83%|████████▎ | 1275/1530 [3:43:09<42:05,  9.90s/it]
 83%|████████▎ | 1276/1530 [3:43:19<41:55,  9.90s/it]
 83%|████████▎ | 1277/1530 [3:43:29<41:45,  9.90s/it]
 84%|████████▎ | 1278/1530 [3:43:39<41:35,  9.90s/it]
 84%|████████▎ | 1279/1530 [3:43:49<41:25,  9.90s/it]
 84%|████████▎ | 1280/1530 [3:43:59<41:15,  9.90s/it]
 84%|████████▎ | 1281/1530 [3:44:09<41:05,  9.90s/it]
 84%|████████▍ | 1282/1530 [3:44:19<40:55,  9.90s/it]
 84%|████████▍ | 1283/1530 [3:44:29<40:45,  9.90s/it]
 84%|████████▍ | 1284/1530 [3:44:38<40:35,  9.90s/it]
 84%|████████▍ | 1285/1530 [3:44:48<40:25,  9.90s/it]
 84%|████████▍ | 1286/1530 [3:44:58<40:15,  9.90s/it]
 84%|████████▍ | 1287/1530 [3:45:08<40:05,  9.90s/it]
 84%|████████▍ | 1288/1530 [3:45:18<39:55,  9.90s/it]
 84%|████████▍ | 1289/1530 [3:45:28<39:46,  9.90s/it]
 84%|████████▍ | 1290/1530 [3:45:38<39:36,  9.90s/it]
 84%|████████▍ | 1291/1530 [3:45:48<39:26,  9.90s/it]
 84%|████████▍ | 1292/1530 [3:45:58<39:16,  9.90s/it]
 85%|████████▍ | 1293/1530 [3:46:08<39:06,  9.90s/it]
 85%|████████▍ | 1294/1530 [3:46:17<38:56,  9.90s/it]
 85%|████████▍ | 1295/1530 [3:46:27<38:46,  9.90s/it]
 85%|████████▍ | 1296/1530 [3:46:37<38:37,  9.90s/it]
 85%|████████▍ | 1297/1530 [3:46:47<38:27,  9.90s/it]
 85%|████████▍ | 1298/1530 [3:46:57<38:16,  9.90s/it]
 85%|████████▍ | 1299/1530 [3:47:07<38:06,  9.90s/it]
 85%|████████▍ | 1300/1530 [3:47:12<32:12,  8.40s/it]
                                                     

 85%|████████▍ | 1300/1530 [3:47:12<32:12,  8.40s/it]{'loss': 0.5944, 'grad_norm': 1.4679549932479858, 'learning_rate': 7.5163398692810456e-06, 'epoch': 25.0}


  0%|          | 0/26 [00:00<?, ?it/s][A

  8%|▊         | 2/26 [00:01<00:14,  1.67it/s][A

 12%|█▏        | 3/26 [00:02<00:19,  1.18it/s][A

 15%|█▌        | 4/26 [00:03<00:21,  1.02it/s][A

 19%|█▉        | 5/26 [00:04<00:22,  1.06s/it][A

 23%|██▎       | 6/26 [00:06<00:22,  1.11s/it][A

 27%|██▋       | 7/26 [00:07<00:21,  1.14s/it][A

 31%|███       | 8/26 [00:08<00:20,  1.16s/it][A

 35%|███▍      | 9/26 [00:09<00:19,  1.17s/it][A

 38%|███▊      | 10/26 [00:10<00:18,  1.18s/it][A

 42%|████▏     | 11/26 [00:12<00:17,  1.19s/it][A

 46%|████▌     | 12/26 [00:13<00:16,  1.19s/it][A

 50%|█████     | 13/26 [00:14<00:15,  1.19s/it][A

 54%|█████▍    | 14/26 [00:15<00:14,  1.19s/it][A

 58%|█████▊    | 15/26 [00:16<00:13,  1.20s/it][A

 62%|██████▏   | 16/26 [00:18<00:11,  1.20s/it][A

 65%|██████▌   | 17/26 [00:19<00:10,  1.20s/it][A

 69%|██████▉   | 18/26 [00:20<00:09,  1.20s/it][A

 73%|███████▎  | 19/26 [00:21<00:08,  1.20s/it][A

 77%|███████▋  | 20/26 [00:22<00:07,  1.20s/it][A

 81%|████████  | 21/26 [00:24<00:06,  1.20s/it][A

 85%|████████▍ | 22/26 [00:25<00:04,  1.20s/it][A

 88%|████████▊ | 23/26 [00:26<00:03,  1.20s/it][A

 92%|█████████▏| 24/26 [00:27<00:02,  1.20s/it][A

 96%|█████████▌| 25/26 [00:28<00:01,  1.20s/it][A

100%|██████████| 26/26 [00:29<00:00,  1.14s/it][A

                                               
[A
                                                     

100%|██████████| 26/26 [00:29<00:00,  1.14s/it][A
 85%|████████▍ | 1300/1530 [3:47:43<32:12,  8.40s/it]

                                               [A{'eval_loss': 0.8158820867538452, 'eval_macro_recall': 0.7205175203730118, 'eval_macro_precision': 0.7398090188552616, 'eval_macro_f1': 0.7082078288224605, 'eval_accuracy': 0.7351154313487241, 'eval_micro_recall': 0.7351154313487241, 'eval_micro_precision': 0.7351154313487241, 'eval_micro_f1': 0.7351154313487241, 'eval_runtime': 31.3688, 'eval_samples_per_second': 26.236, 'eval_steps_per_second': 0.829, 'epoch': 25.0}

 85%|████████▌ | 1301/1530 [3:47:58<1:14:51, 19.61s/it]
 85%|████████▌ | 1302/1530 [3:48:08<1:03:27, 16.70s/it]
 85%|████████▌ | 1303/1530 [3:48:17<55:27, 14.66s/it]  
 85%|████████▌ | 1304/1530 [3:48:27<49:49, 13.23s/it]
 85%|████████▌ | 1305/1530 [3:48:37<45:51, 12.23s/it]
 85%|████████▌ | 1306/1530 [3:48:47<43:02, 11.53s/it]
 85%|████████▌ | 1307/1530 [3:48:57<41:02, 11.04s/it]
 85%|████████▌ | 1308/1530 [3:49:07<39:34, 10.70s/it]
 86%|████████▌ | 1309/1530 [3:49:17<38:31, 10.46s/it]
 86%|████████▌ | 1310/1530 [3:49:27<37:43, 10.29s/it]
 86%|████████▌ | 1311/1530 [3:49:37<37:07, 10.17s/it]
 86%|████████▌ | 1312/1530 [3:49:47<36:39, 10.09s/it]
 86%|████████▌ | 1313/1530 [3:49:56<36:16, 10.03s/it]
 86%|████████▌ | 1314/1530 [3:50:06<35:58,  9.99s/it]
 86%|████████▌ | 1315/1530 [3:50:16<35:42,  9.96s/it]
 86%|████████▌ | 1316/1530 [3:50:26<35:28,  9.95s/it]
 86%|████████▌ | 1317/1530 [3:50:36<35:15,  9.93s/it]
 86%|████████▌ | 1318/1530 [3:50:46<35:03,  9.92s/it]
 86%|████████▌ | 1319/1530 [3:50:56<34:52,  9.91s/it]
 86%|████████▋ | 1320/1530 [3:51:06<34:40,  9.91s/it]
 86%|████████▋ | 1321/1530 [3:51:16<34:30,  9.91s/it]
 86%|████████▋ | 1322/1530 [3:51:26<34:20,  9.90s/it]
 86%|████████▋ | 1323/1530 [3:51:35<34:09,  9.90s/it]
 87%|████████▋ | 1324/1530 [3:51:45<33:59,  9.90s/it]
 87%|████████▋ | 1325/1530 [3:51:55<33:49,  9.90s/it]
 87%|████████▋ | 1326/1530 [3:52:05<33:39,  9.90s/it]
 87%|████████▋ | 1327/1530 [3:52:15<33:29,  9.90s/it]
 87%|████████▋ | 1328/1530 [3:52:25<33:19,  9.90s/it]
 87%|████████▋ | 1329/1530 [3:52:35<33:09,  9.90s/it]
 87%|████████▋ | 1330/1530 [3:52:45<32:59,  9.90s/it]
 87%|████████▋ | 1331/1530 [3:52:55<32:50,  9.90s/it]
 87%|████████▋ | 1332/1530 [3:53:05<32:40,  9.90s/it]
 87%|████████▋ | 1333/1530 [3:53:14<32:30,  9.90s/it]
 87%|████████▋ | 1334/1530 [3:53:24<32:20,  9.90s/it]
 87%|████████▋ | 1335/1530 [3:53:34<32:10,  9.90s/it]
 87%|████████▋ | 1336/1530 [3:53:44<32:00,  9.90s/it]
 87%|████████▋ | 1337/1530 [3:53:54<31:50,  9.90s/it]
 87%|████████▋ | 1338/1530 [3:54:04<31:40,  9.90s/it]
 88%|████████▊ | 1339/1530 [3:54:14<31:30,  9.90s/it]
 88%|████████▊ | 1340/1530 [3:54:24<31:21,  9.90s/it]
 88%|████████▊ | 1341/1530 [3:54:34<31:11,  9.90s/it]
 88%|████████▊ | 1342/1530 [3:54:44<31:01,  9.90s/it]
 88%|████████▊ | 1343/1530 [3:54:53<30:51,  9.90s/it]
 88%|████████▊ | 1344/1530 [3:55:03<30:41,  9.90s/it]
 88%|████████▊ | 1345/1530 [3:55:13<30:30,  9.90s/it]
 88%|████████▊ | 1346/1530 [3:55:23<30:20,  9.90s/it]
 88%|████████▊ | 1347/1530 [3:55:33<30:11,  9.90s/it]
 88%|████████▊ | 1348/1530 [3:55:43<30:01,  9.90s/it]
 88%|████████▊ | 1349/1530 [3:55:53<29:51,  9.90s/it]
 88%|████████▊ | 1350/1530 [3:56:03<29:40,  9.89s/it]
 88%|████████▊ | 1351/1530 [3:56:13<29:31,  9.89s/it]
 88%|████████▊ | 1352/1530 [3:56:17<24:54,  8.40s/it]
                                                     

 88%|████████▊ | 1352/1530 [3:56:18<24:54,  8.40s/it]{'loss': 0.5887, 'grad_norm': 1.5212093591690063, 'learning_rate': 5.816993464052288e-06, 'epoch': 26.0}


  0%|          | 0/26 [00:00<?, ?it/s][A

  8%|▊         | 2/26 [00:01<00:14,  1.67it/s][A

 12%|█▏        | 3/26 [00:02<00:19,  1.18it/s][A

 15%|█▌        | 4/26 [00:03<00:21,  1.02it/s][A

 19%|█▉        | 5/26 [00:04<00:22,  1.05s/it][A

 23%|██▎       | 6/26 [00:05<00:22,  1.10s/it][A

 27%|██▋       | 7/26 [00:07<00:21,  1.13s/it][A

 31%|███       | 8/26 [00:08<00:20,  1.15s/it][A

 35%|███▍      | 9/26 [00:09<00:19,  1.17s/it][A

 38%|███▊      | 10/26 [00:10<00:18,  1.18s/it][A

 42%|████▏     | 11/26 [00:11<00:17,  1.18s/it][A

 46%|████▌     | 12/26 [00:13<00:16,  1.19s/it][A

 50%|█████     | 13/26 [00:14<00:15,  1.19s/it][A

 54%|█████▍    | 14/26 [00:15<00:14,  1.19s/it][A

 58%|█████▊    | 15/26 [00:16<00:13,  1.20s/it][A

 62%|██████▏   | 16/26 [00:17<00:11,  1.20s/it][A

 65%|██████▌   | 17/26 [00:19<00:10,  1.20s/it][A

 69%|██████▉   | 18/26 [00:20<00:09,  1.20s/it][A

 73%|███████▎  | 19/26 [00:21<00:08,  1.20s/it][A

 77%|███████▋  | 20/26 [00:22<00:07,  1.20s/it][A

 81%|████████  | 21/26 [00:23<00:06,  1.20s/it][A

 85%|████████▍ | 22/26 [00:25<00:04,  1.20s/it][A

 88%|████████▊ | 23/26 [00:26<00:03,  1.20s/it][A

 92%|█████████▏| 24/26 [00:27<00:02,  1.20s/it][A

 96%|█████████▌| 25/26 [00:28<00:01,  1.20s/it][A

100%|██████████| 26/26 [00:29<00:00,  1.14s/it][A

                                               
[A
                                                     

100%|██████████| 26/26 [00:29<00:00,  1.14s/it][A
 88%|████████▊ | 1352/1530 [3:56:49<24:54,  8.40s/it]

                                               [A{'eval_loss': 0.8175793886184692, 'eval_macro_recall': 0.7267933254927476, 'eval_macro_precision': 0.7354710660315084, 'eval_macro_f1': 0.7079803919844995, 'eval_accuracy': 0.7351154313487241, 'eval_micro_recall': 0.7351154313487241, 'eval_micro_precision': 0.7351154313487241, 'eval_micro_f1': 0.7351154313487241, 'eval_runtime': 31.324, 'eval_samples_per_second': 26.274, 'eval_steps_per_second': 0.83, 'epoch': 26.0}

 88%|████████▊ | 1353/1530 [3:57:03<57:12, 19.39s/it]
 88%|████████▊ | 1354/1530 [3:57:12<48:32, 16.55s/it]
 89%|████████▊ | 1355/1530 [3:57:22<42:27, 14.56s/it]
 89%|████████▊ | 1356/1530 [3:57:32<38:09, 13.16s/it]
 89%|████████▊ | 1357/1530 [3:57:42<35:06, 12.18s/it]
 89%|████████▉ | 1358/1530 [3:57:52<32:56, 11.49s/it]
 89%|████████▉ | 1359/1530 [3:58:02<31:23, 11.01s/it]
 89%|████████▉ | 1360/1530 [3:58:12<30:15, 10.68s/it]
 89%|████████▉ | 1361/1530 [3:58:22<29:25, 10.44s/it]
 89%|████████▉ | 1362/1530 [3:58:32<28:46, 10.28s/it]
 89%|████████▉ | 1363/1530 [3:58:42<28:17, 10.16s/it]
 89%|████████▉ | 1364/1530 [3:58:51<27:53, 10.08s/it]
 89%|████████▉ | 1365/1530 [3:59:01<27:33, 10.02s/it]
 89%|████████▉ | 1366/1530 [3:59:11<27:17,  9.98s/it]
 89%|████████▉ | 1367/1530 [3:59:21<27:02,  9.96s/it]
 89%|████████▉ | 1368/1530 [3:59:31<26:49,  9.94s/it]
 89%|████████▉ | 1369/1530 [3:59:41<26:37,  9.92s/it]
 90%|████████▉ | 1370/1530 [3:59:51<26:26,  9.91s/it]
 90%|████████▉ | 1371/1530 [4:00:01<26:15,  9.91s/it]
 90%|████████▉ | 1372/1530 [4:00:11<26:04,  9.90s/it]
 90%|████████▉ | 1373/1530 [4:00:20<25:54,  9.90s/it]
 90%|████████▉ | 1374/1530 [4:00:30<25:44,  9.90s/it]
 90%|████████▉ | 1375/1530 [4:00:40<25:33,  9.90s/it]
 90%|████████▉ | 1376/1530 [4:00:50<25:23,  9.89s/it]
 90%|█████████ | 1377/1530 [4:01:00<25:13,  9.89s/it]
 90%|█████████ | 1378/1530 [4:01:10<25:03,  9.89s/it]
 90%|█████████ | 1379/1530 [4:01:20<24:54,  9.89s/it]
 90%|█████████ | 1380/1530 [4:01:30<24:44,  9.89s/it]
 90%|█████████ | 1381/1530 [4:01:40<24:34,  9.89s/it]
 90%|█████████ | 1382/1530 [4:01:49<24:24,  9.89s/it]
 90%|█████████ | 1383/1530 [4:01:59<24:14,  9.89s/it]
 90%|█████████ | 1384/1530 [4:02:09<24:04,  9.89s/it]
 91%|█████████ | 1385/1530 [4:02:19<23:54,  9.89s/it]
 91%|█████████ | 1386/1530 [4:02:29<23:45,  9.90s/it]
 91%|█████████ | 1387/1530 [4:02:39<23:35,  9.90s/it]
 91%|█████████ | 1388/1530 [4:02:49<23:25,  9.90s/it]
 91%|█████████ | 1389/1530 [4:02:59<23:15,  9.90s/it]
 91%|█████████ | 1390/1530 [4:03:09<23:05,  9.90s/it]
 91%|█████████ | 1391/1530 [4:03:19<22:55,  9.89s/it]
 91%|█████████ | 1392/1530 [4:03:28<22:45,  9.89s/it]
 91%|█████████ | 1393/1530 [4:03:38<22:35,  9.89s/it]
 91%|█████████ | 1394/1530 [4:03:48<22:25,  9.89s/it]
 91%|█████████ | 1395/1530 [4:03:58<22:15,  9.89s/it]
 91%|█████████ | 1396/1530 [4:04:08<22:05,  9.89s/it]
 91%|█████████▏| 1397/1530 [4:04:18<21:55,  9.89s/it]
 91%|█████████▏| 1398/1530 [4:04:28<21:45,  9.89s/it]
 91%|█████████▏| 1399/1530 [4:04:38<21:36,  9.90s/it]
 92%|█████████▏| 1400/1530 [4:04:48<21:26,  9.90s/it]
 92%|█████████▏| 1401/1530 [4:04:57<21:16,  9.90s/it]
 92%|█████████▏| 1402/1530 [4:05:07<21:06,  9.89s/it]
 92%|█████████▏| 1403/1530 [4:05:17<20:56,  9.89s/it]
 92%|█████████▏| 1404/1530 [4:05:22<17:37,  8.39s/it]
                                                     

 92%|█████████▏| 1404/1530 [4:05:22<17:37,  8.39s/it]{'loss': 0.5792, 'grad_norm': 1.3780666589736938, 'learning_rate': 4.11764705882353e-06, 'epoch': 27.0}


  0%|          | 0/26 [00:00<?, ?it/s][A

  8%|▊         | 2/26 [00:01<00:14,  1.67it/s][A

 12%|█▏        | 3/26 [00:02<00:19,  1.18it/s][A

 15%|█▌        | 4/26 [00:03<00:21,  1.02it/s][A

 19%|█▉        | 5/26 [00:04<00:22,  1.06s/it][A

 23%|██▎       | 6/26 [00:05<00:22,  1.10s/it][A

 27%|██▋       | 7/26 [00:07<00:21,  1.14s/it][A

 31%|███       | 8/26 [00:08<00:20,  1.16s/it][A

 35%|███▍      | 9/26 [00:09<00:19,  1.17s/it][A

 38%|███▊      | 10/26 [00:10<00:18,  1.18s/it][A

 42%|████▏     | 11/26 [00:11<00:17,  1.19s/it][A

 46%|████▌     | 12/26 [00:13<00:16,  1.19s/it][A

 50%|█████     | 13/26 [00:14<00:15,  1.19s/it][A

 54%|█████▍    | 14/26 [00:15<00:14,  1.20s/it][A

 58%|█████▊    | 15/26 [00:16<00:13,  1.20s/it][A

 62%|██████▏   | 16/26 [00:17<00:11,  1.20s/it][A

 65%|██████▌   | 17/26 [00:19<00:10,  1.20s/it][A

 69%|██████▉   | 18/26 [00:20<00:09,  1.20s/it][A

 73%|███████▎  | 19/26 [00:21<00:08,  1.20s/it][A

 77%|███████▋  | 20/26 [00:22<00:07,  1.20s/it][A

 81%|████████  | 21/26 [00:24<00:06,  1.20s/it][A

 85%|████████▍ | 22/26 [00:25<00:04,  1.20s/it][A

 88%|████████▊ | 23/26 [00:26<00:03,  1.20s/it][A

 92%|█████████▏| 24/26 [00:27<00:02,  1.20s/it][A

 96%|█████████▌| 25/26 [00:28<00:01,  1.20s/it][A

100%|██████████| 26/26 [00:29<00:00,  1.13s/it][A

                                               
[A
                                                     

100%|██████████| 26/26 [00:29<00:00,  1.13s/it][A
 92%|█████████▏| 1404/1530 [4:05:54<17:37,  8.39s/it]

                                               [A{'eval_loss': 0.8133934140205383, 'eval_macro_recall': 0.7169392104363203, 'eval_macro_precision': 0.7330996877239653, 'eval_macro_f1': 0.7031227244598993, 'eval_accuracy': 0.7302551640340219, 'eval_micro_recall': 0.7302551640340219, 'eval_micro_precision': 0.7302551640340219, 'eval_micro_f1': 0.7302551640340219, 'eval_runtime': 31.3244, 'eval_samples_per_second': 26.273, 'eval_steps_per_second': 0.83, 'epoch': 27.0}

 92%|█████████▏| 1405/1530 [4:06:07<40:18, 19.35s/it]
 92%|█████████▏| 1406/1530 [4:06:17<34:07, 16.51s/it]
 92%|█████████▏| 1407/1530 [4:06:27<29:46, 14.53s/it]
 92%|█████████▏| 1408/1530 [4:06:37<26:42, 13.14s/it]
 92%|█████████▏| 1409/1530 [4:06:47<24:31, 12.17s/it]
 92%|█████████▏| 1410/1530 [4:06:57<22:58, 11.49s/it]
 92%|█████████▏| 1411/1530 [4:07:06<21:49, 11.01s/it]
 92%|█████████▏| 1412/1530 [4:07:16<20:59, 10.68s/it]
 92%|█████████▏| 1413/1530 [4:07:26<20:21, 10.44s/it]
 92%|█████████▏| 1414/1530 [4:07:36<19:52, 10.28s/it]
 92%|█████████▏| 1415/1530 [4:07:46<19:29, 10.17s/it]
 93%|█████████▎| 1416/1530 [4:07:56<19:09, 10.09s/it]
 93%|█████████▎| 1417/1530 [4:08:06<18:53, 10.03s/it]
 93%|█████████▎| 1418/1530 [4:08:16<18:38,  9.99s/it]
 93%|█████████▎| 1419/1530 [4:08:26<18:26,  9.96s/it]
 93%|█████████▎| 1420/1530 [4:08:36<18:13,  9.94s/it]
 93%|█████████▎| 1421/1530 [4:08:45<18:02,  9.93s/it]
 93%|█████████▎| 1422/1530 [4:08:55<17:51,  9.92s/it]
 93%|█████████▎| 1423/1530 [4:09:05<17:40,  9.91s/it]
 93%|█████████▎| 1424/1530 [4:09:15<17:30,  9.91s/it]
 93%|█████████▎| 1425/1530 [4:09:25<17:19,  9.90s/it]
 93%|█████████▎| 1426/1530 [4:09:35<17:09,  9.90s/it]
 93%|█████████▎| 1427/1530 [4:09:45<16:59,  9.90s/it]
 93%|█████████▎| 1428/1530 [4:09:55<16:49,  9.90s/it]
 93%|█████████▎| 1429/1530 [4:10:05<16:39,  9.90s/it]
 93%|█████████▎| 1430/1530 [4:10:14<16:29,  9.90s/it]
 94%|█████████▎| 1431/1530 [4:10:24<16:19,  9.90s/it]
 94%|█████████▎| 1432/1530 [4:10:34<16:09,  9.90s/it]
 94%|█████████▎| 1433/1530 [4:10:44<15:59,  9.90s/it]
 94%|█████████▎| 1434/1530 [4:10:54<15:49,  9.89s/it]
 94%|█████████▍| 1435/1530 [4:11:04<15:39,  9.89s/it]
 94%|█████████▍| 1436/1530 [4:11:14<15:30,  9.90s/it]
 94%|█████████▍| 1437/1530 [4:11:24<15:20,  9.90s/it]
 94%|█████████▍| 1438/1530 [4:11:34<15:10,  9.90s/it]
 94%|█████████▍| 1439/1530 [4:11:44<15:00,  9.90s/it]
 94%|█████████▍| 1440/1530 [4:11:53<14:50,  9.90s/it]
 94%|█████████▍| 1441/1530 [4:12:03<14:40,  9.90s/it]
 94%|█████████▍| 1442/1530 [4:12:13<14:30,  9.90s/it]
 94%|█████████▍| 1443/1530 [4:12:23<14:20,  9.90s/it]
 94%|█████████▍| 1444/1530 [4:12:33<14:10,  9.90s/it]
 94%|█████████▍| 1445/1530 [4:12:43<14:01,  9.90s/it]
 95%|█████████▍| 1446/1530 [4:12:53<13:51,  9.90s/it]
 95%|█████████▍| 1447/1530 [4:13:03<13:42,  9.91s/it]
 95%|█████████▍| 1448/1530 [4:13:13<13:32,  9.91s/it]
 95%|█████████▍| 1449/1530 [4:13:23<13:22,  9.91s/it]
 95%|█████████▍| 1450/1530 [4:13:33<13:13,  9.91s/it]
 95%|█████████▍| 1451/1530 [4:13:42<13:03,  9.91s/it]
 95%|█████████▍| 1452/1530 [4:13:52<12:52,  9.91s/it]
 95%|█████████▍| 1453/1530 [4:14:02<12:42,  9.91s/it]
 95%|█████████▌| 1454/1530 [4:14:12<12:32,  9.90s/it]
 95%|█████████▌| 1455/1530 [4:14:22<12:22,  9.90s/it]
 95%|█████████▌| 1456/1530 [4:14:27<10:31,  8.53s/it]
                                                     

 95%|█████████▌| 1456/1530 [4:14:27<10:31,  8.53s/it]{'loss': 0.5736, 'grad_norm': 1.2783437967300415, 'learning_rate': 2.4183006535947716e-06, 'epoch': 28.0}


  0%|          | 0/26 [00:00<?, ?it/s][A

  8%|▊         | 2/26 [00:01<00:14,  1.67it/s][A

 12%|█▏        | 3/26 [00:02<00:19,  1.18it/s][A

 15%|█▌        | 4/26 [00:03<00:21,  1.02it/s][A

 19%|█▉        | 5/26 [00:04<00:22,  1.06s/it][A

 23%|██▎       | 6/26 [00:05<00:22,  1.10s/it][A

 27%|██▋       | 7/26 [00:07<00:21,  1.13s/it][A

 31%|███       | 8/26 [00:08<00:20,  1.16s/it][A

 35%|███▍      | 9/26 [00:09<00:19,  1.17s/it][A

 38%|███▊      | 10/26 [00:10<00:18,  1.18s/it][A

 42%|████▏     | 11/26 [00:11<00:17,  1.19s/it][A

 46%|████▌     | 12/26 [00:13<00:16,  1.19s/it][A

 50%|█████     | 13/26 [00:14<00:15,  1.19s/it][A

 54%|█████▍    | 14/26 [00:15<00:14,  1.19s/it][A

 58%|█████▊    | 15/26 [00:16<00:13,  1.20s/it][A

 62%|██████▏   | 16/26 [00:17<00:11,  1.20s/it][A

 65%|██████▌   | 17/26 [00:19<00:10,  1.20s/it][A

 69%|██████▉   | 18/26 [00:20<00:09,  1.20s/it][A

 73%|███████▎  | 19/26 [00:21<00:08,  1.20s/it][A

 77%|███████▋  | 20/26 [00:22<00:07,  1.20s/it][A

 81%|████████  | 21/26 [00:23<00:05,  1.20s/it][A

 85%|████████▍ | 22/26 [00:25<00:04,  1.20s/it][A

 88%|████████▊ | 23/26 [00:26<00:03,  1.20s/it][A

 92%|█████████▏| 24/26 [00:27<00:02,  1.20s/it][A

 96%|█████████▌| 25/26 [00:28<00:01,  1.20s/it][A

100%|██████████| 26/26 [00:29<00:00,  1.15s/it][A

                                               
[A
                                                     

100%|██████████| 26/26 [00:29<00:00,  1.15s/it][A
 95%|█████████▌| 1456/1530 [4:14:59<10:31,  8.53s/it]

                                               [A{'eval_loss': 0.8134264349937439, 'eval_macro_recall': 0.7236278974718282, 'eval_macro_precision': 0.7359344112925414, 'eval_macro_f1': 0.7086314429245677, 'eval_accuracy': 0.7363304981773997, 'eval_micro_recall': 0.7363304981773997, 'eval_micro_precision': 0.7363304981773997, 'eval_micro_f1': 0.7363304981773997, 'eval_runtime': 31.3543, 'eval_samples_per_second': 26.248, 'eval_steps_per_second': 0.829, 'epoch': 28.0}

 95%|█████████▌| 1457/1530 [4:15:13<23:55, 19.66s/it]
 95%|█████████▌| 1458/1530 [4:15:23<20:04, 16.73s/it]
 95%|█████████▌| 1459/1530 [4:15:33<17:22, 14.68s/it]
 95%|█████████▌| 1460/1530 [4:15:43<15:27, 13.24s/it]
 95%|█████████▌| 1461/1530 [4:15:53<14:04, 12.24s/it]
 96%|█████████▌| 1462/1530 [4:16:02<13:04, 11.54s/it]
 96%|█████████▌| 1463/1530 [4:16:12<12:19, 11.04s/it]
 96%|█████████▌| 1464/1530 [4:16:22<11:46, 10.70s/it]
 96%|█████████▌| 1465/1530 [4:16:32<11:19, 10.46s/it]
 96%|█████████▌| 1466/1530 [4:16:42<10:58, 10.29s/it]
 96%|█████████▌| 1467/1530 [4:16:52<10:40, 10.17s/it]
 96%|█████████▌| 1468/1530 [4:17:02<10:25, 10.09s/it]
 96%|█████████▌| 1469/1530 [4:17:12<10:11, 10.03s/it]
 96%|█████████▌| 1470/1530 [4:17:22<09:59,  9.99s/it]
 96%|█████████▌| 1471/1530 [4:17:31<09:47,  9.96s/it]
 96%|█████████▌| 1472/1530 [4:17:41<09:36,  9.94s/it]
 96%|█████████▋| 1473/1530 [4:17:51<09:25,  9.93s/it]
 96%|█████████▋| 1474/1530 [4:18:01<09:15,  9.92s/it]
 96%|█████████▋| 1475/1530 [4:18:11<09:05,  9.91s/it]
 96%|█████████▋| 1476/1530 [4:18:21<08:55,  9.91s/it]
 97%|█████████▋| 1477/1530 [4:18:31<08:44,  9.90s/it]
 97%|█████████▋| 1478/1530 [4:18:41<08:34,  9.90s/it]
 97%|█████████▋| 1479/1530 [4:18:51<08:24,  9.90s/it]
 97%|█████████▋| 1480/1530 [4:19:01<08:14,  9.90s/it]
 97%|█████████▋| 1481/1530 [4:19:10<08:05,  9.90s/it]
 97%|█████████▋| 1482/1530 [4:19:20<07:55,  9.90s/it]
 97%|█████████▋| 1483/1530 [4:19:30<07:45,  9.90s/it]
 97%|█████████▋| 1484/1530 [4:19:40<07:35,  9.90s/it]
 97%|█████████▋| 1485/1530 [4:19:50<07:25,  9.90s/it]
 97%|█████████▋| 1486/1530 [4:20:00<07:15,  9.90s/it]
 97%|█████████▋| 1487/1530 [4:20:10<07:05,  9.90s/it]
 97%|█████████▋| 1488/1530 [4:20:20<06:56,  9.92s/it]
 97%|█████████▋| 1489/1530 [4:20:40<08:47, 12.87s/it]
 97%|█████████▋| 1490/1530 [4:20:50<08:01, 12.03s/it]
 97%|█████████▋| 1491/1530 [4:21:00<07:24, 11.39s/it]
 98%|█████████▊| 1492/1530 [4:21:09<06:55, 10.94s/it]
 98%|█████████▊| 1493/1530 [4:21:19<06:33, 10.63s/it]
 98%|█████████▊| 1494/1530 [4:21:29<06:14, 10.41s/it]
 98%|█████████▊| 1495/1530 [4:21:39<05:59, 10.26s/it]
 98%|█████████▊| 1496/1530 [4:21:49<05:45, 10.15s/it]
 98%|█████████▊| 1497/1530 [4:21:59<05:32, 10.08s/it]
 98%|█████████▊| 1498/1530 [4:22:09<05:20, 10.03s/it]
 98%|█████████▊| 1499/1530 [4:22:19<05:09,  9.99s/it]
 98%|█████████▊| 1500/1530 [4:22:29<04:58,  9.97s/it]
 98%|█████████▊| 1501/1530 [4:22:39<04:48,  9.95s/it]
 98%|█████████▊| 1502/1530 [4:22:48<04:38,  9.94s/it]
 98%|█████████▊| 1503/1530 [4:22:58<04:28,  9.93s/it]
 98%|█████████▊| 1504/1530 [4:23:08<04:17,  9.92s/it]
 98%|█████████▊| 1505/1530 [4:23:18<04:07,  9.92s/it]
 98%|█████████▊| 1506/1530 [4:23:28<03:58,  9.96s/it]
 98%|█████████▊| 1507/1530 [4:23:38<03:48,  9.94s/it]
 99%|█████████▊| 1508/1530 [4:23:43<03:05,  8.43s/it]
                                                     

 99%|█████████▊| 1508/1530 [4:23:44<03:05,  8.43s/it]{'loss': 0.5651, 'grad_norm': 1.4482176303863525, 'learning_rate': 7.189542483660131e-07, 'epoch': 29.0}


  0%|          | 0/26 [00:00<?, ?it/s][A

  8%|▊         | 2/26 [00:01<00:14,  1.65it/s][A

 12%|█▏        | 3/26 [00:02<00:19,  1.17it/s][A

 15%|█▌        | 4/26 [00:03<00:21,  1.02it/s][A

 19%|█▉        | 5/26 [00:04<00:22,  1.06s/it][A

 23%|██▎       | 6/26 [00:06<00:22,  1.11s/it][A

 27%|██▋       | 7/26 [00:07<00:21,  1.14s/it][A

 31%|███       | 8/26 [00:08<00:20,  1.16s/it][A

 35%|███▍      | 9/26 [00:09<00:19,  1.17s/it][A

 38%|███▊      | 10/26 [00:10<00:18,  1.18s/it][A

 42%|████▏     | 11/26 [00:12<00:17,  1.19s/it][A

 46%|████▌     | 12/26 [00:13<00:16,  1.19s/it][A

 50%|█████     | 13/26 [00:14<00:15,  1.19s/it][A

 54%|█████▍    | 14/26 [00:15<00:14,  1.20s/it][A

 58%|█████▊    | 15/26 [00:16<00:13,  1.20s/it][A

 62%|██████▏   | 16/26 [00:18<00:11,  1.20s/it][A

 65%|██████▌   | 17/26 [00:19<00:10,  1.20s/it][A

 69%|██████▉   | 18/26 [00:20<00:09,  1.20s/it][A

 73%|███████▎  | 19/26 [00:21<00:08,  1.20s/it][A

 77%|███████▋  | 20/26 [00:22<00:07,  1.20s/it][A

 81%|████████  | 21/26 [00:24<00:06,  1.20s/it][A

 85%|████████▍ | 22/26 [00:25<00:04,  1.20s/it][A

 88%|████████▊ | 23/26 [00:26<00:03,  1.20s/it][A

 92%|█████████▏| 24/26 [00:27<00:02,  1.20s/it][A

 96%|█████████▌| 25/26 [00:28<00:01,  1.20s/it][A

100%|██████████| 26/26 [00:29<00:00,  1.13s/it][A

                                               
[A
                                                     

100%|██████████| 26/26 [00:29<00:00,  1.13s/it][A
 99%|█████████▊| 1508/1530 [4:24:16<03:05,  8.43s/it]

                                               [A{'eval_loss': 0.814479649066925, 'eval_macro_recall': 0.7226645063350265, 'eval_macro_precision': 0.7378887190271961, 'eval_macro_f1': 0.7083388645973072, 'eval_accuracy': 0.7351154313487241, 'eval_micro_recall': 0.7351154313487241, 'eval_micro_precision': 0.7351154313487241, 'eval_micro_f1': 0.7351154313487241, 'eval_runtime': 31.693, 'eval_samples_per_second': 25.968, 'eval_steps_per_second': 0.82, 'epoch': 29.0}

 99%|█████████▊| 1509/1530 [4:24:30<06:58, 19.93s/it]
 99%|█████████▊| 1510/1530 [4:24:40<05:38, 16.92s/it]
 99%|█████████▉| 1511/1530 [4:24:50<04:41, 14.82s/it]
 99%|█████████▉| 1512/1530 [4:25:00<04:00, 13.35s/it]
 99%|█████████▉| 1513/1530 [4:25:09<03:29, 12.31s/it]
 99%|█████████▉| 1514/1530 [4:25:19<03:05, 11.59s/it]
 99%|█████████▉| 1515/1530 [4:25:29<02:46, 11.09s/it]
 99%|█████████▉| 1516/1530 [4:25:39<02:30, 10.73s/it]
 99%|█████████▉| 1517/1530 [4:25:49<02:16, 10.49s/it]
 99%|█████████▉| 1518/1530 [4:25:59<02:03, 10.31s/it]
 99%|█████████▉| 1519/1530 [4:26:09<01:52, 10.19s/it]
 99%|█████████▉| 1520/1530 [4:26:19<01:41, 10.10s/it]
 99%|█████████▉| 1521/1530 [4:26:29<01:30, 10.04s/it]
 99%|█████████▉| 1522/1530 [4:26:39<01:20, 10.00s/it]
100%|█████████▉| 1523/1530 [4:26:49<01:09,  9.98s/it]
100%|█████████▉| 1524/1530 [4:26:58<00:59,  9.96s/it]
100%|█████████▉| 1525/1530 [4:27:08<00:49,  9.94s/it]
100%|█████████▉| 1526/1530 [4:27:18<00:39,  9.93s/it]
100%|█████████▉| 1527/1530 [4:27:28<00:29,  9.92s/it]
100%|█████████▉| 1528/1530 [4:27:38<00:19,  9.92s/it]
100%|█████████▉| 1529/1530 [4:27:48<00:09,  9.91s/it]
100%|██████████| 1530/1530 [4:27:58<00:00,  9.91s/it]
                                                     

100%|██████████| 1530/1530 [4:27:58<00:00,  9.91s/it]{'loss': 0.5346, 'grad_norm': 1.8521254062652588, 'learning_rate': 0.0, 'epoch': 29.43}


  0%|          | 0/26 [00:00<?, ?it/s][A

  8%|▊         | 2/26 [00:01<00:14,  1.67it/s][A

 12%|█▏        | 3/26 [00:02<00:19,  1.18it/s][A

 15%|█▌        | 4/26 [00:03<00:21,  1.02it/s][A

 19%|█▉        | 5/26 [00:04<00:22,  1.05s/it][A

 23%|██▎       | 6/26 [00:05<00:22,  1.10s/it][A

 27%|██▋       | 7/26 [00:07<00:21,  1.13s/it][A

 31%|███       | 8/26 [00:08<00:20,  1.15s/it][A

 35%|███▍      | 9/26 [00:09<00:19,  1.17s/it][A

 38%|███▊      | 10/26 [00:10<00:18,  1.18s/it][A

 42%|████▏     | 11/26 [00:11<00:17,  1.18s/it][A

 46%|████▌     | 12/26 [00:13<00:16,  1.19s/it][A

 50%|█████     | 13/26 [00:14<00:15,  1.19s/it][A

 54%|█████▍    | 14/26 [00:15<00:14,  1.19s/it][A

 58%|█████▊    | 15/26 [00:16<00:13,  1.19s/it][A

 62%|██████▏   | 16/26 [00:17<00:11,  1.20s/it][A

 65%|██████▌   | 17/26 [00:19<00:10,  1.20s/it][A

 69%|██████▉   | 18/26 [00:20<00:09,  1.20s/it][A

 73%|███████▎  | 19/26 [00:21<00:08,  1.20s/it][A

 77%|███████▋  | 20/26 [00:22<00:07,  1.20s/it][A

 81%|████████  | 21/26 [00:23<00:05,  1.20s/it][A

 85%|████████▍ | 22/26 [00:25<00:04,  1.20s/it][A

 88%|████████▊ | 23/26 [00:26<00:03,  1.20s/it][A

 92%|█████████▏| 24/26 [00:27<00:02,  1.20s/it][A

 96%|█████████▌| 25/26 [00:28<00:01,  1.20s/it][A

100%|██████████| 26/26 [00:29<00:00,  1.13s/it][A

                                               
[A
                                                     

100%|██████████| 26/26 [00:30<00:00,  1.13s/it][A
100%|██████████| 1530/1530 [4:28:30<00:00,  9.91s/it]

                                               [A
                                                     

100%|██████████| 1530/1530 [4:28:36<00:00,  9.91s/it]
100%|██████████| 1530/1530 [4:28:36<00:00, 10.53s/it]
2025-04-12 07:53:09.367 | INFO     | __main__:fine_tune:230 - Training time: 16119.08 seconds
{'eval_loss': 0.8144277334213257, 'eval_macro_recall': 0.72478396683599, 'eval_macro_precision': 0.7414326221375731, 'eval_macro_f1': 0.7115756085854963, 'eval_accuracy': 0.7375455650060754, 'eval_micro_recall': 0.7375455650060754, 'eval_micro_precision': 0.7375455650060754, 'eval_micro_f1': 0.7375455650060754, 'eval_runtime': 31.6139, 'eval_samples_per_second': 26.033, 'eval_steps_per_second': 0.822, 'epoch': 29.43}
{'train_runtime': 16115.8499, 'train_samples_per_second': 6.134, 'train_steps_per_second': 0.095, 'train_loss': 1.2279038535224067, 'epoch': 29.43}

  0%|          | 0/26 [00:00<?, ?it/s]
  8%|▊         | 2/26 [00:01<00:14,  1.67it/s]
 12%|█▏        | 3/26 [00:02<00:19,  1.18it/s]
 15%|█▌        | 4/26 [00:03<00:21,  1.02it/s]
 19%|█▉        | 5/26 [00:04<00:22,  1.06s/it]
 23%|██▎       | 6/26 [00:05<00:22,  1.10s/it]
 27%|██▋       | 7/26 [00:07<00:21,  1.13s/it]
 31%|███       | 8/26 [00:08<00:20,  1.15s/it]
 35%|███▍      | 9/26 [00:09<00:19,  1.17s/it]
 38%|███▊      | 10/26 [00:10<00:18,  1.18s/it]
 42%|████▏     | 11/26 [00:11<00:17,  1.18s/it]
 46%|████▌     | 12/26 [00:13<00:16,  1.19s/it]
 50%|█████     | 13/26 [00:14<00:15,  1.19s/it]
 54%|█████▍    | 14/26 [00:15<00:14,  1.19s/it]
 58%|█████▊    | 15/26 [00:16<00:13,  1.20s/it]
 62%|██████▏   | 16/26 [00:17<00:11,  1.20s/it]
 65%|██████▌   | 17/26 [00:19<00:10,  1.20s/it]
 69%|██████▉   | 18/26 [00:20<00:09,  1.20s/it]
 73%|███████▎  | 19/26 [00:21<00:08,  1.21s/it]
 77%|███████▋  | 20/26 [00:22<00:07,  1.21s/it]
 81%|████████  | 21/26 [00:24<00:06,  1.21s/it]
 85%|████████▍ | 22/26 [00:25<00:04,  1.21s/it]
 88%|████████▊ | 23/26 [00:26<00:03,  1.20s/it]
 92%|█████████▏| 24/26 [00:27<00:02,  1.20s/it]
 96%|█████████▌| 25/26 [00:28<00:01,  1.20s/it]
100%|██████████| 26/26 [00:29<00:00,  1.14s/it]
100%|██████████| 26/26 [00:29<00:00,  1.15s/it]
2025-04-12 07:53:40.821 | INFO     | __main__:fine_tune:236 - Prediction time: 31.45 seconds
2025-04-12 07:53:40.827 | INFO     | __main__:CV_run:413 - Fold 4, Final Eval Metrics: loss: 0.81, macro_recall: 0.72, macro_precision: 0.74, macro_f1: 0.71, accuracy: 0.74, micro_recall: 0.74, micro_precision: 0.74, micro_f1: 0.74, runtime: 31.61, samples_per_second: 26.03, steps_per_second: 0.82
2025-04-12 07:53:40.840 | INFO     | __main__:CV_run:351 - Starting fold 5
Some weights of LongformerForSequenceClassification were not initialized from the model checkpoint at allenai/longformer-base-4096 and are newly initialized: ['classifier.dense.bias', 'classifier.dense.weight', 'classifier.out_proj.bias', 'classifier.out_proj.weight']
You should probably TRAIN this model on a down-stream task to be able to use it for predictions and inference.
2025-04-12 07:53:43.150 | INFO     | __main__:CV_run:403 - Starting fine-tuning with cross-entropy loss
2025-04-12 07:53:43.151 | INFO     | __main__:fine_tune:150 - Gradient accumulation steps: 8
Eval results: defaultdict(<class 'list'>, {'loss': [4.339231491088867, 3.2321441173553467, 2.566819190979004, 2.110644578933716, 1.798071026802063, 1.5598995685577393, 1.4024089574813843, 1.2700557708740234, 1.1650390625, 1.0650286674499512, 0.9949240684509277, 0.9530852437019348, 0.9264801740646362, 0.9003520607948303, 0.8735406398773193, 0.8569638729095459, 0.8547350168228149, 0.834823727607727, 0.8427515029907227, 0.8269286155700684, 0.818386971950531, 0.8306964635848999, 0.818413496017456, 0.8176561594009399, 0.8158820867538452, 0.8175793886184692, 0.8133934140205383, 0.8134264349937439, 0.814479649066925, 0.8144277334213257], 'macro_recall': [0.20623781676413255, 0.3475076580339738, 0.41609579504316346, 0.46514898357003615, 0.4961988304093567, 0.5491993873572821, 0.5937628161312372, 0.6258113718640034, 0.630337007953287, 0.6464442108950781, 0.6639948068727137, 0.6707431457431458, 0.7006342494714589, 0.6980179704016913, 0.7048355230041277, 0.7040047484814927, 0.7049852763515555, 0.7126403151112454, 0.7131040471156751, 0.7068213097114832, 0.7143793425585333, 0.7145100884985278, 0.7193270441825356, 0.7191068404941238, 0.7205175203730118, 0.7267933254927476, 0.7169392104363203, 0.7236278974718282, 0.7226645063350265, 0.72478396683599], 'macro_precision': [0.10603115209079332, 0.2580303168368476, 0.32975400847862535, 0.4003536673494008, 0.41458804355070294, 0.4916920862059751, 0.542355833510966, 0.5818932128043349, 0.5790166265648935, 0.6106206289923163, 0.6328505457720575, 0.6494355650049904, 0.6808351741927324, 0.6744827786947352, 0.6947901388017668, 0.7100249556644905, 0.7012855684367313, 0.7021810715124669, 0.719157812471766, 0.7022403947335496, 0.7139302893638155, 0.7138418814041491, 0.7309374865055346, 0.7344161137513738, 0.7398090188552616, 0.7354710660315084, 0.7330996877239653, 0.7359344112925414, 0.7378887190271961, 0.7414326221375731], 'macro_f1': [0.1216299329138604, 0.26573627630714824, 0.33436124049492494, 0.3917883950397653, 0.4232978891532616, 0.48860621527464587, 0.5379485506262132, 0.5740335539727708, 0.5786069519490371, 0.6056979718284862, 0.629774867907134, 0.6427782390946508, 0.6706715705712019, 0.6701448299093133, 0.6793019322345587, 0.6873306420308546, 0.6860057736088229, 0.6900140325217724, 0.6958251762923625, 0.6884437778445367, 0.6922772141239723, 0.6936610785577395, 0.7012375843746398, 0.7046011432793587, 0.7082078288224605, 0.7079803919844995, 0.7031227244598993, 0.7086314429245677, 0.7083388645973072, 0.7115756085854963], 'accuracy': [0.20899149453219928, 0.3244228432563791, 0.3997569866342649, 0.4459295261239368, 0.48602673147023084, 0.5358444714459295, 0.5990279465370595, 0.6196840826245443, 0.6257594167679222, 0.6500607533414338, 0.6743620899149453, 0.6877278250303767, 0.6998784933171325, 0.7083839611178615, 0.7132442284325637, 0.7144592952612394, 0.7217496962332929, 0.7217496962332929, 0.7205346294046172, 0.7205346294046172, 0.7217496962332929, 0.7205346294046172, 0.7278250303766707, 0.7302551640340219, 0.7351154313487241, 0.7351154313487241, 0.7302551640340219, 0.7363304981773997, 0.7351154313487241, 0.7375455650060754], 'micro_recall': [0.20899149453219928, 0.3244228432563791, 0.3997569866342649, 0.4459295261239368, 0.48602673147023084, 0.5358444714459295, 0.5990279465370595, 0.6196840826245443, 0.6257594167679222, 0.6500607533414338, 0.6743620899149453, 0.6877278250303767, 0.6998784933171325, 0.7083839611178615, 0.7132442284325637, 0.7144592952612394, 0.7217496962332929, 0.7217496962332929, 0.7205346294046172, 0.7205346294046172, 0.7217496962332929, 0.7205346294046172, 0.7278250303766707, 0.7302551640340219, 0.7351154313487241, 0.7351154313487241, 0.7302551640340219, 0.7363304981773997, 0.7351154313487241, 0.7375455650060754], 'micro_precision': [0.20899149453219928, 0.3244228432563791, 0.3997569866342649, 0.4459295261239368, 0.48602673147023084, 0.5358444714459295, 0.5990279465370595, 0.6196840826245443, 0.6257594167679222, 0.6500607533414338, 0.6743620899149453, 0.6877278250303767, 0.6998784933171325, 0.7083839611178615, 0.7132442284325637, 0.7144592952612394, 0.7217496962332929, 0.7217496962332929, 0.7205346294046172, 0.7205346294046172, 0.7217496962332929, 0.7205346294046172, 0.7278250303766707, 0.7302551640340219, 0.7351154313487241, 0.7351154313487241, 0.7302551640340219, 0.7363304981773997, 0.7351154313487241, 0.7375455650060754], 'micro_f1': [0.20899149453219928, 0.3244228432563791, 0.3997569866342649, 0.4459295261239368, 0.48602673147023084, 0.5358444714459295, 0.5990279465370595, 0.6196840826245443, 0.6257594167679222, 0.6500607533414338, 0.6743620899149453, 0.6877278250303767, 0.6998784933171325, 0.7083839611178615, 0.7132442284325637, 0.7144592952612394, 0.7217496962332928, 0.7217496962332928, 0.7205346294046172, 0.7205346294046172, 0.7217496962332928, 0.7205346294046172, 0.7278250303766707, 0.7302551640340219, 0.7351154313487241, 0.7351154313487241, 0.7302551640340219, 0.7363304981773997, 0.7351154313487241, 0.7375455650060754], 'runtime': [31.3213, 31.3678, 31.3846, 31.3636, 31.4014, 31.4964, 31.3356, 32.8367, 31.3524, 31.4965, 31.3576, 31.3478, 31.2854, 31.31, 31.7395, 31.3606, 31.3776, 31.3432, 31.2757, 31.2776, 31.3654, 32.9988, 31.3751, 31.4356, 31.3688, 31.324, 31.3244, 31.3543, 31.693, 31.6139], 'samples_per_second': [26.276, 26.237, 26.223, 26.241, 26.209, 26.13, 26.264, 25.063, 26.25, 26.13, 26.246, 26.254, 26.306, 26.286, 25.93, 26.243, 26.229, 26.258, 26.314, 26.313, 26.239, 24.94, 26.231, 26.181, 26.236, 26.274, 26.273, 26.248, 25.968, 26.033], 'steps_per_second': [0.83, 0.829, 0.828, 0.829, 0.828, 0.825, 0.83, 0.792, 0.829, 0.825, 0.829, 0.829, 0.831, 0.83, 0.819, 0.829, 0.829, 0.83, 0.831, 0.831, 0.829, 0.788, 0.829, 0.827, 0.829, 0.83, 0.83, 0.829, 0.82, 0.822]})

  0%|          | 0/1530 [00:00<?, ?it/s]
  0%|          | 1/1530 [00:10<4:21:50, 10.28s/it]
  0%|          | 2/1530 [00:20<4:16:03, 10.05s/it]
  0%|          | 3/1530 [00:30<4:14:10,  9.99s/it]
  0%|          | 4/1530 [00:39<4:13:07,  9.95s/it]
  0%|          | 5/1530 [00:49<4:12:31,  9.94s/it]
  0%|          | 6/1530 [00:59<4:12:06,  9.93s/it]
  0%|          | 7/1530 [01:09<4:11:47,  9.92s/it]
  1%|          | 8/1530 [01:19<4:11:29,  9.91s/it]
  1%|          | 9/1530 [01:29<4:11:16,  9.91s/it]
  1%|          | 10/1530 [01:39<4:11:01,  9.91s/it]
  1%|          | 11/1530 [01:49<4:10:48,  9.91s/it]
  1%|          | 12/1530 [01:59<4:10:36,  9.91s/it]
  1%|          | 13/1530 [02:09<4:10:25,  9.90s/it]
  1%|          | 14/1530 [02:19<4:10:13,  9.90s/it]
  1%|          | 15/1530 [02:28<4:10:02,  9.90s/it]
  1%|          | 16/1530 [02:38<4:10:02,  9.91s/it]
  1%|          | 17/1530 [02:48<4:09:47,  9.91s/it]
  1%|          | 18/1530 [02:58<4:09:35,  9.90s/it]
  1%|          | 19/1530 [03:08<4:09:25,  9.90s/it]
  1%|▏         | 20/1530 [03:18<4:09:24,  9.91s/it]
  1%|▏         | 21/1530 [03:28<4:09:20,  9.91s/it]
  1%|▏         | 22/1530 [03:38<4:09:13,  9.92s/it]
  2%|▏         | 23/1530 [03:48<4:08:57,  9.91s/it]
  2%|▏         | 24/1530 [03:58<4:08:44,  9.91s/it]
  2%|▏         | 25/1530 [04:08<4:08:31,  9.91s/it]
  2%|▏         | 26/1530 [04:17<4:08:20,  9.91s/it]
  2%|▏         | 27/1530 [04:27<4:08:15,  9.91s/it]
  2%|▏         | 28/1530 [04:37<4:08:00,  9.91s/it]
  2%|▏         | 29/1530 [04:47<4:07:49,  9.91s/it]
  2%|▏         | 30/1530 [04:57<4:07:44,  9.91s/it]
  2%|▏         | 31/1530 [05:07<4:07:44,  9.92s/it]
  2%|▏         | 32/1530 [05:17<4:07:31,  9.91s/it]
  2%|▏         | 33/1530 [05:27<4:07:17,  9.91s/it]
  2%|▏         | 34/1530 [05:37<4:07:03,  9.91s/it]
  2%|▏         | 35/1530 [05:47<4:06:50,  9.91s/it]
  2%|▏         | 36/1530 [05:57<4:06:38,  9.91s/it]
  2%|▏         | 37/1530 [06:06<4:06:27,  9.90s/it]
  2%|▏         | 38/1530 [06:16<4:06:16,  9.90s/it]
  3%|▎         | 39/1530 [06:26<4:06:07,  9.90s/it]
  3%|▎         | 40/1530 [06:36<4:05:56,  9.90s/it]
  3%|▎         | 41/1530 [06:46<4:05:46,  9.90s/it]
  3%|▎         | 42/1530 [06:56<4:05:38,  9.91s/it]
  3%|▎         | 43/1530 [07:06<4:05:34,  9.91s/it]
  3%|▎         | 44/1530 [07:16<4:05:21,  9.91s/it]
  3%|▎         | 45/1530 [07:26<4:05:11,  9.91s/it]
  3%|▎         | 46/1530 [07:36<4:05:00,  9.91s/it]
  3%|▎         | 47/1530 [07:45<4:04:52,  9.91s/it]
  3%|▎         | 48/1530 [07:55<4:04:40,  9.91s/it]
  3%|▎         | 49/1530 [08:05<4:04:36,  9.91s/it]
  3%|▎         | 50/1530 [08:15<4:04:21,  9.91s/it]
  3%|▎         | 51/1530 [08:25<4:04:09,  9.91s/it]
  3%|▎         | 52/1530 [08:30<3:27:06,  8.41s/it]
                                                   

  3%|▎         | 52/1530 [08:30<3:27:06,  8.41s/it]{'loss': 4.8743, 'grad_norm': 3.064692974090576, 'learning_rate': 4.830065359477124e-05, 'epoch': 1.0}


  0%|          | 0/26 [00:00<?, ?it/s][A

  8%|▊         | 2/26 [00:01<00:14,  1.66it/s][A

 12%|█▏        | 3/26 [00:02<00:19,  1.17it/s][A

 15%|█▌        | 4/26 [00:03<00:21,  1.02it/s][A

 19%|█▉        | 5/26 [00:04<00:22,  1.06s/it][A

 23%|██▎       | 6/26 [00:06<00:22,  1.11s/it][A

 27%|██▋       | 7/26 [00:07<00:21,  1.14s/it][A

 31%|███       | 8/26 [00:08<00:20,  1.16s/it][A

 35%|███▍      | 9/26 [00:09<00:19,  1.17s/it][A

 38%|███▊      | 10/26 [00:10<00:18,  1.18s/it][A

 42%|████▏     | 11/26 [00:12<00:17,  1.19s/it][A

 46%|████▌     | 12/26 [00:13<00:16,  1.19s/it][A

 50%|█████     | 13/26 [00:14<00:15,  1.19s/it][A

 54%|█████▍    | 14/26 [00:15<00:14,  1.20s/it][A

 58%|█████▊    | 15/26 [00:16<00:13,  1.20s/it][A

 62%|██████▏   | 16/26 [00:18<00:11,  1.20s/it][A

 65%|██████▌   | 17/26 [00:19<00:10,  1.20s/it][A

 69%|██████▉   | 18/26 [00:20<00:09,  1.20s/it][A

 73%|███████▎  | 19/26 [00:21<00:08,  1.20s/it][A

 77%|███████▋  | 20/26 [00:22<00:07,  1.20s/it][A

 81%|████████  | 21/26 [00:24<00:06,  1.20s/it][A

 85%|████████▍ | 22/26 [00:25<00:04,  1.20s/it][A

 88%|████████▊ | 23/26 [00:26<00:03,  1.20s/it][A

 92%|█████████▏| 24/26 [00:27<00:02,  1.20s/it][A

 96%|█████████▌| 25/26 [00:28<00:01,  1.20s/it][A

100%|██████████| 26/26 [00:29<00:00,  1.14s/it][A

                                               
[A
                                                   

100%|██████████| 26/26 [00:29<00:00,  1.14s/it][A
  3%|▎         | 52/1530 [09:02<3:27:06,  8.41s/it]

                                               [A{'eval_loss': 4.2431840896606445, 'eval_macro_recall': 0.2017478667767685, 'eval_macro_precision': 0.11448668444192944, 'eval_macro_f1': 0.1274300598231689, 'eval_accuracy': 0.21142162818955043, 'eval_micro_recall': 0.21142162818955043, 'eval_micro_precision': 0.21142162818955043, 'eval_micro_f1': 0.21142162818955043, 'eval_runtime': 31.3849, 'eval_samples_per_second': 26.223, 'eval_steps_per_second': 0.828, 'epoch': 1.0}

  3%|▎         | 53/1530 [09:16<8:06:28, 19.76s/it]
  4%|▎         | 54/1530 [09:27<6:59:21, 17.05s/it]
  4%|▎         | 55/1530 [09:37<6:06:31, 14.91s/it]
  4%|▎         | 56/1530 [09:47<5:29:19, 13.41s/it]
  4%|▎         | 57/1530 [09:57<5:03:13, 12.35s/it]
  4%|▍         | 58/1530 [10:07<4:44:55, 11.61s/it]
  4%|▍         | 59/1530 [10:16<4:32:05, 11.10s/it]
  4%|▍         | 60/1530 [10:26<4:23:07, 10.74s/it]
  4%|▍         | 61/1530 [10:36<4:16:44, 10.49s/it]
  4%|▍         | 62/1530 [10:46<4:12:15, 10.31s/it]
  4%|▍         | 63/1530 [10:56<4:09:06, 10.19s/it]
  4%|▍         | 64/1530 [11:06<4:06:45, 10.10s/it]
  4%|▍         | 65/1530 [11:16<4:05:04, 10.04s/it]
  4%|▍         | 66/1530 [11:26<4:03:53, 10.00s/it]
  4%|▍         | 67/1530 [11:36<4:03:00,  9.97s/it]
  4%|▍         | 68/1530 [11:46<4:02:19,  9.94s/it]
  5%|▍         | 69/1530 [11:55<4:01:47,  9.93s/it]
  5%|▍         | 70/1530 [12:05<4:01:21,  9.92s/it]
  5%|▍         | 71/1530 [12:15<4:01:01,  9.91s/it]
  5%|▍         | 72/1530 [12:25<4:00:46,  9.91s/it]
  5%|▍         | 73/1530 [12:35<4:00:29,  9.90s/it]
  5%|▍         | 74/1530 [12:45<4:00:16,  9.90s/it]
  5%|▍         | 75/1530 [12:55<4:00:05,  9.90s/it]
  5%|▍         | 76/1530 [13:05<3:59:54,  9.90s/it]
  5%|▌         | 77/1530 [13:15<3:59:42,  9.90s/it]
  5%|▌         | 78/1530 [13:25<3:59:29,  9.90s/it]
  5%|▌         | 79/1530 [13:34<3:59:20,  9.90s/it]
  5%|▌         | 80/1530 [13:44<3:59:09,  9.90s/it]
  5%|▌         | 81/1530 [13:54<3:59:00,  9.90s/it]
  5%|▌         | 82/1530 [14:04<3:58:51,  9.90s/it]
  5%|▌         | 83/1530 [14:14<3:58:40,  9.90s/it]
  5%|▌         | 84/1530 [14:24<3:58:29,  9.90s/it]
  6%|▌         | 85/1530 [14:34<3:58:19,  9.90s/it]
  6%|▌         | 86/1530 [14:44<3:58:08,  9.90s/it]
  6%|▌         | 87/1530 [14:54<3:57:57,  9.89s/it]
  6%|▌         | 88/1530 [15:03<3:57:48,  9.89s/it]
  6%|▌         | 89/1530 [15:13<3:57:40,  9.90s/it]
  6%|▌         | 90/1530 [15:23<3:57:29,  9.90s/it]
  6%|▌         | 91/1530 [15:33<3:57:18,  9.90s/it]
  6%|▌         | 92/1530 [15:43<3:57:06,  9.89s/it]
  6%|▌         | 93/1530 [15:53<3:56:57,  9.89s/it]
  6%|▌         | 94/1530 [16:03<3:56:48,  9.89s/it]
  6%|▌         | 95/1530 [16:13<3:56:37,  9.89s/it]
  6%|▋         | 96/1530 [16:23<3:56:28,  9.89s/it]
  6%|▋         | 97/1530 [16:33<3:56:18,  9.89s/it]
  6%|▋         | 98/1530 [16:42<3:56:08,  9.89s/it]
  6%|▋         | 99/1530 [16:52<3:55:58,  9.89s/it]
  7%|▋         | 100/1530 [17:02<3:55:49,  9.89s/it]
  7%|▋         | 101/1530 [17:12<3:55:38,  9.89s/it]
  7%|▋         | 102/1530 [17:22<3:55:27,  9.89s/it]
  7%|▋         | 103/1530 [17:32<3:55:18,  9.89s/it]
  7%|▋         | 104/1530 [17:37<3:19:35,  8.40s/it]
                                                    

  7%|▋         | 104/1530 [17:37<3:19:35,  8.40s/it]{'loss': 3.7235, 'grad_norm': 2.535769462585449, 'learning_rate': 4.660130718954249e-05, 'epoch': 2.0}


  0%|          | 0/26 [00:00<?, ?it/s][A

  8%|▊         | 2/26 [00:01<00:14,  1.66it/s][A

 12%|█▏        | 3/26 [00:02<00:19,  1.17it/s][A

 15%|█▌        | 4/26 [00:03<00:21,  1.02it/s][A

 19%|█▉        | 5/26 [00:04<00:22,  1.06s/it][A

 23%|██▎       | 6/26 [00:06<00:22,  1.11s/it][A

 27%|██▋       | 7/26 [00:07<00:21,  1.14s/it][A

 31%|███       | 8/26 [00:08<00:20,  1.16s/it][A

 35%|███▍      | 9/26 [00:09<00:19,  1.17s/it][A

 38%|███▊      | 10/26 [00:10<00:18,  1.18s/it][A

 42%|████▏     | 11/26 [00:12<00:17,  1.19s/it][A

 46%|████▌     | 12/26 [00:13<00:16,  1.19s/it][A

 50%|█████     | 13/26 [00:14<00:15,  1.19s/it][A

 54%|█████▍    | 14/26 [00:15<00:14,  1.20s/it][A

 58%|█████▊    | 15/26 [00:16<00:13,  1.20s/it][A

 62%|██████▏   | 16/26 [00:18<00:11,  1.20s/it][A

 65%|██████▌   | 17/26 [00:19<00:10,  1.20s/it][A

 69%|██████▉   | 18/26 [00:20<00:09,  1.20s/it][A

 73%|███████▎  | 19/26 [00:21<00:08,  1.20s/it][A

 77%|███████▋  | 20/26 [00:22<00:07,  1.20s/it][A

 81%|████████  | 21/26 [00:24<00:06,  1.20s/it][A

 85%|████████▍ | 22/26 [00:25<00:04,  1.20s/it][A

 88%|████████▊ | 23/26 [00:26<00:03,  1.20s/it][A

 92%|█████████▏| 24/26 [00:27<00:02,  1.20s/it][A

 96%|█████████▌| 25/26 [00:28<00:01,  1.20s/it][A

100%|██████████| 26/26 [00:29<00:00,  1.14s/it][A

                                               
[A
                                                    

100%|██████████| 26/26 [00:29<00:00,  1.14s/it][A
  7%|▋         | 104/1530 [18:08<3:19:35,  8.40s/it]

                                               [A{'eval_loss': 3.1728432178497314, 'eval_macro_recall': 0.32062803926965777, 'eval_macro_precision': 0.19808147187244887, 'eval_macro_f1': 0.22452490995281718, 'eval_accuracy': 0.33414337788578374, 'eval_micro_recall': 0.33414337788578374, 'eval_micro_precision': 0.33414337788578374, 'eval_micro_f1': 0.33414337788578374, 'eval_runtime': 31.4934, 'eval_samples_per_second': 26.132, 'eval_steps_per_second': 0.826, 'epoch': 2.0}

  7%|▋         | 105/1530 [18:22<7:43:17, 19.51s/it]
  7%|▋         | 106/1530 [18:32<6:34:32, 16.62s/it]
  7%|▋         | 107/1530 [18:42<5:46:25, 14.61s/it]
  7%|▋         | 108/1530 [18:52<5:12:42, 13.19s/it]
  7%|▋         | 109/1530 [19:02<4:49:03, 12.21s/it]
  7%|▋         | 110/1530 [19:12<4:32:29, 11.51s/it]
  7%|▋         | 111/1530 [19:22<4:20:51, 11.03s/it]
  7%|▋         | 112/1530 [19:32<4:12:40, 10.69s/it]
  7%|▋         | 113/1530 [19:41<4:06:53, 10.45s/it]
  7%|▋         | 114/1530 [19:51<4:02:46, 10.29s/it]
  8%|▊         | 115/1530 [20:01<3:59:53, 10.17s/it]
  8%|▊         | 116/1530 [20:11<3:57:48, 10.09s/it]
  8%|▊         | 117/1530 [20:21<3:56:17, 10.03s/it]
  8%|▊         | 118/1530 [20:31<3:55:12, 10.00s/it]
  8%|▊         | 119/1530 [20:41<3:54:21,  9.97s/it]
  8%|▊         | 120/1530 [20:51<3:53:40,  9.94s/it]
  8%|▊         | 121/1530 [21:01<3:53:10,  9.93s/it]
  8%|▊         | 122/1530 [21:11<3:52:46,  9.92s/it]
  8%|▊         | 123/1530 [21:20<3:52:26,  9.91s/it]
  8%|▊         | 124/1530 [21:30<3:52:09,  9.91s/it]
  8%|▊         | 125/1530 [21:40<3:51:56,  9.91s/it]
  8%|▊         | 126/1530 [21:50<3:51:42,  9.90s/it]
  8%|▊         | 127/1530 [22:00<3:51:32,  9.90s/it]
  8%|▊         | 128/1530 [22:10<3:51:19,  9.90s/it]
  8%|▊         | 129/1530 [22:20<3:51:06,  9.90s/it]
  8%|▊         | 130/1530 [22:30<3:50:56,  9.90s/it]
  9%|▊         | 131/1530 [22:40<3:50:46,  9.90s/it]
  9%|▊         | 132/1530 [22:49<3:50:36,  9.90s/it]
  9%|▊         | 133/1530 [22:59<3:50:25,  9.90s/it]
  9%|▉         | 134/1530 [23:09<3:50:14,  9.90s/it]
  9%|▉         | 135/1530 [23:19<3:50:04,  9.90s/it]
  9%|▉         | 136/1530 [23:29<3:49:55,  9.90s/it]
  9%|▉         | 137/1530 [23:39<3:49:45,  9.90s/it]
  9%|▉         | 138/1530 [23:49<3:49:35,  9.90s/it]
  9%|▉         | 139/1530 [23:59<3:49:24,  9.90s/it]
  9%|▉         | 140/1530 [24:09<3:49:14,  9.90s/it]
  9%|▉         | 141/1530 [24:19<3:49:05,  9.90s/it]
  9%|▉         | 142/1530 [24:28<3:48:55,  9.90s/it]
  9%|▉         | 143/1530 [24:38<3:48:47,  9.90s/it]
  9%|▉         | 144/1530 [24:48<3:48:36,  9.90s/it]
  9%|▉         | 145/1530 [24:58<3:48:27,  9.90s/it]
 10%|▉         | 146/1530 [25:08<3:48:14,  9.90s/it]
 10%|▉         | 147/1530 [25:18<3:48:07,  9.90s/it]
 10%|▉         | 148/1530 [25:28<3:47:55,  9.90s/it]
 10%|▉         | 149/1530 [25:38<3:47:45,  9.90s/it]
 10%|▉         | 150/1530 [25:48<3:47:35,  9.90s/it]
 10%|▉         | 151/1530 [25:58<3:47:27,  9.90s/it]
 10%|▉         | 152/1530 [26:07<3:47:17,  9.90s/it]
 10%|█         | 153/1530 [26:17<3:47:08,  9.90s/it]
 10%|█         | 154/1530 [26:27<3:46:59,  9.90s/it]
 10%|█         | 155/1530 [26:37<3:46:48,  9.90s/it]
 10%|█         | 156/1530 [26:42<3:12:21,  8.40s/it]
                                                    

 10%|█         | 156/1530 [26:42<3:12:21,  8.40s/it]{'loss': 2.8863, 'grad_norm': 2.3192269802093506, 'learning_rate': 4.490196078431373e-05, 'epoch': 3.0}


  0%|          | 0/26 [00:00<?, ?it/s][A

  8%|▊         | 2/26 [00:01<00:14,  1.66it/s][A

 12%|█▏        | 3/26 [00:02<00:19,  1.18it/s][A

 15%|█▌        | 4/26 [00:03<00:21,  1.02it/s][A

 19%|█▉        | 5/26 [00:04<00:22,  1.06s/it][A

 23%|██▎       | 6/26 [00:05<00:22,  1.10s/it][A

 27%|██▋       | 7/26 [00:07<00:21,  1.13s/it][A

 31%|███       | 8/26 [00:08<00:20,  1.15s/it][A

 35%|███▍      | 9/26 [00:09<00:19,  1.17s/it][A

 38%|███▊      | 10/26 [00:10<00:18,  1.18s/it][A

 42%|████▏     | 11/26 [00:12<00:17,  1.19s/it][A

 46%|████▌     | 12/26 [00:13<00:16,  1.19s/it][A

 50%|█████     | 13/26 [00:14<00:15,  1.19s/it][A

 54%|█████▍    | 14/26 [00:15<00:14,  1.20s/it][A

 58%|█████▊    | 15/26 [00:16<00:13,  1.20s/it][A

 62%|██████▏   | 16/26 [00:18<00:11,  1.20s/it][A

 65%|██████▌   | 17/26 [00:19<00:10,  1.20s/it][A

 69%|██████▉   | 18/26 [00:20<00:09,  1.20s/it][A

 73%|███████▎  | 19/26 [00:21<00:08,  1.20s/it][A

 77%|███████▋  | 20/26 [00:22<00:07,  1.20s/it][A

 81%|████████  | 21/26 [00:24<00:06,  1.20s/it][A

 85%|████████▍ | 22/26 [00:25<00:04,  1.20s/it][A

 88%|████████▊ | 23/26 [00:26<00:03,  1.20s/it][A

 92%|█████████▏| 24/26 [00:27<00:02,  1.20s/it][A

 96%|█████████▌| 25/26 [00:28<00:01,  1.20s/it][A

100%|██████████| 26/26 [00:29<00:00,  1.14s/it][A

                                               
[A
                                                    

100%|██████████| 26/26 [00:29<00:00,  1.14s/it][A
 10%|█         | 156/1530 [27:13<3:12:21,  8.40s/it]

                                               [A{'eval_loss': 2.5303196907043457, 'eval_macro_recall': 0.3751720341315717, 'eval_macro_precision': 0.27004612706978476, 'eval_macro_f1': 0.2877546941121575, 'eval_accuracy': 0.37667071688942894, 'eval_micro_recall': 0.37667071688942894, 'eval_micro_precision': 0.37667071688942894, 'eval_micro_f1': 0.37667071688942894, 'eval_runtime': 31.3455, 'eval_samples_per_second': 26.256, 'eval_steps_per_second': 0.829, 'epoch': 3.0}

 10%|█         | 157/1530 [27:27<7:24:50, 19.44s/it]
 10%|█         | 158/1530 [27:37<6:19:04, 16.58s/it]
 10%|█         | 159/1530 [27:47<5:32:59, 14.57s/it]
 10%|█         | 160/1530 [27:57<5:00:41, 13.17s/it]
 11%|█         | 161/1530 [28:07<4:38:15, 12.20s/it]
 11%|█         | 162/1530 [28:17<4:22:19, 11.51s/it]
 11%|█         | 163/1530 [28:27<4:11:07, 11.02s/it]
 11%|█         | 164/1530 [28:36<4:03:15, 10.68s/it]
 11%|█         | 165/1530 [28:46<3:57:43, 10.45s/it]
 11%|█         | 166/1530 [28:56<3:53:49, 10.29s/it]
 11%|█         | 167/1530 [29:06<3:50:59, 10.17s/it]
 11%|█         | 168/1530 [29:16<3:48:57, 10.09s/it]
 11%|█         | 169/1530 [29:26<3:47:31, 10.03s/it]
 11%|█         | 170/1530 [29:36<3:46:28,  9.99s/it]
 11%|█         | 171/1530 [29:46<3:45:39,  9.96s/it]
 11%|█         | 172/1530 [29:56<3:45:00,  9.94s/it]
 11%|█▏        | 173/1530 [30:06<3:44:34,  9.93s/it]
 11%|█▏        | 174/1530 [30:15<3:44:11,  9.92s/it]
 11%|█▏        | 175/1530 [30:25<3:43:53,  9.91s/it]
 12%|█▏        | 176/1530 [30:35<3:43:38,  9.91s/it]
 12%|█▏        | 177/1530 [30:45<3:43:23,  9.91s/it]
 12%|█▏        | 178/1530 [30:55<3:43:10,  9.90s/it]
 12%|█▏        | 179/1530 [31:05<3:42:56,  9.90s/it]
 12%|█▏        | 180/1530 [31:15<3:42:43,  9.90s/it]
 12%|█▏        | 181/1530 [31:25<3:42:32,  9.90s/it]
 12%|█▏        | 182/1530 [31:35<3:42:23,  9.90s/it]
 12%|█▏        | 183/1530 [31:45<3:42:13,  9.90s/it]
 12%|█▏        | 184/1530 [31:54<3:42:02,  9.90s/it]
 12%|█▏        | 185/1530 [32:04<3:41:51,  9.90s/it]
 12%|█▏        | 186/1530 [32:14<3:41:41,  9.90s/it]
 12%|█▏        | 187/1530 [32:24<3:41:30,  9.90s/it]
 12%|█▏        | 188/1530 [32:34<3:41:20,  9.90s/it]
 12%|█▏        | 189/1530 [32:44<3:41:10,  9.90s/it]
 12%|█▏        | 190/1530 [32:54<3:41:00,  9.90s/it]
 12%|█▏        | 191/1530 [33:04<3:40:50,  9.90s/it]
 13%|█▎        | 192/1530 [33:14<3:40:39,  9.89s/it]
 13%|█▎        | 193/1530 [33:24<3:40:29,  9.90s/it]
 13%|█▎        | 194/1530 [33:33<3:40:20,  9.90s/it]
 13%|█▎        | 195/1530 [33:43<3:40:09,  9.90s/it]
 13%|█▎        | 196/1530 [33:53<3:39:59,  9.89s/it]
 13%|█▎        | 197/1530 [34:03<3:39:51,  9.90s/it]
 13%|█▎        | 198/1530 [34:13<3:39:44,  9.90s/it]
 13%|█▎        | 199/1530 [34:23<3:39:33,  9.90s/it]
 13%|█▎        | 200/1530 [34:33<3:39:23,  9.90s/it]
 13%|█▎        | 201/1530 [34:43<3:39:13,  9.90s/it]
 13%|█▎        | 202/1530 [34:53<3:39:04,  9.90s/it]
 13%|█▎        | 203/1530 [35:02<3:38:53,  9.90s/it]
 13%|█▎        | 204/1530 [35:12<3:38:44,  9.90s/it]
 13%|█▎        | 205/1530 [35:22<3:38:32,  9.90s/it]
 13%|█▎        | 206/1530 [35:32<3:38:24,  9.90s/it]
 14%|█▎        | 207/1530 [35:42<3:38:12,  9.90s/it]
 14%|█▎        | 208/1530 [35:47<3:05:04,  8.40s/it]
                                                    

 14%|█▎        | 208/1530 [35:47<3:05:04,  8.40s/it]{'loss': 2.3573, 'grad_norm': 2.11582612991333, 'learning_rate': 4.320261437908497e-05, 'epoch': 4.0}


  0%|          | 0/26 [00:00<?, ?it/s][A

  8%|▊         | 2/26 [00:01<00:14,  1.67it/s][A

 12%|█▏        | 3/26 [00:02<00:19,  1.18it/s][A

 15%|█▌        | 4/26 [00:03<00:21,  1.02it/s][A

 19%|█▉        | 5/26 [00:04<00:22,  1.06s/it][A

 23%|██▎       | 6/26 [00:06<00:22,  1.10s/it][A

 27%|██▋       | 7/26 [00:07<00:21,  1.13s/it][A

 31%|███       | 8/26 [00:08<00:20,  1.16s/it][A

 35%|███▍      | 9/26 [00:09<00:19,  1.17s/it][A

 38%|███▊      | 10/26 [00:10<00:18,  1.18s/it][A

 42%|████▏     | 11/26 [00:12<00:17,  1.19s/it][A

 46%|████▌     | 12/26 [00:13<00:16,  1.19s/it][A

 50%|█████     | 13/26 [00:14<00:15,  1.19s/it][A

 54%|█████▍    | 14/26 [00:15<00:14,  1.20s/it][A

 58%|█████▊    | 15/26 [00:16<00:13,  1.20s/it][A

 62%|██████▏   | 16/26 [00:17<00:11,  1.20s/it][A

 65%|██████▌   | 17/26 [00:19<00:10,  1.20s/it][A

 69%|██████▉   | 18/26 [00:20<00:09,  1.20s/it][A

 73%|███████▎  | 19/26 [00:21<00:08,  1.20s/it][A

 77%|███████▋  | 20/26 [00:22<00:07,  1.20s/it][A

 81%|████████  | 21/26 [00:24<00:05,  1.20s/it][A

 85%|████████▍ | 22/26 [00:25<00:04,  1.20s/it][A

 88%|████████▊ | 23/26 [00:26<00:03,  1.20s/it][A

 92%|█████████▏| 24/26 [00:27<00:02,  1.20s/it][A

 96%|█████████▌| 25/26 [00:28<00:01,  1.20s/it][A

100%|██████████| 26/26 [00:29<00:00,  1.14s/it][A

                                               
[A
                                                    

100%|██████████| 26/26 [00:29<00:00,  1.14s/it][A
 14%|█▎        | 208/1530 [36:18<3:05:04,  8.40s/it]

                                               [A{'eval_loss': 2.1108012199401855, 'eval_macro_recall': 0.43081016607028166, 'eval_macro_precision': 0.3270623370546866, 'eval_macro_f1': 0.3444567282377279, 'eval_accuracy': 0.43377885783718106, 'eval_micro_recall': 0.43377885783718106, 'eval_micro_precision': 0.43377885783718106, 'eval_micro_f1': 0.43377885783718106, 'eval_runtime': 31.3363, 'eval_samples_per_second': 26.264, 'eval_steps_per_second': 0.83, 'epoch': 4.0}

 14%|█▎        | 209/1530 [36:32<7:09:42, 19.52s/it]
 14%|█▎        | 210/1530 [36:42<6:05:51, 16.63s/it]
 14%|█▍        | 211/1530 [36:52<5:21:14, 14.61s/it]
 14%|█▍        | 212/1530 [37:02<4:49:54, 13.20s/it]
 14%|█▍        | 213/1530 [37:12<4:28:02, 12.21s/it]
 14%|█▍        | 214/1530 [37:22<4:12:35, 11.52s/it]
 14%|█▍        | 215/1530 [37:32<4:01:46, 11.03s/it]
 14%|█▍        | 216/1530 [37:42<3:54:13, 10.70s/it]
 14%|█▍        | 217/1530 [37:52<3:48:52, 10.46s/it]
 14%|█▍        | 218/1530 [38:02<3:45:02, 10.29s/it]
 14%|█▍        | 219/1530 [38:11<3:42:19, 10.17s/it]
 14%|█▍        | 220/1530 [38:21<3:40:22, 10.09s/it]
 14%|█▍        | 221/1530 [38:31<3:38:57, 10.04s/it]
 15%|█▍        | 222/1530 [38:41<3:37:55, 10.00s/it]
 15%|█▍        | 223/1530 [38:51<3:37:08,  9.97s/it]
 15%|█▍        | 224/1530 [39:01<3:36:34,  9.95s/it]
 15%|█▍        | 225/1530 [39:11<3:36:03,  9.93s/it]
 15%|█▍        | 226/1530 [39:21<3:35:37,  9.92s/it]
 15%|█▍        | 227/1530 [39:31<3:35:17,  9.91s/it]
 15%|█▍        | 228/1530 [39:41<3:35:05,  9.91s/it]
 15%|█▍        | 229/1530 [39:50<3:34:52,  9.91s/it]
 15%|█▌        | 230/1530 [40:00<3:34:36,  9.91s/it]
 15%|█▌        | 231/1530 [40:10<3:34:23,  9.90s/it]
 15%|█▌        | 232/1530 [40:20<3:34:10,  9.90s/it]
 15%|█▌        | 233/1530 [40:30<3:33:59,  9.90s/it]
 15%|█▌        | 234/1530 [40:40<3:33:49,  9.90s/it]
 15%|█▌        | 235/1530 [40:50<3:33:38,  9.90s/it]
 15%|█▌        | 236/1530 [41:00<3:33:26,  9.90s/it]
 15%|█▌        | 237/1530 [41:10<3:33:16,  9.90s/it]
 16%|█▌        | 238/1530 [41:20<3:33:07,  9.90s/it]
 16%|█▌        | 239/1530 [41:29<3:32:57,  9.90s/it]
 16%|█▌        | 240/1530 [41:39<3:32:47,  9.90s/it]
 16%|█▌        | 241/1530 [41:49<3:32:35,  9.90s/it]
 16%|█▌        | 242/1530 [41:59<3:32:26,  9.90s/it]
 16%|█▌        | 243/1530 [42:09<3:32:14,  9.89s/it]
 16%|█▌        | 244/1530 [42:19<3:32:02,  9.89s/it]
 16%|█▌        | 245/1530 [42:29<3:31:54,  9.89s/it]
 16%|█▌        | 246/1530 [42:39<3:31:44,  9.89s/it]
 16%|█▌        | 247/1530 [42:49<3:31:35,  9.89s/it]
 16%|█▌        | 248/1530 [42:58<3:31:26,  9.90s/it]
 16%|█▋        | 249/1530 [43:08<3:31:16,  9.90s/it]
 16%|█▋        | 250/1530 [43:18<3:31:04,  9.89s/it]
 16%|█▋        | 251/1530 [43:28<3:30:55,  9.89s/it]
 16%|█▋        | 252/1530 [43:38<3:30:45,  9.90s/it]
 17%|█▋        | 253/1530 [43:48<3:30:38,  9.90s/it]
 17%|█▋        | 254/1530 [43:58<3:30:28,  9.90s/it]
 17%|█▋        | 255/1530 [44:08<3:30:17,  9.90s/it]
 17%|█▋        | 256/1530 [44:18<3:30:08,  9.90s/it]
 17%|█▋        | 257/1530 [44:28<3:29:58,  9.90s/it]
 17%|█▋        | 258/1530 [44:37<3:29:48,  9.90s/it]
 17%|█▋        | 259/1530 [44:47<3:29:38,  9.90s/it]
 17%|█▋        | 260/1530 [44:52<2:57:36,  8.39s/it]
                                                    

 17%|█▋        | 260/1530 [44:52<2:57:36,  8.39s/it]{'loss': 1.9955, 'grad_norm': 2.9478988647460938, 'learning_rate': 4.150326797385621e-05, 'epoch': 5.0}


  0%|          | 0/26 [00:00<?, ?it/s][A

  8%|▊         | 2/26 [00:01<00:14,  1.66it/s][A

 12%|█▏        | 3/26 [00:02<00:19,  1.18it/s][A

 15%|█▌        | 4/26 [00:03<00:21,  1.02it/s][A

 19%|█▉        | 5/26 [00:04<00:22,  1.06s/it][A

 23%|██▎       | 6/26 [00:06<00:22,  1.11s/it][A

 27%|██▋       | 7/26 [00:07<00:21,  1.14s/it][A

 31%|███       | 8/26 [00:08<00:20,  1.16s/it][A

 35%|███▍      | 9/26 [00:09<00:19,  1.17s/it][A

 38%|███▊      | 10/26 [00:10<00:18,  1.18s/it][A

 42%|████▏     | 11/26 [00:12<00:17,  1.19s/it][A

 46%|████▌     | 12/26 [00:13<00:16,  1.19s/it][A

 50%|█████     | 13/26 [00:14<00:15,  1.19s/it][A

 54%|█████▍    | 14/26 [00:15<00:14,  1.20s/it][A

 58%|█████▊    | 15/26 [00:16<00:13,  1.20s/it][A

 62%|██████▏   | 16/26 [00:18<00:11,  1.20s/it][A

 65%|██████▌   | 17/26 [00:19<00:10,  1.20s/it][A

 69%|██████▉   | 18/26 [00:20<00:09,  1.20s/it][A

 73%|███████▎  | 19/26 [00:21<00:08,  1.20s/it][A

 77%|███████▋  | 20/26 [00:22<00:07,  1.20s/it][A

 81%|████████  | 21/26 [00:24<00:06,  1.20s/it][A

 85%|████████▍ | 22/26 [00:25<00:04,  1.20s/it][A

 88%|████████▊ | 23/26 [00:26<00:03,  1.20s/it][A

 92%|█████████▏| 24/26 [00:27<00:02,  1.20s/it][A

 96%|█████████▌| 25/26 [00:28<00:01,  1.20s/it][A

100%|██████████| 26/26 [00:29<00:00,  1.14s/it][A

                                               
[A
                                                    

100%|██████████| 26/26 [00:29<00:00,  1.14s/it][A
 17%|█▋        | 260/1530 [45:24<2:57:36,  8.39s/it]

                                               [A{'eval_loss': 1.8162615299224854, 'eval_macro_recall': 0.4750160565189467, 'eval_macro_precision': 0.390842313954647, 'eval_macro_f1': 0.39769156591798627, 'eval_accuracy': 0.4848116646415553, 'eval_micro_recall': 0.4848116646415553, 'eval_micro_precision': 0.4848116646415553, 'eval_micro_f1': 0.4848116646415553, 'eval_runtime': 31.2897, 'eval_samples_per_second': 26.303, 'eval_steps_per_second': 0.831, 'epoch': 5.0}

 17%|█▋        | 261/1530 [45:37<6:50:12, 19.40s/it]
 17%|█▋        | 262/1530 [45:47<5:49:42, 16.55s/it]
 17%|█▋        | 263/1530 [45:57<5:07:17, 14.55s/it]
 17%|█▋        | 264/1530 [46:07<4:37:35, 13.16s/it]
 17%|█▋        | 265/1530 [46:17<4:16:44, 12.18s/it]
 17%|█▋        | 266/1530 [46:27<4:02:07, 11.49s/it]
 17%|█▋        | 267/1530 [46:37<3:51:50, 11.01s/it]
 18%|█▊        | 268/1530 [46:47<3:44:37, 10.68s/it]
 18%|█▊        | 269/1530 [46:56<3:39:31, 10.44s/it]
 18%|█▊        | 270/1530 [47:06<3:35:53, 10.28s/it]
 18%|█▊        | 271/1530 [47:16<3:33:17, 10.16s/it]
 18%|█▊        | 272/1530 [47:26<3:31:26, 10.08s/it]
 18%|█▊        | 273/1530 [47:36<3:30:05, 10.03s/it]
 18%|█▊        | 274/1530 [47:46<3:29:04,  9.99s/it]
 18%|█▊        | 275/1530 [47:56<3:28:19,  9.96s/it]
 18%|█▊        | 276/1530 [48:06<3:27:44,  9.94s/it]
 18%|█▊        | 277/1530 [48:16<3:27:16,  9.93s/it]
 18%|█▊        | 278/1530 [48:26<3:26:56,  9.92s/it]
 18%|█▊        | 279/1530 [48:35<3:26:39,  9.91s/it]
 18%|█▊        | 280/1530 [48:45<3:26:24,  9.91s/it]
 18%|█▊        | 281/1530 [48:55<3:26:09,  9.90s/it]
 18%|█▊        | 282/1530 [49:05<3:25:56,  9.90s/it]
 18%|█▊        | 283/1530 [49:15<3:25:45,  9.90s/it]
 19%|█▊        | 284/1530 [49:25<3:25:33,  9.90s/it]
 19%|█▊        | 285/1530 [49:35<3:25:23,  9.90s/it]
 19%|█▊        | 286/1530 [49:45<3:25:12,  9.90s/it]
 19%|█▉        | 287/1530 [49:55<3:25:01,  9.90s/it]
 19%|█▉        | 288/1530 [50:04<3:24:51,  9.90s/it]
 19%|█▉        | 289/1530 [50:14<3:24:41,  9.90s/it]
 19%|█▉        | 290/1530 [50:24<3:24:31,  9.90s/it]
 19%|█▉        | 291/1530 [50:34<3:24:20,  9.90s/it]
 19%|█▉        | 292/1530 [50:44<3:24:12,  9.90s/it]
 19%|█▉        | 293/1530 [50:54<3:24:02,  9.90s/it]
 19%|█▉        | 294/1530 [51:04<3:23:50,  9.90s/it]
 19%|█▉        | 295/1530 [51:14<3:23:41,  9.90s/it]
 19%|█▉        | 296/1530 [51:24<3:23:31,  9.90s/it]
 19%|█▉        | 297/1530 [51:34<3:23:23,  9.90s/it]
 19%|█▉        | 298/1530 [51:43<3:23:13,  9.90s/it]
 20%|█▉        | 299/1530 [51:53<3:23:02,  9.90s/it]
 20%|█▉        | 300/1530 [52:03<3:22:54,  9.90s/it]
 20%|█▉        | 301/1530 [52:13<3:22:44,  9.90s/it]
 20%|█▉        | 302/1530 [52:23<3:22:34,  9.90s/it]
 20%|█▉        | 303/1530 [52:33<3:22:24,  9.90s/it]
 20%|█▉        | 304/1530 [52:43<3:22:14,  9.90s/it]
 20%|█▉        | 305/1530 [52:53<3:22:04,  9.90s/it]
 20%|██        | 306/1530 [53:03<3:21:54,  9.90s/it]
 20%|██        | 307/1530 [53:13<3:21:44,  9.90s/it]
 20%|██        | 308/1530 [53:22<3:21:35,  9.90s/it]
 20%|██        | 309/1530 [53:32<3:21:24,  9.90s/it]
 20%|██        | 310/1530 [53:42<3:21:15,  9.90s/it]
 20%|██        | 311/1530 [53:52<3:21:04,  9.90s/it]
 20%|██        | 312/1530 [53:57<2:50:30,  8.40s/it]
                                                    

 20%|██        | 312/1530 [53:57<2:50:30,  8.40s/it]{'loss': 1.7375, 'grad_norm': 2.4039957523345947, 'learning_rate': 3.980392156862745e-05, 'epoch': 6.0}


  0%|          | 0/26 [00:00<?, ?it/s][A

  8%|▊         | 2/26 [00:01<00:14,  1.67it/s][A

 12%|█▏        | 3/26 [00:02<00:19,  1.18it/s][A

 15%|█▌        | 4/26 [00:03<00:21,  1.02it/s][A

 19%|█▉        | 5/26 [00:04<00:22,  1.06s/it][A

 23%|██▎       | 6/26 [00:06<00:22,  1.10s/it][A

 27%|██▋       | 7/26 [00:07<00:21,  1.14s/it][A

 31%|███       | 8/26 [00:08<00:20,  1.16s/it][A

 35%|███▍      | 9/26 [00:09<00:19,  1.17s/it][A

 38%|███▊      | 10/26 [00:10<00:18,  1.18s/it][A

 42%|████▏     | 11/26 [00:12<00:17,  1.19s/it][A

 46%|████▌     | 12/26 [00:13<00:16,  1.19s/it][A

 50%|█████     | 13/26 [00:14<00:15,  1.19s/it][A

 54%|█████▍    | 14/26 [00:15<00:14,  1.20s/it][A

 58%|█████▊    | 15/26 [00:16<00:13,  1.20s/it][A

 62%|██████▏   | 16/26 [00:18<00:11,  1.20s/it][A

 65%|██████▌   | 17/26 [00:19<00:10,  1.20s/it][A

 69%|██████▉   | 18/26 [00:20<00:09,  1.20s/it][A

 73%|███████▎  | 19/26 [00:21<00:08,  1.20s/it][A

 77%|███████▋  | 20/26 [00:22<00:07,  1.20s/it][A

 81%|████████  | 21/26 [00:24<00:06,  1.20s/it][A

 85%|████████▍ | 22/26 [00:25<00:04,  1.20s/it][A

 88%|████████▊ | 23/26 [00:26<00:03,  1.20s/it][A

 92%|█████████▏| 24/26 [00:27<00:02,  1.20s/it][A

 96%|█████████▌| 25/26 [00:28<00:01,  1.20s/it][A

100%|██████████| 26/26 [00:29<00:00,  1.14s/it][A

                                               
[A
                                                    

100%|██████████| 26/26 [00:29<00:00,  1.14s/it][A
 20%|██        | 312/1530 [54:28<2:50:30,  8.40s/it]

                                               [A{'eval_loss': 1.6330379247665405, 'eval_macro_recall': 0.5123107624552712, 'eval_macro_precision': 0.42937981033252903, 'eval_macro_f1': 0.4282644692424325, 'eval_accuracy': 0.4993924665856622, 'eval_micro_recall': 0.4993924665856622, 'eval_micro_precision': 0.4993924665856622, 'eval_micro_f1': 0.4993924665856622, 'eval_runtime': 31.3615, 'eval_samples_per_second': 26.242, 'eval_steps_per_second': 0.829, 'epoch': 6.0}

 20%|██        | 313/1530 [54:42<6:33:54, 19.42s/it]
 21%|██        | 314/1530 [54:52<5:35:41, 16.56s/it]
 21%|██        | 315/1530 [55:02<4:54:53, 14.56s/it]
 21%|██        | 316/1530 [55:12<4:26:19, 13.16s/it]
 21%|██        | 317/1530 [55:22<4:06:16, 12.18s/it]
 21%|██        | 318/1530 [55:32<3:52:13, 11.50s/it]
 21%|██        | 319/1530 [55:42<3:42:20, 11.02s/it]
 21%|██        | 320/1530 [55:51<3:35:21, 10.68s/it]
 21%|██        | 321/1530 [56:01<3:30:26, 10.44s/it]
 21%|██        | 322/1530 [56:11<3:26:55, 10.28s/it]
 21%|██        | 323/1530 [56:21<3:24:45, 10.18s/it]
 21%|██        | 324/1530 [56:31<3:23:37, 10.13s/it]
 21%|██        | 325/1530 [56:41<3:22:00, 10.06s/it]
 21%|██▏       | 326/1530 [56:51<3:20:51, 10.01s/it]
 21%|██▏       | 327/1530 [57:01<3:20:00,  9.98s/it]
 21%|██▏       | 328/1530 [57:11<3:19:19,  9.95s/it]
 22%|██▏       | 329/1530 [57:21<3:18:49,  9.93s/it]
 22%|██▏       | 330/1530 [57:31<3:18:24,  9.92s/it]
 22%|██▏       | 331/1530 [57:40<3:18:05,  9.91s/it]
 22%|██▏       | 332/1530 [57:50<3:17:48,  9.91s/it]
 22%|██▏       | 333/1530 [58:00<3:17:34,  9.90s/it]
 22%|██▏       | 334/1530 [58:10<3:17:20,  9.90s/it]
 22%|██▏       | 335/1530 [58:20<3:17:08,  9.90s/it]
 22%|██▏       | 336/1530 [58:30<3:16:56,  9.90s/it]
 22%|██▏       | 337/1530 [58:40<3:16:46,  9.90s/it]
 22%|██▏       | 338/1530 [58:50<3:16:38,  9.90s/it]
 22%|██▏       | 339/1530 [59:00<3:16:27,  9.90s/it]
 22%|██▏       | 340/1530 [59:09<3:16:17,  9.90s/it]
 22%|██▏       | 341/1530 [59:19<3:16:06,  9.90s/it]
 22%|██▏       | 342/1530 [59:29<3:15:56,  9.90s/it]
 22%|██▏       | 343/1530 [59:39<3:15:57,  9.91s/it]
 22%|██▏       | 344/1530 [59:49<3:15:43,  9.90s/it]
 23%|██▎       | 345/1530 [59:59<3:15:29,  9.90s/it]
 23%|██▎       | 346/1530 [1:00:09<3:15:18,  9.90s/it]
 23%|██▎       | 347/1530 [1:00:19<3:15:08,  9.90s/it]
 23%|██▎       | 348/1530 [1:00:29<3:14:56,  9.90s/it]
 23%|██▎       | 349/1530 [1:00:39<3:14:45,  9.89s/it]
 23%|██▎       | 350/1530 [1:00:48<3:14:36,  9.90s/it]
 23%|██▎       | 351/1530 [1:00:59<3:15:56,  9.97s/it]
 23%|██▎       | 352/1530 [1:01:09<3:15:18,  9.95s/it]
 23%|██▎       | 353/1530 [1:01:18<3:14:49,  9.93s/it]
 23%|██▎       | 354/1530 [1:01:28<3:14:27,  9.92s/it]
 23%|██▎       | 355/1530 [1:01:38<3:14:09,  9.91s/it]
 23%|██▎       | 356/1530 [1:01:48<3:13:52,  9.91s/it]
 23%|██▎       | 357/1530 [1:01:58<3:13:38,  9.90s/it]
 23%|██▎       | 358/1530 [1:02:08<3:13:24,  9.90s/it]
 23%|██▎       | 359/1530 [1:02:18<3:13:10,  9.90s/it]
 24%|██▎       | 360/1530 [1:02:28<3:13:00,  9.90s/it]
 24%|██▎       | 361/1530 [1:02:38<3:12:49,  9.90s/it]
 24%|██▎       | 362/1530 [1:02:47<3:12:37,  9.89s/it]
 24%|██▎       | 363/1530 [1:02:57<3:12:26,  9.89s/it]
 24%|██▍       | 364/1530 [1:03:02<2:43:10,  8.40s/it]
                                                      

 24%|██▍       | 364/1530 [1:03:02<2:43:10,  8.40s/it]{'loss': 1.5448, 'grad_norm': 2.185042142868042, 'learning_rate': 3.810457516339869e-05, 'epoch': 7.0}


  0%|          | 0/26 [00:00<?, ?it/s][A

  8%|▊         | 2/26 [00:01<00:14,  1.66it/s][A

 12%|█▏        | 3/26 [00:02<00:19,  1.18it/s][A

 15%|█▌        | 4/26 [00:03<00:21,  1.02it/s][A

 19%|█▉        | 5/26 [00:04<00:22,  1.06s/it][A

 23%|██▎       | 6/26 [00:06<00:22,  1.10s/it][A

 27%|██▋       | 7/26 [00:07<00:21,  1.14s/it][A

 31%|███       | 8/26 [00:08<00:20,  1.16s/it][A

 35%|███▍      | 9/26 [00:09<00:19,  1.17s/it][A

 38%|███▊      | 10/26 [00:10<00:18,  1.18s/it][A

 42%|████▏     | 11/26 [00:12<00:17,  1.19s/it][A

 46%|████▌     | 12/26 [00:13<00:16,  1.19s/it][A

 50%|█████     | 13/26 [00:14<00:15,  1.19s/it][A

 54%|█████▍    | 14/26 [00:15<00:14,  1.20s/it][A

 58%|█████▊    | 15/26 [00:16<00:13,  1.20s/it][A

 62%|██████▏   | 16/26 [00:18<00:11,  1.20s/it][A

 65%|██████▌   | 17/26 [00:19<00:10,  1.20s/it][A

 69%|██████▉   | 18/26 [00:20<00:09,  1.20s/it][A

 73%|███████▎  | 19/26 [00:21<00:08,  1.20s/it][A

 77%|███████▋  | 20/26 [00:22<00:07,  1.20s/it][A

 81%|████████  | 21/26 [00:24<00:05,  1.20s/it][A

 85%|████████▍ | 22/26 [00:25<00:04,  1.20s/it][A

 88%|████████▊ | 23/26 [00:26<00:03,  1.20s/it][A

 92%|█████████▏| 24/26 [00:27<00:02,  1.20s/it][A

 96%|█████████▌| 25/26 [00:28<00:01,  1.20s/it][A

100%|██████████| 26/26 [00:30<00:00,  1.31s/it][A

                                               
[A
                                                      

100%|██████████| 26/26 [00:30<00:00,  1.31s/it][A
 24%|██▍       | 364/1530 [1:03:34<2:43:10,  8.40s/it]

                                               [A{'eval_loss': 1.4654453992843628, 'eval_macro_recall': 0.560645472061657, 'eval_macro_precision': 0.49697986227652685, 'eval_macro_f1': 0.49319548268665375, 'eval_accuracy': 0.5382746051032807, 'eval_micro_recall': 0.5382746051032807, 'eval_micro_precision': 0.5382746051032807, 'eval_micro_f1': 0.5382746051032807, 'eval_runtime': 32.016, 'eval_samples_per_second': 25.706, 'eval_steps_per_second': 0.812, 'epoch': 7.0}

 24%|██▍       | 365/1530 [1:03:48<6:21:15, 19.64s/it]
 24%|██▍       | 366/1530 [1:03:58<5:24:17, 16.72s/it]
 24%|██▍       | 367/1530 [1:04:08<4:44:31, 14.68s/it]
 24%|██▍       | 368/1530 [1:04:18<4:16:31, 13.25s/it]
 24%|██▍       | 369/1530 [1:04:28<3:56:53, 12.24s/it]
 24%|██▍       | 370/1530 [1:04:38<3:43:05, 11.54s/it]
 24%|██▍       | 371/1530 [1:04:48<3:33:22, 11.05s/it]
 24%|██▍       | 372/1530 [1:04:57<3:26:34, 10.70s/it]
 24%|██▍       | 373/1530 [1:05:15<4:07:40, 12.84s/it]
 24%|██▍       | 374/1530 [1:05:25<3:51:24, 12.01s/it]
 25%|██▍       | 375/1530 [1:05:35<3:38:58, 11.38s/it]
 25%|██▍       | 376/1530 [1:05:45<3:30:15, 10.93s/it]
 25%|██▍       | 377/1530 [1:05:55<3:24:04, 10.62s/it]
 25%|██▍       | 378/1530 [1:06:05<3:19:44, 10.40s/it]
 25%|██▍       | 379/1530 [1:06:15<3:16:38, 10.25s/it]
 25%|██▍       | 380/1530 [1:06:25<3:14:27, 10.15s/it]
 25%|██▍       | 381/1530 [1:06:35<3:12:51, 10.07s/it]
 25%|██▍       | 382/1530 [1:06:45<3:11:41, 10.02s/it]
 25%|██▌       | 383/1530 [1:06:54<3:10:50,  9.98s/it]
 25%|██▌       | 384/1530 [1:07:04<3:10:12,  9.96s/it]
 25%|██▌       | 385/1530 [1:07:14<3:09:41,  9.94s/it]
 25%|██▌       | 386/1530 [1:07:24<3:09:18,  9.93s/it]
 25%|██▌       | 387/1530 [1:07:34<3:08:58,  9.92s/it]
 25%|██▌       | 388/1530 [1:07:44<3:08:40,  9.91s/it]
 25%|██▌       | 389/1530 [1:07:54<3:08:27,  9.91s/it]
 25%|██▌       | 390/1530 [1:08:04<3:08:15,  9.91s/it]
 26%|██▌       | 391/1530 [1:08:14<3:08:04,  9.91s/it]
 26%|██▌       | 392/1530 [1:08:24<3:07:54,  9.91s/it]
 26%|██▌       | 393/1530 [1:08:33<3:07:42,  9.91s/it]
 26%|██▌       | 394/1530 [1:08:43<3:07:31,  9.90s/it]
 26%|██▌       | 395/1530 [1:08:53<3:07:19,  9.90s/it]
 26%|██▌       | 396/1530 [1:09:03<3:07:09,  9.90s/it]
 26%|██▌       | 397/1530 [1:09:13<3:07:00,  9.90s/it]
 26%|██▌       | 398/1530 [1:09:23<3:06:50,  9.90s/it]
 26%|██▌       | 399/1530 [1:09:33<3:06:40,  9.90s/it]
 26%|██▌       | 400/1530 [1:09:43<3:06:30,  9.90s/it]
 26%|██▌       | 401/1530 [1:09:53<3:06:20,  9.90s/it]
 26%|██▋       | 402/1530 [1:10:03<3:06:10,  9.90s/it]
 26%|██▋       | 403/1530 [1:10:12<3:06:01,  9.90s/it]
 26%|██▋       | 404/1530 [1:10:22<3:05:51,  9.90s/it]
 26%|██▋       | 405/1530 [1:10:32<3:05:41,  9.90s/it]
 27%|██▋       | 406/1530 [1:10:42<3:05:32,  9.90s/it]
 27%|██▋       | 407/1530 [1:10:52<3:05:23,  9.91s/it]
 27%|██▋       | 408/1530 [1:11:02<3:05:13,  9.91s/it]
 27%|██▋       | 409/1530 [1:11:12<3:05:03,  9.90s/it]
 27%|██▋       | 410/1530 [1:11:22<3:04:53,  9.90s/it]
 27%|██▋       | 411/1530 [1:11:32<3:04:43,  9.90s/it]
 27%|██▋       | 412/1530 [1:11:42<3:04:33,  9.90s/it]
 27%|██▋       | 413/1530 [1:11:52<3:04:23,  9.90s/it]
 27%|██▋       | 414/1530 [1:12:02<3:05:34,  9.98s/it]
 27%|██▋       | 415/1530 [1:12:12<3:04:59,  9.95s/it]
 27%|██▋       | 416/1530 [1:12:16<2:36:38,  8.44s/it]
                                                      

 27%|██▋       | 416/1530 [1:12:17<2:36:38,  8.44s/it]{'loss': 1.376, 'grad_norm': 2.6108388900756836, 'learning_rate': 3.640522875816993e-05, 'epoch': 8.0}


  0%|          | 0/26 [00:00<?, ?it/s][A

  8%|▊         | 2/26 [00:01<00:14,  1.66it/s][A

 12%|█▏        | 3/26 [00:02<00:19,  1.17it/s][A

 15%|█▌        | 4/26 [00:03<00:21,  1.02it/s][A

 19%|█▉        | 5/26 [00:04<00:22,  1.06s/it][A

 23%|██▎       | 6/26 [00:06<00:22,  1.11s/it][A

 27%|██▋       | 7/26 [00:07<00:21,  1.14s/it][A

 31%|███       | 8/26 [00:08<00:20,  1.16s/it][A

 35%|███▍      | 9/26 [00:09<00:19,  1.17s/it][A

 38%|███▊      | 10/26 [00:10<00:18,  1.18s/it][A

 42%|████▏     | 11/26 [00:12<00:17,  1.19s/it][A

 46%|████▌     | 12/26 [00:13<00:16,  1.19s/it][A

 50%|█████     | 13/26 [00:14<00:15,  1.19s/it][A

 54%|█████▍    | 14/26 [00:15<00:14,  1.19s/it][A

 58%|█████▊    | 15/26 [00:16<00:13,  1.20s/it][A

 62%|██████▏   | 16/26 [00:18<00:11,  1.20s/it][A

 65%|██████▌   | 17/26 [00:19<00:10,  1.20s/it][A

 69%|██████▉   | 18/26 [00:20<00:09,  1.20s/it][A

 73%|███████▎  | 19/26 [00:21<00:08,  1.20s/it][A

 77%|███████▋  | 20/26 [00:22<00:07,  1.20s/it][A

 81%|████████  | 21/26 [00:24<00:06,  1.20s/it][A

 85%|████████▍ | 22/26 [00:25<00:04,  1.20s/it][A

 88%|████████▊ | 23/26 [00:26<00:03,  1.20s/it][A

 92%|█████████▏| 24/26 [00:27<00:02,  1.20s/it][A

 96%|█████████▌| 25/26 [00:28<00:01,  1.20s/it][A

100%|██████████| 26/26 [00:29<00:00,  1.14s/it][A

                                               
[A
                                                      

100%|██████████| 26/26 [00:30<00:00,  1.14s/it][A
 27%|██▋       | 416/1530 [1:12:49<2:36:38,  8.44s/it]

                                               [A{'eval_loss': 1.3054605722427368, 'eval_macro_recall': 0.6164304064593082, 'eval_macro_precision': 0.5627957007806059, 'eval_macro_f1': 0.5534015623219549, 'eval_accuracy': 0.6038882138517618, 'eval_micro_recall': 0.6038882138517618, 'eval_micro_precision': 0.6038882138517618, 'eval_micro_f1': 0.6038882138517618, 'eval_runtime': 31.9894, 'eval_samples_per_second': 25.727, 'eval_steps_per_second': 0.813, 'epoch': 8.0}

 27%|██▋       | 417/1530 [1:13:05<6:19:06, 20.44s/it]
 27%|██▋       | 418/1530 [1:13:15<5:20:10, 17.28s/it]
 27%|██▋       | 419/1530 [1:13:25<4:38:56, 15.06s/it]
 27%|██▋       | 420/1530 [1:13:35<4:10:02, 13.52s/it]
 28%|██▊       | 421/1530 [1:13:45<3:49:46, 12.43s/it]
 28%|██▊       | 422/1530 [1:13:54<3:35:34, 11.67s/it]
 28%|██▊       | 423/1530 [1:14:04<3:25:33, 11.14s/it]
 28%|██▊       | 424/1530 [1:14:14<3:18:32, 10.77s/it]
 28%|██▊       | 425/1530 [1:14:24<3:13:35, 10.51s/it]
 28%|██▊       | 426/1530 [1:14:34<3:10:03, 10.33s/it]
 28%|██▊       | 427/1530 [1:14:45<3:11:06, 10.40s/it]
 28%|██▊       | 428/1530 [1:14:54<3:08:10, 10.25s/it]
 28%|██▊       | 429/1530 [1:15:04<3:06:04, 10.14s/it]
 28%|██▊       | 430/1530 [1:15:14<3:04:34, 10.07s/it]
 28%|██▊       | 431/1530 [1:15:24<3:03:27, 10.02s/it]
 28%|██▊       | 432/1530 [1:15:34<3:02:38,  9.98s/it]
 28%|██▊       | 433/1530 [1:15:44<3:02:00,  9.95s/it]
 28%|██▊       | 434/1530 [1:15:54<3:01:32,  9.94s/it]
 28%|██▊       | 435/1530 [1:16:04<3:01:08,  9.93s/it]
 28%|██▊       | 436/1530 [1:16:14<3:00:48,  9.92s/it]
 29%|██▊       | 437/1530 [1:16:24<3:00:32,  9.91s/it]
 29%|██▊       | 438/1530 [1:16:33<3:00:18,  9.91s/it]
 29%|██▊       | 439/1530 [1:16:43<3:00:06,  9.91s/it]
 29%|██▉       | 440/1530 [1:16:53<2:59:53,  9.90s/it]
 29%|██▉       | 441/1530 [1:17:03<2:59:42,  9.90s/it]
 29%|██▉       | 442/1530 [1:17:13<2:59:31,  9.90s/it]
 29%|██▉       | 443/1530 [1:17:23<2:59:20,  9.90s/it]
 29%|██▉       | 444/1530 [1:17:33<2:59:11,  9.90s/it]
 29%|██▉       | 445/1530 [1:17:43<2:59:00,  9.90s/it]
 29%|██▉       | 446/1530 [1:17:53<2:58:52,  9.90s/it]
 29%|██▉       | 447/1530 [1:18:03<2:58:42,  9.90s/it]
 29%|██▉       | 448/1530 [1:18:12<2:58:31,  9.90s/it]
 29%|██▉       | 449/1530 [1:18:22<2:58:19,  9.90s/it]
 29%|██▉       | 450/1530 [1:18:32<2:58:11,  9.90s/it]
 29%|██▉       | 451/1530 [1:18:42<2:58:01,  9.90s/it]
 30%|██▉       | 452/1530 [1:18:52<2:57:52,  9.90s/it]
 30%|██▉       | 453/1530 [1:19:02<2:57:42,  9.90s/it]
 30%|██▉       | 454/1530 [1:19:12<2:57:32,  9.90s/it]
 30%|██▉       | 455/1530 [1:19:22<2:57:22,  9.90s/it]
 30%|██▉       | 456/1530 [1:19:32<2:57:12,  9.90s/it]
 30%|██▉       | 457/1530 [1:19:42<2:57:01,  9.90s/it]
 30%|██▉       | 458/1530 [1:19:51<2:56:52,  9.90s/it]
 30%|███       | 459/1530 [1:20:01<2:56:43,  9.90s/it]
 30%|███       | 460/1530 [1:20:11<2:56:30,  9.90s/it]
 30%|███       | 461/1530 [1:20:21<2:56:21,  9.90s/it]
 30%|███       | 462/1530 [1:20:31<2:56:12,  9.90s/it]
 30%|███       | 463/1530 [1:20:41<2:56:02,  9.90s/it]
 30%|███       | 464/1530 [1:20:51<2:55:52,  9.90s/it]
 30%|███       | 465/1530 [1:21:01<2:55:41,  9.90s/it]
 30%|███       | 466/1530 [1:21:11<2:55:31,  9.90s/it]
 31%|███       | 467/1530 [1:21:21<2:55:20,  9.90s/it]
 31%|███       | 468/1530 [1:21:25<2:28:43,  8.40s/it]
                                                      

 31%|███       | 468/1530 [1:21:25<2:28:43,  8.40s/it]{'loss': 1.2382, 'grad_norm': 3.2438173294067383, 'learning_rate': 3.470588235294118e-05, 'epoch': 9.0}


  0%|          | 0/26 [00:00<?, ?it/s][A

  8%|▊         | 2/26 [00:01<00:14,  1.66it/s][A

 12%|█▏        | 3/26 [00:02<00:19,  1.18it/s][A

 15%|█▌        | 4/26 [00:03<00:21,  1.02it/s][A

 19%|█▉        | 5/26 [00:04<00:22,  1.06s/it][A

 23%|██▎       | 6/26 [00:06<00:22,  1.11s/it][A

 27%|██▋       | 7/26 [00:07<00:21,  1.14s/it][A

 31%|███       | 8/26 [00:08<00:20,  1.16s/it][A

 35%|███▍      | 9/26 [00:09<00:19,  1.17s/it][A

 38%|███▊      | 10/26 [00:10<00:18,  1.18s/it][A

 42%|████▏     | 11/26 [00:12<00:17,  1.19s/it][A

 46%|████▌     | 12/26 [00:13<00:16,  1.19s/it][A

 50%|█████     | 13/26 [00:14<00:15,  1.19s/it][A

 54%|█████▍    | 14/26 [00:15<00:14,  1.20s/it][A

 58%|█████▊    | 15/26 [00:16<00:13,  1.20s/it][A

 62%|██████▏   | 16/26 [00:18<00:11,  1.20s/it][A

 65%|██████▌   | 17/26 [00:19<00:10,  1.20s/it][A

 69%|██████▉   | 18/26 [00:20<00:09,  1.20s/it][A

 73%|███████▎  | 19/26 [00:21<00:08,  1.20s/it][A

 77%|███████▋  | 20/26 [00:22<00:07,  1.20s/it][A

 81%|████████  | 21/26 [00:24<00:06,  1.20s/it][A

 85%|████████▍ | 22/26 [00:25<00:04,  1.20s/it][A

 88%|████████▊ | 23/26 [00:26<00:03,  1.20s/it][A

 92%|█████████▏| 24/26 [00:27<00:02,  1.20s/it][A

 96%|█████████▌| 25/26 [00:28<00:01,  1.20s/it][A

100%|██████████| 26/26 [00:29<00:00,  1.14s/it][A

                                               
[A
                                                      

100%|██████████| 26/26 [00:29<00:00,  1.14s/it][A
 31%|███       | 468/1530 [1:21:57<2:28:43,  8.40s/it]

                                               [A{'eval_loss': 1.2066272497177124, 'eval_macro_recall': 0.6445866593265437, 'eval_macro_precision': 0.5879723874475928, 'eval_macro_f1': 0.5836718926548027, 'eval_accuracy': 0.6294046172539489, 'eval_micro_recall': 0.6294046172539489, 'eval_micro_precision': 0.6294046172539489, 'eval_micro_f1': 0.6294046172539489, 'eval_runtime': 31.5497, 'eval_samples_per_second': 26.086, 'eval_steps_per_second': 0.824, 'epoch': 9.0}

 31%|███       | 469/1530 [1:22:11<5:44:56, 19.51s/it]
 31%|███       | 470/1530 [1:22:21<4:53:40, 16.62s/it]
 31%|███       | 471/1530 [1:22:31<4:17:47, 14.61s/it]
 31%|███       | 472/1530 [1:22:41<3:52:40, 13.19s/it]
 31%|███       | 473/1530 [1:22:50<3:35:02, 12.21s/it]
 31%|███       | 474/1530 [1:23:00<3:22:37, 11.51s/it]
 31%|███       | 475/1530 [1:23:10<3:13:52, 11.03s/it]
 31%|███       | 476/1530 [1:23:20<3:07:55, 10.70s/it]
 31%|███       | 477/1530 [1:23:30<3:03:33, 10.46s/it]
 31%|███       | 478/1530 [1:23:40<3:00:24, 10.29s/it]
 31%|███▏      | 479/1530 [1:23:50<2:58:10, 10.17s/it]
 31%|███▏      | 480/1530 [1:24:00<2:56:33, 10.09s/it]
 31%|███▏      | 481/1530 [1:24:10<2:55:22, 10.03s/it]
 32%|███▏      | 482/1530 [1:24:20<2:54:29,  9.99s/it]
 32%|███▏      | 483/1530 [1:24:29<2:53:50,  9.96s/it]
 32%|███▏      | 484/1530 [1:24:39<2:53:19,  9.94s/it]
 32%|███▏      | 485/1530 [1:24:49<2:52:55,  9.93s/it]
 32%|███▏      | 486/1530 [1:24:59<2:52:37,  9.92s/it]
 32%|███▏      | 487/1530 [1:25:09<2:52:20,  9.91s/it]
 32%|███▏      | 488/1530 [1:25:19<2:52:05,  9.91s/it]
 32%|███▏      | 489/1530 [1:25:29<2:51:53,  9.91s/it]
 32%|███▏      | 490/1530 [1:25:39<2:51:40,  9.90s/it]
 32%|███▏      | 491/1530 [1:25:49<2:51:29,  9.90s/it]
 32%|███▏      | 492/1530 [1:25:59<2:51:16,  9.90s/it]
 32%|███▏      | 493/1530 [1:26:08<2:51:05,  9.90s/it]
 32%|███▏      | 494/1530 [1:26:18<2:50:56,  9.90s/it]
 32%|███▏      | 495/1530 [1:26:28<2:50:46,  9.90s/it]
 32%|███▏      | 496/1530 [1:26:38<2:50:42,  9.91s/it]
 32%|███▏      | 497/1530 [1:26:48<2:50:38,  9.91s/it]
 33%|███▎      | 498/1530 [1:26:58<2:50:34,  9.92s/it]
 33%|███▎      | 499/1530 [1:27:08<2:50:24,  9.92s/it]
 33%|███▎      | 500/1530 [1:27:18<2:50:15,  9.92s/it]
 33%|███▎      | 501/1530 [1:27:28<2:50:02,  9.92s/it]
 33%|███▎      | 502/1530 [1:27:38<2:49:52,  9.92s/it]
 33%|███▎      | 503/1530 [1:27:48<2:49:39,  9.91s/it]
 33%|███▎      | 504/1530 [1:27:57<2:49:24,  9.91s/it]
 33%|███▎      | 505/1530 [1:28:07<2:49:14,  9.91s/it]
 33%|███▎      | 506/1530 [1:28:17<2:49:01,  9.90s/it]
 33%|███▎      | 507/1530 [1:28:27<2:48:54,  9.91s/it]
 33%|███▎      | 508/1530 [1:28:37<2:48:41,  9.90s/it]
 33%|███▎      | 509/1530 [1:28:47<2:48:29,  9.90s/it]
 33%|███▎      | 510/1530 [1:28:57<2:48:17,  9.90s/it]
 33%|███▎      | 511/1530 [1:29:07<2:48:06,  9.90s/it]
 33%|███▎      | 512/1530 [1:29:17<2:47:56,  9.90s/it]
 34%|███▎      | 513/1530 [1:29:27<2:47:46,  9.90s/it]
 34%|███▎      | 514/1530 [1:29:36<2:47:36,  9.90s/it]
 34%|███▎      | 515/1530 [1:29:46<2:47:25,  9.90s/it]
 34%|███▎      | 516/1530 [1:29:56<2:47:16,  9.90s/it]
 34%|███▍      | 517/1530 [1:30:06<2:47:06,  9.90s/it]
 34%|███▍      | 518/1530 [1:30:16<2:46:56,  9.90s/it]
 34%|███▍      | 519/1530 [1:30:26<2:46:45,  9.90s/it]
 34%|███▍      | 520/1530 [1:30:31<2:21:19,  8.40s/it]
                                                      

 34%|███▍      | 520/1530 [1:30:31<2:21:19,  8.40s/it]{'loss': 1.1258, 'grad_norm': 2.6395373344421387, 'learning_rate': 3.300653594771242e-05, 'epoch': 10.0}


  0%|          | 0/26 [00:00<?, ?it/s][A

  8%|▊         | 2/26 [00:01<00:14,  1.66it/s][A

 12%|█▏        | 3/26 [00:02<00:19,  1.18it/s][A

 15%|█▌        | 4/26 [00:03<00:21,  1.02it/s][A

 19%|█▉        | 5/26 [00:04<00:22,  1.06s/it][A

 23%|██▎       | 6/26 [00:06<00:22,  1.10s/it][A

 27%|██▋       | 7/26 [00:07<00:21,  1.14s/it][A

 31%|███       | 8/26 [00:08<00:20,  1.16s/it][A

 35%|███▍      | 9/26 [00:09<00:19,  1.17s/it][A

 38%|███▊      | 10/26 [00:10<00:18,  1.18s/it][A

 42%|████▏     | 11/26 [00:12<00:17,  1.19s/it][A

 46%|████▌     | 12/26 [00:13<00:16,  1.19s/it][A

 50%|█████     | 13/26 [00:14<00:15,  1.19s/it][A

 54%|█████▍    | 14/26 [00:15<00:14,  1.20s/it][A

 58%|█████▊    | 15/26 [00:16<00:13,  1.20s/it][A

 62%|██████▏   | 16/26 [00:18<00:11,  1.20s/it][A

 65%|██████▌   | 17/26 [00:19<00:10,  1.20s/it][A

 69%|██████▉   | 18/26 [00:20<00:09,  1.20s/it][A

 73%|███████▎  | 19/26 [00:21<00:08,  1.20s/it][A

 77%|███████▋  | 20/26 [00:22<00:07,  1.20s/it][A

 81%|████████  | 21/26 [00:24<00:06,  1.20s/it][A

 85%|████████▍ | 22/26 [00:25<00:04,  1.20s/it][A

 88%|████████▊ | 23/26 [00:26<00:03,  1.20s/it][A

 92%|█████████▏| 24/26 [00:27<00:02,  1.20s/it][A

 96%|█████████▌| 25/26 [00:28<00:01,  1.20s/it][A

100%|██████████| 26/26 [00:29<00:00,  1.14s/it][A

                                               
[A
                                                      

100%|██████████| 26/26 [00:29<00:00,  1.14s/it][A
 34%|███▍      | 520/1530 [1:31:02<2:21:19,  8.40s/it]

                                               [A{'eval_loss': 1.1204488277435303, 'eval_macro_recall': 0.6398041104688503, 'eval_macro_precision': 0.6048598597923925, 'eval_macro_f1': 0.5871743303049262, 'eval_accuracy': 0.6257594167679222, 'eval_micro_recall': 0.6257594167679222, 'eval_micro_precision': 0.6257594167679222, 'eval_micro_f1': 0.6257594167679222, 'eval_runtime': 31.3568, 'eval_samples_per_second': 26.246, 'eval_steps_per_second': 0.829, 'epoch': 10.0}

 34%|███▍      | 521/1530 [1:31:16<5:27:10, 19.45s/it]
 34%|███▍      | 522/1530 [1:31:26<4:38:41, 16.59s/it]
 34%|███▍      | 523/1530 [1:31:36<4:04:41, 14.58s/it]
 34%|███▍      | 524/1530 [1:31:46<3:40:54, 13.18s/it]
 34%|███▍      | 525/1530 [1:31:56<3:24:12, 12.19s/it]
 34%|███▍      | 526/1530 [1:32:06<3:12:28, 11.50s/it]
 34%|███▍      | 527/1530 [1:32:15<3:04:14, 11.02s/it]
 35%|███▍      | 528/1530 [1:32:25<2:58:24, 10.68s/it]
 35%|███▍      | 529/1530 [1:32:35<2:54:18, 10.45s/it]
 35%|███▍      | 530/1530 [1:32:45<2:51:25, 10.29s/it]
 35%|███▍      | 531/1530 [1:32:55<2:49:18, 10.17s/it]
 35%|███▍      | 532/1530 [1:33:05<2:47:46, 10.09s/it]
 35%|███▍      | 533/1530 [1:33:15<2:46:38, 10.03s/it]
 35%|███▍      | 534/1530 [1:33:25<2:45:51,  9.99s/it]
 35%|███▍      | 535/1530 [1:33:35<2:45:11,  9.96s/it]
 35%|███▌      | 536/1530 [1:33:45<2:44:43,  9.94s/it]
 35%|███▌      | 537/1530 [1:33:54<2:44:27,  9.94s/it]
 35%|███▌      | 538/1530 [1:34:04<2:44:11,  9.93s/it]
 35%|███▌      | 539/1530 [1:34:14<2:43:58,  9.93s/it]
 35%|███▌      | 540/1530 [1:34:24<2:43:40,  9.92s/it]
 35%|███▌      | 541/1530 [1:34:34<2:43:23,  9.91s/it]
 35%|███▌      | 542/1530 [1:34:44<2:43:09,  9.91s/it]
 35%|███▌      | 543/1530 [1:34:54<2:42:58,  9.91s/it]
 36%|███▌      | 544/1530 [1:35:04<2:42:46,  9.91s/it]
 36%|███▌      | 545/1530 [1:35:14<2:42:33,  9.90s/it]
 36%|███▌      | 546/1530 [1:35:24<2:42:21,  9.90s/it]
 36%|███▌      | 547/1530 [1:35:33<2:42:10,  9.90s/it]
 36%|███▌      | 548/1530 [1:35:43<2:42:06,  9.90s/it]
 36%|███▌      | 549/1530 [1:35:53<2:41:54,  9.90s/it]
 36%|███▌      | 550/1530 [1:36:03<2:41:42,  9.90s/it]
 36%|███▌      | 551/1530 [1:36:13<2:41:31,  9.90s/it]
 36%|███▌      | 552/1530 [1:36:23<2:41:18,  9.90s/it]
 36%|███▌      | 553/1530 [1:36:33<2:41:07,  9.90s/it]
 36%|███▌      | 554/1530 [1:36:43<2:40:57,  9.89s/it]
 36%|███▋      | 555/1530 [1:36:53<2:40:47,  9.90s/it]
 36%|███▋      | 556/1530 [1:37:03<2:40:38,  9.90s/it]
 36%|███▋      | 557/1530 [1:37:12<2:40:28,  9.90s/it]
 36%|███▋      | 558/1530 [1:37:22<2:40:17,  9.89s/it]
 37%|███▋      | 559/1530 [1:37:32<2:40:08,  9.90s/it]
 37%|███▋      | 560/1530 [1:37:42<2:39:59,  9.90s/it]
 37%|███▋      | 561/1530 [1:37:52<2:39:48,  9.89s/it]
 37%|███▋      | 562/1530 [1:38:02<2:39:37,  9.89s/it]
 37%|███▋      | 563/1530 [1:38:12<2:39:28,  9.89s/it]
 37%|███▋      | 564/1530 [1:38:22<2:39:18,  9.89s/it]
 37%|███▋      | 565/1530 [1:38:32<2:39:11,  9.90s/it]
 37%|███▋      | 566/1530 [1:38:42<2:39:01,  9.90s/it]
 37%|███▋      | 567/1530 [1:38:51<2:38:51,  9.90s/it]
 37%|███▋      | 568/1530 [1:39:01<2:38:41,  9.90s/it]
 37%|███▋      | 569/1530 [1:39:11<2:38:31,  9.90s/it]
 37%|███▋      | 570/1530 [1:39:21<2:38:21,  9.90s/it]
 37%|███▋      | 571/1530 [1:39:31<2:38:11,  9.90s/it]
 37%|███▋      | 572/1530 [1:39:36<2:14:07,  8.40s/it]
                                                      

 37%|███▋      | 572/1530 [1:39:36<2:14:07,  8.40s/it]{'loss': 1.0442, 'grad_norm': 2.431450366973877, 'learning_rate': 3.130718954248366e-05, 'epoch': 11.0}


  0%|          | 0/26 [00:00<?, ?it/s][A

  8%|▊         | 2/26 [00:01<00:14,  1.66it/s][A

 12%|█▏        | 3/26 [00:02<00:19,  1.18it/s][A

 15%|█▌        | 4/26 [00:03<00:21,  1.02it/s][A

 19%|█▉        | 5/26 [00:04<00:22,  1.06s/it][A

 23%|██▎       | 6/26 [00:05<00:22,  1.10s/it][A

 27%|██▋       | 7/26 [00:07<00:21,  1.13s/it][A

 31%|███       | 8/26 [00:08<00:20,  1.15s/it][A

 35%|███▍      | 9/26 [00:09<00:19,  1.17s/it][A

 38%|███▊      | 10/26 [00:10<00:18,  1.18s/it][A

 42%|████▏     | 11/26 [00:11<00:17,  1.18s/it][A

 46%|████▌     | 12/26 [00:13<00:16,  1.19s/it][A

 50%|█████     | 13/26 [00:14<00:15,  1.19s/it][A

 54%|█████▍    | 14/26 [00:15<00:14,  1.19s/it][A

 58%|█████▊    | 15/26 [00:16<00:13,  1.20s/it][A

 62%|██████▏   | 16/26 [00:17<00:11,  1.20s/it][A

 65%|██████▌   | 17/26 [00:19<00:10,  1.20s/it][A

 69%|██████▉   | 18/26 [00:20<00:09,  1.20s/it][A

 73%|███████▎  | 19/26 [00:21<00:08,  1.20s/it][A

 77%|███████▋  | 20/26 [00:22<00:07,  1.20s/it][A

 81%|████████  | 21/26 [00:23<00:05,  1.20s/it][A

 85%|████████▍ | 22/26 [00:25<00:04,  1.20s/it][A

 88%|████████▊ | 23/26 [00:26<00:03,  1.20s/it][A

 92%|█████████▏| 24/26 [00:27<00:02,  1.20s/it][A

 96%|█████████▌| 25/26 [00:28<00:01,  1.20s/it][A

100%|██████████| 26/26 [00:29<00:00,  1.14s/it][A

                                               
[A
                                                      

100%|██████████| 26/26 [00:29<00:00,  1.14s/it][A
 37%|███▋      | 572/1530 [1:40:07<2:14:07,  8.40s/it]

                                               [A{'eval_loss': 1.0539817810058594, 'eval_macro_recall': 0.652919992659877, 'eval_macro_precision': 0.6091629572307737, 'eval_macro_f1': 0.6007630576186217, 'eval_accuracy': 0.6427703523693803, 'eval_micro_recall': 0.6427703523693803, 'eval_micro_precision': 0.6427703523693803, 'eval_micro_f1': 0.6427703523693803, 'eval_runtime': 31.3398, 'eval_samples_per_second': 26.261, 'eval_steps_per_second': 0.83, 'epoch': 11.0}

 37%|███▋      | 573/1530 [1:40:21<5:10:22, 19.46s/it]
 38%|███▊      | 574/1530 [1:40:31<4:24:22, 16.59s/it]
 38%|███▊      | 575/1530 [1:40:41<3:52:08, 14.58s/it]
 38%|███▊      | 576/1530 [1:40:51<3:29:32, 13.18s/it]
 38%|███▊      | 577/1530 [1:41:01<3:13:40, 12.19s/it]
 38%|███▊      | 578/1530 [1:41:11<3:02:36, 11.51s/it]
 38%|███▊      | 579/1530 [1:41:21<2:54:49, 11.03s/it]
 38%|███▊      | 580/1530 [1:41:31<2:49:18, 10.69s/it]
 38%|███▊      | 581/1530 [1:41:40<2:45:23, 10.46s/it]
 38%|███▊      | 582/1530 [1:41:50<2:42:33, 10.29s/it]
 38%|███▊      | 583/1530 [1:42:00<2:40:32, 10.17s/it]
 38%|███▊      | 584/1530 [1:42:10<2:39:05, 10.09s/it]
 38%|███▊      | 585/1530 [1:42:20<2:38:01, 10.03s/it]
 38%|███▊      | 586/1530 [1:42:30<2:37:17, 10.00s/it]
 38%|███▊      | 587/1530 [1:42:40<2:36:40,  9.97s/it]
 38%|███▊      | 588/1530 [1:42:50<2:36:11,  9.95s/it]
 38%|███▊      | 589/1530 [1:43:00<2:35:48,  9.93s/it]
 39%|███▊      | 590/1530 [1:43:10<2:35:30,  9.93s/it]
 39%|███▊      | 591/1530 [1:43:19<2:35:14,  9.92s/it]
 39%|███▊      | 592/1530 [1:43:29<2:35:00,  9.92s/it]
 39%|███▉      | 593/1530 [1:43:39<2:34:48,  9.91s/it]
 39%|███▉      | 594/1530 [1:43:49<2:34:34,  9.91s/it]
 39%|███▉      | 595/1530 [1:43:59<2:34:23,  9.91s/it]
 39%|███▉      | 596/1530 [1:44:09<2:34:12,  9.91s/it]
 39%|███▉      | 597/1530 [1:44:19<2:34:00,  9.90s/it]
 39%|███▉      | 598/1530 [1:44:29<2:33:51,  9.91s/it]
 39%|███▉      | 599/1530 [1:44:39<2:33:41,  9.91s/it]
 39%|███▉      | 600/1530 [1:44:49<2:33:32,  9.91s/it]
 39%|███▉      | 601/1530 [1:44:58<2:33:21,  9.91s/it]
 39%|███▉      | 602/1530 [1:45:08<2:33:11,  9.91s/it]
 39%|███▉      | 603/1530 [1:45:18<2:33:00,  9.90s/it]
 39%|███▉      | 604/1530 [1:45:28<2:32:50,  9.90s/it]
 40%|███▉      | 605/1530 [1:45:38<2:32:40,  9.90s/it]
 40%|███▉      | 606/1530 [1:45:48<2:32:31,  9.90s/it]
 40%|███▉      | 607/1530 [1:45:58<2:32:20,  9.90s/it]
 40%|███▉      | 608/1530 [1:46:08<2:32:10,  9.90s/it]
 40%|███▉      | 609/1530 [1:46:18<2:32:00,  9.90s/it]
 40%|███▉      | 610/1530 [1:46:28<2:31:51,  9.90s/it]
 40%|███▉      | 611/1530 [1:46:38<2:31:40,  9.90s/it]
 40%|████      | 612/1530 [1:46:47<2:31:30,  9.90s/it]
 40%|████      | 613/1530 [1:46:57<2:31:20,  9.90s/it]
 40%|████      | 614/1530 [1:47:07<2:31:10,  9.90s/it]
 40%|████      | 615/1530 [1:47:17<2:30:59,  9.90s/it]
 40%|████      | 616/1530 [1:47:27<2:30:51,  9.90s/it]
 40%|████      | 617/1530 [1:47:37<2:30:41,  9.90s/it]
 40%|████      | 618/1530 [1:47:47<2:30:32,  9.90s/it]
 40%|████      | 619/1530 [1:47:57<2:30:23,  9.90s/it]
 41%|████      | 620/1530 [1:48:07<2:30:13,  9.90s/it]
 41%|████      | 621/1530 [1:48:17<2:30:02,  9.90s/it]
 41%|████      | 622/1530 [1:48:26<2:29:53,  9.90s/it]
 41%|████      | 623/1530 [1:48:36<2:29:42,  9.90s/it]
 41%|████      | 624/1530 [1:48:41<2:07:02,  8.41s/it]
                                                      

 41%|████      | 624/1530 [1:48:41<2:07:02,  8.41s/it]{'loss': 0.9712, 'grad_norm': 2.213024854660034, 'learning_rate': 2.9607843137254905e-05, 'epoch': 12.0}


  0%|          | 0/26 [00:00<?, ?it/s][A

  8%|▊         | 2/26 [00:01<00:14,  1.66it/s][A

 12%|█▏        | 3/26 [00:02<00:19,  1.18it/s][A

 15%|█▌        | 4/26 [00:03<00:21,  1.02it/s][A

 19%|█▉        | 5/26 [00:04<00:22,  1.06s/it][A

 23%|██▎       | 6/26 [00:05<00:22,  1.10s/it][A

 27%|██▋       | 7/26 [00:07<00:21,  1.13s/it][A

 31%|███       | 8/26 [00:08<00:20,  1.15s/it][A

 35%|███▍      | 9/26 [00:09<00:19,  1.17s/it][A

 38%|███▊      | 10/26 [00:10<00:18,  1.18s/it][A

 42%|████▏     | 11/26 [00:11<00:17,  1.18s/it][A

 46%|████▌     | 12/26 [00:13<00:16,  1.19s/it][A

 50%|█████     | 13/26 [00:14<00:15,  1.19s/it][A

 54%|█████▍    | 14/26 [00:15<00:14,  1.19s/it][A

 58%|█████▊    | 15/26 [00:16<00:13,  1.20s/it][A

 62%|██████▏   | 16/26 [00:17<00:11,  1.20s/it][A

 65%|██████▌   | 17/26 [00:19<00:10,  1.20s/it][A

 69%|██████▉   | 18/26 [00:20<00:09,  1.20s/it][A

 73%|███████▎  | 19/26 [00:21<00:08,  1.20s/it][A

 77%|███████▋  | 20/26 [00:22<00:07,  1.20s/it][A

 81%|████████  | 21/26 [00:23<00:06,  1.20s/it][A

 85%|████████▍ | 22/26 [00:25<00:04,  1.20s/it][A

 88%|████████▊ | 23/26 [00:26<00:03,  1.20s/it][A

 92%|█████████▏| 24/26 [00:27<00:02,  1.20s/it][A

 96%|█████████▌| 25/26 [00:28<00:01,  1.20s/it][A

100%|██████████| 26/26 [00:29<00:00,  1.13s/it][A

                                               
[A
                                                      

100%|██████████| 26/26 [00:29<00:00,  1.13s/it][A
 41%|████      | 624/1530 [1:49:13<2:07:02,  8.41s/it]

                                               [A{'eval_loss': 1.0248744487762451, 'eval_macro_recall': 0.6781677218093404, 'eval_macro_precision': 0.6429047253041857, 'eval_macro_f1': 0.6278848922172773, 'eval_accuracy': 0.6597812879708383, 'eval_micro_recall': 0.6597812879708383, 'eval_micro_precision': 0.6597812879708383, 'eval_micro_f1': 0.6597812879708383, 'eval_runtime': 31.3361, 'eval_samples_per_second': 26.264, 'eval_steps_per_second': 0.83, 'epoch': 12.0}

 41%|████      | 625/1530 [1:49:26<4:52:31, 19.39s/it]
 41%|████      | 626/1530 [1:49:36<4:09:18, 16.55s/it]
 41%|████      | 627/1530 [1:49:46<3:39:03, 14.56s/it]
 41%|████      | 628/1530 [1:49:56<3:17:49, 13.16s/it]
 41%|████      | 629/1530 [1:50:06<3:02:56, 12.18s/it]
 41%|████      | 630/1530 [1:50:16<2:52:29, 11.50s/it]
 41%|████      | 631/1530 [1:50:26<2:45:08, 11.02s/it]
 41%|████▏     | 632/1530 [1:50:36<2:39:56, 10.69s/it]
 41%|████▏     | 633/1530 [1:50:46<2:36:14, 10.45s/it]
 41%|████▏     | 634/1530 [1:50:55<2:33:37, 10.29s/it]
 42%|████▏     | 635/1530 [1:51:05<2:31:44, 10.17s/it]
 42%|████▏     | 636/1530 [1:51:15<2:30:24, 10.09s/it]
 42%|████▏     | 637/1530 [1:51:25<2:29:23, 10.04s/it]
 42%|████▏     | 638/1530 [1:51:35<2:28:35, 10.00s/it]
 42%|████▏     | 639/1530 [1:51:45<2:28:01,  9.97s/it]
 42%|████▏     | 640/1530 [1:51:55<2:27:32,  9.95s/it]
 42%|████▏     | 641/1530 [1:52:05<2:27:09,  9.93s/it]
 42%|████▏     | 642/1530 [1:52:15<2:26:55,  9.93s/it]
 42%|████▏     | 643/1530 [1:52:25<2:26:39,  9.92s/it]
 42%|████▏     | 644/1530 [1:52:34<2:26:27,  9.92s/it]
 42%|████▏     | 645/1530 [1:52:44<2:26:14,  9.91s/it]
 42%|████▏     | 646/1530 [1:52:54<2:26:02,  9.91s/it]
 42%|████▏     | 647/1530 [1:53:04<2:25:49,  9.91s/it]
 42%|████▏     | 648/1530 [1:53:14<2:25:36,  9.91s/it]
 42%|████▏     | 649/1530 [1:53:24<2:25:24,  9.90s/it]
 42%|████▏     | 650/1530 [1:53:34<2:25:13,  9.90s/it]
 43%|████▎     | 651/1530 [1:53:44<2:25:02,  9.90s/it]
 43%|████▎     | 652/1530 [1:53:54<2:24:52,  9.90s/it]
 43%|████▎     | 653/1530 [1:54:04<2:24:41,  9.90s/it]
 43%|████▎     | 654/1530 [1:54:13<2:24:32,  9.90s/it]
 43%|████▎     | 655/1530 [1:54:23<2:24:23,  9.90s/it]
 43%|████▎     | 656/1530 [1:54:33<2:24:13,  9.90s/it]
 43%|████▎     | 657/1530 [1:54:43<2:24:03,  9.90s/it]
 43%|████▎     | 658/1530 [1:54:53<2:23:53,  9.90s/it]
 43%|████▎     | 659/1530 [1:55:03<2:23:42,  9.90s/it]
 43%|████▎     | 660/1530 [1:55:13<2:23:33,  9.90s/it]
 43%|████▎     | 661/1530 [1:55:23<2:23:23,  9.90s/it]
 43%|████▎     | 662/1530 [1:55:33<2:23:14,  9.90s/it]
 43%|████▎     | 663/1530 [1:55:43<2:23:03,  9.90s/it]
 43%|████▎     | 664/1530 [1:55:52<2:22:54,  9.90s/it]
 43%|████▎     | 665/1530 [1:56:02<2:22:44,  9.90s/it]
 44%|████▎     | 666/1530 [1:56:12<2:22:33,  9.90s/it]
 44%|████▎     | 667/1530 [1:56:22<2:22:23,  9.90s/it]
 44%|████▎     | 668/1530 [1:56:32<2:22:13,  9.90s/it]
 44%|████▎     | 669/1530 [1:56:42<2:22:03,  9.90s/it]
 44%|████▍     | 670/1530 [1:56:52<2:21:55,  9.90s/it]
 44%|████▍     | 671/1530 [1:57:02<2:21:45,  9.90s/it]
 44%|████▍     | 672/1530 [1:57:12<2:21:36,  9.90s/it]
 44%|████▍     | 673/1530 [1:57:22<2:21:26,  9.90s/it]
 44%|████▍     | 674/1530 [1:57:32<2:21:14,  9.90s/it]
 44%|████▍     | 675/1530 [1:57:41<2:21:05,  9.90s/it]
 44%|████▍     | 676/1530 [1:57:46<1:59:30,  8.40s/it]
                                                      

 44%|████▍     | 676/1530 [1:57:46<1:59:30,  8.40s/it]{'loss': 0.908, 'grad_norm': 1.714341163635254, 'learning_rate': 2.7908496732026145e-05, 'epoch': 13.0}


  0%|          | 0/26 [00:00<?, ?it/s][A

  8%|▊         | 2/26 [00:01<00:14,  1.66it/s][A

 12%|█▏        | 3/26 [00:02<00:19,  1.17it/s][A

 15%|█▌        | 4/26 [00:03<00:21,  1.02it/s][A

 19%|█▉        | 5/26 [00:04<00:22,  1.06s/it][A

 23%|██▎       | 6/26 [00:06<00:22,  1.11s/it][A

 27%|██▋       | 7/26 [00:07<00:21,  1.14s/it][A

 31%|███       | 8/26 [00:08<00:20,  1.16s/it][A

 35%|███▍      | 9/26 [00:09<00:19,  1.17s/it][A

 38%|███▊      | 10/26 [00:10<00:18,  1.18s/it][A

 42%|████▏     | 11/26 [00:12<00:17,  1.19s/it][A

 46%|████▌     | 12/26 [00:13<00:16,  1.19s/it][A

 50%|█████     | 13/26 [00:14<00:15,  1.19s/it][A

 54%|█████▍    | 14/26 [00:15<00:14,  1.20s/it][A

 58%|█████▊    | 15/26 [00:16<00:13,  1.20s/it][A

 62%|██████▏   | 16/26 [00:18<00:11,  1.20s/it][A

 65%|██████▌   | 17/26 [00:19<00:10,  1.20s/it][A

 69%|██████▉   | 18/26 [00:20<00:09,  1.20s/it][A

 73%|███████▎  | 19/26 [00:21<00:08,  1.20s/it][A

 77%|███████▋  | 20/26 [00:22<00:07,  1.20s/it][A

 81%|████████  | 21/26 [00:24<00:06,  1.20s/it][A

 85%|████████▍ | 22/26 [00:25<00:04,  1.20s/it][A

 88%|████████▊ | 23/26 [00:26<00:03,  1.20s/it][A

 92%|█████████▏| 24/26 [00:27<00:02,  1.20s/it][A

 96%|█████████▌| 25/26 [00:28<00:01,  1.20s/it][A

100%|██████████| 26/26 [00:29<00:00,  1.14s/it][A

                                               
[A
                                                      

100%|██████████| 26/26 [00:29<00:00,  1.14s/it][A
 44%|████▍     | 676/1530 [1:58:18<1:59:30,  8.40s/it]

                                               [A{'eval_loss': 0.9849549531936646, 'eval_macro_recall': 0.690918891641435, 'eval_macro_precision': 0.6453462916423062, 'eval_macro_f1': 0.6422471743922572, 'eval_accuracy': 0.6707168894289186, 'eval_micro_recall': 0.6707168894289186, 'eval_micro_precision': 0.6707168894289186, 'eval_micro_f1': 0.6707168894289186, 'eval_runtime': 31.3567, 'eval_samples_per_second': 26.246, 'eval_steps_per_second': 0.829, 'epoch': 13.0}

 44%|████▍     | 677/1530 [1:58:32<4:36:52, 19.48s/it]
 44%|████▍     | 678/1530 [1:58:42<3:55:45, 16.60s/it]
 44%|████▍     | 679/1530 [1:58:51<3:26:56, 14.59s/it]
 44%|████▍     | 680/1530 [1:59:01<3:06:45, 13.18s/it]
 45%|████▍     | 681/1530 [1:59:11<2:52:35, 12.20s/it]
 45%|████▍     | 682/1530 [1:59:21<2:42:38, 11.51s/it]
 45%|████▍     | 683/1530 [1:59:31<2:35:37, 11.02s/it]
 45%|████▍     | 684/1530 [1:59:41<2:30:41, 10.69s/it]
 45%|████▍     | 685/1530 [1:59:51<2:27:11, 10.45s/it]
 45%|████▍     | 686/1530 [2:00:01<2:24:46, 10.29s/it]
 45%|████▍     | 687/1530 [2:00:11<2:22:58, 10.18s/it]
 45%|████▍     | 688/1530 [2:00:21<2:21:37, 10.09s/it]
 45%|████▌     | 689/1530 [2:00:30<2:20:39, 10.04s/it]
 45%|████▌     | 690/1530 [2:00:40<2:19:54,  9.99s/it]
 45%|████▌     | 691/1530 [2:00:50<2:19:20,  9.97s/it]
 45%|████▌     | 692/1530 [2:01:00<2:18:54,  9.95s/it]
 45%|████▌     | 693/1530 [2:01:10<2:18:32,  9.93s/it]
 45%|████▌     | 694/1530 [2:01:20<2:18:14,  9.92s/it]
 45%|████▌     | 695/1530 [2:01:30<2:17:59,  9.92s/it]
 45%|████▌     | 696/1530 [2:01:40<2:17:47,  9.91s/it]
 46%|████▌     | 697/1530 [2:01:50<2:17:34,  9.91s/it]
 46%|████▌     | 698/1530 [2:02:00<2:17:22,  9.91s/it]
 46%|████▌     | 699/1530 [2:02:09<2:17:10,  9.90s/it]
 46%|████▌     | 700/1530 [2:02:19<2:16:59,  9.90s/it]
 46%|████▌     | 701/1530 [2:02:29<2:16:49,  9.90s/it]
 46%|████▌     | 702/1530 [2:02:39<2:16:39,  9.90s/it]
 46%|████▌     | 703/1530 [2:02:49<2:16:28,  9.90s/it]
 46%|████▌     | 704/1530 [2:02:59<2:16:17,  9.90s/it]
 46%|████▌     | 705/1530 [2:03:09<2:16:06,  9.90s/it]
 46%|████▌     | 706/1530 [2:03:19<2:15:56,  9.90s/it]
 46%|████▌     | 707/1530 [2:03:29<2:15:45,  9.90s/it]
 46%|████▋     | 708/1530 [2:03:39<2:15:34,  9.90s/it]
 46%|████▋     | 709/1530 [2:03:48<2:15:25,  9.90s/it]
 46%|████▋     | 710/1530 [2:03:58<2:15:16,  9.90s/it]
 46%|████▋     | 711/1530 [2:04:08<2:15:07,  9.90s/it]
 47%|████▋     | 712/1530 [2:04:18<2:14:57,  9.90s/it]
 47%|████▋     | 713/1530 [2:04:28<2:14:48,  9.90s/it]
 47%|████▋     | 714/1530 [2:04:38<2:14:37,  9.90s/it]
 47%|████▋     | 715/1530 [2:04:48<2:14:27,  9.90s/it]
 47%|████▋     | 716/1530 [2:04:58<2:14:19,  9.90s/it]
 47%|████▋     | 717/1530 [2:05:08<2:14:08,  9.90s/it]
 47%|████▋     | 718/1530 [2:05:18<2:13:58,  9.90s/it]
 47%|████▋     | 719/1530 [2:05:27<2:13:49,  9.90s/it]
 47%|████▋     | 720/1530 [2:05:37<2:13:39,  9.90s/it]
 47%|████▋     | 721/1530 [2:05:47<2:13:28,  9.90s/it]
 47%|████▋     | 722/1530 [2:05:57<2:13:18,  9.90s/it]
 47%|████▋     | 723/1530 [2:06:07<2:13:07,  9.90s/it]
 47%|████▋     | 724/1530 [2:06:17<2:13:03,  9.91s/it]
 47%|████▋     | 725/1530 [2:06:27<2:12:51,  9.90s/it]
 47%|████▋     | 726/1530 [2:06:37<2:12:39,  9.90s/it]
 48%|████▊     | 727/1530 [2:06:47<2:12:27,  9.90s/it]
 48%|████▊     | 728/1530 [2:06:52<1:52:26,  8.41s/it]
                                                      

 48%|████▊     | 728/1530 [2:06:52<1:52:26,  8.41s/it]{'loss': 0.8559, 'grad_norm': 1.3866007328033447, 'learning_rate': 2.620915032679739e-05, 'epoch': 14.0}


  0%|          | 0/26 [00:00<?, ?it/s][A

  8%|▊         | 2/26 [00:01<00:14,  1.66it/s][A

 12%|█▏        | 3/26 [00:02<00:19,  1.18it/s][A

 15%|█▌        | 4/26 [00:03<00:21,  1.02it/s][A

 19%|█▉        | 5/26 [00:04<00:22,  1.06s/it][A

 23%|██▎       | 6/26 [00:06<00:22,  1.10s/it][A

 27%|██▋       | 7/26 [00:07<00:21,  1.14s/it][A

 31%|███       | 8/26 [00:08<00:20,  1.16s/it][A

 35%|███▍      | 9/26 [00:09<00:19,  1.17s/it][A

 38%|███▊      | 10/26 [00:10<00:18,  1.18s/it][A

 42%|████▏     | 11/26 [00:12<00:17,  1.19s/it][A

 46%|████▌     | 12/26 [00:13<00:16,  1.19s/it][A

 50%|█████     | 13/26 [00:14<00:15,  1.19s/it][A

 54%|█████▍    | 14/26 [00:15<00:14,  1.20s/it][A

 58%|█████▊    | 15/26 [00:16<00:13,  1.20s/it][A

 62%|██████▏   | 16/26 [00:18<00:11,  1.20s/it][A

 65%|██████▌   | 17/26 [00:19<00:10,  1.20s/it][A

 69%|██████▉   | 18/26 [00:20<00:09,  1.20s/it][A

 73%|███████▎  | 19/26 [00:21<00:08,  1.20s/it][A

 77%|███████▋  | 20/26 [00:22<00:07,  1.20s/it][A

 81%|████████  | 21/26 [00:24<00:06,  1.20s/it][A

 85%|████████▍ | 22/26 [00:25<00:04,  1.20s/it][A

 88%|████████▊ | 23/26 [00:26<00:03,  1.20s/it][A

 92%|█████████▏| 24/26 [00:27<00:02,  1.20s/it][A

 96%|█████████▌| 25/26 [00:28<00:01,  1.20s/it][A

100%|██████████| 26/26 [00:29<00:00,  1.13s/it][A

                                               
[A
                                                      

100%|██████████| 26/26 [00:29<00:00,  1.13s/it][A
 48%|████▊     | 728/1530 [2:07:23<1:52:26,  8.41s/it]

                                               [A{'eval_loss': 0.9640754461288452, 'eval_macro_recall': 0.6967818148453986, 'eval_macro_precision': 0.6597374720739491, 'eval_macro_f1': 0.6538048871217953, 'eval_accuracy': 0.6804374240583232, 'eval_micro_recall': 0.6804374240583232, 'eval_micro_precision': 0.6804374240583232, 'eval_micro_f1': 0.6804374240583232, 'eval_runtime': 31.3188, 'eval_samples_per_second': 26.278, 'eval_steps_per_second': 0.83, 'epoch': 14.0}

 48%|████▊     | 729/1530 [2:07:37<4:19:40, 19.45s/it]
 48%|████▊     | 730/1530 [2:07:47<3:41:07, 16.58s/it]
 48%|████▊     | 731/1530 [2:07:57<3:14:12, 14.58s/it]
 48%|████▊     | 732/1530 [2:08:06<2:55:18, 13.18s/it]
 48%|████▊     | 733/1530 [2:08:16<2:41:59, 12.20s/it]
 48%|████▊     | 734/1530 [2:08:26<2:32:38, 11.51s/it]
 48%|████▊     | 735/1530 [2:08:36<2:26:02, 11.02s/it]
 48%|████▊     | 736/1530 [2:08:46<2:21:23, 10.68s/it]
 48%|████▊     | 737/1530 [2:08:56<2:18:05, 10.45s/it]
 48%|████▊     | 738/1530 [2:09:06<2:15:44, 10.28s/it]
 48%|████▊     | 739/1530 [2:09:16<2:14:02, 10.17s/it]
 48%|████▊     | 740/1530 [2:09:26<2:12:47, 10.08s/it]
 48%|████▊     | 741/1530 [2:09:36<2:11:52, 10.03s/it]
 48%|████▊     | 742/1530 [2:09:45<2:11:17, 10.00s/it]
 49%|████▊     | 743/1530 [2:09:55<2:10:46,  9.97s/it]
 49%|████▊     | 744/1530 [2:10:05<2:10:18,  9.95s/it]
 49%|████▊     | 745/1530 [2:10:19<2:22:56, 10.93s/it]
 49%|████▉     | 746/1530 [2:10:32<2:33:50, 11.77s/it]
 49%|████▉     | 747/1530 [2:10:42<2:26:17, 11.21s/it]
 49%|████▉     | 748/1530 [2:10:52<2:21:01, 10.82s/it]
 49%|████▉     | 749/1530 [2:11:02<2:17:16, 10.55s/it]
 49%|████▉     | 750/1530 [2:11:12<2:14:35, 10.35s/it]
 49%|████▉     | 751/1530 [2:11:22<2:12:39, 10.22s/it]
 49%|████▉     | 752/1530 [2:11:32<2:11:18, 10.13s/it]
 49%|████▉     | 753/1530 [2:11:42<2:10:17, 10.06s/it]
 49%|████▉     | 754/1530 [2:11:51<2:09:33, 10.02s/it]
 49%|████▉     | 755/1530 [2:12:01<2:08:55,  9.98s/it]
 49%|████▉     | 756/1530 [2:12:11<2:08:27,  9.96s/it]
 49%|████▉     | 757/1530 [2:12:21<2:08:07,  9.95s/it]
 50%|████▉     | 758/1530 [2:12:31<2:07:47,  9.93s/it]
 50%|████▉     | 759/1530 [2:12:41<2:07:30,  9.92s/it]
 50%|████▉     | 760/1530 [2:12:51<2:07:17,  9.92s/it]
 50%|████▉     | 761/1530 [2:13:01<2:07:05,  9.92s/it]
 50%|████▉     | 762/1530 [2:13:11<2:06:53,  9.91s/it]
 50%|████▉     | 763/1530 [2:13:21<2:06:41,  9.91s/it]
 50%|████▉     | 764/1530 [2:13:31<2:06:38,  9.92s/it]
 50%|█████     | 765/1530 [2:13:40<2:06:26,  9.92s/it]
 50%|█████     | 766/1530 [2:13:50<2:06:16,  9.92s/it]
 50%|█████     | 767/1530 [2:14:00<2:06:06,  9.92s/it]
 50%|█████     | 768/1530 [2:14:10<2:05:55,  9.92s/it]
 50%|█████     | 769/1530 [2:14:20<2:05:43,  9.91s/it]
 50%|█████     | 770/1530 [2:14:30<2:05:32,  9.91s/it]
 50%|█████     | 771/1530 [2:14:40<2:05:21,  9.91s/it]
 50%|█████     | 772/1530 [2:14:50<2:05:12,  9.91s/it]
 51%|█████     | 773/1530 [2:15:00<2:05:07,  9.92s/it]
 51%|█████     | 774/1530 [2:15:10<2:04:56,  9.92s/it]
 51%|█████     | 775/1530 [2:15:20<2:04:45,  9.91s/it]
 51%|█████     | 776/1530 [2:15:30<2:04:33,  9.91s/it]
 51%|█████     | 777/1530 [2:15:39<2:04:21,  9.91s/it]
 51%|█████     | 778/1530 [2:15:50<2:04:58,  9.97s/it]
 51%|█████     | 779/1530 [2:15:59<2:04:33,  9.95s/it]
 51%|█████     | 780/1530 [2:16:04<1:45:31,  8.44s/it]
                                                      

 51%|█████     | 780/1530 [2:16:05<1:45:31,  8.44s/it]{'loss': 0.8182, 'grad_norm': 2.836606025695801, 'learning_rate': 2.4509803921568626e-05, 'epoch': 15.0}


  0%|          | 0/26 [00:00<?, ?it/s][A

  8%|▊         | 2/26 [00:01<00:14,  1.65it/s][A

 12%|█▏        | 3/26 [00:02<00:19,  1.17it/s][A

 15%|█▌        | 4/26 [00:03<00:21,  1.02it/s][A

 19%|█▉        | 5/26 [00:04<00:22,  1.06s/it][A

 23%|██▎       | 6/26 [00:06<00:22,  1.10s/it][A

 27%|██▋       | 7/26 [00:07<00:21,  1.14s/it][A

 31%|███       | 8/26 [00:08<00:20,  1.15s/it][A

 35%|███▍      | 9/26 [00:09<00:19,  1.17s/it][A

 38%|███▊      | 10/26 [00:10<00:18,  1.18s/it][A

 42%|████▏     | 11/26 [00:12<00:17,  1.18s/it][A

 46%|████▌     | 12/26 [00:13<00:16,  1.19s/it][A

 50%|█████     | 13/26 [00:14<00:15,  1.19s/it][A

 54%|█████▍    | 14/26 [00:15<00:14,  1.19s/it][A

 58%|█████▊    | 15/26 [00:16<00:13,  1.20s/it][A

 62%|██████▏   | 16/26 [00:18<00:11,  1.20s/it][A

 65%|██████▌   | 17/26 [00:19<00:10,  1.20s/it][A

 69%|██████▉   | 18/26 [00:20<00:09,  1.20s/it][A

 73%|███████▎  | 19/26 [00:21<00:08,  1.20s/it][A

 77%|███████▋  | 20/26 [00:22<00:07,  1.20s/it][A

 81%|████████  | 21/26 [00:23<00:05,  1.20s/it][A

 85%|████████▍ | 22/26 [00:25<00:04,  1.20s/it][A

 88%|████████▊ | 23/26 [00:26<00:03,  1.20s/it][A

 92%|█████████▏| 24/26 [00:27<00:02,  1.20s/it][A

 96%|█████████▌| 25/26 [00:28<00:01,  1.20s/it][A

100%|██████████| 26/26 [00:29<00:00,  1.13s/it][A

                                               
[A
                                                      

100%|██████████| 26/26 [00:30<00:00,  1.13s/it][A
 51%|█████     | 780/1530 [2:16:38<1:45:31,  8.44s/it]

                                               [A{'eval_loss': 0.9329473376274109, 'eval_macro_recall': 0.6951417561244151, 'eval_macro_precision': 0.6530908422294274, 'eval_macro_f1': 0.650434361982709, 'eval_accuracy': 0.6743620899149453, 'eval_micro_recall': 0.6743620899149453, 'eval_micro_precision': 0.6743620899149453, 'eval_micro_f1': 0.6743620899149453, 'eval_runtime': 32.6275, 'eval_samples_per_second': 25.224, 'eval_steps_per_second': 0.797, 'epoch': 15.0}

 51%|█████     | 781/1530 [2:16:52<4:11:48, 20.17s/it]
 51%|█████     | 782/1530 [2:17:02<3:33:00, 17.09s/it]
 51%|█████     | 783/1530 [2:17:12<3:05:54, 14.93s/it]
 51%|█████     | 784/1530 [2:17:22<2:46:52, 13.42s/it]
 51%|█████▏    | 785/1530 [2:17:32<2:33:33, 12.37s/it]
 51%|█████▏    | 786/1530 [2:17:41<2:24:13, 11.63s/it]
 51%|█████▏    | 787/1530 [2:17:51<2:17:35, 11.11s/it]
 52%|█████▏    | 788/1530 [2:18:01<2:12:54, 10.75s/it]
 52%|█████▏    | 789/1530 [2:18:11<2:09:34, 10.49s/it]
 52%|█████▏    | 790/1530 [2:18:21<2:07:11, 10.31s/it]
 52%|█████▏    | 791/1530 [2:18:31<2:05:29, 10.19s/it]
 52%|█████▏    | 792/1530 [2:18:41<2:04:14, 10.10s/it]
 52%|█████▏    | 793/1530 [2:18:51<2:03:19, 10.04s/it]
 52%|█████▏    | 794/1530 [2:19:01<2:02:37, 10.00s/it]
 52%|█████▏    | 795/1530 [2:19:10<2:02:04,  9.97s/it]
 52%|█████▏    | 796/1530 [2:19:20<2:01:39,  9.94s/it]
 52%|█████▏    | 797/1530 [2:19:30<2:01:19,  9.93s/it]
 52%|█████▏    | 798/1530 [2:19:40<2:01:01,  9.92s/it]
 52%|█████▏    | 799/1530 [2:19:50<2:00:45,  9.91s/it]
 52%|█████▏    | 800/1530 [2:20:01<2:03:02, 10.11s/it]
 52%|█████▏    | 801/1530 [2:20:11<2:02:06, 10.05s/it]
 52%|█████▏    | 802/1530 [2:20:20<2:01:23, 10.00s/it]
 52%|█████▏    | 803/1530 [2:20:30<2:00:48,  9.97s/it]
 53%|█████▎    | 804/1530 [2:20:40<2:00:23,  9.95s/it]
 53%|█████▎    | 805/1530 [2:20:50<2:00:01,  9.93s/it]
 53%|█████▎    | 806/1530 [2:21:00<1:59:46,  9.93s/it]
 53%|█████▎    | 807/1530 [2:21:10<1:59:30,  9.92s/it]
 53%|█████▎    | 808/1530 [2:21:20<1:59:15,  9.91s/it]
 53%|█████▎    | 809/1530 [2:21:30<1:59:02,  9.91s/it]
 53%|█████▎    | 810/1530 [2:21:40<1:58:50,  9.90s/it]
 53%|█████▎    | 811/1530 [2:21:50<1:58:37,  9.90s/it]
 53%|█████▎    | 812/1530 [2:21:59<1:58:27,  9.90s/it]
 53%|█████▎    | 813/1530 [2:22:09<1:58:17,  9.90s/it]
 53%|█████▎    | 814/1530 [2:22:19<1:58:06,  9.90s/it]
 53%|█████▎    | 815/1530 [2:22:29<1:57:56,  9.90s/it]
 53%|█████▎    | 816/1530 [2:22:39<1:57:45,  9.90s/it]
 53%|█████▎    | 817/1530 [2:22:49<1:57:35,  9.90s/it]
 53%|█████▎    | 818/1530 [2:22:59<1:57:26,  9.90s/it]
 54%|█████▎    | 819/1530 [2:23:09<1:57:15,  9.90s/it]
 54%|█████▎    | 820/1530 [2:23:19<1:57:05,  9.90s/it]
 54%|█████▎    | 821/1530 [2:23:28<1:56:56,  9.90s/it]
 54%|█████▎    | 822/1530 [2:23:38<1:56:46,  9.90s/it]
 54%|█████▍    | 823/1530 [2:23:48<1:56:36,  9.90s/it]
 54%|█████▍    | 824/1530 [2:23:58<1:56:26,  9.90s/it]
 54%|█████▍    | 825/1530 [2:24:08<1:56:16,  9.90s/it]
 54%|█████▍    | 826/1530 [2:24:18<1:56:06,  9.90s/it]
 54%|█████▍    | 827/1530 [2:24:28<1:55:56,  9.90s/it]
 54%|█████▍    | 828/1530 [2:24:38<1:55:46,  9.90s/it]
 54%|█████▍    | 829/1530 [2:24:48<1:55:36,  9.90s/it]
 54%|█████▍    | 830/1530 [2:24:58<1:55:27,  9.90s/it]
 54%|█████▍    | 831/1530 [2:25:07<1:55:16,  9.89s/it]
 54%|█████▍    | 832/1530 [2:25:12<1:37:42,  8.40s/it]
                                                      

 54%|█████▍    | 832/1530 [2:25:12<1:37:42,  8.40s/it]{'loss': 0.7737, 'grad_norm': 1.6461490392684937, 'learning_rate': 2.281045751633987e-05, 'epoch': 16.0}


  0%|          | 0/26 [00:00<?, ?it/s][A

  8%|▊         | 2/26 [00:01<00:14,  1.66it/s][A

 12%|█▏        | 3/26 [00:02<00:19,  1.18it/s][A

 15%|█▌        | 4/26 [00:03<00:21,  1.02it/s][A

 19%|█▉        | 5/26 [00:04<00:22,  1.06s/it][A

 23%|██▎       | 6/26 [00:06<00:22,  1.11s/it][A

 27%|██▋       | 7/26 [00:07<00:21,  1.14s/it][A

 31%|███       | 8/26 [00:08<00:20,  1.16s/it][A

 35%|███▍      | 9/26 [00:09<00:19,  1.17s/it][A

 38%|███▊      | 10/26 [00:10<00:18,  1.18s/it][A

 42%|████▏     | 11/26 [00:12<00:17,  1.19s/it][A

 46%|████▌     | 12/26 [00:13<00:16,  1.19s/it][A

 50%|█████     | 13/26 [00:14<00:15,  1.19s/it][A

 54%|█████▍    | 14/26 [00:15<00:14,  1.20s/it][A

 58%|█████▊    | 15/26 [00:16<00:13,  1.20s/it][A

 62%|██████▏   | 16/26 [00:18<00:11,  1.20s/it][A

 65%|██████▌   | 17/26 [00:19<00:10,  1.20s/it][A

 69%|██████▉   | 18/26 [00:20<00:09,  1.20s/it][A

 73%|███████▎  | 19/26 [00:21<00:08,  1.20s/it][A

 77%|███████▋  | 20/26 [00:22<00:07,  1.20s/it][A

 81%|████████  | 21/26 [00:24<00:06,  1.20s/it][A

 85%|████████▍ | 22/26 [00:25<00:04,  1.20s/it][A

 88%|████████▊ | 23/26 [00:26<00:03,  1.20s/it][A

 92%|█████████▏| 24/26 [00:27<00:02,  1.20s/it][A

 96%|█████████▌| 25/26 [00:28<00:01,  1.20s/it][A

100%|██████████| 26/26 [00:29<00:00,  1.15s/it][A

                                               
[A
                                                      

100%|██████████| 26/26 [00:29<00:00,  1.15s/it][A
 54%|█████▍    | 832/1530 [2:25:44<1:37:42,  8.40s/it]

                                               [A{'eval_loss': 0.9090718626976013, 'eval_macro_recall': 0.7195843655381227, 'eval_macro_precision': 0.68865547971518, 'eval_macro_f1': 0.6754472220106202, 'eval_accuracy': 0.6986634264884569, 'eval_micro_recall': 0.6986634264884569, 'eval_micro_precision': 0.6986634264884569, 'eval_micro_f1': 0.6986634264884569, 'eval_runtime': 31.5523, 'eval_samples_per_second': 26.084, 'eval_steps_per_second': 0.824, 'epoch': 16.0}

 54%|█████▍    | 833/1530 [2:25:58<3:46:20, 19.48s/it]
 55%|█████▍    | 834/1530 [2:26:08<3:12:43, 16.61s/it]
 55%|█████▍    | 835/1530 [2:26:18<2:49:05, 14.60s/it]
 55%|█████▍    | 836/1530 [2:26:27<2:32:35, 13.19s/it]
 55%|█████▍    | 837/1530 [2:26:37<2:20:59, 12.21s/it]
 55%|█████▍    | 838/1530 [2:26:47<2:12:49, 11.52s/it]
 55%|█████▍    | 839/1530 [2:26:57<2:07:03, 11.03s/it]
 55%|█████▍    | 840/1530 [2:27:07<2:02:57, 10.69s/it]
 55%|█████▍    | 841/1530 [2:27:17<2:00:04, 10.46s/it]
 55%|█████▌    | 842/1530 [2:27:27<1:57:58, 10.29s/it]
 55%|█████▌    | 843/1530 [2:27:37<1:56:29, 10.17s/it]
 55%|█████▌    | 844/1530 [2:27:47<1:55:23, 10.09s/it]
 55%|█████▌    | 845/1530 [2:27:57<1:54:33, 10.03s/it]
 55%|█████▌    | 846/1530 [2:28:06<1:54:00, 10.00s/it]
 55%|█████▌    | 847/1530 [2:28:16<1:53:28,  9.97s/it]
 55%|█████▌    | 848/1530 [2:28:26<1:53:04,  9.95s/it]
 55%|█████▌    | 849/1530 [2:28:36<1:52:44,  9.93s/it]
 56%|█████▌    | 850/1530 [2:28:46<1:52:28,  9.92s/it]
 56%|█████▌    | 851/1530 [2:28:56<1:52:13,  9.92s/it]
 56%|█████▌    | 852/1530 [2:29:06<1:51:59,  9.91s/it]
 56%|█████▌    | 853/1530 [2:29:16<1:51:46,  9.91s/it]
 56%|█████▌    | 854/1530 [2:29:26<1:51:35,  9.90s/it]
 56%|█████▌    | 855/1530 [2:29:36<1:51:24,  9.90s/it]
 56%|█████▌    | 856/1530 [2:29:45<1:51:13,  9.90s/it]
 56%|█████▌    | 857/1530 [2:29:55<1:51:02,  9.90s/it]
 56%|█████▌    | 858/1530 [2:30:05<1:50:51,  9.90s/it]
 56%|█████▌    | 859/1530 [2:30:15<1:50:42,  9.90s/it]
 56%|█████▌    | 860/1530 [2:30:25<1:50:31,  9.90s/it]
 56%|█████▋    | 861/1530 [2:30:35<1:50:21,  9.90s/it]
 56%|█████▋    | 862/1530 [2:30:45<1:50:11,  9.90s/it]
 56%|█████▋    | 863/1530 [2:30:55<1:50:01,  9.90s/it]
 56%|█████▋    | 864/1530 [2:31:05<1:49:51,  9.90s/it]
 57%|█████▋    | 865/1530 [2:31:15<1:49:42,  9.90s/it]
 57%|█████▋    | 866/1530 [2:31:24<1:49:32,  9.90s/it]
 57%|█████▋    | 867/1530 [2:31:34<1:49:22,  9.90s/it]
 57%|█████▋    | 868/1530 [2:31:44<1:49:12,  9.90s/it]
 57%|█████▋    | 869/1530 [2:31:54<1:49:02,  9.90s/it]
 57%|█████▋    | 870/1530 [2:32:04<1:48:51,  9.90s/it]
 57%|█████▋    | 871/1530 [2:32:14<1:48:40,  9.90s/it]
 57%|█████▋    | 872/1530 [2:32:24<1:48:30,  9.89s/it]
 57%|█████▋    | 873/1530 [2:32:34<1:48:21,  9.90s/it]
 57%|█████▋    | 874/1530 [2:32:44<1:48:12,  9.90s/it]
 57%|█████▋    | 875/1530 [2:32:53<1:48:02,  9.90s/it]
 57%|█████▋    | 876/1530 [2:33:03<1:47:53,  9.90s/it]
 57%|█████▋    | 877/1530 [2:33:13<1:47:42,  9.90s/it]
 57%|█████▋    | 878/1530 [2:33:23<1:47:33,  9.90s/it]
 57%|█████▋    | 879/1530 [2:33:33<1:47:23,  9.90s/it]
 58%|█████▊    | 880/1530 [2:33:43<1:47:13,  9.90s/it]
 58%|█████▊    | 881/1530 [2:33:53<1:47:03,  9.90s/it]
 58%|█████▊    | 882/1530 [2:34:03<1:46:53,  9.90s/it]
 58%|█████▊    | 883/1530 [2:34:13<1:46:43,  9.90s/it]
 58%|█████▊    | 884/1530 [2:34:18<1:30:22,  8.39s/it]
                                                      

 58%|█████▊    | 884/1530 [2:34:18<1:30:22,  8.39s/it]{'loss': 0.7455, 'grad_norm': 2.2957708835601807, 'learning_rate': 2.111111111111111e-05, 'epoch': 17.0}


  0%|          | 0/26 [00:00<?, ?it/s][A

  8%|▊         | 2/26 [00:01<00:14,  1.67it/s][A

 12%|█▏        | 3/26 [00:02<00:19,  1.18it/s][A

 15%|█▌        | 4/26 [00:03<00:21,  1.02it/s][A

 19%|█▉        | 5/26 [00:04<00:22,  1.06s/it][A

 23%|██▎       | 6/26 [00:05<00:22,  1.10s/it][A

 27%|██▋       | 7/26 [00:07<00:21,  1.13s/it][A

 31%|███       | 8/26 [00:08<00:20,  1.16s/it][A

 35%|███▍      | 9/26 [00:09<00:19,  1.17s/it][A

 38%|███▊      | 10/26 [00:10<00:18,  1.18s/it][A

 42%|████▏     | 11/26 [00:11<00:17,  1.18s/it][A

 46%|████▌     | 12/26 [00:13<00:16,  1.19s/it][A

 50%|█████     | 13/26 [00:14<00:15,  1.19s/it][A

 54%|█████▍    | 14/26 [00:15<00:14,  1.19s/it][A

 58%|█████▊    | 15/26 [00:16<00:13,  1.20s/it][A

 62%|██████▏   | 16/26 [00:17<00:11,  1.20s/it][A

 65%|██████▌   | 17/26 [00:19<00:10,  1.20s/it][A

 69%|██████▉   | 18/26 [00:20<00:09,  1.20s/it][A

 73%|███████▎  | 19/26 [00:21<00:08,  1.20s/it][A

 77%|███████▋  | 20/26 [00:22<00:07,  1.20s/it][A

 81%|████████  | 21/26 [00:23<00:05,  1.20s/it][A

 85%|████████▍ | 22/26 [00:25<00:04,  1.20s/it][A

 88%|████████▊ | 23/26 [00:26<00:03,  1.20s/it][A

 92%|█████████▏| 24/26 [00:27<00:02,  1.20s/it][A

 96%|█████████▌| 25/26 [00:28<00:01,  1.20s/it][A

100%|██████████| 26/26 [00:29<00:00,  1.13s/it][A

                                               
[A
                                                      

100%|██████████| 26/26 [00:29<00:00,  1.13s/it][A
 58%|█████▊    | 884/1530 [2:34:49<1:30:22,  8.39s/it]

                                               [A{'eval_loss': 0.9102913737297058, 'eval_macro_recall': 0.7075947334617855, 'eval_macro_precision': 0.6865792001822533, 'eval_macro_f1': 0.6664992313878503, 'eval_accuracy': 0.6877278250303767, 'eval_micro_recall': 0.6877278250303767, 'eval_micro_precision': 0.6877278250303767, 'eval_micro_f1': 0.6877278250303767, 'eval_runtime': 31.3445, 'eval_samples_per_second': 26.257, 'eval_steps_per_second': 0.829, 'epoch': 17.0}

 58%|█████▊    | 885/1530 [2:35:03<3:28:37, 19.41s/it]
 58%|█████▊    | 886/1530 [2:35:13<2:57:41, 16.55s/it]
 58%|█████▊    | 887/1530 [2:35:22<2:36:01, 14.56s/it]
 58%|█████▊    | 888/1530 [2:35:32<2:20:50, 13.16s/it]
 58%|█████▊    | 889/1530 [2:35:42<2:10:09, 12.18s/it]
 58%|█████▊    | 890/1530 [2:35:52<2:02:39, 11.50s/it]
 58%|█████▊    | 891/1530 [2:36:02<1:57:21, 11.02s/it]
 58%|█████▊    | 892/1530 [2:36:12<1:53:37, 10.69s/it]
 58%|█████▊    | 893/1530 [2:36:22<1:50:57, 10.45s/it]
 58%|█████▊    | 894/1530 [2:36:32<1:49:02, 10.29s/it]
 58%|█████▊    | 895/1530 [2:36:42<1:47:39, 10.17s/it]
 59%|█████▊    | 896/1530 [2:36:52<1:46:37, 10.09s/it]
 59%|█████▊    | 897/1530 [2:37:02<1:45:51, 10.03s/it]
 59%|█████▊    | 898/1530 [2:37:11<1:45:15,  9.99s/it]
 59%|█████▉    | 899/1530 [2:37:21<1:44:47,  9.96s/it]
 59%|█████▉    | 900/1530 [2:37:31<1:44:25,  9.95s/it]
 59%|█████▉    | 901/1530 [2:37:41<1:44:07,  9.93s/it]
 59%|█████▉    | 902/1530 [2:37:51<1:43:51,  9.92s/it]
 59%|█████▉    | 903/1530 [2:38:01<1:43:37,  9.92s/it]
 59%|█████▉    | 904/1530 [2:38:11<1:43:25,  9.91s/it]
 59%|█████▉    | 905/1530 [2:38:21<1:43:13,  9.91s/it]
 59%|█████▉    | 906/1530 [2:38:31<1:43:01,  9.91s/it]
 59%|█████▉    | 907/1530 [2:38:41<1:42:49,  9.90s/it]
 59%|█████▉    | 908/1530 [2:38:50<1:42:38,  9.90s/it]
 59%|█████▉    | 909/1530 [2:39:00<1:42:28,  9.90s/it]
 59%|█████▉    | 910/1530 [2:39:10<1:42:18,  9.90s/it]
 60%|█████▉    | 911/1530 [2:39:20<1:42:08,  9.90s/it]
 60%|█████▉    | 912/1530 [2:39:30<1:41:57,  9.90s/it]
 60%|█████▉    | 913/1530 [2:39:40<1:41:48,  9.90s/it]
 60%|█████▉    | 914/1530 [2:39:50<1:41:39,  9.90s/it]
 60%|█████▉    | 915/1530 [2:40:00<1:41:28,  9.90s/it]
 60%|█████▉    | 916/1530 [2:40:10<1:41:18,  9.90s/it]
 60%|█████▉    | 917/1530 [2:40:19<1:41:09,  9.90s/it]
 60%|██████    | 918/1530 [2:40:29<1:40:59,  9.90s/it]
 60%|██████    | 919/1530 [2:40:39<1:40:49,  9.90s/it]
 60%|██████    | 920/1530 [2:40:49<1:40:40,  9.90s/it]
 60%|██████    | 921/1530 [2:40:59<1:40:30,  9.90s/it]
 60%|██████    | 922/1530 [2:41:09<1:40:21,  9.90s/it]
 60%|██████    | 923/1530 [2:41:19<1:40:10,  9.90s/it]
 60%|██████    | 924/1530 [2:41:29<1:40:01,  9.90s/it]
 60%|██████    | 925/1530 [2:41:39<1:39:51,  9.90s/it]
 61%|██████    | 926/1530 [2:41:49<1:39:41,  9.90s/it]
 61%|██████    | 927/1530 [2:41:59<1:39:30,  9.90s/it]
 61%|██████    | 928/1530 [2:42:08<1:39:20,  9.90s/it]
 61%|██████    | 929/1530 [2:42:18<1:39:10,  9.90s/it]
 61%|██████    | 930/1530 [2:42:28<1:39:00,  9.90s/it]
 61%|██████    | 931/1530 [2:42:38<1:38:50,  9.90s/it]
 61%|██████    | 932/1530 [2:42:48<1:38:41,  9.90s/it]
 61%|██████    | 933/1530 [2:42:58<1:38:31,  9.90s/it]
 61%|██████    | 934/1530 [2:43:08<1:38:21,  9.90s/it]
 61%|██████    | 935/1530 [2:43:18<1:38:10,  9.90s/it]
 61%|██████    | 936/1530 [2:43:23<1:23:07,  8.40s/it]
                                                      

 61%|██████    | 936/1530 [2:43:23<1:23:07,  8.40s/it]{'loss': 0.713, 'grad_norm': 2.9492499828338623, 'learning_rate': 1.9411764705882355e-05, 'epoch': 18.0}


  0%|          | 0/26 [00:00<?, ?it/s][A

  8%|▊         | 2/26 [00:01<00:14,  1.67it/s][A

 12%|█▏        | 3/26 [00:02<00:19,  1.18it/s][A

 15%|█▌        | 4/26 [00:03<00:21,  1.02it/s][A

 19%|█▉        | 5/26 [00:04<00:22,  1.06s/it][A

 23%|██▎       | 6/26 [00:05<00:22,  1.10s/it][A

 27%|██▋       | 7/26 [00:07<00:21,  1.13s/it][A

 31%|███       | 8/26 [00:08<00:20,  1.15s/it][A

 35%|███▍      | 9/26 [00:09<00:19,  1.17s/it][A

 38%|███▊      | 10/26 [00:10<00:18,  1.18s/it][A

 42%|████▏     | 11/26 [00:11<00:17,  1.18s/it][A

 46%|████▌     | 12/26 [00:13<00:16,  1.19s/it][A

 50%|█████     | 13/26 [00:14<00:15,  1.19s/it][A

 54%|█████▍    | 14/26 [00:15<00:14,  1.19s/it][A

 58%|█████▊    | 15/26 [00:16<00:13,  1.19s/it][A

 62%|██████▏   | 16/26 [00:17<00:11,  1.20s/it][A

 65%|██████▌   | 17/26 [00:19<00:10,  1.20s/it][A

 69%|██████▉   | 18/26 [00:20<00:09,  1.20s/it][A

 73%|███████▎  | 19/26 [00:21<00:08,  1.20s/it][A

 77%|███████▋  | 20/26 [00:22<00:07,  1.20s/it][A

 81%|████████  | 21/26 [00:23<00:05,  1.20s/it][A

 85%|████████▍ | 22/26 [00:25<00:04,  1.20s/it][A

 88%|████████▊ | 23/26 [00:26<00:03,  1.20s/it][A

 92%|█████████▏| 24/26 [00:27<00:02,  1.20s/it][A

 96%|█████████▌| 25/26 [00:28<00:01,  1.20s/it][A

100%|██████████| 26/26 [00:29<00:00,  1.13s/it][A

                                               
[A
                                                      

100%|██████████| 26/26 [00:29<00:00,  1.13s/it][A
 61%|██████    | 936/1530 [2:43:54<1:23:07,  8.40s/it]

                                               [A{'eval_loss': 0.8993065357208252, 'eval_macro_recall': 0.722440132122213, 'eval_macro_precision': 0.6876431030493729, 'eval_macro_f1': 0.6768059349604497, 'eval_accuracy': 0.7023086269744836, 'eval_micro_recall': 0.7023086269744836, 'eval_micro_precision': 0.7023086269744836, 'eval_micro_f1': 0.7023086269744836, 'eval_runtime': 31.2839, 'eval_samples_per_second': 26.307, 'eval_steps_per_second': 0.831, 'epoch': 18.0}

 61%|██████    | 937/1530 [2:44:08<3:12:07, 19.44s/it]
 61%|██████▏   | 938/1530 [2:44:18<2:43:33, 16.58s/it]
 61%|██████▏   | 939/1530 [2:44:28<2:23:33, 14.57s/it]
 61%|██████▏   | 940/1530 [2:44:38<2:09:30, 13.17s/it]
 62%|██████▏   | 941/1530 [2:44:47<1:59:39, 12.19s/it]
 62%|██████▏   | 942/1530 [2:44:57<1:52:43, 11.50s/it]
 62%|██████▏   | 943/1530 [2:45:07<1:47:49, 11.02s/it]
 62%|██████▏   | 944/1530 [2:45:17<1:44:21, 10.68s/it]
 62%|██████▏   | 945/1530 [2:45:27<1:41:51, 10.45s/it]
 62%|██████▏   | 946/1530 [2:45:37<1:40:04, 10.28s/it]
 62%|██████▏   | 947/1530 [2:45:47<1:38:47, 10.17s/it]
 62%|██████▏   | 948/1530 [2:45:57<1:37:50, 10.09s/it]
 62%|██████▏   | 949/1530 [2:46:07<1:37:09, 10.03s/it]
 62%|██████▏   | 950/1530 [2:46:17<1:36:35,  9.99s/it]
 62%|██████▏   | 951/1530 [2:46:26<1:36:09,  9.96s/it]
 62%|██████▏   | 952/1530 [2:46:36<1:35:48,  9.94s/it]
 62%|██████▏   | 953/1530 [2:46:46<1:35:29,  9.93s/it]
 62%|██████▏   | 954/1530 [2:46:56<1:35:14,  9.92s/it]
 62%|██████▏   | 955/1530 [2:47:06<1:35:01,  9.92s/it]
 62%|██████▏   | 956/1530 [2:47:16<1:34:48,  9.91s/it]
 63%|██████▎   | 957/1530 [2:47:26<1:34:36,  9.91s/it]
 63%|██████▎   | 958/1530 [2:47:36<1:34:25,  9.91s/it]
 63%|██████▎   | 959/1530 [2:47:46<1:34:14,  9.90s/it]
 63%|██████▎   | 960/1530 [2:47:56<1:34:04,  9.90s/it]
 63%|██████▎   | 961/1530 [2:48:05<1:33:53,  9.90s/it]
 63%|██████▎   | 962/1530 [2:48:15<1:33:43,  9.90s/it]
 63%|██████▎   | 963/1530 [2:48:25<1:33:33,  9.90s/it]
 63%|██████▎   | 964/1530 [2:48:35<1:33:23,  9.90s/it]
 63%|██████▎   | 965/1530 [2:48:45<1:33:12,  9.90s/it]
 63%|██████▎   | 966/1530 [2:48:55<1:33:02,  9.90s/it]
 63%|██████▎   | 967/1530 [2:49:05<1:32:51,  9.90s/it]
 63%|██████▎   | 968/1530 [2:49:15<1:32:42,  9.90s/it]
 63%|██████▎   | 969/1530 [2:49:25<1:32:32,  9.90s/it]
 63%|██████▎   | 970/1530 [2:49:34<1:32:22,  9.90s/it]
 63%|██████▎   | 971/1530 [2:49:44<1:32:12,  9.90s/it]
 64%|██████▎   | 972/1530 [2:49:54<1:32:03,  9.90s/it]
 64%|██████▎   | 973/1530 [2:50:04<1:31:53,  9.90s/it]
 64%|██████▎   | 974/1530 [2:50:14<1:31:44,  9.90s/it]
 64%|██████▎   | 975/1530 [2:50:24<1:31:34,  9.90s/it]
 64%|██████▍   | 976/1530 [2:50:34<1:31:23,  9.90s/it]
 64%|██████▍   | 977/1530 [2:50:44<1:31:14,  9.90s/it]
 64%|██████▍   | 978/1530 [2:50:54<1:31:03,  9.90s/it]
 64%|██████▍   | 979/1530 [2:51:04<1:30:53,  9.90s/it]
 64%|██████▍   | 980/1530 [2:51:13<1:30:43,  9.90s/it]
 64%|██████▍   | 981/1530 [2:51:23<1:30:33,  9.90s/it]
 64%|██████▍   | 982/1530 [2:51:33<1:30:23,  9.90s/it]
 64%|██████▍   | 983/1530 [2:51:43<1:30:13,  9.90s/it]
 64%|██████▍   | 984/1530 [2:51:53<1:30:03,  9.90s/it]
 64%|██████▍   | 985/1530 [2:52:03<1:29:52,  9.89s/it]
 64%|██████▍   | 986/1530 [2:52:13<1:29:42,  9.90s/it]
 65%|██████▍   | 987/1530 [2:52:23<1:29:33,  9.90s/it]
 65%|██████▍   | 988/1530 [2:52:28<1:15:49,  8.39s/it]
                                                      

 65%|██████▍   | 988/1530 [2:52:28<1:15:49,  8.39s/it]{'loss': 0.6998, 'grad_norm': 1.6806734800338745, 'learning_rate': 1.7712418300653595e-05, 'epoch': 19.0}


  0%|          | 0/26 [00:00<?, ?it/s][A

  8%|▊         | 2/26 [00:01<00:14,  1.66it/s][A

 12%|█▏        | 3/26 [00:02<00:19,  1.18it/s][A

 15%|█▌        | 4/26 [00:03<00:21,  1.02it/s][A

 19%|█▉        | 5/26 [00:04<00:22,  1.06s/it][A

 23%|██▎       | 6/26 [00:06<00:22,  1.10s/it][A

 27%|██▋       | 7/26 [00:07<00:21,  1.14s/it][A

 31%|███       | 8/26 [00:08<00:20,  1.16s/it][A

 35%|███▍      | 9/26 [00:09<00:19,  1.17s/it][A

 38%|███▊      | 10/26 [00:10<00:18,  1.18s/it][A

 42%|████▏     | 11/26 [00:12<00:17,  1.19s/it][A

 46%|████▌     | 12/26 [00:13<00:16,  1.19s/it][A

 50%|█████     | 13/26 [00:14<00:15,  1.19s/it][A

 54%|█████▍    | 14/26 [00:15<00:14,  1.20s/it][A

 58%|█████▊    | 15/26 [00:16<00:13,  1.20s/it][A

 62%|██████▏   | 16/26 [00:18<00:11,  1.20s/it][A

 65%|██████▌   | 17/26 [00:19<00:10,  1.20s/it][A

 69%|██████▉   | 18/26 [00:20<00:09,  1.20s/it][A

 73%|███████▎  | 19/26 [00:21<00:08,  1.20s/it][A

 77%|███████▋  | 20/26 [00:22<00:07,  1.20s/it][A

 81%|████████  | 21/26 [00:24<00:06,  1.20s/it][A

 85%|████████▍ | 22/26 [00:25<00:04,  1.20s/it][A

 88%|████████▊ | 23/26 [00:26<00:03,  1.20s/it][A

 92%|█████████▏| 24/26 [00:27<00:02,  1.20s/it][A

 96%|█████████▌| 25/26 [00:28<00:01,  1.20s/it][A

100%|██████████| 26/26 [00:29<00:00,  1.14s/it][A

                                               
[A
                                                      

100%|██████████| 26/26 [00:29<00:00,  1.14s/it][A
 65%|██████▍   | 988/1530 [2:52:59<1:15:49,  8.39s/it]

                                               [A{'eval_loss': 0.8895642161369324, 'eval_macro_recall': 0.711741902926874, 'eval_macro_precision': 0.6826225991498276, 'eval_macro_f1': 0.6696975582919411, 'eval_accuracy': 0.6901579586877278, 'eval_micro_recall': 0.6901579586877278, 'eval_micro_precision': 0.6901579586877278, 'eval_micro_f1': 0.6901579586877278, 'eval_runtime': 31.3625, 'eval_samples_per_second': 26.242, 'eval_steps_per_second': 0.829, 'epoch': 19.0}

 65%|██████▍   | 989/1530 [2:53:13<2:55:13, 19.43s/it]
 65%|██████▍   | 990/1530 [2:53:23<2:29:09, 16.57s/it]
 65%|██████▍   | 991/1530 [2:53:33<2:10:51, 14.57s/it]
 65%|██████▍   | 992/1530 [2:53:42<1:58:02, 13.16s/it]
 65%|██████▍   | 993/1530 [2:53:52<1:49:02, 12.18s/it]
 65%|██████▍   | 994/1530 [2:54:02<1:42:42, 11.50s/it]
 65%|██████▌   | 995/1530 [2:54:12<1:38:13, 11.02s/it]
 65%|██████▌   | 996/1530 [2:54:22<1:35:03, 10.68s/it]
 65%|██████▌   | 997/1530 [2:54:32<1:32:47, 10.45s/it]
 65%|██████▌   | 998/1530 [2:54:42<1:31:08, 10.28s/it]
 65%|██████▌   | 999/1530 [2:54:52<1:29:56, 10.16s/it]
 65%|██████▌   | 1000/1530 [2:55:02<1:29:02, 10.08s/it]
 65%|██████▌   | 1001/1530 [2:55:12<1:28:23, 10.02s/it]
 65%|██████▌   | 1002/1530 [2:55:21<1:27:52,  9.99s/it]
 66%|██████▌   | 1003/1530 [2:55:31<1:27:28,  9.96s/it]
 66%|██████▌   | 1004/1530 [2:55:41<1:27:07,  9.94s/it]
 66%|██████▌   | 1005/1530 [2:55:51<1:26:51,  9.93s/it]
 66%|██████▌   | 1006/1530 [2:56:01<1:26:37,  9.92s/it]
 66%|██████▌   | 1007/1530 [2:56:11<1:26:23,  9.91s/it]
 66%|██████▌   | 1008/1530 [2:56:21<1:26:11,  9.91s/it]
 66%|██████▌   | 1009/1530 [2:56:31<1:25:59,  9.90s/it]
 66%|██████▌   | 1010/1530 [2:56:41<1:25:49,  9.90s/it]
 66%|██████▌   | 1011/1530 [2:56:50<1:25:38,  9.90s/it]
 66%|██████▌   | 1012/1530 [2:57:00<1:25:27,  9.90s/it]
 66%|██████▌   | 1013/1530 [2:57:10<1:25:17,  9.90s/it]
 66%|██████▋   | 1014/1530 [2:57:20<1:25:07,  9.90s/it]
 66%|██████▋   | 1015/1530 [2:57:30<1:24:57,  9.90s/it]
 66%|██████▋   | 1016/1530 [2:57:40<1:24:47,  9.90s/it]
 66%|██████▋   | 1017/1530 [2:57:50<1:24:37,  9.90s/it]
 67%|██████▋   | 1018/1530 [2:58:00<1:24:28,  9.90s/it]
 67%|██████▋   | 1019/1530 [2:58:10<1:24:18,  9.90s/it]
 67%|██████▋   | 1020/1530 [2:58:20<1:24:08,  9.90s/it]
 67%|██████▋   | 1021/1530 [2:58:29<1:23:58,  9.90s/it]
 67%|██████▋   | 1022/1530 [2:58:39<1:23:47,  9.90s/it]
 67%|██████▋   | 1023/1530 [2:58:49<1:23:38,  9.90s/it]
 67%|██████▋   | 1024/1530 [2:58:59<1:23:28,  9.90s/it]
 67%|██████▋   | 1025/1530 [2:59:09<1:23:18,  9.90s/it]
 67%|██████▋   | 1026/1530 [2:59:19<1:23:08,  9.90s/it]
 67%|██████▋   | 1027/1530 [2:59:29<1:22:58,  9.90s/it]
 67%|██████▋   | 1028/1530 [2:59:39<1:22:48,  9.90s/it]
 67%|██████▋   | 1029/1530 [2:59:49<1:22:38,  9.90s/it]
 67%|██████▋   | 1030/1530 [2:59:59<1:22:28,  9.90s/it]
 67%|██████▋   | 1031/1530 [3:00:08<1:22:18,  9.90s/it]
 67%|██████▋   | 1032/1530 [3:00:18<1:22:09,  9.90s/it]
 68%|██████▊   | 1033/1530 [3:00:28<1:21:59,  9.90s/it]
 68%|██████▊   | 1034/1530 [3:00:38<1:21:49,  9.90s/it]
 68%|██████▊   | 1035/1530 [3:00:48<1:21:38,  9.90s/it]
 68%|██████▊   | 1036/1530 [3:00:58<1:21:29,  9.90s/it]
 68%|██████▊   | 1037/1530 [3:01:08<1:21:19,  9.90s/it]
 68%|██████▊   | 1038/1530 [3:01:18<1:21:09,  9.90s/it]
 68%|██████▊   | 1039/1530 [3:01:28<1:20:59,  9.90s/it]
 68%|██████▊   | 1040/1530 [3:01:33<1:08:36,  8.40s/it]
                                                       

 68%|██████▊   | 1040/1530 [3:01:33<1:08:36,  8.40s/it]{'loss': 0.682, 'grad_norm': 2.868842124938965, 'learning_rate': 1.6013071895424836e-05, 'epoch': 20.0}


  0%|          | 0/26 [00:00<?, ?it/s][A

  8%|▊         | 2/26 [00:01<00:14,  1.67it/s][A

 12%|█▏        | 3/26 [00:02<00:19,  1.18it/s][A

 15%|█▌        | 4/26 [00:03<00:21,  1.02it/s][A

 19%|█▉        | 5/26 [00:04<00:22,  1.06s/it][A

 23%|██▎       | 6/26 [00:06<00:22,  1.10s/it][A

 27%|██▋       | 7/26 [00:07<00:21,  1.14s/it][A

 31%|███       | 8/26 [00:08<00:20,  1.16s/it][A

 35%|███▍      | 9/26 [00:09<00:19,  1.17s/it][A

 38%|███▊      | 10/26 [00:10<00:18,  1.18s/it][A

 42%|████▏     | 11/26 [00:11<00:17,  1.19s/it][A

 46%|████▌     | 12/26 [00:13<00:16,  1.19s/it][A

 50%|█████     | 13/26 [00:14<00:15,  1.19s/it][A

 54%|█████▍    | 14/26 [00:15<00:14,  1.19s/it][A

 58%|█████▊    | 15/26 [00:16<00:13,  1.20s/it][A

 62%|██████▏   | 16/26 [00:17<00:11,  1.20s/it][A

 65%|██████▌   | 17/26 [00:19<00:10,  1.20s/it][A

 69%|██████▉   | 18/26 [00:20<00:09,  1.20s/it][A

 73%|███████▎  | 19/26 [00:21<00:08,  1.20s/it][A

 77%|███████▋  | 20/26 [00:22<00:07,  1.20s/it][A

 81%|████████  | 21/26 [00:24<00:06,  1.20s/it][A

 85%|████████▍ | 22/26 [00:25<00:04,  1.20s/it][A

 88%|████████▊ | 23/26 [00:26<00:03,  1.20s/it][A

 92%|█████████▏| 24/26 [00:27<00:02,  1.20s/it][A

 96%|█████████▌| 25/26 [00:28<00:01,  1.20s/it][A

100%|██████████| 26/26 [00:29<00:00,  1.13s/it][A

                                               
[A
                                                       

100%|██████████| 26/26 [00:29<00:00,  1.13s/it][A
 68%|██████▊   | 1040/1530 [3:02:04<1:08:36,  8.40s/it]

                                               [A{'eval_loss': 0.8707050085067749, 'eval_macro_recall': 0.7329594458207175, 'eval_macro_precision': 0.706483845953951, 'eval_macro_f1': 0.6919431522721666, 'eval_accuracy': 0.715674362089915, 'eval_micro_recall': 0.715674362089915, 'eval_micro_precision': 0.715674362089915, 'eval_micro_f1': 0.715674362089915, 'eval_runtime': 31.3286, 'eval_samples_per_second': 26.27, 'eval_steps_per_second': 0.83, 'epoch': 20.0}

 68%|██████▊   | 1041/1530 [3:02:18<2:38:15, 19.42s/it]
 68%|██████▊   | 1042/1530 [3:02:28<2:14:42, 16.56s/it]
 68%|██████▊   | 1043/1530 [3:02:37<1:58:11, 14.56s/it]
 68%|██████▊   | 1044/1530 [3:02:47<1:46:35, 13.16s/it]
 68%|██████▊   | 1045/1530 [3:02:57<1:38:28, 12.18s/it]
 68%|██████▊   | 1046/1530 [3:03:07<1:32:42, 11.49s/it]
 68%|██████▊   | 1047/1530 [3:03:17<1:28:39, 11.01s/it]
 68%|██████▊   | 1048/1530 [3:03:27<1:25:46, 10.68s/it]
 69%|██████▊   | 1049/1530 [3:03:37<1:23:42, 10.44s/it]
 69%|██████▊   | 1050/1530 [3:03:47<1:22:12, 10.28s/it]
 69%|██████▊   | 1051/1530 [3:03:57<1:21:06, 10.16s/it]
 69%|██████▉   | 1052/1530 [3:04:06<1:20:17, 10.08s/it]
 69%|██████▉   | 1053/1530 [3:04:16<1:19:40, 10.02s/it]
 69%|██████▉   | 1054/1530 [3:04:26<1:19:12,  9.99s/it]
 69%|██████▉   | 1055/1530 [3:04:36<1:18:49,  9.96s/it]
 69%|██████▉   | 1056/1530 [3:04:46<1:18:29,  9.94s/it]
 69%|██████▉   | 1057/1530 [3:04:56<1:18:13,  9.92s/it]
 69%|██████▉   | 1058/1530 [3:05:06<1:17:59,  9.91s/it]
 69%|██████▉   | 1059/1530 [3:05:16<1:17:46,  9.91s/it]
 69%|██████▉   | 1060/1530 [3:05:26<1:17:34,  9.90s/it]
 69%|██████▉   | 1061/1530 [3:05:36<1:17:23,  9.90s/it]
 69%|██████▉   | 1062/1530 [3:05:45<1:17:12,  9.90s/it]
 69%|██████▉   | 1063/1530 [3:05:55<1:17:01,  9.90s/it]
 70%|██████▉   | 1064/1530 [3:06:05<1:16:51,  9.90s/it]
 70%|██████▉   | 1065/1530 [3:06:15<1:16:41,  9.90s/it]
 70%|██████▉   | 1066/1530 [3:06:25<1:16:31,  9.90s/it]
 70%|██████▉   | 1067/1530 [3:06:35<1:16:22,  9.90s/it]
 70%|██████▉   | 1068/1530 [3:06:45<1:16:12,  9.90s/it]
 70%|██████▉   | 1069/1530 [3:06:55<1:16:02,  9.90s/it]
 70%|██████▉   | 1070/1530 [3:07:05<1:15:54,  9.90s/it]
 70%|███████   | 1071/1530 [3:07:14<1:15:43,  9.90s/it]
 70%|███████   | 1072/1530 [3:07:24<1:15:33,  9.90s/it]
 70%|███████   | 1073/1530 [3:07:34<1:15:23,  9.90s/it]
 70%|███████   | 1074/1530 [3:07:44<1:15:12,  9.90s/it]
 70%|███████   | 1075/1530 [3:07:54<1:15:02,  9.90s/it]
 70%|███████   | 1076/1530 [3:08:04<1:14:52,  9.89s/it]
 70%|███████   | 1077/1530 [3:08:14<1:14:41,  9.89s/it]
 70%|███████   | 1078/1530 [3:08:24<1:14:31,  9.89s/it]
 71%|███████   | 1079/1530 [3:08:34<1:14:21,  9.89s/it]
 71%|███████   | 1080/1530 [3:08:44<1:14:11,  9.89s/it]
 71%|███████   | 1081/1530 [3:08:53<1:14:02,  9.89s/it]
 71%|███████   | 1082/1530 [3:09:03<1:13:52,  9.89s/it]
 71%|███████   | 1083/1530 [3:09:13<1:13:42,  9.89s/it]
 71%|███████   | 1084/1530 [3:09:23<1:13:32,  9.89s/it]
 71%|███████   | 1085/1530 [3:09:33<1:13:23,  9.89s/it]
 71%|███████   | 1086/1530 [3:09:43<1:13:12,  9.89s/it]
 71%|███████   | 1087/1530 [3:09:53<1:13:02,  9.89s/it]
 71%|███████   | 1088/1530 [3:10:03<1:12:52,  9.89s/it]
 71%|███████   | 1089/1530 [3:10:13<1:12:42,  9.89s/it]
 71%|███████   | 1090/1530 [3:10:22<1:12:31,  9.89s/it]
 71%|███████▏  | 1091/1530 [3:10:32<1:12:21,  9.89s/it]
 71%|███████▏  | 1092/1530 [3:10:37<1:01:14,  8.39s/it]
                                                       

 71%|███████▏  | 1092/1530 [3:10:37<1:01:14,  8.39s/it]{'loss': 0.6571, 'grad_norm': 1.866489052772522, 'learning_rate': 1.4313725490196078e-05, 'epoch': 21.0}


  0%|          | 0/26 [00:00<?, ?it/s][A

  8%|▊         | 2/26 [00:01<00:14,  1.67it/s][A

 12%|█▏        | 3/26 [00:02<00:19,  1.18it/s][A

 15%|█▌        | 4/26 [00:03<00:21,  1.02it/s][A

 19%|█▉        | 5/26 [00:04<00:22,  1.06s/it][A

 23%|██▎       | 6/26 [00:05<00:22,  1.10s/it][A

 27%|██▋       | 7/26 [00:07<00:21,  1.13s/it][A

 31%|███       | 8/26 [00:08<00:20,  1.15s/it][A

 35%|███▍      | 9/26 [00:09<00:19,  1.17s/it][A

 38%|███▊      | 10/26 [00:10<00:18,  1.18s/it][A

 42%|████▏     | 11/26 [00:11<00:17,  1.18s/it][A

 46%|████▌     | 12/26 [00:13<00:16,  1.19s/it][A

 50%|█████     | 13/26 [00:14<00:15,  1.19s/it][A

 54%|█████▍    | 14/26 [00:15<00:14,  1.19s/it][A

 58%|█████▊    | 15/26 [00:16<00:13,  1.20s/it][A

 62%|██████▏   | 16/26 [00:17<00:11,  1.20s/it][A

 65%|██████▌   | 17/26 [00:19<00:10,  1.20s/it][A

 69%|██████▉   | 18/26 [00:20<00:09,  1.20s/it][A

 73%|███████▎  | 19/26 [00:21<00:08,  1.20s/it][A

 77%|███████▋  | 20/26 [00:22<00:07,  1.20s/it][A

 81%|████████  | 21/26 [00:23<00:05,  1.20s/it][A

 85%|████████▍ | 22/26 [00:25<00:04,  1.20s/it][A

 88%|████████▊ | 23/26 [00:26<00:03,  1.20s/it][A

 92%|█████████▏| 24/26 [00:27<00:02,  1.20s/it][A

 96%|█████████▌| 25/26 [00:28<00:01,  1.20s/it][A

100%|██████████| 26/26 [00:29<00:00,  1.14s/it][A

                                               
[A
                                                       

100%|██████████| 26/26 [00:29<00:00,  1.14s/it][A
 71%|███████▏  | 1092/1530 [3:11:09<1:01:14,  8.39s/it]

                                               [A{'eval_loss': 0.8668577671051025, 'eval_macro_recall': 0.7267776860262409, 'eval_macro_precision': 0.7075416112458203, 'eval_macro_f1': 0.6887990099661746, 'eval_accuracy': 0.7108140947752126, 'eval_micro_recall': 0.7108140947752126, 'eval_micro_precision': 0.7108140947752126, 'eval_micro_f1': 0.7108140947752125, 'eval_runtime': 31.3123, 'eval_samples_per_second': 26.284, 'eval_steps_per_second': 0.83, 'epoch': 21.0}

 71%|███████▏  | 1093/1530 [3:11:22<2:21:22, 19.41s/it]
 72%|███████▏  | 1094/1530 [3:11:32<2:00:17, 16.55s/it]
 72%|███████▏  | 1095/1530 [3:11:42<1:45:34, 14.56s/it]
 72%|███████▏  | 1096/1530 [3:11:52<1:35:12, 13.16s/it]
 72%|███████▏  | 1097/1530 [3:12:02<1:27:53, 12.18s/it]
 72%|███████▏  | 1098/1530 [3:12:12<1:22:45, 11.49s/it]
 72%|███████▏  | 1099/1530 [3:12:22<1:19:06, 11.01s/it]
 72%|███████▏  | 1100/1530 [3:12:32<1:16:31, 10.68s/it]
 72%|███████▏  | 1101/1530 [3:12:42<1:14:39, 10.44s/it]
 72%|███████▏  | 1102/1530 [3:12:51<1:13:18, 10.28s/it]
 72%|███████▏  | 1103/1530 [3:13:01<1:12:19, 10.16s/it]
 72%|███████▏  | 1104/1530 [3:13:11<1:11:34, 10.08s/it]
 72%|███████▏  | 1105/1530 [3:13:21<1:11:00, 10.03s/it]
 72%|███████▏  | 1106/1530 [3:13:31<1:10:33,  9.98s/it]
 72%|███████▏  | 1107/1530 [3:13:41<1:10:11,  9.96s/it]
 72%|███████▏  | 1108/1530 [3:13:51<1:09:54,  9.94s/it]
 72%|███████▏  | 1109/1530 [3:14:01<1:09:38,  9.93s/it]
 73%|███████▎  | 1110/1530 [3:14:11<1:09:24,  9.92s/it]
 73%|███████▎  | 1111/1530 [3:14:20<1:09:11,  9.91s/it]
 73%|███████▎  | 1112/1530 [3:14:30<1:08:59,  9.90s/it]
 73%|███████▎  | 1113/1530 [3:14:40<1:08:48,  9.90s/it]
 73%|███████▎  | 1114/1530 [3:14:50<1:08:37,  9.90s/it]
 73%|███████▎  | 1115/1530 [3:15:00<1:08:26,  9.90s/it]
 73%|███████▎  | 1116/1530 [3:15:10<1:08:17,  9.90s/it]
 73%|███████▎  | 1117/1530 [3:15:25<1:18:55, 11.47s/it]
 73%|███████▎  | 1118/1530 [3:15:36<1:18:34, 11.44s/it]
 73%|███████▎  | 1119/1530 [3:15:46<1:15:11, 10.98s/it]
 73%|███████▎  | 1120/1530 [3:15:56<1:12:47, 10.65s/it]
 73%|███████▎  | 1121/1530 [3:16:06<1:11:06, 10.43s/it]
 73%|███████▎  | 1122/1530 [3:16:16<1:09:50, 10.27s/it]
 73%|███████▎  | 1123/1530 [3:16:26<1:08:54, 10.16s/it]
 73%|███████▎  | 1124/1530 [3:16:36<1:08:13, 10.08s/it]
 74%|███████▎  | 1125/1530 [3:16:46<1:07:40, 10.03s/it]
 74%|███████▎  | 1126/1530 [3:16:56<1:07:15,  9.99s/it]
 74%|███████▎  | 1127/1530 [3:17:06<1:06:54,  9.96s/it]
 74%|███████▎  | 1128/1530 [3:17:15<1:06:37,  9.94s/it]
 74%|███████▍  | 1129/1530 [3:17:25<1:06:22,  9.93s/it]
 74%|███████▍  | 1130/1530 [3:17:35<1:06:08,  9.92s/it]
 74%|███████▍  | 1131/1530 [3:17:45<1:05:56,  9.92s/it]
 74%|███████▍  | 1132/1530 [3:17:55<1:05:44,  9.91s/it]
 74%|███████▍  | 1133/1530 [3:18:05<1:05:33,  9.91s/it]
 74%|███████▍  | 1134/1530 [3:18:15<1:05:23,  9.91s/it]
 74%|███████▍  | 1135/1530 [3:18:25<1:05:12,  9.90s/it]
 74%|███████▍  | 1136/1530 [3:18:35<1:05:02,  9.90s/it]
 74%|███████▍  | 1137/1530 [3:18:45<1:04:52,  9.90s/it]
 74%|███████▍  | 1138/1530 [3:18:54<1:04:42,  9.90s/it]
 74%|███████▍  | 1139/1530 [3:19:04<1:04:32,  9.90s/it]
 75%|███████▍  | 1140/1530 [3:19:14<1:04:22,  9.90s/it]
 75%|███████▍  | 1141/1530 [3:19:24<1:04:12,  9.90s/it]
 75%|███████▍  | 1142/1530 [3:19:34<1:04:24,  9.96s/it]
 75%|███████▍  | 1143/1530 [3:19:44<1:04:07,  9.94s/it]
 75%|███████▍  | 1144/1530 [3:19:49<54:15,  8.43s/it]  
                                                     

 75%|███████▍  | 1144/1530 [3:19:49<54:15,  8.43s/it]{'loss': 0.6465, 'grad_norm': 1.9719173908233643, 'learning_rate': 1.261437908496732e-05, 'epoch': 22.0}


  0%|          | 0/26 [00:00<?, ?it/s][A

  8%|▊         | 2/26 [00:01<00:14,  1.67it/s][A

 12%|█▏        | 3/26 [00:02<00:19,  1.18it/s][A

 15%|█▌        | 4/26 [00:03<00:21,  1.02it/s][A

 19%|█▉        | 5/26 [00:04<00:22,  1.06s/it][A

 23%|██▎       | 6/26 [00:06<00:22,  1.10s/it][A

 27%|██▋       | 7/26 [00:07<00:21,  1.14s/it][A

 31%|███       | 8/26 [00:08<00:20,  1.16s/it][A

 35%|███▍      | 9/26 [00:09<00:19,  1.17s/it][A

 38%|███▊      | 10/26 [00:10<00:18,  1.18s/it][A

 42%|████▏     | 11/26 [00:12<00:17,  1.19s/it][A

 46%|████▌     | 12/26 [00:13<00:16,  1.19s/it][A

 50%|█████     | 13/26 [00:14<00:15,  1.19s/it][A

 54%|█████▍    | 14/26 [00:15<00:14,  1.20s/it][A

 58%|█████▊    | 15/26 [00:16<00:13,  1.20s/it][A

 62%|██████▏   | 16/26 [00:18<00:11,  1.20s/it][A

 65%|██████▌   | 17/26 [00:19<00:10,  1.20s/it][A

 69%|██████▉   | 18/26 [00:20<00:09,  1.20s/it][A

 73%|███████▎  | 19/26 [00:21<00:08,  1.20s/it][A

 77%|███████▋  | 20/26 [00:22<00:07,  1.20s/it][A

 81%|████████  | 21/26 [00:24<00:06,  1.20s/it][A

 85%|████████▍ | 22/26 [00:25<00:04,  1.20s/it][A

 88%|████████▊ | 23/26 [00:26<00:03,  1.20s/it][A

 92%|█████████▏| 24/26 [00:27<00:02,  1.20s/it][A

 96%|█████████▌| 25/26 [00:28<00:01,  1.20s/it][A

100%|██████████| 26/26 [00:29<00:00,  1.13s/it][A

                                               
[A
                                                     

100%|██████████| 26/26 [00:30<00:00,  1.13s/it][A
 75%|███████▍  | 1144/1530 [3:20:22<54:15,  8.43s/it]

                                               [A{'eval_loss': 0.8643887639045715, 'eval_macro_recall': 0.7297596109734839, 'eval_macro_precision': 0.7150715973162688, 'eval_macro_f1': 0.6927988341287612, 'eval_accuracy': 0.7120291616038882, 'eval_micro_recall': 0.7120291616038882, 'eval_micro_precision': 0.7120291616038882, 'eval_micro_f1': 0.7120291616038883, 'eval_runtime': 32.1449, 'eval_samples_per_second': 25.603, 'eval_steps_per_second': 0.809, 'epoch': 22.0}

 75%|███████▍  | 1145/1530 [3:20:36<2:08:21, 20.00s/it]
 75%|███████▍  | 1146/1530 [3:20:46<1:48:36, 16.97s/it]
 75%|███████▍  | 1147/1530 [3:20:56<1:34:48, 14.85s/it]
 75%|███████▌  | 1148/1530 [3:21:06<1:25:20, 13.40s/it]
 75%|███████▌  | 1149/1530 [3:21:16<1:18:26, 12.35s/it]
 75%|███████▌  | 1150/1530 [3:21:26<1:13:33, 11.61s/it]
 75%|███████▌  | 1151/1530 [3:21:36<1:10:06, 11.10s/it]
 75%|███████▌  | 1152/1530 [3:21:45<1:07:39, 10.74s/it]
 75%|███████▌  | 1153/1530 [3:21:55<1:05:53, 10.49s/it]
 75%|███████▌  | 1154/1530 [3:22:05<1:04:36, 10.31s/it]
 75%|███████▌  | 1155/1530 [3:22:15<1:03:39, 10.19s/it]
 76%|███████▌  | 1156/1530 [3:22:25<1:02:56, 10.10s/it]
 76%|███████▌  | 1157/1530 [3:22:35<1:02:23, 10.04s/it]
 76%|███████▌  | 1158/1530 [3:22:45<1:01:57,  9.99s/it]
 76%|███████▌  | 1159/1530 [3:22:55<1:01:36,  9.96s/it]
 76%|███████▌  | 1160/1530 [3:23:05<1:01:18,  9.94s/it]
 76%|███████▌  | 1161/1530 [3:23:15<1:01:03,  9.93s/it]
 76%|███████▌  | 1162/1530 [3:23:24<1:00:49,  9.92s/it]
 76%|███████▌  | 1163/1530 [3:23:34<1:00:37,  9.91s/it]
 76%|███████▌  | 1164/1530 [3:23:44<1:00:26,  9.91s/it]
 76%|███████▌  | 1165/1530 [3:23:54<1:00:14,  9.90s/it]
 76%|███████▌  | 1166/1530 [3:24:04<1:00:04,  9.90s/it]
 76%|███████▋  | 1167/1530 [3:24:14<59:53,  9.90s/it]  
 76%|███████▋  | 1168/1530 [3:24:24<59:43,  9.90s/it]
 76%|███████▋  | 1169/1530 [3:24:34<59:32,  9.90s/it]
 76%|███████▋  | 1170/1530 [3:24:44<59:22,  9.90s/it]
 77%|███████▋  | 1171/1530 [3:24:53<59:16,  9.91s/it]
 77%|███████▋  | 1172/1530 [3:25:03<59:05,  9.90s/it]
 77%|███████▋  | 1173/1530 [3:25:14<1:00:20, 10.14s/it]
 77%|███████▋  | 1174/1530 [3:25:24<59:45, 10.07s/it]  
 77%|███████▋  | 1175/1530 [3:25:34<59:17, 10.02s/it]
 77%|███████▋  | 1176/1530 [3:25:44<58:53,  9.98s/it]
 77%|███████▋  | 1177/1530 [3:25:54<58:35,  9.96s/it]
 77%|███████▋  | 1178/1530 [3:26:04<58:18,  9.94s/it]
 77%|███████▋  | 1179/1530 [3:26:13<58:04,  9.93s/it]
 77%|███████▋  | 1180/1530 [3:26:23<57:51,  9.92s/it]
 77%|███████▋  | 1181/1530 [3:26:33<57:39,  9.91s/it]
 77%|███████▋  | 1182/1530 [3:26:43<57:27,  9.91s/it]
 77%|███████▋  | 1183/1530 [3:26:53<57:16,  9.90s/it]
 77%|███████▋  | 1184/1530 [3:27:03<57:05,  9.90s/it]
 77%|███████▋  | 1185/1530 [3:27:13<56:55,  9.90s/it]
 78%|███████▊  | 1186/1530 [3:27:23<56:45,  9.90s/it]
 78%|███████▊  | 1187/1530 [3:27:33<56:34,  9.90s/it]
 78%|███████▊  | 1188/1530 [3:27:43<56:24,  9.90s/it]
 78%|███████▊  | 1189/1530 [3:27:52<56:14,  9.90s/it]
 78%|███████▊  | 1190/1530 [3:28:02<56:04,  9.90s/it]
 78%|███████▊  | 1191/1530 [3:28:12<55:55,  9.90s/it]
 78%|███████▊  | 1192/1530 [3:28:22<55:45,  9.90s/it]
 78%|███████▊  | 1193/1530 [3:28:32<55:35,  9.90s/it]
 78%|███████▊  | 1194/1530 [3:28:42<55:25,  9.90s/it]
 78%|███████▊  | 1195/1530 [3:28:52<55:14,  9.89s/it]
 78%|███████▊  | 1196/1530 [3:28:57<46:46,  8.40s/it]
                                                     

 78%|███████▊  | 1196/1530 [3:28:57<46:46,  8.40s/it]{'loss': 0.6327, 'grad_norm': 1.7051749229431152, 'learning_rate': 1.0915032679738562e-05, 'epoch': 23.0}


  0%|          | 0/26 [00:00<?, ?it/s][A

  8%|▊         | 2/26 [00:01<00:14,  1.66it/s][A

 12%|█▏        | 3/26 [00:02<00:19,  1.18it/s][A

 15%|█▌        | 4/26 [00:03<00:21,  1.02it/s][A

 19%|█▉        | 5/26 [00:04<00:22,  1.06s/it][A

 23%|██▎       | 6/26 [00:06<00:22,  1.10s/it][A

 27%|██▋       | 7/26 [00:07<00:21,  1.14s/it][A

 31%|███       | 8/26 [00:08<00:20,  1.16s/it][A

 35%|███▍      | 9/26 [00:09<00:19,  1.17s/it][A

 38%|███▊      | 10/26 [00:10<00:18,  1.18s/it][A

 42%|████▏     | 11/26 [00:12<00:17,  1.19s/it][A

 46%|████▌     | 12/26 [00:13<00:16,  1.19s/it][A

 50%|█████     | 13/26 [00:14<00:15,  1.19s/it][A

 54%|█████▍    | 14/26 [00:15<00:14,  1.20s/it][A

 58%|█████▊    | 15/26 [00:16<00:13,  1.20s/it][A

 62%|██████▏   | 16/26 [00:18<00:11,  1.20s/it][A

 65%|██████▌   | 17/26 [00:19<00:10,  1.20s/it][A

 69%|██████▉   | 18/26 [00:20<00:09,  1.20s/it][A

 73%|███████▎  | 19/26 [00:21<00:08,  1.20s/it][A

 77%|███████▋  | 20/26 [00:22<00:07,  1.20s/it][A

 81%|████████  | 21/26 [00:24<00:06,  1.20s/it][A

 85%|████████▍ | 22/26 [00:25<00:04,  1.20s/it][A

 88%|████████▊ | 23/26 [00:27<00:03,  1.20s/it][A

 92%|█████████▏| 24/26 [00:28<00:02,  1.40s/it][A

 96%|█████████▌| 25/26 [00:29<00:01,  1.34s/it][A

100%|██████████| 26/26 [00:30<00:00,  1.23s/it][A

                                               
[A
                                                     

100%|██████████| 26/26 [00:33<00:00,  1.23s/it][A
 78%|███████▊  | 1196/1530 [3:29:33<46:46,  8.40s/it]

                                               [A{'eval_loss': 0.862331211566925, 'eval_macro_recall': 0.728075970272502, 'eval_macro_precision': 0.711920100450899, 'eval_macro_f1': 0.6892727376379553, 'eval_accuracy': 0.7120291616038882, 'eval_micro_recall': 0.7120291616038882, 'eval_micro_precision': 0.7120291616038882, 'eval_micro_f1': 0.7120291616038883, 'eval_runtime': 32.5938, 'eval_samples_per_second': 25.25, 'eval_steps_per_second': 0.798, 'epoch': 23.0}

 78%|███████▊  | 1197/1530 [3:29:49<2:00:00, 21.62s/it]
 78%|███████▊  | 1198/1530 [3:29:59<1:40:11, 18.11s/it]
 78%|███████▊  | 1199/1530 [3:30:09<1:26:18, 15.64s/it]
 78%|███████▊  | 1200/1530 [3:30:19<1:16:34, 13.92s/it]
 78%|███████▊  | 1201/1530 [3:30:29<1:09:44, 12.72s/it]
 79%|███████▊  | 1202/1530 [3:30:39<1:04:54, 11.87s/it]
 79%|███████▊  | 1203/1530 [3:30:49<1:01:29, 11.28s/it]
 79%|███████▊  | 1204/1530 [3:30:59<59:03, 10.87s/it]  
 79%|███████▉  | 1205/1530 [3:31:08<57:18, 10.58s/it]
 79%|███████▉  | 1206/1530 [3:31:18<56:04, 10.38s/it]
 79%|███████▉  | 1207/1530 [3:31:28<55:08, 10.24s/it]
 79%|███████▉  | 1208/1530 [3:31:38<54:25, 10.14s/it]
 79%|███████▉  | 1209/1530 [3:31:48<53:52, 10.07s/it]
 79%|███████▉  | 1210/1530 [3:31:58<53:26, 10.02s/it]
 79%|███████▉  | 1211/1530 [3:32:08<53:06,  9.99s/it]
 79%|███████▉  | 1212/1530 [3:32:18<52:48,  9.96s/it]
 79%|███████▉  | 1213/1530 [3:32:28<52:33,  9.95s/it]
 79%|███████▉  | 1214/1530 [3:32:38<52:19,  9.94s/it]
 79%|███████▉  | 1215/1530 [3:32:48<52:07,  9.93s/it]
 79%|███████▉  | 1216/1530 [3:32:57<51:55,  9.92s/it]
 80%|███████▉  | 1217/1530 [3:33:07<51:43,  9.92s/it]
 80%|███████▉  | 1218/1530 [3:33:17<51:33,  9.92s/it]
 80%|███████▉  | 1219/1530 [3:33:27<51:23,  9.91s/it]
 80%|███████▉  | 1220/1530 [3:33:37<51:12,  9.91s/it]
 80%|███████▉  | 1221/1530 [3:33:47<51:02,  9.91s/it]
 80%|███████▉  | 1222/1530 [3:33:57<50:52,  9.91s/it]
 80%|███████▉  | 1223/1530 [3:34:07<50:42,  9.91s/it]
 80%|████████  | 1224/1530 [3:34:17<50:32,  9.91s/it]
 80%|████████  | 1225/1530 [3:34:27<50:22,  9.91s/it]
 80%|████████  | 1226/1530 [3:34:37<50:11,  9.91s/it]
 80%|████████  | 1227/1530 [3:34:46<50:01,  9.91s/it]
 80%|████████  | 1228/1530 [3:34:56<49:52,  9.91s/it]
 80%|████████  | 1229/1530 [3:35:06<49:42,  9.91s/it]
 80%|████████  | 1230/1530 [3:35:16<49:31,  9.91s/it]
 80%|████████  | 1231/1530 [3:35:26<49:21,  9.91s/it]
 81%|████████  | 1232/1530 [3:35:36<49:11,  9.90s/it]
 81%|████████  | 1233/1530 [3:35:46<49:01,  9.90s/it]
 81%|████████  | 1234/1530 [3:35:56<48:51,  9.91s/it]
 81%|████████  | 1235/1530 [3:36:06<48:42,  9.91s/it]
 81%|████████  | 1236/1530 [3:36:16<48:31,  9.90s/it]
 81%|████████  | 1237/1530 [3:36:26<48:22,  9.91s/it]
 81%|████████  | 1238/1530 [3:36:35<48:12,  9.90s/it]
 81%|████████  | 1239/1530 [3:36:45<48:02,  9.91s/it]
 81%|████████  | 1240/1530 [3:36:55<47:52,  9.91s/it]
 81%|████████  | 1241/1530 [3:37:05<47:42,  9.91s/it]
 81%|████████  | 1242/1530 [3:37:15<47:33,  9.91s/it]
 81%|████████  | 1243/1530 [3:37:25<47:23,  9.91s/it]
 81%|████████▏ | 1244/1530 [3:37:35<47:13,  9.91s/it]
 81%|████████▏ | 1245/1530 [3:37:45<47:03,  9.91s/it]
 81%|████████▏ | 1246/1530 [3:37:55<46:53,  9.91s/it]
 82%|████████▏ | 1247/1530 [3:38:05<46:43,  9.91s/it]
 82%|████████▏ | 1248/1530 [3:38:10<40:47,  8.68s/it]
                                                     

 82%|████████▏ | 1248/1530 [3:38:11<40:47,  8.68s/it]{'loss': 0.6201, 'grad_norm': 1.7945702075958252, 'learning_rate': 9.215686274509804e-06, 'epoch': 24.0}


  0%|          | 0/26 [00:00<?, ?it/s][A

  8%|▊         | 2/26 [00:01<00:14,  1.67it/s][A

 12%|█▏        | 3/26 [00:02<00:19,  1.18it/s][A

 15%|█▌        | 4/26 [00:03<00:21,  1.02it/s][A

 19%|█▉        | 5/26 [00:04<00:22,  1.06s/it][A

 23%|██▎       | 6/26 [00:05<00:22,  1.10s/it][A

 27%|██▋       | 7/26 [00:07<00:21,  1.14s/it][A

 31%|███       | 8/26 [00:08<00:20,  1.16s/it][A

 35%|███▍      | 9/26 [00:09<00:19,  1.17s/it][A

 38%|███▊      | 10/26 [00:10<00:18,  1.18s/it][A

 42%|████▏     | 11/26 [00:11<00:17,  1.19s/it][A

 46%|████▌     | 12/26 [00:13<00:16,  1.19s/it][A

 50%|█████     | 13/26 [00:14<00:15,  1.19s/it][A

 54%|█████▍    | 14/26 [00:15<00:14,  1.20s/it][A

 58%|█████▊    | 15/26 [00:16<00:13,  1.21s/it][A

 62%|██████▏   | 16/26 [00:18<00:12,  1.21s/it][A

 65%|██████▌   | 17/26 [00:19<00:10,  1.21s/it][A

 69%|██████▉   | 18/26 [00:21<00:09,  1.20s/it][A

 73%|███████▎  | 19/26 [00:22<00:10,  1.51s/it][A

 77%|███████▋  | 20/26 [00:23<00:08,  1.41s/it][A

 81%|████████  | 21/26 [00:25<00:06,  1.35s/it][A

 85%|████████▍ | 22/26 [00:26<00:05,  1.31s/it][A

 88%|████████▊ | 23/26 [00:27<00:03,  1.27s/it][A

 92%|█████████▏| 24/26 [00:28<00:02,  1.25s/it][A

 96%|█████████▌| 25/26 [00:29<00:01,  1.24s/it][A

100%|██████████| 26/26 [00:31<00:00,  1.40s/it][A

                                               
[A
                                                     

100%|██████████| 26/26 [00:31<00:00,  1.40s/it][A
 82%|████████▏ | 1248/1530 [3:38:45<40:47,  8.68s/it]

                                               [A{'eval_loss': 0.8579383492469788, 'eval_macro_recall': 0.7211808422791082, 'eval_macro_precision': 0.7123474588984887, 'eval_macro_f1': 0.6910346434723306, 'eval_accuracy': 0.7120291616038882, 'eval_micro_recall': 0.7120291616038882, 'eval_micro_precision': 0.7120291616038882, 'eval_micro_f1': 0.7120291616038883, 'eval_runtime': 33.1977, 'eval_samples_per_second': 24.791, 'eval_steps_per_second': 0.783, 'epoch': 24.0}

 82%|████████▏ | 1249/1530 [3:39:00<1:38:01, 20.93s/it]
 82%|████████▏ | 1250/1530 [3:39:10<1:22:14, 17.62s/it]
 82%|████████▏ | 1251/1530 [3:39:20<1:11:10, 15.31s/it]
 82%|████████▏ | 1252/1530 [3:39:30<1:03:24, 13.69s/it]
 82%|████████▏ | 1253/1530 [3:39:40<57:56, 12.55s/it]  
 82%|████████▏ | 1254/1530 [3:39:49<54:05, 11.76s/it]
 82%|████████▏ | 1255/1530 [3:39:59<51:21, 11.20s/it]
 82%|████████▏ | 1256/1530 [3:40:09<49:22, 10.81s/it]
 82%|████████▏ | 1257/1530 [3:40:19<47:57, 10.54s/it]
 82%|████████▏ | 1258/1530 [3:40:29<46:55, 10.35s/it]
 82%|████████▏ | 1259/1530 [3:40:39<46:08, 10.22s/it]
 82%|████████▏ | 1260/1530 [3:40:49<45:32, 10.12s/it]
 82%|████████▏ | 1261/1530 [3:40:59<45:07, 10.06s/it]
 82%|████████▏ | 1262/1530 [3:41:09<44:45, 10.02s/it]
 83%|████████▎ | 1263/1530 [3:41:19<44:26,  9.99s/it]
 83%|████████▎ | 1264/1530 [3:41:29<44:10,  9.96s/it]
 83%|████████▎ | 1265/1530 [3:41:38<43:56,  9.95s/it]
 83%|████████▎ | 1266/1530 [3:41:48<43:43,  9.94s/it]
 83%|████████▎ | 1267/1530 [3:41:58<43:30,  9.93s/it]
 83%|████████▎ | 1268/1530 [3:42:08<43:19,  9.92s/it]
 83%|████████▎ | 1269/1530 [3:42:18<43:08,  9.92s/it]
 83%|████████▎ | 1270/1530 [3:42:28<42:57,  9.91s/it]
 83%|████████▎ | 1271/1530 [3:42:38<42:47,  9.91s/it]
 83%|████████▎ | 1272/1530 [3:42:48<42:37,  9.91s/it]
 83%|████████▎ | 1273/1530 [3:42:58<42:26,  9.91s/it]
 83%|████████▎ | 1274/1530 [3:43:08<42:17,  9.91s/it]
 83%|████████▎ | 1275/1530 [3:43:18<42:07,  9.91s/it]
 83%|████████▎ | 1276/1530 [3:43:27<41:57,  9.91s/it]
 83%|████████▎ | 1277/1530 [3:43:37<41:47,  9.91s/it]
 84%|████████▎ | 1278/1530 [3:43:47<41:37,  9.91s/it]
 84%|████████▎ | 1279/1530 [3:43:57<41:28,  9.92s/it]
 84%|████████▎ | 1280/1530 [3:44:07<41:17,  9.91s/it]
 84%|████████▎ | 1281/1530 [3:44:17<41:09,  9.92s/it]
 84%|████████▍ | 1282/1530 [3:44:27<40:58,  9.92s/it]
 84%|████████▍ | 1283/1530 [3:44:37<40:49,  9.92s/it]
 84%|████████▍ | 1284/1530 [3:44:47<40:38,  9.91s/it]
 84%|████████▍ | 1285/1530 [3:44:57<40:28,  9.91s/it]
 84%|████████▍ | 1286/1530 [3:45:07<40:18,  9.91s/it]
 84%|████████▍ | 1287/1530 [3:45:16<40:08,  9.91s/it]
 84%|████████▍ | 1288/1530 [3:45:26<39:59,  9.91s/it]
 84%|████████▍ | 1289/1530 [3:45:36<39:48,  9.91s/it]
 84%|████████▍ | 1290/1530 [3:45:46<39:38,  9.91s/it]
 84%|████████▍ | 1291/1530 [3:45:56<39:28,  9.91s/it]
 84%|████████▍ | 1292/1530 [3:46:06<39:18,  9.91s/it]
 85%|████████▍ | 1293/1530 [3:46:16<39:08,  9.91s/it]
 85%|████████▍ | 1294/1530 [3:46:26<38:58,  9.91s/it]
 85%|████████▍ | 1295/1530 [3:46:36<38:48,  9.91s/it]
 85%|████████▍ | 1296/1530 [3:46:46<38:38,  9.91s/it]
 85%|████████▍ | 1297/1530 [3:46:56<38:28,  9.91s/it]
 85%|████████▍ | 1298/1530 [3:47:05<38:18,  9.91s/it]
 85%|████████▍ | 1299/1530 [3:47:15<38:08,  9.91s/it]
 85%|████████▍ | 1300/1530 [3:47:20<32:26,  8.46s/it]
                                                     

 85%|████████▍ | 1300/1530 [3:47:22<32:26,  8.46s/it]{'loss': 0.6133, 'grad_norm': 1.3812594413757324, 'learning_rate': 7.5163398692810456e-06, 'epoch': 25.0}


  0%|          | 0/26 [00:00<?, ?it/s][A

  8%|▊         | 2/26 [00:01<00:14,  1.67it/s][A

 12%|█▏        | 3/26 [00:02<00:19,  1.18it/s][A

 15%|█▌        | 4/26 [00:03<00:21,  1.02it/s][A

 19%|█▉        | 5/26 [00:04<00:22,  1.06s/it][A

 23%|██▎       | 6/26 [00:06<00:22,  1.10s/it][A

 27%|██▋       | 7/26 [00:07<00:21,  1.14s/it][A

 31%|███       | 8/26 [00:08<00:20,  1.16s/it][A

 35%|███▍      | 9/26 [00:09<00:19,  1.17s/it][A

 38%|███▊      | 10/26 [00:10<00:18,  1.18s/it][A

 42%|████▏     | 11/26 [00:12<00:17,  1.19s/it][A

 46%|████▌     | 12/26 [00:13<00:16,  1.19s/it][A

 50%|█████     | 13/26 [00:14<00:15,  1.19s/it][A

 54%|█████▍    | 14/26 [00:15<00:14,  1.20s/it][A

 58%|█████▊    | 15/26 [00:16<00:13,  1.20s/it][A

 62%|██████▏   | 16/26 [00:18<00:11,  1.20s/it][A

 65%|██████▌   | 17/26 [00:19<00:10,  1.20s/it][A

 69%|██████▉   | 18/26 [00:20<00:09,  1.20s/it][A

 73%|███████▎  | 19/26 [00:21<00:08,  1.20s/it][A

 77%|███████▋  | 20/26 [00:22<00:07,  1.20s/it][A

 81%|████████  | 21/26 [00:24<00:06,  1.20s/it][A

 85%|████████▍ | 22/26 [00:25<00:04,  1.20s/it][A

 88%|████████▊ | 23/26 [00:26<00:03,  1.20s/it][A

 92%|█████████▏| 24/26 [00:27<00:02,  1.20s/it][A

 96%|█████████▌| 25/26 [00:28<00:01,  1.20s/it][A

100%|██████████| 26/26 [00:29<00:00,  1.13s/it][A

                                               
[A
                                                     

100%|██████████| 26/26 [00:29<00:00,  1.13s/it][A
 85%|████████▍ | 1300/1530 [3:47:53<32:26,  8.46s/it]

                                               [A{'eval_loss': 0.8599385023117065, 'eval_macro_recall': 0.7267409854115057, 'eval_macro_precision': 0.7157874678298272, 'eval_macro_f1': 0.6916152511228478, 'eval_accuracy': 0.7120291616038882, 'eval_micro_recall': 0.7120291616038882, 'eval_micro_precision': 0.7120291616038882, 'eval_micro_f1': 0.7120291616038883, 'eval_runtime': 31.3096, 'eval_samples_per_second': 26.286, 'eval_steps_per_second': 0.83, 'epoch': 25.0}

 85%|████████▌ | 1301/1530 [3:48:07<1:15:40, 19.83s/it]
 85%|████████▌ | 1302/1530 [3:48:17<1:04:01, 16.85s/it]
 85%|████████▌ | 1303/1530 [3:48:27<55:51, 14.76s/it]  
 85%|████████▌ | 1304/1530 [3:48:37<50:06, 13.30s/it]
 85%|████████▌ | 1305/1530 [3:48:46<46:03, 12.28s/it]
 85%|████████▌ | 1306/1530 [3:48:56<43:11, 11.57s/it]
 85%|████████▌ | 1307/1530 [3:49:06<41:08, 11.07s/it]
 85%|████████▌ | 1308/1530 [3:49:16<39:40, 10.72s/it]
 86%|████████▌ | 1309/1530 [3:49:26<38:35, 10.48s/it]
 86%|████████▌ | 1310/1530 [3:49:36<37:47, 10.31s/it]
 86%|████████▌ | 1311/1530 [3:49:46<37:10, 10.18s/it]
 86%|████████▌ | 1312/1530 [3:49:56<36:41, 10.10s/it]
 86%|████████▌ | 1313/1530 [3:50:06<36:19, 10.04s/it]
 86%|████████▌ | 1314/1530 [3:50:16<35:59, 10.00s/it]
 86%|████████▌ | 1315/1530 [3:50:25<35:43,  9.97s/it]
 86%|████████▌ | 1316/1530 [3:50:35<35:29,  9.95s/it]
 86%|████████▌ | 1317/1530 [3:50:45<35:16,  9.93s/it]
 86%|████████▌ | 1318/1530 [3:50:55<35:04,  9.93s/it]
 86%|████████▌ | 1319/1530 [3:51:05<34:52,  9.92s/it]
 86%|████████▋ | 1320/1530 [3:51:15<34:41,  9.91s/it]
 86%|████████▋ | 1321/1530 [3:51:25<34:31,  9.91s/it]
 86%|████████▋ | 1322/1530 [3:51:35<34:20,  9.91s/it]
 86%|████████▋ | 1323/1530 [3:51:45<34:10,  9.91s/it]
 87%|████████▋ | 1324/1530 [3:51:55<34:00,  9.91s/it]
 87%|████████▋ | 1325/1530 [3:52:04<33:50,  9.90s/it]
 87%|████████▋ | 1326/1530 [3:52:14<33:40,  9.90s/it]
 87%|████████▋ | 1327/1530 [3:52:24<33:30,  9.90s/it]
 87%|████████▋ | 1328/1530 [3:52:34<33:20,  9.90s/it]
 87%|████████▋ | 1329/1530 [3:52:44<33:10,  9.90s/it]
 87%|████████▋ | 1330/1530 [3:52:54<33:00,  9.90s/it]
 87%|████████▋ | 1331/1530 [3:53:04<32:50,  9.90s/it]
 87%|████████▋ | 1332/1530 [3:53:14<32:40,  9.90s/it]
 87%|████████▋ | 1333/1530 [3:53:24<32:30,  9.90s/it]
 87%|████████▋ | 1334/1530 [3:53:34<32:20,  9.90s/it]
 87%|████████▋ | 1335/1530 [3:53:43<32:10,  9.90s/it]
 87%|████████▋ | 1336/1530 [3:53:53<32:00,  9.90s/it]
 87%|████████▋ | 1337/1530 [3:54:03<31:50,  9.90s/it]
 87%|████████▋ | 1338/1530 [3:54:13<31:40,  9.90s/it]
 88%|████████▊ | 1339/1530 [3:54:23<31:30,  9.90s/it]
 88%|████████▊ | 1340/1530 [3:54:33<31:20,  9.90s/it]
 88%|████████▊ | 1341/1530 [3:54:43<31:11,  9.90s/it]
 88%|████████▊ | 1342/1530 [3:54:53<31:01,  9.90s/it]
 88%|████████▊ | 1343/1530 [3:55:03<30:51,  9.90s/it]
 88%|████████▊ | 1344/1530 [3:55:13<30:41,  9.90s/it]
 88%|████████▊ | 1345/1530 [3:55:22<30:31,  9.90s/it]
 88%|████████▊ | 1346/1530 [3:55:32<30:21,  9.90s/it]
 88%|████████▊ | 1347/1530 [3:55:42<30:11,  9.90s/it]
 88%|████████▊ | 1348/1530 [3:55:52<30:01,  9.90s/it]
 88%|████████▊ | 1349/1530 [3:56:02<29:51,  9.90s/it]
 88%|████████▊ | 1350/1530 [3:56:12<29:41,  9.90s/it]
 88%|████████▊ | 1351/1530 [3:56:22<29:31,  9.90s/it]
 88%|████████▊ | 1352/1530 [3:56:27<24:55,  8.40s/it]
                                                     

 88%|████████▊ | 1352/1530 [3:56:27<24:55,  8.40s/it]{'loss': 0.6039, 'grad_norm': 1.367838740348816, 'learning_rate': 5.816993464052288e-06, 'epoch': 26.0}


  0%|          | 0/26 [00:00<?, ?it/s][A

  8%|▊         | 2/26 [00:01<00:14,  1.67it/s][A

 12%|█▏        | 3/26 [00:02<00:19,  1.18it/s][A

 15%|█▌        | 4/26 [00:03<00:21,  1.02it/s][A

 19%|█▉        | 5/26 [00:04<00:22,  1.06s/it][A

 23%|██▎       | 6/26 [00:05<00:22,  1.10s/it][A

 27%|██▋       | 7/26 [00:07<00:21,  1.14s/it][A

 31%|███       | 8/26 [00:08<00:20,  1.16s/it][A

 35%|███▍      | 9/26 [00:09<00:19,  1.17s/it][A

 38%|███▊      | 10/26 [00:10<00:18,  1.18s/it][A

 42%|████▏     | 11/26 [00:11<00:17,  1.19s/it][A

 46%|████▌     | 12/26 [00:13<00:16,  1.19s/it][A

 50%|█████     | 13/26 [00:14<00:15,  1.19s/it][A

 54%|█████▍    | 14/26 [00:15<00:14,  1.19s/it][A

 58%|█████▊    | 15/26 [00:16<00:13,  1.20s/it][A

 62%|██████▏   | 16/26 [00:18<00:11,  1.20s/it][A

 65%|██████▌   | 17/26 [00:19<00:10,  1.20s/it][A

 69%|██████▉   | 18/26 [00:20<00:09,  1.20s/it][A

 73%|███████▎  | 19/26 [00:21<00:08,  1.20s/it][A

 77%|███████▋  | 20/26 [00:22<00:07,  1.20s/it][A

 81%|████████  | 21/26 [00:24<00:05,  1.20s/it][A

 85%|████████▍ | 22/26 [00:25<00:04,  1.20s/it][A

 88%|████████▊ | 23/26 [00:26<00:03,  1.20s/it][A

 92%|█████████▏| 24/26 [00:27<00:02,  1.20s/it][A

 96%|█████████▌| 25/26 [00:28<00:01,  1.20s/it][A

100%|██████████| 26/26 [00:29<00:00,  1.14s/it][A

                                               
[A
                                                     

100%|██████████| 26/26 [00:29<00:00,  1.14s/it][A
 88%|████████▊ | 1352/1530 [3:56:58<24:55,  8.40s/it]

                                               [A{'eval_loss': 0.8620050549507141, 'eval_macro_recall': 0.721345995045417, 'eval_macro_precision': 0.7122066555784946, 'eval_macro_f1': 0.6907497246336523, 'eval_accuracy': 0.7083839611178615, 'eval_micro_recall': 0.7083839611178615, 'eval_micro_precision': 0.7083839611178615, 'eval_micro_f1': 0.7083839611178615, 'eval_runtime': 31.3437, 'eval_samples_per_second': 26.257, 'eval_steps_per_second': 0.83, 'epoch': 26.0}

 88%|████████▊ | 1353/1530 [3:57:12<57:21, 19.45s/it]
 88%|████████▊ | 1354/1530 [3:57:22<48:38, 16.58s/it]
 89%|████████▊ | 1355/1530 [3:57:32<42:31, 14.58s/it]
 89%|████████▊ | 1356/1530 [3:57:42<38:12, 13.18s/it]
 89%|████████▊ | 1357/1530 [3:57:52<35:09, 12.19s/it]
 89%|████████▉ | 1358/1530 [3:58:01<32:59, 11.51s/it]
 89%|████████▉ | 1359/1530 [3:58:11<31:24, 11.02s/it]
 89%|████████▉ | 1360/1530 [3:58:21<30:16, 10.69s/it]
 89%|████████▉ | 1361/1530 [3:58:31<29:25, 10.45s/it]
 89%|████████▉ | 1362/1530 [3:58:41<28:47, 10.28s/it]
 89%|████████▉ | 1363/1530 [3:58:51<28:17, 10.16s/it]
 89%|████████▉ | 1364/1530 [3:59:01<27:53, 10.08s/it]
 89%|████████▉ | 1365/1530 [3:59:11<27:34, 10.03s/it]
 89%|████████▉ | 1366/1530 [3:59:21<27:17,  9.99s/it]
 89%|████████▉ | 1367/1530 [3:59:31<27:03,  9.96s/it]
 89%|████████▉ | 1368/1530 [3:59:40<26:49,  9.94s/it]
 89%|████████▉ | 1369/1530 [3:59:50<26:37,  9.92s/it]
 90%|████████▉ | 1370/1530 [4:00:00<26:26,  9.91s/it]
 90%|████████▉ | 1371/1530 [4:00:10<26:15,  9.91s/it]
 90%|████████▉ | 1372/1530 [4:00:20<26:04,  9.90s/it]
 90%|████████▉ | 1373/1530 [4:00:30<25:54,  9.90s/it]
 90%|████████▉ | 1374/1530 [4:00:40<25:44,  9.90s/it]
 90%|████████▉ | 1375/1530 [4:00:50<25:34,  9.90s/it]
 90%|████████▉ | 1376/1530 [4:01:00<25:23,  9.90s/it]
 90%|█████████ | 1377/1530 [4:01:09<25:13,  9.90s/it]
 90%|█████████ | 1378/1530 [4:01:19<25:04,  9.89s/it]
 90%|█████████ | 1379/1530 [4:01:29<24:54,  9.90s/it]
 90%|█████████ | 1380/1530 [4:01:39<24:44,  9.90s/it]
 90%|█████████ | 1381/1530 [4:01:49<24:34,  9.89s/it]
 90%|█████████ | 1382/1530 [4:01:59<24:24,  9.89s/it]
 90%|█████████ | 1383/1530 [4:02:09<24:14,  9.89s/it]
 90%|█████████ | 1384/1530 [4:02:19<24:04,  9.89s/it]
 91%|█████████ | 1385/1530 [4:02:29<23:54,  9.89s/it]
 91%|█████████ | 1386/1530 [4:02:39<23:44,  9.89s/it]
 91%|█████████ | 1387/1530 [4:02:48<23:34,  9.89s/it]
 91%|█████████ | 1388/1530 [4:02:58<23:24,  9.89s/it]
 91%|█████████ | 1389/1530 [4:03:08<23:14,  9.89s/it]
 91%|█████████ | 1390/1530 [4:03:18<23:05,  9.89s/it]
 91%|█████████ | 1391/1530 [4:03:28<22:55,  9.90s/it]
 91%|█████████ | 1392/1530 [4:03:38<22:45,  9.89s/it]
 91%|█████████ | 1393/1530 [4:03:48<22:35,  9.89s/it]
 91%|█████████ | 1394/1530 [4:03:58<22:25,  9.89s/it]
 91%|█████████ | 1395/1530 [4:04:08<22:15,  9.89s/it]
 91%|█████████ | 1396/1530 [4:04:17<22:05,  9.89s/it]
 91%|█████████▏| 1397/1530 [4:04:27<21:55,  9.89s/it]
 91%|█████████▏| 1398/1530 [4:04:37<21:45,  9.89s/it]
 91%|█████████▏| 1399/1530 [4:04:47<21:36,  9.89s/it]
 92%|█████████▏| 1400/1530 [4:04:57<21:26,  9.89s/it]
 92%|█████████▏| 1401/1530 [4:05:07<21:16,  9.89s/it]
 92%|█████████▏| 1402/1530 [4:05:17<21:06,  9.89s/it]
 92%|█████████▏| 1403/1530 [4:05:27<20:56,  9.89s/it]
 92%|█████████▏| 1404/1530 [4:05:32<17:36,  8.39s/it]
                                                     

 92%|█████████▏| 1404/1530 [4:05:32<17:36,  8.39s/it]{'loss': 0.5963, 'grad_norm': 1.583235263824463, 'learning_rate': 4.11764705882353e-06, 'epoch': 27.0}


  0%|          | 0/26 [00:00<?, ?it/s][A

  8%|▊         | 2/26 [00:01<00:14,  1.67it/s][A

 12%|█▏        | 3/26 [00:02<00:19,  1.18it/s][A

 15%|█▌        | 4/26 [00:03<00:21,  1.02it/s][A

 19%|█▉        | 5/26 [00:04<00:22,  1.06s/it][A

 23%|██▎       | 6/26 [00:05<00:22,  1.10s/it][A

 27%|██▋       | 7/26 [00:07<00:21,  1.13s/it][A

 31%|███       | 8/26 [00:08<00:20,  1.15s/it][A

 35%|███▍      | 9/26 [00:09<00:19,  1.17s/it][A

 38%|███▊      | 10/26 [00:10<00:18,  1.18s/it][A

 42%|████▏     | 11/26 [00:11<00:17,  1.18s/it][A

 46%|████▌     | 12/26 [00:13<00:16,  1.19s/it][A

 50%|█████     | 13/26 [00:14<00:15,  1.19s/it][A

 54%|█████▍    | 14/26 [00:15<00:14,  1.19s/it][A

 58%|█████▊    | 15/26 [00:16<00:13,  1.20s/it][A

 62%|██████▏   | 16/26 [00:17<00:11,  1.20s/it][A

 65%|██████▌   | 17/26 [00:19<00:10,  1.20s/it][A

 69%|██████▉   | 18/26 [00:20<00:09,  1.20s/it][A

 73%|███████▎  | 19/26 [00:21<00:08,  1.20s/it][A

 77%|███████▋  | 20/26 [00:22<00:07,  1.20s/it][A

 81%|████████  | 21/26 [00:23<00:05,  1.20s/it][A

 85%|████████▍ | 22/26 [00:25<00:04,  1.20s/it][A

 88%|████████▊ | 23/26 [00:26<00:03,  1.20s/it][A

 92%|█████████▏| 24/26 [00:27<00:02,  1.20s/it][A

 96%|█████████▌| 25/26 [00:28<00:01,  1.20s/it][A

100%|██████████| 26/26 [00:29<00:00,  1.14s/it][A

                                               
[A
                                                     

100%|██████████| 26/26 [00:29<00:00,  1.14s/it][A
 92%|█████████▏| 1404/1530 [4:06:03<17:36,  8.39s/it]

                                               [A{'eval_loss': 0.8606188297271729, 'eval_macro_recall': 0.7278832920451417, 'eval_macro_precision': 0.712182033444046, 'eval_macro_f1': 0.6914621970984827, 'eval_accuracy': 0.7120291616038882, 'eval_micro_recall': 0.7120291616038882, 'eval_micro_precision': 0.7120291616038882, 'eval_micro_f1': 0.7120291616038883, 'eval_runtime': 31.2833, 'eval_samples_per_second': 26.308, 'eval_steps_per_second': 0.831, 'epoch': 27.0}

 92%|█████████▏| 1405/1530 [4:06:17<40:20, 19.36s/it]
 92%|█████████▏| 1406/1530 [4:06:26<34:08, 16.52s/it]
 92%|█████████▏| 1407/1530 [4:06:36<29:47, 14.54s/it]
 92%|█████████▏| 1408/1530 [4:06:46<26:43, 13.14s/it]
 92%|█████████▏| 1409/1530 [4:06:56<24:32, 12.17s/it]
 92%|█████████▏| 1410/1530 [4:07:06<22:58, 11.49s/it]
 92%|█████████▏| 1411/1530 [4:07:16<21:50, 11.01s/it]
 92%|█████████▏| 1412/1530 [4:07:26<20:59, 10.68s/it]
 92%|█████████▏| 1413/1530 [4:07:36<20:21, 10.44s/it]
 92%|█████████▏| 1414/1530 [4:07:46<19:52, 10.28s/it]
 92%|█████████▏| 1415/1530 [4:07:56<19:29, 10.17s/it]
 93%|█████████▎| 1416/1530 [4:08:05<19:09, 10.09s/it]
 93%|█████████▎| 1417/1530 [4:08:15<18:53, 10.03s/it]
 93%|█████████▎| 1418/1530 [4:08:25<18:39,  9.99s/it]
 93%|█████████▎| 1419/1530 [4:08:35<18:26,  9.96s/it]
 93%|█████████▎| 1420/1530 [4:08:45<18:14,  9.95s/it]
 93%|█████████▎| 1421/1530 [4:08:55<18:02,  9.93s/it]
 93%|█████████▎| 1422/1530 [4:09:05<17:51,  9.92s/it]
 93%|█████████▎| 1423/1530 [4:09:15<17:40,  9.92s/it]
 93%|█████████▎| 1424/1530 [4:09:25<17:30,  9.91s/it]
 93%|█████████▎| 1425/1530 [4:09:35<17:20,  9.91s/it]
 93%|█████████▎| 1426/1530 [4:09:44<17:10,  9.91s/it]
 93%|█████████▎| 1427/1530 [4:09:54<17:00,  9.90s/it]
 93%|█████████▎| 1428/1530 [4:10:04<16:50,  9.90s/it]
 93%|█████████▎| 1429/1530 [4:10:14<16:39,  9.90s/it]
 93%|█████████▎| 1430/1530 [4:10:24<16:29,  9.90s/it]
 94%|█████████▎| 1431/1530 [4:10:34<16:20,  9.90s/it]
 94%|█████████▎| 1432/1530 [4:10:44<16:10,  9.90s/it]
 94%|█████████▎| 1433/1530 [4:10:54<16:00,  9.90s/it]
 94%|█████████▎| 1434/1530 [4:11:04<15:50,  9.90s/it]
 94%|█████████▍| 1435/1530 [4:11:14<15:40,  9.90s/it]
 94%|█████████▍| 1436/1530 [4:11:23<15:30,  9.90s/it]
 94%|█████████▍| 1437/1530 [4:11:33<15:20,  9.90s/it]
 94%|█████████▍| 1438/1530 [4:11:43<15:10,  9.90s/it]
 94%|█████████▍| 1439/1530 [4:11:53<15:00,  9.90s/it]
 94%|█████████▍| 1440/1530 [4:12:03<14:50,  9.90s/it]
 94%|█████████▍| 1441/1530 [4:12:13<14:41,  9.90s/it]
 94%|█████████▍| 1442/1530 [4:12:23<14:31,  9.90s/it]
 94%|█████████▍| 1443/1530 [4:12:33<14:21,  9.90s/it]
 94%|█████████▍| 1444/1530 [4:12:43<14:11,  9.90s/it]
 94%|█████████▍| 1445/1530 [4:12:53<14:01,  9.90s/it]
 95%|█████████▍| 1446/1530 [4:13:02<13:52,  9.91s/it]
 95%|█████████▍| 1447/1530 [4:13:12<13:42,  9.90s/it]
 95%|█████████▍| 1448/1530 [4:13:22<13:32,  9.90s/it]
 95%|█████████▍| 1449/1530 [4:13:32<13:22,  9.90s/it]
 95%|█████████▍| 1450/1530 [4:13:42<13:12,  9.90s/it]
 95%|█████████▍| 1451/1530 [4:13:52<13:02,  9.91s/it]
 95%|█████████▍| 1452/1530 [4:14:02<12:52,  9.90s/it]
 95%|█████████▍| 1453/1530 [4:14:12<12:42,  9.90s/it]
 95%|█████████▌| 1454/1530 [4:14:22<12:32,  9.90s/it]
 95%|█████████▌| 1455/1530 [4:14:32<12:22,  9.90s/it]
 95%|█████████▌| 1456/1530 [4:14:36<10:21,  8.40s/it]
                                                     

 95%|█████████▌| 1456/1530 [4:14:36<10:21,  8.40s/it]{'loss': 0.588, 'grad_norm': 1.377059817314148, 'learning_rate': 2.4183006535947716e-06, 'epoch': 28.0}


  0%|          | 0/26 [00:00<?, ?it/s][A

  8%|▊         | 2/26 [00:01<00:14,  1.67it/s][A

 12%|█▏        | 3/26 [00:02<00:19,  1.18it/s][A

 15%|█▌        | 4/26 [00:03<00:21,  1.02it/s][A

 19%|█▉        | 5/26 [00:04<00:22,  1.06s/it][A

 23%|██▎       | 6/26 [00:06<00:22,  1.10s/it][A

 27%|██▋       | 7/26 [00:07<00:21,  1.14s/it][A

 31%|███       | 8/26 [00:08<00:20,  1.16s/it][A

 35%|███▍      | 9/26 [00:09<00:19,  1.17s/it][A

 38%|███▊      | 10/26 [00:10<00:18,  1.18s/it][A

 42%|████▏     | 11/26 [00:11<00:17,  1.19s/it][A

 46%|████▌     | 12/26 [00:13<00:16,  1.19s/it][A

 50%|█████     | 13/26 [00:14<00:15,  1.19s/it][A

 54%|█████▍    | 14/26 [00:15<00:14,  1.19s/it][A

 58%|█████▊    | 15/26 [00:16<00:13,  1.20s/it][A

 62%|██████▏   | 16/26 [00:18<00:11,  1.20s/it][A

 65%|██████▌   | 17/26 [00:19<00:10,  1.20s/it][A

 69%|██████▉   | 18/26 [00:20<00:09,  1.20s/it][A

 73%|███████▎  | 19/26 [00:21<00:08,  1.20s/it][A

 77%|███████▋  | 20/26 [00:22<00:07,  1.20s/it][A

 81%|████████  | 21/26 [00:24<00:06,  1.20s/it][A

 85%|████████▍ | 22/26 [00:25<00:04,  1.20s/it][A

 88%|████████▊ | 23/26 [00:26<00:03,  1.20s/it][A

 92%|█████████▏| 24/26 [00:27<00:02,  1.20s/it][A

 96%|█████████▌| 25/26 [00:28<00:01,  1.20s/it][A

100%|██████████| 26/26 [00:29<00:00,  1.14s/it][A

                                               
[A
                                                     

100%|██████████| 26/26 [00:29<00:00,  1.14s/it][A
 95%|█████████▌| 1456/1530 [4:15:08<10:21,  8.40s/it]

                                               [A{'eval_loss': 0.8623026013374329, 'eval_macro_recall': 0.7276722635104138, 'eval_macro_precision': 0.7110155538093582, 'eval_macro_f1': 0.6929124125356162, 'eval_accuracy': 0.7132442284325637, 'eval_micro_recall': 0.7132442284325637, 'eval_micro_precision': 0.7132442284325637, 'eval_micro_f1': 0.7132442284325637, 'eval_runtime': 31.3589, 'eval_samples_per_second': 26.245, 'eval_steps_per_second': 0.829, 'epoch': 28.0}

 95%|█████████▌| 1457/1530 [4:15:22<23:38, 19.43s/it]
 95%|█████████▌| 1458/1530 [4:15:32<19:53, 16.57s/it]
 95%|█████████▌| 1459/1530 [4:15:41<17:14, 14.57s/it]
 95%|█████████▌| 1460/1530 [4:15:51<15:21, 13.17s/it]
 95%|█████████▌| 1461/1530 [4:16:01<14:01, 12.19s/it]
 96%|█████████▌| 1462/1530 [4:16:11<13:02, 11.50s/it]
 96%|█████████▌| 1463/1530 [4:16:21<12:18, 11.02s/it]
 96%|█████████▌| 1464/1530 [4:16:31<11:45, 10.68s/it]
 96%|█████████▌| 1465/1530 [4:16:41<11:18, 10.45s/it]
 96%|█████████▌| 1466/1530 [4:16:51<10:57, 10.28s/it]
 96%|█████████▌| 1467/1530 [4:17:01<10:40, 10.16s/it]
 96%|█████████▌| 1468/1530 [4:17:11<10:25, 10.08s/it]
 96%|█████████▌| 1469/1530 [4:17:20<10:11, 10.03s/it]
 96%|█████████▌| 1470/1530 [4:17:30<09:59,  9.99s/it]
 96%|█████████▌| 1471/1530 [4:17:40<09:47,  9.96s/it]
 96%|█████████▌| 1472/1530 [4:17:50<09:36,  9.94s/it]
 96%|█████████▋| 1473/1530 [4:18:00<09:25,  9.93s/it]
 96%|█████████▋| 1474/1530 [4:18:10<09:15,  9.92s/it]
 96%|█████████▋| 1475/1530 [4:18:20<09:05,  9.91s/it]
 96%|█████████▋| 1476/1530 [4:18:30<08:55,  9.91s/it]
 97%|█████████▋| 1477/1530 [4:18:40<08:44,  9.91s/it]
 97%|█████████▋| 1478/1530 [4:18:49<08:34,  9.90s/it]
 97%|█████████▋| 1479/1530 [4:18:59<08:24,  9.90s/it]
 97%|█████████▋| 1480/1530 [4:19:09<08:14,  9.90s/it]
 97%|█████████▋| 1481/1530 [4:19:19<08:04,  9.90s/it]
 97%|█████████▋| 1482/1530 [4:19:29<07:55,  9.90s/it]
 97%|█████████▋| 1483/1530 [4:19:39<07:45,  9.90s/it]
 97%|█████████▋| 1484/1530 [4:19:49<07:35,  9.90s/it]
 97%|█████████▋| 1485/1530 [4:19:59<07:25,  9.90s/it]
 97%|█████████▋| 1486/1530 [4:20:09<07:15,  9.90s/it]
 97%|█████████▋| 1487/1530 [4:20:22<07:47, 10.87s/it]
 97%|█████████▋| 1488/1530 [4:20:36<08:14, 11.77s/it]
 97%|█████████▋| 1489/1530 [4:20:47<07:52, 11.53s/it]
 97%|█████████▋| 1490/1530 [4:20:57<07:21, 11.04s/it]
 97%|█████████▋| 1491/1530 [4:21:06<06:57, 10.70s/it]
 98%|█████████▊| 1492/1530 [4:21:16<06:37, 10.46s/it]
 98%|█████████▊| 1493/1530 [4:21:26<06:20, 10.29s/it]
 98%|█████████▊| 1494/1530 [4:21:36<06:06, 10.17s/it]
 98%|█████████▊| 1495/1530 [4:21:46<05:53, 10.09s/it]
 98%|█████████▊| 1496/1530 [4:21:56<05:41, 10.03s/it]
 98%|█████████▊| 1497/1530 [4:22:06<05:29,  9.99s/it]
 98%|█████████▊| 1498/1530 [4:22:16<05:18,  9.96s/it]
 98%|█████████▊| 1499/1530 [4:22:26<05:08,  9.94s/it]
 98%|█████████▊| 1500/1530 [4:22:35<04:57,  9.93s/it]
 98%|█████████▊| 1501/1530 [4:22:45<04:47,  9.92s/it]
 98%|█████████▊| 1502/1530 [4:22:55<04:37,  9.91s/it]
 98%|█████████▊| 1503/1530 [4:23:05<04:27,  9.91s/it]
 98%|█████████▊| 1504/1530 [4:23:15<04:17,  9.90s/it]
 98%|█████████▊| 1505/1530 [4:23:25<04:07,  9.90s/it]
 98%|█████████▊| 1506/1530 [4:23:35<03:59,  9.96s/it]
 98%|█████████▊| 1507/1530 [4:23:45<03:48,  9.94s/it]
 99%|█████████▊| 1508/1530 [4:23:50<03:05,  8.44s/it]
                                                     

 99%|█████████▊| 1508/1530 [4:23:50<03:05,  8.44s/it]{'loss': 0.5808, 'grad_norm': 1.6971725225448608, 'learning_rate': 7.189542483660131e-07, 'epoch': 29.0}


  0%|          | 0/26 [00:00<?, ?it/s][A

  8%|▊         | 2/26 [00:01<00:14,  1.62it/s][A

 12%|█▏        | 3/26 [00:02<00:19,  1.16it/s][A

 15%|█▌        | 4/26 [00:03<00:21,  1.01it/s][A

 19%|█▉        | 5/26 [00:04<00:22,  1.06s/it][A

 23%|██▎       | 6/26 [00:06<00:22,  1.11s/it][A

 27%|██▋       | 7/26 [00:07<00:21,  1.14s/it][A

 31%|███       | 8/26 [00:08<00:20,  1.16s/it][A

 35%|███▍      | 9/26 [00:09<00:19,  1.17s/it][A

 38%|███▊      | 10/26 [00:10<00:18,  1.18s/it][A

 42%|████▏     | 11/26 [00:12<00:17,  1.19s/it][A

 46%|████▌     | 12/26 [00:13<00:16,  1.19s/it][A

 50%|█████     | 13/26 [00:14<00:15,  1.19s/it][A

 54%|█████▍    | 14/26 [00:15<00:14,  1.19s/it][A

 58%|█████▊    | 15/26 [00:16<00:13,  1.20s/it][A

 62%|██████▏   | 16/26 [00:18<00:11,  1.20s/it][A

 65%|██████▌   | 17/26 [00:19<00:10,  1.20s/it][A

 69%|██████▉   | 18/26 [00:20<00:09,  1.20s/it][A

 73%|███████▎  | 19/26 [00:21<00:08,  1.20s/it][A

 77%|███████▋  | 20/26 [00:22<00:07,  1.20s/it][A

 81%|████████  | 21/26 [00:24<00:06,  1.20s/it][A

 85%|████████▍ | 22/26 [00:25<00:04,  1.20s/it][A

 88%|████████▊ | 23/26 [00:26<00:03,  1.20s/it][A

 92%|█████████▏| 24/26 [00:27<00:02,  1.20s/it][A

 96%|█████████▌| 25/26 [00:28<00:01,  1.20s/it][A

100%|██████████| 26/26 [00:29<00:00,  1.14s/it][A

                                               
[A
                                                     

100%|██████████| 26/26 [00:30<00:00,  1.14s/it][A
 99%|█████████▊| 1508/1530 [4:24:23<03:05,  8.44s/it]

                                               [A
                                                     

 99%|█████████▊| 1508/1530 [4:24:28<03:05,  8.44s/it]
 99%|█████████▊| 1508/1530 [4:24:28<03:51, 10.52s/it]
2025-04-12 12:18:14.897 | INFO     | __main__:fine_tune:230 - Training time: 15871.42 seconds
{'eval_loss': 0.8649500608444214, 'eval_macro_recall': 0.7271905679420131, 'eval_macro_precision': 0.7128242942019136, 'eval_macro_f1': 0.6933169534025847, 'eval_accuracy': 0.7132442284325637, 'eval_micro_recall': 0.7132442284325637, 'eval_micro_precision': 0.7132442284325637, 'eval_micro_f1': 0.7132442284325637, 'eval_runtime': 32.39, 'eval_samples_per_second': 25.409, 'eval_steps_per_second': 0.803, 'epoch': 29.0}
{'train_runtime': 15868.9491, 'train_samples_per_second': 6.229, 'train_steps_per_second': 0.096, 'train_loss': 1.26239799631053, 'epoch': 29.0}

  0%|          | 0/26 [00:00<?, ?it/s]
  8%|▊         | 2/26 [00:01<00:14,  1.67it/s]
 12%|█▏        | 3/26 [00:02<00:19,  1.18it/s]
 15%|█▌        | 4/26 [00:03<00:21,  1.02it/s]
 19%|█▉        | 5/26 [00:04<00:22,  1.05s/it]
 23%|██▎       | 6/26 [00:05<00:22,  1.10s/it]
 27%|██▋       | 7/26 [00:07<00:21,  1.14s/it]
 31%|███       | 8/26 [00:08<00:20,  1.16s/it]
 35%|███▍      | 9/26 [00:09<00:19,  1.17s/it]
 38%|███▊      | 10/26 [00:10<00:18,  1.18s/it]
 42%|████▏     | 11/26 [00:11<00:17,  1.18s/it]
 46%|████▌     | 12/26 [00:13<00:16,  1.19s/it]
 50%|█████     | 13/26 [00:14<00:15,  1.19s/it]
 54%|█████▍    | 14/26 [00:15<00:14,  1.19s/it]
 58%|█████▊    | 15/26 [00:16<00:13,  1.19s/it]
 62%|██████▏   | 16/26 [00:17<00:11,  1.20s/it]
 65%|██████▌   | 17/26 [00:19<00:10,  1.20s/it]
 69%|██████▉   | 18/26 [00:20<00:09,  1.20s/it]
 73%|███████▎  | 19/26 [00:21<00:08,  1.20s/it]
 77%|███████▋  | 20/26 [00:22<00:07,  1.20s/it]
 81%|████████  | 21/26 [00:23<00:05,  1.20s/it]
 85%|████████▍ | 22/26 [00:25<00:04,  1.20s/it]
 88%|████████▊ | 23/26 [00:26<00:03,  1.20s/it]
 92%|█████████▏| 24/26 [00:27<00:02,  1.20s/it]
 96%|█████████▌| 25/26 [00:28<00:01,  1.20s/it]
100%|██████████| 26/26 [00:29<00:00,  1.14s/it]
100%|██████████| 26/26 [00:29<00:00,  1.15s/it]
2025-04-12 12:18:46.232 | INFO     | __main__:fine_tune:236 - Prediction time: 31.33 seconds
2025-04-12 12:18:46.236 | INFO     | __main__:CV_run:413 - Fold 5, Final Eval Metrics: loss: 0.86, macro_recall: 0.73, macro_precision: 0.71, macro_f1: 0.69, accuracy: 0.71, micro_recall: 0.71, micro_precision: 0.71, micro_f1: 0.71, runtime: 32.39, samples_per_second: 25.41, steps_per_second: 0.80
2025-04-12 12:18:46.237 | SUCCESS  | __main__:CV_run:426 - 5-Fold Cross Validation completed
Eval results: defaultdict(<class 'list'>, {'loss': [4.2431840896606445, 3.1728432178497314, 2.5303196907043457, 2.1108012199401855, 1.8162615299224854, 1.6330379247665405, 1.4654453992843628, 1.3054605722427368, 1.2066272497177124, 1.1204488277435303, 1.0539817810058594, 1.0248744487762451, 0.9849549531936646, 0.9640754461288452, 0.9329473376274109, 0.9090718626976013, 0.9102913737297058, 0.8993065357208252, 0.8895642161369324, 0.8707050085067749, 0.8668577671051025, 0.8643887639045715, 0.862331211566925, 0.8579383492469788, 0.8599385023117065, 0.8620050549507141, 0.8606188297271729, 0.8623026013374329, 0.8649500608444214], 'macro_recall': [0.2017478667767685, 0.32062803926965777, 0.3751720341315717, 0.43081016607028166, 0.4750160565189467, 0.5123107624552712, 0.560645472061657, 0.6164304064593082, 0.6445866593265437, 0.6398041104688503, 0.652919992659877, 0.6781677218093404, 0.690918891641435, 0.6967818148453986, 0.6951417561244151, 0.7195843655381227, 0.7075947334617855, 0.722440132122213, 0.711741902926874, 0.7329594458207175, 0.7267776860262409, 0.7297596109734839, 0.728075970272502, 0.7211808422791082, 0.7267409854115057, 0.721345995045417, 0.7278832920451417, 0.7276722635104138, 0.7271905679420131], 'macro_precision': [0.11448668444192944, 0.19808147187244887, 0.27004612706978476, 0.3270623370546866, 0.390842313954647, 0.42937981033252903, 0.49697986227652685, 0.5627957007806059, 0.5879723874475928, 0.6048598597923925, 0.6091629572307737, 0.6429047253041857, 0.6453462916423062, 0.6597374720739491, 0.6530908422294274, 0.68865547971518, 0.6865792001822533, 0.6876431030493729, 0.6826225991498276, 0.706483845953951, 0.7075416112458203, 0.7150715973162688, 0.711920100450899, 0.7123474588984887, 0.7157874678298272, 0.7122066555784946, 0.712182033444046, 0.7110155538093582, 0.7128242942019136], 'macro_f1': [0.1274300598231689, 0.22452490995281718, 0.2877546941121575, 0.3444567282377279, 0.39769156591798627, 0.4282644692424325, 0.49319548268665375, 0.5534015623219549, 0.5836718926548027, 0.5871743303049262, 0.6007630576186217, 0.6278848922172773, 0.6422471743922572, 0.6538048871217953, 0.650434361982709, 0.6754472220106202, 0.6664992313878503, 0.6768059349604497, 0.6696975582919411, 0.6919431522721666, 0.6887990099661746, 0.6927988341287612, 0.6892727376379553, 0.6910346434723306, 0.6916152511228478, 0.6907497246336523, 0.6914621970984827, 0.6929124125356162, 0.6933169534025847], 'accuracy': [0.21142162818955043, 0.33414337788578374, 0.37667071688942894, 0.43377885783718106, 0.4848116646415553, 0.4993924665856622, 0.5382746051032807, 0.6038882138517618, 0.6294046172539489, 0.6257594167679222, 0.6427703523693803, 0.6597812879708383, 0.6707168894289186, 0.6804374240583232, 0.6743620899149453, 0.6986634264884569, 0.6877278250303767, 0.7023086269744836, 0.6901579586877278, 0.715674362089915, 0.7108140947752126, 0.7120291616038882, 0.7120291616038882, 0.7120291616038882, 0.7120291616038882, 0.7083839611178615, 0.7120291616038882, 0.7132442284325637, 0.7132442284325637], 'micro_recall': [0.21142162818955043, 0.33414337788578374, 0.37667071688942894, 0.43377885783718106, 0.4848116646415553, 0.4993924665856622, 0.5382746051032807, 0.6038882138517618, 0.6294046172539489, 0.6257594167679222, 0.6427703523693803, 0.6597812879708383, 0.6707168894289186, 0.6804374240583232, 0.6743620899149453, 0.6986634264884569, 0.6877278250303767, 0.7023086269744836, 0.6901579586877278, 0.715674362089915, 0.7108140947752126, 0.7120291616038882, 0.7120291616038882, 0.7120291616038882, 0.7120291616038882, 0.7083839611178615, 0.7120291616038882, 0.7132442284325637, 0.7132442284325637], 'micro_precision': [0.21142162818955043, 0.33414337788578374, 0.37667071688942894, 0.43377885783718106, 0.4848116646415553, 0.4993924665856622, 0.5382746051032807, 0.6038882138517618, 0.6294046172539489, 0.6257594167679222, 0.6427703523693803, 0.6597812879708383, 0.6707168894289186, 0.6804374240583232, 0.6743620899149453, 0.6986634264884569, 0.6877278250303767, 0.7023086269744836, 0.6901579586877278, 0.715674362089915, 0.7108140947752126, 0.7120291616038882, 0.7120291616038882, 0.7120291616038882, 0.7120291616038882, 0.7083839611178615, 0.7120291616038882, 0.7132442284325637, 0.7132442284325637], 'micro_f1': [0.21142162818955043, 0.33414337788578374, 0.37667071688942894, 0.43377885783718106, 0.4848116646415553, 0.4993924665856622, 0.5382746051032807, 0.6038882138517618, 0.6294046172539489, 0.6257594167679222, 0.6427703523693803, 0.6597812879708383, 0.6707168894289186, 0.6804374240583232, 0.6743620899149453, 0.6986634264884569, 0.6877278250303767, 0.7023086269744836, 0.6901579586877278, 0.715674362089915, 0.7108140947752125, 0.7120291616038883, 0.7120291616038883, 0.7120291616038883, 0.7120291616038883, 0.7083839611178615, 0.7120291616038883, 0.7132442284325637, 0.7132442284325637], 'runtime': [31.3849, 31.4934, 31.3455, 31.3363, 31.2897, 31.3615, 32.016, 31.9894, 31.5497, 31.3568, 31.3398, 31.3361, 31.3567, 31.3188, 32.6275, 31.5523, 31.3445, 31.2839, 31.3625, 31.3286, 31.3123, 32.1449, 32.5938, 33.1977, 31.3096, 31.3437, 31.2833, 31.3589, 32.39], 'samples_per_second': [26.223, 26.132, 26.256, 26.264, 26.303, 26.242, 25.706, 25.727, 26.086, 26.246, 26.261, 26.264, 26.246, 26.278, 25.224, 26.084, 26.257, 26.307, 26.242, 26.27, 26.284, 25.603, 25.25, 24.791, 26.286, 26.257, 26.308, 26.245, 25.409], 'steps_per_second': [0.828, 0.826, 0.829, 0.83, 0.831, 0.829, 0.812, 0.813, 0.824, 0.829, 0.83, 0.83, 0.829, 0.83, 0.797, 0.824, 0.829, 0.831, 0.829, 0.83, 0.83, 0.809, 0.798, 0.783, 0.83, 0.83, 0.831, 0.829, 0.803]})
loss: 0.8756 (± 0.0527)
macro_recall: 0.7032 (± 0.0229)
macro_precision: 0.6916 (± 0.0334)
macro_f1: 0.6742 (± 0.0262)
accuracy: 0.7164 (± 0.0107)
micro_recall: 0.7164 (± 0.0107)
micro_precision: 0.7164 (± 0.0107)
micro_f1: 0.7164 (± 0.0107)
runtime: 31.5996 (± 0.4112)
samples_per_second: 26.0682 (± 0.3464)
steps_per_second: 0.8228 (± 0.0104)
