2025-04-11 16:09:25.245 | INFO     | __main__:<module>:45 - Using device: cuda
2025-04-11 16:09:32.081 | INFO     | __main__:CV_run:321 - Number of classes: 81
2025-04-11 16:09:32.081 | INFO     | __main__:CV_run:322 - label type: model_type
2025-04-11 16:09:32.094 | INFO     | __main__:CV_run:351 - Starting fold 1
Some weights of LongformerForSequenceClassification were not initialized from the model checkpoint at allenai/longformer-base-4096 and are newly initialized: ['classifier.dense.bias', 'classifier.dense.weight', 'classifier.out_proj.bias', 'classifier.out_proj.weight']
You should probably TRAIN this model on a down-stream task to be able to use it for predictions and inference.
2025-04-11 16:09:33.853 | INFO     | __main__:CV_run:403 - Starting fine-tuning with cross-entropy loss
2025-04-11 16:09:33.854 | INFO     | __main__:fine_tune:153 - Gradient accumulation steps: 4
trim: 3072
Average length of input_ids: 1185.8372996600292
Length of full_dataset: 4118
Train mode: fine-tune
Fine-tune type: cross-entropy
lr: 5e-05
batch size: 8

  0%|          | 0/3090 [00:00<?, ?it/s]Initializing global attention on CLS token...

  0%|          | 1/3090 [00:07<6:28:52,  7.55s/it]
  0%|          | 2/3090 [00:12<5:09:13,  6.01s/it]
  0%|          | 3/3090 [00:17<4:43:49,  5.52s/it]
  0%|          | 4/3090 [00:22<4:31:49,  5.29s/it]
  0%|          | 5/3090 [00:27<4:25:10,  5.16s/it]
  0%|          | 6/3090 [00:32<4:21:07,  5.08s/it]
  0%|          | 7/3090 [00:37<4:18:29,  5.03s/it]
  0%|          | 8/3090 [00:42<4:16:44,  5.00s/it]
  0%|          | 9/3090 [00:46<4:15:33,  4.98s/it]
  0%|          | 10/3090 [00:51<4:14:44,  4.96s/it]
  0%|          | 11/3090 [00:56<4:14:07,  4.95s/it]
  0%|          | 12/3090 [01:01<4:13:42,  4.95s/it]
  0%|          | 13/3090 [01:06<4:13:22,  4.94s/it]
  0%|          | 14/3090 [01:11<4:13:09,  4.94s/it]
  0%|          | 15/3090 [01:16<4:12:57,  4.94s/it]
  1%|          | 16/3090 [01:21<4:12:50,  4.94s/it]
  1%|          | 17/3090 [01:26<4:12:45,  4.94s/it]
  1%|          | 18/3090 [01:31<4:12:41,  4.94s/it]
  1%|          | 19/3090 [01:36<4:12:36,  4.94s/it]
  1%|          | 20/3090 [01:41<4:12:32,  4.94s/it]
  1%|          | 21/3090 [01:46<4:12:27,  4.94s/it]
  1%|          | 22/3090 [01:51<4:12:23,  4.94s/it]
  1%|          | 23/3090 [01:56<4:12:19,  4.94s/it]
  1%|          | 24/3090 [02:00<4:12:15,  4.94s/it]
  1%|          | 25/3090 [02:05<4:12:11,  4.94s/it]
  1%|          | 26/3090 [02:10<4:12:05,  4.94s/it]
  1%|          | 27/3090 [02:15<4:12:01,  4.94s/it]
  1%|          | 28/3090 [02:20<4:11:57,  4.94s/it]
  1%|          | 29/3090 [02:25<4:11:52,  4.94s/it]
  1%|          | 30/3090 [02:30<4:11:47,  4.94s/it]
  1%|          | 31/3090 [02:35<4:11:41,  4.94s/it]
  1%|          | 32/3090 [02:40<4:11:38,  4.94s/it]
  1%|          | 33/3090 [02:45<4:11:34,  4.94s/it]
  1%|          | 34/3090 [02:50<4:11:28,  4.94s/it]
  1%|          | 35/3090 [02:55<4:11:22,  4.94s/it]
  1%|          | 36/3090 [03:00<4:11:20,  4.94s/it]
  1%|          | 37/3090 [03:05<4:11:18,  4.94s/it]
  1%|          | 38/3090 [03:10<4:11:13,  4.94s/it]
  1%|▏         | 39/3090 [03:15<4:11:07,  4.94s/it]
  1%|▏         | 40/3090 [03:20<4:11:04,  4.94s/it]
  1%|▏         | 41/3090 [03:24<4:10:56,  4.94s/it]
  1%|▏         | 42/3090 [03:29<4:10:50,  4.94s/it]
  1%|▏         | 43/3090 [03:34<4:10:47,  4.94s/it]
  1%|▏         | 44/3090 [03:39<4:10:44,  4.94s/it]
  1%|▏         | 45/3090 [03:44<4:10:40,  4.94s/it]
  1%|▏         | 46/3090 [03:49<4:10:34,  4.94s/it]
  2%|▏         | 47/3090 [03:54<4:10:30,  4.94s/it]
  2%|▏         | 48/3090 [03:59<4:10:25,  4.94s/it]
  2%|▏         | 49/3090 [04:04<4:10:21,  4.94s/it]
  2%|▏         | 50/3090 [04:09<4:10:16,  4.94s/it]
  2%|▏         | 51/3090 [04:14<4:10:11,  4.94s/it]
  2%|▏         | 52/3090 [04:19<4:10:06,  4.94s/it]
  2%|▏         | 53/3090 [04:24<4:10:03,  4.94s/it]
  2%|▏         | 54/3090 [04:29<4:09:55,  4.94s/it]
  2%|▏         | 55/3090 [04:34<4:09:49,  4.94s/it]
  2%|▏         | 56/3090 [04:39<4:09:45,  4.94s/it]
  2%|▏         | 57/3090 [04:43<4:09:41,  4.94s/it]
  2%|▏         | 58/3090 [04:48<4:09:35,  4.94s/it]
  2%|▏         | 59/3090 [04:53<4:09:32,  4.94s/it]
  2%|▏         | 60/3090 [04:58<4:09:27,  4.94s/it]
  2%|▏         | 61/3090 [05:03<4:09:22,  4.94s/it]
  2%|▏         | 62/3090 [05:08<4:09:18,  4.94s/it]
  2%|▏         | 63/3090 [05:13<4:09:12,  4.94s/it]
  2%|▏         | 64/3090 [05:18<4:09:07,  4.94s/it]
  2%|▏         | 65/3090 [05:23<4:09:02,  4.94s/it]
  2%|▏         | 66/3090 [05:28<4:08:58,  4.94s/it]
  2%|▏         | 67/3090 [05:33<4:08:53,  4.94s/it]
  2%|▏         | 68/3090 [05:38<4:08:48,  4.94s/it]
  2%|▏         | 69/3090 [05:43<4:08:43,  4.94s/it]
  2%|▏         | 70/3090 [05:48<4:08:40,  4.94s/it]
  2%|▏         | 71/3090 [05:53<4:08:36,  4.94s/it]
  2%|▏         | 72/3090 [05:58<4:08:31,  4.94s/it]
  2%|▏         | 73/3090 [06:03<4:08:27,  4.94s/it]
  2%|▏         | 74/3090 [06:07<4:08:24,  4.94s/it]
  2%|▏         | 75/3090 [06:12<4:08:19,  4.94s/it]
  2%|▏         | 76/3090 [06:17<4:08:14,  4.94s/it]
  2%|▏         | 77/3090 [06:22<4:08:09,  4.94s/it]
  3%|▎         | 78/3090 [06:27<4:08:04,  4.94s/it]
  3%|▎         | 79/3090 [06:32<4:08:00,  4.94s/it]
  3%|▎         | 80/3090 [06:37<4:07:54,  4.94s/it]
  3%|▎         | 81/3090 [06:42<4:07:47,  4.94s/it]
  3%|▎         | 82/3090 [06:47<4:07:43,  4.94s/it]
  3%|▎         | 83/3090 [06:52<4:07:39,  4.94s/it]
  3%|▎         | 84/3090 [06:57<4:07:34,  4.94s/it]
  3%|▎         | 85/3090 [07:02<4:07:29,  4.94s/it]
  3%|▎         | 86/3090 [07:07<4:07:24,  4.94s/it]
  3%|▎         | 87/3090 [07:12<4:07:19,  4.94s/it]
  3%|▎         | 88/3090 [07:17<4:07:15,  4.94s/it]
  3%|▎         | 89/3090 [07:22<4:07:09,  4.94s/it]
  3%|▎         | 90/3090 [07:27<4:07:04,  4.94s/it]
  3%|▎         | 91/3090 [07:31<4:06:58,  4.94s/it]
  3%|▎         | 92/3090 [07:36<4:06:54,  4.94s/it]
  3%|▎         | 93/3090 [07:41<4:06:49,  4.94s/it]
  3%|▎         | 94/3090 [07:46<4:06:42,  4.94s/it]
  3%|▎         | 95/3090 [07:51<4:06:38,  4.94s/it]
  3%|▎         | 96/3090 [07:56<4:06:35,  4.94s/it]
  3%|▎         | 97/3090 [08:01<4:06:31,  4.94s/it]
  3%|▎         | 98/3090 [08:06<4:06:25,  4.94s/it]
  3%|▎         | 99/3090 [08:11<4:06:20,  4.94s/it]
  3%|▎         | 100/3090 [08:16<4:06:14,  4.94s/it]
  3%|▎         | 101/3090 [08:21<4:06:09,  4.94s/it]
  3%|▎         | 102/3090 [08:26<4:06:03,  4.94s/it]
  3%|▎         | 103/3090 [08:31<4:03:52,  4.90s/it]
                                                    

  3%|▎         | 103/3090 [08:31<4:03:52,  4.90s/it]{'loss': 2.5417, 'grad_norm': 5.134029388427734, 'learning_rate': 4.8333333333333334e-05, 'epoch': 1.0}


  0%|          | 0/26 [00:00<?, ?it/s][A

  8%|▊         | 2/26 [00:01<00:14,  1.68it/s][A

 12%|█▏        | 3/26 [00:02<00:19,  1.18it/s][A

 15%|█▌        | 4/26 [00:03<00:21,  1.03it/s][A

 19%|█▉        | 5/26 [00:04<00:22,  1.05s/it][A

 23%|██▎       | 6/26 [00:05<00:21,  1.10s/it][A

 27%|██▋       | 7/26 [00:07<00:21,  1.13s/it][A

 31%|███       | 8/26 [00:08<00:20,  1.15s/it][A

 35%|███▍      | 9/26 [00:09<00:19,  1.16s/it][A

 38%|███▊      | 10/26 [00:10<00:18,  1.17s/it][A

 42%|████▏     | 11/26 [00:11<00:17,  1.18s/it][A

 46%|████▌     | 12/26 [00:13<00:16,  1.18s/it][A

 50%|█████     | 13/26 [00:14<00:15,  1.19s/it][A

 54%|█████▍    | 14/26 [00:15<00:14,  1.19s/it][A

 58%|█████▊    | 15/26 [00:16<00:13,  1.19s/it][A

 62%|██████▏   | 16/26 [00:17<00:11,  1.19s/it][A

 65%|██████▌   | 17/26 [00:19<00:10,  1.19s/it][A

 69%|██████▉   | 18/26 [00:20<00:09,  1.19s/it][A

 73%|███████▎  | 19/26 [00:21<00:08,  1.19s/it][A

 77%|███████▋  | 20/26 [00:22<00:07,  1.19s/it][A

 81%|████████  | 21/26 [00:23<00:05,  1.19s/it][A

 85%|████████▍ | 22/26 [00:25<00:04,  1.19s/it][A

 88%|████████▊ | 23/26 [00:26<00:03,  1.19s/it][A

 92%|█████████▏| 24/26 [00:27<00:02,  1.19s/it][A

 96%|█████████▌| 25/26 [00:28<00:01,  1.19s/it][A

100%|██████████| 26/26 [00:29<00:00,  1.13s/it][A
                                                    

                                               
[A
  3%|▎         | 103/3090 [09:03<4:03:52,  4.90s/it]

100%|██████████| 26/26 [00:29<00:00,  1.13s/it][A

                                               [A{'eval_loss': 1.2016441822052002, 'eval_macro_recall': 0.5731132852415013, 'eval_macro_precision': 0.5580009122070068, 'eval_macro_f1': 0.5361946472078335, 'eval_accuracy': 0.7864077669902912, 'eval_micro_recall': 0.7864077669902912, 'eval_micro_precision': 0.7864077669902912, 'eval_micro_f1': 0.7864077669902912, 'eval_runtime': 31.4535, 'eval_samples_per_second': 26.197, 'eval_steps_per_second': 0.827, 'epoch': 1.0}

  3%|▎         | 104/3090 [09:11<12:58:41, 15.65s/it]
  3%|▎         | 105/3090 [09:16<10:18:38, 12.44s/it]
  3%|▎         | 106/3090 [09:21<8:26:37, 10.19s/it] 
  3%|▎         | 107/3090 [09:26<7:08:15,  8.61s/it]
  3%|▎         | 108/3090 [09:31<6:13:25,  7.51s/it]
  4%|▎         | 109/3090 [09:36<5:34:58,  6.74s/it]
  4%|▎         | 110/3090 [09:41<5:08:01,  6.20s/it]
  4%|▎         | 111/3090 [09:46<4:49:09,  5.82s/it]
  4%|▎         | 112/3090 [09:51<4:35:54,  5.56s/it]
  4%|▎         | 113/3090 [09:56<4:26:41,  5.37s/it]
  4%|▎         | 114/3090 [10:01<4:20:08,  5.24s/it]
  4%|▎         | 115/3090 [10:06<4:15:31,  5.15s/it]
  4%|▍         | 116/3090 [10:11<4:12:17,  5.09s/it]
  4%|▍         | 117/3090 [10:16<4:09:58,  5.04s/it]
  4%|▍         | 118/3090 [10:21<4:08:19,  5.01s/it]
  4%|▍         | 119/3090 [10:25<4:07:08,  4.99s/it]
  4%|▍         | 120/3090 [10:30<4:06:18,  4.98s/it]
  4%|▍         | 121/3090 [10:35<4:05:40,  4.96s/it]
  4%|▍         | 122/3090 [10:40<4:05:12,  4.96s/it]
  4%|▍         | 123/3090 [10:45<4:04:51,  4.95s/it]
  4%|▍         | 124/3090 [10:50<4:04:34,  4.95s/it]
  4%|▍         | 125/3090 [10:55<4:04:22,  4.95s/it]
  4%|▍         | 126/3090 [11:00<4:04:13,  4.94s/it]
  4%|▍         | 127/3090 [11:05<4:04:04,  4.94s/it]
  4%|▍         | 128/3090 [11:10<4:03:58,  4.94s/it]
  4%|▍         | 129/3090 [11:15<4:03:50,  4.94s/it]
  4%|▍         | 130/3090 [11:20<4:03:43,  4.94s/it]
  4%|▍         | 131/3090 [11:25<4:03:36,  4.94s/it]
  4%|▍         | 132/3090 [11:30<4:03:32,  4.94s/it]
  4%|▍         | 133/3090 [11:35<4:03:24,  4.94s/it]
  4%|▍         | 134/3090 [11:40<4:03:21,  4.94s/it]
  4%|▍         | 135/3090 [11:44<4:03:16,  4.94s/it]
  4%|▍         | 136/3090 [11:49<4:03:12,  4.94s/it]
  4%|▍         | 137/3090 [11:54<4:03:06,  4.94s/it]
  4%|▍         | 138/3090 [11:59<4:03:02,  4.94s/it]
  4%|▍         | 139/3090 [12:04<4:03:06,  4.94s/it]
  5%|▍         | 140/3090 [12:09<4:02:57,  4.94s/it]
  5%|▍         | 141/3090 [12:14<4:02:53,  4.94s/it]
  5%|▍         | 142/3090 [12:19<4:02:47,  4.94s/it]
  5%|▍         | 143/3090 [12:24<4:02:41,  4.94s/it]
  5%|▍         | 144/3090 [12:29<4:02:36,  4.94s/it]
  5%|▍         | 145/3090 [12:34<4:02:32,  4.94s/it]
  5%|▍         | 146/3090 [12:39<4:02:26,  4.94s/it]
  5%|▍         | 147/3090 [12:44<4:02:22,  4.94s/it]
  5%|▍         | 148/3090 [12:49<4:02:16,  4.94s/it]
  5%|▍         | 149/3090 [12:54<4:02:10,  4.94s/it]
  5%|▍         | 150/3090 [12:59<4:02:05,  4.94s/it]
  5%|▍         | 151/3090 [13:04<4:01:59,  4.94s/it]
  5%|▍         | 152/3090 [13:08<4:01:54,  4.94s/it]
  5%|▍         | 153/3090 [13:13<4:01:48,  4.94s/it]
  5%|▍         | 154/3090 [13:18<4:01:44,  4.94s/it]
  5%|▌         | 155/3090 [13:23<4:01:38,  4.94s/it]
  5%|▌         | 156/3090 [13:28<4:01:33,  4.94s/it]
  5%|▌         | 157/3090 [13:33<4:01:29,  4.94s/it]
  5%|▌         | 158/3090 [13:38<4:01:25,  4.94s/it]
  5%|▌         | 159/3090 [13:43<4:01:20,  4.94s/it]
  5%|▌         | 160/3090 [13:48<4:01:16,  4.94s/it]
  5%|▌         | 161/3090 [13:53<4:01:12,  4.94s/it]
  5%|▌         | 162/3090 [13:58<4:01:07,  4.94s/it]
  5%|▌         | 163/3090 [14:03<4:01:00,  4.94s/it]
  5%|▌         | 164/3090 [14:08<4:00:56,  4.94s/it]
  5%|▌         | 165/3090 [14:13<4:00:48,  4.94s/it]
  5%|▌         | 166/3090 [14:18<4:00:46,  4.94s/it]
  5%|▌         | 167/3090 [14:23<4:00:40,  4.94s/it]
  5%|▌         | 168/3090 [14:28<4:00:36,  4.94s/it]
  5%|▌         | 169/3090 [14:32<4:00:30,  4.94s/it]
  6%|▌         | 170/3090 [14:37<4:00:26,  4.94s/it]
  6%|▌         | 171/3090 [14:42<4:00:21,  4.94s/it]
  6%|▌         | 172/3090 [14:47<4:00:18,  4.94s/it]
  6%|▌         | 173/3090 [14:52<4:00:14,  4.94s/it]
  6%|▌         | 174/3090 [14:57<4:00:07,  4.94s/it]
  6%|▌         | 175/3090 [15:02<4:00:03,  4.94s/it]
  6%|▌         | 176/3090 [15:07<3:59:58,  4.94s/it]
  6%|▌         | 177/3090 [15:12<3:59:53,  4.94s/it]
  6%|▌         | 178/3090 [15:17<3:59:47,  4.94s/it]
  6%|▌         | 179/3090 [15:22<3:59:42,  4.94s/it]
  6%|▌         | 180/3090 [15:27<3:59:37,  4.94s/it]
  6%|▌         | 181/3090 [15:32<3:59:32,  4.94s/it]
  6%|▌         | 182/3090 [15:37<3:59:26,  4.94s/it]
  6%|▌         | 183/3090 [15:42<3:59:21,  4.94s/it]
  6%|▌         | 184/3090 [15:47<3:59:17,  4.94s/it]
  6%|▌         | 185/3090 [15:52<3:59:12,  4.94s/it]
  6%|▌         | 186/3090 [15:56<3:59:07,  4.94s/it]
  6%|▌         | 187/3090 [16:01<3:59:00,  4.94s/it]
  6%|▌         | 188/3090 [16:06<3:58:56,  4.94s/it]
  6%|▌         | 189/3090 [16:11<3:58:52,  4.94s/it]
  6%|▌         | 190/3090 [16:16<3:58:48,  4.94s/it]
  6%|▌         | 191/3090 [16:21<3:58:44,  4.94s/it]
  6%|▌         | 192/3090 [16:26<3:58:39,  4.94s/it]
  6%|▌         | 193/3090 [16:31<3:58:34,  4.94s/it]
  6%|▋         | 194/3090 [16:36<3:58:30,  4.94s/it]
  6%|▋         | 195/3090 [16:41<3:58:25,  4.94s/it]
  6%|▋         | 196/3090 [16:46<3:58:20,  4.94s/it]
  6%|▋         | 197/3090 [16:51<3:58:15,  4.94s/it]
  6%|▋         | 198/3090 [16:56<3:58:11,  4.94s/it]
  6%|▋         | 199/3090 [17:01<3:58:05,  4.94s/it]
  6%|▋         | 200/3090 [17:06<3:57:58,  4.94s/it]
  7%|▋         | 201/3090 [17:11<3:57:54,  4.94s/it]
  7%|▋         | 202/3090 [17:16<3:57:49,  4.94s/it]
  7%|▋         | 203/3090 [17:20<3:57:44,  4.94s/it]
  7%|▋         | 204/3090 [17:25<3:57:38,  4.94s/it]
  7%|▋         | 205/3090 [17:30<3:57:35,  4.94s/it]
  7%|▋         | 206/3090 [17:35<3:54:27,  4.88s/it]
                                                    

  7%|▋         | 206/3090 [17:35<3:54:27,  4.88s/it]{'loss': 0.8537, 'grad_norm': 11.9722261428833, 'learning_rate': 4.666666666666667e-05, 'epoch': 2.0}


  0%|          | 0/26 [00:00<?, ?it/s][A

  8%|▊         | 2/26 [00:01<00:14,  1.68it/s][A

 12%|█▏        | 3/26 [00:02<00:19,  1.18it/s][A

 15%|█▌        | 4/26 [00:03<00:21,  1.03it/s][A

 19%|█▉        | 5/26 [00:04<00:22,  1.05s/it][A

 23%|██▎       | 6/26 [00:05<00:21,  1.10s/it][A

 27%|██▋       | 7/26 [00:07<00:21,  1.13s/it][A

 31%|███       | 8/26 [00:08<00:20,  1.15s/it][A

 35%|███▍      | 9/26 [00:09<00:19,  1.16s/it][A

 38%|███▊      | 10/26 [00:10<00:18,  1.17s/it][A

 42%|████▏     | 11/26 [00:11<00:17,  1.18s/it][A

 46%|████▌     | 12/26 [00:13<00:16,  1.18s/it][A

 50%|█████     | 13/26 [00:14<00:15,  1.19s/it][A

 54%|█████▍    | 14/26 [00:15<00:14,  1.19s/it][A

 58%|█████▊    | 15/26 [00:16<00:13,  1.19s/it][A

 62%|██████▏   | 16/26 [00:17<00:11,  1.19s/it][A

 65%|██████▌   | 17/26 [00:19<00:10,  1.19s/it][A

 69%|██████▉   | 18/26 [00:20<00:09,  1.19s/it][A

 73%|███████▎  | 19/26 [00:21<00:08,  1.19s/it][A

 77%|███████▋  | 20/26 [00:22<00:07,  1.19s/it][A

 81%|████████  | 21/26 [00:23<00:05,  1.19s/it][A

 85%|████████▍ | 22/26 [00:25<00:04,  1.19s/it][A

 88%|████████▊ | 23/26 [00:26<00:03,  1.19s/it][A

 92%|█████████▏| 24/26 [00:27<00:02,  1.19s/it][A

 96%|█████████▌| 25/26 [00:28<00:01,  1.19s/it][A

100%|██████████| 26/26 [00:29<00:00,  1.13s/it][A
                                                    

                                               
[A
  7%|▋         | 206/3090 [18:06<3:54:27,  4.88s/it]

100%|██████████| 26/26 [00:29<00:00,  1.13s/it][A

                                               [A{'eval_loss': 0.5310144424438477, 'eval_macro_recall': 0.7742420352579387, 'eval_macro_precision': 0.7382258026088543, 'eval_macro_f1': 0.7375042912404145, 'eval_accuracy': 0.9016990291262136, 'eval_micro_recall': 0.9016990291262136, 'eval_micro_precision': 0.9016990291262136, 'eval_micro_f1': 0.9016990291262136, 'eval_runtime': 31.0328, 'eval_samples_per_second': 26.553, 'eval_steps_per_second': 0.838, 'epoch': 2.0}

  7%|▋         | 207/3090 [18:15<12:14:59, 15.30s/it]
  7%|▋         | 208/3090 [18:20<9:45:38, 12.19s/it] 
  7%|▋         | 209/3090 [18:25<8:01:01, 10.02s/it]
  7%|▋         | 210/3090 [18:30<6:47:52,  8.50s/it]
  7%|▋         | 211/3090 [18:34<5:56:33,  7.43s/it]
  7%|▋         | 212/3090 [18:39<5:20:37,  6.68s/it]
  7%|▋         | 213/3090 [18:44<4:55:31,  6.16s/it]
  7%|▋         | 214/3090 [18:49<4:37:51,  5.80s/it]
  7%|▋         | 215/3090 [18:54<4:25:25,  5.54s/it]
  7%|▋         | 216/3090 [18:59<4:16:46,  5.36s/it]
  7%|▋         | 217/3090 [19:04<4:10:43,  5.24s/it]
  7%|▋         | 218/3090 [19:09<4:06:24,  5.15s/it]
  7%|▋         | 219/3090 [19:14<4:03:22,  5.09s/it]
  7%|▋         | 220/3090 [19:19<4:01:12,  5.04s/it]
  7%|▋         | 221/3090 [19:24<3:59:45,  5.01s/it]
  7%|▋         | 222/3090 [19:29<3:58:39,  4.99s/it]
  7%|▋         | 223/3090 [19:34<3:57:48,  4.98s/it]
  7%|▋         | 224/3090 [19:39<3:57:12,  4.97s/it]
  7%|▋         | 225/3090 [19:44<3:56:44,  4.96s/it]
  7%|▋         | 226/3090 [19:49<3:56:24,  4.95s/it]
  7%|▋         | 227/3090 [19:54<3:56:10,  4.95s/it]
  7%|▋         | 228/3090 [19:58<3:55:57,  4.95s/it]
  7%|▋         | 229/3090 [20:03<3:55:47,  4.94s/it]
  7%|▋         | 230/3090 [20:08<3:55:36,  4.94s/it]
  7%|▋         | 231/3090 [20:13<3:55:30,  4.94s/it]
  8%|▊         | 232/3090 [20:18<3:55:23,  4.94s/it]
  8%|▊         | 233/3090 [20:23<3:55:18,  4.94s/it]
  8%|▊         | 234/3090 [20:28<3:55:12,  4.94s/it]
  8%|▊         | 235/3090 [20:33<3:55:07,  4.94s/it]
  8%|▊         | 236/3090 [20:38<3:55:00,  4.94s/it]
  8%|▊         | 237/3090 [20:43<3:54:55,  4.94s/it]
  8%|▊         | 238/3090 [20:48<3:54:50,  4.94s/it]
  8%|▊         | 239/3090 [20:53<3:54:45,  4.94s/it]
  8%|▊         | 240/3090 [20:58<3:54:40,  4.94s/it]
  8%|▊         | 241/3090 [21:03<3:54:34,  4.94s/it]
  8%|▊         | 242/3090 [21:08<3:54:28,  4.94s/it]
  8%|▊         | 243/3090 [21:13<3:54:24,  4.94s/it]
  8%|▊         | 244/3090 [21:18<3:54:19,  4.94s/it]
  8%|▊         | 245/3090 [21:22<3:54:15,  4.94s/it]
  8%|▊         | 246/3090 [21:27<3:54:08,  4.94s/it]
  8%|▊         | 247/3090 [21:32<3:54:05,  4.94s/it]
  8%|▊         | 248/3090 [21:37<3:54:00,  4.94s/it]
  8%|▊         | 249/3090 [21:42<3:53:54,  4.94s/it]
  8%|▊         | 250/3090 [21:47<3:53:50,  4.94s/it]
  8%|▊         | 251/3090 [21:52<3:53:48,  4.94s/it]
  8%|▊         | 252/3090 [21:57<3:53:41,  4.94s/it]
  8%|▊         | 253/3090 [22:02<3:53:37,  4.94s/it]
  8%|▊         | 254/3090 [22:07<3:53:31,  4.94s/it]
  8%|▊         | 255/3090 [22:12<3:53:27,  4.94s/it]
  8%|▊         | 256/3090 [22:17<3:53:22,  4.94s/it]
  8%|▊         | 257/3090 [22:22<3:53:18,  4.94s/it]
  8%|▊         | 258/3090 [22:27<3:53:12,  4.94s/it]
  8%|▊         | 259/3090 [22:32<3:53:07,  4.94s/it]
  8%|▊         | 260/3090 [22:37<3:53:02,  4.94s/it]
  8%|▊         | 261/3090 [22:42<3:52:58,  4.94s/it]
  8%|▊         | 262/3090 [22:46<3:52:53,  4.94s/it]
  9%|▊         | 263/3090 [22:51<3:52:48,  4.94s/it]
  9%|▊         | 264/3090 [22:56<3:52:54,  4.94s/it]
  9%|▊         | 265/3090 [23:01<3:52:42,  4.94s/it]
  9%|▊         | 266/3090 [23:06<3:52:37,  4.94s/it]
  9%|▊         | 267/3090 [23:11<3:52:29,  4.94s/it]
  9%|▊         | 268/3090 [23:16<3:52:23,  4.94s/it]
  9%|▊         | 269/3090 [23:21<3:52:16,  4.94s/it]
  9%|▊         | 270/3090 [23:26<3:52:09,  4.94s/it]
  9%|▉         | 271/3090 [23:31<3:52:04,  4.94s/it]
  9%|▉         | 272/3090 [23:36<3:52:00,  4.94s/it]
  9%|▉         | 273/3090 [23:41<3:51:55,  4.94s/it]
  9%|▉         | 274/3090 [23:46<3:51:52,  4.94s/it]
  9%|▉         | 275/3090 [23:51<3:51:47,  4.94s/it]
  9%|▉         | 276/3090 [23:56<3:51:43,  4.94s/it]
  9%|▉         | 277/3090 [24:01<3:51:38,  4.94s/it]
  9%|▉         | 278/3090 [24:06<3:51:31,  4.94s/it]
  9%|▉         | 279/3090 [24:10<3:51:27,  4.94s/it]
  9%|▉         | 280/3090 [24:15<3:51:22,  4.94s/it]
  9%|▉         | 281/3090 [24:20<3:51:17,  4.94s/it]
  9%|▉         | 282/3090 [24:25<3:51:13,  4.94s/it]
  9%|▉         | 283/3090 [24:30<3:51:09,  4.94s/it]
  9%|▉         | 284/3090 [24:35<3:51:04,  4.94s/it]
  9%|▉         | 285/3090 [24:40<3:50:59,  4.94s/it]
  9%|▉         | 286/3090 [24:45<3:50:52,  4.94s/it]
  9%|▉         | 287/3090 [24:50<3:50:48,  4.94s/it]
  9%|▉         | 288/3090 [24:55<3:50:43,  4.94s/it]
  9%|▉         | 289/3090 [25:00<3:50:39,  4.94s/it]
  9%|▉         | 290/3090 [25:05<3:50:35,  4.94s/it]
  9%|▉         | 291/3090 [25:10<3:50:28,  4.94s/it]
  9%|▉         | 292/3090 [25:15<3:50:23,  4.94s/it]
  9%|▉         | 293/3090 [25:20<3:50:18,  4.94s/it]
 10%|▉         | 294/3090 [25:25<3:50:12,  4.94s/it]
 10%|▉         | 295/3090 [25:30<3:50:08,  4.94s/it]
 10%|▉         | 296/3090 [25:34<3:50:04,  4.94s/it]
 10%|▉         | 297/3090 [25:39<3:49:58,  4.94s/it]
 10%|▉         | 298/3090 [25:44<3:49:53,  4.94s/it]
 10%|▉         | 299/3090 [25:49<3:49:47,  4.94s/it]
 10%|▉         | 300/3090 [25:54<3:49:40,  4.94s/it]
 10%|▉         | 301/3090 [25:59<3:49:37,  4.94s/it]
 10%|▉         | 302/3090 [26:04<3:49:32,  4.94s/it]
 10%|▉         | 303/3090 [26:09<3:49:29,  4.94s/it]
 10%|▉         | 304/3090 [26:14<3:49:23,  4.94s/it]
 10%|▉         | 305/3090 [26:19<3:49:18,  4.94s/it]
 10%|▉         | 306/3090 [26:24<3:49:12,  4.94s/it]
 10%|▉         | 307/3090 [26:29<3:49:08,  4.94s/it]
 10%|▉         | 308/3090 [26:34<3:49:01,  4.94s/it]
 10%|█         | 309/3090 [26:38<3:46:04,  4.88s/it]
                                                    

 10%|█         | 309/3090 [26:39<3:46:04,  4.88s/it]{'loss': 0.4242, 'grad_norm': 2.5627048015594482, 'learning_rate': 4.5e-05, 'epoch': 3.0}


  0%|          | 0/26 [00:00<?, ?it/s][A

  8%|▊         | 2/26 [00:01<00:14,  1.68it/s][A

 12%|█▏        | 3/26 [00:02<00:19,  1.19it/s][A

 15%|█▌        | 4/26 [00:03<00:21,  1.03it/s][A

 19%|█▉        | 5/26 [00:04<00:22,  1.05s/it][A

 23%|██▎       | 6/26 [00:05<00:21,  1.10s/it][A

 27%|██▋       | 7/26 [00:07<00:21,  1.13s/it][A

 31%|███       | 8/26 [00:08<00:20,  1.15s/it][A

 35%|███▍      | 9/26 [00:09<00:19,  1.16s/it][A

 38%|███▊      | 10/26 [00:10<00:18,  1.17s/it][A

 42%|████▏     | 11/26 [00:11<00:17,  1.18s/it][A

 46%|████▌     | 12/26 [00:13<00:16,  1.18s/it][A

 50%|█████     | 13/26 [00:14<00:15,  1.19s/it][A

 54%|█████▍    | 14/26 [00:15<00:14,  1.19s/it][A

 58%|█████▊    | 15/26 [00:16<00:13,  1.19s/it][A

 62%|██████▏   | 16/26 [00:17<00:11,  1.19s/it][A

 65%|██████▌   | 17/26 [00:19<00:10,  1.19s/it][A

 69%|██████▉   | 18/26 [00:20<00:09,  1.19s/it][A

 73%|███████▎  | 19/26 [00:21<00:08,  1.19s/it][A

 77%|███████▋  | 20/26 [00:22<00:07,  1.19s/it][A

 81%|████████  | 21/26 [00:23<00:05,  1.19s/it][A

 85%|████████▍ | 22/26 [00:25<00:04,  1.19s/it][A

 88%|████████▊ | 23/26 [00:26<00:03,  1.19s/it][A

 92%|█████████▏| 24/26 [00:27<00:02,  1.19s/it][A

 96%|█████████▌| 25/26 [00:28<00:01,  1.19s/it][A

100%|██████████| 26/26 [00:29<00:00,  1.13s/it][A
                                                    

                                               
[A
 10%|█         | 309/3090 [27:10<3:46:04,  4.88s/it]

100%|██████████| 26/26 [00:29<00:00,  1.13s/it][A

                                               [A{'eval_loss': 0.29237914085388184, 'eval_macro_recall': 0.8426236145789305, 'eval_macro_precision': 0.8173988387661156, 'eval_macro_f1': 0.8161198602171613, 'eval_accuracy': 0.9211165048543689, 'eval_micro_recall': 0.9211165048543689, 'eval_micro_precision': 0.9211165048543689, 'eval_micro_f1': 0.9211165048543689, 'eval_runtime': 31.0653, 'eval_samples_per_second': 26.525, 'eval_steps_per_second': 0.837, 'epoch': 3.0}

 10%|█         | 310/3090 [27:18<11:50:24, 15.33s/it]
 10%|█         | 311/3090 [27:23<9:25:42, 12.21s/it] 
 10%|█         | 312/3090 [27:28<7:44:28, 10.03s/it]
 10%|█         | 313/3090 [27:33<6:33:36,  8.50s/it]
 10%|█         | 314/3090 [27:38<5:43:59,  7.43s/it]
 10%|█         | 315/3090 [27:43<5:09:16,  6.69s/it]
 10%|█         | 316/3090 [27:48<4:44:56,  6.16s/it]
 10%|█         | 317/3090 [27:53<4:27:53,  5.80s/it]
 10%|█         | 318/3090 [27:58<4:15:57,  5.54s/it]
 10%|█         | 319/3090 [28:03<4:07:32,  5.36s/it]
 10%|█         | 320/3090 [28:08<4:01:39,  5.23s/it]
 10%|█         | 321/3090 [28:13<3:57:27,  5.15s/it]
 10%|█         | 322/3090 [28:17<3:54:33,  5.08s/it]
 10%|█         | 323/3090 [28:22<3:52:28,  5.04s/it]
 10%|█         | 324/3090 [28:27<3:50:57,  5.01s/it]
 11%|█         | 325/3090 [28:32<3:49:54,  4.99s/it]
 11%|█         | 326/3090 [28:37<3:49:08,  4.97s/it]
 11%|█         | 327/3090 [28:42<3:48:35,  4.96s/it]
 11%|█         | 328/3090 [28:47<3:48:10,  4.96s/it]
 11%|█         | 329/3090 [28:52<3:47:51,  4.95s/it]
 11%|█         | 330/3090 [28:57<3:47:37,  4.95s/it]
 11%|█         | 331/3090 [29:02<3:47:25,  4.95s/it]
 11%|█         | 332/3090 [29:07<3:47:16,  4.94s/it]
 11%|█         | 333/3090 [29:12<3:47:09,  4.94s/it]
 11%|█         | 334/3090 [29:17<3:47:00,  4.94s/it]
 11%|█         | 335/3090 [29:22<3:46:52,  4.94s/it]
 11%|█         | 336/3090 [29:27<3:46:46,  4.94s/it]
 11%|█         | 337/3090 [29:32<3:46:40,  4.94s/it]
 11%|█         | 338/3090 [29:37<3:46:35,  4.94s/it]
 11%|█         | 339/3090 [29:41<3:46:31,  4.94s/it]
 11%|█         | 340/3090 [29:46<3:46:25,  4.94s/it]
 11%|█         | 341/3090 [29:51<3:46:21,  4.94s/it]
 11%|█         | 342/3090 [29:56<3:46:16,  4.94s/it]
 11%|█         | 343/3090 [30:01<3:46:12,  4.94s/it]
 11%|█         | 344/3090 [30:06<3:46:07,  4.94s/it]
 11%|█         | 345/3090 [30:11<3:46:01,  4.94s/it]
 11%|█         | 346/3090 [30:16<3:45:55,  4.94s/it]
 11%|█         | 347/3090 [30:21<3:45:51,  4.94s/it]
 11%|█▏        | 348/3090 [30:26<3:45:45,  4.94s/it]
 11%|█▏        | 349/3090 [30:31<3:45:41,  4.94s/it]
 11%|█▏        | 350/3090 [30:36<3:45:36,  4.94s/it]
 11%|█▏        | 351/3090 [30:41<3:45:29,  4.94s/it]
 11%|█▏        | 352/3090 [30:46<3:45:26,  4.94s/it]
 11%|█▏        | 353/3090 [30:51<3:45:21,  4.94s/it]
 11%|█▏        | 354/3090 [30:56<3:45:17,  4.94s/it]
 11%|█▏        | 355/3090 [31:01<3:45:12,  4.94s/it]
 12%|█▏        | 356/3090 [31:05<3:45:05,  4.94s/it]
 12%|█▏        | 357/3090 [31:10<3:45:02,  4.94s/it]
 12%|█▏        | 358/3090 [31:15<3:44:56,  4.94s/it]
 12%|█▏        | 359/3090 [31:20<3:44:50,  4.94s/it]
 12%|█▏        | 360/3090 [31:25<3:44:47,  4.94s/it]
 12%|█▏        | 361/3090 [31:30<3:44:42,  4.94s/it]
 12%|█▏        | 362/3090 [31:35<3:44:37,  4.94s/it]
 12%|█▏        | 363/3090 [31:40<3:44:30,  4.94s/it]
 12%|█▏        | 364/3090 [31:45<3:44:25,  4.94s/it]
 12%|█▏        | 365/3090 [31:50<3:44:21,  4.94s/it]
 12%|█▏        | 366/3090 [31:55<3:44:15,  4.94s/it]
 12%|█▏        | 367/3090 [32:00<3:44:11,  4.94s/it]
 12%|█▏        | 368/3090 [32:05<3:44:08,  4.94s/it]
 12%|█▏        | 369/3090 [32:10<3:44:03,  4.94s/it]
 12%|█▏        | 370/3090 [32:15<3:43:57,  4.94s/it]
 12%|█▏        | 371/3090 [32:20<3:43:56,  4.94s/it]
 12%|█▏        | 372/3090 [32:24<3:43:49,  4.94s/it]
 12%|█▏        | 373/3090 [32:29<3:43:44,  4.94s/it]
 12%|█▏        | 374/3090 [32:34<3:43:37,  4.94s/it]
 12%|█▏        | 375/3090 [32:39<3:43:33,  4.94s/it]
 12%|█▏        | 376/3090 [32:44<3:43:27,  4.94s/it]
 12%|█▏        | 377/3090 [32:49<3:43:23,  4.94s/it]
 12%|█▏        | 378/3090 [32:54<3:43:18,  4.94s/it]
 12%|█▏        | 379/3090 [32:59<3:43:12,  4.94s/it]
 12%|█▏        | 380/3090 [33:04<3:43:07,  4.94s/it]
 12%|█▏        | 381/3090 [33:09<3:43:03,  4.94s/it]
 12%|█▏        | 382/3090 [33:14<3:42:56,  4.94s/it]
 12%|█▏        | 383/3090 [33:19<3:42:53,  4.94s/it]
 12%|█▏        | 384/3090 [33:24<3:42:46,  4.94s/it]
 12%|█▏        | 385/3090 [33:29<3:42:43,  4.94s/it]
 12%|█▏        | 386/3090 [33:34<3:42:39,  4.94s/it]
 13%|█▎        | 387/3090 [33:39<3:42:35,  4.94s/it]
 13%|█▎        | 388/3090 [33:44<3:42:29,  4.94s/it]
 13%|█▎        | 389/3090 [33:48<3:42:24,  4.94s/it]
 13%|█▎        | 390/3090 [33:53<3:42:19,  4.94s/it]
 13%|█▎        | 391/3090 [33:58<3:42:13,  4.94s/it]
 13%|█▎        | 392/3090 [34:03<3:42:09,  4.94s/it]
 13%|█▎        | 393/3090 [34:08<3:42:04,  4.94s/it]
 13%|█▎        | 394/3090 [34:13<3:41:54,  4.94s/it]
 13%|█▎        | 395/3090 [34:18<3:41:50,  4.94s/it]
 13%|█▎        | 396/3090 [34:23<3:41:46,  4.94s/it]
 13%|█▎        | 397/3090 [34:28<3:41:42,  4.94s/it]
 13%|█▎        | 398/3090 [34:33<3:41:36,  4.94s/it]
 13%|█▎        | 399/3090 [34:38<3:41:34,  4.94s/it]
 13%|█▎        | 400/3090 [34:43<3:41:26,  4.94s/it]
 13%|█▎        | 401/3090 [34:48<3:41:21,  4.94s/it]
 13%|█▎        | 402/3090 [34:53<3:41:17,  4.94s/it]
 13%|█▎        | 403/3090 [34:58<3:41:14,  4.94s/it]
 13%|█▎        | 404/3090 [35:03<3:41:09,  4.94s/it]
 13%|█▎        | 405/3090 [35:08<3:41:04,  4.94s/it]
 13%|█▎        | 406/3090 [35:12<3:40:59,  4.94s/it]
 13%|█▎        | 407/3090 [35:17<3:40:54,  4.94s/it]
 13%|█▎        | 408/3090 [35:22<3:40:50,  4.94s/it]
 13%|█▎        | 409/3090 [35:27<3:40:44,  4.94s/it]
 13%|█▎        | 410/3090 [35:32<3:40:38,  4.94s/it]
 13%|█▎        | 411/3090 [35:37<3:40:34,  4.94s/it]
 13%|█▎        | 412/3090 [35:42<3:37:40,  4.88s/it]
                                                    

 13%|█▎        | 412/3090 [35:42<3:37:40,  4.88s/it]{'loss': 0.2314, 'grad_norm': 1.4828544855117798, 'learning_rate': 4.3333333333333334e-05, 'epoch': 4.0}


  0%|          | 0/26 [00:00<?, ?it/s][A

  8%|▊         | 2/26 [00:01<00:14,  1.68it/s][A

 12%|█▏        | 3/26 [00:02<00:19,  1.19it/s][A

 15%|█▌        | 4/26 [00:03<00:21,  1.03it/s][A

 19%|█▉        | 5/26 [00:04<00:22,  1.05s/it][A

 23%|██▎       | 6/26 [00:05<00:21,  1.10s/it][A

 27%|██▋       | 7/26 [00:07<00:21,  1.13s/it][A

 31%|███       | 8/26 [00:08<00:20,  1.15s/it][A

 35%|███▍      | 9/26 [00:09<00:19,  1.16s/it][A

 38%|███▊      | 10/26 [00:10<00:18,  1.17s/it][A

 42%|████▏     | 11/26 [00:11<00:17,  1.18s/it][A

 46%|████▌     | 12/26 [00:13<00:16,  1.18s/it][A

 50%|█████     | 13/26 [00:14<00:15,  1.18s/it][A

 54%|█████▍    | 14/26 [00:15<00:14,  1.19s/it][A

 58%|█████▊    | 15/26 [00:16<00:13,  1.19s/it][A

 62%|██████▏   | 16/26 [00:17<00:11,  1.19s/it][A

 65%|██████▌   | 17/26 [00:19<00:10,  1.19s/it][A

 69%|██████▉   | 18/26 [00:20<00:09,  1.19s/it][A

 73%|███████▎  | 19/26 [00:21<00:08,  1.19s/it][A

 77%|███████▋  | 20/26 [00:22<00:07,  1.19s/it][A

 81%|████████  | 21/26 [00:23<00:05,  1.19s/it][A

 85%|████████▍ | 22/26 [00:25<00:04,  1.19s/it][A

 88%|████████▊ | 23/26 [00:26<00:03,  1.19s/it][A

 92%|█████████▏| 24/26 [00:27<00:02,  1.19s/it][A

 96%|█████████▌| 25/26 [00:28<00:01,  1.19s/it][A

100%|██████████| 26/26 [00:29<00:00,  1.13s/it][A
                                                    

                                               
[A
 13%|█▎        | 412/3090 [36:13<3:37:40,  4.88s/it]

100%|██████████| 26/26 [00:29<00:00,  1.13s/it][A

                                               [A{'eval_loss': 0.1714964210987091, 'eval_macro_recall': 0.9068073109994689, 'eval_macro_precision': 0.9229826951684919, 'eval_macro_f1': 0.90322703533548, 'eval_accuracy': 0.9538834951456311, 'eval_micro_recall': 0.9538834951456311, 'eval_micro_precision': 0.9538834951456311, 'eval_micro_f1': 0.9538834951456311, 'eval_runtime': 31.0308, 'eval_samples_per_second': 26.554, 'eval_steps_per_second': 0.838, 'epoch': 4.0}

 13%|█▎        | 413/3090 [36:21<11:19:50, 15.24s/it]
 13%|█▎        | 414/3090 [36:26<9:01:47, 12.15s/it] 
 13%|█▎        | 415/3090 [36:31<7:25:08,  9.98s/it]
 13%|█▎        | 416/3090 [36:36<6:17:30,  8.47s/it]
 13%|█▎        | 417/3090 [36:41<5:30:09,  7.41s/it]
 14%|█▎        | 418/3090 [36:46<4:57:00,  6.67s/it]
 14%|█▎        | 419/3090 [36:51<4:33:45,  6.15s/it]
 14%|█▎        | 420/3090 [36:56<4:17:29,  5.79s/it]
 14%|█▎        | 421/3090 [37:01<4:06:06,  5.53s/it]
 14%|█▎        | 422/3090 [37:06<3:58:05,  5.35s/it]
 14%|█▎        | 423/3090 [37:11<3:52:27,  5.23s/it]
 14%|█▎        | 424/3090 [37:16<3:48:29,  5.14s/it]
 14%|█▍        | 425/3090 [37:21<3:45:41,  5.08s/it]
 14%|█▍        | 426/3090 [37:25<3:43:42,  5.04s/it]
 14%|█▍        | 427/3090 [37:30<3:42:18,  5.01s/it]
 14%|█▍        | 428/3090 [37:35<3:41:16,  4.99s/it]
 14%|█▍        | 429/3090 [37:40<3:40:31,  4.97s/it]
 14%|█▍        | 430/3090 [37:45<3:39:59,  4.96s/it]
 14%|█▍        | 431/3090 [37:50<3:39:43,  4.96s/it]
 14%|█▍        | 432/3090 [37:55<3:39:20,  4.95s/it]
 14%|█▍        | 433/3090 [38:00<3:39:07,  4.95s/it]
 14%|█▍        | 434/3090 [38:05<3:38:54,  4.95s/it]
 14%|█▍        | 435/3090 [38:10<3:38:46,  4.94s/it]
 14%|█▍        | 436/3090 [38:15<3:38:39,  4.94s/it]
 14%|█▍        | 437/3090 [38:20<3:38:35,  4.94s/it]
 14%|█▍        | 438/3090 [38:25<3:38:27,  4.94s/it]
 14%|█▍        | 439/3090 [38:30<3:38:19,  4.94s/it]
 14%|█▍        | 440/3090 [38:35<3:38:13,  4.94s/it]
 14%|█▍        | 441/3090 [38:40<3:38:07,  4.94s/it]
 14%|█▍        | 442/3090 [38:45<3:38:03,  4.94s/it]
 14%|█▍        | 443/3090 [38:49<3:37:59,  4.94s/it]
 14%|█▍        | 444/3090 [38:54<3:37:54,  4.94s/it]
 14%|█▍        | 445/3090 [38:59<3:37:49,  4.94s/it]
 14%|█▍        | 446/3090 [39:04<3:37:43,  4.94s/it]
 14%|█▍        | 447/3090 [39:09<3:37:38,  4.94s/it]
 14%|█▍        | 448/3090 [39:14<3:37:32,  4.94s/it]
 15%|█▍        | 449/3090 [39:19<3:37:28,  4.94s/it]
 15%|█▍        | 450/3090 [39:24<3:37:25,  4.94s/it]
 15%|█▍        | 451/3090 [39:29<3:37:19,  4.94s/it]
 15%|█▍        | 452/3090 [39:34<3:37:13,  4.94s/it]
 15%|█▍        | 453/3090 [39:39<3:37:08,  4.94s/it]
 15%|█▍        | 454/3090 [39:44<3:37:02,  4.94s/it]
 15%|█▍        | 455/3090 [39:49<3:36:59,  4.94s/it]
 15%|█▍        | 456/3090 [39:54<3:36:54,  4.94s/it]
 15%|█▍        | 457/3090 [39:59<3:36:49,  4.94s/it]
 15%|█▍        | 458/3090 [40:04<3:36:45,  4.94s/it]
 15%|█▍        | 459/3090 [40:09<3:36:38,  4.94s/it]
 15%|█▍        | 460/3090 [40:13<3:36:33,  4.94s/it]
 15%|█▍        | 461/3090 [40:18<3:36:30,  4.94s/it]
 15%|█▍        | 462/3090 [40:23<3:36:24,  4.94s/it]
 15%|█▍        | 463/3090 [40:28<3:36:20,  4.94s/it]
 15%|█▌        | 464/3090 [40:33<3:36:14,  4.94s/it]
 15%|█▌        | 465/3090 [40:38<3:36:09,  4.94s/it]
 15%|█▌        | 466/3090 [40:43<3:36:04,  4.94s/it]
 15%|█▌        | 467/3090 [40:48<3:35:58,  4.94s/it]
 15%|█▌        | 468/3090 [40:53<3:35:53,  4.94s/it]
 15%|█▌        | 469/3090 [40:58<3:35:48,  4.94s/it]
 15%|█▌        | 470/3090 [41:03<3:35:44,  4.94s/it]
 15%|█▌        | 471/3090 [41:08<3:35:39,  4.94s/it]
 15%|█▌        | 472/3090 [41:13<3:35:35,  4.94s/it]
 15%|█▌        | 473/3090 [41:18<3:35:29,  4.94s/it]
 15%|█▌        | 474/3090 [41:23<3:35:26,  4.94s/it]
 15%|█▌        | 475/3090 [41:28<3:35:18,  4.94s/it]
 15%|█▌        | 476/3090 [41:33<3:35:14,  4.94s/it]
 15%|█▌        | 477/3090 [41:37<3:35:08,  4.94s/it]
 15%|█▌        | 478/3090 [41:42<3:35:05,  4.94s/it]
 16%|█▌        | 479/3090 [41:47<3:34:59,  4.94s/it]
 16%|█▌        | 480/3090 [41:52<3:34:54,  4.94s/it]
 16%|█▌        | 481/3090 [41:57<3:34:48,  4.94s/it]
 16%|█▌        | 482/3090 [42:02<3:34:44,  4.94s/it]
 16%|█▌        | 483/3090 [42:07<3:34:40,  4.94s/it]
 16%|█▌        | 484/3090 [42:12<3:34:34,  4.94s/it]
 16%|█▌        | 485/3090 [42:17<3:34:29,  4.94s/it]
 16%|█▌        | 486/3090 [42:22<3:34:23,  4.94s/it]
 16%|█▌        | 487/3090 [42:27<3:34:18,  4.94s/it]
 16%|█▌        | 488/3090 [42:32<3:34:13,  4.94s/it]
 16%|█▌        | 489/3090 [42:37<3:34:09,  4.94s/it]
 16%|█▌        | 490/3090 [42:42<3:34:05,  4.94s/it]
 16%|█▌        | 491/3090 [42:47<3:34:00,  4.94s/it]
 16%|█▌        | 492/3090 [42:52<3:33:56,  4.94s/it]
 16%|█▌        | 493/3090 [42:57<3:33:50,  4.94s/it]
 16%|█▌        | 494/3090 [43:01<3:33:45,  4.94s/it]
 16%|█▌        | 495/3090 [43:06<3:33:39,  4.94s/it]
 16%|█▌        | 496/3090 [43:11<3:33:35,  4.94s/it]
 16%|█▌        | 497/3090 [43:16<3:33:30,  4.94s/it]
 16%|█▌        | 498/3090 [43:21<3:33:25,  4.94s/it]
 16%|█▌        | 499/3090 [43:26<3:33:19,  4.94s/it]
 16%|█▌        | 500/3090 [43:31<3:33:14,  4.94s/it]
 16%|█▌        | 501/3090 [43:36<3:33:09,  4.94s/it]
 16%|█▌        | 502/3090 [43:41<3:33:04,  4.94s/it]
 16%|█▋        | 503/3090 [43:46<3:33:00,  4.94s/it]
 16%|█▋        | 504/3090 [43:51<3:32:56,  4.94s/it]
 16%|█▋        | 505/3090 [43:56<3:32:50,  4.94s/it]
 16%|█▋        | 506/3090 [44:01<3:32:45,  4.94s/it]
 16%|█▋        | 507/3090 [44:06<3:32:39,  4.94s/it]
 16%|█▋        | 508/3090 [44:11<3:32:35,  4.94s/it]
 16%|█▋        | 509/3090 [44:16<3:32:31,  4.94s/it]
 17%|█▋        | 510/3090 [44:20<3:32:26,  4.94s/it]
 17%|█▋        | 511/3090 [44:25<3:32:20,  4.94s/it]
 17%|█▋        | 512/3090 [44:30<3:32:16,  4.94s/it]
 17%|█▋        | 513/3090 [44:35<3:32:11,  4.94s/it]
 17%|█▋        | 514/3090 [44:40<3:32:06,  4.94s/it]
 17%|█▋        | 515/3090 [44:45<3:29:01,  4.87s/it]
                                                    

 17%|█▋        | 515/3090 [44:45<3:29:01,  4.87s/it]{'loss': 0.1394, 'grad_norm': 5.888720512390137, 'learning_rate': 4.166666666666667e-05, 'epoch': 5.0}


  0%|          | 0/26 [00:00<?, ?it/s][A

  8%|▊         | 2/26 [00:01<00:14,  1.68it/s][A

 12%|█▏        | 3/26 [00:02<00:19,  1.19it/s][A

 15%|█▌        | 4/26 [00:03<00:21,  1.03it/s][A

 19%|█▉        | 5/26 [00:04<00:22,  1.05s/it][A

 23%|██▎       | 6/26 [00:05<00:21,  1.10s/it][A

 27%|██▋       | 7/26 [00:07<00:21,  1.13s/it][A

 31%|███       | 8/26 [00:08<00:20,  1.15s/it][A

 35%|███▍      | 9/26 [00:09<00:19,  1.16s/it][A

 38%|███▊      | 10/26 [00:10<00:18,  1.17s/it][A

 42%|████▏     | 11/26 [00:11<00:17,  1.18s/it][A

 46%|████▌     | 12/26 [00:13<00:16,  1.18s/it][A

 50%|█████     | 13/26 [00:14<00:15,  1.19s/it][A

 54%|█████▍    | 14/26 [00:15<00:14,  1.19s/it][A

 58%|█████▊    | 15/26 [00:16<00:13,  1.19s/it][A

 62%|██████▏   | 16/26 [00:17<00:11,  1.19s/it][A

 65%|██████▌   | 17/26 [00:19<00:10,  1.19s/it][A

 69%|██████▉   | 18/26 [00:20<00:09,  1.19s/it][A

 73%|███████▎  | 19/26 [00:21<00:08,  1.19s/it][A

 77%|███████▋  | 20/26 [00:22<00:07,  1.19s/it][A

 81%|████████  | 21/26 [00:23<00:05,  1.19s/it][A

 85%|████████▍ | 22/26 [00:25<00:04,  1.19s/it][A

 88%|████████▊ | 23/26 [00:26<00:03,  1.19s/it][A

 92%|█████████▏| 24/26 [00:27<00:02,  1.19s/it][A

 96%|█████████▌| 25/26 [00:28<00:01,  1.19s/it][A

100%|██████████| 26/26 [00:29<00:00,  1.13s/it][A
                                                    

                                               
[A
 17%|█▋        | 515/3090 [45:16<3:29:01,  4.87s/it]

100%|██████████| 26/26 [00:29<00:00,  1.13s/it][A

                                               [A{'eval_loss': 0.14735090732574463, 'eval_macro_recall': 0.9613057365505262, 'eval_macro_precision': 0.9563202992359932, 'eval_macro_f1': 0.9547861224644811, 'eval_accuracy': 0.9672330097087378, 'eval_micro_recall': 0.9672330097087378, 'eval_micro_precision': 0.9672330097087378, 'eval_micro_f1': 0.9672330097087378, 'eval_runtime': 31.0207, 'eval_samples_per_second': 26.563, 'eval_steps_per_second': 0.838, 'epoch': 5.0}

 17%|█▋        | 516/3090 [45:24<10:53:18, 15.23s/it]
 17%|█▋        | 517/3090 [45:29<8:40:42, 12.14s/it] 
 17%|█▋        | 518/3090 [45:34<7:07:53,  9.98s/it]
 17%|█▋        | 519/3090 [45:39<6:02:56,  8.47s/it]
 17%|█▋        | 520/3090 [45:44<5:17:27,  7.41s/it]
 17%|█▋        | 521/3090 [45:49<4:45:37,  6.67s/it]
 17%|█▋        | 522/3090 [45:54<4:23:17,  6.15s/it]
 17%|█▋        | 523/3090 [45:59<4:07:39,  5.79s/it]
 17%|█▋        | 524/3090 [46:04<3:56:41,  5.53s/it]
 17%|█▋        | 525/3090 [46:09<3:48:59,  5.36s/it]
 17%|█▋        | 526/3090 [46:14<3:43:36,  5.23s/it]
 17%|█▋        | 527/3090 [46:19<3:39:46,  5.14s/it]
 17%|█▋        | 528/3090 [46:24<3:37:03,  5.08s/it]
 17%|█▋        | 529/3090 [46:29<3:35:07,  5.04s/it]
 17%|█▋        | 530/3090 [46:34<3:33:45,  5.01s/it]
 17%|█▋        | 531/3090 [46:38<3:32:48,  4.99s/it]
 17%|█▋        | 532/3090 [46:43<3:32:06,  4.98s/it]
 17%|█▋        | 533/3090 [46:48<3:31:35,  4.96s/it]
 17%|█▋        | 534/3090 [46:53<3:31:13,  4.96s/it]
 17%|█▋        | 535/3090 [46:58<3:30:56,  4.95s/it]
 17%|█▋        | 536/3090 [47:03<3:30:41,  4.95s/it]
 17%|█▋        | 537/3090 [47:08<3:30:31,  4.95s/it]
 17%|█▋        | 538/3090 [47:13<3:30:22,  4.95s/it]
 17%|█▋        | 539/3090 [47:18<3:30:13,  4.94s/it]
 17%|█▋        | 540/3090 [47:23<3:30:06,  4.94s/it]
 18%|█▊        | 541/3090 [47:28<3:29:59,  4.94s/it]
 18%|█▊        | 542/3090 [47:33<3:29:53,  4.94s/it]
 18%|█▊        | 543/3090 [47:38<3:29:47,  4.94s/it]
 18%|█▊        | 544/3090 [47:43<3:29:41,  4.94s/it]
 18%|█▊        | 545/3090 [47:48<3:29:35,  4.94s/it]
 18%|█▊        | 546/3090 [47:53<3:29:30,  4.94s/it]
 18%|█▊        | 547/3090 [47:58<3:29:25,  4.94s/it]
 18%|█▊        | 548/3090 [48:02<3:29:20,  4.94s/it]
 18%|█▊        | 549/3090 [48:07<3:29:14,  4.94s/it]
 18%|█▊        | 550/3090 [48:12<3:29:10,  4.94s/it]
 18%|█▊        | 551/3090 [48:17<3:29:05,  4.94s/it]
 18%|█▊        | 552/3090 [48:22<3:29:00,  4.94s/it]
 18%|█▊        | 553/3090 [48:27<3:28:56,  4.94s/it]
 18%|█▊        | 554/3090 [48:32<3:28:50,  4.94s/it]
 18%|█▊        | 555/3090 [48:37<3:28:46,  4.94s/it]
 18%|█▊        | 556/3090 [48:42<3:28:41,  4.94s/it]
 18%|█▊        | 557/3090 [48:47<3:28:36,  4.94s/it]
 18%|█▊        | 558/3090 [48:52<3:28:30,  4.94s/it]
 18%|█▊        | 559/3090 [48:57<3:28:25,  4.94s/it]
 18%|█▊        | 560/3090 [49:02<3:28:20,  4.94s/it]
 18%|█▊        | 561/3090 [49:07<3:28:16,  4.94s/it]
 18%|█▊        | 562/3090 [49:12<3:28:12,  4.94s/it]
 18%|█▊        | 563/3090 [49:17<3:28:06,  4.94s/it]
 18%|█▊        | 564/3090 [49:22<3:28:01,  4.94s/it]
 18%|█▊        | 565/3090 [49:26<3:27:57,  4.94s/it]
 18%|█▊        | 566/3090 [49:31<3:27:52,  4.94s/it]
 18%|█▊        | 567/3090 [49:36<3:27:48,  4.94s/it]
 18%|█▊        | 568/3090 [49:41<3:27:43,  4.94s/it]
 18%|█▊        | 569/3090 [49:46<3:27:36,  4.94s/it]
 18%|█▊        | 570/3090 [49:51<3:27:32,  4.94s/it]
 18%|█▊        | 571/3090 [49:56<3:27:27,  4.94s/it]
 19%|█▊        | 572/3090 [50:01<3:27:21,  4.94s/it]
 19%|█▊        | 573/3090 [50:06<3:27:17,  4.94s/it]
 19%|█▊        | 574/3090 [50:11<3:27:13,  4.94s/it]
 19%|█▊        | 575/3090 [50:16<3:27:08,  4.94s/it]
 19%|█▊        | 576/3090 [50:21<3:27:03,  4.94s/it]
 19%|█▊        | 577/3090 [50:26<3:26:57,  4.94s/it]
 19%|█▊        | 578/3090 [50:31<3:26:52,  4.94s/it]
 19%|█▊        | 579/3090 [50:36<3:26:47,  4.94s/it]
 19%|█▉        | 580/3090 [50:41<3:26:41,  4.94s/it]
 19%|█▉        | 581/3090 [50:46<3:26:37,  4.94s/it]
 19%|█▉        | 582/3090 [50:50<3:26:31,  4.94s/it]
 19%|█▉        | 583/3090 [50:55<3:26:26,  4.94s/it]
 19%|█▉        | 584/3090 [51:00<3:26:22,  4.94s/it]
 19%|█▉        | 585/3090 [51:05<3:26:15,  4.94s/it]
 19%|█▉        | 586/3090 [51:10<3:26:12,  4.94s/it]
 19%|█▉        | 587/3090 [51:15<3:26:07,  4.94s/it]
 19%|█▉        | 588/3090 [51:20<3:26:01,  4.94s/it]
 19%|█▉        | 589/3090 [51:25<3:25:57,  4.94s/it]
 19%|█▉        | 590/3090 [51:30<3:25:51,  4.94s/it]
 19%|█▉        | 591/3090 [51:35<3:25:46,  4.94s/it]
 19%|█▉        | 592/3090 [51:40<3:25:42,  4.94s/it]
 19%|█▉        | 593/3090 [51:45<3:25:38,  4.94s/it]
 19%|█▉        | 594/3090 [51:50<3:25:32,  4.94s/it]
 19%|█▉        | 595/3090 [51:55<3:25:27,  4.94s/it]
 19%|█▉        | 596/3090 [52:00<3:25:22,  4.94s/it]
 19%|█▉        | 597/3090 [52:05<3:25:18,  4.94s/it]
 19%|█▉        | 598/3090 [52:10<3:25:12,  4.94s/it]
 19%|█▉        | 599/3090 [52:14<3:25:07,  4.94s/it]
 19%|█▉        | 600/3090 [52:19<3:25:02,  4.94s/it]
 19%|█▉        | 601/3090 [52:24<3:24:57,  4.94s/it]
 19%|█▉        | 602/3090 [52:29<3:24:53,  4.94s/it]
 20%|█▉        | 603/3090 [52:34<3:24:49,  4.94s/it]
 20%|█▉        | 604/3090 [52:39<3:24:43,  4.94s/it]
 20%|█▉        | 605/3090 [52:44<3:24:40,  4.94s/it]
 20%|█▉        | 606/3090 [52:49<3:24:35,  4.94s/it]
 20%|█▉        | 607/3090 [52:54<3:24:31,  4.94s/it]
 20%|█▉        | 608/3090 [52:59<3:24:26,  4.94s/it]
 20%|█▉        | 609/3090 [53:04<3:24:21,  4.94s/it]
 20%|█▉        | 610/3090 [53:09<3:24:16,  4.94s/it]
 20%|█▉        | 611/3090 [53:14<3:24:09,  4.94s/it]
 20%|█▉        | 612/3090 [53:19<3:24:04,  4.94s/it]
 20%|█▉        | 613/3090 [53:24<3:23:59,  4.94s/it]
 20%|█▉        | 614/3090 [53:29<3:23:54,  4.94s/it]
 20%|█▉        | 615/3090 [53:34<3:23:50,  4.94s/it]
 20%|█▉        | 616/3090 [53:38<3:23:45,  4.94s/it]
 20%|█▉        | 617/3090 [53:43<3:23:39,  4.94s/it]
 20%|██        | 618/3090 [53:48<3:20:56,  4.88s/it]
                                                    

 20%|██        | 618/3090 [53:48<3:20:56,  4.88s/it]{'loss': 0.0989, 'grad_norm': 2.9648330211639404, 'learning_rate': 4e-05, 'epoch': 6.0}


  0%|          | 0/26 [00:00<?, ?it/s][A

  8%|▊         | 2/26 [00:01<00:14,  1.68it/s][A

 12%|█▏        | 3/26 [00:02<00:19,  1.19it/s][A

 15%|█▌        | 4/26 [00:03<00:21,  1.03it/s][A

 19%|█▉        | 5/26 [00:04<00:22,  1.05s/it][A

 23%|██▎       | 6/26 [00:05<00:21,  1.10s/it][A

 27%|██▋       | 7/26 [00:07<00:21,  1.13s/it][A

 31%|███       | 8/26 [00:08<00:20,  1.15s/it][A

 35%|███▍      | 9/26 [00:09<00:19,  1.16s/it][A

 38%|███▊      | 10/26 [00:10<00:18,  1.17s/it][A

 42%|████▏     | 11/26 [00:12<00:18,  1.22s/it][A

 46%|████▌     | 12/26 [00:13<00:16,  1.21s/it][A

 50%|█████     | 13/26 [00:14<00:15,  1.21s/it][A

 54%|█████▍    | 14/26 [00:15<00:14,  1.20s/it][A

 58%|█████▊    | 15/26 [00:16<00:13,  1.20s/it][A

 62%|██████▏   | 16/26 [00:18<00:11,  1.20s/it][A

 65%|██████▌   | 17/26 [00:19<00:10,  1.20s/it][A

 69%|██████▉   | 18/26 [00:20<00:09,  1.19s/it][A

 73%|███████▎  | 19/26 [00:21<00:08,  1.19s/it][A

 77%|███████▋  | 20/26 [00:22<00:07,  1.19s/it][A

 81%|████████  | 21/26 [00:23<00:05,  1.19s/it][A

 85%|████████▍ | 22/26 [00:25<00:04,  1.19s/it][A

 88%|████████▊ | 23/26 [00:26<00:03,  1.19s/it][A

 92%|█████████▏| 24/26 [00:27<00:02,  1.19s/it][A

 96%|█████████▌| 25/26 [00:28<00:01,  1.19s/it][A

100%|██████████| 26/26 [00:29<00:00,  1.13s/it][A
                                                    

                                               
[A
 20%|██        | 618/3090 [54:19<3:20:56,  4.88s/it]

100%|██████████| 26/26 [00:29<00:00,  1.13s/it][A

                                               [A{'eval_loss': 0.13091742992401123, 'eval_macro_recall': 0.9562281387097705, 'eval_macro_precision': 0.9639182060833354, 'eval_macro_f1': 0.9541331487202163, 'eval_accuracy': 0.970873786407767, 'eval_micro_recall': 0.970873786407767, 'eval_micro_precision': 0.970873786407767, 'eval_micro_f1': 0.970873786407767, 'eval_runtime': 31.1651, 'eval_samples_per_second': 26.44, 'eval_steps_per_second': 0.834, 'epoch': 6.0}

 20%|██        | 619/3090 [54:28<10:28:48, 15.27s/it]
 20%|██        | 620/3090 [54:33<8:21:00, 12.17s/it] 
 20%|██        | 621/3090 [54:38<6:51:32, 10.00s/it]
 20%|██        | 622/3090 [54:42<5:48:56,  8.48s/it]
 20%|██        | 623/3090 [54:47<5:05:06,  7.42s/it]
 20%|██        | 624/3090 [54:52<4:34:25,  6.68s/it]
 20%|██        | 625/3090 [54:57<4:12:55,  6.16s/it]
 20%|██        | 626/3090 [55:02<3:57:49,  5.79s/it]
 20%|██        | 627/3090 [55:07<3:47:15,  5.54s/it]
 20%|██        | 628/3090 [55:12<3:39:50,  5.36s/it]
 20%|██        | 629/3090 [55:17<3:34:37,  5.23s/it]
 20%|██        | 630/3090 [55:22<3:30:58,  5.15s/it]
 20%|██        | 631/3090 [55:27<3:28:27,  5.09s/it]
 20%|██        | 632/3090 [55:32<3:26:36,  5.04s/it]
 20%|██        | 633/3090 [55:37<3:25:16,  5.01s/it]
 21%|██        | 634/3090 [55:42<3:24:17,  4.99s/it]
 21%|██        | 635/3090 [55:47<3:23:36,  4.98s/it]
 21%|██        | 636/3090 [55:52<3:23:05,  4.97s/it]
 21%|██        | 637/3090 [55:57<3:22:42,  4.96s/it]
 21%|██        | 638/3090 [56:02<3:22:25,  4.95s/it]
 21%|██        | 639/3090 [56:07<3:22:11,  4.95s/it]
 21%|██        | 640/3090 [56:11<3:22:00,  4.95s/it]
 21%|██        | 641/3090 [56:16<3:21:49,  4.94s/it]
 21%|██        | 642/3090 [56:21<3:21:43,  4.94s/it]
 21%|██        | 643/3090 [56:26<3:21:36,  4.94s/it]
 21%|██        | 644/3090 [56:31<3:21:29,  4.94s/it]
 21%|██        | 645/3090 [56:36<3:21:24,  4.94s/it]
 21%|██        | 646/3090 [56:41<3:21:19,  4.94s/it]
 21%|██        | 647/3090 [56:46<3:21:13,  4.94s/it]
 21%|██        | 648/3090 [56:51<3:21:08,  4.94s/it]
 21%|██        | 649/3090 [56:56<3:20:59,  4.94s/it]
 21%|██        | 650/3090 [57:01<3:20:56,  4.94s/it]
 21%|██        | 651/3090 [57:06<3:20:50,  4.94s/it]
 21%|██        | 652/3090 [57:11<3:20:46,  4.94s/it]
 21%|██        | 653/3090 [57:16<3:20:38,  4.94s/it]
 21%|██        | 654/3090 [57:21<3:20:34,  4.94s/it]
 21%|██        | 655/3090 [57:26<3:20:29,  4.94s/it]
 21%|██        | 656/3090 [57:30<3:20:24,  4.94s/it]
 21%|██▏       | 657/3090 [57:35<3:20:18,  4.94s/it]
 21%|██▏       | 658/3090 [57:40<3:20:15,  4.94s/it]
 21%|██▏       | 659/3090 [57:45<3:20:10,  4.94s/it]
 21%|██▏       | 660/3090 [57:50<3:20:05,  4.94s/it]
 21%|██▏       | 661/3090 [57:55<3:19:59,  4.94s/it]
 21%|██▏       | 662/3090 [58:00<3:19:55,  4.94s/it]
 21%|██▏       | 663/3090 [58:05<3:19:56,  4.94s/it]
 21%|██▏       | 664/3090 [58:10<3:19:51,  4.94s/it]
 22%|██▏       | 665/3090 [58:15<3:19:43,  4.94s/it]
 22%|██▏       | 666/3090 [58:20<3:19:38,  4.94s/it]
 22%|██▏       | 667/3090 [58:25<3:19:31,  4.94s/it]
 22%|██▏       | 668/3090 [58:30<3:19:27,  4.94s/it]
 22%|██▏       | 669/3090 [58:35<3:19:22,  4.94s/it]
 22%|██▏       | 670/3090 [58:40<3:19:16,  4.94s/it]
 22%|██▏       | 671/3090 [58:45<3:19:09,  4.94s/it]
 22%|██▏       | 672/3090 [58:50<3:19:07,  4.94s/it]
 22%|██▏       | 673/3090 [58:55<3:19:11,  4.94s/it]
 22%|██▏       | 674/3090 [58:59<3:19:05,  4.94s/it]
 22%|██▏       | 675/3090 [59:04<3:18:58,  4.94s/it]
 22%|██▏       | 676/3090 [59:09<3:18:53,  4.94s/it]
 22%|██▏       | 677/3090 [59:14<3:18:44,  4.94s/it]
 22%|██▏       | 678/3090 [59:19<3:18:39,  4.94s/it]
 22%|██▏       | 679/3090 [59:24<3:18:35,  4.94s/it]
 22%|██▏       | 680/3090 [59:29<3:18:30,  4.94s/it]
 22%|██▏       | 681/3090 [59:34<3:18:23,  4.94s/it]
 22%|██▏       | 682/3090 [59:39<3:18:18,  4.94s/it]
 22%|██▏       | 683/3090 [59:44<3:18:13,  4.94s/it]
 22%|██▏       | 684/3090 [59:49<3:18:07,  4.94s/it]
 22%|██▏       | 685/3090 [59:54<3:18:02,  4.94s/it]
 22%|██▏       | 686/3090 [59:59<3:17:56,  4.94s/it]
 22%|██▏       | 687/3090 [1:00:04<3:17:51,  4.94s/it]
 22%|██▏       | 688/3090 [1:00:09<3:17:46,  4.94s/it]
 22%|██▏       | 689/3090 [1:00:14<3:17:42,  4.94s/it]
 22%|██▏       | 690/3090 [1:00:19<3:17:38,  4.94s/it]
 22%|██▏       | 691/3090 [1:00:23<3:17:31,  4.94s/it]
 22%|██▏       | 692/3090 [1:00:28<3:17:27,  4.94s/it]
 22%|██▏       | 693/3090 [1:00:33<3:17:21,  4.94s/it]
 22%|██▏       | 694/3090 [1:00:38<3:17:17,  4.94s/it]
 22%|██▏       | 695/3090 [1:00:43<3:17:13,  4.94s/it]
 23%|██▎       | 696/3090 [1:00:48<3:17:08,  4.94s/it]
 23%|██▎       | 697/3090 [1:00:53<3:17:05,  4.94s/it]
 23%|██▎       | 698/3090 [1:00:58<3:16:59,  4.94s/it]
 23%|██▎       | 699/3090 [1:01:03<3:16:54,  4.94s/it]
 23%|██▎       | 700/3090 [1:01:08<3:16:49,  4.94s/it]
 23%|██▎       | 701/3090 [1:01:13<3:16:44,  4.94s/it]
 23%|██▎       | 702/3090 [1:01:18<3:16:39,  4.94s/it]
 23%|██▎       | 703/3090 [1:01:23<3:16:33,  4.94s/it]
 23%|██▎       | 704/3090 [1:01:28<3:16:28,  4.94s/it]
 23%|██▎       | 705/3090 [1:01:33<3:16:23,  4.94s/it]
 23%|██▎       | 706/3090 [1:01:38<3:16:18,  4.94s/it]
 23%|██▎       | 707/3090 [1:01:43<3:16:13,  4.94s/it]
 23%|██▎       | 708/3090 [1:01:47<3:16:09,  4.94s/it]
 23%|██▎       | 709/3090 [1:01:52<3:16:04,  4.94s/it]
 23%|██▎       | 710/3090 [1:01:57<3:16:00,  4.94s/it]
 23%|██▎       | 711/3090 [1:02:02<3:15:55,  4.94s/it]
 23%|██▎       | 712/3090 [1:02:07<3:15:50,  4.94s/it]
 23%|██▎       | 713/3090 [1:02:12<3:15:43,  4.94s/it]
 23%|██▎       | 714/3090 [1:02:17<3:15:38,  4.94s/it]
 23%|██▎       | 715/3090 [1:02:22<3:15:33,  4.94s/it]
 23%|██▎       | 716/3090 [1:02:27<3:15:29,  4.94s/it]
 23%|██▎       | 717/3090 [1:02:32<3:15:24,  4.94s/it]
 23%|██▎       | 718/3090 [1:02:37<3:15:20,  4.94s/it]
 23%|██▎       | 719/3090 [1:02:42<3:15:15,  4.94s/it]
 23%|██▎       | 720/3090 [1:02:47<3:15:08,  4.94s/it]
 23%|██▎       | 721/3090 [1:02:51<3:12:29,  4.88s/it]
                                                      

 23%|██▎       | 721/3090 [1:02:52<3:12:29,  4.88s/it]{'loss': 0.0832, 'grad_norm': 1.6137731075286865, 'learning_rate': 3.8333333333333334e-05, 'epoch': 7.0}


  0%|          | 0/26 [00:00<?, ?it/s][A

  8%|▊         | 2/26 [00:01<00:14,  1.68it/s][A

 12%|█▏        | 3/26 [00:02<00:19,  1.19it/s][A

 15%|█▌        | 4/26 [00:03<00:21,  1.03it/s][A

 19%|█▉        | 5/26 [00:04<00:22,  1.05s/it][A

 23%|██▎       | 6/26 [00:05<00:21,  1.10s/it][A

 27%|██▋       | 7/26 [00:07<00:21,  1.13s/it][A

 31%|███       | 8/26 [00:08<00:20,  1.15s/it][A

 35%|███▍      | 9/26 [00:09<00:19,  1.16s/it][A

 38%|███▊      | 10/26 [00:10<00:18,  1.17s/it][A

 42%|████▏     | 11/26 [00:11<00:17,  1.18s/it][A

 46%|████▌     | 12/26 [00:13<00:16,  1.18s/it][A

 50%|█████     | 13/26 [00:14<00:15,  1.19s/it][A

 54%|█████▍    | 14/26 [00:15<00:14,  1.19s/it][A

 58%|█████▊    | 15/26 [00:16<00:13,  1.19s/it][A

 62%|██████▏   | 16/26 [00:17<00:11,  1.19s/it][A

 65%|██████▌   | 17/26 [00:19<00:10,  1.19s/it][A

 69%|██████▉   | 18/26 [00:20<00:09,  1.19s/it][A

 73%|███████▎  | 19/26 [00:21<00:08,  1.19s/it][A

 77%|███████▋  | 20/26 [00:22<00:07,  1.19s/it][A

 81%|████████  | 21/26 [00:23<00:05,  1.19s/it][A

 85%|████████▍ | 22/26 [00:25<00:04,  1.19s/it][A

 88%|████████▊ | 23/26 [00:26<00:03,  1.19s/it][A

 92%|█████████▏| 24/26 [00:27<00:02,  1.19s/it][A

 96%|█████████▌| 25/26 [00:28<00:01,  1.19s/it][A

100%|██████████| 26/26 [00:29<00:00,  1.13s/it][A
                                                      

                                               
[A
 23%|██▎       | 721/3090 [1:03:23<3:12:29,  4.88s/it]

100%|██████████| 26/26 [00:29<00:00,  1.13s/it][A

                                               [A{'eval_loss': 0.10350014269351959, 'eval_macro_recall': 0.9695390740942085, 'eval_macro_precision': 0.9643155141472155, 'eval_macro_f1': 0.9648758890794312, 'eval_accuracy': 0.9733009708737864, 'eval_micro_recall': 0.9733009708737864, 'eval_micro_precision': 0.9733009708737864, 'eval_micro_f1': 0.9733009708737864, 'eval_runtime': 31.0478, 'eval_samples_per_second': 26.54, 'eval_steps_per_second': 0.837, 'epoch': 7.0}

 23%|██▎       | 722/3090 [1:03:31<10:03:13, 15.28s/it]
 23%|██▎       | 723/3090 [1:03:36<8:00:38, 12.18s/it] 
 23%|██▎       | 724/3090 [1:03:41<6:35:01, 10.02s/it]
 23%|██▎       | 725/3090 [1:03:46<5:34:51,  8.50s/it]
 23%|██▎       | 726/3090 [1:03:51<4:55:36,  7.50s/it]
 24%|██▎       | 727/3090 [1:03:56<4:25:15,  6.74s/it]
 24%|██▎       | 728/3090 [1:04:01<4:04:39,  6.22s/it]
 24%|██▎       | 729/3090 [1:04:06<3:50:40,  5.86s/it]
 24%|██▎       | 730/3090 [1:04:11<3:39:42,  5.59s/it]
 24%|██▎       | 731/3090 [1:04:16<3:32:00,  5.39s/it]
 24%|██▎       | 732/3090 [1:04:21<3:26:34,  5.26s/it]
 24%|██▎       | 733/3090 [1:04:26<3:22:46,  5.16s/it]
 24%|██▍       | 734/3090 [1:04:31<3:20:03,  5.09s/it]
 24%|██▍       | 735/3090 [1:04:36<3:18:09,  5.05s/it]
 24%|██▍       | 736/3090 [1:04:41<3:16:48,  5.02s/it]
 24%|██▍       | 737/3090 [1:04:46<3:15:51,  4.99s/it]
 24%|██▍       | 738/3090 [1:04:55<4:07:32,  6.31s/it]
 24%|██▍       | 739/3090 [1:05:00<3:52:33,  5.93s/it]
 24%|██▍       | 740/3090 [1:05:05<3:43:45,  5.71s/it]
 24%|██▍       | 741/3090 [1:05:10<3:35:25,  5.50s/it]
 24%|██▍       | 742/3090 [1:05:22<4:49:06,  7.39s/it]
 24%|██▍       | 743/3090 [1:05:27<4:22:22,  6.71s/it]
 24%|██▍       | 744/3090 [1:05:32<4:01:32,  6.18s/it]
 24%|██▍       | 745/3090 [1:05:37<3:46:58,  5.81s/it]
 24%|██▍       | 746/3090 [1:05:42<3:36:44,  5.55s/it]
 24%|██▍       | 747/3090 [1:05:47<3:29:32,  5.37s/it]
 24%|██▍       | 748/3090 [1:05:52<3:24:28,  5.24s/it]
 24%|██▍       | 749/3090 [1:05:57<3:20:54,  5.15s/it]
 24%|██▍       | 750/3090 [1:06:02<3:18:24,  5.09s/it]
 24%|██▍       | 751/3090 [1:06:07<3:16:37,  5.04s/it]
 24%|██▍       | 752/3090 [1:06:12<3:15:20,  5.01s/it]
 24%|██▍       | 753/3090 [1:06:17<3:14:26,  4.99s/it]
 24%|██▍       | 754/3090 [1:06:21<3:13:47,  4.98s/it]
 24%|██▍       | 755/3090 [1:06:26<3:13:17,  4.97s/it]
 24%|██▍       | 756/3090 [1:06:31<3:12:55,  4.96s/it]
 24%|██▍       | 757/3090 [1:06:36<3:12:39,  4.95s/it]
 25%|██▍       | 758/3090 [1:06:41<3:12:27,  4.95s/it]
 25%|██▍       | 759/3090 [1:06:46<3:12:14,  4.95s/it]
 25%|██▍       | 760/3090 [1:06:51<3:12:04,  4.95s/it]
 25%|██▍       | 761/3090 [1:06:56<3:11:55,  4.94s/it]
 25%|██▍       | 762/3090 [1:07:01<3:11:49,  4.94s/it]
 25%|██▍       | 763/3090 [1:07:06<3:11:42,  4.94s/it]
 25%|██▍       | 764/3090 [1:07:11<3:11:37,  4.94s/it]
 25%|██▍       | 765/3090 [1:07:16<3:11:31,  4.94s/it]
 25%|██▍       | 766/3090 [1:07:21<3:11:27,  4.94s/it]
 25%|██▍       | 767/3090 [1:07:26<3:11:21,  4.94s/it]
 25%|██▍       | 768/3090 [1:07:31<3:11:17,  4.94s/it]
 25%|██▍       | 769/3090 [1:07:36<3:11:13,  4.94s/it]
 25%|██▍       | 770/3090 [1:07:41<3:11:08,  4.94s/it]
 25%|██▍       | 771/3090 [1:07:46<3:11:01,  4.94s/it]
 25%|██▍       | 772/3090 [1:07:50<3:10:56,  4.94s/it]
 25%|██▌       | 773/3090 [1:07:55<3:10:49,  4.94s/it]
 25%|██▌       | 774/3090 [1:08:00<3:10:45,  4.94s/it]
 25%|██▌       | 775/3090 [1:08:05<3:10:41,  4.94s/it]
 25%|██▌       | 776/3090 [1:08:10<3:10:37,  4.94s/it]
 25%|██▌       | 777/3090 [1:08:15<3:10:32,  4.94s/it]
 25%|██▌       | 778/3090 [1:08:20<3:10:27,  4.94s/it]
 25%|██▌       | 779/3090 [1:08:25<3:10:22,  4.94s/it]
 25%|██▌       | 780/3090 [1:08:30<3:10:17,  4.94s/it]
 25%|██▌       | 781/3090 [1:08:35<3:10:12,  4.94s/it]
 25%|██▌       | 782/3090 [1:08:40<3:10:08,  4.94s/it]
 25%|██▌       | 783/3090 [1:08:45<3:10:02,  4.94s/it]
 25%|██▌       | 784/3090 [1:08:50<3:09:57,  4.94s/it]
 25%|██▌       | 785/3090 [1:08:55<3:09:52,  4.94s/it]
 25%|██▌       | 786/3090 [1:09:00<3:09:47,  4.94s/it]
 25%|██▌       | 787/3090 [1:09:05<3:09:43,  4.94s/it]
 26%|██▌       | 788/3090 [1:09:10<3:09:37,  4.94s/it]
 26%|██▌       | 789/3090 [1:09:14<3:09:33,  4.94s/it]
 26%|██▌       | 790/3090 [1:09:19<3:09:28,  4.94s/it]
 26%|██▌       | 791/3090 [1:09:24<3:09:24,  4.94s/it]
 26%|██▌       | 792/3090 [1:09:29<3:09:19,  4.94s/it]
 26%|██▌       | 793/3090 [1:09:34<3:09:13,  4.94s/it]
 26%|██▌       | 794/3090 [1:09:39<3:09:08,  4.94s/it]
 26%|██▌       | 795/3090 [1:09:44<3:09:03,  4.94s/it]
 26%|██▌       | 796/3090 [1:09:49<3:08:59,  4.94s/it]
 26%|██▌       | 797/3090 [1:09:54<3:08:55,  4.94s/it]
 26%|██▌       | 798/3090 [1:09:59<3:08:51,  4.94s/it]
 26%|██▌       | 799/3090 [1:10:04<3:08:47,  4.94s/it]
 26%|██▌       | 800/3090 [1:10:09<3:08:42,  4.94s/it]
 26%|██▌       | 801/3090 [1:10:14<3:08:36,  4.94s/it]
 26%|██▌       | 802/3090 [1:10:19<3:08:31,  4.94s/it]
 26%|██▌       | 803/3090 [1:10:24<3:08:26,  4.94s/it]
 26%|██▌       | 804/3090 [1:10:29<3:08:20,  4.94s/it]
 26%|██▌       | 805/3090 [1:10:34<3:08:14,  4.94s/it]
 26%|██▌       | 806/3090 [1:10:39<3:08:10,  4.94s/it]
 26%|██▌       | 807/3090 [1:10:43<3:08:05,  4.94s/it]
 26%|██▌       | 808/3090 [1:10:48<3:08:01,  4.94s/it]
 26%|██▌       | 809/3090 [1:10:53<3:07:55,  4.94s/it]
 26%|██▌       | 810/3090 [1:10:58<3:07:49,  4.94s/it]
 26%|██▌       | 811/3090 [1:11:03<3:07:44,  4.94s/it]
 26%|██▋       | 812/3090 [1:11:08<3:07:38,  4.94s/it]
 26%|██▋       | 813/3090 [1:11:13<3:07:34,  4.94s/it]
 26%|██▋       | 814/3090 [1:11:18<3:07:30,  4.94s/it]
 26%|██▋       | 815/3090 [1:11:23<3:07:25,  4.94s/it]
 26%|██▋       | 816/3090 [1:11:28<3:07:19,  4.94s/it]
 26%|██▋       | 817/3090 [1:11:33<3:07:14,  4.94s/it]
 26%|██▋       | 818/3090 [1:11:38<3:07:10,  4.94s/it]
 27%|██▋       | 819/3090 [1:11:43<3:07:04,  4.94s/it]
 27%|██▋       | 820/3090 [1:11:48<3:08:46,  4.99s/it]
 27%|██▋       | 821/3090 [1:11:53<3:08:06,  4.97s/it]
 27%|██▋       | 822/3090 [1:11:58<3:07:37,  4.96s/it]
 27%|██▋       | 823/3090 [1:12:03<3:07:15,  4.96s/it]
 27%|██▋       | 824/3090 [1:12:07<3:04:27,  4.88s/it]
                                                      

 27%|██▋       | 824/3090 [1:12:08<3:04:27,  4.88s/it]{'loss': 0.0624, 'grad_norm': 0.11202912777662277, 'learning_rate': 3.6666666666666666e-05, 'epoch': 8.0}


  0%|          | 0/26 [00:00<?, ?it/s][A

  8%|▊         | 2/26 [00:01<00:14,  1.67it/s][A

 12%|█▏        | 3/26 [00:02<00:19,  1.18it/s][A

 15%|█▌        | 4/26 [00:03<00:21,  1.03it/s][A

 19%|█▉        | 5/26 [00:04<00:22,  1.05s/it][A

 23%|██▎       | 6/26 [00:05<00:21,  1.10s/it][A

 27%|██▋       | 7/26 [00:07<00:21,  1.13s/it][A

 31%|███       | 8/26 [00:08<00:20,  1.15s/it][A

 35%|███▍      | 9/26 [00:09<00:19,  1.16s/it][A

 38%|███▊      | 10/26 [00:10<00:18,  1.17s/it][A

 42%|████▏     | 11/26 [00:11<00:17,  1.18s/it][A

 46%|████▌     | 12/26 [00:13<00:16,  1.18s/it][A

 50%|█████     | 13/26 [00:14<00:15,  1.19s/it][A

 54%|█████▍    | 14/26 [00:15<00:14,  1.19s/it][A

 58%|█████▊    | 15/26 [00:16<00:13,  1.19s/it][A

 62%|██████▏   | 16/26 [00:17<00:11,  1.19s/it][A

 65%|██████▌   | 17/26 [00:19<00:10,  1.19s/it][A

 69%|██████▉   | 18/26 [00:20<00:09,  1.19s/it][A

 73%|███████▎  | 19/26 [00:21<00:08,  1.19s/it][A

 77%|███████▋  | 20/26 [00:22<00:07,  1.19s/it][A

 81%|████████  | 21/26 [00:23<00:05,  1.19s/it][A

 85%|████████▍ | 22/26 [00:25<00:04,  1.19s/it][A

 88%|████████▊ | 23/26 [00:26<00:03,  1.19s/it][A

 92%|█████████▏| 24/26 [00:27<00:02,  1.19s/it][A

 96%|█████████▌| 25/26 [00:28<00:01,  1.19s/it][A

100%|██████████| 26/26 [00:29<00:00,  1.15s/it][A
                                                      

                                               
[A
 27%|██▋       | 824/3090 [1:12:40<3:04:27,  4.88s/it]

100%|██████████| 26/26 [00:29<00:00,  1.15s/it][A

                                               [A{'eval_loss': 0.08693931251764297, 'eval_macro_recall': 0.9685048240127717, 'eval_macro_precision': 0.9670172444112359, 'eval_macro_f1': 0.9673311850093329, 'eval_accuracy': 0.9805825242718447, 'eval_micro_recall': 0.9805825242718447, 'eval_micro_precision': 0.9805825242718447, 'eval_micro_f1': 0.9805825242718447, 'eval_runtime': 31.8958, 'eval_samples_per_second': 25.834, 'eval_steps_per_second': 0.815, 'epoch': 8.0}

 27%|██▋       | 825/3090 [1:12:48<9:52:09, 15.69s/it]
 27%|██▋       | 826/3090 [1:12:53<7:50:16, 12.46s/it]
 27%|██▋       | 827/3090 [1:12:58<6:24:58, 10.21s/it]
 27%|██▋       | 828/3090 [1:13:03<5:25:15,  8.63s/it]
 27%|██▋       | 829/3090 [1:13:08<4:43:25,  7.52s/it]
 27%|██▋       | 830/3090 [1:13:13<4:14:08,  6.75s/it]
 27%|██▋       | 831/3090 [1:13:18<3:53:36,  6.20s/it]
 27%|██▋       | 832/3090 [1:13:23<3:39:14,  5.83s/it]
 27%|██▋       | 833/3090 [1:13:28<3:29:07,  5.56s/it]
 27%|██▋       | 834/3090 [1:13:33<3:22:00,  5.37s/it]
 27%|██▋       | 835/3090 [1:13:38<3:25:31,  5.47s/it]
 27%|██▋       | 836/3090 [1:13:43<3:19:32,  5.31s/it]
 27%|██▋       | 837/3090 [1:13:48<3:15:15,  5.20s/it]
 27%|██▋       | 838/3090 [1:13:53<3:12:15,  5.12s/it]
 27%|██▋       | 839/3090 [1:13:58<3:10:05,  5.07s/it]
 27%|██▋       | 840/3090 [1:14:03<3:08:34,  5.03s/it]
 27%|██▋       | 841/3090 [1:14:08<3:07:30,  5.00s/it]
 27%|██▋       | 842/3090 [1:14:13<3:06:43,  4.98s/it]
 27%|██▋       | 843/3090 [1:14:18<3:06:09,  4.97s/it]
 27%|██▋       | 844/3090 [1:14:23<3:05:43,  4.96s/it]
 27%|██▋       | 845/3090 [1:14:28<3:05:23,  4.95s/it]
 27%|██▋       | 846/3090 [1:14:33<3:05:08,  4.95s/it]
 27%|██▋       | 847/3090 [1:14:38<3:04:57,  4.95s/it]
 27%|██▋       | 848/3090 [1:14:43<3:04:46,  4.94s/it]
 27%|██▋       | 849/3090 [1:14:48<3:04:36,  4.94s/it]
 28%|██▊       | 850/3090 [1:14:53<3:04:31,  4.94s/it]
 28%|██▊       | 851/3090 [1:14:58<3:04:24,  4.94s/it]
 28%|██▊       | 852/3090 [1:15:02<3:04:17,  4.94s/it]
 28%|██▊       | 853/3090 [1:15:07<3:04:12,  4.94s/it]
 28%|██▊       | 854/3090 [1:15:12<3:04:05,  4.94s/it]
 28%|██▊       | 855/3090 [1:15:17<3:04:01,  4.94s/it]
 28%|██▊       | 856/3090 [1:15:22<3:03:55,  4.94s/it]
 28%|██▊       | 857/3090 [1:15:27<3:03:50,  4.94s/it]
 28%|██▊       | 858/3090 [1:15:32<3:03:44,  4.94s/it]
 28%|██▊       | 859/3090 [1:15:37<3:03:40,  4.94s/it]
 28%|██▊       | 860/3090 [1:15:42<3:03:35,  4.94s/it]
 28%|██▊       | 861/3090 [1:15:47<3:03:31,  4.94s/it]
 28%|██▊       | 862/3090 [1:15:52<3:03:26,  4.94s/it]
 28%|██▊       | 863/3090 [1:15:57<3:03:20,  4.94s/it]
 28%|██▊       | 864/3090 [1:16:02<3:03:16,  4.94s/it]
 28%|██▊       | 865/3090 [1:16:07<3:03:10,  4.94s/it]
 28%|██▊       | 866/3090 [1:16:12<3:03:05,  4.94s/it]
 28%|██▊       | 867/3090 [1:16:17<3:03:00,  4.94s/it]
 28%|██▊       | 868/3090 [1:16:21<3:02:56,  4.94s/it]
 28%|██▊       | 869/3090 [1:16:26<3:02:53,  4.94s/it]
 28%|██▊       | 870/3090 [1:16:31<3:02:46,  4.94s/it]
 28%|██▊       | 871/3090 [1:16:36<3:02:41,  4.94s/it]
 28%|██▊       | 872/3090 [1:16:41<3:02:36,  4.94s/it]
 28%|██▊       | 873/3090 [1:16:46<3:02:31,  4.94s/it]
 28%|██▊       | 874/3090 [1:16:51<3:02:26,  4.94s/it]
 28%|██▊       | 875/3090 [1:16:56<3:02:24,  4.94s/it]
 28%|██▊       | 876/3090 [1:17:01<3:02:18,  4.94s/it]
 28%|██▊       | 877/3090 [1:17:06<3:02:13,  4.94s/it]
 28%|██▊       | 878/3090 [1:17:11<3:02:07,  4.94s/it]
 28%|██▊       | 879/3090 [1:17:16<3:02:01,  4.94s/it]
 28%|██▊       | 880/3090 [1:17:21<3:02:01,  4.94s/it]
 29%|██▊       | 881/3090 [1:17:26<3:01:53,  4.94s/it]
 29%|██▊       | 882/3090 [1:17:31<3:01:48,  4.94s/it]
 29%|██▊       | 883/3090 [1:17:36<3:01:43,  4.94s/it]
 29%|██▊       | 884/3090 [1:17:41<3:01:38,  4.94s/it]
 29%|██▊       | 885/3090 [1:17:45<3:01:37,  4.94s/it]
 29%|██▊       | 886/3090 [1:17:50<3:01:29,  4.94s/it]
 29%|██▊       | 887/3090 [1:17:55<3:01:25,  4.94s/it]
 29%|██▊       | 888/3090 [1:18:00<3:01:18,  4.94s/it]
 29%|██▉       | 889/3090 [1:18:05<3:01:11,  4.94s/it]
 29%|██▉       | 890/3090 [1:18:10<3:01:06,  4.94s/it]
 29%|██▉       | 891/3090 [1:18:15<3:01:09,  4.94s/it]
 29%|██▉       | 892/3090 [1:18:20<3:01:00,  4.94s/it]
 29%|██▉       | 893/3090 [1:18:25<3:00:57,  4.94s/it]
 29%|██▉       | 894/3090 [1:18:30<3:00:50,  4.94s/it]
 29%|██▉       | 895/3090 [1:18:35<3:00:46,  4.94s/it]
 29%|██▉       | 896/3090 [1:18:40<3:00:40,  4.94s/it]
 29%|██▉       | 897/3090 [1:18:45<3:00:35,  4.94s/it]
 29%|██▉       | 898/3090 [1:18:50<3:00:30,  4.94s/it]
 29%|██▉       | 899/3090 [1:18:55<3:00:53,  4.95s/it]
 29%|██▉       | 900/3090 [1:19:00<3:00:39,  4.95s/it]
 29%|██▉       | 901/3090 [1:19:05<3:00:31,  4.95s/it]
 29%|██▉       | 902/3090 [1:19:10<3:00:22,  4.95s/it]
 29%|██▉       | 903/3090 [1:19:14<3:00:13,  4.94s/it]
 29%|██▉       | 904/3090 [1:19:20<3:01:45,  4.99s/it]
 29%|██▉       | 905/3090 [1:19:25<3:01:21,  4.98s/it]
 29%|██▉       | 906/3090 [1:19:29<3:00:50,  4.97s/it]
 29%|██▉       | 907/3090 [1:19:34<3:00:27,  4.96s/it]
 29%|██▉       | 908/3090 [1:19:39<3:00:09,  4.95s/it]
 29%|██▉       | 909/3090 [1:19:44<2:59:57,  4.95s/it]
 29%|██▉       | 910/3090 [1:19:49<2:59:44,  4.95s/it]
 29%|██▉       | 911/3090 [1:19:54<2:59:36,  4.95s/it]
 30%|██▉       | 912/3090 [1:19:59<2:59:27,  4.94s/it]
 30%|██▉       | 913/3090 [1:20:04<2:59:20,  4.94s/it]
 30%|██▉       | 914/3090 [1:20:09<2:59:14,  4.94s/it]
 30%|██▉       | 915/3090 [1:20:14<2:59:10,  4.94s/it]
 30%|██▉       | 916/3090 [1:20:19<2:59:04,  4.94s/it]
 30%|██▉       | 917/3090 [1:20:24<2:58:58,  4.94s/it]
 30%|██▉       | 918/3090 [1:20:29<2:58:54,  4.94s/it]
 30%|██▉       | 919/3090 [1:20:34<2:58:48,  4.94s/it]
 30%|██▉       | 920/3090 [1:20:39<2:58:43,  4.94s/it]
 30%|██▉       | 921/3090 [1:20:44<2:58:37,  4.94s/it]
 30%|██▉       | 922/3090 [1:20:49<2:58:32,  4.94s/it]
 30%|██▉       | 923/3090 [1:20:53<2:58:28,  4.94s/it]
 30%|██▉       | 924/3090 [1:20:58<2:58:22,  4.94s/it]
 30%|██▉       | 925/3090 [1:21:03<2:58:15,  4.94s/it]
 30%|██▉       | 926/3090 [1:21:08<2:58:09,  4.94s/it]
 30%|███       | 927/3090 [1:21:13<2:55:40,  4.87s/it]
                                                      

 30%|███       | 927/3090 [1:21:13<2:55:40,  4.87s/it]{'loss': 0.0639, 'grad_norm': 0.48587876558303833, 'learning_rate': 3.5e-05, 'epoch': 9.0}


  0%|          | 0/26 [00:00<?, ?it/s][A

  8%|▊         | 2/26 [00:01<00:14,  1.68it/s][A

 12%|█▏        | 3/26 [00:02<00:19,  1.19it/s][A

 15%|█▌        | 4/26 [00:03<00:21,  1.03it/s][A

 19%|█▉        | 5/26 [00:04<00:22,  1.05s/it][A

 23%|██▎       | 6/26 [00:05<00:21,  1.09s/it][A

 27%|██▋       | 7/26 [00:07<00:21,  1.13s/it][A

 31%|███       | 8/26 [00:08<00:20,  1.15s/it][A

 35%|███▍      | 9/26 [00:09<00:19,  1.16s/it][A

 38%|███▊      | 10/26 [00:10<00:18,  1.17s/it][A

 42%|████▏     | 11/26 [00:11<00:17,  1.18s/it][A

 46%|████▌     | 12/26 [00:13<00:16,  1.18s/it][A

 50%|█████     | 13/26 [00:14<00:15,  1.18s/it][A

 54%|█████▍    | 14/26 [00:15<00:14,  1.19s/it][A

 58%|█████▊    | 15/26 [00:16<00:13,  1.19s/it][A

 62%|██████▏   | 16/26 [00:17<00:11,  1.19s/it][A

 65%|██████▌   | 17/26 [00:19<00:10,  1.19s/it][A

 69%|██████▉   | 18/26 [00:20<00:09,  1.19s/it][A

 73%|███████▎  | 19/26 [00:21<00:08,  1.19s/it][A

 77%|███████▋  | 20/26 [00:22<00:07,  1.19s/it][A

 81%|████████  | 21/26 [00:23<00:05,  1.19s/it][A

 85%|████████▍ | 22/26 [00:25<00:04,  1.19s/it][A

 88%|████████▊ | 23/26 [00:26<00:03,  1.19s/it][A

 92%|█████████▏| 24/26 [00:27<00:02,  1.19s/it][A

 96%|█████████▌| 25/26 [00:28<00:01,  1.19s/it][A

100%|██████████| 26/26 [00:29<00:00,  1.13s/it][A
                                                      

                                               
[A
 30%|███       | 927/3090 [1:21:45<2:55:40,  4.87s/it]

100%|██████████| 26/26 [00:29<00:00,  1.13s/it][A

                                               [A{'eval_loss': 0.09627137333154678, 'eval_macro_recall': 0.9584733350339141, 'eval_macro_precision': 0.9594769234795736, 'eval_macro_f1': 0.9578979752443434, 'eval_accuracy': 0.9769417475728155, 'eval_micro_recall': 0.9769417475728155, 'eval_micro_precision': 0.9769417475728155, 'eval_micro_f1': 0.9769417475728155, 'eval_runtime': 31.5629, 'eval_samples_per_second': 26.107, 'eval_steps_per_second': 0.824, 'epoch': 9.0}

 30%|███       | 928/3090 [1:21:53<9:18:09, 15.49s/it]
 30%|███       | 929/3090 [1:21:58<7:23:57, 12.33s/it]
 30%|███       | 930/3090 [1:22:03<6:03:59, 10.11s/it]
 30%|███       | 931/3090 [1:22:08<5:08:00,  8.56s/it]
 30%|███       | 932/3090 [1:22:13<4:28:47,  7.47s/it]
 30%|███       | 933/3090 [1:22:18<4:01:19,  6.71s/it]
 30%|███       | 934/3090 [1:22:23<3:42:05,  6.18s/it]
 30%|███       | 935/3090 [1:22:28<3:28:37,  5.81s/it]
 30%|███       | 936/3090 [1:22:33<3:19:10,  5.55s/it]
 30%|███       | 937/3090 [1:22:38<3:12:31,  5.37s/it]
 30%|███       | 938/3090 [1:22:43<3:07:50,  5.24s/it]
 30%|███       | 939/3090 [1:22:48<3:04:33,  5.15s/it]
 30%|███       | 940/3090 [1:22:53<3:02:14,  5.09s/it]
 30%|███       | 941/3090 [1:22:57<3:00:35,  5.04s/it]
 30%|███       | 942/3090 [1:23:02<2:59:25,  5.01s/it]
 31%|███       | 943/3090 [1:23:07<2:58:35,  4.99s/it]
 31%|███       | 944/3090 [1:23:12<2:57:59,  4.98s/it]
 31%|███       | 945/3090 [1:23:17<2:57:30,  4.97s/it]
 31%|███       | 946/3090 [1:23:22<2:57:10,  4.96s/it]
 31%|███       | 947/3090 [1:23:27<2:56:52,  4.95s/it]
 31%|███       | 948/3090 [1:23:32<2:56:40,  4.95s/it]
 31%|███       | 949/3090 [1:23:37<2:56:29,  4.95s/it]
 31%|███       | 950/3090 [1:23:42<2:56:21,  4.94s/it]
 31%|███       | 951/3090 [1:23:47<2:56:12,  4.94s/it]
 31%|███       | 952/3090 [1:23:52<2:56:05,  4.94s/it]
 31%|███       | 953/3090 [1:23:57<2:55:59,  4.94s/it]
 31%|███       | 954/3090 [1:24:02<2:55:53,  4.94s/it]
 31%|███       | 955/3090 [1:24:07<2:55:47,  4.94s/it]
 31%|███       | 956/3090 [1:24:12<2:55:40,  4.94s/it]
 31%|███       | 957/3090 [1:24:17<2:55:35,  4.94s/it]
 31%|███       | 958/3090 [1:24:21<2:55:31,  4.94s/it]
 31%|███       | 959/3090 [1:24:26<2:55:27,  4.94s/it]
 31%|███       | 960/3090 [1:24:31<2:55:23,  4.94s/it]
 31%|███       | 961/3090 [1:24:36<2:55:17,  4.94s/it]
 31%|███       | 962/3090 [1:24:41<2:55:10,  4.94s/it]
 31%|███       | 963/3090 [1:24:46<2:55:05,  4.94s/it]
 31%|███       | 964/3090 [1:24:51<2:55:00,  4.94s/it]
 31%|███       | 965/3090 [1:24:56<2:54:56,  4.94s/it]
 31%|███▏      | 966/3090 [1:25:01<2:54:51,  4.94s/it]
 31%|███▏      | 967/3090 [1:25:06<2:54:46,  4.94s/it]
 31%|███▏      | 968/3090 [1:25:11<2:54:42,  4.94s/it]
 31%|███▏      | 969/3090 [1:25:16<2:54:37,  4.94s/it]
 31%|███▏      | 970/3090 [1:25:21<2:54:33,  4.94s/it]
 31%|███▏      | 971/3090 [1:25:26<2:54:28,  4.94s/it]
 31%|███▏      | 972/3090 [1:25:31<2:54:22,  4.94s/it]
 31%|███▏      | 973/3090 [1:25:36<2:54:17,  4.94s/it]
 32%|███▏      | 974/3090 [1:25:40<2:54:11,  4.94s/it]
 32%|███▏      | 975/3090 [1:25:45<2:54:08,  4.94s/it]
 32%|███▏      | 976/3090 [1:25:50<2:54:02,  4.94s/it]
 32%|███▏      | 977/3090 [1:25:55<2:53:57,  4.94s/it]
 32%|███▏      | 978/3090 [1:26:00<2:53:52,  4.94s/it]
 32%|███▏      | 979/3090 [1:26:05<2:53:47,  4.94s/it]
 32%|███▏      | 980/3090 [1:26:10<2:53:42,  4.94s/it]
 32%|███▏      | 981/3090 [1:26:15<2:53:37,  4.94s/it]
 32%|███▏      | 982/3090 [1:26:20<2:53:32,  4.94s/it]
 32%|███▏      | 983/3090 [1:26:25<2:53:28,  4.94s/it]
 32%|███▏      | 984/3090 [1:26:30<2:53:23,  4.94s/it]
 32%|███▏      | 985/3090 [1:26:35<2:53:18,  4.94s/it]
 32%|███▏      | 986/3090 [1:26:40<2:53:14,  4.94s/it]
 32%|███▏      | 987/3090 [1:26:45<2:53:08,  4.94s/it]
 32%|███▏      | 988/3090 [1:26:50<2:53:03,  4.94s/it]
 32%|███▏      | 989/3090 [1:26:55<2:52:59,  4.94s/it]
 32%|███▏      | 990/3090 [1:27:00<2:52:54,  4.94s/it]
 32%|███▏      | 991/3090 [1:27:04<2:52:49,  4.94s/it]
 32%|███▏      | 992/3090 [1:27:09<2:52:44,  4.94s/it]
 32%|███▏      | 993/3090 [1:27:14<2:52:38,  4.94s/it]
 32%|███▏      | 994/3090 [1:27:19<2:52:32,  4.94s/it]
 32%|███▏      | 995/3090 [1:27:24<2:52:28,  4.94s/it]
 32%|███▏      | 996/3090 [1:27:29<2:52:24,  4.94s/it]
 32%|███▏      | 997/3090 [1:27:34<2:52:18,  4.94s/it]
 32%|███▏      | 998/3090 [1:27:39<2:52:14,  4.94s/it]
 32%|███▏      | 999/3090 [1:27:44<2:52:08,  4.94s/it]
 32%|███▏      | 1000/3090 [1:27:49<2:52:03,  4.94s/it]
 32%|███▏      | 1001/3090 [1:27:54<2:51:58,  4.94s/it]
 32%|███▏      | 1002/3090 [1:27:59<2:51:55,  4.94s/it]
 32%|███▏      | 1003/3090 [1:28:04<2:51:50,  4.94s/it]
 32%|███▏      | 1004/3090 [1:28:09<2:51:46,  4.94s/it]
 33%|███▎      | 1005/3090 [1:28:14<2:51:41,  4.94s/it]
 33%|███▎      | 1006/3090 [1:28:19<2:51:36,  4.94s/it]
 33%|███▎      | 1007/3090 [1:28:23<2:51:29,  4.94s/it]
 33%|███▎      | 1008/3090 [1:28:28<2:51:25,  4.94s/it]
 33%|███▎      | 1009/3090 [1:28:33<2:51:20,  4.94s/it]
 33%|███▎      | 1010/3090 [1:28:38<2:51:16,  4.94s/it]
 33%|███▎      | 1011/3090 [1:28:43<2:51:10,  4.94s/it]
 33%|███▎      | 1012/3090 [1:28:48<2:51:05,  4.94s/it]
 33%|███▎      | 1013/3090 [1:28:53<2:51:01,  4.94s/it]
 33%|███▎      | 1014/3090 [1:28:58<2:50:56,  4.94s/it]
 33%|███▎      | 1015/3090 [1:29:03<2:50:51,  4.94s/it]
 33%|███▎      | 1016/3090 [1:29:08<2:50:45,  4.94s/it]
 33%|███▎      | 1017/3090 [1:29:13<2:50:40,  4.94s/it]
 33%|███▎      | 1018/3090 [1:29:18<2:50:35,  4.94s/it]
 33%|███▎      | 1019/3090 [1:29:23<2:50:30,  4.94s/it]
 33%|███▎      | 1020/3090 [1:29:28<2:50:25,  4.94s/it]
 33%|███▎      | 1021/3090 [1:29:33<2:50:20,  4.94s/it]
 33%|███▎      | 1022/3090 [1:29:38<2:50:16,  4.94s/it]
 33%|███▎      | 1023/3090 [1:29:43<2:50:10,  4.94s/it]
 33%|███▎      | 1024/3090 [1:29:47<2:50:07,  4.94s/it]
 33%|███▎      | 1025/3090 [1:29:52<2:50:02,  4.94s/it]
 33%|███▎      | 1026/3090 [1:29:57<2:49:57,  4.94s/it]
 33%|███▎      | 1027/3090 [1:30:02<2:49:52,  4.94s/it]
 33%|███▎      | 1028/3090 [1:30:07<2:49:46,  4.94s/it]
 33%|███▎      | 1029/3090 [1:30:12<2:49:41,  4.94s/it]
 33%|███▎      | 1030/3090 [1:30:17<2:47:16,  4.87s/it]
                                                       

 33%|███▎      | 1030/3090 [1:30:17<2:47:16,  4.87s/it]{'loss': 0.0515, 'grad_norm': 1.0405336618423462, 'learning_rate': 3.3333333333333335e-05, 'epoch': 10.0}


  0%|          | 0/26 [00:00<?, ?it/s][A

  8%|▊         | 2/26 [00:01<00:14,  1.68it/s][A

 12%|█▏        | 3/26 [00:02<00:19,  1.19it/s][A

 15%|█▌        | 4/26 [00:03<00:21,  1.03it/s][A

 19%|█▉        | 5/26 [00:04<00:22,  1.05s/it][A

 23%|██▎       | 6/26 [00:05<00:21,  1.10s/it][A

 27%|██▋       | 7/26 [00:07<00:21,  1.13s/it][A

 31%|███       | 8/26 [00:08<00:20,  1.15s/it][A

 35%|███▍      | 9/26 [00:09<00:19,  1.16s/it][A

 38%|███▊      | 10/26 [00:10<00:18,  1.17s/it][A

 42%|████▏     | 11/26 [00:11<00:17,  1.18s/it][A

 46%|████▌     | 12/26 [00:13<00:16,  1.18s/it][A

 50%|█████     | 13/26 [00:14<00:15,  1.19s/it][A

 54%|█████▍    | 14/26 [00:15<00:14,  1.19s/it][A

 58%|█████▊    | 15/26 [00:16<00:13,  1.19s/it][A

 62%|██████▏   | 16/26 [00:17<00:11,  1.19s/it][A

 65%|██████▌   | 17/26 [00:19<00:10,  1.19s/it][A

 69%|██████▉   | 18/26 [00:20<00:09,  1.19s/it][A

 73%|███████▎  | 19/26 [00:21<00:08,  1.19s/it][A

 77%|███████▋  | 20/26 [00:22<00:07,  1.19s/it][A

 81%|████████  | 21/26 [00:23<00:05,  1.19s/it][A

 85%|████████▍ | 22/26 [00:25<00:04,  1.19s/it][A

 88%|████████▊ | 23/26 [00:26<00:03,  1.19s/it][A

 92%|█████████▏| 24/26 [00:27<00:02,  1.19s/it][A

 96%|█████████▌| 25/26 [00:28<00:01,  1.19s/it][A

100%|██████████| 26/26 [00:29<00:00,  1.14s/it][A
                                                       

                                               
[A
 33%|███▎      | 1030/3090 [1:30:48<2:47:16,  4.87s/it]

100%|██████████| 26/26 [00:29<00:00,  1.14s/it][A

                                               [A{'eval_loss': 0.1045110821723938, 'eval_macro_recall': 0.9633774221748433, 'eval_macro_precision': 0.9642364925748814, 'eval_macro_f1': 0.9628754713991983, 'eval_accuracy': 0.9781553398058253, 'eval_micro_recall': 0.9781553398058253, 'eval_micro_precision': 0.9781553398058253, 'eval_micro_f1': 0.9781553398058253, 'eval_runtime': 31.0907, 'eval_samples_per_second': 26.503, 'eval_steps_per_second': 0.836, 'epoch': 10.0}

 33%|███▎      | 1031/3090 [1:30:56<8:42:35, 15.23s/it]
 33%|███▎      | 1032/3090 [1:31:01<6:56:33, 12.14s/it]
 33%|███▎      | 1033/3090 [1:31:06<5:42:16,  9.98s/it]
 33%|███▎      | 1034/3090 [1:31:11<4:50:15,  8.47s/it]
 33%|███▎      | 1035/3090 [1:31:16<4:13:50,  7.41s/it]
 34%|███▎      | 1036/3090 [1:31:21<3:48:21,  6.67s/it]
 34%|███▎      | 1037/3090 [1:31:26<3:30:27,  6.15s/it]
 34%|███▎      | 1038/3090 [1:31:31<3:17:56,  5.79s/it]
 34%|███▎      | 1039/3090 [1:31:36<3:09:09,  5.53s/it]
 34%|███▎      | 1040/3090 [1:31:41<3:02:58,  5.36s/it]
 34%|███▎      | 1041/3090 [1:31:46<2:58:38,  5.23s/it]
 34%|███▎      | 1042/3090 [1:31:51<2:55:35,  5.14s/it]
 34%|███▍      | 1043/3090 [1:31:56<2:53:25,  5.08s/it]
 34%|███▍      | 1044/3090 [1:32:01<2:51:53,  5.04s/it]
 34%|███▍      | 1045/3090 [1:32:05<2:50:48,  5.01s/it]
 34%|███▍      | 1046/3090 [1:32:10<2:50:00,  4.99s/it]
 34%|███▍      | 1047/3090 [1:32:15<2:49:24,  4.98s/it]
 34%|███▍      | 1048/3090 [1:32:20<2:48:57,  4.96s/it]
 34%|███▍      | 1049/3090 [1:32:25<2:48:37,  4.96s/it]
 34%|███▍      | 1050/3090 [1:32:30<2:48:22,  4.95s/it]
 34%|███▍      | 1051/3090 [1:32:35<2:48:09,  4.95s/it]
 34%|███▍      | 1052/3090 [1:32:40<2:47:59,  4.95s/it]
 34%|███▍      | 1053/3090 [1:32:45<2:47:50,  4.94s/it]
 34%|███▍      | 1054/3090 [1:32:50<2:47:44,  4.94s/it]
 34%|███▍      | 1055/3090 [1:32:55<2:47:37,  4.94s/it]
 34%|███▍      | 1056/3090 [1:33:00<2:47:32,  4.94s/it]
 34%|███▍      | 1057/3090 [1:33:05<2:47:27,  4.94s/it]
 34%|███▍      | 1058/3090 [1:33:10<2:47:21,  4.94s/it]
 34%|███▍      | 1059/3090 [1:33:15<2:47:15,  4.94s/it]
 34%|███▍      | 1060/3090 [1:33:20<2:47:10,  4.94s/it]
 34%|███▍      | 1061/3090 [1:33:25<2:47:04,  4.94s/it]
 34%|███▍      | 1062/3090 [1:33:29<2:46:59,  4.94s/it]
 34%|███▍      | 1063/3090 [1:33:34<2:46:54,  4.94s/it]
 34%|███▍      | 1064/3090 [1:33:39<2:46:50,  4.94s/it]
 34%|███▍      | 1065/3090 [1:33:44<2:46:46,  4.94s/it]
 34%|███▍      | 1066/3090 [1:33:49<2:46:41,  4.94s/it]
 35%|███▍      | 1067/3090 [1:33:54<2:46:36,  4.94s/it]
 35%|███▍      | 1068/3090 [1:33:59<2:46:31,  4.94s/it]
 35%|███▍      | 1069/3090 [1:34:04<2:46:24,  4.94s/it]
 35%|███▍      | 1070/3090 [1:34:09<2:46:19,  4.94s/it]
 35%|███▍      | 1071/3090 [1:34:14<2:46:15,  4.94s/it]
 35%|███▍      | 1072/3090 [1:34:19<2:46:10,  4.94s/it]
 35%|███▍      | 1073/3090 [1:34:24<2:46:05,  4.94s/it]
 35%|███▍      | 1074/3090 [1:34:29<2:46:01,  4.94s/it]
 35%|███▍      | 1075/3090 [1:34:34<2:45:57,  4.94s/it]
 35%|███▍      | 1076/3090 [1:34:39<2:45:51,  4.94s/it]
 35%|███▍      | 1077/3090 [1:34:44<2:45:47,  4.94s/it]
 35%|███▍      | 1078/3090 [1:34:49<2:45:41,  4.94s/it]
 35%|███▍      | 1079/3090 [1:34:53<2:45:36,  4.94s/it]
 35%|███▍      | 1080/3090 [1:34:58<2:45:30,  4.94s/it]
 35%|███▍      | 1081/3090 [1:35:03<2:45:24,  4.94s/it]
 35%|███▌      | 1082/3090 [1:35:08<2:45:20,  4.94s/it]
 35%|███▌      | 1083/3090 [1:35:13<2:45:16,  4.94s/it]
 35%|███▌      | 1084/3090 [1:35:18<2:45:11,  4.94s/it]
 35%|███▌      | 1085/3090 [1:35:23<2:45:06,  4.94s/it]
 35%|███▌      | 1086/3090 [1:35:28<2:45:01,  4.94s/it]
 35%|███▌      | 1087/3090 [1:35:33<2:44:55,  4.94s/it]
 35%|███▌      | 1088/3090 [1:35:38<2:44:51,  4.94s/it]
 35%|███▌      | 1089/3090 [1:35:43<2:44:45,  4.94s/it]
 35%|███▌      | 1090/3090 [1:35:48<2:44:40,  4.94s/it]
 35%|███▌      | 1091/3090 [1:35:53<2:44:36,  4.94s/it]
 35%|███▌      | 1092/3090 [1:35:58<2:44:31,  4.94s/it]
 35%|███▌      | 1093/3090 [1:36:03<2:44:26,  4.94s/it]
 35%|███▌      | 1094/3090 [1:36:08<2:44:20,  4.94s/it]
 35%|███▌      | 1095/3090 [1:36:13<2:44:16,  4.94s/it]
 35%|███▌      | 1096/3090 [1:36:17<2:44:11,  4.94s/it]
 36%|███▌      | 1097/3090 [1:36:22<2:44:06,  4.94s/it]
 36%|███▌      | 1098/3090 [1:36:27<2:44:01,  4.94s/it]
 36%|███▌      | 1099/3090 [1:36:32<2:43:57,  4.94s/it]
 36%|███▌      | 1100/3090 [1:36:37<2:43:52,  4.94s/it]
 36%|███▌      | 1101/3090 [1:36:42<2:43:46,  4.94s/it]
 36%|███▌      | 1102/3090 [1:36:47<2:43:41,  4.94s/it]
 36%|███▌      | 1103/3090 [1:36:52<2:43:36,  4.94s/it]
 36%|███▌      | 1104/3090 [1:36:57<2:43:32,  4.94s/it]
 36%|███▌      | 1105/3090 [1:37:02<2:43:25,  4.94s/it]
 36%|███▌      | 1106/3090 [1:37:07<2:43:20,  4.94s/it]
 36%|███▌      | 1107/3090 [1:37:12<2:43:15,  4.94s/it]
 36%|███▌      | 1108/3090 [1:37:17<2:43:12,  4.94s/it]
 36%|███▌      | 1109/3090 [1:37:22<2:43:06,  4.94s/it]
 36%|███▌      | 1110/3090 [1:37:27<2:43:02,  4.94s/it]
 36%|███▌      | 1111/3090 [1:37:32<2:42:56,  4.94s/it]
 36%|███▌      | 1112/3090 [1:37:36<2:42:51,  4.94s/it]
 36%|███▌      | 1113/3090 [1:37:41<2:42:46,  4.94s/it]
 36%|███▌      | 1114/3090 [1:37:46<2:42:42,  4.94s/it]
 36%|███▌      | 1115/3090 [1:37:51<2:42:38,  4.94s/it]
 36%|███▌      | 1116/3090 [1:37:56<2:42:32,  4.94s/it]
 36%|███▌      | 1117/3090 [1:38:01<2:42:27,  4.94s/it]
 36%|███▌      | 1118/3090 [1:38:06<2:42:22,  4.94s/it]
 36%|███▌      | 1119/3090 [1:38:11<2:42:18,  4.94s/it]
 36%|███▌      | 1120/3090 [1:38:16<2:42:15,  4.94s/it]
 36%|███▋      | 1121/3090 [1:38:21<2:42:09,  4.94s/it]
 36%|███▋      | 1122/3090 [1:38:26<2:42:04,  4.94s/it]
 36%|███▋      | 1123/3090 [1:38:31<2:41:59,  4.94s/it]
 36%|███▋      | 1124/3090 [1:38:36<2:41:53,  4.94s/it]
 36%|███▋      | 1125/3090 [1:38:41<2:41:48,  4.94s/it]
 36%|███▋      | 1126/3090 [1:38:46<2:41:43,  4.94s/it]
 36%|███▋      | 1127/3090 [1:38:51<2:41:37,  4.94s/it]
 37%|███▋      | 1128/3090 [1:38:56<2:41:33,  4.94s/it]
 37%|███▋      | 1129/3090 [1:39:00<2:41:28,  4.94s/it]
 37%|███▋      | 1130/3090 [1:39:05<2:41:23,  4.94s/it]
 37%|███▋      | 1131/3090 [1:39:10<2:41:17,  4.94s/it]
 37%|███▋      | 1132/3090 [1:39:15<2:41:12,  4.94s/it]
 37%|███▋      | 1133/3090 [1:39:20<2:39:00,  4.87s/it]
                                                       

 37%|███▋      | 1133/3090 [1:39:20<2:39:00,  4.87s/it]{'loss': 0.0418, 'grad_norm': 0.059833504259586334, 'learning_rate': 3.1666666666666666e-05, 'epoch': 11.0}


  0%|          | 0/26 [00:00<?, ?it/s][A

  8%|▊         | 2/26 [00:01<00:14,  1.68it/s][A

 12%|█▏        | 3/26 [00:02<00:19,  1.19it/s][A

 15%|█▌        | 4/26 [00:03<00:21,  1.03it/s][A

 19%|█▉        | 5/26 [00:04<00:22,  1.05s/it][A

 23%|██▎       | 6/26 [00:05<00:21,  1.10s/it][A

 27%|██▋       | 7/26 [00:07<00:21,  1.13s/it][A

 31%|███       | 8/26 [00:08<00:20,  1.15s/it][A

 35%|███▍      | 9/26 [00:09<00:19,  1.16s/it][A

 38%|███▊      | 10/26 [00:10<00:18,  1.17s/it][A

 42%|████▏     | 11/26 [00:11<00:17,  1.18s/it][A

 46%|████▌     | 12/26 [00:13<00:16,  1.18s/it][A

 50%|█████     | 13/26 [00:14<00:15,  1.18s/it][A

 54%|█████▍    | 14/26 [00:15<00:14,  1.19s/it][A

 58%|█████▊    | 15/26 [00:16<00:13,  1.19s/it][A

 62%|██████▏   | 16/26 [00:17<00:11,  1.19s/it][A

 65%|██████▌   | 17/26 [00:19<00:10,  1.19s/it][A

 69%|██████▉   | 18/26 [00:20<00:09,  1.19s/it][A

 73%|███████▎  | 19/26 [00:21<00:08,  1.19s/it][A

 77%|███████▋  | 20/26 [00:22<00:07,  1.19s/it][A

 81%|████████  | 21/26 [00:23<00:05,  1.19s/it][A

 85%|████████▍ | 22/26 [00:25<00:04,  1.19s/it][A

 88%|████████▊ | 23/26 [00:26<00:03,  1.19s/it][A

 92%|█████████▏| 24/26 [00:27<00:02,  1.19s/it][A

 96%|█████████▌| 25/26 [00:28<00:01,  1.19s/it][A

100%|██████████| 26/26 [00:29<00:00,  1.13s/it][A
                                                       

                                               
[A
 37%|███▋      | 1133/3090 [1:39:51<2:39:00,  4.87s/it]

100%|██████████| 26/26 [00:29<00:00,  1.13s/it][A

                                               [A{'eval_loss': 0.08941785246133804, 'eval_macro_recall': 0.9540769273480327, 'eval_macro_precision': 0.9484342740630044, 'eval_macro_f1': 0.9500627510982543, 'eval_accuracy': 0.9745145631067961, 'eval_micro_recall': 0.9745145631067961, 'eval_micro_precision': 0.9745145631067961, 'eval_micro_f1': 0.9745145631067961, 'eval_runtime': 31.0401, 'eval_samples_per_second': 26.546, 'eval_steps_per_second': 0.838, 'epoch': 11.0}

 37%|███▋      | 1134/3090 [1:40:00<8:18:20, 15.29s/it]
 37%|███▋      | 1135/3090 [1:40:05<6:36:56, 12.18s/it]
 37%|███▋      | 1136/3090 [1:40:09<5:25:58, 10.01s/it]
 37%|███▋      | 1137/3090 [1:40:14<4:36:16,  8.49s/it]
 37%|███▋      | 1138/3090 [1:40:19<4:01:30,  7.42s/it]
 37%|███▋      | 1139/3090 [1:40:24<3:37:12,  6.68s/it]
 37%|███▋      | 1140/3090 [1:40:29<3:20:08,  6.16s/it]
 37%|███▋      | 1141/3090 [1:40:34<3:08:10,  5.79s/it]
 37%|███▋      | 1142/3090 [1:40:39<2:59:45,  5.54s/it]
 37%|███▋      | 1143/3090 [1:40:44<2:53:50,  5.36s/it]
 37%|███▋      | 1144/3090 [1:40:49<2:49:42,  5.23s/it]
 37%|███▋      | 1145/3090 [1:40:54<2:46:46,  5.14s/it]
 37%|███▋      | 1146/3090 [1:40:59<2:44:42,  5.08s/it]
 37%|███▋      | 1147/3090 [1:41:04<2:43:12,  5.04s/it]
 37%|███▋      | 1148/3090 [1:41:09<2:42:07,  5.01s/it]
 37%|███▋      | 1149/3090 [1:41:14<2:41:20,  4.99s/it]
 37%|███▋      | 1150/3090 [1:41:19<2:40:47,  4.97s/it]
 37%|███▋      | 1151/3090 [1:41:24<2:40:22,  4.96s/it]
 37%|███▋      | 1152/3090 [1:41:29<2:40:05,  4.96s/it]
 37%|███▋      | 1153/3090 [1:41:33<2:39:51,  4.95s/it]
 37%|███▋      | 1154/3090 [1:41:38<2:39:40,  4.95s/it]
 37%|███▋      | 1155/3090 [1:41:43<2:39:30,  4.95s/it]
 37%|███▋      | 1156/3090 [1:41:48<2:39:22,  4.94s/it]
 37%|███▋      | 1157/3090 [1:41:53<2:39:15,  4.94s/it]
 37%|███▋      | 1158/3090 [1:41:58<2:39:09,  4.94s/it]
 38%|███▊      | 1159/3090 [1:42:03<2:39:02,  4.94s/it]
 38%|███▊      | 1160/3090 [1:42:08<2:38:56,  4.94s/it]
 38%|███▊      | 1161/3090 [1:42:13<2:38:50,  4.94s/it]
 38%|███▊      | 1162/3090 [1:42:18<2:38:44,  4.94s/it]
 38%|███▊      | 1163/3090 [1:42:23<2:38:40,  4.94s/it]
 38%|███▊      | 1164/3090 [1:42:28<2:38:35,  4.94s/it]
 38%|███▊      | 1165/3090 [1:42:33<2:38:29,  4.94s/it]
 38%|███▊      | 1166/3090 [1:42:38<2:38:24,  4.94s/it]
 38%|███▊      | 1167/3090 [1:42:43<2:38:20,  4.94s/it]
 38%|███▊      | 1168/3090 [1:42:48<2:38:14,  4.94s/it]
 38%|███▊      | 1169/3090 [1:42:53<2:38:10,  4.94s/it]
 38%|███▊      | 1170/3090 [1:42:57<2:38:04,  4.94s/it]
 38%|███▊      | 1171/3090 [1:43:02<2:37:59,  4.94s/it]
 38%|███▊      | 1172/3090 [1:43:07<2:37:53,  4.94s/it]
 38%|███▊      | 1173/3090 [1:43:12<2:37:48,  4.94s/it]
 38%|███▊      | 1174/3090 [1:43:17<2:37:43,  4.94s/it]
 38%|███▊      | 1175/3090 [1:43:22<2:37:39,  4.94s/it]
 38%|███▊      | 1176/3090 [1:43:27<2:37:33,  4.94s/it]
 38%|███▊      | 1177/3090 [1:43:32<2:37:28,  4.94s/it]
 38%|███▊      | 1178/3090 [1:43:37<2:37:23,  4.94s/it]
 38%|███▊      | 1179/3090 [1:43:42<2:37:19,  4.94s/it]
 38%|███▊      | 1180/3090 [1:43:47<2:37:14,  4.94s/it]
 38%|███▊      | 1181/3090 [1:43:52<2:37:09,  4.94s/it]
 38%|███▊      | 1182/3090 [1:43:57<2:37:03,  4.94s/it]
 38%|███▊      | 1183/3090 [1:44:02<2:36:57,  4.94s/it]
 38%|███▊      | 1184/3090 [1:44:07<2:36:52,  4.94s/it]
 38%|███▊      | 1185/3090 [1:44:12<2:36:48,  4.94s/it]
 38%|███▊      | 1186/3090 [1:44:16<2:36:44,  4.94s/it]
 38%|███▊      | 1187/3090 [1:44:21<2:36:40,  4.94s/it]
 38%|███▊      | 1188/3090 [1:44:26<2:36:35,  4.94s/it]
 38%|███▊      | 1189/3090 [1:44:31<2:36:30,  4.94s/it]
 39%|███▊      | 1190/3090 [1:44:36<2:36:25,  4.94s/it]
 39%|███▊      | 1191/3090 [1:44:41<2:36:21,  4.94s/it]
 39%|███▊      | 1192/3090 [1:44:46<2:36:16,  4.94s/it]
 39%|███▊      | 1193/3090 [1:44:51<2:36:11,  4.94s/it]
 39%|███▊      | 1194/3090 [1:44:56<2:36:05,  4.94s/it]
 39%|███▊      | 1195/3090 [1:45:01<2:36:00,  4.94s/it]
 39%|███▊      | 1196/3090 [1:45:06<2:35:54,  4.94s/it]
 39%|███▊      | 1197/3090 [1:45:11<2:35:50,  4.94s/it]
 39%|███▉      | 1198/3090 [1:45:16<2:35:46,  4.94s/it]
 39%|███▉      | 1199/3090 [1:45:21<2:35:42,  4.94s/it]
 39%|███▉      | 1200/3090 [1:45:26<2:35:36,  4.94s/it]
 39%|███▉      | 1201/3090 [1:45:31<2:35:31,  4.94s/it]
 39%|███▉      | 1202/3090 [1:45:36<2:35:26,  4.94s/it]
 39%|███▉      | 1203/3090 [1:45:40<2:35:21,  4.94s/it]
 39%|███▉      | 1204/3090 [1:45:45<2:35:15,  4.94s/it]
 39%|███▉      | 1205/3090 [1:45:50<2:35:12,  4.94s/it]
 39%|███▉      | 1206/3090 [1:45:55<2:35:07,  4.94s/it]
 39%|███▉      | 1207/3090 [1:46:00<2:35:01,  4.94s/it]
 39%|███▉      | 1208/3090 [1:46:05<2:34:56,  4.94s/it]
 39%|███▉      | 1209/3090 [1:46:10<2:34:51,  4.94s/it]
 39%|███▉      | 1210/3090 [1:46:15<2:34:46,  4.94s/it]
 39%|███▉      | 1211/3090 [1:46:20<2:34:40,  4.94s/it]
 39%|███▉      | 1212/3090 [1:46:25<2:34:35,  4.94s/it]
 39%|███▉      | 1213/3090 [1:46:30<2:34:30,  4.94s/it]
 39%|███▉      | 1214/3090 [1:46:35<2:34:25,  4.94s/it]
 39%|███▉      | 1215/3090 [1:46:40<2:34:20,  4.94s/it]
 39%|███▉      | 1216/3090 [1:46:45<2:34:15,  4.94s/it]
 39%|███▉      | 1217/3090 [1:46:50<2:34:11,  4.94s/it]
 39%|███▉      | 1218/3090 [1:46:55<2:34:06,  4.94s/it]
 39%|███▉      | 1219/3090 [1:46:59<2:34:01,  4.94s/it]
 39%|███▉      | 1220/3090 [1:47:04<2:33:56,  4.94s/it]
 40%|███▉      | 1221/3090 [1:47:09<2:33:52,  4.94s/it]
 40%|███▉      | 1222/3090 [1:47:14<2:33:47,  4.94s/it]
 40%|███▉      | 1223/3090 [1:47:19<2:33:42,  4.94s/it]
 40%|███▉      | 1224/3090 [1:47:24<2:33:38,  4.94s/it]
 40%|███▉      | 1225/3090 [1:47:29<2:33:33,  4.94s/it]
 40%|███▉      | 1226/3090 [1:47:34<2:33:27,  4.94s/it]
 40%|███▉      | 1227/3090 [1:47:39<2:33:22,  4.94s/it]
 40%|███▉      | 1228/3090 [1:47:44<2:33:18,  4.94s/it]
 40%|███▉      | 1229/3090 [1:47:49<2:33:11,  4.94s/it]
 40%|███▉      | 1230/3090 [1:47:54<2:33:08,  4.94s/it]
 40%|███▉      | 1231/3090 [1:47:59<2:33:03,  4.94s/it]
 40%|███▉      | 1232/3090 [1:48:04<2:32:57,  4.94s/it]
 40%|███▉      | 1233/3090 [1:48:09<2:32:52,  4.94s/it]
 40%|███▉      | 1234/3090 [1:48:14<2:32:48,  4.94s/it]
 40%|███▉      | 1235/3090 [1:48:19<2:32:43,  4.94s/it]
 40%|████      | 1236/3090 [1:48:23<2:30:32,  4.87s/it]
                                                       

 40%|████      | 1236/3090 [1:48:23<2:30:32,  4.87s/it]{'loss': 0.0406, 'grad_norm': 0.15254224836826324, 'learning_rate': 3e-05, 'epoch': 12.0}


  0%|          | 0/26 [00:00<?, ?it/s][A

  8%|▊         | 2/26 [00:01<00:14,  1.68it/s][A

 12%|█▏        | 3/26 [00:02<00:19,  1.19it/s][A

 15%|█▌        | 4/26 [00:03<00:21,  1.03it/s][A

 19%|█▉        | 5/26 [00:04<00:22,  1.05s/it][A

 23%|██▎       | 6/26 [00:05<00:21,  1.10s/it][A

 27%|██▋       | 7/26 [00:07<00:21,  1.13s/it][A

 31%|███       | 8/26 [00:08<00:20,  1.15s/it][A

 35%|███▍      | 9/26 [00:09<00:19,  1.16s/it][A

 38%|███▊      | 10/26 [00:10<00:18,  1.17s/it][A

 42%|████▏     | 11/26 [00:11<00:17,  1.18s/it][A

 46%|████▌     | 12/26 [00:13<00:16,  1.18s/it][A

 50%|█████     | 13/26 [00:14<00:15,  1.18s/it][A

 54%|█████▍    | 14/26 [00:15<00:14,  1.19s/it][A

 58%|█████▊    | 15/26 [00:16<00:13,  1.19s/it][A

 62%|██████▏   | 16/26 [00:17<00:11,  1.19s/it][A

 65%|██████▌   | 17/26 [00:19<00:10,  1.19s/it][A

 69%|██████▉   | 18/26 [00:20<00:09,  1.19s/it][A

 73%|███████▎  | 19/26 [00:21<00:08,  1.19s/it][A

 77%|███████▋  | 20/26 [00:22<00:07,  1.19s/it][A

 81%|████████  | 21/26 [00:23<00:05,  1.19s/it][A

 85%|████████▍ | 22/26 [00:25<00:04,  1.19s/it][A

 88%|████████▊ | 23/26 [00:26<00:03,  1.19s/it][A

 92%|█████████▏| 24/26 [00:27<00:02,  1.19s/it][A

 96%|█████████▌| 25/26 [00:28<00:01,  1.19s/it][A

100%|██████████| 26/26 [00:29<00:00,  1.13s/it][A
                                                       

                                               
[A
 40%|████      | 1236/3090 [1:48:54<2:30:32,  4.87s/it]

100%|██████████| 26/26 [00:29<00:00,  1.13s/it][A

                                               [A{'eval_loss': 0.0761202946305275, 'eval_macro_recall': 0.9867692350403405, 'eval_macro_precision': 0.9875698862540967, 'eval_macro_f1': 0.9858786757400986, 'eval_accuracy': 0.9854368932038835, 'eval_micro_recall': 0.9854368932038835, 'eval_micro_precision': 0.9854368932038835, 'eval_micro_f1': 0.9854368932038835, 'eval_runtime': 31.0636, 'eval_samples_per_second': 26.526, 'eval_steps_per_second': 0.837, 'epoch': 12.0}

 40%|████      | 1237/3090 [1:49:03<7:50:41, 15.24s/it]
 40%|████      | 1238/3090 [1:49:08<6:15:01, 12.15s/it]
 40%|████      | 1239/3090 [1:49:13<5:08:10,  9.99s/it]
 40%|████      | 1240/3090 [1:49:17<4:21:19,  8.48s/it]
 40%|████      | 1241/3090 [1:49:22<3:48:28,  7.41s/it]
 40%|████      | 1242/3090 [1:49:27<3:25:31,  6.67s/it]
 40%|████      | 1243/3090 [1:49:32<3:09:28,  6.15s/it]
 40%|████      | 1244/3090 [1:49:37<2:58:09,  5.79s/it]
 40%|████      | 1245/3090 [1:49:42<2:50:13,  5.54s/it]
 40%|████      | 1246/3090 [1:49:47<2:44:38,  5.36s/it]
 40%|████      | 1247/3090 [1:49:52<2:40:43,  5.23s/it]
 40%|████      | 1248/3090 [1:49:57<2:37:57,  5.15s/it]
 40%|████      | 1249/3090 [1:50:02<2:36:01,  5.08s/it]
 40%|████      | 1250/3090 [1:50:07<2:34:36,  5.04s/it]
 40%|████      | 1251/3090 [1:50:12<2:33:39,  5.01s/it]
 41%|████      | 1252/3090 [1:50:17<2:32:56,  4.99s/it]
 41%|████      | 1253/3090 [1:50:22<2:32:28,  4.98s/it]
 41%|████      | 1254/3090 [1:50:27<2:32:02,  4.97s/it]
 41%|████      | 1255/3090 [1:50:32<2:31:41,  4.96s/it]
 41%|████      | 1256/3090 [1:50:37<2:31:24,  4.95s/it]
 41%|████      | 1257/3090 [1:50:42<2:31:11,  4.95s/it]
 41%|████      | 1258/3090 [1:50:46<2:31:01,  4.95s/it]
 41%|████      | 1259/3090 [1:50:51<2:30:53,  4.94s/it]
 41%|████      | 1260/3090 [1:50:56<2:30:45,  4.94s/it]
 41%|████      | 1261/3090 [1:51:01<2:30:42,  4.94s/it]
 41%|████      | 1262/3090 [1:51:06<2:30:35,  4.94s/it]
 41%|████      | 1263/3090 [1:51:11<2:30:28,  4.94s/it]
 41%|████      | 1264/3090 [1:51:16<2:30:22,  4.94s/it]
 41%|████      | 1265/3090 [1:51:21<2:30:16,  4.94s/it]
 41%|████      | 1266/3090 [1:51:26<2:30:12,  4.94s/it]
 41%|████      | 1267/3090 [1:51:31<2:30:35,  4.96s/it]
 41%|████      | 1268/3090 [1:51:36<2:30:21,  4.95s/it]
 41%|████      | 1269/3090 [1:51:41<2:30:10,  4.95s/it]
 41%|████      | 1270/3090 [1:51:46<2:30:00,  4.95s/it]
 41%|████      | 1271/3090 [1:51:51<2:29:52,  4.94s/it]
 41%|████      | 1272/3090 [1:51:56<2:29:44,  4.94s/it]
 41%|████      | 1273/3090 [1:52:01<2:29:39,  4.94s/it]
 41%|████      | 1274/3090 [1:52:06<2:29:34,  4.94s/it]
 41%|████▏     | 1275/3090 [1:52:10<2:29:29,  4.94s/it]
 41%|████▏     | 1276/3090 [1:52:15<2:29:24,  4.94s/it]
 41%|████▏     | 1277/3090 [1:52:20<2:29:19,  4.94s/it]
 41%|████▏     | 1278/3090 [1:52:25<2:29:13,  4.94s/it]
 41%|████▏     | 1279/3090 [1:52:30<2:29:07,  4.94s/it]
 41%|████▏     | 1280/3090 [1:52:35<2:29:01,  4.94s/it]
 41%|████▏     | 1281/3090 [1:52:40<2:28:57,  4.94s/it]
 41%|████▏     | 1282/3090 [1:52:45<2:28:52,  4.94s/it]
 42%|████▏     | 1283/3090 [1:52:50<2:28:45,  4.94s/it]
 42%|████▏     | 1284/3090 [1:52:55<2:28:41,  4.94s/it]
 42%|████▏     | 1285/3090 [1:53:00<2:28:36,  4.94s/it]
 42%|████▏     | 1286/3090 [1:53:05<2:28:33,  4.94s/it]
 42%|████▏     | 1287/3090 [1:53:10<2:28:28,  4.94s/it]
 42%|████▏     | 1288/3090 [1:53:15<2:28:23,  4.94s/it]
 42%|████▏     | 1289/3090 [1:53:20<2:28:18,  4.94s/it]
 42%|████▏     | 1290/3090 [1:53:25<2:28:12,  4.94s/it]
 42%|████▏     | 1291/3090 [1:53:30<2:28:08,  4.94s/it]
 42%|████▏     | 1292/3090 [1:53:34<2:28:03,  4.94s/it]
 42%|████▏     | 1293/3090 [1:53:39<2:27:58,  4.94s/it]
 42%|████▏     | 1294/3090 [1:53:44<2:27:53,  4.94s/it]
 42%|████▏     | 1295/3090 [1:53:49<2:27:47,  4.94s/it]
 42%|████▏     | 1296/3090 [1:53:54<2:27:42,  4.94s/it]
 42%|████▏     | 1297/3090 [1:53:59<2:27:38,  4.94s/it]
 42%|████▏     | 1298/3090 [1:54:04<2:27:33,  4.94s/it]
 42%|████▏     | 1299/3090 [1:54:09<2:27:28,  4.94s/it]
 42%|████▏     | 1300/3090 [1:54:14<2:27:22,  4.94s/it]
 42%|████▏     | 1301/3090 [1:54:19<2:27:18,  4.94s/it]
 42%|████▏     | 1302/3090 [1:54:24<2:27:14,  4.94s/it]
 42%|████▏     | 1303/3090 [1:54:29<2:27:08,  4.94s/it]
 42%|████▏     | 1304/3090 [1:54:34<2:27:03,  4.94s/it]
 42%|████▏     | 1305/3090 [1:54:39<2:27:01,  4.94s/it]
 42%|████▏     | 1306/3090 [1:54:44<2:26:55,  4.94s/it]
 42%|████▏     | 1307/3090 [1:54:49<2:26:51,  4.94s/it]
 42%|████▏     | 1308/3090 [1:54:54<2:26:46,  4.94s/it]
 42%|████▏     | 1309/3090 [1:54:58<2:26:41,  4.94s/it]
 42%|████▏     | 1310/3090 [1:55:03<2:26:36,  4.94s/it]
 42%|████▏     | 1311/3090 [1:55:08<2:26:33,  4.94s/it]
 42%|████▏     | 1312/3090 [1:55:13<2:26:27,  4.94s/it]
 42%|████▏     | 1313/3090 [1:55:18<2:26:22,  4.94s/it]
 43%|████▎     | 1314/3090 [1:55:23<2:26:16,  4.94s/it]
 43%|████▎     | 1315/3090 [1:55:28<2:26:11,  4.94s/it]
 43%|████▎     | 1316/3090 [1:55:33<2:26:06,  4.94s/it]
 43%|████▎     | 1317/3090 [1:55:38<2:26:01,  4.94s/it]
 43%|████▎     | 1318/3090 [1:55:43<2:25:56,  4.94s/it]
 43%|████▎     | 1319/3090 [1:55:48<2:25:50,  4.94s/it]
 43%|████▎     | 1320/3090 [1:55:53<2:25:46,  4.94s/it]
 43%|████▎     | 1321/3090 [1:55:58<2:25:40,  4.94s/it]
 43%|████▎     | 1322/3090 [1:56:03<2:25:35,  4.94s/it]
 43%|████▎     | 1323/3090 [1:56:08<2:25:30,  4.94s/it]
 43%|████▎     | 1324/3090 [1:56:13<2:25:25,  4.94s/it]
 43%|████▎     | 1325/3090 [1:56:18<2:25:20,  4.94s/it]
 43%|████▎     | 1326/3090 [1:56:22<2:25:16,  4.94s/it]
 43%|████▎     | 1327/3090 [1:56:27<2:25:13,  4.94s/it]
 43%|████▎     | 1328/3090 [1:56:32<2:25:07,  4.94s/it]
 43%|████▎     | 1329/3090 [1:56:37<2:25:01,  4.94s/it]
 43%|████▎     | 1330/3090 [1:56:42<2:24:56,  4.94s/it]
 43%|████▎     | 1331/3090 [1:56:47<2:24:51,  4.94s/it]
 43%|████▎     | 1332/3090 [1:56:52<2:24:45,  4.94s/it]
 43%|████▎     | 1333/3090 [1:56:57<2:24:41,  4.94s/it]
 43%|████▎     | 1334/3090 [1:57:02<2:24:36,  4.94s/it]
 43%|████▎     | 1335/3090 [1:57:07<2:24:31,  4.94s/it]
 43%|████▎     | 1336/3090 [1:57:12<2:24:26,  4.94s/it]
 43%|████▎     | 1337/3090 [1:57:17<2:24:21,  4.94s/it]
 43%|████▎     | 1338/3090 [1:57:22<2:24:15,  4.94s/it]
 43%|████▎     | 1339/3090 [1:57:26<2:22:16,  4.88s/it]
                                                       

 43%|████▎     | 1339/3090 [1:57:27<2:22:16,  4.88s/it]{'loss': 0.0327, 'grad_norm': 0.4783875048160553, 'learning_rate': 2.8333333333333335e-05, 'epoch': 13.0}


  0%|          | 0/26 [00:00<?, ?it/s][A

  8%|▊         | 2/26 [00:01<00:14,  1.68it/s][A

 12%|█▏        | 3/26 [00:02<00:19,  1.19it/s][A

 15%|█▌        | 4/26 [00:03<00:21,  1.03it/s][A

 19%|█▉        | 5/26 [00:04<00:22,  1.05s/it][A

 23%|██▎       | 6/26 [00:05<00:21,  1.10s/it][A

 27%|██▋       | 7/26 [00:07<00:21,  1.13s/it][A

 31%|███       | 8/26 [00:08<00:20,  1.15s/it][A

 35%|███▍      | 9/26 [00:09<00:19,  1.16s/it][A

 38%|███▊      | 10/26 [00:10<00:18,  1.17s/it][A

 42%|████▏     | 11/26 [00:11<00:17,  1.18s/it][A

 46%|████▌     | 12/26 [00:13<00:16,  1.18s/it][A

 50%|█████     | 13/26 [00:14<00:15,  1.19s/it][A

 54%|█████▍    | 14/26 [00:15<00:14,  1.19s/it][A

 58%|█████▊    | 15/26 [00:16<00:13,  1.19s/it][A

 62%|██████▏   | 16/26 [00:17<00:11,  1.19s/it][A

 65%|██████▌   | 17/26 [00:19<00:10,  1.19s/it][A

 69%|██████▉   | 18/26 [00:20<00:09,  1.19s/it][A

 73%|███████▎  | 19/26 [00:21<00:08,  1.19s/it][A

 77%|███████▋  | 20/26 [00:22<00:07,  1.19s/it][A

 81%|████████  | 21/26 [00:23<00:05,  1.19s/it][A

 85%|████████▍ | 22/26 [00:25<00:04,  1.19s/it][A

 88%|████████▊ | 23/26 [00:26<00:03,  1.19s/it][A

 92%|█████████▏| 24/26 [00:27<00:02,  1.19s/it][A

 96%|█████████▌| 25/26 [00:28<00:01,  1.19s/it][A

100%|██████████| 26/26 [00:29<00:00,  1.13s/it][A
                                                       

                                               
[A
 43%|████▎     | 1339/3090 [1:57:58<2:22:16,  4.88s/it]

100%|██████████| 26/26 [00:29<00:00,  1.13s/it][A

                                               [A{'eval_loss': 0.07387851178646088, 'eval_macro_recall': 0.9833166934299041, 'eval_macro_precision': 0.9893315908027475, 'eval_macro_f1': 0.984415591634646, 'eval_accuracy': 0.9854368932038835, 'eval_micro_recall': 0.9854368932038835, 'eval_micro_precision': 0.9854368932038835, 'eval_micro_f1': 0.9854368932038835, 'eval_runtime': 31.0524, 'eval_samples_per_second': 26.536, 'eval_steps_per_second': 0.837, 'epoch': 13.0}

 43%|████▎     | 1340/3090 [1:58:06<7:27:47, 15.35s/it]
 43%|████▎     | 1341/3090 [1:58:11<5:56:27, 12.23s/it]
 43%|████▎     | 1342/3090 [1:58:16<4:52:32, 10.04s/it]
 43%|████▎     | 1343/3090 [1:58:21<4:07:48,  8.51s/it]
 43%|████▎     | 1344/3090 [1:58:26<3:36:31,  7.44s/it]
 44%|████▎     | 1345/3090 [1:58:31<3:14:34,  6.69s/it]
 44%|████▎     | 1346/3090 [1:58:36<2:59:10,  6.16s/it]
 44%|████▎     | 1347/3090 [1:58:41<2:48:24,  5.80s/it]
 44%|████▎     | 1348/3090 [1:58:46<2:40:50,  5.54s/it]
 44%|████▎     | 1349/3090 [1:58:51<2:35:31,  5.36s/it]
 44%|████▎     | 1350/3090 [1:58:56<2:31:46,  5.23s/it]
 44%|████▎     | 1351/3090 [1:59:01<2:29:09,  5.15s/it]
 44%|████▍     | 1352/3090 [1:59:06<2:27:15,  5.08s/it]
 44%|████▍     | 1353/3090 [1:59:11<2:25:56,  5.04s/it]
 44%|████▍     | 1354/3090 [1:59:15<2:24:58,  5.01s/it]
 44%|████▍     | 1355/3090 [1:59:20<2:24:15,  4.99s/it]
 44%|████▍     | 1356/3090 [1:59:25<2:23:44,  4.97s/it]
 44%|████▍     | 1357/3090 [1:59:30<2:23:22,  4.96s/it]
 44%|████▍     | 1358/3090 [1:59:35<2:23:05,  4.96s/it]
 44%|████▍     | 1359/3090 [1:59:40<2:22:51,  4.95s/it]
 44%|████▍     | 1360/3090 [1:59:45<2:22:40,  4.95s/it]
 44%|████▍     | 1361/3090 [1:59:50<2:22:30,  4.95s/it]
 44%|████▍     | 1362/3090 [1:59:55<2:22:21,  4.94s/it]
 44%|████▍     | 1363/3090 [2:00:00<2:22:13,  4.94s/it]
 44%|████▍     | 1364/3090 [2:00:05<2:22:07,  4.94s/it]
 44%|████▍     | 1365/3090 [2:00:10<2:22:01,  4.94s/it]
 44%|████▍     | 1366/3090 [2:00:15<2:21:56,  4.94s/it]
 44%|████▍     | 1367/3090 [2:00:20<2:21:50,  4.94s/it]
 44%|████▍     | 1368/3090 [2:00:25<2:21:46,  4.94s/it]
 44%|████▍     | 1369/3090 [2:00:30<2:21:41,  4.94s/it]
 44%|████▍     | 1370/3090 [2:00:34<2:21:36,  4.94s/it]
 44%|████▍     | 1371/3090 [2:00:39<2:21:32,  4.94s/it]
 44%|████▍     | 1372/3090 [2:00:44<2:21:27,  4.94s/it]
 44%|████▍     | 1373/3090 [2:00:49<2:21:21,  4.94s/it]
 44%|████▍     | 1374/3090 [2:00:54<2:21:17,  4.94s/it]
 44%|████▍     | 1375/3090 [2:00:59<2:21:11,  4.94s/it]
 45%|████▍     | 1376/3090 [2:01:04<2:21:07,  4.94s/it]
 45%|████▍     | 1377/3090 [2:01:09<2:21:02,  4.94s/it]
 45%|████▍     | 1378/3090 [2:01:14<2:20:58,  4.94s/it]
 45%|████▍     | 1379/3090 [2:01:19<2:20:52,  4.94s/it]
 45%|████▍     | 1380/3090 [2:01:24<2:20:47,  4.94s/it]
 45%|████▍     | 1381/3090 [2:01:29<2:20:41,  4.94s/it]
 45%|████▍     | 1382/3090 [2:01:34<2:20:36,  4.94s/it]
 45%|████▍     | 1383/3090 [2:01:39<2:20:32,  4.94s/it]
 45%|████▍     | 1384/3090 [2:01:44<2:20:28,  4.94s/it]
 45%|████▍     | 1385/3090 [2:01:49<2:20:23,  4.94s/it]
 45%|████▍     | 1386/3090 [2:01:54<2:20:18,  4.94s/it]
 45%|████▍     | 1387/3090 [2:01:58<2:20:13,  4.94s/it]
 45%|████▍     | 1388/3090 [2:02:03<2:20:08,  4.94s/it]
 45%|████▍     | 1389/3090 [2:02:08<2:20:03,  4.94s/it]
 45%|████▍     | 1390/3090 [2:02:13<2:19:57,  4.94s/it]
 45%|████▌     | 1391/3090 [2:02:18<2:19:52,  4.94s/it]
 45%|████▌     | 1392/3090 [2:02:23<2:19:47,  4.94s/it]
 45%|████▌     | 1393/3090 [2:02:28<2:19:42,  4.94s/it]
 45%|████▌     | 1394/3090 [2:02:33<2:19:37,  4.94s/it]
 45%|████▌     | 1395/3090 [2:02:38<2:19:33,  4.94s/it]
 45%|████▌     | 1396/3090 [2:02:43<2:19:28,  4.94s/it]
 45%|████▌     | 1397/3090 [2:02:48<2:19:23,  4.94s/it]
 45%|████▌     | 1398/3090 [2:02:53<2:19:19,  4.94s/it]
 45%|████▌     | 1399/3090 [2:02:58<2:19:14,  4.94s/it]
 45%|████▌     | 1400/3090 [2:03:03<2:19:08,  4.94s/it]
 45%|████▌     | 1401/3090 [2:03:08<2:19:02,  4.94s/it]
 45%|████▌     | 1402/3090 [2:03:13<2:18:58,  4.94s/it]
 45%|████▌     | 1403/3090 [2:03:18<2:18:53,  4.94s/it]
 45%|████▌     | 1404/3090 [2:03:22<2:18:47,  4.94s/it]
 45%|████▌     | 1405/3090 [2:03:27<2:18:42,  4.94s/it]
 46%|████▌     | 1406/3090 [2:03:32<2:18:37,  4.94s/it]
 46%|████▌     | 1407/3090 [2:03:37<2:18:33,  4.94s/it]
 46%|████▌     | 1408/3090 [2:03:42<2:18:28,  4.94s/it]
 46%|████▌     | 1409/3090 [2:03:47<2:18:23,  4.94s/it]
 46%|████▌     | 1410/3090 [2:03:52<2:18:19,  4.94s/it]
 46%|████▌     | 1411/3090 [2:03:57<2:18:14,  4.94s/it]
 46%|████▌     | 1412/3090 [2:04:02<2:18:10,  4.94s/it]
 46%|████▌     | 1413/3090 [2:04:07<2:18:04,  4.94s/it]
 46%|████▌     | 1414/3090 [2:04:12<2:17:59,  4.94s/it]
 46%|████▌     | 1415/3090 [2:04:17<2:17:53,  4.94s/it]
 46%|████▌     | 1416/3090 [2:04:22<2:17:49,  4.94s/it]
 46%|████▌     | 1417/3090 [2:04:27<2:17:43,  4.94s/it]
 46%|████▌     | 1418/3090 [2:04:32<2:17:39,  4.94s/it]
 46%|████▌     | 1419/3090 [2:04:37<2:17:35,  4.94s/it]
 46%|████▌     | 1420/3090 [2:04:41<2:17:31,  4.94s/it]
 46%|████▌     | 1421/3090 [2:04:46<2:17:24,  4.94s/it]
 46%|████▌     | 1422/3090 [2:04:51<2:17:19,  4.94s/it]
 46%|████▌     | 1423/3090 [2:04:56<2:17:15,  4.94s/it]
 46%|████▌     | 1424/3090 [2:05:01<2:17:10,  4.94s/it]
 46%|████▌     | 1425/3090 [2:05:06<2:17:05,  4.94s/it]
 46%|████▌     | 1426/3090 [2:05:11<2:17:00,  4.94s/it]
 46%|████▌     | 1427/3090 [2:05:16<2:16:55,  4.94s/it]
 46%|████▌     | 1428/3090 [2:05:21<2:16:49,  4.94s/it]
 46%|████▌     | 1429/3090 [2:05:26<2:16:46,  4.94s/it]
 46%|████▋     | 1430/3090 [2:05:31<2:16:40,  4.94s/it]
 46%|████▋     | 1431/3090 [2:05:36<2:16:35,  4.94s/it]
 46%|████▋     | 1432/3090 [2:05:41<2:16:31,  4.94s/it]
 46%|████▋     | 1433/3090 [2:05:46<2:16:25,  4.94s/it]
 46%|████▋     | 1434/3090 [2:05:51<2:16:20,  4.94s/it]
 46%|████▋     | 1435/3090 [2:05:56<2:16:15,  4.94s/it]
 46%|████▋     | 1436/3090 [2:06:01<2:17:36,  4.99s/it]
 47%|████▋     | 1437/3090 [2:06:06<2:17:05,  4.98s/it]
 47%|████▋     | 1438/3090 [2:06:11<2:16:42,  4.97s/it]
 47%|████▋     | 1439/3090 [2:06:16<2:16:25,  4.96s/it]
 47%|████▋     | 1440/3090 [2:06:22<2:27:15,  5.36s/it]
 47%|████▋     | 1441/3090 [2:06:27<2:23:55,  5.24s/it]
 47%|████▋     | 1442/3090 [2:06:32<2:21:00,  5.13s/it]
                                                       

 47%|████▋     | 1442/3090 [2:06:32<2:21:00,  5.13s/it]{'loss': 0.0229, 'grad_norm': 0.1924484521150589, 'learning_rate': 2.6666666666666667e-05, 'epoch': 14.0}


  0%|          | 0/26 [00:00<?, ?it/s][A

  8%|▊         | 2/26 [00:01<00:14,  1.68it/s][A

 12%|█▏        | 3/26 [00:02<00:19,  1.19it/s][A

 15%|█▌        | 4/26 [00:03<00:21,  1.03it/s][A

 19%|█▉        | 5/26 [00:04<00:22,  1.05s/it][A

 23%|██▎       | 6/26 [00:05<00:21,  1.10s/it][A

 27%|██▋       | 7/26 [00:07<00:21,  1.13s/it][A

 31%|███       | 8/26 [00:08<00:20,  1.15s/it][A

 35%|███▍      | 9/26 [00:09<00:20,  1.21s/it][A

 38%|███▊      | 10/26 [00:10<00:19,  1.20s/it][A

 42%|████▏     | 11/26 [00:12<00:17,  1.20s/it][A

 46%|████▌     | 12/26 [00:13<00:16,  1.20s/it][A

 50%|█████     | 13/26 [00:14<00:15,  1.23s/it][A

 54%|█████▍    | 14/26 [00:15<00:14,  1.22s/it][A

 58%|█████▊    | 15/26 [00:16<00:13,  1.21s/it][A

 62%|██████▏   | 16/26 [00:18<00:12,  1.20s/it][A

 65%|██████▌   | 17/26 [00:19<00:10,  1.20s/it][A

 69%|██████▉   | 18/26 [00:20<00:10,  1.30s/it][A

 73%|███████▎  | 19/26 [00:22<00:08,  1.27s/it][A

 77%|███████▋  | 20/26 [00:23<00:07,  1.24s/it][A

 81%|████████  | 21/26 [00:24<00:06,  1.23s/it][A

 85%|████████▍ | 22/26 [00:25<00:04,  1.22s/it][A

 88%|████████▊ | 23/26 [00:26<00:03,  1.21s/it][A

 92%|█████████▏| 24/26 [00:27<00:02,  1.20s/it][A

 96%|█████████▌| 25/26 [00:29<00:01,  1.20s/it][A

100%|██████████| 26/26 [00:31<00:00,  1.41s/it][A
                                                       

                                               
[A
 47%|████▋     | 1442/3090 [2:07:06<2:21:00,  5.13s/it]

100%|██████████| 26/26 [00:31<00:00,  1.41s/it][A

                                               [A{'eval_loss': 0.08319560438394547, 'eval_macro_recall': 0.9836428292823559, 'eval_macro_precision': 0.987486124986125, 'eval_macro_f1': 0.9837693424941953, 'eval_accuracy': 0.9842233009708737, 'eval_micro_recall': 0.9842233009708737, 'eval_micro_precision': 0.9842233009708737, 'eval_micro_f1': 0.9842233009708737, 'eval_runtime': 32.6316, 'eval_samples_per_second': 25.252, 'eval_steps_per_second': 0.797, 'epoch': 14.0}

 47%|████▋     | 1443/3090 [2:07:24<8:47:36, 19.22s/it]
 47%|████▋     | 1444/3090 [2:07:29<6:49:43, 14.94s/it]
 47%|████▋     | 1445/3090 [2:07:34<5:27:14, 11.94s/it]
 47%|████▋     | 1446/3090 [2:07:39<4:29:30,  9.84s/it]
 47%|████▋     | 1447/3090 [2:07:43<3:49:06,  8.37s/it]
 47%|████▋     | 1448/3090 [2:07:48<3:20:48,  7.34s/it]
 47%|████▋     | 1449/3090 [2:07:53<3:00:59,  6.62s/it]
 47%|████▋     | 1450/3090 [2:07:58<2:47:06,  6.11s/it]
 47%|████▋     | 1451/3090 [2:08:03<2:37:21,  5.76s/it]
 47%|████▋     | 1452/3090 [2:08:08<2:30:31,  5.51s/it]
 47%|████▋     | 1453/3090 [2:08:13<2:25:42,  5.34s/it]
 47%|████▋     | 1454/3090 [2:08:18<2:22:18,  5.22s/it]
 47%|████▋     | 1455/3090 [2:08:23<2:19:54,  5.13s/it]
 47%|████▋     | 1456/3090 [2:08:28<2:18:12,  5.08s/it]
 47%|████▋     | 1457/3090 [2:08:33<2:17:00,  5.03s/it]
 47%|████▋     | 1458/3090 [2:08:38<2:16:08,  5.01s/it]
 47%|████▋     | 1459/3090 [2:08:43<2:15:33,  4.99s/it]
 47%|████▋     | 1460/3090 [2:08:48<2:15:04,  4.97s/it]
 47%|████▋     | 1461/3090 [2:08:53<2:14:42,  4.96s/it]
 47%|████▋     | 1462/3090 [2:08:58<2:14:27,  4.96s/it]
 47%|████▋     | 1463/3090 [2:09:02<2:14:13,  4.95s/it]
 47%|████▋     | 1464/3090 [2:09:10<2:36:22,  5.77s/it]
 47%|████▋     | 1465/3090 [2:09:15<2:29:57,  5.54s/it]
 47%|████▋     | 1466/3090 [2:09:20<2:25:00,  5.36s/it]
 47%|████▋     | 1467/3090 [2:09:25<2:21:31,  5.23s/it]
 48%|████▊     | 1468/3090 [2:09:30<2:19:03,  5.14s/it]
 48%|████▊     | 1469/3090 [2:09:35<2:17:16,  5.08s/it]
 48%|████▊     | 1470/3090 [2:09:40<2:16:08,  5.04s/it]
 48%|████▊     | 1471/3090 [2:09:45<2:15:12,  5.01s/it]
 48%|████▊     | 1472/3090 [2:09:50<2:14:31,  4.99s/it]
 48%|████▊     | 1473/3090 [2:09:55<2:14:02,  4.97s/it]
 48%|████▊     | 1474/3090 [2:10:00<2:13:39,  4.96s/it]
 48%|████▊     | 1475/3090 [2:10:05<2:13:22,  4.96s/it]
 48%|████▊     | 1476/3090 [2:10:10<2:13:10,  4.95s/it]
 48%|████▊     | 1477/3090 [2:10:14<2:12:59,  4.95s/it]
 48%|████▊     | 1478/3090 [2:10:22<2:35:44,  5.80s/it]
 48%|████▊     | 1479/3090 [2:10:27<2:29:06,  5.55s/it]
 48%|████▊     | 1480/3090 [2:10:32<2:24:03,  5.37s/it]
 48%|████▊     | 1481/3090 [2:10:40<2:40:04,  5.97s/it]
 48%|████▊     | 1482/3090 [2:10:44<2:31:42,  5.66s/it]
 48%|████▊     | 1483/3090 [2:10:49<2:25:48,  5.44s/it]
 48%|████▊     | 1484/3090 [2:10:54<2:21:38,  5.29s/it]
 48%|████▊     | 1485/3090 [2:10:59<2:18:42,  5.19s/it]
 48%|████▊     | 1486/3090 [2:11:04<2:16:39,  5.11s/it]
 48%|████▊     | 1487/3090 [2:11:09<2:15:10,  5.06s/it]
 48%|████▊     | 1488/3090 [2:11:14<2:14:07,  5.02s/it]
 48%|████▊     | 1489/3090 [2:11:19<2:13:28,  5.00s/it]
 48%|████▊     | 1490/3090 [2:11:24<2:12:53,  4.98s/it]
 48%|████▊     | 1491/3090 [2:11:29<2:12:28,  4.97s/it]
 48%|████▊     | 1492/3090 [2:11:34<2:12:06,  4.96s/it]
 48%|████▊     | 1493/3090 [2:11:39<2:11:51,  4.95s/it]
 48%|████▊     | 1494/3090 [2:11:44<2:11:45,  4.95s/it]
 48%|████▊     | 1495/3090 [2:11:49<2:11:33,  4.95s/it]
 48%|████▊     | 1496/3090 [2:11:54<2:11:23,  4.95s/it]
 48%|████▊     | 1497/3090 [2:11:59<2:11:14,  4.94s/it]
 48%|████▊     | 1498/3090 [2:12:03<2:11:06,  4.94s/it]
 49%|████▊     | 1499/3090 [2:12:08<2:10:59,  4.94s/it]
 49%|████▊     | 1500/3090 [2:12:13<2:10:53,  4.94s/it]
 49%|████▊     | 1501/3090 [2:12:18<2:10:47,  4.94s/it]
 49%|████▊     | 1502/3090 [2:12:23<2:10:42,  4.94s/it]
 49%|████▊     | 1503/3090 [2:12:28<2:10:38,  4.94s/it]
 49%|████▊     | 1504/3090 [2:12:33<2:10:33,  4.94s/it]
 49%|████▊     | 1505/3090 [2:12:38<2:10:28,  4.94s/it]
 49%|████▊     | 1506/3090 [2:12:43<2:10:22,  4.94s/it]
 49%|████▉     | 1507/3090 [2:12:49<2:17:57,  5.23s/it]
 49%|████▉     | 1508/3090 [2:12:54<2:15:34,  5.14s/it]
 49%|████▉     | 1509/3090 [2:12:59<2:13:52,  5.08s/it]
 49%|████▉     | 1510/3090 [2:13:04<2:12:39,  5.04s/it]
 49%|████▉     | 1511/3090 [2:13:09<2:11:47,  5.01s/it]
 49%|████▉     | 1512/3090 [2:13:14<2:11:09,  4.99s/it]
 49%|████▉     | 1513/3090 [2:13:19<2:10:41,  4.97s/it]
 49%|████▉     | 1514/3090 [2:13:23<2:10:20,  4.96s/it]
 49%|████▉     | 1515/3090 [2:13:28<2:10:04,  4.96s/it]
 49%|████▉     | 1516/3090 [2:13:33<2:09:52,  4.95s/it]
 49%|████▉     | 1517/3090 [2:13:38<2:09:40,  4.95s/it]
 49%|████▉     | 1518/3090 [2:13:43<2:09:32,  4.94s/it]
 49%|████▉     | 1519/3090 [2:13:48<2:09:24,  4.94s/it]
 49%|████▉     | 1520/3090 [2:13:55<2:20:28,  5.37s/it]
 49%|████▉     | 1521/3090 [2:13:59<2:17:01,  5.24s/it]
 49%|████▉     | 1522/3090 [2:14:04<2:14:34,  5.15s/it]
 49%|████▉     | 1523/3090 [2:14:09<2:12:49,  5.09s/it]
 49%|████▉     | 1524/3090 [2:14:14<2:11:35,  5.04s/it]
 49%|████▉     | 1525/3090 [2:14:19<2:10:42,  5.01s/it]
 49%|████▉     | 1526/3090 [2:14:24<2:10:03,  4.99s/it]
 49%|████▉     | 1527/3090 [2:14:29<2:09:34,  4.97s/it]
 49%|████▉     | 1528/3090 [2:14:34<2:09:12,  4.96s/it]
 49%|████▉     | 1529/3090 [2:14:39<2:08:55,  4.96s/it]
 50%|████▉     | 1530/3090 [2:14:44<2:08:43,  4.95s/it]
 50%|████▉     | 1531/3090 [2:14:49<2:08:33,  4.95s/it]
 50%|████▉     | 1532/3090 [2:14:54<2:08:23,  4.94s/it]
 50%|████▉     | 1533/3090 [2:14:59<2:08:15,  4.94s/it]
 50%|████▉     | 1534/3090 [2:15:04<2:08:08,  4.94s/it]
 50%|████▉     | 1535/3090 [2:15:09<2:08:02,  4.94s/it]
 50%|████▉     | 1536/3090 [2:15:14<2:07:56,  4.94s/it]
 50%|████▉     | 1537/3090 [2:15:18<2:07:51,  4.94s/it]
 50%|████▉     | 1538/3090 [2:15:23<2:07:46,  4.94s/it]
 50%|████▉     | 1539/3090 [2:15:28<2:07:40,  4.94s/it]
 50%|████▉     | 1540/3090 [2:15:33<2:07:36,  4.94s/it]
 50%|████▉     | 1541/3090 [2:15:39<2:10:32,  5.06s/it]
 50%|████▉     | 1542/3090 [2:15:44<2:09:32,  5.02s/it]
 50%|████▉     | 1543/3090 [2:15:49<2:08:48,  5.00s/it]
 50%|████▉     | 1544/3090 [2:15:53<2:08:17,  4.98s/it]
 50%|█████     | 1545/3090 [2:15:58<2:06:19,  4.91s/it]
                                                       

 50%|█████     | 1545/3090 [2:15:58<2:06:19,  4.91s/it]{'loss': 0.0185, 'grad_norm': 0.049663152545690536, 'learning_rate': 2.5e-05, 'epoch': 15.0}


  0%|          | 0/26 [00:00<?, ?it/s][A

  8%|▊         | 2/26 [00:01<00:14,  1.64it/s][A

 12%|█▏        | 3/26 [00:02<00:19,  1.18it/s][A

 15%|█▌        | 4/26 [00:03<00:21,  1.02it/s][A

 19%|█▉        | 5/26 [00:04<00:22,  1.05s/it][A

 23%|██▎       | 6/26 [00:05<00:21,  1.10s/it][A

 27%|██▋       | 7/26 [00:07<00:21,  1.13s/it][A

 31%|███       | 8/26 [00:08<00:20,  1.15s/it][A

 35%|███▍      | 9/26 [00:09<00:19,  1.16s/it][A

 38%|███▊      | 10/26 [00:10<00:18,  1.17s/it][A

 42%|████▏     | 11/26 [00:11<00:17,  1.18s/it][A

 46%|████▌     | 12/26 [00:13<00:16,  1.18s/it][A

 50%|█████     | 13/26 [00:14<00:15,  1.19s/it][A

 54%|█████▍    | 14/26 [00:15<00:14,  1.19s/it][A

 58%|█████▊    | 15/26 [00:16<00:13,  1.19s/it][A

 62%|██████▏   | 16/26 [00:17<00:11,  1.19s/it][A

 65%|██████▌   | 17/26 [00:19<00:10,  1.19s/it][A

 69%|██████▉   | 18/26 [00:20<00:09,  1.19s/it][A

 73%|███████▎  | 19/26 [00:21<00:08,  1.19s/it][A

 77%|███████▋  | 20/26 [00:22<00:07,  1.19s/it][A

 81%|████████  | 21/26 [00:23<00:05,  1.19s/it][A

 85%|████████▍ | 22/26 [00:25<00:04,  1.19s/it][A

 88%|████████▊ | 23/26 [00:26<00:03,  1.19s/it][A

 92%|█████████▏| 24/26 [00:27<00:02,  1.19s/it][A

 96%|█████████▌| 25/26 [00:28<00:01,  1.19s/it][A

100%|██████████| 26/26 [00:29<00:00,  1.13s/it][A
                                                       

                                               
[A
 50%|█████     | 1545/3090 [2:16:30<2:06:19,  4.91s/it]

100%|██████████| 26/26 [00:29<00:00,  1.13s/it][A

                                               [A{'eval_loss': 0.06913884729146957, 'eval_macro_recall': 0.9940791765608082, 'eval_macro_precision': 0.9934023213628477, 'eval_macro_f1': 0.9933783236262378, 'eval_accuracy': 0.9890776699029126, 'eval_micro_recall': 0.9890776699029126, 'eval_micro_precision': 0.9890776699029126, 'eval_micro_f1': 0.9890776699029126, 'eval_runtime': 31.5164, 'eval_samples_per_second': 26.145, 'eval_steps_per_second': 0.825, 'epoch': 15.0}

 50%|█████     | 1546/3090 [2:16:39<6:43:43, 15.69s/it]
 50%|█████     | 1547/3090 [2:16:44<5:20:31, 12.46s/it]
 50%|█████     | 1548/3090 [2:16:49<4:22:18, 10.21s/it]
 50%|█████     | 1549/3090 [2:16:54<3:41:33,  8.63s/it]
 50%|█████     | 1550/3090 [2:16:59<3:13:01,  7.52s/it]
 50%|█████     | 1551/3090 [2:17:04<2:53:02,  6.75s/it]
 50%|█████     | 1552/3090 [2:17:09<2:39:02,  6.20s/it]
 50%|█████     | 1553/3090 [2:17:14<2:29:15,  5.83s/it]
 50%|█████     | 1554/3090 [2:17:19<2:22:27,  5.56s/it]
 50%|█████     | 1555/3090 [2:17:24<2:17:33,  5.38s/it]
 50%|█████     | 1556/3090 [2:17:28<2:14:06,  5.25s/it]
 50%|█████     | 1557/3090 [2:17:33<2:11:40,  5.15s/it]
 50%|█████     | 1558/3090 [2:17:38<2:09:56,  5.09s/it]
 50%|█████     | 1559/3090 [2:17:43<2:08:43,  5.04s/it]
 50%|█████     | 1560/3090 [2:17:48<2:07:49,  5.01s/it]
 51%|█████     | 1561/3090 [2:17:53<2:07:11,  4.99s/it]
 51%|█████     | 1562/3090 [2:17:58<2:06:42,  4.98s/it]
 51%|█████     | 1563/3090 [2:18:03<2:06:21,  4.96s/it]
 51%|█████     | 1564/3090 [2:18:08<2:06:04,  4.96s/it]
 51%|█████     | 1565/3090 [2:18:13<2:05:50,  4.95s/it]
 51%|█████     | 1566/3090 [2:18:18<2:05:39,  4.95s/it]
 51%|█████     | 1567/3090 [2:18:23<2:05:31,  4.94s/it]
 51%|█████     | 1568/3090 [2:18:28<2:05:23,  4.94s/it]
 51%|█████     | 1569/3090 [2:18:33<2:05:16,  4.94s/it]
 51%|█████     | 1570/3090 [2:18:38<2:05:10,  4.94s/it]
 51%|█████     | 1571/3090 [2:18:43<2:05:05,  4.94s/it]
 51%|█████     | 1572/3090 [2:18:48<2:09:49,  5.13s/it]
 51%|█████     | 1573/3090 [2:18:53<2:08:20,  5.08s/it]
 51%|█████     | 1574/3090 [2:18:58<2:07:12,  5.03s/it]
 51%|█████     | 1575/3090 [2:19:03<2:06:23,  5.01s/it]
 51%|█████     | 1576/3090 [2:19:08<2:05:48,  4.99s/it]
 51%|█████     | 1577/3090 [2:19:13<2:05:22,  4.97s/it]
 51%|█████     | 1578/3090 [2:19:18<2:05:02,  4.96s/it]
 51%|█████     | 1579/3090 [2:19:23<2:04:46,  4.95s/it]
 51%|█████     | 1580/3090 [2:19:28<2:04:34,  4.95s/it]
 51%|█████     | 1581/3090 [2:19:33<2:04:25,  4.95s/it]
 51%|█████     | 1582/3090 [2:19:38<2:04:15,  4.94s/it]
 51%|█████     | 1583/3090 [2:19:42<2:04:08,  4.94s/it]
 51%|█████▏    | 1584/3090 [2:19:47<2:04:02,  4.94s/it]
 51%|█████▏    | 1585/3090 [2:19:52<2:03:55,  4.94s/it]
 51%|█████▏    | 1586/3090 [2:19:57<2:03:50,  4.94s/it]
 51%|█████▏    | 1587/3090 [2:20:02<2:03:45,  4.94s/it]
 51%|█████▏    | 1588/3090 [2:20:07<2:03:39,  4.94s/it]
 51%|█████▏    | 1589/3090 [2:20:12<2:03:33,  4.94s/it]
 51%|█████▏    | 1590/3090 [2:20:17<2:03:28,  4.94s/it]
 51%|█████▏    | 1591/3090 [2:20:22<2:03:23,  4.94s/it]
 52%|█████▏    | 1592/3090 [2:20:27<2:03:18,  4.94s/it]
 52%|█████▏    | 1593/3090 [2:20:32<2:03:13,  4.94s/it]
 52%|█████▏    | 1594/3090 [2:20:37<2:03:09,  4.94s/it]
 52%|█████▏    | 1595/3090 [2:20:42<2:03:03,  4.94s/it]
 52%|█████▏    | 1596/3090 [2:20:47<2:02:58,  4.94s/it]
 52%|█████▏    | 1597/3090 [2:20:52<2:02:53,  4.94s/it]
 52%|█████▏    | 1598/3090 [2:20:57<2:02:47,  4.94s/it]
 52%|█████▏    | 1599/3090 [2:21:01<2:02:43,  4.94s/it]
 52%|█████▏    | 1600/3090 [2:21:06<2:02:39,  4.94s/it]
 52%|█████▏    | 1601/3090 [2:21:11<2:02:35,  4.94s/it]
 52%|█████▏    | 1602/3090 [2:21:16<2:02:30,  4.94s/it]
 52%|█████▏    | 1603/3090 [2:21:21<2:02:25,  4.94s/it]
 52%|█████▏    | 1604/3090 [2:21:26<2:02:19,  4.94s/it]
 52%|█████▏    | 1605/3090 [2:21:31<2:02:15,  4.94s/it]
 52%|█████▏    | 1606/3090 [2:21:36<2:02:09,  4.94s/it]
 52%|█████▏    | 1607/3090 [2:21:41<2:02:04,  4.94s/it]
 52%|█████▏    | 1608/3090 [2:21:46<2:01:59,  4.94s/it]
 52%|█████▏    | 1609/3090 [2:21:51<2:01:54,  4.94s/it]
 52%|█████▏    | 1610/3090 [2:21:56<2:01:49,  4.94s/it]
 52%|█████▏    | 1611/3090 [2:22:01<2:01:44,  4.94s/it]
 52%|█████▏    | 1612/3090 [2:22:06<2:01:39,  4.94s/it]
 52%|█████▏    | 1613/3090 [2:22:11<2:01:34,  4.94s/it]
 52%|█████▏    | 1614/3090 [2:22:16<2:01:29,  4.94s/it]
 52%|█████▏    | 1615/3090 [2:22:20<2:01:24,  4.94s/it]
 52%|█████▏    | 1616/3090 [2:22:25<2:01:18,  4.94s/it]
 52%|█████▏    | 1617/3090 [2:22:30<2:01:14,  4.94s/it]
 52%|█████▏    | 1618/3090 [2:22:35<2:01:10,  4.94s/it]
 52%|█████▏    | 1619/3090 [2:22:40<2:01:05,  4.94s/it]
 52%|█████▏    | 1620/3090 [2:22:45<2:01:00,  4.94s/it]
 52%|█████▏    | 1621/3090 [2:22:50<2:00:54,  4.94s/it]
 52%|█████▏    | 1622/3090 [2:22:55<2:00:50,  4.94s/it]
 53%|█████▎    | 1623/3090 [2:23:00<2:00:45,  4.94s/it]
 53%|█████▎    | 1624/3090 [2:23:05<2:00:41,  4.94s/it]
 53%|█████▎    | 1625/3090 [2:23:10<2:00:35,  4.94s/it]
 53%|█████▎    | 1626/3090 [2:23:15<2:00:30,  4.94s/it]
 53%|█████▎    | 1627/3090 [2:23:20<2:00:25,  4.94s/it]
 53%|█████▎    | 1628/3090 [2:23:25<2:00:20,  4.94s/it]
 53%|█████▎    | 1629/3090 [2:23:30<2:00:15,  4.94s/it]
 53%|█████▎    | 1630/3090 [2:23:35<2:00:10,  4.94s/it]
 53%|█████▎    | 1631/3090 [2:23:40<2:00:05,  4.94s/it]
 53%|█████▎    | 1632/3090 [2:23:44<2:00:00,  4.94s/it]
 53%|█████▎    | 1633/3090 [2:23:49<1:59:56,  4.94s/it]
 53%|█████▎    | 1634/3090 [2:23:54<1:59:50,  4.94s/it]
 53%|█████▎    | 1635/3090 [2:23:59<1:59:46,  4.94s/it]
 53%|█████▎    | 1636/3090 [2:24:04<1:59:41,  4.94s/it]
 53%|█████▎    | 1637/3090 [2:24:09<1:59:36,  4.94s/it]
 53%|█████▎    | 1638/3090 [2:24:14<1:59:31,  4.94s/it]
 53%|█████▎    | 1639/3090 [2:24:19<1:59:26,  4.94s/it]
 53%|█████▎    | 1640/3090 [2:24:24<1:59:20,  4.94s/it]
 53%|█████▎    | 1641/3090 [2:24:29<2:00:35,  4.99s/it]
 53%|█████▎    | 1642/3090 [2:24:34<2:00:09,  4.98s/it]
 53%|█████▎    | 1643/3090 [2:24:39<1:59:46,  4.97s/it]
 53%|█████▎    | 1644/3090 [2:24:44<1:59:29,  4.96s/it]
 53%|█████▎    | 1645/3090 [2:24:49<1:59:14,  4.95s/it]
 53%|█████▎    | 1646/3090 [2:24:54<1:59:04,  4.95s/it]
 53%|█████▎    | 1647/3090 [2:24:59<1:58:54,  4.94s/it]
 53%|█████▎    | 1648/3090 [2:25:03<1:57:08,  4.87s/it]
                                                       

 53%|█████▎    | 1648/3090 [2:25:04<1:57:08,  4.87s/it]{'loss': 0.017, 'grad_norm': 0.030497975647449493, 'learning_rate': 2.3333333333333336e-05, 'epoch': 16.0}


  0%|          | 0/26 [00:00<?, ?it/s][A

  8%|▊         | 2/26 [00:01<00:14,  1.68it/s][A

 12%|█▏        | 3/26 [00:02<00:19,  1.19it/s][A

 15%|█▌        | 4/26 [00:03<00:21,  1.03it/s][A

 19%|█▉        | 5/26 [00:04<00:22,  1.05s/it][A

 23%|██▎       | 6/26 [00:05<00:21,  1.10s/it][A

 27%|██▋       | 7/26 [00:07<00:21,  1.13s/it][A

 31%|███       | 8/26 [00:08<00:20,  1.15s/it][A

 35%|███▍      | 9/26 [00:09<00:19,  1.16s/it][A

 38%|███▊      | 10/26 [00:10<00:18,  1.17s/it][A

 42%|████▏     | 11/26 [00:11<00:17,  1.18s/it][A

 46%|████▌     | 12/26 [00:13<00:16,  1.18s/it][A

 50%|█████     | 13/26 [00:14<00:15,  1.18s/it][A

 54%|█████▍    | 14/26 [00:15<00:14,  1.19s/it][A

 58%|█████▊    | 15/26 [00:16<00:13,  1.19s/it][A

 62%|██████▏   | 16/26 [00:17<00:11,  1.19s/it][A

 65%|██████▌   | 17/26 [00:19<00:10,  1.19s/it][A

 69%|██████▉   | 18/26 [00:20<00:09,  1.19s/it][A

 73%|███████▎  | 19/26 [00:21<00:08,  1.19s/it][A

 77%|███████▋  | 20/26 [00:22<00:07,  1.19s/it][A

 81%|████████  | 21/26 [00:23<00:05,  1.19s/it][A

 85%|████████▍ | 22/26 [00:25<00:04,  1.19s/it][A

 88%|████████▊ | 23/26 [00:26<00:03,  1.19s/it][A

 92%|█████████▏| 24/26 [00:27<00:02,  1.19s/it][A

 96%|█████████▌| 25/26 [00:28<00:01,  1.19s/it][A

100%|██████████| 26/26 [00:29<00:00,  1.13s/it][A
                                                       

                                               
[A
 53%|█████▎    | 1648/3090 [2:25:35<1:57:08,  4.87s/it]

100%|██████████| 26/26 [00:29<00:00,  1.13s/it][A

                                               [A{'eval_loss': 0.0848255455493927, 'eval_macro_recall': 0.9913180185818644, 'eval_macro_precision': 0.9928061524299442, 'eval_macro_f1': 0.9916517767050902, 'eval_accuracy': 0.9854368932038835, 'eval_micro_recall': 0.9854368932038835, 'eval_micro_precision': 0.9854368932038835, 'eval_micro_f1': 0.9854368932038835, 'eval_runtime': 31.6726, 'eval_samples_per_second': 26.016, 'eval_steps_per_second': 0.821, 'epoch': 16.0}

 53%|█████▎    | 1649/3090 [2:25:44<6:12:38, 15.52s/it]
 53%|█████▎    | 1650/3090 [2:25:49<4:56:13, 12.34s/it]
 53%|█████▎    | 1651/3090 [2:25:54<4:02:45, 10.12s/it]
 53%|█████▎    | 1652/3090 [2:25:59<3:25:18,  8.57s/it]
 53%|█████▎    | 1653/3090 [2:26:04<2:59:07,  7.48s/it]
 54%|█████▎    | 1654/3090 [2:26:08<2:40:45,  6.72s/it]
 54%|█████▎    | 1655/3090 [2:26:13<2:27:52,  6.18s/it]
 54%|█████▎    | 1656/3090 [2:26:18<2:18:50,  5.81s/it]
 54%|█████▎    | 1657/3090 [2:26:23<2:12:30,  5.55s/it]
 54%|█████▎    | 1658/3090 [2:26:28<2:08:03,  5.37s/it]
 54%|█████▎    | 1659/3090 [2:26:33<2:04:54,  5.24s/it]
 54%|█████▎    | 1660/3090 [2:26:38<2:02:40,  5.15s/it]
 54%|█████▍    | 1661/3090 [2:26:43<2:01:06,  5.08s/it]
 54%|█████▍    | 1662/3090 [2:26:48<1:59:58,  5.04s/it]
 54%|█████▍    | 1663/3090 [2:26:53<1:59:09,  5.01s/it]
 54%|█████▍    | 1664/3090 [2:26:58<1:58:38,  4.99s/it]
 54%|█████▍    | 1665/3090 [2:27:03<1:58:11,  4.98s/it]
 54%|█████▍    | 1666/3090 [2:27:08<1:57:51,  4.97s/it]
 54%|█████▍    | 1667/3090 [2:27:13<1:57:36,  4.96s/it]
 54%|█████▍    | 1668/3090 [2:27:18<1:57:24,  4.95s/it]
 54%|█████▍    | 1669/3090 [2:27:23<1:57:13,  4.95s/it]
 54%|█████▍    | 1670/3090 [2:27:28<1:57:05,  4.95s/it]
 54%|█████▍    | 1671/3090 [2:27:32<1:56:57,  4.95s/it]
 54%|█████▍    | 1672/3090 [2:27:37<1:56:50,  4.94s/it]
 54%|█████▍    | 1673/3090 [2:27:42<1:56:44,  4.94s/it]
 54%|█████▍    | 1674/3090 [2:27:47<1:56:38,  4.94s/it]
 54%|█████▍    | 1675/3090 [2:27:52<1:56:32,  4.94s/it]
 54%|█████▍    | 1676/3090 [2:27:57<1:56:28,  4.94s/it]
 54%|█████▍    | 1677/3090 [2:28:02<1:56:22,  4.94s/it]
 54%|█████▍    | 1678/3090 [2:28:07<1:56:17,  4.94s/it]
 54%|█████▍    | 1679/3090 [2:28:12<1:56:11,  4.94s/it]
 54%|█████▍    | 1680/3090 [2:28:17<1:56:06,  4.94s/it]
 54%|█████▍    | 1681/3090 [2:28:22<1:56:01,  4.94s/it]
 54%|█████▍    | 1682/3090 [2:28:27<1:55:56,  4.94s/it]
 54%|█████▍    | 1683/3090 [2:28:32<1:55:52,  4.94s/it]
 54%|█████▍    | 1684/3090 [2:28:37<1:55:47,  4.94s/it]
 55%|█████▍    | 1685/3090 [2:28:42<1:55:41,  4.94s/it]
 55%|█████▍    | 1686/3090 [2:28:47<1:55:37,  4.94s/it]
 55%|█████▍    | 1687/3090 [2:28:52<1:55:31,  4.94s/it]
 55%|█████▍    | 1688/3090 [2:28:56<1:55:25,  4.94s/it]
 55%|█████▍    | 1689/3090 [2:29:01<1:55:21,  4.94s/it]
 55%|█████▍    | 1690/3090 [2:29:06<1:55:16,  4.94s/it]
 55%|█████▍    | 1691/3090 [2:29:11<1:55:11,  4.94s/it]
 55%|█████▍    | 1692/3090 [2:29:16<1:55:07,  4.94s/it]
 55%|█████▍    | 1693/3090 [2:29:21<1:55:02,  4.94s/it]
 55%|█████▍    | 1694/3090 [2:29:26<1:54:57,  4.94s/it]
 55%|█████▍    | 1695/3090 [2:29:31<1:54:52,  4.94s/it]
 55%|█████▍    | 1696/3090 [2:29:36<1:54:47,  4.94s/it]
 55%|█████▍    | 1697/3090 [2:29:41<1:54:42,  4.94s/it]
 55%|█████▍    | 1698/3090 [2:29:46<1:54:36,  4.94s/it]
 55%|█████▍    | 1699/3090 [2:29:51<1:54:32,  4.94s/it]
 55%|█████▌    | 1700/3090 [2:29:56<1:54:26,  4.94s/it]
 55%|█████▌    | 1701/3090 [2:30:01<1:54:22,  4.94s/it]
 55%|█████▌    | 1702/3090 [2:30:06<1:54:17,  4.94s/it]
 55%|█████▌    | 1703/3090 [2:30:11<1:54:12,  4.94s/it]
 55%|█████▌    | 1704/3090 [2:30:15<1:54:07,  4.94s/it]
 55%|█████▌    | 1705/3090 [2:30:20<1:54:04,  4.94s/it]
 55%|█████▌    | 1706/3090 [2:30:25<1:53:58,  4.94s/it]
 55%|█████▌    | 1707/3090 [2:30:30<1:53:53,  4.94s/it]
 55%|█████▌    | 1708/3090 [2:30:35<1:53:47,  4.94s/it]
 55%|█████▌    | 1709/3090 [2:30:40<1:53:43,  4.94s/it]
 55%|█████▌    | 1710/3090 [2:30:45<1:53:37,  4.94s/it]
 55%|█████▌    | 1711/3090 [2:30:50<1:53:33,  4.94s/it]
 55%|█████▌    | 1712/3090 [2:30:55<1:53:28,  4.94s/it]
 55%|█████▌    | 1713/3090 [2:31:00<1:53:23,  4.94s/it]
 55%|█████▌    | 1714/3090 [2:31:05<1:53:18,  4.94s/it]
 56%|█████▌    | 1715/3090 [2:31:10<1:53:13,  4.94s/it]
 56%|█████▌    | 1716/3090 [2:31:15<1:53:08,  4.94s/it]
 56%|█████▌    | 1717/3090 [2:31:20<1:53:03,  4.94s/it]
 56%|█████▌    | 1718/3090 [2:31:25<1:52:58,  4.94s/it]
 56%|█████▌    | 1719/3090 [2:31:30<1:52:54,  4.94s/it]
 56%|█████▌    | 1720/3090 [2:31:35<1:52:49,  4.94s/it]
 56%|█████▌    | 1721/3090 [2:31:39<1:52:44,  4.94s/it]
 56%|█████▌    | 1722/3090 [2:31:44<1:52:38,  4.94s/it]
 56%|█████▌    | 1723/3090 [2:31:49<1:52:33,  4.94s/it]
 56%|█████▌    | 1724/3090 [2:31:54<1:52:29,  4.94s/it]
 56%|█████▌    | 1725/3090 [2:31:59<1:52:25,  4.94s/it]
 56%|█████▌    | 1726/3090 [2:32:04<1:52:19,  4.94s/it]
 56%|█████▌    | 1727/3090 [2:32:09<1:52:14,  4.94s/it]
 56%|█████▌    | 1728/3090 [2:32:14<1:52:09,  4.94s/it]
 56%|█████▌    | 1729/3090 [2:32:19<1:52:04,  4.94s/it]
 56%|█████▌    | 1730/3090 [2:32:24<1:51:58,  4.94s/it]
 56%|█████▌    | 1731/3090 [2:32:29<1:51:54,  4.94s/it]
 56%|█████▌    | 1732/3090 [2:32:34<1:51:48,  4.94s/it]
 56%|█████▌    | 1733/3090 [2:32:39<1:51:43,  4.94s/it]
 56%|█████▌    | 1734/3090 [2:32:44<1:51:38,  4.94s/it]
 56%|█████▌    | 1735/3090 [2:32:49<1:51:34,  4.94s/it]
 56%|█████▌    | 1736/3090 [2:32:54<1:51:29,  4.94s/it]
 56%|█████▌    | 1737/3090 [2:32:59<1:51:24,  4.94s/it]
 56%|█████▌    | 1738/3090 [2:33:03<1:51:19,  4.94s/it]
 56%|█████▋    | 1739/3090 [2:33:08<1:51:14,  4.94s/it]
 56%|█████▋    | 1740/3090 [2:33:13<1:51:09,  4.94s/it]
 56%|█████▋    | 1741/3090 [2:33:18<1:51:04,  4.94s/it]
 56%|█████▋    | 1742/3090 [2:33:23<1:51:00,  4.94s/it]
 56%|█████▋    | 1743/3090 [2:33:28<1:50:55,  4.94s/it]
 56%|█████▋    | 1744/3090 [2:33:33<1:50:50,  4.94s/it]
 56%|█████▋    | 1745/3090 [2:33:38<1:50:45,  4.94s/it]
 57%|█████▋    | 1746/3090 [2:33:43<1:50:40,  4.94s/it]
 57%|█████▋    | 1747/3090 [2:33:48<1:50:35,  4.94s/it]
 57%|█████▋    | 1748/3090 [2:33:53<1:50:30,  4.94s/it]
 57%|█████▋    | 1749/3090 [2:33:58<1:50:25,  4.94s/it]
 57%|█████▋    | 1750/3090 [2:34:03<1:50:21,  4.94s/it]
 57%|█████▋    | 1751/3090 [2:34:07<1:48:45,  4.87s/it]
                                                       

 57%|█████▋    | 1751/3090 [2:34:08<1:48:45,  4.87s/it]{'loss': 0.0202, 'grad_norm': 0.044935062527656555, 'learning_rate': 2.1666666666666667e-05, 'epoch': 17.0}


  0%|          | 0/26 [00:00<?, ?it/s][A

  8%|▊         | 2/26 [00:01<00:14,  1.68it/s][A

 12%|█▏        | 3/26 [00:02<00:19,  1.19it/s][A

 15%|█▌        | 4/26 [00:03<00:21,  1.03it/s][A

 19%|█▉        | 5/26 [00:04<00:22,  1.05s/it][A

 23%|██▎       | 6/26 [00:05<00:21,  1.10s/it][A

 27%|██▋       | 7/26 [00:07<00:21,  1.13s/it][A

 31%|███       | 8/26 [00:08<00:20,  1.15s/it][A

 35%|███▍      | 9/26 [00:09<00:19,  1.16s/it][A

 38%|███▊      | 10/26 [00:10<00:18,  1.17s/it][A

 42%|████▏     | 11/26 [00:11<00:17,  1.18s/it][A

 46%|████▌     | 12/26 [00:13<00:16,  1.18s/it][A

 50%|█████     | 13/26 [00:14<00:15,  1.19s/it][A

 54%|█████▍    | 14/26 [00:15<00:14,  1.19s/it][A

 58%|█████▊    | 15/26 [00:16<00:13,  1.19s/it][A

 62%|██████▏   | 16/26 [00:17<00:11,  1.19s/it][A

 65%|██████▌   | 17/26 [00:19<00:10,  1.19s/it][A

 69%|██████▉   | 18/26 [00:20<00:09,  1.19s/it][A

 73%|███████▎  | 19/26 [00:21<00:08,  1.19s/it][A

 77%|███████▋  | 20/26 [00:22<00:07,  1.19s/it][A

 81%|████████  | 21/26 [00:23<00:05,  1.19s/it][A

 85%|████████▍ | 22/26 [00:25<00:04,  1.19s/it][A

 88%|████████▊ | 23/26 [00:26<00:03,  1.19s/it][A

 92%|█████████▏| 24/26 [00:27<00:02,  1.19s/it][A

 96%|█████████▌| 25/26 [00:28<00:01,  1.19s/it][A

100%|██████████| 26/26 [00:29<00:00,  1.13s/it][A
                                                       

                                               
[A
 57%|█████▋    | 1751/3090 [2:34:39<1:48:45,  4.87s/it]

100%|██████████| 26/26 [00:29<00:00,  1.13s/it][A

                                               [A{'eval_loss': 0.08400458097457886, 'eval_macro_recall': 0.9855845203801267, 'eval_macro_precision': 0.9907977791000898, 'eval_macro_f1': 0.9867613908564196, 'eval_accuracy': 0.9854368932038835, 'eval_micro_recall': 0.9854368932038835, 'eval_micro_precision': 0.9854368932038835, 'eval_micro_f1': 0.9854368932038835, 'eval_runtime': 31.0601, 'eval_samples_per_second': 26.529, 'eval_steps_per_second': 0.837, 'epoch': 17.0}

 57%|█████▋    | 1752/3090 [2:34:47<5:40:42, 15.28s/it]
 57%|█████▋    | 1753/3090 [2:34:52<4:31:21, 12.18s/it]
 57%|█████▋    | 1754/3090 [2:34:57<3:42:48, 10.01s/it]
 57%|█████▋    | 1755/3090 [2:35:02<3:08:49,  8.49s/it]
 57%|█████▋    | 1756/3090 [2:35:07<2:45:02,  7.42s/it]
 57%|█████▋    | 1757/3090 [2:35:12<2:28:22,  6.68s/it]
 57%|█████▋    | 1758/3090 [2:35:17<2:16:41,  6.16s/it]
 57%|█████▋    | 1759/3090 [2:35:22<2:08:29,  5.79s/it]
 57%|█████▋    | 1760/3090 [2:35:27<2:02:43,  5.54s/it]
 57%|█████▋    | 1761/3090 [2:35:32<1:58:40,  5.36s/it]
 57%|█████▋    | 1762/3090 [2:35:36<1:55:47,  5.23s/it]
 57%|█████▋    | 1763/3090 [2:35:41<1:53:46,  5.14s/it]
 57%|█████▋    | 1764/3090 [2:35:46<1:52:20,  5.08s/it]
 57%|█████▋    | 1765/3090 [2:35:51<1:51:20,  5.04s/it]
 57%|█████▋    | 1766/3090 [2:35:56<1:50:34,  5.01s/it]
 57%|█████▋    | 1767/3090 [2:36:01<1:50:01,  4.99s/it]
 57%|█████▋    | 1768/3090 [2:36:06<1:49:37,  4.98s/it]
 57%|█████▋    | 1769/3090 [2:36:11<1:49:18,  4.96s/it]
 57%|█████▋    | 1770/3090 [2:36:16<1:49:04,  4.96s/it]
 57%|█████▋    | 1771/3090 [2:36:21<1:48:53,  4.95s/it]
 57%|█████▋    | 1772/3090 [2:36:26<1:48:44,  4.95s/it]
 57%|█████▋    | 1773/3090 [2:36:31<1:48:35,  4.95s/it]
 57%|█████▋    | 1774/3090 [2:36:36<1:48:28,  4.95s/it]
 57%|█████▋    | 1775/3090 [2:36:41<1:48:22,  4.94s/it]
 57%|█████▋    | 1776/3090 [2:36:46<1:48:15,  4.94s/it]
 58%|█████▊    | 1777/3090 [2:36:51<1:48:09,  4.94s/it]
 58%|█████▊    | 1778/3090 [2:36:56<1:48:02,  4.94s/it]
 58%|█████▊    | 1779/3090 [2:37:00<1:47:57,  4.94s/it]
 58%|█████▊    | 1780/3090 [2:37:05<1:47:51,  4.94s/it]
 58%|█████▊    | 1781/3090 [2:37:10<1:47:45,  4.94s/it]
 58%|█████▊    | 1782/3090 [2:37:15<1:47:40,  4.94s/it]
 58%|█████▊    | 1783/3090 [2:37:20<1:47:36,  4.94s/it]
 58%|█████▊    | 1784/3090 [2:37:25<1:47:31,  4.94s/it]
 58%|█████▊    | 1785/3090 [2:37:30<1:47:26,  4.94s/it]
 58%|█████▊    | 1786/3090 [2:37:35<1:47:21,  4.94s/it]
 58%|█████▊    | 1787/3090 [2:37:40<1:47:17,  4.94s/it]
 58%|█████▊    | 1788/3090 [2:37:45<1:47:11,  4.94s/it]
 58%|█████▊    | 1789/3090 [2:37:50<1:47:07,  4.94s/it]
 58%|█████▊    | 1790/3090 [2:37:55<1:47:02,  4.94s/it]
 58%|█████▊    | 1791/3090 [2:38:00<1:46:57,  4.94s/it]
 58%|█████▊    | 1792/3090 [2:38:05<1:46:52,  4.94s/it]
 58%|█████▊    | 1793/3090 [2:38:10<1:46:47,  4.94s/it]
 58%|█████▊    | 1794/3090 [2:38:15<1:46:42,  4.94s/it]
 58%|█████▊    | 1795/3090 [2:38:19<1:46:37,  4.94s/it]
 58%|█████▊    | 1796/3090 [2:38:24<1:46:32,  4.94s/it]
 58%|█████▊    | 1797/3090 [2:38:29<1:46:26,  4.94s/it]
 58%|█████▊    | 1798/3090 [2:38:34<1:46:22,  4.94s/it]
 58%|█████▊    | 1799/3090 [2:38:39<1:46:17,  4.94s/it]
 58%|█████▊    | 1800/3090 [2:38:44<1:46:12,  4.94s/it]
 58%|█████▊    | 1801/3090 [2:38:49<1:46:07,  4.94s/it]
 58%|█████▊    | 1802/3090 [2:38:54<1:46:02,  4.94s/it]
 58%|█████▊    | 1803/3090 [2:38:59<1:45:57,  4.94s/it]
 58%|█████▊    | 1804/3090 [2:39:04<1:45:53,  4.94s/it]
 58%|█████▊    | 1805/3090 [2:39:09<1:45:47,  4.94s/it]
 58%|█████▊    | 1806/3090 [2:39:14<1:45:42,  4.94s/it]
 58%|█████▊    | 1807/3090 [2:39:19<1:45:37,  4.94s/it]
 59%|█████▊    | 1808/3090 [2:39:24<1:45:32,  4.94s/it]
 59%|█████▊    | 1809/3090 [2:39:29<1:45:28,  4.94s/it]
 59%|█████▊    | 1810/3090 [2:39:34<1:45:23,  4.94s/it]
 59%|█████▊    | 1811/3090 [2:39:39<1:45:17,  4.94s/it]
 59%|█████▊    | 1812/3090 [2:39:43<1:45:12,  4.94s/it]
 59%|█████▊    | 1813/3090 [2:39:48<1:45:07,  4.94s/it]
 59%|█████▊    | 1814/3090 [2:39:53<1:45:02,  4.94s/it]
 59%|█████▊    | 1815/3090 [2:39:58<1:44:58,  4.94s/it]
 59%|█████▉    | 1816/3090 [2:40:03<1:44:53,  4.94s/it]
 59%|█████▉    | 1817/3090 [2:40:08<1:44:48,  4.94s/it]
 59%|█████▉    | 1818/3090 [2:40:13<1:44:43,  4.94s/it]
 59%|█████▉    | 1819/3090 [2:40:18<1:44:37,  4.94s/it]
 59%|█████▉    | 1820/3090 [2:40:23<1:44:32,  4.94s/it]
 59%|█████▉    | 1821/3090 [2:40:28<1:44:28,  4.94s/it]
 59%|█████▉    | 1822/3090 [2:40:33<1:44:23,  4.94s/it]
 59%|█████▉    | 1823/3090 [2:40:38<1:44:19,  4.94s/it]
 59%|█████▉    | 1824/3090 [2:40:43<1:44:14,  4.94s/it]
 59%|█████▉    | 1825/3090 [2:40:48<1:44:09,  4.94s/it]
 59%|█████▉    | 1826/3090 [2:40:53<1:44:04,  4.94s/it]
 59%|█████▉    | 1827/3090 [2:40:58<1:43:58,  4.94s/it]
 59%|█████▉    | 1828/3090 [2:41:03<1:43:53,  4.94s/it]
 59%|█████▉    | 1829/3090 [2:41:07<1:43:49,  4.94s/it]
 59%|█████▉    | 1830/3090 [2:41:12<1:43:45,  4.94s/it]
 59%|█████▉    | 1831/3090 [2:41:17<1:43:39,  4.94s/it]
 59%|█████▉    | 1832/3090 [2:41:22<1:43:34,  4.94s/it]
 59%|█████▉    | 1833/3090 [2:41:27<1:43:29,  4.94s/it]
 59%|█████▉    | 1834/3090 [2:41:32<1:43:24,  4.94s/it]
 59%|█████▉    | 1835/3090 [2:41:37<1:43:20,  4.94s/it]
 59%|█████▉    | 1836/3090 [2:41:42<1:43:14,  4.94s/it]
 59%|█████▉    | 1837/3090 [2:41:47<1:43:09,  4.94s/it]
 59%|█████▉    | 1838/3090 [2:41:52<1:43:04,  4.94s/it]
 60%|█████▉    | 1839/3090 [2:41:57<1:43:00,  4.94s/it]
 60%|█████▉    | 1840/3090 [2:42:02<1:42:54,  4.94s/it]
 60%|█████▉    | 1841/3090 [2:42:07<1:42:50,  4.94s/it]
 60%|█████▉    | 1842/3090 [2:42:12<1:42:45,  4.94s/it]
 60%|█████▉    | 1843/3090 [2:42:17<1:42:40,  4.94s/it]
 60%|█████▉    | 1844/3090 [2:42:22<1:42:35,  4.94s/it]
 60%|█████▉    | 1845/3090 [2:42:26<1:42:29,  4.94s/it]
 60%|█████▉    | 1846/3090 [2:42:31<1:42:25,  4.94s/it]
 60%|█████▉    | 1847/3090 [2:42:36<1:42:19,  4.94s/it]
 60%|█████▉    | 1848/3090 [2:42:41<1:42:14,  4.94s/it]
 60%|█████▉    | 1849/3090 [2:42:46<1:42:09,  4.94s/it]
 60%|█████▉    | 1850/3090 [2:42:51<1:42:04,  4.94s/it]
 60%|█████▉    | 1851/3090 [2:42:56<1:42:00,  4.94s/it]
 60%|█████▉    | 1852/3090 [2:43:01<1:41:54,  4.94s/it]
 60%|█████▉    | 1853/3090 [2:43:06<1:41:49,  4.94s/it]
 60%|██████    | 1854/3090 [2:43:11<1:40:23,  4.87s/it]
                                                       

 60%|██████    | 1854/3090 [2:43:11<1:40:23,  4.87s/it]{'loss': 0.0188, 'grad_norm': 0.1181195005774498, 'learning_rate': 2e-05, 'epoch': 18.0}


  0%|          | 0/26 [00:00<?, ?it/s][A

  8%|▊         | 2/26 [00:01<00:14,  1.68it/s][A

 12%|█▏        | 3/26 [00:02<00:19,  1.19it/s][A

 15%|█▌        | 4/26 [00:03<00:21,  1.03it/s][A

 19%|█▉        | 5/26 [00:04<00:22,  1.05s/it][A

 23%|██▎       | 6/26 [00:05<00:21,  1.10s/it][A

 27%|██▋       | 7/26 [00:07<00:21,  1.13s/it][A

 31%|███       | 8/26 [00:08<00:20,  1.15s/it][A

 35%|███▍      | 9/26 [00:09<00:19,  1.16s/it][A

 38%|███▊      | 10/26 [00:10<00:18,  1.17s/it][A

 42%|████▏     | 11/26 [00:11<00:17,  1.18s/it][A

 46%|████▌     | 12/26 [00:13<00:16,  1.18s/it][A

 50%|█████     | 13/26 [00:14<00:15,  1.18s/it][A

 54%|█████▍    | 14/26 [00:15<00:14,  1.19s/it][A

 58%|█████▊    | 15/26 [00:16<00:13,  1.19s/it][A

 62%|██████▏   | 16/26 [00:17<00:11,  1.19s/it][A

 65%|██████▌   | 17/26 [00:19<00:10,  1.19s/it][A

 69%|██████▉   | 18/26 [00:20<00:09,  1.19s/it][A

 73%|███████▎  | 19/26 [00:21<00:08,  1.19s/it][A

 77%|███████▋  | 20/26 [00:22<00:07,  1.19s/it][A

 81%|████████  | 21/26 [00:23<00:05,  1.19s/it][A

 85%|████████▍ | 22/26 [00:25<00:04,  1.19s/it][A

 88%|████████▊ | 23/26 [00:26<00:03,  1.19s/it][A

 92%|█████████▏| 24/26 [00:27<00:02,  1.19s/it][A

 96%|█████████▌| 25/26 [00:28<00:01,  1.19s/it][A

100%|██████████| 26/26 [00:29<00:00,  1.13s/it][A
                                                       

                                               
[A
 60%|██████    | 1854/3090 [2:43:42<1:40:23,  4.87s/it]

100%|██████████| 26/26 [00:29<00:00,  1.13s/it][A

                                               [A{'eval_loss': 0.07607272267341614, 'eval_macro_recall': 0.9863515240963137, 'eval_macro_precision': 0.993329640082611, 'eval_macro_f1': 0.9883796618298527, 'eval_accuracy': 0.9878640776699029, 'eval_micro_recall': 0.9878640776699029, 'eval_micro_precision': 0.9878640776699029, 'eval_micro_f1': 0.9878640776699029, 'eval_runtime': 31.0344, 'eval_samples_per_second': 26.551, 'eval_steps_per_second': 0.838, 'epoch': 18.0}

 60%|██████    | 1855/3090 [2:43:50<5:13:05, 15.21s/it]
 60%|██████    | 1856/3090 [2:43:55<4:09:27, 12.13s/it]
 60%|██████    | 1857/3090 [2:44:00<3:24:55,  9.97s/it]
 60%|██████    | 1858/3090 [2:44:05<2:53:45,  8.46s/it]
 60%|██████    | 1859/3090 [2:44:10<2:31:55,  7.41s/it]
 60%|██████    | 1860/3090 [2:44:15<2:16:38,  6.67s/it]
 60%|██████    | 1861/3090 [2:44:20<2:05:57,  6.15s/it]
 60%|██████    | 1862/3090 [2:44:25<1:58:26,  5.79s/it]
 60%|██████    | 1863/3090 [2:44:30<1:53:09,  5.53s/it]
 60%|██████    | 1864/3090 [2:44:35<1:49:26,  5.36s/it]
 60%|██████    | 1865/3090 [2:44:39<1:46:47,  5.23s/it]
 60%|██████    | 1866/3090 [2:44:44<1:44:55,  5.14s/it]
 60%|██████    | 1867/3090 [2:44:49<1:43:36,  5.08s/it]
 60%|██████    | 1868/3090 [2:44:54<1:42:38,  5.04s/it]
 60%|██████    | 1869/3090 [2:44:59<1:41:57,  5.01s/it]
 61%|██████    | 1870/3090 [2:45:04<1:41:26,  4.99s/it]
 61%|██████    | 1871/3090 [2:45:09<1:41:04,  4.97s/it]
 61%|██████    | 1872/3090 [2:45:14<1:40:47,  4.96s/it]
 61%|██████    | 1873/3090 [2:45:19<1:40:33,  4.96s/it]
 61%|██████    | 1874/3090 [2:45:24<1:40:21,  4.95s/it]
 61%|██████    | 1875/3090 [2:45:29<1:40:11,  4.95s/it]
 61%|██████    | 1876/3090 [2:45:34<1:40:05,  4.95s/it]
 61%|██████    | 1877/3090 [2:45:39<1:39:57,  4.94s/it]
 61%|██████    | 1878/3090 [2:45:44<1:39:51,  4.94s/it]
 61%|██████    | 1879/3090 [2:45:49<1:39:44,  4.94s/it]
 61%|██████    | 1880/3090 [2:45:54<1:39:38,  4.94s/it]
 61%|██████    | 1881/3090 [2:45:58<1:39:33,  4.94s/it]
 61%|██████    | 1882/3090 [2:46:03<1:39:27,  4.94s/it]
 61%|██████    | 1883/3090 [2:46:08<1:39:23,  4.94s/it]
 61%|██████    | 1884/3090 [2:46:13<1:39:18,  4.94s/it]
 61%|██████    | 1885/3090 [2:46:18<1:39:12,  4.94s/it]
 61%|██████    | 1886/3090 [2:46:23<1:39:07,  4.94s/it]
 61%|██████    | 1887/3090 [2:46:28<1:39:02,  4.94s/it]
 61%|██████    | 1888/3090 [2:46:33<1:38:57,  4.94s/it]
 61%|██████    | 1889/3090 [2:46:38<1:38:52,  4.94s/it]
 61%|██████    | 1890/3090 [2:46:43<1:38:48,  4.94s/it]
 61%|██████    | 1891/3090 [2:46:48<1:38:43,  4.94s/it]
 61%|██████    | 1892/3090 [2:46:53<1:38:37,  4.94s/it]
 61%|██████▏   | 1893/3090 [2:46:58<1:38:33,  4.94s/it]
 61%|██████▏   | 1894/3090 [2:47:03<1:38:28,  4.94s/it]
 61%|██████▏   | 1895/3090 [2:47:08<1:38:23,  4.94s/it]
 61%|██████▏   | 1896/3090 [2:47:13<1:38:18,  4.94s/it]
 61%|██████▏   | 1897/3090 [2:47:18<1:38:13,  4.94s/it]
 61%|██████▏   | 1898/3090 [2:47:22<1:38:08,  4.94s/it]
 61%|██████▏   | 1899/3090 [2:47:27<1:38:03,  4.94s/it]
 61%|██████▏   | 1900/3090 [2:47:32<1:37:58,  4.94s/it]
 62%|██████▏   | 1901/3090 [2:47:37<1:37:53,  4.94s/it]
 62%|██████▏   | 1902/3090 [2:47:42<1:37:48,  4.94s/it]
 62%|██████▏   | 1903/3090 [2:47:47<1:37:43,  4.94s/it]
 62%|██████▏   | 1904/3090 [2:47:52<1:37:38,  4.94s/it]
 62%|██████▏   | 1905/3090 [2:47:57<1:37:34,  4.94s/it]
 62%|██████▏   | 1906/3090 [2:48:02<1:37:30,  4.94s/it]
 62%|██████▏   | 1907/3090 [2:48:07<1:37:24,  4.94s/it]
 62%|██████▏   | 1908/3090 [2:48:12<1:37:19,  4.94s/it]
 62%|██████▏   | 1909/3090 [2:48:17<1:37:13,  4.94s/it]
 62%|██████▏   | 1910/3090 [2:48:22<1:37:08,  4.94s/it]
 62%|██████▏   | 1911/3090 [2:48:27<1:37:03,  4.94s/it]
 62%|██████▏   | 1912/3090 [2:48:32<1:36:59,  4.94s/it]
 62%|██████▏   | 1913/3090 [2:48:37<1:36:54,  4.94s/it]
 62%|██████▏   | 1914/3090 [2:48:42<1:36:49,  4.94s/it]
 62%|██████▏   | 1915/3090 [2:48:46<1:36:45,  4.94s/it]
 62%|██████▏   | 1916/3090 [2:48:51<1:36:41,  4.94s/it]
 62%|██████▏   | 1917/3090 [2:48:56<1:36:35,  4.94s/it]
 62%|██████▏   | 1918/3090 [2:49:01<1:36:31,  4.94s/it]
 62%|██████▏   | 1919/3090 [2:49:06<1:36:25,  4.94s/it]
 62%|██████▏   | 1920/3090 [2:49:11<1:36:20,  4.94s/it]
 62%|██████▏   | 1921/3090 [2:49:16<1:36:14,  4.94s/it]
 62%|██████▏   | 1922/3090 [2:49:21<1:36:10,  4.94s/it]
 62%|██████▏   | 1923/3090 [2:49:26<1:36:05,  4.94s/it]
 62%|██████▏   | 1924/3090 [2:49:31<1:36:00,  4.94s/it]
 62%|██████▏   | 1925/3090 [2:49:36<1:35:55,  4.94s/it]
 62%|██████▏   | 1926/3090 [2:49:41<1:35:50,  4.94s/it]
 62%|██████▏   | 1927/3090 [2:49:46<1:35:45,  4.94s/it]
 62%|██████▏   | 1928/3090 [2:49:51<1:35:39,  4.94s/it]
 62%|██████▏   | 1929/3090 [2:49:56<1:35:34,  4.94s/it]
 62%|██████▏   | 1930/3090 [2:50:01<1:35:30,  4.94s/it]
 62%|██████▏   | 1931/3090 [2:50:06<1:35:25,  4.94s/it]
 63%|██████▎   | 1932/3090 [2:50:10<1:35:20,  4.94s/it]
 63%|██████▎   | 1933/3090 [2:50:15<1:35:15,  4.94s/it]
 63%|██████▎   | 1934/3090 [2:50:20<1:35:11,  4.94s/it]
 63%|██████▎   | 1935/3090 [2:50:25<1:35:06,  4.94s/it]
 63%|██████▎   | 1936/3090 [2:50:30<1:35:01,  4.94s/it]
 63%|██████▎   | 1937/3090 [2:50:35<1:34:56,  4.94s/it]
 63%|██████▎   | 1938/3090 [2:50:40<1:34:51,  4.94s/it]
 63%|██████▎   | 1939/3090 [2:50:45<1:34:46,  4.94s/it]
 63%|██████▎   | 1940/3090 [2:50:50<1:34:41,  4.94s/it]
 63%|██████▎   | 1941/3090 [2:50:55<1:34:37,  4.94s/it]
 63%|██████▎   | 1942/3090 [2:51:00<1:34:31,  4.94s/it]
 63%|██████▎   | 1943/3090 [2:51:05<1:34:26,  4.94s/it]
 63%|██████▎   | 1944/3090 [2:51:10<1:34:21,  4.94s/it]
 63%|██████▎   | 1945/3090 [2:51:15<1:34:16,  4.94s/it]
 63%|██████▎   | 1946/3090 [2:51:20<1:34:12,  4.94s/it]
 63%|██████▎   | 1947/3090 [2:51:25<1:34:06,  4.94s/it]
 63%|██████▎   | 1948/3090 [2:51:29<1:34:01,  4.94s/it]
 63%|██████▎   | 1949/3090 [2:51:34<1:33:56,  4.94s/it]
 63%|██████▎   | 1950/3090 [2:51:39<1:33:51,  4.94s/it]
 63%|██████▎   | 1951/3090 [2:51:44<1:33:46,  4.94s/it]
 63%|██████▎   | 1952/3090 [2:51:49<1:33:41,  4.94s/it]
 63%|██████▎   | 1953/3090 [2:51:54<1:33:36,  4.94s/it]
 63%|██████▎   | 1954/3090 [2:51:59<1:33:31,  4.94s/it]
 63%|██████▎   | 1955/3090 [2:52:04<1:33:26,  4.94s/it]
 63%|██████▎   | 1956/3090 [2:52:09<1:33:21,  4.94s/it]
 63%|██████▎   | 1957/3090 [2:52:14<1:32:01,  4.87s/it]
                                                       

 63%|██████▎   | 1957/3090 [2:52:14<1:32:01,  4.87s/it]{'loss': 0.0142, 'grad_norm': 0.027858374640345573, 'learning_rate': 1.8333333333333333e-05, 'epoch': 19.0}


  0%|          | 0/26 [00:00<?, ?it/s][A

  8%|▊         | 2/26 [00:01<00:14,  1.68it/s][A

 12%|█▏        | 3/26 [00:02<00:19,  1.19it/s][A

 15%|█▌        | 4/26 [00:03<00:21,  1.03it/s][A

 19%|█▉        | 5/26 [00:04<00:22,  1.05s/it][A

 23%|██▎       | 6/26 [00:05<00:21,  1.10s/it][A

 27%|██▋       | 7/26 [00:07<00:21,  1.13s/it][A

 31%|███       | 8/26 [00:08<00:20,  1.15s/it][A

 35%|███▍      | 9/26 [00:09<00:19,  1.16s/it][A

 38%|███▊      | 10/26 [00:10<00:18,  1.17s/it][A

 42%|████▏     | 11/26 [00:11<00:17,  1.18s/it][A

 46%|████▌     | 12/26 [00:13<00:16,  1.18s/it][A

 50%|█████     | 13/26 [00:14<00:15,  1.18s/it][A

 54%|█████▍    | 14/26 [00:15<00:14,  1.19s/it][A

 58%|█████▊    | 15/26 [00:16<00:13,  1.19s/it][A

 62%|██████▏   | 16/26 [00:17<00:11,  1.19s/it][A

 65%|██████▌   | 17/26 [00:19<00:10,  1.19s/it][A

 69%|██████▉   | 18/26 [00:20<00:09,  1.19s/it][A

 73%|███████▎  | 19/26 [00:21<00:08,  1.19s/it][A

 77%|███████▋  | 20/26 [00:22<00:07,  1.19s/it][A

 81%|████████  | 21/26 [00:23<00:05,  1.19s/it][A

 85%|████████▍ | 22/26 [00:25<00:04,  1.19s/it][A

 88%|████████▊ | 23/26 [00:26<00:03,  1.19s/it][A

 92%|█████████▏| 24/26 [00:27<00:02,  1.19s/it][A

 96%|█████████▌| 25/26 [00:28<00:01,  1.19s/it][A

100%|██████████| 26/26 [00:29<00:00,  1.13s/it][A
                                                       

                                               
[A
 63%|██████▎   | 1957/3090 [2:52:45<1:32:01,  4.87s/it]

100%|██████████| 26/26 [00:29<00:00,  1.13s/it][A

                                               [A{'eval_loss': 0.0731692686676979, 'eval_macro_recall': 0.9926791801063652, 'eval_macro_precision': 0.9937091116461274, 'eval_macro_f1': 0.9928411552778358, 'eval_accuracy': 0.9890776699029126, 'eval_micro_recall': 0.9890776699029126, 'eval_micro_precision': 0.9890776699029126, 'eval_micro_f1': 0.9890776699029126, 'eval_runtime': 31.0276, 'eval_samples_per_second': 26.557, 'eval_steps_per_second': 0.838, 'epoch': 19.0}

 63%|██████▎   | 1958/3090 [2:52:53<4:47:56, 15.26s/it]
 63%|██████▎   | 1959/3090 [2:52:58<3:49:18, 12.16s/it]
 63%|██████▎   | 1960/3090 [2:53:03<3:08:17, 10.00s/it]
 63%|██████▎   | 1961/3090 [2:53:08<2:39:34,  8.48s/it]
 63%|██████▎   | 1962/3090 [2:53:13<2:19:27,  7.42s/it]
 64%|██████▎   | 1963/3090 [2:53:18<2:05:22,  6.67s/it]
 64%|██████▎   | 1964/3090 [2:53:23<1:55:29,  6.15s/it]
 64%|██████▎   | 1965/3090 [2:53:28<1:48:33,  5.79s/it]
 64%|██████▎   | 1966/3090 [2:53:33<1:43:40,  5.53s/it]
 64%|██████▎   | 1967/3090 [2:53:38<1:40:14,  5.36s/it]
 64%|██████▎   | 1968/3090 [2:53:43<1:37:49,  5.23s/it]
 64%|██████▎   | 1969/3090 [2:53:48<1:36:07,  5.14s/it]
 64%|██████▍   | 1970/3090 [2:53:53<1:34:53,  5.08s/it]
 64%|██████▍   | 1971/3090 [2:53:57<1:34:00,  5.04s/it]
 64%|██████▍   | 1972/3090 [2:54:02<1:33:21,  5.01s/it]
 64%|██████▍   | 1973/3090 [2:54:07<1:32:53,  4.99s/it]
 64%|██████▍   | 1974/3090 [2:54:12<1:32:31,  4.97s/it]
 64%|██████▍   | 1975/3090 [2:54:17<1:32:15,  4.96s/it]
 64%|██████▍   | 1976/3090 [2:54:22<1:32:01,  4.96s/it]
 64%|██████▍   | 1977/3090 [2:54:27<1:31:51,  4.95s/it]
 64%|██████▍   | 1978/3090 [2:54:32<1:31:42,  4.95s/it]
 64%|██████▍   | 1979/3090 [2:54:37<1:31:34,  4.95s/it]
 64%|██████▍   | 1980/3090 [2:54:42<1:31:27,  4.94s/it]
 64%|██████▍   | 1981/3090 [2:54:47<1:31:21,  4.94s/it]
 64%|██████▍   | 1982/3090 [2:54:52<1:31:16,  4.94s/it]
 64%|██████▍   | 1983/3090 [2:54:57<1:31:10,  4.94s/it]
 64%|██████▍   | 1984/3090 [2:55:02<1:31:05,  4.94s/it]
 64%|██████▍   | 1985/3090 [2:55:07<1:31:00,  4.94s/it]
 64%|██████▍   | 1986/3090 [2:55:12<1:30:54,  4.94s/it]
 64%|██████▍   | 1987/3090 [2:55:16<1:30:49,  4.94s/it]
 64%|██████▍   | 1988/3090 [2:55:21<1:30:44,  4.94s/it]
 64%|██████▍   | 1989/3090 [2:55:26<1:30:38,  4.94s/it]
 64%|██████▍   | 1990/3090 [2:55:31<1:30:34,  4.94s/it]
 64%|██████▍   | 1991/3090 [2:55:36<1:30:29,  4.94s/it]
 64%|██████▍   | 1992/3090 [2:55:41<1:30:24,  4.94s/it]
 64%|██████▍   | 1993/3090 [2:55:46<1:30:19,  4.94s/it]
 65%|██████▍   | 1994/3090 [2:55:51<1:30:14,  4.94s/it]
 65%|██████▍   | 1995/3090 [2:55:56<1:30:09,  4.94s/it]
 65%|██████▍   | 1996/3090 [2:56:01<1:30:03,  4.94s/it]
 65%|██████▍   | 1997/3090 [2:56:06<1:29:59,  4.94s/it]
 65%|██████▍   | 1998/3090 [2:56:11<1:29:54,  4.94s/it]
 65%|██████▍   | 1999/3090 [2:56:16<1:29:49,  4.94s/it]
 65%|██████▍   | 2000/3090 [2:56:21<1:29:44,  4.94s/it]
 65%|██████▍   | 2001/3090 [2:56:26<1:29:39,  4.94s/it]
 65%|██████▍   | 2002/3090 [2:56:31<1:29:34,  4.94s/it]
 65%|██████▍   | 2003/3090 [2:56:36<1:29:29,  4.94s/it]
 65%|██████▍   | 2004/3090 [2:56:40<1:29:24,  4.94s/it]
 65%|██████▍   | 2005/3090 [2:56:45<1:29:19,  4.94s/it]
 65%|██████▍   | 2006/3090 [2:56:50<1:29:14,  4.94s/it]
 65%|██████▍   | 2007/3090 [2:56:55<1:29:09,  4.94s/it]
 65%|██████▍   | 2008/3090 [2:57:00<1:29:05,  4.94s/it]
 65%|██████▌   | 2009/3090 [2:57:05<1:29:00,  4.94s/it]
 65%|██████▌   | 2010/3090 [2:57:10<1:29:26,  4.97s/it]
 65%|██████▌   | 2011/3090 [2:57:15<1:29:11,  4.96s/it]
 65%|██████▌   | 2012/3090 [2:57:20<1:29:00,  4.95s/it]
 65%|██████▌   | 2013/3090 [2:57:25<1:28:51,  4.95s/it]
 65%|██████▌   | 2014/3090 [2:57:30<1:28:43,  4.95s/it]
 65%|██████▌   | 2015/3090 [2:57:35<1:28:35,  4.94s/it]
 65%|██████▌   | 2016/3090 [2:57:40<1:28:28,  4.94s/it]
 65%|██████▌   | 2017/3090 [2:57:45<1:28:22,  4.94s/it]
 65%|██████▌   | 2018/3090 [2:57:50<1:28:16,  4.94s/it]
 65%|██████▌   | 2019/3090 [2:57:55<1:28:11,  4.94s/it]
 65%|██████▌   | 2020/3090 [2:58:00<1:28:05,  4.94s/it]
 65%|██████▌   | 2021/3090 [2:58:05<1:28:01,  4.94s/it]
 65%|██████▌   | 2022/3090 [2:58:09<1:27:56,  4.94s/it]
 65%|██████▌   | 2023/3090 [2:58:14<1:27:51,  4.94s/it]
 66%|██████▌   | 2024/3090 [2:58:19<1:27:45,  4.94s/it]
 66%|██████▌   | 2025/3090 [2:58:24<1:27:40,  4.94s/it]
 66%|██████▌   | 2026/3090 [2:58:29<1:27:36,  4.94s/it]
 66%|██████▌   | 2027/3090 [2:58:34<1:27:31,  4.94s/it]
 66%|██████▌   | 2028/3090 [2:58:39<1:27:26,  4.94s/it]
 66%|██████▌   | 2029/3090 [2:58:44<1:27:21,  4.94s/it]
 66%|██████▌   | 2030/3090 [2:58:49<1:27:16,  4.94s/it]
 66%|██████▌   | 2031/3090 [2:58:54<1:27:11,  4.94s/it]
 66%|██████▌   | 2032/3090 [2:58:59<1:27:07,  4.94s/it]
 66%|██████▌   | 2033/3090 [2:59:04<1:27:01,  4.94s/it]
 66%|██████▌   | 2034/3090 [2:59:09<1:26:56,  4.94s/it]
 66%|██████▌   | 2035/3090 [2:59:14<1:26:52,  4.94s/it]
 66%|██████▌   | 2036/3090 [2:59:19<1:26:47,  4.94s/it]
 66%|██████▌   | 2037/3090 [2:59:24<1:26:41,  4.94s/it]
 66%|██████▌   | 2038/3090 [2:59:29<1:26:37,  4.94s/it]
 66%|██████▌   | 2039/3090 [2:59:33<1:26:32,  4.94s/it]
 66%|██████▌   | 2040/3090 [2:59:38<1:26:27,  4.94s/it]
 66%|██████▌   | 2041/3090 [2:59:43<1:26:22,  4.94s/it]
 66%|██████▌   | 2042/3090 [2:59:48<1:26:17,  4.94s/it]
 66%|██████▌   | 2043/3090 [2:59:53<1:26:12,  4.94s/it]
 66%|██████▌   | 2044/3090 [2:59:58<1:26:08,  4.94s/it]
 66%|██████▌   | 2045/3090 [3:00:03<1:26:03,  4.94s/it]
 66%|██████▌   | 2046/3090 [3:00:08<1:25:58,  4.94s/it]
 66%|██████▌   | 2047/3090 [3:00:13<1:25:53,  4.94s/it]
 66%|██████▋   | 2048/3090 [3:00:18<1:25:48,  4.94s/it]
 66%|██████▋   | 2049/3090 [3:00:23<1:25:43,  4.94s/it]
 66%|██████▋   | 2050/3090 [3:00:28<1:25:37,  4.94s/it]
 66%|██████▋   | 2051/3090 [3:00:33<1:25:33,  4.94s/it]
 66%|██████▋   | 2052/3090 [3:00:38<1:25:28,  4.94s/it]
 66%|██████▋   | 2053/3090 [3:00:43<1:25:23,  4.94s/it]
 66%|██████▋   | 2054/3090 [3:00:48<1:25:18,  4.94s/it]
 67%|██████▋   | 2055/3090 [3:00:53<1:25:13,  4.94s/it]
 67%|██████▋   | 2056/3090 [3:00:57<1:25:08,  4.94s/it]
 67%|██████▋   | 2057/3090 [3:01:02<1:25:02,  4.94s/it]
 67%|██████▋   | 2058/3090 [3:01:07<1:24:57,  4.94s/it]
 67%|██████▋   | 2059/3090 [3:01:12<1:24:52,  4.94s/it]
 67%|██████▋   | 2060/3090 [3:01:17<1:23:55,  4.89s/it]
                                                       

 67%|██████▋   | 2060/3090 [3:01:17<1:23:55,  4.89s/it]{'loss': 0.0137, 'grad_norm': 0.1824062019586563, 'learning_rate': 1.6666666666666667e-05, 'epoch': 20.0}


  0%|          | 0/26 [00:00<?, ?it/s][A

  8%|▊         | 2/26 [00:01<00:14,  1.68it/s][A

 12%|█▏        | 3/26 [00:02<00:19,  1.19it/s][A

 15%|█▌        | 4/26 [00:03<00:21,  1.03it/s][A

 19%|█▉        | 5/26 [00:04<00:22,  1.05s/it][A

 23%|██▎       | 6/26 [00:05<00:21,  1.10s/it][A

 27%|██▋       | 7/26 [00:07<00:21,  1.13s/it][A

 31%|███       | 8/26 [00:08<00:20,  1.15s/it][A

 35%|███▍      | 9/26 [00:09<00:19,  1.16s/it][A

 38%|███▊      | 10/26 [00:10<00:18,  1.17s/it][A

 42%|████▏     | 11/26 [00:11<00:17,  1.18s/it][A

 46%|████▌     | 12/26 [00:13<00:16,  1.18s/it][A

 50%|█████     | 13/26 [00:14<00:15,  1.18s/it][A

 54%|█████▍    | 14/26 [00:15<00:14,  1.19s/it][A

 58%|█████▊    | 15/26 [00:16<00:13,  1.19s/it][A

 62%|██████▏   | 16/26 [00:17<00:11,  1.19s/it][A

 65%|██████▌   | 17/26 [00:19<00:10,  1.19s/it][A

 69%|██████▉   | 18/26 [00:20<00:09,  1.19s/it][A

 73%|███████▎  | 19/26 [00:21<00:08,  1.19s/it][A

 77%|███████▋  | 20/26 [00:22<00:07,  1.19s/it][A

 81%|████████  | 21/26 [00:23<00:05,  1.19s/it][A

 85%|████████▍ | 22/26 [00:25<00:04,  1.19s/it][A

 88%|████████▊ | 23/26 [00:26<00:03,  1.19s/it][A

 92%|█████████▏| 24/26 [00:27<00:02,  1.19s/it][A

 96%|█████████▌| 25/26 [00:28<00:01,  1.19s/it][A

100%|██████████| 26/26 [00:29<00:00,  1.13s/it][A
                                                       

                                               
[A
 67%|██████▋   | 2060/3090 [3:01:48<1:23:55,  4.89s/it]

100%|██████████| 26/26 [00:29<00:00,  1.13s/it][A

                                               [A
                                                       

 67%|██████▋   | 2060/3090 [3:01:52<1:23:55,  4.89s/it]
 67%|██████▋   | 2060/3090 [3:01:52<1:30:56,  5.30s/it]
2025-04-11 19:11:28.511 | INFO     | __main__:fine_tune:230 - Training time: 10912.93 seconds
{'eval_loss': 0.07582824677228928, 'eval_macro_recall': 0.9927280423149373, 'eval_macro_precision': 0.9913871216502796, 'eval_macro_f1': 0.9917179134141376, 'eval_accuracy': 0.9878640776699029, 'eval_micro_recall': 0.9878640776699029, 'eval_micro_precision': 0.9878640776699029, 'eval_micro_f1': 0.9878640776699029, 'eval_runtime': 31.3119, 'eval_samples_per_second': 26.316, 'eval_steps_per_second': 0.83, 'epoch': 20.0}
{'train_runtime': 10912.6022, 'train_samples_per_second': 9.056, 'train_steps_per_second': 0.283, 'train_loss': 0.23953906725911261, 'epoch': 20.0}

  0%|          | 0/26 [00:00<?, ?it/s]
  8%|▊         | 2/26 [00:01<00:14,  1.68it/s]
 12%|█▏        | 3/26 [00:02<00:19,  1.19it/s]
 15%|█▌        | 4/26 [00:03<00:21,  1.03it/s]
 19%|█▉        | 5/26 [00:04<00:22,  1.05s/it]
 23%|██▎       | 6/26 [00:05<00:21,  1.10s/it]
 27%|██▋       | 7/26 [00:07<00:21,  1.13s/it]
 31%|███       | 8/26 [00:08<00:20,  1.15s/it]
 35%|███▍      | 9/26 [00:09<00:19,  1.16s/it]
 38%|███▊      | 10/26 [00:10<00:18,  1.17s/it]
 42%|████▏     | 11/26 [00:11<00:17,  1.18s/it]
 46%|████▌     | 12/26 [00:13<00:16,  1.18s/it]
 50%|█████     | 13/26 [00:14<00:15,  1.18s/it]
 54%|█████▍    | 14/26 [00:15<00:14,  1.19s/it]
 58%|█████▊    | 15/26 [00:16<00:13,  1.19s/it]
 62%|██████▏   | 16/26 [00:17<00:11,  1.19s/it]
 65%|██████▌   | 17/26 [00:19<00:10,  1.19s/it]
 69%|██████▉   | 18/26 [00:20<00:09,  1.19s/it]
 73%|███████▎  | 19/26 [00:21<00:08,  1.19s/it]
 77%|███████▋  | 20/26 [00:22<00:07,  1.19s/it]
 81%|████████  | 21/26 [00:23<00:05,  1.19s/it]
 85%|████████▍ | 22/26 [00:25<00:04,  1.19s/it]
 88%|████████▊ | 23/26 [00:26<00:03,  1.19s/it]
 92%|█████████▏| 24/26 [00:27<00:02,  1.19s/it]
 96%|█████████▌| 25/26 [00:28<00:01,  1.19s/it]
100%|██████████| 26/26 [00:29<00:00,  1.14s/it]
100%|██████████| 26/26 [00:29<00:00,  1.14s/it]
2025-04-11 19:11:59.606 | INFO     | __main__:fine_tune:236 - Prediction time: 31.09 seconds
2025-04-11 19:11:59.610 | INFO     | __main__:CV_run:413 - Fold 1, Final Eval Metrics: loss: 0.08, macro_recall: 0.99, macro_precision: 0.99, macro_f1: 0.99, accuracy: 0.99, micro_recall: 0.99, micro_precision: 0.99, micro_f1: 0.99, runtime: 31.31, samples_per_second: 26.32, steps_per_second: 0.83
2025-04-11 19:11:59.616 | INFO     | __main__:CV_run:351 - Starting fold 2
Some weights of LongformerForSequenceClassification were not initialized from the model checkpoint at allenai/longformer-base-4096 and are newly initialized: ['classifier.dense.bias', 'classifier.dense.weight', 'classifier.out_proj.bias', 'classifier.out_proj.weight']
You should probably TRAIN this model on a down-stream task to be able to use it for predictions and inference.
2025-04-11 19:12:01.494 | INFO     | __main__:CV_run:403 - Starting fine-tuning with cross-entropy loss
2025-04-11 19:12:01.495 | INFO     | __main__:fine_tune:153 - Gradient accumulation steps: 4
Eval results: defaultdict(<class 'list'>, {'loss': [1.2016441822052002, 0.5310144424438477, 0.29237914085388184, 0.1714964210987091, 0.14735090732574463, 0.13091742992401123, 0.10350014269351959, 0.08693931251764297, 0.09627137333154678, 0.1045110821723938, 0.08941785246133804, 0.0761202946305275, 0.07387851178646088, 0.08319560438394547, 0.06913884729146957, 0.0848255455493927, 0.08400458097457886, 0.07607272267341614, 0.0731692686676979, 0.07582824677228928], 'macro_recall': [0.5731132852415013, 0.7742420352579387, 0.8426236145789305, 0.9068073109994689, 0.9613057365505262, 0.9562281387097705, 0.9695390740942085, 0.9685048240127717, 0.9584733350339141, 0.9633774221748433, 0.9540769273480327, 0.9867692350403405, 0.9833166934299041, 0.9836428292823559, 0.9940791765608082, 0.9913180185818644, 0.9855845203801267, 0.9863515240963137, 0.9926791801063652, 0.9927280423149373], 'macro_precision': [0.5580009122070068, 0.7382258026088543, 0.8173988387661156, 0.9229826951684919, 0.9563202992359932, 0.9639182060833354, 0.9643155141472155, 0.9670172444112359, 0.9594769234795736, 0.9642364925748814, 0.9484342740630044, 0.9875698862540967, 0.9893315908027475, 0.987486124986125, 0.9934023213628477, 0.9928061524299442, 0.9907977791000898, 0.993329640082611, 0.9937091116461274, 0.9913871216502796], 'macro_f1': [0.5361946472078335, 0.7375042912404145, 0.8161198602171613, 0.90322703533548, 0.9547861224644811, 0.9541331487202163, 0.9648758890794312, 0.9673311850093329, 0.9578979752443434, 0.9628754713991983, 0.9500627510982543, 0.9858786757400986, 0.984415591634646, 0.9837693424941953, 0.9933783236262378, 0.9916517767050902, 0.9867613908564196, 0.9883796618298527, 0.9928411552778358, 0.9917179134141376], 'accuracy': [0.7864077669902912, 0.9016990291262136, 0.9211165048543689, 0.9538834951456311, 0.9672330097087378, 0.970873786407767, 0.9733009708737864, 0.9805825242718447, 0.9769417475728155, 0.9781553398058253, 0.9745145631067961, 0.9854368932038835, 0.9854368932038835, 0.9842233009708737, 0.9890776699029126, 0.9854368932038835, 0.9854368932038835, 0.9878640776699029, 0.9890776699029126, 0.9878640776699029], 'micro_recall': [0.7864077669902912, 0.9016990291262136, 0.9211165048543689, 0.9538834951456311, 0.9672330097087378, 0.970873786407767, 0.9733009708737864, 0.9805825242718447, 0.9769417475728155, 0.9781553398058253, 0.9745145631067961, 0.9854368932038835, 0.9854368932038835, 0.9842233009708737, 0.9890776699029126, 0.9854368932038835, 0.9854368932038835, 0.9878640776699029, 0.9890776699029126, 0.9878640776699029], 'micro_precision': [0.7864077669902912, 0.9016990291262136, 0.9211165048543689, 0.9538834951456311, 0.9672330097087378, 0.970873786407767, 0.9733009708737864, 0.9805825242718447, 0.9769417475728155, 0.9781553398058253, 0.9745145631067961, 0.9854368932038835, 0.9854368932038835, 0.9842233009708737, 0.9890776699029126, 0.9854368932038835, 0.9854368932038835, 0.9878640776699029, 0.9890776699029126, 0.9878640776699029], 'micro_f1': [0.7864077669902912, 0.9016990291262136, 0.9211165048543689, 0.9538834951456311, 0.9672330097087378, 0.970873786407767, 0.9733009708737864, 0.9805825242718447, 0.9769417475728155, 0.9781553398058253, 0.9745145631067961, 0.9854368932038835, 0.9854368932038835, 0.9842233009708737, 0.9890776699029126, 0.9854368932038835, 0.9854368932038835, 0.9878640776699029, 0.9890776699029126, 0.9878640776699029], 'runtime': [31.4535, 31.0328, 31.0653, 31.0308, 31.0207, 31.1651, 31.0478, 31.8958, 31.5629, 31.0907, 31.0401, 31.0636, 31.0524, 32.6316, 31.5164, 31.6726, 31.0601, 31.0344, 31.0276, 31.3119], 'samples_per_second': [26.197, 26.553, 26.525, 26.554, 26.563, 26.44, 26.54, 25.834, 26.107, 26.503, 26.546, 26.526, 26.536, 25.252, 26.145, 26.016, 26.529, 26.551, 26.557, 26.316], 'steps_per_second': [0.827, 0.838, 0.837, 0.838, 0.838, 0.834, 0.837, 0.815, 0.824, 0.836, 0.838, 0.837, 0.837, 0.797, 0.825, 0.821, 0.837, 0.838, 0.838, 0.83]})

  0%|          | 0/3090 [00:00<?, ?it/s]
  0%|          | 1/3090 [00:05<4:35:57,  5.36s/it]
  0%|          | 2/3090 [00:10<4:23:39,  5.12s/it]
  0%|          | 3/3090 [00:15<4:19:14,  5.04s/it]
  0%|          | 4/3090 [00:20<4:17:05,  5.00s/it]
  0%|          | 5/3090 [00:25<4:15:55,  4.98s/it]
  0%|          | 6/3090 [00:30<4:15:07,  4.96s/it]
  0%|          | 7/3090 [00:35<4:14:35,  4.95s/it]
  0%|          | 8/3090 [00:39<4:14:17,  4.95s/it]
  0%|          | 9/3090 [00:44<4:13:59,  4.95s/it]
  0%|          | 10/3090 [00:49<4:13:51,  4.95s/it]
  0%|          | 11/3090 [00:54<4:13:40,  4.94s/it]
  0%|          | 12/3090 [00:59<4:13:32,  4.94s/it]
  0%|          | 13/3090 [01:04<4:13:25,  4.94s/it]
  0%|          | 14/3090 [01:09<4:13:17,  4.94s/it]
  0%|          | 15/3090 [01:14<4:13:10,  4.94s/it]
  1%|          | 16/3090 [01:19<4:13:04,  4.94s/it]
  1%|          | 17/3090 [01:24<4:12:59,  4.94s/it]
  1%|          | 18/3090 [01:29<4:12:54,  4.94s/it]
  1%|          | 19/3090 [01:34<4:12:51,  4.94s/it]
  1%|          | 20/3090 [01:39<4:12:48,  4.94s/it]
  1%|          | 21/3090 [01:44<4:12:40,  4.94s/it]
  1%|          | 22/3090 [01:49<4:12:33,  4.94s/it]
  1%|          | 23/3090 [01:54<4:12:26,  4.94s/it]
  1%|          | 24/3090 [01:58<4:12:21,  4.94s/it]
  1%|          | 25/3090 [02:03<4:12:17,  4.94s/it]
  1%|          | 26/3090 [02:08<4:12:10,  4.94s/it]
  1%|          | 27/3090 [02:13<4:12:04,  4.94s/it]
  1%|          | 28/3090 [02:18<4:11:58,  4.94s/it]
  1%|          | 29/3090 [02:23<4:11:54,  4.94s/it]
  1%|          | 30/3090 [02:28<4:11:53,  4.94s/it]
  1%|          | 31/3090 [02:33<4:11:51,  4.94s/it]
  1%|          | 32/3090 [02:38<4:11:46,  4.94s/it]
  1%|          | 33/3090 [02:43<4:11:35,  4.94s/it]
  1%|          | 34/3090 [02:48<4:11:31,  4.94s/it]
  1%|          | 35/3090 [02:53<4:11:25,  4.94s/it]
  1%|          | 36/3090 [02:58<4:11:25,  4.94s/it]
  1%|          | 37/3090 [03:03<4:11:19,  4.94s/it]
  1%|          | 38/3090 [03:08<4:11:13,  4.94s/it]
  1%|▏         | 39/3090 [03:13<4:11:08,  4.94s/it]
  1%|▏         | 40/3090 [03:17<4:11:03,  4.94s/it]
  1%|▏         | 41/3090 [03:22<4:10:57,  4.94s/it]
  1%|▏         | 42/3090 [03:27<4:10:51,  4.94s/it]
  1%|▏         | 43/3090 [03:32<4:10:45,  4.94s/it]
  1%|▏         | 44/3090 [03:37<4:10:42,  4.94s/it]
  1%|▏         | 45/3090 [03:42<4:10:37,  4.94s/it]
  1%|▏         | 46/3090 [03:47<4:10:30,  4.94s/it]
  2%|▏         | 47/3090 [03:52<4:10:26,  4.94s/it]
  2%|▏         | 48/3090 [03:57<4:10:21,  4.94s/it]
  2%|▏         | 49/3090 [04:02<4:10:18,  4.94s/it]
  2%|▏         | 50/3090 [04:07<4:10:11,  4.94s/it]
  2%|▏         | 51/3090 [04:12<4:10:07,  4.94s/it]
  2%|▏         | 52/3090 [04:17<4:10:02,  4.94s/it]
  2%|▏         | 53/3090 [04:22<4:09:56,  4.94s/it]
  2%|▏         | 54/3090 [04:27<4:09:49,  4.94s/it]
  2%|▏         | 55/3090 [04:32<4:09:46,  4.94s/it]
  2%|▏         | 56/3090 [04:37<4:09:40,  4.94s/it]
  2%|▏         | 57/3090 [04:41<4:09:37,  4.94s/it]
  2%|▏         | 58/3090 [04:46<4:09:32,  4.94s/it]
  2%|▏         | 59/3090 [04:51<4:09:27,  4.94s/it]
  2%|▏         | 60/3090 [04:56<4:09:23,  4.94s/it]
  2%|▏         | 61/3090 [05:01<4:09:18,  4.94s/it]
  2%|▏         | 62/3090 [05:06<4:09:14,  4.94s/it]
  2%|▏         | 63/3090 [05:11<4:09:08,  4.94s/it]
  2%|▏         | 64/3090 [05:16<4:09:03,  4.94s/it]
  2%|▏         | 65/3090 [05:21<4:08:57,  4.94s/it]
  2%|▏         | 66/3090 [05:26<4:08:50,  4.94s/it]
  2%|▏         | 67/3090 [05:31<4:08:45,  4.94s/it]
  2%|▏         | 68/3090 [05:36<4:08:49,  4.94s/it]
  2%|▏         | 69/3090 [05:41<4:08:43,  4.94s/it]
  2%|▏         | 70/3090 [05:46<4:08:39,  4.94s/it]
  2%|▏         | 71/3090 [05:51<4:08:36,  4.94s/it]
  2%|▏         | 72/3090 [05:56<4:08:31,  4.94s/it]
  2%|▏         | 73/3090 [06:00<4:08:27,  4.94s/it]
  2%|▏         | 74/3090 [06:05<4:08:22,  4.94s/it]
  2%|▏         | 75/3090 [06:10<4:08:17,  4.94s/it]
  2%|▏         | 76/3090 [06:15<4:08:10,  4.94s/it]
  2%|▏         | 77/3090 [06:20<4:08:04,  4.94s/it]
  3%|▎         | 78/3090 [06:25<4:07:58,  4.94s/it]
  3%|▎         | 79/3090 [06:30<4:07:53,  4.94s/it]
  3%|▎         | 80/3090 [06:35<4:07:47,  4.94s/it]
  3%|▎         | 81/3090 [06:40<4:07:42,  4.94s/it]
  3%|▎         | 82/3090 [06:45<4:07:36,  4.94s/it]
  3%|▎         | 83/3090 [06:50<4:07:31,  4.94s/it]
  3%|▎         | 84/3090 [06:55<4:07:26,  4.94s/it]
  3%|▎         | 85/3090 [07:00<4:07:22,  4.94s/it]
  3%|▎         | 86/3090 [07:05<4:07:17,  4.94s/it]
  3%|▎         | 87/3090 [07:10<4:07:10,  4.94s/it]
  3%|▎         | 88/3090 [07:15<4:07:07,  4.94s/it]
  3%|▎         | 89/3090 [07:20<4:07:02,  4.94s/it]
  3%|▎         | 90/3090 [07:24<4:06:59,  4.94s/it]
  3%|▎         | 91/3090 [07:29<4:06:54,  4.94s/it]
  3%|▎         | 92/3090 [07:34<4:06:48,  4.94s/it]
  3%|▎         | 93/3090 [07:39<4:06:43,  4.94s/it]
  3%|▎         | 94/3090 [07:44<4:06:37,  4.94s/it]
  3%|▎         | 95/3090 [07:49<4:06:33,  4.94s/it]
  3%|▎         | 96/3090 [07:54<4:06:26,  4.94s/it]
  3%|▎         | 97/3090 [07:59<4:06:22,  4.94s/it]
  3%|▎         | 98/3090 [08:04<4:06:17,  4.94s/it]
  3%|▎         | 99/3090 [08:09<4:06:14,  4.94s/it]
  3%|▎         | 100/3090 [08:14<4:06:09,  4.94s/it]
  3%|▎         | 101/3090 [08:19<4:06:04,  4.94s/it]
  3%|▎         | 102/3090 [08:24<4:05:59,  4.94s/it]
  3%|▎         | 103/3090 [08:28<4:02:47,  4.88s/it]
                                                    

  3%|▎         | 103/3090 [08:28<4:02:47,  4.88s/it]{'loss': 2.593, 'grad_norm': 4.379826545715332, 'learning_rate': 4.8333333333333334e-05, 'epoch': 1.0}


  0%|          | 0/26 [00:00<?, ?it/s][A

  8%|▊         | 2/26 [00:01<00:14,  1.68it/s][A

 12%|█▏        | 3/26 [00:02<00:19,  1.19it/s][A

 15%|█▌        | 4/26 [00:03<00:21,  1.03it/s][A

 19%|█▉        | 5/26 [00:04<00:22,  1.05s/it][A

 23%|██▎       | 6/26 [00:05<00:21,  1.10s/it][A

 27%|██▋       | 7/26 [00:07<00:21,  1.13s/it][A

 31%|███       | 8/26 [00:08<00:20,  1.15s/it][A

 35%|███▍      | 9/26 [00:09<00:19,  1.16s/it][A

 38%|███▊      | 10/26 [00:10<00:18,  1.17s/it][A

 42%|████▏     | 11/26 [00:11<00:17,  1.18s/it][A

 46%|████▌     | 12/26 [00:13<00:16,  1.18s/it][A

 50%|█████     | 13/26 [00:14<00:15,  1.18s/it][A

 54%|█████▍    | 14/26 [00:15<00:14,  1.19s/it][A

 58%|█████▊    | 15/26 [00:16<00:13,  1.19s/it][A

 62%|██████▏   | 16/26 [00:17<00:11,  1.19s/it][A

 65%|██████▌   | 17/26 [00:19<00:10,  1.19s/it][A

 69%|██████▉   | 18/26 [00:20<00:09,  1.19s/it][A

 73%|███████▎  | 19/26 [00:21<00:08,  1.19s/it][A

 77%|███████▋  | 20/26 [00:22<00:07,  1.19s/it][A

 81%|████████  | 21/26 [00:23<00:05,  1.19s/it][A

 85%|████████▍ | 22/26 [00:25<00:04,  1.19s/it][A

 88%|████████▊ | 23/26 [00:26<00:03,  1.23s/it][A

 92%|█████████▏| 24/26 [00:27<00:02,  1.22s/it][A

 96%|█████████▌| 25/26 [00:28<00:01,  1.21s/it][A

100%|██████████| 26/26 [00:29<00:00,  1.15s/it][A

                                               
[A
                                                    

100%|██████████| 26/26 [00:29<00:00,  1.15s/it][A
  3%|▎         | 103/3090 [09:00<4:02:47,  4.88s/it]

                                               [A{'eval_loss': 1.2148188352584839, 'eval_macro_recall': 0.6614205155746509, 'eval_macro_precision': 0.591748624284112, 'eval_macro_f1': 0.6161596112993164, 'eval_accuracy': 0.8191747572815534, 'eval_micro_recall': 0.8191747572815534, 'eval_micro_precision': 0.8191747572815534, 'eval_micro_f1': 0.8191747572815534, 'eval_runtime': 31.1753, 'eval_samples_per_second': 26.431, 'eval_steps_per_second': 0.834, 'epoch': 1.0}

  3%|▎         | 104/3090 [09:09<12:49:31, 15.46s/it]
  3%|▎         | 105/3090 [09:14<10:12:11, 12.31s/it]
  3%|▎         | 106/3090 [09:18<8:22:06, 10.10s/it] 
  3%|▎         | 107/3090 [09:23<7:05:01,  8.55s/it]
  3%|▎         | 108/3090 [09:28<6:11:03,  7.47s/it]
  4%|▎         | 109/3090 [09:33<5:33:15,  6.71s/it]
  4%|▎         | 110/3090 [09:38<5:06:47,  6.18s/it]
  4%|▎         | 111/3090 [09:43<4:48:14,  5.81s/it]
  4%|▎         | 112/3090 [09:48<4:35:14,  5.55s/it]
  4%|▎         | 113/3090 [09:53<4:26:06,  5.36s/it]
  4%|▎         | 114/3090 [09:58<4:19:42,  5.24s/it]
  4%|▎         | 115/3090 [10:03<4:15:16,  5.15s/it]
  4%|▍         | 116/3090 [10:08<4:12:05,  5.09s/it]
  4%|▍         | 117/3090 [10:13<4:09:50,  5.04s/it]
  4%|▍         | 118/3090 [10:18<4:08:14,  5.01s/it]
  4%|▍         | 119/3090 [10:23<4:07:04,  4.99s/it]
  4%|▍         | 120/3090 [10:28<4:06:14,  4.97s/it]
  4%|▍         | 121/3090 [10:33<4:05:37,  4.96s/it]
  4%|▍         | 122/3090 [10:38<4:05:11,  4.96s/it]
  4%|▍         | 123/3090 [10:42<4:04:51,  4.95s/it]
  4%|▍         | 124/3090 [10:47<4:04:33,  4.95s/it]
  4%|▍         | 125/3090 [10:52<4:04:23,  4.95s/it]
  4%|▍         | 126/3090 [10:57<4:04:12,  4.94s/it]
  4%|▍         | 127/3090 [11:02<4:04:03,  4.94s/it]
  4%|▍         | 128/3090 [11:07<4:03:56,  4.94s/it]
  4%|▍         | 129/3090 [11:12<4:03:51,  4.94s/it]
  4%|▍         | 130/3090 [11:17<4:03:42,  4.94s/it]
  4%|▍         | 131/3090 [11:22<4:03:43,  4.94s/it]
  4%|▍         | 132/3090 [11:27<4:03:36,  4.94s/it]
  4%|▍         | 133/3090 [11:32<4:03:35,  4.94s/it]
  4%|▍         | 134/3090 [11:37<4:07:21,  5.02s/it]
  4%|▍         | 135/3090 [11:42<4:06:07,  5.00s/it]
  4%|▍         | 136/3090 [11:47<4:05:16,  4.98s/it]
  4%|▍         | 137/3090 [11:52<4:04:33,  4.97s/it]
  4%|▍         | 138/3090 [11:57<4:04:02,  4.96s/it]
  4%|▍         | 139/3090 [12:02<4:03:39,  4.95s/it]
  5%|▍         | 140/3090 [12:07<4:03:20,  4.95s/it]
  5%|▍         | 141/3090 [12:12<4:03:05,  4.95s/it]
  5%|▍         | 142/3090 [12:17<4:02:54,  4.94s/it]
  5%|▍         | 143/3090 [12:22<4:02:46,  4.94s/it]
  5%|▍         | 144/3090 [12:26<4:02:38,  4.94s/it]
  5%|▍         | 145/3090 [12:31<4:02:31,  4.94s/it]
  5%|▍         | 146/3090 [12:36<4:02:24,  4.94s/it]
  5%|▍         | 147/3090 [12:41<4:02:18,  4.94s/it]
  5%|▍         | 148/3090 [12:46<4:02:11,  4.94s/it]
  5%|▍         | 149/3090 [12:51<4:02:08,  4.94s/it]
  5%|▍         | 150/3090 [12:56<4:02:38,  4.95s/it]
  5%|▍         | 151/3090 [13:01<4:02:43,  4.96s/it]
  5%|▍         | 152/3090 [13:06<4:02:24,  4.95s/it]
  5%|▍         | 153/3090 [13:11<4:02:40,  4.96s/it]
  5%|▍         | 154/3090 [13:16<4:04:21,  4.99s/it]
  5%|▌         | 155/3090 [13:21<4:03:26,  4.98s/it]
  5%|▌         | 156/3090 [13:26<4:02:48,  4.97s/it]
  5%|▌         | 157/3090 [13:31<4:02:20,  4.96s/it]
  5%|▌         | 158/3090 [13:36<4:02:00,  4.95s/it]
  5%|▌         | 159/3090 [13:41<4:01:44,  4.95s/it]
  5%|▌         | 160/3090 [13:46<4:01:32,  4.95s/it]
  5%|▌         | 161/3090 [13:51<4:01:21,  4.94s/it]
  5%|▌         | 162/3090 [13:56<4:01:09,  4.94s/it]
  5%|▌         | 163/3090 [14:01<4:01:02,  4.94s/it]
  5%|▌         | 164/3090 [14:05<4:00:55,  4.94s/it]
  5%|▌         | 165/3090 [14:10<4:00:48,  4.94s/it]
  5%|▌         | 166/3090 [14:15<4:00:43,  4.94s/it]
  5%|▌         | 167/3090 [14:20<4:00:36,  4.94s/it]
  5%|▌         | 168/3090 [14:25<4:00:31,  4.94s/it]
  5%|▌         | 169/3090 [14:30<4:00:25,  4.94s/it]
  6%|▌         | 170/3090 [14:35<4:00:24,  4.94s/it]
  6%|▌         | 171/3090 [14:40<4:00:19,  4.94s/it]
  6%|▌         | 172/3090 [14:45<4:00:13,  4.94s/it]
  6%|▌         | 173/3090 [14:50<4:00:06,  4.94s/it]
  6%|▌         | 174/3090 [14:55<4:00:03,  4.94s/it]
  6%|▌         | 175/3090 [15:00<3:59:57,  4.94s/it]
  6%|▌         | 176/3090 [15:05<3:59:52,  4.94s/it]
  6%|▌         | 177/3090 [15:10<3:59:48,  4.94s/it]
  6%|▌         | 178/3090 [15:15<3:59:44,  4.94s/it]
  6%|▌         | 179/3090 [15:20<3:59:38,  4.94s/it]
  6%|▌         | 180/3090 [15:25<3:59:35,  4.94s/it]
  6%|▌         | 181/3090 [15:29<3:59:29,  4.94s/it]
  6%|▌         | 182/3090 [15:34<3:59:23,  4.94s/it]
  6%|▌         | 183/3090 [15:39<3:59:19,  4.94s/it]
  6%|▌         | 184/3090 [15:44<3:59:14,  4.94s/it]
  6%|▌         | 185/3090 [15:49<3:59:08,  4.94s/it]
  6%|▌         | 186/3090 [15:54<3:59:03,  4.94s/it]
  6%|▌         | 187/3090 [15:59<3:58:59,  4.94s/it]
  6%|▌         | 188/3090 [16:04<3:58:53,  4.94s/it]
  6%|▌         | 189/3090 [16:09<3:58:49,  4.94s/it]
  6%|▌         | 190/3090 [16:14<3:58:44,  4.94s/it]
  6%|▌         | 191/3090 [16:19<3:58:39,  4.94s/it]
  6%|▌         | 192/3090 [16:24<3:58:33,  4.94s/it]
  6%|▌         | 193/3090 [16:29<3:58:29,  4.94s/it]
  6%|▋         | 194/3090 [16:34<3:58:23,  4.94s/it]
  6%|▋         | 195/3090 [16:39<3:58:19,  4.94s/it]
  6%|▋         | 196/3090 [16:44<3:58:14,  4.94s/it]
  6%|▋         | 197/3090 [16:48<3:58:10,  4.94s/it]
  6%|▋         | 198/3090 [16:53<3:58:04,  4.94s/it]
  6%|▋         | 199/3090 [16:58<3:57:59,  4.94s/it]
  6%|▋         | 200/3090 [17:03<3:57:53,  4.94s/it]
  7%|▋         | 201/3090 [17:08<3:57:48,  4.94s/it]
  7%|▋         | 202/3090 [17:13<3:57:44,  4.94s/it]
  7%|▋         | 203/3090 [17:18<3:57:39,  4.94s/it]
  7%|▋         | 204/3090 [17:23<3:57:33,  4.94s/it]
  7%|▋         | 205/3090 [17:28<3:57:27,  4.94s/it]
  7%|▋         | 206/3090 [17:33<3:54:16,  4.87s/it]
                                                    

  7%|▋         | 206/3090 [17:33<3:54:16,  4.87s/it]{'loss': 0.806, 'grad_norm': 3.0432145595550537, 'learning_rate': 4.666666666666667e-05, 'epoch': 2.0}


  0%|          | 0/26 [00:00<?, ?it/s][A

  8%|▊         | 2/26 [00:01<00:14,  1.68it/s][A

 12%|█▏        | 3/26 [00:02<00:19,  1.19it/s][A

 15%|█▌        | 4/26 [00:03<00:21,  1.03it/s][A

 19%|█▉        | 5/26 [00:04<00:21,  1.05s/it][A

 23%|██▎       | 6/26 [00:05<00:21,  1.10s/it][A

 27%|██▋       | 7/26 [00:07<00:21,  1.13s/it][A

 31%|███       | 8/26 [00:08<00:20,  1.15s/it][A

 35%|███▍      | 9/26 [00:09<00:19,  1.16s/it][A

 38%|███▊      | 10/26 [00:10<00:18,  1.17s/it][A

 42%|████▏     | 11/26 [00:11<00:17,  1.18s/it][A

 46%|████▌     | 12/26 [00:13<00:16,  1.18s/it][A

 50%|█████     | 13/26 [00:14<00:15,  1.18s/it][A

 54%|█████▍    | 14/26 [00:15<00:14,  1.19s/it][A

 58%|█████▊    | 15/26 [00:16<00:13,  1.19s/it][A

 62%|██████▏   | 16/26 [00:17<00:11,  1.19s/it][A

 65%|██████▌   | 17/26 [00:19<00:10,  1.19s/it][A

 69%|██████▉   | 18/26 [00:20<00:09,  1.19s/it][A

 73%|███████▎  | 19/26 [00:21<00:08,  1.19s/it][A

 77%|███████▋  | 20/26 [00:22<00:07,  1.19s/it][A

 81%|████████  | 21/26 [00:23<00:05,  1.19s/it][A

 85%|████████▍ | 22/26 [00:25<00:04,  1.19s/it][A

 88%|████████▊ | 23/26 [00:26<00:03,  1.19s/it][A

 92%|█████████▏| 24/26 [00:27<00:02,  1.19s/it][A

 96%|█████████▌| 25/26 [00:28<00:01,  1.19s/it][A

100%|██████████| 26/26 [00:29<00:00,  1.13s/it][A

                                               
[A
                                                    

100%|██████████| 26/26 [00:29<00:00,  1.13s/it][A
  7%|▋         | 206/3090 [18:04<3:54:16,  4.87s/it]

                                               [A{'eval_loss': 0.4694874584674835, 'eval_macro_recall': 0.7916731429413871, 'eval_macro_precision': 0.7563609795664917, 'eval_macro_f1': 0.7672178329189044, 'eval_accuracy': 0.9077669902912622, 'eval_micro_recall': 0.9077669902912622, 'eval_micro_precision': 0.9077669902912622, 'eval_micro_f1': 0.9077669902912622, 'eval_runtime': 31.1842, 'eval_samples_per_second': 26.424, 'eval_steps_per_second': 0.834, 'epoch': 2.0}

  7%|▋         | 207/3090 [18:13<12:21:00, 15.42s/it]
  7%|▋         | 208/3090 [18:18<9:49:43, 12.28s/it] 
  7%|▋         | 209/3090 [18:23<8:03:51, 10.08s/it]
  7%|▋         | 210/3090 [18:28<6:49:42,  8.54s/it]
  7%|▋         | 211/3090 [18:33<5:57:48,  7.46s/it]
  7%|▋         | 212/3090 [18:37<5:21:31,  6.70s/it]
  7%|▋         | 213/3090 [18:42<4:56:01,  6.17s/it]
  7%|▋         | 214/3090 [18:47<4:38:10,  5.80s/it]
  7%|▋         | 215/3090 [18:52<4:25:38,  5.54s/it]
  7%|▋         | 216/3090 [18:57<4:16:51,  5.36s/it]
  7%|▋         | 217/3090 [19:02<4:10:41,  5.24s/it]
  7%|▋         | 218/3090 [19:07<4:06:21,  5.15s/it]
  7%|▋         | 219/3090 [19:12<4:03:16,  5.08s/it]
  7%|▋         | 220/3090 [19:17<4:01:05,  5.04s/it]
  7%|▋         | 221/3090 [19:22<3:59:32,  5.01s/it]
  7%|▋         | 222/3090 [19:27<3:58:25,  4.99s/it]
  7%|▋         | 223/3090 [19:32<3:57:37,  4.97s/it]
  7%|▋         | 224/3090 [19:37<3:57:03,  4.96s/it]
  7%|▋         | 225/3090 [19:42<3:56:38,  4.96s/it]
  7%|▋         | 226/3090 [19:47<3:56:17,  4.95s/it]
  7%|▋         | 227/3090 [19:52<3:56:03,  4.95s/it]
  7%|▋         | 228/3090 [19:56<3:55:52,  4.95s/it]
  7%|▋         | 229/3090 [20:01<3:55:41,  4.94s/it]
  7%|▋         | 230/3090 [20:06<3:55:33,  4.94s/it]
  7%|▋         | 231/3090 [20:11<3:55:25,  4.94s/it]
  8%|▊         | 232/3090 [20:16<3:55:19,  4.94s/it]
  8%|▊         | 233/3090 [20:21<3:55:14,  4.94s/it]
  8%|▊         | 234/3090 [20:26<3:55:09,  4.94s/it]
  8%|▊         | 235/3090 [20:31<3:55:03,  4.94s/it]
  8%|▊         | 236/3090 [20:36<3:54:59,  4.94s/it]
  8%|▊         | 237/3090 [20:41<3:54:54,  4.94s/it]
  8%|▊         | 238/3090 [20:46<3:54:48,  4.94s/it]
  8%|▊         | 239/3090 [20:51<3:54:42,  4.94s/it]
  8%|▊         | 240/3090 [20:56<3:54:37,  4.94s/it]
  8%|▊         | 241/3090 [21:01<3:54:33,  4.94s/it]
  8%|▊         | 242/3090 [21:06<3:54:28,  4.94s/it]
  8%|▊         | 243/3090 [21:11<3:54:23,  4.94s/it]
  8%|▊         | 244/3090 [21:16<3:54:19,  4.94s/it]
  8%|▊         | 245/3090 [21:21<4:02:22,  5.11s/it]
  8%|▊         | 246/3090 [21:26<4:01:33,  5.10s/it]
  8%|▊         | 247/3090 [21:31<3:59:14,  5.05s/it]
  8%|▊         | 248/3090 [21:36<3:57:35,  5.02s/it]
  8%|▊         | 249/3090 [21:41<3:56:22,  4.99s/it]
  8%|▊         | 250/3090 [21:46<3:55:30,  4.98s/it]
  8%|▊         | 251/3090 [21:51<3:54:52,  4.96s/it]
  8%|▊         | 252/3090 [21:56<3:54:27,  4.96s/it]
  8%|▊         | 253/3090 [22:01<3:54:06,  4.95s/it]
  8%|▊         | 254/3090 [22:06<3:53:51,  4.95s/it]
  8%|▊         | 255/3090 [22:11<3:53:38,  4.94s/it]
  8%|▊         | 256/3090 [22:15<3:53:28,  4.94s/it]
  8%|▊         | 257/3090 [22:20<3:53:21,  4.94s/it]
  8%|▊         | 258/3090 [22:25<3:53:14,  4.94s/it]
  8%|▊         | 259/3090 [22:30<3:53:06,  4.94s/it]
  8%|▊         | 260/3090 [22:35<3:53:00,  4.94s/it]
  8%|▊         | 261/3090 [22:40<3:52:52,  4.94s/it]
  8%|▊         | 262/3090 [22:45<3:52:46,  4.94s/it]
  9%|▊         | 263/3090 [22:50<3:52:41,  4.94s/it]
  9%|▊         | 264/3090 [22:55<3:52:37,  4.94s/it]
  9%|▊         | 265/3090 [23:00<3:52:31,  4.94s/it]
  9%|▊         | 266/3090 [23:05<3:52:25,  4.94s/it]
  9%|▊         | 267/3090 [23:10<3:52:21,  4.94s/it]
  9%|▊         | 268/3090 [23:15<3:52:16,  4.94s/it]
  9%|▊         | 269/3090 [23:20<3:52:12,  4.94s/it]
  9%|▊         | 270/3090 [23:25<3:52:09,  4.94s/it]
  9%|▉         | 271/3090 [23:30<3:52:03,  4.94s/it]
  9%|▉         | 272/3090 [23:34<3:51:57,  4.94s/it]
  9%|▉         | 273/3090 [23:39<3:51:52,  4.94s/it]
  9%|▉         | 274/3090 [23:44<3:51:48,  4.94s/it]
  9%|▉         | 275/3090 [23:49<3:51:43,  4.94s/it]
  9%|▉         | 276/3090 [23:54<3:51:35,  4.94s/it]
  9%|▉         | 277/3090 [23:59<3:51:30,  4.94s/it]
  9%|▉         | 278/3090 [24:04<3:51:28,  4.94s/it]
  9%|▉         | 279/3090 [24:09<3:51:24,  4.94s/it]
  9%|▉         | 280/3090 [24:14<3:51:19,  4.94s/it]
  9%|▉         | 281/3090 [24:19<3:51:14,  4.94s/it]
  9%|▉         | 282/3090 [24:24<3:51:09,  4.94s/it]
  9%|▉         | 283/3090 [24:29<3:51:04,  4.94s/it]
  9%|▉         | 284/3090 [24:34<3:50:59,  4.94s/it]
  9%|▉         | 285/3090 [24:39<3:50:53,  4.94s/it]
  9%|▉         | 286/3090 [24:44<3:50:49,  4.94s/it]
  9%|▉         | 287/3090 [24:49<3:50:45,  4.94s/it]
  9%|▉         | 288/3090 [24:54<3:50:41,  4.94s/it]
  9%|▉         | 289/3090 [24:58<3:50:34,  4.94s/it]
  9%|▉         | 290/3090 [25:03<3:50:27,  4.94s/it]
  9%|▉         | 291/3090 [25:08<3:50:21,  4.94s/it]
  9%|▉         | 292/3090 [25:13<3:50:16,  4.94s/it]
  9%|▉         | 293/3090 [25:18<3:50:11,  4.94s/it]
 10%|▉         | 294/3090 [25:23<3:50:07,  4.94s/it]
 10%|▉         | 295/3090 [25:28<3:50:03,  4.94s/it]
 10%|▉         | 296/3090 [25:33<3:49:58,  4.94s/it]
 10%|▉         | 297/3090 [25:38<3:49:55,  4.94s/it]
 10%|▉         | 298/3090 [25:43<3:49:49,  4.94s/it]
 10%|▉         | 299/3090 [25:48<3:49:43,  4.94s/it]
 10%|▉         | 300/3090 [25:53<3:49:38,  4.94s/it]
 10%|▉         | 301/3090 [25:58<3:49:32,  4.94s/it]
 10%|▉         | 302/3090 [26:03<3:49:29,  4.94s/it]
 10%|▉         | 303/3090 [26:08<3:49:24,  4.94s/it]
 10%|▉         | 304/3090 [26:13<3:49:20,  4.94s/it]
 10%|▉         | 305/3090 [26:17<3:49:16,  4.94s/it]
 10%|▉         | 306/3090 [26:22<3:49:10,  4.94s/it]
 10%|▉         | 307/3090 [26:27<3:49:06,  4.94s/it]
 10%|▉         | 308/3090 [26:32<3:49:02,  4.94s/it]
 10%|█         | 309/3090 [26:37<3:46:07,  4.88s/it]
                                                    

 10%|█         | 309/3090 [26:37<3:46:07,  4.88s/it]{'loss': 0.3491, 'grad_norm': 3.1584646701812744, 'learning_rate': 4.5e-05, 'epoch': 3.0}


  0%|          | 0/26 [00:00<?, ?it/s][A

  8%|▊         | 2/26 [00:01<00:14,  1.68it/s][A

 12%|█▏        | 3/26 [00:02<00:19,  1.19it/s][A

 15%|█▌        | 4/26 [00:03<00:21,  1.03it/s][A

 19%|█▉        | 5/26 [00:04<00:22,  1.05s/it][A

 23%|██▎       | 6/26 [00:05<00:21,  1.10s/it][A

 27%|██▋       | 7/26 [00:07<00:21,  1.13s/it][A

 31%|███       | 8/26 [00:08<00:20,  1.15s/it][A

 35%|███▍      | 9/26 [00:09<00:19,  1.16s/it][A

 38%|███▊      | 10/26 [00:10<00:18,  1.17s/it][A

 42%|████▏     | 11/26 [00:11<00:17,  1.18s/it][A

 46%|████▌     | 12/26 [00:13<00:16,  1.18s/it][A

 50%|█████     | 13/26 [00:14<00:15,  1.18s/it][A

 54%|█████▍    | 14/26 [00:15<00:14,  1.19s/it][A

 58%|█████▊    | 15/26 [00:16<00:13,  1.19s/it][A

 62%|██████▏   | 16/26 [00:17<00:11,  1.19s/it][A

 65%|██████▌   | 17/26 [00:19<00:10,  1.19s/it][A

 69%|██████▉   | 18/26 [00:20<00:09,  1.19s/it][A

 73%|███████▎  | 19/26 [00:21<00:08,  1.19s/it][A

 77%|███████▋  | 20/26 [00:22<00:07,  1.19s/it][A

 81%|████████  | 21/26 [00:23<00:05,  1.19s/it][A

 85%|████████▍ | 22/26 [00:25<00:04,  1.19s/it][A

 88%|████████▊ | 23/26 [00:26<00:03,  1.19s/it][A

 92%|█████████▏| 24/26 [00:27<00:02,  1.19s/it][A

 96%|█████████▌| 25/26 [00:28<00:01,  1.19s/it][A

100%|██████████| 26/26 [00:29<00:00,  1.18s/it][A

                                               
[A
                                                    

100%|██████████| 26/26 [00:29<00:00,  1.18s/it][A
 10%|█         | 309/3090 [27:08<3:46:07,  4.88s/it]

                                               [A{'eval_loss': 0.20646081864833832, 'eval_macro_recall': 0.8830818116720373, 'eval_macro_precision': 0.8643616142629299, 'eval_macro_f1': 0.8702020044583175, 'eval_accuracy': 0.9550970873786407, 'eval_micro_recall': 0.9550970873786407, 'eval_micro_precision': 0.9550970873786407, 'eval_micro_f1': 0.9550970873786407, 'eval_runtime': 31.3826, 'eval_samples_per_second': 26.257, 'eval_steps_per_second': 0.828, 'epoch': 3.0}

 10%|█         | 310/3090 [27:17<11:58:09, 15.50s/it]
 10%|█         | 311/3090 [27:22<9:31:08, 12.33s/it] 
 10%|█         | 312/3090 [27:27<7:48:14, 10.11s/it]
 10%|█         | 313/3090 [27:32<6:36:13,  8.56s/it]
 10%|█         | 314/3090 [27:37<5:45:49,  7.47s/it]
 10%|█         | 315/3090 [27:42<5:10:32,  6.71s/it]
 10%|█         | 316/3090 [27:47<4:46:00,  6.19s/it]
 10%|█         | 317/3090 [27:52<4:28:35,  5.81s/it]
 10%|█         | 318/3090 [27:57<4:16:23,  5.55s/it]
 10%|█         | 319/3090 [28:02<4:07:50,  5.37s/it]
 10%|█         | 320/3090 [28:07<4:01:51,  5.24s/it]
 10%|█         | 321/3090 [28:12<3:57:36,  5.15s/it]
 10%|█         | 322/3090 [28:17<3:54:36,  5.09s/it]
 10%|█         | 323/3090 [28:22<3:52:29,  5.04s/it]
 10%|█         | 324/3090 [28:26<3:51:01,  5.01s/it]
 11%|█         | 325/3090 [28:31<3:49:56,  4.99s/it]
 11%|█         | 326/3090 [28:36<3:49:10,  4.97s/it]
 11%|█         | 327/3090 [28:41<3:48:35,  4.96s/it]
 11%|█         | 328/3090 [28:46<3:48:09,  4.96s/it]
 11%|█         | 329/3090 [28:51<3:47:50,  4.95s/it]
 11%|█         | 330/3090 [28:56<3:47:33,  4.95s/it]
 11%|█         | 331/3090 [29:01<3:47:23,  4.95s/it]
 11%|█         | 332/3090 [29:06<3:47:13,  4.94s/it]
 11%|█         | 333/3090 [29:11<3:47:06,  4.94s/it]
 11%|█         | 334/3090 [29:16<3:47:00,  4.94s/it]
 11%|█         | 335/3090 [29:21<3:46:52,  4.94s/it]
 11%|█         | 336/3090 [29:26<3:46:46,  4.94s/it]
 11%|█         | 337/3090 [29:31<3:46:40,  4.94s/it]
 11%|█         | 338/3090 [29:36<3:46:33,  4.94s/it]
 11%|█         | 339/3090 [29:41<3:46:28,  4.94s/it]
 11%|█         | 340/3090 [29:46<3:46:24,  4.94s/it]
 11%|█         | 341/3090 [29:50<3:46:18,  4.94s/it]
 11%|█         | 342/3090 [29:55<3:46:14,  4.94s/it]
 11%|█         | 343/3090 [30:00<3:46:07,  4.94s/it]
 11%|█         | 344/3090 [30:05<3:46:03,  4.94s/it]
 11%|█         | 345/3090 [30:10<3:45:58,  4.94s/it]
 11%|█         | 346/3090 [30:15<3:45:52,  4.94s/it]
 11%|█         | 347/3090 [30:20<3:45:47,  4.94s/it]
 11%|█▏        | 348/3090 [30:25<3:45:44,  4.94s/it]
 11%|█▏        | 349/3090 [30:30<3:45:38,  4.94s/it]
 11%|█▏        | 350/3090 [30:35<3:45:35,  4.94s/it]
 11%|█▏        | 351/3090 [30:40<3:45:30,  4.94s/it]
 11%|█▏        | 352/3090 [30:45<3:45:26,  4.94s/it]
 11%|█▏        | 353/3090 [30:50<3:45:20,  4.94s/it]
 11%|█▏        | 354/3090 [30:55<3:45:14,  4.94s/it]
 11%|█▏        | 355/3090 [31:00<3:45:09,  4.94s/it]
 12%|█▏        | 356/3090 [31:05<3:45:03,  4.94s/it]
 12%|█▏        | 357/3090 [31:09<3:44:59,  4.94s/it]
 12%|█▏        | 358/3090 [31:14<3:44:55,  4.94s/it]
 12%|█▏        | 359/3090 [31:19<3:44:49,  4.94s/it]
 12%|█▏        | 360/3090 [31:24<3:44:45,  4.94s/it]
 12%|█▏        | 361/3090 [31:29<3:44:39,  4.94s/it]
 12%|█▏        | 362/3090 [31:34<3:44:32,  4.94s/it]
 12%|█▏        | 363/3090 [31:39<3:44:29,  4.94s/it]
 12%|█▏        | 364/3090 [31:44<3:44:23,  4.94s/it]
 12%|█▏        | 365/3090 [31:49<3:44:17,  4.94s/it]
 12%|█▏        | 366/3090 [31:54<3:44:13,  4.94s/it]
 12%|█▏        | 367/3090 [31:59<3:44:09,  4.94s/it]
 12%|█▏        | 368/3090 [32:04<3:44:05,  4.94s/it]
 12%|█▏        | 369/3090 [32:09<3:43:59,  4.94s/it]
 12%|█▏        | 370/3090 [32:14<3:43:54,  4.94s/it]
 12%|█▏        | 371/3090 [32:19<3:43:50,  4.94s/it]
 12%|█▏        | 372/3090 [32:24<3:43:45,  4.94s/it]
 12%|█▏        | 373/3090 [32:29<3:43:42,  4.94s/it]
 12%|█▏        | 374/3090 [32:33<3:43:36,  4.94s/it]
 12%|█▏        | 375/3090 [32:38<3:43:31,  4.94s/it]
 12%|█▏        | 376/3090 [32:43<3:43:24,  4.94s/it]
 12%|█▏        | 377/3090 [32:48<3:43:19,  4.94s/it]
 12%|█▏        | 378/3090 [32:53<3:43:14,  4.94s/it]
 12%|█▏        | 379/3090 [32:58<3:43:12,  4.94s/it]
 12%|█▏        | 380/3090 [33:03<3:43:07,  4.94s/it]
 12%|█▏        | 381/3090 [33:08<3:43:01,  4.94s/it]
 12%|█▏        | 382/3090 [33:13<3:42:56,  4.94s/it]
 12%|█▏        | 383/3090 [33:18<3:42:49,  4.94s/it]
 12%|█▏        | 384/3090 [33:23<3:42:44,  4.94s/it]
 12%|█▏        | 385/3090 [33:28<3:42:39,  4.94s/it]
 12%|█▏        | 386/3090 [33:33<3:42:35,  4.94s/it]
 13%|█▎        | 387/3090 [33:38<3:42:30,  4.94s/it]
 13%|█▎        | 388/3090 [33:43<3:42:24,  4.94s/it]
 13%|█▎        | 389/3090 [33:48<3:42:20,  4.94s/it]
 13%|█▎        | 390/3090 [33:52<3:42:15,  4.94s/it]
 13%|█▎        | 391/3090 [33:57<3:42:09,  4.94s/it]
 13%|█▎        | 392/3090 [34:02<3:42:04,  4.94s/it]
 13%|█▎        | 393/3090 [34:07<3:41:59,  4.94s/it]
 13%|█▎        | 394/3090 [34:12<3:41:55,  4.94s/it]
 13%|█▎        | 395/3090 [34:17<3:41:51,  4.94s/it]
 13%|█▎        | 396/3090 [34:22<3:41:46,  4.94s/it]
 13%|█▎        | 397/3090 [34:27<3:41:42,  4.94s/it]
 13%|█▎        | 398/3090 [34:32<3:41:38,  4.94s/it]
 13%|█▎        | 399/3090 [34:37<3:41:31,  4.94s/it]
 13%|█▎        | 400/3090 [34:42<3:41:26,  4.94s/it]
 13%|█▎        | 401/3090 [34:47<3:41:21,  4.94s/it]
 13%|█▎        | 402/3090 [34:52<3:41:15,  4.94s/it]
 13%|█▎        | 403/3090 [34:57<3:41:13,  4.94s/it]
 13%|█▎        | 404/3090 [35:02<3:41:08,  4.94s/it]
 13%|█▎        | 405/3090 [35:07<3:41:02,  4.94s/it]
 13%|█▎        | 406/3090 [35:11<3:40:58,  4.94s/it]
 13%|█▎        | 407/3090 [35:16<3:40:52,  4.94s/it]
 13%|█▎        | 408/3090 [35:21<3:40:49,  4.94s/it]
 13%|█▎        | 409/3090 [35:26<3:40:43,  4.94s/it]
 13%|█▎        | 410/3090 [35:31<3:40:38,  4.94s/it]
 13%|█▎        | 411/3090 [35:36<3:40:30,  4.94s/it]
 13%|█▎        | 412/3090 [35:41<3:37:30,  4.87s/it]
                                                    

 13%|█▎        | 412/3090 [35:41<3:37:30,  4.87s/it]{'loss': 0.1547, 'grad_norm': 1.2745952606201172, 'learning_rate': 4.3333333333333334e-05, 'epoch': 4.0}


  0%|          | 0/26 [00:00<?, ?it/s][A

  8%|▊         | 2/26 [00:01<00:14,  1.68it/s][A

 12%|█▏        | 3/26 [00:02<00:19,  1.19it/s][A

 15%|█▌        | 4/26 [00:03<00:21,  1.03it/s][A

 19%|█▉        | 5/26 [00:04<00:22,  1.05s/it][A

 23%|██▎       | 6/26 [00:05<00:21,  1.10s/it][A

 27%|██▋       | 7/26 [00:07<00:21,  1.13s/it][A

 31%|███       | 8/26 [00:08<00:20,  1.15s/it][A

 35%|███▍      | 9/26 [00:09<00:19,  1.16s/it][A

 38%|███▊      | 10/26 [00:10<00:18,  1.17s/it][A

 42%|████▏     | 11/26 [00:11<00:17,  1.18s/it][A

 46%|████▌     | 12/26 [00:13<00:16,  1.18s/it][A

 50%|█████     | 13/26 [00:14<00:15,  1.18s/it][A

 54%|█████▍    | 14/26 [00:15<00:14,  1.19s/it][A

 58%|█████▊    | 15/26 [00:16<00:13,  1.19s/it][A

 62%|██████▏   | 16/26 [00:17<00:11,  1.19s/it][A

 65%|██████▌   | 17/26 [00:19<00:10,  1.19s/it][A

 69%|██████▉   | 18/26 [00:20<00:09,  1.19s/it][A

 73%|███████▎  | 19/26 [00:21<00:08,  1.19s/it][A

 77%|███████▋  | 20/26 [00:22<00:07,  1.19s/it][A

 81%|████████  | 21/26 [00:23<00:05,  1.19s/it][A

 85%|████████▍ | 22/26 [00:25<00:04,  1.19s/it][A

 88%|████████▊ | 23/26 [00:26<00:03,  1.19s/it][A

 92%|█████████▏| 24/26 [00:27<00:02,  1.19s/it][A

 96%|█████████▌| 25/26 [00:28<00:01,  1.19s/it][A

100%|██████████| 26/26 [00:29<00:00,  1.14s/it][A

                                               
[A
                                                    

100%|██████████| 26/26 [00:29<00:00,  1.14s/it][A
 13%|█▎        | 412/3090 [36:12<3:37:30,  4.87s/it]

                                               [A{'eval_loss': 0.12660446763038635, 'eval_macro_recall': 0.9114400565420975, 'eval_macro_precision': 0.9150459707192447, 'eval_macro_f1': 0.9114749748615896, 'eval_accuracy': 0.9757281553398058, 'eval_micro_recall': 0.9757281553398058, 'eval_micro_precision': 0.9757281553398058, 'eval_micro_f1': 0.9757281553398058, 'eval_runtime': 31.0866, 'eval_samples_per_second': 26.507, 'eval_steps_per_second': 0.836, 'epoch': 4.0}

 13%|█▎        | 413/3090 [36:21<11:27:11, 15.40s/it]
 13%|█▎        | 414/3090 [36:26<9:06:54, 12.26s/it] 
 13%|█▎        | 415/3090 [36:31<7:28:44, 10.07s/it]
 13%|█▎        | 416/3090 [36:36<6:20:05,  8.53s/it]
 13%|█▎        | 417/3090 [36:41<5:32:00,  7.45s/it]
 14%|█▎        | 418/3090 [36:46<4:58:19,  6.70s/it]
 14%|█▎        | 419/3090 [36:51<4:34:42,  6.17s/it]
 14%|█▎        | 420/3090 [36:55<4:18:09,  5.80s/it]
 14%|█▎        | 421/3090 [37:00<4:06:31,  5.54s/it]
 14%|█▎        | 422/3090 [37:05<3:58:23,  5.36s/it]
 14%|█▎        | 423/3090 [37:10<3:52:40,  5.23s/it]
 14%|█▎        | 424/3090 [37:15<3:48:37,  5.15s/it]
 14%|█▍        | 425/3090 [37:20<3:45:47,  5.08s/it]
 14%|█▍        | 426/3090 [37:25<3:43:45,  5.04s/it]
 14%|█▍        | 427/3090 [37:30<3:42:20,  5.01s/it]
 14%|█▍        | 428/3090 [37:35<3:41:20,  4.99s/it]
 14%|█▍        | 429/3090 [37:40<3:40:36,  4.97s/it]
 14%|█▍        | 430/3090 [37:45<3:40:05,  4.96s/it]
 14%|█▍        | 431/3090 [37:50<3:39:40,  4.96s/it]
 14%|█▍        | 432/3090 [37:55<3:39:22,  4.95s/it]
 14%|█▍        | 433/3090 [38:00<3:39:07,  4.95s/it]
 14%|█▍        | 434/3090 [38:05<3:38:55,  4.95s/it]
 14%|█▍        | 435/3090 [38:10<3:38:45,  4.94s/it]
 14%|█▍        | 436/3090 [38:14<3:38:37,  4.94s/it]
 14%|█▍        | 437/3090 [38:19<3:38:30,  4.94s/it]
 14%|█▍        | 438/3090 [38:24<3:38:23,  4.94s/it]
 14%|█▍        | 439/3090 [38:29<3:38:17,  4.94s/it]
 14%|█▍        | 440/3090 [38:34<3:38:12,  4.94s/it]
 14%|█▍        | 441/3090 [38:39<3:38:07,  4.94s/it]
 14%|█▍        | 442/3090 [38:44<3:38:02,  4.94s/it]
 14%|█▍        | 443/3090 [38:49<3:37:55,  4.94s/it]
 14%|█▍        | 444/3090 [38:54<3:37:50,  4.94s/it]
 14%|█▍        | 445/3090 [38:59<3:37:44,  4.94s/it]
 14%|█▍        | 446/3090 [39:04<3:37:42,  4.94s/it]
 14%|█▍        | 447/3090 [39:09<3:37:36,  4.94s/it]
 14%|█▍        | 448/3090 [39:14<3:37:30,  4.94s/it]
 15%|█▍        | 449/3090 [39:19<3:37:24,  4.94s/it]
 15%|█▍        | 450/3090 [39:24<3:37:20,  4.94s/it]
 15%|█▍        | 451/3090 [39:29<3:37:14,  4.94s/it]
 15%|█▍        | 452/3090 [39:34<3:37:08,  4.94s/it]
 15%|█▍        | 453/3090 [39:38<3:37:01,  4.94s/it]
 15%|█▍        | 454/3090 [39:43<3:36:58,  4.94s/it]
 15%|█▍        | 455/3090 [39:48<3:36:54,  4.94s/it]
 15%|█▍        | 456/3090 [39:53<3:36:48,  4.94s/it]
 15%|█▍        | 457/3090 [39:58<3:36:44,  4.94s/it]
 15%|█▍        | 458/3090 [40:03<3:36:40,  4.94s/it]
 15%|█▍        | 459/3090 [40:08<3:36:35,  4.94s/it]
 15%|█▍        | 460/3090 [40:13<3:36:29,  4.94s/it]
 15%|█▍        | 461/3090 [40:18<3:36:22,  4.94s/it]
 15%|█▍        | 462/3090 [40:23<3:36:16,  4.94s/it]
 15%|█▍        | 463/3090 [40:28<3:36:13,  4.94s/it]
 15%|█▌        | 464/3090 [40:33<3:36:10,  4.94s/it]
 15%|█▌        | 465/3090 [40:38<3:36:06,  4.94s/it]
 15%|█▌        | 466/3090 [40:43<3:35:59,  4.94s/it]
 15%|█▌        | 467/3090 [40:48<3:35:55,  4.94s/it]
 15%|█▌        | 468/3090 [40:53<3:35:51,  4.94s/it]
 15%|█▌        | 469/3090 [40:57<3:35:44,  4.94s/it]
 15%|█▌        | 470/3090 [41:02<3:35:40,  4.94s/it]
 15%|█▌        | 471/3090 [41:07<3:35:35,  4.94s/it]
 15%|█▌        | 472/3090 [41:12<3:35:32,  4.94s/it]
 15%|█▌        | 473/3090 [41:17<3:35:25,  4.94s/it]
 15%|█▌        | 474/3090 [41:22<3:35:20,  4.94s/it]
 15%|█▌        | 475/3090 [41:27<3:35:16,  4.94s/it]
 15%|█▌        | 476/3090 [41:32<3:35:10,  4.94s/it]
 15%|█▌        | 477/3090 [41:37<3:35:05,  4.94s/it]
 15%|█▌        | 478/3090 [41:42<3:35:01,  4.94s/it]
 16%|█▌        | 479/3090 [41:47<3:34:56,  4.94s/it]
 16%|█▌        | 480/3090 [41:52<3:34:50,  4.94s/it]
 16%|█▌        | 481/3090 [41:57<3:34:46,  4.94s/it]
 16%|█▌        | 482/3090 [42:02<3:34:42,  4.94s/it]
 16%|█▌        | 483/3090 [42:07<3:34:36,  4.94s/it]
 16%|█▌        | 484/3090 [42:12<3:34:32,  4.94s/it]
 16%|█▌        | 485/3090 [42:17<3:34:27,  4.94s/it]
 16%|█▌        | 486/3090 [42:21<3:34:22,  4.94s/it]
 16%|█▌        | 487/3090 [42:26<3:34:17,  4.94s/it]
 16%|█▌        | 488/3090 [42:31<3:34:12,  4.94s/it]
 16%|█▌        | 489/3090 [42:36<3:34:07,  4.94s/it]
 16%|█▌        | 490/3090 [42:41<3:34:03,  4.94s/it]
 16%|█▌        | 491/3090 [42:46<3:33:57,  4.94s/it]
 16%|█▌        | 492/3090 [42:51<3:33:53,  4.94s/it]
 16%|█▌        | 493/3090 [42:56<3:33:48,  4.94s/it]
 16%|█▌        | 494/3090 [43:01<3:33:43,  4.94s/it]
 16%|█▌        | 495/3090 [43:06<3:33:37,  4.94s/it]
 16%|█▌        | 496/3090 [43:11<3:33:32,  4.94s/it]
 16%|█▌        | 497/3090 [43:16<3:33:25,  4.94s/it]
 16%|█▌        | 498/3090 [43:21<3:33:20,  4.94s/it]
 16%|█▌        | 499/3090 [43:26<3:33:15,  4.94s/it]
 16%|█▌        | 500/3090 [43:31<3:33:13,  4.94s/it]
 16%|█▌        | 501/3090 [43:36<3:33:07,  4.94s/it]
 16%|█▌        | 502/3090 [43:40<3:33:02,  4.94s/it]
 16%|█▋        | 503/3090 [43:45<3:32:58,  4.94s/it]
 16%|█▋        | 504/3090 [43:50<3:32:54,  4.94s/it]
 16%|█▋        | 505/3090 [43:55<3:32:49,  4.94s/it]
 16%|█▋        | 506/3090 [44:00<3:32:43,  4.94s/it]
 16%|█▋        | 507/3090 [44:05<3:32:38,  4.94s/it]
 16%|█▋        | 508/3090 [44:10<3:32:35,  4.94s/it]
 16%|█▋        | 509/3090 [44:15<3:32:29,  4.94s/it]
 17%|█▋        | 510/3090 [44:20<3:32:23,  4.94s/it]
 17%|█▋        | 511/3090 [44:25<3:32:18,  4.94s/it]
 17%|█▋        | 512/3090 [44:30<3:32:12,  4.94s/it]
 17%|█▋        | 513/3090 [44:35<3:32:06,  4.94s/it]
 17%|█▋        | 514/3090 [44:40<3:32:02,  4.94s/it]
 17%|█▋        | 515/3090 [44:44<3:29:11,  4.87s/it]
                                                    

 17%|█▋        | 515/3090 [44:45<3:29:11,  4.87s/it]{'loss': 0.0897, 'grad_norm': 0.48135221004486084, 'learning_rate': 4.166666666666667e-05, 'epoch': 5.0}


  0%|          | 0/26 [00:00<?, ?it/s][A

  8%|▊         | 2/26 [00:01<00:14,  1.68it/s][A

 12%|█▏        | 3/26 [00:02<00:19,  1.19it/s][A

 15%|█▌        | 4/26 [00:03<00:21,  1.03it/s][A

 19%|█▉        | 5/26 [00:04<00:22,  1.05s/it][A

 23%|██▎       | 6/26 [00:05<00:21,  1.10s/it][A

 27%|██▋       | 7/26 [00:07<00:21,  1.13s/it][A

 31%|███       | 8/26 [00:08<00:20,  1.15s/it][A

 35%|███▍      | 9/26 [00:09<00:19,  1.16s/it][A

 38%|███▊      | 10/26 [00:10<00:18,  1.17s/it][A

 42%|████▏     | 11/26 [00:11<00:17,  1.18s/it][A

 46%|████▌     | 12/26 [00:13<00:16,  1.18s/it][A

 50%|█████     | 13/26 [00:14<00:15,  1.18s/it][A

 54%|█████▍    | 14/26 [00:15<00:14,  1.19s/it][A

 58%|█████▊    | 15/26 [00:16<00:13,  1.19s/it][A

 62%|██████▏   | 16/26 [00:17<00:11,  1.19s/it][A

 65%|██████▌   | 17/26 [00:19<00:10,  1.19s/it][A

 69%|██████▉   | 18/26 [00:20<00:09,  1.19s/it][A

 73%|███████▎  | 19/26 [00:21<00:08,  1.19s/it][A

 77%|███████▋  | 20/26 [00:22<00:07,  1.19s/it][A

 81%|████████  | 21/26 [00:23<00:05,  1.19s/it][A

 85%|████████▍ | 22/26 [00:25<00:04,  1.19s/it][A

 88%|████████▊ | 23/26 [00:26<00:03,  1.19s/it][A

 92%|█████████▏| 24/26 [00:27<00:02,  1.19s/it][A

 96%|█████████▌| 25/26 [00:28<00:01,  1.19s/it][A

100%|██████████| 26/26 [00:29<00:00,  1.13s/it][A

                                               
[A
                                                    

100%|██████████| 26/26 [00:29<00:00,  1.13s/it][A
 17%|█▋        | 515/3090 [45:16<3:29:11,  4.87s/it]

                                               [A{'eval_loss': 0.09645828604698181, 'eval_macro_recall': 0.9344920045940452, 'eval_macro_precision': 0.9319008264462811, 'eval_macro_f1': 0.932948974223379, 'eval_accuracy': 0.9817961165048543, 'eval_micro_recall': 0.9817961165048543, 'eval_micro_precision': 0.9817961165048543, 'eval_micro_f1': 0.9817961165048543, 'eval_runtime': 31.0543, 'eval_samples_per_second': 26.534, 'eval_steps_per_second': 0.837, 'epoch': 5.0}

 17%|█▋        | 516/3090 [45:24<10:57:08, 15.32s/it]
 17%|█▋        | 517/3090 [45:29<8:43:18, 12.20s/it] 
 17%|█▋        | 518/3090 [45:34<7:09:41, 10.02s/it]
 17%|█▋        | 519/3090 [45:39<6:04:10,  8.50s/it]
 17%|█▋        | 520/3090 [45:44<5:18:21,  7.43s/it]
 17%|█▋        | 521/3090 [45:49<4:46:14,  6.69s/it]
 17%|█▋        | 522/3090 [45:54<4:23:43,  6.16s/it]
 17%|█▋        | 523/3090 [45:59<4:07:54,  5.79s/it]
 17%|█▋        | 524/3090 [46:04<3:56:54,  5.54s/it]
 17%|█▋        | 525/3090 [46:09<3:49:06,  5.36s/it]
 17%|█▋        | 526/3090 [46:14<3:43:38,  5.23s/it]
 17%|█▋        | 527/3090 [46:19<3:39:48,  5.15s/it]
 17%|█▋        | 528/3090 [46:23<3:37:07,  5.08s/it]
 17%|█▋        | 529/3090 [46:28<3:35:10,  5.04s/it]
 17%|█▋        | 530/3090 [46:33<3:33:47,  5.01s/it]
 17%|█▋        | 531/3090 [46:38<3:32:46,  4.99s/it]
 17%|█▋        | 532/3090 [46:43<3:32:09,  4.98s/it]
 17%|█▋        | 533/3090 [46:48<3:31:35,  4.96s/it]
 17%|█▋        | 534/3090 [46:53<3:31:16,  4.96s/it]
 17%|█▋        | 535/3090 [46:58<3:30:55,  4.95s/it]
 17%|█▋        | 536/3090 [47:03<3:30:41,  4.95s/it]
 17%|█▋        | 537/3090 [47:08<3:30:29,  4.95s/it]
 17%|█▋        | 538/3090 [47:13<3:30:20,  4.95s/it]
 17%|█▋        | 539/3090 [47:18<3:30:12,  4.94s/it]
 17%|█▋        | 540/3090 [47:23<3:30:04,  4.94s/it]
 18%|█▊        | 541/3090 [47:28<3:29:56,  4.94s/it]
 18%|█▊        | 542/3090 [47:33<3:29:49,  4.94s/it]
 18%|█▊        | 543/3090 [47:38<3:29:42,  4.94s/it]
 18%|█▊        | 544/3090 [47:42<3:29:37,  4.94s/it]
 18%|█▊        | 545/3090 [47:47<3:29:30,  4.94s/it]
 18%|█▊        | 546/3090 [47:52<3:29:25,  4.94s/it]
 18%|█▊        | 547/3090 [47:57<3:29:22,  4.94s/it]
 18%|█▊        | 548/3090 [48:02<3:29:18,  4.94s/it]
 18%|█▊        | 549/3090 [48:07<3:29:11,  4.94s/it]
 18%|█▊        | 550/3090 [48:12<3:29:04,  4.94s/it]
 18%|█▊        | 551/3090 [48:17<3:28:58,  4.94s/it]
 18%|█▊        | 552/3090 [48:22<3:28:54,  4.94s/it]
 18%|█▊        | 553/3090 [48:27<3:28:50,  4.94s/it]
 18%|█▊        | 554/3090 [48:32<3:28:47,  4.94s/it]
 18%|█▊        | 555/3090 [48:37<3:28:40,  4.94s/it]
 18%|█▊        | 556/3090 [48:42<3:28:35,  4.94s/it]
 18%|█▊        | 557/3090 [48:47<3:28:30,  4.94s/it]
 18%|█▊        | 558/3090 [48:52<3:28:25,  4.94s/it]
 18%|█▊        | 559/3090 [48:57<3:28:19,  4.94s/it]
 18%|█▊        | 560/3090 [49:02<3:28:15,  4.94s/it]
 18%|█▊        | 561/3090 [49:06<3:28:08,  4.94s/it]
 18%|█▊        | 562/3090 [49:11<3:28:03,  4.94s/it]
 18%|█▊        | 563/3090 [49:16<3:28:00,  4.94s/it]
 18%|█▊        | 564/3090 [49:21<3:27:55,  4.94s/it]
 18%|█▊        | 565/3090 [49:26<3:27:50,  4.94s/it]
 18%|█▊        | 566/3090 [49:31<3:27:45,  4.94s/it]
 18%|█▊        | 567/3090 [49:36<3:27:42,  4.94s/it]
 18%|█▊        | 568/3090 [49:41<3:27:37,  4.94s/it]
 18%|█▊        | 569/3090 [49:46<3:27:32,  4.94s/it]
 18%|█▊        | 570/3090 [49:51<3:27:27,  4.94s/it]
 18%|█▊        | 571/3090 [49:56<3:27:21,  4.94s/it]
 19%|█▊        | 572/3090 [50:01<3:27:16,  4.94s/it]
 19%|█▊        | 573/3090 [50:06<3:27:11,  4.94s/it]
 19%|█▊        | 574/3090 [50:11<3:27:06,  4.94s/it]
 19%|█▊        | 575/3090 [50:16<3:27:01,  4.94s/it]
 19%|█▊        | 576/3090 [50:21<3:26:57,  4.94s/it]
 19%|█▊        | 577/3090 [50:25<3:26:52,  4.94s/it]
 19%|█▊        | 578/3090 [50:30<3:26:47,  4.94s/it]
 19%|█▊        | 579/3090 [50:35<3:26:43,  4.94s/it]
 19%|█▉        | 580/3090 [50:40<3:26:38,  4.94s/it]
 19%|█▉        | 581/3090 [50:45<3:26:32,  4.94s/it]
 19%|█▉        | 582/3090 [50:50<3:26:27,  4.94s/it]
 19%|█▉        | 583/3090 [50:55<3:26:19,  4.94s/it]
 19%|█▉        | 584/3090 [51:00<3:26:16,  4.94s/it]
 19%|█▉        | 585/3090 [51:05<3:26:10,  4.94s/it]
 19%|█▉        | 586/3090 [51:10<3:26:06,  4.94s/it]
 19%|█▉        | 587/3090 [51:15<3:26:01,  4.94s/it]
 19%|█▉        | 588/3090 [51:20<3:25:56,  4.94s/it]
 19%|█▉        | 589/3090 [51:25<3:25:51,  4.94s/it]
 19%|█▉        | 590/3090 [51:30<3:25:48,  4.94s/it]
 19%|█▉        | 591/3090 [51:35<3:25:43,  4.94s/it]
 19%|█▉        | 592/3090 [51:40<3:25:38,  4.94s/it]
 19%|█▉        | 593/3090 [51:45<3:25:33,  4.94s/it]
 19%|█▉        | 594/3090 [51:49<3:25:28,  4.94s/it]
 19%|█▉        | 595/3090 [51:54<3:25:24,  4.94s/it]
 19%|█▉        | 596/3090 [51:59<3:25:19,  4.94s/it]
 19%|█▉        | 597/3090 [52:04<3:25:15,  4.94s/it]
 19%|█▉        | 598/3090 [52:09<3:25:08,  4.94s/it]
 19%|█▉        | 599/3090 [52:14<3:25:04,  4.94s/it]
 19%|█▉        | 600/3090 [52:19<3:24:59,  4.94s/it]
 19%|█▉        | 601/3090 [52:24<3:24:53,  4.94s/it]
 19%|█▉        | 602/3090 [52:29<3:24:48,  4.94s/it]
 20%|█▉        | 603/3090 [52:34<3:24:41,  4.94s/it]
 20%|█▉        | 604/3090 [52:39<3:24:36,  4.94s/it]
 20%|█▉        | 605/3090 [52:44<3:24:32,  4.94s/it]
 20%|█▉        | 606/3090 [52:49<3:24:27,  4.94s/it]
 20%|█▉        | 607/3090 [52:54<3:24:22,  4.94s/it]
 20%|█▉        | 608/3090 [52:59<3:24:18,  4.94s/it]
 20%|█▉        | 609/3090 [53:04<3:24:13,  4.94s/it]
 20%|█▉        | 610/3090 [53:08<3:24:09,  4.94s/it]
 20%|█▉        | 611/3090 [53:13<3:24:03,  4.94s/it]
 20%|█▉        | 612/3090 [53:18<3:23:58,  4.94s/it]
 20%|█▉        | 613/3090 [53:23<3:23:53,  4.94s/it]
 20%|█▉        | 614/3090 [53:28<3:23:47,  4.94s/it]
 20%|█▉        | 615/3090 [53:33<3:23:42,  4.94s/it]
 20%|█▉        | 616/3090 [53:38<3:23:36,  4.94s/it]
 20%|█▉        | 617/3090 [53:43<3:23:32,  4.94s/it]
 20%|██        | 618/3090 [53:48<3:20:52,  4.88s/it]
                                                    

 20%|██        | 618/3090 [53:48<3:20:52,  4.88s/it]{'loss': 0.062, 'grad_norm': 0.2880770266056061, 'learning_rate': 4e-05, 'epoch': 6.0}


  0%|          | 0/26 [00:00<?, ?it/s][A

  8%|▊         | 2/26 [00:01<00:14,  1.68it/s][A

 12%|█▏        | 3/26 [00:02<00:19,  1.19it/s][A

 15%|█▌        | 4/26 [00:03<00:21,  1.03it/s][A

 19%|█▉        | 5/26 [00:04<00:22,  1.05s/it][A

 23%|██▎       | 6/26 [00:05<00:21,  1.10s/it][A

 27%|██▋       | 7/26 [00:07<00:21,  1.13s/it][A

 31%|███       | 8/26 [00:08<00:20,  1.15s/it][A

 35%|███▍      | 9/26 [00:09<00:19,  1.16s/it][A

 38%|███▊      | 10/26 [00:10<00:18,  1.17s/it][A

 42%|████▏     | 11/26 [00:11<00:17,  1.18s/it][A

 46%|████▌     | 12/26 [00:13<00:16,  1.18s/it][A

 50%|█████     | 13/26 [00:14<00:15,  1.18s/it][A

 54%|█████▍    | 14/26 [00:15<00:14,  1.19s/it][A

 58%|█████▊    | 15/26 [00:16<00:13,  1.19s/it][A

 62%|██████▏   | 16/26 [00:17<00:11,  1.19s/it][A

 65%|██████▌   | 17/26 [00:19<00:10,  1.19s/it][A

 69%|██████▉   | 18/26 [00:20<00:09,  1.19s/it][A

 73%|███████▎  | 19/26 [00:21<00:08,  1.19s/it][A

 77%|███████▋  | 20/26 [00:22<00:07,  1.19s/it][A

 81%|████████  | 21/26 [00:23<00:05,  1.19s/it][A

 85%|████████▍ | 22/26 [00:25<00:04,  1.19s/it][A

 88%|████████▊ | 23/26 [00:26<00:03,  1.19s/it][A

 92%|█████████▏| 24/26 [00:27<00:02,  1.19s/it][A

 96%|█████████▌| 25/26 [00:28<00:01,  1.19s/it][A

100%|██████████| 26/26 [00:29<00:00,  1.13s/it][A

                                               
[A
                                                    

100%|██████████| 26/26 [00:29<00:00,  1.13s/it][A
 20%|██        | 618/3090 [54:19<3:20:52,  4.88s/it]

                                               [A{'eval_loss': 0.08036961406469345, 'eval_macro_recall': 0.9659765485141424, 'eval_macro_precision': 0.9650476621529251, 'eval_macro_f1': 0.9642936269404544, 'eval_accuracy': 0.9854368932038835, 'eval_micro_recall': 0.9854368932038835, 'eval_micro_precision': 0.9854368932038835, 'eval_micro_f1': 0.9854368932038835, 'eval_runtime': 31.0523, 'eval_samples_per_second': 26.536, 'eval_steps_per_second': 0.837, 'epoch': 6.0}

 20%|██        | 619/3090 [54:27<10:29:41, 15.29s/it]
 20%|██        | 620/3090 [54:32<8:21:33, 12.18s/it] 
 20%|██        | 621/3090 [54:37<6:51:53, 10.01s/it]
 20%|██        | 622/3090 [54:42<5:49:07,  8.49s/it]
 20%|██        | 623/3090 [54:47<5:05:11,  7.42s/it]
 20%|██        | 624/3090 [54:52<4:34:24,  6.68s/it]
 20%|██        | 625/3090 [54:57<4:12:51,  6.15s/it]
 20%|██        | 626/3090 [55:02<3:57:45,  5.79s/it]
 20%|██        | 627/3090 [55:07<3:47:11,  5.53s/it]
 20%|██        | 628/3090 [55:12<3:39:45,  5.36s/it]
 20%|██        | 629/3090 [55:17<3:34:32,  5.23s/it]
 20%|██        | 630/3090 [55:22<3:30:50,  5.14s/it]
 20%|██        | 631/3090 [55:27<3:28:14,  5.08s/it]
 20%|██        | 632/3090 [55:32<3:26:22,  5.04s/it]
 20%|██        | 633/3090 [55:36<3:25:03,  5.01s/it]
 21%|██        | 634/3090 [55:41<3:24:06,  4.99s/it]
 21%|██        | 635/3090 [55:46<3:23:24,  4.97s/it]
 21%|██        | 636/3090 [55:51<3:22:54,  4.96s/it]
 21%|██        | 637/3090 [55:56<3:22:30,  4.95s/it]
 21%|██        | 638/3090 [56:01<3:22:14,  4.95s/it]
 21%|██        | 639/3090 [56:06<3:22:01,  4.95s/it]
 21%|██        | 640/3090 [56:11<3:21:49,  4.94s/it]
 21%|██        | 641/3090 [56:16<3:21:41,  4.94s/it]
 21%|██        | 642/3090 [56:21<3:21:32,  4.94s/it]
 21%|██        | 643/3090 [56:26<3:21:26,  4.94s/it]
 21%|██        | 644/3090 [56:31<3:21:19,  4.94s/it]
 21%|██        | 645/3090 [56:36<3:21:12,  4.94s/it]
 21%|██        | 646/3090 [56:41<3:21:05,  4.94s/it]
 21%|██        | 647/3090 [56:46<3:21:01,  4.94s/it]
 21%|██        | 648/3090 [56:51<3:20:56,  4.94s/it]
 21%|██        | 649/3090 [56:55<3:20:51,  4.94s/it]
 21%|██        | 650/3090 [57:00<3:20:45,  4.94s/it]
 21%|██        | 651/3090 [57:05<3:20:40,  4.94s/it]
 21%|██        | 652/3090 [57:10<3:20:36,  4.94s/it]
 21%|██        | 653/3090 [57:15<3:20:33,  4.94s/it]
 21%|██        | 654/3090 [57:20<3:20:27,  4.94s/it]
 21%|██        | 655/3090 [57:25<3:20:22,  4.94s/it]
 21%|██        | 656/3090 [57:30<3:20:18,  4.94s/it]
 21%|██▏       | 657/3090 [57:35<3:20:12,  4.94s/it]
 21%|██▏       | 658/3090 [57:40<3:20:07,  4.94s/it]
 21%|██▏       | 659/3090 [57:45<3:20:02,  4.94s/it]
 21%|██▏       | 660/3090 [57:50<3:19:57,  4.94s/it]
 21%|██▏       | 661/3090 [57:55<3:19:52,  4.94s/it]
 21%|██▏       | 662/3090 [58:00<3:19:48,  4.94s/it]
 21%|██▏       | 663/3090 [58:05<3:19:43,  4.94s/it]
 21%|██▏       | 664/3090 [58:10<3:19:38,  4.94s/it]
 22%|██▏       | 665/3090 [58:14<3:19:33,  4.94s/it]
 22%|██▏       | 666/3090 [58:19<3:19:28,  4.94s/it]
 22%|██▏       | 667/3090 [58:24<3:19:24,  4.94s/it]
 22%|██▏       | 668/3090 [58:29<3:19:17,  4.94s/it]
 22%|██▏       | 669/3090 [58:34<3:19:12,  4.94s/it]
 22%|██▏       | 670/3090 [58:39<3:19:07,  4.94s/it]
 22%|██▏       | 671/3090 [58:44<3:19:03,  4.94s/it]
 22%|██▏       | 672/3090 [58:49<3:18:58,  4.94s/it]
 22%|██▏       | 673/3090 [58:54<3:18:52,  4.94s/it]
 22%|██▏       | 674/3090 [58:59<3:18:47,  4.94s/it]
 22%|██▏       | 675/3090 [59:04<3:18:43,  4.94s/it]
 22%|██▏       | 676/3090 [59:09<3:18:39,  4.94s/it]
 22%|██▏       | 677/3090 [59:14<3:18:34,  4.94s/it]
 22%|██▏       | 678/3090 [59:19<3:18:28,  4.94s/it]
 22%|██▏       | 679/3090 [59:24<3:18:22,  4.94s/it]
 22%|██▏       | 680/3090 [59:29<3:18:16,  4.94s/it]
 22%|██▏       | 681/3090 [59:33<3:18:13,  4.94s/it]
 22%|██▏       | 682/3090 [59:38<3:18:08,  4.94s/it]
 22%|██▏       | 683/3090 [59:43<3:18:05,  4.94s/it]
 22%|██▏       | 684/3090 [59:48<3:17:59,  4.94s/it]
 22%|██▏       | 685/3090 [59:53<3:17:54,  4.94s/it]
 22%|██▏       | 686/3090 [59:58<3:17:48,  4.94s/it]
 22%|██▏       | 687/3090 [1:00:03<3:17:44,  4.94s/it]
 22%|██▏       | 688/3090 [1:00:08<3:17:38,  4.94s/it]
 22%|██▏       | 689/3090 [1:00:13<3:17:35,  4.94s/it]
 22%|██▏       | 690/3090 [1:00:18<3:17:30,  4.94s/it]
 22%|██▏       | 691/3090 [1:00:23<3:17:23,  4.94s/it]
 22%|██▏       | 692/3090 [1:00:28<3:17:19,  4.94s/it]
 22%|██▏       | 693/3090 [1:00:33<3:17:14,  4.94s/it]
 22%|██▏       | 694/3090 [1:00:38<3:17:09,  4.94s/it]
 22%|██▏       | 695/3090 [1:00:43<3:17:04,  4.94s/it]
 23%|██▎       | 696/3090 [1:00:48<3:17:00,  4.94s/it]
 23%|██▎       | 697/3090 [1:00:52<3:16:54,  4.94s/it]
 23%|██▎       | 698/3090 [1:00:57<3:16:49,  4.94s/it]
 23%|██▎       | 699/3090 [1:01:02<3:16:44,  4.94s/it]
 23%|██▎       | 700/3090 [1:01:07<3:16:40,  4.94s/it]
 23%|██▎       | 701/3090 [1:01:12<3:16:35,  4.94s/it]
 23%|██▎       | 702/3090 [1:01:17<3:16:30,  4.94s/it]
 23%|██▎       | 703/3090 [1:01:22<3:16:26,  4.94s/it]
 23%|██▎       | 704/3090 [1:01:27<3:16:21,  4.94s/it]
 23%|██▎       | 705/3090 [1:01:32<3:16:15,  4.94s/it]
 23%|██▎       | 706/3090 [1:01:37<3:16:11,  4.94s/it]
 23%|██▎       | 707/3090 [1:01:42<3:16:06,  4.94s/it]
 23%|██▎       | 708/3090 [1:01:47<3:16:00,  4.94s/it]
 23%|██▎       | 709/3090 [1:01:52<3:15:57,  4.94s/it]
 23%|██▎       | 710/3090 [1:01:57<3:15:51,  4.94s/it]
 23%|██▎       | 711/3090 [1:02:02<3:15:46,  4.94s/it]
 23%|██▎       | 712/3090 [1:02:07<3:15:41,  4.94s/it]
 23%|██▎       | 713/3090 [1:02:11<3:15:36,  4.94s/it]
 23%|██▎       | 714/3090 [1:02:16<3:15:30,  4.94s/it]
 23%|██▎       | 715/3090 [1:02:21<3:15:24,  4.94s/it]
 23%|██▎       | 716/3090 [1:02:26<3:15:21,  4.94s/it]
 23%|██▎       | 717/3090 [1:02:31<3:15:16,  4.94s/it]
 23%|██▎       | 718/3090 [1:02:36<3:15:11,  4.94s/it]
 23%|██▎       | 719/3090 [1:02:41<3:15:04,  4.94s/it]
 23%|██▎       | 720/3090 [1:02:46<3:14:59,  4.94s/it]
 23%|██▎       | 721/3090 [1:02:51<3:12:15,  4.87s/it]
                                                      

 23%|██▎       | 721/3090 [1:02:51<3:12:15,  4.87s/it]{'loss': 0.0509, 'grad_norm': 0.45132219791412354, 'learning_rate': 3.8333333333333334e-05, 'epoch': 7.0}


  0%|          | 0/26 [00:00<?, ?it/s][A

  8%|▊         | 2/26 [00:01<00:14,  1.68it/s][A

 12%|█▏        | 3/26 [00:02<00:19,  1.18it/s][A

 15%|█▌        | 4/26 [00:03<00:21,  1.03it/s][A

 19%|█▉        | 5/26 [00:04<00:22,  1.05s/it][A

 23%|██▎       | 6/26 [00:05<00:21,  1.10s/it][A

 27%|██▋       | 7/26 [00:07<00:21,  1.13s/it][A

 31%|███       | 8/26 [00:08<00:20,  1.15s/it][A

 35%|███▍      | 9/26 [00:09<00:19,  1.16s/it][A

 38%|███▊      | 10/26 [00:10<00:18,  1.17s/it][A

 42%|████▏     | 11/26 [00:11<00:17,  1.18s/it][A

 46%|████▌     | 12/26 [00:13<00:16,  1.18s/it][A

 50%|█████     | 13/26 [00:14<00:15,  1.18s/it][A

 54%|█████▍    | 14/26 [00:15<00:14,  1.19s/it][A

 58%|█████▊    | 15/26 [00:16<00:13,  1.19s/it][A

 62%|██████▏   | 16/26 [00:17<00:11,  1.19s/it][A

 65%|██████▌   | 17/26 [00:19<00:10,  1.19s/it][A

 69%|██████▉   | 18/26 [00:20<00:09,  1.19s/it][A

 73%|███████▎  | 19/26 [00:21<00:08,  1.19s/it][A

 77%|███████▋  | 20/26 [00:22<00:07,  1.19s/it][A

 81%|████████  | 21/26 [00:23<00:05,  1.19s/it][A

 85%|████████▍ | 22/26 [00:25<00:04,  1.19s/it][A

 88%|████████▊ | 23/26 [00:26<00:03,  1.19s/it][A

 92%|█████████▏| 24/26 [00:27<00:02,  1.19s/it][A

 96%|█████████▌| 25/26 [00:28<00:01,  1.19s/it][A

100%|██████████| 26/26 [00:29<00:00,  1.13s/it][A

                                               
[A
                                                      

100%|██████████| 26/26 [00:29<00:00,  1.13s/it][A
 23%|██▎       | 721/3090 [1:03:22<3:12:15,  4.87s/it]

                                               [A{'eval_loss': 0.07769858837127686, 'eval_macro_recall': 0.9534313985334393, 'eval_macro_precision': 0.952865575982459, 'eval_macro_f1': 0.9519482373715782, 'eval_accuracy': 0.9854368932038835, 'eval_micro_recall': 0.9854368932038835, 'eval_micro_precision': 0.9854368932038835, 'eval_micro_f1': 0.9854368932038835, 'eval_runtime': 31.0582, 'eval_samples_per_second': 26.531, 'eval_steps_per_second': 0.837, 'epoch': 7.0}

 23%|██▎       | 722/3090 [1:03:31<10:10:51, 15.48s/it]
 23%|██▎       | 723/3090 [1:03:36<8:05:54, 12.32s/it] 
 23%|██▎       | 724/3090 [1:03:41<6:38:26, 10.10s/it]
 23%|██▎       | 725/3090 [1:03:46<5:37:12,  8.55s/it]
 23%|██▎       | 726/3090 [1:03:51<4:54:19,  7.47s/it]
 24%|██▎       | 727/3090 [1:03:56<4:25:30,  6.74s/it]
 24%|██▎       | 728/3090 [1:04:01<4:04:07,  6.20s/it]
 24%|██▎       | 729/3090 [1:04:06<3:49:07,  5.82s/it]
 24%|██▎       | 730/3090 [1:04:11<3:38:35,  5.56s/it]
 24%|██▎       | 731/3090 [1:04:16<3:31:12,  5.37s/it]
 24%|██▎       | 732/3090 [1:04:20<3:25:59,  5.24s/it]
 24%|██▎       | 733/3090 [1:04:25<3:22:21,  5.15s/it]
 24%|██▍       | 734/3090 [1:04:30<3:19:46,  5.09s/it]
 24%|██▍       | 735/3090 [1:04:35<3:17:58,  5.04s/it]
 24%|██▍       | 736/3090 [1:04:40<3:16:38,  5.01s/it]
 24%|██▍       | 737/3090 [1:04:45<3:15:42,  4.99s/it]
 24%|██▍       | 738/3090 [1:04:50<3:15:01,  4.97s/it]
 24%|██▍       | 739/3090 [1:04:55<3:14:32,  4.96s/it]
 24%|██▍       | 740/3090 [1:05:01<3:27:37,  5.30s/it]
 24%|██▍       | 741/3090 [1:05:06<3:24:54,  5.23s/it]
 24%|██▍       | 742/3090 [1:05:14<3:50:58,  5.90s/it]
 24%|██▍       | 743/3090 [1:05:19<3:39:31,  5.61s/it]
 24%|██▍       | 744/3090 [1:05:24<3:31:31,  5.41s/it]
 24%|██▍       | 745/3090 [1:05:28<3:25:56,  5.27s/it]
 24%|██▍       | 746/3090 [1:05:33<3:21:58,  5.17s/it]
 24%|██▍       | 747/3090 [1:05:38<3:19:11,  5.10s/it]
 24%|██▍       | 748/3090 [1:05:43<3:17:13,  5.05s/it]
 24%|██▍       | 749/3090 [1:05:48<3:15:48,  5.02s/it]
 24%|██▍       | 750/3090 [1:05:53<3:14:48,  4.99s/it]
 24%|██▍       | 751/3090 [1:05:58<3:14:04,  4.98s/it]
 24%|██▍       | 752/3090 [1:06:03<3:13:32,  4.97s/it]
 24%|██▍       | 753/3090 [1:06:08<3:13:08,  4.96s/it]
 24%|██▍       | 754/3090 [1:06:13<3:12:49,  4.95s/it]
 24%|██▍       | 755/3090 [1:06:18<3:12:34,  4.95s/it]
 24%|██▍       | 756/3090 [1:06:23<3:12:22,  4.95s/it]
 24%|██▍       | 757/3090 [1:06:28<3:12:13,  4.94s/it]
 25%|██▍       | 758/3090 [1:06:33<3:12:03,  4.94s/it]
 25%|██▍       | 759/3090 [1:06:38<3:11:56,  4.94s/it]
 25%|██▍       | 760/3090 [1:06:43<3:11:49,  4.94s/it]
 25%|██▍       | 761/3090 [1:06:48<3:11:44,  4.94s/it]
 25%|██▍       | 762/3090 [1:06:52<3:11:40,  4.94s/it]
 25%|██▍       | 763/3090 [1:06:57<3:11:35,  4.94s/it]
 25%|██▍       | 764/3090 [1:07:02<3:11:31,  4.94s/it]
 25%|██▍       | 765/3090 [1:07:07<3:11:27,  4.94s/it]
 25%|██▍       | 766/3090 [1:07:12<3:11:21,  4.94s/it]
 25%|██▍       | 767/3090 [1:07:17<3:11:17,  4.94s/it]
 25%|██▍       | 768/3090 [1:07:22<3:11:12,  4.94s/it]
 25%|██▍       | 769/3090 [1:07:27<3:11:07,  4.94s/it]
 25%|██▍       | 770/3090 [1:07:32<3:11:00,  4.94s/it]
 25%|██▍       | 771/3090 [1:07:37<3:10:56,  4.94s/it]
 25%|██▍       | 772/3090 [1:07:42<3:10:50,  4.94s/it]
 25%|██▌       | 773/3090 [1:07:47<3:10:45,  4.94s/it]
 25%|██▌       | 774/3090 [1:07:52<3:10:40,  4.94s/it]
 25%|██▌       | 775/3090 [1:07:57<3:10:36,  4.94s/it]
 25%|██▌       | 776/3090 [1:08:02<3:10:31,  4.94s/it]
 25%|██▌       | 777/3090 [1:08:07<3:10:26,  4.94s/it]
 25%|██▌       | 778/3090 [1:08:11<3:10:22,  4.94s/it]
 25%|██▌       | 779/3090 [1:08:16<3:10:16,  4.94s/it]
 25%|██▌       | 780/3090 [1:08:21<3:10:11,  4.94s/it]
 25%|██▌       | 781/3090 [1:08:26<3:10:06,  4.94s/it]
 25%|██▌       | 782/3090 [1:08:31<3:09:59,  4.94s/it]
 25%|██▌       | 783/3090 [1:08:36<3:09:54,  4.94s/it]
 25%|██▌       | 784/3090 [1:08:41<3:09:49,  4.94s/it]
 25%|██▌       | 785/3090 [1:08:46<3:09:46,  4.94s/it]
 25%|██▌       | 786/3090 [1:08:51<3:09:40,  4.94s/it]
 25%|██▌       | 787/3090 [1:08:56<3:09:35,  4.94s/it]
 26%|██▌       | 788/3090 [1:09:01<3:09:29,  4.94s/it]
 26%|██▌       | 789/3090 [1:09:06<3:09:24,  4.94s/it]
 26%|██▌       | 790/3090 [1:09:11<3:09:22,  4.94s/it]
 26%|██▌       | 791/3090 [1:09:16<3:09:18,  4.94s/it]
 26%|██▌       | 792/3090 [1:09:21<3:09:12,  4.94s/it]
 26%|██▌       | 793/3090 [1:09:26<3:09:07,  4.94s/it]
 26%|██▌       | 794/3090 [1:09:31<3:09:02,  4.94s/it]
 26%|██▌       | 795/3090 [1:09:35<3:08:57,  4.94s/it]
 26%|██▌       | 796/3090 [1:09:40<3:08:52,  4.94s/it]
 26%|██▌       | 797/3090 [1:09:45<3:08:49,  4.94s/it]
 26%|██▌       | 798/3090 [1:09:50<3:08:43,  4.94s/it]
 26%|██▌       | 799/3090 [1:09:55<3:08:38,  4.94s/it]
 26%|██▌       | 800/3090 [1:10:00<3:08:32,  4.94s/it]
 26%|██▌       | 801/3090 [1:10:05<3:08:28,  4.94s/it]
 26%|██▌       | 802/3090 [1:10:10<3:08:23,  4.94s/it]
 26%|██▌       | 803/3090 [1:10:15<3:08:18,  4.94s/it]
 26%|██▌       | 804/3090 [1:10:20<3:08:14,  4.94s/it]
 26%|██▌       | 805/3090 [1:10:25<3:08:09,  4.94s/it]
 26%|██▌       | 806/3090 [1:10:30<3:08:03,  4.94s/it]
 26%|██▌       | 807/3090 [1:10:35<3:07:58,  4.94s/it]
 26%|██▌       | 808/3090 [1:10:40<3:07:54,  4.94s/it]
 26%|██▌       | 809/3090 [1:10:45<3:07:49,  4.94s/it]
 26%|██▌       | 810/3090 [1:10:50<3:07:44,  4.94s/it]
 26%|██▌       | 811/3090 [1:10:55<3:07:38,  4.94s/it]
 26%|██▋       | 812/3090 [1:10:59<3:07:33,  4.94s/it]
 26%|██▋       | 813/3090 [1:11:04<3:07:27,  4.94s/it]
 26%|██▋       | 814/3090 [1:11:09<3:07:23,  4.94s/it]
 26%|██▋       | 815/3090 [1:11:14<3:07:18,  4.94s/it]
 26%|██▋       | 816/3090 [1:11:19<3:07:14,  4.94s/it]
 26%|██▋       | 817/3090 [1:11:24<3:07:09,  4.94s/it]
 26%|██▋       | 818/3090 [1:11:29<3:07:05,  4.94s/it]
 27%|██▋       | 819/3090 [1:11:34<3:07:00,  4.94s/it]
 27%|██▋       | 820/3090 [1:11:39<3:06:54,  4.94s/it]
 27%|██▋       | 821/3090 [1:11:44<3:06:48,  4.94s/it]
 27%|██▋       | 822/3090 [1:11:49<3:06:43,  4.94s/it]
 27%|██▋       | 823/3090 [1:11:54<3:06:40,  4.94s/it]
 27%|██▋       | 824/3090 [1:11:59<3:04:10,  4.88s/it]
                                                      

 27%|██▋       | 824/3090 [1:11:59<3:04:10,  4.88s/it]{'loss': 0.0381, 'grad_norm': 0.17839176952838898, 'learning_rate': 3.6666666666666666e-05, 'epoch': 8.0}


  0%|          | 0/26 [00:00<?, ?it/s][A

  8%|▊         | 2/26 [00:01<00:14,  1.68it/s][A

 12%|█▏        | 3/26 [00:02<00:19,  1.19it/s][A

 15%|█▌        | 4/26 [00:03<00:21,  1.03it/s][A

 19%|█▉        | 5/26 [00:04<00:22,  1.05s/it][A

 23%|██▎       | 6/26 [00:05<00:21,  1.10s/it][A

 27%|██▋       | 7/26 [00:07<00:21,  1.13s/it][A

 31%|███       | 8/26 [00:08<00:20,  1.15s/it][A

 35%|███▍      | 9/26 [00:09<00:19,  1.16s/it][A

 38%|███▊      | 10/26 [00:10<00:18,  1.17s/it][A

 42%|████▏     | 11/26 [00:11<00:17,  1.18s/it][A

 46%|████▌     | 12/26 [00:13<00:16,  1.18s/it][A

 50%|█████     | 13/26 [00:14<00:15,  1.18s/it][A

 54%|█████▍    | 14/26 [00:15<00:14,  1.19s/it][A

 58%|█████▊    | 15/26 [00:16<00:13,  1.19s/it][A

 62%|██████▏   | 16/26 [00:17<00:11,  1.19s/it][A

 65%|██████▌   | 17/26 [00:19<00:10,  1.19s/it][A

 69%|██████▉   | 18/26 [00:20<00:09,  1.19s/it][A

 73%|███████▎  | 19/26 [00:21<00:08,  1.19s/it][A

 77%|███████▋  | 20/26 [00:22<00:07,  1.19s/it][A

 81%|████████  | 21/26 [00:23<00:05,  1.19s/it][A

 85%|████████▍ | 22/26 [00:25<00:04,  1.19s/it][A

 88%|████████▊ | 23/26 [00:26<00:03,  1.19s/it][A

 92%|█████████▏| 24/26 [00:27<00:02,  1.19s/it][A

 96%|█████████▌| 25/26 [00:28<00:01,  1.19s/it][A

100%|██████████| 26/26 [00:29<00:00,  1.14s/it][A

                                               
[A
                                                      

100%|██████████| 26/26 [00:30<00:00,  1.14s/it][A
 27%|██▋       | 824/3090 [1:12:31<3:04:10,  4.88s/it]

                                               [A{'eval_loss': 0.06906166672706604, 'eval_macro_recall': 0.9659765485141424, 'eval_macro_precision': 0.9633512759170653, 'eval_macro_f1': 0.9644132151122831, 'eval_accuracy': 0.9854368932038835, 'eval_micro_recall': 0.9854368932038835, 'eval_micro_precision': 0.9854368932038835, 'eval_micro_f1': 0.9854368932038835, 'eval_runtime': 32.0414, 'eval_samples_per_second': 25.717, 'eval_steps_per_second': 0.811, 'epoch': 8.0}

 27%|██▋       | 825/3090 [1:12:40<9:54:49, 15.76s/it]
 27%|██▋       | 826/3090 [1:12:45<7:52:06, 12.51s/it]
 27%|██▋       | 827/3090 [1:12:50<6:26:13, 10.24s/it]
 27%|██▋       | 828/3090 [1:12:54<5:26:05,  8.65s/it]
 27%|██▋       | 829/3090 [1:12:59<4:43:59,  7.54s/it]
 27%|██▋       | 830/3090 [1:13:04<4:14:31,  6.76s/it]
 27%|██▋       | 831/3090 [1:13:09<3:53:52,  6.21s/it]
 27%|██▋       | 832/3090 [1:13:14<3:39:24,  5.83s/it]
 27%|██▋       | 833/3090 [1:13:19<3:29:13,  5.56s/it]
 27%|██▋       | 834/3090 [1:13:24<3:22:07,  5.38s/it]
 27%|██▋       | 835/3090 [1:13:29<3:17:06,  5.24s/it]
 27%|██▋       | 836/3090 [1:13:34<3:13:35,  5.15s/it]
 27%|██▋       | 837/3090 [1:13:39<3:11:05,  5.09s/it]
 27%|██▋       | 838/3090 [1:13:44<3:09:19,  5.04s/it]
 27%|██▋       | 839/3090 [1:13:49<3:08:03,  5.01s/it]
 27%|██▋       | 840/3090 [1:13:54<3:07:08,  4.99s/it]
 27%|██▋       | 841/3090 [1:13:59<3:06:29,  4.98s/it]
 27%|██▋       | 842/3090 [1:14:04<3:06:00,  4.96s/it]
 27%|██▋       | 843/3090 [1:14:09<3:05:39,  4.96s/it]
 27%|██▋       | 844/3090 [1:14:14<3:05:22,  4.95s/it]
 27%|██▋       | 845/3090 [1:14:18<3:05:09,  4.95s/it]
 27%|██▋       | 846/3090 [1:14:23<3:04:58,  4.95s/it]
 27%|██▋       | 847/3090 [1:14:28<3:04:48,  4.94s/it]
 27%|██▋       | 848/3090 [1:14:33<3:04:40,  4.94s/it]
 27%|██▋       | 849/3090 [1:14:38<3:04:34,  4.94s/it]
 28%|██▊       | 850/3090 [1:14:43<3:04:27,  4.94s/it]
 28%|██▊       | 851/3090 [1:14:48<3:04:21,  4.94s/it]
 28%|██▊       | 852/3090 [1:14:53<3:04:15,  4.94s/it]
 28%|██▊       | 853/3090 [1:14:58<3:04:10,  4.94s/it]
 28%|██▊       | 854/3090 [1:15:03<3:04:06,  4.94s/it]
 28%|██▊       | 855/3090 [1:15:08<3:04:01,  4.94s/it]
 28%|██▊       | 856/3090 [1:15:13<3:03:56,  4.94s/it]
 28%|██▊       | 857/3090 [1:15:18<3:03:50,  4.94s/it]
 28%|██▊       | 858/3090 [1:15:23<3:03:46,  4.94s/it]
 28%|██▊       | 859/3090 [1:15:28<3:03:39,  4.94s/it]
 28%|██▊       | 860/3090 [1:15:33<3:03:36,  4.94s/it]
 28%|██▊       | 861/3090 [1:15:37<3:03:30,  4.94s/it]
 28%|██▊       | 862/3090 [1:15:42<3:03:25,  4.94s/it]
 28%|██▊       | 863/3090 [1:15:47<3:03:20,  4.94s/it]
 28%|██▊       | 864/3090 [1:15:52<3:03:16,  4.94s/it]
 28%|██▊       | 865/3090 [1:15:57<3:03:11,  4.94s/it]
 28%|██▊       | 866/3090 [1:16:02<3:03:05,  4.94s/it]
 28%|██▊       | 867/3090 [1:16:07<3:03:01,  4.94s/it]
 28%|██▊       | 868/3090 [1:16:12<3:02:56,  4.94s/it]
 28%|██▊       | 869/3090 [1:16:17<3:02:52,  4.94s/it]
 28%|██▊       | 870/3090 [1:16:22<3:02:46,  4.94s/it]
 28%|██▊       | 871/3090 [1:16:27<3:02:41,  4.94s/it]
 28%|██▊       | 872/3090 [1:16:32<3:02:37,  4.94s/it]
 28%|██▊       | 873/3090 [1:16:37<3:02:32,  4.94s/it]
 28%|██▊       | 874/3090 [1:16:42<3:02:30,  4.94s/it]
 28%|██▊       | 875/3090 [1:16:47<3:02:24,  4.94s/it]
 28%|██▊       | 876/3090 [1:16:52<3:02:16,  4.94s/it]
 28%|██▊       | 877/3090 [1:16:57<3:02:11,  4.94s/it]
 28%|██▊       | 878/3090 [1:17:01<3:02:05,  4.94s/it]
 28%|██▊       | 879/3090 [1:17:06<3:02:01,  4.94s/it]
 28%|██▊       | 880/3090 [1:17:11<3:01:56,  4.94s/it]
 29%|██▊       | 881/3090 [1:17:16<3:01:51,  4.94s/it]
 29%|██▊       | 882/3090 [1:17:21<3:01:46,  4.94s/it]
 29%|██▊       | 883/3090 [1:17:26<3:01:41,  4.94s/it]
 29%|██▊       | 884/3090 [1:17:31<3:01:36,  4.94s/it]
 29%|██▊       | 885/3090 [1:17:36<3:01:32,  4.94s/it]
 29%|██▊       | 886/3090 [1:17:41<3:01:26,  4.94s/it]
 29%|██▊       | 887/3090 [1:17:46<3:01:21,  4.94s/it]
 29%|██▊       | 888/3090 [1:17:51<3:01:16,  4.94s/it]
 29%|██▉       | 889/3090 [1:17:56<3:01:12,  4.94s/it]
 29%|██▉       | 890/3090 [1:18:01<3:01:07,  4.94s/it]
 29%|██▉       | 891/3090 [1:18:06<3:01:01,  4.94s/it]
 29%|██▉       | 892/3090 [1:18:11<3:00:57,  4.94s/it]
 29%|██▉       | 893/3090 [1:18:16<3:00:52,  4.94s/it]
 29%|██▉       | 894/3090 [1:18:23<3:26:04,  5.63s/it]
 29%|██▉       | 895/3090 [1:18:28<3:20:33,  5.48s/it]
 29%|██▉       | 896/3090 [1:18:33<3:14:29,  5.32s/it]
 29%|██▉       | 897/3090 [1:18:38<3:10:13,  5.20s/it]
 29%|██▉       | 898/3090 [1:18:43<3:07:13,  5.12s/it]
 29%|██▉       | 899/3090 [1:18:48<3:05:06,  5.07s/it]
 29%|██▉       | 900/3090 [1:18:53<3:03:35,  5.03s/it]
 29%|██▉       | 901/3090 [1:18:58<3:02:31,  5.00s/it]
 29%|██▉       | 902/3090 [1:19:03<3:01:45,  4.98s/it]
 29%|██▉       | 903/3090 [1:19:07<3:01:09,  4.97s/it]
 29%|██▉       | 904/3090 [1:19:12<3:00:44,  4.96s/it]
 29%|██▉       | 905/3090 [1:19:17<3:00:25,  4.95s/it]
 29%|██▉       | 906/3090 [1:19:22<3:00:09,  4.95s/it]
 29%|██▉       | 907/3090 [1:19:27<2:59:57,  4.95s/it]
 29%|██▉       | 908/3090 [1:19:32<2:59:47,  4.94s/it]
 29%|██▉       | 909/3090 [1:19:37<2:59:39,  4.94s/it]
 29%|██▉       | 910/3090 [1:19:42<2:59:32,  4.94s/it]
 29%|██▉       | 911/3090 [1:19:47<2:59:25,  4.94s/it]
 30%|██▉       | 912/3090 [1:19:52<2:59:18,  4.94s/it]
 30%|██▉       | 913/3090 [1:19:57<2:59:14,  4.94s/it]
 30%|██▉       | 914/3090 [1:20:02<2:59:07,  4.94s/it]
 30%|██▉       | 915/3090 [1:20:07<2:59:02,  4.94s/it]
 30%|██▉       | 916/3090 [1:20:12<2:58:56,  4.94s/it]
 30%|██▉       | 917/3090 [1:20:17<2:58:52,  4.94s/it]
 30%|██▉       | 918/3090 [1:20:22<2:58:48,  4.94s/it]
 30%|██▉       | 919/3090 [1:20:26<2:58:43,  4.94s/it]
 30%|██▉       | 920/3090 [1:20:31<2:58:37,  4.94s/it]
 30%|██▉       | 921/3090 [1:20:36<2:58:32,  4.94s/it]
 30%|██▉       | 922/3090 [1:20:41<2:58:28,  4.94s/it]
 30%|██▉       | 923/3090 [1:20:46<2:58:23,  4.94s/it]
 30%|██▉       | 924/3090 [1:20:51<2:58:17,  4.94s/it]
 30%|██▉       | 925/3090 [1:20:56<2:58:13,  4.94s/it]
 30%|██▉       | 926/3090 [1:21:01<2:58:08,  4.94s/it]
 30%|███       | 927/3090 [1:21:06<2:55:38,  4.87s/it]
                                                      

 30%|███       | 927/3090 [1:21:06<2:55:38,  4.87s/it]{'loss': 0.0341, 'grad_norm': 0.32693949341773987, 'learning_rate': 3.5e-05, 'epoch': 9.0}


  0%|          | 0/26 [00:00<?, ?it/s][A

  8%|▊         | 2/26 [00:01<00:14,  1.68it/s][A

 12%|█▏        | 3/26 [00:02<00:19,  1.19it/s][A

 15%|█▌        | 4/26 [00:03<00:21,  1.03it/s][A

 19%|█▉        | 5/26 [00:04<00:22,  1.05s/it][A

 23%|██▎       | 6/26 [00:05<00:21,  1.10s/it][A

 27%|██▋       | 7/26 [00:07<00:21,  1.13s/it][A

 31%|███       | 8/26 [00:08<00:20,  1.15s/it][A

 35%|███▍      | 9/26 [00:09<00:19,  1.16s/it][A

 38%|███▊      | 10/26 [00:10<00:18,  1.17s/it][A

 42%|████▏     | 11/26 [00:11<00:17,  1.18s/it][A

 46%|████▌     | 12/26 [00:13<00:16,  1.18s/it][A

 50%|█████     | 13/26 [00:14<00:15,  1.18s/it][A

 54%|█████▍    | 14/26 [00:15<00:14,  1.19s/it][A

 58%|█████▊    | 15/26 [00:16<00:13,  1.19s/it][A

 62%|██████▏   | 16/26 [00:17<00:11,  1.19s/it][A

 65%|██████▌   | 17/26 [00:19<00:10,  1.19s/it][A

 69%|██████▉   | 18/26 [00:20<00:09,  1.19s/it][A

 73%|███████▎  | 19/26 [00:21<00:08,  1.19s/it][A

 77%|███████▋  | 20/26 [00:22<00:07,  1.19s/it][A

 81%|████████  | 21/26 [00:23<00:05,  1.19s/it][A

 85%|████████▍ | 22/26 [00:25<00:04,  1.19s/it][A

 88%|████████▊ | 23/26 [00:26<00:03,  1.19s/it][A

 92%|█████████▏| 24/26 [00:27<00:02,  1.19s/it][A

 96%|█████████▌| 25/26 [00:28<00:01,  1.19s/it][A

100%|██████████| 26/26 [00:29<00:00,  1.13s/it][A

                                               
[A
                                                      

100%|██████████| 26/26 [00:29<00:00,  1.13s/it][A
 30%|███       | 927/3090 [1:21:37<2:55:38,  4.87s/it]

                                               [A{'eval_loss': 0.06888270378112793, 'eval_macro_recall': 0.9686081274615109, 'eval_macro_precision': 0.9664214513556619, 'eval_macro_f1': 0.9670182124541224, 'eval_accuracy': 0.9866504854368932, 'eval_micro_recall': 0.9866504854368932, 'eval_micro_precision': 0.9866504854368932, 'eval_micro_f1': 0.9866504854368932, 'eval_runtime': 31.0786, 'eval_samples_per_second': 26.513, 'eval_steps_per_second': 0.837, 'epoch': 9.0}

 30%|███       | 928/3090 [1:21:46<9:12:39, 15.34s/it]
 30%|███       | 929/3090 [1:21:50<7:20:02, 12.22s/it]
 30%|███       | 930/3090 [1:21:55<6:01:14, 10.03s/it]
 30%|███       | 931/3090 [1:22:00<5:06:05,  8.51s/it]
 30%|███       | 932/3090 [1:22:05<4:27:28,  7.44s/it]
 30%|███       | 933/3090 [1:22:10<4:00:25,  6.69s/it]
 30%|███       | 934/3090 [1:22:15<3:41:27,  6.16s/it]
 30%|███       | 935/3090 [1:22:20<3:28:09,  5.80s/it]
 30%|███       | 936/3090 [1:22:25<3:18:49,  5.54s/it]
 30%|███       | 937/3090 [1:22:30<3:12:18,  5.36s/it]
 30%|███       | 938/3090 [1:22:35<3:07:42,  5.23s/it]
 30%|███       | 939/3090 [1:22:40<3:04:27,  5.15s/it]
 30%|███       | 940/3090 [1:22:48<3:32:02,  5.92s/it]
 30%|███       | 941/3090 [1:22:53<3:22:10,  5.64s/it]
 30%|███       | 942/3090 [1:22:58<3:14:29,  5.43s/it]
 31%|███       | 943/3090 [1:23:02<3:09:04,  5.28s/it]
 31%|███       | 944/3090 [1:23:07<3:05:17,  5.18s/it]
 31%|███       | 945/3090 [1:23:12<3:02:37,  5.11s/it]
 31%|███       | 946/3090 [1:23:17<3:00:42,  5.06s/it]
 31%|███       | 947/3090 [1:23:22<2:59:21,  5.02s/it]
 31%|███       | 948/3090 [1:23:27<2:58:24,  5.00s/it]
 31%|███       | 949/3090 [1:23:32<2:57:42,  4.98s/it]
 31%|███       | 950/3090 [1:23:37<2:57:11,  4.97s/it]
 31%|███       | 951/3090 [1:23:42<2:56:53,  4.96s/it]
 31%|███       | 952/3090 [1:23:47<2:56:32,  4.95s/it]
 31%|███       | 953/3090 [1:23:52<2:56:18,  4.95s/it]
 31%|███       | 954/3090 [1:23:57<2:56:07,  4.95s/it]
 31%|███       | 955/3090 [1:24:02<2:55:57,  4.94s/it]
 31%|███       | 956/3090 [1:24:07<2:55:49,  4.94s/it]
 31%|███       | 957/3090 [1:24:12<2:55:43,  4.94s/it]
 31%|███       | 958/3090 [1:24:17<2:55:36,  4.94s/it]
 31%|███       | 959/3090 [1:24:21<2:55:29,  4.94s/it]
 31%|███       | 960/3090 [1:24:26<2:55:24,  4.94s/it]
 31%|███       | 961/3090 [1:24:31<2:55:17,  4.94s/it]
 31%|███       | 962/3090 [1:24:36<2:55:11,  4.94s/it]
 31%|███       | 963/3090 [1:24:41<2:55:06,  4.94s/it]
 31%|███       | 964/3090 [1:24:46<2:55:00,  4.94s/it]
 31%|███       | 965/3090 [1:24:51<2:54:56,  4.94s/it]
 31%|███▏      | 966/3090 [1:24:56<2:54:51,  4.94s/it]
 31%|███▏      | 967/3090 [1:25:01<2:54:45,  4.94s/it]
 31%|███▏      | 968/3090 [1:25:06<2:54:40,  4.94s/it]
 31%|███▏      | 969/3090 [1:25:11<2:54:34,  4.94s/it]
 31%|███▏      | 970/3090 [1:25:16<2:54:29,  4.94s/it]
 31%|███▏      | 971/3090 [1:25:21<2:54:24,  4.94s/it]
 31%|███▏      | 972/3090 [1:25:26<2:54:19,  4.94s/it]
 31%|███▏      | 973/3090 [1:25:31<2:54:23,  4.94s/it]
 32%|███▏      | 974/3090 [1:25:36<2:54:22,  4.94s/it]
 32%|███▏      | 975/3090 [1:25:41<2:54:14,  4.94s/it]
 32%|███▏      | 976/3090 [1:25:45<2:54:07,  4.94s/it]
 32%|███▏      | 977/3090 [1:25:50<2:54:01,  4.94s/it]
 32%|███▏      | 978/3090 [1:25:55<2:53:55,  4.94s/it]
 32%|███▏      | 979/3090 [1:26:00<2:53:47,  4.94s/it]
 32%|███▏      | 980/3090 [1:26:05<2:53:42,  4.94s/it]
 32%|███▏      | 981/3090 [1:26:10<2:53:36,  4.94s/it]
 32%|███▏      | 982/3090 [1:26:15<2:53:31,  4.94s/it]
 32%|███▏      | 983/3090 [1:26:20<2:53:28,  4.94s/it]
 32%|███▏      | 984/3090 [1:26:25<2:53:22,  4.94s/it]
 32%|███▏      | 985/3090 [1:26:30<2:53:17,  4.94s/it]
 32%|███▏      | 986/3090 [1:26:35<2:53:11,  4.94s/it]
 32%|███▏      | 987/3090 [1:26:40<2:53:08,  4.94s/it]
 32%|███▏      | 988/3090 [1:26:45<2:53:02,  4.94s/it]
 32%|███▏      | 989/3090 [1:26:50<2:52:58,  4.94s/it]
 32%|███▏      | 990/3090 [1:26:55<2:52:53,  4.94s/it]
 32%|███▏      | 991/3090 [1:27:00<2:52:49,  4.94s/it]
 32%|███▏      | 992/3090 [1:27:05<2:52:44,  4.94s/it]
 32%|███▏      | 993/3090 [1:27:09<2:52:38,  4.94s/it]
 32%|███▏      | 994/3090 [1:27:14<2:52:32,  4.94s/it]
 32%|███▏      | 995/3090 [1:27:19<2:52:27,  4.94s/it]
 32%|███▏      | 996/3090 [1:27:24<2:52:22,  4.94s/it]
 32%|███▏      | 997/3090 [1:27:29<2:52:19,  4.94s/it]
 32%|███▏      | 998/3090 [1:27:34<2:52:13,  4.94s/it]
 32%|███▏      | 999/3090 [1:27:39<2:52:09,  4.94s/it]
 32%|███▏      | 1000/3090 [1:27:44<2:52:03,  4.94s/it]
 32%|███▏      | 1001/3090 [1:27:49<2:51:58,  4.94s/it]
 32%|███▏      | 1002/3090 [1:27:54<2:51:54,  4.94s/it]
 32%|███▏      | 1003/3090 [1:27:59<2:51:50,  4.94s/it]
 32%|███▏      | 1004/3090 [1:28:04<2:51:44,  4.94s/it]
 33%|███▎      | 1005/3090 [1:28:09<2:51:39,  4.94s/it]
 33%|███▎      | 1006/3090 [1:28:14<2:51:34,  4.94s/it]
 33%|███▎      | 1007/3090 [1:28:19<2:51:30,  4.94s/it]
 33%|███▎      | 1008/3090 [1:28:24<2:51:25,  4.94s/it]
 33%|███▎      | 1009/3090 [1:28:28<2:51:20,  4.94s/it]
 33%|███▎      | 1010/3090 [1:28:33<2:51:15,  4.94s/it]
 33%|███▎      | 1011/3090 [1:28:38<2:51:10,  4.94s/it]
 33%|███▎      | 1012/3090 [1:28:43<2:51:06,  4.94s/it]
 33%|███▎      | 1013/3090 [1:28:48<2:51:00,  4.94s/it]
 33%|███▎      | 1014/3090 [1:28:53<2:50:54,  4.94s/it]
 33%|███▎      | 1015/3090 [1:28:58<2:50:48,  4.94s/it]
 33%|███▎      | 1016/3090 [1:29:03<2:50:45,  4.94s/it]
 33%|███▎      | 1017/3090 [1:29:08<2:50:39,  4.94s/it]
 33%|███▎      | 1018/3090 [1:29:13<2:50:34,  4.94s/it]
 33%|███▎      | 1019/3090 [1:29:18<2:50:29,  4.94s/it]
 33%|███▎      | 1020/3090 [1:29:23<2:50:24,  4.94s/it]
 33%|███▎      | 1021/3090 [1:29:28<2:50:18,  4.94s/it]
 33%|███▎      | 1022/3090 [1:29:33<2:50:15,  4.94s/it]
 33%|███▎      | 1023/3090 [1:29:38<2:50:09,  4.94s/it]
 33%|███▎      | 1024/3090 [1:29:43<2:50:04,  4.94s/it]
 33%|███▎      | 1025/3090 [1:29:48<2:49:59,  4.94s/it]
 33%|███▎      | 1026/3090 [1:29:53<2:51:17,  4.98s/it]
 33%|███▎      | 1027/3090 [1:29:58<2:50:48,  4.97s/it]
 33%|███▎      | 1028/3090 [1:30:02<2:50:24,  4.96s/it]
 33%|███▎      | 1029/3090 [1:30:07<2:50:08,  4.95s/it]
 33%|███▎      | 1030/3090 [1:30:12<2:47:46,  4.89s/it]
                                                       

 33%|███▎      | 1030/3090 [1:30:12<2:47:46,  4.89s/it]{'loss': 0.03, 'grad_norm': 1.2716814279556274, 'learning_rate': 3.3333333333333335e-05, 'epoch': 10.0}


  0%|          | 0/26 [00:00<?, ?it/s][A

  8%|▊         | 2/26 [00:01<00:14,  1.68it/s][A

 12%|█▏        | 3/26 [00:02<00:19,  1.19it/s][A

 15%|█▌        | 4/26 [00:03<00:21,  1.03it/s][A

 19%|█▉        | 5/26 [00:04<00:22,  1.05s/it][A

 23%|██▎       | 6/26 [00:05<00:21,  1.10s/it][A

 27%|██▋       | 7/26 [00:07<00:21,  1.13s/it][A

 31%|███       | 8/26 [00:08<00:20,  1.15s/it][A

 35%|███▍      | 9/26 [00:09<00:19,  1.16s/it][A

 38%|███▊      | 10/26 [00:10<00:18,  1.17s/it][A

 42%|████▏     | 11/26 [00:11<00:17,  1.18s/it][A

 46%|████▌     | 12/26 [00:13<00:16,  1.18s/it][A

 50%|█████     | 13/26 [00:14<00:15,  1.19s/it][A

 54%|█████▍    | 14/26 [00:15<00:14,  1.19s/it][A

 58%|█████▊    | 15/26 [00:16<00:13,  1.19s/it][A

 62%|██████▏   | 16/26 [00:17<00:11,  1.19s/it][A

 65%|██████▌   | 17/26 [00:19<00:10,  1.19s/it][A

 69%|██████▉   | 18/26 [00:20<00:09,  1.19s/it][A

 73%|███████▎  | 19/26 [00:21<00:08,  1.19s/it][A

 77%|███████▋  | 20/26 [00:22<00:07,  1.19s/it][A

 81%|████████  | 21/26 [00:23<00:05,  1.19s/it][A

 85%|████████▍ | 22/26 [00:25<00:04,  1.19s/it][A

 88%|████████▊ | 23/26 [00:26<00:03,  1.19s/it][A

 92%|█████████▏| 24/26 [00:27<00:02,  1.19s/it][A

 96%|█████████▌| 25/26 [00:28<00:01,  1.19s/it][A

100%|██████████| 26/26 [00:29<00:00,  1.14s/it][A

                                               
[A
                                                       

100%|██████████| 26/26 [00:29<00:00,  1.14s/it][A
 33%|███▎      | 1030/3090 [1:30:44<2:47:46,  4.89s/it]

                                               [A{'eval_loss': 0.06822649389505386, 'eval_macro_recall': 0.9712397064088794, 'eval_macro_precision': 0.9688070606491659, 'eval_macro_f1': 0.9697760830808054, 'eval_accuracy': 0.9878640776699029, 'eval_micro_recall': 0.9878640776699029, 'eval_micro_precision': 0.9878640776699029, 'eval_micro_f1': 0.9878640776699029, 'eval_runtime': 31.4269, 'eval_samples_per_second': 26.22, 'eval_steps_per_second': 0.827, 'epoch': 10.0}

 33%|███▎      | 1031/3090 [1:30:53<9:00:15, 15.74s/it]
 33%|███▎      | 1032/3090 [1:30:58<7:08:57, 12.51s/it]
 33%|███▎      | 1033/3090 [1:31:03<5:51:05, 10.24s/it]
 33%|███▎      | 1034/3090 [1:31:08<4:56:34,  8.65s/it]
 33%|███▎      | 1035/3090 [1:31:13<4:18:23,  7.54s/it]
 34%|███▎      | 1036/3090 [1:31:18<3:51:40,  6.77s/it]
 34%|███▎      | 1037/3090 [1:31:23<3:32:56,  6.22s/it]
 34%|███▎      | 1038/3090 [1:31:28<3:19:47,  5.84s/it]
 34%|███▎      | 1039/3090 [1:31:33<3:10:37,  5.58s/it]
 34%|███▎      | 1040/3090 [1:31:38<3:04:11,  5.39s/it]
 34%|███▎      | 1041/3090 [1:31:43<2:59:37,  5.26s/it]
 34%|███▎      | 1042/3090 [1:31:48<2:56:24,  5.17s/it]
 34%|███▍      | 1043/3090 [1:31:53<2:54:06,  5.10s/it]
 34%|███▍      | 1044/3090 [1:31:58<2:52:28,  5.06s/it]
 34%|███▍      | 1045/3090 [1:32:03<2:51:19,  5.03s/it]
 34%|███▍      | 1046/3090 [1:32:08<2:50:32,  5.01s/it]
 34%|███▍      | 1047/3090 [1:32:12<2:49:56,  4.99s/it]
 34%|███▍      | 1048/3090 [1:32:17<2:49:29,  4.98s/it]
 34%|███▍      | 1049/3090 [1:32:22<2:49:07,  4.97s/it]
 34%|███▍      | 1050/3090 [1:32:27<2:48:50,  4.97s/it]
 34%|███▍      | 1051/3090 [1:32:32<2:48:36,  4.96s/it]
 34%|███▍      | 1052/3090 [1:32:37<2:48:25,  4.96s/it]
 34%|███▍      | 1053/3090 [1:32:42<2:48:16,  4.96s/it]
 34%|███▍      | 1054/3090 [1:32:47<2:48:09,  4.96s/it]
 34%|███▍      | 1055/3090 [1:32:52<2:48:03,  4.96s/it]
 34%|███▍      | 1056/3090 [1:32:57<2:47:56,  4.95s/it]
 34%|███▍      | 1057/3090 [1:33:02<2:47:50,  4.95s/it]
 34%|███▍      | 1058/3090 [1:33:07<2:47:46,  4.95s/it]
 34%|███▍      | 1059/3090 [1:33:12<2:47:41,  4.95s/it]
 34%|███▍      | 1060/3090 [1:33:17<2:47:36,  4.95s/it]
 34%|███▍      | 1061/3090 [1:33:22<2:47:31,  4.95s/it]
 34%|███▍      | 1062/3090 [1:33:27<2:47:27,  4.95s/it]
 34%|███▍      | 1063/3090 [1:33:32<2:47:21,  4.95s/it]
 34%|███▍      | 1064/3090 [1:33:37<2:47:17,  4.95s/it]
 34%|███▍      | 1065/3090 [1:33:42<2:47:12,  4.95s/it]
 34%|███▍      | 1066/3090 [1:33:47<2:47:07,  4.95s/it]
 35%|███▍      | 1067/3090 [1:33:52<2:47:02,  4.95s/it]
 35%|███▍      | 1068/3090 [1:33:57<2:46:56,  4.95s/it]
 35%|███▍      | 1069/3090 [1:34:01<2:46:51,  4.95s/it]
 35%|███▍      | 1070/3090 [1:34:08<3:05:12,  5.50s/it]
 35%|███▍      | 1071/3090 [1:34:13<3:00:11,  5.35s/it]
 35%|███▍      | 1072/3090 [1:34:18<2:56:05,  5.24s/it]
 35%|███▍      | 1073/3090 [1:34:23<2:53:09,  5.15s/it]
 35%|███▍      | 1074/3090 [1:34:28<2:51:05,  5.09s/it]
 35%|███▍      | 1075/3090 [1:34:33<2:49:36,  5.05s/it]
 35%|███▍      | 1076/3090 [1:34:38<2:48:33,  5.02s/it]
 35%|███▍      | 1077/3090 [1:34:43<2:47:47,  5.00s/it]
 35%|███▍      | 1078/3090 [1:34:48<2:47:15,  4.99s/it]
 35%|███▍      | 1079/3090 [1:34:53<2:46:49,  4.98s/it]
 35%|███▍      | 1080/3090 [1:34:58<2:46:31,  4.97s/it]
 35%|███▍      | 1081/3090 [1:35:03<2:46:16,  4.97s/it]
 35%|███▌      | 1082/3090 [1:35:08<2:46:05,  4.96s/it]
 35%|███▌      | 1083/3090 [1:35:13<2:45:55,  4.96s/it]
 35%|███▌      | 1084/3090 [1:35:18<2:45:48,  4.96s/it]
 35%|███▌      | 1085/3090 [1:35:23<2:45:41,  4.96s/it]
 35%|███▌      | 1086/3090 [1:35:28<2:45:36,  4.96s/it]
 35%|███▌      | 1087/3090 [1:35:33<2:45:30,  4.96s/it]
 35%|███▌      | 1088/3090 [1:35:37<2:45:22,  4.96s/it]
 35%|███▌      | 1089/3090 [1:35:42<2:45:17,  4.96s/it]
 35%|███▌      | 1090/3090 [1:35:47<2:45:13,  4.96s/it]
 35%|███▌      | 1091/3090 [1:35:52<2:45:08,  4.96s/it]
 35%|███▌      | 1092/3090 [1:35:57<2:45:03,  4.96s/it]
 35%|███▌      | 1093/3090 [1:36:02<2:44:58,  4.96s/it]
 35%|███▌      | 1094/3090 [1:36:07<2:44:52,  4.96s/it]
 35%|███▌      | 1095/3090 [1:36:12<2:44:47,  4.96s/it]
 35%|███▌      | 1096/3090 [1:36:17<2:44:43,  4.96s/it]
 36%|███▌      | 1097/3090 [1:36:22<2:44:37,  4.96s/it]
 36%|███▌      | 1098/3090 [1:36:27<2:44:32,  4.96s/it]
 36%|███▌      | 1099/3090 [1:36:32<2:44:28,  4.96s/it]
 36%|███▌      | 1100/3090 [1:36:37<2:44:22,  4.96s/it]
 36%|███▌      | 1101/3090 [1:36:42<2:44:16,  4.96s/it]
 36%|███▌      | 1102/3090 [1:36:47<2:44:11,  4.96s/it]
 36%|███▌      | 1103/3090 [1:36:52<2:44:05,  4.96s/it]
 36%|███▌      | 1104/3090 [1:36:57<2:44:00,  4.96s/it]
 36%|███▌      | 1105/3090 [1:37:02<2:43:56,  4.96s/it]
 36%|███▌      | 1106/3090 [1:37:07<2:43:51,  4.96s/it]
 36%|███▌      | 1107/3090 [1:37:12<2:43:47,  4.96s/it]
 36%|███▌      | 1108/3090 [1:37:17<2:43:42,  4.96s/it]
 36%|███▌      | 1109/3090 [1:37:22<2:43:38,  4.96s/it]
 36%|███▌      | 1110/3090 [1:37:27<2:43:32,  4.96s/it]
 36%|███▌      | 1111/3090 [1:37:31<2:43:27,  4.96s/it]
 36%|███▌      | 1112/3090 [1:37:36<2:43:23,  4.96s/it]
 36%|███▌      | 1113/3090 [1:37:41<2:43:16,  4.96s/it]
 36%|███▌      | 1114/3090 [1:37:46<2:43:11,  4.96s/it]
 36%|███▌      | 1115/3090 [1:37:51<2:43:06,  4.96s/it]
 36%|███▌      | 1116/3090 [1:37:56<2:42:59,  4.95s/it]
 36%|███▌      | 1117/3090 [1:38:01<2:42:56,  4.96s/it]
 36%|███▌      | 1118/3090 [1:38:06<2:42:51,  4.96s/it]
 36%|███▌      | 1119/3090 [1:38:11<2:42:45,  4.95s/it]
 36%|███▌      | 1120/3090 [1:38:16<2:42:40,  4.95s/it]
 36%|███▋      | 1121/3090 [1:38:21<2:42:36,  4.95s/it]
 36%|███▋      | 1122/3090 [1:38:26<2:42:32,  4.96s/it]
 36%|███▋      | 1123/3090 [1:38:31<2:42:27,  4.96s/it]
 36%|███▋      | 1124/3090 [1:38:36<2:44:50,  5.03s/it]
 36%|███▋      | 1125/3090 [1:38:41<2:44:01,  5.01s/it]
 36%|███▋      | 1126/3090 [1:38:46<2:43:25,  4.99s/it]
 36%|███▋      | 1127/3090 [1:38:51<2:42:57,  4.98s/it]
 37%|███▋      | 1128/3090 [1:38:56<2:42:36,  4.97s/it]
 37%|███▋      | 1129/3090 [1:39:01<2:43:01,  4.99s/it]
 37%|███▋      | 1130/3090 [1:39:06<2:42:36,  4.98s/it]
 37%|███▋      | 1131/3090 [1:39:11<2:42:18,  4.97s/it]
 37%|███▋      | 1132/3090 [1:39:16<2:42:03,  4.97s/it]
 37%|███▋      | 1133/3090 [1:39:21<2:40:18,  4.91s/it]
                                                       

 37%|███▋      | 1133/3090 [1:39:21<2:40:18,  4.91s/it]{'loss': 0.0248, 'grad_norm': 24.165578842163086, 'learning_rate': 3.1666666666666666e-05, 'epoch': 11.0}


  0%|          | 0/26 [00:00<?, ?it/s][A

  8%|▊         | 2/26 [00:01<00:14,  1.68it/s][A

 12%|█▏        | 3/26 [00:02<00:19,  1.18it/s][A

 15%|█▌        | 4/26 [00:03<00:21,  1.02it/s][A

 19%|█▉        | 5/26 [00:04<00:22,  1.05s/it][A

 23%|██▎       | 6/26 [00:05<00:21,  1.10s/it][A

 27%|██▋       | 7/26 [00:07<00:21,  1.13s/it][A

 31%|███       | 8/26 [00:08<00:20,  1.15s/it][A

 35%|███▍      | 9/26 [00:09<00:19,  1.16s/it][A

 38%|███▊      | 10/26 [00:10<00:18,  1.17s/it][A

 42%|████▏     | 11/26 [00:11<00:17,  1.18s/it][A

 46%|████▌     | 12/26 [00:13<00:16,  1.18s/it][A

 50%|█████     | 13/26 [00:14<00:15,  1.19s/it][A

 54%|█████▍    | 14/26 [00:15<00:14,  1.19s/it][A

 58%|█████▊    | 15/26 [00:16<00:13,  1.19s/it][A

 62%|██████▏   | 16/26 [00:17<00:11,  1.19s/it][A

 65%|██████▌   | 17/26 [00:19<00:10,  1.19s/it][A

 69%|██████▉   | 18/26 [00:20<00:09,  1.19s/it][A

 73%|███████▎  | 19/26 [00:21<00:08,  1.19s/it][A

 77%|███████▋  | 20/26 [00:22<00:07,  1.19s/it][A

 81%|████████  | 21/26 [00:23<00:05,  1.19s/it][A

 85%|████████▍ | 22/26 [00:25<00:04,  1.19s/it][A

 88%|████████▊ | 23/26 [00:26<00:03,  1.19s/it][A

 92%|█████████▏| 24/26 [00:27<00:02,  1.19s/it][A

 96%|█████████▌| 25/26 [00:28<00:01,  1.19s/it][A

100%|██████████| 26/26 [00:29<00:00,  1.14s/it][A

                                               
[A
                                                       

100%|██████████| 26/26 [00:29<00:00,  1.14s/it][A
 37%|███▋      | 1133/3090 [1:39:52<2:40:18,  4.91s/it]

                                               [A{'eval_loss': 0.07622353732585907, 'eval_macro_recall': 0.958361162646877, 'eval_macro_precision': 0.95624100239936, 'eval_macro_f1': 0.9569975797726993, 'eval_accuracy': 0.9866504854368932, 'eval_micro_recall': 0.9866504854368932, 'eval_micro_precision': 0.9866504854368932, 'eval_micro_f1': 0.9866504854368932, 'eval_runtime': 31.2856, 'eval_samples_per_second': 26.338, 'eval_steps_per_second': 0.831, 'epoch': 11.0}

 37%|███▋      | 1134/3090 [1:40:01<8:27:03, 15.55s/it]
 37%|███▋      | 1135/3090 [1:40:06<6:43:14, 12.38s/it]
 37%|███▋      | 1136/3090 [1:40:11<5:30:36, 10.15s/it]
 37%|███▋      | 1137/3090 [1:40:16<4:39:44,  8.59s/it]
 37%|███▋      | 1138/3090 [1:40:21<4:04:06,  7.50s/it]
 37%|███▋      | 1139/3090 [1:40:26<3:39:08,  6.74s/it]
 37%|███▋      | 1140/3090 [1:40:31<3:21:39,  6.20s/it]
 37%|███▋      | 1141/3090 [1:40:36<3:09:26,  5.83s/it]
 37%|███▋      | 1142/3090 [1:40:41<3:00:49,  5.57s/it]
 37%|███▋      | 1143/3090 [1:40:46<2:54:46,  5.39s/it]
 37%|███▋      | 1144/3090 [1:40:51<2:50:31,  5.26s/it]
 37%|███▋      | 1145/3090 [1:40:56<2:47:29,  5.17s/it]
 37%|███▋      | 1146/3090 [1:41:01<2:45:23,  5.10s/it]
 37%|███▋      | 1147/3090 [1:41:05<2:43:51,  5.06s/it]
 37%|███▋      | 1148/3090 [1:41:10<2:42:45,  5.03s/it]
 37%|███▋      | 1149/3090 [1:41:15<2:41:58,  5.01s/it]
 37%|███▋      | 1150/3090 [1:41:20<2:41:24,  4.99s/it]
 37%|███▋      | 1151/3090 [1:41:25<2:40:57,  4.98s/it]
 37%|███▋      | 1152/3090 [1:41:30<2:40:40,  4.97s/it]
 37%|███▋      | 1153/3090 [1:41:35<2:40:25,  4.97s/it]
 37%|███▋      | 1154/3090 [1:41:40<2:40:13,  4.97s/it]
 37%|███▋      | 1155/3090 [1:41:45<2:40:02,  4.96s/it]
 37%|███▋      | 1156/3090 [1:41:50<2:39:54,  4.96s/it]
 37%|███▋      | 1157/3090 [1:41:55<2:39:48,  4.96s/it]
 37%|███▋      | 1158/3090 [1:42:00<2:39:41,  4.96s/it]
 38%|███▊      | 1159/3090 [1:42:05<2:39:37,  4.96s/it]
 38%|███▊      | 1160/3090 [1:42:10<2:39:30,  4.96s/it]
 38%|███▊      | 1161/3090 [1:42:15<2:39:25,  4.96s/it]
 38%|███▊      | 1162/3090 [1:42:20<2:39:18,  4.96s/it]
 38%|███▊      | 1163/3090 [1:42:25<2:39:11,  4.96s/it]
 38%|███▊      | 1164/3090 [1:42:30<2:39:05,  4.96s/it]
 38%|███▊      | 1165/3090 [1:42:35<2:38:59,  4.96s/it]
 38%|███▊      | 1166/3090 [1:42:40<2:38:55,  4.96s/it]
 38%|███▊      | 1167/3090 [1:42:45<2:38:51,  4.96s/it]
 38%|███▊      | 1168/3090 [1:42:50<2:38:45,  4.96s/it]
 38%|███▊      | 1169/3090 [1:42:55<2:38:41,  4.96s/it]
 38%|███▊      | 1170/3090 [1:42:59<2:38:35,  4.96s/it]
 38%|███▊      | 1171/3090 [1:43:04<2:38:30,  4.96s/it]
 38%|███▊      | 1172/3090 [1:43:09<2:38:24,  4.96s/it]
 38%|███▊      | 1173/3090 [1:43:14<2:38:20,  4.96s/it]
 38%|███▊      | 1174/3090 [1:43:19<2:38:15,  4.96s/it]
 38%|███▊      | 1175/3090 [1:43:24<2:38:09,  4.96s/it]
 38%|███▊      | 1176/3090 [1:43:29<2:38:03,  4.95s/it]
 38%|███▊      | 1177/3090 [1:43:34<2:37:57,  4.95s/it]
 38%|███▊      | 1178/3090 [1:43:39<2:37:52,  4.95s/it]
 38%|███▊      | 1179/3090 [1:43:44<2:37:47,  4.95s/it]
 38%|███▊      | 1180/3090 [1:43:49<2:37:42,  4.95s/it]
 38%|███▊      | 1181/3090 [1:43:54<2:37:37,  4.95s/it]
 38%|███▊      | 1182/3090 [1:43:59<2:37:32,  4.95s/it]
 38%|███▊      | 1183/3090 [1:44:04<2:38:03,  4.97s/it]
 38%|███▊      | 1184/3090 [1:44:09<2:37:48,  4.97s/it]
 38%|███▊      | 1185/3090 [1:44:14<2:37:36,  4.96s/it]
 38%|███▊      | 1186/3090 [1:44:19<2:37:26,  4.96s/it]
 38%|███▊      | 1187/3090 [1:44:24<2:37:16,  4.96s/it]
 38%|███▊      | 1188/3090 [1:44:29<2:37:08,  4.96s/it]
 38%|███▊      | 1189/3090 [1:44:34<2:37:01,  4.96s/it]
 39%|███▊      | 1190/3090 [1:44:39<2:36:54,  4.95s/it]
 39%|███▊      | 1191/3090 [1:44:44<2:36:48,  4.95s/it]
 39%|███▊      | 1192/3090 [1:44:49<2:36:42,  4.95s/it]
 39%|███▊      | 1193/3090 [1:44:54<2:36:35,  4.95s/it]
 39%|███▊      | 1194/3090 [1:44:58<2:36:30,  4.95s/it]
 39%|███▊      | 1195/3090 [1:45:03<2:36:25,  4.95s/it]
 39%|███▊      | 1196/3090 [1:45:08<2:36:19,  4.95s/it]
 39%|███▊      | 1197/3090 [1:45:13<2:36:15,  4.95s/it]
 39%|███▉      | 1198/3090 [1:45:18<2:36:10,  4.95s/it]
 39%|███▉      | 1199/3090 [1:45:23<2:36:06,  4.95s/it]
 39%|███▉      | 1200/3090 [1:45:28<2:36:00,  4.95s/it]
 39%|███▉      | 1201/3090 [1:45:33<2:35:54,  4.95s/it]
 39%|███▉      | 1202/3090 [1:45:38<2:35:49,  4.95s/it]
 39%|███▉      | 1203/3090 [1:45:43<2:35:43,  4.95s/it]
 39%|███▉      | 1204/3090 [1:45:48<2:35:39,  4.95s/it]
 39%|███▉      | 1205/3090 [1:45:53<2:35:33,  4.95s/it]
 39%|███▉      | 1206/3090 [1:45:58<2:35:28,  4.95s/it]
 39%|███▉      | 1207/3090 [1:46:03<2:35:24,  4.95s/it]
 39%|███▉      | 1208/3090 [1:46:08<2:35:19,  4.95s/it]
 39%|███▉      | 1209/3090 [1:46:13<2:35:14,  4.95s/it]
 39%|███▉      | 1210/3090 [1:46:18<2:35:10,  4.95s/it]
 39%|███▉      | 1211/3090 [1:46:23<2:35:06,  4.95s/it]
 39%|███▉      | 1212/3090 [1:46:28<2:35:02,  4.95s/it]
 39%|███▉      | 1213/3090 [1:46:33<2:34:56,  4.95s/it]
 39%|███▉      | 1214/3090 [1:46:37<2:34:51,  4.95s/it]
 39%|███▉      | 1215/3090 [1:46:42<2:34:47,  4.95s/it]
 39%|███▉      | 1216/3090 [1:46:47<2:34:40,  4.95s/it]
 39%|███▉      | 1217/3090 [1:46:52<2:34:34,  4.95s/it]
 39%|███▉      | 1218/3090 [1:46:57<2:34:29,  4.95s/it]
 39%|███▉      | 1219/3090 [1:47:02<2:34:24,  4.95s/it]
 39%|███▉      | 1220/3090 [1:47:07<2:34:19,  4.95s/it]
 40%|███▉      | 1221/3090 [1:47:12<2:34:14,  4.95s/it]
 40%|███▉      | 1222/3090 [1:47:17<2:34:10,  4.95s/it]
 40%|███▉      | 1223/3090 [1:47:22<2:34:04,  4.95s/it]
 40%|███▉      | 1224/3090 [1:47:27<2:33:59,  4.95s/it]
 40%|███▉      | 1225/3090 [1:47:32<2:33:55,  4.95s/it]
 40%|███▉      | 1226/3090 [1:47:37<2:33:50,  4.95s/it]
 40%|███▉      | 1227/3090 [1:47:42<2:33:45,  4.95s/it]
 40%|███▉      | 1228/3090 [1:47:47<2:33:41,  4.95s/it]
 40%|███▉      | 1229/3090 [1:47:52<2:33:35,  4.95s/it]
 40%|███▉      | 1230/3090 [1:47:57<2:33:30,  4.95s/it]
 40%|███▉      | 1231/3090 [1:48:02<2:33:25,  4.95s/it]
 40%|███▉      | 1232/3090 [1:48:07<2:33:21,  4.95s/it]
 40%|███▉      | 1233/3090 [1:48:12<2:33:15,  4.95s/it]
 40%|███▉      | 1234/3090 [1:48:17<2:33:08,  4.95s/it]
 40%|███▉      | 1235/3090 [1:48:21<2:33:04,  4.95s/it]
 40%|████      | 1236/3090 [1:48:26<2:31:04,  4.89s/it]
                                                       

 40%|████      | 1236/3090 [1:48:26<2:31:04,  4.89s/it]{'loss': 0.0229, 'grad_norm': 0.0837375670671463, 'learning_rate': 3e-05, 'epoch': 12.0}


  0%|          | 0/26 [00:00<?, ?it/s][A

  8%|▊         | 2/26 [00:01<00:14,  1.68it/s][A

 12%|█▏        | 3/26 [00:02<00:19,  1.18it/s][A

 15%|█▌        | 4/26 [00:03<00:21,  1.03it/s][A

 19%|█▉        | 5/26 [00:04<00:22,  1.05s/it][A

 23%|██▎       | 6/26 [00:05<00:21,  1.10s/it][A

 27%|██▋       | 7/26 [00:07<00:21,  1.13s/it][A

 31%|███       | 8/26 [00:08<00:20,  1.15s/it][A

 35%|███▍      | 9/26 [00:09<00:19,  1.16s/it][A

 38%|███▊      | 10/26 [00:10<00:18,  1.17s/it][A

 42%|████▏     | 11/26 [00:11<00:17,  1.18s/it][A

 46%|████▌     | 12/26 [00:13<00:16,  1.18s/it][A

 50%|█████     | 13/26 [00:14<00:15,  1.19s/it][A

 54%|█████▍    | 14/26 [00:15<00:14,  1.19s/it][A

 58%|█████▊    | 15/26 [00:16<00:13,  1.19s/it][A

 62%|██████▏   | 16/26 [00:17<00:11,  1.19s/it][A

 65%|██████▌   | 17/26 [00:19<00:10,  1.19s/it][A

 69%|██████▉   | 18/26 [00:20<00:09,  1.19s/it][A

 73%|███████▎  | 19/26 [00:21<00:08,  1.19s/it][A

 77%|███████▋  | 20/26 [00:22<00:07,  1.19s/it][A

 81%|████████  | 21/26 [00:23<00:05,  1.19s/it][A

 85%|████████▍ | 22/26 [00:25<00:04,  1.19s/it][A

 88%|████████▊ | 23/26 [00:26<00:03,  1.19s/it][A

 92%|█████████▏| 24/26 [00:27<00:02,  1.19s/it][A

 96%|█████████▌| 25/26 [00:28<00:01,  1.19s/it][A

100%|██████████| 26/26 [00:29<00:00,  1.14s/it][A

                                               
[A
                                                       

100%|██████████| 26/26 [00:29<00:00,  1.14s/it][A
 40%|████      | 1236/3090 [1:48:57<2:31:04,  4.89s/it]

                                               [A{'eval_loss': 0.08764882385730743, 'eval_macro_recall': 0.9573009983214065, 'eval_macro_precision': 0.9550919210659469, 'eval_macro_f1': 0.9555861297028357, 'eval_accuracy': 0.9817961165048543, 'eval_micro_recall': 0.9817961165048543, 'eval_micro_precision': 0.9817961165048543, 'eval_micro_f1': 0.9817961165048543, 'eval_runtime': 31.1687, 'eval_samples_per_second': 26.437, 'eval_steps_per_second': 0.834, 'epoch': 12.0}

 40%|████      | 1237/3090 [1:49:06<7:58:07, 15.48s/it]
 40%|████      | 1238/3090 [1:49:11<6:20:22, 12.32s/it]
 40%|████      | 1239/3090 [1:49:16<5:11:57, 10.11s/it]
 40%|████      | 1240/3090 [1:49:21<4:24:03,  8.56s/it]
 40%|████      | 1241/3090 [1:49:26<3:50:31,  7.48s/it]
 40%|████      | 1242/3090 [1:49:31<3:27:01,  6.72s/it]
 40%|████      | 1243/3090 [1:49:36<3:10:33,  6.19s/it]
 40%|████      | 1244/3090 [1:49:41<2:59:00,  5.82s/it]
 40%|████      | 1245/3090 [1:49:46<2:50:54,  5.56s/it]
 40%|████      | 1246/3090 [1:49:51<2:45:13,  5.38s/it]
 40%|████      | 1247/3090 [1:49:56<2:41:14,  5.25s/it]
 40%|████      | 1248/3090 [1:50:01<2:38:24,  5.16s/it]
 40%|████      | 1249/3090 [1:50:06<2:36:24,  5.10s/it]
 40%|████      | 1250/3090 [1:50:11<2:34:58,  5.05s/it]
 40%|████      | 1251/3090 [1:50:16<2:33:56,  5.02s/it]
 41%|████      | 1252/3090 [1:50:21<2:33:12,  5.00s/it]
 41%|████      | 1253/3090 [1:50:26<2:32:40,  4.99s/it]
 41%|████      | 1254/3090 [1:50:31<2:32:16,  4.98s/it]
 41%|████      | 1255/3090 [1:50:36<2:31:57,  4.97s/it]
 41%|████      | 1256/3090 [1:50:41<2:31:44,  4.96s/it]
 41%|████      | 1257/3090 [1:50:45<2:31:31,  4.96s/it]
 41%|████      | 1258/3090 [1:50:50<2:31:22,  4.96s/it]
 41%|████      | 1259/3090 [1:50:55<2:31:13,  4.96s/it]
 41%|████      | 1260/3090 [1:51:00<2:31:04,  4.95s/it]
 41%|████      | 1261/3090 [1:51:05<2:30:58,  4.95s/it]
 41%|████      | 1262/3090 [1:51:10<2:30:55,  4.95s/it]
 41%|████      | 1263/3090 [1:51:15<2:30:48,  4.95s/it]
 41%|████      | 1264/3090 [1:51:20<2:30:44,  4.95s/it]
 41%|████      | 1265/3090 [1:51:25<2:30:39,  4.95s/it]
 41%|████      | 1266/3090 [1:51:30<2:30:34,  4.95s/it]
 41%|████      | 1267/3090 [1:51:35<2:30:27,  4.95s/it]
 41%|████      | 1268/3090 [1:51:40<2:30:22,  4.95s/it]
 41%|████      | 1269/3090 [1:51:45<2:30:16,  4.95s/it]
 41%|████      | 1270/3090 [1:51:50<2:30:11,  4.95s/it]
 41%|████      | 1271/3090 [1:51:55<2:30:07,  4.95s/it]
 41%|████      | 1272/3090 [1:52:00<2:30:02,  4.95s/it]
 41%|████      | 1273/3090 [1:52:05<2:29:56,  4.95s/it]
 41%|████      | 1274/3090 [1:52:10<2:29:52,  4.95s/it]
 41%|████▏     | 1275/3090 [1:52:15<2:29:48,  4.95s/it]
 41%|████▏     | 1276/3090 [1:52:20<2:29:43,  4.95s/it]
 41%|████▏     | 1277/3090 [1:52:24<2:29:38,  4.95s/it]
 41%|████▏     | 1278/3090 [1:52:29<2:29:33,  4.95s/it]
 41%|████▏     | 1279/3090 [1:52:34<2:29:28,  4.95s/it]
 41%|████▏     | 1280/3090 [1:52:39<2:29:23,  4.95s/it]
 41%|████▏     | 1281/3090 [1:52:44<2:29:18,  4.95s/it]
 41%|████▏     | 1282/3090 [1:52:49<2:29:13,  4.95s/it]
 42%|████▏     | 1283/3090 [1:52:54<2:29:08,  4.95s/it]
 42%|████▏     | 1284/3090 [1:52:59<2:29:03,  4.95s/it]
 42%|████▏     | 1285/3090 [1:53:04<2:28:57,  4.95s/it]
 42%|████▏     | 1286/3090 [1:53:09<2:28:51,  4.95s/it]
 42%|████▏     | 1287/3090 [1:53:14<2:28:46,  4.95s/it]
 42%|████▏     | 1288/3090 [1:53:19<2:28:42,  4.95s/it]
 42%|████▏     | 1289/3090 [1:53:24<2:28:37,  4.95s/it]
 42%|████▏     | 1290/3090 [1:53:29<2:28:32,  4.95s/it]
 42%|████▏     | 1291/3090 [1:53:34<2:28:28,  4.95s/it]
 42%|████▏     | 1292/3090 [1:53:39<2:28:22,  4.95s/it]
 42%|████▏     | 1293/3090 [1:53:44<2:28:17,  4.95s/it]
 42%|████▏     | 1294/3090 [1:53:49<2:28:14,  4.95s/it]
 42%|████▏     | 1295/3090 [1:53:54<2:28:08,  4.95s/it]
 42%|████▏     | 1296/3090 [1:53:59<2:28:03,  4.95s/it]
 42%|████▏     | 1297/3090 [1:54:04<2:27:58,  4.95s/it]
 42%|████▏     | 1298/3090 [1:54:08<2:27:52,  4.95s/it]
 42%|████▏     | 1299/3090 [1:54:13<2:27:47,  4.95s/it]
 42%|████▏     | 1300/3090 [1:54:18<2:27:43,  4.95s/it]
 42%|████▏     | 1301/3090 [1:54:23<2:27:38,  4.95s/it]
 42%|████▏     | 1302/3090 [1:54:28<2:27:34,  4.95s/it]
 42%|████▏     | 1303/3090 [1:54:33<2:27:28,  4.95s/it]
 42%|████▏     | 1304/3090 [1:54:38<2:27:22,  4.95s/it]
 42%|████▏     | 1305/3090 [1:54:43<2:27:17,  4.95s/it]
 42%|████▏     | 1306/3090 [1:54:48<2:27:14,  4.95s/it]
 42%|████▏     | 1307/3090 [1:54:53<2:27:08,  4.95s/it]
 42%|████▏     | 1308/3090 [1:54:58<2:27:03,  4.95s/it]
 42%|████▏     | 1309/3090 [1:55:03<2:26:58,  4.95s/it]
 42%|████▏     | 1310/3090 [1:55:08<2:26:54,  4.95s/it]
 42%|████▏     | 1311/3090 [1:55:13<2:26:48,  4.95s/it]
 42%|████▏     | 1312/3090 [1:55:18<2:26:43,  4.95s/it]
 42%|████▏     | 1313/3090 [1:55:23<2:26:38,  4.95s/it]
 43%|████▎     | 1314/3090 [1:55:28<2:26:33,  4.95s/it]
 43%|████▎     | 1315/3090 [1:55:33<2:26:27,  4.95s/it]
 43%|████▎     | 1316/3090 [1:55:38<2:26:23,  4.95s/it]
 43%|████▎     | 1317/3090 [1:55:43<2:26:17,  4.95s/it]
 43%|████▎     | 1318/3090 [1:55:48<2:26:12,  4.95s/it]
 43%|████▎     | 1319/3090 [1:55:52<2:26:09,  4.95s/it]
 43%|████▎     | 1320/3090 [1:55:57<2:26:03,  4.95s/it]
 43%|████▎     | 1321/3090 [1:56:02<2:25:58,  4.95s/it]
 43%|████▎     | 1322/3090 [1:56:07<2:25:53,  4.95s/it]
 43%|████▎     | 1323/3090 [1:56:12<2:25:49,  4.95s/it]
 43%|████▎     | 1324/3090 [1:56:17<2:25:43,  4.95s/it]
 43%|████▎     | 1325/3090 [1:56:22<2:25:38,  4.95s/it]
 43%|████▎     | 1326/3090 [1:56:27<2:25:33,  4.95s/it]
 43%|████▎     | 1327/3090 [1:56:32<2:25:27,  4.95s/it]
 43%|████▎     | 1328/3090 [1:56:37<2:25:22,  4.95s/it]
 43%|████▎     | 1329/3090 [1:56:42<2:25:17,  4.95s/it]
 43%|████▎     | 1330/3090 [1:56:47<2:25:13,  4.95s/it]
 43%|████▎     | 1331/3090 [1:56:52<2:25:09,  4.95s/it]
 43%|████▎     | 1332/3090 [1:56:57<2:25:03,  4.95s/it]
 43%|████▎     | 1333/3090 [1:57:02<2:24:58,  4.95s/it]
 43%|████▎     | 1334/3090 [1:57:07<2:24:53,  4.95s/it]
 43%|████▎     | 1335/3090 [1:57:12<2:24:48,  4.95s/it]
 43%|████▎     | 1336/3090 [1:57:17<2:24:42,  4.95s/it]
 43%|████▎     | 1337/3090 [1:57:22<2:24:37,  4.95s/it]
 43%|████▎     | 1338/3090 [1:57:27<2:24:31,  4.95s/it]
 43%|████▎     | 1339/3090 [1:57:31<2:22:39,  4.89s/it]
                                                       

 43%|████▎     | 1339/3090 [1:57:31<2:22:39,  4.89s/it]{'loss': 0.0254, 'grad_norm': 0.40060752630233765, 'learning_rate': 2.8333333333333335e-05, 'epoch': 13.0}


  0%|          | 0/26 [00:00<?, ?it/s][A

  8%|▊         | 2/26 [00:01<00:14,  1.68it/s][A

 12%|█▏        | 3/26 [00:02<00:19,  1.18it/s][A

 15%|█▌        | 4/26 [00:03<00:21,  1.03it/s][A

 19%|█▉        | 5/26 [00:04<00:22,  1.05s/it][A

 23%|██▎       | 6/26 [00:05<00:21,  1.10s/it][A

 27%|██▋       | 7/26 [00:07<00:21,  1.13s/it][A

 31%|███       | 8/26 [00:08<00:20,  1.15s/it][A

 35%|███▍      | 9/26 [00:09<00:19,  1.16s/it][A

 38%|███▊      | 10/26 [00:10<00:18,  1.17s/it][A

 42%|████▏     | 11/26 [00:11<00:17,  1.18s/it][A

 46%|████▌     | 12/26 [00:13<00:16,  1.18s/it][A

 50%|█████     | 13/26 [00:14<00:15,  1.19s/it][A

 54%|█████▍    | 14/26 [00:15<00:14,  1.19s/it][A

 58%|█████▊    | 15/26 [00:16<00:13,  1.19s/it][A

 62%|██████▏   | 16/26 [00:17<00:11,  1.19s/it][A

 65%|██████▌   | 17/26 [00:19<00:10,  1.19s/it][A

 69%|██████▉   | 18/26 [00:20<00:09,  1.19s/it][A

 73%|███████▎  | 19/26 [00:21<00:08,  1.19s/it][A

 77%|███████▋  | 20/26 [00:22<00:07,  1.19s/it][A

 81%|████████  | 21/26 [00:23<00:05,  1.19s/it][A

 85%|████████▍ | 22/26 [00:25<00:04,  1.19s/it][A

 88%|████████▊ | 23/26 [00:26<00:03,  1.19s/it][A

 92%|█████████▏| 24/26 [00:27<00:02,  1.19s/it][A

 96%|█████████▌| 25/26 [00:28<00:01,  1.19s/it][A

100%|██████████| 26/26 [00:29<00:00,  1.14s/it][A

                                               
[A
                                                       

100%|██████████| 26/26 [00:29<00:00,  1.14s/it][A
 43%|████▎     | 1339/3090 [1:58:02<2:22:39,  4.89s/it]

                                               [A{'eval_loss': 0.0663207396864891, 'eval_macro_recall': 0.9586262037282446, 'eval_macro_precision': 0.9565761511216054, 'eval_macro_f1': 0.9573594927828337, 'eval_accuracy': 0.9878640776699029, 'eval_micro_recall': 0.9878640776699029, 'eval_micro_precision': 0.9878640776699029, 'eval_micro_f1': 0.9878640776699029, 'eval_runtime': 31.175, 'eval_samples_per_second': 26.431, 'eval_steps_per_second': 0.834, 'epoch': 13.0}

 43%|████▎     | 1340/3090 [1:58:11<7:30:52, 15.46s/it]
 43%|████▎     | 1341/3090 [1:58:16<5:58:42, 12.31s/it]
 43%|████▎     | 1342/3090 [1:58:21<4:54:14, 10.10s/it]
 43%|████▎     | 1343/3090 [1:58:26<4:09:06,  8.56s/it]
 43%|████▎     | 1344/3090 [1:58:31<3:37:32,  7.48s/it]
 44%|████▎     | 1345/3090 [1:58:36<3:15:23,  6.72s/it]
 44%|████▎     | 1346/3090 [1:58:41<2:59:53,  6.19s/it]
 44%|████▎     | 1347/3090 [1:58:46<2:49:00,  5.82s/it]
 44%|████▎     | 1348/3090 [1:58:51<2:41:22,  5.56s/it]
 44%|████▎     | 1349/3090 [1:58:56<2:35:59,  5.38s/it]
 44%|████▎     | 1350/3090 [1:59:01<2:32:12,  5.25s/it]
 44%|████▎     | 1351/3090 [1:59:06<2:29:33,  5.16s/it]
 44%|████▍     | 1352/3090 [1:59:11<2:27:38,  5.10s/it]
 44%|████▍     | 1353/3090 [1:59:16<2:26:17,  5.05s/it]
 44%|████▍     | 1354/3090 [1:59:21<2:25:21,  5.02s/it]
 44%|████▍     | 1355/3090 [1:59:26<2:24:38,  5.00s/it]
 44%|████▍     | 1356/3090 [1:59:31<2:24:07,  4.99s/it]
 44%|████▍     | 1357/3090 [1:59:36<2:23:44,  4.98s/it]
 44%|████▍     | 1358/3090 [1:59:41<2:23:27,  4.97s/it]
 44%|████▍     | 1359/3090 [1:59:45<2:23:12,  4.96s/it]
 44%|████▍     | 1360/3090 [1:59:50<2:22:58,  4.96s/it]
 44%|████▍     | 1361/3090 [1:59:55<2:22:49,  4.96s/it]
 44%|████▍     | 1362/3090 [2:00:00<2:22:41,  4.95s/it]
 44%|████▍     | 1363/3090 [2:00:05<2:22:35,  4.95s/it]
 44%|████▍     | 1364/3090 [2:00:10<2:22:29,  4.95s/it]
 44%|████▍     | 1365/3090 [2:00:15<2:22:22,  4.95s/it]
 44%|████▍     | 1366/3090 [2:00:20<2:22:17,  4.95s/it]
 44%|████▍     | 1367/3090 [2:00:25<2:22:11,  4.95s/it]
 44%|████▍     | 1368/3090 [2:00:30<2:22:07,  4.95s/it]
 44%|████▍     | 1369/3090 [2:00:35<2:22:02,  4.95s/it]
 44%|████▍     | 1370/3090 [2:00:40<2:21:56,  4.95s/it]
 44%|████▍     | 1371/3090 [2:00:45<2:21:50,  4.95s/it]
 44%|████▍     | 1372/3090 [2:00:50<2:21:45,  4.95s/it]
 44%|████▍     | 1373/3090 [2:00:55<2:21:40,  4.95s/it]
 44%|████▍     | 1374/3090 [2:01:00<2:21:35,  4.95s/it]
 44%|████▍     | 1375/3090 [2:01:05<2:21:31,  4.95s/it]
 45%|████▍     | 1376/3090 [2:01:10<2:21:24,  4.95s/it]
 45%|████▍     | 1377/3090 [2:01:15<2:21:20,  4.95s/it]
 45%|████▍     | 1378/3090 [2:01:20<2:21:15,  4.95s/it]
 45%|████▍     | 1379/3090 [2:01:24<2:21:10,  4.95s/it]
 45%|████▍     | 1380/3090 [2:01:29<2:21:06,  4.95s/it]
 45%|████▍     | 1381/3090 [2:01:34<2:21:00,  4.95s/it]
 45%|████▍     | 1382/3090 [2:01:39<2:20:55,  4.95s/it]
 45%|████▍     | 1383/3090 [2:01:44<2:20:50,  4.95s/it]
 45%|████▍     | 1384/3090 [2:01:49<2:20:46,  4.95s/it]
 45%|████▍     | 1385/3090 [2:01:54<2:20:41,  4.95s/it]
 45%|████▍     | 1386/3090 [2:01:59<2:20:37,  4.95s/it]
 45%|████▍     | 1387/3090 [2:02:04<2:20:32,  4.95s/it]
 45%|████▍     | 1388/3090 [2:02:09<2:20:26,  4.95s/it]
 45%|████▍     | 1389/3090 [2:02:14<2:20:22,  4.95s/it]
 45%|████▍     | 1390/3090 [2:02:19<2:20:17,  4.95s/it]
 45%|████▌     | 1391/3090 [2:02:24<2:20:13,  4.95s/it]
 45%|████▌     | 1392/3090 [2:02:29<2:20:07,  4.95s/it]
 45%|████▌     | 1393/3090 [2:02:34<2:20:02,  4.95s/it]
 45%|████▌     | 1394/3090 [2:02:39<2:19:57,  4.95s/it]
 45%|████▌     | 1395/3090 [2:02:44<2:19:52,  4.95s/it]
 45%|████▌     | 1396/3090 [2:02:49<2:19:50,  4.95s/it]
 45%|████▌     | 1397/3090 [2:02:54<2:19:45,  4.95s/it]
 45%|████▌     | 1398/3090 [2:02:59<2:19:40,  4.95s/it]
 45%|████▌     | 1399/3090 [2:03:04<2:19:34,  4.95s/it]
 45%|████▌     | 1400/3090 [2:03:08<2:19:28,  4.95s/it]
 45%|████▌     | 1401/3090 [2:03:13<2:19:22,  4.95s/it]
 45%|████▌     | 1402/3090 [2:03:18<2:19:17,  4.95s/it]
 45%|████▌     | 1403/3090 [2:03:23<2:19:12,  4.95s/it]
 45%|████▌     | 1404/3090 [2:03:28<2:19:08,  4.95s/it]
 45%|████▌     | 1405/3090 [2:03:33<2:19:02,  4.95s/it]
 46%|████▌     | 1406/3090 [2:03:38<2:18:57,  4.95s/it]
 46%|████▌     | 1407/3090 [2:03:43<2:18:52,  4.95s/it]
 46%|████▌     | 1408/3090 [2:03:48<2:18:47,  4.95s/it]
 46%|████▌     | 1409/3090 [2:03:53<2:18:43,  4.95s/it]
 46%|████▌     | 1410/3090 [2:03:58<2:18:39,  4.95s/it]
 46%|████▌     | 1411/3090 [2:04:03<2:18:34,  4.95s/it]
 46%|████▌     | 1412/3090 [2:04:08<2:18:28,  4.95s/it]
 46%|████▌     | 1413/3090 [2:04:13<2:18:23,  4.95s/it]
 46%|████▌     | 1414/3090 [2:04:18<2:18:17,  4.95s/it]
 46%|████▌     | 1415/3090 [2:04:23<2:18:12,  4.95s/it]
 46%|████▌     | 1416/3090 [2:04:28<2:18:07,  4.95s/it]
 46%|████▌     | 1417/3090 [2:04:33<2:18:02,  4.95s/it]
 46%|████▌     | 1418/3090 [2:04:38<2:17:59,  4.95s/it]
 46%|████▌     | 1419/3090 [2:04:43<2:17:53,  4.95s/it]
 46%|████▌     | 1420/3090 [2:04:48<2:17:49,  4.95s/it]
 46%|████▌     | 1421/3090 [2:04:52<2:17:44,  4.95s/it]
 46%|████▌     | 1422/3090 [2:04:57<2:17:38,  4.95s/it]
 46%|████▌     | 1423/3090 [2:05:02<2:17:34,  4.95s/it]
 46%|████▌     | 1424/3090 [2:05:07<2:17:28,  4.95s/it]
 46%|████▌     | 1425/3090 [2:05:12<2:17:23,  4.95s/it]
 46%|████▌     | 1426/3090 [2:05:17<2:17:18,  4.95s/it]
 46%|████▌     | 1427/3090 [2:05:22<2:17:13,  4.95s/it]
 46%|████▌     | 1428/3090 [2:05:27<2:17:08,  4.95s/it]
 46%|████▌     | 1429/3090 [2:05:32<2:17:04,  4.95s/it]
 46%|████▋     | 1430/3090 [2:05:37<2:16:59,  4.95s/it]
 46%|████▋     | 1431/3090 [2:05:42<2:16:53,  4.95s/it]
 46%|████▋     | 1432/3090 [2:05:47<2:16:48,  4.95s/it]
 46%|████▋     | 1433/3090 [2:05:52<2:16:42,  4.95s/it]
 46%|████▋     | 1434/3090 [2:05:57<2:16:37,  4.95s/it]
 46%|████▋     | 1435/3090 [2:06:02<2:16:31,  4.95s/it]
 46%|████▋     | 1436/3090 [2:06:07<2:16:27,  4.95s/it]
 47%|████▋     | 1437/3090 [2:06:12<2:16:23,  4.95s/it]
 47%|████▋     | 1438/3090 [2:06:17<2:16:18,  4.95s/it]
 47%|████▋     | 1439/3090 [2:06:22<2:16:13,  4.95s/it]
 47%|████▋     | 1440/3090 [2:06:27<2:16:08,  4.95s/it]
 47%|████▋     | 1441/3090 [2:06:31<2:16:03,  4.95s/it]
 47%|████▋     | 1442/3090 [2:06:36<2:14:21,  4.89s/it]
                                                       

 47%|████▋     | 1442/3090 [2:06:36<2:14:21,  4.89s/it]{'loss': 0.0193, 'grad_norm': 0.03448719158768654, 'learning_rate': 2.6666666666666667e-05, 'epoch': 14.0}


  0%|          | 0/26 [00:00<?, ?it/s][A

  8%|▊         | 2/26 [00:01<00:14,  1.68it/s][A

 12%|█▏        | 3/26 [00:02<00:19,  1.19it/s][A

 15%|█▌        | 4/26 [00:03<00:21,  1.03it/s][A

 19%|█▉        | 5/26 [00:04<00:22,  1.05s/it][A

 23%|██▎       | 6/26 [00:05<00:21,  1.10s/it][A

 27%|██▋       | 7/26 [00:07<00:21,  1.13s/it][A

 31%|███       | 8/26 [00:08<00:20,  1.15s/it][A

 35%|███▍      | 9/26 [00:09<00:19,  1.16s/it][A

 38%|███▊      | 10/26 [00:10<00:18,  1.17s/it][A

 42%|████▏     | 11/26 [00:11<00:17,  1.18s/it][A

 46%|████▌     | 12/26 [00:13<00:16,  1.18s/it][A

 50%|█████     | 13/26 [00:14<00:15,  1.18s/it][A

 54%|█████▍    | 14/26 [00:15<00:14,  1.19s/it][A

 58%|█████▊    | 15/26 [00:16<00:13,  1.19s/it][A

 62%|██████▏   | 16/26 [00:17<00:11,  1.19s/it][A

 65%|██████▌   | 17/26 [00:19<00:10,  1.19s/it][A

 69%|██████▉   | 18/26 [00:20<00:09,  1.19s/it][A

 73%|███████▎  | 19/26 [00:21<00:08,  1.19s/it][A

 77%|███████▋  | 20/26 [00:22<00:07,  1.19s/it][A

 81%|████████  | 21/26 [00:23<00:05,  1.19s/it][A

 85%|████████▍ | 22/26 [00:25<00:04,  1.19s/it][A

 88%|████████▊ | 23/26 [00:26<00:03,  1.19s/it][A

 92%|█████████▏| 24/26 [00:27<00:02,  1.19s/it][A

 96%|█████████▌| 25/26 [00:28<00:01,  1.19s/it][A

100%|██████████| 26/26 [00:29<00:00,  1.14s/it][A

                                               
[A
                                                       

100%|██████████| 26/26 [00:29<00:00,  1.14s/it][A
 47%|████▋     | 1442/3090 [2:07:07<2:14:21,  4.89s/it]

                                               [A{'eval_loss': 0.07554757595062256, 'eval_macro_recall': 0.958361162646877, 'eval_macro_precision': 0.95624100239936, 'eval_macro_f1': 0.9569975797726993, 'eval_accuracy': 0.9866504854368932, 'eval_micro_recall': 0.9866504854368932, 'eval_micro_precision': 0.9866504854368932, 'eval_micro_f1': 0.9866504854368932, 'eval_runtime': 31.1289, 'eval_samples_per_second': 26.471, 'eval_steps_per_second': 0.835, 'epoch': 14.0}

 47%|████▋     | 1443/3090 [2:07:16<7:01:46, 15.37s/it]
 47%|████▋     | 1444/3090 [2:07:21<5:35:52, 12.24s/it]
 47%|████▋     | 1445/3090 [2:07:26<4:35:44, 10.06s/it]
 47%|████▋     | 1446/3090 [2:07:31<3:53:39,  8.53s/it]
 47%|████▋     | 1447/3090 [2:07:36<3:24:10,  7.46s/it]
 47%|████▋     | 1448/3090 [2:07:41<3:03:31,  6.71s/it]
 47%|████▋     | 1449/3090 [2:07:46<2:49:03,  6.18s/it]
 47%|████▋     | 1450/3090 [2:07:51<2:38:52,  5.81s/it]
 47%|████▋     | 1451/3090 [2:07:56<2:31:46,  5.56s/it]
 47%|████▋     | 1452/3090 [2:08:01<2:26:45,  5.38s/it]
 47%|████▋     | 1453/3090 [2:08:06<2:23:13,  5.25s/it]
 47%|████▋     | 1454/3090 [2:08:11<2:20:45,  5.16s/it]
 47%|████▋     | 1455/3090 [2:08:16<2:19:00,  5.10s/it]
 47%|████▋     | 1456/3090 [2:08:20<2:17:44,  5.06s/it]
 47%|████▋     | 1457/3090 [2:08:25<2:16:49,  5.03s/it]
 47%|████▋     | 1458/3090 [2:08:30<2:16:09,  5.01s/it]
 47%|████▋     | 1459/3090 [2:08:35<2:15:39,  4.99s/it]
 47%|████▋     | 1460/3090 [2:08:40<2:15:16,  4.98s/it]
 47%|████▋     | 1461/3090 [2:08:45<2:14:59,  4.97s/it]
 47%|████▋     | 1462/3090 [2:08:50<2:14:45,  4.97s/it]
 47%|████▋     | 1463/3090 [2:08:55<2:14:34,  4.96s/it]
 47%|████▋     | 1464/3090 [2:09:00<2:14:24,  4.96s/it]
 47%|████▋     | 1465/3090 [2:09:05<2:14:18,  4.96s/it]
 47%|████▋     | 1466/3090 [2:09:10<2:14:11,  4.96s/it]
 47%|████▋     | 1467/3090 [2:09:15<2:14:05,  4.96s/it]
 48%|████▊     | 1468/3090 [2:09:20<2:14:01,  4.96s/it]
 48%|████▊     | 1469/3090 [2:09:25<2:13:55,  4.96s/it]
 48%|████▊     | 1470/3090 [2:09:30<2:13:48,  4.96s/it]
 48%|████▊     | 1471/3090 [2:09:35<2:13:43,  4.96s/it]
 48%|████▊     | 1472/3090 [2:09:40<2:13:37,  4.95s/it]
 48%|████▊     | 1473/3090 [2:09:45<2:13:32,  4.96s/it]
 48%|████▊     | 1474/3090 [2:09:50<2:13:28,  4.96s/it]
 48%|████▊     | 1475/3090 [2:09:55<2:13:23,  4.96s/it]
 48%|████▊     | 1476/3090 [2:10:00<2:15:04,  5.02s/it]
 48%|████▊     | 1477/3090 [2:10:06<2:21:53,  5.28s/it]
 48%|████▊     | 1478/3090 [2:10:11<2:19:19,  5.19s/it]
 48%|████▊     | 1479/3090 [2:10:16<2:17:22,  5.12s/it]
 48%|████▊     | 1480/3090 [2:10:21<2:15:59,  5.07s/it]
 48%|████▊     | 1481/3090 [2:10:26<2:15:00,  5.03s/it]
 48%|████▊     | 1482/3090 [2:10:30<2:14:18,  5.01s/it]
 48%|████▊     | 1483/3090 [2:10:35<2:13:45,  4.99s/it]
 48%|████▊     | 1484/3090 [2:10:40<2:13:22,  4.98s/it]
 48%|████▊     | 1485/3090 [2:10:45<2:13:03,  4.97s/it]
 48%|████▊     | 1486/3090 [2:10:50<2:12:49,  4.97s/it]
 48%|████▊     | 1487/3090 [2:10:55<2:12:37,  4.96s/it]
 48%|████▊     | 1488/3090 [2:11:00<2:12:27,  4.96s/it]
 48%|████▊     | 1489/3090 [2:11:05<2:12:19,  4.96s/it]
 48%|████▊     | 1490/3090 [2:11:10<2:12:12,  4.96s/it]
 48%|████▊     | 1491/3090 [2:11:15<2:12:06,  4.96s/it]
 48%|████▊     | 1492/3090 [2:11:20<2:12:00,  4.96s/it]
 48%|████▊     | 1493/3090 [2:11:25<2:11:53,  4.96s/it]
 48%|████▊     | 1494/3090 [2:11:30<2:11:49,  4.96s/it]
 48%|████▊     | 1495/3090 [2:11:35<2:11:44,  4.96s/it]
 48%|████▊     | 1496/3090 [2:11:40<2:11:37,  4.95s/it]
 48%|████▊     | 1497/3090 [2:11:45<2:11:32,  4.95s/it]
 48%|████▊     | 1498/3090 [2:11:50<2:11:27,  4.95s/it]
 49%|████▊     | 1499/3090 [2:11:55<2:11:23,  4.95s/it]
 49%|████▊     | 1500/3090 [2:12:00<2:11:17,  4.95s/it]
 49%|████▊     | 1501/3090 [2:12:05<2:11:12,  4.95s/it]
 49%|████▊     | 1502/3090 [2:12:10<2:11:08,  4.95s/it]
 49%|████▊     | 1503/3090 [2:12:15<2:11:02,  4.95s/it]
 49%|████▊     | 1504/3090 [2:12:19<2:10:57,  4.95s/it]
 49%|████▊     | 1505/3090 [2:12:24<2:10:53,  4.96s/it]
 49%|████▊     | 1506/3090 [2:12:29<2:10:46,  4.95s/it]
 49%|████▉     | 1507/3090 [2:12:34<2:10:42,  4.95s/it]
 49%|████▉     | 1508/3090 [2:12:39<2:10:38,  4.95s/it]
 49%|████▉     | 1509/3090 [2:12:44<2:10:33,  4.95s/it]
 49%|████▉     | 1510/3090 [2:12:49<2:10:28,  4.95s/it]
 49%|████▉     | 1511/3090 [2:12:54<2:10:23,  4.95s/it]
 49%|████▉     | 1512/3090 [2:12:59<2:10:18,  4.95s/it]
 49%|████▉     | 1513/3090 [2:13:04<2:10:13,  4.95s/it]
 49%|████▉     | 1514/3090 [2:13:09<2:10:07,  4.95s/it]
 49%|████▉     | 1515/3090 [2:13:14<2:10:03,  4.95s/it]
 49%|████▉     | 1516/3090 [2:13:19<2:09:58,  4.95s/it]
 49%|████▉     | 1517/3090 [2:13:24<2:09:54,  4.96s/it]
 49%|████▉     | 1518/3090 [2:13:29<2:09:48,  4.95s/it]
 49%|████▉     | 1519/3090 [2:13:34<2:09:43,  4.95s/it]
 49%|████▉     | 1520/3090 [2:13:39<2:09:38,  4.95s/it]
 49%|████▉     | 1521/3090 [2:13:44<2:09:32,  4.95s/it]
 49%|████▉     | 1522/3090 [2:13:49<2:09:27,  4.95s/it]
 49%|████▉     | 1523/3090 [2:13:54<2:09:22,  4.95s/it]
 49%|████▉     | 1524/3090 [2:13:59<2:09:18,  4.95s/it]
 49%|████▉     | 1525/3090 [2:14:04<2:09:13,  4.95s/it]
 49%|████▉     | 1526/3090 [2:14:08<2:09:08,  4.95s/it]
 49%|████▉     | 1527/3090 [2:14:13<2:09:03,  4.95s/it]
 49%|████▉     | 1528/3090 [2:14:18<2:08:58,  4.95s/it]
 49%|████▉     | 1529/3090 [2:14:23<2:08:54,  4.96s/it]
 50%|████▉     | 1530/3090 [2:14:28<2:08:50,  4.96s/it]
 50%|████▉     | 1531/3090 [2:14:33<2:08:44,  4.95s/it]
 50%|████▉     | 1532/3090 [2:14:38<2:08:40,  4.96s/it]
 50%|████▉     | 1533/3090 [2:14:43<2:08:35,  4.96s/it]
 50%|████▉     | 1534/3090 [2:14:48<2:08:30,  4.96s/it]
 50%|████▉     | 1535/3090 [2:14:53<2:08:24,  4.95s/it]
 50%|████▉     | 1536/3090 [2:14:58<2:08:19,  4.95s/it]
 50%|████▉     | 1537/3090 [2:15:03<2:08:14,  4.95s/it]
 50%|████▉     | 1538/3090 [2:15:08<2:08:08,  4.95s/it]
 50%|████▉     | 1539/3090 [2:15:13<2:08:04,  4.95s/it]
 50%|████▉     | 1540/3090 [2:15:18<2:07:59,  4.95s/it]
 50%|████▉     | 1541/3090 [2:15:23<2:07:54,  4.95s/it]
 50%|████▉     | 1542/3090 [2:15:28<2:07:49,  4.95s/it]
 50%|████▉     | 1543/3090 [2:15:33<2:07:45,  4.96s/it]
 50%|████▉     | 1544/3090 [2:15:38<2:07:41,  4.96s/it]
 50%|█████     | 1545/3090 [2:15:42<2:05:57,  4.89s/it]
                                                       

 50%|█████     | 1545/3090 [2:15:43<2:05:57,  4.89s/it]{'loss': 0.0205, 'grad_norm': 0.20909641683101654, 'learning_rate': 2.5e-05, 'epoch': 15.0}


  0%|          | 0/26 [00:00<?, ?it/s][A

  8%|▊         | 2/26 [00:01<00:14,  1.68it/s][A

 12%|█▏        | 3/26 [00:02<00:19,  1.18it/s][A

 15%|█▌        | 4/26 [00:03<00:21,  1.03it/s][A

 19%|█▉        | 5/26 [00:04<00:22,  1.05s/it][A

 23%|██▎       | 6/26 [00:05<00:21,  1.10s/it][A

 27%|██▋       | 7/26 [00:07<00:21,  1.13s/it][A

 31%|███       | 8/26 [00:08<00:20,  1.15s/it][A

 35%|███▍      | 9/26 [00:09<00:19,  1.16s/it][A

 38%|███▊      | 10/26 [00:10<00:18,  1.17s/it][A

 42%|████▏     | 11/26 [00:11<00:17,  1.18s/it][A

 46%|████▌     | 12/26 [00:13<00:16,  1.18s/it][A

 50%|█████     | 13/26 [00:14<00:15,  1.18s/it][A

 54%|█████▍    | 14/26 [00:15<00:14,  1.19s/it][A

 58%|█████▊    | 15/26 [00:16<00:13,  1.19s/it][A

 62%|██████▏   | 16/26 [00:17<00:11,  1.19s/it][A

 65%|██████▌   | 17/26 [00:19<00:10,  1.19s/it][A

 69%|██████▉   | 18/26 [00:20<00:09,  1.19s/it][A

 73%|███████▎  | 19/26 [00:21<00:08,  1.19s/it][A

 77%|███████▋  | 20/26 [00:22<00:07,  1.19s/it][A

 81%|████████  | 21/26 [00:23<00:05,  1.19s/it][A

 85%|████████▍ | 22/26 [00:25<00:04,  1.19s/it][A

 88%|████████▊ | 23/26 [00:26<00:03,  1.19s/it][A

 92%|█████████▏| 24/26 [00:27<00:02,  1.19s/it][A

 96%|█████████▌| 25/26 [00:28<00:01,  1.19s/it][A

100%|██████████| 26/26 [00:29<00:00,  1.14s/it][A

                                               
[A
                                                       

100%|██████████| 26/26 [00:29<00:00,  1.14s/it][A
 50%|█████     | 1545/3090 [2:16:14<2:05:57,  4.89s/it]

                                               [A{'eval_loss': 0.06806429475545883, 'eval_macro_recall': 0.9586262037282446, 'eval_macro_precision': 0.9565761511216054, 'eval_macro_f1': 0.9573594927828337, 'eval_accuracy': 0.9878640776699029, 'eval_micro_recall': 0.9878640776699029, 'eval_micro_precision': 0.9878640776699029, 'eval_micro_f1': 0.9878640776699029, 'eval_runtime': 31.5586, 'eval_samples_per_second': 26.11, 'eval_steps_per_second': 0.824, 'epoch': 15.0}

 50%|█████     | 1546/3090 [2:16:23<6:41:41, 15.61s/it]
 50%|█████     | 1547/3090 [2:16:28<5:19:14, 12.41s/it]
 50%|█████     | 1548/3090 [2:16:33<4:21:33, 10.18s/it]
 50%|█████     | 1549/3090 [2:16:38<3:41:09,  8.61s/it]
 50%|█████     | 1550/3090 [2:16:43<3:12:51,  7.51s/it]
 50%|█████     | 1551/3090 [2:16:48<2:53:04,  6.75s/it]
 50%|█████     | 1552/3090 [2:16:53<2:39:10,  6.21s/it]
 50%|█████     | 1553/3090 [2:16:58<2:29:25,  5.83s/it]
 50%|█████     | 1554/3090 [2:17:03<2:22:36,  5.57s/it]
 50%|█████     | 1555/3090 [2:17:08<2:17:56,  5.39s/it]
 50%|█████     | 1556/3090 [2:17:13<2:15:11,  5.29s/it]
 50%|█████     | 1557/3090 [2:17:18<2:12:32,  5.19s/it]
 50%|█████     | 1558/3090 [2:17:23<2:10:38,  5.12s/it]
 50%|█████     | 1559/3090 [2:17:28<2:09:17,  5.07s/it]
 50%|█████     | 1560/3090 [2:17:32<2:08:20,  5.03s/it]
 51%|█████     | 1561/3090 [2:17:37<2:07:37,  5.01s/it]
 51%|█████     | 1562/3090 [2:17:42<2:07:07,  4.99s/it]
 51%|█████     | 1563/3090 [2:17:47<2:06:44,  4.98s/it]
 51%|█████     | 1564/3090 [2:17:52<2:06:28,  4.97s/it]
 51%|█████     | 1565/3090 [2:17:57<2:06:13,  4.97s/it]
 51%|█████     | 1566/3090 [2:18:02<2:06:02,  4.96s/it]
 51%|█████     | 1567/3090 [2:18:07<2:05:52,  4.96s/it]
 51%|█████     | 1568/3090 [2:18:12<2:05:44,  4.96s/it]
 51%|█████     | 1569/3090 [2:18:17<2:05:36,  4.95s/it]
 51%|█████     | 1570/3090 [2:18:22<2:05:30,  4.95s/it]
 51%|█████     | 1571/3090 [2:18:27<2:05:26,  4.96s/it]
 51%|█████     | 1572/3090 [2:18:32<2:05:21,  4.95s/it]
 51%|█████     | 1573/3090 [2:18:37<2:05:14,  4.95s/it]
 51%|█████     | 1574/3090 [2:18:42<2:05:09,  4.95s/it]
 51%|█████     | 1575/3090 [2:18:47<2:05:04,  4.95s/it]
 51%|█████     | 1576/3090 [2:18:52<2:04:58,  4.95s/it]
 51%|█████     | 1577/3090 [2:18:57<2:04:52,  4.95s/it]
 51%|█████     | 1578/3090 [2:19:02<2:04:47,  4.95s/it]
 51%|█████     | 1579/3090 [2:19:07<2:04:42,  4.95s/it]
 51%|█████     | 1580/3090 [2:19:12<2:04:37,  4.95s/it]
 51%|█████     | 1581/3090 [2:19:16<2:04:32,  4.95s/it]
 51%|█████     | 1582/3090 [2:19:21<2:04:28,  4.95s/it]
 51%|█████     | 1583/3090 [2:19:26<2:04:23,  4.95s/it]
 51%|█████▏    | 1584/3090 [2:19:31<2:04:20,  4.95s/it]
 51%|█████▏    | 1585/3090 [2:19:36<2:04:14,  4.95s/it]
 51%|█████▏    | 1586/3090 [2:19:41<2:04:08,  4.95s/it]
 51%|█████▏    | 1587/3090 [2:19:46<2:04:03,  4.95s/it]
 51%|█████▏    | 1588/3090 [2:19:51<2:03:59,  4.95s/it]
 51%|█████▏    | 1589/3090 [2:19:56<2:03:54,  4.95s/it]
 51%|█████▏    | 1590/3090 [2:20:01<2:03:49,  4.95s/it]
 51%|█████▏    | 1591/3090 [2:20:06<2:03:43,  4.95s/it]
 52%|█████▏    | 1592/3090 [2:20:11<2:03:38,  4.95s/it]
 52%|█████▏    | 1593/3090 [2:20:16<2:03:32,  4.95s/it]
 52%|█████▏    | 1594/3090 [2:20:21<2:03:27,  4.95s/it]
 52%|█████▏    | 1595/3090 [2:20:26<2:03:22,  4.95s/it]
 52%|█████▏    | 1596/3090 [2:20:31<2:03:18,  4.95s/it]
 52%|█████▏    | 1597/3090 [2:20:36<2:03:12,  4.95s/it]
 52%|█████▏    | 1598/3090 [2:20:41<2:03:08,  4.95s/it]
 52%|█████▏    | 1599/3090 [2:20:46<2:03:02,  4.95s/it]
 52%|█████▏    | 1600/3090 [2:20:51<2:02:57,  4.95s/it]
 52%|█████▏    | 1601/3090 [2:20:56<2:02:53,  4.95s/it]
 52%|█████▏    | 1602/3090 [2:21:00<2:02:48,  4.95s/it]
 52%|█████▏    | 1603/3090 [2:21:05<2:02:43,  4.95s/it]
 52%|█████▏    | 1604/3090 [2:21:10<2:02:38,  4.95s/it]
 52%|█████▏    | 1605/3090 [2:21:15<2:02:33,  4.95s/it]
 52%|█████▏    | 1606/3090 [2:21:20<2:02:29,  4.95s/it]
 52%|█████▏    | 1607/3090 [2:21:25<2:02:23,  4.95s/it]
 52%|█████▏    | 1608/3090 [2:21:30<2:02:19,  4.95s/it]
 52%|█████▏    | 1609/3090 [2:21:35<2:02:15,  4.95s/it]
 52%|█████▏    | 1610/3090 [2:21:40<2:02:10,  4.95s/it]
 52%|█████▏    | 1611/3090 [2:21:45<2:02:05,  4.95s/it]
 52%|█████▏    | 1612/3090 [2:21:50<2:02:00,  4.95s/it]
 52%|█████▏    | 1613/3090 [2:21:55<2:01:54,  4.95s/it]
 52%|█████▏    | 1614/3090 [2:22:00<2:01:50,  4.95s/it]
 52%|█████▏    | 1615/3090 [2:22:05<2:01:43,  4.95s/it]
 52%|█████▏    | 1616/3090 [2:22:10<2:01:39,  4.95s/it]
 52%|█████▏    | 1617/3090 [2:22:15<2:01:34,  4.95s/it]
 52%|█████▏    | 1618/3090 [2:22:20<2:01:28,  4.95s/it]
 52%|█████▏    | 1619/3090 [2:22:25<2:01:23,  4.95s/it]
 52%|█████▏    | 1620/3090 [2:22:30<2:01:19,  4.95s/it]
 52%|█████▏    | 1621/3090 [2:22:35<2:01:13,  4.95s/it]
 52%|█████▏    | 1622/3090 [2:22:40<2:01:08,  4.95s/it]
 53%|█████▎    | 1623/3090 [2:22:44<2:01:03,  4.95s/it]
 53%|█████▎    | 1624/3090 [2:22:49<2:00:59,  4.95s/it]
 53%|█████▎    | 1625/3090 [2:22:54<2:00:54,  4.95s/it]
 53%|█████▎    | 1626/3090 [2:22:59<2:00:49,  4.95s/it]
 53%|█████▎    | 1627/3090 [2:23:04<2:00:44,  4.95s/it]
 53%|█████▎    | 1628/3090 [2:23:09<2:00:39,  4.95s/it]
 53%|█████▎    | 1629/3090 [2:23:14<2:00:33,  4.95s/it]
 53%|█████▎    | 1630/3090 [2:23:19<2:00:28,  4.95s/it]
 53%|█████▎    | 1631/3090 [2:23:24<2:00:23,  4.95s/it]
 53%|█████▎    | 1632/3090 [2:23:31<2:15:02,  5.56s/it]
 53%|█████▎    | 1633/3090 [2:23:36<2:11:16,  5.41s/it]
 53%|█████▎    | 1634/3090 [2:23:41<2:07:51,  5.27s/it]
 53%|█████▎    | 1635/3090 [2:23:46<2:05:27,  5.17s/it]
 53%|█████▎    | 1636/3090 [2:23:51<2:03:46,  5.11s/it]
 53%|█████▎    | 1637/3090 [2:23:56<2:02:32,  5.06s/it]
 53%|█████▎    | 1638/3090 [2:24:01<2:01:39,  5.03s/it]
 53%|█████▎    | 1639/3090 [2:24:06<2:01:01,  5.00s/it]
 53%|█████▎    | 1640/3090 [2:24:11<2:00:33,  4.99s/it]
 53%|█████▎    | 1641/3090 [2:24:16<2:00:11,  4.98s/it]
 53%|█████▎    | 1642/3090 [2:24:21<1:59:55,  4.97s/it]
 53%|█████▎    | 1643/3090 [2:24:26<1:59:42,  4.96s/it]
 53%|█████▎    | 1644/3090 [2:24:31<1:59:32,  4.96s/it]
 53%|█████▎    | 1645/3090 [2:24:36<1:59:23,  4.96s/it]
 53%|█████▎    | 1646/3090 [2:24:40<1:59:16,  4.96s/it]
 53%|█████▎    | 1647/3090 [2:24:45<1:59:10,  4.96s/it]
 53%|█████▎    | 1648/3090 [2:24:50<1:57:36,  4.89s/it]
                                                       

 53%|█████▎    | 1648/3090 [2:24:50<1:57:36,  4.89s/it]{'loss': 0.0158, 'grad_norm': 0.10663217306137085, 'learning_rate': 2.3333333333333336e-05, 'epoch': 16.0}


  0%|          | 0/26 [00:00<?, ?it/s][A

  8%|▊         | 2/26 [00:01<00:14,  1.68it/s][A

 12%|█▏        | 3/26 [00:02<00:19,  1.19it/s][A

 15%|█▌        | 4/26 [00:03<00:21,  1.03it/s][A

 19%|█▉        | 5/26 [00:04<00:22,  1.05s/it][A

 23%|██▎       | 6/26 [00:05<00:21,  1.10s/it][A

 27%|██▋       | 7/26 [00:07<00:21,  1.13s/it][A

 31%|███       | 8/26 [00:08<00:20,  1.15s/it][A

 35%|███▍      | 9/26 [00:09<00:19,  1.16s/it][A

 38%|███▊      | 10/26 [00:10<00:18,  1.17s/it][A

 42%|████▏     | 11/26 [00:11<00:17,  1.18s/it][A

 46%|████▌     | 12/26 [00:13<00:16,  1.18s/it][A

 50%|█████     | 13/26 [00:14<00:15,  1.18s/it][A

 54%|█████▍    | 14/26 [00:15<00:14,  1.19s/it][A

 58%|█████▊    | 15/26 [00:16<00:13,  1.19s/it][A

 62%|██████▏   | 16/26 [00:17<00:11,  1.19s/it][A

 65%|██████▌   | 17/26 [00:19<00:10,  1.19s/it][A

 69%|██████▉   | 18/26 [00:20<00:09,  1.19s/it][A

 73%|███████▎  | 19/26 [00:21<00:08,  1.19s/it][A

 77%|███████▋  | 20/26 [00:22<00:07,  1.19s/it][A

 81%|████████  | 21/26 [00:23<00:05,  1.19s/it][A

 85%|████████▍ | 22/26 [00:25<00:04,  1.19s/it][A

 88%|████████▊ | 23/26 [00:26<00:03,  1.19s/it][A

 92%|█████████▏| 24/26 [00:27<00:02,  1.19s/it][A

 96%|█████████▌| 25/26 [00:28<00:01,  1.19s/it][A

100%|██████████| 26/26 [00:29<00:00,  1.14s/it][A

                                               
[A
                                                       

100%|██████████| 26/26 [00:29<00:00,  1.14s/it][A
 53%|█████▎    | 1648/3090 [2:25:22<1:57:36,  4.89s/it]

                                               [A{'eval_loss': 0.06509506702423096, 'eval_macro_recall': 0.9586262037282446, 'eval_macro_precision': 0.9565761511216054, 'eval_macro_f1': 0.9573594927828337, 'eval_accuracy': 0.9878640776699029, 'eval_micro_recall': 0.9878640776699029, 'eval_micro_precision': 0.9878640776699029, 'eval_micro_f1': 0.9878640776699029, 'eval_runtime': 31.4321, 'eval_samples_per_second': 26.215, 'eval_steps_per_second': 0.827, 'epoch': 16.0}

 53%|█████▎    | 1649/3090 [2:25:31<6:13:37, 15.56s/it]
 53%|█████▎    | 1650/3090 [2:25:36<4:57:00, 12.38s/it]
 53%|█████▎    | 1651/3090 [2:25:41<4:03:23, 10.15s/it]
 53%|█████▎    | 1652/3090 [2:25:45<3:25:51,  8.59s/it]
 53%|█████▎    | 1653/3090 [2:25:50<2:59:34,  7.50s/it]
 54%|█████▎    | 1654/3090 [2:25:55<2:41:10,  6.73s/it]
 54%|█████▎    | 1655/3090 [2:26:00<2:28:17,  6.20s/it]
 54%|█████▎    | 1656/3090 [2:26:05<2:19:13,  5.83s/it]
 54%|█████▎    | 1657/3090 [2:26:10<2:12:52,  5.56s/it]
 54%|█████▎    | 1658/3090 [2:26:15<2:08:23,  5.38s/it]
 54%|█████▎    | 1659/3090 [2:26:20<2:05:15,  5.25s/it]
 54%|█████▎    | 1660/3090 [2:26:25<2:03:01,  5.16s/it]
 54%|█████▍    | 1661/3090 [2:26:30<2:01:26,  5.10s/it]
 54%|█████▍    | 1662/3090 [2:26:35<2:00:19,  5.06s/it]
 54%|█████▍    | 1663/3090 [2:26:40<1:59:30,  5.02s/it]
 54%|█████▍    | 1664/3090 [2:26:45<1:58:55,  5.00s/it]
 54%|█████▍    | 1665/3090 [2:26:50<1:58:28,  4.99s/it]
 54%|█████▍    | 1666/3090 [2:26:55<1:58:07,  4.98s/it]
 54%|█████▍    | 1667/3090 [2:27:00<1:57:52,  4.97s/it]
 54%|█████▍    | 1668/3090 [2:27:05<1:57:38,  4.96s/it]
 54%|█████▍    | 1669/3090 [2:27:10<1:57:28,  4.96s/it]
 54%|█████▍    | 1670/3090 [2:27:15<1:57:19,  4.96s/it]
 54%|█████▍    | 1671/3090 [2:27:20<1:57:11,  4.96s/it]
 54%|█████▍    | 1672/3090 [2:27:25<1:57:05,  4.95s/it]
 54%|█████▍    | 1673/3090 [2:27:29<1:57:00,  4.95s/it]
 54%|█████▍    | 1674/3090 [2:27:34<1:56:54,  4.95s/it]
 54%|█████▍    | 1675/3090 [2:27:39<1:56:48,  4.95s/it]
 54%|█████▍    | 1676/3090 [2:27:44<1:56:43,  4.95s/it]
 54%|█████▍    | 1677/3090 [2:27:49<1:56:53,  4.96s/it]
 54%|█████▍    | 1678/3090 [2:27:54<1:57:06,  4.98s/it]
 54%|█████▍    | 1679/3090 [2:27:59<1:56:51,  4.97s/it]
 54%|█████▍    | 1680/3090 [2:28:04<1:56:38,  4.96s/it]
 54%|█████▍    | 1681/3090 [2:28:09<1:56:28,  4.96s/it]
 54%|█████▍    | 1682/3090 [2:28:14<1:56:20,  4.96s/it]
 54%|█████▍    | 1683/3090 [2:28:19<1:56:12,  4.96s/it]
 54%|█████▍    | 1684/3090 [2:28:24<1:56:05,  4.95s/it]
 55%|█████▍    | 1685/3090 [2:28:29<1:56:00,  4.95s/it]
 55%|█████▍    | 1686/3090 [2:28:34<1:55:55,  4.95s/it]
 55%|█████▍    | 1687/3090 [2:28:39<1:55:49,  4.95s/it]
 55%|█████▍    | 1688/3090 [2:28:44<1:55:44,  4.95s/it]
 55%|█████▍    | 1689/3090 [2:28:49<1:55:38,  4.95s/it]
 55%|█████▍    | 1690/3090 [2:28:54<1:55:32,  4.95s/it]
 55%|█████▍    | 1691/3090 [2:28:59<1:55:27,  4.95s/it]
 55%|█████▍    | 1692/3090 [2:29:04<1:55:22,  4.95s/it]
 55%|█████▍    | 1693/3090 [2:29:09<1:55:18,  4.95s/it]
 55%|█████▍    | 1694/3090 [2:29:14<1:55:13,  4.95s/it]
 55%|█████▍    | 1695/3090 [2:29:19<1:55:08,  4.95s/it]
 55%|█████▍    | 1696/3090 [2:29:23<1:55:03,  4.95s/it]
 55%|█████▍    | 1697/3090 [2:29:28<1:54:58,  4.95s/it]
 55%|█████▍    | 1698/3090 [2:29:33<1:54:52,  4.95s/it]
 55%|█████▍    | 1699/3090 [2:29:38<1:54:47,  4.95s/it]
 55%|█████▌    | 1700/3090 [2:29:43<1:54:42,  4.95s/it]
 55%|█████▌    | 1701/3090 [2:29:48<1:54:37,  4.95s/it]
 55%|█████▌    | 1702/3090 [2:29:53<1:54:32,  4.95s/it]
 55%|█████▌    | 1703/3090 [2:29:58<1:54:28,  4.95s/it]
 55%|█████▌    | 1704/3090 [2:30:03<1:54:23,  4.95s/it]
 55%|█████▌    | 1705/3090 [2:30:08<1:54:18,  4.95s/it]
 55%|█████▌    | 1706/3090 [2:30:13<1:54:13,  4.95s/it]
 55%|█████▌    | 1707/3090 [2:30:18<1:54:08,  4.95s/it]
 55%|█████▌    | 1708/3090 [2:30:23<1:54:03,  4.95s/it]
 55%|█████▌    | 1709/3090 [2:30:28<1:53:58,  4.95s/it]
 55%|█████▌    | 1710/3090 [2:30:33<1:53:53,  4.95s/it]
 55%|█████▌    | 1711/3090 [2:30:38<1:53:48,  4.95s/it]
 55%|█████▌    | 1712/3090 [2:30:43<1:53:44,  4.95s/it]
 55%|█████▌    | 1713/3090 [2:30:48<1:53:38,  4.95s/it]
 55%|█████▌    | 1714/3090 [2:30:53<1:53:33,  4.95s/it]
 56%|█████▌    | 1715/3090 [2:30:58<1:53:28,  4.95s/it]
 56%|█████▌    | 1716/3090 [2:31:02<1:53:23,  4.95s/it]
 56%|█████▌    | 1717/3090 [2:31:07<1:53:18,  4.95s/it]
 56%|█████▌    | 1718/3090 [2:31:12<1:53:13,  4.95s/it]
 56%|█████▌    | 1719/3090 [2:31:17<1:53:08,  4.95s/it]
 56%|█████▌    | 1720/3090 [2:31:22<1:53:04,  4.95s/it]
 56%|█████▌    | 1721/3090 [2:31:27<1:52:58,  4.95s/it]
 56%|█████▌    | 1722/3090 [2:31:32<1:52:53,  4.95s/it]
 56%|█████▌    | 1723/3090 [2:31:37<1:52:49,  4.95s/it]
 56%|█████▌    | 1724/3090 [2:31:42<1:52:43,  4.95s/it]
 56%|█████▌    | 1725/3090 [2:31:47<1:52:39,  4.95s/it]
 56%|█████▌    | 1726/3090 [2:31:52<1:52:34,  4.95s/it]
 56%|█████▌    | 1727/3090 [2:31:57<1:52:29,  4.95s/it]
 56%|█████▌    | 1728/3090 [2:32:02<1:52:25,  4.95s/it]
 56%|█████▌    | 1729/3090 [2:32:07<1:52:19,  4.95s/it]
 56%|█████▌    | 1730/3090 [2:32:12<1:52:14,  4.95s/it]
 56%|█████▌    | 1731/3090 [2:32:17<1:52:09,  4.95s/it]
 56%|█████▌    | 1732/3090 [2:32:22<1:52:05,  4.95s/it]
 56%|█████▌    | 1733/3090 [2:32:27<1:52:00,  4.95s/it]
 56%|█████▌    | 1734/3090 [2:32:32<1:51:55,  4.95s/it]
 56%|█████▌    | 1735/3090 [2:32:37<1:51:50,  4.95s/it]
 56%|█████▌    | 1736/3090 [2:32:42<1:51:45,  4.95s/it]
 56%|█████▌    | 1737/3090 [2:32:46<1:51:39,  4.95s/it]
 56%|█████▌    | 1738/3090 [2:32:51<1:51:35,  4.95s/it]
 56%|█████▋    | 1739/3090 [2:32:56<1:51:29,  4.95s/it]
 56%|█████▋    | 1740/3090 [2:33:01<1:51:24,  4.95s/it]
 56%|█████▋    | 1741/3090 [2:33:06<1:51:19,  4.95s/it]
 56%|█████▋    | 1742/3090 [2:33:11<1:51:15,  4.95s/it]
 56%|█████▋    | 1743/3090 [2:33:16<1:51:10,  4.95s/it]
 56%|█████▋    | 1744/3090 [2:33:21<1:51:05,  4.95s/it]
 56%|█████▋    | 1745/3090 [2:33:26<1:51:01,  4.95s/it]
 57%|█████▋    | 1746/3090 [2:33:31<1:50:56,  4.95s/it]
 57%|█████▋    | 1747/3090 [2:33:36<1:50:51,  4.95s/it]
 57%|█████▋    | 1748/3090 [2:33:41<1:50:45,  4.95s/it]
 57%|█████▋    | 1749/3090 [2:33:46<1:50:39,  4.95s/it]
 57%|█████▋    | 1750/3090 [2:33:51<1:50:33,  4.95s/it]
 57%|█████▋    | 1751/3090 [2:33:56<1:48:58,  4.88s/it]
                                                       

 57%|█████▋    | 1751/3090 [2:33:56<1:48:58,  4.88s/it]{'loss': 0.0143, 'grad_norm': 0.07526235282421112, 'learning_rate': 2.1666666666666667e-05, 'epoch': 17.0}


  0%|          | 0/26 [00:00<?, ?it/s][A

  8%|▊         | 2/26 [00:01<00:14,  1.68it/s][A

 12%|█▏        | 3/26 [00:02<00:19,  1.18it/s][A

 15%|█▌        | 4/26 [00:03<00:21,  1.03it/s][A

 19%|█▉        | 5/26 [00:04<00:22,  1.05s/it][A

 23%|██▎       | 6/26 [00:05<00:21,  1.10s/it][A

 27%|██▋       | 7/26 [00:07<00:21,  1.13s/it][A

 31%|███       | 8/26 [00:08<00:20,  1.15s/it][A

 35%|███▍      | 9/26 [00:09<00:19,  1.16s/it][A

 38%|███▊      | 10/26 [00:10<00:18,  1.17s/it][A

 42%|████▏     | 11/26 [00:11<00:17,  1.18s/it][A

 46%|████▌     | 12/26 [00:13<00:16,  1.18s/it][A

 50%|█████     | 13/26 [00:14<00:15,  1.19s/it][A

 54%|█████▍    | 14/26 [00:15<00:14,  1.19s/it][A

 58%|█████▊    | 15/26 [00:16<00:13,  1.19s/it][A

 62%|██████▏   | 16/26 [00:17<00:11,  1.19s/it][A

 65%|██████▌   | 17/26 [00:19<00:10,  1.19s/it][A

 69%|██████▉   | 18/26 [00:20<00:09,  1.19s/it][A

 73%|███████▎  | 19/26 [00:21<00:08,  1.19s/it][A

 77%|███████▋  | 20/26 [00:22<00:07,  1.19s/it][A

 81%|████████  | 21/26 [00:23<00:05,  1.19s/it][A

 85%|████████▍ | 22/26 [00:25<00:04,  1.19s/it][A

 88%|████████▊ | 23/26 [00:26<00:03,  1.19s/it][A

 92%|█████████▏| 24/26 [00:27<00:02,  1.19s/it][A

 96%|█████████▌| 25/26 [00:28<00:01,  1.19s/it][A

100%|██████████| 26/26 [00:29<00:00,  1.13s/it][A

                                               
[A
                                                       

100%|██████████| 26/26 [00:29<00:00,  1.13s/it][A
 57%|█████▋    | 1751/3090 [2:34:27<1:48:58,  4.88s/it]

                                               [A{'eval_loss': 0.06655659526586533, 'eval_macro_recall': 0.9583501192684865, 'eval_macro_precision': 0.9565658439684414, 'eval_macro_f1': 0.9573220135594156, 'eval_accuracy': 0.9878640776699029, 'eval_micro_recall': 0.9878640776699029, 'eval_micro_precision': 0.9878640776699029, 'eval_micro_f1': 0.9878640776699029, 'eval_runtime': 31.2308, 'eval_samples_per_second': 26.384, 'eval_steps_per_second': 0.833, 'epoch': 17.0}

 57%|█████▋    | 1752/3090 [2:34:36<5:45:09, 15.48s/it]
 57%|█████▋    | 1753/3090 [2:34:41<4:34:31, 12.32s/it]
 57%|█████▋    | 1754/3090 [2:34:46<3:45:06, 10.11s/it]
 57%|█████▋    | 1755/3090 [2:34:51<3:10:30,  8.56s/it]
 57%|█████▋    | 1756/3090 [2:34:56<2:46:16,  7.48s/it]
 57%|█████▋    | 1757/3090 [2:35:01<2:29:17,  6.72s/it]
 57%|█████▋    | 1758/3090 [2:35:05<2:17:24,  6.19s/it]
 57%|█████▋    | 1759/3090 [2:35:10<2:09:03,  5.82s/it]
 57%|█████▋    | 1760/3090 [2:35:15<2:03:11,  5.56s/it]
 57%|█████▋    | 1761/3090 [2:35:20<1:59:05,  5.38s/it]
 57%|█████▋    | 1762/3090 [2:35:25<1:56:11,  5.25s/it]
 57%|█████▋    | 1763/3090 [2:35:30<1:54:06,  5.16s/it]
 57%|█████▋    | 1764/3090 [2:35:35<1:52:38,  5.10s/it]
 57%|█████▋    | 1765/3090 [2:35:40<1:51:34,  5.05s/it]
 57%|█████▋    | 1766/3090 [2:35:45<1:50:50,  5.02s/it]
 57%|█████▋    | 1767/3090 [2:35:50<1:50:18,  5.00s/it]
 57%|█████▋    | 1768/3090 [2:35:55<1:49:52,  4.99s/it]
 57%|█████▋    | 1769/3090 [2:36:00<1:49:35,  4.98s/it]
 57%|█████▋    | 1770/3090 [2:36:05<1:49:19,  4.97s/it]
 57%|█████▋    | 1771/3090 [2:36:10<1:49:06,  4.96s/it]
 57%|█████▋    | 1772/3090 [2:36:15<1:48:57,  4.96s/it]
 57%|█████▋    | 1773/3090 [2:36:20<1:48:48,  4.96s/it]
 57%|█████▋    | 1774/3090 [2:36:25<1:48:41,  4.96s/it]
 57%|█████▋    | 1775/3090 [2:36:30<1:48:34,  4.95s/it]
 57%|█████▋    | 1776/3090 [2:36:35<1:48:28,  4.95s/it]
 58%|█████▊    | 1777/3090 [2:36:40<1:48:23,  4.95s/it]
 58%|█████▊    | 1778/3090 [2:36:45<1:48:18,  4.95s/it]
 58%|█████▊    | 1779/3090 [2:36:49<1:48:11,  4.95s/it]
 58%|█████▊    | 1780/3090 [2:36:54<1:48:05,  4.95s/it]
 58%|█████▊    | 1781/3090 [2:36:59<1:47:59,  4.95s/it]
 58%|█████▊    | 1782/3090 [2:37:04<1:47:56,  4.95s/it]
 58%|█████▊    | 1783/3090 [2:37:09<1:47:50,  4.95s/it]
 58%|█████▊    | 1784/3090 [2:37:14<1:47:45,  4.95s/it]
 58%|█████▊    | 1785/3090 [2:37:19<1:47:39,  4.95s/it]
 58%|█████▊    | 1786/3090 [2:37:24<1:47:35,  4.95s/it]
 58%|█████▊    | 1787/3090 [2:37:29<1:47:30,  4.95s/it]
 58%|█████▊    | 1788/3090 [2:37:34<1:47:25,  4.95s/it]
 58%|█████▊    | 1789/3090 [2:37:39<1:47:20,  4.95s/it]
 58%|█████▊    | 1790/3090 [2:37:44<1:47:16,  4.95s/it]
 58%|█████▊    | 1791/3090 [2:37:49<1:47:11,  4.95s/it]
 58%|█████▊    | 1792/3090 [2:37:54<1:47:07,  4.95s/it]
 58%|█████▊    | 1793/3090 [2:37:59<1:47:02,  4.95s/it]
 58%|█████▊    | 1794/3090 [2:38:04<1:46:56,  4.95s/it]
 58%|█████▊    | 1795/3090 [2:38:09<1:46:52,  4.95s/it]
 58%|█████▊    | 1796/3090 [2:38:14<1:46:46,  4.95s/it]
 58%|█████▊    | 1797/3090 [2:38:19<1:46:41,  4.95s/it]
 58%|█████▊    | 1798/3090 [2:38:24<1:46:36,  4.95s/it]
 58%|█████▊    | 1799/3090 [2:38:28<1:46:30,  4.95s/it]
 58%|█████▊    | 1800/3090 [2:38:33<1:46:26,  4.95s/it]
 58%|█████▊    | 1801/3090 [2:38:38<1:46:21,  4.95s/it]
 58%|█████▊    | 1802/3090 [2:38:43<1:46:16,  4.95s/it]
 58%|█████▊    | 1803/3090 [2:38:48<1:46:11,  4.95s/it]
 58%|█████▊    | 1804/3090 [2:38:53<1:46:06,  4.95s/it]
 58%|█████▊    | 1805/3090 [2:38:58<1:46:02,  4.95s/it]
 58%|█████▊    | 1806/3090 [2:39:03<1:45:56,  4.95s/it]
 58%|█████▊    | 1807/3090 [2:39:08<1:45:51,  4.95s/it]
 59%|█████▊    | 1808/3090 [2:39:14<1:52:11,  5.25s/it]
 59%|█████▊    | 1809/3090 [2:39:19<1:50:12,  5.16s/it]
 59%|█████▊    | 1810/3090 [2:39:24<1:48:45,  5.10s/it]
 59%|█████▊    | 1811/3090 [2:39:29<1:47:45,  5.05s/it]
 59%|█████▊    | 1812/3090 [2:39:34<1:47:00,  5.02s/it]
 59%|█████▊    | 1813/3090 [2:39:39<1:46:27,  5.00s/it]
 59%|█████▊    | 1814/3090 [2:39:44<1:46:03,  4.99s/it]
 59%|█████▊    | 1815/3090 [2:39:49<1:45:46,  4.98s/it]
 59%|█████▉    | 1816/3090 [2:39:54<1:45:35,  4.97s/it]
 59%|█████▉    | 1817/3090 [2:39:59<1:45:23,  4.97s/it]
 59%|█████▉    | 1818/3090 [2:40:04<1:45:13,  4.96s/it]
 59%|█████▉    | 1819/3090 [2:40:09<1:45:05,  4.96s/it]
 59%|█████▉    | 1820/3090 [2:40:13<1:44:58,  4.96s/it]
 59%|█████▉    | 1821/3090 [2:40:18<1:44:50,  4.96s/it]
 59%|█████▉    | 1822/3090 [2:40:23<1:44:43,  4.96s/it]
 59%|█████▉    | 1823/3090 [2:40:28<1:44:37,  4.95s/it]
 59%|█████▉    | 1824/3090 [2:40:33<1:44:31,  4.95s/it]
 59%|█████▉    | 1825/3090 [2:40:38<1:44:26,  4.95s/it]
 59%|█████▉    | 1826/3090 [2:40:43<1:44:22,  4.95s/it]
 59%|█████▉    | 1827/3090 [2:40:48<1:44:17,  4.95s/it]
 59%|█████▉    | 1828/3090 [2:40:53<1:44:11,  4.95s/it]
 59%|█████▉    | 1829/3090 [2:40:58<1:44:05,  4.95s/it]
 59%|█████▉    | 1830/3090 [2:41:03<1:44:02,  4.95s/it]
 59%|█████▉    | 1831/3090 [2:41:08<1:43:57,  4.95s/it]
 59%|█████▉    | 1832/3090 [2:41:13<1:43:52,  4.95s/it]
 59%|█████▉    | 1833/3090 [2:41:18<1:43:46,  4.95s/it]
 59%|█████▉    | 1834/3090 [2:41:23<1:43:41,  4.95s/it]
 59%|█████▉    | 1835/3090 [2:41:28<1:43:36,  4.95s/it]
 59%|█████▉    | 1836/3090 [2:41:33<1:43:31,  4.95s/it]
 59%|█████▉    | 1837/3090 [2:41:38<1:43:26,  4.95s/it]
 59%|█████▉    | 1838/3090 [2:41:43<1:43:21,  4.95s/it]
 60%|█████▉    | 1839/3090 [2:41:48<1:43:16,  4.95s/it]
 60%|█████▉    | 1840/3090 [2:41:53<1:43:12,  4.95s/it]
 60%|█████▉    | 1841/3090 [2:41:58<1:43:07,  4.95s/it]
 60%|█████▉    | 1842/3090 [2:42:02<1:43:01,  4.95s/it]
 60%|█████▉    | 1843/3090 [2:42:07<1:42:55,  4.95s/it]
 60%|█████▉    | 1844/3090 [2:42:12<1:42:51,  4.95s/it]
 60%|█████▉    | 1845/3090 [2:42:17<1:42:46,  4.95s/it]
 60%|█████▉    | 1846/3090 [2:42:22<1:42:42,  4.95s/it]
 60%|█████▉    | 1847/3090 [2:42:27<1:42:38,  4.95s/it]
 60%|█████▉    | 1848/3090 [2:42:32<1:42:33,  4.95s/it]
 60%|█████▉    | 1849/3090 [2:42:37<1:42:26,  4.95s/it]
 60%|█████▉    | 1850/3090 [2:42:42<1:42:42,  4.97s/it]
 60%|█████▉    | 1851/3090 [2:42:47<1:42:31,  4.96s/it]
 60%|█████▉    | 1852/3090 [2:42:52<1:42:21,  4.96s/it]
 60%|█████▉    | 1853/3090 [2:42:57<1:42:14,  4.96s/it]
 60%|██████    | 1854/3090 [2:43:02<1:41:08,  4.91s/it]
                                                       

 60%|██████    | 1854/3090 [2:43:02<1:41:08,  4.91s/it]{'loss': 0.016, 'grad_norm': 0.024751992896199226, 'learning_rate': 2e-05, 'epoch': 18.0}


  0%|          | 0/26 [00:00<?, ?it/s][A

  8%|▊         | 2/26 [00:01<00:14,  1.67it/s][A

 12%|█▏        | 3/26 [00:02<00:19,  1.18it/s][A

 15%|█▌        | 4/26 [00:03<00:21,  1.03it/s][A

 19%|█▉        | 5/26 [00:04<00:22,  1.05s/it][A

 23%|██▎       | 6/26 [00:05<00:21,  1.10s/it][A

 27%|██▋       | 7/26 [00:07<00:21,  1.13s/it][A

 31%|███       | 8/26 [00:08<00:20,  1.15s/it][A

 35%|███▍      | 9/26 [00:09<00:19,  1.16s/it][A

 38%|███▊      | 10/26 [00:10<00:18,  1.17s/it][A

 42%|████▏     | 11/26 [00:11<00:17,  1.18s/it][A

 46%|████▌     | 12/26 [00:13<00:16,  1.18s/it][A

 50%|█████     | 13/26 [00:14<00:15,  1.18s/it][A

 54%|█████▍    | 14/26 [00:15<00:14,  1.19s/it][A

 58%|█████▊    | 15/26 [00:16<00:13,  1.19s/it][A

 62%|██████▏   | 16/26 [00:17<00:11,  1.19s/it][A

 65%|██████▌   | 17/26 [00:19<00:10,  1.19s/it][A

 69%|██████▉   | 18/26 [00:20<00:09,  1.19s/it][A

 73%|███████▎  | 19/26 [00:21<00:08,  1.19s/it][A

 77%|███████▋  | 20/26 [00:22<00:07,  1.19s/it][A

 81%|████████  | 21/26 [00:23<00:05,  1.19s/it][A

 85%|████████▍ | 22/26 [00:25<00:04,  1.19s/it][A

 88%|████████▊ | 23/26 [00:26<00:03,  1.19s/it][A

 92%|█████████▏| 24/26 [00:27<00:02,  1.19s/it][A

 96%|█████████▌| 25/26 [00:28<00:01,  1.19s/it][A

100%|██████████| 26/26 [00:29<00:00,  1.14s/it][A

                                               
[A
                                                       

100%|██████████| 26/26 [00:29<00:00,  1.14s/it][A
 60%|██████    | 1854/3090 [2:43:33<1:41:08,  4.91s/it]

                                               [A{'eval_loss': 0.06582175195217133, 'eval_macro_recall': 0.9588912448096121, 'eval_macro_precision': 0.9569344135488335, 'eval_macro_f1': 0.9577260569245706, 'eval_accuracy': 0.9890776699029126, 'eval_micro_recall': 0.9890776699029126, 'eval_micro_precision': 0.9890776699029126, 'eval_micro_f1': 0.9890776699029126, 'eval_runtime': 31.2156, 'eval_samples_per_second': 26.397, 'eval_steps_per_second': 0.833, 'epoch': 18.0}

 60%|██████    | 1855/3090 [2:43:42<5:18:48, 15.49s/it]
 60%|██████    | 1856/3090 [2:43:47<4:13:34, 12.33s/it]
 60%|██████    | 1857/3090 [2:43:52<3:27:53, 10.12s/it]
 60%|██████    | 1858/3090 [2:43:57<2:55:55,  8.57s/it]
 60%|██████    | 1859/3090 [2:44:02<2:33:35,  7.49s/it]
 60%|██████    | 1860/3090 [2:44:07<2:17:54,  6.73s/it]
 60%|██████    | 1861/3090 [2:44:12<2:06:54,  6.20s/it]
 60%|██████    | 1862/3090 [2:44:17<1:59:13,  5.83s/it]
 60%|██████    | 1863/3090 [2:44:22<1:53:46,  5.56s/it]
 60%|██████    | 1864/3090 [2:44:27<1:49:56,  5.38s/it]
 60%|██████    | 1865/3090 [2:44:32<1:47:14,  5.25s/it]
 60%|██████    | 1866/3090 [2:44:36<1:45:20,  5.16s/it]
 60%|██████    | 1867/3090 [2:44:41<1:43:58,  5.10s/it]
 60%|██████    | 1868/3090 [2:44:46<1:42:59,  5.06s/it]
 60%|██████    | 1869/3090 [2:44:51<1:42:16,  5.03s/it]
 61%|██████    | 1870/3090 [2:44:56<1:41:46,  5.01s/it]
 61%|██████    | 1871/3090 [2:45:01<1:41:23,  4.99s/it]
 61%|██████    | 1872/3090 [2:45:06<1:41:05,  4.98s/it]
 61%|██████    | 1873/3090 [2:45:11<1:40:51,  4.97s/it]
 61%|██████    | 1874/3090 [2:45:16<1:40:39,  4.97s/it]
 61%|██████    | 1875/3090 [2:45:21<1:40:30,  4.96s/it]
 61%|██████    | 1876/3090 [2:45:26<1:40:21,  4.96s/it]
 61%|██████    | 1877/3090 [2:45:31<1:40:14,  4.96s/it]
 61%|██████    | 1878/3090 [2:45:36<1:40:07,  4.96s/it]
 61%|██████    | 1879/3090 [2:45:41<1:40:01,  4.96s/it]
 61%|██████    | 1880/3090 [2:45:46<1:39:57,  4.96s/it]
 61%|██████    | 1881/3090 [2:45:51<1:39:50,  4.96s/it]
 61%|██████    | 1882/3090 [2:45:56<1:39:44,  4.95s/it]
 61%|██████    | 1883/3090 [2:46:01<1:39:39,  4.95s/it]
 61%|██████    | 1884/3090 [2:46:06<1:39:55,  4.97s/it]
 61%|██████    | 1885/3090 [2:46:11<1:39:43,  4.97s/it]
 61%|██████    | 1886/3090 [2:46:16<1:39:34,  4.96s/it]
 61%|██████    | 1887/3090 [2:46:21<1:39:25,  4.96s/it]
 61%|██████    | 1888/3090 [2:46:26<1:39:19,  4.96s/it]
 61%|██████    | 1889/3090 [2:46:30<1:39:13,  4.96s/it]
 61%|██████    | 1890/3090 [2:46:35<1:39:07,  4.96s/it]
 61%|██████    | 1891/3090 [2:46:40<1:39:01,  4.96s/it]
 61%|██████    | 1892/3090 [2:46:45<1:38:56,  4.96s/it]
 61%|██████▏   | 1893/3090 [2:46:50<1:38:50,  4.95s/it]
 61%|██████▏   | 1894/3090 [2:46:55<1:38:45,  4.95s/it]
 61%|██████▏   | 1895/3090 [2:47:00<1:38:39,  4.95s/it]
 61%|██████▏   | 1896/3090 [2:47:05<1:38:34,  4.95s/it]
 61%|██████▏   | 1897/3090 [2:47:10<1:38:29,  4.95s/it]
 61%|██████▏   | 1898/3090 [2:47:15<1:38:25,  4.95s/it]
 61%|██████▏   | 1899/3090 [2:47:20<1:38:20,  4.95s/it]
 61%|██████▏   | 1900/3090 [2:47:25<1:38:15,  4.95s/it]
 62%|██████▏   | 1901/3090 [2:47:30<1:38:10,  4.95s/it]
 62%|██████▏   | 1902/3090 [2:47:35<1:38:05,  4.95s/it]
 62%|██████▏   | 1903/3090 [2:47:40<1:38:01,  4.95s/it]
 62%|██████▏   | 1904/3090 [2:47:45<1:37:55,  4.95s/it]
 62%|██████▏   | 1905/3090 [2:47:50<1:37:50,  4.95s/it]
 62%|██████▏   | 1906/3090 [2:47:55<1:37:45,  4.95s/it]
 62%|██████▏   | 1907/3090 [2:48:00<1:37:40,  4.95s/it]
 62%|██████▏   | 1908/3090 [2:48:05<1:37:35,  4.95s/it]
 62%|██████▏   | 1909/3090 [2:48:10<1:37:29,  4.95s/it]
 62%|██████▏   | 1910/3090 [2:48:15<1:37:25,  4.95s/it]
 62%|██████▏   | 1911/3090 [2:48:19<1:37:20,  4.95s/it]
 62%|██████▏   | 1912/3090 [2:48:24<1:37:15,  4.95s/it]
 62%|██████▏   | 1913/3090 [2:48:29<1:37:10,  4.95s/it]
 62%|██████▏   | 1914/3090 [2:48:34<1:37:04,  4.95s/it]
 62%|██████▏   | 1915/3090 [2:48:39<1:37:00,  4.95s/it]
 62%|██████▏   | 1916/3090 [2:48:44<1:36:55,  4.95s/it]
 62%|██████▏   | 1917/3090 [2:48:49<1:36:50,  4.95s/it]
 62%|██████▏   | 1918/3090 [2:48:54<1:36:46,  4.95s/it]
 62%|██████▏   | 1919/3090 [2:48:59<1:36:41,  4.95s/it]
 62%|██████▏   | 1920/3090 [2:49:04<1:36:35,  4.95s/it]
 62%|██████▏   | 1921/3090 [2:49:09<1:36:32,  4.96s/it]
 62%|██████▏   | 1922/3090 [2:49:14<1:36:27,  4.95s/it]
 62%|██████▏   | 1923/3090 [2:49:19<1:36:21,  4.95s/it]
 62%|██████▏   | 1924/3090 [2:49:24<1:36:16,  4.95s/it]
 62%|██████▏   | 1925/3090 [2:49:29<1:36:11,  4.95s/it]
 62%|██████▏   | 1926/3090 [2:49:34<1:36:06,  4.95s/it]
 62%|██████▏   | 1927/3090 [2:49:39<1:36:00,  4.95s/it]
 62%|██████▏   | 1928/3090 [2:49:44<1:35:55,  4.95s/it]
 62%|██████▏   | 1929/3090 [2:49:49<1:35:50,  4.95s/it]
 62%|██████▏   | 1930/3090 [2:49:54<1:35:44,  4.95s/it]
 62%|██████▏   | 1931/3090 [2:49:59<1:35:39,  4.95s/it]
 63%|██████▎   | 1932/3090 [2:50:04<1:35:34,  4.95s/it]
 63%|██████▎   | 1933/3090 [2:50:08<1:35:29,  4.95s/it]
 63%|██████▎   | 1934/3090 [2:50:13<1:35:24,  4.95s/it]
 63%|██████▎   | 1935/3090 [2:50:18<1:35:18,  4.95s/it]
 63%|██████▎   | 1936/3090 [2:50:23<1:35:13,  4.95s/it]
 63%|██████▎   | 1937/3090 [2:50:28<1:35:09,  4.95s/it]
 63%|██████▎   | 1938/3090 [2:50:33<1:35:04,  4.95s/it]
 63%|██████▎   | 1939/3090 [2:50:38<1:34:59,  4.95s/it]
 63%|██████▎   | 1940/3090 [2:50:43<1:34:54,  4.95s/it]
 63%|██████▎   | 1941/3090 [2:50:48<1:34:50,  4.95s/it]
 63%|██████▎   | 1942/3090 [2:50:53<1:34:44,  4.95s/it]
 63%|██████▎   | 1943/3090 [2:50:58<1:34:39,  4.95s/it]
 63%|██████▎   | 1944/3090 [2:51:03<1:34:35,  4.95s/it]
 63%|██████▎   | 1945/3090 [2:51:08<1:34:30,  4.95s/it]
 63%|██████▎   | 1946/3090 [2:51:13<1:34:25,  4.95s/it]
 63%|██████▎   | 1947/3090 [2:51:18<1:34:20,  4.95s/it]
 63%|██████▎   | 1948/3090 [2:51:23<1:34:15,  4.95s/it]
 63%|██████▎   | 1949/3090 [2:51:28<1:34:10,  4.95s/it]
 63%|██████▎   | 1950/3090 [2:51:33<1:34:05,  4.95s/it]
 63%|██████▎   | 1951/3090 [2:51:38<1:33:59,  4.95s/it]
 63%|██████▎   | 1952/3090 [2:51:43<1:33:54,  4.95s/it]
 63%|██████▎   | 1953/3090 [2:51:47<1:33:49,  4.95s/it]
 63%|██████▎   | 1954/3090 [2:51:52<1:33:43,  4.95s/it]
 63%|██████▎   | 1955/3090 [2:51:57<1:33:38,  4.95s/it]
 63%|██████▎   | 1956/3090 [2:52:02<1:33:33,  4.95s/it]
 63%|██████▎   | 1957/3090 [2:52:07<1:32:16,  4.89s/it]
                                                       

 63%|██████▎   | 1957/3090 [2:52:07<1:32:16,  4.89s/it]{'loss': 0.0144, 'grad_norm': 0.060042377561330795, 'learning_rate': 1.8333333333333333e-05, 'epoch': 19.0}


  0%|          | 0/26 [00:00<?, ?it/s][A

  8%|▊         | 2/26 [00:01<00:14,  1.68it/s][A

 12%|█▏        | 3/26 [00:02<00:19,  1.18it/s][A

 15%|█▌        | 4/26 [00:03<00:21,  1.03it/s][A

 19%|█▉        | 5/26 [00:04<00:22,  1.05s/it][A

 23%|██▎       | 6/26 [00:05<00:21,  1.10s/it][A

 27%|██▋       | 7/26 [00:07<00:21,  1.13s/it][A

 31%|███       | 8/26 [00:08<00:20,  1.15s/it][A

 35%|███▍      | 9/26 [00:09<00:19,  1.16s/it][A

 38%|███▊      | 10/26 [00:10<00:18,  1.17s/it][A

 42%|████▏     | 11/26 [00:11<00:17,  1.18s/it][A

 46%|████▌     | 12/26 [00:13<00:16,  1.18s/it][A

 50%|█████     | 13/26 [00:14<00:15,  1.18s/it][A

 54%|█████▍    | 14/26 [00:15<00:14,  1.19s/it][A

 58%|█████▊    | 15/26 [00:16<00:13,  1.19s/it][A

 62%|██████▏   | 16/26 [00:17<00:11,  1.19s/it][A

 65%|██████▌   | 17/26 [00:19<00:10,  1.19s/it][A

 69%|██████▉   | 18/26 [00:20<00:09,  1.19s/it][A

 73%|███████▎  | 19/26 [00:21<00:08,  1.19s/it][A

 77%|███████▋  | 20/26 [00:22<00:07,  1.19s/it][A

 81%|████████  | 21/26 [00:23<00:05,  1.19s/it][A

 85%|████████▍ | 22/26 [00:25<00:04,  1.19s/it][A

 88%|████████▊ | 23/26 [00:26<00:03,  1.19s/it][A

 92%|█████████▏| 24/26 [00:27<00:02,  1.19s/it][A

 96%|█████████▌| 25/26 [00:28<00:01,  1.19s/it][A

100%|██████████| 26/26 [00:29<00:00,  1.13s/it][A

                                               
[A
                                                       

100%|██████████| 26/26 [00:29<00:00,  1.13s/it][A
 63%|██████▎   | 1957/3090 [2:52:38<1:32:16,  4.89s/it]

                                               [A{'eval_loss': 0.07270599901676178, 'eval_macro_recall': 0.9586262037282446, 'eval_macro_precision': 0.9565761511216054, 'eval_macro_f1': 0.9573594927828337, 'eval_accuracy': 0.9878640776699029, 'eval_micro_recall': 0.9878640776699029, 'eval_micro_precision': 0.9878640776699029, 'eval_micro_f1': 0.9878640776699029, 'eval_runtime': 31.1516, 'eval_samples_per_second': 26.451, 'eval_steps_per_second': 0.835, 'epoch': 19.0}

 63%|██████▎   | 1958/3090 [2:52:47<4:50:42, 15.41s/it]
 63%|██████▎   | 1959/3090 [2:52:52<3:51:18, 12.27s/it]
 63%|██████▎   | 1960/3090 [2:52:57<3:09:45, 10.08s/it]
 63%|██████▎   | 1961/3090 [2:53:02<2:40:39,  8.54s/it]
 63%|██████▎   | 1962/3090 [2:53:07<2:20:16,  7.46s/it]
 64%|██████▎   | 1963/3090 [2:53:12<2:06:01,  6.71s/it]
 64%|██████▎   | 1964/3090 [2:53:17<1:56:00,  6.18s/it]
 64%|██████▎   | 1965/3090 [2:53:22<1:49:00,  5.81s/it]
 64%|██████▎   | 1966/3090 [2:53:27<1:44:04,  5.56s/it]
 64%|██████▎   | 1967/3090 [2:53:32<1:40:35,  5.37s/it]
 64%|██████▎   | 1968/3090 [2:53:37<1:38:07,  5.25s/it]
 64%|██████▎   | 1969/3090 [2:53:42<1:36:23,  5.16s/it]
 64%|██████▍   | 1970/3090 [2:53:46<1:35:09,  5.10s/it]
 64%|██████▍   | 1971/3090 [2:53:51<1:34:15,  5.05s/it]
 64%|██████▍   | 1972/3090 [2:53:56<1:33:36,  5.02s/it]
 64%|██████▍   | 1973/3090 [2:54:01<1:33:06,  5.00s/it]
 64%|██████▍   | 1974/3090 [2:54:06<1:32:44,  4.99s/it]
 64%|██████▍   | 1975/3090 [2:54:11<1:32:28,  4.98s/it]
 64%|██████▍   | 1976/3090 [2:54:16<1:32:14,  4.97s/it]
 64%|██████▍   | 1977/3090 [2:54:21<1:32:03,  4.96s/it]
 64%|██████▍   | 1978/3090 [2:54:26<1:31:55,  4.96s/it]
 64%|██████▍   | 1979/3090 [2:54:31<1:31:47,  4.96s/it]
 64%|██████▍   | 1980/3090 [2:54:36<1:31:40,  4.96s/it]
 64%|██████▍   | 1981/3090 [2:54:41<1:31:34,  4.95s/it]
 64%|██████▍   | 1982/3090 [2:54:46<1:31:28,  4.95s/it]
 64%|██████▍   | 1983/3090 [2:54:51<1:31:22,  4.95s/it]
 64%|██████▍   | 1984/3090 [2:54:56<1:31:17,  4.95s/it]
 64%|██████▍   | 1985/3090 [2:55:01<1:31:11,  4.95s/it]
 64%|██████▍   | 1986/3090 [2:55:06<1:31:06,  4.95s/it]
 64%|██████▍   | 1987/3090 [2:55:11<1:31:01,  4.95s/it]
 64%|██████▍   | 1988/3090 [2:55:16<1:30:55,  4.95s/it]
 64%|██████▍   | 1989/3090 [2:55:21<1:30:51,  4.95s/it]
 64%|██████▍   | 1990/3090 [2:55:25<1:30:46,  4.95s/it]
 64%|██████▍   | 1991/3090 [2:55:30<1:30:41,  4.95s/it]
 64%|██████▍   | 1992/3090 [2:55:35<1:30:36,  4.95s/it]
 64%|██████▍   | 1993/3090 [2:55:40<1:30:31,  4.95s/it]
 65%|██████▍   | 1994/3090 [2:55:45<1:30:26,  4.95s/it]
 65%|██████▍   | 1995/3090 [2:55:50<1:30:21,  4.95s/it]
 65%|██████▍   | 1996/3090 [2:55:55<1:30:16,  4.95s/it]
 65%|██████▍   | 1997/3090 [2:56:00<1:30:12,  4.95s/it]
 65%|██████▍   | 1998/3090 [2:56:05<1:30:06,  4.95s/it]
 65%|██████▍   | 1999/3090 [2:56:10<1:30:01,  4.95s/it]
 65%|██████▍   | 2000/3090 [2:56:15<1:29:56,  4.95s/it]
 65%|██████▍   | 2001/3090 [2:56:20<1:29:52,  4.95s/it]
 65%|██████▍   | 2002/3090 [2:56:25<1:29:47,  4.95s/it]
 65%|██████▍   | 2003/3090 [2:56:30<1:29:42,  4.95s/it]
 65%|██████▍   | 2004/3090 [2:56:35<1:29:37,  4.95s/it]
 65%|██████▍   | 2005/3090 [2:56:40<1:29:32,  4.95s/it]
 65%|██████▍   | 2006/3090 [2:56:45<1:29:27,  4.95s/it]
 65%|██████▍   | 2007/3090 [2:56:50<1:29:22,  4.95s/it]
 65%|██████▍   | 2008/3090 [2:56:55<1:29:18,  4.95s/it]
 65%|██████▌   | 2009/3090 [2:57:00<1:29:12,  4.95s/it]
 65%|██████▌   | 2010/3090 [2:57:05<1:29:08,  4.95s/it]
 65%|██████▌   | 2011/3090 [2:57:09<1:29:03,  4.95s/it]
 65%|██████▌   | 2012/3090 [2:57:14<1:28:57,  4.95s/it]
 65%|██████▌   | 2013/3090 [2:57:19<1:28:52,  4.95s/it]
 65%|██████▌   | 2014/3090 [2:57:24<1:28:47,  4.95s/it]
 65%|██████▌   | 2015/3090 [2:57:29<1:28:42,  4.95s/it]
 65%|██████▌   | 2016/3090 [2:57:34<1:28:38,  4.95s/it]
 65%|██████▌   | 2017/3090 [2:57:39<1:28:33,  4.95s/it]
 65%|██████▌   | 2018/3090 [2:57:44<1:28:28,  4.95s/it]
 65%|██████▌   | 2019/3090 [2:57:49<1:28:23,  4.95s/it]
 65%|██████▌   | 2020/3090 [2:57:54<1:28:17,  4.95s/it]
 65%|██████▌   | 2021/3090 [2:57:59<1:28:12,  4.95s/it]
 65%|██████▌   | 2022/3090 [2:58:04<1:28:07,  4.95s/it]
 65%|██████▌   | 2023/3090 [2:58:09<1:28:02,  4.95s/it]
 66%|██████▌   | 2024/3090 [2:58:14<1:27:57,  4.95s/it]
 66%|██████▌   | 2025/3090 [2:58:19<1:27:52,  4.95s/it]
 66%|██████▌   | 2026/3090 [2:58:24<1:27:47,  4.95s/it]
 66%|██████▌   | 2027/3090 [2:58:29<1:27:43,  4.95s/it]
 66%|██████▌   | 2028/3090 [2:58:34<1:27:38,  4.95s/it]
 66%|██████▌   | 2029/3090 [2:58:39<1:27:33,  4.95s/it]
 66%|██████▌   | 2030/3090 [2:58:44<1:27:28,  4.95s/it]
 66%|██████▌   | 2031/3090 [2:58:48<1:27:23,  4.95s/it]
 66%|██████▌   | 2032/3090 [2:58:53<1:27:19,  4.95s/it]
 66%|██████▌   | 2033/3090 [2:58:58<1:27:13,  4.95s/it]
 66%|██████▌   | 2034/3090 [2:59:03<1:27:08,  4.95s/it]
 66%|██████▌   | 2035/3090 [2:59:08<1:27:03,  4.95s/it]
 66%|██████▌   | 2036/3090 [2:59:13<1:26:58,  4.95s/it]
 66%|██████▌   | 2037/3090 [2:59:18<1:26:52,  4.95s/it]
 66%|██████▌   | 2038/3090 [2:59:23<1:26:48,  4.95s/it]
 66%|██████▌   | 2039/3090 [2:59:28<1:26:42,  4.95s/it]
 66%|██████▌   | 2040/3090 [2:59:33<1:26:37,  4.95s/it]
 66%|██████▌   | 2041/3090 [2:59:38<1:26:33,  4.95s/it]
 66%|██████▌   | 2042/3090 [2:59:43<1:26:28,  4.95s/it]
 66%|██████▌   | 2043/3090 [2:59:48<1:26:23,  4.95s/it]
 66%|██████▌   | 2044/3090 [2:59:53<1:26:18,  4.95s/it]
 66%|██████▌   | 2045/3090 [2:59:58<1:26:13,  4.95s/it]
 66%|██████▌   | 2046/3090 [3:00:03<1:26:09,  4.95s/it]
 66%|██████▌   | 2047/3090 [3:00:08<1:26:04,  4.95s/it]
 66%|██████▋   | 2048/3090 [3:00:13<1:25:59,  4.95s/it]
 66%|██████▋   | 2049/3090 [3:00:18<1:25:53,  4.95s/it]
 66%|██████▋   | 2050/3090 [3:00:23<1:25:49,  4.95s/it]
 66%|██████▋   | 2051/3090 [3:00:28<1:25:44,  4.95s/it]
 66%|██████▋   | 2052/3090 [3:00:32<1:25:39,  4.95s/it]
 66%|██████▋   | 2053/3090 [3:00:37<1:25:34,  4.95s/it]
 66%|██████▋   | 2054/3090 [3:00:42<1:25:29,  4.95s/it]
 67%|██████▋   | 2055/3090 [3:00:47<1:25:24,  4.95s/it]
 67%|██████▋   | 2056/3090 [3:00:52<1:25:19,  4.95s/it]
 67%|██████▋   | 2057/3090 [3:00:57<1:25:14,  4.95s/it]
 67%|██████▋   | 2058/3090 [3:01:02<1:25:08,  4.95s/it]
 67%|██████▋   | 2059/3090 [3:01:07<1:25:03,  4.95s/it]
 67%|██████▋   | 2060/3090 [3:01:12<1:23:53,  4.89s/it]
                                                       

 67%|██████▋   | 2060/3090 [3:01:12<1:23:53,  4.89s/it]{'loss': 0.0141, 'grad_norm': 0.1112867221236229, 'learning_rate': 1.6666666666666667e-05, 'epoch': 20.0}


  0%|          | 0/26 [00:00<?, ?it/s][A

  8%|▊         | 2/26 [00:01<00:14,  1.68it/s][A

 12%|█▏        | 3/26 [00:02<00:19,  1.18it/s][A

 15%|█▌        | 4/26 [00:03<00:21,  1.03it/s][A

 19%|█▉        | 5/26 [00:04<00:22,  1.05s/it][A

 23%|██▎       | 6/26 [00:05<00:21,  1.10s/it][A

 27%|██▋       | 7/26 [00:07<00:21,  1.13s/it][A

 31%|███       | 8/26 [00:08<00:20,  1.15s/it][A

 35%|███▍      | 9/26 [00:09<00:19,  1.16s/it][A

 38%|███▊      | 10/26 [00:10<00:18,  1.17s/it][A

 42%|████▏     | 11/26 [00:11<00:17,  1.18s/it][A

 46%|████▌     | 12/26 [00:13<00:16,  1.18s/it][A

 50%|█████     | 13/26 [00:14<00:15,  1.19s/it][A

 54%|█████▍    | 14/26 [00:15<00:14,  1.19s/it][A

 58%|█████▊    | 15/26 [00:16<00:13,  1.19s/it][A

 62%|██████▏   | 16/26 [00:17<00:11,  1.19s/it][A

 65%|██████▌   | 17/26 [00:19<00:10,  1.19s/it][A

 69%|██████▉   | 18/26 [00:20<00:09,  1.19s/it][A

 73%|███████▎  | 19/26 [00:21<00:08,  1.19s/it][A

 77%|███████▋  | 20/26 [00:22<00:07,  1.19s/it][A

 81%|████████  | 21/26 [00:23<00:05,  1.19s/it][A

 85%|████████▍ | 22/26 [00:25<00:04,  1.19s/it][A

 88%|████████▊ | 23/26 [00:26<00:03,  1.19s/it][A

 92%|█████████▏| 24/26 [00:27<00:02,  1.19s/it][A

 96%|█████████▌| 25/26 [00:28<00:01,  1.19s/it][A

100%|██████████| 26/26 [00:29<00:00,  1.16s/it][A

                                               
[A
                                                       

100%|██████████| 26/26 [00:29<00:00,  1.16s/it][A
 67%|██████▋   | 2060/3090 [3:01:43<1:23:53,  4.89s/it]

                                               [A{'eval_loss': 0.07182423770427704, 'eval_macro_recall': 0.9586262037282446, 'eval_macro_precision': 0.9565761511216054, 'eval_macro_f1': 0.9573594927828337, 'eval_accuracy': 0.9878640776699029, 'eval_micro_recall': 0.9878640776699029, 'eval_micro_precision': 0.9878640776699029, 'eval_micro_f1': 0.9878640776699029, 'eval_runtime': 31.2948, 'eval_samples_per_second': 26.33, 'eval_steps_per_second': 0.831, 'epoch': 20.0}

 67%|██████▋   | 2061/3090 [3:01:53<4:30:43, 15.79s/it]
 67%|██████▋   | 2062/3090 [3:01:58<3:34:47, 12.54s/it]
 67%|██████▋   | 2063/3090 [3:02:03<2:55:37, 10.26s/it]
 67%|██████▋   | 2064/3090 [3:02:08<2:28:13,  8.67s/it]
 67%|██████▋   | 2065/3090 [3:02:13<2:09:01,  7.55s/it]
 67%|██████▋   | 2066/3090 [3:02:18<1:55:34,  6.77s/it]
 67%|██████▋   | 2067/3090 [3:02:23<1:46:10,  6.23s/it]
 67%|██████▋   | 2068/3090 [3:02:28<1:39:32,  5.84s/it]
 67%|██████▋   | 2069/3090 [3:02:33<1:34:54,  5.58s/it]
 67%|██████▋   | 2070/3090 [3:02:38<1:31:37,  5.39s/it]
 67%|██████▋   | 2071/3090 [3:02:43<1:29:17,  5.26s/it]
 67%|██████▋   | 2072/3090 [3:02:48<1:27:39,  5.17s/it]
 67%|██████▋   | 2073/3090 [3:02:53<1:26:29,  5.10s/it]
 67%|██████▋   | 2074/3090 [3:02:57<1:25:39,  5.06s/it]
 67%|██████▋   | 2075/3090 [3:03:02<1:25:01,  5.03s/it]
 67%|██████▋   | 2076/3090 [3:03:07<1:24:34,  5.00s/it]
 67%|██████▋   | 2077/3090 [3:03:12<1:24:13,  4.99s/it]
 67%|██████▋   | 2078/3090 [3:03:17<1:23:57,  4.98s/it]
 67%|██████▋   | 2079/3090 [3:03:22<1:23:45,  4.97s/it]
 67%|██████▋   | 2080/3090 [3:03:27<1:23:34,  4.97s/it]
 67%|██████▋   | 2081/3090 [3:03:32<1:23:25,  4.96s/it]
 67%|██████▋   | 2082/3090 [3:03:37<1:23:18,  4.96s/it]
 67%|██████▋   | 2083/3090 [3:03:42<1:23:11,  4.96s/it]
 67%|██████▋   | 2084/3090 [3:03:47<1:23:05,  4.96s/it]
 67%|██████▋   | 2085/3090 [3:03:52<1:23:00,  4.96s/it]
 68%|██████▊   | 2086/3090 [3:03:57<1:22:54,  4.95s/it]
 68%|██████▊   | 2087/3090 [3:04:02<1:22:48,  4.95s/it]
 68%|██████▊   | 2088/3090 [3:04:07<1:22:44,  4.95s/it]
 68%|██████▊   | 2089/3090 [3:04:12<1:22:39,  4.95s/it]
 68%|██████▊   | 2090/3090 [3:04:17<1:22:33,  4.95s/it]
 68%|██████▊   | 2091/3090 [3:04:22<1:22:28,  4.95s/it]
 68%|██████▊   | 2092/3090 [3:04:27<1:22:22,  4.95s/it]
 68%|██████▊   | 2093/3090 [3:04:32<1:22:17,  4.95s/it]
 68%|██████▊   | 2094/3090 [3:04:37<1:22:12,  4.95s/it]
 68%|██████▊   | 2095/3090 [3:04:41<1:22:07,  4.95s/it]
 68%|██████▊   | 2096/3090 [3:04:46<1:22:01,  4.95s/it]
 68%|██████▊   | 2097/3090 [3:04:51<1:21:57,  4.95s/it]
 68%|██████▊   | 2098/3090 [3:04:56<1:21:52,  4.95s/it]
 68%|██████▊   | 2099/3090 [3:05:01<1:21:47,  4.95s/it]
 68%|██████▊   | 2100/3090 [3:05:06<1:21:41,  4.95s/it]
 68%|██████▊   | 2101/3090 [3:05:11<1:21:36,  4.95s/it]
 68%|██████▊   | 2102/3090 [3:05:16<1:21:32,  4.95s/it]
 68%|██████▊   | 2103/3090 [3:05:21<1:21:27,  4.95s/it]
 68%|██████▊   | 2104/3090 [3:05:26<1:21:22,  4.95s/it]
 68%|██████▊   | 2105/3090 [3:05:31<1:21:17,  4.95s/it]
 68%|██████▊   | 2106/3090 [3:05:36<1:21:11,  4.95s/it]
 68%|██████▊   | 2107/3090 [3:05:41<1:21:07,  4.95s/it]
 68%|██████▊   | 2108/3090 [3:05:46<1:21:01,  4.95s/it]
 68%|██████▊   | 2109/3090 [3:05:51<1:20:56,  4.95s/it]
 68%|██████▊   | 2110/3090 [3:05:56<1:20:51,  4.95s/it]
 68%|██████▊   | 2111/3090 [3:06:01<1:20:48,  4.95s/it]
 68%|██████▊   | 2112/3090 [3:06:06<1:20:42,  4.95s/it]
 68%|██████▊   | 2113/3090 [3:06:11<1:20:38,  4.95s/it]
 68%|██████▊   | 2114/3090 [3:06:16<1:20:32,  4.95s/it]
 68%|██████▊   | 2115/3090 [3:06:21<1:20:27,  4.95s/it]
 68%|██████▊   | 2116/3090 [3:06:25<1:20:22,  4.95s/it]
 69%|██████▊   | 2117/3090 [3:06:30<1:20:17,  4.95s/it]
 69%|██████▊   | 2118/3090 [3:06:35<1:20:13,  4.95s/it]
 69%|██████▊   | 2119/3090 [3:06:40<1:20:07,  4.95s/it]
 69%|██████▊   | 2120/3090 [3:06:45<1:20:02,  4.95s/it]
 69%|██████▊   | 2121/3090 [3:06:50<1:19:58,  4.95s/it]
 69%|██████▊   | 2122/3090 [3:06:55<1:19:53,  4.95s/it]
 69%|██████▊   | 2123/3090 [3:07:01<1:23:01,  5.15s/it]
 69%|██████▊   | 2124/3090 [3:07:06<1:21:58,  5.09s/it]
 69%|██████▉   | 2125/3090 [3:07:11<1:21:13,  5.05s/it]
 69%|██████▉   | 2126/3090 [3:07:16<1:21:57,  5.10s/it]
 69%|██████▉   | 2127/3090 [3:07:21<1:21:09,  5.06s/it]
 69%|██████▉   | 2128/3090 [3:07:26<1:20:34,  5.03s/it]
 69%|██████▉   | 2129/3090 [3:07:31<1:20:08,  5.00s/it]
 69%|██████▉   | 2130/3090 [3:07:36<1:19:48,  4.99s/it]
 69%|██████▉   | 2131/3090 [3:07:41<1:19:33,  4.98s/it]
 69%|██████▉   | 2132/3090 [3:07:46<1:19:20,  4.97s/it]
 69%|██████▉   | 2133/3090 [3:07:51<1:19:10,  4.96s/it]
 69%|██████▉   | 2134/3090 [3:07:56<1:19:01,  4.96s/it]
 69%|██████▉   | 2135/3090 [3:08:00<1:18:54,  4.96s/it]
 69%|██████▉   | 2136/3090 [3:08:05<1:18:48,  4.96s/it]
 69%|██████▉   | 2137/3090 [3:08:10<1:18:42,  4.96s/it]
 69%|██████▉   | 2138/3090 [3:08:15<1:18:37,  4.95s/it]
 69%|██████▉   | 2139/3090 [3:08:20<1:18:31,  4.95s/it]
 69%|██████▉   | 2140/3090 [3:08:25<1:18:25,  4.95s/it]
 69%|██████▉   | 2141/3090 [3:08:30<1:18:21,  4.95s/it]
 69%|██████▉   | 2142/3090 [3:08:35<1:18:15,  4.95s/it]
 69%|██████▉   | 2143/3090 [3:08:40<1:18:09,  4.95s/it]
 69%|██████▉   | 2144/3090 [3:08:45<1:18:04,  4.95s/it]
 69%|██████▉   | 2145/3090 [3:08:50<1:17:59,  4.95s/it]
 69%|██████▉   | 2146/3090 [3:08:55<1:17:54,  4.95s/it]
 69%|██████▉   | 2147/3090 [3:09:00<1:17:49,  4.95s/it]
 70%|██████▉   | 2148/3090 [3:09:05<1:17:44,  4.95s/it]
 70%|██████▉   | 2149/3090 [3:09:10<1:17:40,  4.95s/it]
 70%|██████▉   | 2150/3090 [3:09:15<1:17:35,  4.95s/it]
 70%|██████▉   | 2151/3090 [3:09:20<1:17:29,  4.95s/it]
 70%|██████▉   | 2152/3090 [3:09:25<1:17:25,  4.95s/it]
 70%|██████▉   | 2153/3090 [3:09:30<1:17:20,  4.95s/it]
 70%|██████▉   | 2154/3090 [3:09:35<1:17:15,  4.95s/it]
 70%|██████▉   | 2155/3090 [3:09:40<1:17:11,  4.95s/it]
 70%|██████▉   | 2156/3090 [3:09:44<1:17:06,  4.95s/it]
 70%|██████▉   | 2157/3090 [3:09:50<1:18:17,  5.03s/it]
 70%|██████▉   | 2158/3090 [3:09:55<1:17:48,  5.01s/it]
 70%|██████▉   | 2159/3090 [3:10:00<1:17:28,  4.99s/it]
 70%|██████▉   | 2160/3090 [3:10:05<1:18:09,  5.04s/it]
 70%|██████▉   | 2161/3090 [3:10:10<1:17:39,  5.02s/it]
 70%|██████▉   | 2162/3090 [3:10:15<1:17:16,  5.00s/it]
 70%|███████   | 2163/3090 [3:10:19<1:15:57,  4.92s/it]
                                                       

 70%|███████   | 2163/3090 [3:10:19<1:15:57,  4.92s/it]{'loss': 0.0142, 'grad_norm': 0.01696661300957203, 'learning_rate': 1.5e-05, 'epoch': 21.0}


  0%|          | 0/26 [00:00<?, ?it/s][A

  8%|▊         | 2/26 [00:01<00:14,  1.68it/s][A

 12%|█▏        | 3/26 [00:02<00:19,  1.18it/s][A

 15%|█▌        | 4/26 [00:03<00:21,  1.03it/s][A

 19%|█▉        | 5/26 [00:04<00:22,  1.05s/it][A

 23%|██▎       | 6/26 [00:05<00:21,  1.10s/it][A

 27%|██▋       | 7/26 [00:07<00:21,  1.13s/it][A

 31%|███       | 8/26 [00:08<00:20,  1.15s/it][A

 35%|███▍      | 9/26 [00:09<00:19,  1.16s/it][A

 38%|███▊      | 10/26 [00:10<00:18,  1.17s/it][A

 42%|████▏     | 11/26 [00:11<00:17,  1.18s/it][A

 46%|████▌     | 12/26 [00:13<00:16,  1.18s/it][A

 50%|█████     | 13/26 [00:14<00:15,  1.19s/it][A

 54%|█████▍    | 14/26 [00:15<00:14,  1.19s/it][A

 58%|█████▊    | 15/26 [00:16<00:13,  1.19s/it][A

 62%|██████▏   | 16/26 [00:17<00:11,  1.19s/it][A

 65%|██████▌   | 17/26 [00:19<00:10,  1.19s/it][A

 69%|██████▉   | 18/26 [00:20<00:09,  1.19s/it][A

 73%|███████▎  | 19/26 [00:21<00:08,  1.19s/it][A

 77%|███████▋  | 20/26 [00:22<00:07,  1.19s/it][A

 81%|████████  | 21/26 [00:23<00:05,  1.19s/it][A

 85%|████████▍ | 22/26 [00:25<00:04,  1.19s/it][A

 88%|████████▊ | 23/26 [00:26<00:03,  1.19s/it][A

 92%|█████████▏| 24/26 [00:27<00:02,  1.19s/it][A

 96%|█████████▌| 25/26 [00:28<00:01,  1.19s/it][A

100%|██████████| 26/26 [00:29<00:00,  1.14s/it][A

                                               
[A
                                                       

100%|██████████| 26/26 [00:29<00:00,  1.14s/it][A
 70%|███████   | 2163/3090 [3:10:51<1:15:57,  4.92s/it]

                                               [A
                                                       

 70%|███████   | 2163/3090 [3:10:56<1:15:57,  4.92s/it]
 70%|███████   | 2163/3090 [3:10:56<1:21:50,  5.30s/it]
2025-04-11 22:23:01.273 | INFO     | __main__:fine_tune:230 - Training time: 11459.52 seconds
{'eval_loss': 0.06913439929485321, 'eval_macro_recall': 0.9586262037282446, 'eval_macro_precision': 0.9565761511216054, 'eval_macro_f1': 0.9573594927828337, 'eval_accuracy': 0.9878640776699029, 'eval_micro_recall': 0.9878640776699029, 'eval_micro_precision': 0.9878640776699029, 'eval_micro_f1': 0.9878640776699029, 'eval_runtime': 31.1063, 'eval_samples_per_second': 26.49, 'eval_steps_per_second': 0.836, 'epoch': 21.0}
{'train_runtime': 11456.739, 'train_samples_per_second': 8.625, 'train_steps_per_second': 0.27, 'train_loss': 0.20996386752435028, 'epoch': 21.0}

  0%|          | 0/26 [00:00<?, ?it/s]
  8%|▊         | 2/26 [00:01<00:14,  1.67it/s]
 12%|█▏        | 3/26 [00:02<00:19,  1.18it/s]
 15%|█▌        | 4/26 [00:03<00:21,  1.03it/s]
 19%|█▉        | 5/26 [00:04<00:22,  1.05s/it]
 23%|██▎       | 6/26 [00:05<00:21,  1.10s/it]
 27%|██▋       | 7/26 [00:07<00:21,  1.13s/it]
 31%|███       | 8/26 [00:08<00:20,  1.15s/it]
 35%|███▍      | 9/26 [00:09<00:19,  1.16s/it]
 38%|███▊      | 10/26 [00:10<00:18,  1.17s/it]
 42%|████▏     | 11/26 [00:11<00:17,  1.18s/it]
 46%|████▌     | 12/26 [00:13<00:16,  1.18s/it]
 50%|█████     | 13/26 [00:14<00:15,  1.18s/it]
 54%|█████▍    | 14/26 [00:15<00:14,  1.19s/it]
 58%|█████▊    | 15/26 [00:16<00:13,  1.19s/it]
 62%|██████▏   | 16/26 [00:17<00:11,  1.19s/it]
 65%|██████▌   | 17/26 [00:19<00:10,  1.19s/it]
 69%|██████▉   | 18/26 [00:20<00:09,  1.19s/it]
 73%|███████▎  | 19/26 [00:21<00:08,  1.19s/it]
 77%|███████▋  | 20/26 [00:22<00:07,  1.19s/it]
 81%|████████  | 21/26 [00:23<00:05,  1.19s/it]
 85%|████████▍ | 22/26 [00:25<00:04,  1.19s/it]
 88%|████████▊ | 23/26 [00:26<00:03,  1.19s/it]
 92%|█████████▏| 24/26 [00:27<00:02,  1.19s/it]
 96%|█████████▌| 25/26 [00:28<00:01,  1.19s/it]
100%|██████████| 26/26 [00:29<00:00,  1.14s/it]
100%|██████████| 26/26 [00:29<00:00,  1.14s/it]
2025-04-11 22:23:32.396 | INFO     | __main__:fine_tune:236 - Prediction time: 31.12 seconds
2025-04-11 22:23:32.403 | INFO     | __main__:CV_run:413 - Fold 2, Final Eval Metrics: loss: 0.07, macro_recall: 0.96, macro_precision: 0.96, macro_f1: 0.96, accuracy: 0.99, micro_recall: 0.99, micro_precision: 0.99, micro_f1: 0.99, runtime: 31.11, samples_per_second: 26.49, steps_per_second: 0.84
2025-04-11 22:23:32.414 | INFO     | __main__:CV_run:351 - Starting fold 3
Some weights of LongformerForSequenceClassification were not initialized from the model checkpoint at allenai/longformer-base-4096 and are newly initialized: ['classifier.dense.bias', 'classifier.dense.weight', 'classifier.out_proj.bias', 'classifier.out_proj.weight']
You should probably TRAIN this model on a down-stream task to be able to use it for predictions and inference.
2025-04-11 22:23:36.459 | INFO     | __main__:CV_run:403 - Starting fine-tuning with cross-entropy loss
2025-04-11 22:23:36.459 | INFO     | __main__:fine_tune:153 - Gradient accumulation steps: 4
Eval results: defaultdict(<class 'list'>, {'loss': [1.2148188352584839, 0.4694874584674835, 0.20646081864833832, 0.12660446763038635, 0.09645828604698181, 0.08036961406469345, 0.07769858837127686, 0.06906166672706604, 0.06888270378112793, 0.06822649389505386, 0.07622353732585907, 0.08764882385730743, 0.0663207396864891, 0.07554757595062256, 0.06806429475545883, 0.06509506702423096, 0.06655659526586533, 0.06582175195217133, 0.07270599901676178, 0.07182423770427704, 0.06913439929485321], 'macro_recall': [0.6614205155746509, 0.7916731429413871, 0.8830818116720373, 0.9114400565420975, 0.9344920045940452, 0.9659765485141424, 0.9534313985334393, 0.9659765485141424, 0.9686081274615109, 0.9712397064088794, 0.958361162646877, 0.9573009983214065, 0.9586262037282446, 0.958361162646877, 0.9586262037282446, 0.9586262037282446, 0.9583501192684865, 0.9588912448096121, 0.9586262037282446, 0.9586262037282446, 0.9586262037282446], 'macro_precision': [0.591748624284112, 0.7563609795664917, 0.8643616142629299, 0.9150459707192447, 0.9319008264462811, 0.9650476621529251, 0.952865575982459, 0.9633512759170653, 0.9664214513556619, 0.9688070606491659, 0.95624100239936, 0.9550919210659469, 0.9565761511216054, 0.95624100239936, 0.9565761511216054, 0.9565761511216054, 0.9565658439684414, 0.9569344135488335, 0.9565761511216054, 0.9565761511216054, 0.9565761511216054], 'macro_f1': [0.6161596112993164, 0.7672178329189044, 0.8702020044583175, 0.9114749748615896, 0.932948974223379, 0.9642936269404544, 0.9519482373715782, 0.9644132151122831, 0.9670182124541224, 0.9697760830808054, 0.9569975797726993, 0.9555861297028357, 0.9573594927828337, 0.9569975797726993, 0.9573594927828337, 0.9573594927828337, 0.9573220135594156, 0.9577260569245706, 0.9573594927828337, 0.9573594927828337, 0.9573594927828337], 'accuracy': [0.8191747572815534, 0.9077669902912622, 0.9550970873786407, 0.9757281553398058, 0.9817961165048543, 0.9854368932038835, 0.9854368932038835, 0.9854368932038835, 0.9866504854368932, 0.9878640776699029, 0.9866504854368932, 0.9817961165048543, 0.9878640776699029, 0.9866504854368932, 0.9878640776699029, 0.9878640776699029, 0.9878640776699029, 0.9890776699029126, 0.9878640776699029, 0.9878640776699029, 0.9878640776699029], 'micro_recall': [0.8191747572815534, 0.9077669902912622, 0.9550970873786407, 0.9757281553398058, 0.9817961165048543, 0.9854368932038835, 0.9854368932038835, 0.9854368932038835, 0.9866504854368932, 0.9878640776699029, 0.9866504854368932, 0.9817961165048543, 0.9878640776699029, 0.9866504854368932, 0.9878640776699029, 0.9878640776699029, 0.9878640776699029, 0.9890776699029126, 0.9878640776699029, 0.9878640776699029, 0.9878640776699029], 'micro_precision': [0.8191747572815534, 0.9077669902912622, 0.9550970873786407, 0.9757281553398058, 0.9817961165048543, 0.9854368932038835, 0.9854368932038835, 0.9854368932038835, 0.9866504854368932, 0.9878640776699029, 0.9866504854368932, 0.9817961165048543, 0.9878640776699029, 0.9866504854368932, 0.9878640776699029, 0.9878640776699029, 0.9878640776699029, 0.9890776699029126, 0.9878640776699029, 0.9878640776699029, 0.9878640776699029], 'micro_f1': [0.8191747572815534, 0.9077669902912622, 0.9550970873786407, 0.9757281553398058, 0.9817961165048543, 0.9854368932038835, 0.9854368932038835, 0.9854368932038835, 0.9866504854368932, 0.9878640776699029, 0.9866504854368932, 0.9817961165048543, 0.9878640776699029, 0.9866504854368932, 0.9878640776699029, 0.9878640776699029, 0.9878640776699029, 0.9890776699029126, 0.9878640776699029, 0.9878640776699029, 0.9878640776699029], 'runtime': [31.1753, 31.1842, 31.3826, 31.0866, 31.0543, 31.0523, 31.0582, 32.0414, 31.0786, 31.4269, 31.2856, 31.1687, 31.175, 31.1289, 31.5586, 31.4321, 31.2308, 31.2156, 31.1516, 31.2948, 31.1063], 'samples_per_second': [26.431, 26.424, 26.257, 26.507, 26.534, 26.536, 26.531, 25.717, 26.513, 26.22, 26.338, 26.437, 26.431, 26.471, 26.11, 26.215, 26.384, 26.397, 26.451, 26.33, 26.49], 'steps_per_second': [0.834, 0.834, 0.828, 0.836, 0.837, 0.837, 0.837, 0.811, 0.837, 0.827, 0.831, 0.834, 0.834, 0.835, 0.824, 0.827, 0.833, 0.833, 0.835, 0.831, 0.836]})

  0%|          | 0/3090 [00:00<?, ?it/s]
  0%|          | 1/3090 [00:05<4:35:21,  5.35s/it]
  0%|          | 2/3090 [00:10<4:23:20,  5.12s/it]
  0%|          | 3/3090 [00:15<4:19:51,  5.05s/it]
  0%|          | 4/3090 [00:20<4:17:47,  5.01s/it]
  0%|          | 5/3090 [00:25<4:16:41,  4.99s/it]
  0%|          | 6/3090 [00:30<4:15:53,  4.98s/it]
  0%|          | 7/3090 [00:35<4:15:20,  4.97s/it]
  0%|          | 8/3090 [00:40<4:15:03,  4.97s/it]
  0%|          | 9/3090 [00:44<4:14:45,  4.96s/it]
  0%|          | 10/3090 [00:49<4:14:30,  4.96s/it]
  0%|          | 11/3090 [00:54<4:14:18,  4.96s/it]
  0%|          | 12/3090 [00:59<4:14:09,  4.95s/it]
  0%|          | 13/3090 [01:04<4:14:07,  4.96s/it]
  0%|          | 14/3090 [01:09<4:13:58,  4.95s/it]
  0%|          | 15/3090 [01:14<4:13:53,  4.95s/it]
  1%|          | 16/3090 [01:19<4:13:44,  4.95s/it]
  1%|          | 17/3090 [01:24<4:13:37,  4.95s/it]
  1%|          | 18/3090 [01:29<4:13:31,  4.95s/it]
  1%|          | 19/3090 [01:34<4:13:26,  4.95s/it]
  1%|          | 20/3090 [01:39<4:13:21,  4.95s/it]
  1%|          | 21/3090 [01:44<4:13:16,  4.95s/it]
  1%|          | 22/3090 [01:49<4:13:08,  4.95s/it]
  1%|          | 23/3090 [01:54<4:13:03,  4.95s/it]
  1%|          | 24/3090 [01:59<4:12:59,  4.95s/it]
  1%|          | 25/3090 [02:04<4:12:54,  4.95s/it]
  1%|          | 26/3090 [02:09<4:12:50,  4.95s/it]
  1%|          | 27/3090 [02:14<4:12:44,  4.95s/it]
  1%|          | 28/3090 [02:19<4:12:41,  4.95s/it]
  1%|          | 29/3090 [02:24<4:12:36,  4.95s/it]
  1%|          | 30/3090 [02:28<4:12:32,  4.95s/it]
  1%|          | 31/3090 [02:33<4:12:26,  4.95s/it]
  1%|          | 32/3090 [02:38<4:12:20,  4.95s/it]
  1%|          | 33/3090 [02:43<4:12:16,  4.95s/it]
  1%|          | 34/3090 [02:48<4:12:12,  4.95s/it]
  1%|          | 35/3090 [02:53<4:12:07,  4.95s/it]
  1%|          | 36/3090 [02:58<4:12:03,  4.95s/it]
  1%|          | 37/3090 [03:03<4:12:00,  4.95s/it]
  1%|          | 38/3090 [03:08<4:11:55,  4.95s/it]
  1%|▏         | 39/3090 [03:13<4:11:51,  4.95s/it]
  1%|▏         | 40/3090 [03:18<4:11:46,  4.95s/it]
  1%|▏         | 41/3090 [03:23<4:11:42,  4.95s/it]
  1%|▏         | 42/3090 [03:28<4:11:34,  4.95s/it]
  1%|▏         | 43/3090 [03:33<4:16:03,  5.04s/it]
  1%|▏         | 44/3090 [03:38<4:14:51,  5.02s/it]
  1%|▏         | 45/3090 [03:43<4:17:00,  5.06s/it]
  1%|▏         | 46/3090 [03:48<4:15:22,  5.03s/it]
  2%|▏         | 47/3090 [03:53<4:14:05,  5.01s/it]
  2%|▏         | 48/3090 [03:58<4:13:07,  4.99s/it]
  2%|▏         | 49/3090 [04:03<4:12:28,  4.98s/it]
  2%|▏         | 50/3090 [04:08<4:11:58,  4.97s/it]
  2%|▏         | 51/3090 [04:13<4:11:37,  4.97s/it]
  2%|▏         | 52/3090 [04:18<4:11:18,  4.96s/it]
  2%|▏         | 53/3090 [04:23<4:11:04,  4.96s/it]
  2%|▏         | 54/3090 [04:28<4:10:54,  4.96s/it]
  2%|▏         | 55/3090 [04:33<4:10:50,  4.96s/it]
  2%|▏         | 56/3090 [04:38<4:10:41,  4.96s/it]
  2%|▏         | 57/3090 [04:43<4:10:31,  4.96s/it]
  2%|▏         | 58/3090 [04:48<4:10:25,  4.96s/it]
  2%|▏         | 59/3090 [04:53<4:10:17,  4.95s/it]
  2%|▏         | 60/3090 [04:58<4:10:12,  4.95s/it]
  2%|▏         | 61/3090 [05:03<4:10:07,  4.95s/it]
  2%|▏         | 62/3090 [05:08<4:10:03,  4.95s/it]
  2%|▏         | 63/3090 [05:12<4:09:57,  4.95s/it]
  2%|▏         | 64/3090 [05:17<4:09:53,  4.95s/it]
  2%|▏         | 65/3090 [05:22<4:09:47,  4.95s/it]
  2%|▏         | 66/3090 [05:27<4:09:42,  4.95s/it]
  2%|▏         | 67/3090 [05:32<4:09:36,  4.95s/it]
  2%|▏         | 68/3090 [05:37<4:09:31,  4.95s/it]
  2%|▏         | 69/3090 [05:42<4:09:28,  4.95s/it]
  2%|▏         | 70/3090 [05:47<4:09:23,  4.95s/it]
  2%|▏         | 71/3090 [05:52<4:09:20,  4.96s/it]
  2%|▏         | 72/3090 [05:57<4:09:15,  4.96s/it]
  2%|▏         | 73/3090 [06:02<4:09:09,  4.96s/it]
  2%|▏         | 74/3090 [06:07<4:09:03,  4.95s/it]
  2%|▏         | 75/3090 [06:12<4:08:57,  4.95s/it]
  2%|▏         | 76/3090 [06:17<4:08:51,  4.95s/it]
  2%|▏         | 77/3090 [06:22<4:08:47,  4.95s/it]
  3%|▎         | 78/3090 [06:27<4:08:41,  4.95s/it]
  3%|▎         | 79/3090 [06:32<4:08:35,  4.95s/it]
  3%|▎         | 80/3090 [06:37<4:08:29,  4.95s/it]
  3%|▎         | 81/3090 [06:42<4:08:25,  4.95s/it]
  3%|▎         | 82/3090 [06:47<4:08:21,  4.95s/it]
  3%|▎         | 83/3090 [06:52<4:08:16,  4.95s/it]
  3%|▎         | 84/3090 [06:57<4:08:11,  4.95s/it]
  3%|▎         | 85/3090 [07:01<4:08:07,  4.95s/it]
  3%|▎         | 86/3090 [07:06<4:08:02,  4.95s/it]
  3%|▎         | 87/3090 [07:11<4:09:22,  4.98s/it]
  3%|▎         | 88/3090 [07:16<4:08:51,  4.97s/it]
  3%|▎         | 89/3090 [07:21<4:08:26,  4.97s/it]
  3%|▎         | 90/3090 [07:26<4:08:10,  4.96s/it]
  3%|▎         | 91/3090 [07:31<4:07:57,  4.96s/it]
  3%|▎         | 92/3090 [07:36<4:07:46,  4.96s/it]
  3%|▎         | 93/3090 [07:41<4:07:36,  4.96s/it]
  3%|▎         | 94/3090 [07:46<4:07:29,  4.96s/it]
  3%|▎         | 95/3090 [07:51<4:07:23,  4.96s/it]
  3%|▎         | 96/3090 [07:56<4:07:16,  4.96s/it]
  3%|▎         | 97/3090 [08:01<4:07:10,  4.96s/it]
  3%|▎         | 98/3090 [08:06<4:07:05,  4.96s/it]
  3%|▎         | 99/3090 [08:11<4:07:02,  4.96s/it]
  3%|▎         | 100/3090 [08:16<4:06:56,  4.96s/it]
  3%|▎         | 101/3090 [08:21<4:06:49,  4.95s/it]
  3%|▎         | 102/3090 [08:26<4:06:45,  4.95s/it]
  3%|▎         | 103/3090 [08:31<4:03:26,  4.89s/it]
                                                    

  3%|▎         | 103/3090 [08:31<4:03:26,  4.89s/it]{'loss': 2.6436, 'grad_norm': 5.961821556091309, 'learning_rate': 4.8333333333333334e-05, 'epoch': 1.0}


  0%|          | 0/26 [00:00<?, ?it/s][A

  8%|▊         | 2/26 [00:01<00:14,  1.68it/s][A

 12%|█▏        | 3/26 [00:02<00:19,  1.19it/s][A

 15%|█▌        | 4/26 [00:03<00:21,  1.03it/s][A

 19%|█▉        | 5/26 [00:04<00:22,  1.05s/it][A

 23%|██▎       | 6/26 [00:05<00:21,  1.10s/it][A

 27%|██▋       | 7/26 [00:07<00:21,  1.13s/it][A

 31%|███       | 8/26 [00:08<00:20,  1.15s/it][A

 35%|███▍      | 9/26 [00:09<00:19,  1.16s/it][A

 38%|███▊      | 10/26 [00:10<00:18,  1.17s/it][A

 42%|████▏     | 11/26 [00:11<00:17,  1.18s/it][A

 46%|████▌     | 12/26 [00:13<00:16,  1.18s/it][A

 50%|█████     | 13/26 [00:14<00:15,  1.19s/it][A

 54%|█████▍    | 14/26 [00:15<00:14,  1.19s/it][A

 58%|█████▊    | 15/26 [00:16<00:13,  1.19s/it][A

 62%|██████▏   | 16/26 [00:17<00:11,  1.19s/it][A

 65%|██████▌   | 17/26 [00:19<00:10,  1.19s/it][A

 69%|██████▉   | 18/26 [00:20<00:09,  1.19s/it][A

 73%|███████▎  | 19/26 [00:21<00:08,  1.19s/it][A

 77%|███████▋  | 20/26 [00:22<00:07,  1.19s/it][A

 81%|████████  | 21/26 [00:23<00:05,  1.19s/it][A

 85%|████████▍ | 22/26 [00:25<00:04,  1.19s/it][A

 88%|████████▊ | 23/26 [00:26<00:03,  1.19s/it][A

 92%|█████████▏| 24/26 [00:27<00:02,  1.19s/it][A

 96%|█████████▌| 25/26 [00:28<00:01,  1.19s/it][A

100%|██████████| 26/26 [00:29<00:00,  1.14s/it][A

                                               
[A
                                                    

100%|██████████| 26/26 [00:30<00:00,  1.14s/it][A
  3%|▎         | 103/3090 [09:03<4:03:26,  4.89s/it]

                                               [A{'eval_loss': 1.270049810409546, 'eval_macro_recall': 0.561983316432469, 'eval_macro_precision': 0.4951063438881722, 'eval_macro_f1': 0.502319455962223, 'eval_accuracy': 0.7912621359223301, 'eval_micro_recall': 0.7912621359223301, 'eval_micro_precision': 0.7912621359223301, 'eval_micro_f1': 0.7912621359223301, 'eval_runtime': 31.6322, 'eval_samples_per_second': 26.049, 'eval_steps_per_second': 0.822, 'epoch': 1.0}

  3%|▎         | 104/3090 [09:12<13:02:42, 15.73s/it]
  3%|▎         | 105/3090 [09:16<10:21:36, 12.49s/it]
  3%|▎         | 106/3090 [09:21<8:28:56, 10.23s/it] 
  3%|▎         | 107/3090 [09:26<7:10:07,  8.65s/it]
  3%|▎         | 108/3090 [09:31<6:14:48,  7.54s/it]
  4%|▎         | 109/3090 [09:36<5:36:04,  6.76s/it]
  4%|▎         | 110/3090 [09:41<5:08:55,  6.22s/it]
  4%|▎         | 111/3090 [09:46<4:49:53,  5.84s/it]
  4%|▎         | 112/3090 [09:51<4:36:36,  5.57s/it]
  4%|▎         | 113/3090 [09:56<4:27:17,  5.39s/it]
  4%|▎         | 114/3090 [10:01<4:20:43,  5.26s/it]
  4%|▎         | 115/3090 [10:06<4:16:06,  5.17s/it]
  4%|▍         | 116/3090 [10:11<4:12:49,  5.10s/it]
  4%|▍         | 117/3090 [10:16<4:10:33,  5.06s/it]
  4%|▍         | 118/3090 [10:21<4:08:54,  5.02s/it]
  4%|▍         | 119/3090 [10:26<4:07:53,  5.01s/it]
  4%|▍         | 120/3090 [10:31<4:07:01,  4.99s/it]
  4%|▍         | 121/3090 [10:36<4:06:22,  4.98s/it]
  4%|▍         | 122/3090 [10:41<4:05:51,  4.97s/it]
  4%|▍         | 123/3090 [10:46<4:05:31,  4.97s/it]
  4%|▍         | 124/3090 [10:51<4:05:16,  4.96s/it]
  4%|▍         | 125/3090 [10:56<4:05:03,  4.96s/it]
  4%|▍         | 126/3090 [11:01<4:04:57,  4.96s/it]
  4%|▍         | 127/3090 [11:05<4:04:45,  4.96s/it]
  4%|▍         | 128/3090 [11:10<4:04:37,  4.96s/it]
  4%|▍         | 129/3090 [11:15<4:04:28,  4.95s/it]
  4%|▍         | 130/3090 [11:20<4:04:19,  4.95s/it]
  4%|▍         | 131/3090 [11:25<4:04:12,  4.95s/it]
  4%|▍         | 132/3090 [11:30<4:04:08,  4.95s/it]
  4%|▍         | 133/3090 [11:35<4:04:01,  4.95s/it]
  4%|▍         | 134/3090 [11:40<4:03:57,  4.95s/it]
  4%|▍         | 135/3090 [11:45<4:03:49,  4.95s/it]
  4%|▍         | 136/3090 [11:50<4:03:46,  4.95s/it]
  4%|▍         | 137/3090 [11:55<4:03:37,  4.95s/it]
  4%|▍         | 138/3090 [12:00<4:03:35,  4.95s/it]
  4%|▍         | 139/3090 [12:05<4:03:30,  4.95s/it]
  5%|▍         | 140/3090 [12:10<4:03:24,  4.95s/it]
  5%|▍         | 141/3090 [12:15<4:03:21,  4.95s/it]
  5%|▍         | 142/3090 [12:20<4:03:18,  4.95s/it]
  5%|▍         | 143/3090 [12:25<4:03:13,  4.95s/it]
  5%|▍         | 144/3090 [12:30<4:03:09,  4.95s/it]
  5%|▍         | 145/3090 [12:35<4:03:03,  4.95s/it]
  5%|▍         | 146/3090 [12:40<4:02:57,  4.95s/it]
  5%|▍         | 147/3090 [12:44<4:02:52,  4.95s/it]
  5%|▍         | 148/3090 [12:49<4:02:47,  4.95s/it]
  5%|▍         | 149/3090 [12:54<4:02:41,  4.95s/it]
  5%|▍         | 150/3090 [12:59<4:02:36,  4.95s/it]
  5%|▍         | 151/3090 [13:04<4:02:32,  4.95s/it]
  5%|▍         | 152/3090 [13:09<4:02:28,  4.95s/it]
  5%|▍         | 153/3090 [13:14<4:02:24,  4.95s/it]
  5%|▍         | 154/3090 [13:19<4:02:21,  4.95s/it]
  5%|▌         | 155/3090 [13:24<4:02:16,  4.95s/it]
  5%|▌         | 156/3090 [13:29<4:02:10,  4.95s/it]
  5%|▌         | 157/3090 [13:34<4:02:05,  4.95s/it]
  5%|▌         | 158/3090 [13:39<4:02:00,  4.95s/it]
  5%|▌         | 159/3090 [13:44<4:01:55,  4.95s/it]
  5%|▌         | 160/3090 [13:49<4:01:49,  4.95s/it]
  5%|▌         | 161/3090 [13:54<4:01:46,  4.95s/it]
  5%|▌         | 162/3090 [13:59<4:01:40,  4.95s/it]
  5%|▌         | 163/3090 [14:04<4:01:35,  4.95s/it]
  5%|▌         | 164/3090 [14:09<4:01:31,  4.95s/it]
  5%|▌         | 165/3090 [14:14<4:01:25,  4.95s/it]
  5%|▌         | 166/3090 [14:19<4:01:22,  4.95s/it]
  5%|▌         | 167/3090 [14:24<4:01:14,  4.95s/it]
  5%|▌         | 168/3090 [14:28<4:01:15,  4.95s/it]
  5%|▌         | 169/3090 [14:33<4:01:07,  4.95s/it]
  6%|▌         | 170/3090 [14:38<4:01:02,  4.95s/it]
  6%|▌         | 171/3090 [14:43<4:00:57,  4.95s/it]
  6%|▌         | 172/3090 [14:48<4:00:51,  4.95s/it]
  6%|▌         | 173/3090 [14:53<4:00:45,  4.95s/it]
  6%|▌         | 174/3090 [14:58<4:00:37,  4.95s/it]
  6%|▌         | 175/3090 [15:03<4:00:32,  4.95s/it]
  6%|▌         | 176/3090 [15:08<4:00:28,  4.95s/it]
  6%|▌         | 177/3090 [15:13<4:00:23,  4.95s/it]
  6%|▌         | 178/3090 [15:18<4:00:18,  4.95s/it]
  6%|▌         | 179/3090 [15:23<4:00:14,  4.95s/it]
  6%|▌         | 180/3090 [15:28<4:00:11,  4.95s/it]
  6%|▌         | 181/3090 [15:33<4:00:04,  4.95s/it]
  6%|▌         | 182/3090 [15:38<3:59:58,  4.95s/it]
  6%|▌         | 183/3090 [15:43<3:59:57,  4.95s/it]
  6%|▌         | 184/3090 [15:48<3:59:51,  4.95s/it]
  6%|▌         | 185/3090 [15:53<3:59:46,  4.95s/it]
  6%|▌         | 186/3090 [15:58<3:59:39,  4.95s/it]
  6%|▌         | 187/3090 [16:03<3:59:34,  4.95s/it]
  6%|▌         | 188/3090 [16:08<3:59:31,  4.95s/it]
  6%|▌         | 189/3090 [16:12<3:59:27,  4.95s/it]
  6%|▌         | 190/3090 [16:17<3:59:20,  4.95s/it]
  6%|▌         | 191/3090 [16:22<3:59:15,  4.95s/it]
  6%|▌         | 192/3090 [16:27<3:59:10,  4.95s/it]
  6%|▌         | 193/3090 [16:32<3:59:07,  4.95s/it]
  6%|▋         | 194/3090 [16:37<3:59:01,  4.95s/it]
  6%|▋         | 195/3090 [16:42<3:58:55,  4.95s/it]
  6%|▋         | 196/3090 [16:47<3:58:51,  4.95s/it]
  6%|▋         | 197/3090 [16:52<3:58:46,  4.95s/it]
  6%|▋         | 198/3090 [16:57<3:58:52,  4.96s/it]
  6%|▋         | 199/3090 [17:02<4:01:24,  5.01s/it]
  6%|▋         | 200/3090 [17:07<4:00:27,  4.99s/it]
  7%|▋         | 201/3090 [17:12<3:59:47,  4.98s/it]
  7%|▋         | 202/3090 [17:17<3:59:23,  4.97s/it]
  7%|▋         | 203/3090 [17:22<3:58:59,  4.97s/it]
  7%|▋         | 204/3090 [17:27<3:58:42,  4.96s/it]
  7%|▋         | 205/3090 [17:32<3:58:24,  4.96s/it]
  7%|▋         | 206/3090 [17:37<3:55:12,  4.89s/it]
                                                    

  7%|▋         | 206/3090 [17:37<3:55:12,  4.89s/it]{'loss': 0.8754, 'grad_norm': 2.488344669342041, 'learning_rate': 4.666666666666667e-05, 'epoch': 2.0}


  0%|          | 0/26 [00:00<?, ?it/s][A

  8%|▊         | 2/26 [00:01<00:14,  1.67it/s][A

 12%|█▏        | 3/26 [00:02<00:19,  1.18it/s][A

 15%|█▌        | 4/26 [00:03<00:21,  1.03it/s][A

 19%|█▉        | 5/26 [00:04<00:22,  1.05s/it][A

 23%|██▎       | 6/26 [00:05<00:21,  1.10s/it][A

 27%|██▋       | 7/26 [00:07<00:21,  1.13s/it][A

 31%|███       | 8/26 [00:08<00:20,  1.15s/it][A

 35%|███▍      | 9/26 [00:09<00:19,  1.16s/it][A

 38%|███▊      | 10/26 [00:10<00:18,  1.17s/it][A

 42%|████▏     | 11/26 [00:11<00:17,  1.18s/it][A

 46%|████▌     | 12/26 [00:13<00:16,  1.18s/it][A

 50%|█████     | 13/26 [00:14<00:15,  1.19s/it][A

 54%|█████▍    | 14/26 [00:15<00:14,  1.19s/it][A

 58%|█████▊    | 15/26 [00:16<00:13,  1.19s/it][A

 62%|██████▏   | 16/26 [00:17<00:11,  1.19s/it][A

 65%|██████▌   | 17/26 [00:19<00:10,  1.19s/it][A

 69%|██████▉   | 18/26 [00:20<00:09,  1.19s/it][A

 73%|███████▎  | 19/26 [00:21<00:08,  1.19s/it][A

 77%|███████▋  | 20/26 [00:22<00:07,  1.19s/it][A

 81%|████████  | 21/26 [00:23<00:05,  1.19s/it][A

 85%|████████▍ | 22/26 [00:25<00:04,  1.19s/it][A

 88%|████████▊ | 23/26 [00:26<00:03,  1.19s/it][A

 92%|█████████▏| 24/26 [00:27<00:02,  1.19s/it][A

 96%|█████████▌| 25/26 [00:28<00:01,  1.19s/it][A

100%|██████████| 26/26 [00:29<00:00,  1.13s/it][A

                                               
[A
                                                    

100%|██████████| 26/26 [00:29<00:00,  1.13s/it][A
  7%|▋         | 206/3090 [18:08<3:55:12,  4.89s/it]

                                               [A{'eval_loss': 0.5201152563095093, 'eval_macro_recall': 0.8004161014754235, 'eval_macro_precision': 0.7597658655452177, 'eval_macro_f1': 0.7700791203999915, 'eval_accuracy': 0.9114077669902912, 'eval_micro_recall': 0.9114077669902912, 'eval_micro_precision': 0.9114077669902912, 'eval_micro_f1': 0.9114077669902911, 'eval_runtime': 31.1765, 'eval_samples_per_second': 26.43, 'eval_steps_per_second': 0.834, 'epoch': 2.0}

  7%|▋         | 207/3090 [18:17<12:22:55, 15.46s/it]
  7%|▋         | 208/3090 [18:22<9:51:16, 12.31s/it] 
  7%|▋         | 209/3090 [18:27<8:05:09, 10.10s/it]
  7%|▋         | 210/3090 [18:32<6:50:46,  8.56s/it]
  7%|▋         | 211/3090 [18:37<5:58:43,  7.48s/it]
  7%|▋         | 212/3090 [18:42<5:22:16,  6.72s/it]
  7%|▋         | 213/3090 [18:46<4:56:44,  6.19s/it]
  7%|▋         | 214/3090 [18:51<4:38:52,  5.82s/it]
  7%|▋         | 215/3090 [18:56<4:26:21,  5.56s/it]
  7%|▋         | 216/3090 [19:01<4:17:32,  5.38s/it]
  7%|▋         | 217/3090 [19:06<4:11:19,  5.25s/it]
  7%|▋         | 218/3090 [19:11<4:06:58,  5.16s/it]
  7%|▋         | 219/3090 [19:16<4:03:52,  5.10s/it]
  7%|▋         | 220/3090 [19:21<4:01:43,  5.05s/it]
  7%|▋         | 221/3090 [19:26<4:00:12,  5.02s/it]
  7%|▋         | 222/3090 [19:31<3:59:05,  5.00s/it]
  7%|▋         | 223/3090 [19:36<3:58:18,  4.99s/it]
  7%|▋         | 224/3090 [19:41<3:57:43,  4.98s/it]
  7%|▋         | 225/3090 [19:46<3:57:14,  4.97s/it]
  7%|▋         | 226/3090 [19:51<3:56:55,  4.96s/it]
  7%|▋         | 227/3090 [19:56<3:56:39,  4.96s/it]
  7%|▋         | 228/3090 [20:01<3:56:27,  4.96s/it]
  7%|▋         | 229/3090 [20:06<3:56:18,  4.96s/it]
  7%|▋         | 230/3090 [20:11<3:56:11,  4.96s/it]
  7%|▋         | 231/3090 [20:16<3:56:03,  4.95s/it]
  8%|▊         | 232/3090 [20:21<3:55:54,  4.95s/it]
  8%|▊         | 233/3090 [20:26<3:55:46,  4.95s/it]
  8%|▊         | 234/3090 [20:30<3:55:40,  4.95s/it]
  8%|▊         | 235/3090 [20:35<3:55:34,  4.95s/it]
  8%|▊         | 236/3090 [20:40<3:55:28,  4.95s/it]
  8%|▊         | 237/3090 [20:45<3:55:24,  4.95s/it]
  8%|▊         | 238/3090 [20:50<3:55:19,  4.95s/it]
  8%|▊         | 239/3090 [20:55<3:55:14,  4.95s/it]
  8%|▊         | 240/3090 [21:00<3:55:10,  4.95s/it]
  8%|▊         | 241/3090 [21:05<3:55:05,  4.95s/it]
  8%|▊         | 242/3090 [21:10<3:55:02,  4.95s/it]
  8%|▊         | 243/3090 [21:15<3:55:07,  4.96s/it]
  8%|▊         | 244/3090 [21:20<3:55:22,  4.96s/it]
  8%|▊         | 245/3090 [21:25<3:55:08,  4.96s/it]
  8%|▊         | 246/3090 [21:30<3:54:57,  4.96s/it]
  8%|▊         | 247/3090 [21:35<3:54:47,  4.96s/it]
  8%|▊         | 248/3090 [21:40<3:54:38,  4.95s/it]
  8%|▊         | 249/3090 [21:45<3:54:32,  4.95s/it]
  8%|▊         | 250/3090 [21:50<3:54:25,  4.95s/it]
  8%|▊         | 251/3090 [21:55<3:54:20,  4.95s/it]
  8%|▊         | 252/3090 [22:00<3:54:14,  4.95s/it]
  8%|▊         | 253/3090 [22:05<3:54:08,  4.95s/it]
  8%|▊         | 254/3090 [22:10<3:54:03,  4.95s/it]
  8%|▊         | 255/3090 [22:14<3:53:58,  4.95s/it]
  8%|▊         | 256/3090 [22:19<3:53:53,  4.95s/it]
  8%|▊         | 257/3090 [22:24<3:53:48,  4.95s/it]
  8%|▊         | 258/3090 [22:29<3:53:43,  4.95s/it]
  8%|▊         | 259/3090 [22:34<3:53:37,  4.95s/it]
  8%|▊         | 260/3090 [22:39<3:53:31,  4.95s/it]
  8%|▊         | 261/3090 [22:44<3:53:26,  4.95s/it]
  8%|▊         | 262/3090 [22:49<3:53:21,  4.95s/it]
  9%|▊         | 263/3090 [22:54<3:53:17,  4.95s/it]
  9%|▊         | 264/3090 [22:59<3:53:13,  4.95s/it]
  9%|▊         | 265/3090 [23:04<3:53:07,  4.95s/it]
  9%|▊         | 266/3090 [23:09<3:53:01,  4.95s/it]
  9%|▊         | 267/3090 [23:14<3:52:56,  4.95s/it]
  9%|▊         | 268/3090 [23:19<3:52:50,  4.95s/it]
  9%|▊         | 269/3090 [23:24<3:52:46,  4.95s/it]
  9%|▊         | 270/3090 [23:29<3:52:39,  4.95s/it]
  9%|▉         | 271/3090 [23:34<3:52:35,  4.95s/it]
  9%|▉         | 272/3090 [23:39<3:52:31,  4.95s/it]
  9%|▉         | 273/3090 [23:44<3:52:26,  4.95s/it]
  9%|▉         | 274/3090 [23:49<3:52:22,  4.95s/it]
  9%|▉         | 275/3090 [23:54<3:52:17,  4.95s/it]
  9%|▉         | 276/3090 [23:58<3:52:12,  4.95s/it]
  9%|▉         | 277/3090 [24:03<3:52:06,  4.95s/it]
  9%|▉         | 278/3090 [24:08<3:52:01,  4.95s/it]
  9%|▉         | 279/3090 [24:13<3:51:56,  4.95s/it]
  9%|▉         | 280/3090 [24:18<3:51:51,  4.95s/it]
  9%|▉         | 281/3090 [24:23<3:51:46,  4.95s/it]
  9%|▉         | 282/3090 [24:28<3:51:40,  4.95s/it]
  9%|▉         | 283/3090 [24:33<3:51:36,  4.95s/it]
  9%|▉         | 284/3090 [24:38<3:51:31,  4.95s/it]
  9%|▉         | 285/3090 [24:43<3:51:26,  4.95s/it]
  9%|▉         | 286/3090 [24:48<3:51:23,  4.95s/it]
  9%|▉         | 287/3090 [24:53<3:51:18,  4.95s/it]
  9%|▉         | 288/3090 [24:58<3:51:12,  4.95s/it]
  9%|▉         | 289/3090 [25:03<3:51:08,  4.95s/it]
  9%|▉         | 290/3090 [25:08<3:51:05,  4.95s/it]
  9%|▉         | 291/3090 [25:13<3:50:58,  4.95s/it]
  9%|▉         | 292/3090 [25:18<3:50:54,  4.95s/it]
  9%|▉         | 293/3090 [25:23<3:50:49,  4.95s/it]
 10%|▉         | 294/3090 [25:28<3:50:41,  4.95s/it]
 10%|▉         | 295/3090 [25:33<3:50:36,  4.95s/it]
 10%|▉         | 296/3090 [25:37<3:50:32,  4.95s/it]
 10%|▉         | 297/3090 [25:42<3:50:27,  4.95s/it]
 10%|▉         | 298/3090 [25:47<3:50:22,  4.95s/it]
 10%|▉         | 299/3090 [25:52<3:50:16,  4.95s/it]
 10%|▉         | 300/3090 [25:57<3:50:11,  4.95s/it]
 10%|▉         | 301/3090 [26:02<3:50:09,  4.95s/it]
 10%|▉         | 302/3090 [26:07<3:50:04,  4.95s/it]
 10%|▉         | 303/3090 [26:12<3:50:00,  4.95s/it]
 10%|▉         | 304/3090 [26:17<3:49:55,  4.95s/it]
 10%|▉         | 305/3090 [26:22<3:49:47,  4.95s/it]
 10%|▉         | 306/3090 [26:27<3:49:43,  4.95s/it]
 10%|▉         | 307/3090 [26:32<3:49:38,  4.95s/it]
 10%|▉         | 308/3090 [26:37<3:49:32,  4.95s/it]
 10%|█         | 309/3090 [26:42<3:46:44,  4.89s/it]
                                                    

 10%|█         | 309/3090 [26:42<3:46:44,  4.89s/it]{'loss': 0.4186, 'grad_norm': 2.157932758331299, 'learning_rate': 4.5e-05, 'epoch': 3.0}


  0%|          | 0/26 [00:00<?, ?it/s][A

  8%|▊         | 2/26 [00:01<00:14,  1.66it/s][A

 12%|█▏        | 3/26 [00:02<00:19,  1.18it/s][A

 15%|█▌        | 4/26 [00:03<00:21,  1.02it/s][A

 19%|█▉        | 5/26 [00:04<00:22,  1.06s/it][A

 23%|██▎       | 6/26 [00:05<00:22,  1.10s/it][A

 27%|██▋       | 7/26 [00:07<00:21,  1.13s/it][A

 31%|███       | 8/26 [00:08<00:20,  1.15s/it][A

 35%|███▍      | 9/26 [00:09<00:19,  1.17s/it][A

 38%|███▊      | 10/26 [00:10<00:18,  1.17s/it][A

 42%|████▏     | 11/26 [00:11<00:17,  1.18s/it][A

 46%|████▌     | 12/26 [00:13<00:16,  1.18s/it][A

 50%|█████     | 13/26 [00:14<00:15,  1.19s/it][A

 54%|█████▍    | 14/26 [00:15<00:14,  1.19s/it][A

 58%|█████▊    | 15/26 [00:16<00:13,  1.19s/it][A

 62%|██████▏   | 16/26 [00:17<00:11,  1.19s/it][A

 65%|██████▌   | 17/26 [00:19<00:10,  1.19s/it][A

 69%|██████▉   | 18/26 [00:20<00:09,  1.19s/it][A

 73%|███████▎  | 19/26 [00:21<00:08,  1.19s/it][A

 77%|███████▋  | 20/26 [00:22<00:07,  1.19s/it][A

 81%|████████  | 21/26 [00:23<00:05,  1.19s/it][A

 85%|████████▍ | 22/26 [00:25<00:04,  1.19s/it][A

 88%|████████▊ | 23/26 [00:26<00:03,  1.19s/it][A

 92%|█████████▏| 24/26 [00:27<00:02,  1.19s/it][A

 96%|█████████▌| 25/26 [00:28<00:01,  1.19s/it][A

100%|██████████| 26/26 [00:29<00:00,  1.14s/it][A

                                               
[A
                                                    

100%|██████████| 26/26 [00:29<00:00,  1.14s/it][A
 10%|█         | 309/3090 [27:13<3:46:44,  4.89s/it]

                                               [A{'eval_loss': 0.2941197454929352, 'eval_macro_recall': 0.8589667316362232, 'eval_macro_precision': 0.8489854357861609, 'eval_macro_f1': 0.8473640322919969, 'eval_accuracy': 0.9393203883495146, 'eval_micro_recall': 0.9393203883495146, 'eval_micro_precision': 0.9393203883495146, 'eval_micro_f1': 0.9393203883495146, 'eval_runtime': 31.2872, 'eval_samples_per_second': 26.337, 'eval_steps_per_second': 0.831, 'epoch': 3.0}

 10%|█         | 310/3090 [27:22<11:57:02, 15.48s/it]
 10%|█         | 311/3090 [27:27<9:30:30, 12.32s/it] 
 10%|█         | 312/3090 [27:32<7:48:00, 10.11s/it]
 10%|█         | 313/3090 [27:37<6:36:16,  8.56s/it]
 10%|█         | 314/3090 [27:42<5:46:02,  7.48s/it]
 10%|█         | 315/3090 [27:47<5:10:52,  6.72s/it]
 10%|█         | 316/3090 [27:52<4:46:13,  6.19s/it]
 10%|█         | 317/3090 [27:56<4:28:54,  5.82s/it]
 10%|█         | 318/3090 [28:01<4:16:47,  5.56s/it]
 10%|█         | 319/3090 [28:06<4:08:16,  5.38s/it]
 10%|█         | 320/3090 [28:11<4:02:18,  5.25s/it]
 10%|█         | 321/3090 [28:16<3:58:07,  5.16s/it]
 10%|█         | 322/3090 [28:21<3:55:09,  5.10s/it]
 10%|█         | 323/3090 [28:26<3:53:02,  5.05s/it]
 10%|█         | 324/3090 [28:31<3:51:34,  5.02s/it]
 11%|█         | 325/3090 [28:36<3:50:29,  5.00s/it]
 11%|█         | 326/3090 [28:41<3:49:41,  4.99s/it]
 11%|█         | 327/3090 [28:46<3:49:06,  4.98s/it]
 11%|█         | 328/3090 [28:51<3:48:42,  4.97s/it]
 11%|█         | 329/3090 [28:56<3:48:23,  4.96s/it]
 11%|█         | 330/3090 [29:01<3:48:09,  4.96s/it]
 11%|█         | 331/3090 [29:06<3:47:57,  4.96s/it]
 11%|█         | 332/3090 [29:11<3:47:47,  4.96s/it]
 11%|█         | 333/3090 [29:16<3:47:36,  4.95s/it]
 11%|█         | 334/3090 [29:21<3:47:28,  4.95s/it]
 11%|█         | 335/3090 [29:26<3:47:23,  4.95s/it]
 11%|█         | 336/3090 [29:31<3:47:17,  4.95s/it]
 11%|█         | 337/3090 [29:36<3:47:12,  4.95s/it]
 11%|█         | 338/3090 [29:40<3:47:06,  4.95s/it]
 11%|█         | 339/3090 [29:45<3:47:02,  4.95s/it]
 11%|█         | 340/3090 [29:50<3:46:58,  4.95s/it]
 11%|█         | 341/3090 [29:55<3:46:53,  4.95s/it]
 11%|█         | 342/3090 [30:00<3:46:47,  4.95s/it]
 11%|█         | 343/3090 [30:05<3:46:44,  4.95s/it]
 11%|█         | 344/3090 [30:10<3:46:39,  4.95s/it]
 11%|█         | 345/3090 [30:15<3:46:33,  4.95s/it]
 11%|█         | 346/3090 [30:20<3:46:28,  4.95s/it]
 11%|█         | 347/3090 [30:25<3:46:23,  4.95s/it]
 11%|█▏        | 348/3090 [30:30<3:46:18,  4.95s/it]
 11%|█▏        | 349/3090 [30:35<3:46:12,  4.95s/it]
 11%|█▏        | 350/3090 [30:40<3:46:10,  4.95s/it]
 11%|█▏        | 351/3090 [30:45<3:46:04,  4.95s/it]
 11%|█▏        | 352/3090 [30:50<3:45:58,  4.95s/it]
 11%|█▏        | 353/3090 [30:55<3:45:52,  4.95s/it]
 11%|█▏        | 354/3090 [31:00<3:45:48,  4.95s/it]
 11%|█▏        | 355/3090 [31:05<3:45:45,  4.95s/it]
 12%|█▏        | 356/3090 [31:10<3:45:39,  4.95s/it]
 12%|█▏        | 357/3090 [31:15<3:45:32,  4.95s/it]
 12%|█▏        | 358/3090 [31:20<3:45:26,  4.95s/it]
 12%|█▏        | 359/3090 [31:24<3:45:21,  4.95s/it]
 12%|█▏        | 360/3090 [31:29<3:45:16,  4.95s/it]
 12%|█▏        | 361/3090 [31:34<3:45:10,  4.95s/it]
 12%|█▏        | 362/3090 [31:39<3:45:06,  4.95s/it]
 12%|█▏        | 363/3090 [31:44<3:45:00,  4.95s/it]
 12%|█▏        | 364/3090 [31:49<3:44:56,  4.95s/it]
 12%|█▏        | 365/3090 [31:54<3:44:52,  4.95s/it]
 12%|█▏        | 366/3090 [31:59<3:44:48,  4.95s/it]
 12%|█▏        | 367/3090 [32:04<3:44:43,  4.95s/it]
 12%|█▏        | 368/3090 [32:09<3:44:37,  4.95s/it]
 12%|█▏        | 369/3090 [32:14<3:44:33,  4.95s/it]
 12%|█▏        | 370/3090 [32:19<3:44:26,  4.95s/it]
 12%|█▏        | 371/3090 [32:24<3:44:23,  4.95s/it]
 12%|█▏        | 372/3090 [32:29<3:44:17,  4.95s/it]
 12%|█▏        | 373/3090 [32:34<3:44:12,  4.95s/it]
 12%|█▏        | 374/3090 [32:39<3:44:07,  4.95s/it]
 12%|█▏        | 375/3090 [32:44<3:45:42,  4.99s/it]
 12%|█▏        | 376/3090 [32:49<3:45:06,  4.98s/it]
 12%|█▏        | 377/3090 [32:54<3:44:39,  4.97s/it]
 12%|█▏        | 378/3090 [32:59<3:44:19,  4.96s/it]
 12%|█▏        | 379/3090 [33:04<3:44:03,  4.96s/it]
 12%|█▏        | 380/3090 [33:09<3:43:52,  4.96s/it]
 12%|█▏        | 381/3090 [33:14<3:43:43,  4.95s/it]
 12%|█▏        | 382/3090 [33:18<3:43:35,  4.95s/it]
 12%|█▏        | 383/3090 [33:23<3:43:29,  4.95s/it]
 12%|█▏        | 384/3090 [33:28<3:43:24,  4.95s/it]
 12%|█▏        | 385/3090 [33:33<3:43:17,  4.95s/it]
 12%|█▏        | 386/3090 [33:38<3:43:10,  4.95s/it]
 13%|█▎        | 387/3090 [33:43<3:43:05,  4.95s/it]
 13%|█▎        | 388/3090 [33:48<3:42:59,  4.95s/it]
 13%|█▎        | 389/3090 [33:53<3:42:54,  4.95s/it]
 13%|█▎        | 390/3090 [33:58<3:42:49,  4.95s/it]
 13%|█▎        | 391/3090 [34:03<3:42:42,  4.95s/it]
 13%|█▎        | 392/3090 [34:08<3:42:37,  4.95s/it]
 13%|█▎        | 393/3090 [34:13<3:42:33,  4.95s/it]
 13%|█▎        | 394/3090 [34:18<3:42:27,  4.95s/it]
 13%|█▎        | 395/3090 [34:23<3:42:23,  4.95s/it]
 13%|█▎        | 396/3090 [34:28<3:42:17,  4.95s/it]
 13%|█▎        | 397/3090 [34:33<3:42:14,  4.95s/it]
 13%|█▎        | 398/3090 [34:38<3:42:09,  4.95s/it]
 13%|█▎        | 399/3090 [34:43<3:42:04,  4.95s/it]
 13%|█▎        | 400/3090 [34:48<3:41:59,  4.95s/it]
 13%|█▎        | 401/3090 [34:53<3:41:55,  4.95s/it]
 13%|█▎        | 402/3090 [34:57<3:41:51,  4.95s/it]
 13%|█▎        | 403/3090 [35:02<3:41:44,  4.95s/it]
 13%|█▎        | 404/3090 [35:07<3:41:39,  4.95s/it]
 13%|█▎        | 405/3090 [35:12<3:41:33,  4.95s/it]
 13%|█▎        | 406/3090 [35:17<3:41:28,  4.95s/it]
 13%|█▎        | 407/3090 [35:22<3:41:23,  4.95s/it]
 13%|█▎        | 408/3090 [35:27<3:41:17,  4.95s/it]
 13%|█▎        | 409/3090 [35:32<3:41:12,  4.95s/it]
 13%|█▎        | 410/3090 [35:37<3:41:08,  4.95s/it]
 13%|█▎        | 411/3090 [35:42<3:41:03,  4.95s/it]
 13%|█▎        | 412/3090 [35:47<3:38:04,  4.89s/it]
                                                    

 13%|█▎        | 412/3090 [35:47<3:38:04,  4.89s/it]{'loss': 0.2395, 'grad_norm': 0.9125931262969971, 'learning_rate': 4.3333333333333334e-05, 'epoch': 4.0}


  0%|          | 0/26 [00:00<?, ?it/s][A

  8%|▊         | 2/26 [00:01<00:14,  1.66it/s][A

 12%|█▏        | 3/26 [00:02<00:19,  1.18it/s][A

 15%|█▌        | 4/26 [00:03<00:21,  1.02it/s][A

 19%|█▉        | 5/26 [00:04<00:22,  1.05s/it][A

 23%|██▎       | 6/26 [00:05<00:21,  1.10s/it][A

 27%|██▋       | 7/26 [00:07<00:21,  1.13s/it][A

 31%|███       | 8/26 [00:08<00:20,  1.15s/it][A

 35%|███▍      | 9/26 [00:09<00:19,  1.16s/it][A

 38%|███▊      | 10/26 [00:10<00:18,  1.17s/it][A

 42%|████▏     | 11/26 [00:11<00:17,  1.18s/it][A

 46%|████▌     | 12/26 [00:13<00:16,  1.18s/it][A

 50%|█████     | 13/26 [00:14<00:15,  1.19s/it][A

 54%|█████▍    | 14/26 [00:15<00:14,  1.19s/it][A

 58%|█████▊    | 15/26 [00:16<00:13,  1.19s/it][A

 62%|██████▏   | 16/26 [00:17<00:11,  1.19s/it][A

 65%|██████▌   | 17/26 [00:19<00:10,  1.19s/it][A

 69%|██████▉   | 18/26 [00:20<00:09,  1.19s/it][A

 73%|███████▎  | 19/26 [00:21<00:08,  1.19s/it][A

 77%|███████▋  | 20/26 [00:22<00:07,  1.19s/it][A

 81%|████████  | 21/26 [00:23<00:05,  1.19s/it][A

 85%|████████▍ | 22/26 [00:25<00:04,  1.19s/it][A

 88%|████████▊ | 23/26 [00:26<00:03,  1.19s/it][A

 92%|█████████▏| 24/26 [00:27<00:02,  1.19s/it][A

 96%|█████████▌| 25/26 [00:28<00:01,  1.19s/it][A

100%|██████████| 26/26 [00:29<00:00,  1.14s/it][A

                                               
[A
                                                    

100%|██████████| 26/26 [00:29<00:00,  1.14s/it][A
 13%|█▎        | 412/3090 [36:18<3:38:04,  4.89s/it]

                                               [A{'eval_loss': 0.2051125317811966, 'eval_macro_recall': 0.8912316889011803, 'eval_macro_precision': 0.8792820666552504, 'eval_macro_f1': 0.8795866973916444, 'eval_accuracy': 0.9466019417475728, 'eval_micro_recall': 0.9466019417475728, 'eval_micro_precision': 0.9466019417475728, 'eval_micro_f1': 0.9466019417475728, 'eval_runtime': 31.2283, 'eval_samples_per_second': 26.386, 'eval_steps_per_second': 0.833, 'epoch': 4.0}

 13%|█▎        | 413/3090 [36:27<11:31:42, 15.50s/it]
 13%|█▎        | 414/3090 [36:32<9:10:17, 12.34s/it] 
 13%|█▎        | 415/3090 [36:37<7:31:19, 10.12s/it]
 13%|█▎        | 416/3090 [36:42<6:22:05,  8.57s/it]
 13%|█▎        | 417/3090 [36:47<5:33:35,  7.49s/it]
 14%|█▎        | 418/3090 [36:52<4:59:35,  6.73s/it]
 14%|█▎        | 419/3090 [36:57<4:35:49,  6.20s/it]
 14%|█▎        | 420/3090 [37:02<4:19:07,  5.82s/it]
 14%|█▎        | 421/3090 [37:07<4:07:25,  5.56s/it]
 14%|█▎        | 422/3090 [37:12<3:59:11,  5.38s/it]
 14%|█▎        | 423/3090 [37:17<3:53:23,  5.25s/it]
 14%|█▎        | 424/3090 [37:22<3:49:20,  5.16s/it]
 14%|█▍        | 425/3090 [37:26<3:46:28,  5.10s/it]
 14%|█▍        | 426/3090 [37:31<3:44:25,  5.05s/it]
 14%|█▍        | 427/3090 [37:36<3:42:58,  5.02s/it]
 14%|█▍        | 428/3090 [37:41<3:41:55,  5.00s/it]
 14%|█▍        | 429/3090 [37:46<3:41:09,  4.99s/it]
 14%|█▍        | 430/3090 [37:51<3:40:37,  4.98s/it]
 14%|█▍        | 431/3090 [37:56<3:40:11,  4.97s/it]
 14%|█▍        | 432/3090 [38:01<3:39:52,  4.96s/it]
 14%|█▍        | 433/3090 [38:06<3:39:39,  4.96s/it]
 14%|█▍        | 434/3090 [38:11<3:39:26,  4.96s/it]
 14%|█▍        | 435/3090 [38:16<3:39:16,  4.96s/it]
 14%|█▍        | 436/3090 [38:21<3:39:10,  4.95s/it]
 14%|█▍        | 437/3090 [38:26<3:39:04,  4.95s/it]
 14%|█▍        | 438/3090 [38:31<3:38:56,  4.95s/it]
 14%|█▍        | 439/3090 [38:36<3:38:49,  4.95s/it]
 14%|█▍        | 440/3090 [38:41<3:38:43,  4.95s/it]
 14%|█▍        | 441/3090 [38:46<3:38:37,  4.95s/it]
 14%|█▍        | 442/3090 [38:51<3:38:33,  4.95s/it]
 14%|█▍        | 443/3090 [38:56<3:38:29,  4.95s/it]
 14%|█▍        | 444/3090 [39:01<3:38:23,  4.95s/it]
 14%|█▍        | 445/3090 [39:06<3:38:18,  4.95s/it]
 14%|█▍        | 446/3090 [39:10<3:38:14,  4.95s/it]
 14%|█▍        | 447/3090 [39:15<3:38:09,  4.95s/it]
 14%|█▍        | 448/3090 [39:20<3:38:05,  4.95s/it]
 15%|█▍        | 449/3090 [39:25<3:37:59,  4.95s/it]
 15%|█▍        | 450/3090 [39:30<3:37:55,  4.95s/it]
 15%|█▍        | 451/3090 [39:35<3:37:49,  4.95s/it]
 15%|█▍        | 452/3090 [39:40<3:37:44,  4.95s/it]
 15%|█▍        | 453/3090 [39:45<3:37:38,  4.95s/it]
 15%|█▍        | 454/3090 [39:50<3:37:33,  4.95s/it]
 15%|█▍        | 455/3090 [39:55<3:37:27,  4.95s/it]
 15%|█▍        | 456/3090 [40:00<3:37:23,  4.95s/it]
 15%|█▍        | 457/3090 [40:05<3:37:19,  4.95s/it]
 15%|█▍        | 458/3090 [40:10<3:37:13,  4.95s/it]
 15%|█▍        | 459/3090 [40:15<3:37:07,  4.95s/it]
 15%|█▍        | 460/3090 [40:20<3:37:03,  4.95s/it]
 15%|█▍        | 461/3090 [40:25<3:36:58,  4.95s/it]
 15%|█▍        | 462/3090 [40:30<3:36:52,  4.95s/it]
 15%|█▍        | 463/3090 [40:35<3:36:48,  4.95s/it]
 15%|█▌        | 464/3090 [40:40<3:36:44,  4.95s/it]
 15%|█▌        | 465/3090 [40:45<3:36:41,  4.95s/it]
 15%|█▌        | 466/3090 [40:50<3:36:34,  4.95s/it]
 15%|█▌        | 467/3090 [40:54<3:36:29,  4.95s/it]
 15%|█▌        | 468/3090 [40:59<3:36:24,  4.95s/it]
 15%|█▌        | 469/3090 [41:04<3:36:19,  4.95s/it]
 15%|█▌        | 470/3090 [41:09<3:36:12,  4.95s/it]
 15%|█▌        | 471/3090 [41:14<3:36:07,  4.95s/it]
 15%|█▌        | 472/3090 [41:19<3:36:03,  4.95s/it]
 15%|█▌        | 473/3090 [41:24<3:35:58,  4.95s/it]
 15%|█▌        | 474/3090 [41:29<3:35:53,  4.95s/it]
 15%|█▌        | 475/3090 [41:34<3:35:48,  4.95s/it]
 15%|█▌        | 476/3090 [41:39<3:35:44,  4.95s/it]
 15%|█▌        | 477/3090 [41:44<3:35:42,  4.95s/it]
 15%|█▌        | 478/3090 [41:49<3:35:35,  4.95s/it]
 16%|█▌        | 479/3090 [41:54<3:35:27,  4.95s/it]
 16%|█▌        | 480/3090 [41:59<3:35:22,  4.95s/it]
 16%|█▌        | 481/3090 [42:04<3:35:16,  4.95s/it]
 16%|█▌        | 482/3090 [42:09<3:35:12,  4.95s/it]
 16%|█▌        | 483/3090 [42:14<3:35:08,  4.95s/it]
 16%|█▌        | 484/3090 [42:19<3:35:05,  4.95s/it]
 16%|█▌        | 485/3090 [42:24<3:34:58,  4.95s/it]
 16%|█▌        | 486/3090 [42:29<3:34:53,  4.95s/it]
 16%|█▌        | 487/3090 [42:34<3:34:48,  4.95s/it]
 16%|█▌        | 488/3090 [42:38<3:34:44,  4.95s/it]
 16%|█▌        | 489/3090 [42:43<3:34:41,  4.95s/it]
 16%|█▌        | 490/3090 [42:48<3:34:37,  4.95s/it]
 16%|█▌        | 491/3090 [42:53<3:34:32,  4.95s/it]
 16%|█▌        | 492/3090 [42:58<3:34:26,  4.95s/it]
 16%|█▌        | 493/3090 [43:03<3:34:20,  4.95s/it]
 16%|█▌        | 494/3090 [43:08<3:34:14,  4.95s/it]
 16%|█▌        | 495/3090 [43:13<3:34:10,  4.95s/it]
 16%|█▌        | 496/3090 [43:18<3:34:05,  4.95s/it]
 16%|█▌        | 497/3090 [43:23<3:33:59,  4.95s/it]
 16%|█▌        | 498/3090 [43:28<3:33:54,  4.95s/it]
 16%|█▌        | 499/3090 [43:33<3:33:49,  4.95s/it]
 16%|█▌        | 500/3090 [43:38<3:33:45,  4.95s/it]
 16%|█▌        | 501/3090 [43:43<3:33:37,  4.95s/it]
 16%|█▌        | 502/3090 [43:48<3:33:33,  4.95s/it]
 16%|█▋        | 503/3090 [43:53<3:33:32,  4.95s/it]
 16%|█▋        | 504/3090 [43:58<3:33:25,  4.95s/it]
 16%|█▋        | 505/3090 [44:03<3:33:20,  4.95s/it]
 16%|█▋        | 506/3090 [44:08<3:33:17,  4.95s/it]
 16%|█▋        | 507/3090 [44:13<3:33:11,  4.95s/it]
 16%|█▋        | 508/3090 [44:18<3:33:06,  4.95s/it]
 16%|█▋        | 509/3090 [44:22<3:32:59,  4.95s/it]
 17%|█▋        | 510/3090 [44:27<3:32:54,  4.95s/it]
 17%|█▋        | 511/3090 [44:32<3:32:49,  4.95s/it]
 17%|█▋        | 512/3090 [44:37<3:32:43,  4.95s/it]
 17%|█▋        | 513/3090 [44:42<3:32:39,  4.95s/it]
 17%|█▋        | 514/3090 [44:47<3:32:34,  4.95s/it]
 17%|█▋        | 515/3090 [44:52<3:29:57,  4.89s/it]
                                                    

 17%|█▋        | 515/3090 [44:52<3:29:57,  4.89s/it]{'loss': 0.1555, 'grad_norm': 0.35874515771865845, 'learning_rate': 4.166666666666667e-05, 'epoch': 5.0}


  0%|          | 0/26 [00:00<?, ?it/s][A

  8%|▊         | 2/26 [00:01<00:14,  1.68it/s][A

 12%|█▏        | 3/26 [00:02<00:19,  1.18it/s][A

 15%|█▌        | 4/26 [00:03<00:21,  1.02it/s][A

 19%|█▉        | 5/26 [00:04<00:22,  1.05s/it][A

 23%|██▎       | 6/26 [00:05<00:21,  1.10s/it][A

 27%|██▋       | 7/26 [00:07<00:21,  1.13s/it][A

 31%|███       | 8/26 [00:08<00:20,  1.15s/it][A

 35%|███▍      | 9/26 [00:09<00:19,  1.16s/it][A

 38%|███▊      | 10/26 [00:10<00:18,  1.17s/it][A

 42%|████▏     | 11/26 [00:11<00:17,  1.18s/it][A

 46%|████▌     | 12/26 [00:13<00:16,  1.18s/it][A

 50%|█████     | 13/26 [00:14<00:15,  1.19s/it][A

 54%|█████▍    | 14/26 [00:15<00:14,  1.19s/it][A

 58%|█████▊    | 15/26 [00:16<00:13,  1.19s/it][A

 62%|██████▏   | 16/26 [00:17<00:11,  1.19s/it][A

 65%|██████▌   | 17/26 [00:19<00:10,  1.19s/it][A

 69%|██████▉   | 18/26 [00:20<00:09,  1.19s/it][A

 73%|███████▎  | 19/26 [00:21<00:08,  1.19s/it][A

 77%|███████▋  | 20/26 [00:22<00:07,  1.24s/it][A

 81%|████████  | 21/26 [00:24<00:06,  1.23s/it][A

 85%|████████▍ | 22/26 [00:25<00:04,  1.22s/it][A

 88%|████████▊ | 23/26 [00:26<00:03,  1.21s/it][A

 92%|█████████▏| 24/26 [00:27<00:02,  1.21s/it][A

 96%|█████████▌| 25/26 [00:28<00:01,  1.20s/it][A

100%|██████████| 26/26 [00:29<00:00,  1.15s/it][A

                                               
[A
                                                    

100%|██████████| 26/26 [00:29<00:00,  1.15s/it][A
 17%|█▋        | 515/3090 [45:24<3:29:57,  4.89s/it]

                                               [A{'eval_loss': 0.1343126744031906, 'eval_macro_recall': 0.9278345163938385, 'eval_macro_precision': 0.9282124327599439, 'eval_macro_f1': 0.9243654592145452, 'eval_accuracy': 0.9745145631067961, 'eval_micro_recall': 0.9745145631067961, 'eval_micro_precision': 0.9745145631067961, 'eval_micro_f1': 0.9745145631067961, 'eval_runtime': 31.3868, 'eval_samples_per_second': 26.253, 'eval_steps_per_second': 0.828, 'epoch': 5.0}

 17%|█▋        | 516/3090 [45:33<11:16:36, 15.77s/it]
 17%|█▋        | 517/3090 [45:38<8:57:09, 12.53s/it] 
 17%|█▋        | 518/3090 [45:43<7:19:38, 10.26s/it]
 17%|█▋        | 519/3090 [45:48<6:11:21,  8.67s/it]
 17%|█▋        | 520/3090 [45:53<5:23:30,  7.55s/it]
 17%|█▋        | 521/3090 [45:58<4:49:57,  6.77s/it]
 17%|█▋        | 522/3090 [46:03<4:26:28,  6.23s/it]
 17%|█▋        | 523/3090 [46:08<4:10:02,  5.84s/it]
 17%|█▋        | 524/3090 [46:13<3:58:31,  5.58s/it]
 17%|█▋        | 525/3090 [46:18<3:50:24,  5.39s/it]
 17%|█▋        | 526/3090 [46:23<3:44:41,  5.26s/it]
 17%|█▋        | 527/3090 [46:28<3:40:39,  5.17s/it]
 17%|█▋        | 528/3090 [46:33<3:37:49,  5.10s/it]
 17%|█▋        | 529/3090 [46:38<3:35:50,  5.06s/it]
 17%|█▋        | 530/3090 [46:42<3:34:23,  5.02s/it]
 17%|█▋        | 531/3090 [46:47<3:33:21,  5.00s/it]
 17%|█▋        | 532/3090 [46:52<3:32:37,  4.99s/it]
 17%|█▋        | 533/3090 [46:57<3:33:54,  5.02s/it]
 17%|█▋        | 534/3090 [47:02<3:32:57,  5.00s/it]
 17%|█▋        | 535/3090 [47:07<3:32:16,  4.99s/it]
 17%|█▋        | 536/3090 [47:12<3:31:45,  4.97s/it]
 17%|█▋        | 537/3090 [47:17<3:31:23,  4.97s/it]
 17%|█▋        | 538/3090 [47:22<3:31:05,  4.96s/it]
 17%|█▋        | 539/3090 [47:27<3:30:51,  4.96s/it]
 17%|█▋        | 540/3090 [47:32<3:30:40,  4.96s/it]
 18%|█▊        | 541/3090 [47:37<3:30:32,  4.96s/it]
 18%|█▊        | 542/3090 [47:42<3:30:21,  4.95s/it]
 18%|█▊        | 543/3090 [47:47<3:30:15,  4.95s/it]
 18%|█▊        | 544/3090 [47:52<3:30:09,  4.95s/it]
 18%|█▊        | 545/3090 [47:57<3:30:03,  4.95s/it]
 18%|█▊        | 546/3090 [48:02<3:30:02,  4.95s/it]
 18%|█▊        | 547/3090 [48:07<3:29:55,  4.95s/it]
 18%|█▊        | 548/3090 [48:12<3:29:49,  4.95s/it]
 18%|█▊        | 549/3090 [48:17<3:29:45,  4.95s/it]
 18%|█▊        | 550/3090 [48:22<3:29:40,  4.95s/it]
 18%|█▊        | 551/3090 [48:27<3:29:36,  4.95s/it]
 18%|█▊        | 552/3090 [48:32<3:29:28,  4.95s/it]
 18%|█▊        | 553/3090 [48:36<3:29:22,  4.95s/it]
 18%|█▊        | 554/3090 [48:41<3:29:17,  4.95s/it]
 18%|█▊        | 555/3090 [48:46<3:29:12,  4.95s/it]
 18%|█▊        | 556/3090 [48:51<3:29:07,  4.95s/it]
 18%|█▊        | 557/3090 [48:56<3:29:00,  4.95s/it]
 18%|█▊        | 558/3090 [49:01<3:28:57,  4.95s/it]
 18%|█▊        | 559/3090 [49:06<3:28:52,  4.95s/it]
 18%|█▊        | 560/3090 [49:11<3:28:46,  4.95s/it]
 18%|█▊        | 561/3090 [49:16<3:28:44,  4.95s/it]
 18%|█▊        | 562/3090 [49:21<3:28:38,  4.95s/it]
 18%|█▊        | 563/3090 [49:26<3:28:36,  4.95s/it]
 18%|█▊        | 564/3090 [49:31<3:28:31,  4.95s/it]
 18%|█▊        | 565/3090 [49:36<3:28:23,  4.95s/it]
 18%|█▊        | 566/3090 [49:41<3:28:17,  4.95s/it]
 18%|█▊        | 567/3090 [49:46<3:28:11,  4.95s/it]
 18%|█▊        | 568/3090 [49:51<3:28:06,  4.95s/it]
 18%|█▊        | 569/3090 [49:56<3:28:02,  4.95s/it]
 18%|█▊        | 570/3090 [50:01<3:27:57,  4.95s/it]
 18%|█▊        | 571/3090 [50:06<3:27:52,  4.95s/it]
 19%|█▊        | 572/3090 [50:11<3:27:48,  4.95s/it]
 19%|█▊        | 573/3090 [50:16<3:27:41,  4.95s/it]
 19%|█▊        | 574/3090 [50:20<3:27:37,  4.95s/it]
 19%|█▊        | 575/3090 [50:25<3:27:32,  4.95s/it]
 19%|█▊        | 576/3090 [50:30<3:27:27,  4.95s/it]
 19%|█▊        | 577/3090 [50:35<3:27:23,  4.95s/it]
 19%|█▊        | 578/3090 [50:40<3:27:18,  4.95s/it]
 19%|█▊        | 579/3090 [50:45<3:27:14,  4.95s/it]
 19%|█▉        | 580/3090 [50:50<3:27:09,  4.95s/it]
 19%|█▉        | 581/3090 [50:55<3:27:04,  4.95s/it]
 19%|█▉        | 582/3090 [51:00<3:27:01,  4.95s/it]
 19%|█▉        | 583/3090 [51:05<3:26:55,  4.95s/it]
 19%|█▉        | 584/3090 [51:10<3:26:50,  4.95s/it]
 19%|█▉        | 585/3090 [51:15<3:26:45,  4.95s/it]
 19%|█▉        | 586/3090 [51:20<3:26:41,  4.95s/it]
 19%|█▉        | 587/3090 [51:25<3:26:35,  4.95s/it]
 19%|█▉        | 588/3090 [51:30<3:26:30,  4.95s/it]
 19%|█▉        | 589/3090 [51:35<3:26:25,  4.95s/it]
 19%|█▉        | 590/3090 [51:40<3:26:19,  4.95s/it]
 19%|█▉        | 591/3090 [51:45<3:26:14,  4.95s/it]
 19%|█▉        | 592/3090 [51:50<3:26:09,  4.95s/it]
 19%|█▉        | 593/3090 [51:55<3:26:03,  4.95s/it]
 19%|█▉        | 594/3090 [52:00<3:25:59,  4.95s/it]
 19%|█▉        | 595/3090 [52:04<3:25:55,  4.95s/it]
 19%|█▉        | 596/3090 [52:09<3:25:50,  4.95s/it]
 19%|█▉        | 597/3090 [52:14<3:25:46,  4.95s/it]
 19%|█▉        | 598/3090 [52:19<3:25:39,  4.95s/it]
 19%|█▉        | 599/3090 [52:24<3:25:34,  4.95s/it]
 19%|█▉        | 600/3090 [52:29<3:25:30,  4.95s/it]
 19%|█▉        | 601/3090 [52:34<3:25:25,  4.95s/it]
 19%|█▉        | 602/3090 [52:39<3:25:18,  4.95s/it]
 20%|█▉        | 603/3090 [52:44<3:25:16,  4.95s/it]
 20%|█▉        | 604/3090 [52:49<3:25:10,  4.95s/it]
 20%|█▉        | 605/3090 [52:54<3:25:08,  4.95s/it]
 20%|█▉        | 606/3090 [52:59<3:25:03,  4.95s/it]
 20%|█▉        | 607/3090 [53:04<3:24:56,  4.95s/it]
 20%|█▉        | 608/3090 [53:09<3:24:51,  4.95s/it]
 20%|█▉        | 609/3090 [53:14<3:24:45,  4.95s/it]
 20%|█▉        | 610/3090 [53:19<3:24:40,  4.95s/it]
 20%|█▉        | 611/3090 [53:24<3:24:36,  4.95s/it]
 20%|█▉        | 612/3090 [53:29<3:24:31,  4.95s/it]
 20%|█▉        | 613/3090 [53:34<3:24:26,  4.95s/it]
 20%|█▉        | 614/3090 [53:39<3:24:21,  4.95s/it]
 20%|█▉        | 615/3090 [53:44<3:24:15,  4.95s/it]
 20%|█▉        | 616/3090 [53:48<3:24:09,  4.95s/it]
 20%|█▉        | 617/3090 [53:53<3:24:05,  4.95s/it]
 20%|██        | 618/3090 [53:58<3:21:37,  4.89s/it]
                                                    

 20%|██        | 618/3090 [53:58<3:21:37,  4.89s/it]{'loss': 0.0926, 'grad_norm': 3.3371570110321045, 'learning_rate': 4e-05, 'epoch': 6.0}


  0%|          | 0/26 [00:00<?, ?it/s][A

  8%|▊         | 2/26 [00:01<00:14,  1.68it/s][A

 12%|█▏        | 3/26 [00:02<00:19,  1.18it/s][A

 15%|█▌        | 4/26 [00:03<00:21,  1.03it/s][A

 19%|█▉        | 5/26 [00:04<00:22,  1.05s/it][A

 23%|██▎       | 6/26 [00:05<00:21,  1.10s/it][A

 27%|██▋       | 7/26 [00:07<00:21,  1.13s/it][A

 31%|███       | 8/26 [00:08<00:20,  1.15s/it][A

 35%|███▍      | 9/26 [00:09<00:19,  1.16s/it][A

 38%|███▊      | 10/26 [00:10<00:18,  1.17s/it][A

 42%|████▏     | 11/26 [00:11<00:17,  1.18s/it][A

 46%|████▌     | 12/26 [00:13<00:16,  1.18s/it][A

 50%|█████     | 13/26 [00:14<00:15,  1.19s/it][A

 54%|█████▍    | 14/26 [00:15<00:14,  1.19s/it][A

 58%|█████▊    | 15/26 [00:16<00:13,  1.19s/it][A

 62%|██████▏   | 16/26 [00:17<00:11,  1.19s/it][A

 65%|██████▌   | 17/26 [00:19<00:10,  1.19s/it][A

 69%|██████▉   | 18/26 [00:20<00:09,  1.19s/it][A

 73%|███████▎  | 19/26 [00:21<00:08,  1.19s/it][A

 77%|███████▋  | 20/26 [00:22<00:07,  1.19s/it][A

 81%|████████  | 21/26 [00:23<00:05,  1.19s/it][A

 85%|████████▍ | 22/26 [00:25<00:04,  1.19s/it][A

 88%|████████▊ | 23/26 [00:26<00:03,  1.19s/it][A

 92%|█████████▏| 24/26 [00:27<00:02,  1.19s/it][A

 96%|█████████▌| 25/26 [00:28<00:01,  1.19s/it][A

100%|██████████| 26/26 [00:29<00:00,  1.13s/it][A

                                               
[A
                                                    

100%|██████████| 26/26 [00:29<00:00,  1.13s/it][A
 20%|██        | 618/3090 [54:29<3:21:37,  4.89s/it]

                                               [A{'eval_loss': 0.11457937955856323, 'eval_macro_recall': 0.9219976821671736, 'eval_macro_precision': 0.9135342883744966, 'eval_macro_f1': 0.9128311696381332, 'eval_accuracy': 0.9672330097087378, 'eval_micro_recall': 0.9672330097087378, 'eval_micro_precision': 0.9672330097087378, 'eval_micro_f1': 0.9672330097087378, 'eval_runtime': 31.1747, 'eval_samples_per_second': 26.432, 'eval_steps_per_second': 0.834, 'epoch': 6.0}

 20%|██        | 619/3090 [54:38<10:35:21, 15.43s/it]
 20%|██        | 620/3090 [54:43<8:25:43, 12.28s/it] 
 20%|██        | 621/3090 [54:48<6:54:58, 10.08s/it]
 20%|██        | 622/3090 [54:53<5:51:28,  8.54s/it]
 20%|██        | 623/3090 [54:58<5:07:00,  7.47s/it]
 20%|██        | 624/3090 [55:03<4:35:54,  6.71s/it]
 20%|██        | 625/3090 [55:08<4:14:06,  6.19s/it]
 20%|██        | 626/3090 [55:13<3:58:51,  5.82s/it]
 20%|██        | 627/3090 [55:18<3:48:08,  5.56s/it]
 20%|██        | 628/3090 [55:23<3:40:34,  5.38s/it]
 20%|██        | 629/3090 [55:28<3:35:15,  5.25s/it]
 20%|██        | 630/3090 [55:33<3:31:31,  5.16s/it]
 20%|██        | 631/3090 [55:38<3:28:52,  5.10s/it]
 20%|██        | 632/3090 [55:43<3:27:04,  5.05s/it]
 20%|██        | 633/3090 [55:48<3:25:43,  5.02s/it]
 21%|██        | 634/3090 [55:52<3:24:43,  5.00s/it]
 21%|██        | 635/3090 [55:57<3:24:00,  4.99s/it]
 21%|██        | 636/3090 [56:02<3:23:31,  4.98s/it]
 21%|██        | 637/3090 [56:07<3:23:07,  4.97s/it]
 21%|██        | 638/3090 [56:12<3:22:50,  4.96s/it]
 21%|██        | 639/3090 [56:17<3:22:34,  4.96s/it]
 21%|██        | 640/3090 [56:22<3:22:21,  4.96s/it]
 21%|██        | 641/3090 [56:27<3:22:11,  4.95s/it]
 21%|██        | 642/3090 [56:32<3:22:06,  4.95s/it]
 21%|██        | 643/3090 [56:37<3:22:00,  4.95s/it]
 21%|██        | 644/3090 [56:42<3:21:53,  4.95s/it]
 21%|██        | 645/3090 [56:47<3:21:48,  4.95s/it]
 21%|██        | 646/3090 [56:52<3:21:43,  4.95s/it]
 21%|██        | 647/3090 [56:57<3:21:37,  4.95s/it]
 21%|██        | 648/3090 [57:02<3:21:32,  4.95s/it]
 21%|██        | 649/3090 [57:07<3:21:25,  4.95s/it]
 21%|██        | 650/3090 [57:12<3:21:20,  4.95s/it]
 21%|██        | 651/3090 [57:17<3:21:15,  4.95s/it]
 21%|██        | 652/3090 [57:22<3:21:10,  4.95s/it]
 21%|██        | 653/3090 [57:27<3:21:06,  4.95s/it]
 21%|██        | 654/3090 [57:31<3:21:01,  4.95s/it]
 21%|██        | 655/3090 [57:36<3:20:55,  4.95s/it]
 21%|██        | 656/3090 [57:41<3:20:51,  4.95s/it]
 21%|██▏       | 657/3090 [57:46<3:20:46,  4.95s/it]
 21%|██▏       | 658/3090 [57:51<3:20:43,  4.95s/it]
 21%|██▏       | 659/3090 [57:56<3:20:36,  4.95s/it]
 21%|██▏       | 660/3090 [58:01<3:20:31,  4.95s/it]
 21%|██▏       | 661/3090 [58:06<3:20:26,  4.95s/it]
 21%|██▏       | 662/3090 [58:11<3:20:23,  4.95s/it]
 21%|██▏       | 663/3090 [58:16<3:20:17,  4.95s/it]
 21%|██▏       | 664/3090 [58:21<3:20:10,  4.95s/it]
 22%|██▏       | 665/3090 [58:26<3:20:05,  4.95s/it]
 22%|██▏       | 666/3090 [58:31<3:20:00,  4.95s/it]
 22%|██▏       | 667/3090 [58:36<3:19:52,  4.95s/it]
 22%|██▏       | 668/3090 [58:41<3:19:48,  4.95s/it]
 22%|██▏       | 669/3090 [58:46<3:19:44,  4.95s/it]
 22%|██▏       | 670/3090 [58:51<3:19:40,  4.95s/it]
 22%|██▏       | 671/3090 [58:56<3:19:35,  4.95s/it]
 22%|██▏       | 672/3090 [59:01<3:19:30,  4.95s/it]
 22%|██▏       | 673/3090 [59:06<3:19:25,  4.95s/it]
 22%|██▏       | 674/3090 [59:11<3:19:20,  4.95s/it]
 22%|██▏       | 675/3090 [59:15<3:19:16,  4.95s/it]
 22%|██▏       | 676/3090 [59:20<3:19:11,  4.95s/it]
 22%|██▏       | 677/3090 [59:25<3:19:06,  4.95s/it]
 22%|██▏       | 678/3090 [59:30<3:19:02,  4.95s/it]
 22%|██▏       | 679/3090 [59:35<3:18:58,  4.95s/it]
 22%|██▏       | 680/3090 [59:40<3:18:51,  4.95s/it]
 22%|██▏       | 681/3090 [59:45<3:18:46,  4.95s/it]
 22%|██▏       | 682/3090 [59:50<3:18:42,  4.95s/it]
 22%|██▏       | 683/3090 [59:55<3:18:37,  4.95s/it]
 22%|██▏       | 684/3090 [1:00:00<3:18:32,  4.95s/it]
 22%|██▏       | 685/3090 [1:00:05<3:18:28,  4.95s/it]
 22%|██▏       | 686/3090 [1:00:10<3:18:24,  4.95s/it]
 22%|██▏       | 687/3090 [1:00:15<3:18:17,  4.95s/it]
 22%|██▏       | 688/3090 [1:00:20<3:18:13,  4.95s/it]
 22%|██▏       | 689/3090 [1:00:25<3:18:07,  4.95s/it]
 22%|██▏       | 690/3090 [1:00:30<3:18:01,  4.95s/it]
 22%|██▏       | 691/3090 [1:00:35<3:17:56,  4.95s/it]
 22%|██▏       | 692/3090 [1:00:40<3:17:51,  4.95s/it]
 22%|██▏       | 693/3090 [1:00:45<3:17:46,  4.95s/it]
 22%|██▏       | 694/3090 [1:00:50<3:17:41,  4.95s/it]
 22%|██▏       | 695/3090 [1:00:54<3:17:38,  4.95s/it]
 23%|██▎       | 696/3090 [1:00:59<3:17:32,  4.95s/it]
 23%|██▎       | 697/3090 [1:01:04<3:17:26,  4.95s/it]
 23%|██▎       | 698/3090 [1:01:09<3:17:22,  4.95s/it]
 23%|██▎       | 699/3090 [1:01:14<3:17:18,  4.95s/it]
 23%|██▎       | 700/3090 [1:01:19<3:17:13,  4.95s/it]
 23%|██▎       | 701/3090 [1:01:24<3:17:08,  4.95s/it]
 23%|██▎       | 702/3090 [1:01:29<3:17:03,  4.95s/it]
 23%|██▎       | 703/3090 [1:01:34<3:16:59,  4.95s/it]
 23%|██▎       | 704/3090 [1:01:39<3:16:52,  4.95s/it]
 23%|██▎       | 705/3090 [1:01:44<3:16:47,  4.95s/it]
 23%|██▎       | 706/3090 [1:01:49<3:16:42,  4.95s/it]
 23%|██▎       | 707/3090 [1:01:54<3:16:38,  4.95s/it]
 23%|██▎       | 708/3090 [1:01:59<3:16:32,  4.95s/it]
 23%|██▎       | 709/3090 [1:02:04<3:16:27,  4.95s/it]
 23%|██▎       | 710/3090 [1:02:09<3:16:23,  4.95s/it]
 23%|██▎       | 711/3090 [1:02:14<3:16:19,  4.95s/it]
 23%|██▎       | 712/3090 [1:02:19<3:16:14,  4.95s/it]
 23%|██▎       | 713/3090 [1:02:24<3:16:08,  4.95s/it]
 23%|██▎       | 714/3090 [1:02:29<3:16:03,  4.95s/it]
 23%|██▎       | 715/3090 [1:02:34<3:15:58,  4.95s/it]
 23%|██▎       | 716/3090 [1:02:38<3:15:54,  4.95s/it]
 23%|██▎       | 717/3090 [1:02:43<3:15:48,  4.95s/it]
 23%|██▎       | 718/3090 [1:02:48<3:15:43,  4.95s/it]
 23%|██▎       | 719/3090 [1:02:53<3:15:37,  4.95s/it]
 23%|██▎       | 720/3090 [1:02:58<3:15:32,  4.95s/it]
 23%|██▎       | 721/3090 [1:03:03<3:13:03,  4.89s/it]
                                                      

 23%|██▎       | 721/3090 [1:03:03<3:13:03,  4.89s/it]{'loss': 0.0639, 'grad_norm': 0.3714500069618225, 'learning_rate': 3.8333333333333334e-05, 'epoch': 7.0}


  0%|          | 0/26 [00:00<?, ?it/s][A

  8%|▊         | 2/26 [00:01<00:14,  1.68it/s][A

 12%|█▏        | 3/26 [00:02<00:19,  1.18it/s][A

 15%|█▌        | 4/26 [00:03<00:21,  1.03it/s][A

 19%|█▉        | 5/26 [00:04<00:22,  1.05s/it][A

 23%|██▎       | 6/26 [00:05<00:21,  1.10s/it][A

 27%|██▋       | 7/26 [00:07<00:21,  1.13s/it][A

 31%|███       | 8/26 [00:08<00:20,  1.15s/it][A

 35%|███▍      | 9/26 [00:09<00:19,  1.16s/it][A

 38%|███▊      | 10/26 [00:10<00:18,  1.17s/it][A

 42%|████▏     | 11/26 [00:11<00:17,  1.18s/it][A

 46%|████▌     | 12/26 [00:13<00:16,  1.18s/it][A

 50%|█████     | 13/26 [00:14<00:15,  1.19s/it][A

 54%|█████▍    | 14/26 [00:15<00:14,  1.19s/it][A

 58%|█████▊    | 15/26 [00:16<00:13,  1.19s/it][A

 62%|██████▏   | 16/26 [00:17<00:11,  1.19s/it][A

 65%|██████▌   | 17/26 [00:19<00:10,  1.19s/it][A

 69%|██████▉   | 18/26 [00:20<00:09,  1.19s/it][A

 73%|███████▎  | 19/26 [00:21<00:08,  1.19s/it][A

 77%|███████▋  | 20/26 [00:22<00:07,  1.19s/it][A

 81%|████████  | 21/26 [00:23<00:05,  1.19s/it][A

 85%|████████▍ | 22/26 [00:25<00:04,  1.19s/it][A

 88%|████████▊ | 23/26 [00:26<00:03,  1.19s/it][A

 92%|█████████▏| 24/26 [00:27<00:02,  1.19s/it][A

 96%|█████████▌| 25/26 [00:28<00:01,  1.19s/it][A

100%|██████████| 26/26 [00:29<00:00,  1.14s/it][A

                                               
[A
                                                      

100%|██████████| 26/26 [00:29<00:00,  1.14s/it][A
 23%|██▎       | 721/3090 [1:03:34<3:13:03,  4.89s/it]

                                               [A{'eval_loss': 0.09142464399337769, 'eval_macro_recall': 0.934390844560336, 'eval_macro_precision': 0.9423359522976179, 'eval_macro_f1': 0.9345696477969175, 'eval_accuracy': 0.9793689320388349, 'eval_micro_recall': 0.9793689320388349, 'eval_micro_precision': 0.9793689320388349, 'eval_micro_f1': 0.9793689320388349, 'eval_runtime': 31.1744, 'eval_samples_per_second': 26.432, 'eval_steps_per_second': 0.834, 'epoch': 7.0}

 23%|██▎       | 722/3090 [1:03:43<10:09:23, 15.44s/it]
 23%|██▎       | 723/3090 [1:03:48<8:05:00, 12.29s/it] 
 23%|██▎       | 724/3090 [1:03:53<6:38:01, 10.09s/it]
 23%|██▎       | 725/3090 [1:03:58<5:37:02,  8.55s/it]
 23%|██▎       | 726/3090 [1:04:03<4:54:25,  7.47s/it]
 24%|██▎       | 727/3090 [1:04:08<4:24:32,  6.72s/it]
 24%|██▎       | 728/3090 [1:04:13<4:03:39,  6.19s/it]
 24%|██▎       | 729/3090 [1:04:18<3:48:58,  5.82s/it]
 24%|██▎       | 730/3090 [1:04:23<3:38:41,  5.56s/it]
 24%|██▎       | 731/3090 [1:04:28<3:31:26,  5.38s/it]
 24%|██▎       | 732/3090 [1:04:33<3:26:20,  5.25s/it]
 24%|██▎       | 733/3090 [1:04:38<3:22:43,  5.16s/it]
 24%|██▍       | 734/3090 [1:04:43<3:20:11,  5.10s/it]
 24%|██▍       | 735/3090 [1:04:47<3:18:23,  5.05s/it]
 24%|██▍       | 736/3090 [1:04:52<3:17:06,  5.02s/it]
 24%|██▍       | 737/3090 [1:04:57<3:16:13,  5.00s/it]
 24%|██▍       | 738/3090 [1:05:04<3:38:38,  5.58s/it]
 24%|██▍       | 739/3090 [1:05:12<4:00:28,  6.14s/it]
 24%|██▍       | 740/3090 [1:05:17<3:46:26,  5.78s/it]
 24%|██▍       | 741/3090 [1:05:22<3:36:36,  5.53s/it]
 24%|██▍       | 742/3090 [1:05:27<3:29:40,  5.36s/it]
 24%|██▍       | 743/3090 [1:05:32<3:24:47,  5.24s/it]
 24%|██▍       | 744/3090 [1:05:36<3:21:22,  5.15s/it]
 24%|██▍       | 745/3090 [1:05:41<3:18:59,  5.09s/it]
 24%|██▍       | 746/3090 [1:05:46<3:17:16,  5.05s/it]
 24%|██▍       | 747/3090 [1:05:51<3:16:01,  5.02s/it]
 24%|██▍       | 748/3090 [1:05:56<3:15:09,  5.00s/it]
 24%|██▍       | 749/3090 [1:06:01<3:14:29,  4.99s/it]
 24%|██▍       | 750/3090 [1:06:06<3:14:09,  4.98s/it]
 24%|██▍       | 751/3090 [1:06:11<3:13:46,  4.97s/it]
 24%|██▍       | 752/3090 [1:06:16<3:13:28,  4.96s/it]
 24%|██▍       | 753/3090 [1:06:21<3:13:14,  4.96s/it]
 24%|██▍       | 754/3090 [1:06:26<3:13:03,  4.96s/it]
 24%|██▍       | 755/3090 [1:06:31<3:12:52,  4.96s/it]
 24%|██▍       | 756/3090 [1:06:36<3:12:45,  4.96s/it]
 24%|██▍       | 757/3090 [1:06:41<3:12:38,  4.95s/it]
 25%|██▍       | 758/3090 [1:06:46<3:12:31,  4.95s/it]
 25%|██▍       | 759/3090 [1:06:51<3:12:25,  4.95s/it]
 25%|██▍       | 760/3090 [1:06:56<3:12:21,  4.95s/it]
 25%|██▍       | 761/3090 [1:07:01<3:13:09,  4.98s/it]
 25%|██▍       | 762/3090 [1:07:06<3:12:46,  4.97s/it]
 25%|██▍       | 763/3090 [1:07:11<3:12:29,  4.96s/it]
 25%|██▍       | 764/3090 [1:07:16<3:12:16,  4.96s/it]
 25%|██▍       | 765/3090 [1:07:21<3:12:09,  4.96s/it]
 25%|██▍       | 766/3090 [1:07:26<3:12:00,  4.96s/it]
 25%|██▍       | 767/3090 [1:07:30<3:11:52,  4.96s/it]
 25%|██▍       | 768/3090 [1:07:35<3:11:45,  4.95s/it]
 25%|██▍       | 769/3090 [1:07:40<3:11:38,  4.95s/it]
 25%|██▍       | 770/3090 [1:07:45<3:11:32,  4.95s/it]
 25%|██▍       | 771/3090 [1:07:50<3:11:25,  4.95s/it]
 25%|██▍       | 772/3090 [1:07:55<3:11:19,  4.95s/it]
 25%|██▌       | 773/3090 [1:08:00<3:11:15,  4.95s/it]
 25%|██▌       | 774/3090 [1:08:05<3:11:09,  4.95s/it]
 25%|██▌       | 775/3090 [1:08:10<3:11:04,  4.95s/it]
 25%|██▌       | 776/3090 [1:08:15<3:10:58,  4.95s/it]
 25%|██▌       | 777/3090 [1:08:20<3:10:55,  4.95s/it]
 25%|██▌       | 778/3090 [1:08:25<3:10:49,  4.95s/it]
 25%|██▌       | 779/3090 [1:08:30<3:10:44,  4.95s/it]
 25%|██▌       | 780/3090 [1:08:35<3:10:41,  4.95s/it]
 25%|██▌       | 781/3090 [1:08:40<3:10:58,  4.96s/it]
 25%|██▌       | 782/3090 [1:08:45<3:10:44,  4.96s/it]
 25%|██▌       | 783/3090 [1:08:50<3:10:34,  4.96s/it]
 25%|██▌       | 784/3090 [1:08:55<3:10:26,  4.96s/it]
 25%|██▌       | 785/3090 [1:09:00<3:10:17,  4.95s/it]
 25%|██▌       | 786/3090 [1:09:05<3:10:10,  4.95s/it]
 25%|██▌       | 787/3090 [1:09:10<3:10:03,  4.95s/it]
 26%|██▌       | 788/3090 [1:09:14<3:09:58,  4.95s/it]
 26%|██▌       | 789/3090 [1:09:19<3:09:53,  4.95s/it]
 26%|██▌       | 790/3090 [1:09:24<3:09:49,  4.95s/it]
 26%|██▌       | 791/3090 [1:09:29<3:09:44,  4.95s/it]
 26%|██▌       | 792/3090 [1:09:34<3:09:38,  4.95s/it]
 26%|██▌       | 793/3090 [1:09:39<3:09:35,  4.95s/it]
 26%|██▌       | 794/3090 [1:09:44<3:09:29,  4.95s/it]
 26%|██▌       | 795/3090 [1:09:49<3:09:24,  4.95s/it]
 26%|██▌       | 796/3090 [1:09:54<3:09:19,  4.95s/it]
 26%|██▌       | 797/3090 [1:09:59<3:09:15,  4.95s/it]
 26%|██▌       | 798/3090 [1:10:04<3:09:09,  4.95s/it]
 26%|██▌       | 799/3090 [1:10:09<3:09:03,  4.95s/it]
 26%|██▌       | 800/3090 [1:10:14<3:08:59,  4.95s/it]
 26%|██▌       | 801/3090 [1:10:19<3:08:54,  4.95s/it]
 26%|██▌       | 802/3090 [1:10:24<3:08:50,  4.95s/it]
 26%|██▌       | 803/3090 [1:10:29<3:08:45,  4.95s/it]
 26%|██▌       | 804/3090 [1:10:34<3:08:41,  4.95s/it]
 26%|██▌       | 805/3090 [1:10:39<3:08:36,  4.95s/it]
 26%|██▌       | 806/3090 [1:10:44<3:08:32,  4.95s/it]
 26%|██▌       | 807/3090 [1:10:49<3:08:26,  4.95s/it]
 26%|██▌       | 808/3090 [1:10:54<3:08:21,  4.95s/it]
 26%|██▌       | 809/3090 [1:10:58<3:08:17,  4.95s/it]
 26%|██▌       | 810/3090 [1:11:03<3:08:10,  4.95s/it]
 26%|██▌       | 811/3090 [1:11:08<3:08:04,  4.95s/it]
 26%|██▋       | 812/3090 [1:11:13<3:07:58,  4.95s/it]
 26%|██▋       | 813/3090 [1:11:18<3:07:54,  4.95s/it]
 26%|██▋       | 814/3090 [1:11:23<3:07:50,  4.95s/it]
 26%|██▋       | 815/3090 [1:11:28<3:07:44,  4.95s/it]
 26%|██▋       | 816/3090 [1:11:33<3:07:39,  4.95s/it]
 26%|██▋       | 817/3090 [1:11:38<3:07:35,  4.95s/it]
 26%|██▋       | 818/3090 [1:11:43<3:07:29,  4.95s/it]
 27%|██▋       | 819/3090 [1:11:48<3:07:25,  4.95s/it]
 27%|██▋       | 820/3090 [1:11:53<3:08:17,  4.98s/it]
 27%|██▋       | 821/3090 [1:11:58<3:07:56,  4.97s/it]
 27%|██▋       | 822/3090 [1:12:03<3:07:38,  4.96s/it]
 27%|██▋       | 823/3090 [1:12:08<3:07:25,  4.96s/it]
 27%|██▋       | 824/3090 [1:12:13<3:05:28,  4.91s/it]
                                                      

 27%|██▋       | 824/3090 [1:12:13<3:05:28,  4.91s/it]{'loss': 0.0553, 'grad_norm': 0.4229816198348999, 'learning_rate': 3.6666666666666666e-05, 'epoch': 8.0}


  0%|          | 0/26 [00:00<?, ?it/s][A

  8%|▊         | 2/26 [00:01<00:14,  1.68it/s][A

 12%|█▏        | 3/26 [00:02<00:19,  1.18it/s][A

 15%|█▌        | 4/26 [00:03<00:21,  1.03it/s][A

 19%|█▉        | 5/26 [00:04<00:22,  1.05s/it][A

 23%|██▎       | 6/26 [00:05<00:21,  1.10s/it][A

 27%|██▋       | 7/26 [00:07<00:21,  1.13s/it][A

 31%|███       | 8/26 [00:08<00:20,  1.15s/it][A

 35%|███▍      | 9/26 [00:09<00:19,  1.17s/it][A

 38%|███▊      | 10/26 [00:10<00:18,  1.17s/it][A

 42%|████▏     | 11/26 [00:11<00:17,  1.18s/it][A

 46%|████▌     | 12/26 [00:13<00:16,  1.18s/it][A

 50%|█████     | 13/26 [00:14<00:15,  1.19s/it][A

 54%|█████▍    | 14/26 [00:15<00:14,  1.19s/it][A

 58%|█████▊    | 15/26 [00:16<00:13,  1.19s/it][A

 62%|██████▏   | 16/26 [00:17<00:11,  1.19s/it][A

 65%|██████▌   | 17/26 [00:19<00:10,  1.19s/it][A

 69%|██████▉   | 18/26 [00:20<00:09,  1.19s/it][A

 73%|███████▎  | 19/26 [00:21<00:08,  1.19s/it][A

 77%|███████▋  | 20/26 [00:22<00:07,  1.19s/it][A

 81%|████████  | 21/26 [00:23<00:05,  1.19s/it][A

 85%|████████▍ | 22/26 [00:25<00:04,  1.19s/it][A

 88%|████████▊ | 23/26 [00:26<00:03,  1.19s/it][A

 92%|█████████▏| 24/26 [00:27<00:02,  1.19s/it][A

 96%|█████████▌| 25/26 [00:28<00:01,  1.19s/it][A

100%|██████████| 26/26 [00:29<00:00,  1.14s/it][A

                                               
[A
                                                      

100%|██████████| 26/26 [00:30<00:00,  1.14s/it][A
 27%|██▋       | 824/3090 [1:12:46<3:05:28,  4.91s/it]

                                               [A{'eval_loss': 0.09114180505275726, 'eval_macro_recall': 0.9337498189193106, 'eval_macro_precision': 0.9338534839694146, 'eval_macro_f1': 0.9303588115289824, 'eval_accuracy': 0.9805825242718447, 'eval_micro_recall': 0.9805825242718447, 'eval_micro_precision': 0.9805825242718447, 'eval_micro_f1': 0.9805825242718447, 'eval_runtime': 32.5155, 'eval_samples_per_second': 25.342, 'eval_steps_per_second': 0.8, 'epoch': 8.0}

 27%|██▋       | 825/3090 [1:12:55<10:06:27, 16.07s/it]
 27%|██▋       | 826/3090 [1:13:00<8:00:21, 12.73s/it] 
 27%|██▋       | 827/3090 [1:13:05<6:32:08, 10.40s/it]
 27%|██▋       | 828/3090 [1:13:10<5:30:22,  8.76s/it]
 27%|██▋       | 829/3090 [1:13:15<4:47:07,  7.62s/it]
 27%|██▋       | 830/3090 [1:13:20<4:16:50,  6.82s/it]
 27%|██▋       | 831/3090 [1:13:24<3:55:38,  6.26s/it]
 27%|██▋       | 832/3090 [1:13:29<3:40:48,  5.87s/it]
 27%|██▋       | 833/3090 [1:13:34<3:30:22,  5.59s/it]
 27%|██▋       | 834/3090 [1:13:39<3:23:03,  5.40s/it]
 27%|██▋       | 835/3090 [1:13:44<3:17:54,  5.27s/it]
 27%|██▋       | 836/3090 [1:13:49<3:14:18,  5.17s/it]
 27%|██▋       | 837/3090 [1:13:54<3:11:41,  5.11s/it]
 27%|██▋       | 838/3090 [1:13:59<3:09:53,  5.06s/it]
 27%|██▋       | 839/3090 [1:14:04<3:08:35,  5.03s/it]
 27%|██▋       | 840/3090 [1:14:09<3:07:38,  5.00s/it]
 27%|██▋       | 841/3090 [1:14:14<3:06:58,  4.99s/it]
 27%|██▋       | 842/3090 [1:14:19<3:06:29,  4.98s/it]
 27%|██▋       | 843/3090 [1:14:24<3:06:07,  4.97s/it]
 27%|██▋       | 844/3090 [1:14:29<3:05:49,  4.96s/it]
 27%|██▋       | 845/3090 [1:14:34<3:05:35,  4.96s/it]
 27%|██▋       | 846/3090 [1:14:39<3:05:24,  4.96s/it]
 27%|██▋       | 847/3090 [1:14:44<3:05:15,  4.96s/it]
 27%|██▋       | 848/3090 [1:14:49<3:05:09,  4.96s/it]
 27%|██▋       | 849/3090 [1:14:54<3:05:01,  4.95s/it]
 28%|██▊       | 850/3090 [1:14:59<3:04:56,  4.95s/it]
 28%|██▊       | 851/3090 [1:15:04<3:04:49,  4.95s/it]
 28%|██▊       | 852/3090 [1:15:08<3:04:44,  4.95s/it]
 28%|██▊       | 853/3090 [1:15:13<3:04:38,  4.95s/it]
 28%|██▊       | 854/3090 [1:15:18<3:04:35,  4.95s/it]
 28%|██▊       | 855/3090 [1:15:23<3:04:28,  4.95s/it]
 28%|██▊       | 856/3090 [1:15:28<3:04:23,  4.95s/it]
 28%|██▊       | 857/3090 [1:15:33<3:04:18,  4.95s/it]
 28%|██▊       | 858/3090 [1:15:38<3:04:14,  4.95s/it]
 28%|██▊       | 859/3090 [1:15:43<3:04:08,  4.95s/it]
 28%|██▊       | 860/3090 [1:15:48<3:04:03,  4.95s/it]
 28%|██▊       | 861/3090 [1:15:53<3:03:56,  4.95s/it]
 28%|██▊       | 862/3090 [1:15:58<3:03:56,  4.95s/it]
 28%|██▊       | 863/3090 [1:16:03<3:03:50,  4.95s/it]
 28%|██▊       | 864/3090 [1:16:08<3:03:46,  4.95s/it]
 28%|██▊       | 865/3090 [1:16:13<3:03:41,  4.95s/it]
 28%|██▊       | 866/3090 [1:16:18<3:03:37,  4.95s/it]
 28%|██▊       | 867/3090 [1:16:23<3:03:31,  4.95s/it]
 28%|██▊       | 868/3090 [1:16:28<3:03:25,  4.95s/it]
 28%|██▊       | 869/3090 [1:16:33<3:03:22,  4.95s/it]
 28%|██▊       | 870/3090 [1:16:38<3:03:16,  4.95s/it]
 28%|██▊       | 871/3090 [1:16:43<3:03:11,  4.95s/it]
 28%|██▊       | 872/3090 [1:16:48<3:03:05,  4.95s/it]
 28%|██▊       | 873/3090 [1:16:52<3:03:00,  4.95s/it]
 28%|██▊       | 874/3090 [1:16:57<3:02:56,  4.95s/it]
 28%|██▊       | 875/3090 [1:17:02<3:02:51,  4.95s/it]
 28%|██▊       | 876/3090 [1:17:07<3:02:45,  4.95s/it]
 28%|██▊       | 877/3090 [1:17:12<3:02:38,  4.95s/it]
 28%|██▊       | 878/3090 [1:17:17<3:02:33,  4.95s/it]
 28%|██▊       | 879/3090 [1:17:22<3:02:28,  4.95s/it]
 28%|██▊       | 880/3090 [1:17:27<3:02:23,  4.95s/it]
 29%|██▊       | 881/3090 [1:17:32<3:02:18,  4.95s/it]
 29%|██▊       | 882/3090 [1:17:37<3:02:13,  4.95s/it]
 29%|██▊       | 883/3090 [1:17:42<3:02:07,  4.95s/it]
 29%|██▊       | 884/3090 [1:17:47<3:02:04,  4.95s/it]
 29%|██▊       | 885/3090 [1:17:52<3:01:59,  4.95s/it]
 29%|██▊       | 886/3090 [1:17:57<3:01:53,  4.95s/it]
 29%|██▊       | 887/3090 [1:18:02<3:01:48,  4.95s/it]
 29%|██▊       | 888/3090 [1:18:07<3:01:42,  4.95s/it]
 29%|██▉       | 889/3090 [1:18:12<3:01:38,  4.95s/it]
 29%|██▉       | 890/3090 [1:18:17<3:01:36,  4.95s/it]
 29%|██▉       | 891/3090 [1:18:22<3:01:31,  4.95s/it]
 29%|██▉       | 892/3090 [1:18:27<3:01:26,  4.95s/it]
 29%|██▉       | 893/3090 [1:18:32<3:01:20,  4.95s/it]
 29%|██▉       | 894/3090 [1:18:36<3:01:13,  4.95s/it]
 29%|██▉       | 895/3090 [1:18:41<3:01:08,  4.95s/it]
 29%|██▉       | 896/3090 [1:18:46<3:01:02,  4.95s/it]
 29%|██▉       | 897/3090 [1:18:51<3:00:57,  4.95s/it]
 29%|██▉       | 898/3090 [1:18:56<3:00:53,  4.95s/it]
 29%|██▉       | 899/3090 [1:19:01<3:00:49,  4.95s/it]
 29%|██▉       | 900/3090 [1:19:06<3:00:46,  4.95s/it]
 29%|██▉       | 901/3090 [1:19:11<3:00:42,  4.95s/it]
 29%|██▉       | 902/3090 [1:19:16<3:00:37,  4.95s/it]
 29%|██▉       | 903/3090 [1:19:21<3:00:30,  4.95s/it]
 29%|██▉       | 904/3090 [1:19:26<3:00:25,  4.95s/it]
 29%|██▉       | 905/3090 [1:19:31<3:00:18,  4.95s/it]
 29%|██▉       | 906/3090 [1:19:36<3:00:15,  4.95s/it]
 29%|██▉       | 907/3090 [1:19:41<3:00:10,  4.95s/it]
 29%|██▉       | 908/3090 [1:19:46<3:00:06,  4.95s/it]
 29%|██▉       | 909/3090 [1:19:51<3:00:00,  4.95s/it]
 29%|██▉       | 910/3090 [1:19:56<2:59:55,  4.95s/it]
 29%|██▉       | 911/3090 [1:20:01<2:59:50,  4.95s/it]
 30%|██▉       | 912/3090 [1:20:06<2:59:45,  4.95s/it]
 30%|██▉       | 913/3090 [1:20:11<2:59:40,  4.95s/it]
 30%|██▉       | 914/3090 [1:20:16<2:59:35,  4.95s/it]
 30%|██▉       | 915/3090 [1:20:20<2:59:30,  4.95s/it]
 30%|██▉       | 916/3090 [1:20:25<2:59:25,  4.95s/it]
 30%|██▉       | 917/3090 [1:20:30<2:59:20,  4.95s/it]
 30%|██▉       | 918/3090 [1:20:35<2:59:14,  4.95s/it]
 30%|██▉       | 919/3090 [1:20:40<2:59:10,  4.95s/it]
 30%|██▉       | 920/3090 [1:20:45<2:59:05,  4.95s/it]
 30%|██▉       | 921/3090 [1:20:50<2:58:59,  4.95s/it]
 30%|██▉       | 922/3090 [1:20:55<2:58:54,  4.95s/it]
 30%|██▉       | 923/3090 [1:21:00<2:58:50,  4.95s/it]
 30%|██▉       | 924/3090 [1:21:05<2:58:45,  4.95s/it]
 30%|██▉       | 925/3090 [1:21:10<2:58:40,  4.95s/it]
 30%|██▉       | 926/3090 [1:21:15<2:58:35,  4.95s/it]
 30%|███       | 927/3090 [1:21:20<2:56:17,  4.89s/it]
                                                      

 30%|███       | 927/3090 [1:21:20<2:56:17,  4.89s/it]{'loss': 0.0405, 'grad_norm': 0.37961485981941223, 'learning_rate': 3.5e-05, 'epoch': 9.0}


  0%|          | 0/26 [00:00<?, ?it/s][A

  8%|▊         | 2/26 [00:01<00:14,  1.68it/s][A

 12%|█▏        | 3/26 [00:02<00:19,  1.18it/s][A

 15%|█▌        | 4/26 [00:03<00:21,  1.03it/s][A

 19%|█▉        | 5/26 [00:04<00:22,  1.05s/it][A

 23%|██▎       | 6/26 [00:05<00:21,  1.10s/it][A

 27%|██▋       | 7/26 [00:07<00:21,  1.13s/it][A

 31%|███       | 8/26 [00:08<00:20,  1.15s/it][A

 35%|███▍      | 9/26 [00:09<00:19,  1.16s/it][A

 38%|███▊      | 10/26 [00:10<00:18,  1.17s/it][A

 42%|████▏     | 11/26 [00:11<00:17,  1.18s/it][A

 46%|████▌     | 12/26 [00:13<00:16,  1.18s/it][A

 50%|█████     | 13/26 [00:14<00:15,  1.19s/it][A

 54%|█████▍    | 14/26 [00:15<00:14,  1.19s/it][A

 58%|█████▊    | 15/26 [00:16<00:13,  1.19s/it][A

 62%|██████▏   | 16/26 [00:17<00:11,  1.19s/it][A

 65%|██████▌   | 17/26 [00:19<00:10,  1.19s/it][A

 69%|██████▉   | 18/26 [00:20<00:09,  1.19s/it][A

 73%|███████▎  | 19/26 [00:21<00:08,  1.19s/it][A

 77%|███████▋  | 20/26 [00:22<00:07,  1.19s/it][A

 81%|████████  | 21/26 [00:23<00:05,  1.19s/it][A

 85%|████████▍ | 22/26 [00:25<00:04,  1.19s/it][A

 88%|████████▊ | 23/26 [00:26<00:03,  1.19s/it][A

 92%|█████████▏| 24/26 [00:27<00:02,  1.19s/it][A

 96%|█████████▌| 25/26 [00:28<00:01,  1.19s/it][A

100%|██████████| 26/26 [00:29<00:00,  1.14s/it][A

                                               
[A
                                                      

100%|██████████| 26/26 [00:29<00:00,  1.14s/it][A
 30%|███       | 927/3090 [1:21:51<2:56:17,  4.89s/it]

                                               [A{'eval_loss': 0.08241096138954163, 'eval_macro_recall': 0.9450746052440968, 'eval_macro_precision': 0.9501115848429001, 'eval_macro_f1': 0.9445955991700253, 'eval_accuracy': 0.9854368932038835, 'eval_micro_recall': 0.9854368932038835, 'eval_micro_precision': 0.9854368932038835, 'eval_micro_f1': 0.9854368932038835, 'eval_runtime': 31.202, 'eval_samples_per_second': 26.409, 'eval_steps_per_second': 0.833, 'epoch': 9.0}

 30%|███       | 928/3090 [1:22:00<9:19:15, 15.52s/it]
 30%|███       | 929/3090 [1:22:05<7:24:49, 12.35s/it]
 30%|███       | 930/3090 [1:22:10<6:04:47, 10.13s/it]
 30%|███       | 931/3090 [1:22:15<5:08:41,  8.58s/it]
 30%|███       | 932/3090 [1:22:20<4:29:24,  7.49s/it]
 30%|███       | 933/3090 [1:22:25<4:01:52,  6.73s/it]
 30%|███       | 934/3090 [1:22:30<3:42:35,  6.19s/it]
 30%|███       | 935/3090 [1:22:35<3:29:04,  5.82s/it]
 30%|███       | 936/3090 [1:22:40<3:19:37,  5.56s/it]
 30%|███       | 937/3090 [1:22:45<3:13:00,  5.38s/it]
 30%|███       | 938/3090 [1:22:50<3:08:20,  5.25s/it]
 30%|███       | 939/3090 [1:22:54<3:05:01,  5.16s/it]
 30%|███       | 940/3090 [1:22:59<3:02:41,  5.10s/it]
 30%|███       | 941/3090 [1:23:04<3:01:01,  5.05s/it]
 30%|███       | 942/3090 [1:23:09<2:59:49,  5.02s/it]
 31%|███       | 943/3090 [1:23:14<2:58:58,  5.00s/it]
 31%|███       | 944/3090 [1:23:19<2:58:21,  4.99s/it]
 31%|███       | 945/3090 [1:23:24<2:57:55,  4.98s/it]
 31%|███       | 946/3090 [1:23:29<2:57:36,  4.97s/it]
 31%|███       | 947/3090 [1:23:34<2:57:19,  4.96s/it]
 31%|███       | 948/3090 [1:23:39<2:57:05,  4.96s/it]
 31%|███       | 949/3090 [1:23:44<2:56:53,  4.96s/it]
 31%|███       | 950/3090 [1:23:49<2:56:44,  4.96s/it]
 31%|███       | 951/3090 [1:23:54<2:56:36,  4.95s/it]
 31%|███       | 952/3090 [1:23:59<2:56:29,  4.95s/it]
 31%|███       | 953/3090 [1:24:04<2:56:22,  4.95s/it]
 31%|███       | 954/3090 [1:24:09<2:56:17,  4.95s/it]
 31%|███       | 955/3090 [1:24:14<2:56:12,  4.95s/it]
 31%|███       | 956/3090 [1:24:19<2:56:06,  4.95s/it]
 31%|███       | 957/3090 [1:24:24<2:55:59,  4.95s/it]
 31%|███       | 958/3090 [1:24:29<2:55:56,  4.95s/it]
 31%|███       | 959/3090 [1:24:34<2:55:50,  4.95s/it]
 31%|███       | 960/3090 [1:24:38<2:55:44,  4.95s/it]
 31%|███       | 961/3090 [1:24:43<2:55:40,  4.95s/it]
 31%|███       | 962/3090 [1:24:48<2:55:35,  4.95s/it]
 31%|███       | 963/3090 [1:24:53<2:55:31,  4.95s/it]
 31%|███       | 964/3090 [1:24:58<2:55:26,  4.95s/it]
 31%|███       | 965/3090 [1:25:03<2:55:23,  4.95s/it]
 31%|███▏      | 966/3090 [1:25:08<2:55:15,  4.95s/it]
 31%|███▏      | 967/3090 [1:25:13<2:55:10,  4.95s/it]
 31%|███▏      | 968/3090 [1:25:18<2:55:05,  4.95s/it]
 31%|███▏      | 969/3090 [1:25:23<2:55:01,  4.95s/it]
 31%|███▏      | 970/3090 [1:25:28<2:54:55,  4.95s/it]
 31%|███▏      | 971/3090 [1:25:33<2:54:51,  4.95s/it]
 31%|███▏      | 972/3090 [1:25:38<2:54:48,  4.95s/it]
 31%|███▏      | 973/3090 [1:25:43<2:54:43,  4.95s/it]
 32%|███▏      | 974/3090 [1:25:48<2:54:37,  4.95s/it]
 32%|███▏      | 975/3090 [1:25:53<2:54:32,  4.95s/it]
 32%|███▏      | 976/3090 [1:25:58<2:54:26,  4.95s/it]
 32%|███▏      | 977/3090 [1:26:03<2:54:21,  4.95s/it]
 32%|███▏      | 978/3090 [1:26:08<2:54:16,  4.95s/it]
 32%|███▏      | 979/3090 [1:26:13<2:54:11,  4.95s/it]
 32%|███▏      | 980/3090 [1:26:18<2:54:10,  4.95s/it]
 32%|███▏      | 981/3090 [1:26:22<2:54:04,  4.95s/it]
 32%|███▏      | 982/3090 [1:26:27<2:53:58,  4.95s/it]
 32%|███▏      | 983/3090 [1:26:32<2:53:53,  4.95s/it]
 32%|███▏      | 984/3090 [1:26:37<2:53:48,  4.95s/it]
 32%|███▏      | 985/3090 [1:26:42<2:53:43,  4.95s/it]
 32%|███▏      | 986/3090 [1:26:47<2:53:38,  4.95s/it]
 32%|███▏      | 987/3090 [1:26:52<2:53:33,  4.95s/it]
 32%|███▏      | 988/3090 [1:26:57<2:53:28,  4.95s/it]
 32%|███▏      | 989/3090 [1:27:02<2:53:22,  4.95s/it]
 32%|███▏      | 990/3090 [1:27:07<2:53:16,  4.95s/it]
 32%|███▏      | 991/3090 [1:27:12<2:53:13,  4.95s/it]
 32%|███▏      | 992/3090 [1:27:17<2:53:08,  4.95s/it]
 32%|███▏      | 993/3090 [1:27:22<2:53:04,  4.95s/it]
 32%|███▏      | 994/3090 [1:27:27<2:53:01,  4.95s/it]
 32%|███▏      | 995/3090 [1:27:32<2:52:55,  4.95s/it]
 32%|███▏      | 996/3090 [1:27:37<2:52:50,  4.95s/it]
 32%|███▏      | 997/3090 [1:27:42<2:52:45,  4.95s/it]
 32%|███▏      | 998/3090 [1:27:47<2:52:39,  4.95s/it]
 32%|███▏      | 999/3090 [1:27:52<2:52:33,  4.95s/it]
 32%|███▏      | 1000/3090 [1:27:57<2:52:27,  4.95s/it]
 32%|███▏      | 1001/3090 [1:28:01<2:52:22,  4.95s/it]
 32%|███▏      | 1002/3090 [1:28:06<2:52:17,  4.95s/it]
 32%|███▏      | 1003/3090 [1:28:11<2:52:13,  4.95s/it]
 32%|███▏      | 1004/3090 [1:28:16<2:52:08,  4.95s/it]
 33%|███▎      | 1005/3090 [1:28:21<2:52:03,  4.95s/it]
 33%|███▎      | 1006/3090 [1:28:26<2:51:58,  4.95s/it]
 33%|███▎      | 1007/3090 [1:28:31<2:51:54,  4.95s/it]
 33%|███▎      | 1008/3090 [1:28:36<2:51:49,  4.95s/it]
 33%|███▎      | 1009/3090 [1:28:41<2:51:44,  4.95s/it]
 33%|███▎      | 1010/3090 [1:28:46<2:51:38,  4.95s/it]
 33%|███▎      | 1011/3090 [1:28:51<2:51:33,  4.95s/it]
 33%|███▎      | 1012/3090 [1:28:56<2:51:27,  4.95s/it]
 33%|███▎      | 1013/3090 [1:29:01<2:51:23,  4.95s/it]
 33%|███▎      | 1014/3090 [1:29:06<2:51:18,  4.95s/it]
 33%|███▎      | 1015/3090 [1:29:11<2:51:14,  4.95s/it]
 33%|███▎      | 1016/3090 [1:29:16<2:51:09,  4.95s/it]
 33%|███▎      | 1017/3090 [1:29:21<2:51:05,  4.95s/it]
 33%|███▎      | 1018/3090 [1:29:26<2:51:00,  4.95s/it]
 33%|███▎      | 1019/3090 [1:29:31<2:50:54,  4.95s/it]
 33%|███▎      | 1020/3090 [1:29:36<2:50:49,  4.95s/it]
 33%|███▎      | 1021/3090 [1:29:41<2:50:44,  4.95s/it]
 33%|███▎      | 1022/3090 [1:29:45<2:50:39,  4.95s/it]
 33%|███▎      | 1023/3090 [1:29:50<2:50:34,  4.95s/it]
 33%|███▎      | 1024/3090 [1:29:55<2:50:30,  4.95s/it]
 33%|███▎      | 1025/3090 [1:30:00<2:50:26,  4.95s/it]
 33%|███▎      | 1026/3090 [1:30:05<2:50:20,  4.95s/it]
 33%|███▎      | 1027/3090 [1:30:10<2:50:12,  4.95s/it]
 33%|███▎      | 1028/3090 [1:30:15<2:50:08,  4.95s/it]
 33%|███▎      | 1029/3090 [1:30:20<2:50:03,  4.95s/it]
 33%|███▎      | 1030/3090 [1:30:25<2:47:52,  4.89s/it]
                                                       

 33%|███▎      | 1030/3090 [1:30:25<2:47:52,  4.89s/it]{'loss': 0.0324, 'grad_norm': 0.5009018182754517, 'learning_rate': 3.3333333333333335e-05, 'epoch': 10.0}


  0%|          | 0/26 [00:00<?, ?it/s][A

  8%|▊         | 2/26 [00:01<00:14,  1.68it/s][A

 12%|█▏        | 3/26 [00:02<00:19,  1.18it/s][A

 15%|█▌        | 4/26 [00:03<00:21,  1.03it/s][A

 19%|█▉        | 5/26 [00:04<00:22,  1.05s/it][A

 23%|██▎       | 6/26 [00:05<00:21,  1.10s/it][A

 27%|██▋       | 7/26 [00:07<00:21,  1.13s/it][A

 31%|███       | 8/26 [00:08<00:20,  1.15s/it][A

 35%|███▍      | 9/26 [00:09<00:19,  1.17s/it][A

 38%|███▊      | 10/26 [00:10<00:18,  1.17s/it][A

 42%|████▏     | 11/26 [00:11<00:17,  1.18s/it][A

 46%|████▌     | 12/26 [00:13<00:16,  1.18s/it][A

 50%|█████     | 13/26 [00:14<00:15,  1.19s/it][A

 54%|█████▍    | 14/26 [00:15<00:14,  1.19s/it][A

 58%|█████▊    | 15/26 [00:16<00:13,  1.19s/it][A

 62%|██████▏   | 16/26 [00:17<00:11,  1.19s/it][A

 65%|██████▌   | 17/26 [00:19<00:10,  1.19s/it][A

 69%|██████▉   | 18/26 [00:20<00:09,  1.19s/it][A

 73%|███████▎  | 19/26 [00:21<00:08,  1.19s/it][A

 77%|███████▋  | 20/26 [00:22<00:07,  1.19s/it][A

 81%|████████  | 21/26 [00:23<00:05,  1.19s/it][A

 85%|████████▍ | 22/26 [00:25<00:04,  1.19s/it][A

 88%|████████▊ | 23/26 [00:26<00:03,  1.19s/it][A

 92%|█████████▏| 24/26 [00:27<00:02,  1.19s/it][A

 96%|█████████▌| 25/26 [00:28<00:01,  1.19s/it][A

100%|██████████| 26/26 [00:29<00:00,  1.15s/it][A

                                               
[A
                                                       

100%|██████████| 26/26 [00:29<00:00,  1.15s/it][A
 33%|███▎      | 1030/3090 [1:30:56<2:47:52,  4.89s/it]

                                               [A{'eval_loss': 0.0784616768360138, 'eval_macro_recall': 0.9450746052440968, 'eval_macro_precision': 0.9524829420599923, 'eval_macro_f1': 0.9460341242070027, 'eval_accuracy': 0.9854368932038835, 'eval_micro_recall': 0.9854368932038835, 'eval_micro_precision': 0.9854368932038835, 'eval_micro_f1': 0.9854368932038835, 'eval_runtime': 31.2434, 'eval_samples_per_second': 26.374, 'eval_steps_per_second': 0.832, 'epoch': 10.0}

 33%|███▎      | 1031/3090 [1:31:05<8:53:59, 15.56s/it]
 33%|███▎      | 1032/3090 [1:31:10<7:04:32, 12.38s/it]
 33%|███▎      | 1033/3090 [1:31:15<5:47:59, 10.15s/it]
 33%|███▎      | 1034/3090 [1:31:20<4:54:22,  8.59s/it]
 33%|███▎      | 1035/3090 [1:31:25<4:16:52,  7.50s/it]
 34%|███▎      | 1036/3090 [1:31:30<3:50:34,  6.74s/it]
 34%|███▎      | 1037/3090 [1:31:35<3:32:09,  6.20s/it]
 34%|███▎      | 1038/3090 [1:31:40<3:19:13,  5.83s/it]
 34%|███▎      | 1039/3090 [1:31:45<3:10:09,  5.56s/it]
 34%|███▎      | 1040/3090 [1:31:50<3:03:48,  5.38s/it]
 34%|███▎      | 1041/3090 [1:31:55<2:59:20,  5.25s/it]
 34%|███▎      | 1042/3090 [1:32:00<2:56:10,  5.16s/it]
 34%|███▍      | 1043/3090 [1:32:05<2:53:55,  5.10s/it]
 34%|███▍      | 1044/3090 [1:32:10<2:52:21,  5.05s/it]
 34%|███▍      | 1045/3090 [1:32:15<2:51:12,  5.02s/it]
 34%|███▍      | 1046/3090 [1:32:20<2:50:22,  5.00s/it]
 34%|███▍      | 1047/3090 [1:32:29<3:33:38,  6.27s/it]
 34%|███▍      | 1048/3090 [1:32:34<3:20:39,  5.90s/it]
 34%|███▍      | 1049/3090 [1:32:39<3:10:55,  5.61s/it]
 34%|███▍      | 1050/3090 [1:32:44<3:04:03,  5.41s/it]
 34%|███▍      | 1051/3090 [1:32:49<2:59:14,  5.27s/it]
 34%|███▍      | 1052/3090 [1:32:54<2:55:49,  5.18s/it]
 34%|███▍      | 1053/3090 [1:32:59<2:53:25,  5.11s/it]
 34%|███▍      | 1054/3090 [1:33:04<2:51:46,  5.06s/it]
 34%|███▍      | 1055/3090 [1:33:09<2:50:32,  5.03s/it]
 34%|███▍      | 1056/3090 [1:33:13<2:49:41,  5.01s/it]
 34%|███▍      | 1057/3090 [1:33:18<2:49:02,  4.99s/it]
 34%|███▍      | 1058/3090 [1:33:23<2:48:35,  4.98s/it]
 34%|███▍      | 1059/3090 [1:33:28<2:48:13,  4.97s/it]
 34%|███▍      | 1060/3090 [1:33:33<2:47:56,  4.96s/it]
 34%|███▍      | 1061/3090 [1:33:38<2:47:43,  4.96s/it]
 34%|███▍      | 1062/3090 [1:33:43<2:47:32,  4.96s/it]
 34%|███▍      | 1063/3090 [1:33:48<2:47:22,  4.95s/it]
 34%|███▍      | 1064/3090 [1:33:53<2:47:15,  4.95s/it]
 34%|███▍      | 1065/3090 [1:33:58<2:47:10,  4.95s/it]
 34%|███▍      | 1066/3090 [1:34:03<2:47:03,  4.95s/it]
 35%|███▍      | 1067/3090 [1:34:08<2:46:58,  4.95s/it]
 35%|███▍      | 1068/3090 [1:34:13<2:46:52,  4.95s/it]
 35%|███▍      | 1069/3090 [1:34:18<2:46:46,  4.95s/it]
 35%|███▍      | 1070/3090 [1:34:23<2:46:40,  4.95s/it]
 35%|███▍      | 1071/3090 [1:34:28<2:46:36,  4.95s/it]
 35%|███▍      | 1072/3090 [1:34:33<2:46:31,  4.95s/it]
 35%|███▍      | 1073/3090 [1:34:38<2:46:26,  4.95s/it]
 35%|███▍      | 1074/3090 [1:34:43<2:46:20,  4.95s/it]
 35%|███▍      | 1075/3090 [1:34:48<2:46:18,  4.95s/it]
 35%|███▍      | 1076/3090 [1:34:52<2:46:11,  4.95s/it]
 35%|███▍      | 1077/3090 [1:34:57<2:46:05,  4.95s/it]
 35%|███▍      | 1078/3090 [1:35:02<2:45:59,  4.95s/it]
 35%|███▍      | 1079/3090 [1:35:07<2:45:56,  4.95s/it]
 35%|███▍      | 1080/3090 [1:35:12<2:45:51,  4.95s/it]
 35%|███▍      | 1081/3090 [1:35:17<2:45:46,  4.95s/it]
 35%|███▌      | 1082/3090 [1:35:22<2:45:42,  4.95s/it]
 35%|███▌      | 1083/3090 [1:35:27<2:45:36,  4.95s/it]
 35%|███▌      | 1084/3090 [1:35:32<2:45:31,  4.95s/it]
 35%|███▌      | 1085/3090 [1:35:37<2:45:27,  4.95s/it]
 35%|███▌      | 1086/3090 [1:35:42<2:45:22,  4.95s/it]
 35%|███▌      | 1087/3090 [1:35:47<2:45:17,  4.95s/it]
 35%|███▌      | 1088/3090 [1:35:52<2:45:12,  4.95s/it]
 35%|███▌      | 1089/3090 [1:35:57<2:45:07,  4.95s/it]
 35%|███▌      | 1090/3090 [1:36:02<2:45:02,  4.95s/it]
 35%|███▌      | 1091/3090 [1:36:07<2:44:58,  4.95s/it]
 35%|███▌      | 1092/3090 [1:36:12<2:44:53,  4.95s/it]
 35%|███▌      | 1093/3090 [1:36:17<2:45:28,  4.97s/it]
 35%|███▌      | 1094/3090 [1:36:22<2:45:12,  4.97s/it]
 35%|███▌      | 1095/3090 [1:36:27<2:44:58,  4.96s/it]
 35%|███▌      | 1096/3090 [1:36:32<2:44:49,  4.96s/it]
 36%|███▌      | 1097/3090 [1:36:37<2:44:39,  4.96s/it]
 36%|███▌      | 1098/3090 [1:36:41<2:44:30,  4.96s/it]
 36%|███▌      | 1099/3090 [1:36:46<2:44:23,  4.95s/it]
 36%|███▌      | 1100/3090 [1:36:51<2:44:15,  4.95s/it]
 36%|███▌      | 1101/3090 [1:36:56<2:44:08,  4.95s/it]
 36%|███▌      | 1102/3090 [1:37:01<2:44:01,  4.95s/it]
 36%|███▌      | 1103/3090 [1:37:06<2:43:56,  4.95s/it]
 36%|███▌      | 1104/3090 [1:37:11<2:43:51,  4.95s/it]
 36%|███▌      | 1105/3090 [1:37:16<2:43:46,  4.95s/it]
 36%|███▌      | 1106/3090 [1:37:21<2:43:44,  4.95s/it]
 36%|███▌      | 1107/3090 [1:37:26<2:43:39,  4.95s/it]
 36%|███▌      | 1108/3090 [1:37:31<2:43:33,  4.95s/it]
 36%|███▌      | 1109/3090 [1:37:36<2:43:28,  4.95s/it]
 36%|███▌      | 1110/3090 [1:37:41<2:43:24,  4.95s/it]
 36%|███▌      | 1111/3090 [1:37:46<2:43:19,  4.95s/it]
 36%|███▌      | 1112/3090 [1:37:51<2:43:15,  4.95s/it]
 36%|███▌      | 1113/3090 [1:37:56<2:43:09,  4.95s/it]
 36%|███▌      | 1114/3090 [1:38:01<2:43:05,  4.95s/it]
 36%|███▌      | 1115/3090 [1:38:06<2:42:59,  4.95s/it]
 36%|███▌      | 1116/3090 [1:38:11<2:42:55,  4.95s/it]
 36%|███▌      | 1117/3090 [1:38:16<2:42:50,  4.95s/it]
 36%|███▌      | 1118/3090 [1:38:21<2:42:44,  4.95s/it]
 36%|███▌      | 1119/3090 [1:38:25<2:42:40,  4.95s/it]
 36%|███▌      | 1120/3090 [1:38:30<2:42:35,  4.95s/it]
 36%|███▋      | 1121/3090 [1:38:35<2:42:28,  4.95s/it]
 36%|███▋      | 1122/3090 [1:38:40<2:42:24,  4.95s/it]
 36%|███▋      | 1123/3090 [1:38:45<2:42:17,  4.95s/it]
 36%|███▋      | 1124/3090 [1:38:50<2:42:12,  4.95s/it]
 36%|███▋      | 1125/3090 [1:38:55<2:42:08,  4.95s/it]
 36%|███▋      | 1126/3090 [1:39:00<2:42:03,  4.95s/it]
 36%|███▋      | 1127/3090 [1:39:05<2:41:57,  4.95s/it]
 37%|███▋      | 1128/3090 [1:39:10<2:41:52,  4.95s/it]
 37%|███▋      | 1129/3090 [1:39:15<2:42:53,  4.98s/it]
 37%|███▋      | 1130/3090 [1:39:20<2:42:28,  4.97s/it]
 37%|███▋      | 1131/3090 [1:39:25<2:42:09,  4.97s/it]
 37%|███▋      | 1132/3090 [1:39:30<2:41:56,  4.96s/it]
 37%|███▋      | 1133/3090 [1:39:35<2:39:43,  4.90s/it]
                                                       

 37%|███▋      | 1133/3090 [1:39:35<2:39:43,  4.90s/it]{'loss': 0.0318, 'grad_norm': 0.11886928975582123, 'learning_rate': 3.1666666666666666e-05, 'epoch': 11.0}


  0%|          | 0/26 [00:00<?, ?it/s][A

  8%|▊         | 2/26 [00:01<00:14,  1.67it/s][A

 12%|█▏        | 3/26 [00:02<00:19,  1.18it/s][A

 15%|█▌        | 4/26 [00:03<00:21,  1.02it/s][A

 19%|█▉        | 5/26 [00:04<00:22,  1.05s/it][A

 23%|██▎       | 6/26 [00:05<00:21,  1.10s/it][A

 27%|██▋       | 7/26 [00:07<00:21,  1.13s/it][A

 31%|███       | 8/26 [00:08<00:20,  1.15s/it][A

 35%|███▍      | 9/26 [00:09<00:19,  1.16s/it][A

 38%|███▊      | 10/26 [00:10<00:18,  1.17s/it][A

 42%|████▏     | 11/26 [00:11<00:17,  1.18s/it][A

 46%|████▌     | 12/26 [00:13<00:16,  1.18s/it][A

 50%|█████     | 13/26 [00:14<00:15,  1.19s/it][A

 54%|█████▍    | 14/26 [00:15<00:14,  1.19s/it][A

 58%|█████▊    | 15/26 [00:16<00:13,  1.19s/it][A

 62%|██████▏   | 16/26 [00:17<00:11,  1.19s/it][A

 65%|██████▌   | 17/26 [00:19<00:10,  1.19s/it][A

 69%|██████▉   | 18/26 [00:20<00:09,  1.19s/it][A

 73%|███████▎  | 19/26 [00:21<00:08,  1.19s/it][A

 77%|███████▋  | 20/26 [00:22<00:07,  1.19s/it][A

 81%|████████  | 21/26 [00:23<00:05,  1.19s/it][A

 85%|████████▍ | 22/26 [00:25<00:04,  1.19s/it][A

 88%|████████▊ | 23/26 [00:26<00:03,  1.19s/it][A

 92%|█████████▏| 24/26 [00:27<00:02,  1.19s/it][A

 96%|█████████▌| 25/26 [00:28<00:01,  1.19s/it][A

100%|██████████| 26/26 [00:29<00:00,  1.14s/it][A

                                               
[A
                                                       

100%|██████████| 26/26 [00:29<00:00,  1.14s/it][A
 37%|███▋      | 1133/3090 [1:40:07<2:39:43,  4.90s/it]

                                               [A{'eval_loss': 0.08001487702131271, 'eval_macro_recall': 0.9475210053599884, 'eval_macro_precision': 0.9518298058177754, 'eval_macro_f1': 0.9469598286086143, 'eval_accuracy': 0.9842233009708737, 'eval_micro_recall': 0.9842233009708737, 'eval_micro_precision': 0.9842233009708737, 'eval_micro_f1': 0.9842233009708737, 'eval_runtime': 31.5344, 'eval_samples_per_second': 26.13, 'eval_steps_per_second': 0.824, 'epoch': 11.0}

 37%|███▋      | 1134/3090 [1:40:16<8:32:03, 15.71s/it]
 37%|███▋      | 1135/3090 [1:40:21<6:46:42, 12.48s/it]
 37%|███▋      | 1136/3090 [1:40:26<5:32:55, 10.22s/it]
 37%|███▋      | 1137/3090 [1:40:30<4:41:17,  8.64s/it]
 37%|███▋      | 1138/3090 [1:40:35<4:05:07,  7.53s/it]
 37%|███▋      | 1139/3090 [1:40:40<3:39:47,  6.76s/it]
 37%|███▋      | 1140/3090 [1:40:45<3:22:02,  6.22s/it]
 37%|███▋      | 1141/3090 [1:40:50<3:09:36,  5.84s/it]
 37%|███▋      | 1142/3090 [1:40:55<3:00:53,  5.57s/it]
 37%|███▋      | 1143/3090 [1:41:00<2:54:48,  5.39s/it]
 37%|███▋      | 1144/3090 [1:41:05<2:50:28,  5.26s/it]
 37%|███▋      | 1145/3090 [1:41:10<2:47:26,  5.17s/it]
 37%|███▋      | 1146/3090 [1:41:15<2:45:16,  5.10s/it]
 37%|███▋      | 1147/3090 [1:41:20<2:43:44,  5.06s/it]
 37%|███▋      | 1148/3090 [1:41:25<2:42:40,  5.03s/it]
 37%|███▋      | 1149/3090 [1:41:30<2:41:52,  5.00s/it]
 37%|███▋      | 1150/3090 [1:41:35<2:41:19,  4.99s/it]
 37%|███▋      | 1151/3090 [1:41:40<2:40:53,  4.98s/it]
 37%|███▋      | 1152/3090 [1:41:45<2:40:32,  4.97s/it]
 37%|███▋      | 1153/3090 [1:41:50<2:40:15,  4.96s/it]
 37%|███▋      | 1154/3090 [1:41:55<2:40:03,  4.96s/it]
 37%|███▋      | 1155/3090 [1:42:00<2:39:51,  4.96s/it]
 37%|███▋      | 1156/3090 [1:42:05<2:39:43,  4.96s/it]
 37%|███▋      | 1157/3090 [1:42:10<2:39:36,  4.95s/it]
 37%|███▋      | 1158/3090 [1:42:14<2:39:28,  4.95s/it]
 38%|███▊      | 1159/3090 [1:42:19<2:39:23,  4.95s/it]
 38%|███▊      | 1160/3090 [1:42:24<2:39:19,  4.95s/it]
 38%|███▊      | 1161/3090 [1:42:29<2:39:13,  4.95s/it]
 38%|███▊      | 1162/3090 [1:42:34<2:39:06,  4.95s/it]
 38%|███▊      | 1163/3090 [1:42:39<2:39:01,  4.95s/it]
 38%|███▊      | 1164/3090 [1:42:44<2:38:56,  4.95s/it]
 38%|███▊      | 1165/3090 [1:42:49<2:38:51,  4.95s/it]
 38%|███▊      | 1166/3090 [1:42:54<2:38:46,  4.95s/it]
 38%|███▊      | 1167/3090 [1:42:59<2:38:40,  4.95s/it]
 38%|███▊      | 1168/3090 [1:43:04<2:38:36,  4.95s/it]
 38%|███▊      | 1169/3090 [1:43:09<2:38:32,  4.95s/it]
 38%|███▊      | 1170/3090 [1:43:14<2:38:26,  4.95s/it]
 38%|███▊      | 1171/3090 [1:43:19<2:38:20,  4.95s/it]
 38%|███▊      | 1172/3090 [1:43:24<2:38:16,  4.95s/it]
 38%|███▊      | 1173/3090 [1:43:29<2:38:12,  4.95s/it]
 38%|███▊      | 1174/3090 [1:43:34<2:38:07,  4.95s/it]
 38%|███▊      | 1175/3090 [1:43:39<2:38:04,  4.95s/it]
 38%|███▊      | 1176/3090 [1:43:44<2:37:59,  4.95s/it]
 38%|███▊      | 1177/3090 [1:43:49<2:37:54,  4.95s/it]
 38%|███▊      | 1178/3090 [1:43:53<2:37:48,  4.95s/it]
 38%|███▊      | 1179/3090 [1:43:58<2:37:43,  4.95s/it]
 38%|███▊      | 1180/3090 [1:44:03<2:37:37,  4.95s/it]
 38%|███▊      | 1181/3090 [1:44:08<2:37:32,  4.95s/it]
 38%|███▊      | 1182/3090 [1:44:13<2:37:26,  4.95s/it]
 38%|███▊      | 1183/3090 [1:44:18<2:37:20,  4.95s/it]
 38%|███▊      | 1184/3090 [1:44:23<2:37:15,  4.95s/it]
 38%|███▊      | 1185/3090 [1:44:28<2:38:10,  4.98s/it]
 38%|███▊      | 1186/3090 [1:44:33<2:37:50,  4.97s/it]
 38%|███▊      | 1187/3090 [1:44:38<2:37:33,  4.97s/it]
 38%|███▊      | 1188/3090 [1:44:43<2:37:19,  4.96s/it]
 38%|███▊      | 1189/3090 [1:44:48<2:37:07,  4.96s/it]
 39%|███▊      | 1190/3090 [1:44:53<2:36:55,  4.96s/it]
 39%|███▊      | 1191/3090 [1:44:58<2:36:48,  4.95s/it]
 39%|███▊      | 1192/3090 [1:45:03<2:36:41,  4.95s/it]
 39%|███▊      | 1193/3090 [1:45:08<2:36:35,  4.95s/it]
 39%|███▊      | 1194/3090 [1:45:13<2:36:29,  4.95s/it]
 39%|███▊      | 1195/3090 [1:45:18<2:36:25,  4.95s/it]
 39%|███▊      | 1196/3090 [1:45:23<2:36:20,  4.95s/it]
 39%|███▊      | 1197/3090 [1:45:28<2:36:15,  4.95s/it]
 39%|███▉      | 1198/3090 [1:45:33<2:36:09,  4.95s/it]
 39%|███▉      | 1199/3090 [1:45:38<2:36:03,  4.95s/it]
 39%|███▉      | 1200/3090 [1:45:43<2:35:59,  4.95s/it]
 39%|███▉      | 1201/3090 [1:45:47<2:35:53,  4.95s/it]
 39%|███▉      | 1202/3090 [1:45:52<2:35:48,  4.95s/it]
 39%|███▉      | 1203/3090 [1:45:57<2:35:43,  4.95s/it]
 39%|███▉      | 1204/3090 [1:46:02<2:35:37,  4.95s/it]
 39%|███▉      | 1205/3090 [1:46:07<2:35:32,  4.95s/it]
 39%|███▉      | 1206/3090 [1:46:12<2:35:27,  4.95s/it]
 39%|███▉      | 1207/3090 [1:46:17<2:35:23,  4.95s/it]
 39%|███▉      | 1208/3090 [1:46:22<2:35:18,  4.95s/it]
 39%|███▉      | 1209/3090 [1:46:27<2:35:14,  4.95s/it]
 39%|███▉      | 1210/3090 [1:46:32<2:35:12,  4.95s/it]
 39%|███▉      | 1211/3090 [1:46:37<2:35:05,  4.95s/it]
 39%|███▉      | 1212/3090 [1:46:42<2:35:00,  4.95s/it]
 39%|███▉      | 1213/3090 [1:46:47<2:34:55,  4.95s/it]
 39%|███▉      | 1214/3090 [1:46:52<2:34:49,  4.95s/it]
 39%|███▉      | 1215/3090 [1:46:57<2:34:43,  4.95s/it]
 39%|███▉      | 1216/3090 [1:47:02<2:34:39,  4.95s/it]
 39%|███▉      | 1217/3090 [1:47:07<2:34:34,  4.95s/it]
 39%|███▉      | 1218/3090 [1:47:12<2:34:30,  4.95s/it]
 39%|███▉      | 1219/3090 [1:47:17<2:34:24,  4.95s/it]
 39%|███▉      | 1220/3090 [1:47:22<2:34:19,  4.95s/it]
 40%|███▉      | 1221/3090 [1:47:27<2:34:16,  4.95s/it]
 40%|███▉      | 1222/3090 [1:47:31<2:34:11,  4.95s/it]
 40%|███▉      | 1223/3090 [1:47:36<2:34:05,  4.95s/it]
 40%|███▉      | 1224/3090 [1:47:41<2:34:01,  4.95s/it]
 40%|███▉      | 1225/3090 [1:47:46<2:33:55,  4.95s/it]
 40%|███▉      | 1226/3090 [1:47:51<2:33:49,  4.95s/it]
 40%|███▉      | 1227/3090 [1:47:56<2:33:43,  4.95s/it]
 40%|███▉      | 1228/3090 [1:48:01<2:33:37,  4.95s/it]
 40%|███▉      | 1229/3090 [1:48:06<2:33:32,  4.95s/it]
 40%|███▉      | 1230/3090 [1:48:11<2:33:26,  4.95s/it]
 40%|███▉      | 1231/3090 [1:48:16<2:33:23,  4.95s/it]
 40%|███▉      | 1232/3090 [1:48:21<2:33:18,  4.95s/it]
 40%|███▉      | 1233/3090 [1:48:26<2:33:12,  4.95s/it]
 40%|███▉      | 1234/3090 [1:48:31<2:33:07,  4.95s/it]
 40%|███▉      | 1235/3090 [1:48:36<2:33:03,  4.95s/it]
 40%|████      | 1236/3090 [1:48:41<2:30:57,  4.89s/it]
                                                       

 40%|████      | 1236/3090 [1:48:41<2:30:57,  4.89s/it]{'loss': 0.0257, 'grad_norm': 0.8587069511413574, 'learning_rate': 3e-05, 'epoch': 12.0}


  0%|          | 0/26 [00:00<?, ?it/s][A

  8%|▊         | 2/26 [00:01<00:14,  1.68it/s][A

 12%|█▏        | 3/26 [00:02<00:19,  1.18it/s][A

 15%|█▌        | 4/26 [00:03<00:21,  1.03it/s][A

 19%|█▉        | 5/26 [00:04<00:22,  1.05s/it][A

 23%|██▎       | 6/26 [00:05<00:21,  1.10s/it][A

 27%|██▋       | 7/26 [00:07<00:21,  1.13s/it][A

 31%|███       | 8/26 [00:08<00:20,  1.15s/it][A

 35%|███▍      | 9/26 [00:09<00:19,  1.16s/it][A

 38%|███▊      | 10/26 [00:10<00:18,  1.17s/it][A

 42%|████▏     | 11/26 [00:11<00:17,  1.18s/it][A

 46%|████▌     | 12/26 [00:13<00:16,  1.18s/it][A

 50%|█████     | 13/26 [00:14<00:15,  1.19s/it][A

 54%|█████▍    | 14/26 [00:15<00:14,  1.19s/it][A

 58%|█████▊    | 15/26 [00:16<00:13,  1.19s/it][A

 62%|██████▏   | 16/26 [00:17<00:11,  1.19s/it][A

 65%|██████▌   | 17/26 [00:19<00:10,  1.19s/it][A

 69%|██████▉   | 18/26 [00:20<00:09,  1.19s/it][A

 73%|███████▎  | 19/26 [00:21<00:08,  1.19s/it][A

 77%|███████▋  | 20/26 [00:22<00:07,  1.19s/it][A

 81%|████████  | 21/26 [00:23<00:05,  1.19s/it][A

 85%|████████▍ | 22/26 [00:25<00:04,  1.19s/it][A

 88%|████████▊ | 23/26 [00:26<00:03,  1.19s/it][A

 92%|█████████▏| 24/26 [00:27<00:02,  1.19s/it][A

 96%|█████████▌| 25/26 [00:28<00:01,  1.19s/it][A

100%|██████████| 26/26 [00:29<00:00,  1.14s/it][A

                                               
[A
                                                       

100%|██████████| 26/26 [00:29<00:00,  1.14s/it][A
 40%|████      | 1236/3090 [1:49:12<2:30:57,  4.89s/it]

                                               [A{'eval_loss': 0.07461517304182053, 'eval_macro_recall': 0.947421410980733, 'eval_macro_precision': 0.9506188100234463, 'eval_macro_f1': 0.9461834800243745, 'eval_accuracy': 0.9854368932038835, 'eval_micro_recall': 0.9854368932038835, 'eval_micro_precision': 0.9854368932038835, 'eval_micro_f1': 0.9854368932038835, 'eval_runtime': 31.1662, 'eval_samples_per_second': 26.439, 'eval_steps_per_second': 0.834, 'epoch': 12.0}

 40%|████      | 1237/3090 [1:49:21<7:56:17, 15.42s/it]
 40%|████      | 1238/3090 [1:49:26<6:19:02, 12.28s/it]
 40%|████      | 1239/3090 [1:49:30<5:11:02, 10.08s/it]
 40%|████      | 1240/3090 [1:49:35<4:23:25,  8.54s/it]
 40%|████      | 1241/3090 [1:49:40<3:50:04,  7.47s/it]
 40%|████      | 1242/3090 [1:49:45<3:26:42,  6.71s/it]
 40%|████      | 1243/3090 [1:49:50<3:10:20,  6.18s/it]
 40%|████      | 1244/3090 [1:49:55<2:58:51,  5.81s/it]
 40%|████      | 1245/3090 [1:50:00<2:50:49,  5.56s/it]
 40%|████      | 1246/3090 [1:50:05<2:45:09,  5.37s/it]
 40%|████      | 1247/3090 [1:50:10<2:41:10,  5.25s/it]
 40%|████      | 1248/3090 [1:50:15<2:38:22,  5.16s/it]
 40%|████      | 1249/3090 [1:50:20<2:36:23,  5.10s/it]
 40%|████      | 1250/3090 [1:50:25<2:34:57,  5.05s/it]
 40%|████      | 1251/3090 [1:50:30<2:33:57,  5.02s/it]
 41%|████      | 1252/3090 [1:50:35<2:33:11,  5.00s/it]
 41%|████      | 1253/3090 [1:50:40<2:32:40,  4.99s/it]
 41%|████      | 1254/3090 [1:50:45<2:32:16,  4.98s/it]
 41%|████      | 1255/3090 [1:50:50<2:31:59,  4.97s/it]
 41%|████      | 1256/3090 [1:50:55<2:31:44,  4.96s/it]
 41%|████      | 1257/3090 [1:51:00<2:31:32,  4.96s/it]
 41%|████      | 1258/3090 [1:51:05<2:31:22,  4.96s/it]
 41%|████      | 1259/3090 [1:51:09<2:31:13,  4.96s/it]
 41%|████      | 1260/3090 [1:51:14<2:31:06,  4.95s/it]
 41%|████      | 1261/3090 [1:51:19<2:31:00,  4.95s/it]
 41%|████      | 1262/3090 [1:51:24<2:30:54,  4.95s/it]
 41%|████      | 1263/3090 [1:51:29<2:30:48,  4.95s/it]
 41%|████      | 1264/3090 [1:51:34<2:30:44,  4.95s/it]
 41%|████      | 1265/3090 [1:51:39<2:30:39,  4.95s/it]
 41%|████      | 1266/3090 [1:51:44<2:30:33,  4.95s/it]
 41%|████      | 1267/3090 [1:51:49<2:30:28,  4.95s/it]
 41%|████      | 1268/3090 [1:51:54<2:30:23,  4.95s/it]
 41%|████      | 1269/3090 [1:51:59<2:30:19,  4.95s/it]
 41%|████      | 1270/3090 [1:52:04<2:30:13,  4.95s/it]
 41%|████      | 1271/3090 [1:52:09<2:30:08,  4.95s/it]
 41%|████      | 1272/3090 [1:52:14<2:30:02,  4.95s/it]
 41%|████      | 1273/3090 [1:52:19<2:29:58,  4.95s/it]
 41%|████      | 1274/3090 [1:52:24<2:29:54,  4.95s/it]
 41%|████▏     | 1275/3090 [1:52:29<2:29:49,  4.95s/it]
 41%|████▏     | 1276/3090 [1:52:34<2:29:43,  4.95s/it]
 41%|████▏     | 1277/3090 [1:52:39<2:29:38,  4.95s/it]
 41%|████▏     | 1278/3090 [1:52:44<2:29:33,  4.95s/it]
 41%|████▏     | 1279/3090 [1:52:49<2:29:28,  4.95s/it]
 41%|████▏     | 1280/3090 [1:52:53<2:29:23,  4.95s/it]
 41%|████▏     | 1281/3090 [1:52:58<2:29:20,  4.95s/it]
 41%|████▏     | 1282/3090 [1:53:03<2:29:14,  4.95s/it]
 42%|████▏     | 1283/3090 [1:53:08<2:29:09,  4.95s/it]
 42%|████▏     | 1284/3090 [1:53:13<2:29:04,  4.95s/it]
 42%|████▏     | 1285/3090 [1:53:18<2:28:59,  4.95s/it]
 42%|████▏     | 1286/3090 [1:53:23<2:28:54,  4.95s/it]
 42%|████▏     | 1287/3090 [1:53:28<2:28:48,  4.95s/it]
 42%|████▏     | 1288/3090 [1:53:33<2:28:43,  4.95s/it]
 42%|████▏     | 1289/3090 [1:53:38<2:28:37,  4.95s/it]
 42%|████▏     | 1290/3090 [1:53:43<2:28:33,  4.95s/it]
 42%|████▏     | 1291/3090 [1:53:48<2:28:28,  4.95s/it]
 42%|████▏     | 1292/3090 [1:53:53<2:28:22,  4.95s/it]
 42%|████▏     | 1293/3090 [1:53:58<2:28:18,  4.95s/it]
 42%|████▏     | 1294/3090 [1:54:03<2:28:13,  4.95s/it]
 42%|████▏     | 1295/3090 [1:54:08<2:28:08,  4.95s/it]
 42%|████▏     | 1296/3090 [1:54:13<2:28:03,  4.95s/it]
 42%|████▏     | 1297/3090 [1:54:18<2:27:58,  4.95s/it]
 42%|████▏     | 1298/3090 [1:54:23<2:27:53,  4.95s/it]
 42%|████▏     | 1299/3090 [1:54:28<2:27:48,  4.95s/it]
 42%|████▏     | 1300/3090 [1:54:33<2:27:45,  4.95s/it]
 42%|████▏     | 1301/3090 [1:54:37<2:27:39,  4.95s/it]
 42%|████▏     | 1302/3090 [1:54:42<2:27:34,  4.95s/it]
 42%|████▏     | 1303/3090 [1:54:47<2:27:28,  4.95s/it]
 42%|████▏     | 1304/3090 [1:54:52<2:27:22,  4.95s/it]
 42%|████▏     | 1305/3090 [1:54:57<2:27:18,  4.95s/it]
 42%|████▏     | 1306/3090 [1:55:02<2:27:12,  4.95s/it]
 42%|████▏     | 1307/3090 [1:55:07<2:27:08,  4.95s/it]
 42%|████▏     | 1308/3090 [1:55:12<2:27:02,  4.95s/it]
 42%|████▏     | 1309/3090 [1:55:17<2:26:58,  4.95s/it]
 42%|████▏     | 1310/3090 [1:55:22<2:26:53,  4.95s/it]
 42%|████▏     | 1311/3090 [1:55:27<2:26:48,  4.95s/it]
 42%|████▏     | 1312/3090 [1:55:32<2:26:43,  4.95s/it]
 42%|████▏     | 1313/3090 [1:55:37<2:26:39,  4.95s/it]
 43%|████▎     | 1314/3090 [1:55:42<2:26:33,  4.95s/it]
 43%|████▎     | 1315/3090 [1:55:47<2:26:29,  4.95s/it]
 43%|████▎     | 1316/3090 [1:55:52<2:26:23,  4.95s/it]
 43%|████▎     | 1317/3090 [1:55:57<2:26:18,  4.95s/it]
 43%|████▎     | 1318/3090 [1:56:02<2:26:13,  4.95s/it]
 43%|████▎     | 1319/3090 [1:56:07<2:26:08,  4.95s/it]
 43%|████▎     | 1320/3090 [1:56:12<2:26:03,  4.95s/it]
 43%|████▎     | 1321/3090 [1:56:17<2:25:58,  4.95s/it]
 43%|████▎     | 1322/3090 [1:56:21<2:25:52,  4.95s/it]
 43%|████▎     | 1323/3090 [1:56:26<2:25:48,  4.95s/it]
 43%|████▎     | 1324/3090 [1:56:31<2:25:43,  4.95s/it]
 43%|████▎     | 1325/3090 [1:56:36<2:25:38,  4.95s/it]
 43%|████▎     | 1326/3090 [1:56:41<2:25:33,  4.95s/it]
 43%|████▎     | 1327/3090 [1:56:46<2:25:29,  4.95s/it]
 43%|████▎     | 1328/3090 [1:56:51<2:25:24,  4.95s/it]
 43%|████▎     | 1329/3090 [1:56:56<2:25:19,  4.95s/it]
 43%|████▎     | 1330/3090 [1:57:01<2:25:14,  4.95s/it]
 43%|████▎     | 1331/3090 [1:57:06<2:25:09,  4.95s/it]
 43%|████▎     | 1332/3090 [1:57:11<2:25:04,  4.95s/it]
 43%|████▎     | 1333/3090 [1:57:16<2:25:00,  4.95s/it]
 43%|████▎     | 1334/3090 [1:57:21<2:24:55,  4.95s/it]
 43%|████▎     | 1335/3090 [1:57:26<2:24:50,  4.95s/it]
 43%|████▎     | 1336/3090 [1:57:31<2:24:45,  4.95s/it]
 43%|████▎     | 1337/3090 [1:57:36<2:24:40,  4.95s/it]
 43%|████▎     | 1338/3090 [1:57:41<2:24:34,  4.95s/it]
 43%|████▎     | 1339/3090 [1:57:45<2:22:42,  4.89s/it]
                                                       

 43%|████▎     | 1339/3090 [1:57:45<2:22:42,  4.89s/it]{'loss': 0.0236, 'grad_norm': 0.031649503856897354, 'learning_rate': 2.8333333333333335e-05, 'epoch': 13.0}


  0%|          | 0/26 [00:00<?, ?it/s][A

  8%|▊         | 2/26 [00:01<00:14,  1.68it/s][A

 12%|█▏        | 3/26 [00:02<00:19,  1.18it/s][A

 15%|█▌        | 4/26 [00:03<00:21,  1.03it/s][A

 19%|█▉        | 5/26 [00:04<00:22,  1.05s/it][A

 23%|██▎       | 6/26 [00:05<00:21,  1.10s/it][A

 27%|██▋       | 7/26 [00:07<00:21,  1.13s/it][A

 31%|███       | 8/26 [00:08<00:20,  1.15s/it][A

 35%|███▍      | 9/26 [00:09<00:19,  1.17s/it][A

 38%|███▊      | 10/26 [00:10<00:18,  1.17s/it][A

 42%|████▏     | 11/26 [00:11<00:17,  1.18s/it][A

 46%|████▌     | 12/26 [00:13<00:16,  1.18s/it][A

 50%|█████     | 13/26 [00:14<00:15,  1.19s/it][A

 54%|█████▍    | 14/26 [00:15<00:14,  1.19s/it][A

 58%|█████▊    | 15/26 [00:16<00:13,  1.19s/it][A

 62%|██████▏   | 16/26 [00:17<00:11,  1.19s/it][A

 65%|██████▌   | 17/26 [00:19<00:10,  1.19s/it][A

 69%|██████▉   | 18/26 [00:20<00:09,  1.19s/it][A

 73%|███████▎  | 19/26 [00:21<00:08,  1.19s/it][A

 77%|███████▋  | 20/26 [00:22<00:07,  1.19s/it][A

 81%|████████  | 21/26 [00:23<00:05,  1.19s/it][A

 85%|████████▍ | 22/26 [00:25<00:04,  1.19s/it][A

 88%|████████▊ | 23/26 [00:26<00:03,  1.19s/it][A

 92%|█████████▏| 24/26 [00:27<00:02,  1.19s/it][A

 96%|█████████▌| 25/26 [00:28<00:01,  1.19s/it][A

100%|██████████| 26/26 [00:29<00:00,  1.14s/it][A

                                               
[A
                                                       

100%|██████████| 26/26 [00:29<00:00,  1.14s/it][A
 43%|████▎     | 1339/3090 [1:58:17<2:22:42,  4.89s/it]

                                               [A{'eval_loss': 0.0676654502749443, 'eval_macro_recall': 0.9481728958423875, 'eval_macro_precision': 0.9527579443313647, 'eval_macro_f1': 0.9478540350392434, 'eval_accuracy': 0.9878640776699029, 'eval_micro_recall': 0.9878640776699029, 'eval_micro_precision': 0.9878640776699029, 'eval_micro_f1': 0.9878640776699029, 'eval_runtime': 31.2073, 'eval_samples_per_second': 26.404, 'eval_steps_per_second': 0.833, 'epoch': 13.0}

 43%|████▎     | 1340/3090 [1:58:25<7:30:02, 15.43s/it]
 43%|████▎     | 1341/3090 [1:58:30<5:58:10, 12.29s/it]
 43%|████▎     | 1342/3090 [1:58:35<4:53:52, 10.09s/it]
 43%|████▎     | 1343/3090 [1:58:40<4:08:50,  8.55s/it]
 43%|████▎     | 1344/3090 [1:58:45<3:37:19,  7.47s/it]
 44%|████▎     | 1345/3090 [1:58:50<3:15:15,  6.71s/it]
 44%|████▎     | 1346/3090 [1:58:55<2:59:47,  6.19s/it]
 44%|████▎     | 1347/3090 [1:59:00<2:48:56,  5.82s/it]
 44%|████▎     | 1348/3090 [1:59:05<2:41:18,  5.56s/it]
 44%|████▎     | 1349/3090 [1:59:10<2:35:55,  5.37s/it]
 44%|████▎     | 1350/3090 [1:59:15<2:32:09,  5.25s/it]
 44%|████▎     | 1351/3090 [1:59:20<2:29:30,  5.16s/it]
 44%|████▍     | 1352/3090 [1:59:25<2:27:38,  5.10s/it]
 44%|████▍     | 1353/3090 [1:59:30<2:26:16,  5.05s/it]
 44%|████▍     | 1354/3090 [1:59:35<2:25:19,  5.02s/it]
 44%|████▍     | 1355/3090 [1:59:40<2:24:37,  5.00s/it]
 44%|████▍     | 1356/3090 [1:59:45<2:24:07,  4.99s/it]
 44%|████▍     | 1357/3090 [1:59:50<2:23:43,  4.98s/it]
 44%|████▍     | 1358/3090 [1:59:55<2:23:26,  4.97s/it]
 44%|████▍     | 1359/3090 [2:00:00<2:23:12,  4.96s/it]
 44%|████▍     | 1360/3090 [2:00:05<2:23:00,  4.96s/it]
 44%|████▍     | 1361/3090 [2:00:09<2:22:50,  4.96s/it]
 44%|████▍     | 1362/3090 [2:00:14<2:22:45,  4.96s/it]
 44%|████▍     | 1363/3090 [2:00:19<2:22:38,  4.96s/it]
 44%|████▍     | 1364/3090 [2:00:24<2:22:31,  4.95s/it]
 44%|████▍     | 1365/3090 [2:00:29<2:22:24,  4.95s/it]
 44%|████▍     | 1366/3090 [2:00:34<2:22:17,  4.95s/it]
 44%|████▍     | 1367/3090 [2:00:39<2:22:12,  4.95s/it]
 44%|████▍     | 1368/3090 [2:00:44<2:22:06,  4.95s/it]
 44%|████▍     | 1369/3090 [2:00:49<2:22:03,  4.95s/it]
 44%|████▍     | 1370/3090 [2:00:54<2:21:58,  4.95s/it]
 44%|████▍     | 1371/3090 [2:00:59<2:21:53,  4.95s/it]
 44%|████▍     | 1372/3090 [2:01:04<2:21:47,  4.95s/it]
 44%|████▍     | 1373/3090 [2:01:09<2:21:42,  4.95s/it]
 44%|████▍     | 1374/3090 [2:01:14<2:21:37,  4.95s/it]
 44%|████▍     | 1375/3090 [2:01:19<2:21:32,  4.95s/it]
 45%|████▍     | 1376/3090 [2:01:24<2:21:27,  4.95s/it]
 45%|████▍     | 1377/3090 [2:01:29<2:21:22,  4.95s/it]
 45%|████▍     | 1378/3090 [2:01:34<2:21:17,  4.95s/it]
 45%|████▍     | 1379/3090 [2:01:39<2:21:12,  4.95s/it]
 45%|████▍     | 1380/3090 [2:01:44<2:21:07,  4.95s/it]
 45%|████▍     | 1381/3090 [2:01:48<2:21:02,  4.95s/it]
 45%|████▍     | 1382/3090 [2:01:53<2:20:57,  4.95s/it]
 45%|████▍     | 1383/3090 [2:01:58<2:20:53,  4.95s/it]
 45%|████▍     | 1384/3090 [2:02:03<2:20:47,  4.95s/it]
 45%|████▍     | 1385/3090 [2:02:08<2:20:42,  4.95s/it]
 45%|████▍     | 1386/3090 [2:02:13<2:20:37,  4.95s/it]
 45%|████▍     | 1387/3090 [2:02:18<2:20:32,  4.95s/it]
 45%|████▍     | 1388/3090 [2:02:23<2:20:28,  4.95s/it]
 45%|████▍     | 1389/3090 [2:02:28<2:20:22,  4.95s/it]
 45%|████▍     | 1390/3090 [2:02:33<2:20:18,  4.95s/it]
 45%|████▌     | 1391/3090 [2:02:38<2:20:13,  4.95s/it]
 45%|████▌     | 1392/3090 [2:02:43<2:20:08,  4.95s/it]
 45%|████▌     | 1393/3090 [2:02:48<2:20:04,  4.95s/it]
 45%|████▌     | 1394/3090 [2:02:53<2:19:58,  4.95s/it]
 45%|████▌     | 1395/3090 [2:02:58<2:19:51,  4.95s/it]
 45%|████▌     | 1396/3090 [2:03:03<2:19:46,  4.95s/it]
 45%|████▌     | 1397/3090 [2:03:08<2:19:42,  4.95s/it]
 45%|████▌     | 1398/3090 [2:03:13<2:19:37,  4.95s/it]
 45%|████▌     | 1399/3090 [2:03:18<2:19:32,  4.95s/it]
 45%|████▌     | 1400/3090 [2:03:23<2:19:28,  4.95s/it]
 45%|████▌     | 1401/3090 [2:03:28<2:19:24,  4.95s/it]
 45%|████▌     | 1402/3090 [2:03:32<2:19:18,  4.95s/it]
 45%|████▌     | 1403/3090 [2:03:37<2:19:14,  4.95s/it]
 45%|████▌     | 1404/3090 [2:03:42<2:19:09,  4.95s/it]
 45%|████▌     | 1405/3090 [2:03:47<2:19:04,  4.95s/it]
 46%|████▌     | 1406/3090 [2:03:52<2:19:00,  4.95s/it]
 46%|████▌     | 1407/3090 [2:03:57<2:18:54,  4.95s/it]
 46%|████▌     | 1408/3090 [2:04:02<2:18:49,  4.95s/it]
 46%|████▌     | 1409/3090 [2:04:07<2:18:44,  4.95s/it]
 46%|████▌     | 1410/3090 [2:04:12<2:18:39,  4.95s/it]
 46%|████▌     | 1411/3090 [2:04:17<2:18:34,  4.95s/it]
 46%|████▌     | 1412/3090 [2:04:22<2:18:30,  4.95s/it]
 46%|████▌     | 1413/3090 [2:04:27<2:18:25,  4.95s/it]
 46%|████▌     | 1414/3090 [2:04:32<2:18:19,  4.95s/it]
 46%|████▌     | 1415/3090 [2:04:37<2:18:15,  4.95s/it]
 46%|████▌     | 1416/3090 [2:04:42<2:18:10,  4.95s/it]
 46%|████▌     | 1417/3090 [2:04:47<2:18:04,  4.95s/it]
 46%|████▌     | 1418/3090 [2:04:52<2:18:00,  4.95s/it]
 46%|████▌     | 1419/3090 [2:04:57<2:17:54,  4.95s/it]
 46%|████▌     | 1420/3090 [2:05:02<2:17:49,  4.95s/it]
 46%|████▌     | 1421/3090 [2:05:07<2:17:43,  4.95s/it]
 46%|████▌     | 1422/3090 [2:05:12<2:17:38,  4.95s/it]
 46%|████▌     | 1423/3090 [2:05:16<2:17:34,  4.95s/it]
 46%|████▌     | 1424/3090 [2:05:21<2:17:29,  4.95s/it]
 46%|████▌     | 1425/3090 [2:05:26<2:17:23,  4.95s/it]
 46%|████▌     | 1426/3090 [2:05:31<2:17:18,  4.95s/it]
 46%|████▌     | 1427/3090 [2:05:36<2:17:14,  4.95s/it]
 46%|████▌     | 1428/3090 [2:05:41<2:17:09,  4.95s/it]
 46%|████▌     | 1429/3090 [2:05:46<2:17:04,  4.95s/it]
 46%|████▋     | 1430/3090 [2:05:51<2:17:00,  4.95s/it]
 46%|████▋     | 1431/3090 [2:05:56<2:16:55,  4.95s/it]
 46%|████▋     | 1432/3090 [2:06:01<2:16:49,  4.95s/it]
 46%|████▋     | 1433/3090 [2:06:06<2:16:45,  4.95s/it]
 46%|████▋     | 1434/3090 [2:06:11<2:16:40,  4.95s/it]
 46%|████▋     | 1435/3090 [2:06:16<2:16:35,  4.95s/it]
 46%|████▋     | 1436/3090 [2:06:21<2:16:29,  4.95s/it]
 47%|████▋     | 1437/3090 [2:06:26<2:16:23,  4.95s/it]
 47%|████▋     | 1438/3090 [2:06:31<2:16:18,  4.95s/it]
 47%|████▋     | 1439/3090 [2:06:36<2:16:13,  4.95s/it]
 47%|████▋     | 1440/3090 [2:06:41<2:16:08,  4.95s/it]
 47%|████▋     | 1441/3090 [2:06:46<2:16:03,  4.95s/it]
 47%|████▋     | 1442/3090 [2:06:50<2:14:21,  4.89s/it]
                                                       

 47%|████▋     | 1442/3090 [2:06:50<2:14:21,  4.89s/it]{'loss': 0.0272, 'grad_norm': 0.2030072808265686, 'learning_rate': 2.6666666666666667e-05, 'epoch': 14.0}


  0%|          | 0/26 [00:00<?, ?it/s][A

  8%|▊         | 2/26 [00:01<00:14,  1.68it/s][A

 12%|█▏        | 3/26 [00:02<00:19,  1.18it/s][A

 15%|█▌        | 4/26 [00:03<00:21,  1.03it/s][A

 19%|█▉        | 5/26 [00:04<00:22,  1.05s/it][A

 23%|██▎       | 6/26 [00:05<00:21,  1.10s/it][A

 27%|██▋       | 7/26 [00:07<00:21,  1.13s/it][A

 31%|███       | 8/26 [00:08<00:20,  1.15s/it][A

 35%|███▍      | 9/26 [00:09<00:19,  1.16s/it][A

 38%|███▊      | 10/26 [00:10<00:18,  1.17s/it][A

 42%|████▏     | 11/26 [00:11<00:17,  1.18s/it][A

 46%|████▌     | 12/26 [00:13<00:16,  1.18s/it][A

 50%|█████     | 13/26 [00:14<00:15,  1.19s/it][A

 54%|█████▍    | 14/26 [00:15<00:14,  1.19s/it][A

 58%|█████▊    | 15/26 [00:16<00:13,  1.19s/it][A

 62%|██████▏   | 16/26 [00:17<00:11,  1.19s/it][A

 65%|██████▌   | 17/26 [00:19<00:10,  1.19s/it][A

 69%|██████▉   | 18/26 [00:20<00:09,  1.19s/it][A

 73%|███████▎  | 19/26 [00:21<00:08,  1.19s/it][A

 77%|███████▋  | 20/26 [00:22<00:07,  1.19s/it][A

 81%|████████  | 21/26 [00:23<00:05,  1.19s/it][A

 85%|████████▍ | 22/26 [00:25<00:04,  1.19s/it][A

 88%|████████▊ | 23/26 [00:26<00:03,  1.19s/it][A

 92%|█████████▏| 24/26 [00:27<00:02,  1.19s/it][A

 96%|█████████▌| 25/26 [00:28<00:01,  1.19s/it][A

100%|██████████| 26/26 [00:29<00:00,  1.23s/it][A

                                               
[A
                                                       

100%|██████████| 26/26 [00:30<00:00,  1.23s/it][A
 47%|████▋     | 1442/3090 [2:07:22<2:14:21,  4.89s/it]

                                               [A{'eval_loss': 0.0662451758980751, 'eval_macro_recall': 0.9481728958423875, 'eval_macro_precision': 0.9516092392352912, 'eval_macro_f1': 0.9471163649900753, 'eval_accuracy': 0.9878640776699029, 'eval_micro_recall': 0.9878640776699029, 'eval_micro_precision': 0.9878640776699029, 'eval_micro_f1': 0.9878640776699029, 'eval_runtime': 31.475, 'eval_samples_per_second': 26.18, 'eval_steps_per_second': 0.826, 'epoch': 14.0}

 47%|████▋     | 1443/3090 [2:07:31<7:10:16, 15.68s/it]
 47%|████▋     | 1444/3090 [2:07:36<5:41:44, 12.46s/it]
 47%|████▋     | 1445/3090 [2:07:41<4:39:48, 10.21s/it]
 47%|████▋     | 1446/3090 [2:07:46<3:56:26,  8.63s/it]
 47%|████▋     | 1447/3090 [2:07:51<3:26:05,  7.53s/it]
 47%|████▋     | 1448/3090 [2:07:56<3:04:48,  6.75s/it]
 47%|████▋     | 1449/3090 [2:08:01<2:49:55,  6.21s/it]
 47%|████▋     | 1450/3090 [2:08:06<2:39:29,  5.83s/it]
 47%|████▋     | 1451/3090 [2:08:11<2:32:08,  5.57s/it]
 47%|████▋     | 1452/3090 [2:08:16<2:26:59,  5.38s/it]
 47%|████▋     | 1453/3090 [2:08:21<2:23:22,  5.25s/it]
 47%|████▋     | 1454/3090 [2:08:26<2:20:47,  5.16s/it]
 47%|████▋     | 1455/3090 [2:08:31<2:18:58,  5.10s/it]
 47%|████▋     | 1456/3090 [2:08:36<2:17:40,  5.06s/it]
 47%|████▋     | 1457/3090 [2:08:40<2:16:44,  5.02s/it]
 47%|████▋     | 1458/3090 [2:08:45<2:16:02,  5.00s/it]
 47%|████▋     | 1459/3090 [2:08:50<2:15:33,  4.99s/it]
 47%|████▋     | 1460/3090 [2:08:55<2:15:11,  4.98s/it]
 47%|████▋     | 1461/3090 [2:09:00<2:14:55,  4.97s/it]
 47%|████▋     | 1462/3090 [2:09:05<2:14:44,  4.97s/it]
 47%|████▋     | 1463/3090 [2:09:10<2:14:31,  4.96s/it]
 47%|████▋     | 1464/3090 [2:09:15<2:14:22,  4.96s/it]
 47%|████▋     | 1465/3090 [2:09:20<2:14:13,  4.96s/it]
 47%|████▋     | 1466/3090 [2:09:25<2:14:06,  4.95s/it]
 47%|████▋     | 1467/3090 [2:09:30<2:13:59,  4.95s/it]
 48%|████▊     | 1468/3090 [2:09:35<2:13:52,  4.95s/it]
 48%|████▊     | 1469/3090 [2:09:40<2:13:47,  4.95s/it]
 48%|████▊     | 1470/3090 [2:09:45<2:13:42,  4.95s/it]
 48%|████▊     | 1471/3090 [2:09:50<2:13:37,  4.95s/it]
 48%|████▊     | 1472/3090 [2:09:55<2:13:31,  4.95s/it]
 48%|████▊     | 1473/3090 [2:10:00<2:13:27,  4.95s/it]
 48%|████▊     | 1474/3090 [2:10:05<2:13:21,  4.95s/it]
 48%|████▊     | 1475/3090 [2:10:13<2:43:21,  6.07s/it]
 48%|████▊     | 1476/3090 [2:10:18<2:35:31,  5.78s/it]
 48%|████▊     | 1477/3090 [2:10:23<2:28:43,  5.53s/it]
 48%|████▊     | 1478/3090 [2:10:28<2:23:56,  5.36s/it]
 48%|████▊     | 1479/3090 [2:10:33<2:20:35,  5.24s/it]
 48%|████▊     | 1480/3090 [2:10:38<2:18:12,  5.15s/it]
 48%|████▊     | 1481/3090 [2:10:43<2:16:29,  5.09s/it]
 48%|████▊     | 1482/3090 [2:10:48<2:15:18,  5.05s/it]
 48%|████▊     | 1483/3090 [2:10:53<2:14:25,  5.02s/it]
 48%|████▊     | 1484/3090 [2:10:58<2:13:47,  5.00s/it]
 48%|████▊     | 1485/3090 [2:11:03<2:13:19,  4.98s/it]
 48%|████▊     | 1486/3090 [2:11:08<2:12:57,  4.97s/it]
 48%|████▊     | 1487/3090 [2:11:13<2:12:44,  4.97s/it]
 48%|████▊     | 1488/3090 [2:11:18<2:12:30,  4.96s/it]
 48%|████▊     | 1489/3090 [2:11:23<2:12:20,  4.96s/it]
 48%|████▊     | 1490/3090 [2:11:28<2:12:11,  4.96s/it]
 48%|████▊     | 1491/3090 [2:11:33<2:12:03,  4.96s/it]
 48%|████▊     | 1492/3090 [2:11:38<2:11:56,  4.95s/it]
 48%|████▊     | 1493/3090 [2:11:43<2:11:50,  4.95s/it]
 48%|████▊     | 1494/3090 [2:11:48<2:11:44,  4.95s/it]
 48%|████▊     | 1495/3090 [2:11:53<2:11:38,  4.95s/it]
 48%|████▊     | 1496/3090 [2:11:57<2:11:34,  4.95s/it]
 48%|████▊     | 1497/3090 [2:12:02<2:11:28,  4.95s/it]
 48%|████▊     | 1498/3090 [2:12:07<2:11:23,  4.95s/it]
 49%|████▊     | 1499/3090 [2:12:12<2:11:17,  4.95s/it]
 49%|████▊     | 1500/3090 [2:12:17<2:11:12,  4.95s/it]
 49%|████▊     | 1501/3090 [2:12:22<2:11:07,  4.95s/it]
 49%|████▊     | 1502/3090 [2:12:27<2:11:02,  4.95s/it]
 49%|████▊     | 1503/3090 [2:12:32<2:10:57,  4.95s/it]
 49%|████▊     | 1504/3090 [2:12:37<2:10:51,  4.95s/it]
 49%|████▊     | 1505/3090 [2:12:42<2:10:46,  4.95s/it]
 49%|████▊     | 1506/3090 [2:12:47<2:10:43,  4.95s/it]
 49%|████▉     | 1507/3090 [2:12:52<2:10:37,  4.95s/it]
 49%|████▉     | 1508/3090 [2:12:57<2:10:32,  4.95s/it]
 49%|████▉     | 1509/3090 [2:13:02<2:10:27,  4.95s/it]
 49%|████▉     | 1510/3090 [2:13:07<2:10:23,  4.95s/it]
 49%|████▉     | 1511/3090 [2:13:12<2:10:18,  4.95s/it]
 49%|████▉     | 1512/3090 [2:13:17<2:10:12,  4.95s/it]
 49%|████▉     | 1513/3090 [2:13:22<2:10:08,  4.95s/it]
 49%|████▉     | 1514/3090 [2:13:27<2:10:03,  4.95s/it]
 49%|████▉     | 1515/3090 [2:13:32<2:09:58,  4.95s/it]
 49%|████▉     | 1516/3090 [2:13:37<2:09:55,  4.95s/it]
 49%|████▉     | 1517/3090 [2:13:42<2:11:09,  5.00s/it]
 49%|████▉     | 1518/3090 [2:13:47<2:10:40,  4.99s/it]
 49%|████▉     | 1519/3090 [2:13:52<2:10:17,  4.98s/it]
 49%|████▉     | 1520/3090 [2:13:56<2:10:00,  4.97s/it]
 49%|████▉     | 1521/3090 [2:14:01<2:09:47,  4.96s/it]
 49%|████▉     | 1522/3090 [2:14:06<2:09:36,  4.96s/it]
 49%|████▉     | 1523/3090 [2:14:11<2:09:27,  4.96s/it]
 49%|████▉     | 1524/3090 [2:14:16<2:09:21,  4.96s/it]
 49%|████▉     | 1525/3090 [2:14:21<2:09:15,  4.96s/it]
 49%|████▉     | 1526/3090 [2:14:26<2:09:08,  4.95s/it]
 49%|████▉     | 1527/3090 [2:14:31<2:09:02,  4.95s/it]
 49%|████▉     | 1528/3090 [2:14:36<2:08:56,  4.95s/it]
 49%|████▉     | 1529/3090 [2:14:41<2:08:51,  4.95s/it]
 50%|████▉     | 1530/3090 [2:14:46<2:08:45,  4.95s/it]
 50%|████▉     | 1531/3090 [2:14:51<2:08:40,  4.95s/it]
 50%|████▉     | 1532/3090 [2:14:56<2:08:34,  4.95s/it]
 50%|████▉     | 1533/3090 [2:15:01<2:08:29,  4.95s/it]
 50%|████▉     | 1534/3090 [2:15:18<3:39:51,  8.48s/it]
 50%|████▉     | 1535/3090 [2:15:23<3:15:42,  7.55s/it]
 50%|████▉     | 1536/3090 [2:15:28<2:55:20,  6.77s/it]
 50%|████▉     | 1537/3090 [2:15:33<2:41:05,  6.22s/it]
 50%|████▉     | 1538/3090 [2:15:38<2:31:05,  5.84s/it]
 50%|████▉     | 1539/3090 [2:15:43<2:24:05,  5.57s/it]
 50%|████▉     | 1540/3090 [2:15:48<2:19:08,  5.39s/it]
 50%|████▉     | 1541/3090 [2:15:53<2:16:58,  5.31s/it]
 50%|████▉     | 1542/3090 [2:15:58<2:14:07,  5.20s/it]
 50%|████▉     | 1543/3090 [2:16:03<2:17:48,  5.34s/it]
 50%|████▉     | 1544/3090 [2:16:08<2:14:45,  5.23s/it]
 50%|█████     | 1545/3090 [2:16:13<2:11:13,  5.10s/it]
                                                       

 50%|█████     | 1545/3090 [2:16:14<2:11:13,  5.10s/it]{'loss': 0.021, 'grad_norm': 0.20319513976573944, 'learning_rate': 2.5e-05, 'epoch': 15.0}


  0%|          | 0/26 [00:00<?, ?it/s][A

  8%|▊         | 2/26 [00:01<00:14,  1.64it/s][A

 12%|█▏        | 3/26 [00:02<00:19,  1.17it/s][A

 15%|█▌        | 4/26 [00:03<00:21,  1.02it/s][A

 19%|█▉        | 5/26 [00:04<00:22,  1.06s/it][A

 23%|██▎       | 6/26 [00:05<00:22,  1.10s/it][A

 27%|██▋       | 7/26 [00:07<00:21,  1.13s/it][A

 31%|███       | 8/26 [00:08<00:20,  1.15s/it][A

 35%|███▍      | 9/26 [00:09<00:19,  1.16s/it][A

 38%|███▊      | 10/26 [00:10<00:18,  1.17s/it][A

 42%|████▏     | 11/26 [00:11<00:17,  1.18s/it][A

 46%|████▌     | 12/26 [00:13<00:16,  1.18s/it][A

 50%|█████     | 13/26 [00:14<00:15,  1.18s/it][A

 54%|█████▍    | 14/26 [00:15<00:14,  1.19s/it][A

 58%|█████▊    | 15/26 [00:16<00:13,  1.19s/it][A

 62%|██████▏   | 16/26 [00:17<00:11,  1.19s/it][A

 65%|██████▌   | 17/26 [00:19<00:10,  1.19s/it][A

 69%|██████▉   | 18/26 [00:20<00:09,  1.19s/it][A

 73%|███████▎  | 19/26 [00:21<00:08,  1.19s/it][A

 77%|███████▋  | 20/26 [00:22<00:07,  1.19s/it][A

 81%|████████  | 21/26 [00:23<00:05,  1.19s/it][A

 85%|████████▍ | 22/26 [00:25<00:04,  1.19s/it][A

 88%|████████▊ | 23/26 [00:26<00:03,  1.19s/it][A

 92%|█████████▏| 24/26 [00:27<00:02,  1.19s/it][A

 96%|█████████▌| 25/26 [00:28<00:01,  1.19s/it][A

100%|██████████| 26/26 [00:29<00:00,  1.13s/it][A

                                               
[A
                                                       

100%|██████████| 26/26 [00:30<00:00,  1.13s/it][A
 50%|█████     | 1545/3090 [2:16:46<2:11:13,  5.10s/it]

                                               [A{'eval_loss': 0.07481565326452255, 'eval_macro_recall': 0.9476387078081993, 'eval_macro_precision': 0.9500829877090397, 'eval_macro_f1': 0.9458723371503027, 'eval_accuracy': 0.9866504854368932, 'eval_micro_recall': 0.9866504854368932, 'eval_micro_precision': 0.9866504854368932, 'eval_micro_f1': 0.9866504854368932, 'eval_runtime': 32.6501, 'eval_samples_per_second': 25.237, 'eval_steps_per_second': 0.796, 'epoch': 15.0}

 50%|█████     | 1546/3090 [2:16:56<6:59:30, 16.30s/it]
 50%|█████     | 1547/3090 [2:17:01<5:31:39, 12.90s/it]
 50%|█████     | 1548/3090 [2:17:06<4:30:13, 10.51s/it]
 50%|█████     | 1549/3090 [2:17:11<3:47:12,  8.85s/it]
 50%|█████     | 1550/3090 [2:17:15<3:17:05,  7.68s/it]
 50%|█████     | 1551/3090 [2:17:20<2:55:59,  6.86s/it]
 50%|█████     | 1552/3090 [2:17:25<2:41:11,  6.29s/it]
 50%|█████     | 1553/3090 [2:17:30<2:30:49,  5.89s/it]
 50%|█████     | 1554/3090 [2:17:35<2:23:32,  5.61s/it]
 50%|█████     | 1555/3090 [2:17:40<2:18:25,  5.41s/it]
 50%|█████     | 1556/3090 [2:17:45<2:14:48,  5.27s/it]
 50%|█████     | 1557/3090 [2:17:50<2:12:16,  5.18s/it]
 50%|█████     | 1558/3090 [2:17:55<2:10:26,  5.11s/it]
 50%|█████     | 1559/3090 [2:18:00<2:09:09,  5.06s/it]
 50%|█████     | 1560/3090 [2:18:05<2:08:17,  5.03s/it]
 51%|█████     | 1561/3090 [2:18:10<2:07:39,  5.01s/it]
 51%|█████     | 1562/3090 [2:18:15<2:07:09,  4.99s/it]
 51%|█████     | 1563/3090 [2:18:20<2:06:46,  4.98s/it]
 51%|█████     | 1564/3090 [2:18:25<2:06:30,  4.97s/it]
 51%|█████     | 1565/3090 [2:18:30<2:06:16,  4.97s/it]
 51%|█████     | 1566/3090 [2:18:35<2:06:06,  4.96s/it]
 51%|█████     | 1567/3090 [2:18:40<2:05:57,  4.96s/it]
 51%|█████     | 1568/3090 [2:18:45<2:05:50,  4.96s/it]
 51%|█████     | 1569/3090 [2:18:50<2:05:41,  4.96s/it]
 51%|█████     | 1570/3090 [2:18:55<2:05:38,  4.96s/it]
 51%|█████     | 1571/3090 [2:19:00<2:05:31,  4.96s/it]
 51%|█████     | 1572/3090 [2:19:04<2:05:24,  4.96s/it]
 51%|█████     | 1573/3090 [2:19:09<2:05:20,  4.96s/it]
 51%|█████     | 1574/3090 [2:19:14<2:05:13,  4.96s/it]
 51%|█████     | 1575/3090 [2:19:19<2:05:07,  4.96s/it]
 51%|█████     | 1576/3090 [2:19:24<2:05:01,  4.95s/it]
 51%|█████     | 1577/3090 [2:19:29<2:04:57,  4.96s/it]
 51%|█████     | 1578/3090 [2:19:34<2:04:51,  4.95s/it]
 51%|█████     | 1579/3090 [2:19:39<2:04:47,  4.96s/it]
 51%|█████     | 1580/3090 [2:19:44<2:04:42,  4.96s/it]
 51%|█████     | 1581/3090 [2:19:49<2:04:38,  4.96s/it]
 51%|█████     | 1582/3090 [2:19:54<2:04:32,  4.96s/it]
 51%|█████     | 1583/3090 [2:19:59<2:04:25,  4.95s/it]
 51%|█████▏    | 1584/3090 [2:20:04<2:04:21,  4.95s/it]
 51%|█████▏    | 1585/3090 [2:20:09<2:04:15,  4.95s/it]
 51%|█████▏    | 1586/3090 [2:20:14<2:04:09,  4.95s/it]
 51%|█████▏    | 1587/3090 [2:20:19<2:04:03,  4.95s/it]
 51%|█████▏    | 1588/3090 [2:20:24<2:03:57,  4.95s/it]
 51%|█████▏    | 1589/3090 [2:20:29<2:03:52,  4.95s/it]
 51%|█████▏    | 1590/3090 [2:20:34<2:03:48,  4.95s/it]
 51%|█████▏    | 1591/3090 [2:20:39<2:03:44,  4.95s/it]
 52%|█████▏    | 1592/3090 [2:20:44<2:03:38,  4.95s/it]
 52%|█████▏    | 1593/3090 [2:20:48<2:03:33,  4.95s/it]
 52%|█████▏    | 1594/3090 [2:20:53<2:03:28,  4.95s/it]
 52%|█████▏    | 1595/3090 [2:20:58<2:03:24,  4.95s/it]
 52%|█████▏    | 1596/3090 [2:21:03<2:03:21,  4.95s/it]
 52%|█████▏    | 1597/3090 [2:21:08<2:03:14,  4.95s/it]
 52%|█████▏    | 1598/3090 [2:21:13<2:03:09,  4.95s/it]
 52%|█████▏    | 1599/3090 [2:21:18<2:03:05,  4.95s/it]
 52%|█████▏    | 1600/3090 [2:21:23<2:03:00,  4.95s/it]
 52%|█████▏    | 1601/3090 [2:21:28<2:02:54,  4.95s/it]
 52%|█████▏    | 1602/3090 [2:21:33<2:02:50,  4.95s/it]
 52%|█████▏    | 1603/3090 [2:21:38<2:02:44,  4.95s/it]
 52%|█████▏    | 1604/3090 [2:21:43<2:02:39,  4.95s/it]
 52%|█████▏    | 1605/3090 [2:21:48<2:02:34,  4.95s/it]
 52%|█████▏    | 1606/3090 [2:21:53<2:02:29,  4.95s/it]
 52%|█████▏    | 1607/3090 [2:21:58<2:02:24,  4.95s/it]
 52%|█████▏    | 1608/3090 [2:22:03<2:02:19,  4.95s/it]
 52%|█████▏    | 1609/3090 [2:22:08<2:02:13,  4.95s/it]
 52%|█████▏    | 1610/3090 [2:22:13<2:02:07,  4.95s/it]
 52%|█████▏    | 1611/3090 [2:22:18<2:02:03,  4.95s/it]
 52%|█████▏    | 1612/3090 [2:22:23<2:01:57,  4.95s/it]
 52%|█████▏    | 1613/3090 [2:22:28<2:01:53,  4.95s/it]
 52%|█████▏    | 1614/3090 [2:22:32<2:01:50,  4.95s/it]
 52%|█████▏    | 1615/3090 [2:22:37<2:01:45,  4.95s/it]
 52%|█████▏    | 1616/3090 [2:22:42<2:01:40,  4.95s/it]
 52%|█████▏    | 1617/3090 [2:22:47<2:01:35,  4.95s/it]
 52%|█████▏    | 1618/3090 [2:22:52<2:01:29,  4.95s/it]
 52%|█████▏    | 1619/3090 [2:22:57<2:01:24,  4.95s/it]
 52%|█████▏    | 1620/3090 [2:23:02<2:01:19,  4.95s/it]
 52%|█████▏    | 1621/3090 [2:23:07<2:01:14,  4.95s/it]
 52%|█████▏    | 1622/3090 [2:23:12<2:01:09,  4.95s/it]
 53%|█████▎    | 1623/3090 [2:23:17<2:01:03,  4.95s/it]
 53%|█████▎    | 1624/3090 [2:23:22<2:00:59,  4.95s/it]
 53%|█████▎    | 1625/3090 [2:23:27<2:00:54,  4.95s/it]
 53%|█████▎    | 1626/3090 [2:23:32<2:00:50,  4.95s/it]
 53%|█████▎    | 1627/3090 [2:23:37<2:00:45,  4.95s/it]
 53%|█████▎    | 1628/3090 [2:23:42<2:00:39,  4.95s/it]
 53%|█████▎    | 1629/3090 [2:23:47<2:00:35,  4.95s/it]
 53%|█████▎    | 1630/3090 [2:23:52<2:00:29,  4.95s/it]
 53%|█████▎    | 1631/3090 [2:23:57<2:00:24,  4.95s/it]
 53%|█████▎    | 1632/3090 [2:24:02<2:00:19,  4.95s/it]
 53%|█████▎    | 1633/3090 [2:24:07<2:00:14,  4.95s/it]
 53%|█████▎    | 1634/3090 [2:24:12<2:00:09,  4.95s/it]
 53%|█████▎    | 1635/3090 [2:24:16<2:00:04,  4.95s/it]
 53%|█████▎    | 1636/3090 [2:24:21<2:00:00,  4.95s/it]
 53%|█████▎    | 1637/3090 [2:24:26<1:59:54,  4.95s/it]
 53%|█████▎    | 1638/3090 [2:24:31<1:59:49,  4.95s/it]
 53%|█████▎    | 1639/3090 [2:24:36<1:59:44,  4.95s/it]
 53%|█████▎    | 1640/3090 [2:24:41<1:59:39,  4.95s/it]
 53%|█████▎    | 1641/3090 [2:24:46<1:59:34,  4.95s/it]
 53%|█████▎    | 1642/3090 [2:24:51<1:59:28,  4.95s/it]
 53%|█████▎    | 1643/3090 [2:24:56<1:59:23,  4.95s/it]
 53%|█████▎    | 1644/3090 [2:25:01<1:59:19,  4.95s/it]
 53%|█████▎    | 1645/3090 [2:25:06<1:59:14,  4.95s/it]
 53%|█████▎    | 1646/3090 [2:25:11<1:59:08,  4.95s/it]
 53%|█████▎    | 1647/3090 [2:25:16<1:59:03,  4.95s/it]
 53%|█████▎    | 1648/3090 [2:25:21<1:57:24,  4.89s/it]
                                                       

 53%|█████▎    | 1648/3090 [2:25:21<1:57:24,  4.89s/it]{'loss': 0.0187, 'grad_norm': 0.03164086863398552, 'learning_rate': 2.3333333333333336e-05, 'epoch': 16.0}


  0%|          | 0/26 [00:00<?, ?it/s][A

  8%|▊         | 2/26 [00:01<00:14,  1.67it/s][A

 12%|█▏        | 3/26 [00:02<00:19,  1.18it/s][A

 15%|█▌        | 4/26 [00:03<00:21,  1.03it/s][A

 19%|█▉        | 5/26 [00:04<00:22,  1.05s/it][A

 23%|██▎       | 6/26 [00:05<00:21,  1.10s/it][A

 27%|██▋       | 7/26 [00:07<00:21,  1.13s/it][A

 31%|███       | 8/26 [00:08<00:20,  1.15s/it][A

 35%|███▍      | 9/26 [00:09<00:19,  1.16s/it][A

 38%|███▊      | 10/26 [00:10<00:18,  1.17s/it][A

 42%|████▏     | 11/26 [00:11<00:17,  1.18s/it][A

 46%|████▌     | 12/26 [00:13<00:16,  1.18s/it][A

 50%|█████     | 13/26 [00:14<00:15,  1.19s/it][A

 54%|█████▍    | 14/26 [00:15<00:14,  1.19s/it][A

 58%|█████▊    | 15/26 [00:16<00:13,  1.19s/it][A

 62%|██████▏   | 16/26 [00:17<00:11,  1.19s/it][A

 65%|██████▌   | 17/26 [00:19<00:10,  1.19s/it][A

 69%|██████▉   | 18/26 [00:20<00:09,  1.19s/it][A

 73%|███████▎  | 19/26 [00:21<00:08,  1.19s/it][A

 77%|███████▋  | 20/26 [00:22<00:07,  1.19s/it][A

 81%|████████  | 21/26 [00:23<00:05,  1.19s/it][A

 85%|████████▍ | 22/26 [00:25<00:04,  1.19s/it][A

 88%|████████▊ | 23/26 [00:26<00:03,  1.19s/it][A

 92%|█████████▏| 24/26 [00:27<00:02,  1.19s/it][A

 96%|█████████▌| 25/26 [00:28<00:01,  1.19s/it][A

100%|██████████| 26/26 [00:29<00:00,  1.13s/it][A

                                               
[A
                                                       

100%|██████████| 26/26 [00:29<00:00,  1.13s/it][A
 53%|█████▎    | 1648/3090 [2:25:52<1:57:24,  4.89s/it]

                                               [A{'eval_loss': 0.07471414655447006, 'eval_macro_recall': 0.9476387078081993, 'eval_macro_precision': 0.9500829877090397, 'eval_macro_f1': 0.9458723371503027, 'eval_accuracy': 0.9866504854368932, 'eval_micro_recall': 0.9866504854368932, 'eval_micro_precision': 0.9866504854368932, 'eval_micro_f1': 0.9866504854368932, 'eval_runtime': 31.1856, 'eval_samples_per_second': 26.422, 'eval_steps_per_second': 0.834, 'epoch': 16.0}

 53%|█████▎    | 1649/3090 [2:26:01<6:09:42, 15.39s/it]
 53%|█████▎    | 1650/3090 [2:26:05<4:54:17, 12.26s/it]
 53%|█████▎    | 1651/3090 [2:26:10<4:01:31, 10.07s/it]
 53%|█████▎    | 1652/3090 [2:26:15<3:24:32,  8.53s/it]
 53%|█████▎    | 1653/3090 [2:26:20<2:58:38,  7.46s/it]
 54%|█████▎    | 1654/3090 [2:26:25<2:40:31,  6.71s/it]
 54%|█████▎    | 1655/3090 [2:26:30<2:27:49,  6.18s/it]
 54%|█████▎    | 1656/3090 [2:26:35<2:18:55,  5.81s/it]
 54%|█████▎    | 1657/3090 [2:26:40<2:12:39,  5.55s/it]
 54%|█████▎    | 1658/3090 [2:26:45<2:08:15,  5.37s/it]
 54%|█████▎    | 1659/3090 [2:26:50<2:05:08,  5.25s/it]
 54%|█████▎    | 1660/3090 [2:26:55<2:02:57,  5.16s/it]
 54%|█████▍    | 1661/3090 [2:27:00<2:01:21,  5.10s/it]
 54%|█████▍    | 1662/3090 [2:27:05<2:00:14,  5.05s/it]
 54%|█████▍    | 1663/3090 [2:27:10<1:59:25,  5.02s/it]
 54%|█████▍    | 1664/3090 [2:27:15<1:58:49,  5.00s/it]
 54%|█████▍    | 1665/3090 [2:27:20<1:58:23,  4.98s/it]
 54%|█████▍    | 1666/3090 [2:27:25<1:58:04,  4.98s/it]
 54%|█████▍    | 1667/3090 [2:27:30<1:57:49,  4.97s/it]
 54%|█████▍    | 1668/3090 [2:27:35<1:57:38,  4.96s/it]
 54%|█████▍    | 1669/3090 [2:27:40<1:57:27,  4.96s/it]
 54%|█████▍    | 1670/3090 [2:27:45<1:57:18,  4.96s/it]
 54%|█████▍    | 1671/3090 [2:27:49<1:57:11,  4.96s/it]
 54%|█████▍    | 1672/3090 [2:27:54<1:57:04,  4.95s/it]
 54%|█████▍    | 1673/3090 [2:27:59<1:56:58,  4.95s/it]
 54%|█████▍    | 1674/3090 [2:28:04<1:56:52,  4.95s/it]
 54%|█████▍    | 1675/3090 [2:28:09<1:56:46,  4.95s/it]
 54%|█████▍    | 1676/3090 [2:28:14<1:56:41,  4.95s/it]
 54%|█████▍    | 1677/3090 [2:28:19<1:56:36,  4.95s/it]
 54%|█████▍    | 1678/3090 [2:28:24<1:56:31,  4.95s/it]
 54%|█████▍    | 1679/3090 [2:28:29<1:56:26,  4.95s/it]
 54%|█████▍    | 1680/3090 [2:28:34<1:56:20,  4.95s/it]
 54%|█████▍    | 1681/3090 [2:28:39<1:56:16,  4.95s/it]
 54%|█████▍    | 1682/3090 [2:28:44<1:56:13,  4.95s/it]
 54%|█████▍    | 1683/3090 [2:28:49<1:56:07,  4.95s/it]
 54%|█████▍    | 1684/3090 [2:28:54<1:56:02,  4.95s/it]
 55%|█████▍    | 1685/3090 [2:28:59<1:55:57,  4.95s/it]
 55%|█████▍    | 1686/3090 [2:29:04<1:55:53,  4.95s/it]
 55%|█████▍    | 1687/3090 [2:29:09<1:55:47,  4.95s/it]
 55%|█████▍    | 1688/3090 [2:29:14<1:55:42,  4.95s/it]
 55%|█████▍    | 1689/3090 [2:29:19<1:55:37,  4.95s/it]
 55%|█████▍    | 1690/3090 [2:29:24<1:55:32,  4.95s/it]
 55%|█████▍    | 1691/3090 [2:29:29<1:55:26,  4.95s/it]
 55%|█████▍    | 1692/3090 [2:29:33<1:55:21,  4.95s/it]
 55%|█████▍    | 1693/3090 [2:29:38<1:55:16,  4.95s/it]
 55%|█████▍    | 1694/3090 [2:29:43<1:55:12,  4.95s/it]
 55%|█████▍    | 1695/3090 [2:29:48<1:55:06,  4.95s/it]
 55%|█████▍    | 1696/3090 [2:29:53<1:55:02,  4.95s/it]
 55%|█████▍    | 1697/3090 [2:29:58<1:54:57,  4.95s/it]
 55%|█████▍    | 1698/3090 [2:30:03<1:54:52,  4.95s/it]
 55%|█████▍    | 1699/3090 [2:30:08<1:54:46,  4.95s/it]
 55%|█████▌    | 1700/3090 [2:30:13<1:54:41,  4.95s/it]
 55%|█████▌    | 1701/3090 [2:30:18<1:54:37,  4.95s/it]
 55%|█████▌    | 1702/3090 [2:30:23<1:54:32,  4.95s/it]
 55%|█████▌    | 1703/3090 [2:30:28<1:54:26,  4.95s/it]
 55%|█████▌    | 1704/3090 [2:30:33<1:54:22,  4.95s/it]
 55%|█████▌    | 1705/3090 [2:30:38<1:54:16,  4.95s/it]
 55%|█████▌    | 1706/3090 [2:30:43<1:54:12,  4.95s/it]
 55%|█████▌    | 1707/3090 [2:30:48<1:54:06,  4.95s/it]
 55%|█████▌    | 1708/3090 [2:30:53<1:54:01,  4.95s/it]
 55%|█████▌    | 1709/3090 [2:30:58<1:53:57,  4.95s/it]
 55%|█████▌    | 1710/3090 [2:31:03<1:53:52,  4.95s/it]
 55%|█████▌    | 1711/3090 [2:31:08<1:53:47,  4.95s/it]
 55%|█████▌    | 1712/3090 [2:31:12<1:53:43,  4.95s/it]
 55%|█████▌    | 1713/3090 [2:31:17<1:53:38,  4.95s/it]
 55%|█████▌    | 1714/3090 [2:31:22<1:53:33,  4.95s/it]
 56%|█████▌    | 1715/3090 [2:31:27<1:53:29,  4.95s/it]
 56%|█████▌    | 1716/3090 [2:31:32<1:53:24,  4.95s/it]
 56%|█████▌    | 1717/3090 [2:31:37<1:53:19,  4.95s/it]
 56%|█████▌    | 1718/3090 [2:31:42<1:53:14,  4.95s/it]
 56%|█████▌    | 1719/3090 [2:31:47<1:53:09,  4.95s/it]
 56%|█████▌    | 1720/3090 [2:31:52<1:53:04,  4.95s/it]
 56%|█████▌    | 1721/3090 [2:31:57<1:52:58,  4.95s/it]
 56%|█████▌    | 1722/3090 [2:32:02<1:52:54,  4.95s/it]
 56%|█████▌    | 1723/3090 [2:32:07<1:52:48,  4.95s/it]
 56%|█████▌    | 1724/3090 [2:32:12<1:52:44,  4.95s/it]
 56%|█████▌    | 1725/3090 [2:32:17<1:52:38,  4.95s/it]
 56%|█████▌    | 1726/3090 [2:32:22<1:52:32,  4.95s/it]
 56%|█████▌    | 1727/3090 [2:32:27<1:52:28,  4.95s/it]
 56%|█████▌    | 1728/3090 [2:32:32<1:52:23,  4.95s/it]
 56%|█████▌    | 1729/3090 [2:32:37<1:52:18,  4.95s/it]
 56%|█████▌    | 1730/3090 [2:32:42<1:52:13,  4.95s/it]
 56%|█████▌    | 1731/3090 [2:32:47<1:52:08,  4.95s/it]
 56%|█████▌    | 1732/3090 [2:32:52<1:52:03,  4.95s/it]
 56%|█████▌    | 1733/3090 [2:32:56<1:51:57,  4.95s/it]
 56%|█████▌    | 1734/3090 [2:33:01<1:51:53,  4.95s/it]
 56%|█████▌    | 1735/3090 [2:33:06<1:51:49,  4.95s/it]
 56%|█████▌    | 1736/3090 [2:33:11<1:51:44,  4.95s/it]
 56%|█████▌    | 1737/3090 [2:33:16<1:51:39,  4.95s/it]
 56%|█████▌    | 1738/3090 [2:33:21<1:51:34,  4.95s/it]
 56%|█████▋    | 1739/3090 [2:33:26<1:51:29,  4.95s/it]
 56%|█████▋    | 1740/3090 [2:33:31<1:51:24,  4.95s/it]
 56%|█████▋    | 1741/3090 [2:33:36<1:51:19,  4.95s/it]
 56%|█████▋    | 1742/3090 [2:33:41<1:51:15,  4.95s/it]
 56%|█████▋    | 1743/3090 [2:33:46<1:51:11,  4.95s/it]
 56%|█████▋    | 1744/3090 [2:33:51<1:51:05,  4.95s/it]
 56%|█████▋    | 1745/3090 [2:33:56<1:51:00,  4.95s/it]
 57%|█████▋    | 1746/3090 [2:34:01<1:50:55,  4.95s/it]
 57%|█████▋    | 1747/3090 [2:34:06<1:50:50,  4.95s/it]
 57%|█████▋    | 1748/3090 [2:34:11<1:50:44,  4.95s/it]
 57%|█████▋    | 1749/3090 [2:34:16<1:50:39,  4.95s/it]
 57%|█████▋    | 1750/3090 [2:34:21<1:50:35,  4.95s/it]
 57%|█████▋    | 1751/3090 [2:34:25<1:49:01,  4.89s/it]
                                                       

 57%|█████▋    | 1751/3090 [2:34:25<1:49:01,  4.89s/it]{'loss': 0.0195, 'grad_norm': 0.11172439157962799, 'learning_rate': 2.1666666666666667e-05, 'epoch': 17.0}


  0%|          | 0/26 [00:00<?, ?it/s][A

  8%|▊         | 2/26 [00:01<00:14,  1.68it/s][A

 12%|█▏        | 3/26 [00:02<00:19,  1.18it/s][A

 15%|█▌        | 4/26 [00:03<00:21,  1.03it/s][A

 19%|█▉        | 5/26 [00:04<00:22,  1.05s/it][A

 23%|██▎       | 6/26 [00:05<00:21,  1.10s/it][A

 27%|██▋       | 7/26 [00:07<00:21,  1.13s/it][A

 31%|███       | 8/26 [00:08<00:20,  1.15s/it][A

 35%|███▍      | 9/26 [00:09<00:19,  1.16s/it][A

 38%|███▊      | 10/26 [00:10<00:18,  1.17s/it][A

 42%|████▏     | 11/26 [00:11<00:17,  1.18s/it][A

 46%|████▌     | 12/26 [00:13<00:16,  1.18s/it][A

 50%|█████     | 13/26 [00:14<00:15,  1.19s/it][A

 54%|█████▍    | 14/26 [00:15<00:14,  1.19s/it][A

 58%|█████▊    | 15/26 [00:16<00:13,  1.19s/it][A

 62%|██████▏   | 16/26 [00:17<00:11,  1.19s/it][A

 65%|██████▌   | 17/26 [00:19<00:10,  1.19s/it][A

 69%|██████▉   | 18/26 [00:20<00:09,  1.19s/it][A

 73%|███████▎  | 19/26 [00:21<00:08,  1.19s/it][A

 77%|███████▋  | 20/26 [00:22<00:07,  1.19s/it][A

 81%|████████  | 21/26 [00:23<00:05,  1.19s/it][A

 85%|████████▍ | 22/26 [00:25<00:04,  1.19s/it][A

 88%|████████▊ | 23/26 [00:26<00:03,  1.19s/it][A

 92%|█████████▏| 24/26 [00:27<00:02,  1.19s/it][A

 96%|█████████▌| 25/26 [00:28<00:01,  1.19s/it][A

100%|██████████| 26/26 [00:29<00:00,  1.13s/it][A

                                               
[A
                                                       

100%|██████████| 26/26 [00:29<00:00,  1.13s/it][A
 57%|█████▋    | 1751/3090 [2:34:57<1:49:01,  4.89s/it]

                                               [A{'eval_loss': 0.07727579772472382, 'eval_macro_recall': 0.9476387078081993, 'eval_macro_precision': 0.9500829877090397, 'eval_macro_f1': 0.9458723371503027, 'eval_accuracy': 0.9866504854368932, 'eval_micro_recall': 0.9866504854368932, 'eval_micro_precision': 0.9866504854368932, 'eval_micro_f1': 0.9866504854368932, 'eval_runtime': 31.1793, 'eval_samples_per_second': 26.428, 'eval_steps_per_second': 0.834, 'epoch': 17.0}

 57%|█████▋    | 1752/3090 [2:35:05<5:42:37, 15.36s/it]
 57%|█████▋    | 1753/3090 [2:35:10<4:32:46, 12.24s/it]
 57%|█████▋    | 1754/3090 [2:35:15<3:43:53, 10.05s/it]
 57%|█████▋    | 1755/3090 [2:35:20<3:09:40,  8.52s/it]
 57%|█████▋    | 1756/3090 [2:35:25<2:45:41,  7.45s/it]
 57%|█████▋    | 1757/3090 [2:35:30<2:28:55,  6.70s/it]
 57%|█████▋    | 1758/3090 [2:35:35<2:17:09,  6.18s/it]
 57%|█████▋    | 1759/3090 [2:35:40<2:08:52,  5.81s/it]
 57%|█████▋    | 1760/3090 [2:35:45<2:03:06,  5.55s/it]
 57%|█████▋    | 1761/3090 [2:35:50<1:59:00,  5.37s/it]
 57%|█████▋    | 1762/3090 [2:35:55<1:56:07,  5.25s/it]
 57%|█████▋    | 1763/3090 [2:36:00<1:54:04,  5.16s/it]
 57%|█████▋    | 1764/3090 [2:36:05<1:52:34,  5.09s/it]
 57%|█████▋    | 1765/3090 [2:36:10<1:51:33,  5.05s/it]
 57%|█████▋    | 1766/3090 [2:36:15<1:50:49,  5.02s/it]
 57%|█████▋    | 1767/3090 [2:36:19<1:50:16,  5.00s/it]
 57%|█████▋    | 1768/3090 [2:36:24<1:49:52,  4.99s/it]
 57%|█████▋    | 1769/3090 [2:36:29<1:49:33,  4.98s/it]
 57%|█████▋    | 1770/3090 [2:36:34<1:49:18,  4.97s/it]
 57%|█████▋    | 1771/3090 [2:36:39<1:49:06,  4.96s/it]
 57%|█████▋    | 1772/3090 [2:36:44<1:48:56,  4.96s/it]
 57%|█████▋    | 1773/3090 [2:36:49<1:48:48,  4.96s/it]
 57%|█████▋    | 1774/3090 [2:36:54<1:48:42,  4.96s/it]
 57%|█████▋    | 1775/3090 [2:36:59<1:48:35,  4.95s/it]
 57%|█████▋    | 1776/3090 [2:37:04<1:48:28,  4.95s/it]
 58%|█████▊    | 1777/3090 [2:37:09<1:48:24,  4.95s/it]
 58%|█████▊    | 1778/3090 [2:37:14<1:48:17,  4.95s/it]
 58%|█████▊    | 1779/3090 [2:37:19<1:48:11,  4.95s/it]
 58%|█████▊    | 1780/3090 [2:37:24<1:48:06,  4.95s/it]
 58%|█████▊    | 1781/3090 [2:37:29<1:48:00,  4.95s/it]
 58%|█████▊    | 1782/3090 [2:37:34<1:47:56,  4.95s/it]
 58%|█████▊    | 1783/3090 [2:37:39<1:47:51,  4.95s/it]
 58%|█████▊    | 1784/3090 [2:37:44<1:47:46,  4.95s/it]
 58%|█████▊    | 1785/3090 [2:37:49<1:47:40,  4.95s/it]
 58%|█████▊    | 1786/3090 [2:37:54<1:47:35,  4.95s/it]
 58%|█████▊    | 1787/3090 [2:37:58<1:47:30,  4.95s/it]
 58%|█████▊    | 1788/3090 [2:38:03<1:47:26,  4.95s/it]
 58%|█████▊    | 1789/3090 [2:38:08<1:47:21,  4.95s/it]
 58%|█████▊    | 1790/3090 [2:38:13<1:47:16,  4.95s/it]
 58%|█████▊    | 1791/3090 [2:38:18<1:47:11,  4.95s/it]
 58%|█████▊    | 1792/3090 [2:38:23<1:47:05,  4.95s/it]
 58%|█████▊    | 1793/3090 [2:38:28<1:47:01,  4.95s/it]
 58%|█████▊    | 1794/3090 [2:38:33<1:46:56,  4.95s/it]
 58%|█████▊    | 1795/3090 [2:38:38<1:46:51,  4.95s/it]
 58%|█████▊    | 1796/3090 [2:38:43<1:46:47,  4.95s/it]
 58%|█████▊    | 1797/3090 [2:38:48<1:46:41,  4.95s/it]
 58%|█████▊    | 1798/3090 [2:38:53<1:46:36,  4.95s/it]
 58%|█████▊    | 1799/3090 [2:38:58<1:46:31,  4.95s/it]
 58%|█████▊    | 1800/3090 [2:39:03<1:46:26,  4.95s/it]
 58%|█████▊    | 1801/3090 [2:39:08<1:46:21,  4.95s/it]
 58%|█████▊    | 1802/3090 [2:39:13<1:46:16,  4.95s/it]
 58%|█████▊    | 1803/3090 [2:39:18<1:46:12,  4.95s/it]
 58%|█████▊    | 1804/3090 [2:39:23<1:46:06,  4.95s/it]
 58%|█████▊    | 1805/3090 [2:39:28<1:46:01,  4.95s/it]
 58%|█████▊    | 1806/3090 [2:39:33<1:45:56,  4.95s/it]
 58%|█████▊    | 1807/3090 [2:39:38<1:45:51,  4.95s/it]
 59%|█████▊    | 1808/3090 [2:39:42<1:45:47,  4.95s/it]
 59%|█████▊    | 1809/3090 [2:39:47<1:45:42,  4.95s/it]
 59%|█████▊    | 1810/3090 [2:39:52<1:45:37,  4.95s/it]
 59%|█████▊    | 1811/3090 [2:39:57<1:45:32,  4.95s/it]
 59%|█████▊    | 1812/3090 [2:40:02<1:45:27,  4.95s/it]
 59%|█████▊    | 1813/3090 [2:40:07<1:45:22,  4.95s/it]
 59%|█████▊    | 1814/3090 [2:40:12<1:45:17,  4.95s/it]
 59%|█████▊    | 1815/3090 [2:40:17<1:45:13,  4.95s/it]
 59%|█████▉    | 1816/3090 [2:40:22<1:45:08,  4.95s/it]
 59%|█████▉    | 1817/3090 [2:40:27<1:45:03,  4.95s/it]
 59%|█████▉    | 1818/3090 [2:40:32<1:44:59,  4.95s/it]
 59%|█████▉    | 1819/3090 [2:40:37<1:44:55,  4.95s/it]
 59%|█████▉    | 1820/3090 [2:40:42<1:44:49,  4.95s/it]
 59%|█████▉    | 1821/3090 [2:40:47<1:44:44,  4.95s/it]
 59%|█████▉    | 1822/3090 [2:40:52<1:44:39,  4.95s/it]
 59%|█████▉    | 1823/3090 [2:40:57<1:44:34,  4.95s/it]
 59%|█████▉    | 1824/3090 [2:41:02<1:44:29,  4.95s/it]
 59%|█████▉    | 1825/3090 [2:41:07<1:44:24,  4.95s/it]
 59%|█████▉    | 1826/3090 [2:41:12<1:44:19,  4.95s/it]
 59%|█████▉    | 1827/3090 [2:41:17<1:44:13,  4.95s/it]
 59%|█████▉    | 1828/3090 [2:41:22<1:44:08,  4.95s/it]
 59%|█████▉    | 1829/3090 [2:41:26<1:44:05,  4.95s/it]
 59%|█████▉    | 1830/3090 [2:41:31<1:43:59,  4.95s/it]
 59%|█████▉    | 1831/3090 [2:41:36<1:43:54,  4.95s/it]
 59%|█████▉    | 1832/3090 [2:41:41<1:43:49,  4.95s/it]
 59%|█████▉    | 1833/3090 [2:41:46<1:43:44,  4.95s/it]
 59%|█████▉    | 1834/3090 [2:41:51<1:43:38,  4.95s/it]
 59%|█████▉    | 1835/3090 [2:41:56<1:43:33,  4.95s/it]
 59%|█████▉    | 1836/3090 [2:42:01<1:43:30,  4.95s/it]
 59%|█████▉    | 1837/3090 [2:42:06<1:43:23,  4.95s/it]
 59%|█████▉    | 1838/3090 [2:42:11<1:43:19,  4.95s/it]
 60%|█████▉    | 1839/3090 [2:42:16<1:43:14,  4.95s/it]
 60%|█████▉    | 1840/3090 [2:42:21<1:43:09,  4.95s/it]
 60%|█████▉    | 1841/3090 [2:42:26<1:43:04,  4.95s/it]
 60%|█████▉    | 1842/3090 [2:42:31<1:42:59,  4.95s/it]
 60%|█████▉    | 1843/3090 [2:42:36<1:42:54,  4.95s/it]
 60%|█████▉    | 1844/3090 [2:42:41<1:42:49,  4.95s/it]
 60%|█████▉    | 1845/3090 [2:42:46<1:42:44,  4.95s/it]
 60%|█████▉    | 1846/3090 [2:42:51<1:42:39,  4.95s/it]
 60%|█████▉    | 1847/3090 [2:42:56<1:42:34,  4.95s/it]
 60%|█████▉    | 1848/3090 [2:43:01<1:42:29,  4.95s/it]
 60%|█████▉    | 1849/3090 [2:43:05<1:42:24,  4.95s/it]
 60%|█████▉    | 1850/3090 [2:43:10<1:42:19,  4.95s/it]
 60%|█████▉    | 1851/3090 [2:43:15<1:42:14,  4.95s/it]
 60%|█████▉    | 1852/3090 [2:43:20<1:42:09,  4.95s/it]
 60%|█████▉    | 1853/3090 [2:43:25<1:42:04,  4.95s/it]
 60%|██████    | 1854/3090 [2:43:30<1:40:41,  4.89s/it]
                                                       

 60%|██████    | 1854/3090 [2:43:30<1:40:41,  4.89s/it]{'loss': 0.0171, 'grad_norm': 0.19002562761306763, 'learning_rate': 2e-05, 'epoch': 18.0}


  0%|          | 0/26 [00:00<?, ?it/s][A

  8%|▊         | 2/26 [00:01<00:14,  1.66it/s][A

 12%|█▏        | 3/26 [00:02<00:19,  1.18it/s][A

 15%|█▌        | 4/26 [00:03<00:21,  1.03it/s][A

 19%|█▉        | 5/26 [00:04<00:22,  1.05s/it][A

 23%|██▎       | 6/26 [00:05<00:21,  1.10s/it][A

 27%|██▋       | 7/26 [00:07<00:21,  1.13s/it][A

 31%|███       | 8/26 [00:08<00:20,  1.15s/it][A

 35%|███▍      | 9/26 [00:09<00:19,  1.16s/it][A

 38%|███▊      | 10/26 [00:10<00:18,  1.17s/it][A

 42%|████▏     | 11/26 [00:11<00:17,  1.18s/it][A

 46%|████▌     | 12/26 [00:13<00:16,  1.18s/it][A

 50%|█████     | 13/26 [00:14<00:15,  1.19s/it][A

 54%|█████▍    | 14/26 [00:15<00:14,  1.19s/it][A

 58%|█████▊    | 15/26 [00:16<00:13,  1.19s/it][A

 62%|██████▏   | 16/26 [00:17<00:11,  1.19s/it][A

 65%|██████▌   | 17/26 [00:19<00:10,  1.19s/it][A

 69%|██████▉   | 18/26 [00:20<00:09,  1.19s/it][A

 73%|███████▎  | 19/26 [00:21<00:08,  1.19s/it][A

 77%|███████▋  | 20/26 [00:22<00:07,  1.19s/it][A

 81%|████████  | 21/26 [00:23<00:05,  1.19s/it][A

 85%|████████▍ | 22/26 [00:25<00:04,  1.19s/it][A

 88%|████████▊ | 23/26 [00:26<00:03,  1.19s/it][A

 92%|█████████▏| 24/26 [00:27<00:02,  1.19s/it][A

 96%|█████████▌| 25/26 [00:28<00:01,  1.19s/it][A

100%|██████████| 26/26 [00:29<00:00,  1.13s/it][A

                                               
[A
                                                       

100%|██████████| 26/26 [00:29<00:00,  1.13s/it][A
 60%|██████    | 1854/3090 [2:44:01<1:40:41,  4.89s/it]

                                               [A{'eval_loss': 0.0750383585691452, 'eval_macro_recall': 0.9465703317398234, 'eval_macro_precision': 0.9497758836569964, 'eval_macro_f1': 0.9452091431062991, 'eval_accuracy': 0.9854368932038835, 'eval_micro_recall': 0.9854368932038835, 'eval_micro_precision': 0.9854368932038835, 'eval_micro_f1': 0.9854368932038835, 'eval_runtime': 31.1882, 'eval_samples_per_second': 26.42, 'eval_steps_per_second': 0.834, 'epoch': 18.0}

 60%|██████    | 1855/3090 [2:44:10<5:16:54, 15.40s/it]
 60%|██████    | 1856/3090 [2:44:15<4:12:11, 12.26s/it]
 60%|██████    | 1857/3090 [2:44:20<3:26:56, 10.07s/it]
 60%|██████    | 1858/3090 [2:44:25<2:55:15,  8.54s/it]
 60%|██████    | 1859/3090 [2:44:30<2:33:04,  7.46s/it]
 60%|██████    | 1860/3090 [2:44:35<2:17:32,  6.71s/it]
 60%|██████    | 1861/3090 [2:44:40<2:06:38,  6.18s/it]
 60%|██████    | 1862/3090 [2:44:45<1:58:58,  5.81s/it]
 60%|██████    | 1863/3090 [2:44:50<1:53:45,  5.56s/it]
 60%|██████    | 1864/3090 [2:44:55<1:49:54,  5.38s/it]
 60%|██████    | 1865/3090 [2:45:00<1:47:11,  5.25s/it]
 60%|██████    | 1866/3090 [2:45:04<1:45:17,  5.16s/it]
 60%|██████    | 1867/3090 [2:45:09<1:43:55,  5.10s/it]
 60%|██████    | 1868/3090 [2:45:14<1:42:56,  5.05s/it]
 60%|██████    | 1869/3090 [2:45:19<1:42:13,  5.02s/it]
 61%|██████    | 1870/3090 [2:45:24<1:41:42,  5.00s/it]
 61%|██████    | 1871/3090 [2:45:29<1:41:18,  4.99s/it]
 61%|██████    | 1872/3090 [2:45:34<1:41:00,  4.98s/it]
 61%|██████    | 1873/3090 [2:45:39<1:40:46,  4.97s/it]
 61%|██████    | 1874/3090 [2:45:44<1:40:35,  4.96s/it]
 61%|██████    | 1875/3090 [2:45:49<1:40:26,  4.96s/it]
 61%|██████    | 1876/3090 [2:45:54<1:40:17,  4.96s/it]
 61%|██████    | 1877/3090 [2:45:59<1:40:10,  4.95s/it]
 61%|██████    | 1878/3090 [2:46:04<1:40:03,  4.95s/it]
 61%|██████    | 1879/3090 [2:46:09<1:39:58,  4.95s/it]
 61%|██████    | 1880/3090 [2:46:14<1:39:53,  4.95s/it]
 61%|██████    | 1881/3090 [2:46:19<1:39:48,  4.95s/it]
 61%|██████    | 1882/3090 [2:46:24<1:39:42,  4.95s/it]
 61%|██████    | 1883/3090 [2:46:29<1:39:37,  4.95s/it]
 61%|██████    | 1884/3090 [2:46:34<1:39:31,  4.95s/it]
 61%|██████    | 1885/3090 [2:46:39<1:39:26,  4.95s/it]
 61%|██████    | 1886/3090 [2:46:43<1:39:22,  4.95s/it]
 61%|██████    | 1887/3090 [2:46:48<1:39:17,  4.95s/it]
 61%|██████    | 1888/3090 [2:46:53<1:39:11,  4.95s/it]
 61%|██████    | 1889/3090 [2:46:58<1:39:06,  4.95s/it]
 61%|██████    | 1890/3090 [2:47:03<1:39:02,  4.95s/it]
 61%|██████    | 1891/3090 [2:47:08<1:38:57,  4.95s/it]
 61%|██████    | 1892/3090 [2:47:13<1:38:52,  4.95s/it]
 61%|██████▏   | 1893/3090 [2:47:18<1:38:47,  4.95s/it]
 61%|██████▏   | 1894/3090 [2:47:23<1:38:41,  4.95s/it]
 61%|██████▏   | 1895/3090 [2:47:28<1:38:37,  4.95s/it]
 61%|██████▏   | 1896/3090 [2:47:33<1:38:32,  4.95s/it]
 61%|██████▏   | 1897/3090 [2:47:38<1:38:28,  4.95s/it]
 61%|██████▏   | 1898/3090 [2:47:43<1:38:22,  4.95s/it]
 61%|██████▏   | 1899/3090 [2:47:48<1:38:17,  4.95s/it]
 61%|██████▏   | 1900/3090 [2:47:53<1:38:12,  4.95s/it]
 62%|██████▏   | 1901/3090 [2:47:58<1:38:07,  4.95s/it]
 62%|██████▏   | 1902/3090 [2:48:03<1:38:02,  4.95s/it]
 62%|██████▏   | 1903/3090 [2:48:08<1:37:57,  4.95s/it]
 62%|██████▏   | 1904/3090 [2:48:13<1:37:52,  4.95s/it]
 62%|██████▏   | 1905/3090 [2:48:18<1:37:47,  4.95s/it]
 62%|██████▏   | 1906/3090 [2:48:23<1:37:42,  4.95s/it]
 62%|██████▏   | 1907/3090 [2:48:27<1:37:37,  4.95s/it]
 62%|██████▏   | 1908/3090 [2:48:32<1:37:32,  4.95s/it]
 62%|██████▏   | 1909/3090 [2:48:37<1:37:29,  4.95s/it]
 62%|██████▏   | 1910/3090 [2:48:42<1:37:23,  4.95s/it]
 62%|██████▏   | 1911/3090 [2:48:47<1:37:18,  4.95s/it]
 62%|██████▏   | 1912/3090 [2:48:52<1:37:14,  4.95s/it]
 62%|██████▏   | 1913/3090 [2:48:57<1:37:08,  4.95s/it]
 62%|██████▏   | 1914/3090 [2:49:02<1:37:04,  4.95s/it]
 62%|██████▏   | 1915/3090 [2:49:07<1:36:59,  4.95s/it]
 62%|██████▏   | 1916/3090 [2:49:12<1:36:53,  4.95s/it]
 62%|██████▏   | 1917/3090 [2:49:17<1:36:48,  4.95s/it]
 62%|██████▏   | 1918/3090 [2:49:22<1:36:43,  4.95s/it]
 62%|██████▏   | 1919/3090 [2:49:27<1:36:38,  4.95s/it]
 62%|██████▏   | 1920/3090 [2:49:32<1:36:33,  4.95s/it]
 62%|██████▏   | 1921/3090 [2:49:37<1:36:28,  4.95s/it]
 62%|██████▏   | 1922/3090 [2:49:42<1:36:23,  4.95s/it]
 62%|██████▏   | 1923/3090 [2:49:47<1:36:18,  4.95s/it]
 62%|██████▏   | 1924/3090 [2:49:52<1:36:14,  4.95s/it]
 62%|██████▏   | 1925/3090 [2:49:57<1:36:08,  4.95s/it]
 62%|██████▏   | 1926/3090 [2:50:02<1:36:03,  4.95s/it]
 62%|██████▏   | 1927/3090 [2:50:07<1:35:58,  4.95s/it]
 62%|██████▏   | 1928/3090 [2:50:11<1:35:53,  4.95s/it]
 62%|██████▏   | 1929/3090 [2:50:16<1:35:48,  4.95s/it]
 62%|██████▏   | 1930/3090 [2:50:21<1:35:44,  4.95s/it]
 62%|██████▏   | 1931/3090 [2:50:26<1:35:39,  4.95s/it]
 63%|██████▎   | 1932/3090 [2:50:31<1:35:34,  4.95s/it]
 63%|██████▎   | 1933/3090 [2:50:36<1:35:29,  4.95s/it]
 63%|██████▎   | 1934/3090 [2:50:41<1:35:24,  4.95s/it]
 63%|██████▎   | 1935/3090 [2:50:46<1:35:19,  4.95s/it]
 63%|██████▎   | 1936/3090 [2:50:51<1:35:14,  4.95s/it]
 63%|██████▎   | 1937/3090 [2:50:56<1:35:09,  4.95s/it]
 63%|██████▎   | 1938/3090 [2:51:01<1:35:05,  4.95s/it]
 63%|██████▎   | 1939/3090 [2:51:06<1:34:59,  4.95s/it]
 63%|██████▎   | 1940/3090 [2:51:11<1:34:53,  4.95s/it]
 63%|██████▎   | 1941/3090 [2:51:16<1:34:48,  4.95s/it]
 63%|██████▎   | 1942/3090 [2:51:21<1:34:43,  4.95s/it]
 63%|██████▎   | 1943/3090 [2:51:26<1:34:39,  4.95s/it]
 63%|██████▎   | 1944/3090 [2:51:31<1:34:34,  4.95s/it]
 63%|██████▎   | 1945/3090 [2:51:36<1:34:29,  4.95s/it]
 63%|██████▎   | 1946/3090 [2:51:41<1:34:23,  4.95s/it]
 63%|██████▎   | 1947/3090 [2:51:46<1:34:18,  4.95s/it]
 63%|██████▎   | 1948/3090 [2:51:50<1:34:14,  4.95s/it]
 63%|██████▎   | 1949/3090 [2:51:55<1:34:09,  4.95s/it]
 63%|██████▎   | 1950/3090 [2:52:00<1:34:05,  4.95s/it]
 63%|██████▎   | 1951/3090 [2:52:05<1:33:59,  4.95s/it]
 63%|██████▎   | 1952/3090 [2:52:10<1:33:54,  4.95s/it]
 63%|██████▎   | 1953/3090 [2:52:15<1:33:49,  4.95s/it]
 63%|██████▎   | 1954/3090 [2:52:20<1:33:44,  4.95s/it]
 63%|██████▎   | 1955/3090 [2:52:25<1:33:39,  4.95s/it]
 63%|██████▎   | 1956/3090 [2:52:30<1:33:34,  4.95s/it]
 63%|██████▎   | 1957/3090 [2:52:35<1:32:09,  4.88s/it]
                                                       

 63%|██████▎   | 1957/3090 [2:52:35<1:32:09,  4.88s/it]{'loss': 0.0156, 'grad_norm': 0.03188316896557808, 'learning_rate': 1.8333333333333333e-05, 'epoch': 19.0}


  0%|          | 0/26 [00:00<?, ?it/s][A

  8%|▊         | 2/26 [00:01<00:14,  1.67it/s][A

 12%|█▏        | 3/26 [00:02<00:19,  1.18it/s][A

 15%|█▌        | 4/26 [00:03<00:21,  1.03it/s][A

 19%|█▉        | 5/26 [00:04<00:22,  1.05s/it][A

 23%|██▎       | 6/26 [00:05<00:21,  1.10s/it][A

 27%|██▋       | 7/26 [00:07<00:21,  1.13s/it][A

 31%|███       | 8/26 [00:08<00:20,  1.15s/it][A

 35%|███▍      | 9/26 [00:09<00:19,  1.16s/it][A

 38%|███▊      | 10/26 [00:10<00:18,  1.17s/it][A

 42%|████▏     | 11/26 [00:11<00:17,  1.18s/it][A

 46%|████▌     | 12/26 [00:13<00:16,  1.18s/it][A

 50%|█████     | 13/26 [00:14<00:15,  1.19s/it][A

 54%|█████▍    | 14/26 [00:15<00:14,  1.19s/it][A

 58%|█████▊    | 15/26 [00:16<00:13,  1.19s/it][A

 62%|██████▏   | 16/26 [00:17<00:11,  1.19s/it][A

 65%|██████▌   | 17/26 [00:19<00:10,  1.19s/it][A

 69%|██████▉   | 18/26 [00:20<00:09,  1.19s/it][A

 73%|███████▎  | 19/26 [00:21<00:08,  1.19s/it][A

 77%|███████▋  | 20/26 [00:22<00:07,  1.19s/it][A

 81%|████████  | 21/26 [00:23<00:05,  1.19s/it][A

 85%|████████▍ | 22/26 [00:25<00:04,  1.19s/it][A

 88%|████████▊ | 23/26 [00:26<00:03,  1.19s/it][A

 92%|█████████▏| 24/26 [00:27<00:02,  1.19s/it][A

 96%|█████████▌| 25/26 [00:28<00:01,  1.19s/it][A

100%|██████████| 26/26 [00:29<00:00,  1.13s/it][A

                                               
[A
                                                       

100%|██████████| 26/26 [00:29<00:00,  1.13s/it][A
 63%|██████▎   | 1957/3090 [2:53:06<1:32:09,  4.88s/it]

                                               [A
                                                       

 63%|██████▎   | 1957/3090 [2:53:12<1:32:09,  4.88s/it]
 63%|██████▎   | 1957/3090 [2:53:12<1:40:16,  5.31s/it]
2025-04-12 01:16:52.578 | INFO     | __main__:fine_tune:230 - Training time: 10395.83 seconds
{'eval_loss': 0.07733985036611557, 'eval_macro_recall': 0.9476387078081993, 'eval_macro_precision': 0.9500829877090397, 'eval_macro_f1': 0.9458723371503027, 'eval_accuracy': 0.9866504854368932, 'eval_micro_recall': 0.9866504854368932, 'eval_micro_precision': 0.9866504854368932, 'eval_micro_f1': 0.9866504854368932, 'eval_runtime': 31.1688, 'eval_samples_per_second': 26.437, 'eval_steps_per_second': 0.834, 'epoch': 19.0}
{'train_runtime': 10392.6763, 'train_samples_per_second': 9.509, 'train_steps_per_second': 0.297, 'train_loss': 0.2535539471987382, 'epoch': 19.0}

  0%|          | 0/26 [00:00<?, ?it/s]
  8%|▊         | 2/26 [00:01<00:14,  1.68it/s]
 12%|█▏        | 3/26 [00:02<00:19,  1.18it/s]
 15%|█▌        | 4/26 [00:03<00:21,  1.03it/s]
 19%|█▉        | 5/26 [00:04<00:22,  1.05s/it]
 23%|██▎       | 6/26 [00:05<00:21,  1.10s/it]
 27%|██▋       | 7/26 [00:07<00:21,  1.13s/it]
 31%|███       | 8/26 [00:08<00:20,  1.15s/it]
 35%|███▍      | 9/26 [00:09<00:19,  1.16s/it]
 38%|███▊      | 10/26 [00:10<00:18,  1.17s/it]
 42%|████▏     | 11/26 [00:11<00:17,  1.18s/it]
 46%|████▌     | 12/26 [00:13<00:16,  1.18s/it]
 50%|█████     | 13/26 [00:14<00:15,  1.18s/it]
 54%|█████▍    | 14/26 [00:15<00:14,  1.19s/it]
 58%|█████▊    | 15/26 [00:16<00:13,  1.19s/it]
 62%|██████▏   | 16/26 [00:17<00:11,  1.19s/it]
 65%|██████▌   | 17/26 [00:19<00:10,  1.19s/it]
 69%|██████▉   | 18/26 [00:20<00:09,  1.19s/it]
 73%|███████▎  | 19/26 [00:21<00:08,  1.19s/it]
 77%|███████▋  | 20/26 [00:22<00:07,  1.19s/it]
 81%|████████  | 21/26 [00:23<00:05,  1.19s/it]
 85%|████████▍ | 22/26 [00:25<00:04,  1.19s/it]
 88%|████████▊ | 23/26 [00:26<00:03,  1.19s/it]
 92%|█████████▏| 24/26 [00:27<00:02,  1.19s/it]
 96%|█████████▌| 25/26 [00:28<00:01,  1.19s/it]
100%|██████████| 26/26 [00:29<00:00,  1.13s/it]
100%|██████████| 26/26 [00:29<00:00,  1.14s/it]
2025-04-12 01:17:23.700 | INFO     | __main__:fine_tune:236 - Prediction time: 31.12 seconds
2025-04-12 01:17:23.706 | INFO     | __main__:CV_run:413 - Fold 3, Final Eval Metrics: loss: 0.08, macro_recall: 0.95, macro_precision: 0.95, macro_f1: 0.95, accuracy: 0.99, micro_recall: 0.99, micro_precision: 0.99, micro_f1: 0.99, runtime: 31.17, samples_per_second: 26.44, steps_per_second: 0.83
2025-04-12 01:17:23.732 | INFO     | __main__:CV_run:351 - Starting fold 4
Some weights of LongformerForSequenceClassification were not initialized from the model checkpoint at allenai/longformer-base-4096 and are newly initialized: ['classifier.dense.bias', 'classifier.dense.weight', 'classifier.out_proj.bias', 'classifier.out_proj.weight']
You should probably TRAIN this model on a down-stream task to be able to use it for predictions and inference.
2025-04-12 01:17:25.857 | INFO     | __main__:CV_run:403 - Starting fine-tuning with cross-entropy loss
2025-04-12 01:17:25.858 | INFO     | __main__:fine_tune:153 - Gradient accumulation steps: 4
Eval results: defaultdict(<class 'list'>, {'loss': [1.270049810409546, 0.5201152563095093, 0.2941197454929352, 0.2051125317811966, 0.1343126744031906, 0.11457937955856323, 0.09142464399337769, 0.09114180505275726, 0.08241096138954163, 0.0784616768360138, 0.08001487702131271, 0.07461517304182053, 0.0676654502749443, 0.0662451758980751, 0.07481565326452255, 0.07471414655447006, 0.07727579772472382, 0.0750383585691452, 0.07733985036611557], 'macro_recall': [0.561983316432469, 0.8004161014754235, 0.8589667316362232, 0.8912316889011803, 0.9278345163938385, 0.9219976821671736, 0.934390844560336, 0.9337498189193106, 0.9450746052440968, 0.9450746052440968, 0.9475210053599884, 0.947421410980733, 0.9481728958423875, 0.9481728958423875, 0.9476387078081993, 0.9476387078081993, 0.9476387078081993, 0.9465703317398234, 0.9476387078081993], 'macro_precision': [0.4951063438881722, 0.7597658655452177, 0.8489854357861609, 0.8792820666552504, 0.9282124327599439, 0.9135342883744966, 0.9423359522976179, 0.9338534839694146, 0.9501115848429001, 0.9524829420599923, 0.9518298058177754, 0.9506188100234463, 0.9527579443313647, 0.9516092392352912, 0.9500829877090397, 0.9500829877090397, 0.9500829877090397, 0.9497758836569964, 0.9500829877090397], 'macro_f1': [0.502319455962223, 0.7700791203999915, 0.8473640322919969, 0.8795866973916444, 0.9243654592145452, 0.9128311696381332, 0.9345696477969175, 0.9303588115289824, 0.9445955991700253, 0.9460341242070027, 0.9469598286086143, 0.9461834800243745, 0.9478540350392434, 0.9471163649900753, 0.9458723371503027, 0.9458723371503027, 0.9458723371503027, 0.9452091431062991, 0.9458723371503027], 'accuracy': [0.7912621359223301, 0.9114077669902912, 0.9393203883495146, 0.9466019417475728, 0.9745145631067961, 0.9672330097087378, 0.9793689320388349, 0.9805825242718447, 0.9854368932038835, 0.9854368932038835, 0.9842233009708737, 0.9854368932038835, 0.9878640776699029, 0.9878640776699029, 0.9866504854368932, 0.9866504854368932, 0.9866504854368932, 0.9854368932038835, 0.9866504854368932], 'micro_recall': [0.7912621359223301, 0.9114077669902912, 0.9393203883495146, 0.9466019417475728, 0.9745145631067961, 0.9672330097087378, 0.9793689320388349, 0.9805825242718447, 0.9854368932038835, 0.9854368932038835, 0.9842233009708737, 0.9854368932038835, 0.9878640776699029, 0.9878640776699029, 0.9866504854368932, 0.9866504854368932, 0.9866504854368932, 0.9854368932038835, 0.9866504854368932], 'micro_precision': [0.7912621359223301, 0.9114077669902912, 0.9393203883495146, 0.9466019417475728, 0.9745145631067961, 0.9672330097087378, 0.9793689320388349, 0.9805825242718447, 0.9854368932038835, 0.9854368932038835, 0.9842233009708737, 0.9854368932038835, 0.9878640776699029, 0.9878640776699029, 0.9866504854368932, 0.9866504854368932, 0.9866504854368932, 0.9854368932038835, 0.9866504854368932], 'micro_f1': [0.7912621359223301, 0.9114077669902911, 0.9393203883495146, 0.9466019417475728, 0.9745145631067961, 0.9672330097087378, 0.9793689320388349, 0.9805825242718447, 0.9854368932038835, 0.9854368932038835, 0.9842233009708737, 0.9854368932038835, 0.9878640776699029, 0.9878640776699029, 0.9866504854368932, 0.9866504854368932, 0.9866504854368932, 0.9854368932038835, 0.9866504854368932], 'runtime': [31.6322, 31.1765, 31.2872, 31.2283, 31.3868, 31.1747, 31.1744, 32.5155, 31.202, 31.2434, 31.5344, 31.1662, 31.2073, 31.475, 32.6501, 31.1856, 31.1793, 31.1882, 31.1688], 'samples_per_second': [26.049, 26.43, 26.337, 26.386, 26.253, 26.432, 26.432, 25.342, 26.409, 26.374, 26.13, 26.439, 26.404, 26.18, 25.237, 26.422, 26.428, 26.42, 26.437], 'steps_per_second': [0.822, 0.834, 0.831, 0.833, 0.828, 0.834, 0.834, 0.8, 0.833, 0.832, 0.824, 0.834, 0.833, 0.826, 0.796, 0.834, 0.834, 0.834, 0.834]})

  0%|          | 0/3090 [00:00<?, ?it/s]
  0%|          | 1/3090 [00:05<4:36:35,  5.37s/it]
  0%|          | 2/3090 [00:10<4:23:46,  5.13s/it]
  0%|          | 3/3090 [00:15<4:19:35,  5.05s/it]
  0%|          | 4/3090 [00:20<4:17:37,  5.01s/it]
  0%|          | 5/3090 [00:25<4:16:26,  4.99s/it]
  0%|          | 6/3090 [00:30<4:15:42,  4.97s/it]
  0%|          | 7/3090 [00:35<4:15:11,  4.97s/it]
  0%|          | 8/3090 [00:40<4:14:50,  4.96s/it]
  0%|          | 9/3090 [00:44<4:14:35,  4.96s/it]
  0%|          | 10/3090 [00:49<4:14:22,  4.96s/it]
  0%|          | 11/3090 [00:54<4:14:13,  4.95s/it]
  0%|          | 12/3090 [00:59<4:14:04,  4.95s/it]
  0%|          | 13/3090 [01:04<4:13:56,  4.95s/it]
  0%|          | 14/3090 [01:09<4:13:52,  4.95s/it]
  0%|          | 15/3090 [01:14<4:13:45,  4.95s/it]
  1%|          | 16/3090 [01:19<4:13:39,  4.95s/it]
  1%|          | 17/3090 [01:24<4:13:36,  4.95s/it]
  1%|          | 18/3090 [01:29<4:13:33,  4.95s/it]
  1%|          | 19/3090 [01:34<4:13:27,  4.95s/it]
  1%|          | 20/3090 [01:39<4:13:25,  4.95s/it]
  1%|          | 21/3090 [01:44<4:13:17,  4.95s/it]
  1%|          | 22/3090 [01:49<4:13:15,  4.95s/it]
  1%|          | 23/3090 [01:54<4:13:12,  4.95s/it]
  1%|          | 24/3090 [01:59<4:13:06,  4.95s/it]
  1%|          | 25/3090 [02:04<4:13:00,  4.95s/it]
  1%|          | 26/3090 [02:09<4:12:52,  4.95s/it]
  1%|          | 27/3090 [02:14<4:12:51,  4.95s/it]
  1%|          | 28/3090 [02:19<4:12:44,  4.95s/it]
  1%|          | 29/3090 [02:24<4:12:38,  4.95s/it]
  1%|          | 30/3090 [02:28<4:12:32,  4.95s/it]
  1%|          | 31/3090 [02:33<4:12:29,  4.95s/it]
  1%|          | 32/3090 [02:38<4:12:23,  4.95s/it]
  1%|          | 33/3090 [02:43<4:12:17,  4.95s/it]
  1%|          | 34/3090 [02:48<4:12:10,  4.95s/it]
  1%|          | 35/3090 [02:53<4:12:07,  4.95s/it]
  1%|          | 36/3090 [02:58<4:12:02,  4.95s/it]
  1%|          | 37/3090 [03:03<4:11:57,  4.95s/it]
  1%|          | 38/3090 [03:08<4:11:52,  4.95s/it]
  1%|▏         | 39/3090 [03:13<4:11:46,  4.95s/it]
  1%|▏         | 40/3090 [03:18<4:11:40,  4.95s/it]
  1%|▏         | 41/3090 [03:23<4:11:35,  4.95s/it]
  1%|▏         | 42/3090 [03:28<4:11:30,  4.95s/it]
  1%|▏         | 43/3090 [03:33<4:11:24,  4.95s/it]
  1%|▏         | 44/3090 [03:38<4:11:20,  4.95s/it]
  1%|▏         | 45/3090 [03:43<4:11:15,  4.95s/it]
  1%|▏         | 46/3090 [03:48<4:11:11,  4.95s/it]
  2%|▏         | 47/3090 [03:53<4:11:04,  4.95s/it]
  2%|▏         | 48/3090 [03:58<4:10:59,  4.95s/it]
  2%|▏         | 49/3090 [04:03<4:10:55,  4.95s/it]
  2%|▏         | 50/3090 [04:07<4:10:52,  4.95s/it]
  2%|▏         | 51/3090 [04:12<4:10:48,  4.95s/it]
  2%|▏         | 52/3090 [04:17<4:10:44,  4.95s/it]
  2%|▏         | 53/3090 [04:22<4:10:38,  4.95s/it]
  2%|▏         | 54/3090 [04:27<4:10:34,  4.95s/it]
  2%|▏         | 55/3090 [04:32<4:10:28,  4.95s/it]
  2%|▏         | 56/3090 [04:37<4:10:23,  4.95s/it]
  2%|▏         | 57/3090 [04:42<4:10:17,  4.95s/it]
  2%|▏         | 58/3090 [04:47<4:10:13,  4.95s/it]
  2%|▏         | 59/3090 [04:52<4:10:09,  4.95s/it]
  2%|▏         | 60/3090 [04:57<4:10:02,  4.95s/it]
  2%|▏         | 61/3090 [05:02<4:09:56,  4.95s/it]
  2%|▏         | 62/3090 [05:07<4:09:52,  4.95s/it]
  2%|▏         | 63/3090 [05:12<4:09:45,  4.95s/it]
  2%|▏         | 64/3090 [05:17<4:09:45,  4.95s/it]
  2%|▏         | 65/3090 [05:22<4:09:39,  4.95s/it]
  2%|▏         | 66/3090 [05:27<4:09:33,  4.95s/it]
  2%|▏         | 67/3090 [05:32<4:09:28,  4.95s/it]
  2%|▏         | 68/3090 [05:37<4:09:21,  4.95s/it]
  2%|▏         | 69/3090 [05:42<4:09:18,  4.95s/it]
  2%|▏         | 70/3090 [05:47<4:09:13,  4.95s/it]
  2%|▏         | 71/3090 [05:51<4:09:06,  4.95s/it]
  2%|▏         | 72/3090 [05:56<4:09:01,  4.95s/it]
  2%|▏         | 73/3090 [06:01<4:08:58,  4.95s/it]
  2%|▏         | 74/3090 [06:06<4:08:52,  4.95s/it]
  2%|▏         | 75/3090 [06:11<4:08:51,  4.95s/it]
  2%|▏         | 76/3090 [06:16<4:08:45,  4.95s/it]
  2%|▏         | 77/3090 [06:21<4:08:40,  4.95s/it]
  3%|▎         | 78/3090 [06:26<4:08:34,  4.95s/it]
  3%|▎         | 79/3090 [06:31<4:08:27,  4.95s/it]
  3%|▎         | 80/3090 [06:36<4:08:23,  4.95s/it]
  3%|▎         | 81/3090 [06:41<4:08:16,  4.95s/it]
  3%|▎         | 82/3090 [06:46<4:08:13,  4.95s/it]
  3%|▎         | 83/3090 [06:51<4:08:08,  4.95s/it]
  3%|▎         | 84/3090 [06:56<4:08:02,  4.95s/it]
  3%|▎         | 85/3090 [07:01<4:07:56,  4.95s/it]
  3%|▎         | 86/3090 [07:06<4:07:51,  4.95s/it]
  3%|▎         | 87/3090 [07:11<4:07:47,  4.95s/it]
  3%|▎         | 88/3090 [07:16<4:07:39,  4.95s/it]
  3%|▎         | 89/3090 [07:21<4:07:36,  4.95s/it]
  3%|▎         | 90/3090 [07:26<4:07:34,  4.95s/it]
  3%|▎         | 91/3090 [07:31<4:07:32,  4.95s/it]
  3%|▎         | 92/3090 [07:35<4:07:26,  4.95s/it]
  3%|▎         | 93/3090 [07:40<4:07:22,  4.95s/it]
  3%|▎         | 94/3090 [07:45<4:07:18,  4.95s/it]
  3%|▎         | 95/3090 [07:50<4:07:13,  4.95s/it]
  3%|▎         | 96/3090 [07:55<4:07:08,  4.95s/it]
  3%|▎         | 97/3090 [08:00<4:07:01,  4.95s/it]
  3%|▎         | 98/3090 [08:05<4:06:55,  4.95s/it]
  3%|▎         | 99/3090 [08:10<4:06:50,  4.95s/it]
  3%|▎         | 100/3090 [08:15<4:06:44,  4.95s/it]
  3%|▎         | 101/3090 [08:20<4:06:38,  4.95s/it]
  3%|▎         | 102/3090 [08:25<4:06:34,  4.95s/it]
  3%|▎         | 103/3090 [08:30<4:13:56,  5.10s/it]
                                                    

  3%|▎         | 103/3090 [08:30<4:13:56,  5.10s/it]{'loss': 2.6569, 'grad_norm': 4.942010879516602, 'learning_rate': 4.8333333333333334e-05, 'epoch': 1.0}


  0%|          | 0/26 [00:00<?, ?it/s][A

  8%|▊         | 2/26 [00:01<00:14,  1.67it/s][A

 12%|█▏        | 3/26 [00:02<00:19,  1.18it/s][A

 15%|█▌        | 4/26 [00:03<00:21,  1.03it/s][A

 19%|█▉        | 5/26 [00:04<00:22,  1.05s/it][A

 23%|██▎       | 6/26 [00:05<00:21,  1.10s/it][A

 27%|██▋       | 7/26 [00:07<00:21,  1.13s/it][A

 31%|███       | 8/26 [00:08<00:20,  1.15s/it][A

 35%|███▍      | 9/26 [00:09<00:19,  1.16s/it][A

 38%|███▊      | 10/26 [00:10<00:18,  1.17s/it][A

 42%|████▏     | 11/26 [00:11<00:17,  1.18s/it][A

 46%|████▌     | 12/26 [00:13<00:16,  1.18s/it][A

 50%|█████     | 13/26 [00:14<00:15,  1.19s/it][A

 54%|█████▍    | 14/26 [00:15<00:14,  1.19s/it][A

 58%|█████▊    | 15/26 [00:16<00:13,  1.19s/it][A

 62%|██████▏   | 16/26 [00:17<00:11,  1.19s/it][A

 65%|██████▌   | 17/26 [00:19<00:10,  1.19s/it][A

 69%|██████▉   | 18/26 [00:20<00:09,  1.19s/it][A

 73%|███████▎  | 19/26 [00:21<00:08,  1.19s/it][A

 77%|███████▋  | 20/26 [00:22<00:07,  1.19s/it][A

 81%|████████  | 21/26 [00:23<00:05,  1.19s/it][A

 85%|████████▍ | 22/26 [00:25<00:04,  1.19s/it][A

 88%|████████▊ | 23/26 [00:26<00:03,  1.19s/it][A

 92%|█████████▏| 24/26 [00:27<00:02,  1.19s/it][A

 96%|█████████▌| 25/26 [00:28<00:01,  1.19s/it][A

100%|██████████| 26/26 [00:29<00:00,  1.13s/it][A

                                               
[A
                                                    

100%|██████████| 26/26 [00:29<00:00,  1.13s/it][A
  3%|▎         | 103/3090 [09:02<4:13:56,  5.10s/it]

                                               [A{'eval_loss': 1.1894720792770386, 'eval_macro_recall': 0.53640664160401, 'eval_macro_precision': 0.48757491240015743, 'eval_macro_f1': 0.48424660792950974, 'eval_accuracy': 0.7715674362089915, 'eval_micro_recall': 0.7715674362089915, 'eval_micro_precision': 0.7715674362089915, 'eval_micro_f1': 0.7715674362089915, 'eval_runtime': 31.1807, 'eval_samples_per_second': 26.395, 'eval_steps_per_second': 0.834, 'epoch': 1.0}

  3%|▎         | 104/3090 [09:10<12:53:36, 15.54s/it]
  3%|▎         | 105/3090 [09:15<10:15:20, 12.37s/it]
  3%|▎         | 106/3090 [09:20<8:24:31, 10.14s/it] 
  3%|▎         | 107/3090 [09:25<7:06:54,  8.59s/it]
  3%|▎         | 108/3090 [09:30<6:12:35,  7.50s/it]
  4%|▎         | 109/3090 [09:35<5:34:34,  6.73s/it]
  4%|▎         | 110/3090 [09:40<5:07:58,  6.20s/it]
  4%|▎         | 111/3090 [09:45<4:49:18,  5.83s/it]
  4%|▎         | 112/3090 [10:03<7:42:35,  9.32s/it]
  4%|▎         | 113/3090 [10:08<6:42:10,  8.11s/it]
  4%|▎         | 114/3090 [10:13<5:55:07,  7.16s/it]
  4%|▎         | 115/3090 [10:18<5:22:14,  6.50s/it]
  4%|▍         | 116/3090 [10:23<4:59:07,  6.03s/it]
  4%|▍         | 117/3090 [10:28<4:42:56,  5.71s/it]
  4%|▍         | 118/3090 [10:33<4:31:32,  5.48s/it]
  4%|▍         | 119/3090 [10:37<4:23:35,  5.32s/it]
  4%|▍         | 120/3090 [10:42<4:18:15,  5.22s/it]
  4%|▍         | 121/3090 [10:47<4:14:15,  5.14s/it]
  4%|▍         | 122/3090 [10:54<4:30:41,  5.47s/it]
  4%|▍         | 123/3090 [10:59<4:24:21,  5.35s/it]
  4%|▍         | 124/3090 [11:04<4:18:46,  5.23s/it]
  4%|▍         | 125/3090 [11:09<4:15:32,  5.17s/it]
  4%|▍         | 126/3090 [11:14<4:13:42,  5.14s/it]
  4%|▍         | 127/3090 [11:19<4:12:28,  5.11s/it]
  4%|▍         | 128/3090 [11:24<4:10:37,  5.08s/it]
  4%|▍         | 129/3090 [11:29<4:08:44,  5.04s/it]
  4%|▍         | 130/3090 [11:34<4:07:26,  5.02s/it]
  4%|▍         | 131/3090 [11:39<4:06:26,  5.00s/it]
  4%|▍         | 132/3090 [11:44<4:14:36,  5.16s/it]
  4%|▍         | 133/3090 [11:49<4:13:24,  5.14s/it]
  4%|▍         | 134/3090 [11:54<4:10:32,  5.09s/it]
  4%|▍         | 135/3090 [11:59<4:08:30,  5.05s/it]
  4%|▍         | 136/3090 [12:04<4:06:59,  5.02s/it]
  4%|▍         | 137/3090 [12:09<4:05:54,  5.00s/it]
  4%|▍         | 138/3090 [12:14<4:05:12,  4.98s/it]
  4%|▍         | 139/3090 [12:19<4:04:39,  4.97s/it]
  5%|▍         | 140/3090 [12:24<4:04:13,  4.97s/it]
  5%|▍         | 141/3090 [12:29<4:03:55,  4.96s/it]
  5%|▍         | 142/3090 [12:34<4:03:41,  4.96s/it]
  5%|▍         | 143/3090 [12:39<4:03:28,  4.96s/it]
  5%|▍         | 144/3090 [12:44<4:03:18,  4.96s/it]
  5%|▍         | 145/3090 [12:49<4:03:08,  4.95s/it]
  5%|▍         | 146/3090 [12:54<4:12:06,  5.14s/it]
  5%|▍         | 147/3090 [12:59<4:10:43,  5.11s/it]
  5%|▍         | 148/3090 [13:04<4:08:34,  5.07s/it]
  5%|▍         | 149/3090 [13:09<4:07:52,  5.06s/it]
  5%|▍         | 150/3090 [13:14<4:07:45,  5.06s/it]
  5%|▍         | 151/3090 [13:19<4:07:52,  5.06s/it]
  5%|▍         | 152/3090 [13:24<4:06:55,  5.04s/it]
  5%|▍         | 153/3090 [13:29<4:05:30,  5.02s/it]
  5%|▍         | 154/3090 [13:34<4:04:29,  5.00s/it]
  5%|▌         | 155/3090 [13:39<4:03:45,  4.98s/it]
  5%|▌         | 156/3090 [13:45<4:11:34,  5.14s/it]
  5%|▌         | 157/3090 [13:50<4:09:05,  5.10s/it]
  5%|▌         | 158/3090 [13:55<4:06:58,  5.05s/it]
  5%|▌         | 159/3090 [14:00<4:05:23,  5.02s/it]
  5%|▌         | 160/3090 [14:05<4:04:20,  5.00s/it]
  5%|▌         | 161/3090 [14:10<4:03:28,  4.99s/it]
  5%|▌         | 162/3090 [14:15<4:02:51,  4.98s/it]
  5%|▌         | 163/3090 [14:20<4:02:22,  4.97s/it]
  5%|▌         | 164/3090 [14:25<4:02:04,  4.96s/it]
  5%|▌         | 165/3090 [14:29<4:01:50,  4.96s/it]
  5%|▌         | 166/3090 [14:34<4:01:38,  4.96s/it]
  5%|▌         | 167/3090 [14:39<4:01:26,  4.96s/it]
  5%|▌         | 168/3090 [14:44<4:01:19,  4.96s/it]
  5%|▌         | 169/3090 [14:49<4:01:12,  4.95s/it]
  6%|▌         | 170/3090 [14:55<4:08:12,  5.10s/it]
  6%|▌         | 171/3090 [15:00<4:07:04,  5.08s/it]
  6%|▌         | 172/3090 [15:05<4:05:20,  5.04s/it]
  6%|▌         | 173/3090 [15:10<4:03:59,  5.02s/it]
  6%|▌         | 174/3090 [15:15<4:03:02,  5.00s/it]
  6%|▌         | 175/3090 [15:20<4:02:56,  5.00s/it]
  6%|▌         | 176/3090 [15:25<4:03:25,  5.01s/it]
  6%|▌         | 177/3090 [15:30<4:04:12,  5.03s/it]
  6%|▌         | 178/3090 [15:35<4:03:50,  5.02s/it]
  6%|▌         | 179/3090 [15:40<4:02:41,  5.00s/it]
  6%|▌         | 180/3090 [15:45<4:01:52,  4.99s/it]
  6%|▌         | 181/3090 [15:50<4:01:15,  4.98s/it]
  6%|▌         | 182/3090 [15:55<4:00:49,  4.97s/it]
  6%|▌         | 183/3090 [16:00<4:10:18,  5.17s/it]
  6%|▌         | 184/3090 [16:05<4:07:22,  5.11s/it]
  6%|▌         | 185/3090 [16:10<4:05:00,  5.06s/it]
  6%|▌         | 186/3090 [16:15<4:03:22,  5.03s/it]
  6%|▌         | 187/3090 [16:20<4:02:13,  5.01s/it]
  6%|▌         | 188/3090 [16:25<4:01:22,  4.99s/it]
  6%|▌         | 189/3090 [16:30<4:00:44,  4.98s/it]
  6%|▌         | 190/3090 [16:35<4:00:15,  4.97s/it]
  6%|▌         | 191/3090 [16:40<3:59:52,  4.96s/it]
  6%|▌         | 192/3090 [16:45<3:59:37,  4.96s/it]
  6%|▌         | 193/3090 [16:50<3:59:24,  4.96s/it]
  6%|▋         | 194/3090 [16:55<4:03:58,  5.05s/it]
  6%|▋         | 195/3090 [17:00<4:04:48,  5.07s/it]
  6%|▋         | 196/3090 [17:05<4:03:09,  5.04s/it]
  6%|▋         | 197/3090 [17:10<4:01:52,  5.02s/it]
  6%|▋         | 198/3090 [17:15<4:01:00,  5.00s/it]
  6%|▋         | 199/3090 [17:20<4:00:30,  4.99s/it]
  6%|▋         | 200/3090 [17:25<4:00:07,  4.99s/it]
  7%|▋         | 201/3090 [17:30<4:00:24,  4.99s/it]
  7%|▋         | 202/3090 [17:35<4:03:40,  5.06s/it]
  7%|▋         | 203/3090 [17:40<4:03:41,  5.06s/it]
  7%|▋         | 204/3090 [17:45<4:02:58,  5.05s/it]
  7%|▋         | 205/3090 [17:50<4:01:25,  5.02s/it]
  7%|▋         | 206/3090 [17:55<3:59:54,  4.99s/it]
                                                    

  7%|▋         | 206/3090 [17:56<3:59:54,  4.99s/it]{'loss': 0.9, 'grad_norm': 3.510295867919922, 'learning_rate': 4.666666666666667e-05, 'epoch': 2.0}


  0%|          | 0/26 [00:00<?, ?it/s][A

  8%|▊         | 2/26 [00:01<00:14,  1.64it/s][A

 12%|█▏        | 3/26 [00:02<00:19,  1.17it/s][A

 15%|█▌        | 4/26 [00:03<00:21,  1.02it/s][A

 19%|█▉        | 5/26 [00:04<00:22,  1.05s/it][A

 23%|██▎       | 6/26 [00:06<00:25,  1.29s/it][A

 27%|██▋       | 7/26 [00:07<00:24,  1.29s/it][A

 31%|███       | 8/26 [00:09<00:22,  1.26s/it][A

 35%|███▍      | 9/26 [00:10<00:21,  1.24s/it][A

 38%|███▊      | 10/26 [00:11<00:19,  1.23s/it][A

 42%|████▏     | 11/26 [00:12<00:18,  1.22s/it][A

 46%|████▌     | 12/26 [00:13<00:16,  1.21s/it][A

 50%|█████     | 13/26 [00:15<00:15,  1.20s/it][A

 54%|█████▍    | 14/26 [00:16<00:14,  1.20s/it][A

 58%|█████▊    | 15/26 [00:17<00:13,  1.20s/it][A

 62%|██████▏   | 16/26 [00:18<00:11,  1.20s/it][A

 65%|██████▌   | 17/26 [00:19<00:10,  1.20s/it][A

 69%|██████▉   | 18/26 [00:20<00:09,  1.20s/it][A

 73%|███████▎  | 19/26 [00:22<00:08,  1.19s/it][A

 77%|███████▋  | 20/26 [00:23<00:07,  1.19s/it][A

 81%|████████  | 21/26 [00:24<00:05,  1.19s/it][A

 85%|████████▍ | 22/26 [00:25<00:04,  1.19s/it][A

 88%|████████▊ | 23/26 [00:26<00:03,  1.19s/it][A

 92%|█████████▏| 24/26 [00:28<00:02,  1.19s/it][A

 96%|█████████▌| 25/26 [00:29<00:01,  1.19s/it][A

100%|██████████| 26/26 [00:30<00:00,  1.13s/it][A

                                               
[A
                                                    

100%|██████████| 26/26 [00:30<00:00,  1.13s/it][A
  7%|▋         | 206/3090 [18:29<3:59:54,  4.99s/it]

                                               [A{'eval_loss': 0.45221102237701416, 'eval_macro_recall': 0.8242089598997494, 'eval_macro_precision': 0.7942280874909909, 'eval_macro_f1': 0.7969386365892422, 'eval_accuracy': 0.9270959902794653, 'eval_micro_recall': 0.9270959902794653, 'eval_micro_precision': 0.9270959902794653, 'eval_micro_f1': 0.9270959902794653, 'eval_runtime': 33.4392, 'eval_samples_per_second': 24.612, 'eval_steps_per_second': 0.778, 'epoch': 2.0}

  7%|▋         | 207/3090 [18:39<13:21:42, 16.68s/it]
  7%|▋         | 208/3090 [18:44<10:32:17, 13.16s/it]
  7%|▋         | 209/3090 [18:49<8:33:56, 10.70s/it] 
  7%|▋         | 210/3090 [18:54<7:10:58,  8.98s/it]
  7%|▋         | 211/3090 [19:00<6:23:50,  8.00s/it]
  7%|▋         | 212/3090 [19:05<5:40:15,  7.09s/it]
  7%|▋         | 213/3090 [19:10<5:09:21,  6.45s/it]
  7%|▋         | 214/3090 [19:15<4:47:45,  6.00s/it]
  7%|▋         | 215/3090 [19:20<4:32:37,  5.69s/it]
  7%|▋         | 216/3090 [19:24<4:21:54,  5.47s/it]
  7%|▋         | 217/3090 [19:29<4:14:25,  5.31s/it]
  7%|▋         | 218/3090 [19:34<4:09:07,  5.20s/it]
  7%|▋         | 219/3090 [19:39<4:05:25,  5.13s/it]
  7%|▋         | 220/3090 [19:44<4:02:48,  5.08s/it]
  7%|▋         | 221/3090 [19:49<4:00:57,  5.04s/it]
  7%|▋         | 222/3090 [19:54<3:59:46,  5.02s/it]
  7%|▋         | 223/3090 [19:59<3:58:49,  5.00s/it]
  7%|▋         | 224/3090 [20:04<3:58:07,  4.99s/it]
  7%|▋         | 225/3090 [20:09<3:57:34,  4.98s/it]
  7%|▋         | 226/3090 [20:14<3:57:14,  4.97s/it]
  7%|▋         | 227/3090 [20:19<3:56:55,  4.97s/it]
  7%|▋         | 228/3090 [20:24<3:56:40,  4.96s/it]
  7%|▋         | 229/3090 [20:29<3:56:27,  4.96s/it]
  7%|▋         | 230/3090 [20:34<3:56:17,  4.96s/it]
  7%|▋         | 231/3090 [20:39<3:56:09,  4.96s/it]
  8%|▊         | 232/3090 [20:44<3:56:03,  4.96s/it]
  8%|▊         | 233/3090 [20:49<3:55:57,  4.96s/it]
  8%|▊         | 234/3090 [20:54<3:55:52,  4.96s/it]
  8%|▊         | 235/3090 [20:59<3:55:49,  4.96s/it]
  8%|▊         | 236/3090 [21:04<3:55:44,  4.96s/it]
  8%|▊         | 237/3090 [21:09<3:55:39,  4.96s/it]
  8%|▊         | 238/3090 [21:13<3:55:31,  4.95s/it]
  8%|▊         | 239/3090 [21:18<3:55:24,  4.95s/it]
  8%|▊         | 240/3090 [21:23<3:55:18,  4.95s/it]
  8%|▊         | 241/3090 [21:28<3:55:14,  4.95s/it]
  8%|▊         | 242/3090 [21:33<3:55:10,  4.95s/it]
  8%|▊         | 243/3090 [21:38<3:55:05,  4.95s/it]
  8%|▊         | 244/3090 [21:43<3:55:00,  4.95s/it]
  8%|▊         | 245/3090 [21:49<4:05:26,  5.18s/it]
  8%|▊         | 246/3090 [21:54<4:02:11,  5.11s/it]
  8%|▊         | 247/3090 [21:59<3:59:52,  5.06s/it]
  8%|▊         | 248/3090 [22:04<4:03:29,  5.14s/it]
  8%|▊         | 249/3090 [22:09<4:00:45,  5.08s/it]
  8%|▊         | 250/3090 [22:14<3:58:49,  5.05s/it]
  8%|▊         | 251/3090 [22:19<3:57:24,  5.02s/it]
  8%|▊         | 252/3090 [22:24<4:01:09,  5.10s/it]
  8%|▊         | 253/3090 [22:29<3:59:00,  5.05s/it]
  8%|▊         | 254/3090 [22:35<4:04:05,  5.16s/it]
  8%|▊         | 255/3090 [22:40<4:01:06,  5.10s/it]
  8%|▊         | 256/3090 [22:45<3:58:56,  5.06s/it]
  8%|▊         | 257/3090 [22:50<3:57:24,  5.03s/it]
  8%|▊         | 258/3090 [22:54<3:56:14,  5.01s/it]
  8%|▊         | 259/3090 [22:59<3:55:24,  4.99s/it]
  8%|▊         | 260/3090 [23:04<3:54:52,  4.98s/it]
  8%|▊         | 261/3090 [23:09<3:54:24,  4.97s/it]
  8%|▊         | 262/3090 [23:14<3:54:02,  4.97s/it]
  9%|▊         | 263/3090 [23:19<3:53:45,  4.96s/it]
  9%|▊         | 264/3090 [23:24<3:53:29,  4.96s/it]
  9%|▊         | 265/3090 [23:29<3:53:17,  4.95s/it]
  9%|▊         | 266/3090 [23:34<3:53:08,  4.95s/it]
  9%|▊         | 267/3090 [23:39<3:52:59,  4.95s/it]
  9%|▊         | 268/3090 [23:44<3:52:54,  4.95s/it]
  9%|▊         | 269/3090 [23:49<3:52:48,  4.95s/it]
  9%|▊         | 270/3090 [23:54<3:52:43,  4.95s/it]
  9%|▉         | 271/3090 [23:59<3:52:39,  4.95s/it]
  9%|▉         | 272/3090 [24:04<3:52:34,  4.95s/it]
  9%|▉         | 273/3090 [24:09<3:52:29,  4.95s/it]
  9%|▉         | 274/3090 [24:14<3:52:24,  4.95s/it]
  9%|▉         | 275/3090 [24:19<3:52:21,  4.95s/it]
  9%|▉         | 276/3090 [24:24<3:52:18,  4.95s/it]
  9%|▉         | 277/3090 [24:29<3:52:15,  4.95s/it]
  9%|▉         | 278/3090 [24:34<3:52:10,  4.95s/it]
  9%|▉         | 279/3090 [24:38<3:52:04,  4.95s/it]
  9%|▉         | 280/3090 [24:43<3:51:57,  4.95s/it]
  9%|▉         | 281/3090 [24:48<3:51:52,  4.95s/it]
  9%|▉         | 282/3090 [25:04<6:22:06,  8.16s/it]
  9%|▉         | 283/3090 [25:12<6:13:26,  7.98s/it]
  9%|▉         | 284/3090 [25:17<5:30:45,  7.07s/it]
  9%|▉         | 285/3090 [25:21<5:00:51,  6.44s/it]
  9%|▉         | 286/3090 [25:26<4:39:55,  5.99s/it]
  9%|▉         | 287/3090 [25:31<4:25:16,  5.68s/it]
  9%|▉         | 288/3090 [25:36<4:15:01,  5.46s/it]
  9%|▉         | 289/3090 [25:41<4:07:47,  5.31s/it]
  9%|▉         | 290/3090 [25:46<4:02:43,  5.20s/it]
  9%|▉         | 291/3090 [25:51<3:59:09,  5.13s/it]
  9%|▉         | 292/3090 [25:56<3:56:37,  5.07s/it]
  9%|▉         | 293/3090 [26:01<3:54:48,  5.04s/it]
 10%|▉         | 294/3090 [26:06<3:53:31,  5.01s/it]
 10%|▉         | 295/3090 [26:11<3:52:36,  4.99s/it]
 10%|▉         | 296/3090 [26:16<3:51:55,  4.98s/it]
 10%|▉         | 297/3090 [26:21<3:51:24,  4.97s/it]
 10%|▉         | 298/3090 [26:26<3:51:06,  4.97s/it]
 10%|▉         | 299/3090 [26:31<3:50:49,  4.96s/it]
 10%|▉         | 300/3090 [26:36<3:50:36,  4.96s/it]
 10%|▉         | 301/3090 [26:41<3:50:24,  4.96s/it]
 10%|▉         | 302/3090 [26:46<3:50:15,  4.96s/it]
 10%|▉         | 303/3090 [26:51<3:50:06,  4.95s/it]
 10%|▉         | 304/3090 [26:56<3:49:59,  4.95s/it]
 10%|▉         | 305/3090 [27:01<3:51:03,  4.98s/it]
 10%|▉         | 306/3090 [27:06<3:50:55,  4.98s/it]
 10%|▉         | 307/3090 [27:11<3:50:29,  4.97s/it]
 10%|▉         | 308/3090 [27:15<3:50:10,  4.96s/it]
 10%|█         | 309/3090 [27:20<3:48:46,  4.94s/it]
                                                    

 10%|█         | 309/3090 [27:20<3:48:46,  4.94s/it]{'loss': 0.4375, 'grad_norm': 4.358619689941406, 'learning_rate': 4.5e-05, 'epoch': 3.0}


  0%|          | 0/26 [00:00<?, ?it/s][A

  8%|▊         | 2/26 [00:01<00:14,  1.67it/s][A

 12%|█▏        | 3/26 [00:02<00:19,  1.17it/s][A

 15%|█▌        | 4/26 [00:03<00:21,  1.02it/s][A

 19%|█▉        | 5/26 [00:04<00:22,  1.05s/it][A

 23%|██▎       | 6/26 [00:05<00:22,  1.10s/it][A

 27%|██▋       | 7/26 [00:07<00:21,  1.13s/it][A

 31%|███       | 8/26 [00:08<00:20,  1.15s/it][A

 35%|███▍      | 9/26 [00:09<00:19,  1.16s/it][A

 38%|███▊      | 10/26 [00:10<00:18,  1.17s/it][A

 42%|████▏     | 11/26 [00:11<00:17,  1.18s/it][A

 46%|████▌     | 12/26 [00:13<00:16,  1.18s/it][A

 50%|█████     | 13/26 [00:14<00:15,  1.19s/it][A

 54%|█████▍    | 14/26 [00:15<00:14,  1.19s/it][A

 58%|█████▊    | 15/26 [00:16<00:13,  1.19s/it][A

 62%|██████▏   | 16/26 [00:17<00:11,  1.19s/it][A

 65%|██████▌   | 17/26 [00:19<00:10,  1.19s/it][A

 69%|██████▉   | 18/26 [00:20<00:09,  1.19s/it][A

 73%|███████▎  | 19/26 [00:21<00:08,  1.19s/it][A

 77%|███████▋  | 20/26 [00:22<00:07,  1.19s/it][A

 81%|████████  | 21/26 [00:23<00:05,  1.19s/it][A

 85%|████████▍ | 22/26 [00:25<00:04,  1.19s/it][A

 88%|████████▊ | 23/26 [00:26<00:03,  1.19s/it][A

 92%|█████████▏| 24/26 [00:27<00:02,  1.19s/it][A

 96%|█████████▌| 25/26 [00:28<00:01,  1.19s/it][A

100%|██████████| 26/26 [00:29<00:00,  1.13s/it][A

                                               
[A
                                                    

100%|██████████| 26/26 [00:30<00:00,  1.13s/it][A
 10%|█         | 309/3090 [27:52<3:48:46,  4.94s/it]

                                               [A{'eval_loss': 0.2674257159233093, 'eval_macro_recall': 0.8747889158872791, 'eval_macro_precision': 0.8627342950758969, 'eval_macro_f1': 0.8587970612780033, 'eval_accuracy': 0.9416767922235723, 'eval_micro_recall': 0.9416767922235723, 'eval_micro_precision': 0.9416767922235723, 'eval_micro_f1': 0.9416767922235723, 'eval_runtime': 31.2671, 'eval_samples_per_second': 26.322, 'eval_steps_per_second': 0.832, 'epoch': 3.0}

 10%|█         | 310/3090 [28:01<12:06:55, 15.69s/it]
 10%|█         | 311/3090 [28:06<9:37:32, 12.47s/it] 
 10%|█         | 312/3090 [28:11<7:53:01, 10.22s/it]
 10%|█         | 313/3090 [28:16<6:39:46,  8.64s/it]
 10%|█         | 314/3090 [28:21<5:48:32,  7.53s/it]
 10%|█         | 315/3090 [28:26<5:12:39,  6.76s/it]
 10%|█         | 316/3090 [28:31<4:47:31,  6.22s/it]
 10%|█         | 317/3090 [28:36<4:29:54,  5.84s/it]
 10%|█         | 318/3090 [28:41<4:17:37,  5.58s/it]
 10%|█         | 319/3090 [28:46<4:09:01,  5.39s/it]
 10%|█         | 320/3090 [28:51<4:02:56,  5.26s/it]
 10%|█         | 321/3090 [28:56<3:58:37,  5.17s/it]
 10%|█         | 322/3090 [29:01<3:55:33,  5.11s/it]
 10%|█         | 323/3090 [29:06<3:53:22,  5.06s/it]
 10%|█         | 324/3090 [29:11<3:51:50,  5.03s/it]
 11%|█         | 325/3090 [29:15<3:50:43,  5.01s/it]
 11%|█         | 326/3090 [29:20<3:49:55,  4.99s/it]
 11%|█         | 327/3090 [29:25<3:49:23,  4.98s/it]
 11%|█         | 328/3090 [29:30<3:48:55,  4.97s/it]
 11%|█         | 329/3090 [29:35<3:48:33,  4.97s/it]
 11%|█         | 330/3090 [29:40<3:48:21,  4.96s/it]
 11%|█         | 331/3090 [29:45<3:48:08,  4.96s/it]
 11%|█         | 332/3090 [29:50<3:48:01,  4.96s/it]
 11%|█         | 333/3090 [29:55<3:47:52,  4.96s/it]
 11%|█         | 334/3090 [30:00<3:47:42,  4.96s/it]
 11%|█         | 335/3090 [30:05<3:47:38,  4.96s/it]
 11%|█         | 336/3090 [30:10<3:47:33,  4.96s/it]
 11%|█         | 337/3090 [30:15<3:47:29,  4.96s/it]
 11%|█         | 338/3090 [30:20<3:47:21,  4.96s/it]
 11%|█         | 339/3090 [30:25<3:47:20,  4.96s/it]
 11%|█         | 340/3090 [30:30<3:47:11,  4.96s/it]
 11%|█         | 341/3090 [30:35<3:47:02,  4.96s/it]
 11%|█         | 342/3090 [30:40<3:46:56,  4.96s/it]
 11%|█         | 343/3090 [30:45<3:46:51,  4.95s/it]
 11%|█         | 344/3090 [30:50<3:46:47,  4.96s/it]
 11%|█         | 345/3090 [30:55<3:46:45,  4.96s/it]
 11%|█         | 346/3090 [31:00<3:46:43,  4.96s/it]
 11%|█         | 347/3090 [31:05<3:46:36,  4.96s/it]
 11%|█▏        | 348/3090 [31:09<3:46:35,  4.96s/it]
 11%|█▏        | 349/3090 [31:14<3:46:27,  4.96s/it]
 11%|█▏        | 350/3090 [31:19<3:46:25,  4.96s/it]
 11%|█▏        | 351/3090 [31:24<3:46:20,  4.96s/it]
 11%|█▏        | 352/3090 [31:29<3:46:17,  4.96s/it]
 11%|█▏        | 353/3090 [31:34<3:46:08,  4.96s/it]
 11%|█▏        | 354/3090 [31:39<3:46:14,  4.96s/it]
 11%|█▏        | 355/3090 [31:44<3:46:05,  4.96s/it]
 12%|█▏        | 356/3090 [31:49<3:45:54,  4.96s/it]
 12%|█▏        | 357/3090 [31:54<3:45:53,  4.96s/it]
 12%|█▏        | 358/3090 [31:59<3:45:44,  4.96s/it]
 12%|█▏        | 359/3090 [32:04<3:45:38,  4.96s/it]
 12%|█▏        | 360/3090 [32:09<3:45:33,  4.96s/it]
 12%|█▏        | 361/3090 [32:14<3:45:26,  4.96s/it]
 12%|█▏        | 362/3090 [32:19<3:45:20,  4.96s/it]
 12%|█▏        | 363/3090 [32:24<3:45:13,  4.96s/it]
 12%|█▏        | 364/3090 [32:29<3:45:06,  4.95s/it]
 12%|█▏        | 365/3090 [32:34<3:45:01,  4.95s/it]
 12%|█▏        | 366/3090 [32:39<3:44:57,  4.95s/it]
 12%|█▏        | 367/3090 [32:44<3:44:50,  4.95s/it]
 12%|█▏        | 368/3090 [32:49<3:44:47,  4.95s/it]
 12%|█▏        | 369/3090 [32:54<3:44:43,  4.96s/it]
 12%|█▏        | 370/3090 [32:59<3:44:37,  4.95s/it]
 12%|█▏        | 371/3090 [33:03<3:44:31,  4.95s/it]
 12%|█▏        | 372/3090 [33:08<3:44:23,  4.95s/it]
 12%|█▏        | 373/3090 [33:13<3:44:18,  4.95s/it]
 12%|█▏        | 374/3090 [33:18<3:44:16,  4.95s/it]
 12%|█▏        | 375/3090 [33:23<3:44:12,  4.95s/it]
 12%|█▏        | 376/3090 [33:28<3:44:06,  4.95s/it]
 12%|█▏        | 377/3090 [33:33<3:44:03,  4.96s/it]
 12%|█▏        | 378/3090 [33:38<3:43:59,  4.96s/it]
 12%|█▏        | 379/3090 [33:43<3:43:52,  4.95s/it]
 12%|█▏        | 380/3090 [33:48<3:43:49,  4.96s/it]
 12%|█▏        | 381/3090 [33:53<3:43:46,  4.96s/it]
 12%|█▏        | 382/3090 [33:58<3:43:40,  4.96s/it]
 12%|█▏        | 383/3090 [34:03<3:43:33,  4.96s/it]
 12%|█▏        | 384/3090 [34:08<3:43:29,  4.96s/it]
 12%|█▏        | 385/3090 [34:13<3:43:22,  4.95s/it]
 12%|█▏        | 386/3090 [34:18<3:43:18,  4.95s/it]
 13%|█▎        | 387/3090 [34:23<3:43:12,  4.95s/it]
 13%|█▎        | 388/3090 [34:28<3:43:06,  4.95s/it]
 13%|█▎        | 389/3090 [34:33<3:43:09,  4.96s/it]
 13%|█▎        | 390/3090 [34:38<3:43:08,  4.96s/it]
 13%|█▎        | 391/3090 [34:43<3:43:00,  4.96s/it]
 13%|█▎        | 392/3090 [34:48<3:42:53,  4.96s/it]
 13%|█▎        | 393/3090 [34:53<3:42:52,  4.96s/it]
 13%|█▎        | 394/3090 [34:57<3:42:41,  4.96s/it]
 13%|█▎        | 395/3090 [35:02<3:42:47,  4.96s/it]
 13%|█▎        | 396/3090 [35:07<3:42:41,  4.96s/it]
 13%|█▎        | 397/3090 [35:12<3:42:30,  4.96s/it]
 13%|█▎        | 398/3090 [35:17<3:42:26,  4.96s/it]
 13%|█▎        | 399/3090 [35:22<3:42:20,  4.96s/it]
 13%|█▎        | 400/3090 [35:27<3:42:09,  4.96s/it]
 13%|█▎        | 401/3090 [35:32<3:42:06,  4.96s/it]
 13%|█▎        | 402/3090 [35:37<3:42:06,  4.96s/it]
 13%|█▎        | 403/3090 [35:42<3:41:57,  4.96s/it]
 13%|█▎        | 404/3090 [35:47<3:41:55,  4.96s/it]
 13%|█▎        | 405/3090 [35:52<3:41:58,  4.96s/it]
 13%|█▎        | 406/3090 [35:57<3:41:49,  4.96s/it]
 13%|█▎        | 407/3090 [36:02<3:41:41,  4.96s/it]
 13%|█▎        | 408/3090 [36:07<3:41:32,  4.96s/it]
 13%|█▎        | 409/3090 [36:12<3:41:25,  4.96s/it]
 13%|█▎        | 410/3090 [36:17<3:41:16,  4.95s/it]
 13%|█▎        | 411/3090 [36:22<3:41:12,  4.95s/it]
 13%|█▎        | 412/3090 [36:27<3:40:31,  4.94s/it]
                                                    

 13%|█▎        | 412/3090 [36:27<3:40:31,  4.94s/it]{'loss': 0.2805, 'grad_norm': 5.022913455963135, 'learning_rate': 4.3333333333333334e-05, 'epoch': 4.0}


  0%|          | 0/26 [00:00<?, ?it/s][A

  8%|▊         | 2/26 [00:01<00:14,  1.66it/s][A

 12%|█▏        | 3/26 [00:02<00:19,  1.18it/s][A

 15%|█▌        | 4/26 [00:03<00:21,  1.02it/s][A

 19%|█▉        | 5/26 [00:04<00:22,  1.05s/it][A

 23%|██▎       | 6/26 [00:05<00:21,  1.10s/it][A

 27%|██▋       | 7/26 [00:07<00:21,  1.13s/it][A

 31%|███       | 8/26 [00:08<00:20,  1.15s/it][A

 35%|███▍      | 9/26 [00:09<00:19,  1.17s/it][A

 38%|███▊      | 10/26 [00:10<00:18,  1.18s/it][A

 42%|████▏     | 11/26 [00:11<00:17,  1.18s/it][A

 46%|████▌     | 12/26 [00:13<00:16,  1.18s/it][A

 50%|█████     | 13/26 [00:14<00:15,  1.19s/it][A

 54%|█████▍    | 14/26 [00:15<00:14,  1.19s/it][A

 58%|█████▊    | 15/26 [00:16<00:13,  1.19s/it][A

 62%|██████▏   | 16/26 [00:17<00:11,  1.19s/it][A

 65%|██████▌   | 17/26 [00:19<00:10,  1.19s/it][A

 69%|██████▉   | 18/26 [00:20<00:09,  1.19s/it][A

 73%|███████▎  | 19/26 [00:21<00:08,  1.19s/it][A

 77%|███████▋  | 20/26 [00:22<00:07,  1.19s/it][A

 81%|████████  | 21/26 [00:23<00:05,  1.19s/it][A

 85%|████████▍ | 22/26 [00:25<00:04,  1.19s/it][A

 88%|████████▊ | 23/26 [00:26<00:03,  1.19s/it][A

 92%|█████████▏| 24/26 [00:27<00:02,  1.19s/it][A

 96%|█████████▌| 25/26 [00:28<00:01,  1.19s/it][A

100%|██████████| 26/26 [00:29<00:00,  1.12s/it][A

                                               
[A
                                                    

100%|██████████| 26/26 [00:29<00:00,  1.12s/it][A
 13%|█▎        | 412/3090 [36:58<3:40:31,  4.94s/it]

                                               [A{'eval_loss': 0.1834847331047058, 'eval_macro_recall': 0.9302008833058256, 'eval_macro_precision': 0.9416152336934668, 'eval_macro_f1': 0.9278510723264923, 'eval_accuracy': 0.9574726609963548, 'eval_micro_recall': 0.9574726609963548, 'eval_micro_precision': 0.9574726609963548, 'eval_micro_f1': 0.9574726609963548, 'eval_runtime': 31.2065, 'eval_samples_per_second': 26.373, 'eval_steps_per_second': 0.833, 'epoch': 4.0}

 13%|█▎        | 413/3090 [37:07<11:32:49, 15.53s/it]
 13%|█▎        | 414/3090 [37:12<9:11:06, 12.36s/it] 
 13%|█▎        | 415/3090 [37:17<7:31:50, 10.13s/it]
 13%|█▎        | 416/3090 [37:22<6:22:25,  8.58s/it]
 13%|█▎        | 417/3090 [37:27<5:33:53,  7.49s/it]
 14%|█▎        | 418/3090 [37:32<4:59:47,  6.73s/it]
 14%|█▎        | 419/3090 [37:37<4:35:59,  6.20s/it]
 14%|█▎        | 420/3090 [37:42<4:19:23,  5.83s/it]
 14%|█▎        | 421/3090 [37:47<4:07:34,  5.57s/it]
 14%|█▎        | 422/3090 [37:51<3:59:22,  5.38s/it]
 14%|█▎        | 423/3090 [37:56<3:53:40,  5.26s/it]
 14%|█▎        | 424/3090 [38:01<3:49:29,  5.16s/it]
 14%|█▍        | 425/3090 [38:06<3:46:38,  5.10s/it]
 14%|█▍        | 426/3090 [38:11<3:44:41,  5.06s/it]
 14%|█▍        | 427/3090 [38:16<3:43:10,  5.03s/it]
 14%|█▍        | 428/3090 [38:21<3:42:08,  5.01s/it]
 14%|█▍        | 429/3090 [38:26<3:41:24,  4.99s/it]
 14%|█▍        | 430/3090 [38:31<3:40:49,  4.98s/it]
 14%|█▍        | 431/3090 [38:36<3:40:28,  4.97s/it]
 14%|█▍        | 432/3090 [38:41<3:40:11,  4.97s/it]
 14%|█▍        | 433/3090 [38:46<3:39:52,  4.97s/it]
 14%|█▍        | 434/3090 [38:51<3:39:39,  4.96s/it]
 14%|█▍        | 435/3090 [38:56<3:39:38,  4.96s/it]
 14%|█▍        | 436/3090 [39:01<3:39:22,  4.96s/it]
 14%|█▍        | 437/3090 [39:06<3:39:15,  4.96s/it]
 14%|█▍        | 438/3090 [39:11<3:39:09,  4.96s/it]
 14%|█▍        | 439/3090 [39:16<3:39:04,  4.96s/it]
 14%|█▍        | 440/3090 [39:21<3:38:58,  4.96s/it]
 14%|█▍        | 441/3090 [39:26<3:39:01,  4.96s/it]
 14%|█▍        | 442/3090 [39:31<3:38:51,  4.96s/it]
 14%|█▍        | 443/3090 [39:36<3:38:42,  4.96s/it]
 14%|█▍        | 444/3090 [39:41<3:38:37,  4.96s/it]
 14%|█▍        | 445/3090 [39:46<3:38:32,  4.96s/it]
 14%|█▍        | 446/3090 [39:50<3:38:34,  4.96s/it]
 14%|█▍        | 447/3090 [39:55<3:38:31,  4.96s/it]
 14%|█▍        | 448/3090 [40:00<3:38:18,  4.96s/it]
 15%|█▍        | 449/3090 [40:05<3:38:14,  4.96s/it]
 15%|█▍        | 450/3090 [40:10<3:38:08,  4.96s/it]
 15%|█▍        | 451/3090 [40:15<3:37:59,  4.96s/it]
 15%|█▍        | 452/3090 [40:20<3:37:56,  4.96s/it]
 15%|█▍        | 453/3090 [40:25<3:37:46,  4.96s/it]
 15%|█▍        | 454/3090 [40:30<3:37:40,  4.95s/it]
 15%|█▍        | 455/3090 [40:35<3:37:34,  4.95s/it]
 15%|█▍        | 456/3090 [40:40<3:37:28,  4.95s/it]
 15%|█▍        | 457/3090 [40:45<3:37:20,  4.95s/it]
 15%|█▍        | 458/3090 [40:50<3:37:14,  4.95s/it]
 15%|█▍        | 459/3090 [40:55<3:37:13,  4.95s/it]
 15%|█▍        | 460/3090 [41:00<3:37:06,  4.95s/it]
 15%|█▍        | 461/3090 [41:05<3:36:58,  4.95s/it]
 15%|█▍        | 462/3090 [41:10<3:36:55,  4.95s/it]
 15%|█▍        | 463/3090 [41:15<3:36:48,  4.95s/it]
 15%|█▌        | 464/3090 [41:20<3:36:47,  4.95s/it]
 15%|█▌        | 465/3090 [41:25<3:36:42,  4.95s/it]
 15%|█▌        | 466/3090 [41:30<3:36:34,  4.95s/it]
 15%|█▌        | 467/3090 [41:35<3:36:42,  4.96s/it]
 15%|█▌        | 468/3090 [41:39<3:36:40,  4.96s/it]
 15%|█▌        | 469/3090 [41:44<3:36:31,  4.96s/it]
 15%|█▌        | 470/3090 [41:49<3:36:31,  4.96s/it]
 15%|█▌        | 471/3090 [41:54<3:36:26,  4.96s/it]
 15%|█▌        | 472/3090 [41:59<3:36:17,  4.96s/it]
 15%|█▌        | 473/3090 [42:04<3:36:17,  4.96s/it]
 15%|█▌        | 474/3090 [42:09<3:36:11,  4.96s/it]
 15%|█▌        | 475/3090 [42:14<3:36:00,  4.96s/it]
 15%|█▌        | 476/3090 [42:19<3:35:58,  4.96s/it]
 15%|█▌        | 477/3090 [42:24<3:35:53,  4.96s/it]
 15%|█▌        | 478/3090 [42:29<3:35:43,  4.96s/it]
 16%|█▌        | 479/3090 [42:34<3:35:41,  4.96s/it]
 16%|█▌        | 480/3090 [42:39<3:35:35,  4.96s/it]
 16%|█▌        | 481/3090 [42:44<3:35:28,  4.96s/it]
 16%|█▌        | 482/3090 [42:49<3:35:26,  4.96s/it]
 16%|█▌        | 483/3090 [42:54<3:35:25,  4.96s/it]
 16%|█▌        | 484/3090 [42:59<3:35:18,  4.96s/it]
 16%|█▌        | 485/3090 [43:04<3:35:12,  4.96s/it]
 16%|█▌        | 486/3090 [43:09<3:35:18,  4.96s/it]
 16%|█▌        | 487/3090 [43:14<3:35:20,  4.96s/it]
 16%|█▌        | 488/3090 [43:19<3:35:05,  4.96s/it]
 16%|█▌        | 489/3090 [43:24<3:35:02,  4.96s/it]
 16%|█▌        | 490/3090 [43:29<3:34:53,  4.96s/it]
 16%|█▌        | 491/3090 [43:34<3:34:43,  4.96s/it]
 16%|█▌        | 492/3090 [43:38<3:34:42,  4.96s/it]
 16%|█▌        | 493/3090 [43:43<3:34:45,  4.96s/it]
 16%|█▌        | 494/3090 [43:48<3:34:32,  4.96s/it]
 16%|█▌        | 495/3090 [43:53<3:34:27,  4.96s/it]
 16%|█▌        | 496/3090 [43:58<3:34:27,  4.96s/it]
 16%|█▌        | 497/3090 [44:03<3:34:22,  4.96s/it]
 16%|█▌        | 498/3090 [44:08<3:34:13,  4.96s/it]
 16%|█▌        | 499/3090 [44:13<3:34:27,  4.97s/it]
 16%|█▌        | 500/3090 [44:18<3:34:12,  4.96s/it]
 16%|█▌        | 501/3090 [44:23<3:33:59,  4.96s/it]
 16%|█▌        | 502/3090 [44:28<3:34:07,  4.96s/it]
 16%|█▋        | 503/3090 [44:33<3:33:54,  4.96s/it]
 16%|█▋        | 504/3090 [44:38<3:33:40,  4.96s/it]
 16%|█▋        | 505/3090 [44:43<3:33:49,  4.96s/it]
 16%|█▋        | 506/3090 [44:48<3:33:36,  4.96s/it]
 16%|█▋        | 507/3090 [44:53<3:33:25,  4.96s/it]
 16%|█▋        | 508/3090 [44:58<3:33:30,  4.96s/it]
 16%|█▋        | 509/3090 [45:03<3:33:22,  4.96s/it]
 17%|█▋        | 510/3090 [45:08<3:33:11,  4.96s/it]
 17%|█▋        | 511/3090 [45:13<3:33:11,  4.96s/it]
 17%|█▋        | 512/3090 [45:18<3:33:00,  4.96s/it]
 17%|█▋        | 513/3090 [45:23<3:32:51,  4.96s/it]
 17%|█▋        | 514/3090 [45:28<3:32:45,  4.96s/it]
 17%|█▋        | 515/3090 [45:33<3:32:16,  4.95s/it]
                                                    

 17%|█▋        | 515/3090 [45:33<3:32:16,  4.95s/it]{'loss': 0.1844, 'grad_norm': 3.5764517784118652, 'learning_rate': 4.166666666666667e-05, 'epoch': 5.0}


  0%|          | 0/26 [00:00<?, ?it/s][A

  8%|▊         | 2/26 [00:01<00:14,  1.68it/s][A

 12%|█▏        | 3/26 [00:02<00:19,  1.18it/s][A

 15%|█▌        | 4/26 [00:03<00:21,  1.03it/s][A

 19%|█▉        | 5/26 [00:04<00:22,  1.05s/it][A

 23%|██▎       | 6/26 [00:05<00:21,  1.10s/it][A

 27%|██▋       | 7/26 [00:07<00:21,  1.13s/it][A

 31%|███       | 8/26 [00:08<00:20,  1.16s/it][A

 35%|███▍      | 9/26 [00:09<00:19,  1.17s/it][A

 38%|███▊      | 10/26 [00:10<00:18,  1.18s/it][A

 42%|████▏     | 11/26 [00:11<00:17,  1.18s/it][A

 46%|████▌     | 12/26 [00:13<00:16,  1.19s/it][A

 50%|█████     | 13/26 [00:14<00:15,  1.19s/it][A

 54%|█████▍    | 14/26 [00:15<00:14,  1.19s/it][A

 58%|█████▊    | 15/26 [00:16<00:13,  1.19s/it][A

 62%|██████▏   | 16/26 [00:17<00:11,  1.19s/it][A

 65%|██████▌   | 17/26 [00:19<00:10,  1.19s/it][A

 69%|██████▉   | 18/26 [00:20<00:09,  1.19s/it][A

 73%|███████▎  | 19/26 [00:21<00:08,  1.19s/it][A

 77%|███████▋  | 20/26 [00:22<00:07,  1.19s/it][A

 81%|████████  | 21/26 [00:23<00:05,  1.19s/it][A

 85%|████████▍ | 22/26 [00:25<00:04,  1.19s/it][A

 88%|████████▊ | 23/26 [00:26<00:03,  1.19s/it][A

 92%|█████████▏| 24/26 [00:27<00:02,  1.19s/it][A

 96%|█████████▌| 25/26 [00:28<00:01,  1.19s/it][A

100%|██████████| 26/26 [00:29<00:00,  1.13s/it][A

                                               
[A
                                                    

100%|██████████| 26/26 [00:29<00:00,  1.13s/it][A
 17%|█▋        | 515/3090 [46:04<3:32:16,  4.95s/it]

                                               [A{'eval_loss': 0.14196784794330597, 'eval_macro_recall': 0.9266447368421052, 'eval_macro_precision': 0.94189001787686, 'eval_macro_f1': 0.9279361724076549, 'eval_accuracy': 0.9647630619684082, 'eval_micro_recall': 0.9647630619684082, 'eval_micro_precision': 0.9647630619684082, 'eval_micro_f1': 0.9647630619684082, 'eval_runtime': 31.2367, 'eval_samples_per_second': 26.347, 'eval_steps_per_second': 0.832, 'epoch': 5.0}

 17%|█▋        | 516/3090 [46:13<11:09:06, 15.60s/it]
 17%|█▋        | 517/3090 [46:18<8:52:00, 12.41s/it] 
 17%|█▋        | 518/3090 [46:23<7:15:57, 10.17s/it]
 17%|█▋        | 519/3090 [46:28<6:08:48,  8.61s/it]
 17%|█▋        | 520/3090 [46:33<5:21:46,  7.51s/it]
 17%|█▋        | 521/3090 [46:38<4:48:52,  6.75s/it]
 17%|█▋        | 522/3090 [46:43<4:25:45,  6.21s/it]
 17%|█▋        | 523/3090 [46:48<4:09:32,  5.83s/it]
 17%|█▋        | 524/3090 [46:53<3:58:09,  5.57s/it]
 17%|█▋        | 525/3090 [46:58<3:50:10,  5.38s/it]
 17%|█▋        | 526/3090 [47:03<3:44:34,  5.26s/it]
 17%|█▋        | 527/3090 [47:07<3:40:39,  5.17s/it]
 17%|█▋        | 528/3090 [47:12<3:37:59,  5.11s/it]
 17%|█▋        | 529/3090 [47:17<3:35:58,  5.06s/it]
 17%|█▋        | 530/3090 [47:22<3:34:32,  5.03s/it]
 17%|█▋        | 531/3090 [47:27<3:33:30,  5.01s/it]
 17%|█▋        | 532/3090 [47:32<3:32:54,  4.99s/it]
 17%|█▋        | 533/3090 [47:37<3:32:18,  4.98s/it]
 17%|█▋        | 534/3090 [47:42<3:31:59,  4.98s/it]
 17%|█▋        | 535/3090 [47:47<3:31:46,  4.97s/it]
 17%|█▋        | 536/3090 [47:52<3:31:29,  4.97s/it]
 17%|█▋        | 537/3090 [47:57<3:31:15,  4.96s/it]
 17%|█▋        | 538/3090 [48:02<3:31:04,  4.96s/it]
 17%|█▋        | 539/3090 [48:07<3:30:57,  4.96s/it]
 17%|█▋        | 540/3090 [48:12<3:30:50,  4.96s/it]
 18%|█▊        | 541/3090 [48:17<3:30:45,  4.96s/it]
 18%|█▊        | 542/3090 [48:22<3:30:38,  4.96s/it]
 18%|█▊        | 543/3090 [48:27<3:30:32,  4.96s/it]
 18%|█▊        | 544/3090 [48:32<3:30:25,  4.96s/it]
 18%|█▊        | 545/3090 [48:37<3:30:24,  4.96s/it]
 18%|█▊        | 546/3090 [48:42<3:30:15,  4.96s/it]
 18%|█▊        | 547/3090 [48:47<3:30:04,  4.96s/it]
 18%|█▊        | 548/3090 [48:52<3:30:06,  4.96s/it]
 18%|█▊        | 549/3090 [48:57<3:30:00,  4.96s/it]
 18%|█▊        | 550/3090 [49:02<3:29:50,  4.96s/it]
 18%|█▊        | 551/3090 [49:06<3:29:48,  4.96s/it]
 18%|█▊        | 552/3090 [49:11<3:29:43,  4.96s/it]
 18%|█▊        | 553/3090 [49:16<3:29:37,  4.96s/it]
 18%|█▊        | 554/3090 [49:21<3:29:31,  4.96s/it]
 18%|█▊        | 555/3090 [49:26<3:29:30,  4.96s/it]
 18%|█▊        | 556/3090 [49:31<3:29:20,  4.96s/it]
 18%|█▊        | 557/3090 [49:36<3:29:18,  4.96s/it]
 18%|█▊        | 558/3090 [49:41<3:29:09,  4.96s/it]
 18%|█▊        | 559/3090 [49:46<3:29:06,  4.96s/it]
 18%|█▊        | 560/3090 [49:51<3:29:02,  4.96s/it]
 18%|█▊        | 561/3090 [49:56<3:28:55,  4.96s/it]
 18%|█▊        | 562/3090 [50:01<3:28:45,  4.95s/it]
 18%|█▊        | 563/3090 [50:06<3:28:44,  4.96s/it]
 18%|█▊        | 564/3090 [50:11<3:28:37,  4.96s/it]
 18%|█▊        | 565/3090 [50:16<3:28:29,  4.95s/it]
 18%|█▊        | 566/3090 [50:21<3:28:23,  4.95s/it]
 18%|█▊        | 567/3090 [50:26<3:28:20,  4.95s/it]
 18%|█▊        | 568/3090 [50:31<3:28:11,  4.95s/it]
 18%|█▊        | 569/3090 [50:36<3:28:04,  4.95s/it]
 18%|█▊        | 570/3090 [50:41<3:28:00,  4.95s/it]
 18%|█▊        | 571/3090 [50:46<3:27:55,  4.95s/it]
 19%|█▊        | 572/3090 [50:51<3:27:52,  4.95s/it]
 19%|█▊        | 573/3090 [50:55<3:27:50,  4.95s/it]
 19%|█▊        | 574/3090 [51:00<3:27:45,  4.95s/it]
 19%|█▊        | 575/3090 [51:05<3:27:38,  4.95s/it]
 19%|█▊        | 576/3090 [51:10<3:27:33,  4.95s/it]
 19%|█▊        | 577/3090 [51:15<3:27:35,  4.96s/it]
 19%|█▊        | 578/3090 [51:20<3:27:27,  4.96s/it]
 19%|█▊        | 579/3090 [51:25<3:27:23,  4.96s/it]
 19%|█▉        | 580/3090 [51:30<3:27:15,  4.95s/it]
 19%|█▉        | 581/3090 [51:35<3:27:08,  4.95s/it]
 19%|█▉        | 582/3090 [51:40<3:27:02,  4.95s/it]
 19%|█▉        | 583/3090 [51:45<3:26:57,  4.95s/it]
 19%|█▉        | 584/3090 [51:50<3:26:55,  4.95s/it]
 19%|█▉        | 585/3090 [51:55<3:26:53,  4.96s/it]
 19%|█▉        | 586/3090 [52:00<3:26:48,  4.96s/it]
 19%|█▉        | 587/3090 [52:05<3:26:43,  4.96s/it]
 19%|█▉        | 588/3090 [52:10<3:26:35,  4.95s/it]
 19%|█▉        | 589/3090 [52:15<3:26:30,  4.95s/it]
 19%|█▉        | 590/3090 [52:20<3:26:24,  4.95s/it]
 19%|█▉        | 591/3090 [52:25<3:26:18,  4.95s/it]
 19%|█▉        | 592/3090 [52:30<3:26:22,  4.96s/it]
 19%|█▉        | 593/3090 [52:35<3:26:16,  4.96s/it]
 19%|█▉        | 594/3090 [52:40<3:26:10,  4.96s/it]
 19%|█▉        | 595/3090 [52:45<3:26:05,  4.96s/it]
 19%|█▉        | 596/3090 [52:49<3:26:01,  4.96s/it]
 19%|█▉        | 597/3090 [52:54<3:25:51,  4.95s/it]
 19%|█▉        | 598/3090 [52:59<3:25:46,  4.95s/it]
 19%|█▉        | 599/3090 [53:04<3:25:39,  4.95s/it]
 19%|█▉        | 600/3090 [53:09<3:25:32,  4.95s/it]
 19%|█▉        | 601/3090 [53:14<3:25:26,  4.95s/it]
 19%|█▉        | 602/3090 [53:19<3:25:20,  4.95s/it]
 20%|█▉        | 603/3090 [53:24<3:25:15,  4.95s/it]
 20%|█▉        | 604/3090 [53:29<3:25:10,  4.95s/it]
 20%|█▉        | 605/3090 [53:34<3:25:06,  4.95s/it]
 20%|█▉        | 606/3090 [53:39<3:25:05,  4.95s/it]
 20%|█▉        | 607/3090 [53:44<3:25:04,  4.96s/it]
 20%|█▉        | 608/3090 [53:49<3:25:02,  4.96s/it]
 20%|█▉        | 609/3090 [53:54<3:24:55,  4.96s/it]
 20%|█▉        | 610/3090 [53:59<3:24:55,  4.96s/it]
 20%|█▉        | 611/3090 [54:04<3:24:56,  4.96s/it]
 20%|█▉        | 612/3090 [54:09<3:24:45,  4.96s/it]
 20%|█▉        | 613/3090 [54:14<3:24:36,  4.96s/it]
 20%|█▉        | 614/3090 [54:19<3:24:29,  4.96s/it]
 20%|█▉        | 615/3090 [54:24<3:24:24,  4.96s/it]
 20%|█▉        | 616/3090 [54:29<3:24:17,  4.95s/it]
 20%|█▉        | 617/3090 [54:34<3:24:12,  4.95s/it]
 20%|██        | 618/3090 [54:38<3:23:22,  4.94s/it]
                                                    

 20%|██        | 618/3090 [54:38<3:23:22,  4.94s/it]{'loss': 0.1156, 'grad_norm': 1.3980275392532349, 'learning_rate': 4e-05, 'epoch': 6.0}


  0%|          | 0/26 [00:00<?, ?it/s][A

  8%|▊         | 2/26 [00:01<00:14,  1.68it/s][A

 12%|█▏        | 3/26 [00:02<00:19,  1.18it/s][A

 15%|█▌        | 4/26 [00:03<00:21,  1.03it/s][A

 19%|█▉        | 5/26 [00:04<00:22,  1.05s/it][A

 23%|██▎       | 6/26 [00:05<00:21,  1.10s/it][A

 27%|██▋       | 7/26 [00:07<00:21,  1.13s/it][A

 31%|███       | 8/26 [00:08<00:20,  1.15s/it][A

 35%|███▍      | 9/26 [00:09<00:19,  1.16s/it][A

 38%|███▊      | 10/26 [00:10<00:18,  1.17s/it][A

 42%|████▏     | 11/26 [00:11<00:17,  1.18s/it][A

 46%|████▌     | 12/26 [00:13<00:16,  1.18s/it][A

 50%|█████     | 13/26 [00:14<00:15,  1.19s/it][A

 54%|█████▍    | 14/26 [00:15<00:14,  1.19s/it][A

 58%|█████▊    | 15/26 [00:16<00:13,  1.19s/it][A

 62%|██████▏   | 16/26 [00:17<00:11,  1.19s/it][A

 65%|██████▌   | 17/26 [00:19<00:10,  1.19s/it][A

 69%|██████▉   | 18/26 [00:20<00:09,  1.19s/it][A

 73%|███████▎  | 19/26 [00:21<00:08,  1.19s/it][A

 77%|███████▋  | 20/26 [00:22<00:07,  1.19s/it][A

 81%|████████  | 21/26 [00:23<00:05,  1.19s/it][A

 85%|████████▍ | 22/26 [00:25<00:04,  1.19s/it][A

 88%|████████▊ | 23/26 [00:26<00:03,  1.19s/it][A

 92%|█████████▏| 24/26 [00:27<00:02,  1.19s/it][A

 96%|█████████▌| 25/26 [00:28<00:01,  1.19s/it][A

100%|██████████| 26/26 [00:29<00:00,  1.12s/it][A

                                               
[A
                                                    

100%|██████████| 26/26 [00:29<00:00,  1.12s/it][A
 20%|██        | 618/3090 [55:10<3:23:22,  4.94s/it]

                                               [A{'eval_loss': 0.08647622913122177, 'eval_macro_recall': 0.9542136591478697, 'eval_macro_precision': 0.9507913165266106, 'eval_macro_f1': 0.9466949306972868, 'eval_accuracy': 0.9793438639125152, 'eval_micro_recall': 0.9793438639125152, 'eval_micro_precision': 0.9793438639125152, 'eval_micro_f1': 0.9793438639125152, 'eval_runtime': 31.2061, 'eval_samples_per_second': 26.373, 'eval_steps_per_second': 0.833, 'epoch': 6.0}

 20%|██        | 619/3090 [55:18<10:37:19, 15.48s/it]
 20%|██        | 620/3090 [55:23<8:27:09, 12.32s/it] 
 20%|██        | 621/3090 [55:28<6:56:02, 10.11s/it]
 20%|██        | 622/3090 [55:33<5:52:14,  8.56s/it]
 20%|██        | 623/3090 [55:38<5:07:36,  7.48s/it]
 20%|██        | 624/3090 [55:43<4:36:17,  6.72s/it]
 20%|██        | 625/3090 [55:48<4:14:24,  6.19s/it]
 20%|██        | 626/3090 [55:53<3:59:02,  5.82s/it]
 20%|██        | 627/3090 [55:58<3:48:16,  5.56s/it]
 20%|██        | 628/3090 [56:03<3:40:43,  5.38s/it]
 20%|██        | 629/3090 [56:08<3:35:22,  5.25s/it]
 20%|██        | 630/3090 [56:13<3:31:35,  5.16s/it]
 20%|██        | 631/3090 [56:18<3:28:55,  5.10s/it]
 20%|██        | 632/3090 [56:23<3:27:04,  5.05s/it]
 20%|██        | 633/3090 [56:28<3:25:44,  5.02s/it]
 21%|██        | 634/3090 [56:33<3:24:46,  5.00s/it]
 21%|██        | 635/3090 [56:38<3:24:05,  4.99s/it]
 21%|██        | 636/3090 [56:43<3:23:33,  4.98s/it]
 21%|██        | 637/3090 [56:48<3:23:09,  4.97s/it]
 21%|██        | 638/3090 [56:53<3:22:54,  4.97s/it]
 21%|██        | 639/3090 [56:58<3:22:39,  4.96s/it]
 21%|██        | 640/3090 [57:02<3:22:27,  4.96s/it]
 21%|██        | 641/3090 [57:07<3:22:19,  4.96s/it]
 21%|██        | 642/3090 [57:12<3:22:13,  4.96s/it]
 21%|██        | 643/3090 [57:17<3:22:03,  4.95s/it]
 21%|██        | 644/3090 [57:22<3:21:57,  4.95s/it]
 21%|██        | 645/3090 [57:27<3:21:53,  4.95s/it]
 21%|██        | 646/3090 [57:32<3:21:46,  4.95s/it]
 21%|██        | 647/3090 [57:37<3:21:41,  4.95s/it]
 21%|██        | 648/3090 [57:42<3:21:39,  4.95s/it]
 21%|██        | 649/3090 [57:47<3:21:31,  4.95s/it]
 21%|██        | 650/3090 [57:52<3:21:28,  4.95s/it]
 21%|██        | 651/3090 [57:57<3:21:24,  4.95s/it]
 21%|██        | 652/3090 [58:02<3:21:17,  4.95s/it]
 21%|██        | 653/3090 [58:07<3:21:10,  4.95s/it]
 21%|██        | 654/3090 [58:12<3:21:06,  4.95s/it]
 21%|██        | 655/3090 [58:17<3:20:59,  4.95s/it]
 21%|██        | 656/3090 [58:22<3:20:53,  4.95s/it]
 21%|██▏       | 657/3090 [58:27<3:20:49,  4.95s/it]
 21%|██▏       | 658/3090 [58:32<3:20:44,  4.95s/it]
 21%|██▏       | 659/3090 [58:37<3:20:39,  4.95s/it]
 21%|██▏       | 660/3090 [58:42<3:20:40,  4.96s/it]
 21%|██▏       | 661/3090 [58:47<3:20:35,  4.95s/it]
 21%|██▏       | 662/3090 [58:51<3:20:28,  4.95s/it]
 21%|██▏       | 663/3090 [58:56<3:20:25,  4.95s/it]
 21%|██▏       | 664/3090 [59:01<3:20:21,  4.96s/it]
 22%|██▏       | 665/3090 [59:06<3:20:14,  4.95s/it]
 22%|██▏       | 666/3090 [59:11<3:20:12,  4.96s/it]
 22%|██▏       | 667/3090 [59:16<3:20:12,  4.96s/it]
 22%|██▏       | 668/3090 [59:21<3:20:03,  4.96s/it]
 22%|██▏       | 669/3090 [59:26<3:19:58,  4.96s/it]
 22%|██▏       | 670/3090 [59:31<3:19:55,  4.96s/it]
 22%|██▏       | 671/3090 [59:36<3:19:45,  4.95s/it]
 22%|██▏       | 672/3090 [59:41<3:19:41,  4.96s/it]
 22%|██▏       | 673/3090 [59:46<3:19:38,  4.96s/it]
 22%|██▏       | 674/3090 [59:51<3:19:31,  4.96s/it]
 22%|██▏       | 675/3090 [59:56<3:19:27,  4.96s/it]
 22%|██▏       | 676/3090 [1:00:01<3:19:28,  4.96s/it]
 22%|██▏       | 677/3090 [1:00:06<3:19:16,  4.96s/it]
 22%|██▏       | 678/3090 [1:00:11<3:19:11,  4.96s/it]
 22%|██▏       | 679/3090 [1:00:16<3:19:20,  4.96s/it]
 22%|██▏       | 680/3090 [1:00:21<3:19:08,  4.96s/it]
 22%|██▏       | 681/3090 [1:00:26<3:18:58,  4.96s/it]
 22%|██▏       | 682/3090 [1:00:31<3:19:05,  4.96s/it]
 22%|██▏       | 683/3090 [1:00:36<3:18:54,  4.96s/it]
 22%|██▏       | 684/3090 [1:00:41<3:18:45,  4.96s/it]
 22%|██▏       | 685/3090 [1:00:45<3:18:49,  4.96s/it]
 22%|██▏       | 686/3090 [1:00:50<3:18:39,  4.96s/it]
 22%|██▏       | 687/3090 [1:00:55<3:18:29,  4.96s/it]
 22%|██▏       | 688/3090 [1:01:00<3:18:26,  4.96s/it]
 22%|██▏       | 689/3090 [1:01:05<3:18:17,  4.96s/it]
 22%|██▏       | 690/3090 [1:01:10<3:18:11,  4.95s/it]
 22%|██▏       | 691/3090 [1:01:15<3:18:11,  4.96s/it]
 22%|██▏       | 692/3090 [1:01:20<3:18:04,  4.96s/it]
 22%|██▏       | 693/3090 [1:01:25<3:17:57,  4.96s/it]
 22%|██▏       | 694/3090 [1:01:30<3:17:58,  4.96s/it]
 22%|██▏       | 695/3090 [1:01:35<3:17:49,  4.96s/it]
 23%|██▎       | 696/3090 [1:01:40<3:17:41,  4.95s/it]
 23%|██▎       | 697/3090 [1:01:45<3:17:39,  4.96s/it]
 23%|██▎       | 698/3090 [1:01:50<3:17:31,  4.95s/it]
 23%|██▎       | 699/3090 [1:01:55<3:17:23,  4.95s/it]
 23%|██▎       | 700/3090 [1:02:00<3:17:22,  4.96s/it]
 23%|██▎       | 701/3090 [1:02:05<3:17:13,  4.95s/it]
 23%|██▎       | 702/3090 [1:02:10<3:17:08,  4.95s/it]
 23%|██▎       | 703/3090 [1:02:15<3:17:08,  4.96s/it]
 23%|██▎       | 704/3090 [1:02:20<3:17:00,  4.95s/it]
 23%|██▎       | 705/3090 [1:02:25<3:16:53,  4.95s/it]
 23%|██▎       | 706/3090 [1:02:30<3:16:51,  4.95s/it]
 23%|██▎       | 707/3090 [1:02:34<3:16:47,  4.95s/it]
 23%|██▎       | 708/3090 [1:02:39<3:16:39,  4.95s/it]
 23%|██▎       | 709/3090 [1:02:44<3:16:36,  4.95s/it]
 23%|██▎       | 710/3090 [1:02:49<3:16:28,  4.95s/it]
 23%|██▎       | 711/3090 [1:02:54<3:16:22,  4.95s/it]
 23%|██▎       | 712/3090 [1:02:59<3:16:30,  4.96s/it]
 23%|██▎       | 713/3090 [1:03:04<3:16:22,  4.96s/it]
 23%|██▎       | 714/3090 [1:03:09<3:16:11,  4.95s/it]
 23%|██▎       | 715/3090 [1:03:14<3:16:21,  4.96s/it]
 23%|██▎       | 716/3090 [1:03:19<3:16:13,  4.96s/it]
 23%|██▎       | 717/3090 [1:03:24<3:16:03,  4.96s/it]
 23%|██▎       | 718/3090 [1:03:29<3:15:56,  4.96s/it]
 23%|██▎       | 719/3090 [1:03:34<3:15:50,  4.96s/it]
 23%|██▎       | 720/3090 [1:03:39<3:15:42,  4.95s/it]
 23%|██▎       | 721/3090 [1:03:44<3:15:14,  4.95s/it]
                                                      

 23%|██▎       | 721/3090 [1:03:44<3:15:14,  4.95s/it]{'loss': 0.0898, 'grad_norm': 0.12096180766820908, 'learning_rate': 3.8333333333333334e-05, 'epoch': 7.0}


  0%|          | 0/26 [00:00<?, ?it/s][A

  8%|▊         | 2/26 [00:01<00:14,  1.68it/s][A

 12%|█▏        | 3/26 [00:02<00:19,  1.18it/s][A

 15%|█▌        | 4/26 [00:03<00:21,  1.03it/s][A

 19%|█▉        | 5/26 [00:04<00:22,  1.05s/it][A

 23%|██▎       | 6/26 [00:05<00:21,  1.10s/it][A

 27%|██▋       | 7/26 [00:07<00:21,  1.13s/it][A

 31%|███       | 8/26 [00:08<00:20,  1.15s/it][A

 35%|███▍      | 9/26 [00:09<00:19,  1.16s/it][A

 38%|███▊      | 10/26 [00:10<00:18,  1.17s/it][A

 42%|████▏     | 11/26 [00:11<00:17,  1.18s/it][A

 46%|████▌     | 12/26 [00:13<00:16,  1.18s/it][A

 50%|█████     | 13/26 [00:14<00:15,  1.19s/it][A

 54%|█████▍    | 14/26 [00:15<00:14,  1.19s/it][A

 58%|█████▊    | 15/26 [00:16<00:13,  1.19s/it][A

 62%|██████▏   | 16/26 [00:17<00:11,  1.19s/it][A

 65%|██████▌   | 17/26 [00:19<00:10,  1.19s/it][A

 69%|██████▉   | 18/26 [00:20<00:09,  1.19s/it][A

 73%|███████▎  | 19/26 [00:21<00:08,  1.19s/it][A

 77%|███████▋  | 20/26 [00:22<00:07,  1.19s/it][A

 81%|████████  | 21/26 [00:23<00:05,  1.19s/it][A

 85%|████████▍ | 22/26 [00:25<00:04,  1.19s/it][A

 88%|████████▊ | 23/26 [00:26<00:03,  1.19s/it][A

 92%|█████████▏| 24/26 [00:27<00:02,  1.19s/it][A

 96%|█████████▌| 25/26 [00:28<00:01,  1.19s/it][A

100%|██████████| 26/26 [00:29<00:00,  1.12s/it][A

                                               
[A
                                                      

100%|██████████| 26/26 [00:29<00:00,  1.12s/it][A
 23%|██▎       | 721/3090 [1:04:15<3:15:14,  4.95s/it]

                                               [A{'eval_loss': 0.07035356760025024, 'eval_macro_recall': 0.9617324561403509, 'eval_macro_precision': 0.9589505012531326, 'eval_macro_f1': 0.9538488972773699, 'eval_accuracy': 0.9805589307411907, 'eval_micro_recall': 0.9805589307411907, 'eval_micro_precision': 0.9805589307411907, 'eval_micro_f1': 0.9805589307411907, 'eval_runtime': 31.1715, 'eval_samples_per_second': 26.402, 'eval_steps_per_second': 0.834, 'epoch': 7.0}

 23%|██▎       | 722/3090 [1:04:24<10:15:44, 15.60s/it]
 23%|██▎       | 723/3090 [1:04:29<8:09:38, 12.41s/it] 
 23%|██▎       | 724/3090 [1:04:34<6:41:15, 10.18s/it]
 23%|██▎       | 725/3090 [1:04:39<5:39:17,  8.61s/it]
 23%|██▎       | 726/3090 [1:04:44<4:56:08,  7.52s/it]
 24%|██▎       | 727/3090 [1:04:49<4:25:44,  6.75s/it]
 24%|██▎       | 728/3090 [1:04:54<4:04:25,  6.21s/it]
 24%|██▎       | 729/3090 [1:04:59<3:49:32,  5.83s/it]
 24%|██▎       | 730/3090 [1:05:04<3:39:06,  5.57s/it]
 24%|██▎       | 731/3090 [1:05:09<3:31:44,  5.39s/it]
 24%|██▎       | 732/3090 [1:05:14<3:26:49,  5.26s/it]
 24%|██▎       | 733/3090 [1:05:19<3:23:07,  5.17s/it]
 24%|██▍       | 734/3090 [1:05:24<3:20:25,  5.10s/it]
 24%|██▍       | 735/3090 [1:05:29<3:18:55,  5.07s/it]
 24%|██▍       | 736/3090 [1:05:34<3:17:31,  5.03s/it]
 24%|██▍       | 737/3090 [1:05:39<3:16:29,  5.01s/it]
 24%|██▍       | 738/3090 [1:05:44<3:16:01,  5.00s/it]
 24%|██▍       | 739/3090 [1:05:49<3:15:26,  4.99s/it]
 24%|██▍       | 740/3090 [1:05:54<3:14:56,  4.98s/it]
 24%|██▍       | 741/3090 [1:05:59<3:14:46,  4.98s/it]
 24%|██▍       | 742/3090 [1:06:04<3:14:31,  4.97s/it]
 24%|██▍       | 743/3090 [1:06:08<3:14:13,  4.97s/it]
 24%|██▍       | 744/3090 [1:06:13<3:14:07,  4.96s/it]
 24%|██▍       | 745/3090 [1:06:18<3:14:07,  4.97s/it]
 24%|██▍       | 746/3090 [1:06:23<3:13:58,  4.97s/it]
 24%|██▍       | 747/3090 [1:06:28<3:13:48,  4.96s/it]
 24%|██▍       | 748/3090 [1:06:33<3:13:37,  4.96s/it]
 24%|██▍       | 749/3090 [1:06:38<3:13:27,  4.96s/it]
 24%|██▍       | 750/3090 [1:06:43<3:13:18,  4.96s/it]
 24%|██▍       | 751/3090 [1:06:48<3:13:09,  4.96s/it]
 24%|██▍       | 752/3090 [1:07:09<6:14:36,  9.61s/it]
 24%|██▍       | 753/3090 [1:07:14<5:23:51,  8.31s/it]
 24%|██▍       | 754/3090 [1:07:20<4:53:13,  7.53s/it]
 24%|██▍       | 755/3090 [1:07:25<4:25:21,  6.82s/it]
 24%|██▍       | 756/3090 [1:07:30<4:03:24,  6.26s/it]
 24%|██▍       | 757/3090 [1:07:35<3:48:02,  5.86s/it]
 25%|██▍       | 758/3090 [1:07:40<3:37:16,  5.59s/it]
 25%|██▍       | 759/3090 [1:07:45<3:29:45,  5.40s/it]
 25%|██▍       | 760/3090 [1:07:50<3:24:26,  5.26s/it]
 25%|██▍       | 761/3090 [1:07:54<3:20:41,  5.17s/it]
 25%|██▍       | 762/3090 [1:07:59<3:18:03,  5.10s/it]
 25%|██▍       | 763/3090 [1:08:04<3:16:10,  5.06s/it]
 25%|██▍       | 764/3090 [1:08:09<3:14:49,  5.03s/it]
 25%|██▍       | 765/3090 [1:08:14<3:13:51,  5.00s/it]
 25%|██▍       | 766/3090 [1:08:19<3:13:11,  4.99s/it]
 25%|██▍       | 767/3090 [1:08:24<3:12:42,  4.98s/it]
 25%|██▍       | 768/3090 [1:08:29<3:12:19,  4.97s/it]
 25%|██▍       | 769/3090 [1:08:34<3:12:01,  4.96s/it]
 25%|██▍       | 770/3090 [1:08:39<3:11:47,  4.96s/it]
 25%|██▍       | 771/3090 [1:08:44<3:11:36,  4.96s/it]
 25%|██▍       | 772/3090 [1:08:49<3:11:28,  4.96s/it]
 25%|██▌       | 773/3090 [1:08:54<3:11:21,  4.96s/it]
 25%|██▌       | 774/3090 [1:08:59<3:11:13,  4.95s/it]
 25%|██▌       | 775/3090 [1:09:04<3:11:08,  4.95s/it]
 25%|██▌       | 776/3090 [1:09:09<3:11:02,  4.95s/it]
 25%|██▌       | 777/3090 [1:09:14<3:10:56,  4.95s/it]
 25%|██▌       | 778/3090 [1:09:19<3:10:51,  4.95s/it]
 25%|██▌       | 779/3090 [1:09:24<3:10:45,  4.95s/it]
 25%|██▌       | 780/3090 [1:09:29<3:10:40,  4.95s/it]
 25%|██▌       | 781/3090 [1:09:33<3:10:36,  4.95s/it]
 25%|██▌       | 782/3090 [1:09:38<3:10:32,  4.95s/it]
 25%|██▌       | 783/3090 [1:09:43<3:10:26,  4.95s/it]
 25%|██▌       | 784/3090 [1:09:48<3:10:21,  4.95s/it]
 25%|██▌       | 785/3090 [1:09:53<3:10:18,  4.95s/it]
 25%|██▌       | 786/3090 [1:09:58<3:10:13,  4.95s/it]
 25%|██▌       | 787/3090 [1:10:03<3:10:06,  4.95s/it]
 26%|██▌       | 788/3090 [1:10:08<3:10:02,  4.95s/it]
 26%|██▌       | 789/3090 [1:10:13<3:09:58,  4.95s/it]
 26%|██▌       | 790/3090 [1:10:18<3:09:54,  4.95s/it]
 26%|██▌       | 791/3090 [1:10:23<3:09:49,  4.95s/it]
 26%|██▌       | 792/3090 [1:10:28<3:09:42,  4.95s/it]
 26%|██▌       | 793/3090 [1:10:33<3:09:40,  4.95s/it]
 26%|██▌       | 794/3090 [1:10:38<3:09:37,  4.96s/it]
 26%|██▌       | 795/3090 [1:10:43<3:09:32,  4.96s/it]
 26%|██▌       | 796/3090 [1:10:48<3:14:52,  5.10s/it]
 26%|██▌       | 797/3090 [1:10:53<3:13:10,  5.05s/it]
 26%|██▌       | 798/3090 [1:10:58<3:11:56,  5.02s/it]
 26%|██▌       | 799/3090 [1:11:03<3:11:05,  5.00s/it]
 26%|██▌       | 800/3090 [1:11:08<3:10:27,  4.99s/it]
 26%|██▌       | 801/3090 [1:11:13<3:09:57,  4.98s/it]
 26%|██▌       | 802/3090 [1:11:18<3:09:39,  4.97s/it]
 26%|██▌       | 803/3090 [1:11:23<3:09:23,  4.97s/it]
 26%|██▌       | 804/3090 [1:11:28<3:09:06,  4.96s/it]
 26%|██▌       | 805/3090 [1:11:33<3:08:57,  4.96s/it]
 26%|██▌       | 806/3090 [1:11:38<3:08:46,  4.96s/it]
 26%|██▌       | 807/3090 [1:11:43<3:08:37,  4.96s/it]
 26%|██▌       | 808/3090 [1:11:48<3:08:31,  4.96s/it]
 26%|██▌       | 809/3090 [1:11:53<3:08:26,  4.96s/it]
 26%|██▌       | 810/3090 [1:11:58<3:08:18,  4.96s/it]
 26%|██▌       | 811/3090 [1:12:03<3:08:14,  4.96s/it]
 26%|██▋       | 812/3090 [1:12:08<3:08:08,  4.96s/it]
 26%|██▋       | 813/3090 [1:12:13<3:08:01,  4.95s/it]
 26%|██▋       | 814/3090 [1:12:17<3:07:57,  4.96s/it]
 26%|██▋       | 815/3090 [1:12:22<3:07:52,  4.95s/it]
 26%|██▋       | 816/3090 [1:12:27<3:07:44,  4.95s/it]
 26%|██▋       | 817/3090 [1:12:32<3:07:44,  4.96s/it]
 26%|██▋       | 818/3090 [1:12:37<3:07:39,  4.96s/it]
 27%|██▋       | 819/3090 [1:12:42<3:07:33,  4.96s/it]
 27%|██▋       | 820/3090 [1:12:47<3:07:28,  4.96s/it]
 27%|██▋       | 821/3090 [1:12:52<3:07:23,  4.96s/it]
 27%|██▋       | 822/3090 [1:12:57<3:07:16,  4.95s/it]
 27%|██▋       | 823/3090 [1:13:02<3:07:14,  4.96s/it]
 27%|██▋       | 824/3090 [1:13:07<3:10:26,  5.04s/it]
                                                      

 27%|██▋       | 824/3090 [1:13:07<3:10:26,  5.04s/it]{'loss': 0.0699, 'grad_norm': 0.6339953541755676, 'learning_rate': 3.6666666666666666e-05, 'epoch': 8.0}


  0%|          | 0/26 [00:00<?, ?it/s][A

  8%|▊         | 2/26 [00:01<00:14,  1.67it/s][A

 12%|█▏        | 3/26 [00:02<00:19,  1.18it/s][A

 15%|█▌        | 4/26 [00:03<00:21,  1.03it/s][A

 19%|█▉        | 5/26 [00:04<00:22,  1.05s/it][A

 23%|██▎       | 6/26 [00:05<00:21,  1.10s/it][A

 27%|██▋       | 7/26 [00:07<00:21,  1.13s/it][A

 31%|███       | 8/26 [00:08<00:20,  1.15s/it][A

 35%|███▍      | 9/26 [00:09<00:19,  1.16s/it][A

 38%|███▊      | 10/26 [00:10<00:18,  1.17s/it][A

 42%|████▏     | 11/26 [00:11<00:17,  1.18s/it][A

 46%|████▌     | 12/26 [00:13<00:16,  1.18s/it][A

 50%|█████     | 13/26 [00:14<00:15,  1.19s/it][A

 54%|█████▍    | 14/26 [00:15<00:14,  1.19s/it][A

 58%|█████▊    | 15/26 [00:16<00:13,  1.19s/it][A

 62%|██████▏   | 16/26 [00:17<00:11,  1.19s/it][A

 65%|██████▌   | 17/26 [00:19<00:10,  1.19s/it][A

 69%|██████▉   | 18/26 [00:20<00:09,  1.19s/it][A

 73%|███████▎  | 19/26 [00:21<00:08,  1.19s/it][A

 77%|███████▋  | 20/26 [00:22<00:07,  1.19s/it][A

 81%|████████  | 21/26 [00:23<00:05,  1.19s/it][A

 85%|████████▍ | 22/26 [00:25<00:04,  1.20s/it][A

 88%|████████▊ | 23/26 [00:26<00:03,  1.19s/it][A

 92%|█████████▏| 24/26 [00:27<00:02,  1.19s/it][A

 96%|█████████▌| 25/26 [00:28<00:01,  1.19s/it][A

100%|██████████| 26/26 [00:29<00:00,  1.13s/it][A

                                               
[A
                                                      

100%|██████████| 26/26 [00:29<00:00,  1.13s/it][A
 27%|██▋       | 824/3090 [1:13:39<3:10:26,  5.04s/it]

                                               [A{'eval_loss': 0.052489206194877625, 'eval_macro_recall': 0.975360275689223, 'eval_macro_precision': 0.9839644256388475, 'eval_macro_f1': 0.9749774248656905, 'eval_accuracy': 0.9878493317132442, 'eval_micro_recall': 0.9878493317132442, 'eval_micro_precision': 0.9878493317132442, 'eval_micro_f1': 0.9878493317132442, 'eval_runtime': 31.3197, 'eval_samples_per_second': 26.277, 'eval_steps_per_second': 0.83, 'epoch': 8.0}

 27%|██▋       | 825/3090 [1:13:48<9:48:39, 15.59s/it]
 27%|██▋       | 826/3090 [1:13:52<7:48:01, 12.40s/it]
 27%|██▋       | 827/3090 [1:13:57<6:23:31, 10.17s/it]
 27%|██▋       | 828/3090 [1:14:02<5:24:23,  8.60s/it]
 27%|██▋       | 829/3090 [1:14:07<4:43:02,  7.51s/it]
 27%|██▋       | 830/3090 [1:14:12<4:14:00,  6.74s/it]
 27%|██▋       | 831/3090 [1:14:17<3:53:46,  6.21s/it]
 27%|██▋       | 832/3090 [1:14:22<3:39:32,  5.83s/it]
 27%|██▋       | 833/3090 [1:14:27<3:29:30,  5.57s/it]
 27%|██▋       | 834/3090 [1:14:32<3:22:30,  5.39s/it]
 27%|██▋       | 835/3090 [1:14:37<3:17:35,  5.26s/it]
 27%|██▋       | 836/3090 [1:14:42<3:14:03,  5.17s/it]
 27%|██▋       | 837/3090 [1:14:47<3:11:36,  5.10s/it]
 27%|██▋       | 838/3090 [1:14:52<3:09:50,  5.06s/it]
 27%|██▋       | 839/3090 [1:14:57<3:08:33,  5.03s/it]
 27%|██▋       | 840/3090 [1:15:02<3:07:45,  5.01s/it]
 27%|██▋       | 841/3090 [1:15:07<3:07:15,  5.00s/it]
 27%|██▋       | 842/3090 [1:15:12<3:06:39,  4.98s/it]
 27%|██▋       | 843/3090 [1:15:17<3:06:20,  4.98s/it]
 27%|██▋       | 844/3090 [1:15:22<3:06:18,  4.98s/it]
 27%|██▋       | 845/3090 [1:15:27<3:05:56,  4.97s/it]
 27%|██▋       | 846/3090 [1:15:32<3:05:44,  4.97s/it]
 27%|██▋       | 847/3090 [1:15:37<3:05:42,  4.97s/it]
 27%|██▋       | 848/3090 [1:15:42<3:05:27,  4.96s/it]
 27%|██▋       | 849/3090 [1:15:47<3:05:16,  4.96s/it]
 28%|██▊       | 850/3090 [1:15:51<3:05:09,  4.96s/it]
 28%|██▊       | 851/3090 [1:15:56<3:04:58,  4.96s/it]
 28%|██▊       | 852/3090 [1:16:01<3:04:54,  4.96s/it]
 28%|██▊       | 853/3090 [1:16:06<3:04:54,  4.96s/it]
 28%|██▊       | 854/3090 [1:16:11<3:04:45,  4.96s/it]
 28%|██▊       | 855/3090 [1:16:16<3:04:42,  4.96s/it]
 28%|██▊       | 856/3090 [1:16:21<3:04:40,  4.96s/it]
 28%|██▊       | 857/3090 [1:16:26<3:04:28,  4.96s/it]
 28%|██▊       | 858/3090 [1:16:31<3:04:22,  4.96s/it]
 28%|██▊       | 859/3090 [1:16:36<3:04:22,  4.96s/it]
 28%|██▊       | 860/3090 [1:16:41<3:04:14,  4.96s/it]
 28%|██▊       | 861/3090 [1:16:46<3:04:08,  4.96s/it]
 28%|██▊       | 862/3090 [1:16:51<3:04:05,  4.96s/it]
 28%|██▊       | 863/3090 [1:16:56<3:03:58,  4.96s/it]
 28%|██▊       | 864/3090 [1:17:01<3:03:52,  4.96s/it]
 28%|██▊       | 865/3090 [1:17:06<3:03:48,  4.96s/it]
 28%|██▊       | 866/3090 [1:17:11<3:03:41,  4.96s/it]
 28%|██▊       | 867/3090 [1:17:16<3:03:38,  4.96s/it]
 28%|██▊       | 868/3090 [1:17:21<3:03:44,  4.96s/it]
 28%|██▊       | 869/3090 [1:17:26<3:03:32,  4.96s/it]
 28%|██▊       | 870/3090 [1:17:31<3:03:22,  4.96s/it]
 28%|██▊       | 871/3090 [1:17:36<3:03:17,  4.96s/it]
 28%|██▊       | 872/3090 [1:17:41<3:03:11,  4.96s/it]
 28%|██▊       | 873/3090 [1:17:45<3:03:03,  4.95s/it]
 28%|██▊       | 874/3090 [1:17:50<3:02:58,  4.95s/it]
 28%|██▊       | 875/3090 [1:17:55<3:02:53,  4.95s/it]
 28%|██▊       | 876/3090 [1:18:00<3:02:45,  4.95s/it]
 28%|██▊       | 877/3090 [1:18:05<3:02:40,  4.95s/it]
 28%|██▊       | 878/3090 [1:18:10<3:02:36,  4.95s/it]
 28%|██▊       | 879/3090 [1:18:15<3:02:32,  4.95s/it]
 28%|██▊       | 880/3090 [1:18:20<3:02:30,  4.96s/it]
 29%|██▊       | 881/3090 [1:18:25<3:02:28,  4.96s/it]
 29%|██▊       | 882/3090 [1:18:30<3:02:19,  4.95s/it]
 29%|██▊       | 883/3090 [1:18:35<3:02:13,  4.95s/it]
 29%|██▊       | 884/3090 [1:18:40<3:02:09,  4.95s/it]
 29%|██▊       | 885/3090 [1:18:45<3:02:03,  4.95s/it]
 29%|██▊       | 886/3090 [1:18:50<3:01:59,  4.95s/it]
 29%|██▊       | 887/3090 [1:18:55<3:02:01,  4.96s/it]
 29%|██▊       | 888/3090 [1:19:00<3:01:53,  4.96s/it]
 29%|██▉       | 889/3090 [1:19:05<3:01:48,  4.96s/it]
 29%|██▉       | 890/3090 [1:19:10<3:01:54,  4.96s/it]
 29%|██▉       | 891/3090 [1:19:15<3:01:43,  4.96s/it]
 29%|██▉       | 892/3090 [1:19:20<3:01:35,  4.96s/it]
 29%|██▉       | 893/3090 [1:19:25<3:01:30,  4.96s/it]
 29%|██▉       | 894/3090 [1:19:30<3:01:25,  4.96s/it]
 29%|██▉       | 895/3090 [1:19:35<3:01:16,  4.96s/it]
 29%|██▉       | 896/3090 [1:19:40<3:06:02,  5.09s/it]
 29%|██▉       | 897/3090 [1:19:45<3:04:31,  5.05s/it]
 29%|██▉       | 898/3090 [1:19:50<3:03:22,  5.02s/it]
 29%|██▉       | 899/3090 [1:19:55<3:02:34,  5.00s/it]
 29%|██▉       | 900/3090 [1:20:00<3:02:05,  4.99s/it]
 29%|██▉       | 901/3090 [1:20:05<3:01:34,  4.98s/it]
 29%|██▉       | 902/3090 [1:20:10<3:01:13,  4.97s/it]
 29%|██▉       | 903/3090 [1:20:15<3:01:06,  4.97s/it]
 29%|██▉       | 904/3090 [1:20:20<3:00:48,  4.96s/it]
 29%|██▉       | 905/3090 [1:20:25<3:00:40,  4.96s/it]
 29%|██▉       | 906/3090 [1:20:29<3:00:32,  4.96s/it]
 29%|██▉       | 907/3090 [1:20:34<3:00:22,  4.96s/it]
 29%|██▉       | 908/3090 [1:20:39<3:00:13,  4.96s/it]
 29%|██▉       | 909/3090 [1:20:44<3:00:17,  4.96s/it]
 29%|██▉       | 910/3090 [1:20:49<3:00:09,  4.96s/it]
 29%|██▉       | 911/3090 [1:20:54<3:00:00,  4.96s/it]
 30%|██▉       | 912/3090 [1:20:59<2:59:57,  4.96s/it]
 30%|██▉       | 913/3090 [1:21:04<2:59:48,  4.96s/it]
 30%|██▉       | 914/3090 [1:21:09<2:59:39,  4.95s/it]
 30%|██▉       | 915/3090 [1:21:14<2:59:37,  4.95s/it]
 30%|██▉       | 916/3090 [1:21:19<2:59:32,  4.96s/it]
 30%|██▉       | 917/3090 [1:21:24<2:59:24,  4.95s/it]
 30%|██▉       | 918/3090 [1:21:29<2:59:23,  4.96s/it]
 30%|██▉       | 919/3090 [1:21:34<2:59:18,  4.96s/it]
 30%|██▉       | 920/3090 [1:21:39<2:59:13,  4.96s/it]
 30%|██▉       | 921/3090 [1:21:44<2:59:15,  4.96s/it]
 30%|██▉       | 922/3090 [1:21:49<2:59:13,  4.96s/it]
 30%|██▉       | 923/3090 [1:21:54<2:59:01,  4.96s/it]
 30%|██▉       | 924/3090 [1:21:59<2:58:57,  4.96s/it]
 30%|██▉       | 925/3090 [1:22:04<2:58:54,  4.96s/it]
 30%|██▉       | 926/3090 [1:22:09<2:58:45,  4.96s/it]
 30%|███       | 927/3090 [1:22:13<2:58:05,  4.94s/it]
                                                      

 30%|███       | 927/3090 [1:22:14<2:58:05,  4.94s/it]{'loss': 0.061, 'grad_norm': 1.0882093906402588, 'learning_rate': 3.5e-05, 'epoch': 9.0}


  0%|          | 0/26 [00:00<?, ?it/s][A

  8%|▊         | 2/26 [00:01<00:14,  1.68it/s][A

 12%|█▏        | 3/26 [00:02<00:19,  1.18it/s][A

 15%|█▌        | 4/26 [00:03<00:21,  1.03it/s][A

 19%|█▉        | 5/26 [00:04<00:22,  1.05s/it][A

 23%|██▎       | 6/26 [00:05<00:21,  1.10s/it][A

 27%|██▋       | 7/26 [00:07<00:21,  1.13s/it][A

 31%|███       | 8/26 [00:08<00:20,  1.15s/it][A

 35%|███▍      | 9/26 [00:09<00:19,  1.16s/it][A

 38%|███▊      | 10/26 [00:10<00:18,  1.17s/it][A

 42%|████▏     | 11/26 [00:11<00:17,  1.18s/it][A

 46%|████▌     | 12/26 [00:13<00:16,  1.19s/it][A

 50%|█████     | 13/26 [00:14<00:15,  1.19s/it][A

 54%|█████▍    | 14/26 [00:15<00:14,  1.19s/it][A

 58%|█████▊    | 15/26 [00:16<00:13,  1.19s/it][A

 62%|██████▏   | 16/26 [00:17<00:11,  1.19s/it][A

 65%|██████▌   | 17/26 [00:19<00:10,  1.19s/it][A

 69%|██████▉   | 18/26 [00:20<00:09,  1.19s/it][A

 73%|███████▎  | 19/26 [00:21<00:08,  1.19s/it][A

 77%|███████▋  | 20/26 [00:22<00:07,  1.19s/it][A

 81%|████████  | 21/26 [00:23<00:05,  1.19s/it][A

 85%|████████▍ | 22/26 [00:25<00:04,  1.19s/it][A

 88%|████████▊ | 23/26 [00:26<00:03,  1.19s/it][A

 92%|█████████▏| 24/26 [00:27<00:02,  1.19s/it][A

 96%|█████████▌| 25/26 [00:28<00:01,  1.20s/it][A

100%|██████████| 26/26 [00:29<00:00,  1.13s/it][A

                                               
[A
                                                      

100%|██████████| 26/26 [00:30<00:00,  1.13s/it][A
 30%|███       | 927/3090 [1:22:45<2:58:05,  4.94s/it]

                                               [A{'eval_loss': 0.034303538501262665, 'eval_macro_recall': 0.981939223057644, 'eval_macro_precision': 0.9837906739519378, 'eval_macro_f1': 0.9789861415900197, 'eval_accuracy': 0.9890643985419199, 'eval_micro_recall': 0.9890643985419199, 'eval_micro_precision': 0.9890643985419199, 'eval_micro_f1': 0.9890643985419199, 'eval_runtime': 31.2757, 'eval_samples_per_second': 26.314, 'eval_steps_per_second': 0.831, 'epoch': 9.0}

 30%|███       | 928/3090 [1:22:54<9:24:30, 15.67s/it]
 30%|███       | 929/3090 [1:22:59<7:28:32, 12.45s/it]
 30%|███       | 930/3090 [1:23:04<6:07:23, 10.21s/it]
 30%|███       | 931/3090 [1:23:09<5:10:33,  8.63s/it]
 30%|███       | 932/3090 [1:23:14<4:30:45,  7.53s/it]
 30%|███       | 933/3090 [1:23:19<4:02:52,  6.76s/it]
 30%|███       | 934/3090 [1:23:24<3:43:22,  6.22s/it]
 30%|███       | 935/3090 [1:23:29<3:29:42,  5.84s/it]
 30%|███       | 936/3090 [1:23:34<3:20:07,  5.57s/it]
 30%|███       | 937/3090 [1:23:39<3:13:21,  5.39s/it]
 30%|███       | 938/3090 [1:23:44<3:08:38,  5.26s/it]
 30%|███       | 939/3090 [1:23:49<3:05:20,  5.17s/it]
 30%|███       | 940/3090 [1:23:54<3:02:54,  5.10s/it]
 30%|███       | 941/3090 [1:23:59<3:01:14,  5.06s/it]
 30%|███       | 942/3090 [1:24:04<3:00:04,  5.03s/it]
 31%|███       | 943/3090 [1:24:09<2:59:09,  5.01s/it]
 31%|███       | 944/3090 [1:24:13<2:58:33,  4.99s/it]
 31%|███       | 945/3090 [1:24:18<2:58:10,  4.98s/it]
 31%|███       | 946/3090 [1:24:23<2:57:45,  4.97s/it]
 31%|███       | 947/3090 [1:24:28<2:57:32,  4.97s/it]
 31%|███       | 948/3090 [1:24:33<2:57:28,  4.97s/it]
 31%|███       | 949/3090 [1:24:38<2:57:12,  4.97s/it]
 31%|███       | 950/3090 [1:24:43<2:57:01,  4.96s/it]
 31%|███       | 951/3090 [1:24:48<2:57:01,  4.97s/it]
 31%|███       | 952/3090 [1:24:53<2:56:46,  4.96s/it]
 31%|███       | 953/3090 [1:24:58<2:56:35,  4.96s/it]
 31%|███       | 954/3090 [1:25:03<2:56:32,  4.96s/it]
 31%|███       | 955/3090 [1:25:08<2:56:23,  4.96s/it]
 31%|███       | 956/3090 [1:25:13<2:56:21,  4.96s/it]
 31%|███       | 957/3090 [1:25:18<2:56:16,  4.96s/it]
 31%|███       | 958/3090 [1:25:23<2:56:14,  4.96s/it]
 31%|███       | 959/3090 [1:25:28<2:56:05,  4.96s/it]
 31%|███       | 960/3090 [1:25:33<2:56:02,  4.96s/it]
 31%|███       | 961/3090 [1:25:38<2:55:59,  4.96s/it]
 31%|███       | 962/3090 [1:25:43<2:55:50,  4.96s/it]
 31%|███       | 963/3090 [1:25:48<2:55:47,  4.96s/it]
 31%|███       | 964/3090 [1:25:53<2:55:45,  4.96s/it]
 31%|███       | 965/3090 [1:25:58<2:55:35,  4.96s/it]
 31%|███▏      | 966/3090 [1:26:03<2:55:29,  4.96s/it]
 31%|███▏      | 967/3090 [1:26:08<2:55:25,  4.96s/it]
 31%|███▏      | 968/3090 [1:26:13<2:55:17,  4.96s/it]
 31%|███▏      | 969/3090 [1:26:17<2:55:17,  4.96s/it]
 31%|███▏      | 970/3090 [1:26:22<2:55:15,  4.96s/it]
 31%|███▏      | 971/3090 [1:26:27<2:55:06,  4.96s/it]
 31%|███▏      | 972/3090 [1:26:32<2:55:00,  4.96s/it]
 31%|███▏      | 973/3090 [1:26:37<2:54:56,  4.96s/it]
 32%|███▏      | 974/3090 [1:26:42<2:54:47,  4.96s/it]
 32%|███▏      | 975/3090 [1:26:47<2:54:44,  4.96s/it]
 32%|███▏      | 976/3090 [1:26:52<2:54:40,  4.96s/it]
 32%|███▏      | 977/3090 [1:26:57<2:54:30,  4.96s/it]
 32%|███▏      | 978/3090 [1:27:02<2:54:24,  4.95s/it]
 32%|███▏      | 979/3090 [1:27:07<2:54:22,  4.96s/it]
 32%|███▏      | 980/3090 [1:27:12<2:54:14,  4.95s/it]
 32%|███▏      | 981/3090 [1:27:17<2:54:08,  4.95s/it]
 32%|███▏      | 982/3090 [1:27:22<2:54:05,  4.96s/it]
 32%|███▏      | 983/3090 [1:27:27<2:54:00,  4.95s/it]
 32%|███▏      | 984/3090 [1:27:32<2:53:57,  4.96s/it]
 32%|███▏      | 985/3090 [1:27:37<2:53:54,  4.96s/it]
 32%|███▏      | 986/3090 [1:27:42<2:53:47,  4.96s/it]
 32%|███▏      | 987/3090 [1:27:47<2:53:41,  4.96s/it]
 32%|███▏      | 988/3090 [1:27:52<2:53:37,  4.96s/it]
 32%|███▏      | 989/3090 [1:27:57<2:53:29,  4.95s/it]
 32%|███▏      | 990/3090 [1:28:02<2:53:26,  4.96s/it]
 32%|███▏      | 991/3090 [1:28:07<2:53:23,  4.96s/it]
 32%|███▏      | 992/3090 [1:28:11<2:53:15,  4.95s/it]
 32%|███▏      | 993/3090 [1:28:16<2:53:12,  4.96s/it]
 32%|███▏      | 994/3090 [1:28:21<2:53:21,  4.96s/it]
 32%|███▏      | 995/3090 [1:28:26<2:53:09,  4.96s/it]
 32%|███▏      | 996/3090 [1:28:31<2:53:03,  4.96s/it]
 32%|███▏      | 997/3090 [1:28:36<2:53:07,  4.96s/it]
 32%|███▏      | 998/3090 [1:28:41<2:52:56,  4.96s/it]
 32%|███▏      | 999/3090 [1:28:46<2:52:48,  4.96s/it]
 32%|███▏      | 1000/3090 [1:28:51<2:52:46,  4.96s/it]
 32%|███▏      | 1001/3090 [1:28:56<2:52:37,  4.96s/it]
 32%|███▏      | 1002/3090 [1:29:01<2:52:33,  4.96s/it]
 32%|███▏      | 1003/3090 [1:29:06<2:52:28,  4.96s/it]
 32%|███▏      | 1004/3090 [1:29:11<2:52:21,  4.96s/it]
 33%|███▎      | 1005/3090 [1:29:16<2:52:15,  4.96s/it]
 33%|███▎      | 1006/3090 [1:29:21<2:52:24,  4.96s/it]
 33%|███▎      | 1007/3090 [1:29:26<2:52:12,  4.96s/it]
 33%|███▎      | 1008/3090 [1:29:31<2:52:02,  4.96s/it]
 33%|███▎      | 1009/3090 [1:29:36<2:51:57,  4.96s/it]
 33%|███▎      | 1010/3090 [1:29:41<2:51:52,  4.96s/it]
 33%|███▎      | 1011/3090 [1:29:46<2:51:43,  4.96s/it]
 33%|███▎      | 1012/3090 [1:29:51<2:51:44,  4.96s/it]
 33%|███▎      | 1013/3090 [1:29:56<2:51:41,  4.96s/it]
 33%|███▎      | 1014/3090 [1:30:01<2:51:32,  4.96s/it]
 33%|███▎      | 1015/3090 [1:30:06<2:51:24,  4.96s/it]
 33%|███▎      | 1016/3090 [1:30:10<2:51:21,  4.96s/it]
 33%|███▎      | 1017/3090 [1:30:15<2:51:13,  4.96s/it]
 33%|███▎      | 1018/3090 [1:30:20<2:51:06,  4.96s/it]
 33%|███▎      | 1019/3090 [1:30:25<2:51:18,  4.96s/it]
 33%|███▎      | 1020/3090 [1:30:30<2:51:05,  4.96s/it]
 33%|███▎      | 1021/3090 [1:30:35<2:50:58,  4.96s/it]
 33%|███▎      | 1022/3090 [1:30:40<2:51:06,  4.96s/it]
 33%|███▎      | 1023/3090 [1:30:45<2:50:54,  4.96s/it]
 33%|███▎      | 1024/3090 [1:30:50<2:50:44,  4.96s/it]
 33%|███▎      | 1025/3090 [1:30:55<2:50:39,  4.96s/it]
 33%|███▎      | 1026/3090 [1:31:00<2:50:31,  4.96s/it]
 33%|███▎      | 1027/3090 [1:31:05<2:50:25,  4.96s/it]
 33%|███▎      | 1028/3090 [1:31:10<2:50:28,  4.96s/it]
 33%|███▎      | 1029/3090 [1:31:15<2:50:18,  4.96s/it]
 33%|███▎      | 1030/3090 [1:31:20<2:49:36,  4.94s/it]
                                                       

 33%|███▎      | 1030/3090 [1:31:20<2:49:36,  4.94s/it]{'loss': 0.0417, 'grad_norm': 1.3522287607192993, 'learning_rate': 3.3333333333333335e-05, 'epoch': 10.0}


  0%|          | 0/26 [00:00<?, ?it/s][A

  8%|▊         | 2/26 [00:01<00:14,  1.66it/s][A

 12%|█▏        | 3/26 [00:02<00:19,  1.18it/s][A

 15%|█▌        | 4/26 [00:03<00:21,  1.02it/s][A

 19%|█▉        | 5/26 [00:04<00:22,  1.05s/it][A

 23%|██▎       | 6/26 [00:05<00:22,  1.10s/it][A

 27%|██▋       | 7/26 [00:07<00:21,  1.13s/it][A

 31%|███       | 8/26 [00:08<00:20,  1.15s/it][A

 35%|███▍      | 9/26 [00:09<00:19,  1.16s/it][A

 38%|███▊      | 10/26 [00:10<00:18,  1.17s/it][A

 42%|████▏     | 11/26 [00:11<00:17,  1.18s/it][A

 46%|████▌     | 12/26 [00:13<00:16,  1.18s/it][A

 50%|█████     | 13/26 [00:14<00:15,  1.19s/it][A

 54%|█████▍    | 14/26 [00:15<00:14,  1.19s/it][A

 58%|█████▊    | 15/26 [00:16<00:13,  1.19s/it][A

 62%|██████▏   | 16/26 [00:17<00:11,  1.19s/it][A

 65%|██████▌   | 17/26 [00:19<00:10,  1.19s/it][A

 69%|██████▉   | 18/26 [00:20<00:09,  1.19s/it][A

 73%|███████▎  | 19/26 [00:21<00:08,  1.19s/it][A

 77%|███████▋  | 20/26 [00:22<00:07,  1.19s/it][A

 81%|████████  | 21/26 [00:23<00:05,  1.19s/it][A

 85%|████████▍ | 22/26 [00:25<00:04,  1.19s/it][A

 88%|████████▊ | 23/26 [00:26<00:03,  1.19s/it][A

 92%|█████████▏| 24/26 [00:27<00:02,  1.19s/it][A

 96%|█████████▌| 25/26 [00:28<00:01,  1.19s/it][A

100%|██████████| 26/26 [00:29<00:00,  1.12s/it][A

                                               
[A
                                                       

100%|██████████| 26/26 [00:29<00:00,  1.12s/it][A
 33%|███▎      | 1030/3090 [1:31:51<2:49:36,  4.94s/it]

                                               [A{'eval_loss': 0.03167816251516342, 'eval_macro_recall': 0.9985119047619048, 'eval_macro_precision': 0.9985119047619048, 'eval_macro_f1': 0.9985119047619048, 'eval_accuracy': 0.9951397326852977, 'eval_micro_recall': 0.9951397326852977, 'eval_micro_precision': 0.9951397326852977, 'eval_micro_f1': 0.9951397326852977, 'eval_runtime': 31.2082, 'eval_samples_per_second': 26.371, 'eval_steps_per_second': 0.833, 'epoch': 10.0}

 33%|███▎      | 1031/3090 [1:32:01<9:00:28, 15.75s/it]
 33%|███▎      | 1032/3090 [1:32:06<7:09:04, 12.51s/it]
 33%|███▎      | 1033/3090 [1:32:11<5:51:16, 10.25s/it]
 33%|███▎      | 1034/3090 [1:32:16<4:56:41,  8.66s/it]
 33%|███▎      | 1035/3090 [1:32:21<4:18:31,  7.55s/it]
 34%|███▎      | 1036/3090 [1:32:26<3:51:52,  6.77s/it]
 34%|███▎      | 1037/3090 [1:32:31<3:33:04,  6.23s/it]
 34%|███▎      | 1038/3090 [1:32:36<3:19:53,  5.84s/it]
 34%|███▎      | 1039/3090 [1:32:40<3:10:44,  5.58s/it]
 34%|███▎      | 1040/3090 [1:32:45<3:04:14,  5.39s/it]
 34%|███▎      | 1041/3090 [1:32:50<2:59:38,  5.26s/it]
 34%|███▎      | 1042/3090 [1:32:55<2:56:31,  5.17s/it]
 34%|███▍      | 1043/3090 [1:33:00<2:54:21,  5.11s/it]
 34%|███▍      | 1044/3090 [1:33:05<2:52:38,  5.06s/it]
 34%|███▍      | 1045/3090 [1:33:10<2:51:26,  5.03s/it]
 34%|███▍      | 1046/3090 [1:33:15<2:50:37,  5.01s/it]
 34%|███▍      | 1047/3090 [1:33:20<2:49:59,  4.99s/it]
 34%|███▍      | 1048/3090 [1:33:25<2:49:30,  4.98s/it]
 34%|███▍      | 1049/3090 [1:33:30<2:49:17,  4.98s/it]
 34%|███▍      | 1050/3090 [1:33:35<2:48:57,  4.97s/it]
 34%|███▍      | 1051/3090 [1:33:40<2:48:44,  4.97s/it]
 34%|███▍      | 1052/3090 [1:33:45<2:48:36,  4.96s/it]
 34%|███▍      | 1053/3090 [1:33:50<2:48:25,  4.96s/it]
 34%|███▍      | 1054/3090 [1:33:55<2:48:15,  4.96s/it]
 34%|███▍      | 1055/3090 [1:34:00<2:48:18,  4.96s/it]
 34%|███▍      | 1056/3090 [1:34:05<2:48:07,  4.96s/it]
 34%|███▍      | 1057/3090 [1:34:10<2:47:59,  4.96s/it]
 34%|███▍      | 1058/3090 [1:34:15<2:48:02,  4.96s/it]
 34%|███▍      | 1059/3090 [1:34:20<2:47:53,  4.96s/it]
 34%|███▍      | 1060/3090 [1:34:25<2:47:45,  4.96s/it]
 34%|███▍      | 1061/3090 [1:34:30<2:47:39,  4.96s/it]
 34%|███▍      | 1062/3090 [1:34:34<2:47:31,  4.96s/it]
 34%|███▍      | 1063/3090 [1:34:39<2:47:25,  4.96s/it]
 34%|███▍      | 1064/3090 [1:34:44<2:47:33,  4.96s/it]
 34%|███▍      | 1065/3090 [1:34:49<2:47:23,  4.96s/it]
 34%|███▍      | 1066/3090 [1:34:54<2:47:14,  4.96s/it]
 35%|███▍      | 1067/3090 [1:34:59<2:47:08,  4.96s/it]
 35%|███▍      | 1068/3090 [1:35:04<2:47:01,  4.96s/it]
 35%|███▍      | 1069/3090 [1:35:09<2:46:53,  4.95s/it]
 35%|███▍      | 1070/3090 [1:35:14<2:46:50,  4.96s/it]
 35%|███▍      | 1071/3090 [1:35:19<2:46:42,  4.95s/it]
 35%|███▍      | 1072/3090 [1:35:24<2:46:36,  4.95s/it]
 35%|███▍      | 1073/3090 [1:35:29<2:46:48,  4.96s/it]
 35%|███▍      | 1074/3090 [1:35:34<2:46:37,  4.96s/it]
 35%|███▍      | 1075/3090 [1:35:39<2:46:27,  4.96s/it]
 35%|███▍      | 1076/3090 [1:35:44<2:46:30,  4.96s/it]
 35%|███▍      | 1077/3090 [1:35:49<2:46:22,  4.96s/it]
 35%|███▍      | 1078/3090 [1:35:54<2:46:12,  4.96s/it]
 35%|███▍      | 1079/3090 [1:35:59<2:46:11,  4.96s/it]
 35%|███▍      | 1080/3090 [1:36:04<2:46:05,  4.96s/it]
 35%|███▍      | 1081/3090 [1:36:09<2:45:58,  4.96s/it]
 35%|███▌      | 1082/3090 [1:36:14<2:45:52,  4.96s/it]
 35%|███▌      | 1083/3090 [1:36:19<2:45:46,  4.96s/it]
 35%|███▌      | 1084/3090 [1:36:24<2:45:40,  4.96s/it]
 35%|███▌      | 1085/3090 [1:36:29<2:45:37,  4.96s/it]
 35%|███▌      | 1086/3090 [1:36:33<2:45:32,  4.96s/it]
 35%|███▌      | 1087/3090 [1:36:38<2:45:24,  4.95s/it]
 35%|███▌      | 1088/3090 [1:36:43<2:45:25,  4.96s/it]
 35%|███▌      | 1089/3090 [1:36:48<2:45:26,  4.96s/it]
 35%|███▌      | 1090/3090 [1:36:53<2:45:15,  4.96s/it]
 35%|███▌      | 1091/3090 [1:36:58<2:45:09,  4.96s/it]
 35%|███▌      | 1092/3090 [1:37:03<2:45:01,  4.96s/it]
 35%|███▌      | 1093/3090 [1:37:08<2:44:55,  4.96s/it]
 35%|███▌      | 1094/3090 [1:37:13<2:44:54,  4.96s/it]
 35%|███▌      | 1095/3090 [1:37:18<2:45:00,  4.96s/it]
 35%|███▌      | 1096/3090 [1:37:23<2:44:49,  4.96s/it]
 36%|███▌      | 1097/3090 [1:37:28<2:44:46,  4.96s/it]
 36%|███▌      | 1098/3090 [1:37:33<2:44:49,  4.96s/it]
 36%|███▌      | 1099/3090 [1:37:38<2:44:37,  4.96s/it]
 36%|███▌      | 1100/3090 [1:37:43<2:44:33,  4.96s/it]
 36%|███▌      | 1101/3090 [1:37:48<2:44:32,  4.96s/it]
 36%|███▌      | 1102/3090 [1:37:53<2:44:19,  4.96s/it]
 36%|███▌      | 1103/3090 [1:37:58<2:44:12,  4.96s/it]
 36%|███▌      | 1104/3090 [1:38:03<2:44:16,  4.96s/it]
 36%|███▌      | 1105/3090 [1:38:08<2:44:04,  4.96s/it]
 36%|███▌      | 1106/3090 [1:38:13<2:43:56,  4.96s/it]
 36%|███▌      | 1107/3090 [1:38:18<2:43:52,  4.96s/it]
 36%|███▌      | 1108/3090 [1:38:23<2:43:44,  4.96s/it]
 36%|███▌      | 1109/3090 [1:38:28<2:43:39,  4.96s/it]
 36%|███▌      | 1110/3090 [1:38:32<2:43:38,  4.96s/it]
 36%|███▌      | 1111/3090 [1:38:37<2:43:30,  4.96s/it]
 36%|███▌      | 1112/3090 [1:38:42<2:43:21,  4.96s/it]
 36%|███▌      | 1113/3090 [1:38:47<2:43:18,  4.96s/it]
 36%|███▌      | 1114/3090 [1:38:52<2:43:09,  4.95s/it]
 36%|███▌      | 1115/3090 [1:38:57<2:43:03,  4.95s/it]
 36%|███▌      | 1116/3090 [1:39:02<2:43:01,  4.96s/it]
 36%|███▌      | 1117/3090 [1:39:07<2:42:54,  4.95s/it]
 36%|███▌      | 1118/3090 [1:39:12<2:42:49,  4.95s/it]
 36%|███▌      | 1119/3090 [1:39:17<2:42:58,  4.96s/it]
 36%|███▌      | 1120/3090 [1:39:22<2:42:49,  4.96s/it]
 36%|███▋      | 1121/3090 [1:39:27<2:44:44,  5.02s/it]
 36%|███▋      | 1122/3090 [1:39:32<2:44:22,  5.01s/it]
 36%|███▋      | 1123/3090 [1:39:37<2:43:44,  4.99s/it]
 36%|███▋      | 1124/3090 [1:39:42<2:43:13,  4.98s/it]
 36%|███▋      | 1125/3090 [1:39:47<2:42:55,  4.97s/it]
 36%|███▋      | 1126/3090 [1:39:52<2:42:39,  4.97s/it]
 36%|███▋      | 1127/3090 [1:39:57<2:42:24,  4.96s/it]
 37%|███▋      | 1128/3090 [1:40:02<2:42:14,  4.96s/it]
 37%|███▋      | 1129/3090 [1:40:07<2:42:08,  4.96s/it]
 37%|███▋      | 1130/3090 [1:40:12<2:41:57,  4.96s/it]
 37%|███▋      | 1131/3090 [1:40:17<2:41:49,  4.96s/it]
 37%|███▋      | 1132/3090 [1:40:22<2:41:44,  4.96s/it]
 37%|███▋      | 1133/3090 [1:40:27<2:40:52,  4.93s/it]
                                                       

 37%|███▋      | 1133/3090 [1:40:27<2:40:52,  4.93s/it]{'loss': 0.0331, 'grad_norm': 3.8376710414886475, 'learning_rate': 3.1666666666666666e-05, 'epoch': 11.0}


  0%|          | 0/26 [00:00<?, ?it/s][A

  8%|▊         | 2/26 [00:01<00:14,  1.68it/s][A

 12%|█▏        | 3/26 [00:02<00:19,  1.18it/s][A

 15%|█▌        | 4/26 [00:03<00:21,  1.02it/s][A

 19%|█▉        | 5/26 [00:04<00:22,  1.05s/it][A

 23%|██▎       | 6/26 [00:05<00:21,  1.10s/it][A

 27%|██▋       | 7/26 [00:07<00:21,  1.13s/it][A

 31%|███       | 8/26 [00:08<00:20,  1.15s/it][A

 35%|███▍      | 9/26 [00:09<00:19,  1.16s/it][A

 38%|███▊      | 10/26 [00:10<00:18,  1.17s/it][A

 42%|████▏     | 11/26 [00:11<00:17,  1.18s/it][A

 46%|████▌     | 12/26 [00:13<00:16,  1.18s/it][A

 50%|█████     | 13/26 [00:14<00:15,  1.19s/it][A

 54%|█████▍    | 14/26 [00:15<00:14,  1.19s/it][A

 58%|█████▊    | 15/26 [00:16<00:13,  1.19s/it][A

 62%|██████▏   | 16/26 [00:17<00:11,  1.19s/it][A

 65%|██████▌   | 17/26 [00:19<00:10,  1.19s/it][A

 69%|██████▉   | 18/26 [00:20<00:09,  1.19s/it][A

 73%|███████▎  | 19/26 [00:21<00:08,  1.20s/it][A

 77%|███████▋  | 20/26 [00:22<00:07,  1.20s/it][A

 81%|████████  | 21/26 [00:23<00:05,  1.20s/it][A

 85%|████████▍ | 22/26 [00:25<00:04,  1.20s/it][A

 88%|████████▊ | 23/26 [00:26<00:03,  1.19s/it][A

 92%|█████████▏| 24/26 [00:27<00:02,  1.19s/it][A

 96%|█████████▌| 25/26 [00:28<00:01,  1.19s/it][A

100%|██████████| 26/26 [00:29<00:00,  1.13s/it][A

                                               
[A
                                                       

100%|██████████| 26/26 [00:29<00:00,  1.13s/it][A
 37%|███▋      | 1133/3090 [1:40:58<2:40:52,  4.93s/it]

                                               [A{'eval_loss': 0.04058246314525604, 'eval_macro_recall': 0.9914943609022556, 'eval_macro_precision': 0.9953540100250627, 'eval_macro_f1': 0.9929802184031506, 'eval_accuracy': 0.9927095990279465, 'eval_micro_recall': 0.9927095990279465, 'eval_micro_precision': 0.9927095990279465, 'eval_micro_f1': 0.9927095990279465, 'eval_runtime': 31.237, 'eval_samples_per_second': 26.347, 'eval_steps_per_second': 0.832, 'epoch': 11.0}

 37%|███▋      | 1134/3090 [1:41:07<8:29:01, 15.61s/it]
 37%|███▋      | 1135/3090 [1:41:12<6:44:34, 12.42s/it]
 37%|███▋      | 1136/3090 [1:41:17<5:31:30, 10.18s/it]
 37%|███▋      | 1137/3090 [1:41:22<4:40:31,  8.62s/it]
 37%|███▋      | 1138/3090 [1:41:27<4:04:37,  7.52s/it]
 37%|███▋      | 1139/3090 [1:41:32<3:39:28,  6.75s/it]
 37%|███▋      | 1140/3090 [1:41:37<3:22:02,  6.22s/it]
 37%|███▋      | 1141/3090 [1:41:42<3:09:36,  5.84s/it]
 37%|███▋      | 1142/3090 [1:41:47<3:00:55,  5.57s/it]
 37%|███▋      | 1143/3090 [1:41:52<2:55:01,  5.39s/it]
 37%|███▋      | 1144/3090 [1:41:57<2:50:41,  5.26s/it]
 37%|███▋      | 1145/3090 [1:42:02<2:47:34,  5.17s/it]
 37%|███▋      | 1146/3090 [1:42:07<2:45:36,  5.11s/it]
 37%|███▋      | 1147/3090 [1:42:12<2:44:02,  5.07s/it]
 37%|███▋      | 1148/3090 [1:42:17<2:42:51,  5.03s/it]
 37%|███▋      | 1149/3090 [1:42:22<2:42:07,  5.01s/it]
 37%|███▋      | 1150/3090 [1:42:27<2:41:32,  5.00s/it]
 37%|███▋      | 1151/3090 [1:42:32<2:41:02,  4.98s/it]
 37%|███▋      | 1152/3090 [1:42:37<2:42:24,  5.03s/it]
 37%|███▋      | 1153/3090 [1:42:42<2:41:37,  5.01s/it]
 37%|███▋      | 1154/3090 [1:42:47<2:41:00,  4.99s/it]
 37%|███▋      | 1155/3090 [1:42:52<2:40:35,  4.98s/it]
 37%|███▋      | 1156/3090 [1:42:56<2:40:17,  4.97s/it]
 37%|███▋      | 1157/3090 [1:43:01<2:40:04,  4.97s/it]
 37%|███▋      | 1158/3090 [1:43:06<2:39:51,  4.96s/it]
 38%|███▊      | 1159/3090 [1:43:11<2:39:59,  4.97s/it]
 38%|███▊      | 1160/3090 [1:43:16<2:39:43,  4.97s/it]
 38%|███▊      | 1161/3090 [1:43:21<2:39:32,  4.96s/it]
 38%|███▊      | 1162/3090 [1:43:26<2:39:31,  4.96s/it]
 38%|███▊      | 1163/3090 [1:43:31<2:39:21,  4.96s/it]
 38%|███▊      | 1164/3090 [1:43:36<2:39:10,  4.96s/it]
 38%|███▊      | 1165/3090 [1:43:41<2:39:10,  4.96s/it]
 38%|███▊      | 1166/3090 [1:43:46<2:39:08,  4.96s/it]
 38%|███▊      | 1167/3090 [1:43:51<2:38:56,  4.96s/it]
 38%|███▊      | 1168/3090 [1:43:56<2:38:50,  4.96s/it]
 38%|███▊      | 1169/3090 [1:44:01<2:38:43,  4.96s/it]
 38%|███▊      | 1170/3090 [1:44:06<2:38:35,  4.96s/it]
 38%|███▊      | 1171/3090 [1:44:11<2:38:30,  4.96s/it]
 38%|███▊      | 1172/3090 [1:44:16<2:38:24,  4.96s/it]
 38%|███▊      | 1173/3090 [1:44:21<2:38:18,  4.95s/it]
 38%|███▊      | 1174/3090 [1:44:26<2:38:14,  4.96s/it]
 38%|███▊      | 1175/3090 [1:44:31<2:38:13,  4.96s/it]
 38%|███▊      | 1176/3090 [1:44:36<2:38:05,  4.96s/it]
 38%|███▊      | 1177/3090 [1:44:41<2:37:59,  4.96s/it]
 38%|███▊      | 1178/3090 [1:44:46<2:37:57,  4.96s/it]
 38%|███▊      | 1179/3090 [1:44:50<2:37:48,  4.95s/it]
 38%|███▊      | 1180/3090 [1:44:55<2:37:48,  4.96s/it]
 38%|███▊      | 1181/3090 [1:45:00<2:37:49,  4.96s/it]
 38%|███▊      | 1182/3090 [1:45:05<2:37:38,  4.96s/it]
 38%|███▊      | 1183/3090 [1:45:10<2:37:33,  4.96s/it]
 38%|███▊      | 1184/3090 [1:45:15<2:37:28,  4.96s/it]
 38%|███▊      | 1185/3090 [1:45:20<2:37:20,  4.96s/it]
 38%|███▊      | 1186/3090 [1:45:25<2:37:14,  4.96s/it]
 38%|███▊      | 1187/3090 [1:45:30<2:37:10,  4.96s/it]
 38%|███▊      | 1188/3090 [1:45:35<2:37:06,  4.96s/it]
 38%|███▊      | 1189/3090 [1:45:40<2:37:00,  4.96s/it]
 39%|███▊      | 1190/3090 [1:45:45<2:37:00,  4.96s/it]
 39%|███▊      | 1191/3090 [1:45:50<2:36:52,  4.96s/it]
 39%|███▊      | 1192/3090 [1:45:55<2:36:46,  4.96s/it]
 39%|███▊      | 1193/3090 [1:46:00<2:36:47,  4.96s/it]
 39%|███▊      | 1194/3090 [1:46:05<2:36:39,  4.96s/it]
 39%|███▊      | 1195/3090 [1:46:10<2:36:33,  4.96s/it]
 39%|███▊      | 1196/3090 [1:46:15<2:36:29,  4.96s/it]
 39%|███▊      | 1197/3090 [1:46:20<2:36:22,  4.96s/it]
 39%|███▉      | 1198/3090 [1:46:25<2:36:15,  4.96s/it]
 39%|███▉      | 1199/3090 [1:46:30<2:36:22,  4.96s/it]
 39%|███▉      | 1200/3090 [1:46:35<2:36:15,  4.96s/it]
 39%|███▉      | 1201/3090 [1:46:40<2:36:04,  4.96s/it]
 39%|███▉      | 1202/3090 [1:46:45<2:36:08,  4.96s/it]
 39%|███▉      | 1203/3090 [1:46:49<2:36:00,  4.96s/it]
 39%|███▉      | 1204/3090 [1:46:54<2:35:50,  4.96s/it]
 39%|███▉      | 1205/3090 [1:46:59<2:35:54,  4.96s/it]
 39%|███▉      | 1206/3090 [1:47:04<2:35:45,  4.96s/it]
 39%|███▉      | 1207/3090 [1:47:09<2:35:36,  4.96s/it]
 39%|███▉      | 1208/3090 [1:47:14<2:35:31,  4.96s/it]
 39%|███▉      | 1209/3090 [1:47:19<2:35:24,  4.96s/it]
 39%|███▉      | 1210/3090 [1:47:24<2:35:16,  4.96s/it]
 39%|███▉      | 1211/3090 [1:47:29<2:35:13,  4.96s/it]
 39%|███▉      | 1212/3090 [1:47:34<2:35:08,  4.96s/it]
 39%|███▉      | 1213/3090 [1:47:39<2:35:00,  4.95s/it]
 39%|███▉      | 1214/3090 [1:47:44<2:34:57,  4.96s/it]
 39%|███▉      | 1215/3090 [1:47:49<2:34:50,  4.96s/it]
 39%|███▉      | 1216/3090 [1:47:54<2:34:45,  4.96s/it]
 39%|███▉      | 1217/3090 [1:47:59<2:34:41,  4.96s/it]
 39%|███▉      | 1218/3090 [1:48:04<2:34:36,  4.96s/it]
 39%|███▉      | 1219/3090 [1:48:09<2:34:28,  4.95s/it]
 39%|███▉      | 1220/3090 [1:48:14<2:34:25,  4.95s/it]
 40%|███▉      | 1221/3090 [1:48:19<2:34:30,  4.96s/it]
 40%|███▉      | 1222/3090 [1:48:24<2:34:23,  4.96s/it]
 40%|███▉      | 1223/3090 [1:48:29<2:34:20,  4.96s/it]
 40%|███▉      | 1224/3090 [1:48:34<2:34:11,  4.96s/it]
 40%|███▉      | 1225/3090 [1:48:39<2:34:03,  4.96s/it]
 40%|███▉      | 1226/3090 [1:48:43<2:33:55,  4.95s/it]
 40%|███▉      | 1227/3090 [1:48:48<2:33:50,  4.95s/it]
 40%|███▉      | 1228/3090 [1:49:05<4:24:08,  8.51s/it]
 40%|███▉      | 1229/3090 [1:49:10<3:52:47,  7.51s/it]
 40%|███▉      | 1230/3090 [1:49:15<3:28:53,  6.74s/it]
 40%|███▉      | 1231/3090 [1:49:20<3:12:10,  6.20s/it]
 40%|███▉      | 1232/3090 [1:49:25<3:01:45,  5.87s/it]
 40%|███▉      | 1233/3090 [1:49:30<2:53:06,  5.59s/it]
 40%|███▉      | 1234/3090 [1:49:36<2:50:25,  5.51s/it]
 40%|███▉      | 1235/3090 [1:49:41<2:46:04,  5.37s/it]
 40%|████      | 1236/3090 [1:49:46<2:41:35,  5.23s/it]
                                                       

 40%|████      | 1236/3090 [1:49:46<2:41:35,  5.23s/it]{'loss': 0.035, 'grad_norm': 1.0719614028930664, 'learning_rate': 3e-05, 'epoch': 12.0}


  0%|          | 0/26 [00:00<?, ?it/s][A

  8%|▊         | 2/26 [00:01<00:14,  1.68it/s][A

 12%|█▏        | 3/26 [00:02<00:19,  1.19it/s][A

 15%|█▌        | 4/26 [00:03<00:21,  1.03it/s][A

 19%|█▉        | 5/26 [00:04<00:21,  1.05s/it][A

 23%|██▎       | 6/26 [00:05<00:21,  1.10s/it][A

 27%|██▋       | 7/26 [00:07<00:21,  1.13s/it][A

 31%|███       | 8/26 [00:08<00:20,  1.15s/it][A

 35%|███▍      | 9/26 [00:09<00:19,  1.16s/it][A

 38%|███▊      | 10/26 [00:10<00:18,  1.17s/it][A

 42%|████▏     | 11/26 [00:11<00:17,  1.18s/it][A

 46%|████▌     | 12/26 [00:13<00:16,  1.18s/it][A

 50%|█████     | 13/26 [00:14<00:15,  1.18s/it][A

 54%|█████▍    | 14/26 [00:15<00:14,  1.19s/it][A

 58%|█████▊    | 15/26 [00:16<00:13,  1.19s/it][A

 62%|██████▏   | 16/26 [00:17<00:11,  1.19s/it][A

 65%|██████▌   | 17/26 [00:19<00:10,  1.19s/it][A

 69%|██████▉   | 18/26 [00:20<00:09,  1.19s/it][A

 73%|███████▎  | 19/26 [00:21<00:08,  1.19s/it][A

 77%|███████▋  | 20/26 [00:22<00:07,  1.19s/it][A

 81%|████████  | 21/26 [00:23<00:05,  1.19s/it][A

 85%|████████▍ | 22/26 [00:25<00:04,  1.19s/it][A

 88%|████████▊ | 23/26 [00:26<00:03,  1.19s/it][A

 92%|█████████▏| 24/26 [00:27<00:02,  1.19s/it][A

 96%|█████████▌| 25/26 [00:28<00:01,  1.19s/it][A

100%|██████████| 26/26 [00:29<00:00,  1.13s/it][A

                                               
[A
                                                       

100%|██████████| 26/26 [00:30<00:00,  1.13s/it][A
 40%|████      | 1236/3090 [1:50:18<2:41:35,  5.23s/it]

                                               [A{'eval_loss': 0.05950925871729851, 'eval_macro_recall': 0.9853540100250626, 'eval_macro_precision': 0.9773088972431079, 'eval_macro_f1': 0.9798223236663087, 'eval_accuracy': 0.9890643985419199, 'eval_micro_recall': 0.9890643985419199, 'eval_micro_precision': 0.9890643985419199, 'eval_micro_f1': 0.9890643985419199, 'eval_runtime': 32.1456, 'eval_samples_per_second': 25.602, 'eval_steps_per_second': 0.809, 'epoch': 12.0}

 40%|████      | 1237/3090 [1:50:27<8:20:32, 16.21s/it]
 40%|████      | 1238/3090 [1:50:32<6:36:05, 12.83s/it]
 40%|████      | 1239/3090 [1:50:37<5:23:00, 10.47s/it]
 40%|████      | 1240/3090 [1:50:42<4:31:47,  8.81s/it]
 40%|████      | 1241/3090 [1:50:47<3:55:56,  7.66s/it]
 40%|████      | 1242/3090 [1:50:52<3:30:50,  6.85s/it]
 40%|████      | 1243/3090 [1:50:57<3:13:13,  6.28s/it]
 40%|████      | 1244/3090 [1:51:02<3:00:53,  5.88s/it]
 40%|████      | 1245/3090 [1:51:07<2:52:15,  5.60s/it]
 40%|████      | 1246/3090 [1:51:12<2:46:11,  5.41s/it]
 40%|████      | 1247/3090 [1:51:17<2:41:53,  5.27s/it]
 40%|████      | 1248/3090 [1:51:22<2:38:53,  5.18s/it]
 40%|████      | 1249/3090 [1:51:27<2:36:44,  5.11s/it]
 40%|████      | 1250/3090 [1:51:32<2:35:13,  5.06s/it]
 40%|████      | 1251/3090 [1:51:37<2:34:09,  5.03s/it]
 41%|████      | 1252/3090 [1:51:42<2:33:22,  5.01s/it]
 41%|████      | 1253/3090 [1:51:47<2:32:47,  4.99s/it]
 41%|████      | 1254/3090 [1:51:52<2:32:21,  4.98s/it]
 41%|████      | 1255/3090 [1:51:57<2:32:01,  4.97s/it]
 41%|████      | 1256/3090 [1:52:02<2:31:46,  4.97s/it]
 41%|████      | 1257/3090 [1:52:06<2:31:33,  4.96s/it]
 41%|████      | 1258/3090 [1:52:11<2:31:24,  4.96s/it]
 41%|████      | 1259/3090 [1:52:16<2:31:15,  4.96s/it]
 41%|████      | 1260/3090 [1:52:21<2:31:08,  4.96s/it]
 41%|████      | 1261/3090 [1:52:26<2:31:02,  4.95s/it]
 41%|████      | 1262/3090 [1:52:31<2:30:54,  4.95s/it]
 41%|████      | 1263/3090 [1:52:36<2:30:48,  4.95s/it]
 41%|████      | 1264/3090 [1:52:41<2:30:42,  4.95s/it]
 41%|████      | 1265/3090 [1:52:46<2:30:38,  4.95s/it]
 41%|████      | 1266/3090 [1:52:51<2:30:32,  4.95s/it]
 41%|████      | 1267/3090 [1:52:56<2:30:28,  4.95s/it]
 41%|████      | 1268/3090 [1:53:01<2:30:23,  4.95s/it]
 41%|████      | 1269/3090 [1:53:06<2:30:17,  4.95s/it]
 41%|████      | 1270/3090 [1:53:11<2:30:12,  4.95s/it]
 41%|████      | 1271/3090 [1:53:16<2:30:07,  4.95s/it]
 41%|████      | 1272/3090 [1:53:21<2:30:04,  4.95s/it]
 41%|████      | 1273/3090 [1:53:26<2:29:59,  4.95s/it]
 41%|████      | 1274/3090 [1:53:31<2:29:54,  4.95s/it]
 41%|████▏     | 1275/3090 [1:53:36<2:29:48,  4.95s/it]
 41%|████▏     | 1276/3090 [1:53:41<2:29:41,  4.95s/it]
 41%|████▏     | 1277/3090 [1:53:46<2:29:38,  4.95s/it]
 41%|████▏     | 1278/3090 [1:53:50<2:29:33,  4.95s/it]
 41%|████▏     | 1279/3090 [1:53:55<2:29:28,  4.95s/it]
 41%|████▏     | 1280/3090 [1:54:00<2:29:24,  4.95s/it]
 41%|████▏     | 1281/3090 [1:54:05<2:29:19,  4.95s/it]
 41%|████▏     | 1282/3090 [1:54:10<2:29:13,  4.95s/it]
 42%|████▏     | 1283/3090 [1:54:15<2:29:08,  4.95s/it]
 42%|████▏     | 1284/3090 [1:54:20<2:29:03,  4.95s/it]
 42%|████▏     | 1285/3090 [1:54:25<2:28:58,  4.95s/it]
 42%|████▏     | 1286/3090 [1:54:30<2:28:54,  4.95s/it]
 42%|████▏     | 1287/3090 [1:54:35<2:28:49,  4.95s/it]
 42%|████▏     | 1288/3090 [1:54:40<2:28:44,  4.95s/it]
 42%|████▏     | 1289/3090 [1:54:45<2:28:39,  4.95s/it]
 42%|████▏     | 1290/3090 [1:54:50<2:28:33,  4.95s/it]
 42%|████▏     | 1291/3090 [1:54:55<2:28:47,  4.96s/it]
 42%|████▏     | 1292/3090 [1:55:00<2:28:38,  4.96s/it]
 42%|████▏     | 1293/3090 [1:55:05<2:28:27,  4.96s/it]
 42%|████▏     | 1294/3090 [1:55:10<2:28:19,  4.96s/it]
 42%|████▏     | 1295/3090 [1:55:15<2:28:13,  4.95s/it]
 42%|████▏     | 1296/3090 [1:55:20<2:28:06,  4.95s/it]
 42%|████▏     | 1297/3090 [1:55:25<2:28:00,  4.95s/it]
 42%|████▏     | 1298/3090 [1:55:30<2:27:54,  4.95s/it]
 42%|████▏     | 1299/3090 [1:55:35<2:27:49,  4.95s/it]
 42%|████▏     | 1300/3090 [1:55:39<2:27:44,  4.95s/it]
 42%|████▏     | 1301/3090 [1:55:44<2:27:40,  4.95s/it]
 42%|████▏     | 1302/3090 [1:55:49<2:27:35,  4.95s/it]
 42%|████▏     | 1303/3090 [1:55:54<2:27:30,  4.95s/it]
 42%|████▏     | 1304/3090 [1:55:59<2:27:24,  4.95s/it]
 42%|████▏     | 1305/3090 [1:56:04<2:27:19,  4.95s/it]
 42%|████▏     | 1306/3090 [1:56:09<2:27:13,  4.95s/it]
 42%|████▏     | 1307/3090 [1:56:14<2:27:07,  4.95s/it]
 42%|████▏     | 1308/3090 [1:56:19<2:27:02,  4.95s/it]
 42%|████▏     | 1309/3090 [1:56:24<2:26:59,  4.95s/it]
 42%|████▏     | 1310/3090 [1:56:29<2:26:57,  4.95s/it]
 42%|████▏     | 1311/3090 [1:56:34<2:26:50,  4.95s/it]
 42%|████▏     | 1312/3090 [1:56:39<2:26:44,  4.95s/it]
 42%|████▏     | 1313/3090 [1:56:44<2:26:39,  4.95s/it]
 43%|████▎     | 1314/3090 [1:56:49<2:26:34,  4.95s/it]
 43%|████▎     | 1315/3090 [1:56:54<2:26:30,  4.95s/it]
 43%|████▎     | 1316/3090 [1:56:59<2:26:25,  4.95s/it]
 43%|████▎     | 1317/3090 [1:57:04<2:26:21,  4.95s/it]
 43%|████▎     | 1318/3090 [1:57:09<2:26:15,  4.95s/it]
 43%|████▎     | 1319/3090 [1:57:14<2:26:09,  4.95s/it]
 43%|████▎     | 1320/3090 [1:57:19<2:26:05,  4.95s/it]
 43%|████▎     | 1321/3090 [1:57:23<2:25:59,  4.95s/it]
 43%|████▎     | 1322/3090 [1:57:28<2:25:54,  4.95s/it]
 43%|████▎     | 1323/3090 [1:57:33<2:25:50,  4.95s/it]
 43%|████▎     | 1324/3090 [1:57:38<2:25:46,  4.95s/it]
 43%|████▎     | 1325/3090 [1:57:43<2:25:42,  4.95s/it]
 43%|████▎     | 1326/3090 [1:57:48<2:25:36,  4.95s/it]
 43%|████▎     | 1327/3090 [1:57:53<2:25:31,  4.95s/it]
 43%|████▎     | 1328/3090 [1:57:58<2:25:26,  4.95s/it]
 43%|████▎     | 1329/3090 [1:58:03<2:25:22,  4.95s/it]
 43%|████▎     | 1330/3090 [1:58:08<2:25:17,  4.95s/it]
 43%|████▎     | 1331/3090 [1:58:13<2:25:12,  4.95s/it]
 43%|████▎     | 1332/3090 [1:58:18<2:25:07,  4.95s/it]
 43%|████▎     | 1333/3090 [1:58:23<2:25:00,  4.95s/it]
 43%|████▎     | 1334/3090 [1:58:28<2:24:56,  4.95s/it]
 43%|████▎     | 1335/3090 [1:58:33<2:24:50,  4.95s/it]
 43%|████▎     | 1336/3090 [1:58:38<2:24:44,  4.95s/it]
 43%|████▎     | 1337/3090 [1:58:43<2:24:39,  4.95s/it]
 43%|████▎     | 1338/3090 [1:58:48<2:24:32,  4.95s/it]
 43%|████▎     | 1339/3090 [1:58:53<2:23:51,  4.93s/it]
                                                       

 43%|████▎     | 1339/3090 [1:58:53<2:23:51,  4.93s/it]{'loss': 0.0316, 'grad_norm': 0.3830253779888153, 'learning_rate': 2.8333333333333335e-05, 'epoch': 13.0}


  0%|          | 0/26 [00:00<?, ?it/s][A

  8%|▊         | 2/26 [00:01<00:14,  1.68it/s][A

 12%|█▏        | 3/26 [00:02<00:19,  1.18it/s][A

 15%|█▌        | 4/26 [00:03<00:21,  1.03it/s][A

 19%|█▉        | 5/26 [00:04<00:22,  1.05s/it][A

 23%|██▎       | 6/26 [00:05<00:21,  1.10s/it][A

 27%|██▋       | 7/26 [00:07<00:21,  1.13s/it][A

 31%|███       | 8/26 [00:08<00:20,  1.15s/it][A

 35%|███▍      | 9/26 [00:09<00:19,  1.16s/it][A

 38%|███▊      | 10/26 [00:10<00:18,  1.17s/it][A

 42%|████▏     | 11/26 [00:11<00:17,  1.18s/it][A

 46%|████▌     | 12/26 [00:13<00:16,  1.18s/it][A

 50%|█████     | 13/26 [00:14<00:15,  1.19s/it][A

 54%|█████▍    | 14/26 [00:15<00:14,  1.19s/it][A

 58%|█████▊    | 15/26 [00:16<00:13,  1.19s/it][A

 62%|██████▏   | 16/26 [00:17<00:11,  1.19s/it][A

 65%|██████▌   | 17/26 [00:19<00:10,  1.19s/it][A

 69%|██████▉   | 18/26 [00:20<00:09,  1.19s/it][A

 73%|███████▎  | 19/26 [00:21<00:08,  1.19s/it][A

 77%|███████▋  | 20/26 [00:22<00:07,  1.19s/it][A

 81%|████████  | 21/26 [00:23<00:05,  1.19s/it][A

 85%|████████▍ | 22/26 [00:25<00:04,  1.19s/it][A

 88%|████████▊ | 23/26 [00:26<00:03,  1.19s/it][A

 92%|█████████▏| 24/26 [00:27<00:02,  1.19s/it][A

 96%|█████████▌| 25/26 [00:28<00:01,  1.19s/it][A

100%|██████████| 26/26 [00:29<00:00,  1.18s/it][A

                                               
[A
                                                       

100%|██████████| 26/26 [00:29<00:00,  1.18s/it][A
 43%|████▎     | 1339/3090 [1:59:24<2:23:51,  4.93s/it]

                                               [A{'eval_loss': 0.05652262270450592, 'eval_macro_recall': 0.9853540100250626, 'eval_macro_precision': 0.9773088972431079, 'eval_macro_f1': 0.9798223236663087, 'eval_accuracy': 0.9890643985419199, 'eval_micro_recall': 0.9890643985419199, 'eval_micro_precision': 0.9890643985419199, 'eval_micro_f1': 0.9890643985419199, 'eval_runtime': 31.365, 'eval_samples_per_second': 26.239, 'eval_steps_per_second': 0.829, 'epoch': 13.0}

 43%|████▎     | 1340/3090 [1:59:38<8:21:49, 17.21s/it]
 43%|████▎     | 1341/3090 [1:59:43<6:34:24, 13.53s/it]
 43%|████▎     | 1342/3090 [1:59:48<5:19:10, 10.96s/it]
 43%|████▎     | 1343/3090 [1:59:53<4:26:33,  9.15s/it]
 43%|████▎     | 1344/3090 [1:59:58<3:49:42,  7.89s/it]
 44%|████▎     | 1345/3090 [2:00:03<3:23:56,  7.01s/it]
 44%|████▎     | 1346/3090 [2:00:08<3:05:50,  6.39s/it]
 44%|████▎     | 1347/3090 [2:00:13<2:53:10,  5.96s/it]
 44%|████▎     | 1348/3090 [2:00:18<2:44:15,  5.66s/it]
 44%|████▎     | 1349/3090 [2:00:23<2:38:01,  5.45s/it]
 44%|████▎     | 1350/3090 [2:00:28<2:33:38,  5.30s/it]
 44%|████▎     | 1351/3090 [2:00:33<2:30:31,  5.19s/it]
 44%|████▍     | 1352/3090 [2:00:38<2:28:24,  5.12s/it]
 44%|████▍     | 1353/3090 [2:00:43<2:26:49,  5.07s/it]
 44%|████▍     | 1354/3090 [2:00:48<2:25:42,  5.04s/it]
 44%|████▍     | 1355/3090 [2:00:53<2:24:53,  5.01s/it]
 44%|████▍     | 1356/3090 [2:00:58<2:24:16,  4.99s/it]
 44%|████▍     | 1357/3090 [2:01:03<2:23:51,  4.98s/it]
 44%|████▍     | 1358/3090 [2:01:08<2:23:32,  4.97s/it]
 44%|████▍     | 1359/3090 [2:01:12<2:23:15,  4.97s/it]
 44%|████▍     | 1360/3090 [2:01:17<2:23:03,  4.96s/it]
 44%|████▍     | 1361/3090 [2:01:22<2:22:52,  4.96s/it]
 44%|████▍     | 1362/3090 [2:01:27<2:22:44,  4.96s/it]
 44%|████▍     | 1363/3090 [2:01:32<2:22:37,  4.95s/it]
 44%|████▍     | 1364/3090 [2:01:37<2:22:29,  4.95s/it]
 44%|████▍     | 1365/3090 [2:01:42<2:22:23,  4.95s/it]
 44%|████▍     | 1366/3090 [2:01:47<2:22:18,  4.95s/it]
 44%|████▍     | 1367/3090 [2:01:52<2:22:12,  4.95s/it]
 44%|████▍     | 1368/3090 [2:01:57<2:22:07,  4.95s/it]
 44%|████▍     | 1369/3090 [2:02:02<2:22:02,  4.95s/it]
 44%|████▍     | 1370/3090 [2:02:07<2:21:58,  4.95s/it]
 44%|████▍     | 1371/3090 [2:02:12<2:21:51,  4.95s/it]
 44%|████▍     | 1372/3090 [2:02:17<2:21:46,  4.95s/it]
 44%|████▍     | 1373/3090 [2:02:22<2:21:39,  4.95s/it]
 44%|████▍     | 1374/3090 [2:02:27<2:21:35,  4.95s/it]
 44%|████▍     | 1375/3090 [2:02:32<2:21:30,  4.95s/it]
 45%|████▍     | 1376/3090 [2:02:37<2:21:27,  4.95s/it]
 45%|████▍     | 1377/3090 [2:02:42<2:21:22,  4.95s/it]
 45%|████▍     | 1378/3090 [2:02:47<2:21:16,  4.95s/it]
 45%|████▍     | 1379/3090 [2:02:52<2:21:11,  4.95s/it]
 45%|████▍     | 1380/3090 [2:02:56<2:21:06,  4.95s/it]
 45%|████▍     | 1381/3090 [2:03:01<2:21:01,  4.95s/it]
 45%|████▍     | 1382/3090 [2:03:06<2:20:56,  4.95s/it]
 45%|████▍     | 1383/3090 [2:03:11<2:20:51,  4.95s/it]
 45%|████▍     | 1384/3090 [2:03:16<2:20:46,  4.95s/it]
 45%|████▍     | 1385/3090 [2:03:21<2:20:42,  4.95s/it]
 45%|████▍     | 1386/3090 [2:03:26<2:20:37,  4.95s/it]
 45%|████▍     | 1387/3090 [2:03:31<2:20:32,  4.95s/it]
 45%|████▍     | 1388/3090 [2:03:36<2:20:25,  4.95s/it]
 45%|████▍     | 1389/3090 [2:03:41<2:20:21,  4.95s/it]
 45%|████▍     | 1390/3090 [2:03:46<2:20:17,  4.95s/it]
 45%|████▌     | 1391/3090 [2:03:51<2:20:12,  4.95s/it]
 45%|████▌     | 1392/3090 [2:03:56<2:20:06,  4.95s/it]
 45%|████▌     | 1393/3090 [2:04:01<2:20:01,  4.95s/it]
 45%|████▌     | 1394/3090 [2:04:06<2:19:56,  4.95s/it]
 45%|████▌     | 1395/3090 [2:04:11<2:20:00,  4.96s/it]
 45%|████▌     | 1396/3090 [2:04:16<2:19:52,  4.95s/it]
 45%|████▌     | 1397/3090 [2:04:21<2:19:45,  4.95s/it]
 45%|████▌     | 1398/3090 [2:04:26<2:19:39,  4.95s/it]
 45%|████▌     | 1399/3090 [2:04:31<2:19:33,  4.95s/it]
 45%|████▌     | 1400/3090 [2:04:35<2:19:28,  4.95s/it]
 45%|████▌     | 1401/3090 [2:04:40<2:19:23,  4.95s/it]
 45%|████▌     | 1402/3090 [2:04:45<2:19:19,  4.95s/it]
 45%|████▌     | 1403/3090 [2:04:50<2:19:12,  4.95s/it]
 45%|████▌     | 1404/3090 [2:04:55<2:19:06,  4.95s/it]
 45%|████▌     | 1405/3090 [2:05:00<2:19:01,  4.95s/it]
 46%|████▌     | 1406/3090 [2:05:05<2:18:56,  4.95s/it]
 46%|████▌     | 1407/3090 [2:05:10<2:18:52,  4.95s/it]
 46%|████▌     | 1408/3090 [2:05:15<2:18:47,  4.95s/it]
 46%|████▌     | 1409/3090 [2:05:20<2:18:42,  4.95s/it]
 46%|████▌     | 1410/3090 [2:05:25<2:18:37,  4.95s/it]
 46%|████▌     | 1411/3090 [2:05:30<2:18:31,  4.95s/it]
 46%|████▌     | 1412/3090 [2:05:35<2:18:27,  4.95s/it]
 46%|████▌     | 1413/3090 [2:05:40<2:18:22,  4.95s/it]
 46%|████▌     | 1414/3090 [2:05:45<2:18:17,  4.95s/it]
 46%|████▌     | 1415/3090 [2:05:50<2:18:13,  4.95s/it]
 46%|████▌     | 1416/3090 [2:05:55<2:18:08,  4.95s/it]
 46%|████▌     | 1417/3090 [2:06:00<2:18:02,  4.95s/it]
 46%|████▌     | 1418/3090 [2:06:05<2:17:57,  4.95s/it]
 46%|████▌     | 1419/3090 [2:06:10<2:17:54,  4.95s/it]
 46%|████▌     | 1420/3090 [2:06:15<2:17:48,  4.95s/it]
 46%|████▌     | 1421/3090 [2:06:19<2:17:44,  4.95s/it]
 46%|████▌     | 1422/3090 [2:06:24<2:17:39,  4.95s/it]
 46%|████▌     | 1423/3090 [2:06:29<2:17:34,  4.95s/it]
 46%|████▌     | 1424/3090 [2:06:34<2:17:29,  4.95s/it]
 46%|████▌     | 1425/3090 [2:06:39<2:17:23,  4.95s/it]
 46%|████▌     | 1426/3090 [2:06:44<2:17:19,  4.95s/it]
 46%|████▌     | 1427/3090 [2:06:49<2:17:14,  4.95s/it]
 46%|████▌     | 1428/3090 [2:06:54<2:17:09,  4.95s/it]
 46%|████▌     | 1429/3090 [2:06:59<2:17:03,  4.95s/it]
 46%|████▋     | 1430/3090 [2:07:04<2:16:58,  4.95s/it]
 46%|████▋     | 1431/3090 [2:07:09<2:16:53,  4.95s/it]
 46%|████▋     | 1432/3090 [2:07:14<2:16:48,  4.95s/it]
 46%|████▋     | 1433/3090 [2:07:19<2:16:43,  4.95s/it]
 46%|████▋     | 1434/3090 [2:07:24<2:16:38,  4.95s/it]
 46%|████▋     | 1435/3090 [2:07:29<2:16:33,  4.95s/it]
 46%|████▋     | 1436/3090 [2:07:34<2:16:29,  4.95s/it]
 47%|████▋     | 1437/3090 [2:07:39<2:16:24,  4.95s/it]
 47%|████▋     | 1438/3090 [2:07:44<2:16:19,  4.95s/it]
 47%|████▋     | 1439/3090 [2:07:49<2:16:15,  4.95s/it]
 47%|████▋     | 1440/3090 [2:07:54<2:16:10,  4.95s/it]
 47%|████▋     | 1441/3090 [2:07:58<2:16:04,  4.95s/it]
 47%|████▋     | 1442/3090 [2:08:03<2:15:24,  4.93s/it]
                                                       

 47%|████▋     | 1442/3090 [2:08:03<2:15:24,  4.93s/it]{'loss': 0.027, 'grad_norm': 0.06688795983791351, 'learning_rate': 2.6666666666666667e-05, 'epoch': 14.0}


  0%|          | 0/26 [00:00<?, ?it/s][A

  8%|▊         | 2/26 [00:01<00:14,  1.68it/s][A

 12%|█▏        | 3/26 [00:02<00:19,  1.18it/s][A

 15%|█▌        | 4/26 [00:03<00:21,  1.03it/s][A

 19%|█▉        | 5/26 [00:04<00:22,  1.05s/it][A

 23%|██▎       | 6/26 [00:05<00:21,  1.10s/it][A

 27%|██▋       | 7/26 [00:07<00:21,  1.13s/it][A

 31%|███       | 8/26 [00:08<00:20,  1.15s/it][A

 35%|███▍      | 9/26 [00:09<00:19,  1.16s/it][A

 38%|███▊      | 10/26 [00:10<00:18,  1.17s/it][A

 42%|████▏     | 11/26 [00:11<00:17,  1.18s/it][A

 46%|████▌     | 12/26 [00:13<00:16,  1.18s/it][A

 50%|█████     | 13/26 [00:14<00:15,  1.19s/it][A

 54%|█████▍    | 14/26 [00:15<00:14,  1.19s/it][A

 58%|█████▊    | 15/26 [00:16<00:13,  1.19s/it][A

 62%|██████▏   | 16/26 [00:17<00:11,  1.19s/it][A

 65%|██████▌   | 17/26 [00:19<00:10,  1.19s/it][A

 69%|██████▉   | 18/26 [00:20<00:09,  1.19s/it][A

 73%|███████▎  | 19/26 [00:21<00:08,  1.19s/it][A

 77%|███████▋  | 20/26 [00:22<00:07,  1.19s/it][A

 81%|████████  | 21/26 [00:23<00:05,  1.19s/it][A

 85%|████████▍ | 22/26 [00:25<00:04,  1.19s/it][A

 88%|████████▊ | 23/26 [00:26<00:03,  1.19s/it][A

 92%|█████████▏| 24/26 [00:27<00:02,  1.19s/it][A

 96%|█████████▌| 25/26 [00:28<00:01,  1.19s/it][A

100%|██████████| 26/26 [00:29<00:00,  1.15s/it][A

                                               
[A
                                                       

100%|██████████| 26/26 [00:29<00:00,  1.15s/it][A
 47%|████▋     | 1442/3090 [2:08:35<2:15:24,  4.93s/it]

                                               [A{'eval_loss': 0.05030474811792374, 'eval_macro_recall': 0.9905545112781955, 'eval_macro_precision': 0.9947773279352227, 'eval_macro_f1': 0.9922007399451008, 'eval_accuracy': 0.9902794653705954, 'eval_micro_recall': 0.9902794653705954, 'eval_micro_precision': 0.9902794653705954, 'eval_micro_f1': 0.9902794653705954, 'eval_runtime': 31.2696, 'eval_samples_per_second': 26.32, 'eval_steps_per_second': 0.831, 'epoch': 14.0}

 47%|████▋     | 1443/3090 [2:08:44<7:06:03, 15.52s/it]
 47%|████▋     | 1444/3090 [2:08:49<5:38:53, 12.35s/it]
 47%|████▋     | 1445/3090 [2:08:54<4:37:49, 10.13s/it]
 47%|████▋     | 1446/3090 [2:08:58<3:55:05,  8.58s/it]
 47%|████▋     | 1447/3090 [2:09:03<3:25:09,  7.49s/it]
 47%|████▋     | 1448/3090 [2:09:08<3:04:11,  6.73s/it]
 47%|████▋     | 1449/3090 [2:09:13<2:49:28,  6.20s/it]
 47%|████▋     | 1450/3090 [2:09:18<2:39:10,  5.82s/it]
 47%|████▋     | 1451/3090 [2:09:23<2:31:56,  5.56s/it]
 47%|████▋     | 1452/3090 [2:09:28<2:26:51,  5.38s/it]
 47%|████▋     | 1453/3090 [2:09:33<2:23:16,  5.25s/it]
 47%|████▋     | 1454/3090 [2:09:38<2:20:43,  5.16s/it]
 47%|████▋     | 1455/3090 [2:09:43<2:18:55,  5.10s/it]
 47%|████▋     | 1456/3090 [2:09:48<2:17:39,  5.05s/it]
 47%|████▋     | 1457/3090 [2:09:53<2:16:43,  5.02s/it]
 47%|████▋     | 1458/3090 [2:09:58<2:16:04,  5.00s/it]
 47%|████▋     | 1459/3090 [2:10:03<2:15:35,  4.99s/it]
 47%|████▋     | 1460/3090 [2:10:08<2:15:13,  4.98s/it]
 47%|████▋     | 1461/3090 [2:10:13<2:14:56,  4.97s/it]
 47%|████▋     | 1462/3090 [2:10:18<2:14:41,  4.96s/it]
 47%|████▋     | 1463/3090 [2:10:23<2:14:30,  4.96s/it]
 47%|████▋     | 1464/3090 [2:10:28<2:14:22,  4.96s/it]
 47%|████▋     | 1465/3090 [2:10:33<2:14:14,  4.96s/it]
 47%|████▋     | 1466/3090 [2:10:38<2:14:07,  4.96s/it]
 47%|████▋     | 1467/3090 [2:10:42<2:14:01,  4.95s/it]
 48%|████▊     | 1468/3090 [2:10:47<2:13:55,  4.95s/it]
 48%|████▊     | 1469/3090 [2:10:52<2:13:49,  4.95s/it]
 48%|████▊     | 1470/3090 [2:10:57<2:13:44,  4.95s/it]
 48%|████▊     | 1471/3090 [2:11:02<2:13:38,  4.95s/it]
 48%|████▊     | 1472/3090 [2:11:07<2:13:32,  4.95s/it]
 48%|████▊     | 1473/3090 [2:11:12<2:13:29,  4.95s/it]
 48%|████▊     | 1474/3090 [2:11:17<2:13:24,  4.95s/it]
 48%|████▊     | 1475/3090 [2:11:22<2:13:18,  4.95s/it]
 48%|████▊     | 1476/3090 [2:11:27<2:13:13,  4.95s/it]
 48%|████▊     | 1477/3090 [2:11:32<2:13:07,  4.95s/it]
 48%|████▊     | 1478/3090 [2:11:37<2:13:03,  4.95s/it]
 48%|████▊     | 1479/3090 [2:11:42<2:12:58,  4.95s/it]
 48%|████▊     | 1480/3090 [2:11:47<2:12:52,  4.95s/it]
 48%|████▊     | 1481/3090 [2:11:52<2:12:47,  4.95s/it]
 48%|████▊     | 1482/3090 [2:11:57<2:12:42,  4.95s/it]
 48%|████▊     | 1483/3090 [2:12:02<2:12:37,  4.95s/it]
 48%|████▊     | 1484/3090 [2:12:07<2:12:32,  4.95s/it]
 48%|████▊     | 1485/3090 [2:12:12<2:12:27,  4.95s/it]
 48%|████▊     | 1486/3090 [2:12:17<2:12:24,  4.95s/it]
 48%|████▊     | 1487/3090 [2:12:22<2:12:18,  4.95s/it]
 48%|████▊     | 1488/3090 [2:12:26<2:12:15,  4.95s/it]
 48%|████▊     | 1489/3090 [2:12:31<2:12:10,  4.95s/it]
 48%|████▊     | 1490/3090 [2:12:36<2:12:05,  4.95s/it]
 48%|████▊     | 1491/3090 [2:12:41<2:12:00,  4.95s/it]
 48%|████▊     | 1492/3090 [2:12:46<2:11:55,  4.95s/it]
 48%|████▊     | 1493/3090 [2:12:51<2:11:50,  4.95s/it]
 48%|████▊     | 1494/3090 [2:12:56<2:11:44,  4.95s/it]
 48%|████▊     | 1495/3090 [2:13:01<2:11:40,  4.95s/it]
 48%|████▊     | 1496/3090 [2:13:06<2:11:36,  4.95s/it]
 48%|████▊     | 1497/3090 [2:13:11<2:11:35,  4.96s/it]
 48%|████▊     | 1498/3090 [2:13:16<2:11:33,  4.96s/it]
 49%|████▊     | 1499/3090 [2:13:21<2:11:25,  4.96s/it]
 49%|████▊     | 1500/3090 [2:13:26<2:11:18,  4.96s/it]
 49%|████▊     | 1501/3090 [2:13:31<2:11:10,  4.95s/it]
 49%|████▊     | 1502/3090 [2:13:36<2:11:05,  4.95s/it]
 49%|████▊     | 1503/3090 [2:13:41<2:10:59,  4.95s/it]
 49%|████▊     | 1504/3090 [2:13:46<2:10:54,  4.95s/it]
 49%|████▊     | 1505/3090 [2:13:51<2:10:49,  4.95s/it]
 49%|████▊     | 1506/3090 [2:13:56<2:10:44,  4.95s/it]
 49%|████▉     | 1507/3090 [2:14:01<2:10:39,  4.95s/it]
 49%|████▉     | 1508/3090 [2:14:06<2:10:35,  4.95s/it]
 49%|████▉     | 1509/3090 [2:14:11<2:10:29,  4.95s/it]
 49%|████▉     | 1510/3090 [2:14:15<2:10:24,  4.95s/it]
 49%|████▉     | 1511/3090 [2:14:20<2:10:19,  4.95s/it]
 49%|████▉     | 1512/3090 [2:14:25<2:10:15,  4.95s/it]
 49%|████▉     | 1513/3090 [2:14:30<2:10:10,  4.95s/it]
 49%|████▉     | 1514/3090 [2:14:35<2:10:04,  4.95s/it]
 49%|████▉     | 1515/3090 [2:14:40<2:09:59,  4.95s/it]
 49%|████▉     | 1516/3090 [2:14:45<2:09:54,  4.95s/it]
 49%|████▉     | 1517/3090 [2:14:50<2:09:49,  4.95s/it]
 49%|████▉     | 1518/3090 [2:14:55<2:09:43,  4.95s/it]
 49%|████▉     | 1519/3090 [2:15:00<2:09:38,  4.95s/it]
 49%|████▉     | 1520/3090 [2:15:05<2:09:34,  4.95s/it]
 49%|████▉     | 1521/3090 [2:15:10<2:09:29,  4.95s/it]
 49%|████▉     | 1522/3090 [2:15:15<2:09:25,  4.95s/it]
 49%|████▉     | 1523/3090 [2:15:20<2:09:20,  4.95s/it]
 49%|████▉     | 1524/3090 [2:15:25<2:09:16,  4.95s/it]
 49%|████▉     | 1525/3090 [2:15:30<2:09:11,  4.95s/it]
 49%|████▉     | 1526/3090 [2:15:35<2:09:06,  4.95s/it]
 49%|████▉     | 1527/3090 [2:15:40<2:09:01,  4.95s/it]
 49%|████▉     | 1528/3090 [2:15:45<2:08:55,  4.95s/it]
 49%|████▉     | 1529/3090 [2:15:50<2:08:50,  4.95s/it]
 50%|████▉     | 1530/3090 [2:15:55<2:08:45,  4.95s/it]
 50%|████▉     | 1531/3090 [2:15:59<2:08:42,  4.95s/it]
 50%|████▉     | 1532/3090 [2:16:04<2:08:37,  4.95s/it]
 50%|████▉     | 1533/3090 [2:16:09<2:08:30,  4.95s/it]
 50%|████▉     | 1534/3090 [2:16:14<2:08:24,  4.95s/it]
 50%|████▉     | 1535/3090 [2:16:19<2:08:20,  4.95s/it]
 50%|████▉     | 1536/3090 [2:16:24<2:08:15,  4.95s/it]
 50%|████▉     | 1537/3090 [2:16:29<2:08:11,  4.95s/it]
 50%|████▉     | 1538/3090 [2:16:34<2:08:06,  4.95s/it]
 50%|████▉     | 1539/3090 [2:16:39<2:08:01,  4.95s/it]
 50%|████▉     | 1540/3090 [2:16:44<2:07:55,  4.95s/it]
 50%|████▉     | 1541/3090 [2:16:49<2:07:51,  4.95s/it]
 50%|████▉     | 1542/3090 [2:16:54<2:07:46,  4.95s/it]
 50%|████▉     | 1543/3090 [2:16:59<2:07:41,  4.95s/it]
 50%|████▉     | 1544/3090 [2:17:04<2:07:36,  4.95s/it]
 50%|█████     | 1545/3090 [2:17:09<2:06:58,  4.93s/it]
                                                       

 50%|█████     | 1545/3090 [2:17:09<2:06:58,  4.93s/it]{'loss': 0.0208, 'grad_norm': 0.0659610703587532, 'learning_rate': 2.5e-05, 'epoch': 15.0}


  0%|          | 0/26 [00:00<?, ?it/s][A

  8%|▊         | 2/26 [00:01<00:14,  1.68it/s][A

 12%|█▏        | 3/26 [00:02<00:19,  1.18it/s][A

 15%|█▌        | 4/26 [00:03<00:21,  1.03it/s][A

 19%|█▉        | 5/26 [00:04<00:22,  1.05s/it][A

 23%|██▎       | 6/26 [00:05<00:21,  1.10s/it][A

 27%|██▋       | 7/26 [00:07<00:21,  1.13s/it][A

 31%|███       | 8/26 [00:08<00:20,  1.15s/it][A

 35%|███▍      | 9/26 [00:09<00:19,  1.16s/it][A

 38%|███▊      | 10/26 [00:10<00:18,  1.17s/it][A

 42%|████▏     | 11/26 [00:11<00:17,  1.18s/it][A

 46%|████▌     | 12/26 [00:13<00:16,  1.18s/it][A

 50%|█████     | 13/26 [00:14<00:15,  1.19s/it][A

 54%|█████▍    | 14/26 [00:15<00:14,  1.19s/it][A

 58%|█████▊    | 15/26 [00:16<00:13,  1.19s/it][A

 62%|██████▏   | 16/26 [00:17<00:11,  1.19s/it][A

 65%|██████▌   | 17/26 [00:19<00:10,  1.19s/it][A

 69%|██████▉   | 18/26 [00:20<00:09,  1.19s/it][A

 73%|███████▎  | 19/26 [00:21<00:08,  1.19s/it][A

 77%|███████▋  | 20/26 [00:22<00:07,  1.19s/it][A

 81%|████████  | 21/26 [00:23<00:05,  1.19s/it][A

 85%|████████▍ | 22/26 [00:25<00:04,  1.19s/it][A

 88%|████████▊ | 23/26 [00:26<00:03,  1.19s/it][A

 92%|█████████▏| 24/26 [00:27<00:02,  1.19s/it][A

 96%|█████████▌| 25/26 [00:28<00:01,  1.19s/it][A

100%|██████████| 26/26 [00:29<00:00,  1.12s/it][A

                                               
[A
                                                       

100%|██████████| 26/26 [00:29<00:00,  1.12s/it][A
 50%|█████     | 1545/3090 [2:17:40<2:06:58,  4.93s/it]

                                               [A
                                                       

 50%|█████     | 1545/3090 [2:17:46<2:06:58,  4.93s/it]
 50%|█████     | 1545/3090 [2:17:46<2:17:46,  5.35s/it]
2025-04-12 03:35:15.580 | INFO     | __main__:fine_tune:230 - Training time: 8269.38 seconds
{'eval_loss': 0.048485543578863144, 'eval_macro_recall': 0.9910244360902255, 'eval_macro_precision': 0.9950618610017107, 'eval_macro_f1': 0.9925938993956976, 'eval_accuracy': 0.991494532199271, 'eval_micro_recall': 0.991494532199271, 'eval_micro_precision': 0.991494532199271, 'eval_micro_f1': 0.991494532199271, 'eval_runtime': 31.1725, 'eval_samples_per_second': 26.402, 'eval_steps_per_second': 0.834, 'epoch': 15.0}
{'train_runtime': 8266.5891, 'train_samples_per_second': 11.958, 'train_steps_per_second': 0.374, 'train_loss': 0.3323254236511428, 'epoch': 15.0}

  0%|          | 0/26 [00:00<?, ?it/s]
  8%|▊         | 2/26 [00:01<00:14,  1.68it/s]
 12%|█▏        | 3/26 [00:02<00:19,  1.18it/s]
 15%|█▌        | 4/26 [00:03<00:21,  1.03it/s]
 19%|█▉        | 5/26 [00:04<00:22,  1.05s/it]
 23%|██▎       | 6/26 [00:05<00:21,  1.10s/it]
 27%|██▋       | 7/26 [00:07<00:21,  1.13s/it]
 31%|███       | 8/26 [00:08<00:20,  1.15s/it]
 35%|███▍      | 9/26 [00:09<00:19,  1.16s/it]
 38%|███▊      | 10/26 [00:10<00:18,  1.17s/it]
 42%|████▏     | 11/26 [00:11<00:17,  1.18s/it]
 46%|████▌     | 12/26 [00:13<00:16,  1.18s/it]
 50%|█████     | 13/26 [00:14<00:15,  1.18s/it]
 54%|█████▍    | 14/26 [00:15<00:14,  1.19s/it]
 58%|█████▊    | 15/26 [00:16<00:13,  1.19s/it]
 62%|██████▏   | 16/26 [00:17<00:11,  1.19s/it]
 65%|██████▌   | 17/26 [00:19<00:10,  1.19s/it]
 69%|██████▉   | 18/26 [00:20<00:09,  1.19s/it]
 73%|███████▎  | 19/26 [00:21<00:08,  1.19s/it]
 77%|███████▋  | 20/26 [00:22<00:07,  1.19s/it]
 81%|████████  | 21/26 [00:23<00:05,  1.19s/it]
 85%|████████▍ | 22/26 [00:25<00:04,  1.19s/it]
 88%|████████▊ | 23/26 [00:26<00:03,  1.19s/it]
 92%|█████████▏| 24/26 [00:27<00:02,  1.19s/it]
 96%|█████████▌| 25/26 [00:28<00:01,  1.19s/it]
100%|██████████| 26/26 [00:29<00:00,  1.13s/it]
100%|██████████| 26/26 [00:29<00:00,  1.14s/it]
2025-04-12 03:35:46.695 | INFO     | __main__:fine_tune:236 - Prediction time: 31.11 seconds
2025-04-12 03:35:46.700 | INFO     | __main__:CV_run:413 - Fold 4, Final Eval Metrics: loss: 0.05, macro_recall: 0.99, macro_precision: 1.00, macro_f1: 0.99, accuracy: 0.99, micro_recall: 0.99, micro_precision: 0.99, micro_f1: 0.99, runtime: 31.17, samples_per_second: 26.40, steps_per_second: 0.83
2025-04-12 03:35:46.721 | INFO     | __main__:CV_run:351 - Starting fold 5
Some weights of LongformerForSequenceClassification were not initialized from the model checkpoint at allenai/longformer-base-4096 and are newly initialized: ['classifier.dense.bias', 'classifier.dense.weight', 'classifier.out_proj.bias', 'classifier.out_proj.weight']
You should probably TRAIN this model on a down-stream task to be able to use it for predictions and inference.
2025-04-12 03:35:48.516 | INFO     | __main__:CV_run:403 - Starting fine-tuning with cross-entropy loss
2025-04-12 03:35:48.516 | INFO     | __main__:fine_tune:153 - Gradient accumulation steps: 4
Eval results: defaultdict(<class 'list'>, {'loss': [1.1894720792770386, 0.45221102237701416, 0.2674257159233093, 0.1834847331047058, 0.14196784794330597, 0.08647622913122177, 0.07035356760025024, 0.052489206194877625, 0.034303538501262665, 0.03167816251516342, 0.04058246314525604, 0.05950925871729851, 0.05652262270450592, 0.05030474811792374, 0.048485543578863144], 'macro_recall': [0.53640664160401, 0.8242089598997494, 0.8747889158872791, 0.9302008833058256, 0.9266447368421052, 0.9542136591478697, 0.9617324561403509, 0.975360275689223, 0.981939223057644, 0.9985119047619048, 0.9914943609022556, 0.9853540100250626, 0.9853540100250626, 0.9905545112781955, 0.9910244360902255], 'macro_precision': [0.48757491240015743, 0.7942280874909909, 0.8627342950758969, 0.9416152336934668, 0.94189001787686, 0.9507913165266106, 0.9589505012531326, 0.9839644256388475, 0.9837906739519378, 0.9985119047619048, 0.9953540100250627, 0.9773088972431079, 0.9773088972431079, 0.9947773279352227, 0.9950618610017107], 'macro_f1': [0.48424660792950974, 0.7969386365892422, 0.8587970612780033, 0.9278510723264923, 0.9279361724076549, 0.9466949306972868, 0.9538488972773699, 0.9749774248656905, 0.9789861415900197, 0.9985119047619048, 0.9929802184031506, 0.9798223236663087, 0.9798223236663087, 0.9922007399451008, 0.9925938993956976], 'accuracy': [0.7715674362089915, 0.9270959902794653, 0.9416767922235723, 0.9574726609963548, 0.9647630619684082, 0.9793438639125152, 0.9805589307411907, 0.9878493317132442, 0.9890643985419199, 0.9951397326852977, 0.9927095990279465, 0.9890643985419199, 0.9890643985419199, 0.9902794653705954, 0.991494532199271], 'micro_recall': [0.7715674362089915, 0.9270959902794653, 0.9416767922235723, 0.9574726609963548, 0.9647630619684082, 0.9793438639125152, 0.9805589307411907, 0.9878493317132442, 0.9890643985419199, 0.9951397326852977, 0.9927095990279465, 0.9890643985419199, 0.9890643985419199, 0.9902794653705954, 0.991494532199271], 'micro_precision': [0.7715674362089915, 0.9270959902794653, 0.9416767922235723, 0.9574726609963548, 0.9647630619684082, 0.9793438639125152, 0.9805589307411907, 0.9878493317132442, 0.9890643985419199, 0.9951397326852977, 0.9927095990279465, 0.9890643985419199, 0.9890643985419199, 0.9902794653705954, 0.991494532199271], 'micro_f1': [0.7715674362089915, 0.9270959902794653, 0.9416767922235723, 0.9574726609963548, 0.9647630619684082, 0.9793438639125152, 0.9805589307411907, 0.9878493317132442, 0.9890643985419199, 0.9951397326852977, 0.9927095990279465, 0.9890643985419199, 0.9890643985419199, 0.9902794653705954, 0.991494532199271], 'runtime': [31.1807, 33.4392, 31.2671, 31.2065, 31.2367, 31.2061, 31.1715, 31.3197, 31.2757, 31.2082, 31.237, 32.1456, 31.365, 31.2696, 31.1725], 'samples_per_second': [26.395, 24.612, 26.322, 26.373, 26.347, 26.373, 26.402, 26.277, 26.314, 26.371, 26.347, 25.602, 26.239, 26.32, 26.402], 'steps_per_second': [0.834, 0.778, 0.832, 0.833, 0.832, 0.833, 0.834, 0.83, 0.831, 0.833, 0.832, 0.809, 0.829, 0.831, 0.834]})

  0%|          | 0/3090 [00:00<?, ?it/s]
  0%|          | 1/3090 [00:05<4:36:38,  5.37s/it]
  0%|          | 2/3090 [00:10<4:23:57,  5.13s/it]
  0%|          | 3/3090 [00:15<4:19:50,  5.05s/it]
  0%|          | 4/3090 [00:20<4:17:44,  5.01s/it]
  0%|          | 5/3090 [00:25<4:16:32,  4.99s/it]
  0%|          | 6/3090 [00:30<4:15:48,  4.98s/it]
  0%|          | 7/3090 [00:35<4:15:22,  4.97s/it]
  0%|          | 8/3090 [00:40<4:14:57,  4.96s/it]
  0%|          | 9/3090 [00:44<4:14:41,  4.96s/it]
  0%|          | 10/3090 [00:49<4:14:29,  4.96s/it]
  0%|          | 11/3090 [00:54<4:14:22,  4.96s/it]
  0%|          | 12/3090 [00:59<4:14:12,  4.96s/it]
  0%|          | 13/3090 [01:04<4:14:04,  4.95s/it]
  0%|          | 14/3090 [01:21<7:13:26,  8.45s/it]
  0%|          | 15/3090 [01:27<6:38:00,  7.77s/it]
  1%|          | 16/3090 [01:32<5:55:00,  6.93s/it]
  1%|          | 17/3090 [01:37<5:24:28,  6.34s/it]
  1%|          | 18/3090 [01:42<5:03:06,  5.92s/it]
  1%|          | 19/3090 [01:47<4:48:08,  5.63s/it]
  1%|          | 20/3090 [01:52<4:37:35,  5.43s/it]
  1%|          | 21/3090 [01:57<4:30:13,  5.28s/it]
  1%|          | 22/3090 [02:02<4:25:01,  5.18s/it]
  1%|          | 23/3090 [02:07<4:21:23,  5.11s/it]
  1%|          | 24/3090 [02:12<4:18:48,  5.06s/it]
  1%|          | 25/3090 [02:17<4:16:59,  5.03s/it]
  1%|          | 26/3090 [02:22<4:15:40,  5.01s/it]
  1%|          | 27/3090 [02:26<4:14:44,  4.99s/it]
  1%|          | 28/3090 [02:31<4:14:02,  4.98s/it]
  1%|          | 29/3090 [02:36<4:13:32,  4.97s/it]
  1%|          | 30/3090 [02:41<4:13:08,  4.96s/it]
  1%|          | 31/3090 [02:46<4:12:52,  4.96s/it]
  1%|          | 32/3090 [02:51<4:12:39,  4.96s/it]
  1%|          | 33/3090 [02:56<4:12:28,  4.96s/it]
  1%|          | 34/3090 [03:01<4:12:19,  4.95s/it]
  1%|          | 35/3090 [03:06<4:12:13,  4.95s/it]
  1%|          | 36/3090 [03:11<4:12:06,  4.95s/it]
  1%|          | 37/3090 [03:16<4:12:00,  4.95s/it]
  1%|          | 38/3090 [03:21<4:11:57,  4.95s/it]
  1%|▏         | 39/3090 [03:26<4:11:52,  4.95s/it]
  1%|▏         | 40/3090 [03:31<4:11:48,  4.95s/it]
  1%|▏         | 41/3090 [03:36<4:11:42,  4.95s/it]
  1%|▏         | 42/3090 [03:41<4:11:37,  4.95s/it]
  1%|▏         | 43/3090 [03:46<4:11:32,  4.95s/it]
  1%|▏         | 44/3090 [03:51<4:11:30,  4.95s/it]
  1%|▏         | 45/3090 [03:56<4:11:23,  4.95s/it]
  1%|▏         | 46/3090 [04:01<4:11:16,  4.95s/it]
  2%|▏         | 47/3090 [04:06<4:11:11,  4.95s/it]
  2%|▏         | 48/3090 [04:10<4:11:06,  4.95s/it]
  2%|▏         | 49/3090 [04:15<4:11:01,  4.95s/it]
  2%|▏         | 50/3090 [04:20<4:10:58,  4.95s/it]
  2%|▏         | 51/3090 [04:25<4:10:52,  4.95s/it]
  2%|▏         | 52/3090 [04:30<4:10:48,  4.95s/it]
  2%|▏         | 53/3090 [04:35<4:10:42,  4.95s/it]
  2%|▏         | 54/3090 [04:40<4:10:33,  4.95s/it]
  2%|▏         | 55/3090 [04:45<4:10:27,  4.95s/it]
  2%|▏         | 56/3090 [04:50<4:10:23,  4.95s/it]
  2%|▏         | 57/3090 [04:55<4:10:18,  4.95s/it]
  2%|▏         | 58/3090 [05:00<4:10:12,  4.95s/it]
  2%|▏         | 59/3090 [05:05<4:10:11,  4.95s/it]
  2%|▏         | 60/3090 [05:10<4:10:05,  4.95s/it]
  2%|▏         | 61/3090 [05:15<4:10:00,  4.95s/it]
  2%|▏         | 62/3090 [05:20<4:09:56,  4.95s/it]
  2%|▏         | 63/3090 [05:25<4:09:55,  4.95s/it]
  2%|▏         | 64/3090 [05:30<4:09:50,  4.95s/it]
  2%|▏         | 65/3090 [05:35<4:09:43,  4.95s/it]
  2%|▏         | 66/3090 [05:40<4:09:42,  4.95s/it]
  2%|▏         | 67/3090 [05:45<4:09:35,  4.95s/it]
  2%|▏         | 68/3090 [05:50<4:09:29,  4.95s/it]
  2%|▏         | 69/3090 [05:54<4:09:31,  4.96s/it]
  2%|▏         | 70/3090 [05:59<4:09:23,  4.95s/it]
  2%|▏         | 71/3090 [06:04<4:09:17,  4.95s/it]
  2%|▏         | 72/3090 [06:09<4:09:14,  4.96s/it]
  2%|▏         | 73/3090 [06:14<4:09:09,  4.96s/it]
  2%|▏         | 74/3090 [06:19<4:09:01,  4.95s/it]
  2%|▏         | 75/3090 [06:24<4:08:57,  4.95s/it]
  2%|▏         | 76/3090 [06:29<4:08:52,  4.95s/it]
  2%|▏         | 77/3090 [06:34<4:08:47,  4.95s/it]
  3%|▎         | 78/3090 [06:39<4:08:46,  4.96s/it]
  3%|▎         | 79/3090 [06:44<4:08:40,  4.96s/it]
  3%|▎         | 80/3090 [06:49<4:08:32,  4.95s/it]
  3%|▎         | 81/3090 [06:54<4:08:30,  4.96s/it]
  3%|▎         | 82/3090 [06:59<4:08:22,  4.95s/it]
  3%|▎         | 83/3090 [07:04<4:08:17,  4.95s/it]
  3%|▎         | 84/3090 [07:09<4:08:16,  4.96s/it]
  3%|▎         | 85/3090 [07:14<4:08:08,  4.95s/it]
  3%|▎         | 86/3090 [07:19<4:08:02,  4.95s/it]
  3%|▎         | 87/3090 [07:24<4:07:58,  4.95s/it]
  3%|▎         | 88/3090 [07:29<4:07:52,  4.95s/it]
  3%|▎         | 89/3090 [07:34<4:07:47,  4.95s/it]
  3%|▎         | 90/3090 [07:39<4:07:49,  4.96s/it]
  3%|▎         | 91/3090 [07:43<4:07:40,  4.96s/it]
  3%|▎         | 92/3090 [07:48<4:07:33,  4.95s/it]
  3%|▎         | 93/3090 [07:53<4:07:30,  4.96s/it]
  3%|▎         | 94/3090 [07:58<4:07:23,  4.95s/it]
  3%|▎         | 95/3090 [08:03<4:07:17,  4.95s/it]
  3%|▎         | 96/3090 [08:08<4:07:14,  4.95s/it]
  3%|▎         | 97/3090 [08:13<4:07:08,  4.95s/it]
  3%|▎         | 98/3090 [08:18<4:07:04,  4.95s/it]
  3%|▎         | 99/3090 [08:23<4:06:58,  4.95s/it]
  3%|▎         | 100/3090 [08:28<4:06:51,  4.95s/it]
  3%|▎         | 101/3090 [08:33<4:06:45,  4.95s/it]
  3%|▎         | 102/3090 [08:38<4:06:42,  4.95s/it]
  3%|▎         | 103/3090 [08:43<4:05:33,  4.93s/it]
                                                    

  3%|▎         | 103/3090 [08:43<4:05:33,  4.93s/it]{'loss': 2.5467, 'grad_norm': 7.170127868652344, 'learning_rate': 4.8333333333333334e-05, 'epoch': 1.0}


  0%|          | 0/26 [00:00<?, ?it/s][A

  8%|▊         | 2/26 [00:01<00:14,  1.67it/s][A

 12%|█▏        | 3/26 [00:02<00:19,  1.18it/s][A

 15%|█▌        | 4/26 [00:03<00:21,  1.02it/s][A

 19%|█▉        | 5/26 [00:04<00:22,  1.05s/it][A

 23%|██▎       | 6/26 [00:05<00:21,  1.10s/it][A

 27%|██▋       | 7/26 [00:07<00:21,  1.13s/it][A

 31%|███       | 8/26 [00:08<00:20,  1.15s/it][A

 35%|███▍      | 9/26 [00:09<00:19,  1.16s/it][A

 38%|███▊      | 10/26 [00:10<00:18,  1.17s/it][A

 42%|████▏     | 11/26 [00:11<00:17,  1.18s/it][A

 46%|████▌     | 12/26 [00:13<00:16,  1.18s/it][A

 50%|█████     | 13/26 [00:14<00:15,  1.19s/it][A

 54%|█████▍    | 14/26 [00:15<00:14,  1.19s/it][A

 58%|█████▊    | 15/26 [00:16<00:13,  1.19s/it][A

 62%|██████▏   | 16/26 [00:17<00:11,  1.19s/it][A

 65%|██████▌   | 17/26 [00:19<00:10,  1.19s/it][A

 69%|██████▉   | 18/26 [00:20<00:09,  1.19s/it][A

 73%|███████▎  | 19/26 [00:21<00:08,  1.19s/it][A

 77%|███████▋  | 20/26 [00:22<00:07,  1.19s/it][A

 81%|████████  | 21/26 [00:23<00:05,  1.19s/it][A

 85%|████████▍ | 22/26 [00:25<00:04,  1.19s/it][A

 88%|████████▊ | 23/26 [00:26<00:03,  1.19s/it][A

 92%|█████████▏| 24/26 [00:27<00:02,  1.19s/it][A

 96%|█████████▌| 25/26 [00:28<00:01,  1.19s/it][A

100%|██████████| 26/26 [00:29<00:00,  1.13s/it][A

                                               
[A
                                                    

100%|██████████| 26/26 [00:29<00:00,  1.13s/it][A
  3%|▎         | 103/3090 [09:14<4:05:33,  4.93s/it]

                                               [A{'eval_loss': 1.1732953786849976, 'eval_macro_recall': 0.5871463946948711, 'eval_macro_precision': 0.5101072030564348, 'eval_macro_f1': 0.5270458409482164, 'eval_accuracy': 0.7837181044957473, 'eval_micro_recall': 0.7837181044957473, 'eval_micro_precision': 0.7837181044957473, 'eval_micro_f1': 0.7837181044957473, 'eval_runtime': 31.2452, 'eval_samples_per_second': 26.34, 'eval_steps_per_second': 0.832, 'epoch': 1.0}

  3%|▎         | 104/3090 [09:23<12:48:03, 15.43s/it]
  3%|▎         | 105/3090 [09:28<10:11:27, 12.29s/it]
  3%|▎         | 106/3090 [09:33<8:21:57, 10.09s/it] 
  3%|▎         | 107/3090 [09:38<7:05:12,  8.55s/it]
  3%|▎         | 108/3090 [09:43<6:11:29,  7.47s/it]
  4%|▎         | 109/3090 [09:48<5:33:51,  6.72s/it]
  4%|▎         | 110/3090 [09:53<5:07:32,  6.19s/it]
  4%|▎         | 111/3090 [09:58<4:48:57,  5.82s/it]
  4%|▎         | 112/3090 [10:02<4:35:58,  5.56s/it]
  4%|▎         | 113/3090 [10:07<4:26:54,  5.38s/it]
  4%|▎         | 114/3090 [10:12<4:20:35,  5.25s/it]
  4%|▎         | 115/3090 [10:17<4:16:12,  5.17s/it]
  4%|▍         | 116/3090 [10:22<4:13:04,  5.11s/it]
  4%|▍         | 117/3090 [10:27<4:10:43,  5.06s/it]
  4%|▍         | 118/3090 [10:32<4:09:05,  5.03s/it]
  4%|▍         | 119/3090 [10:37<4:07:58,  5.01s/it]
  4%|▍         | 120/3090 [10:42<4:07:09,  4.99s/it]
  4%|▍         | 121/3090 [10:47<4:06:32,  4.98s/it]
  4%|▍         | 122/3090 [10:52<4:06:10,  4.98s/it]
  4%|▍         | 123/3090 [10:57<4:05:48,  4.97s/it]
  4%|▍         | 124/3090 [11:02<4:05:33,  4.97s/it]
  4%|▍         | 125/3090 [11:07<4:05:22,  4.97s/it]
  4%|▍         | 126/3090 [11:12<4:05:07,  4.96s/it]
  4%|▍         | 127/3090 [11:17<4:04:54,  4.96s/it]
  4%|▍         | 128/3090 [11:22<4:04:49,  4.96s/it]
  4%|▍         | 129/3090 [11:27<4:04:38,  4.96s/it]
  4%|▍         | 130/3090 [11:32<4:04:31,  4.96s/it]
  4%|▍         | 131/3090 [11:37<4:04:31,  4.96s/it]
  4%|▍         | 132/3090 [11:42<4:04:25,  4.96s/it]
  4%|▍         | 133/3090 [11:47<4:04:20,  4.96s/it]
  4%|▍         | 134/3090 [11:52<4:04:17,  4.96s/it]
  4%|▍         | 135/3090 [11:57<4:04:05,  4.96s/it]
  4%|▍         | 136/3090 [12:01<4:04:02,  4.96s/it]
  4%|▍         | 137/3090 [12:06<4:03:53,  4.96s/it]
  4%|▍         | 138/3090 [12:11<4:03:46,  4.95s/it]
  4%|▍         | 139/3090 [12:16<4:03:42,  4.96s/it]
  5%|▍         | 140/3090 [12:21<4:03:39,  4.96s/it]
  5%|▍         | 141/3090 [12:26<4:03:30,  4.95s/it]
  5%|▍         | 142/3090 [12:31<4:03:58,  4.97s/it]
  5%|▍         | 143/3090 [12:36<4:03:45,  4.96s/it]
  5%|▍         | 144/3090 [12:41<4:03:31,  4.96s/it]
  5%|▍         | 145/3090 [12:46<4:03:19,  4.96s/it]
  5%|▍         | 146/3090 [12:51<4:03:14,  4.96s/it]
  5%|▍         | 147/3090 [12:56<4:03:05,  4.96s/it]
  5%|▍         | 148/3090 [13:01<4:03:01,  4.96s/it]
  5%|▍         | 149/3090 [13:06<4:02:58,  4.96s/it]
  5%|▍         | 150/3090 [13:11<4:02:53,  4.96s/it]
  5%|▍         | 151/3090 [13:16<4:02:47,  4.96s/it]
  5%|▍         | 152/3090 [13:21<4:02:42,  4.96s/it]
  5%|▍         | 153/3090 [13:26<4:02:34,  4.96s/it]
  5%|▍         | 154/3090 [13:31<4:02:26,  4.95s/it]
  5%|▌         | 155/3090 [13:36<4:02:21,  4.95s/it]
  5%|▌         | 156/3090 [13:41<4:02:16,  4.95s/it]
  5%|▌         | 157/3090 [13:46<4:02:10,  4.95s/it]
  5%|▌         | 158/3090 [13:51<4:02:07,  4.95s/it]
  5%|▌         | 159/3090 [13:55<4:01:59,  4.95s/it]
  5%|▌         | 160/3090 [14:00<4:01:54,  4.95s/it]
  5%|▌         | 161/3090 [14:05<4:02:11,  4.96s/it]
  5%|▌         | 162/3090 [14:10<4:01:58,  4.96s/it]
  5%|▌         | 163/3090 [14:15<4:01:47,  4.96s/it]
  5%|▌         | 164/3090 [14:20<4:01:54,  4.96s/it]
  5%|▌         | 165/3090 [14:25<4:01:42,  4.96s/it]
  5%|▌         | 166/3090 [14:30<4:01:34,  4.96s/it]
  5%|▌         | 167/3090 [14:35<4:01:31,  4.96s/it]
  5%|▌         | 168/3090 [14:40<4:01:20,  4.96s/it]
  5%|▌         | 169/3090 [14:45<4:01:19,  4.96s/it]
  6%|▌         | 170/3090 [14:50<4:01:16,  4.96s/it]
  6%|▌         | 171/3090 [14:55<4:01:06,  4.96s/it]
  6%|▌         | 172/3090 [15:00<4:00:59,  4.96s/it]
  6%|▌         | 173/3090 [15:05<4:00:55,  4.96s/it]
  6%|▌         | 174/3090 [15:10<4:00:50,  4.96s/it]
  6%|▌         | 175/3090 [15:15<4:00:44,  4.96s/it]
  6%|▌         | 176/3090 [15:20<4:00:56,  4.96s/it]
  6%|▌         | 177/3090 [15:25<4:00:44,  4.96s/it]
  6%|▌         | 178/3090 [15:30<4:00:35,  4.96s/it]
  6%|▌         | 179/3090 [15:35<4:00:39,  4.96s/it]
  6%|▌         | 180/3090 [15:40<4:00:28,  4.96s/it]
  6%|▌         | 181/3090 [15:45<4:00:19,  4.96s/it]
  6%|▌         | 182/3090 [15:49<4:00:25,  4.96s/it]
  6%|▌         | 183/3090 [15:54<4:00:09,  4.96s/it]
  6%|▌         | 184/3090 [15:59<4:00:02,  4.96s/it]
  6%|▌         | 185/3090 [16:04<4:00:04,  4.96s/it]
  6%|▌         | 186/3090 [16:09<3:59:53,  4.96s/it]
  6%|▌         | 187/3090 [16:14<3:59:46,  4.96s/it]
  6%|▌         | 188/3090 [16:19<3:59:58,  4.96s/it]
  6%|▌         | 189/3090 [16:24<3:59:46,  4.96s/it]
  6%|▌         | 190/3090 [16:29<3:59:36,  4.96s/it]
  6%|▌         | 191/3090 [16:34<3:59:29,  4.96s/it]
  6%|▌         | 192/3090 [16:39<3:59:21,  4.96s/it]
  6%|▌         | 193/3090 [16:44<3:59:15,  4.96s/it]
  6%|▋         | 194/3090 [16:49<3:59:18,  4.96s/it]
  6%|▋         | 195/3090 [16:54<3:59:08,  4.96s/it]
  6%|▋         | 196/3090 [16:59<3:59:01,  4.96s/it]
  6%|▋         | 197/3090 [17:04<3:59:06,  4.96s/it]
  6%|▋         | 198/3090 [17:09<3:58:53,  4.96s/it]
  6%|▋         | 199/3090 [17:14<3:58:47,  4.96s/it]
  6%|▋         | 200/3090 [17:19<3:58:47,  4.96s/it]
  7%|▋         | 201/3090 [17:24<3:58:37,  4.96s/it]
  7%|▋         | 202/3090 [17:29<3:58:31,  4.96s/it]
  7%|▋         | 203/3090 [17:34<3:58:28,  4.96s/it]
  7%|▋         | 204/3090 [17:39<3:58:22,  4.96s/it]
  7%|▋         | 205/3090 [17:43<3:58:12,  4.95s/it]
  7%|▋         | 206/3090 [17:48<3:57:17,  4.94s/it]
                                                    

  7%|▋         | 206/3090 [17:49<3:57:17,  4.94s/it]{'loss': 0.8482, 'grad_norm': 5.813377857208252, 'learning_rate': 4.666666666666667e-05, 'epoch': 2.0}


  0%|          | 0/26 [00:00<?, ?it/s][A

  8%|▊         | 2/26 [00:01<00:14,  1.67it/s][A

 12%|█▏        | 3/26 [00:02<00:19,  1.18it/s][A

 15%|█▌        | 4/26 [00:03<00:21,  1.03it/s][A

 19%|█▉        | 5/26 [00:04<00:22,  1.05s/it][A

 23%|██▎       | 6/26 [00:05<00:21,  1.10s/it][A

 27%|██▋       | 7/26 [00:07<00:21,  1.13s/it][A

 31%|███       | 8/26 [00:08<00:20,  1.15s/it][A

 35%|███▍      | 9/26 [00:09<00:19,  1.16s/it][A

 38%|███▊      | 10/26 [00:10<00:18,  1.17s/it][A

 42%|████▏     | 11/26 [00:11<00:17,  1.18s/it][A

 46%|████▌     | 12/26 [00:13<00:16,  1.19s/it][A

 50%|█████     | 13/26 [00:14<00:15,  1.19s/it][A

 54%|█████▍    | 14/26 [00:15<00:14,  1.19s/it][A

 58%|█████▊    | 15/26 [00:16<00:13,  1.19s/it][A

 62%|██████▏   | 16/26 [00:17<00:11,  1.19s/it][A

 65%|██████▌   | 17/26 [00:19<00:10,  1.19s/it][A

 69%|██████▉   | 18/26 [00:20<00:09,  1.19s/it][A

 73%|███████▎  | 19/26 [00:21<00:08,  1.19s/it][A

 77%|███████▋  | 20/26 [00:22<00:07,  1.19s/it][A

 81%|████████  | 21/26 [00:23<00:05,  1.19s/it][A

 85%|████████▍ | 22/26 [00:25<00:04,  1.19s/it][A

 88%|████████▊ | 23/26 [00:26<00:03,  1.19s/it][A

 92%|█████████▏| 24/26 [00:27<00:02,  1.19s/it][A

 96%|█████████▌| 25/26 [00:28<00:01,  1.19s/it][A

100%|██████████| 26/26 [00:29<00:00,  1.13s/it][A

                                               
[A
                                                    

100%|██████████| 26/26 [00:29<00:00,  1.13s/it][A
  7%|▋         | 206/3090 [18:20<3:57:17,  4.94s/it]

                                               [A{'eval_loss': 0.4853849411010742, 'eval_macro_recall': 0.7854385265396345, 'eval_macro_precision': 0.7365779248469585, 'eval_macro_f1': 0.7498172896152978, 'eval_accuracy': 0.9015795868772782, 'eval_micro_recall': 0.9015795868772782, 'eval_micro_precision': 0.9015795868772782, 'eval_micro_f1': 0.9015795868772782, 'eval_runtime': 31.1977, 'eval_samples_per_second': 26.38, 'eval_steps_per_second': 0.833, 'epoch': 2.0}

  7%|▋         | 207/3090 [18:29<12:29:10, 15.59s/it]
  7%|▋         | 208/3090 [18:34<9:55:39, 12.40s/it] 
  7%|▋         | 209/3090 [18:39<8:08:20, 10.17s/it]
  7%|▋         | 210/3090 [18:44<6:53:02,  8.61s/it]
  7%|▋         | 211/3090 [18:49<6:00:26,  7.51s/it]
  7%|▋         | 212/3090 [18:54<5:23:30,  6.74s/it]
  7%|▋         | 213/3090 [18:59<4:57:40,  6.21s/it]
  7%|▋         | 214/3090 [19:04<4:39:33,  5.83s/it]
  7%|▋         | 215/3090 [19:08<4:26:51,  5.57s/it]
  7%|▋         | 216/3090 [19:13<4:17:52,  5.38s/it]
  7%|▋         | 217/3090 [19:18<4:11:46,  5.26s/it]
  7%|▋         | 218/3090 [19:23<4:07:20,  5.17s/it]
  7%|▋         | 219/3090 [19:28<4:04:11,  5.10s/it]
  7%|▋         | 220/3090 [19:33<4:02:04,  5.06s/it]
  7%|▋         | 221/3090 [19:38<4:00:32,  5.03s/it]
  7%|▋         | 222/3090 [19:43<3:59:19,  5.01s/it]
  7%|▋         | 223/3090 [19:48<3:58:34,  4.99s/it]
  7%|▋         | 224/3090 [19:53<3:58:01,  4.98s/it]
  7%|▋         | 225/3090 [19:58<3:57:30,  4.97s/it]
  7%|▋         | 226/3090 [20:03<3:57:07,  4.97s/it]
  7%|▋         | 227/3090 [20:08<3:57:02,  4.97s/it]
  7%|▋         | 228/3090 [20:13<3:56:48,  4.96s/it]
  7%|▋         | 229/3090 [20:18<3:56:30,  4.96s/it]
  7%|▋         | 230/3090 [20:23<3:56:21,  4.96s/it]
  7%|▋         | 231/3090 [20:28<3:56:12,  4.96s/it]
  8%|▊         | 232/3090 [20:33<3:56:02,  4.96s/it]
  8%|▊         | 233/3090 [20:38<3:55:57,  4.96s/it]
  8%|▊         | 234/3090 [20:43<3:55:58,  4.96s/it]
  8%|▊         | 235/3090 [20:48<3:55:50,  4.96s/it]
  8%|▊         | 236/3090 [20:53<3:56:04,  4.96s/it]
  8%|▊         | 237/3090 [20:58<3:55:54,  4.96s/it]
  8%|▊         | 238/3090 [21:03<3:55:41,  4.96s/it]
  8%|▊         | 239/3090 [21:07<3:55:40,  4.96s/it]
  8%|▊         | 240/3090 [21:12<3:55:32,  4.96s/it]
  8%|▊         | 241/3090 [21:17<3:55:20,  4.96s/it]
  8%|▊         | 242/3090 [21:22<3:55:15,  4.96s/it]
  8%|▊         | 243/3090 [21:27<3:55:09,  4.96s/it]
  8%|▊         | 244/3090 [21:32<3:55:00,  4.95s/it]
  8%|▊         | 245/3090 [21:37<3:54:56,  4.95s/it]
  8%|▊         | 246/3090 [21:42<3:54:52,  4.96s/it]
  8%|▊         | 247/3090 [21:47<3:54:48,  4.96s/it]
  8%|▊         | 248/3090 [21:52<3:54:47,  4.96s/it]
  8%|▊         | 249/3090 [21:57<3:54:43,  4.96s/it]
  8%|▊         | 250/3090 [22:02<3:54:33,  4.96s/it]
  8%|▊         | 251/3090 [22:07<3:54:28,  4.96s/it]
  8%|▊         | 252/3090 [22:12<3:54:24,  4.96s/it]
  8%|▊         | 253/3090 [22:17<3:54:15,  4.95s/it]
  8%|▊         | 254/3090 [22:22<3:54:11,  4.95s/it]
  8%|▊         | 255/3090 [22:27<3:54:12,  4.96s/it]
  8%|▊         | 256/3090 [22:32<3:54:02,  4.96s/it]
  8%|▊         | 257/3090 [22:37<3:54:28,  4.97s/it]
  8%|▊         | 258/3090 [22:42<3:54:17,  4.96s/it]
  8%|▊         | 259/3090 [22:47<3:54:01,  4.96s/it]
  8%|▊         | 260/3090 [22:52<3:53:51,  4.96s/it]
  8%|▊         | 261/3090 [22:57<3:53:49,  4.96s/it]
  8%|▊         | 262/3090 [23:01<3:53:37,  4.96s/it]
  9%|▊         | 263/3090 [23:06<3:53:32,  4.96s/it]
  9%|▊         | 264/3090 [23:11<3:53:37,  4.96s/it]
  9%|▊         | 265/3090 [23:16<3:53:24,  4.96s/it]
  9%|▊         | 266/3090 [23:21<3:53:15,  4.96s/it]
  9%|▊         | 267/3090 [23:26<3:53:22,  4.96s/it]
  9%|▊         | 268/3090 [23:31<3:53:09,  4.96s/it]
  9%|▊         | 269/3090 [23:36<3:53:04,  4.96s/it]
  9%|▊         | 270/3090 [23:41<3:53:06,  4.96s/it]
  9%|▉         | 271/3090 [23:46<3:52:52,  4.96s/it]
  9%|▉         | 272/3090 [23:51<3:52:47,  4.96s/it]
  9%|▉         | 273/3090 [23:56<3:52:42,  4.96s/it]
  9%|▉         | 274/3090 [24:01<3:52:37,  4.96s/it]
  9%|▉         | 275/3090 [24:06<3:52:28,  4.95s/it]
  9%|▉         | 276/3090 [24:11<3:52:22,  4.95s/it]
  9%|▉         | 277/3090 [24:16<3:52:17,  4.95s/it]
  9%|▉         | 278/3090 [24:21<3:52:21,  4.96s/it]
  9%|▉         | 279/3090 [24:26<3:52:10,  4.96s/it]
  9%|▉         | 280/3090 [24:31<3:52:05,  4.96s/it]
  9%|▉         | 281/3090 [24:36<3:51:57,  4.95s/it]
  9%|▉         | 282/3090 [24:41<3:51:54,  4.96s/it]
  9%|▉         | 283/3090 [24:46<3:51:47,  4.95s/it]
  9%|▉         | 284/3090 [24:51<3:51:47,  4.96s/it]
  9%|▉         | 285/3090 [24:55<3:51:39,  4.96s/it]
  9%|▉         | 286/3090 [25:00<3:51:35,  4.96s/it]
  9%|▉         | 287/3090 [25:05<3:51:26,  4.95s/it]
  9%|▉         | 288/3090 [25:10<3:51:26,  4.96s/it]
  9%|▉         | 289/3090 [25:15<3:51:19,  4.96s/it]
  9%|▉         | 290/3090 [25:20<3:51:12,  4.95s/it]
  9%|▉         | 291/3090 [25:25<3:51:06,  4.95s/it]
  9%|▉         | 292/3090 [25:30<3:51:09,  4.96s/it]
  9%|▉         | 293/3090 [25:35<3:51:05,  4.96s/it]
 10%|▉         | 294/3090 [25:40<3:50:56,  4.96s/it]
 10%|▉         | 295/3090 [25:45<3:50:52,  4.96s/it]
 10%|▉         | 296/3090 [25:50<3:50:48,  4.96s/it]
 10%|▉         | 297/3090 [25:55<3:50:38,  4.95s/it]
 10%|▉         | 298/3090 [26:00<3:50:33,  4.95s/it]
 10%|▉         | 299/3090 [26:05<3:50:29,  4.95s/it]
 10%|▉         | 300/3090 [26:10<3:50:21,  4.95s/it]
 10%|▉         | 301/3090 [26:15<3:50:13,  4.95s/it]
 10%|▉         | 302/3090 [26:20<3:50:10,  4.95s/it]
 10%|▉         | 303/3090 [26:25<3:50:05,  4.95s/it]
 10%|▉         | 304/3090 [26:30<3:49:59,  4.95s/it]
 10%|▉         | 305/3090 [26:35<3:49:57,  4.95s/it]
 10%|▉         | 306/3090 [26:40<3:49:58,  4.96s/it]
 10%|▉         | 307/3090 [26:44<3:49:49,  4.95s/it]
 10%|▉         | 308/3090 [26:49<3:49:40,  4.95s/it]
 10%|█         | 309/3090 [26:55<4:03:08,  5.25s/it]
                                                    

 10%|█         | 309/3090 [26:56<4:03:08,  5.25s/it]{'loss': 0.4305, 'grad_norm': 1.6253145933151245, 'learning_rate': 4.5e-05, 'epoch': 3.0}


  0%|          | 0/26 [00:00<?, ?it/s][A

  8%|▊         | 2/26 [00:01<00:14,  1.68it/s][A

 12%|█▏        | 3/26 [00:02<00:19,  1.18it/s][A

 15%|█▌        | 4/26 [00:03<00:21,  1.03it/s][A

 19%|█▉        | 5/26 [00:04<00:22,  1.05s/it][A

 23%|██▎       | 6/26 [00:05<00:21,  1.10s/it][A

 27%|██▋       | 7/26 [00:07<00:21,  1.13s/it][A

 31%|███       | 8/26 [00:08<00:20,  1.15s/it][A

 35%|███▍      | 9/26 [00:09<00:19,  1.16s/it][A

 38%|███▊      | 10/26 [00:10<00:18,  1.17s/it][A

 42%|████▏     | 11/26 [00:11<00:17,  1.18s/it][A

 46%|████▌     | 12/26 [00:13<00:16,  1.18s/it][A

 50%|█████     | 13/26 [00:14<00:15,  1.19s/it][A

 54%|█████▍    | 14/26 [00:15<00:14,  1.19s/it][A

 58%|█████▊    | 15/26 [00:16<00:13,  1.19s/it][A

 62%|██████▏   | 16/26 [00:17<00:11,  1.19s/it][A

 65%|██████▌   | 17/26 [00:19<00:10,  1.19s/it][A

 69%|██████▉   | 18/26 [00:20<00:09,  1.19s/it][A

 73%|███████▎  | 19/26 [00:21<00:08,  1.19s/it][A

 77%|███████▋  | 20/26 [00:22<00:07,  1.19s/it][A

 81%|████████  | 21/26 [00:23<00:05,  1.19s/it][A

 85%|████████▍ | 22/26 [00:25<00:04,  1.19s/it][A

 88%|████████▊ | 23/26 [00:26<00:03,  1.19s/it][A

 92%|█████████▏| 24/26 [00:27<00:02,  1.19s/it][A

 96%|█████████▌| 25/26 [00:28<00:01,  1.19s/it][A

100%|██████████| 26/26 [00:29<00:00,  1.20s/it][A

                                               
[A
                                                    

100%|██████████| 26/26 [00:32<00:00,  1.20s/it][A
 10%|█         | 309/3090 [27:29<4:03:08,  5.25s/it]

                                               [A{'eval_loss': 0.25475406646728516, 'eval_macro_recall': 0.874965373961219, 'eval_macro_precision': 0.8597035070274871, 'eval_macro_f1': 0.8596785465129555, 'eval_accuracy': 0.93681652490887, 'eval_micro_recall': 0.93681652490887, 'eval_micro_precision': 0.93681652490887, 'eval_micro_f1': 0.93681652490887, 'eval_runtime': 31.4396, 'eval_samples_per_second': 26.177, 'eval_steps_per_second': 0.827, 'epoch': 3.0}

 10%|█         | 310/3090 [27:40<13:15:28, 17.17s/it]
 10%|█         | 311/3090 [27:45<10:25:28, 13.50s/it]
 10%|█         | 312/3090 [27:50<8:26:33, 10.94s/it] 
 10%|█         | 313/3090 [27:55<7:03:13,  9.14s/it]
 10%|█         | 314/3090 [28:00<6:04:50,  7.89s/it]
 10%|█         | 315/3090 [28:05<5:24:08,  7.01s/it]
 10%|█         | 316/3090 [28:10<4:55:36,  6.39s/it]
 10%|█         | 317/3090 [28:15<4:35:29,  5.96s/it]
 10%|█         | 318/3090 [28:20<4:21:25,  5.66s/it]
 10%|█         | 319/3090 [28:25<4:11:35,  5.45s/it]
 10%|█         | 320/3090 [28:30<4:04:40,  5.30s/it]
 10%|█         | 321/3090 [28:35<3:59:48,  5.20s/it]
 10%|█         | 322/3090 [28:40<3:56:27,  5.13s/it]
 10%|█         | 323/3090 [28:45<3:54:19,  5.08s/it]
 10%|█         | 324/3090 [28:50<3:52:26,  5.04s/it]
 11%|█         | 325/3090 [28:55<3:51:10,  5.02s/it]
 11%|█         | 326/3090 [29:00<3:50:14,  5.00s/it]
 11%|█         | 327/3090 [29:05<3:49:30,  4.98s/it]
 11%|█         | 328/3090 [29:10<3:48:59,  4.97s/it]
 11%|█         | 329/3090 [29:15<3:48:48,  4.97s/it]
 11%|█         | 330/3090 [29:19<3:48:27,  4.97s/it]
 11%|█         | 331/3090 [29:24<3:48:10,  4.96s/it]
 11%|█         | 332/3090 [29:29<3:48:08,  4.96s/it]
 11%|█         | 333/3090 [29:34<3:47:55,  4.96s/it]
 11%|█         | 334/3090 [29:39<3:47:44,  4.96s/it]
 11%|█         | 335/3090 [29:44<3:47:40,  4.96s/it]
 11%|█         | 336/3090 [29:49<3:47:28,  4.96s/it]
 11%|█         | 337/3090 [29:54<3:47:18,  4.95s/it]
 11%|█         | 338/3090 [29:59<3:47:24,  4.96s/it]
 11%|█         | 339/3090 [30:04<3:47:13,  4.96s/it]
 11%|█         | 340/3090 [30:09<3:47:04,  4.95s/it]
 11%|█         | 341/3090 [30:14<3:47:00,  4.95s/it]
 11%|█         | 342/3090 [30:19<3:46:53,  4.95s/it]
 11%|█         | 343/3090 [30:24<3:46:45,  4.95s/it]
 11%|█         | 344/3090 [30:29<3:46:49,  4.96s/it]
 11%|█         | 345/3090 [30:34<3:46:41,  4.95s/it]
 11%|█         | 346/3090 [30:39<3:46:34,  4.95s/it]
 11%|█         | 347/3090 [30:44<3:46:39,  4.96s/it]
 11%|█▏        | 348/3090 [30:49<3:46:31,  4.96s/it]
 11%|█▏        | 349/3090 [30:54<3:46:21,  4.95s/it]
 11%|█▏        | 350/3090 [30:59<3:46:14,  4.95s/it]
 11%|█▏        | 351/3090 [31:04<3:46:06,  4.95s/it]
 11%|█▏        | 352/3090 [31:08<3:45:59,  4.95s/it]
 11%|█▏        | 353/3090 [31:13<3:45:56,  4.95s/it]
 11%|█▏        | 354/3090 [31:18<3:45:50,  4.95s/it]
 11%|█▏        | 355/3090 [31:23<3:45:43,  4.95s/it]
 12%|█▏        | 356/3090 [31:28<3:45:36,  4.95s/it]
 12%|█▏        | 357/3090 [31:33<3:45:34,  4.95s/it]
 12%|█▏        | 358/3090 [31:38<3:45:28,  4.95s/it]
 12%|█▏        | 359/3090 [31:43<3:45:22,  4.95s/it]
 12%|█▏        | 360/3090 [31:48<3:45:15,  4.95s/it]
 12%|█▏        | 361/3090 [31:53<3:45:12,  4.95s/it]
 12%|█▏        | 362/3090 [31:58<3:45:06,  4.95s/it]
 12%|█▏        | 363/3090 [32:03<3:45:01,  4.95s/it]
 12%|█▏        | 364/3090 [32:08<3:44:57,  4.95s/it]
 12%|█▏        | 365/3090 [32:13<3:44:52,  4.95s/it]
 12%|█▏        | 366/3090 [32:18<3:44:47,  4.95s/it]
 12%|█▏        | 367/3090 [32:23<3:44:41,  4.95s/it]
 12%|█▏        | 368/3090 [32:28<3:44:34,  4.95s/it]
 12%|█▏        | 369/3090 [32:33<3:44:29,  4.95s/it]
 12%|█▏        | 370/3090 [32:38<3:44:24,  4.95s/it]
 12%|█▏        | 371/3090 [32:43<3:44:20,  4.95s/it]
 12%|█▏        | 372/3090 [32:48<3:44:15,  4.95s/it]
 12%|█▏        | 373/3090 [32:52<3:44:13,  4.95s/it]
 12%|█▏        | 374/3090 [32:57<3:44:07,  4.95s/it]
 12%|█▏        | 375/3090 [33:02<3:44:03,  4.95s/it]
 12%|█▏        | 376/3090 [33:07<3:43:56,  4.95s/it]
 12%|█▏        | 377/3090 [33:12<3:43:53,  4.95s/it]
 12%|█▏        | 378/3090 [33:17<3:43:47,  4.95s/it]
 12%|█▏        | 379/3090 [33:22<3:43:52,  4.95s/it]
 12%|█▏        | 380/3090 [33:27<3:43:46,  4.95s/it]
 12%|█▏        | 381/3090 [33:32<3:43:38,  4.95s/it]
 12%|█▏        | 382/3090 [33:37<3:43:34,  4.95s/it]
 12%|█▏        | 383/3090 [33:42<3:43:29,  4.95s/it]
 12%|█▏        | 384/3090 [33:47<3:43:21,  4.95s/it]
 12%|█▏        | 385/3090 [33:52<3:43:15,  4.95s/it]
 12%|█▏        | 386/3090 [33:57<3:43:08,  4.95s/it]
 13%|█▎        | 387/3090 [34:02<3:43:03,  4.95s/it]
 13%|█▎        | 388/3090 [34:07<3:42:59,  4.95s/it]
 13%|█▎        | 389/3090 [34:12<3:42:55,  4.95s/it]
 13%|█▎        | 390/3090 [34:17<3:42:50,  4.95s/it]
 13%|█▎        | 391/3090 [34:22<3:42:44,  4.95s/it]
 13%|█▎        | 392/3090 [34:27<3:42:39,  4.95s/it]
 13%|█▎        | 393/3090 [34:32<3:42:35,  4.95s/it]
 13%|█▎        | 394/3090 [34:36<3:42:28,  4.95s/it]
 13%|█▎        | 395/3090 [34:41<3:42:24,  4.95s/it]
 13%|█▎        | 396/3090 [34:46<3:42:18,  4.95s/it]
 13%|█▎        | 397/3090 [34:51<3:42:13,  4.95s/it]
 13%|█▎        | 398/3090 [34:56<3:42:08,  4.95s/it]
 13%|█▎        | 399/3090 [35:01<3:42:04,  4.95s/it]
 13%|█▎        | 400/3090 [35:06<3:42:00,  4.95s/it]
 13%|█▎        | 401/3090 [35:11<3:41:55,  4.95s/it]
 13%|█▎        | 402/3090 [35:16<3:41:49,  4.95s/it]
 13%|█▎        | 403/3090 [35:21<3:41:44,  4.95s/it]
 13%|█▎        | 404/3090 [35:26<3:41:38,  4.95s/it]
 13%|█▎        | 405/3090 [35:31<3:41:33,  4.95s/it]
 13%|█▎        | 406/3090 [35:36<3:41:27,  4.95s/it]
 13%|█▎        | 407/3090 [35:41<3:41:24,  4.95s/it]
 13%|█▎        | 408/3090 [35:46<3:41:21,  4.95s/it]
 13%|█▎        | 409/3090 [35:51<3:41:16,  4.95s/it]
 13%|█▎        | 410/3090 [35:56<3:41:10,  4.95s/it]
 13%|█▎        | 411/3090 [36:01<3:41:06,  4.95s/it]
 13%|█▎        | 412/3090 [36:06<3:41:44,  4.97s/it]
                                                    

 13%|█▎        | 412/3090 [36:06<3:41:44,  4.97s/it]{'loss': 0.2534, 'grad_norm': 4.1338419914245605, 'learning_rate': 4.3333333333333334e-05, 'epoch': 4.0}


  0%|          | 0/26 [00:00<?, ?it/s][A

  8%|▊         | 2/26 [00:01<00:14,  1.67it/s][A

 12%|█▏        | 3/26 [00:02<00:19,  1.18it/s][A

 15%|█▌        | 4/26 [00:03<00:21,  1.03it/s][A

 19%|█▉        | 5/26 [00:04<00:22,  1.05s/it][A

 23%|██▎       | 6/26 [00:05<00:21,  1.10s/it][A

 27%|██▋       | 7/26 [00:07<00:21,  1.13s/it][A

 31%|███       | 8/26 [00:08<00:20,  1.15s/it][A

 35%|███▍      | 9/26 [00:09<00:19,  1.16s/it][A

 38%|███▊      | 10/26 [00:10<00:18,  1.17s/it][A

 42%|████▏     | 11/26 [00:11<00:17,  1.18s/it][A

 46%|████▌     | 12/26 [00:13<00:16,  1.18s/it][A

 50%|█████     | 13/26 [00:14<00:15,  1.19s/it][A

 54%|█████▍    | 14/26 [00:15<00:14,  1.19s/it][A

 58%|█████▊    | 15/26 [00:16<00:13,  1.19s/it][A

 62%|██████▏   | 16/26 [00:17<00:11,  1.19s/it][A

 65%|██████▌   | 17/26 [00:19<00:10,  1.19s/it][A

 69%|██████▉   | 18/26 [00:20<00:09,  1.19s/it][A

 73%|███████▎  | 19/26 [00:21<00:08,  1.19s/it][A

 77%|███████▋  | 20/26 [00:22<00:07,  1.19s/it][A

 81%|████████  | 21/26 [00:23<00:05,  1.19s/it][A

 85%|████████▍ | 22/26 [00:25<00:04,  1.19s/it][A

 88%|████████▊ | 23/26 [00:26<00:03,  1.19s/it][A

 92%|█████████▏| 24/26 [00:27<00:02,  1.19s/it][A

 96%|█████████▌| 25/26 [00:28<00:01,  1.19s/it][A

100%|██████████| 26/26 [00:29<00:00,  1.12s/it][A

                                               
[A
                                                    

100%|██████████| 26/26 [00:29<00:00,  1.12s/it][A
 13%|█▎        | 412/3090 [36:37<3:41:44,  4.97s/it]

                                               [A{'eval_loss': 0.17419204115867615, 'eval_macro_recall': 0.933005210394407, 'eval_macro_precision': 0.9283635653991693, 'eval_macro_f1': 0.9232784597745202, 'eval_accuracy': 0.9635479951397327, 'eval_micro_recall': 0.9635479951397327, 'eval_micro_precision': 0.9635479951397327, 'eval_micro_f1': 0.9635479951397327, 'eval_runtime': 31.1599, 'eval_samples_per_second': 26.412, 'eval_steps_per_second': 0.834, 'epoch': 4.0}

 13%|█▎        | 413/3090 [36:46<11:29:09, 15.45s/it]
 13%|█▎        | 414/3090 [36:50<9:08:30, 12.30s/it] 
 13%|█▎        | 415/3090 [36:55<7:30:06, 10.10s/it]
 13%|█▎        | 416/3090 [37:00<6:21:10,  8.55s/it]
 13%|█▎        | 417/3090 [37:05<5:32:56,  7.47s/it]
 14%|█▎        | 418/3090 [37:10<4:59:07,  6.72s/it]
 14%|█▎        | 419/3090 [37:15<4:35:28,  6.19s/it]
 14%|█▎        | 420/3090 [37:20<4:18:51,  5.82s/it]
 14%|█▎        | 421/3090 [37:25<4:07:12,  5.56s/it]
 14%|█▎        | 422/3090 [37:30<3:59:01,  5.38s/it]
 14%|█▎        | 423/3090 [37:35<3:53:19,  5.25s/it]
 14%|█▎        | 424/3090 [37:40<3:49:16,  5.16s/it]
 14%|█▍        | 425/3090 [37:45<3:46:26,  5.10s/it]
 14%|█▍        | 426/3090 [37:50<3:44:26,  5.05s/it]
 14%|█▍        | 427/3090 [37:55<3:42:58,  5.02s/it]
 14%|█▍        | 428/3090 [38:00<3:41:58,  5.00s/it]
 14%|█▍        | 429/3090 [38:05<3:41:13,  4.99s/it]
 14%|█▍        | 430/3090 [38:10<3:40:37,  4.98s/it]
 14%|█▍        | 431/3090 [38:15<3:40:12,  4.97s/it]
 14%|█▍        | 432/3090 [38:20<3:39:55,  4.96s/it]
 14%|█▍        | 433/3090 [38:25<3:39:41,  4.96s/it]
 14%|█▍        | 434/3090 [38:30<3:39:28,  4.96s/it]
 14%|█▍        | 435/3090 [38:34<3:39:20,  4.96s/it]
 14%|█▍        | 436/3090 [38:39<3:39:11,  4.96s/it]
 14%|█▍        | 437/3090 [38:44<3:39:04,  4.95s/it]
 14%|█▍        | 438/3090 [38:49<3:38:56,  4.95s/it]
 14%|█▍        | 439/3090 [38:54<3:38:49,  4.95s/it]
 14%|█▍        | 440/3090 [38:59<3:38:43,  4.95s/it]
 14%|█▍        | 441/3090 [39:04<3:38:38,  4.95s/it]
 14%|█▍        | 442/3090 [39:09<3:38:36,  4.95s/it]
 14%|█▍        | 443/3090 [39:14<3:38:29,  4.95s/it]
 14%|█▍        | 444/3090 [39:19<3:38:29,  4.95s/it]
 14%|█▍        | 445/3090 [39:24<3:38:23,  4.95s/it]
 14%|█▍        | 446/3090 [39:29<3:38:15,  4.95s/it]
 14%|█▍        | 447/3090 [39:34<3:38:10,  4.95s/it]
 14%|█▍        | 448/3090 [39:39<3:38:05,  4.95s/it]
 15%|█▍        | 449/3090 [39:44<3:37:57,  4.95s/it]
 15%|█▍        | 450/3090 [39:49<3:38:22,  4.96s/it]
 15%|█▍        | 451/3090 [39:54<3:38:09,  4.96s/it]
 15%|█▍        | 452/3090 [39:59<3:37:57,  4.96s/it]
 15%|█▍        | 453/3090 [40:04<3:37:49,  4.96s/it]
 15%|█▍        | 454/3090 [40:09<3:37:40,  4.95s/it]
 15%|█▍        | 455/3090 [40:14<3:37:31,  4.95s/it]
 15%|█▍        | 456/3090 [40:19<3:37:27,  4.95s/it]
 15%|█▍        | 457/3090 [40:23<3:37:20,  4.95s/it]
 15%|█▍        | 458/3090 [40:28<3:37:16,  4.95s/it]
 15%|█▍        | 459/3090 [40:33<3:37:09,  4.95s/it]
 15%|█▍        | 460/3090 [40:38<3:37:02,  4.95s/it]
 15%|█▍        | 461/3090 [40:43<3:36:57,  4.95s/it]
 15%|█▍        | 462/3090 [40:48<3:36:51,  4.95s/it]
 15%|█▍        | 463/3090 [40:53<3:36:48,  4.95s/it]
 15%|█▌        | 464/3090 [40:58<3:36:43,  4.95s/it]
 15%|█▌        | 465/3090 [41:03<3:36:37,  4.95s/it]
 15%|█▌        | 466/3090 [41:08<3:36:34,  4.95s/it]
 15%|█▌        | 467/3090 [41:13<3:36:28,  4.95s/it]
 15%|█▌        | 468/3090 [41:18<3:36:22,  4.95s/it]
 15%|█▌        | 469/3090 [41:23<3:36:18,  4.95s/it]
 15%|█▌        | 470/3090 [41:28<3:36:13,  4.95s/it]
 15%|█▌        | 471/3090 [41:33<3:36:09,  4.95s/it]
 15%|█▌        | 472/3090 [41:38<3:36:08,  4.95s/it]
 15%|█▌        | 473/3090 [41:43<3:36:03,  4.95s/it]
 15%|█▌        | 474/3090 [41:48<3:35:58,  4.95s/it]
 15%|█▌        | 475/3090 [41:53<3:35:55,  4.95s/it]
 15%|█▌        | 476/3090 [41:58<3:35:47,  4.95s/it]
 15%|█▌        | 477/3090 [42:03<3:35:41,  4.95s/it]
 15%|█▌        | 478/3090 [42:07<3:35:37,  4.95s/it]
 16%|█▌        | 479/3090 [42:12<3:35:32,  4.95s/it]
 16%|█▌        | 480/3090 [42:17<3:35:25,  4.95s/it]
 16%|█▌        | 481/3090 [42:22<3:35:20,  4.95s/it]
 16%|█▌        | 482/3090 [42:27<3:35:15,  4.95s/it]
 16%|█▌        | 483/3090 [42:32<3:35:07,  4.95s/it]
 16%|█▌        | 484/3090 [42:37<3:35:04,  4.95s/it]
 16%|█▌        | 485/3090 [42:42<3:35:01,  4.95s/it]
 16%|█▌        | 486/3090 [42:47<3:34:55,  4.95s/it]
 16%|█▌        | 487/3090 [42:52<3:34:51,  4.95s/it]
 16%|█▌        | 488/3090 [42:57<3:34:44,  4.95s/it]
 16%|█▌        | 489/3090 [43:02<3:34:38,  4.95s/it]
 16%|█▌        | 490/3090 [43:07<3:34:34,  4.95s/it]
 16%|█▌        | 491/3090 [43:12<3:34:28,  4.95s/it]
 16%|█▌        | 492/3090 [43:17<3:34:23,  4.95s/it]
 16%|█▌        | 493/3090 [43:22<3:34:18,  4.95s/it]
 16%|█▌        | 494/3090 [43:27<3:34:14,  4.95s/it]
 16%|█▌        | 495/3090 [43:32<3:34:08,  4.95s/it]
 16%|█▌        | 496/3090 [43:37<3:34:03,  4.95s/it]
 16%|█▌        | 497/3090 [43:42<3:33:59,  4.95s/it]
 16%|█▌        | 498/3090 [43:47<3:33:52,  4.95s/it]
 16%|█▌        | 499/3090 [43:51<3:33:49,  4.95s/it]
 16%|█▌        | 500/3090 [43:56<3:33:44,  4.95s/it]
 16%|█▌        | 501/3090 [44:01<3:33:41,  4.95s/it]
 16%|█▌        | 502/3090 [44:06<3:33:36,  4.95s/it]
 16%|█▋        | 503/3090 [44:11<3:33:29,  4.95s/it]
 16%|█▋        | 504/3090 [44:16<3:33:24,  4.95s/it]
 16%|█▋        | 505/3090 [44:21<3:33:18,  4.95s/it]
 16%|█▋        | 506/3090 [44:26<3:33:13,  4.95s/it]
 16%|█▋        | 507/3090 [44:42<5:52:50,  8.20s/it]
 16%|█▋        | 508/3090 [44:47<5:13:36,  7.29s/it]
 16%|█▋        | 509/3090 [44:52<4:43:20,  6.59s/it]
 17%|█▋        | 510/3090 [44:57<4:22:11,  6.10s/it]
 17%|█▋        | 511/3090 [45:02<4:10:01,  5.82s/it]
 17%|█▋        | 512/3090 [45:07<3:58:45,  5.56s/it]
 17%|█▋        | 513/3090 [45:12<3:50:51,  5.38s/it]
 17%|█▋        | 514/3090 [45:17<3:45:17,  5.25s/it]
 17%|█▋        | 515/3090 [45:22<3:40:29,  5.14s/it]
                                                    

 17%|█▋        | 515/3090 [45:22<3:40:29,  5.14s/it]{'loss': 0.1482, 'grad_norm': 13.963729858398438, 'learning_rate': 4.166666666666667e-05, 'epoch': 5.0}


  0%|          | 0/26 [00:00<?, ?it/s][A

  8%|▊         | 2/26 [00:01<00:14,  1.65it/s][A

 12%|█▏        | 3/26 [00:02<00:19,  1.18it/s][A

 15%|█▌        | 4/26 [00:03<00:21,  1.02it/s][A

 19%|█▉        | 5/26 [00:04<00:22,  1.05s/it][A

 23%|██▎       | 6/26 [00:05<00:21,  1.10s/it][A

 27%|██▋       | 7/26 [00:07<00:21,  1.13s/it][A

 31%|███       | 8/26 [00:08<00:20,  1.15s/it][A

 35%|███▍      | 9/26 [00:09<00:19,  1.16s/it][A

 38%|███▊      | 10/26 [00:10<00:18,  1.17s/it][A

 42%|████▏     | 11/26 [00:11<00:17,  1.18s/it][A

 46%|████▌     | 12/26 [00:13<00:16,  1.18s/it][A

 50%|█████     | 13/26 [00:14<00:15,  1.18s/it][A

 54%|█████▍    | 14/26 [00:15<00:14,  1.19s/it][A

 58%|█████▊    | 15/26 [00:17<00:15,  1.42s/it][A

 62%|██████▏   | 16/26 [00:18<00:13,  1.38s/it][A

 65%|██████▌   | 17/26 [00:19<00:11,  1.32s/it][A

 69%|██████▉   | 18/26 [00:21<00:10,  1.28s/it][A

 73%|███████▎  | 19/26 [00:22<00:08,  1.26s/it][A

 77%|███████▋  | 20/26 [00:23<00:07,  1.24s/it][A

 81%|████████  | 21/26 [00:24<00:06,  1.22s/it][A

 85%|████████▍ | 22/26 [00:25<00:04,  1.21s/it][A

 88%|████████▊ | 23/26 [00:27<00:03,  1.21s/it][A

 92%|█████████▏| 24/26 [00:28<00:02,  1.20s/it][A

 96%|█████████▌| 25/26 [00:29<00:01,  1.20s/it][A

100%|██████████| 26/26 [00:30<00:00,  1.14s/it][A

                                               
[A
                                                    

100%|██████████| 26/26 [00:30<00:00,  1.14s/it][A
 17%|█▋        | 515/3090 [45:56<3:40:29,  5.14s/it]

                                               [A{'eval_loss': 0.07603982836008072, 'eval_macro_recall': 0.9702859121487931, 'eval_macro_precision': 0.9589406207827259, 'eval_macro_f1': 0.9610906596181726, 'eval_accuracy': 0.9842041312272175, 'eval_micro_recall': 0.9842041312272175, 'eval_micro_precision': 0.9842041312272175, 'eval_micro_f1': 0.9842041312272175, 'eval_runtime': 33.571, 'eval_samples_per_second': 24.515, 'eval_steps_per_second': 0.774, 'epoch': 5.0}

 17%|█▋        | 516/3090 [46:06<11:57:09, 16.72s/it]
 17%|█▋        | 517/3090 [46:11<9:25:31, 13.19s/it] 
 17%|█▋        | 518/3090 [46:15<7:39:23, 10.72s/it]
 17%|█▋        | 519/3090 [46:20<6:25:07,  8.99s/it]
 17%|█▋        | 520/3090 [46:25<5:33:07,  7.78s/it]
 17%|█▋        | 521/3090 [46:30<4:56:41,  6.93s/it]
 17%|█▋        | 522/3090 [46:35<4:31:10,  6.34s/it]
 17%|█▋        | 523/3090 [46:40<4:13:17,  5.92s/it]
 17%|█▋        | 524/3090 [46:45<4:00:46,  5.63s/it]
 17%|█▋        | 525/3090 [46:50<3:51:57,  5.43s/it]
 17%|█▋        | 526/3090 [46:55<3:45:44,  5.28s/it]
 17%|█▋        | 527/3090 [47:00<3:41:23,  5.18s/it]
 17%|█▋        | 528/3090 [47:05<3:38:18,  5.11s/it]
 17%|█▋        | 529/3090 [47:10<3:36:09,  5.06s/it]
 17%|█▋        | 530/3090 [47:15<3:34:37,  5.03s/it]
 17%|█▋        | 531/3090 [47:20<3:33:31,  5.01s/it]
 17%|█▋        | 532/3090 [47:25<3:32:43,  4.99s/it]
 17%|█▋        | 533/3090 [47:30<3:32:09,  4.98s/it]
 17%|█▋        | 534/3090 [47:35<3:31:43,  4.97s/it]
 17%|█▋        | 535/3090 [47:40<3:31:21,  4.96s/it]
 17%|█▋        | 536/3090 [47:45<3:31:07,  4.96s/it]
 17%|█▋        | 537/3090 [47:50<3:30:54,  4.96s/it]
 17%|█▋        | 538/3090 [47:55<3:30:45,  4.96s/it]
 17%|█▋        | 539/3090 [47:59<3:30:36,  4.95s/it]
 17%|█▋        | 540/3090 [48:04<3:30:30,  4.95s/it]
 18%|█▊        | 541/3090 [48:09<3:30:22,  4.95s/it]
 18%|█▊        | 542/3090 [48:14<3:30:15,  4.95s/it]
 18%|█▊        | 543/3090 [48:19<3:30:07,  4.95s/it]
 18%|█▊        | 544/3090 [48:24<3:30:02,  4.95s/it]
 18%|█▊        | 545/3090 [48:29<3:29:57,  4.95s/it]
 18%|█▊        | 546/3090 [48:34<3:29:53,  4.95s/it]
 18%|█▊        | 547/3090 [48:39<3:29:47,  4.95s/it]
 18%|█▊        | 548/3090 [48:44<3:29:43,  4.95s/it]
 18%|█▊        | 549/3090 [48:49<3:29:36,  4.95s/it]
 18%|█▊        | 550/3090 [48:54<3:29:32,  4.95s/it]
 18%|█▊        | 551/3090 [48:59<3:29:28,  4.95s/it]
 18%|█▊        | 552/3090 [49:04<3:29:25,  4.95s/it]
 18%|█▊        | 553/3090 [49:09<3:29:21,  4.95s/it]
 18%|█▊        | 554/3090 [49:14<3:29:16,  4.95s/it]
 18%|█▊        | 555/3090 [49:19<3:29:11,  4.95s/it]
 18%|█▊        | 556/3090 [49:24<3:29:05,  4.95s/it]
 18%|█▊        | 557/3090 [49:29<3:29:00,  4.95s/it]
 18%|█▊        | 558/3090 [49:34<3:28:55,  4.95s/it]
 18%|█▊        | 559/3090 [49:38<3:28:50,  4.95s/it]
 18%|█▊        | 560/3090 [49:43<3:28:47,  4.95s/it]
 18%|█▊        | 561/3090 [49:48<3:28:42,  4.95s/it]
 18%|█▊        | 562/3090 [49:53<3:28:35,  4.95s/it]
 18%|█▊        | 563/3090 [49:58<3:28:32,  4.95s/it]
 18%|█▊        | 564/3090 [50:03<3:28:27,  4.95s/it]
 18%|█▊        | 565/3090 [50:08<3:28:23,  4.95s/it]
 18%|█▊        | 566/3090 [50:13<3:28:17,  4.95s/it]
 18%|█▊        | 567/3090 [50:18<3:28:12,  4.95s/it]
 18%|█▊        | 568/3090 [50:23<3:28:07,  4.95s/it]
 18%|█▊        | 569/3090 [50:28<3:28:00,  4.95s/it]
 18%|█▊        | 570/3090 [50:33<3:27:55,  4.95s/it]
 18%|█▊        | 571/3090 [50:38<3:27:50,  4.95s/it]
 19%|█▊        | 572/3090 [50:43<3:27:45,  4.95s/it]
 19%|█▊        | 573/3090 [50:48<3:27:40,  4.95s/it]
 19%|█▊        | 574/3090 [50:53<3:27:34,  4.95s/it]
 19%|█▊        | 575/3090 [50:58<3:27:29,  4.95s/it]
 19%|█▊        | 576/3090 [51:03<3:27:24,  4.95s/it]
 19%|█▊        | 577/3090 [51:08<3:27:20,  4.95s/it]
 19%|█▊        | 578/3090 [51:13<3:27:16,  4.95s/it]
 19%|█▊        | 579/3090 [51:17<3:27:13,  4.95s/it]
 19%|█▉        | 580/3090 [51:22<3:27:06,  4.95s/it]
 19%|█▉        | 581/3090 [51:27<3:27:01,  4.95s/it]
 19%|█▉        | 582/3090 [51:32<3:26:55,  4.95s/it]
 19%|█▉        | 583/3090 [51:37<3:26:49,  4.95s/it]
 19%|█▉        | 584/3090 [51:42<3:26:44,  4.95s/it]
 19%|█▉        | 585/3090 [51:47<3:26:39,  4.95s/it]
 19%|█▉        | 586/3090 [51:52<3:26:36,  4.95s/it]
 19%|█▉        | 587/3090 [51:57<3:26:30,  4.95s/it]
 19%|█▉        | 588/3090 [52:02<3:26:26,  4.95s/it]
 19%|█▉        | 589/3090 [52:07<3:26:22,  4.95s/it]
 19%|█▉        | 590/3090 [52:12<3:26:17,  4.95s/it]
 19%|█▉        | 591/3090 [52:17<3:26:12,  4.95s/it]
 19%|█▉        | 592/3090 [52:22<3:26:07,  4.95s/it]
 19%|█▉        | 593/3090 [52:27<3:26:00,  4.95s/it]
 19%|█▉        | 594/3090 [52:32<3:25:56,  4.95s/it]
 19%|█▉        | 595/3090 [52:37<3:25:53,  4.95s/it]
 19%|█▉        | 596/3090 [52:42<3:25:47,  4.95s/it]
 19%|█▉        | 597/3090 [52:47<3:25:41,  4.95s/it]
 19%|█▉        | 598/3090 [52:52<3:25:40,  4.95s/it]
 19%|█▉        | 599/3090 [52:57<3:25:36,  4.95s/it]
 19%|█▉        | 600/3090 [53:01<3:25:29,  4.95s/it]
 19%|█▉        | 601/3090 [53:06<3:25:24,  4.95s/it]
 19%|█▉        | 602/3090 [53:11<3:25:19,  4.95s/it]
 20%|█▉        | 603/3090 [53:16<3:25:13,  4.95s/it]
 20%|█▉        | 604/3090 [53:21<3:25:08,  4.95s/it]
 20%|█▉        | 605/3090 [53:26<3:25:02,  4.95s/it]
 20%|█▉        | 606/3090 [53:31<3:24:57,  4.95s/it]
 20%|█▉        | 607/3090 [53:36<3:24:52,  4.95s/it]
 20%|█▉        | 608/3090 [53:41<3:24:48,  4.95s/it]
 20%|█▉        | 609/3090 [53:46<3:24:42,  4.95s/it]
 20%|█▉        | 610/3090 [53:51<3:24:37,  4.95s/it]
 20%|█▉        | 611/3090 [53:56<3:24:32,  4.95s/it]
 20%|█▉        | 612/3090 [54:01<3:24:28,  4.95s/it]
 20%|█▉        | 613/3090 [54:06<3:24:25,  4.95s/it]
 20%|█▉        | 614/3090 [54:11<3:24:20,  4.95s/it]
 20%|█▉        | 615/3090 [54:16<3:24:15,  4.95s/it]
 20%|█▉        | 616/3090 [54:21<3:24:08,  4.95s/it]
 20%|█▉        | 617/3090 [54:26<3:24:03,  4.95s/it]
 20%|██        | 618/3090 [54:30<3:23:03,  4.93s/it]
                                                    

 20%|██        | 618/3090 [54:31<3:23:03,  4.93s/it]{'loss': 0.0966, 'grad_norm': 0.1810169368982315, 'learning_rate': 4e-05, 'epoch': 6.0}


  0%|          | 0/26 [00:00<?, ?it/s][A

  8%|▊         | 2/26 [00:01<00:14,  1.67it/s][A

 12%|█▏        | 3/26 [00:02<00:19,  1.18it/s][A

 15%|█▌        | 4/26 [00:03<00:21,  1.03it/s][A

 19%|█▉        | 5/26 [00:04<00:22,  1.05s/it][A

 23%|██▎       | 6/26 [00:05<00:21,  1.10s/it][A

 27%|██▋       | 7/26 [00:07<00:21,  1.13s/it][A

 31%|███       | 8/26 [00:08<00:20,  1.15s/it][A

 35%|███▍      | 9/26 [00:09<00:19,  1.16s/it][A

 38%|███▊      | 10/26 [00:10<00:18,  1.17s/it][A

 42%|████▏     | 11/26 [00:11<00:17,  1.18s/it][A

 46%|████▌     | 12/26 [00:13<00:16,  1.18s/it][A

 50%|█████     | 13/26 [00:14<00:15,  1.19s/it][A

 54%|█████▍    | 14/26 [00:15<00:14,  1.19s/it][A

 58%|█████▊    | 15/26 [00:16<00:13,  1.19s/it][A

 62%|██████▏   | 16/26 [00:17<00:11,  1.19s/it][A

 65%|██████▌   | 17/26 [00:19<00:10,  1.19s/it][A

 69%|██████▉   | 18/26 [00:20<00:09,  1.19s/it][A

 73%|███████▎  | 19/26 [00:21<00:08,  1.19s/it][A

 77%|███████▋  | 20/26 [00:22<00:07,  1.19s/it][A

 81%|████████  | 21/26 [00:23<00:05,  1.19s/it][A

 85%|████████▍ | 22/26 [00:25<00:04,  1.19s/it][A

 88%|████████▊ | 23/26 [00:26<00:03,  1.19s/it][A

 92%|█████████▏| 24/26 [00:27<00:02,  1.19s/it][A

 96%|█████████▌| 25/26 [00:28<00:01,  1.19s/it][A

100%|██████████| 26/26 [00:29<00:00,  1.12s/it][A

                                               
[A
                                                    

100%|██████████| 26/26 [00:29<00:00,  1.12s/it][A
 20%|██        | 618/3090 [55:02<3:23:03,  4.93s/it]

                                               [A{'eval_loss': 0.06088344007730484, 'eval_macro_recall': 0.9573588576704921, 'eval_macro_precision': 0.9523684210526315, 'eval_macro_f1': 0.952482624196834, 'eval_accuracy': 0.9842041312272175, 'eval_micro_recall': 0.9842041312272175, 'eval_micro_precision': 0.9842041312272175, 'eval_micro_f1': 0.9842041312272175, 'eval_runtime': 31.1322, 'eval_samples_per_second': 26.436, 'eval_steps_per_second': 0.835, 'epoch': 6.0}

 20%|██        | 619/3090 [55:10<10:32:08, 15.35s/it]
 20%|██        | 620/3090 [55:15<8:23:35, 12.23s/it] 
 20%|██        | 621/3090 [55:20<6:53:31, 10.05s/it]
 20%|██        | 622/3090 [55:25<5:50:26,  8.52s/it]
 20%|██        | 623/3090 [55:30<5:06:18,  7.45s/it]
 20%|██        | 624/3090 [55:35<4:35:22,  6.70s/it]
 20%|██        | 625/3090 [55:40<4:13:41,  6.18s/it]
 20%|██        | 626/3090 [55:45<3:58:30,  5.81s/it]
 20%|██        | 627/3090 [55:50<3:47:53,  5.55s/it]
 20%|██        | 628/3090 [55:55<3:40:24,  5.37s/it]
 20%|██        | 629/3090 [56:00<3:35:08,  5.25s/it]
 20%|██        | 630/3090 [56:05<3:31:25,  5.16s/it]
 20%|██        | 631/3090 [56:10<3:28:48,  5.10s/it]
 20%|██        | 632/3090 [56:15<3:26:57,  5.05s/it]
 20%|██        | 633/3090 [56:19<3:25:37,  5.02s/it]
 21%|██        | 634/3090 [56:24<3:24:40,  5.00s/it]
 21%|██        | 635/3090 [56:29<3:24:01,  4.99s/it]
 21%|██        | 636/3090 [56:34<3:23:30,  4.98s/it]
 21%|██        | 637/3090 [56:39<3:23:06,  4.97s/it]
 21%|██        | 638/3090 [56:44<3:22:49,  4.96s/it]
 21%|██        | 639/3090 [56:49<3:22:34,  4.96s/it]
 21%|██        | 640/3090 [56:54<3:22:22,  4.96s/it]
 21%|██        | 641/3090 [56:59<3:22:12,  4.95s/it]
 21%|██        | 642/3090 [57:04<3:22:06,  4.95s/it]
 21%|██        | 643/3090 [57:09<3:22:00,  4.95s/it]
 21%|██        | 644/3090 [57:14<3:21:53,  4.95s/it]
 21%|██        | 645/3090 [57:19<3:21:46,  4.95s/it]
 21%|██        | 646/3090 [57:24<3:21:41,  4.95s/it]
 21%|██        | 647/3090 [57:29<3:21:36,  4.95s/it]
 21%|██        | 648/3090 [57:34<3:21:31,  4.95s/it]
 21%|██        | 649/3090 [57:39<3:21:28,  4.95s/it]
 21%|██        | 650/3090 [57:44<3:21:21,  4.95s/it]
 21%|██        | 651/3090 [57:49<3:21:16,  4.95s/it]
 21%|██        | 652/3090 [57:54<3:21:13,  4.95s/it]
 21%|██        | 653/3090 [57:59<3:21:07,  4.95s/it]
 21%|██        | 654/3090 [58:03<3:21:02,  4.95s/it]
 21%|██        | 655/3090 [58:08<3:20:58,  4.95s/it]
 21%|██        | 656/3090 [58:13<3:20:58,  4.95s/it]
 21%|██▏       | 657/3090 [58:18<3:20:49,  4.95s/it]
 21%|██▏       | 658/3090 [58:23<3:20:44,  4.95s/it]
 21%|██▏       | 659/3090 [58:28<3:20:38,  4.95s/it]
 21%|██▏       | 660/3090 [58:33<3:20:34,  4.95s/it]
 21%|██▏       | 661/3090 [58:38<3:20:27,  4.95s/it]
 21%|██▏       | 662/3090 [58:43<3:20:24,  4.95s/it]
 21%|██▏       | 663/3090 [58:48<3:20:19,  4.95s/it]
 21%|██▏       | 664/3090 [58:53<3:20:12,  4.95s/it]
 22%|██▏       | 665/3090 [58:58<3:20:07,  4.95s/it]
 22%|██▏       | 666/3090 [59:03<3:20:02,  4.95s/it]
 22%|██▏       | 667/3090 [59:08<3:19:57,  4.95s/it]
 22%|██▏       | 668/3090 [59:13<3:19:53,  4.95s/it]
 22%|██▏       | 669/3090 [59:18<3:19:48,  4.95s/it]
 22%|██▏       | 670/3090 [59:23<3:19:44,  4.95s/it]
 22%|██▏       | 671/3090 [59:28<3:19:38,  4.95s/it]
 22%|██▏       | 672/3090 [59:33<3:19:33,  4.95s/it]
 22%|██▏       | 673/3090 [59:38<3:19:27,  4.95s/it]
 22%|██▏       | 674/3090 [59:43<3:19:23,  4.95s/it]
 22%|██▏       | 675/3090 [59:47<3:19:17,  4.95s/it]
 22%|██▏       | 676/3090 [59:52<3:19:13,  4.95s/it]
 22%|██▏       | 677/3090 [59:57<3:19:07,  4.95s/it]
 22%|██▏       | 678/3090 [1:00:02<3:19:03,  4.95s/it]
 22%|██▏       | 679/3090 [1:00:07<3:18:58,  4.95s/it]
 22%|██▏       | 680/3090 [1:00:12<3:18:52,  4.95s/it]
 22%|██▏       | 681/3090 [1:00:17<3:18:47,  4.95s/it]
 22%|██▏       | 682/3090 [1:00:22<3:18:41,  4.95s/it]
 22%|██▏       | 683/3090 [1:00:27<3:18:36,  4.95s/it]
 22%|██▏       | 684/3090 [1:00:32<3:18:30,  4.95s/it]
 22%|██▏       | 685/3090 [1:00:37<3:18:26,  4.95s/it]
 22%|██▏       | 686/3090 [1:00:42<3:18:21,  4.95s/it]
 22%|██▏       | 687/3090 [1:00:47<3:18:17,  4.95s/it]
 22%|██▏       | 688/3090 [1:00:52<3:18:13,  4.95s/it]
 22%|██▏       | 689/3090 [1:00:57<3:18:05,  4.95s/it]
 22%|██▏       | 690/3090 [1:01:02<3:18:01,  4.95s/it]
 22%|██▏       | 691/3090 [1:01:07<3:17:56,  4.95s/it]
 22%|██▏       | 692/3090 [1:01:12<3:17:52,  4.95s/it]
 22%|██▏       | 693/3090 [1:01:17<3:17:48,  4.95s/it]
 22%|██▏       | 694/3090 [1:01:22<3:17:44,  4.95s/it]
 22%|██▏       | 695/3090 [1:01:26<3:17:39,  4.95s/it]
 23%|██▎       | 696/3090 [1:01:31<3:17:34,  4.95s/it]
 23%|██▎       | 697/3090 [1:01:36<3:17:28,  4.95s/it]
 23%|██▎       | 698/3090 [1:01:41<3:17:24,  4.95s/it]
 23%|██▎       | 699/3090 [1:01:46<3:17:18,  4.95s/it]
 23%|██▎       | 700/3090 [1:01:51<3:17:15,  4.95s/it]
 23%|██▎       | 701/3090 [1:01:56<3:17:11,  4.95s/it]
 23%|██▎       | 702/3090 [1:02:01<3:17:07,  4.95s/it]
 23%|██▎       | 703/3090 [1:02:06<3:17:01,  4.95s/it]
 23%|██▎       | 704/3090 [1:02:11<3:16:57,  4.95s/it]
 23%|██▎       | 705/3090 [1:02:16<3:16:52,  4.95s/it]
 23%|██▎       | 706/3090 [1:02:21<3:16:47,  4.95s/it]
 23%|██▎       | 707/3090 [1:02:26<3:16:42,  4.95s/it]
 23%|██▎       | 708/3090 [1:02:31<3:16:37,  4.95s/it]
 23%|██▎       | 709/3090 [1:02:36<3:16:30,  4.95s/it]
 23%|██▎       | 710/3090 [1:02:41<3:16:24,  4.95s/it]
 23%|██▎       | 711/3090 [1:02:46<3:16:19,  4.95s/it]
 23%|██▎       | 712/3090 [1:02:51<3:16:14,  4.95s/it]
 23%|██▎       | 713/3090 [1:02:56<3:16:09,  4.95s/it]
 23%|██▎       | 714/3090 [1:03:01<3:16:05,  4.95s/it]
 23%|██▎       | 715/3090 [1:03:06<3:16:00,  4.95s/it]
 23%|██▎       | 716/3090 [1:03:10<3:15:54,  4.95s/it]
 23%|██▎       | 717/3090 [1:03:15<3:15:49,  4.95s/it]
 23%|██▎       | 718/3090 [1:03:20<3:15:42,  4.95s/it]
 23%|██▎       | 719/3090 [1:03:25<3:15:38,  4.95s/it]
 23%|██▎       | 720/3090 [1:03:30<3:15:33,  4.95s/it]
 23%|██▎       | 721/3090 [1:03:35<3:14:45,  4.93s/it]
                                                      

 23%|██▎       | 721/3090 [1:03:35<3:14:45,  4.93s/it]{'loss': 0.0778, 'grad_norm': 1.0391513109207153, 'learning_rate': 3.8333333333333334e-05, 'epoch': 7.0}


  0%|          | 0/26 [00:00<?, ?it/s][A

  8%|▊         | 2/26 [00:01<00:14,  1.68it/s][A

 12%|█▏        | 3/26 [00:02<00:19,  1.19it/s][A

 15%|█▌        | 4/26 [00:03<00:21,  1.03it/s][A

 19%|█▉        | 5/26 [00:04<00:22,  1.05s/it][A

 23%|██▎       | 6/26 [00:05<00:21,  1.10s/it][A

 27%|██▋       | 7/26 [00:07<00:21,  1.13s/it][A

 31%|███       | 8/26 [00:08<00:20,  1.15s/it][A

 35%|███▍      | 9/26 [00:09<00:19,  1.16s/it][A

 38%|███▊      | 10/26 [00:10<00:18,  1.17s/it][A

 42%|████▏     | 11/26 [00:11<00:17,  1.18s/it][A

 46%|████▌     | 12/26 [00:13<00:16,  1.18s/it][A

 50%|█████     | 13/26 [00:14<00:15,  1.19s/it][A

 54%|█████▍    | 14/26 [00:15<00:14,  1.19s/it][A

 58%|█████▊    | 15/26 [00:16<00:13,  1.19s/it][A

 62%|██████▏   | 16/26 [00:17<00:11,  1.19s/it][A

 65%|██████▌   | 17/26 [00:19<00:10,  1.19s/it][A

 69%|██████▉   | 18/26 [00:20<00:09,  1.19s/it][A

 73%|███████▎  | 19/26 [00:21<00:08,  1.19s/it][A

 77%|███████▋  | 20/26 [00:22<00:07,  1.19s/it][A

 81%|████████  | 21/26 [00:23<00:05,  1.19s/it][A

 85%|████████▍ | 22/26 [00:25<00:04,  1.19s/it][A

 88%|████████▊ | 23/26 [00:27<00:03,  1.19s/it][A

 92%|█████████▏| 24/26 [00:28<00:02,  1.43s/it][A

 96%|█████████▌| 25/26 [00:29<00:01,  1.36s/it][A

100%|██████████| 26/26 [00:30<00:00,  1.28s/it][A

                                               
[A
                                                      

100%|██████████| 26/26 [00:30<00:00,  1.28s/it][A
 23%|██▎       | 721/3090 [1:04:08<3:14:45,  4.93s/it]

                                               [A{'eval_loss': 0.04221775010228157, 'eval_macro_recall': 0.9923723783142065, 'eval_macro_precision': 0.9874493927125506, 'eval_macro_f1': 0.9880178260190232, 'eval_accuracy': 0.9902794653705954, 'eval_micro_recall': 0.9902794653705954, 'eval_micro_precision': 0.9902794653705954, 'eval_micro_f1': 0.9902794653705954, 'eval_runtime': 32.0609, 'eval_samples_per_second': 25.67, 'eval_steps_per_second': 0.811, 'epoch': 7.0}

 23%|██▎       | 722/3090 [1:04:17<10:37:16, 16.15s/it]
 23%|██▎       | 723/3090 [1:04:22<8:24:30, 12.79s/it] 
 23%|██▎       | 724/3090 [1:04:27<6:51:37, 10.44s/it]
 23%|██▎       | 725/3090 [1:04:32<5:46:33,  8.79s/it]
 23%|██▎       | 726/3090 [1:04:37<5:01:01,  7.64s/it]
 24%|██▎       | 727/3090 [1:04:42<4:29:08,  6.83s/it]
 24%|██▎       | 728/3090 [1:04:47<4:06:47,  6.27s/it]
 24%|██▎       | 729/3090 [1:04:52<3:51:08,  5.87s/it]
 24%|██▎       | 730/3090 [1:04:57<3:40:10,  5.60s/it]
 24%|██▎       | 731/3090 [1:05:02<3:32:27,  5.40s/it]
 24%|██▎       | 732/3090 [1:05:07<3:27:01,  5.27s/it]
 24%|██▎       | 733/3090 [1:05:12<3:23:13,  5.17s/it]
 24%|██▍       | 734/3090 [1:05:17<3:20:31,  5.11s/it]
 24%|██▍       | 735/3090 [1:05:22<3:18:35,  5.06s/it]
 24%|██▍       | 736/3090 [1:05:27<3:17:13,  5.03s/it]
 24%|██▍       | 737/3090 [1:05:32<3:16:16,  5.00s/it]
 24%|██▍       | 738/3090 [1:05:37<3:15:36,  4.99s/it]
 24%|██▍       | 739/3090 [1:05:42<3:15:03,  4.98s/it]
 24%|██▍       | 740/3090 [1:05:47<3:14:40,  4.97s/it]
 24%|██▍       | 741/3090 [1:05:52<3:14:20,  4.96s/it]
 24%|██▍       | 742/3090 [1:05:57<3:14:06,  4.96s/it]
 24%|██▍       | 743/3090 [1:06:01<3:13:53,  4.96s/it]
 24%|██▍       | 744/3090 [1:06:06<3:13:43,  4.95s/it]
 24%|██▍       | 745/3090 [1:06:11<3:13:36,  4.95s/it]
 24%|██▍       | 746/3090 [1:06:16<3:13:29,  4.95s/it]
 24%|██▍       | 747/3090 [1:06:21<3:13:23,  4.95s/it]
 24%|██▍       | 748/3090 [1:06:26<3:13:16,  4.95s/it]
 24%|██▍       | 749/3090 [1:06:31<3:13:11,  4.95s/it]
 24%|██▍       | 750/3090 [1:06:36<3:13:06,  4.95s/it]
 24%|██▍       | 751/3090 [1:06:41<3:12:59,  4.95s/it]
 24%|██▍       | 752/3090 [1:06:46<3:12:56,  4.95s/it]
 24%|██▍       | 753/3090 [1:06:51<3:13:15,  4.96s/it]
 24%|██▍       | 754/3090 [1:06:56<3:13:02,  4.96s/it]
 24%|██▍       | 755/3090 [1:07:01<3:12:51,  4.96s/it]
 24%|██▍       | 756/3090 [1:07:06<3:12:41,  4.95s/it]
 24%|██▍       | 757/3090 [1:07:11<3:12:33,  4.95s/it]
 25%|██▍       | 758/3090 [1:07:16<3:12:25,  4.95s/it]
 25%|██▍       | 759/3090 [1:07:21<3:12:21,  4.95s/it]
 25%|██▍       | 760/3090 [1:07:26<3:12:15,  4.95s/it]
 25%|██▍       | 761/3090 [1:07:31<3:12:11,  4.95s/it]
 25%|██▍       | 762/3090 [1:07:36<3:12:05,  4.95s/it]
 25%|██▍       | 763/3090 [1:07:41<3:12:01,  4.95s/it]
 25%|██▍       | 764/3090 [1:07:45<3:11:56,  4.95s/it]
 25%|██▍       | 765/3090 [1:07:50<3:11:51,  4.95s/it]
 25%|██▍       | 766/3090 [1:07:55<3:11:43,  4.95s/it]
 25%|██▍       | 767/3090 [1:08:00<3:11:38,  4.95s/it]
 25%|██▍       | 768/3090 [1:08:05<3:11:32,  4.95s/it]
 25%|██▍       | 769/3090 [1:08:10<3:11:28,  4.95s/it]
 25%|██▍       | 770/3090 [1:08:15<3:11:22,  4.95s/it]
 25%|██▍       | 771/3090 [1:08:20<3:11:18,  4.95s/it]
 25%|██▍       | 772/3090 [1:08:25<3:11:15,  4.95s/it]
 25%|██▌       | 773/3090 [1:08:30<3:11:10,  4.95s/it]
 25%|██▌       | 774/3090 [1:08:35<3:11:05,  4.95s/it]
 25%|██▌       | 775/3090 [1:08:40<3:11:00,  4.95s/it]
 25%|██▌       | 776/3090 [1:08:45<3:10:56,  4.95s/it]
 25%|██▌       | 777/3090 [1:08:50<3:10:53,  4.95s/it]
 25%|██▌       | 778/3090 [1:08:55<3:10:47,  4.95s/it]
 25%|██▌       | 779/3090 [1:09:00<3:10:42,  4.95s/it]
 25%|██▌       | 780/3090 [1:09:05<3:10:36,  4.95s/it]
 25%|██▌       | 781/3090 [1:09:10<3:10:32,  4.95s/it]
 25%|██▌       | 782/3090 [1:09:15<3:10:24,  4.95s/it]
 25%|██▌       | 783/3090 [1:09:20<3:10:19,  4.95s/it]
 25%|██▌       | 784/3090 [1:09:24<3:10:15,  4.95s/it]
 25%|██▌       | 785/3090 [1:09:29<3:10:11,  4.95s/it]
 25%|██▌       | 786/3090 [1:09:34<3:10:05,  4.95s/it]
 25%|██▌       | 787/3090 [1:09:39<3:10:00,  4.95s/it]
 26%|██▌       | 788/3090 [1:09:44<3:09:56,  4.95s/it]
 26%|██▌       | 789/3090 [1:09:49<3:09:51,  4.95s/it]
 26%|██▌       | 790/3090 [1:09:54<3:09:45,  4.95s/it]
 26%|██▌       | 791/3090 [1:09:59<3:09:40,  4.95s/it]
 26%|██▌       | 792/3090 [1:10:04<3:09:35,  4.95s/it]
 26%|██▌       | 793/3090 [1:10:09<3:09:32,  4.95s/it]
 26%|██▌       | 794/3090 [1:10:14<3:09:27,  4.95s/it]
 26%|██▌       | 795/3090 [1:10:19<3:09:21,  4.95s/it]
 26%|██▌       | 796/3090 [1:10:24<3:09:16,  4.95s/it]
 26%|██▌       | 797/3090 [1:10:29<3:09:11,  4.95s/it]
 26%|██▌       | 798/3090 [1:10:34<3:09:08,  4.95s/it]
 26%|██▌       | 799/3090 [1:10:39<3:09:01,  4.95s/it]
 26%|██▌       | 800/3090 [1:10:44<3:08:56,  4.95s/it]
 26%|██▌       | 801/3090 [1:10:49<3:08:51,  4.95s/it]
 26%|██▌       | 802/3090 [1:10:54<3:08:46,  4.95s/it]
 26%|██▌       | 803/3090 [1:10:59<3:08:41,  4.95s/it]
 26%|██▌       | 804/3090 [1:11:03<3:08:36,  4.95s/it]
 26%|██▌       | 805/3090 [1:11:08<3:08:31,  4.95s/it]
 26%|██▌       | 806/3090 [1:11:13<3:08:26,  4.95s/it]
 26%|██▌       | 807/3090 [1:11:18<3:08:22,  4.95s/it]
 26%|██▌       | 808/3090 [1:11:23<3:08:17,  4.95s/it]
 26%|██▌       | 809/3090 [1:11:28<3:08:13,  4.95s/it]
 26%|██▌       | 810/3090 [1:11:33<3:08:09,  4.95s/it]
 26%|██▌       | 811/3090 [1:11:38<3:08:03,  4.95s/it]
 26%|██▋       | 812/3090 [1:11:43<3:07:57,  4.95s/it]
 26%|██▋       | 813/3090 [1:11:48<3:07:52,  4.95s/it]
 26%|██▋       | 814/3090 [1:11:53<3:07:46,  4.95s/it]
 26%|██▋       | 815/3090 [1:11:58<3:07:43,  4.95s/it]
 26%|██▋       | 816/3090 [1:12:03<3:07:37,  4.95s/it]
 26%|██▋       | 817/3090 [1:12:08<3:07:33,  4.95s/it]
 26%|██▋       | 818/3090 [1:12:13<3:07:28,  4.95s/it]
 27%|██▋       | 819/3090 [1:12:18<3:07:23,  4.95s/it]
 27%|██▋       | 820/3090 [1:12:23<3:07:18,  4.95s/it]
 27%|██▋       | 821/3090 [1:12:28<3:07:12,  4.95s/it]
 27%|██▋       | 822/3090 [1:12:33<3:07:08,  4.95s/it]
 27%|██▋       | 823/3090 [1:12:38<3:07:02,  4.95s/it]
 27%|██▋       | 824/3090 [1:12:42<3:06:03,  4.93s/it]
                                                      

 27%|██▋       | 824/3090 [1:12:42<3:06:03,  4.93s/it]{'loss': 0.056, 'grad_norm': 0.3350391983985901, 'learning_rate': 3.6666666666666666e-05, 'epoch': 8.0}


  0%|          | 0/26 [00:00<?, ?it/s][A

  8%|▊         | 2/26 [00:01<00:14,  1.67it/s][A

 12%|█▏        | 3/26 [00:02<00:19,  1.18it/s][A

 15%|█▌        | 4/26 [00:03<00:21,  1.03it/s][A

 19%|█▉        | 5/26 [00:04<00:22,  1.05s/it][A

 23%|██▎       | 6/26 [00:05<00:21,  1.10s/it][A

 27%|██▋       | 7/26 [00:07<00:21,  1.13s/it][A

 31%|███       | 8/26 [00:08<00:20,  1.15s/it][A

 35%|███▍      | 9/26 [00:09<00:19,  1.16s/it][A

 38%|███▊      | 10/26 [00:10<00:18,  1.17s/it][A

 42%|████▏     | 11/26 [00:11<00:17,  1.18s/it][A

 46%|████▌     | 12/26 [00:13<00:16,  1.18s/it][A

 50%|█████     | 13/26 [00:14<00:15,  1.18s/it][A

 54%|█████▍    | 14/26 [00:15<00:14,  1.19s/it][A

 58%|█████▊    | 15/26 [00:16<00:13,  1.19s/it][A

 62%|██████▏   | 16/26 [00:17<00:11,  1.19s/it][A

 65%|██████▌   | 17/26 [00:19<00:10,  1.19s/it][A

 69%|██████▉   | 18/26 [00:20<00:09,  1.19s/it][A

 73%|███████▎  | 19/26 [00:21<00:08,  1.19s/it][A

 77%|███████▋  | 20/26 [00:22<00:07,  1.19s/it][A

 81%|████████  | 21/26 [00:23<00:05,  1.19s/it][A

 85%|████████▍ | 22/26 [00:25<00:04,  1.19s/it][A

 88%|████████▊ | 23/26 [00:26<00:03,  1.19s/it][A

 92%|█████████▏| 24/26 [00:27<00:02,  1.19s/it][A

 96%|█████████▌| 25/26 [00:28<00:01,  1.19s/it][A

100%|██████████| 26/26 [00:29<00:00,  1.12s/it][A

                                               
[A
                                                      

100%|██████████| 26/26 [00:29<00:00,  1.12s/it][A
 27%|██▋       | 824/3090 [1:13:14<3:06:03,  4.93s/it]

                                               [A{'eval_loss': 0.030467435717582703, 'eval_macro_recall': 0.9988688827331487, 'eval_macro_precision': 0.9971052631578947, 'eval_macro_f1': 0.9978889796611735, 'eval_accuracy': 0.9951397326852977, 'eval_micro_recall': 0.9951397326852977, 'eval_micro_precision': 0.9951397326852977, 'eval_micro_f1': 0.9951397326852977, 'eval_runtime': 31.1013, 'eval_samples_per_second': 26.462, 'eval_steps_per_second': 0.836, 'epoch': 8.0}

 27%|██▋       | 825/3090 [1:13:22<9:41:38, 15.41s/it]
 27%|██▋       | 826/3090 [1:13:27<7:43:02, 12.27s/it]
 27%|██▋       | 827/3090 [1:13:32<6:20:00, 10.08s/it]
 27%|██▋       | 828/3090 [1:13:37<5:21:53,  8.54s/it]
 27%|██▋       | 829/3090 [1:13:42<4:41:11,  7.46s/it]
 27%|██▋       | 830/3090 [1:13:47<4:12:41,  6.71s/it]
 27%|██▋       | 831/3090 [1:13:52<3:52:44,  6.18s/it]
 27%|██▋       | 832/3090 [1:13:57<3:38:44,  5.81s/it]
 27%|██▋       | 833/3090 [1:14:02<3:28:55,  5.55s/it]
 27%|██▋       | 834/3090 [1:14:07<3:22:00,  5.37s/it]
 27%|██▋       | 835/3090 [1:14:12<3:17:11,  5.25s/it]
 27%|██▋       | 836/3090 [1:14:17<3:13:47,  5.16s/it]
 27%|██▋       | 837/3090 [1:14:22<3:11:21,  5.10s/it]
 27%|██▋       | 838/3090 [1:14:27<3:09:36,  5.05s/it]
 27%|██▋       | 839/3090 [1:14:32<3:08:24,  5.02s/it]
 27%|██▋       | 840/3090 [1:14:37<3:07:31,  5.00s/it]
 27%|██▋       | 841/3090 [1:14:41<3:06:52,  4.99s/it]
 27%|██▋       | 842/3090 [1:14:46<3:06:24,  4.98s/it]
 27%|██▋       | 843/3090 [1:14:51<3:06:03,  4.97s/it]
 27%|██▋       | 844/3090 [1:14:56<3:05:47,  4.96s/it]
 27%|██▋       | 845/3090 [1:15:01<3:05:33,  4.96s/it]
 27%|██▋       | 846/3090 [1:15:06<3:05:23,  4.96s/it]
 27%|██▋       | 847/3090 [1:15:11<3:05:12,  4.95s/it]
 27%|██▋       | 848/3090 [1:15:16<3:05:04,  4.95s/it]
 27%|██▋       | 849/3090 [1:15:21<3:04:59,  4.95s/it]
 28%|██▊       | 850/3090 [1:15:26<3:04:52,  4.95s/it]
 28%|██▊       | 851/3090 [1:15:31<3:04:48,  4.95s/it]
 28%|██▊       | 852/3090 [1:15:36<3:04:42,  4.95s/it]
 28%|██▊       | 853/3090 [1:15:41<3:04:35,  4.95s/it]
 28%|██▊       | 854/3090 [1:15:46<3:04:28,  4.95s/it]
 28%|██▊       | 855/3090 [1:15:51<3:04:23,  4.95s/it]
 28%|██▊       | 856/3090 [1:15:56<3:04:20,  4.95s/it]
 28%|██▊       | 857/3090 [1:16:01<3:04:16,  4.95s/it]
 28%|██▊       | 858/3090 [1:16:06<3:04:11,  4.95s/it]
 28%|██▊       | 859/3090 [1:16:11<3:04:05,  4.95s/it]
 28%|██▊       | 860/3090 [1:16:16<3:04:00,  4.95s/it]
 28%|██▊       | 861/3090 [1:16:21<3:03:55,  4.95s/it]
 28%|██▊       | 862/3090 [1:16:25<3:03:50,  4.95s/it]
 28%|██▊       | 863/3090 [1:16:30<3:03:43,  4.95s/it]
 28%|██▊       | 864/3090 [1:16:35<3:03:38,  4.95s/it]
 28%|██▊       | 865/3090 [1:16:40<3:03:34,  4.95s/it]
 28%|██▊       | 866/3090 [1:16:47<3:18:02,  5.34s/it]
 28%|██▊       | 867/3090 [1:16:52<3:13:34,  5.22s/it]
 28%|██▊       | 868/3090 [1:16:56<3:10:26,  5.14s/it]
 28%|██▊       | 869/3090 [1:17:01<3:08:14,  5.09s/it]
 28%|██▊       | 870/3090 [1:17:06<3:06:39,  5.05s/it]
 28%|██▊       | 871/3090 [1:17:11<3:05:31,  5.02s/it]
 28%|██▊       | 872/3090 [1:17:16<3:04:42,  5.00s/it]
 28%|██▊       | 873/3090 [1:17:21<3:04:09,  4.98s/it]
 28%|██▊       | 874/3090 [1:17:26<3:03:42,  4.97s/it]
 28%|██▊       | 875/3090 [1:17:31<3:03:22,  4.97s/it]
 28%|██▊       | 876/3090 [1:17:36<3:03:49,  4.98s/it]
 28%|██▊       | 877/3090 [1:17:41<3:03:23,  4.97s/it]
 28%|██▊       | 878/3090 [1:17:46<3:03:05,  4.97s/it]
 28%|██▊       | 879/3090 [1:17:51<3:02:50,  4.96s/it]
 28%|██▊       | 880/3090 [1:17:56<3:02:39,  4.96s/it]
 29%|██▊       | 881/3090 [1:18:01<3:02:29,  4.96s/it]
 29%|██▊       | 882/3090 [1:18:06<3:02:20,  4.95s/it]
 29%|██▊       | 883/3090 [1:18:11<3:02:14,  4.95s/it]
 29%|██▊       | 884/3090 [1:18:16<3:02:07,  4.95s/it]
 29%|██▊       | 885/3090 [1:18:21<3:02:01,  4.95s/it]
 29%|██▊       | 886/3090 [1:18:26<3:01:54,  4.95s/it]
 29%|██▊       | 887/3090 [1:18:31<3:01:49,  4.95s/it]
 29%|██▊       | 888/3090 [1:18:36<3:01:44,  4.95s/it]
 29%|██▉       | 889/3090 [1:18:41<3:01:37,  4.95s/it]
 29%|██▉       | 890/3090 [1:18:45<3:01:33,  4.95s/it]
 29%|██▉       | 891/3090 [1:18:50<3:01:28,  4.95s/it]
 29%|██▉       | 892/3090 [1:18:55<3:01:23,  4.95s/it]
 29%|██▉       | 893/3090 [1:19:00<3:01:17,  4.95s/it]
 29%|██▉       | 894/3090 [1:19:05<3:01:14,  4.95s/it]
 29%|██▉       | 895/3090 [1:19:10<3:01:09,  4.95s/it]
 29%|██▉       | 896/3090 [1:19:15<3:01:04,  4.95s/it]
 29%|██▉       | 897/3090 [1:19:20<3:00:58,  4.95s/it]
 29%|██▉       | 898/3090 [1:19:25<3:00:54,  4.95s/it]
 29%|██▉       | 899/3090 [1:19:30<3:00:47,  4.95s/it]
 29%|██▉       | 900/3090 [1:19:35<3:00:43,  4.95s/it]
 29%|██▉       | 901/3090 [1:19:40<3:00:39,  4.95s/it]
 29%|██▉       | 902/3090 [1:19:45<3:00:34,  4.95s/it]
 29%|██▉       | 903/3090 [1:19:50<3:00:29,  4.95s/it]
 29%|██▉       | 904/3090 [1:19:55<3:00:23,  4.95s/it]
 29%|██▉       | 905/3090 [1:20:00<3:00:17,  4.95s/it]
 29%|██▉       | 906/3090 [1:20:05<3:00:13,  4.95s/it]
 29%|██▉       | 907/3090 [1:20:10<3:00:08,  4.95s/it]
 29%|██▉       | 908/3090 [1:20:15<3:00:05,  4.95s/it]
 29%|██▉       | 909/3090 [1:20:20<2:59:58,  4.95s/it]
 29%|██▉       | 910/3090 [1:20:25<2:59:54,  4.95s/it]
 29%|██▉       | 911/3090 [1:20:29<2:59:46,  4.95s/it]
 30%|██▉       | 912/3090 [1:20:34<2:59:42,  4.95s/it]
 30%|██▉       | 913/3090 [1:20:39<2:59:37,  4.95s/it]
 30%|██▉       | 914/3090 [1:20:44<2:59:32,  4.95s/it]
 30%|██▉       | 915/3090 [1:20:49<2:59:28,  4.95s/it]
 30%|██▉       | 916/3090 [1:20:54<2:59:24,  4.95s/it]
 30%|██▉       | 917/3090 [1:20:59<2:59:19,  4.95s/it]
 30%|██▉       | 918/3090 [1:21:04<2:59:12,  4.95s/it]
 30%|██▉       | 919/3090 [1:21:09<2:59:08,  4.95s/it]
 30%|██▉       | 920/3090 [1:21:14<2:59:03,  4.95s/it]
 30%|██▉       | 921/3090 [1:21:19<2:58:59,  4.95s/it]
 30%|██▉       | 922/3090 [1:21:24<2:58:54,  4.95s/it]
 30%|██▉       | 923/3090 [1:21:29<2:58:48,  4.95s/it]
 30%|██▉       | 924/3090 [1:21:34<2:58:43,  4.95s/it]
 30%|██▉       | 925/3090 [1:21:39<2:58:38,  4.95s/it]
 30%|██▉       | 926/3090 [1:21:44<2:58:34,  4.95s/it]
 30%|███       | 927/3090 [1:21:49<2:57:41,  4.93s/it]
                                                      

 30%|███       | 927/3090 [1:21:49<2:57:41,  4.93s/it]{'loss': 0.042, 'grad_norm': 6.215497016906738, 'learning_rate': 3.5e-05, 'epoch': 9.0}


  0%|          | 0/26 [00:00<?, ?it/s][A

  8%|▊         | 2/26 [00:01<00:14,  1.67it/s][A

 12%|█▏        | 3/26 [00:02<00:19,  1.18it/s][A

 15%|█▌        | 4/26 [00:03<00:21,  1.02it/s][A

 19%|█▉        | 5/26 [00:04<00:22,  1.05s/it][A

 23%|██▎       | 6/26 [00:05<00:21,  1.10s/it][A

 27%|██▋       | 7/26 [00:07<00:21,  1.13s/it][A

 31%|███       | 8/26 [00:08<00:20,  1.15s/it][A

 35%|███▍      | 9/26 [00:09<00:19,  1.16s/it][A

 38%|███▊      | 10/26 [00:10<00:18,  1.17s/it][A

 42%|████▏     | 11/26 [00:11<00:17,  1.18s/it][A

 46%|████▌     | 12/26 [00:13<00:16,  1.18s/it][A

 50%|█████     | 13/26 [00:14<00:15,  1.19s/it][A

 54%|█████▍    | 14/26 [00:15<00:14,  1.19s/it][A

 58%|█████▊    | 15/26 [00:16<00:13,  1.19s/it][A

 62%|██████▏   | 16/26 [00:17<00:11,  1.19s/it][A

 65%|██████▌   | 17/26 [00:19<00:10,  1.19s/it][A

 69%|██████▉   | 18/26 [00:20<00:09,  1.19s/it][A

 73%|███████▎  | 19/26 [00:21<00:08,  1.19s/it][A

 77%|███████▋  | 20/26 [00:22<00:07,  1.19s/it][A

 81%|████████  | 21/26 [00:23<00:05,  1.19s/it][A

 85%|████████▍ | 22/26 [00:25<00:04,  1.19s/it][A

 88%|████████▊ | 23/26 [00:26<00:03,  1.19s/it][A

 92%|█████████▏| 24/26 [00:27<00:02,  1.19s/it][A

 96%|█████████▌| 25/26 [00:28<00:01,  1.19s/it][A

100%|██████████| 26/26 [00:29<00:00,  1.12s/it][A

                                               
[A
                                                      

100%|██████████| 26/26 [00:29<00:00,  1.12s/it][A
 30%|███       | 927/3090 [1:22:20<2:57:41,  4.93s/it]

                                               [A{'eval_loss': 0.029668599367141724, 'eval_macro_recall': 0.9972241458910434, 'eval_macro_precision': 0.9969088766692851, 'eval_macro_f1': 0.9969128551393427, 'eval_accuracy': 0.9939246658566221, 'eval_micro_recall': 0.9939246658566221, 'eval_micro_precision': 0.9939246658566221, 'eval_micro_f1': 0.9939246658566221, 'eval_runtime': 31.1356, 'eval_samples_per_second': 26.433, 'eval_steps_per_second': 0.835, 'epoch': 9.0}

 30%|███       | 928/3090 [1:22:28<9:12:23, 15.33s/it]
 30%|███       | 929/3090 [1:22:33<7:19:59, 12.22s/it]
 30%|███       | 930/3090 [1:22:38<6:01:22, 10.04s/it]
 30%|███       | 931/3090 [1:22:43<5:06:17,  8.51s/it]
 30%|███       | 932/3090 [1:22:48<4:27:44,  7.44s/it]
 30%|███       | 933/3090 [1:22:53<4:00:44,  6.70s/it]
 30%|███       | 934/3090 [1:22:58<3:41:49,  6.17s/it]
 30%|███       | 935/3090 [1:23:03<3:28:33,  5.81s/it]
 30%|███       | 936/3090 [1:23:08<3:19:13,  5.55s/it]
 30%|███       | 937/3090 [1:23:13<3:12:42,  5.37s/it]
 30%|███       | 938/3090 [1:23:18<3:08:07,  5.25s/it]
 30%|███       | 939/3090 [1:23:23<3:04:53,  5.16s/it]
 30%|███       | 940/3090 [1:23:28<3:02:31,  5.09s/it]
 30%|███       | 941/3090 [1:23:33<3:00:53,  5.05s/it]
 30%|███       | 942/3090 [1:23:38<2:59:44,  5.02s/it]
 31%|███       | 943/3090 [1:23:42<2:58:54,  5.00s/it]
 31%|███       | 944/3090 [1:23:47<2:58:18,  4.99s/it]
 31%|███       | 945/3090 [1:23:52<2:57:52,  4.98s/it]
 31%|███       | 946/3090 [1:23:57<2:57:32,  4.97s/it]
 31%|███       | 947/3090 [1:24:02<2:57:15,  4.96s/it]
 31%|███       | 948/3090 [1:24:07<2:57:02,  4.96s/it]
 31%|███       | 949/3090 [1:24:12<2:56:52,  4.96s/it]
 31%|███       | 950/3090 [1:24:17<2:56:44,  4.96s/it]
 31%|███       | 951/3090 [1:24:22<2:56:36,  4.95s/it]
 31%|███       | 952/3090 [1:24:27<2:57:17,  4.98s/it]
 31%|███       | 953/3090 [1:24:32<2:56:56,  4.97s/it]
 31%|███       | 954/3090 [1:24:37<2:56:40,  4.96s/it]
 31%|███       | 955/3090 [1:24:42<2:56:26,  4.96s/it]
 31%|███       | 956/3090 [1:24:47<2:56:18,  4.96s/it]
 31%|███       | 957/3090 [1:24:52<2:56:09,  4.96s/it]
 31%|███       | 958/3090 [1:24:57<2:56:01,  4.95s/it]
 31%|███       | 959/3090 [1:25:02<2:55:55,  4.95s/it]
 31%|███       | 960/3090 [1:25:07<2:55:48,  4.95s/it]
 31%|███       | 961/3090 [1:25:12<2:55:42,  4.95s/it]
 31%|███       | 962/3090 [1:25:17<2:55:38,  4.95s/it]
 31%|███       | 963/3090 [1:25:22<2:55:32,  4.95s/it]
 31%|███       | 964/3090 [1:25:27<2:55:26,  4.95s/it]
 31%|███       | 965/3090 [1:25:31<2:55:21,  4.95s/it]
 31%|███▏      | 966/3090 [1:25:36<2:55:16,  4.95s/it]
 31%|███▏      | 967/3090 [1:25:41<2:55:11,  4.95s/it]
 31%|███▏      | 968/3090 [1:25:46<2:55:06,  4.95s/it]
 31%|███▏      | 969/3090 [1:25:51<2:55:02,  4.95s/it]
 31%|███▏      | 970/3090 [1:25:56<2:54:56,  4.95s/it]
 31%|███▏      | 971/3090 [1:26:01<2:54:54,  4.95s/it]
 31%|███▏      | 972/3090 [1:26:06<2:54:47,  4.95s/it]
 31%|███▏      | 973/3090 [1:26:11<2:54:43,  4.95s/it]
 32%|███▏      | 974/3090 [1:26:16<2:54:37,  4.95s/it]
 32%|███▏      | 975/3090 [1:26:21<2:54:29,  4.95s/it]
 32%|███▏      | 976/3090 [1:26:26<2:54:24,  4.95s/it]
 32%|███▏      | 977/3090 [1:26:31<2:54:19,  4.95s/it]
 32%|███▏      | 978/3090 [1:26:36<2:54:16,  4.95s/it]
 32%|███▏      | 979/3090 [1:26:41<2:54:12,  4.95s/it]
 32%|███▏      | 980/3090 [1:26:46<2:54:06,  4.95s/it]
 32%|███▏      | 981/3090 [1:26:51<2:54:02,  4.95s/it]
 32%|███▏      | 982/3090 [1:26:56<2:53:57,  4.95s/it]
 32%|███▏      | 983/3090 [1:27:01<2:53:53,  4.95s/it]
 32%|███▏      | 984/3090 [1:27:06<2:53:48,  4.95s/it]
 32%|███▏      | 985/3090 [1:27:10<2:53:46,  4.95s/it]
 32%|███▏      | 986/3090 [1:27:15<2:53:40,  4.95s/it]
 32%|███▏      | 987/3090 [1:27:20<2:53:35,  4.95s/it]
 32%|███▏      | 988/3090 [1:27:25<2:53:28,  4.95s/it]
 32%|███▏      | 989/3090 [1:27:30<2:53:23,  4.95s/it]
 32%|███▏      | 990/3090 [1:27:35<2:53:18,  4.95s/it]
 32%|███▏      | 991/3090 [1:27:40<2:53:13,  4.95s/it]
 32%|███▏      | 992/3090 [1:27:45<2:53:08,  4.95s/it]
 32%|███▏      | 993/3090 [1:27:50<2:53:02,  4.95s/it]
 32%|███▏      | 994/3090 [1:27:55<2:52:58,  4.95s/it]
 32%|███▏      | 995/3090 [1:28:00<2:52:52,  4.95s/it]
 32%|███▏      | 996/3090 [1:28:05<2:52:47,  4.95s/it]
 32%|███▏      | 997/3090 [1:28:10<2:52:42,  4.95s/it]
 32%|███▏      | 998/3090 [1:28:15<2:52:35,  4.95s/it]
 32%|███▏      | 999/3090 [1:28:20<2:52:30,  4.95s/it]
 32%|███▏      | 1000/3090 [1:28:25<2:52:26,  4.95s/it]
 32%|███▏      | 1001/3090 [1:28:30<2:52:21,  4.95s/it]
 32%|███▏      | 1002/3090 [1:28:35<2:52:16,  4.95s/it]
 32%|███▏      | 1003/3090 [1:28:40<2:52:10,  4.95s/it]
 32%|███▏      | 1004/3090 [1:28:45<2:52:06,  4.95s/it]
 33%|███▎      | 1005/3090 [1:28:50<2:52:01,  4.95s/it]
 33%|███▎      | 1006/3090 [1:28:54<2:51:58,  4.95s/it]
 33%|███▎      | 1007/3090 [1:28:59<2:51:52,  4.95s/it]
 33%|███▎      | 1008/3090 [1:29:15<4:42:31,  8.14s/it]
 33%|███▎      | 1009/3090 [1:29:21<4:17:55,  7.44s/it]
 33%|███▎      | 1010/3090 [1:29:26<3:51:55,  6.69s/it]
 33%|███▎      | 1011/3090 [1:29:31<3:33:42,  6.17s/it]
 33%|███▎      | 1012/3090 [1:29:36<3:20:56,  5.80s/it]
 33%|███▎      | 1013/3090 [1:29:41<3:12:05,  5.55s/it]
 33%|███▎      | 1014/3090 [1:29:46<3:05:48,  5.37s/it]
 33%|███▎      | 1015/3090 [1:29:50<3:01:21,  5.24s/it]
 33%|███▎      | 1016/3090 [1:29:55<2:58:13,  5.16s/it]
 33%|███▎      | 1017/3090 [1:30:00<2:55:59,  5.09s/it]
 33%|███▎      | 1018/3090 [1:30:07<3:07:31,  5.43s/it]
 33%|███▎      | 1019/3090 [1:30:12<3:02:46,  5.30s/it]
 33%|███▎      | 1020/3090 [1:30:17<2:59:06,  5.19s/it]
 33%|███▎      | 1021/3090 [1:30:21<2:56:29,  5.12s/it]
 33%|███▎      | 1022/3090 [1:30:26<2:54:40,  5.07s/it]
 33%|███▎      | 1023/3090 [1:30:31<2:53:22,  5.03s/it]
 33%|███▎      | 1024/3090 [1:30:36<2:52:26,  5.01s/it]
 33%|███▎      | 1025/3090 [1:30:41<2:51:46,  4.99s/it]
 33%|███▎      | 1026/3090 [1:30:46<2:53:32,  5.04s/it]
 33%|███▎      | 1027/3090 [1:30:51<2:52:29,  5.02s/it]
 33%|███▎      | 1028/3090 [1:30:56<2:51:43,  5.00s/it]
 33%|███▎      | 1029/3090 [1:31:01<2:51:10,  4.98s/it]
 33%|███▎      | 1030/3090 [1:31:06<2:50:14,  4.96s/it]
                                                       

 33%|███▎      | 1030/3090 [1:31:07<2:50:14,  4.96s/it]{'loss': 0.0389, 'grad_norm': 9.596541404724121, 'learning_rate': 3.3333333333333335e-05, 'epoch': 10.0}


  0%|          | 0/26 [00:00<?, ?it/s][A

  8%|▊         | 2/26 [00:01<00:14,  1.66it/s][A

 12%|█▏        | 3/26 [00:02<00:19,  1.18it/s][A

 15%|█▌        | 4/26 [00:03<00:21,  1.02it/s][A

 19%|█▉        | 5/26 [00:04<00:22,  1.05s/it][A

 23%|██▎       | 6/26 [00:05<00:21,  1.10s/it][A

 27%|██▋       | 7/26 [00:07<00:21,  1.13s/it][A

 31%|███       | 8/26 [00:08<00:20,  1.15s/it][A

 35%|███▍      | 9/26 [00:09<00:19,  1.16s/it][A

 38%|███▊      | 10/26 [00:10<00:18,  1.17s/it][A

 42%|████▏     | 11/26 [00:11<00:17,  1.18s/it][A

 46%|████▌     | 12/26 [00:13<00:16,  1.18s/it][A

 50%|█████     | 13/26 [00:14<00:15,  1.19s/it][A

 54%|█████▍    | 14/26 [00:15<00:14,  1.19s/it][A

 58%|█████▊    | 15/26 [00:16<00:13,  1.19s/it][A

 62%|██████▏   | 16/26 [00:17<00:11,  1.19s/it][A

 65%|██████▌   | 17/26 [00:19<00:10,  1.19s/it][A

 69%|██████▉   | 18/26 [00:20<00:09,  1.19s/it][A

 73%|███████▎  | 19/26 [00:21<00:08,  1.19s/it][A

 77%|███████▋  | 20/26 [00:22<00:07,  1.19s/it][A

 81%|████████  | 21/26 [00:23<00:05,  1.19s/it][A

 85%|████████▍ | 22/26 [00:25<00:04,  1.19s/it][A

 88%|████████▊ | 23/26 [00:26<00:03,  1.19s/it][A

 92%|█████████▏| 24/26 [00:27<00:02,  1.19s/it][A

 96%|█████████▌| 25/26 [00:28<00:01,  1.19s/it][A

100%|██████████| 26/26 [00:29<00:00,  1.13s/it][A

                                               
[A
                                                       

100%|██████████| 26/26 [00:30<00:00,  1.13s/it][A
 33%|███▎      | 1030/3090 [1:31:39<2:50:14,  4.96s/it]

                                               [A{'eval_loss': 0.03645596280694008, 'eval_macro_recall': 0.9984072022160665, 'eval_macro_precision': 0.9962475633528265, 'eval_macro_f1': 0.9971382485861933, 'eval_accuracy': 0.9927095990279465, 'eval_micro_recall': 0.9927095990279465, 'eval_micro_precision': 0.9927095990279465, 'eval_micro_f1': 0.9927095990279465, 'eval_runtime': 32.4984, 'eval_samples_per_second': 25.324, 'eval_steps_per_second': 0.8, 'epoch': 10.0}

 33%|███▎      | 1031/3090 [1:31:49<9:17:27, 16.24s/it]
 33%|███▎      | 1032/3090 [1:31:54<7:21:03, 12.86s/it]
 33%|███▎      | 1033/3090 [1:31:59<5:59:33, 10.49s/it]
 33%|███▎      | 1034/3090 [1:32:04<5:02:29,  8.83s/it]
 33%|███▎      | 1035/3090 [1:32:09<4:22:32,  7.67s/it]
 34%|███▎      | 1036/3090 [1:32:14<3:54:35,  6.85s/it]
 34%|███▎      | 1037/3090 [1:32:19<3:34:58,  6.28s/it]
 34%|███▎      | 1038/3090 [1:32:23<3:21:12,  5.88s/it]
 34%|███▎      | 1039/3090 [1:32:28<3:11:33,  5.60s/it]
 34%|███▎      | 1040/3090 [1:32:33<3:04:47,  5.41s/it]
 34%|███▎      | 1041/3090 [1:32:38<3:00:03,  5.27s/it]
 34%|███▎      | 1042/3090 [1:32:43<2:56:42,  5.18s/it]
 34%|███▍      | 1043/3090 [1:32:48<2:54:19,  5.11s/it]
 34%|███▍      | 1044/3090 [1:32:53<2:52:37,  5.06s/it]
 34%|███▍      | 1045/3090 [1:32:58<2:51:23,  5.03s/it]
 34%|███▍      | 1046/3090 [1:33:03<2:50:32,  5.01s/it]
 34%|███▍      | 1047/3090 [1:33:08<2:49:53,  4.99s/it]
 34%|███▍      | 1048/3090 [1:33:13<2:49:27,  4.98s/it]
 34%|███▍      | 1049/3090 [1:33:18<2:49:07,  4.97s/it]
 34%|███▍      | 1050/3090 [1:33:23<2:48:50,  4.97s/it]
 34%|███▍      | 1051/3090 [1:33:28<2:48:35,  4.96s/it]
 34%|███▍      | 1052/3090 [1:33:33<2:48:26,  4.96s/it]
 34%|███▍      | 1053/3090 [1:33:38<2:48:16,  4.96s/it]
 34%|███▍      | 1054/3090 [1:33:43<2:48:08,  4.95s/it]
 34%|███▍      | 1055/3090 [1:33:48<2:48:00,  4.95s/it]
 34%|███▍      | 1056/3090 [1:33:53<2:47:54,  4.95s/it]
 34%|███▍      | 1057/3090 [1:33:58<2:47:49,  4.95s/it]
 34%|███▍      | 1058/3090 [1:34:03<2:47:42,  4.95s/it]
 34%|███▍      | 1059/3090 [1:34:07<2:47:37,  4.95s/it]
 34%|███▍      | 1060/3090 [1:34:12<2:47:32,  4.95s/it]
 34%|███▍      | 1061/3090 [1:34:17<2:47:27,  4.95s/it]
 34%|███▍      | 1062/3090 [1:34:22<2:47:22,  4.95s/it]
 34%|███▍      | 1063/3090 [1:34:27<2:47:18,  4.95s/it]
 34%|███▍      | 1064/3090 [1:34:32<2:47:13,  4.95s/it]
 34%|███▍      | 1065/3090 [1:34:37<2:47:07,  4.95s/it]
 34%|███▍      | 1066/3090 [1:34:42<2:47:00,  4.95s/it]
 35%|███▍      | 1067/3090 [1:34:47<2:46:55,  4.95s/it]
 35%|███▍      | 1068/3090 [1:34:52<2:46:50,  4.95s/it]
 35%|███▍      | 1069/3090 [1:34:57<2:46:45,  4.95s/it]
 35%|███▍      | 1070/3090 [1:35:02<2:46:41,  4.95s/it]
 35%|███▍      | 1071/3090 [1:35:07<2:46:38,  4.95s/it]
 35%|███▍      | 1072/3090 [1:35:12<2:46:32,  4.95s/it]
 35%|███▍      | 1073/3090 [1:35:17<2:46:28,  4.95s/it]
 35%|███▍      | 1074/3090 [1:35:22<2:46:23,  4.95s/it]
 35%|███▍      | 1075/3090 [1:35:27<2:46:19,  4.95s/it]
 35%|███▍      | 1076/3090 [1:35:32<2:46:13,  4.95s/it]
 35%|███▍      | 1077/3090 [1:35:37<2:46:09,  4.95s/it]
 35%|███▍      | 1078/3090 [1:35:42<2:46:03,  4.95s/it]
 35%|███▍      | 1079/3090 [1:35:47<2:45:58,  4.95s/it]
 35%|███▍      | 1080/3090 [1:35:51<2:45:52,  4.95s/it]
 35%|███▍      | 1081/3090 [1:35:56<2:45:47,  4.95s/it]
 35%|███▌      | 1082/3090 [1:36:01<2:45:42,  4.95s/it]
 35%|███▌      | 1083/3090 [1:36:06<2:45:36,  4.95s/it]
 35%|███▌      | 1084/3090 [1:36:11<2:45:31,  4.95s/it]
 35%|███▌      | 1085/3090 [1:36:16<2:45:27,  4.95s/it]
 35%|███▌      | 1086/3090 [1:36:21<2:45:22,  4.95s/it]
 35%|███▌      | 1087/3090 [1:36:26<2:45:19,  4.95s/it]
 35%|███▌      | 1088/3090 [1:36:31<2:45:13,  4.95s/it]
 35%|███▌      | 1089/3090 [1:36:36<2:45:08,  4.95s/it]
 35%|███▌      | 1090/3090 [1:36:41<2:45:02,  4.95s/it]
 35%|███▌      | 1091/3090 [1:36:46<2:44:57,  4.95s/it]
 35%|███▌      | 1092/3090 [1:36:51<2:44:52,  4.95s/it]
 35%|███▌      | 1093/3090 [1:36:56<2:44:46,  4.95s/it]
 35%|███▌      | 1094/3090 [1:37:01<2:44:41,  4.95s/it]
 35%|███▌      | 1095/3090 [1:37:06<2:44:36,  4.95s/it]
 35%|███▌      | 1096/3090 [1:37:11<2:44:32,  4.95s/it]
 36%|███▌      | 1097/3090 [1:37:16<2:44:26,  4.95s/it]
 36%|███▌      | 1098/3090 [1:37:21<2:44:21,  4.95s/it]
 36%|███▌      | 1099/3090 [1:37:26<2:44:16,  4.95s/it]
 36%|███▌      | 1100/3090 [1:37:30<2:44:13,  4.95s/it]
 36%|███▌      | 1101/3090 [1:37:35<2:44:07,  4.95s/it]
 36%|███▌      | 1102/3090 [1:37:40<2:44:02,  4.95s/it]
 36%|███▌      | 1103/3090 [1:37:45<2:43:57,  4.95s/it]
 36%|███▌      | 1104/3090 [1:37:50<2:43:53,  4.95s/it]
 36%|███▌      | 1105/3090 [1:37:55<2:43:46,  4.95s/it]
 36%|███▌      | 1106/3090 [1:38:00<2:43:43,  4.95s/it]
 36%|███▌      | 1107/3090 [1:38:05<2:43:39,  4.95s/it]
 36%|███▌      | 1108/3090 [1:38:10<2:43:35,  4.95s/it]
 36%|███▌      | 1109/3090 [1:38:15<2:43:30,  4.95s/it]
 36%|███▌      | 1110/3090 [1:38:20<2:43:24,  4.95s/it]
 36%|███▌      | 1111/3090 [1:38:25<2:43:18,  4.95s/it]
 36%|███▌      | 1112/3090 [1:38:30<2:43:13,  4.95s/it]
 36%|███▌      | 1113/3090 [1:38:35<2:43:08,  4.95s/it]
 36%|███▌      | 1114/3090 [1:38:40<2:43:03,  4.95s/it]
 36%|███▌      | 1115/3090 [1:38:45<2:42:58,  4.95s/it]
 36%|███▌      | 1116/3090 [1:38:50<2:42:53,  4.95s/it]
 36%|███▌      | 1117/3090 [1:38:55<2:42:49,  4.95s/it]
 36%|███▌      | 1118/3090 [1:39:00<2:42:44,  4.95s/it]
 36%|███▌      | 1119/3090 [1:39:05<2:42:39,  4.95s/it]
 36%|███▌      | 1120/3090 [1:39:10<2:42:35,  4.95s/it]
 36%|███▋      | 1121/3090 [1:39:14<2:42:34,  4.95s/it]
 36%|███▋      | 1122/3090 [1:39:19<2:42:27,  4.95s/it]
 36%|███▋      | 1123/3090 [1:39:24<2:42:20,  4.95s/it]
 36%|███▋      | 1124/3090 [1:39:29<2:42:15,  4.95s/it]
 36%|███▋      | 1125/3090 [1:39:34<2:42:10,  4.95s/it]
 36%|███▋      | 1126/3090 [1:39:39<2:42:05,  4.95s/it]
 36%|███▋      | 1127/3090 [1:39:44<2:42:01,  4.95s/it]
 37%|███▋      | 1128/3090 [1:39:49<2:41:55,  4.95s/it]
 37%|███▋      | 1129/3090 [1:39:54<2:41:50,  4.95s/it]
 37%|███▋      | 1130/3090 [1:39:59<2:41:45,  4.95s/it]
 37%|███▋      | 1131/3090 [1:40:04<2:41:39,  4.95s/it]
 37%|███▋      | 1132/3090 [1:40:09<2:41:34,  4.95s/it]
 37%|███▋      | 1133/3090 [1:40:14<2:40:54,  4.93s/it]
                                                       

 37%|███▋      | 1133/3090 [1:40:14<2:40:54,  4.93s/it]{'loss': 0.035, 'grad_norm': 22.620704650878906, 'learning_rate': 3.1666666666666666e-05, 'epoch': 11.0}


  0%|          | 0/26 [00:00<?, ?it/s][A

  8%|▊         | 2/26 [00:01<00:14,  1.68it/s][A

 12%|█▏        | 3/26 [00:02<00:19,  1.18it/s][A

 15%|█▌        | 4/26 [00:03<00:21,  1.03it/s][A

 19%|█▉        | 5/26 [00:04<00:22,  1.05s/it][A

 23%|██▎       | 6/26 [00:05<00:21,  1.10s/it][A

 27%|██▋       | 7/26 [00:07<00:21,  1.13s/it][A

 31%|███       | 8/26 [00:08<00:20,  1.15s/it][A

 35%|███▍      | 9/26 [00:09<00:19,  1.16s/it][A

 38%|███▊      | 10/26 [00:10<00:18,  1.17s/it][A

 42%|████▏     | 11/26 [00:11<00:17,  1.18s/it][A

 46%|████▌     | 12/26 [00:13<00:16,  1.18s/it][A

 50%|█████     | 13/26 [00:14<00:16,  1.28s/it][A

 54%|█████▍    | 14/26 [00:15<00:15,  1.25s/it][A

 58%|█████▊    | 15/26 [00:16<00:13,  1.23s/it][A

 62%|██████▏   | 16/26 [00:18<00:12,  1.22s/it][A

 65%|██████▌   | 17/26 [00:19<00:10,  1.22s/it][A

 69%|██████▉   | 18/26 [00:20<00:09,  1.21s/it][A

 73%|███████▎  | 19/26 [00:21<00:08,  1.21s/it][A

 77%|███████▋  | 20/26 [00:23<00:07,  1.20s/it][A

 81%|████████  | 21/26 [00:24<00:06,  1.20s/it][A

 85%|████████▍ | 22/26 [00:25<00:04,  1.20s/it][A

 88%|████████▊ | 23/26 [00:26<00:03,  1.20s/it][A

 92%|█████████▏| 24/26 [00:27<00:02,  1.20s/it][A

 96%|█████████▌| 25/26 [00:28<00:01,  1.20s/it][A

100%|██████████| 26/26 [00:29<00:00,  1.13s/it][A

                                               
[A
                                                       

100%|██████████| 26/26 [00:30<00:00,  1.13s/it][A
 37%|███▋      | 1133/3090 [1:40:46<2:40:54,  4.93s/it]

                                               [A{'eval_loss': 0.024388441815972328, 'eval_macro_recall': 0.9988688827331487, 'eval_macro_precision': 0.9971052631578947, 'eval_macro_f1': 0.9978889796611735, 'eval_accuracy': 0.9951397326852977, 'eval_micro_recall': 0.9951397326852977, 'eval_micro_precision': 0.9951397326852977, 'eval_micro_f1': 0.9951397326852977, 'eval_runtime': 31.5081, 'eval_samples_per_second': 26.12, 'eval_steps_per_second': 0.825, 'epoch': 11.0}

 37%|███▋      | 1134/3090 [1:40:55<8:33:32, 15.75s/it]
 37%|███▋      | 1135/3090 [1:41:00<6:47:44, 12.51s/it]
 37%|███▋      | 1136/3090 [1:41:05<5:33:41, 10.25s/it]
 37%|███▋      | 1137/3090 [1:41:10<4:41:49,  8.66s/it]
 37%|███▋      | 1138/3090 [1:41:15<4:05:30,  7.55s/it]
 37%|███▋      | 1139/3090 [1:41:20<3:40:03,  6.77s/it]
 37%|███▋      | 1140/3090 [1:41:25<3:22:14,  6.22s/it]
 37%|███▋      | 1141/3090 [1:41:29<3:09:44,  5.84s/it]
 37%|███▋      | 1142/3090 [1:41:34<3:00:58,  5.57s/it]
 37%|███▋      | 1143/3090 [1:41:39<2:54:48,  5.39s/it]
 37%|███▋      | 1144/3090 [1:41:44<2:50:28,  5.26s/it]
 37%|███▋      | 1145/3090 [1:41:49<2:47:25,  5.16s/it]
 37%|███▋      | 1146/3090 [1:41:54<2:45:15,  5.10s/it]
 37%|███▋      | 1147/3090 [1:41:59<2:43:42,  5.06s/it]
 37%|███▋      | 1148/3090 [1:42:04<2:42:36,  5.02s/it]
 37%|███▋      | 1149/3090 [1:42:09<2:41:48,  5.00s/it]
 37%|███▋      | 1150/3090 [1:42:14<2:41:13,  4.99s/it]
 37%|███▋      | 1151/3090 [1:42:19<2:40:48,  4.98s/it]
 37%|███▋      | 1152/3090 [1:42:24<2:40:27,  4.97s/it]
 37%|███▋      | 1153/3090 [1:42:29<2:40:12,  4.96s/it]
 37%|███▋      | 1154/3090 [1:42:34<2:40:01,  4.96s/it]
 37%|███▋      | 1155/3090 [1:42:39<2:39:52,  4.96s/it]
 37%|███▋      | 1156/3090 [1:42:44<2:39:44,  4.96s/it]
 37%|███▋      | 1157/3090 [1:42:49<2:39:36,  4.95s/it]
 37%|███▋      | 1158/3090 [1:42:54<2:39:30,  4.95s/it]
 38%|███▊      | 1159/3090 [1:42:59<2:39:24,  4.95s/it]
 38%|███▊      | 1160/3090 [1:43:04<2:39:18,  4.95s/it]
 38%|███▊      | 1161/3090 [1:43:09<2:39:11,  4.95s/it]
 38%|███▊      | 1162/3090 [1:43:13<2:39:07,  4.95s/it]
 38%|███▊      | 1163/3090 [1:43:18<2:39:00,  4.95s/it]
 38%|███▊      | 1164/3090 [1:43:23<2:38:56,  4.95s/it]
 38%|███▊      | 1165/3090 [1:43:28<2:38:51,  4.95s/it]
 38%|███▊      | 1166/3090 [1:43:33<2:38:46,  4.95s/it]
 38%|███▊      | 1167/3090 [1:43:38<2:38:41,  4.95s/it]
 38%|███▊      | 1168/3090 [1:43:43<2:38:36,  4.95s/it]
 38%|███▊      | 1169/3090 [1:43:48<2:38:32,  4.95s/it]
 38%|███▊      | 1170/3090 [1:43:53<2:38:26,  4.95s/it]
 38%|███▊      | 1171/3090 [1:43:58<2:38:22,  4.95s/it]
 38%|███▊      | 1172/3090 [1:44:03<2:38:16,  4.95s/it]
 38%|███▊      | 1173/3090 [1:44:08<2:38:11,  4.95s/it]
 38%|███▊      | 1174/3090 [1:44:13<2:38:06,  4.95s/it]
 38%|███▊      | 1175/3090 [1:44:18<2:38:02,  4.95s/it]
 38%|███▊      | 1176/3090 [1:44:23<2:37:57,  4.95s/it]
 38%|███▊      | 1177/3090 [1:44:28<2:37:51,  4.95s/it]
 38%|███▊      | 1178/3090 [1:44:33<2:37:47,  4.95s/it]
 38%|███▊      | 1179/3090 [1:44:38<2:37:43,  4.95s/it]
 38%|███▊      | 1180/3090 [1:44:43<2:37:39,  4.95s/it]
 38%|███▊      | 1181/3090 [1:44:48<2:37:33,  4.95s/it]
 38%|███▊      | 1182/3090 [1:44:52<2:37:27,  4.95s/it]
 38%|███▊      | 1183/3090 [1:44:57<2:37:21,  4.95s/it]
 38%|███▊      | 1184/3090 [1:45:02<2:37:15,  4.95s/it]
 38%|███▊      | 1185/3090 [1:45:07<2:37:10,  4.95s/it]
 38%|███▊      | 1186/3090 [1:45:12<2:37:05,  4.95s/it]
 38%|███▊      | 1187/3090 [1:45:17<2:37:01,  4.95s/it]
 38%|███▊      | 1188/3090 [1:45:22<2:36:58,  4.95s/it]
 38%|███▊      | 1189/3090 [1:45:27<2:36:52,  4.95s/it]
 39%|███▊      | 1190/3090 [1:45:32<2:36:47,  4.95s/it]
 39%|███▊      | 1191/3090 [1:45:37<2:36:42,  4.95s/it]
 39%|███▊      | 1192/3090 [1:45:42<2:36:39,  4.95s/it]
 39%|███▊      | 1193/3090 [1:45:47<2:36:34,  4.95s/it]
 39%|███▊      | 1194/3090 [1:45:52<2:36:30,  4.95s/it]
 39%|███▊      | 1195/3090 [1:45:57<2:36:24,  4.95s/it]
 39%|███▊      | 1196/3090 [1:46:02<2:36:19,  4.95s/it]
 39%|███▊      | 1197/3090 [1:46:07<2:36:14,  4.95s/it]
 39%|███▉      | 1198/3090 [1:46:12<2:36:08,  4.95s/it]
 39%|███▉      | 1199/3090 [1:46:17<2:36:03,  4.95s/it]
 39%|███▉      | 1200/3090 [1:46:22<2:35:57,  4.95s/it]
 39%|███▉      | 1201/3090 [1:46:27<2:35:51,  4.95s/it]
 39%|███▉      | 1202/3090 [1:46:32<2:35:47,  4.95s/it]
 39%|███▉      | 1203/3090 [1:46:36<2:35:41,  4.95s/it]
 39%|███▉      | 1204/3090 [1:46:41<2:35:36,  4.95s/it]
 39%|███▉      | 1205/3090 [1:46:46<2:35:31,  4.95s/it]
 39%|███▉      | 1206/3090 [1:46:51<2:35:26,  4.95s/it]
 39%|███▉      | 1207/3090 [1:46:56<2:35:22,  4.95s/it]
 39%|███▉      | 1208/3090 [1:47:01<2:35:16,  4.95s/it]
 39%|███▉      | 1209/3090 [1:47:06<2:35:12,  4.95s/it]
 39%|███▉      | 1210/3090 [1:47:11<2:35:08,  4.95s/it]
 39%|███▉      | 1211/3090 [1:47:16<2:35:02,  4.95s/it]
 39%|███▉      | 1212/3090 [1:47:21<2:34:58,  4.95s/it]
 39%|███▉      | 1213/3090 [1:47:26<2:34:52,  4.95s/it]
 39%|███▉      | 1214/3090 [1:47:31<2:34:47,  4.95s/it]
 39%|███▉      | 1215/3090 [1:47:36<2:34:42,  4.95s/it]
 39%|███▉      | 1216/3090 [1:47:41<2:34:38,  4.95s/it]
 39%|███▉      | 1217/3090 [1:47:46<2:34:33,  4.95s/it]
 39%|███▉      | 1218/3090 [1:47:51<2:34:27,  4.95s/it]
 39%|███▉      | 1219/3090 [1:47:56<2:34:23,  4.95s/it]
 39%|███▉      | 1220/3090 [1:48:01<2:34:19,  4.95s/it]
 40%|███▉      | 1221/3090 [1:48:06<2:34:14,  4.95s/it]
 40%|███▉      | 1222/3090 [1:48:11<2:34:08,  4.95s/it]
 40%|███▉      | 1223/3090 [1:48:15<2:34:04,  4.95s/it]
 40%|███▉      | 1224/3090 [1:48:20<2:33:58,  4.95s/it]
 40%|███▉      | 1225/3090 [1:48:25<2:33:55,  4.95s/it]
 40%|███▉      | 1226/3090 [1:48:30<2:33:50,  4.95s/it]
 40%|███▉      | 1227/3090 [1:48:35<2:33:45,  4.95s/it]
 40%|███▉      | 1228/3090 [1:48:40<2:33:39,  4.95s/it]
 40%|███▉      | 1229/3090 [1:48:45<2:33:35,  4.95s/it]
 40%|███▉      | 1230/3090 [1:48:50<2:33:29,  4.95s/it]
 40%|███▉      | 1231/3090 [1:48:55<2:33:26,  4.95s/it]
 40%|███▉      | 1232/3090 [1:49:00<2:33:21,  4.95s/it]
 40%|███▉      | 1233/3090 [1:49:05<2:33:16,  4.95s/it]
 40%|███▉      | 1234/3090 [1:49:10<2:33:10,  4.95s/it]
 40%|███▉      | 1235/3090 [1:49:15<2:33:04,  4.95s/it]
 40%|████      | 1236/3090 [1:49:20<2:32:23,  4.93s/it]
                                                       

 40%|████      | 1236/3090 [1:49:20<2:32:23,  4.93s/it]{'loss': 0.0305, 'grad_norm': 0.1047939732670784, 'learning_rate': 3e-05, 'epoch': 12.0}


  0%|          | 0/26 [00:00<?, ?it/s][A

  8%|▊         | 2/26 [00:01<00:14,  1.67it/s][A

 12%|█▏        | 3/26 [00:02<00:19,  1.18it/s][A

 15%|█▌        | 4/26 [00:03<00:21,  1.03it/s][A

 19%|█▉        | 5/26 [00:04<00:22,  1.05s/it][A

 23%|██▎       | 6/26 [00:05<00:21,  1.10s/it][A

 27%|██▋       | 7/26 [00:07<00:21,  1.13s/it][A

 31%|███       | 8/26 [00:08<00:20,  1.15s/it][A

 35%|███▍      | 9/26 [00:09<00:19,  1.16s/it][A

 38%|███▊      | 10/26 [00:10<00:18,  1.17s/it][A

 42%|████▏     | 11/26 [00:11<00:17,  1.18s/it][A

 46%|████▌     | 12/26 [00:13<00:16,  1.18s/it][A

 50%|█████     | 13/26 [00:14<00:15,  1.19s/it][A

 54%|█████▍    | 14/26 [00:15<00:14,  1.19s/it][A

 58%|█████▊    | 15/26 [00:16<00:13,  1.19s/it][A

 62%|██████▏   | 16/26 [00:17<00:11,  1.19s/it][A

 65%|██████▌   | 17/26 [00:19<00:10,  1.19s/it][A

 69%|██████▉   | 18/26 [00:20<00:09,  1.19s/it][A

 73%|███████▎  | 19/26 [00:21<00:08,  1.19s/it][A

 77%|███████▋  | 20/26 [00:22<00:07,  1.19s/it][A

 81%|████████  | 21/26 [00:23<00:05,  1.19s/it][A

 85%|████████▍ | 22/26 [00:25<00:04,  1.19s/it][A

 88%|████████▊ | 23/26 [00:26<00:03,  1.19s/it][A

 92%|█████████▏| 24/26 [00:27<00:02,  1.19s/it][A

 96%|█████████▌| 25/26 [00:28<00:01,  1.19s/it][A

100%|██████████| 26/26 [00:29<00:00,  1.12s/it][A

                                               
[A
                                                       

100%|██████████| 26/26 [00:29<00:00,  1.12s/it][A
 40%|████      | 1236/3090 [1:49:51<2:32:23,  4.93s/it]

                                               [A{'eval_loss': 0.021172018721699715, 'eval_macro_recall': 0.9988688827331487, 'eval_macro_precision': 0.9971052631578947, 'eval_macro_f1': 0.9978889796611735, 'eval_accuracy': 0.9951397326852977, 'eval_micro_recall': 0.9951397326852977, 'eval_micro_precision': 0.9951397326852977, 'eval_micro_f1': 0.9951397326852977, 'eval_runtime': 31.1469, 'eval_samples_per_second': 26.423, 'eval_steps_per_second': 0.835, 'epoch': 12.0}

 40%|████      | 1237/3090 [1:49:59<7:53:31, 15.33s/it]
 40%|████      | 1238/3090 [1:50:04<6:17:08, 12.22s/it]
 40%|████      | 1239/3090 [1:50:09<5:09:43, 10.04s/it]
 40%|████      | 1240/3090 [1:50:14<4:22:30,  8.51s/it]
 40%|████      | 1241/3090 [1:50:19<3:49:26,  7.45s/it]
 40%|████      | 1242/3090 [1:50:24<3:26:19,  6.70s/it]
 40%|████      | 1243/3090 [1:50:29<3:10:03,  6.17s/it]
 40%|████      | 1244/3090 [1:50:34<2:58:40,  5.81s/it]
 40%|████      | 1245/3090 [1:50:39<2:50:40,  5.55s/it]
 40%|████      | 1246/3090 [1:50:44<2:45:03,  5.37s/it]
 40%|████      | 1247/3090 [1:50:49<2:41:06,  5.25s/it]
 40%|████      | 1248/3090 [1:50:54<2:38:20,  5.16s/it]
 40%|████      | 1249/3090 [1:50:59<2:36:22,  5.10s/it]
 40%|████      | 1250/3090 [1:51:04<2:34:58,  5.05s/it]
 40%|████      | 1251/3090 [1:51:09<2:33:57,  5.02s/it]
 41%|████      | 1252/3090 [1:51:14<2:33:13,  5.00s/it]
 41%|████      | 1253/3090 [1:51:19<2:32:40,  4.99s/it]
 41%|████      | 1254/3090 [1:51:24<2:32:16,  4.98s/it]
 41%|████      | 1255/3090 [1:51:29<2:31:58,  4.97s/it]
 41%|████      | 1256/3090 [1:51:34<2:31:44,  4.96s/it]
 41%|████      | 1257/3090 [1:51:38<2:31:32,  4.96s/it]
 41%|████      | 1258/3090 [1:51:43<2:31:22,  4.96s/it]
 41%|████      | 1259/3090 [1:51:48<2:31:13,  4.96s/it]
 41%|████      | 1260/3090 [1:51:53<2:31:06,  4.95s/it]
 41%|████      | 1261/3090 [1:51:58<2:31:01,  4.95s/it]
 41%|████      | 1262/3090 [1:52:03<2:30:55,  4.95s/it]
 41%|████      | 1263/3090 [1:52:08<2:30:48,  4.95s/it]
 41%|████      | 1264/3090 [1:52:13<2:30:44,  4.95s/it]
 41%|████      | 1265/3090 [1:52:18<2:30:39,  4.95s/it]
 41%|████      | 1266/3090 [1:52:23<2:30:34,  4.95s/it]
 41%|████      | 1267/3090 [1:52:28<2:30:27,  4.95s/it]
 41%|████      | 1268/3090 [1:52:33<2:30:22,  4.95s/it]
 41%|████      | 1269/3090 [1:52:38<2:30:18,  4.95s/it]
 41%|████      | 1270/3090 [1:52:43<2:30:12,  4.95s/it]
 41%|████      | 1271/3090 [1:52:48<2:30:07,  4.95s/it]
 41%|████      | 1272/3090 [1:52:53<2:30:03,  4.95s/it]
 41%|████      | 1273/3090 [1:52:58<2:29:57,  4.95s/it]
 41%|████      | 1274/3090 [1:53:03<2:29:52,  4.95s/it]
 41%|████▏     | 1275/3090 [1:53:08<2:29:47,  4.95s/it]
 41%|████▏     | 1276/3090 [1:53:13<2:29:43,  4.95s/it]
 41%|████▏     | 1277/3090 [1:53:17<2:29:37,  4.95s/it]
 41%|████▏     | 1278/3090 [1:53:22<2:29:34,  4.95s/it]
 41%|████▏     | 1279/3090 [1:53:27<2:29:28,  4.95s/it]
 41%|████▏     | 1280/3090 [1:53:32<2:29:22,  4.95s/it]
 41%|████▏     | 1281/3090 [1:53:37<2:29:17,  4.95s/it]
 41%|████▏     | 1282/3090 [1:53:42<2:29:11,  4.95s/it]
 42%|████▏     | 1283/3090 [1:53:47<2:29:07,  4.95s/it]
 42%|████▏     | 1284/3090 [1:53:52<2:29:03,  4.95s/it]
 42%|████▏     | 1285/3090 [1:53:57<2:28:59,  4.95s/it]
 42%|████▏     | 1286/3090 [1:54:02<2:28:53,  4.95s/it]
 42%|████▏     | 1287/3090 [1:54:07<2:28:48,  4.95s/it]
 42%|████▏     | 1288/3090 [1:54:12<2:28:43,  4.95s/it]
 42%|████▏     | 1289/3090 [1:54:17<2:28:38,  4.95s/it]
 42%|████▏     | 1290/3090 [1:54:22<2:28:33,  4.95s/it]
 42%|████▏     | 1291/3090 [1:54:27<2:28:28,  4.95s/it]
 42%|████▏     | 1292/3090 [1:54:32<2:28:24,  4.95s/it]
 42%|████▏     | 1293/3090 [1:54:37<2:28:18,  4.95s/it]
 42%|████▏     | 1294/3090 [1:54:42<2:28:12,  4.95s/it]
 42%|████▏     | 1295/3090 [1:54:47<2:28:09,  4.95s/it]
 42%|████▏     | 1296/3090 [1:54:52<2:28:07,  4.95s/it]
 42%|████▏     | 1297/3090 [1:54:57<2:28:02,  4.95s/it]
 42%|████▏     | 1298/3090 [1:55:01<2:27:57,  4.95s/it]
 42%|████▏     | 1299/3090 [1:55:06<2:27:51,  4.95s/it]
 42%|████▏     | 1300/3090 [1:55:11<2:27:46,  4.95s/it]
 42%|████▏     | 1301/3090 [1:55:16<2:27:40,  4.95s/it]
 42%|████▏     | 1302/3090 [1:55:21<2:27:35,  4.95s/it]
 42%|████▏     | 1303/3090 [1:55:26<2:27:30,  4.95s/it]
 42%|████▏     | 1304/3090 [1:55:31<2:27:24,  4.95s/it]
 42%|████▏     | 1305/3090 [1:55:36<2:27:18,  4.95s/it]
 42%|████▏     | 1306/3090 [1:55:41<2:27:13,  4.95s/it]
 42%|████▏     | 1307/3090 [1:55:46<2:27:09,  4.95s/it]
 42%|████▏     | 1308/3090 [1:55:51<2:27:04,  4.95s/it]
 42%|████▏     | 1309/3090 [1:55:56<2:26:58,  4.95s/it]
 42%|████▏     | 1310/3090 [1:56:01<2:26:54,  4.95s/it]
 42%|████▏     | 1311/3090 [1:56:06<2:26:49,  4.95s/it]
 42%|████▏     | 1312/3090 [1:56:11<2:26:45,  4.95s/it]
 42%|████▏     | 1313/3090 [1:56:16<2:26:38,  4.95s/it]
 43%|████▎     | 1314/3090 [1:56:21<2:26:34,  4.95s/it]
 43%|████▎     | 1315/3090 [1:56:26<2:26:30,  4.95s/it]
 43%|████▎     | 1316/3090 [1:56:31<2:26:25,  4.95s/it]
 43%|████▎     | 1317/3090 [1:56:36<2:26:19,  4.95s/it]
 43%|████▎     | 1318/3090 [1:56:41<2:26:14,  4.95s/it]
 43%|████▎     | 1319/3090 [1:56:45<2:26:09,  4.95s/it]
 43%|████▎     | 1320/3090 [1:56:50<2:26:05,  4.95s/it]
 43%|████▎     | 1321/3090 [1:56:55<2:25:59,  4.95s/it]
 43%|████▎     | 1322/3090 [1:57:00<2:25:54,  4.95s/it]
 43%|████▎     | 1323/3090 [1:57:05<2:25:48,  4.95s/it]
 43%|████▎     | 1324/3090 [1:57:10<2:25:43,  4.95s/it]
 43%|████▎     | 1325/3090 [1:57:15<2:25:38,  4.95s/it]
 43%|████▎     | 1326/3090 [1:57:20<2:25:34,  4.95s/it]
 43%|████▎     | 1327/3090 [1:57:25<2:25:32,  4.95s/it]
 43%|████▎     | 1328/3090 [1:57:30<2:25:27,  4.95s/it]
 43%|████▎     | 1329/3090 [1:57:35<2:25:23,  4.95s/it]
 43%|████▎     | 1330/3090 [1:57:40<2:25:17,  4.95s/it]
 43%|████▎     | 1331/3090 [1:57:45<2:25:13,  4.95s/it]
 43%|████▎     | 1332/3090 [1:57:50<2:25:07,  4.95s/it]
 43%|████▎     | 1333/3090 [1:57:55<2:25:02,  4.95s/it]
 43%|████▎     | 1334/3090 [1:58:00<2:24:56,  4.95s/it]
 43%|████▎     | 1335/3090 [1:58:05<2:24:51,  4.95s/it]
 43%|████▎     | 1336/3090 [1:58:10<2:24:45,  4.95s/it]
 43%|████▎     | 1337/3090 [1:58:15<2:24:40,  4.95s/it]
 43%|████▎     | 1338/3090 [1:58:20<2:24:35,  4.95s/it]
 43%|████▎     | 1339/3090 [1:58:24<2:23:57,  4.93s/it]
                                                       

 43%|████▎     | 1339/3090 [1:58:25<2:23:57,  4.93s/it]{'loss': 0.0262, 'grad_norm': 0.039903417229652405, 'learning_rate': 2.8333333333333335e-05, 'epoch': 13.0}


  0%|          | 0/26 [00:00<?, ?it/s][A

  8%|▊         | 2/26 [00:01<00:14,  1.67it/s][A

 12%|█▏        | 3/26 [00:02<00:19,  1.18it/s][A

 15%|█▌        | 4/26 [00:03<00:21,  1.02it/s][A

 19%|█▉        | 5/26 [00:04<00:22,  1.05s/it][A

 23%|██▎       | 6/26 [00:05<00:21,  1.10s/it][A

 27%|██▋       | 7/26 [00:07<00:21,  1.13s/it][A

 31%|███       | 8/26 [00:08<00:20,  1.15s/it][A

 35%|███▍      | 9/26 [00:09<00:19,  1.16s/it][A

 38%|███▊      | 10/26 [00:10<00:18,  1.17s/it][A

 42%|████▏     | 11/26 [00:11<00:17,  1.18s/it][A

 46%|████▌     | 12/26 [00:13<00:16,  1.18s/it][A

 50%|█████     | 13/26 [00:14<00:15,  1.19s/it][A

 54%|█████▍    | 14/26 [00:15<00:14,  1.19s/it][A

 58%|█████▊    | 15/26 [00:16<00:13,  1.19s/it][A

 62%|██████▏   | 16/26 [00:17<00:11,  1.19s/it][A

 65%|██████▌   | 17/26 [00:19<00:10,  1.19s/it][A

 69%|██████▉   | 18/26 [00:20<00:09,  1.19s/it][A

 73%|███████▎  | 19/26 [00:21<00:08,  1.19s/it][A

 77%|███████▋  | 20/26 [00:22<00:07,  1.19s/it][A

 81%|████████  | 21/26 [00:23<00:05,  1.19s/it][A

 85%|████████▍ | 22/26 [00:25<00:04,  1.19s/it][A

 88%|████████▊ | 23/26 [00:26<00:03,  1.19s/it][A

 92%|█████████▏| 24/26 [00:27<00:02,  1.19s/it][A

 96%|█████████▌| 25/26 [00:28<00:01,  1.19s/it][A

100%|██████████| 26/26 [00:29<00:00,  1.12s/it][A

                                               
[A
                                                       

100%|██████████| 26/26 [00:29<00:00,  1.12s/it][A
 43%|████▎     | 1339/3090 [1:58:56<2:23:57,  4.93s/it]

                                               [A{'eval_loss': 0.025162387639284134, 'eval_macro_recall': 0.9986380424746075, 'eval_macro_precision': 0.9966599190283401, 'eval_macro_f1': 0.997509503931754, 'eval_accuracy': 0.9939246658566221, 'eval_micro_recall': 0.9939246658566221, 'eval_micro_precision': 0.9939246658566221, 'eval_micro_f1': 0.9939246658566221, 'eval_runtime': 31.1794, 'eval_samples_per_second': 26.396, 'eval_steps_per_second': 0.834, 'epoch': 13.0}

 43%|████▎     | 1340/3090 [1:59:04<7:28:45, 15.39s/it]
 43%|████▎     | 1341/3090 [1:59:09<5:57:15, 12.26s/it]
 43%|████▎     | 1342/3090 [1:59:14<4:53:14, 10.07s/it]
 43%|████▎     | 1343/3090 [1:59:19<4:08:23,  8.53s/it]
 43%|████▎     | 1344/3090 [1:59:24<3:37:00,  7.46s/it]
 44%|████▎     | 1345/3090 [1:59:29<3:15:00,  6.71s/it]
 44%|████▎     | 1346/3090 [1:59:34<2:59:36,  6.18s/it]
 44%|████▎     | 1347/3090 [1:59:39<2:48:48,  5.81s/it]
 44%|████▎     | 1348/3090 [1:59:44<2:41:13,  5.55s/it]
 44%|████▎     | 1349/3090 [1:59:49<2:35:53,  5.37s/it]
 44%|████▎     | 1350/3090 [1:59:54<2:32:10,  5.25s/it]
 44%|████▎     | 1351/3090 [1:59:59<2:29:36,  5.16s/it]
 44%|████▍     | 1352/3090 [2:00:04<2:27:41,  5.10s/it]
 44%|████▍     | 1353/3090 [2:00:09<2:26:22,  5.06s/it]
 44%|████▍     | 1354/3090 [2:00:14<2:25:23,  5.02s/it]
 44%|████▍     | 1355/3090 [2:00:19<2:24:41,  5.00s/it]
 44%|████▍     | 1356/3090 [2:00:23<2:24:10,  4.99s/it]
 44%|████▍     | 1357/3090 [2:00:28<2:23:45,  4.98s/it]
 44%|████▍     | 1358/3090 [2:00:33<2:23:26,  4.97s/it]
 44%|████▍     | 1359/3090 [2:00:38<2:23:11,  4.96s/it]
 44%|████▍     | 1360/3090 [2:00:43<2:23:00,  4.96s/it]
 44%|████▍     | 1361/3090 [2:00:48<2:22:53,  4.96s/it]
 44%|████▍     | 1362/3090 [2:00:53<2:22:47,  4.96s/it]
 44%|████▍     | 1363/3090 [2:00:58<2:22:40,  4.96s/it]
 44%|████▍     | 1364/3090 [2:01:03<2:22:32,  4.96s/it]
 44%|████▍     | 1365/3090 [2:01:08<2:22:25,  4.95s/it]
 44%|████▍     | 1366/3090 [2:01:13<2:22:17,  4.95s/it]
 44%|████▍     | 1367/3090 [2:01:18<2:22:11,  4.95s/it]
 44%|████▍     | 1368/3090 [2:01:23<2:22:07,  4.95s/it]
 44%|████▍     | 1369/3090 [2:01:28<2:22:01,  4.95s/it]
 44%|████▍     | 1370/3090 [2:01:33<2:21:56,  4.95s/it]
 44%|████▍     | 1371/3090 [2:01:38<2:21:51,  4.95s/it]
 44%|████▍     | 1372/3090 [2:01:43<2:21:46,  4.95s/it]
 44%|████▍     | 1373/3090 [2:01:48<2:21:41,  4.95s/it]
 44%|████▍     | 1374/3090 [2:01:53<2:21:36,  4.95s/it]
 44%|████▍     | 1375/3090 [2:01:58<2:21:31,  4.95s/it]
 45%|████▍     | 1376/3090 [2:02:03<2:21:25,  4.95s/it]
 45%|████▍     | 1377/3090 [2:02:07<2:21:21,  4.95s/it]
 45%|████▍     | 1378/3090 [2:02:12<2:21:15,  4.95s/it]
 45%|████▍     | 1379/3090 [2:02:17<2:21:11,  4.95s/it]
 45%|████▍     | 1380/3090 [2:02:22<2:21:08,  4.95s/it]
 45%|████▍     | 1381/3090 [2:02:27<2:21:03,  4.95s/it]
 45%|████▍     | 1382/3090 [2:02:32<2:20:57,  4.95s/it]
 45%|████▍     | 1383/3090 [2:02:37<2:20:52,  4.95s/it]
 45%|████▍     | 1384/3090 [2:02:42<2:20:47,  4.95s/it]
 45%|████▍     | 1385/3090 [2:02:47<2:20:43,  4.95s/it]
 45%|████▍     | 1386/3090 [2:02:52<2:20:37,  4.95s/it]
 45%|████▍     | 1387/3090 [2:02:57<2:20:32,  4.95s/it]
 45%|████▍     | 1388/3090 [2:03:02<2:20:26,  4.95s/it]
 45%|████▍     | 1389/3090 [2:03:07<2:20:21,  4.95s/it]
 45%|████▍     | 1390/3090 [2:03:12<2:20:16,  4.95s/it]
 45%|████▌     | 1391/3090 [2:03:17<2:20:12,  4.95s/it]
 45%|████▌     | 1392/3090 [2:03:22<2:20:06,  4.95s/it]
 45%|████▌     | 1393/3090 [2:03:27<2:20:01,  4.95s/it]
 45%|████▌     | 1394/3090 [2:03:32<2:19:55,  4.95s/it]
 45%|████▌     | 1395/3090 [2:03:37<2:19:50,  4.95s/it]
 45%|████▌     | 1396/3090 [2:03:42<2:19:45,  4.95s/it]
 45%|████▌     | 1397/3090 [2:03:46<2:19:41,  4.95s/it]
 45%|████▌     | 1398/3090 [2:03:51<2:19:36,  4.95s/it]
 45%|████▌     | 1399/3090 [2:03:56<2:19:31,  4.95s/it]
 45%|████▌     | 1400/3090 [2:04:01<2:19:25,  4.95s/it]
 45%|████▌     | 1401/3090 [2:04:06<2:19:20,  4.95s/it]
 45%|████▌     | 1402/3090 [2:04:11<2:19:15,  4.95s/it]
 45%|████▌     | 1403/3090 [2:04:16<2:19:10,  4.95s/it]
 45%|████▌     | 1404/3090 [2:04:21<2:19:06,  4.95s/it]
 45%|████▌     | 1405/3090 [2:04:26<2:19:01,  4.95s/it]
 46%|████▌     | 1406/3090 [2:04:31<2:18:56,  4.95s/it]
 46%|████▌     | 1407/3090 [2:04:36<2:18:51,  4.95s/it]
 46%|████▌     | 1408/3090 [2:04:41<2:18:45,  4.95s/it]
 46%|████▌     | 1409/3090 [2:04:46<2:18:39,  4.95s/it]
 46%|████▌     | 1410/3090 [2:04:51<2:18:36,  4.95s/it]
 46%|████▌     | 1411/3090 [2:04:56<2:18:31,  4.95s/it]
 46%|████▌     | 1412/3090 [2:05:01<2:18:27,  4.95s/it]
 46%|████▌     | 1413/3090 [2:05:06<2:18:22,  4.95s/it]
 46%|████▌     | 1414/3090 [2:05:11<2:18:17,  4.95s/it]
 46%|████▌     | 1415/3090 [2:05:16<2:18:12,  4.95s/it]
 46%|████▌     | 1416/3090 [2:05:21<2:18:09,  4.95s/it]
 46%|████▌     | 1417/3090 [2:05:26<2:18:04,  4.95s/it]
 46%|████▌     | 1418/3090 [2:05:30<2:18:00,  4.95s/it]
 46%|████▌     | 1419/3090 [2:05:35<2:17:56,  4.95s/it]
 46%|████▌     | 1420/3090 [2:05:40<2:17:50,  4.95s/it]
 46%|████▌     | 1421/3090 [2:05:45<2:17:44,  4.95s/it]
 46%|████▌     | 1422/3090 [2:05:50<2:17:38,  4.95s/it]
 46%|████▌     | 1423/3090 [2:05:55<2:17:33,  4.95s/it]
 46%|████▌     | 1424/3090 [2:06:00<2:17:30,  4.95s/it]
 46%|████▌     | 1425/3090 [2:06:05<2:17:26,  4.95s/it]
 46%|████▌     | 1426/3090 [2:06:10<2:17:19,  4.95s/it]
 46%|████▌     | 1427/3090 [2:06:15<2:17:14,  4.95s/it]
 46%|████▌     | 1428/3090 [2:06:20<2:17:08,  4.95s/it]
 46%|████▌     | 1429/3090 [2:06:25<2:17:04,  4.95s/it]
 46%|████▋     | 1430/3090 [2:06:30<2:16:59,  4.95s/it]
 46%|████▋     | 1431/3090 [2:06:35<2:16:54,  4.95s/it]
 46%|████▋     | 1432/3090 [2:06:40<2:16:51,  4.95s/it]
 46%|████▋     | 1433/3090 [2:06:45<2:16:44,  4.95s/it]
 46%|████▋     | 1434/3090 [2:06:50<2:16:39,  4.95s/it]
 46%|████▋     | 1435/3090 [2:06:55<2:16:33,  4.95s/it]
 46%|████▋     | 1436/3090 [2:07:00<2:16:28,  4.95s/it]
 47%|████▋     | 1437/3090 [2:07:05<2:16:23,  4.95s/it]
 47%|████▋     | 1438/3090 [2:07:09<2:16:18,  4.95s/it]
 47%|████▋     | 1439/3090 [2:07:14<2:16:13,  4.95s/it]
 47%|████▋     | 1440/3090 [2:07:19<2:16:08,  4.95s/it]
 47%|████▋     | 1441/3090 [2:07:24<2:16:02,  4.95s/it]
 47%|████▋     | 1442/3090 [2:07:29<2:15:19,  4.93s/it]
                                                       

 47%|████▋     | 1442/3090 [2:07:29<2:15:19,  4.93s/it]{'loss': 0.0259, 'grad_norm': 0.09937336295843124, 'learning_rate': 2.6666666666666667e-05, 'epoch': 14.0}


  0%|          | 0/26 [00:00<?, ?it/s][A

  8%|▊         | 2/26 [00:01<00:14,  1.68it/s][A

 12%|█▏        | 3/26 [00:02<00:19,  1.18it/s][A

 15%|█▌        | 4/26 [00:03<00:21,  1.03it/s][A

 19%|█▉        | 5/26 [00:04<00:22,  1.05s/it][A

 23%|██▎       | 6/26 [00:05<00:21,  1.10s/it][A

 27%|██▋       | 7/26 [00:07<00:21,  1.13s/it][A

 31%|███       | 8/26 [00:08<00:20,  1.15s/it][A

 35%|███▍      | 9/26 [00:09<00:19,  1.16s/it][A

 38%|███▊      | 10/26 [00:10<00:18,  1.17s/it][A

 42%|████▏     | 11/26 [00:11<00:17,  1.18s/it][A

 46%|████▌     | 12/26 [00:13<00:16,  1.18s/it][A

 50%|█████     | 13/26 [00:14<00:15,  1.19s/it][A

 54%|█████▍    | 14/26 [00:15<00:14,  1.19s/it][A

 58%|█████▊    | 15/26 [00:16<00:13,  1.19s/it][A

 62%|██████▏   | 16/26 [00:17<00:11,  1.19s/it][A

 65%|██████▌   | 17/26 [00:19<00:10,  1.19s/it][A

 69%|██████▉   | 18/26 [00:20<00:09,  1.19s/it][A

 73%|███████▎  | 19/26 [00:21<00:08,  1.19s/it][A

 77%|███████▋  | 20/26 [00:22<00:07,  1.19s/it][A

 81%|████████  | 21/26 [00:23<00:05,  1.19s/it][A

 85%|████████▍ | 22/26 [00:25<00:04,  1.19s/it][A

 88%|████████▊ | 23/26 [00:26<00:03,  1.19s/it][A

 92%|█████████▏| 24/26 [00:27<00:02,  1.19s/it][A

 96%|█████████▌| 25/26 [00:28<00:01,  1.19s/it][A

100%|██████████| 26/26 [00:29<00:00,  1.12s/it][A

                                               
[A
                                                       

100%|██████████| 26/26 [00:29<00:00,  1.12s/it][A
 47%|████▋     | 1442/3090 [2:08:00<2:15:19,  4.93s/it]

                                               [A{'eval_loss': 0.025143099948763847, 'eval_macro_recall': 0.9986380424746075, 'eval_macro_precision': 0.9966599190283401, 'eval_macro_f1': 0.997509503931754, 'eval_accuracy': 0.9939246658566221, 'eval_micro_recall': 0.9939246658566221, 'eval_micro_precision': 0.9939246658566221, 'eval_micro_f1': 0.9939246658566221, 'eval_runtime': 31.1031, 'eval_samples_per_second': 26.46, 'eval_steps_per_second': 0.836, 'epoch': 14.0}

 47%|████▋     | 1443/3090 [2:08:09<7:02:14, 15.38s/it]
 47%|████▋     | 1444/3090 [2:08:14<5:36:13, 12.26s/it]
 47%|████▋     | 1445/3090 [2:08:19<4:35:55, 10.06s/it]
 47%|████▋     | 1446/3090 [2:08:24<3:53:45,  8.53s/it]
 47%|████▋     | 1447/3090 [2:08:29<3:24:13,  7.46s/it]
 47%|████▋     | 1448/3090 [2:08:38<3:37:34,  7.95s/it]
 47%|████▋     | 1449/3090 [2:08:43<3:13:21,  7.07s/it]
 47%|████▋     | 1450/3090 [2:08:48<2:55:52,  6.43s/it]
 47%|████▋     | 1451/3090 [2:08:53<2:43:37,  5.99s/it]
 47%|████▋     | 1452/3090 [2:08:58<2:35:00,  5.68s/it]
 47%|████▋     | 1453/3090 [2:09:03<2:28:56,  5.46s/it]
 47%|████▋     | 1454/3090 [2:09:08<2:24:41,  5.31s/it]
 47%|████▋     | 1455/3090 [2:09:13<2:21:41,  5.20s/it]
 47%|████▋     | 1456/3090 [2:09:18<2:19:33,  5.12s/it]
 47%|████▋     | 1457/3090 [2:09:23<2:18:02,  5.07s/it]
 47%|████▋     | 1458/3090 [2:09:27<2:16:57,  5.04s/it]
 47%|████▋     | 1459/3090 [2:09:32<2:16:11,  5.01s/it]
 47%|████▋     | 1460/3090 [2:09:37<2:15:37,  4.99s/it]
 47%|████▋     | 1461/3090 [2:09:42<2:15:12,  4.98s/it]
 47%|████▋     | 1462/3090 [2:09:47<2:14:53,  4.97s/it]
 47%|████▋     | 1463/3090 [2:09:52<2:14:38,  4.97s/it]
 47%|████▋     | 1464/3090 [2:09:57<2:14:26,  4.96s/it]
 47%|████▋     | 1465/3090 [2:10:03<2:19:51,  5.16s/it]
 47%|████▋     | 1466/3090 [2:10:08<2:18:31,  5.12s/it]
 47%|████▋     | 1467/3090 [2:10:13<2:17:06,  5.07s/it]
 48%|████▊     | 1468/3090 [2:10:19<2:24:13,  5.34s/it]
 48%|████▊     | 1469/3090 [2:10:24<2:22:13,  5.26s/it]
 48%|████▊     | 1470/3090 [2:10:29<2:19:35,  5.17s/it]
 48%|████▊     | 1471/3090 [2:10:34<2:17:44,  5.10s/it]
 48%|████▊     | 1472/3090 [2:10:39<2:16:25,  5.06s/it]
 48%|████▊     | 1473/3090 [2:10:44<2:15:29,  5.03s/it]
 48%|████▊     | 1474/3090 [2:10:49<2:14:45,  5.00s/it]
 48%|████▊     | 1475/3090 [2:10:54<2:14:17,  4.99s/it]
 48%|████▊     | 1476/3090 [2:10:59<2:13:56,  4.98s/it]
 48%|████▊     | 1477/3090 [2:11:03<2:13:39,  4.97s/it]
 48%|████▊     | 1478/3090 [2:11:08<2:13:26,  4.97s/it]
 48%|████▊     | 1479/3090 [2:11:13<2:13:14,  4.96s/it]
 48%|████▊     | 1480/3090 [2:11:18<2:13:04,  4.96s/it]
 48%|████▊     | 1481/3090 [2:11:23<2:12:56,  4.96s/it]
 48%|████▊     | 1482/3090 [2:11:28<2:12:49,  4.96s/it]
 48%|████▊     | 1483/3090 [2:11:33<2:12:43,  4.96s/it]
 48%|████▊     | 1484/3090 [2:11:38<2:12:37,  4.95s/it]
 48%|████▊     | 1485/3090 [2:11:43<2:12:31,  4.95s/it]
 48%|████▊     | 1486/3090 [2:11:48<2:12:26,  4.95s/it]
 48%|████▊     | 1487/3090 [2:11:53<2:12:22,  4.95s/it]
 48%|████▊     | 1488/3090 [2:11:58<2:12:18,  4.96s/it]
 48%|████▊     | 1489/3090 [2:12:03<2:12:12,  4.95s/it]
 48%|████▊     | 1490/3090 [2:12:08<2:12:07,  4.95s/it]
 48%|████▊     | 1491/3090 [2:12:13<2:12:01,  4.95s/it]
 48%|████▊     | 1492/3090 [2:12:18<2:11:54,  4.95s/it]
 48%|████▊     | 1493/3090 [2:12:23<2:11:50,  4.95s/it]
 48%|████▊     | 1494/3090 [2:12:28<2:11:46,  4.95s/it]
 48%|████▊     | 1495/3090 [2:12:33<2:11:42,  4.95s/it]
 48%|████▊     | 1496/3090 [2:12:38<2:11:36,  4.95s/it]
 48%|████▊     | 1497/3090 [2:12:43<2:11:30,  4.95s/it]
 48%|████▊     | 1498/3090 [2:12:47<2:11:26,  4.95s/it]
 49%|████▊     | 1499/3090 [2:12:52<2:11:21,  4.95s/it]
 49%|████▊     | 1500/3090 [2:12:57<2:11:16,  4.95s/it]
 49%|████▊     | 1501/3090 [2:13:02<2:11:11,  4.95s/it]
 49%|████▊     | 1502/3090 [2:13:07<2:11:07,  4.95s/it]
 49%|████▊     | 1503/3090 [2:13:12<2:11:03,  4.96s/it]
 49%|████▊     | 1504/3090 [2:13:17<2:10:58,  4.95s/it]
 49%|████▊     | 1505/3090 [2:13:22<2:10:52,  4.95s/it]
 49%|████▊     | 1506/3090 [2:13:27<2:10:47,  4.95s/it]
 49%|████▉     | 1507/3090 [2:13:32<2:10:42,  4.95s/it]
 49%|████▉     | 1508/3090 [2:13:37<2:10:40,  4.96s/it]
 49%|████▉     | 1509/3090 [2:13:42<2:10:33,  4.95s/it]
 49%|████▉     | 1510/3090 [2:13:47<2:10:28,  4.95s/it]
 49%|████▉     | 1511/3090 [2:13:52<2:10:22,  4.95s/it]
 49%|████▉     | 1512/3090 [2:13:57<2:10:17,  4.95s/it]
 49%|████▉     | 1513/3090 [2:14:02<2:10:12,  4.95s/it]
 49%|████▉     | 1514/3090 [2:14:07<2:10:06,  4.95s/it]
 49%|████▉     | 1515/3090 [2:14:12<2:10:01,  4.95s/it]
 49%|████▉     | 1516/3090 [2:14:17<2:09:56,  4.95s/it]
 49%|████▉     | 1517/3090 [2:14:22<2:09:51,  4.95s/it]
 49%|████▉     | 1518/3090 [2:14:27<2:09:47,  4.95s/it]
 49%|████▉     | 1519/3090 [2:14:32<2:11:18,  5.02s/it]
 49%|████▉     | 1520/3090 [2:14:37<2:10:45,  5.00s/it]
 49%|████▉     | 1521/3090 [2:14:42<2:10:20,  4.98s/it]
 49%|████▉     | 1522/3090 [2:14:47<2:10:00,  4.97s/it]
 49%|████▉     | 1523/3090 [2:14:52<2:09:45,  4.97s/it]
 49%|████▉     | 1524/3090 [2:14:57<2:09:33,  4.96s/it]
 49%|████▉     | 1525/3090 [2:15:01<2:09:23,  4.96s/it]
 49%|████▉     | 1526/3090 [2:15:06<2:09:16,  4.96s/it]
 49%|████▉     | 1527/3090 [2:15:11<2:09:07,  4.96s/it]
 49%|████▉     | 1528/3090 [2:15:16<2:09:01,  4.96s/it]
 49%|████▉     | 1529/3090 [2:15:21<2:08:55,  4.96s/it]
 50%|████▉     | 1530/3090 [2:15:26<2:08:48,  4.95s/it]
 50%|████▉     | 1531/3090 [2:15:31<2:08:44,  4.95s/it]
 50%|████▉     | 1532/3090 [2:15:36<2:08:37,  4.95s/it]
 50%|████▉     | 1533/3090 [2:15:41<2:08:33,  4.95s/it]
 50%|████▉     | 1534/3090 [2:15:46<2:08:28,  4.95s/it]
 50%|████▉     | 1535/3090 [2:15:51<2:08:23,  4.95s/it]
 50%|████▉     | 1536/3090 [2:15:56<2:08:19,  4.95s/it]
 50%|████▉     | 1537/3090 [2:16:01<2:08:14,  4.95s/it]
 50%|████▉     | 1538/3090 [2:16:06<2:08:08,  4.95s/it]
 50%|████▉     | 1539/3090 [2:16:11<2:08:03,  4.95s/it]
 50%|████▉     | 1540/3090 [2:16:16<2:07:58,  4.95s/it]
 50%|████▉     | 1541/3090 [2:16:21<2:09:26,  5.01s/it]
 50%|████▉     | 1542/3090 [2:16:26<2:08:52,  5.00s/it]
 50%|████▉     | 1543/3090 [2:16:31<2:08:28,  4.98s/it]
 50%|████▉     | 1544/3090 [2:16:36<2:08:08,  4.97s/it]
 50%|█████     | 1545/3090 [2:16:41<2:07:27,  4.95s/it]
                                                       

 50%|█████     | 1545/3090 [2:16:41<2:07:27,  4.95s/it]{'loss': 0.0248, 'grad_norm': 0.12331314384937286, 'learning_rate': 2.5e-05, 'epoch': 15.0}


  0%|          | 0/26 [00:00<?, ?it/s][A

  8%|▊         | 2/26 [00:01<00:14,  1.64it/s][A

 12%|█▏        | 3/26 [00:02<00:19,  1.17it/s][A

 15%|█▌        | 4/26 [00:03<00:21,  1.02it/s][A

 19%|█▉        | 5/26 [00:04<00:22,  1.05s/it][A

 23%|██▎       | 6/26 [00:05<00:22,  1.10s/it][A

 27%|██▋       | 7/26 [00:07<00:21,  1.13s/it][A

 31%|███       | 8/26 [00:08<00:20,  1.15s/it][A

 35%|███▍      | 9/26 [00:09<00:19,  1.17s/it][A

 38%|███▊      | 10/26 [00:10<00:18,  1.17s/it][A

 42%|████▏     | 11/26 [00:11<00:17,  1.18s/it][A

 46%|████▌     | 12/26 [00:13<00:16,  1.18s/it][A

 50%|█████     | 13/26 [00:14<00:15,  1.19s/it][A

 54%|█████▍    | 14/26 [00:15<00:14,  1.19s/it][A

 58%|█████▊    | 15/26 [00:16<00:13,  1.19s/it][A

 62%|██████▏   | 16/26 [00:17<00:11,  1.19s/it][A

 65%|██████▌   | 17/26 [00:19<00:10,  1.19s/it][A

 69%|██████▉   | 18/26 [00:20<00:09,  1.19s/it][A

 73%|███████▎  | 19/26 [00:21<00:08,  1.19s/it][A

 77%|███████▋  | 20/26 [00:22<00:07,  1.19s/it][A

 81%|████████  | 21/26 [00:23<00:05,  1.19s/it][A

 85%|████████▍ | 22/26 [00:25<00:04,  1.19s/it][A

 88%|████████▊ | 23/26 [00:26<00:03,  1.19s/it][A

 92%|█████████▏| 24/26 [00:27<00:02,  1.20s/it][A

 96%|█████████▌| 25/26 [00:28<00:01,  1.20s/it][A

100%|██████████| 26/26 [00:29<00:00,  1.12s/it][A

                                               
[A
                                                       

100%|██████████| 26/26 [00:30<00:00,  1.12s/it][A
 50%|█████     | 1545/3090 [2:17:14<2:07:27,  4.95s/it]

                                               [A{'eval_loss': 0.02562645450234413, 'eval_macro_recall': 0.9986380424746075, 'eval_macro_precision': 0.9966599190283401, 'eval_macro_f1': 0.997509503931754, 'eval_accuracy': 0.9939246658566221, 'eval_micro_recall': 0.9939246658566221, 'eval_micro_precision': 0.9939246658566221, 'eval_micro_f1': 0.9939246658566221, 'eval_runtime': 32.609, 'eval_samples_per_second': 25.238, 'eval_steps_per_second': 0.797, 'epoch': 15.0}

 50%|█████     | 1546/3090 [2:17:23<6:55:12, 16.14s/it]
 50%|█████     | 1547/3090 [2:17:28<5:28:41, 12.78s/it]
 50%|█████     | 1548/3090 [2:17:33<4:28:08, 10.43s/it]
 50%|█████     | 1549/3090 [2:17:38<3:45:45,  8.79s/it]
 50%|█████     | 1550/3090 [2:17:43<3:16:07,  7.64s/it]
 50%|█████     | 1551/3090 [2:17:48<2:55:19,  6.84s/it]
 50%|█████     | 1552/3090 [2:17:53<2:40:45,  6.27s/it]
 50%|█████     | 1553/3090 [2:17:58<2:30:31,  5.88s/it]
 50%|█████     | 1554/3090 [2:18:03<2:23:21,  5.60s/it]
 50%|█████     | 1555/3090 [2:18:08<2:18:18,  5.41s/it]
 50%|█████     | 1556/3090 [2:18:12<2:14:46,  5.27s/it]
 50%|█████     | 1557/3090 [2:18:17<2:12:15,  5.18s/it]
 50%|█████     | 1558/3090 [2:18:22<2:10:27,  5.11s/it]
 50%|█████     | 1559/3090 [2:18:27<2:09:10,  5.06s/it]
 50%|█████     | 1560/3090 [2:18:32<2:08:17,  5.03s/it]
 51%|█████     | 1561/3090 [2:18:37<2:07:35,  5.01s/it]
 51%|█████     | 1562/3090 [2:18:42<2:07:06,  4.99s/it]
 51%|█████     | 1563/3090 [2:18:47<2:06:45,  4.98s/it]
 51%|█████     | 1564/3090 [2:18:52<2:06:28,  4.97s/it]
 51%|█████     | 1565/3090 [2:18:57<2:06:14,  4.97s/it]
 51%|█████     | 1566/3090 [2:19:02<2:06:01,  4.96s/it]
 51%|█████     | 1567/3090 [2:19:07<2:05:52,  4.96s/it]
 51%|█████     | 1568/3090 [2:19:12<2:05:44,  4.96s/it]
 51%|█████     | 1569/3090 [2:19:17<2:05:38,  4.96s/it]
 51%|█████     | 1570/3090 [2:19:22<2:05:31,  4.96s/it]
 51%|█████     | 1571/3090 [2:19:27<2:05:26,  4.95s/it]
 51%|█████     | 1572/3090 [2:19:32<2:05:20,  4.95s/it]
 51%|█████     | 1573/3090 [2:19:37<2:05:14,  4.95s/it]
 51%|█████     | 1574/3090 [2:19:42<2:05:09,  4.95s/it]
 51%|█████     | 1575/3090 [2:19:47<2:05:03,  4.95s/it]
 51%|█████     | 1576/3090 [2:19:52<2:05:00,  4.95s/it]
 51%|█████     | 1577/3090 [2:19:56<2:04:55,  4.95s/it]
 51%|█████     | 1578/3090 [2:20:01<2:04:51,  4.95s/it]
 51%|█████     | 1579/3090 [2:20:06<2:04:44,  4.95s/it]
 51%|█████     | 1580/3090 [2:20:11<2:04:41,  4.95s/it]
 51%|█████     | 1581/3090 [2:20:16<2:04:35,  4.95s/it]
 51%|█████     | 1582/3090 [2:20:21<2:04:30,  4.95s/it]
 51%|█████     | 1583/3090 [2:20:26<2:04:24,  4.95s/it]
 51%|█████▏    | 1584/3090 [2:20:31<2:04:21,  4.95s/it]
 51%|█████▏    | 1585/3090 [2:20:36<2:04:16,  4.95s/it]
 51%|█████▏    | 1586/3090 [2:20:41<2:04:10,  4.95s/it]
 51%|█████▏    | 1587/3090 [2:20:46<2:04:05,  4.95s/it]
 51%|█████▏    | 1588/3090 [2:20:51<2:04:00,  4.95s/it]
 51%|█████▏    | 1589/3090 [2:20:56<2:03:55,  4.95s/it]
 51%|█████▏    | 1590/3090 [2:21:01<2:03:49,  4.95s/it]
 51%|█████▏    | 1591/3090 [2:21:06<2:03:43,  4.95s/it]
 52%|█████▏    | 1592/3090 [2:21:11<2:03:38,  4.95s/it]
 52%|█████▏    | 1593/3090 [2:21:16<2:03:33,  4.95s/it]
 52%|█████▏    | 1594/3090 [2:21:21<2:03:29,  4.95s/it]
 52%|█████▏    | 1595/3090 [2:21:26<2:03:24,  4.95s/it]
 52%|█████▏    | 1596/3090 [2:21:31<2:03:18,  4.95s/it]
 52%|█████▏    | 1597/3090 [2:21:36<2:03:14,  4.95s/it]
 52%|█████▏    | 1598/3090 [2:21:41<2:03:09,  4.95s/it]
 52%|█████▏    | 1599/3090 [2:21:45<2:03:04,  4.95s/it]
 52%|█████▏    | 1600/3090 [2:21:50<2:02:59,  4.95s/it]
 52%|█████▏    | 1601/3090 [2:21:55<2:02:53,  4.95s/it]
 52%|█████▏    | 1602/3090 [2:22:00<2:02:51,  4.95s/it]
 52%|█████▏    | 1603/3090 [2:22:05<2:02:45,  4.95s/it]
 52%|█████▏    | 1604/3090 [2:22:10<2:02:40,  4.95s/it]
 52%|█████▏    | 1605/3090 [2:22:15<2:02:34,  4.95s/it]
 52%|█████▏    | 1606/3090 [2:22:20<2:02:29,  4.95s/it]
 52%|█████▏    | 1607/3090 [2:22:25<2:02:24,  4.95s/it]
 52%|█████▏    | 1608/3090 [2:22:30<2:02:20,  4.95s/it]
 52%|█████▏    | 1609/3090 [2:22:35<2:02:15,  4.95s/it]
 52%|█████▏    | 1610/3090 [2:22:40<2:02:11,  4.95s/it]
 52%|█████▏    | 1611/3090 [2:22:45<2:02:05,  4.95s/it]
 52%|█████▏    | 1612/3090 [2:22:50<2:02:00,  4.95s/it]
 52%|█████▏    | 1613/3090 [2:22:55<2:01:55,  4.95s/it]
 52%|█████▏    | 1614/3090 [2:23:00<2:01:50,  4.95s/it]
 52%|█████▏    | 1615/3090 [2:23:05<2:01:45,  4.95s/it]
 52%|█████▏    | 1616/3090 [2:23:10<2:01:39,  4.95s/it]
 52%|█████▏    | 1617/3090 [2:23:15<2:01:35,  4.95s/it]
 52%|█████▏    | 1618/3090 [2:23:20<2:01:28,  4.95s/it]
 52%|█████▏    | 1619/3090 [2:23:25<2:01:23,  4.95s/it]
 52%|█████▏    | 1620/3090 [2:23:29<2:01:19,  4.95s/it]
 52%|█████▏    | 1621/3090 [2:23:34<2:01:15,  4.95s/it]
 52%|█████▏    | 1622/3090 [2:23:39<2:01:11,  4.95s/it]
 53%|█████▎    | 1623/3090 [2:23:44<2:01:06,  4.95s/it]
 53%|█████▎    | 1624/3090 [2:23:49<2:01:02,  4.95s/it]
 53%|█████▎    | 1625/3090 [2:23:54<2:00:59,  4.96s/it]
 53%|█████▎    | 1626/3090 [2:23:59<2:00:53,  4.95s/it]
 53%|█████▎    | 1627/3090 [2:24:04<2:00:47,  4.95s/it]
 53%|█████▎    | 1628/3090 [2:24:09<2:00:42,  4.95s/it]
 53%|█████▎    | 1629/3090 [2:24:14<2:00:37,  4.95s/it]
 53%|█████▎    | 1630/3090 [2:24:19<2:00:31,  4.95s/it]
 53%|█████▎    | 1631/3090 [2:24:24<2:00:27,  4.95s/it]
 53%|█████▎    | 1632/3090 [2:24:29<2:00:22,  4.95s/it]
 53%|█████▎    | 1633/3090 [2:24:34<2:00:16,  4.95s/it]
 53%|█████▎    | 1634/3090 [2:24:39<2:00:11,  4.95s/it]
 53%|█████▎    | 1635/3090 [2:24:44<2:00:05,  4.95s/it]
 53%|█████▎    | 1636/3090 [2:24:49<1:59:59,  4.95s/it]
 53%|█████▎    | 1637/3090 [2:24:54<1:59:55,  4.95s/it]
 53%|█████▎    | 1638/3090 [2:24:59<1:59:50,  4.95s/it]
 53%|█████▎    | 1639/3090 [2:25:04<1:59:45,  4.95s/it]
 53%|█████▎    | 1640/3090 [2:25:09<1:59:41,  4.95s/it]
 53%|█████▎    | 1641/3090 [2:25:13<1:59:36,  4.95s/it]
 53%|█████▎    | 1642/3090 [2:25:18<1:59:34,  4.95s/it]
 53%|█████▎    | 1643/3090 [2:25:23<1:59:28,  4.95s/it]
 53%|█████▎    | 1644/3090 [2:25:28<1:59:25,  4.96s/it]
 53%|█████▎    | 1645/3090 [2:25:33<1:59:19,  4.95s/it]
 53%|█████▎    | 1646/3090 [2:25:38<1:59:13,  4.95s/it]
 53%|█████▎    | 1647/3090 [2:25:43<1:59:06,  4.95s/it]
 53%|█████▎    | 1648/3090 [2:25:48<1:58:29,  4.93s/it]
                                                       

 53%|█████▎    | 1648/3090 [2:25:48<1:58:29,  4.93s/it]{'loss': 0.0223, 'grad_norm': 0.13106951117515564, 'learning_rate': 2.3333333333333336e-05, 'epoch': 16.0}


  0%|          | 0/26 [00:00<?, ?it/s][A

  8%|▊         | 2/26 [00:01<00:14,  1.67it/s][A

 12%|█▏        | 3/26 [00:02<00:19,  1.18it/s][A

 15%|█▌        | 4/26 [00:03<00:21,  1.03it/s][A

 19%|█▉        | 5/26 [00:04<00:22,  1.05s/it][A

 23%|██▎       | 6/26 [00:05<00:22,  1.10s/it][A

 27%|██▋       | 7/26 [00:07<00:21,  1.13s/it][A

 31%|███       | 8/26 [00:08<00:20,  1.15s/it][A

 35%|███▍      | 9/26 [00:09<00:19,  1.16s/it][A

 38%|███▊      | 10/26 [00:10<00:18,  1.17s/it][A

 42%|████▏     | 11/26 [00:11<00:17,  1.18s/it][A

 46%|████▌     | 12/26 [00:13<00:16,  1.18s/it][A

 50%|█████     | 13/26 [00:14<00:15,  1.19s/it][A

 54%|█████▍    | 14/26 [00:15<00:14,  1.19s/it][A

 58%|█████▊    | 15/26 [00:16<00:13,  1.19s/it][A

 62%|██████▏   | 16/26 [00:17<00:11,  1.19s/it][A

 65%|██████▌   | 17/26 [00:19<00:10,  1.19s/it][A

 69%|██████▉   | 18/26 [00:20<00:09,  1.19s/it][A

 73%|███████▎  | 19/26 [00:21<00:08,  1.19s/it][A

 77%|███████▋  | 20/26 [00:22<00:07,  1.19s/it][A

 81%|████████  | 21/26 [00:23<00:05,  1.19s/it][A

 85%|████████▍ | 22/26 [00:25<00:04,  1.19s/it][A

 88%|████████▊ | 23/26 [00:26<00:03,  1.19s/it][A

 92%|█████████▏| 24/26 [00:27<00:02,  1.19s/it][A

 96%|█████████▌| 25/26 [00:28<00:01,  1.19s/it][A

100%|██████████| 26/26 [00:29<00:00,  1.12s/it][A

                                               
[A
                                                       

100%|██████████| 26/26 [00:29<00:00,  1.12s/it][A
 53%|█████▎    | 1648/3090 [2:26:19<1:58:29,  4.93s/it]

                                               [A{'eval_loss': 0.023688875138759613, 'eval_macro_recall': 0.9986380424746075, 'eval_macro_precision': 0.9966599190283401, 'eval_macro_f1': 0.997509503931754, 'eval_accuracy': 0.9939246658566221, 'eval_micro_recall': 0.9939246658566221, 'eval_micro_precision': 0.9939246658566221, 'eval_micro_f1': 0.9939246658566221, 'eval_runtime': 31.145, 'eval_samples_per_second': 26.425, 'eval_steps_per_second': 0.835, 'epoch': 16.0}

 53%|█████▎    | 1649/3090 [2:26:28<6:08:23, 15.34s/it]
 53%|█████▎    | 1650/3090 [2:26:33<4:53:23, 12.22s/it]
 53%|█████▎    | 1651/3090 [2:26:38<4:00:51, 10.04s/it]
 53%|█████▎    | 1652/3090 [2:26:43<3:24:05,  8.52s/it]
 53%|█████▎    | 1653/3090 [2:26:48<2:58:20,  7.45s/it]
 54%|█████▎    | 1654/3090 [2:26:52<2:40:19,  6.70s/it]
 54%|█████▎    | 1655/3090 [2:26:57<2:27:42,  6.18s/it]
 54%|█████▎    | 1656/3090 [2:27:02<2:18:52,  5.81s/it]
 54%|█████▎    | 1657/3090 [2:27:07<2:12:38,  5.55s/it]
 54%|█████▎    | 1658/3090 [2:27:12<2:08:14,  5.37s/it]
 54%|█████▎    | 1659/3090 [2:27:17<2:05:08,  5.25s/it]
 54%|█████▎    | 1660/3090 [2:27:22<2:02:57,  5.16s/it]
 54%|█████▍    | 1661/3090 [2:27:27<2:01:24,  5.10s/it]
 54%|█████▍    | 1662/3090 [2:27:32<2:00:17,  5.05s/it]
 54%|█████▍    | 1663/3090 [2:27:37<1:59:29,  5.02s/it]
 54%|█████▍    | 1664/3090 [2:27:42<1:58:53,  5.00s/it]
 54%|█████▍    | 1665/3090 [2:27:47<1:58:27,  4.99s/it]
 54%|█████▍    | 1666/3090 [2:27:52<1:58:09,  4.98s/it]
 54%|█████▍    | 1667/3090 [2:27:57<1:57:53,  4.97s/it]
 54%|█████▍    | 1668/3090 [2:28:02<1:57:41,  4.97s/it]
 54%|█████▍    | 1669/3090 [2:28:07<1:57:31,  4.96s/it]
 54%|█████▍    | 1670/3090 [2:28:12<1:57:22,  4.96s/it]
 54%|█████▍    | 1671/3090 [2:28:17<1:57:16,  4.96s/it]
 54%|█████▍    | 1672/3090 [2:28:22<1:57:08,  4.96s/it]
 54%|█████▍    | 1673/3090 [2:28:27<1:57:01,  4.96s/it]
 54%|█████▍    | 1674/3090 [2:28:32<1:56:55,  4.95s/it]
 54%|█████▍    | 1675/3090 [2:28:37<1:56:50,  4.95s/it]
 54%|█████▍    | 1676/3090 [2:28:41<1:56:45,  4.95s/it]
 54%|█████▍    | 1677/3090 [2:28:46<1:56:39,  4.95s/it]
 54%|█████▍    | 1678/3090 [2:28:51<1:56:34,  4.95s/it]
 54%|█████▍    | 1679/3090 [2:28:56<1:56:29,  4.95s/it]
 54%|█████▍    | 1680/3090 [2:29:01<1:56:23,  4.95s/it]
 54%|█████▍    | 1681/3090 [2:29:06<1:56:17,  4.95s/it]
 54%|█████▍    | 1682/3090 [2:29:11<1:56:12,  4.95s/it]
 54%|█████▍    | 1683/3090 [2:29:16<1:56:08,  4.95s/it]
 54%|█████▍    | 1684/3090 [2:29:21<1:56:04,  4.95s/it]
 55%|█████▍    | 1685/3090 [2:29:26<1:55:58,  4.95s/it]
 55%|█████▍    | 1686/3090 [2:29:31<1:55:54,  4.95s/it]
 55%|█████▍    | 1687/3090 [2:29:36<1:55:47,  4.95s/it]
 55%|█████▍    | 1688/3090 [2:29:41<1:55:42,  4.95s/it]
 55%|█████▍    | 1689/3090 [2:29:46<1:55:37,  4.95s/it]
 55%|█████▍    | 1690/3090 [2:29:51<1:55:33,  4.95s/it]
 55%|█████▍    | 1691/3090 [2:29:56<1:55:29,  4.95s/it]
 55%|█████▍    | 1692/3090 [2:30:01<1:55:24,  4.95s/it]
 55%|█████▍    | 1693/3090 [2:30:06<1:55:18,  4.95s/it]
 55%|█████▍    | 1694/3090 [2:30:11<1:55:13,  4.95s/it]
 55%|█████▍    | 1695/3090 [2:30:16<1:55:08,  4.95s/it]
 55%|█████▍    | 1696/3090 [2:30:21<1:55:03,  4.95s/it]
 55%|█████▍    | 1697/3090 [2:30:25<1:54:57,  4.95s/it]
 55%|█████▍    | 1698/3090 [2:30:30<1:54:53,  4.95s/it]
 55%|█████▍    | 1699/3090 [2:30:35<1:54:49,  4.95s/it]
 55%|█████▌    | 1700/3090 [2:30:40<1:54:44,  4.95s/it]
 55%|█████▌    | 1701/3090 [2:30:45<1:54:39,  4.95s/it]
 55%|█████▌    | 1702/3090 [2:30:50<1:54:33,  4.95s/it]
 55%|█████▌    | 1703/3090 [2:30:55<1:54:28,  4.95s/it]
 55%|█████▌    | 1704/3090 [2:31:00<1:54:23,  4.95s/it]
 55%|█████▌    | 1705/3090 [2:31:05<1:54:19,  4.95s/it]
 55%|█████▌    | 1706/3090 [2:31:10<1:54:14,  4.95s/it]
 55%|█████▌    | 1707/3090 [2:31:15<1:54:09,  4.95s/it]
 55%|█████▌    | 1708/3090 [2:31:20<1:54:05,  4.95s/it]
 55%|█████▌    | 1709/3090 [2:31:25<1:54:00,  4.95s/it]
 55%|█████▌    | 1710/3090 [2:31:30<1:53:55,  4.95s/it]
 55%|█████▌    | 1711/3090 [2:31:35<1:53:49,  4.95s/it]
 55%|█████▌    | 1712/3090 [2:31:40<1:53:44,  4.95s/it]
 55%|█████▌    | 1713/3090 [2:31:45<1:53:39,  4.95s/it]
 55%|█████▌    | 1714/3090 [2:31:50<1:53:35,  4.95s/it]
 56%|█████▌    | 1715/3090 [2:31:55<1:53:31,  4.95s/it]
 56%|█████▌    | 1716/3090 [2:32:00<1:53:26,  4.95s/it]
 56%|█████▌    | 1717/3090 [2:32:05<1:53:23,  4.95s/it]
 56%|█████▌    | 1718/3090 [2:32:09<1:53:17,  4.95s/it]
 56%|█████▌    | 1719/3090 [2:32:14<1:53:12,  4.95s/it]
 56%|█████▌    | 1720/3090 [2:32:19<1:53:06,  4.95s/it]
 56%|█████▌    | 1721/3090 [2:32:24<1:53:01,  4.95s/it]
 56%|█████▌    | 1722/3090 [2:32:29<1:52:56,  4.95s/it]
 56%|█████▌    | 1723/3090 [2:32:34<1:52:50,  4.95s/it]
 56%|█████▌    | 1724/3090 [2:32:39<1:52:45,  4.95s/it]
 56%|█████▌    | 1725/3090 [2:32:44<1:52:40,  4.95s/it]
 56%|█████▌    | 1726/3090 [2:32:49<1:52:35,  4.95s/it]
 56%|█████▌    | 1727/3090 [2:32:54<1:52:30,  4.95s/it]
 56%|█████▌    | 1728/3090 [2:32:59<1:52:25,  4.95s/it]
 56%|█████▌    | 1729/3090 [2:33:04<1:52:21,  4.95s/it]
 56%|█████▌    | 1730/3090 [2:33:09<1:52:16,  4.95s/it]
 56%|█████▌    | 1731/3090 [2:33:14<1:52:12,  4.95s/it]
 56%|█████▌    | 1732/3090 [2:33:19<1:52:06,  4.95s/it]
 56%|█████▌    | 1733/3090 [2:33:24<1:52:02,  4.95s/it]
 56%|█████▌    | 1734/3090 [2:33:29<1:51:56,  4.95s/it]
 56%|█████▌    | 1735/3090 [2:33:34<1:51:52,  4.95s/it]
 56%|█████▌    | 1736/3090 [2:33:39<1:51:47,  4.95s/it]
 56%|█████▌    | 1737/3090 [2:33:44<1:51:41,  4.95s/it]
 56%|█████▌    | 1738/3090 [2:33:49<1:51:37,  4.95s/it]
 56%|█████▋    | 1739/3090 [2:33:54<1:51:32,  4.95s/it]
 56%|█████▋    | 1740/3090 [2:33:58<1:51:27,  4.95s/it]
 56%|█████▋    | 1741/3090 [2:34:03<1:51:22,  4.95s/it]
 56%|█████▋    | 1742/3090 [2:34:08<1:51:18,  4.95s/it]
 56%|█████▋    | 1743/3090 [2:34:13<1:51:12,  4.95s/it]
 56%|█████▋    | 1744/3090 [2:34:18<1:51:07,  4.95s/it]
 56%|█████▋    | 1745/3090 [2:34:23<1:51:01,  4.95s/it]
 57%|█████▋    | 1746/3090 [2:34:28<1:50:59,  4.95s/it]
 57%|█████▋    | 1747/3090 [2:34:33<1:50:53,  4.95s/it]
 57%|█████▋    | 1748/3090 [2:34:38<1:50:48,  4.95s/it]
 57%|█████▋    | 1749/3090 [2:34:43<1:50:42,  4.95s/it]
 57%|█████▋    | 1750/3090 [2:34:48<1:50:38,  4.95s/it]
 57%|█████▋    | 1751/3090 [2:34:53<1:50:04,  4.93s/it]
                                                       

 57%|█████▋    | 1751/3090 [2:34:53<1:50:04,  4.93s/it]{'loss': 0.0213, 'grad_norm': 0.05164188891649246, 'learning_rate': 2.1666666666666667e-05, 'epoch': 17.0}


  0%|          | 0/26 [00:00<?, ?it/s][A

  8%|▊         | 2/26 [00:01<00:14,  1.67it/s][A

 12%|█▏        | 3/26 [00:02<00:19,  1.18it/s][A

 15%|█▌        | 4/26 [00:03<00:21,  1.03it/s][A

 19%|█▉        | 5/26 [00:04<00:22,  1.05s/it][A

 23%|██▎       | 6/26 [00:05<00:21,  1.10s/it][A

 27%|██▋       | 7/26 [00:07<00:21,  1.13s/it][A

 31%|███       | 8/26 [00:08<00:20,  1.15s/it][A

 35%|███▍      | 9/26 [00:09<00:19,  1.16s/it][A

 38%|███▊      | 10/26 [00:10<00:18,  1.17s/it][A

 42%|████▏     | 11/26 [00:11<00:17,  1.18s/it][A

 46%|████▌     | 12/26 [00:13<00:16,  1.18s/it][A

 50%|█████     | 13/26 [00:14<00:15,  1.19s/it][A

 54%|█████▍    | 14/26 [00:15<00:14,  1.19s/it][A

 58%|█████▊    | 15/26 [00:16<00:13,  1.19s/it][A

 62%|██████▏   | 16/26 [00:17<00:11,  1.19s/it][A

 65%|██████▌   | 17/26 [00:19<00:10,  1.19s/it][A

 69%|██████▉   | 18/26 [00:20<00:09,  1.19s/it][A

 73%|███████▎  | 19/26 [00:21<00:08,  1.19s/it][A

 77%|███████▋  | 20/26 [00:22<00:07,  1.19s/it][A

 81%|████████  | 21/26 [00:23<00:05,  1.19s/it][A

 85%|████████▍ | 22/26 [00:25<00:04,  1.19s/it][A

 88%|████████▊ | 23/26 [00:26<00:03,  1.19s/it][A

 92%|█████████▏| 24/26 [00:27<00:02,  1.19s/it][A

 96%|█████████▌| 25/26 [00:28<00:01,  1.19s/it][A

100%|██████████| 26/26 [00:29<00:00,  1.12s/it][A

                                               
[A
                                                       

100%|██████████| 26/26 [00:29<00:00,  1.12s/it][A
 57%|█████▋    | 1751/3090 [2:35:24<1:50:04,  4.93s/it]

                                               [A
                                                       

 57%|█████▋    | 1751/3090 [2:35:30<1:50:04,  4.93s/it]
 57%|█████▋    | 1751/3090 [2:35:30<1:58:54,  5.33s/it]
2025-04-12 06:11:21.778 | INFO     | __main__:fine_tune:230 - Training time: 9333.02 seconds
{'eval_loss': 0.025240810588002205, 'eval_macro_recall': 0.9986380424746075, 'eval_macro_precision': 0.9966599190283401, 'eval_macro_f1': 0.997509503931754, 'eval_accuracy': 0.9939246658566221, 'eval_micro_recall': 0.9939246658566221, 'eval_micro_precision': 0.9939246658566221, 'eval_micro_f1': 0.9939246658566221, 'eval_runtime': 31.097, 'eval_samples_per_second': 26.466, 'eval_steps_per_second': 0.836, 'epoch': 17.0}
{'train_runtime': 9330.1965, 'train_samples_per_second': 10.595, 'train_steps_per_second': 0.331, 'train_loss': 0.27788893826548405, 'epoch': 17.0}

  0%|          | 0/26 [00:00<?, ?it/s]
  8%|▊         | 2/26 [00:01<00:14,  1.67it/s]
 12%|█▏        | 3/26 [00:02<00:19,  1.18it/s]
 15%|█▌        | 4/26 [00:03<00:21,  1.03it/s]
 19%|█▉        | 5/26 [00:04<00:22,  1.05s/it]
 23%|██▎       | 6/26 [00:05<00:21,  1.10s/it]
 27%|██▋       | 7/26 [00:07<00:21,  1.13s/it]
 31%|███       | 8/26 [00:08<00:20,  1.15s/it]
 35%|███▍      | 9/26 [00:09<00:19,  1.16s/it]
 38%|███▊      | 10/26 [00:10<00:18,  1.17s/it]
 42%|████▏     | 11/26 [00:11<00:17,  1.18s/it]
 46%|████▌     | 12/26 [00:13<00:16,  1.18s/it]
 50%|█████     | 13/26 [00:14<00:15,  1.19s/it]
 54%|█████▍    | 14/26 [00:15<00:14,  1.19s/it]
 58%|█████▊    | 15/26 [00:16<00:13,  1.19s/it]
 62%|██████▏   | 16/26 [00:17<00:11,  1.19s/it]
 65%|██████▌   | 17/26 [00:19<00:10,  1.19s/it]
 69%|██████▉   | 18/26 [00:20<00:09,  1.19s/it]
 73%|███████▎  | 19/26 [00:21<00:08,  1.19s/it]
 77%|███████▋  | 20/26 [00:22<00:07,  1.19s/it]
 81%|████████  | 21/26 [00:23<00:05,  1.19s/it]
 85%|████████▍ | 22/26 [00:25<00:04,  1.19s/it]
 88%|████████▊ | 23/26 [00:26<00:03,  1.19s/it]
 92%|█████████▏| 24/26 [00:27<00:02,  1.19s/it]
 96%|█████████▌| 25/26 [00:28<00:01,  1.19s/it]
100%|██████████| 26/26 [00:29<00:00,  1.12s/it]
100%|██████████| 26/26 [00:29<00:00,  1.14s/it]
2025-04-12 06:11:52.883 | INFO     | __main__:fine_tune:236 - Prediction time: 31.10 seconds
2025-04-12 06:11:52.888 | INFO     | __main__:CV_run:413 - Fold 5, Final Eval Metrics: loss: 0.03, macro_recall: 1.00, macro_precision: 1.00, macro_f1: 1.00, accuracy: 0.99, micro_recall: 0.99, micro_precision: 0.99, micro_f1: 0.99, runtime: 31.10, samples_per_second: 26.47, steps_per_second: 0.84
2025-04-12 06:11:52.888 | SUCCESS  | __main__:CV_run:426 - 5-Fold Cross Validation completed
Eval results: defaultdict(<class 'list'>, {'loss': [1.1732953786849976, 0.4853849411010742, 0.25475406646728516, 0.17419204115867615, 0.07603982836008072, 0.06088344007730484, 0.04221775010228157, 0.030467435717582703, 0.029668599367141724, 0.03645596280694008, 0.024388441815972328, 0.021172018721699715, 0.025162387639284134, 0.025143099948763847, 0.02562645450234413, 0.023688875138759613, 0.025240810588002205], 'macro_recall': [0.5871463946948711, 0.7854385265396345, 0.874965373961219, 0.933005210394407, 0.9702859121487931, 0.9573588576704921, 0.9923723783142065, 0.9988688827331487, 0.9972241458910434, 0.9984072022160665, 0.9988688827331487, 0.9988688827331487, 0.9986380424746075, 0.9986380424746075, 0.9986380424746075, 0.9986380424746075, 0.9986380424746075], 'macro_precision': [0.5101072030564348, 0.7365779248469585, 0.8597035070274871, 0.9283635653991693, 0.9589406207827259, 0.9523684210526315, 0.9874493927125506, 0.9971052631578947, 0.9969088766692851, 0.9962475633528265, 0.9971052631578947, 0.9971052631578947, 0.9966599190283401, 0.9966599190283401, 0.9966599190283401, 0.9966599190283401, 0.9966599190283401], 'macro_f1': [0.5270458409482164, 0.7498172896152978, 0.8596785465129555, 0.9232784597745202, 0.9610906596181726, 0.952482624196834, 0.9880178260190232, 0.9978889796611735, 0.9969128551393427, 0.9971382485861933, 0.9978889796611735, 0.9978889796611735, 0.997509503931754, 0.997509503931754, 0.997509503931754, 0.997509503931754, 0.997509503931754], 'accuracy': [0.7837181044957473, 0.9015795868772782, 0.93681652490887, 0.9635479951397327, 0.9842041312272175, 0.9842041312272175, 0.9902794653705954, 0.9951397326852977, 0.9939246658566221, 0.9927095990279465, 0.9951397326852977, 0.9951397326852977, 0.9939246658566221, 0.9939246658566221, 0.9939246658566221, 0.9939246658566221, 0.9939246658566221], 'micro_recall': [0.7837181044957473, 0.9015795868772782, 0.93681652490887, 0.9635479951397327, 0.9842041312272175, 0.9842041312272175, 0.9902794653705954, 0.9951397326852977, 0.9939246658566221, 0.9927095990279465, 0.9951397326852977, 0.9951397326852977, 0.9939246658566221, 0.9939246658566221, 0.9939246658566221, 0.9939246658566221, 0.9939246658566221], 'micro_precision': [0.7837181044957473, 0.9015795868772782, 0.93681652490887, 0.9635479951397327, 0.9842041312272175, 0.9842041312272175, 0.9902794653705954, 0.9951397326852977, 0.9939246658566221, 0.9927095990279465, 0.9951397326852977, 0.9951397326852977, 0.9939246658566221, 0.9939246658566221, 0.9939246658566221, 0.9939246658566221, 0.9939246658566221], 'micro_f1': [0.7837181044957473, 0.9015795868772782, 0.93681652490887, 0.9635479951397327, 0.9842041312272175, 0.9842041312272175, 0.9902794653705954, 0.9951397326852977, 0.9939246658566221, 0.9927095990279465, 0.9951397326852977, 0.9951397326852977, 0.9939246658566221, 0.9939246658566221, 0.9939246658566221, 0.9939246658566221, 0.9939246658566221], 'runtime': [31.2452, 31.1977, 31.4396, 31.1599, 33.571, 31.1322, 32.0609, 31.1013, 31.1356, 32.4984, 31.5081, 31.1469, 31.1794, 31.1031, 32.609, 31.145, 31.097], 'samples_per_second': [26.34, 26.38, 26.177, 26.412, 24.515, 26.436, 25.67, 26.462, 26.433, 25.324, 26.12, 26.423, 26.396, 26.46, 25.238, 26.425, 26.466], 'steps_per_second': [0.832, 0.833, 0.827, 0.834, 0.774, 0.835, 0.811, 0.836, 0.835, 0.8, 0.825, 0.835, 0.834, 0.836, 0.797, 0.835, 0.836]})
loss: 0.0592 (± 0.0199)
macro_recall: 0.9777 (± 0.0205)
macro_precision: 0.9780 (± 0.0203)
macro_f1: 0.9770 (± 0.0211)
accuracy: 0.9896 (± 0.0027)
micro_recall: 0.9896 (± 0.0027)
micro_precision: 0.9896 (± 0.0027)
micro_f1: 0.9896 (± 0.0027)
runtime: 31.1713 (± 0.0768)
samples_per_second: 26.4222 (± 0.0607)
steps_per_second: 0.8340 (± 0.0022)
